date,ticker,source_symbol,open,high,low,close,adj_close,volume,raw_open,raw_high,raw_low,raw_close,adjustment_factor,source_high,source_low,ohlc_repaired
2025-01-02 10:00:00,BBDC3,BBDC3.SA,10.449999809265137,10.520000457763672,10.260000228881836,10.5,10.5,5821500,10.449999809265137,10.520000457763672,10.260000228881836,10.5,1.0,10.520000457763672,10.260000228881836,0
2025-01-02 14:00:00,BBDC3,BBDC3.SA,10.489999771118164,10.510000228881836,10.369999885559082,10.430000305175781,10.430000305175781,3698600,10.489999771118164,10.510000228881836,10.369999885559082,10.430000305175781,1.0,10.510000228881836,10.369999885559082,0
2025-01-03 10:00:00,BBDC3,BBDC3.SA,10.470000267028809,10.520000457763672,10.329999923706055,10.34000015258789,10.34000015258789,3695700,10.470000267028809,10.520000457763672,10.329999923706055,10.34000015258789,1.0,10.520000457763672,10.329999923706055,0
2025-01-03 14:00:00,BBDC3,BBDC3.SA,10.34000015258789,10.359999656677246,10.270000457763672,10.289999961853027,10.289999961853027,4325900,10.34000015258789,10.359999656677246,10.270000457763672,10.289999961853027,1.0,10.359999656677246,10.270000457763672,0
2025-01-06 10:00:00,BBDC3,BBDC3.SA,10.40999984741211,10.569999694824219,10.350000381469727,10.529999732971191,10.529999732971191,4019600,10.40999984741211,10.569999694824219,10.350000381469727,10.529999732971191,1.0,10.569999694824219,10.350000381469727,0
2025-01-06 14:00:00,BBDC3,BBDC3.SA,10.520000457763672,10.579999923706055,10.470000267028809,10.470000267028809,10.470000267028809,2546500,10.520000457763672,10.579999923706055,10.470000267028809,10.470000267028809,1.0,10.579999923706055,10.470000267028809,0
2025-01-07 10:00:00,BBDC3,BBDC3.SA,10.579999923706055,10.6899995803833,10.520000457763672,10.640000343322754,10.640000343322754,4408900,10.579999923706055,10.6899995803833,10.520000457763672,10.640000343322754,1.0,10.6899995803833,10.520000457763672,0
2025-01-07 14:00:00,BBDC3,BBDC3.SA,10.649999618530273,10.670000076293945,10.59000015258789,10.609999656677246,10.609999656677246,2494800,10.649999618530273,10.670000076293945,10.59000015258789,10.609999656677246,1.0,10.670000076293945,10.59000015258789,0
2025-01-08 10:00:00,BBDC3,BBDC3.SA,10.600000381469727,10.609999656677246,10.350000381469727,10.460000038146973,10.460000038146973,3240900,10.600000381469727,10.609999656677246,10.350000381469727,10.460000038146973,1.0,10.609999656677246,10.350000381469727,0
2025-01-08 14:00:00,BBDC3,BBDC3.SA,10.460000038146973,10.479999542236328,10.390000343322754,10.399999618530273,10.399999618530273,2546100,10.460000038146973,10.479999542236328,10.390000343322754,10.399999618530273,1.0,10.479999542236328,10.390000343322754,0
2025-01-09 10:00:00,BBDC3,BBDC3.SA,10.399999618530273,10.449999809265137,10.359999656677246,10.40999984741211,10.40999984741211,2437400,10.399999618530273,10.449999809265137,10.359999656677246,10.40999984741211,1.0,10.449999809265137,10.359999656677246,0
2025-01-09 14:00:00,BBDC3,BBDC3.SA,10.40999984741211,10.460000038146973,10.399999618530273,10.430000305175781,10.430000305175781,2079100,10.40999984741211,10.460000038146973,10.399999618530273,10.430000305175781,1.0,10.460000038146973,10.399999618530273,0
2025-01-10 10:00:00,BBDC3,BBDC3.SA,10.420000076293945,10.420000076293945,10.210000038146973,10.350000381469727,10.350000381469727,5798300,10.420000076293945,10.420000076293945,10.210000038146973,10.350000381469727,1.0,10.420000076293945,10.210000038146973,0
2025-01-10 14:00:00,BBDC3,BBDC3.SA,10.350000381469727,10.390000343322754,10.300000190734863,10.300000190734863,10.300000190734863,2940800,10.350000381469727,10.390000343322754,10.300000190734863,10.300000190734863,1.0,10.390000343322754,10.300000190734863,0
2025-01-13 10:00:00,BBDC3,BBDC3.SA,10.319999694824219,10.40999984741211,10.229999542236328,10.359999656677246,10.359999656677246,4503300,10.319999694824219,10.40999984741211,10.229999542236328,10.359999656677246,1.0,10.40999984741211,10.229999542236328,0
2025-01-13 14:00:00,BBDC3,BBDC3.SA,10.350000381469727,10.369999885559082,10.289999961853027,10.3100004196167,10.3100004196167,4003400,10.350000381469727,10.369999885559082,10.289999961853027,10.3100004196167,1.0,10.369999885559082,10.289999961853027,0
2025-01-14 10:00:00,BBDC3,BBDC3.SA,10.329999923706055,10.430000305175781,10.199999809265137,10.420000076293945,10.420000076293945,4610800,10.329999923706055,10.430000305175781,10.199999809265137,10.420000076293945,1.0,10.430000305175781,10.199999809265137,0
2025-01-14 14:00:00,BBDC3,BBDC3.SA,10.420000076293945,10.5600004196167,10.399999618530273,10.520000457763672,10.520000457763672,3993700,10.420000076293945,10.5600004196167,10.399999618530273,10.520000457763672,1.0,10.5600004196167,10.399999618530273,0
2025-01-15 10:00:00,BBDC3,BBDC3.SA,10.640000343322754,10.789999961853027,10.619999885559082,10.770000457763672,10.770000457763672,2783100,10.640000343322754,10.789999961853027,10.619999885559082,10.770000457763672,1.0,10.789999961853027,10.619999885559082,0
2025-01-15 14:00:00,BBDC3,BBDC3.SA,10.770000457763672,10.899999618530273,10.75,10.899999618530273,10.899999618530273,3162700,10.770000457763672,10.899999618530273,10.75,10.899999618530273,1.0,10.899999618530273,10.75,0
2025-01-16 10:00:00,BBDC3,BBDC3.SA,10.920000076293945,10.930000305175781,10.760000228881836,10.829999923706055,10.829999923706055,1900000,10.920000076293945,10.930000305175781,10.760000228881836,10.829999923706055,1.0,10.930000305175781,10.760000228881836,0
2025-01-16 14:00:00,BBDC3,BBDC3.SA,10.8100004196167,10.819999694824219,10.720000267028809,10.789999961853027,10.789999961853027,1668600,10.8100004196167,10.819999694824219,10.720000267028809,10.789999961853027,1.0,10.819999694824219,10.720000267028809,0
2025-01-17 10:00:00,BBDC3,BBDC3.SA,10.850000381469727,10.880000114440918,10.6899995803833,10.75,10.75,3056700,10.850000381469727,10.880000114440918,10.6899995803833,10.75,1.0,10.880000114440918,10.6899995803833,0
2025-01-17 14:00:00,BBDC3,BBDC3.SA,10.75,10.760000228881836,10.65999984741211,10.65999984741211,10.65999984741211,1494000,10.75,10.760000228881836,10.65999984741211,10.65999984741211,1.0,10.760000228881836,10.65999984741211,0
2025-01-20 10:00:00,BBDC3,BBDC3.SA,10.640000343322754,10.760000228881836,10.569999694824219,10.699999809265137,10.699999809265137,1707200,10.640000343322754,10.760000228881836,10.569999694824219,10.699999809265137,1.0,10.760000228881836,10.569999694824219,0
2025-01-20 14:00:00,BBDC3,BBDC3.SA,10.6899995803833,10.729999542236328,10.649999618530273,10.649999618530273,10.649999618530273,1063400,10.6899995803833,10.729999542236328,10.649999618530273,10.649999618530273,1.0,10.729999542236328,10.649999618530273,0
2025-01-21 10:00:00,BBDC3,BBDC3.SA,10.760000228881836,10.8100004196167,10.710000038146973,10.739999771118164,10.739999771118164,2003300,10.760000228881836,10.8100004196167,10.710000038146973,10.739999771118164,1.0,10.8100004196167,10.710000038146973,0
2025-01-21 14:00:00,BBDC3,BBDC3.SA,10.75,10.779999732971191,10.710000038146973,10.760000228881836,10.760000228881836,1716400,10.75,10.779999732971191,10.710000038146973,10.760000228881836,1.0,10.779999732971191,10.710000038146973,0
2025-01-22 10:00:00,BBDC3,BBDC3.SA,10.800000190734863,10.819999694824219,10.569999694824219,10.630000114440918,10.630000114440918,3059300,10.800000190734863,10.819999694824219,10.569999694824219,10.630000114440918,1.0,10.819999694824219,10.569999694824219,0
2025-01-22 14:00:00,BBDC3,BBDC3.SA,10.609999656677246,10.619999885559082,10.5600004196167,10.59000015258789,10.59000015258789,2069900,10.609999656677246,10.619999885559082,10.5600004196167,10.59000015258789,1.0,10.619999885559082,10.5600004196167,0
2025-01-23 10:00:00,BBDC3,BBDC3.SA,10.680000305175781,10.720000267028809,10.5600004196167,10.579999923706055,10.579999923706055,3790300,10.680000305175781,10.720000267028809,10.5600004196167,10.579999923706055,1.0,10.720000267028809,10.5600004196167,0
2025-01-23 14:00:00,BBDC3,BBDC3.SA,10.59000015258789,10.609999656677246,10.470000267028809,10.470000267028809,10.470000267028809,3363100,10.59000015258789,10.609999656677246,10.470000267028809,10.470000267028809,1.0,10.609999656677246,10.470000267028809,0
2025-01-24 10:00:00,BBDC3,BBDC3.SA,10.479999542236328,10.510000228881836,10.34000015258789,10.359999656677246,10.359999656677246,3114700,10.479999542236328,10.510000228881836,10.34000015258789,10.359999656677246,1.0,10.510000228881836,10.34000015258789,0
2025-01-24 14:00:00,BBDC3,BBDC3.SA,10.359999656677246,10.399999618530273,10.350000381469727,10.369999885559082,10.369999885559082,2325800,10.359999656677246,10.399999618530273,10.350000381469727,10.369999885559082,1.0,10.399999618530273,10.350000381469727,0
2025-01-27 10:00:00,BBDC3,BBDC3.SA,10.40999984741211,10.630000114440918,10.369999885559082,10.619999885559082,10.619999885559082,5448800,10.40999984741211,10.630000114440918,10.369999885559082,10.619999885559082,1.0,10.630000114440918,10.369999885559082,0
2025-01-27 14:00:00,BBDC3,BBDC3.SA,10.630000114440918,10.65999984741211,10.600000381469727,10.630000114440918,10.630000114440918,4015200,10.630000114440918,10.65999984741211,10.600000381469727,10.630000114440918,1.0,10.65999984741211,10.600000381469727,0
2025-01-28 10:00:00,BBDC3,BBDC3.SA,10.649999618530273,10.6899995803833,10.539999961853027,10.670000076293945,10.670000076293945,3689100,10.649999618530273,10.6899995803833,10.539999961853027,10.670000076293945,1.0,10.6899995803833,10.539999961853027,0
2025-01-28 14:00:00,BBDC3,BBDC3.SA,10.680000305175781,10.75,10.649999618530273,10.670000076293945,10.670000076293945,3592800,10.680000305175781,10.75,10.649999618530273,10.670000076293945,1.0,10.75,10.649999618530273,0
2025-01-29 10:00:00,BBDC3,BBDC3.SA,10.710000038146973,10.75,10.619999885559082,10.630000114440918,10.630000114440918,2833800,10.710000038146973,10.75,10.619999885559082,10.630000114440918,1.0,10.75,10.619999885559082,0
2025-01-29 14:00:00,BBDC3,BBDC3.SA,10.630000114440918,10.670000076293945,10.569999694824219,10.579999923706055,10.579999923706055,2088200,10.630000114440918,10.670000076293945,10.569999694824219,10.579999923706055,1.0,10.670000076293945,10.569999694824219,0
2025-01-30 10:00:00,BBDC3,BBDC3.SA,10.579999923706055,11.020000457763672,10.5600004196167,11.010000228881836,11.010000228881836,4747700,10.579999923706055,11.020000457763672,10.5600004196167,11.010000228881836,1.0,11.020000457763672,10.5600004196167,0
2025-01-30 14:00:00,BBDC3,BBDC3.SA,11.010000228881836,11.119999885559082,10.979999542236328,11.100000381469727,11.100000381469727,4045100,11.010000228881836,11.119999885559082,10.979999542236328,11.100000381469727,1.0,11.119999885559082,10.979999542236328,0
2025-01-31 10:00:00,BBDC3,BBDC3.SA,11.069999694824219,11.239999771118164,11.029999732971191,11.15999984741211,11.15999984741211,4536300,11.069999694824219,11.239999771118164,11.029999732971191,11.15999984741211,1.0,11.239999771118164,11.029999732971191,0
2025-01-31 14:00:00,BBDC3,BBDC3.SA,11.149999618530273,11.149999618530273,11.029999732971191,11.079999923706055,11.079999923706055,3181900,11.149999618530273,11.149999618530273,11.029999732971191,11.079999923706055,1.0,11.149999618530273,11.029999732971191,0
2025-02-03 10:00:00,BBDC3,BBDC3.SA,11.0,11.069999694824219,10.890000343322754,10.989999771118164,10.989999771118164,2743700,11.0,11.069999694824219,10.890000343322754,10.989999771118164,1.0,11.069999694824219,10.890000343322754,0
2025-02-03 14:00:00,BBDC3,BBDC3.SA,10.989999771118164,11.050000190734863,10.960000038146973,11.010000228881836,11.010000228881836,1984600,10.989999771118164,11.050000190734863,10.960000038146973,11.010000228881836,1.0,11.050000190734863,10.960000038146973,0
2025-02-04 10:00:00,BBDC3,BBDC3.SA,11.010000228881836,11.0600004196167,10.859999656677246,11.0,11.0,3237400,11.010000228881836,11.0600004196167,10.859999656677246,11.0,1.0,11.0600004196167,10.859999656677246,0
2025-02-04 14:00:00,BBDC3,BBDC3.SA,11.0,11.020000457763672,10.960000038146973,10.979999542236328,10.979999542236328,1973800,11.0,11.020000457763672,10.960000038146973,10.979999542236328,1.0,11.020000457763672,10.960000038146973,0
2025-02-05 10:00:00,BBDC3,BBDC3.SA,11.039999961853027,11.15999984741211,10.850000381469727,11.0600004196167,11.0600004196167,2430800,11.039999961853027,11.15999984741211,10.850000381469727,11.0600004196167,1.0,11.15999984741211,10.850000381469727,0
2025-02-05 14:00:00,BBDC3,BBDC3.SA,11.069999694824219,11.170000076293945,11.039999961853027,11.140000343322754,11.140000343322754,3111100,11.069999694824219,11.170000076293945,11.039999961853027,11.140000343322754,1.0,11.170000076293945,11.039999961853027,0
2025-02-06 10:00:00,BBDC3,BBDC3.SA,11.109999656677246,11.260000228881836,10.960000038146973,11.170000076293945,11.170000076293945,3079300,11.109999656677246,11.260000228881836,10.960000038146973,11.170000076293945,1.0,11.260000228881836,10.960000038146973,0
2025-02-06 14:00:00,BBDC3,BBDC3.SA,11.170000076293945,11.319999694824219,11.149999618530273,11.220000267028809,11.220000267028809,2848700,11.170000076293945,11.319999694824219,11.149999618530273,11.220000267028809,1.0,11.319999694824219,11.149999618530273,0
2025-02-07 10:00:00,BBDC3,BBDC3.SA,11.15999984741211,11.279999732971191,10.800000190734863,11.0600004196167,11.0600004196167,7392900,11.15999984741211,11.279999732971191,10.800000190734863,11.0600004196167,1.0,11.279999732971191,10.800000190734863,0
2025-02-07 14:00:00,BBDC3,BBDC3.SA,11.050000190734863,11.109999656677246,10.779999732971191,10.890000343322754,10.890000343322754,3629600,11.050000190734863,11.109999656677246,10.779999732971191,10.890000343322754,1.0,11.109999656677246,10.779999732971191,0
2025-02-10 10:00:00,BBDC3,BBDC3.SA,10.979999542236328,11.239999771118164,10.920000076293945,11.0,11.0,2741200,10.979999542236328,11.239999771118164,10.920000076293945,11.0,1.0,11.239999771118164,10.920000076293945,0
2025-02-10 14:00:00,BBDC3,BBDC3.SA,11.0,11.0,10.920000076293945,10.970000267028809,10.970000267028809,1281300,11.0,11.0,10.920000076293945,10.970000267028809,1.0,11.0,10.920000076293945,0
2025-02-11 10:00:00,BBDC3,BBDC3.SA,11.0600004196167,11.15999984741211,10.979999542236328,11.109999656677246,11.109999656677246,3129000,11.0600004196167,11.15999984741211,10.979999542236328,11.109999656677246,1.0,11.15999984741211,10.979999542236328,0
2025-02-11 14:00:00,BBDC3,BBDC3.SA,11.109999656677246,11.130000114440918,11.050000190734863,11.079999923706055,11.079999923706055,3294300,11.109999656677246,11.130000114440918,11.050000190734863,11.079999923706055,1.0,11.130000114440918,11.050000190734863,0
2025-02-12 10:00:00,BBDC3,BBDC3.SA,11.100000381469727,11.109999656677246,10.4399995803833,10.600000381469727,10.600000381469727,10989000,11.100000381469727,11.109999656677246,10.4399995803833,10.600000381469727,1.0,11.109999656677246,10.4399995803833,0
2025-02-12 14:00:00,BBDC3,BBDC3.SA,10.600000381469727,10.739999771118164,10.5600004196167,10.670000076293945,10.670000076293945,8530200,10.600000381469727,10.739999771118164,10.5600004196167,10.670000076293945,1.0,10.739999771118164,10.5600004196167,0
2025-02-13 10:00:00,BBDC3,BBDC3.SA,10.640000343322754,10.899999618530273,10.619999885559082,10.859999656677246,10.859999656677246,4309600,10.640000343322754,10.899999618530273,10.619999885559082,10.859999656677246,1.0,10.899999618530273,10.619999885559082,0
2025-02-13 14:00:00,BBDC3,BBDC3.SA,10.869999885559082,10.899999618530273,10.789999961853027,10.800000190734863,10.800000190734863,3533000,10.869999885559082,10.899999618530273,10.789999961853027,10.800000190734863,1.0,10.899999618530273,10.789999961853027,0
2025-02-14 10:00:00,BBDC3,BBDC3.SA,10.90999984741211,11.039999961853027,10.899999618530273,11.010000228881836,11.010000228881836,2496300,10.90999984741211,11.039999961853027,10.899999618530273,11.010000228881836,1.0,11.039999961853027,10.899999618530273,0
2025-02-14 14:00:00,BBDC3,BBDC3.SA,11.020000457763672,11.140000343322754,10.989999771118164,11.079999923706055,11.079999923706055,3173400,11.020000457763672,11.140000343322754,10.989999771118164,11.079999923706055,1.0,11.140000343322754,10.989999771118164,0
2025-02-17 10:00:00,BBDC3,BBDC3.SA,11.119999885559082,11.25,11.109999656677246,11.229999542236328,11.229999542236328,2603500,11.119999885559082,11.25,11.109999656677246,11.229999542236328,1.0,11.25,11.109999656677246,0
2025-02-17 14:00:00,BBDC3,BBDC3.SA,11.220000267028809,11.239999771118164,11.149999618530273,11.180000305175781,11.180000305175781,2030900,11.220000267028809,11.239999771118164,11.149999618530273,11.180000305175781,1.0,11.239999771118164,11.149999618530273,0
2025-02-18 10:00:00,BBDC3,BBDC3.SA,11.210000038146973,11.229999542236328,11.010000228881836,11.149999618530273,11.149999618530273,2432200,11.210000038146973,11.229999542236328,11.010000228881836,11.149999618530273,1.0,11.229999542236328,11.010000228881836,0
2025-02-18 14:00:00,BBDC3,BBDC3.SA,11.149999618530273,11.15999984741211,11.069999694824219,11.069999694824219,11.069999694824219,1517200,11.149999618530273,11.15999984741211,11.069999694824219,11.069999694824219,1.0,11.15999984741211,11.069999694824219,0
2025-02-19 10:00:00,BBDC3,BBDC3.SA,11.020000457763672,11.039999961853027,10.920000076293945,10.970000267028809,10.970000267028809,1985100,11.020000457763672,11.039999961853027,10.920000076293945,10.970000267028809,1.0,11.039999961853027,10.920000076293945,0
2025-02-19 14:00:00,BBDC3,BBDC3.SA,10.960000038146973,10.979999542236328,10.869999885559082,10.869999885559082,10.869999885559082,1634600,10.960000038146973,10.979999542236328,10.869999885559082,10.869999885559082,1.0,10.979999542236328,10.869999885559082,0
2025-02-20 10:00:00,BBDC3,BBDC3.SA,10.899999618530273,10.989999771118164,10.859999656677246,10.949999809265137,10.949999809265137,1631600,10.899999618530273,10.989999771118164,10.859999656677246,10.949999809265137,1.0,10.989999771118164,10.859999656677246,0
2025-02-20 14:00:00,BBDC3,BBDC3.SA,10.970000267028809,10.979999542236328,10.90999984741211,10.9399995803833,10.9399995803833,1382600,10.970000267028809,10.979999542236328,10.90999984741211,10.9399995803833,1.0,10.979999542236328,10.90999984741211,0
2025-02-21 10:00:00,BBDC3,BBDC3.SA,10.930000305175781,10.970000267028809,10.760000228881836,10.84000015258789,10.84000015258789,2727500,10.930000305175781,10.970000267028809,10.760000228881836,10.84000015258789,1.0,10.970000267028809,10.760000228881836,0
2025-02-21 14:00:00,BBDC3,BBDC3.SA,10.850000381469727,10.890000343322754,10.760000228881836,10.819999694824219,10.819999694824219,2290800,10.850000381469727,10.890000343322754,10.760000228881836,10.819999694824219,1.0,10.890000343322754,10.760000228881836,0
2025-02-24 10:00:00,BBDC3,BBDC3.SA,10.90999984741211,10.90999984741211,10.770000457763672,10.789999961853027,10.789999961853027,1895600,10.90999984741211,10.90999984741211,10.770000457763672,10.789999961853027,1.0,10.90999984741211,10.770000457763672,0
2025-02-24 14:00:00,BBDC3,BBDC3.SA,10.789999961853027,10.800000190734863,10.630000114440918,10.630000114440918,10.630000114440918,4799100,10.789999961853027,10.800000190734863,10.630000114440918,10.630000114440918,1.0,10.800000190734863,10.630000114440918,0
2025-02-25 10:00:00,BBDC3,BBDC3.SA,10.729999542236328,10.819999694824219,10.649999618530273,10.800000190734863,10.800000190734863,1436300,10.729999542236328,10.819999694824219,10.649999618530273,10.800000190734863,1.0,10.819999694824219,10.649999618530273,0
2025-02-25 14:00:00,BBDC3,BBDC3.SA,10.800000190734863,10.880000114440918,10.779999732971191,10.850000381469727,10.850000381469727,1948500,10.800000190734863,10.880000114440918,10.779999732971191,10.850000381469727,1.0,10.880000114440918,10.779999732971191,0
2025-02-26 10:00:00,BBDC3,BBDC3.SA,10.899999618530273,10.949999809265137,10.670000076293945,10.739999771118164,10.739999771118164,1467900,10.899999618530273,10.949999809265137,10.670000076293945,10.739999771118164,1.0,10.949999809265137,10.670000076293945,0
2025-02-26 14:00:00,BBDC3,BBDC3.SA,10.760000228881836,10.760000228881836,10.569999694824219,10.609999656677246,10.609999656677246,4555300,10.760000228881836,10.760000228881836,10.569999694824219,10.609999656677246,1.0,10.760000228881836,10.569999694824219,0
2025-02-27 10:00:00,BBDC3,BBDC3.SA,10.680000305175781,10.710000038146973,10.569999694824219,10.649999618530273,10.649999618530273,3457500,10.680000305175781,10.710000038146973,10.569999694824219,10.649999618530273,1.0,10.710000038146973,10.569999694824219,0
2025-02-27 14:00:00,BBDC3,BBDC3.SA,10.65999984741211,10.699999809265137,10.619999885559082,10.630000114440918,10.630000114440918,3410300,10.65999984741211,10.699999809265137,10.619999885559082,10.630000114440918,1.0,10.699999809265137,10.619999885559082,0
2025-02-28 10:00:00,BBDC3,BBDC3.SA,10.5600004196167,10.579999923706055,10.380000114440918,10.380000114440918,10.380000114440918,4080400,10.5600004196167,10.579999923706055,10.380000114440918,10.380000114440918,1.0,10.579999923706055,10.380000114440918,0
2025-02-28 14:00:00,BBDC3,BBDC3.SA,10.380000114440918,10.420000076293945,10.279999732971191,10.289999961853027,10.289999961853027,6205600,10.380000114440918,10.420000076293945,10.279999732971191,10.289999961853027,1.0,10.420000076293945,10.279999732971191,0
2025-03-06 10:00:00,BBDC3,BBDC3.SA,10.529999732971191,10.65999984741211,10.380000114440918,10.550000190734863,10.550000190734863,1696900,10.529999732971191,10.65999984741211,10.380000114440918,10.550000190734863,1.0,10.65999984741211,10.380000114440918,0
2025-03-06 14:00:00,BBDC3,BBDC3.SA,10.5600004196167,10.649999618530273,10.539999961853027,10.579999923706055,10.579999923706055,1336600,10.5600004196167,10.649999618530273,10.539999961853027,10.579999923706055,1.0,10.649999618530273,10.539999961853027,0
2025-03-07 10:00:00,BBDC3,BBDC3.SA,10.550000190734863,10.770000457763672,10.5,10.739999771118164,10.739999771118164,1775100,10.550000190734863,10.770000457763672,10.5,10.739999771118164,1.0,10.770000457763672,10.5,0
2025-03-07 14:00:00,BBDC3,BBDC3.SA,10.739999771118164,10.84000015258789,10.720000267028809,10.829999923706055,10.829999923706055,1955900,10.739999771118164,10.84000015258789,10.720000267028809,10.829999923706055,1.0,10.84000015258789,10.720000267028809,0
2025-03-10 10:00:00,BBDC3,BBDC3.SA,10.640000343322754,10.649999618530273,10.5,10.5600004196167,10.5600004196167,2505000,10.640000343322754,10.649999618530273,10.5,10.5600004196167,1.0,10.649999618530273,10.5,0
2025-03-10 14:00:00,BBDC3,BBDC3.SA,10.569999694824219,10.59000015258789,10.510000228881836,10.569999694824219,10.569999694824219,2604800,10.569999694824219,10.59000015258789,10.510000228881836,10.569999694824219,1.0,10.59000015258789,10.510000228881836,0
2025-03-11 10:00:00,BBDC3,BBDC3.SA,10.670000076293945,10.670000076293945,10.399999618530273,10.470000267028809,10.470000267028809,2682000,10.670000076293945,10.670000076293945,10.399999618530273,10.470000267028809,1.0,10.670000076293945,10.399999618530273,0
2025-03-11 14:00:00,BBDC3,BBDC3.SA,10.470000267028809,10.5600004196167,10.420000076293945,10.529999732971191,10.529999732971191,1821100,10.470000267028809,10.5600004196167,10.420000076293945,10.529999732971191,1.0,10.5600004196167,10.420000076293945,0
2025-03-12 10:00:00,BBDC3,BBDC3.SA,10.550000190734863,10.59000015258789,10.479999542236328,10.510000228881836,10.510000228881836,1706100,10.550000190734863,10.59000015258789,10.479999542236328,10.510000228881836,1.0,10.59000015258789,10.479999542236328,0
2025-03-12 14:00:00,BBDC3,BBDC3.SA,10.5,10.550000190734863,10.430000305175781,10.529999732971191,10.529999732971191,2434800,10.5,10.550000190734863,10.430000305175781,10.529999732971191,1.0,10.550000190734863,10.430000305175781,0
2025-03-13 10:00:00,BBDC3,BBDC3.SA,10.600000381469727,10.6899995803833,10.470000267028809,10.670000076293945,10.670000076293945,3355900,10.600000381469727,10.6899995803833,10.470000267028809,10.670000076293945,1.0,10.6899995803833,10.470000267028809,0
2025-03-13 14:00:00,BBDC3,BBDC3.SA,10.670000076293945,10.720000267028809,10.640000343322754,10.680000305175781,10.680000305175781,3429700,10.670000076293945,10.720000267028809,10.640000343322754,10.680000305175781,1.0,10.720000267028809,10.640000343322754,0
2025-03-14 10:00:00,BBDC3,BBDC3.SA,10.720000267028809,11.029999732971191,10.710000038146973,10.989999771118164,10.989999771118164,3877900,10.720000267028809,11.029999732971191,10.710000038146973,10.989999771118164,1.0,11.029999732971191,10.710000038146973,0
2025-03-14 14:00:00,BBDC3,BBDC3.SA,10.979999542236328,11.109999656677246,10.970000267028809,11.039999961853027,11.039999961853027,3432800,10.979999542236328,11.109999656677246,10.970000267028809,11.039999961853027,1.0,11.109999656677246,10.970000267028809,0
2025-03-17 10:00:00,BBDC3,BBDC3.SA,11.09000015258789,11.270000457763672,11.069999694824219,11.229999542236328,11.229999542236328,2870400,11.09000015258789,11.270000457763672,11.069999694824219,11.229999542236328,1.0,11.270000457763672,11.069999694824219,0
2025-03-17 14:00:00,BBDC3,BBDC3.SA,11.220000267028809,11.3100004196167,11.210000038146973,11.260000228881836,11.260000228881836,2819500,11.220000267028809,11.3100004196167,11.210000038146973,11.260000228881836,1.0,11.3100004196167,11.210000038146973,0
2025-03-18 10:00:00,BBDC3,BBDC3.SA,11.3100004196167,11.319999694824219,11.140000343322754,11.239999771118164,11.239999771118164,2272900,11.3100004196167,11.319999694824219,11.140000343322754,11.239999771118164,1.0,11.319999694824219,11.140000343322754,0
2025-03-18 14:00:00,BBDC3,BBDC3.SA,11.25,11.319999694824219,11.220000267028809,11.239999771118164,11.239999771118164,2660400,11.25,11.319999694824219,11.220000267028809,11.239999771118164,1.0,11.319999694824219,11.220000267028809,0
2025-03-19 10:00:00,BBDC3,BBDC3.SA,11.25,11.34000015258789,11.170000076293945,11.3100004196167,11.3100004196167,2691200,11.25,11.34000015258789,11.170000076293945,11.3100004196167,1.0,11.34000015258789,11.170000076293945,0
2025-03-19 14:00:00,BBDC3,BBDC3.SA,11.3100004196167,11.369999885559082,11.270000457763672,11.3100004196167,11.3100004196167,3384300,11.3100004196167,11.369999885559082,11.270000457763672,11.3100004196167,1.0,11.369999885559082,11.270000457763672,0
2025-03-20 10:00:00,BBDC3,BBDC3.SA,11.350000381469727,11.350000381469727,11.149999618530273,11.239999771118164,11.239999771118164,2802000,11.350000381469727,11.350000381469727,11.149999618530273,11.239999771118164,1.0,11.350000381469727,11.149999618530273,0
2025-03-20 14:00:00,BBDC3,BBDC3.SA,11.239999771118164,11.260000228881836,11.09000015258789,11.210000038146973,11.210000038146973,4846100,11.239999771118164,11.260000228881836,11.09000015258789,11.210000038146973,1.0,11.260000228881836,11.09000015258789,0
2025-03-21 10:00:00,BBDC3,BBDC3.SA,11.239999771118164,11.350000381469727,11.210000038146973,11.329999923706055,11.329999923706055,2363100,11.239999771118164,11.350000381469727,11.210000038146973,11.329999923706055,1.0,11.350000381469727,11.210000038146973,0
2025-03-21 14:00:00,BBDC3,BBDC3.SA,11.319999694824219,11.390000343322754,11.300000190734863,11.350000381469727,11.350000381469727,2805100,11.319999694824219,11.390000343322754,11.300000190734863,11.350000381469727,1.0,11.390000343322754,11.300000190734863,0
2025-03-24 10:00:00,BBDC3,BBDC3.SA,11.350000381469727,11.5,11.260000228881836,11.470000267028809,11.470000267028809,2465800,11.350000381469727,11.5,11.260000228881836,11.470000267028809,1.0,11.5,11.260000228881836,0
2025-03-24 14:00:00,BBDC3,BBDC3.SA,11.470000267028809,11.510000228881836,11.369999885559082,11.489999771118164,11.489999771118164,2950000,11.470000267028809,11.510000228881836,11.369999885559082,11.489999771118164,1.0,11.510000228881836,11.369999885559082,0
2025-03-25 10:00:00,BBDC3,BBDC3.SA,11.520000457763672,11.930000305175781,11.470000267028809,11.65999984741211,11.65999984741211,3943900,11.520000457763672,11.930000305175781,11.470000267028809,11.65999984741211,1.0,11.930000305175781,11.470000267028809,0
2025-03-25 14:00:00,BBDC3,BBDC3.SA,11.649999618530273,11.680000305175781,11.59000015258789,11.630000114440918,11.630000114440918,3360700,11.649999618530273,11.680000305175781,11.59000015258789,11.630000114440918,1.0,11.680000305175781,11.59000015258789,0
2025-03-26 10:00:00,BBDC3,BBDC3.SA,11.670000076293945,11.8100004196167,11.569999694824219,11.75,11.75,4156500,11.670000076293945,11.8100004196167,11.569999694824219,11.75,1.0,11.8100004196167,11.569999694824219,0
2025-03-26 14:00:00,BBDC3,BBDC3.SA,11.760000228881836,11.800000190734863,11.6899995803833,11.789999961853027,11.789999961853027,2629400,11.760000228881836,11.800000190734863,11.6899995803833,11.789999961853027,1.0,11.800000190734863,11.6899995803833,0
2025-03-27 10:00:00,BBDC3,BBDC3.SA,11.829999923706055,11.84000015258789,11.720000267028809,11.739999771118164,11.739999771118164,1836900,11.829999923706055,11.84000015258789,11.720000267028809,11.739999771118164,1.0,11.84000015258789,11.720000267028809,0
2025-03-27 14:00:00,BBDC3,BBDC3.SA,11.75,11.779999732971191,11.680000305175781,11.739999771118164,11.739999771118164,2410000,11.75,11.779999732971191,11.680000305175781,11.739999771118164,1.0,11.779999732971191,11.680000305175781,0
2025-03-28 10:00:00,BBDC3,BBDC3.SA,11.680000305175781,11.720000267028809,11.569999694824219,11.569999694824219,11.569999694824219,2164000,11.680000305175781,11.720000267028809,11.569999694824219,11.569999694824219,1.0,11.720000267028809,11.569999694824219,0
2025-03-28 14:00:00,BBDC3,BBDC3.SA,11.569999694824219,11.699999809265137,11.550000190734863,11.640000343322754,11.640000343322754,1790400,11.569999694824219,11.699999809265137,11.550000190734863,11.640000343322754,1.0,11.699999809265137,11.550000190734863,0
2025-03-31 10:00:00,BBDC3,BBDC3.SA,11.569999694824219,11.579999923706055,11.380000114440918,11.470000267028809,11.470000267028809,1248000,11.569999694824219,11.579999923706055,11.380000114440918,11.470000267028809,1.0,11.579999923706055,11.380000114440918,0
2025-03-31 14:00:00,BBDC3,BBDC3.SA,11.460000038146973,11.5,11.390000343322754,11.399999618530273,11.399999618530273,2776400,11.460000038146973,11.5,11.390000343322754,11.399999618530273,1.0,11.5,11.390000343322754,0
2025-04-01 10:00:00,BBDC3,BBDC3.SA,11.170000076293945,11.3100004196167,11.109999656677246,11.229999542236328,11.229999542236328,2670600,11.170000076293945,11.3100004196167,11.109999656677246,11.229999542236328,1.0,11.3100004196167,11.109999656677246,0
2025-04-01 14:00:00,BBDC3,BBDC3.SA,11.210000038146973,11.260000228881836,11.149999618530273,11.199999809265137,11.199999809265137,3151900,11.210000038146973,11.260000228881836,11.149999618530273,11.199999809265137,1.0,11.260000228881836,11.149999618530273,0
2025-04-02 10:00:00,BBDC3,BBDC3.SA,11.220000267028809,11.279999732971191,11.079999923706055,11.180000305175781,11.180000305175781,1499300,11.220000267028809,11.279999732971191,11.079999923706055,11.180000305175781,1.0,11.279999732971191,11.079999923706055,0
2025-04-02 14:00:00,BBDC3,BBDC3.SA,11.170000076293945,11.180000305175781,11.109999656677246,11.15999984741211,11.15999984741211,3443000,11.170000076293945,11.180000305175781,11.109999656677246,11.15999984741211,1.0,11.180000305175781,11.109999656677246,0
2025-04-03 10:00:00,BBDC3,BBDC3.SA,11.100000381469727,11.539999961853027,11.100000381469727,11.40999984741211,11.40999984741211,3708900,11.100000381469727,11.539999961853027,11.100000381469727,11.40999984741211,1.0,11.539999961853027,11.100000381469727,0
2025-04-03 14:00:00,BBDC3,BBDC3.SA,11.399999618530273,11.470000267028809,11.350000381469727,11.380000114440918,11.380000114440918,4073400,11.399999618530273,11.470000267028809,11.350000381469727,11.380000114440918,1.0,11.470000267028809,11.350000381469727,0
2025-04-04 10:00:00,BBDC3,BBDC3.SA,11.199999809265137,11.229999542236328,11.0600004196167,11.170000076293945,11.170000076293945,2573500,11.199999809265137,11.229999542236328,11.0600004196167,11.170000076293945,1.0,11.229999542236328,11.0600004196167,0
2025-04-04 14:00:00,BBDC3,BBDC3.SA,11.170000076293945,11.229999542236328,11.09000015258789,11.210000038146973,11.210000038146973,2801200,11.170000076293945,11.229999542236328,11.09000015258789,11.210000038146973,1.0,11.229999542236328,11.09000015258789,0
2025-04-07 10:00:00,BBDC3,BBDC3.SA,10.960000038146973,11.270000457763672,10.800000190734863,10.9399995803833,10.9399995803833,5277100,10.960000038146973,11.270000457763672,10.800000190734863,10.9399995803833,1.0,11.270000457763672,10.800000190734863,0
2025-04-07 14:00:00,BBDC3,BBDC3.SA,10.930000305175781,11.029999732971191,10.890000343322754,11.0,11.0,3044700,10.930000305175781,11.029999732971191,10.890000343322754,11.0,1.0,11.029999732971191,10.890000343322754,0
2025-04-08 10:00:00,BBDC3,BBDC3.SA,11.079999923706055,11.170000076293945,10.720000267028809,10.760000228881836,10.760000228881836,3355500,11.079999923706055,11.170000076293945,10.720000267028809,10.760000228881836,1.0,11.170000076293945,10.720000267028809,0
2025-04-08 14:00:00,BBDC3,BBDC3.SA,10.760000228881836,10.850000381469727,10.65999984741211,10.720000267028809,10.720000267028809,3834900,10.760000228881836,10.850000381469727,10.65999984741211,10.720000267028809,1.0,10.850000381469727,10.65999984741211,0
2025-04-09 10:00:00,BBDC3,BBDC3.SA,10.710000038146973,10.949999809265137,10.59000015258789,10.850000381469727,10.850000381469727,2897200,10.710000038146973,10.949999809265137,10.59000015258789,10.850000381469727,1.0,10.949999809265137,10.59000015258789,0
2025-04-09 14:00:00,BBDC3,BBDC3.SA,10.850000381469727,11.270000457763672,10.760000228881836,11.109999656677246,11.109999656677246,9405300,10.850000381469727,11.270000457763672,10.760000228881836,11.109999656677246,1.0,11.270000457763672,10.760000228881836,0
2025-04-10 10:00:00,BBDC3,BBDC3.SA,11.010000228881836,11.100000381469727,10.84000015258789,10.979999542236328,10.979999542236328,2792600,11.010000228881836,11.100000381469727,10.84000015258789,10.979999542236328,1.0,11.100000381469727,10.84000015258789,0
2025-04-10 14:00:00,BBDC3,BBDC3.SA,10.979999542236328,11.09000015258789,10.890000343322754,11.039999961853027,11.039999961853027,3392300,10.979999542236328,11.09000015258789,10.890000343322754,11.039999961853027,1.0,11.09000015258789,10.890000343322754,0
2025-04-11 10:00:00,BBDC3,BBDC3.SA,11.140000343322754,11.300000190734863,11.069999694824219,11.279999732971191,11.279999732971191,2056900,11.140000343322754,11.300000190734863,11.069999694824219,11.279999732971191,1.0,11.300000190734863,11.069999694824219,0
2025-04-11 14:00:00,BBDC3,BBDC3.SA,11.289999961853027,11.34000015258789,11.1899995803833,11.220000267028809,11.220000267028809,2369100,11.289999961853027,11.34000015258789,11.1899995803833,11.220000267028809,1.0,11.34000015258789,11.1899995803833,0
2025-04-14 10:00:00,BBDC3,BBDC3.SA,11.300000190734863,11.390000343322754,11.239999771118164,11.279999732971191,11.279999732971191,1938700,11.300000190734863,11.390000343322754,11.239999771118164,11.279999732971191,1.0,11.390000343322754,11.239999771118164,0
2025-04-14 14:00:00,BBDC3,BBDC3.SA,11.270000457763672,11.449999809265137,11.270000457763672,11.390000343322754,11.390000343322754,4872000,11.270000457763672,11.449999809265137,11.270000457763672,11.390000343322754,1.0,11.449999809265137,11.270000457763672,0
2025-04-15 10:00:00,BBDC3,BBDC3.SA,11.34000015258789,11.5,11.329999923706055,11.460000038146973,11.460000038146973,2986100,11.34000015258789,11.5,11.329999923706055,11.460000038146973,1.0,11.5,11.329999923706055,0
2025-04-15 14:00:00,BBDC3,BBDC3.SA,11.449999809265137,11.5,11.359999656677246,11.4399995803833,11.4399995803833,3157600,11.449999809265137,11.5,11.359999656677246,11.4399995803833,1.0,11.5,11.359999656677246,0
2025-04-16 10:00:00,BBDC3,BBDC3.SA,11.300000190734863,11.510000228881836,11.289999961853027,11.4399995803833,11.4399995803833,4257400,11.300000190734863,11.510000228881836,11.289999961853027,11.4399995803833,1.0,11.510000228881836,11.289999961853027,0
2025-04-16 14:00:00,BBDC3,BBDC3.SA,11.4399995803833,11.529999732971191,11.380000114440918,11.40999984741211,11.40999984741211,4558300,11.4399995803833,11.529999732971191,11.380000114440918,11.40999984741211,1.0,11.529999732971191,11.380000114440918,0
2025-04-17 10:00:00,BBDC3,BBDC3.SA,11.40999984741211,11.550000190734863,11.319999694824219,11.520000457763672,11.520000457763672,2629000,11.40999984741211,11.550000190734863,11.319999694824219,11.520000457763672,1.0,11.550000190734863,11.319999694824219,0
2025-04-17 14:00:00,BBDC3,BBDC3.SA,11.529999732971191,11.569999694824219,11.4399995803833,11.449999809265137,11.449999809265137,3100700,11.529999732971191,11.569999694824219,11.4399995803833,11.449999809265137,1.0,11.569999694824219,11.4399995803833,0
2025-04-22 10:00:00,BBDC3,BBDC3.SA,11.369999885559082,11.430000305175781,11.289999961853027,11.319999694824219,11.319999694824219,2313400,11.369999885559082,11.430000305175781,11.289999961853027,11.319999694824219,1.0,11.430000305175781,11.289999961853027,0
2025-04-22 14:00:00,BBDC3,BBDC3.SA,11.319999694824219,11.420000076293945,11.289999961853027,11.34000015258789,11.34000015258789,2616300,11.319999694824219,11.420000076293945,11.289999961853027,11.34000015258789,1.0,11.420000076293945,11.289999961853027,0
2025-04-23 10:00:00,BBDC3,BBDC3.SA,11.529999732971191,11.770000457763672,11.449999809265137,11.720000267028809,11.720000267028809,2159000,11.529999732971191,11.770000457763672,11.449999809265137,11.720000267028809,1.0,11.770000457763672,11.449999809265137,0
2025-04-23 14:00:00,BBDC3,BBDC3.SA,11.729999542236328,11.770000457763672,11.699999809265137,11.720000267028809,11.720000267028809,1656900,11.729999542236328,11.770000457763672,11.699999809265137,11.720000267028809,1.0,11.770000457763672,11.699999809265137,0
2025-04-24 10:00:00,BBDC3,BBDC3.SA,11.699999809265137,11.979999542236328,11.699999809265137,11.960000038146973,11.960000038146973,3235300,11.699999809265137,11.979999542236328,11.699999809265137,11.960000038146973,1.0,11.979999542236328,11.699999809265137,0
2025-04-24 14:00:00,BBDC3,BBDC3.SA,11.960000038146973,12.010000228881836,11.930000305175781,11.960000038146973,11.960000038146973,2795600,11.960000038146973,12.010000228881836,11.930000305175781,11.960000038146973,1.0,12.010000228881836,11.930000305175781,0
2025-04-25 10:00:00,BBDC3,BBDC3.SA,11.90999984741211,12.0600004196167,11.90999984741211,11.970000267028809,11.970000267028809,1637000,11.90999984741211,12.0600004196167,11.90999984741211,11.970000267028809,1.0,12.0600004196167,11.90999984741211,0
2025-04-25 14:00:00,BBDC3,BBDC3.SA,11.970000267028809,12.010000228881836,11.90999984741211,11.970000267028809,11.970000267028809,3138600,11.970000267028809,12.010000228881836,11.90999984741211,11.970000267028809,1.0,12.010000228881836,11.90999984741211,0
2025-04-28 10:00:00,BBDC3,BBDC3.SA,11.970000267028809,12.079999923706055,11.949999809265137,12.010000228881836,12.010000228881836,1571000,11.970000267028809,12.079999923706055,11.949999809265137,12.010000228881836,1.0,12.079999923706055,11.949999809265137,0
2025-04-28 14:00:00,BBDC3,BBDC3.SA,12.0,12.020000457763672,11.960000038146973,11.970000267028809,11.970000267028809,1237700,12.0,12.020000457763672,11.960000038146973,11.970000267028809,1.0,12.020000457763672,11.960000038146973,0
2025-04-29 10:00:00,BBDC3,BBDC3.SA,11.920000076293945,12.199999809265137,11.920000076293945,12.170000076293945,12.170000076293945,1847800,11.920000076293945,12.199999809265137,11.920000076293945,12.170000076293945,1.0,12.199999809265137,11.920000076293945,0
2025-04-29 14:00:00,BBDC3,BBDC3.SA,12.170000076293945,12.199999809265137,12.130000114440918,12.149999618530273,12.149999618530273,1964400,12.170000076293945,12.199999809265137,12.130000114440918,12.149999618530273,1.0,12.199999809265137,12.130000114440918,0
2025-04-30 10:00:00,BBDC3,BBDC3.SA,11.989999771118164,12.210000038146973,11.970000267028809,12.199999809265137,12.199999809265137,2271900,11.989999771118164,12.210000038146973,11.970000267028809,12.199999809265137,1.0,12.210000038146973,11.970000267028809,0
2025-04-30 14:00:00,BBDC3,BBDC3.SA,12.180000305175781,12.289999961853027,12.15999984741211,12.270000457763672,12.270000457763672,3468200,12.180000305175781,12.289999961853027,12.15999984741211,12.270000457763672,1.0,12.289999961853027,12.15999984741211,0
2025-05-02 10:00:00,BBDC3,BBDC3.SA,12.149999618530273,12.260000228881836,12.029999732971191,12.079999923706055,12.079999923706055,1528500,12.149999618530273,12.260000228881836,12.029999732971191,12.079999923706055,1.0,12.260000228881836,12.029999732971191,0
2025-05-02 14:00:00,BBDC3,BBDC3.SA,12.079999923706055,12.109999656677246,12.039999961853027,12.09000015258789,12.09000015258789,1140400,12.079999923706055,12.109999656677246,12.039999961853027,12.09000015258789,1.0,12.109999656677246,12.039999961853027,0
2025-05-05 10:00:00,BBDC3,BBDC3.SA,12.119999885559082,12.130000114440918,11.960000038146973,11.989999771118164,11.989999771118164,999500,12.119999885559082,12.130000114440918,11.960000038146973,11.989999771118164,1.0,12.130000114440918,11.960000038146973,0
2025-05-05 14:00:00,BBDC3,BBDC3.SA,11.989999771118164,12.029999732971191,11.890000343322754,11.920000076293945,11.920000076293945,2087700,11.989999771118164,12.029999732971191,11.890000343322754,11.920000076293945,1.0,12.029999732971191,11.890000343322754,0
2025-05-06 10:00:00,BBDC3,BBDC3.SA,11.960000038146973,11.989999771118164,11.8100004196167,11.850000381469727,11.850000381469727,974000,11.960000038146973,11.989999771118164,11.8100004196167,11.850000381469727,1.0,11.989999771118164,11.8100004196167,0
2025-05-06 14:00:00,BBDC3,BBDC3.SA,11.84000015258789,11.890000343322754,11.770000457763672,11.829999923706055,11.829999923706055,1939000,11.84000015258789,11.890000343322754,11.770000457763672,11.829999923706055,1.0,11.890000343322754,11.770000457763672,0
2025-05-07 10:00:00,BBDC3,BBDC3.SA,11.9399995803833,11.979999542236328,11.729999542236328,11.789999961853027,11.789999961853027,1044400,11.9399995803833,11.979999542236328,11.729999542236328,11.789999961853027,1.0,11.979999542236328,11.729999542236328,0
2025-05-07 14:00:00,BBDC3,BBDC3.SA,11.779999732971191,11.789999961853027,11.65999984741211,11.699999809265137,11.699999809265137,3011500,11.779999732971191,11.789999961853027,11.65999984741211,11.699999809265137,1.0,11.789999961853027,11.65999984741211,0
2025-05-08 10:00:00,BBDC3,BBDC3.SA,12.9399995803833,13.630000114440918,12.9399995803833,13.470000267028809,13.470000267028809,14204100,12.9399995803833,13.630000114440918,12.9399995803833,13.470000267028809,1.0,13.630000114440918,12.9399995803833,0
2025-05-08 14:00:00,BBDC3,BBDC3.SA,13.470000267028809,13.579999923706055,13.300000190734863,13.399999618530273,13.399999618530273,10285700,13.470000267028809,13.579999923706055,13.300000190734863,13.399999618530273,1.0,13.579999923706055,13.300000190734863,0
2025-05-09 10:00:00,BBDC3,BBDC3.SA,13.34000015258789,13.4399995803833,13.069999694824219,13.260000228881836,13.260000228881836,6960500,13.34000015258789,13.4399995803833,13.069999694824219,13.260000228881836,1.0,13.4399995803833,13.069999694824219,0
2025-05-09 14:00:00,BBDC3,BBDC3.SA,13.239999771118164,13.319999694824219,13.210000038146973,13.3100004196167,13.3100004196167,3728800,13.239999771118164,13.319999694824219,13.210000038146973,13.3100004196167,1.0,13.319999694824219,13.210000038146973,0
2025-05-12 10:00:00,BBDC3,BBDC3.SA,13.34000015258789,13.359999656677246,13.0,13.069999694824219,13.069999694824219,1382000,13.34000015258789,13.359999656677246,13.0,13.069999694824219,1.0,13.359999656677246,13.0,0
2025-05-12 14:00:00,BBDC3,BBDC3.SA,13.09000015258789,13.100000381469727,13.029999732971191,13.079999923706055,13.079999923706055,1923600,13.09000015258789,13.100000381469727,13.029999732971191,13.079999923706055,1.0,13.100000381469727,13.029999732971191,0
2025-05-13 10:00:00,BBDC3,BBDC3.SA,13.1899995803833,13.4399995803833,13.180000305175781,13.359999656677246,13.359999656677246,2113900,13.1899995803833,13.4399995803833,13.180000305175781,13.359999656677246,1.0,13.4399995803833,13.180000305175781,0
2025-05-13 14:00:00,BBDC3,BBDC3.SA,13.350000381469727,13.4399995803833,13.279999732971191,13.390000343322754,13.390000343322754,2526300,13.350000381469727,13.4399995803833,13.279999732971191,13.390000343322754,1.0,13.4399995803833,13.279999732971191,0
2025-05-14 10:00:00,BBDC3,BBDC3.SA,13.329999923706055,13.5600004196167,13.329999923706055,13.40999984741211,13.40999984741211,2946500,13.329999923706055,13.5600004196167,13.329999923706055,13.40999984741211,1.0,13.5600004196167,13.329999923706055,0
2025-05-14 14:00:00,BBDC3,BBDC3.SA,13.40999984741211,13.4399995803833,13.319999694824219,13.369999885559082,13.369999885559082,4399600,13.40999984741211,13.4399995803833,13.319999694824219,13.369999885559082,1.0,13.4399995803833,13.319999694824219,0
2025-05-15 10:00:00,BBDC3,BBDC3.SA,13.399999618530273,13.569999694824219,13.380000114440918,13.40999984741211,13.40999984741211,2822700,13.399999618530273,13.569999694824219,13.380000114440918,13.40999984741211,1.0,13.569999694824219,13.380000114440918,0
2025-05-15 14:00:00,BBDC3,BBDC3.SA,13.420000076293945,13.4399995803833,13.3100004196167,13.399999618530273,13.399999618530273,2402700,13.420000076293945,13.4399995803833,13.3100004196167,13.399999618530273,1.0,13.4399995803833,13.3100004196167,0
2025-05-16 10:00:00,BBDC3,BBDC3.SA,13.270000457763672,13.470000267028809,13.229999542236328,13.449999809265137,13.449999809265137,1905600,13.270000457763672,13.470000267028809,13.229999542236328,13.449999809265137,1.0,13.470000267028809,13.229999542236328,0
2025-05-16 14:00:00,BBDC3,BBDC3.SA,13.449999809265137,13.539999961853027,13.4399995803833,13.470000267028809,13.470000267028809,2716100,13.449999809265137,13.539999961853027,13.4399995803833,13.470000267028809,1.0,13.539999961853027,13.4399995803833,0
2025-05-19 10:00:00,BBDC3,BBDC3.SA,13.479999542236328,13.6899995803833,13.449999809265137,13.579999923706055,13.579999923706055,1524900,13.479999542236328,13.6899995803833,13.449999809265137,13.579999923706055,1.0,13.6899995803833,13.449999809265137,0
2025-05-19 14:00:00,BBDC3,BBDC3.SA,13.59000015258789,13.600000381469727,13.489999771118164,13.520000457763672,13.520000457763672,3786900,13.59000015258789,13.600000381469727,13.489999771118164,13.520000457763672,1.0,13.600000381469727,13.489999771118164,0
2025-05-20 10:00:00,BBDC3,BBDC3.SA,13.479999542236328,13.600000381469727,13.430000305175781,13.59000015258789,13.59000015258789,1972800,13.479999542236328,13.600000381469727,13.430000305175781,13.59000015258789,1.0,13.600000381469727,13.430000305175781,0
2025-05-20 14:00:00,BBDC3,BBDC3.SA,13.59000015258789,13.720000267028809,13.539999961853027,13.6899995803833,13.6899995803833,3727600,13.59000015258789,13.720000267028809,13.539999961853027,13.6899995803833,1.0,13.720000267028809,13.539999961853027,0
2025-05-21 10:00:00,BBDC3,BBDC3.SA,13.649999618530273,13.670000076293945,13.40999984741211,13.479999542236328,13.479999542236328,1979400,13.649999618530273,13.670000076293945,13.40999984741211,13.479999542236328,1.0,13.670000076293945,13.40999984741211,0
2025-05-21 14:00:00,BBDC3,BBDC3.SA,13.470000267028809,13.479999542236328,13.300000190734863,13.399999618530273,13.399999618530273,2319600,13.470000267028809,13.479999542236328,13.300000190734863,13.399999618530273,1.0,13.479999542236328,13.300000190734863,0
2025-05-22 10:00:00,BBDC3,BBDC3.SA,13.399999618530273,13.539999961853027,13.34000015258789,13.510000228881836,13.510000228881836,2230300,13.399999618530273,13.539999961853027,13.34000015258789,13.510000228881836,1.0,13.539999961853027,13.34000015258789,0
2025-05-22 14:00:00,BBDC3,BBDC3.SA,13.5,13.59000015258789,13.369999885559082,13.399999618530273,13.399999618530273,3296500,13.5,13.59000015258789,13.369999885559082,13.399999618530273,1.0,13.59000015258789,13.369999885559082,0
2025-05-23 10:00:00,BBDC3,BBDC3.SA,13.170000076293945,13.550000190734863,13.0,13.479999542236328,13.479999542236328,2896900,13.170000076293945,13.550000190734863,13.0,13.479999542236328,1.0,13.550000190734863,13.0,0
2025-05-23 14:00:00,BBDC3,BBDC3.SA,13.489999771118164,13.539999961853027,13.4399995803833,13.529999732971191,13.529999732971191,2206600,13.489999771118164,13.539999961853027,13.4399995803833,13.529999732971191,1.0,13.539999961853027,13.4399995803833,0
2025-05-26 10:00:00,BBDC3,BBDC3.SA,13.5,13.720000267028809,13.460000038146973,13.510000228881836,13.510000228881836,3250200,13.5,13.720000267028809,13.460000038146973,13.510000228881836,1.0,13.720000267028809,13.460000038146973,0
2025-05-26 14:00:00,BBDC3,BBDC3.SA,13.520000457763672,13.6899995803833,13.5,13.600000381469727,13.600000381469727,1538900,13.520000457763672,13.6899995803833,13.5,13.600000381469727,1.0,13.6899995803833,13.5,0
2025-05-27 10:00:00,BBDC3,BBDC3.SA,13.75,13.970000267028809,13.710000038146973,13.739999771118164,13.739999771118164,3670000,13.75,13.970000267028809,13.710000038146973,13.739999771118164,1.0,13.970000267028809,13.710000038146973,0
2025-05-27 14:00:00,BBDC3,BBDC3.SA,13.75,13.8100004196167,13.729999542236328,13.789999961853027,13.789999961853027,3257300,13.75,13.8100004196167,13.729999542236328,13.789999961853027,1.0,13.8100004196167,13.729999542236328,0
2025-05-28 10:00:00,BBDC3,BBDC3.SA,13.789999961853027,13.979999542236328,13.710000038146973,13.920000076293945,13.920000076293945,6265800,13.789999961853027,13.979999542236328,13.710000038146973,13.920000076293945,1.0,13.979999542236328,13.710000038146973,0
2025-05-28 14:00:00,BBDC3,BBDC3.SA,13.930000305175781,14.039999961853027,13.90999984741211,14.020000457763672,14.020000457763672,9521400,13.930000305175781,14.039999961853027,13.90999984741211,14.020000457763672,1.0,14.039999961853027,13.90999984741211,0
2025-05-29 10:00:00,BBDC3,BBDC3.SA,14.0,14.170000076293945,13.90999984741211,13.949999809265137,13.949999809265137,3678800,14.0,14.170000076293945,13.90999984741211,13.949999809265137,1.0,14.170000076293945,13.90999984741211,0
2025-05-29 14:00:00,BBDC3,BBDC3.SA,13.949999809265137,14.050000190734863,13.890000343322754,13.899999618530273,13.899999618530273,6714300,13.949999809265137,14.050000190734863,13.890000343322754,13.899999618530273,1.0,14.050000190734863,13.890000343322754,0
2025-05-30 10:00:00,BBDC3,BBDC3.SA,13.960000038146973,13.960000038146973,13.670000076293945,13.84000015258789,13.84000015258789,2493500,13.960000038146973,13.960000038146973,13.670000076293945,13.84000015258789,1.0,13.960000038146973,13.670000076293945,0
2025-05-30 14:00:00,BBDC3,BBDC3.SA,13.84000015258789,13.989999771118164,13.829999923706055,13.9399995803833,13.9399995803833,3515300,13.84000015258789,13.989999771118164,13.829999923706055,13.9399995803833,1.0,13.989999771118164,13.829999923706055,0
2025-06-02 10:00:00,BBDC3,BBDC3.SA,14.069999694824219,14.229999542236328,13.960000038146973,13.970000267028809,13.970000267028809,4092400,14.069999694824219,14.229999542236328,13.960000038146973,13.970000267028809,1.0,14.229999542236328,13.960000038146973,0
2025-06-02 14:00:00,BBDC3,BBDC3.SA,13.970000267028809,14.109999656677246,13.9399995803833,14.079999923706055,14.079999923706055,7691100,13.970000267028809,14.109999656677246,13.9399995803833,14.079999923706055,1.0,14.109999656677246,13.9399995803833,0
2025-06-03 10:00:00,BBDC3,BBDC3.SA,14.109999656677246,14.25,14.010000228881836,14.100000381469727,14.100000381469727,3144900,14.109999656677246,14.25,14.010000228881836,14.100000381469727,1.0,14.25,14.010000228881836,0
2025-06-03 14:00:00,BBDC3,BBDC3.SA,14.100000381469727,14.1899995803833,14.09000015258789,14.1899995803833,14.1899995803833,6805400,14.100000381469727,14.1899995803833,14.09000015258789,14.1899995803833,1.0,14.1899995803833,14.09000015258789,0
2025-06-04 10:00:00,BBDC3,BBDC3.SA,14.199999809265137,14.479999542236328,14.180000305175781,14.220000267028809,14.220000267028809,6129800,14.199999809265137,14.479999542236328,14.180000305175781,14.220000267028809,1.0,14.479999542236328,14.180000305175781,0
2025-06-04 14:00:00,BBDC3,BBDC3.SA,14.210000038146973,14.350000381469727,14.140000343322754,14.180000305175781,14.180000305175781,15449600,14.210000038146973,14.350000381469727,14.140000343322754,14.180000305175781,1.0,14.350000381469727,14.140000343322754,0
2025-06-05 10:00:00,BBDC3,BBDC3.SA,14.229999542236328,14.3100004196167,13.960000038146973,13.989999771118164,13.989999771118164,2940100,14.229999542236328,14.3100004196167,13.960000038146973,13.989999771118164,1.0,14.3100004196167,13.960000038146973,0
2025-06-05 14:00:00,BBDC3,BBDC3.SA,13.989999771118164,13.989999771118164,13.760000228881836,13.800000190734863,13.800000190734863,2854000,13.989999771118164,13.989999771118164,13.760000228881836,13.800000190734863,1.0,13.989999771118164,13.760000228881836,0
2025-06-06 10:00:00,BBDC3,BBDC3.SA,13.789999961853027,13.850000381469727,13.670000076293945,13.680000305175781,13.680000305175781,1565900,13.789999961853027,13.850000381469727,13.670000076293945,13.680000305175781,1.0,13.850000381469727,13.670000076293945,0
2025-06-06 14:00:00,BBDC3,BBDC3.SA,13.680000305175781,13.760000228881836,13.65999984741211,13.75,13.75,1893000,13.680000305175781,13.760000228881836,13.65999984741211,13.75,1.0,13.760000228881836,13.65999984741211,0
2025-06-09 10:00:00,BBDC3,BBDC3.SA,13.739999771118164,13.779999732971191,13.380000114440918,13.619999885559082,13.619999885559082,3710300,13.739999771118164,13.779999732971191,13.380000114440918,13.619999885559082,1.0,13.779999732971191,13.380000114440918,0
2025-06-09 14:00:00,BBDC3,BBDC3.SA,13.630000114440918,13.6899995803833,13.609999656677246,13.630000114440918,13.630000114440918,2123200,13.630000114440918,13.6899995803833,13.609999656677246,13.630000114440918,1.0,13.6899995803833,13.609999656677246,0
2025-06-10 10:00:00,BBDC3,BBDC3.SA,13.789999961853027,13.829999923706055,13.640000343322754,13.680000305175781,13.680000305175781,3860300,13.789999961853027,13.829999923706055,13.640000343322754,13.680000305175781,1.0,13.829999923706055,13.640000343322754,0
2025-06-10 14:00:00,BBDC3,BBDC3.SA,13.680000305175781,13.6899995803833,13.579999923706055,13.670000076293945,13.670000076293945,10751900,13.680000305175781,13.6899995803833,13.579999923706055,13.670000076293945,1.0,13.6899995803833,13.579999923706055,0
2025-06-11 10:00:00,BBDC3,BBDC3.SA,13.680000305175781,13.970000267028809,13.539999961853027,13.970000267028809,13.970000267028809,1729600,13.680000305175781,13.970000267028809,13.539999961853027,13.970000267028809,1.0,13.970000267028809,13.539999961853027,0
2025-06-11 14:00:00,BBDC3,BBDC3.SA,13.979999542236328,14.170000076293945,13.960000038146973,14.149999618530273,14.149999618530273,8875900,13.979999542236328,14.170000076293945,13.960000038146973,14.149999618530273,1.0,14.170000076293945,13.960000038146973,0
2025-06-12 10:00:00,BBDC3,BBDC3.SA,14.029999732971191,14.300000190734863,13.949999809265137,14.130000114440918,14.130000114440918,13467800,14.029999732971191,14.300000190734863,13.949999809265137,14.130000114440918,1.0,14.300000190734863,13.949999809265137,0
2025-06-12 14:00:00,BBDC3,BBDC3.SA,14.130000114440918,14.270000457763672,14.100000381469727,14.270000457763672,14.270000457763672,3969400,14.130000114440918,14.270000457763672,14.100000381469727,14.270000457763672,1.0,14.270000457763672,14.100000381469727,0
2025-06-13 10:00:00,BBDC3,BBDC3.SA,14.029999732971191,14.25,13.960000038146973,14.229999542236328,14.229999542236328,7386600,14.029999732971191,14.25,13.960000038146973,14.229999542236328,1.0,14.25,13.960000038146973,0
2025-06-13 14:00:00,BBDC3,BBDC3.SA,14.229999542236328,14.25,14.100000381469727,14.140000343322754,14.140000343322754,4030200,14.229999542236328,14.25,14.100000381469727,14.140000343322754,1.0,14.25,14.100000381469727,0
2025-06-16 10:00:00,BBDC3,BBDC3.SA,14.25,14.460000038146973,14.239999771118164,14.40999984741211,14.40999984741211,2243100,14.25,14.460000038146973,14.239999771118164,14.40999984741211,1.0,14.460000038146973,14.239999771118164,0
2025-06-16 14:00:00,BBDC3,BBDC3.SA,14.40999984741211,14.470000267028809,14.390000343322754,14.430000305175781,14.430000305175781,1707700,14.40999984741211,14.470000267028809,14.390000343322754,14.430000305175781,1.0,14.470000267028809,14.390000343322754,0
2025-06-17 10:00:00,BBDC3,BBDC3.SA,14.40999984741211,14.5,14.369999885559082,14.430000305175781,14.430000305175781,4821600,14.40999984741211,14.5,14.369999885559082,14.430000305175781,1.0,14.5,14.369999885559082,0
2025-06-17 14:00:00,BBDC3,BBDC3.SA,14.430000305175781,14.539999961853027,14.430000305175781,14.479999542236328,14.479999542236328,3104100,14.430000305175781,14.539999961853027,14.430000305175781,14.479999542236328,1.0,14.539999961853027,14.430000305175781,0
2025-06-18 10:00:00,BBDC3,BBDC3.SA,14.399999618530273,14.529999732971191,14.34000015258789,14.5,14.5,4912000,14.399999618530273,14.529999732971191,14.34000015258789,14.5,1.0,14.529999732971191,14.34000015258789,0
2025-06-18 14:00:00,BBDC3,BBDC3.SA,14.520000457763672,14.550000190734863,14.390000343322754,14.4399995803833,14.4399995803833,4809700,14.520000457763672,14.550000190734863,14.390000343322754,14.4399995803833,1.0,14.550000190734863,14.390000343322754,0
2025-06-20 10:00:00,BBDC3,BBDC3.SA,14.350000381469727,14.380000114440918,14.1899995803833,14.239999771118164,14.239999771118164,1698600,14.350000381469727,14.380000114440918,14.1899995803833,14.239999771118164,1.0,14.380000114440918,14.1899995803833,0
2025-06-20 14:00:00,BBDC3,BBDC3.SA,14.239999771118164,14.270000457763672,14.199999809265137,14.25,14.25,2937500,14.239999771118164,14.270000457763672,14.199999809265137,14.25,1.0,14.270000457763672,14.199999809265137,0
2025-06-23 10:00:00,BBDC3,BBDC3.SA,14.25,14.25,13.979999542236328,14.0,14.0,2875300,14.25,14.25,13.979999542236328,14.0,1.0,14.25,13.979999542236328,0
2025-06-23 14:00:00,BBDC3,BBDC3.SA,14.010000228881836,14.149999618530273,13.989999771118164,14.119999885559082,14.119999885559082,4041800,14.010000228881836,14.149999618530273,13.989999771118164,14.119999885559082,1.0,14.149999618530273,13.989999771118164,0
2025-06-24 10:00:00,BBDC3,BBDC3.SA,14.260000228881836,14.420000076293945,14.149999618530273,14.3100004196167,14.3100004196167,3037200,14.260000228881836,14.420000076293945,14.149999618530273,14.3100004196167,1.0,14.420000076293945,14.149999618530273,0
2025-06-24 14:00:00,BBDC3,BBDC3.SA,14.319999694824219,14.329999923706055,14.180000305175781,14.199999809265137,14.199999809265137,4211000,14.319999694824219,14.329999923706055,14.180000305175781,14.199999809265137,1.0,14.329999923706055,14.180000305175781,0
2025-06-25 10:00:00,BBDC3,BBDC3.SA,14.210000038146973,14.329999923706055,14.100000381469727,14.229999542236328,14.229999542236328,5291800,14.210000038146973,14.329999923706055,14.100000381469727,14.229999542236328,1.0,14.329999923706055,14.100000381469727,0
2025-06-25 14:00:00,BBDC3,BBDC3.SA,14.239999771118164,14.25,14.140000343322754,14.180000305175781,14.180000305175781,3087000,14.239999771118164,14.25,14.140000343322754,14.180000305175781,1.0,14.25,14.140000343322754,0
2025-06-26 10:00:00,BBDC3,BBDC3.SA,14.15999984741211,14.270000457763672,14.0600004196167,14.15999984741211,14.15999984741211,3102900,14.15999984741211,14.270000457763672,14.0600004196167,14.15999984741211,1.0,14.270000457763672,14.0600004196167,0
2025-06-26 14:00:00,BBDC3,BBDC3.SA,14.15999984741211,14.319999694824219,14.149999618530273,14.289999961853027,14.289999961853027,3321500,14.15999984741211,14.319999694824219,14.149999618530273,14.289999961853027,1.0,14.319999694824219,14.149999618530273,0
2025-06-27 10:00:00,BBDC3,BBDC3.SA,14.149999618530273,14.3100004196167,14.109999656677246,14.25,14.25,2755600,14.149999618530273,14.3100004196167,14.109999656677246,14.25,1.0,14.3100004196167,14.109999656677246,0
2025-06-27 14:00:00,BBDC3,BBDC3.SA,14.239999771118164,14.300000190734863,14.210000038146973,14.270000457763672,14.270000457763672,2458300,14.239999771118164,14.300000190734863,14.210000038146973,14.270000457763672,1.0,14.300000190734863,14.210000038146973,0
2025-06-30 10:00:00,BBDC3,BBDC3.SA,14.210000038146973,14.449999809265137,14.180000305175781,14.390000343322754,14.390000343322754,1308600,14.210000038146973,14.449999809265137,14.180000305175781,14.390000343322754,1.0,14.449999809265137,14.180000305175781,0
2025-06-30 14:00:00,BBDC3,BBDC3.SA,14.380000114440918,14.489999771118164,14.369999885559082,14.470000267028809,14.470000267028809,3119500,14.380000114440918,14.489999771118164,14.369999885559082,14.470000267028809,1.0,14.489999771118164,14.369999885559082,0
2025-07-01 10:00:00,BBDC3,BBDC3.SA,14.300000190734863,14.430000305175781,14.229999542236328,14.350000381469727,14.350000381469727,1930800,14.300000190734863,14.430000305175781,14.229999542236328,14.350000381469727,1.0,14.430000305175781,14.229999542236328,0
2025-07-01 14:00:00,BBDC3,BBDC3.SA,14.359999656677246,14.399999618530273,14.319999694824219,14.369999885559082,14.369999885559082,2943200,14.359999656677246,14.399999618530273,14.319999694824219,14.369999885559082,1.0,14.399999618530273,14.319999694824219,0
2025-07-02 10:00:00,BBDC3,BBDC3.SA,14.300000190734863,14.34000015258789,14.0,14.119999885559082,14.119999885559082,4777600,14.300000190734863,14.34000015258789,14.0,14.119999885559082,1.0,14.34000015258789,14.0,0
2025-07-02 14:00:00,BBDC3,BBDC3.SA,14.119999885559082,14.149999618530273,14.010000228881836,14.069999694824219,14.069999694824219,2334100,14.119999885559082,14.149999618530273,14.010000228881836,14.069999694824219,1.0,14.149999618530273,14.010000228881836,0
2025-07-03 10:00:00,BBDC3,BBDC3.SA,14.170000076293945,14.390000343322754,14.069999694824219,14.380000114440918,14.380000114440918,5326500,14.170000076293945,14.390000343322754,14.069999694824219,14.380000114440918,1.0,14.390000343322754,14.069999694824219,0
2025-07-03 14:00:00,BBDC3,BBDC3.SA,14.369999885559082,14.479999542236328,14.369999885559082,14.40999984741211,14.40999984741211,2655700,14.369999885559082,14.479999542236328,14.369999885559082,14.40999984741211,1.0,14.479999542236328,14.369999885559082,0
2025-07-04 10:00:00,BBDC3,BBDC3.SA,14.34000015258789,14.420000076293945,14.300000190734863,14.350000381469727,14.350000381469727,1016000,14.34000015258789,14.420000076293945,14.300000190734863,14.350000381469727,1.0,14.420000076293945,14.300000190734863,0
2025-07-04 14:00:00,BBDC3,BBDC3.SA,14.359999656677246,14.430000305175781,14.350000381469727,14.390000343322754,14.390000343322754,1074700,14.359999656677246,14.430000305175781,14.350000381469727,14.390000343322754,1.0,14.430000305175781,14.350000381469727,0
2025-07-07 10:00:00,BBDC3,BBDC3.SA,14.40999984741211,14.420000076293945,14.199999809265137,14.199999809265137,14.199999809265137,2937700,14.40999984741211,14.420000076293945,14.199999809265137,14.199999809265137,1.0,14.420000076293945,14.199999809265137,0
2025-07-07 14:00:00,BBDC3,BBDC3.SA,14.199999809265137,14.25,14.149999618530273,14.239999771118164,14.239999771118164,1998300,14.199999809265137,14.25,14.149999618530273,14.239999771118164,1.0,14.25,14.149999618530273,0
2025-07-08 10:00:00,BBDC3,BBDC3.SA,14.239999771118164,14.239999771118164,14.09000015258789,14.109999656677246,14.109999656677246,3557000,14.239999771118164,14.239999771118164,14.09000015258789,14.109999656677246,1.0,14.239999771118164,14.09000015258789,0
2025-07-08 14:00:00,BBDC3,BBDC3.SA,14.109999656677246,14.1899995803833,14.100000381469727,14.149999618530273,14.149999618530273,2184200,14.109999656677246,14.1899995803833,14.100000381469727,14.149999618530273,1.0,14.1899995803833,14.100000381469727,0
2025-07-09 10:00:00,BBDC3,BBDC3.SA,14.180000305175781,14.220000267028809,14.039999961853027,14.149999618530273,14.149999618530273,4154300,14.180000305175781,14.220000267028809,14.039999961853027,14.149999618530273,1.0,14.220000267028809,14.039999961853027,0
2025-07-09 14:00:00,BBDC3,BBDC3.SA,14.149999618530273,14.15999984741211,14.029999732971191,14.039999961853027,14.039999961853027,2683600,14.149999618530273,14.15999984741211,14.029999732971191,14.039999961853027,1.0,14.15999984741211,14.029999732971191,0
2025-07-10 10:00:00,BBDC3,BBDC3.SA,13.880000114440918,13.920000076293945,13.770000457763672,13.859999656677246,13.859999656677246,3222000,13.880000114440918,13.920000076293945,13.770000457763672,13.859999656677246,1.0,13.920000076293945,13.770000457763672,0
2025-07-10 14:00:00,BBDC3,BBDC3.SA,13.859999656677246,13.869999885559082,13.75,13.850000381469727,13.850000381469727,3739800,13.859999656677246,13.869999885559082,13.75,13.850000381469727,1.0,13.869999885559082,13.75,0
2025-07-11 10:00:00,BBDC3,BBDC3.SA,13.8100004196167,13.880000114440918,13.6899995803833,13.710000038146973,13.710000038146973,3063300,13.8100004196167,13.880000114440918,13.6899995803833,13.710000038146973,1.0,13.880000114440918,13.6899995803833,0
2025-07-11 14:00:00,BBDC3,BBDC3.SA,13.699999809265137,13.819999694824219,13.6899995803833,13.8100004196167,13.8100004196167,3045500,13.699999809265137,13.819999694824219,13.6899995803833,13.8100004196167,1.0,13.819999694824219,13.6899995803833,0
2025-07-14 10:00:00,BBDC3,BBDC3.SA,13.789999961853027,13.859999656677246,13.710000038146973,13.859999656677246,13.859999656677246,2298800,13.789999961853027,13.859999656677246,13.710000038146973,13.859999656677246,1.0,13.859999656677246,13.710000038146973,0
2025-07-14 14:00:00,BBDC3,BBDC3.SA,13.84000015258789,13.869999885559082,13.8100004196167,13.850000381469727,13.850000381469727,2346600,13.84000015258789,13.869999885559082,13.8100004196167,13.850000381469727,1.0,13.869999885559082,13.8100004196167,0
2025-07-15 10:00:00,BBDC3,BBDC3.SA,13.819999694824219,14.029999732971191,13.670000076293945,13.770000457763672,13.770000457763672,3037200,13.819999694824219,14.029999732971191,13.670000076293945,13.770000457763672,1.0,14.029999732971191,13.670000076293945,0
2025-07-15 14:00:00,BBDC3,BBDC3.SA,13.760000228881836,13.899999618530273,13.760000228881836,13.850000381469727,13.850000381469727,2260200,13.760000228881836,13.899999618530273,13.760000228881836,13.850000381469727,1.0,13.899999618530273,13.760000228881836,0
2025-07-16 10:00:00,BBDC3,BBDC3.SA,13.899999618530273,13.899999618530273,13.670000076293945,13.6899995803833,13.6899995803833,1220600,13.899999618530273,13.899999618530273,13.670000076293945,13.6899995803833,1.0,13.899999618530273,13.670000076293945,0
2025-07-16 14:00:00,BBDC3,BBDC3.SA,13.699999809265137,13.8100004196167,13.680000305175781,13.739999771118164,13.739999771118164,1332500,13.699999809265137,13.8100004196167,13.680000305175781,13.739999771118164,1.0,13.8100004196167,13.680000305175781,0
2025-07-17 10:00:00,BBDC3,BBDC3.SA,13.720000267028809,13.800000190734863,13.630000114440918,13.710000038146973,13.710000038146973,2046100,13.720000267028809,13.800000190734863,13.630000114440918,13.710000038146973,1.0,13.800000190734863,13.630000114440918,0
2025-07-17 14:00:00,BBDC3,BBDC3.SA,13.710000038146973,13.760000228881836,13.6899995803833,13.729999542236328,13.729999542236328,1809100,13.710000038146973,13.760000228881836,13.6899995803833,13.729999542236328,1.0,13.760000228881836,13.6899995803833,0
2025-07-18 10:00:00,BBDC3,BBDC3.SA,13.609999656677246,13.6899995803833,13.520000457763672,13.539999961853027,13.539999961853027,1393500,13.609999656677246,13.6899995803833,13.520000457763672,13.539999961853027,1.0,13.6899995803833,13.520000457763672,0
2025-07-18 14:00:00,BBDC3,BBDC3.SA,13.539999961853027,13.550000190734863,13.449999809265137,13.470000267028809,13.470000267028809,1897300,13.539999961853027,13.550000190734863,13.449999809265137,13.470000267028809,1.0,13.550000190734863,13.449999809265137,0
2025-07-21 10:00:00,BBDC3,BBDC3.SA,13.489999771118164,13.600000381469727,13.40999984741211,13.5,13.5,1939000,13.489999771118164,13.600000381469727,13.40999984741211,13.5,1.0,13.600000381469727,13.40999984741211,0
2025-07-21 14:00:00,BBDC3,BBDC3.SA,13.5,13.510000228881836,13.380000114440918,13.420000076293945,13.420000076293945,2153200,13.5,13.510000228881836,13.380000114440918,13.420000076293945,1.0,13.510000228881836,13.380000114440918,0
2025-07-22 10:00:00,BBDC3,BBDC3.SA,13.460000038146973,13.600000381469727,13.399999618530273,13.449999809265137,13.449999809265137,2461400,13.460000038146973,13.600000381469727,13.399999618530273,13.449999809265137,1.0,13.600000381469727,13.399999618530273,0
2025-07-22 14:00:00,BBDC3,BBDC3.SA,13.4399995803833,13.470000267028809,13.359999656677246,13.369999885559082,13.369999885559082,1340300,13.4399995803833,13.470000267028809,13.359999656677246,13.369999885559082,1.0,13.470000267028809,13.359999656677246,0
2025-07-23 10:00:00,BBDC3,BBDC3.SA,13.449999809265137,13.649999618530273,13.390000343322754,13.649999618530273,13.649999618530273,2157500,13.449999809265137,13.649999618530273,13.390000343322754,13.649999618530273,1.0,13.649999618530273,13.390000343322754,0
2025-07-23 14:00:00,BBDC3,BBDC3.SA,13.649999618530273,13.710000038146973,13.619999885559082,13.65999984741211,13.65999984741211,2090800,13.649999618530273,13.710000038146973,13.619999885559082,13.65999984741211,1.0,13.710000038146973,13.619999885559082,0
2025-07-24 10:00:00,BBDC3,BBDC3.SA,13.529999732971191,13.529999732971191,13.390000343322754,13.430000305175781,13.430000305175781,2914800,13.529999732971191,13.529999732971191,13.390000343322754,13.430000305175781,1.0,13.529999732971191,13.390000343322754,0
2025-07-24 14:00:00,BBDC3,BBDC3.SA,13.449999809265137,13.489999771118164,13.430000305175781,13.479999542236328,13.479999542236328,2723500,13.449999809265137,13.489999771118164,13.430000305175781,13.479999542236328,1.0,13.489999771118164,13.430000305175781,0
2025-07-25 10:00:00,BBDC3,BBDC3.SA,13.520000457763672,13.5600004196167,13.420000076293945,13.479999542236328,13.479999542236328,1396600,13.520000457763672,13.5600004196167,13.420000076293945,13.479999542236328,1.0,13.5600004196167,13.420000076293945,0
2025-07-25 14:00:00,BBDC3,BBDC3.SA,13.479999542236328,13.489999771118164,13.369999885559082,13.390000343322754,13.390000343322754,1307600,13.479999542236328,13.489999771118164,13.369999885559082,13.390000343322754,1.0,13.489999771118164,13.369999885559082,0
2025-07-28 10:00:00,BBDC3,BBDC3.SA,13.380000114440918,13.470000267028809,13.239999771118164,13.279999732971191,13.279999732971191,1820300,13.380000114440918,13.470000267028809,13.239999771118164,13.279999732971191,1.0,13.470000267028809,13.239999771118164,0
2025-07-28 14:00:00,BBDC3,BBDC3.SA,13.270000457763672,13.279999732971191,13.15999984741211,13.25,13.25,2125400,13.270000457763672,13.279999732971191,13.15999984741211,13.25,1.0,13.279999732971191,13.15999984741211,0
2025-07-29 10:00:00,BBDC3,BBDC3.SA,13.329999923706055,13.380000114440918,13.239999771118164,13.359999656677246,13.359999656677246,1557100,13.329999923706055,13.380000114440918,13.239999771118164,13.359999656677246,1.0,13.380000114440918,13.239999771118164,0
2025-07-29 14:00:00,BBDC3,BBDC3.SA,13.359999656677246,13.380000114440918,13.220000267028809,13.229999542236328,13.229999542236328,3224400,13.359999656677246,13.380000114440918,13.220000267028809,13.229999542236328,1.0,13.380000114440918,13.220000267028809,0
2025-07-30 10:00:00,BBDC3,BBDC3.SA,13.210000038146973,13.59000015258789,13.140000343322754,13.34000015258789,13.34000015258789,2698300,13.210000038146973,13.59000015258789,13.140000343322754,13.34000015258789,1.0,13.59000015258789,13.140000343322754,0
2025-07-30 14:00:00,BBDC3,BBDC3.SA,13.329999923706055,13.579999923706055,13.260000228881836,13.430000305175781,13.430000305175781,4922600,13.329999923706055,13.579999923706055,13.260000228881836,13.430000305175781,1.0,13.579999923706055,13.260000228881836,0
2025-07-31 10:00:00,BBDC3,BBDC3.SA,13.600000381469727,13.65999984741211,13.350000381469727,13.470000267028809,13.470000267028809,2702700,13.600000381469727,13.65999984741211,13.350000381469727,13.470000267028809,1.0,13.65999984741211,13.350000381469727,0
2025-07-31 14:00:00,BBDC3,BBDC3.SA,13.460000038146973,13.489999771118164,13.34000015258789,13.420000076293945,13.420000076293945,6535200,13.460000038146973,13.489999771118164,13.34000015258789,13.420000076293945,1.0,13.489999771118164,13.34000015258789,0
2025-08-01 10:00:00,BBDC3,BBDC3.SA,13.529999732971191,13.65999984741211,13.390000343322754,13.390000343322754,13.390000343322754,1662500,13.529999732971191,13.65999984741211,13.390000343322754,13.390000343322754,1.0,13.65999984741211,13.390000343322754,0
2025-08-01 14:00:00,BBDC3,BBDC3.SA,13.390000343322754,13.470000267028809,13.359999656677246,13.4399995803833,13.4399995803833,2189700,13.390000343322754,13.470000267028809,13.359999656677246,13.4399995803833,1.0,13.470000267028809,13.359999656677246,0
2025-08-04 10:00:00,BBDC3,BBDC3.SA,13.5,13.670000076293945,13.449999809265137,13.460000038146973,13.460000038146973,2629900,13.5,13.670000076293945,13.449999809265137,13.460000038146973,1.0,13.670000076293945,13.449999809265137,0
2025-08-04 14:00:00,BBDC3,BBDC3.SA,13.4399995803833,13.479999542236328,13.40999984741211,13.460000038146973,13.460000038146973,2138900,13.4399995803833,13.479999542236328,13.40999984741211,13.460000038146973,1.0,13.479999542236328,13.40999984741211,0
2025-08-05 10:00:00,BBDC3,BBDC3.SA,13.470000267028809,13.630000114440918,13.40999984741211,13.600000381469727,13.600000381469727,2072000,13.470000267028809,13.630000114440918,13.40999984741211,13.600000381469727,1.0,13.630000114440918,13.40999984741211,0
2025-08-05 14:00:00,BBDC3,BBDC3.SA,13.600000381469727,13.65999984741211,13.510000228881836,13.539999961853027,13.539999961853027,1391800,13.600000381469727,13.65999984741211,13.510000228881836,13.539999961853027,1.0,13.65999984741211,13.510000228881836,0
2025-08-06 10:00:00,BBDC3,BBDC3.SA,13.5600004196167,13.699999809265137,13.520000457763672,13.520000457763672,13.520000457763672,1546600,13.5600004196167,13.699999809265137,13.520000457763672,13.520000457763672,1.0,13.699999809265137,13.520000457763672,0
2025-08-06 14:00:00,BBDC3,BBDC3.SA,13.520000457763672,13.579999923706055,13.5,13.520000457763672,13.520000457763672,1070300,13.520000457763672,13.579999923706055,13.5,13.520000457763672,1.0,13.579999923706055,13.5,0
2025-08-07 10:00:00,BBDC3,BBDC3.SA,13.510000228881836,13.630000114440918,13.430000305175781,13.630000114440918,13.630000114440918,1816000,13.510000228881836,13.630000114440918,13.430000305175781,13.630000114440918,1.0,13.630000114440918,13.430000305175781,0
2025-08-07 14:00:00,BBDC3,BBDC3.SA,13.630000114440918,13.640000343322754,13.569999694824219,13.600000381469727,13.600000381469727,2074200,13.630000114440918,13.640000343322754,13.569999694824219,13.600000381469727,1.0,13.640000343322754,13.569999694824219,0
2025-08-08 10:00:00,BBDC3,BBDC3.SA,13.630000114440918,13.760000228881836,13.569999694824219,13.710000038146973,13.710000038146973,1588600,13.630000114440918,13.760000228881836,13.569999694824219,13.710000038146973,1.0,13.760000228881836,13.569999694824219,0
2025-08-08 14:00:00,BBDC3,BBDC3.SA,13.710000038146973,13.739999771118164,13.640000343322754,13.699999809265137,13.699999809265137,2844600,13.710000038146973,13.739999771118164,13.640000343322754,13.699999809265137,1.0,13.739999771118164,13.640000343322754,0
2025-08-11 10:00:00,BBDC3,BBDC3.SA,13.699999809265137,13.720000267028809,13.600000381469727,13.65999984741211,13.65999984741211,984200,13.699999809265137,13.720000267028809,13.600000381469727,13.65999984741211,1.0,13.720000267028809,13.600000381469727,0
2025-08-11 14:00:00,BBDC3,BBDC3.SA,13.65999984741211,13.710000038146973,13.640000343322754,13.710000038146973,13.710000038146973,1173000,13.65999984741211,13.710000038146973,13.640000343322754,13.710000038146973,1.0,13.710000038146973,13.640000343322754,0
2025-08-12 10:00:00,BBDC3,BBDC3.SA,13.739999771118164,13.970000267028809,13.729999542236328,13.899999618530273,13.899999618530273,1983900,13.739999771118164,13.970000267028809,13.729999542236328,13.899999618530273,1.0,13.970000267028809,13.729999542236328,0
2025-08-12 14:00:00,BBDC3,BBDC3.SA,13.90999984741211,13.989999771118164,13.869999885559082,13.930000305175781,13.930000305175781,2648700,13.90999984741211,13.989999771118164,13.869999885559082,13.930000305175781,1.0,13.989999771118164,13.869999885559082,0
2025-08-13 10:00:00,BBDC3,BBDC3.SA,13.899999618530273,14.0,13.8100004196167,13.850000381469727,13.850000381469727,2468100,13.899999618530273,14.0,13.8100004196167,13.850000381469727,1.0,14.0,13.8100004196167,0
2025-08-13 14:00:00,BBDC3,BBDC3.SA,13.859999656677246,13.880000114440918,13.779999732971191,13.819999694824219,13.819999694824219,2424400,13.859999656677246,13.880000114440918,13.779999732971191,13.819999694824219,1.0,13.880000114440918,13.779999732971191,0
2025-08-14 10:00:00,BBDC3,BBDC3.SA,13.649999618530273,13.949999809265137,13.600000381469727,13.829999923706055,13.829999923706055,2170400,13.649999618530273,13.949999809265137,13.600000381469727,13.829999923706055,1.0,13.949999809265137,13.600000381469727,0
2025-08-14 14:00:00,BBDC3,BBDC3.SA,13.850000381469727,13.850000381469727,13.720000267028809,13.789999961853027,13.789999961853027,3099500,13.850000381469727,13.850000381469727,13.720000267028809,13.789999961853027,1.0,13.850000381469727,13.720000267028809,0
2025-08-15 10:00:00,BBDC3,BBDC3.SA,13.699999809265137,13.819999694824219,13.65999984741211,13.760000228881836,13.760000228881836,2135700,13.699999809265137,13.819999694824219,13.65999984741211,13.760000228881836,1.0,13.819999694824219,13.65999984741211,0
2025-08-15 14:00:00,BBDC3,BBDC3.SA,13.770000457763672,13.8100004196167,13.710000038146973,13.770000457763672,13.770000457763672,3226000,13.770000457763672,13.8100004196167,13.710000038146973,13.770000457763672,1.0,13.8100004196167,13.710000038146973,0
2025-08-18 10:00:00,BBDC3,BBDC3.SA,13.789999961853027,14.09000015258789,13.720000267028809,14.020000457763672,14.020000457763672,3812600,13.789999961853027,14.09000015258789,13.720000267028809,14.020000457763672,1.0,14.09000015258789,13.720000267028809,0
2025-08-18 14:00:00,BBDC3,BBDC3.SA,14.020000457763672,14.079999923706055,13.989999771118164,14.010000228881836,14.010000228881836,3068600,14.020000457763672,14.079999923706055,13.989999771118164,14.010000228881836,1.0,14.079999923706055,13.989999771118164,0
2025-08-19 10:00:00,BBDC3,BBDC3.SA,13.770000457763672,13.770000457763672,13.489999771118164,13.600000381469727,13.600000381469727,3786500,13.770000457763672,13.770000457763672,13.489999771118164,13.600000381469727,1.0,13.770000457763672,13.489999771118164,0
2025-08-19 14:00:00,BBDC3,BBDC3.SA,13.600000381469727,13.619999885559082,13.5,13.510000228881836,13.510000228881836,3036900,13.600000381469727,13.619999885559082,13.5,13.510000228881836,1.0,13.619999885559082,13.5,0
2025-08-20 10:00:00,BBDC3,BBDC3.SA,13.449999809265137,13.670000076293945,13.40999984741211,13.630000114440918,13.630000114440918,2047700,13.449999809265137,13.670000076293945,13.40999984741211,13.630000114440918,1.0,13.670000076293945,13.40999984741211,0
2025-08-20 14:00:00,BBDC3,BBDC3.SA,13.640000343322754,13.649999618530273,13.479999542236328,13.59000015258789,13.59000015258789,2102000,13.640000343322754,13.649999618530273,13.479999542236328,13.59000015258789,1.0,13.649999618530273,13.479999542236328,0
2025-08-21 10:00:00,BBDC3,BBDC3.SA,13.449999809265137,13.600000381469727,13.380000114440918,13.550000190734863,13.550000190734863,1312300,13.449999809265137,13.600000381469727,13.380000114440918,13.550000190734863,1.0,13.600000381469727,13.380000114440918,0
2025-08-21 14:00:00,BBDC3,BBDC3.SA,13.550000190734863,13.600000381469727,13.529999732971191,13.5600004196167,13.5600004196167,2022200,13.550000190734863,13.600000381469727,13.529999732971191,13.5600004196167,1.0,13.600000381469727,13.529999732971191,0
2025-08-22 10:00:00,BBDC3,BBDC3.SA,13.649999618530273,13.949999809265137,13.569999694824219,13.9399995803833,13.9399995803833,3224700,13.649999618530273,13.949999809265137,13.569999694824219,13.9399995803833,1.0,13.949999809265137,13.569999694824219,0
2025-08-22 14:00:00,BBDC3,BBDC3.SA,13.9399995803833,13.970000267028809,13.84000015258789,13.930000305175781,13.930000305175781,5164300,13.9399995803833,13.970000267028809,13.84000015258789,13.930000305175781,1.0,13.970000267028809,13.84000015258789,0
2025-08-25 10:00:00,BBDC3,BBDC3.SA,13.989999771118164,14.029999732971191,13.880000114440918,13.9399995803833,13.9399995803833,2800500,13.989999771118164,14.029999732971191,13.880000114440918,13.9399995803833,1.0,14.029999732971191,13.880000114440918,0
2025-08-25 14:00:00,BBDC3,BBDC3.SA,13.930000305175781,14.0,13.930000305175781,14.0,14.0,3311600,13.930000305175781,14.0,13.930000305175781,14.0,1.0,14.0,13.930000305175781,0
2025-08-26 10:00:00,BBDC3,BBDC3.SA,14.020000457763672,14.0600004196167,13.859999656677246,13.890000343322754,13.890000343322754,1711000,14.020000457763672,14.0600004196167,13.859999656677246,13.890000343322754,1.0,14.0600004196167,13.859999656677246,0
2025-08-26 14:00:00,BBDC3,BBDC3.SA,13.890000343322754,14.0,13.869999885559082,13.949999809265137,13.949999809265137,3312200,13.890000343322754,14.0,13.869999885559082,13.949999809265137,1.0,14.0,13.869999885559082,0
2025-08-27 10:00:00,BBDC3,BBDC3.SA,14.020000457763672,14.050000190734863,13.869999885559082,13.90999984741211,13.90999984741211,633300,14.020000457763672,14.050000190734863,13.869999885559082,13.90999984741211,1.0,14.050000190734863,13.869999885559082,0
2025-08-27 14:00:00,BBDC3,BBDC3.SA,13.90999984741211,14.09000015258789,13.90999984741211,14.0600004196167,14.0600004196167,1721600,13.90999984741211,14.09000015258789,13.90999984741211,14.0600004196167,1.0,14.09000015258789,13.90999984741211,0
2025-08-28 10:00:00,BBDC3,BBDC3.SA,14.140000343322754,14.510000228881836,14.050000190734863,14.460000038146973,14.460000038146973,2131800,14.140000343322754,14.510000228881836,14.050000190734863,14.460000038146973,1.0,14.510000228881836,14.050000190734863,0
2025-08-28 14:00:00,BBDC3,BBDC3.SA,14.460000038146973,14.510000228881836,14.40999984741211,14.430000305175781,14.430000305175781,2278800,14.460000038146973,14.510000228881836,14.40999984741211,14.430000305175781,1.0,14.510000228881836,14.40999984741211,0
2025-08-29 10:00:00,BBDC3,BBDC3.SA,14.399999618530273,14.510000228881836,14.350000381469727,14.399999618530273,14.399999618530273,2015500,14.399999618530273,14.510000228881836,14.350000381469727,14.399999618530273,1.0,14.510000228881836,14.350000381469727,0
2025-08-29 14:00:00,BBDC3,BBDC3.SA,14.399999618530273,14.460000038146973,14.390000343322754,14.4399995803833,14.4399995803833,3660700,14.399999618530273,14.460000038146973,14.390000343322754,14.4399995803833,1.0,14.460000038146973,14.390000343322754,0
2025-09-01 10:00:00,BBDC3,BBDC3.SA,14.40999984741211,14.539999961853027,14.369999885559082,14.369999885559082,14.369999885559082,558000,14.40999984741211,14.539999961853027,14.369999885559082,14.369999885559082,1.0,14.539999961853027,14.369999885559082,0
2025-09-01 14:00:00,BBDC3,BBDC3.SA,14.380000114440918,14.399999618530273,14.350000381469727,14.399999618530273,14.399999618530273,763000,14.380000114440918,14.399999618530273,14.350000381469727,14.399999618530273,1.0,14.399999618530273,14.350000381469727,0
2025-09-02 10:00:00,BBDC3,BBDC3.SA,14.149999618530273,14.1899995803833,13.930000305175781,14.119999885559082,14.119999885559082,4386500,14.149999618530273,14.1899995803833,13.930000305175781,14.119999885559082,1.0,14.1899995803833,13.930000305175781,0
2025-09-02 14:00:00,BBDC3,BBDC3.SA,14.130000114440918,14.140000343322754,13.989999771118164,14.039999961853027,14.039999961853027,4455400,14.130000114440918,14.140000343322754,13.989999771118164,14.039999961853027,1.0,14.140000343322754,13.989999771118164,0
2025-09-03 10:00:00,BBDC3,BBDC3.SA,14.010000228881836,14.1899995803833,14.0,14.100000381469727,14.100000381469727,3783600,14.010000228881836,14.1899995803833,14.0,14.100000381469727,1.0,14.1899995803833,14.0,0
2025-09-03 14:00:00,BBDC3,BBDC3.SA,14.09000015258789,14.140000343322754,14.039999961853027,14.069999694824219,14.069999694824219,3331000,14.09000015258789,14.140000343322754,14.039999961853027,14.069999694824219,1.0,14.140000343322754,14.039999961853027,0
2025-09-04 10:00:00,BBDC3,BBDC3.SA,14.100000381469727,14.319999694824219,14.0,14.3100004196167,14.3100004196167,2991400,14.100000381469727,14.319999694824219,14.0,14.3100004196167,1.0,14.319999694824219,14.0,0
2025-09-04 14:00:00,BBDC3,BBDC3.SA,14.3100004196167,14.449999809265137,14.300000190734863,14.390000343322754,14.390000343322754,4070800,14.3100004196167,14.449999809265137,14.300000190734863,14.390000343322754,1.0,14.449999809265137,14.300000190734863,0
2025-09-05 10:00:00,BBDC3,BBDC3.SA,14.5,14.899999618530273,14.399999618530273,14.65999984741211,14.65999984741211,5205000,14.5,14.899999618530273,14.399999618530273,14.65999984741211,1.0,14.899999618530273,14.399999618530273,0
2025-09-05 14:00:00,BBDC3,BBDC3.SA,14.65999984741211,14.729999542236328,14.619999885559082,14.670000076293945,14.670000076293945,3065700,14.65999984741211,14.729999542236328,14.619999885559082,14.670000076293945,1.0,14.729999542236328,14.619999885559082,0
2025-09-08 10:00:00,BBDC3,BBDC3.SA,14.770000457763672,14.770000457763672,14.5,14.529999732971191,14.529999732971191,1330100,14.770000457763672,14.770000457763672,14.5,14.529999732971191,1.0,14.770000457763672,14.5,0
2025-09-08 14:00:00,BBDC3,BBDC3.SA,14.529999732971191,14.619999885559082,14.520000457763672,14.579999923706055,14.579999923706055,1872300,14.529999732971191,14.619999885559082,14.520000457763672,14.579999923706055,1.0,14.619999885559082,14.520000457763672,0
2025-09-09 10:00:00,BBDC3,BBDC3.SA,14.640000343322754,14.65999984741211,14.510000228881836,14.5600004196167,14.5600004196167,2983700,14.640000343322754,14.65999984741211,14.510000228881836,14.5600004196167,1.0,14.65999984741211,14.510000228881836,0
2025-09-09 14:00:00,BBDC3,BBDC3.SA,14.569999694824219,14.630000114440918,14.550000190734863,14.569999694824219,14.569999694824219,2189200,14.569999694824219,14.630000114440918,14.550000190734863,14.569999694824219,1.0,14.630000114440918,14.550000190734863,0
2025-09-10 10:00:00,BBDC3,BBDC3.SA,14.539999961853027,14.720000267028809,14.489999771118164,14.489999771118164,14.489999771118164,1772700,14.539999961853027,14.720000267028809,14.489999771118164,14.489999771118164,1.0,14.720000267028809,14.489999771118164,0
2025-09-10 14:00:00,BBDC3,BBDC3.SA,14.489999771118164,14.510000228881836,14.420000076293945,14.4399995803833,14.4399995803833,2345500,14.489999771118164,14.510000228881836,14.420000076293945,14.4399995803833,1.0,14.510000228881836,14.420000076293945,0
2025-09-11 10:00:00,BBDC3,BBDC3.SA,14.529999732971191,14.680000305175781,14.449999809265137,14.65999984741211,14.65999984741211,1789900,14.529999732971191,14.680000305175781,14.449999809265137,14.65999984741211,1.0,14.680000305175781,14.449999809265137,0
2025-09-11 14:00:00,BBDC3,BBDC3.SA,14.65999984741211,14.710000038146973,14.529999732971191,14.539999961853027,14.539999961853027,1713700,14.65999984741211,14.710000038146973,14.529999732971191,14.539999961853027,1.0,14.710000038146973,14.529999732971191,0
2025-09-12 10:00:00,BBDC3,BBDC3.SA,14.430000305175781,14.59000015258789,14.399999618530273,14.479999542236328,14.479999542236328,2507400,14.430000305175781,14.59000015258789,14.399999618530273,14.479999542236328,1.0,14.59000015258789,14.399999618530273,0
2025-09-12 14:00:00,BBDC3,BBDC3.SA,14.470000267028809,14.489999771118164,14.430000305175781,14.460000038146973,14.460000038146973,2368000,14.470000267028809,14.489999771118164,14.430000305175781,14.460000038146973,1.0,14.489999771118164,14.430000305175781,0
2025-09-15 10:00:00,BBDC3,BBDC3.SA,14.510000228881836,14.699999809265137,14.510000228881836,14.680000305175781,14.680000305175781,1635900,14.510000228881836,14.699999809265137,14.510000228881836,14.680000305175781,1.0,14.699999809265137,14.510000228881836,0
2025-09-15 14:00:00,BBDC3,BBDC3.SA,14.680000305175781,14.699999809265137,14.539999961853027,14.569999694824219,14.569999694824219,2603400,14.680000305175781,14.699999809265137,14.539999961853027,14.569999694824219,1.0,14.699999809265137,14.539999961853027,0
2025-09-16 10:00:00,BBDC3,BBDC3.SA,14.699999809265137,14.699999809265137,14.520000457763672,14.5600004196167,14.5600004196167,1324700,14.699999809265137,14.699999809265137,14.520000457763672,14.5600004196167,1.0,14.699999809265137,14.520000457763672,0
2025-09-16 14:00:00,BBDC3,BBDC3.SA,14.550000190734863,14.630000114440918,14.529999732971191,14.609999656677246,14.609999656677246,1811300,14.550000190734863,14.630000114440918,14.529999732971191,14.609999656677246,1.0,14.630000114440918,14.529999732971191,0
2025-09-17 10:00:00,BBDC3,BBDC3.SA,14.569999694824219,14.989999771118164,14.569999694824219,14.979999542236328,14.979999542236328,2747000,14.569999694824219,14.989999771118164,14.569999694824219,14.979999542236328,1.0,14.989999771118164,14.569999694824219,0
2025-09-17 14:00:00,BBDC3,BBDC3.SA,14.989999771118164,15.149999618530273,14.9399995803833,15.010000228881836,15.010000228881836,3876600,14.989999771118164,15.149999618530273,14.9399995803833,15.010000228881836,1.0,15.149999618530273,14.9399995803833,0
2025-09-18 10:00:00,BBDC3,BBDC3.SA,15.010000228881836,15.0600004196167,14.850000381469727,14.989999771118164,14.989999771118164,1476300,15.010000228881836,15.0600004196167,14.850000381469727,14.989999771118164,1.0,15.0600004196167,14.850000381469727,0
2025-09-18 14:00:00,BBDC3,BBDC3.SA,14.979999542236328,15.0,14.899999618530273,14.949999809265137,14.949999809265137,1906400,14.979999542236328,15.0,14.899999618530273,14.949999809265137,1.0,15.0,14.899999618530273,0
2025-09-19 10:00:00,BBDC3,BBDC3.SA,14.979999542236328,15.15999984741211,14.970000267028809,15.149999618530273,15.149999618530273,10591600,14.979999542236328,15.15999984741211,14.970000267028809,15.149999618530273,1.0,15.15999984741211,14.970000267028809,0
2025-09-19 14:00:00,BBDC3,BBDC3.SA,15.149999618530273,15.220000267028809,15.130000114440918,15.15999984741211,15.15999984741211,2122600,15.149999618530273,15.220000267028809,15.130000114440918,15.15999984741211,1.0,15.220000267028809,15.130000114440918,0
2025-09-22 10:00:00,BBDC3,BBDC3.SA,15.010000228881836,15.079999923706055,14.899999618530273,15.069999694824219,15.069999694824219,1066400,15.010000228881836,15.079999923706055,14.899999618530273,15.069999694824219,1.0,15.079999923706055,14.899999618530273,0
2025-09-22 14:00:00,BBDC3,BBDC3.SA,15.0600004196167,15.1899995803833,15.0600004196167,15.1899995803833,15.1899995803833,4025900,15.0600004196167,15.1899995803833,15.0600004196167,15.1899995803833,1.0,15.1899995803833,15.0600004196167,0
2025-09-23 10:00:00,BBDC3,BBDC3.SA,15.170000076293945,15.470000267028809,15.140000343322754,15.4399995803833,15.4399995803833,1539900,15.170000076293945,15.470000267028809,15.140000343322754,15.4399995803833,1.0,15.470000267028809,15.140000343322754,0
2025-09-23 14:00:00,BBDC3,BBDC3.SA,15.430000305175781,15.449999809265137,15.300000190734863,15.369999885559082,15.369999885559082,2410800,15.430000305175781,15.449999809265137,15.300000190734863,15.369999885559082,1.0,15.449999809265137,15.300000190734863,0
2025-09-24 10:00:00,BBDC3,BBDC3.SA,15.300000190734863,15.329999923706055,15.149999618530273,15.15999984741211,15.15999984741211,10888100,15.300000190734863,15.329999923706055,15.149999618530273,15.15999984741211,1.0,15.329999923706055,15.149999618530273,0
2025-09-24 14:00:00,BBDC3,BBDC3.SA,15.15999984741211,15.210000038146973,15.149999618530273,15.149999618530273,15.149999618530273,1236800,15.15999984741211,15.210000038146973,15.149999618530273,15.149999618530273,1.0,15.210000038146973,15.149999618530273,0
2025-09-25 10:00:00,BBDC3,BBDC3.SA,15.15999984741211,15.210000038146973,15.050000190734863,15.170000076293945,15.170000076293945,1035800,15.15999984741211,15.210000038146973,15.050000190734863,15.170000076293945,1.0,15.210000038146973,15.050000190734863,0
2025-09-25 14:00:00,BBDC3,BBDC3.SA,15.15999984741211,15.180000305175781,15.0,15.0,15.0,1966700,15.15999984741211,15.180000305175781,15.0,15.0,1.0,15.180000305175781,15.0,0
2025-09-26 10:00:00,BBDC3,BBDC3.SA,15.09000015258789,15.220000267028809,15.010000228881836,15.119999885559082,15.119999885559082,1620700,15.09000015258789,15.220000267028809,15.010000228881836,15.119999885559082,1.0,15.220000267028809,15.010000228881836,0
2025-09-26 14:00:00,BBDC3,BBDC3.SA,15.119999885559082,15.15999984741211,15.100000381469727,15.119999885559082,15.119999885559082,1310800,15.119999885559082,15.15999984741211,15.100000381469727,15.119999885559082,1.0,15.15999984741211,15.100000381469727,0
2025-09-29 10:00:00,BBDC3,BBDC3.SA,15.359999656677246,15.4399995803833,15.279999732971191,15.34000015258789,15.34000015258789,854800,15.359999656677246,15.4399995803833,15.279999732971191,15.34000015258789,1.0,15.4399995803833,15.279999732971191,0
2025-09-29 14:00:00,BBDC3,BBDC3.SA,15.329999923706055,15.350000381469727,15.289999961853027,15.3100004196167,15.3100004196167,2388200,15.329999923706055,15.350000381469727,15.289999961853027,15.3100004196167,1.0,15.350000381469727,15.289999961853027,0
2025-09-30 10:00:00,BBDC3,BBDC3.SA,15.270000457763672,15.329999923706055,15.119999885559082,15.210000038146973,15.210000038146973,2040500,15.270000457763672,15.329999923706055,15.119999885559082,15.210000038146973,1.0,15.329999923706055,15.119999885559082,0
2025-09-30 14:00:00,BBDC3,BBDC3.SA,15.210000038146973,15.229999542236328,15.140000343322754,15.220000267028809,15.220000267028809,2048500,15.210000038146973,15.229999542236328,15.140000343322754,15.220000267028809,1.0,15.229999542236328,15.140000343322754,0
2025-10-01 10:00:00,BBDC3,BBDC3.SA,15.300000190734863,15.380000114440918,14.859999656677246,14.859999656677246,14.859999656677246,2400200,15.300000190734863,15.380000114440918,14.859999656677246,14.859999656677246,1.0,15.380000114440918,14.859999656677246,0
2025-10-01 14:00:00,BBDC3,BBDC3.SA,14.850000381469727,14.970000267028809,14.84000015258789,14.90999984741211,14.90999984741211,1848000,14.850000381469727,14.970000267028809,14.84000015258789,14.90999984741211,1.0,14.970000267028809,14.84000015258789,0
2025-10-02 10:00:00,BBDC3,BBDC3.SA,14.869999885559082,14.9399995803833,14.739999771118164,14.819999694824219,14.819999694824219,1966100,14.869999885559082,14.9399995803833,14.739999771118164,14.819999694824219,1.0,14.9399995803833,14.739999771118164,0
2025-10-02 14:00:00,BBDC3,BBDC3.SA,14.8100004196167,14.850000381469727,14.65999984741211,14.699999809265137,14.699999809265137,2385400,14.8100004196167,14.850000381469727,14.65999984741211,14.699999809265137,1.0,14.850000381469727,14.65999984741211,0
2025-10-03 10:00:00,BBDC3,BBDC3.SA,14.640000343322754,14.720000267028809,14.529999732971191,14.619999885559082,14.619999885559082,1483300,14.640000343322754,14.720000267028809,14.529999732971191,14.619999885559082,1.0,14.720000267028809,14.529999732971191,0
2025-10-03 14:00:00,BBDC3,BBDC3.SA,14.619999885559082,14.710000038146973,14.59000015258789,14.6899995803833,14.6899995803833,1792900,14.619999885559082,14.710000038146973,14.59000015258789,14.6899995803833,1.0,14.710000038146973,14.59000015258789,0
2025-10-06 10:00:00,BBDC3,BBDC3.SA,14.720000267028809,14.729999542236328,14.460000038146973,14.579999923706055,14.579999923706055,970800,14.720000267028809,14.729999542236328,14.460000038146973,14.579999923706055,1.0,14.729999542236328,14.460000038146973,0
2025-10-06 14:00:00,BBDC3,BBDC3.SA,14.59000015258789,14.609999656677246,14.510000228881836,14.550000190734863,14.550000190734863,834100,14.59000015258789,14.609999656677246,14.510000228881836,14.550000190734863,1.0,14.609999656677246,14.510000228881836,0
2025-10-07 10:00:00,BBDC3,BBDC3.SA,14.5,14.510000228881836,14.260000228881836,14.289999961853027,14.289999961853027,1532800,14.5,14.510000228881836,14.260000228881836,14.289999961853027,1.0,14.510000228881836,14.260000228881836,0
2025-10-07 14:00:00,BBDC3,BBDC3.SA,14.300000190734863,14.380000114440918,14.270000457763672,14.380000114440918,14.380000114440918,1664700,14.300000190734863,14.380000114440918,14.270000457763672,14.380000114440918,1.0,14.380000114440918,14.270000457763672,0
2025-10-08 10:00:00,BBDC3,BBDC3.SA,14.359999656677246,14.609999656677246,14.34000015258789,14.550000190734863,14.550000190734863,1873100,14.359999656677246,14.609999656677246,14.34000015258789,14.550000190734863,1.0,14.609999656677246,14.34000015258789,0
2025-10-08 14:00:00,BBDC3,BBDC3.SA,14.539999961853027,14.569999694824219,14.5,14.520000457763672,14.520000457763672,2285100,14.539999961853027,14.569999694824219,14.5,14.520000457763672,1.0,14.569999694824219,14.5,0
2025-10-09 10:00:00,BBDC3,BBDC3.SA,14.550000190734863,14.640000343322754,14.489999771118164,14.5600004196167,14.5600004196167,1057600,14.550000190734863,14.640000343322754,14.489999771118164,14.5600004196167,1.0,14.640000343322754,14.489999771118164,0
2025-10-09 14:00:00,BBDC3,BBDC3.SA,14.5600004196167,14.619999885559082,14.520000457763672,14.600000381469727,14.600000381469727,1422000,14.5600004196167,14.619999885559082,14.520000457763672,14.600000381469727,1.0,14.619999885559082,14.520000457763672,0
2025-10-10 10:00:00,BBDC3,BBDC3.SA,14.699999809265137,14.699999809265137,14.300000190734863,14.300000190734863,14.300000190734863,1822500,14.699999809265137,14.699999809265137,14.300000190734863,14.300000190734863,1.0,14.699999809265137,14.300000190734863,0
2025-10-10 14:00:00,BBDC3,BBDC3.SA,14.300000190734863,14.40999984741211,14.289999961853027,14.369999885559082,14.369999885559082,1346400,14.300000190734863,14.40999984741211,14.289999961853027,14.369999885559082,1.0,14.40999984741211,14.289999961853027,0
2025-10-13 10:00:00,BBDC3,BBDC3.SA,14.449999809265137,14.520000457763672,14.399999618530273,14.479999542236328,14.479999542236328,1062400,14.449999809265137,14.520000457763672,14.399999618530273,14.479999542236328,1.0,14.520000457763672,14.399999618530273,0
2025-10-13 14:00:00,BBDC3,BBDC3.SA,14.479999542236328,14.5,14.40999984741211,14.449999809265137,14.449999809265137,1536900,14.479999542236328,14.5,14.40999984741211,14.449999809265137,1.0,14.5,14.40999984741211,0
2025-10-14 10:00:00,BBDC3,BBDC3.SA,14.479999542236328,14.8100004196167,14.420000076293945,14.760000228881836,14.760000228881836,832600,14.479999542236328,14.8100004196167,14.420000076293945,14.760000228881836,1.0,14.8100004196167,14.420000076293945,0
2025-10-14 14:00:00,BBDC3,BBDC3.SA,14.75,14.760000228881836,14.609999656677246,14.640000343322754,14.640000343322754,1557500,14.75,14.760000228881836,14.609999656677246,14.640000343322754,1.0,14.760000228881836,14.609999656677246,0
2025-10-15 10:00:00,BBDC3,BBDC3.SA,14.5,14.829999923706055,14.430000305175781,14.760000228881836,14.760000228881836,927900,14.5,14.829999923706055,14.430000305175781,14.760000228881836,1.0,14.829999923706055,14.430000305175781,0
2025-10-15 14:00:00,BBDC3,BBDC3.SA,14.779999732971191,14.819999694824219,14.699999809265137,14.819999694824219,14.819999694824219,1742000,14.779999732971191,14.819999694824219,14.699999809265137,14.819999694824219,1.0,14.819999694824219,14.699999809265137,0
2025-10-16 10:00:00,BBDC3,BBDC3.SA,14.640000343322754,15.029999732971191,14.630000114440918,15.0,15.0,2017900,14.640000343322754,15.029999732971191,14.630000114440918,15.0,1.0,15.029999732971191,14.630000114440918,0
2025-10-16 14:00:00,BBDC3,BBDC3.SA,15.0,15.0600004196167,14.930000305175781,14.970000267028809,14.970000267028809,1294500,15.0,15.0600004196167,14.930000305175781,14.970000267028809,1.0,15.0600004196167,14.930000305175781,0
2025-10-17 10:00:00,BBDC3,BBDC3.SA,14.819999694824219,15.029999732971191,14.6899995803833,14.989999771118164,14.989999771118164,13624200,14.819999694824219,15.029999732971191,14.6899995803833,14.989999771118164,1.0,15.029999732971191,14.6899995803833,0
2025-10-17 14:00:00,BBDC3,BBDC3.SA,14.979999542236328,15.109999656677246,14.960000038146973,15.050000190734863,15.050000190734863,2527600,14.979999542236328,15.109999656677246,14.960000038146973,15.050000190734863,1.0,15.109999656677246,14.960000038146973,0
2025-10-20 10:00:00,BBDC3,BBDC3.SA,15.0600004196167,15.4399995803833,15.0600004196167,15.359999656677246,15.359999656677246,1447900,15.0600004196167,15.4399995803833,15.0600004196167,15.359999656677246,1.0,15.4399995803833,15.0600004196167,0
2025-10-20 14:00:00,BBDC3,BBDC3.SA,15.380000114440918,15.390000343322754,15.3100004196167,15.34000015258789,15.34000015258789,666700,15.380000114440918,15.390000343322754,15.3100004196167,15.34000015258789,1.0,15.390000343322754,15.3100004196167,0
2025-10-21 10:00:00,BBDC3,BBDC3.SA,15.279999732971191,15.350000381469727,15.15999984741211,15.15999984741211,15.15999984741211,1234300,15.279999732971191,15.350000381469727,15.15999984741211,15.15999984741211,1.0,15.350000381469727,15.15999984741211,0
2025-10-21 14:00:00,BBDC3,BBDC3.SA,15.15999984741211,15.239999771118164,15.15999984741211,15.170000076293945,15.170000076293945,629900,15.15999984741211,15.239999771118164,15.15999984741211,15.170000076293945,1.0,15.239999771118164,15.15999984741211,0
2025-10-22 10:00:00,BBDC3,BBDC3.SA,15.25,15.270000457763672,15.140000343322754,15.210000038146973,15.210000038146973,7984300,15.25,15.270000457763672,15.140000343322754,15.210000038146973,1.0,15.270000457763672,15.140000343322754,0
2025-10-22 14:00:00,BBDC3,BBDC3.SA,15.199999809265137,15.220000267028809,15.149999618530273,15.170000076293945,15.170000076293945,10894700,15.199999809265137,15.220000267028809,15.149999618530273,15.170000076293945,1.0,15.220000267028809,15.149999618530273,0
2025-10-23 10:00:00,BBDC3,BBDC3.SA,15.260000228881836,15.329999923706055,15.180000305175781,15.270000457763672,15.270000457763672,1027000,15.260000228881836,15.329999923706055,15.180000305175781,15.270000457763672,1.0,15.329999923706055,15.180000305175781,0
2025-10-23 14:00:00,BBDC3,BBDC3.SA,15.289999961853027,15.359999656677246,15.270000457763672,15.319999694824219,15.319999694824219,1355800,15.289999961853027,15.359999656677246,15.270000457763672,15.319999694824219,1.0,15.359999656677246,15.270000457763672,0
2025-10-24 10:00:00,BBDC3,BBDC3.SA,15.380000114440918,15.550000190734863,15.329999923706055,15.399999618530273,15.399999618530273,1218500,15.380000114440918,15.550000190734863,15.329999923706055,15.399999618530273,1.0,15.550000190734863,15.329999923706055,0
2025-10-24 14:00:00,BBDC3,BBDC3.SA,15.390000343322754,15.449999809265137,15.390000343322754,15.40999984741211,15.40999984741211,684100,15.390000343322754,15.449999809265137,15.390000343322754,15.40999984741211,1.0,15.449999809265137,15.390000343322754,0
2025-10-27 10:00:00,BBDC3,BBDC3.SA,15.640000343322754,15.699999809265137,15.520000457763672,15.539999961853027,15.539999961853027,1181500,15.640000343322754,15.699999809265137,15.520000457763672,15.539999961853027,1.0,15.699999809265137,15.520000457763672,0
2025-10-27 14:00:00,BBDC3,BBDC3.SA,15.529999732971191,15.569999694824219,15.489999771118164,15.569999694824219,15.569999694824219,1027800,15.529999732971191,15.569999694824219,15.489999771118164,15.569999694824219,1.0,15.569999694824219,15.489999771118164,0
2025-10-28 10:00:00,BBDC3,BBDC3.SA,15.520000457763672,15.680000305175781,15.449999809265137,15.550000190734863,15.550000190734863,1944600,15.520000457763672,15.680000305175781,15.449999809265137,15.550000190734863,1.0,15.680000305175781,15.449999809265137,0
2025-10-28 14:00:00,BBDC3,BBDC3.SA,15.5600004196167,15.609999656677246,15.5,15.59000015258789,15.59000015258789,2129900,15.5600004196167,15.609999656677246,15.5,15.59000015258789,1.0,15.609999656677246,15.5,0
2025-10-29 10:00:00,BBDC3,BBDC3.SA,15.65999984741211,16.0,15.630000114440918,15.989999771118164,15.989999771118164,3600900,15.65999984741211,16.0,15.630000114440918,15.989999771118164,1.0,16.0,15.630000114440918,0
2025-10-29 14:00:00,BBDC3,BBDC3.SA,15.989999771118164,16.049999237060547,15.880000114440918,15.949999809265137,15.949999809265137,3811600,15.989999771118164,16.049999237060547,15.880000114440918,15.949999809265137,1.0,16.049999237060547,15.880000114440918,0
2025-10-30 10:00:00,BBDC3,BBDC3.SA,15.4399995803833,15.619999885559082,15.239999771118164,15.579999923706055,15.579999923706055,4223500,15.4399995803833,15.619999885559082,15.239999771118164,15.579999923706055,1.0,15.619999885559082,15.239999771118164,0
2025-10-30 14:00:00,BBDC3,BBDC3.SA,15.579999923706055,15.630000114440918,15.420000076293945,15.449999809265137,15.449999809265137,2486500,15.579999923706055,15.630000114440918,15.420000076293945,15.449999809265137,1.0,15.630000114440918,15.420000076293945,0
2025-10-31 10:00:00,BBDC3,BBDC3.SA,15.579999923706055,15.579999923706055,15.300000190734863,15.430000305175781,15.430000305175781,1652800,15.579999923706055,15.579999923706055,15.300000190734863,15.430000305175781,1.0,15.579999923706055,15.300000190734863,0
2025-10-31 14:00:00,BBDC3,BBDC3.SA,15.430000305175781,15.529999732971191,15.34000015258789,15.529999732971191,15.529999732971191,1797400,15.430000305175781,15.529999732971191,15.34000015258789,15.529999732971191,1.0,15.529999732971191,15.34000015258789,0
2025-11-03 10:00:00,BBDC3,BBDC3.SA,15.59000015258789,15.829999923706055,15.470000267028809,15.670000076293945,15.670000076293945,1337600,15.59000015258789,15.829999923706055,15.470000267028809,15.670000076293945,1.0,15.829999923706055,15.470000267028809,0
2025-11-03 14:00:00,BBDC3,BBDC3.SA,15.65999984741211,15.6899995803833,15.600000381469727,15.640000343322754,15.640000343322754,1405700,15.65999984741211,15.6899995803833,15.600000381469727,15.640000343322754,1.0,15.6899995803833,15.600000381469727,0
2025-11-04 10:00:00,BBDC3,BBDC3.SA,15.670000076293945,15.770000457763672,15.520000457763672,15.680000305175781,15.680000305175781,3834000,15.670000076293945,15.770000457763672,15.520000457763672,15.680000305175781,1.0,15.770000457763672,15.520000457763672,0
2025-11-04 14:00:00,BBDC3,BBDC3.SA,15.680000305175781,15.710000038146973,15.600000381469727,15.699999809265137,15.699999809265137,1357500,15.680000305175781,15.710000038146973,15.600000381469727,15.699999809265137,1.0,15.710000038146973,15.600000381469727,0
2025-11-05 10:00:00,BBDC3,BBDC3.SA,15.710000038146973,16.059999465942383,15.649999618530273,16.020000457763672,16.020000457763672,1897300,15.710000038146973,16.059999465942383,15.649999618530273,16.020000457763672,1.0,16.059999465942383,15.649999618530273,0
2025-11-05 14:00:00,BBDC3,BBDC3.SA,16.030000686645508,16.040000915527344,15.90999984741211,15.979999542236328,15.979999542236328,1238800,16.030000686645508,16.040000915527344,15.90999984741211,15.979999542236328,1.0,16.040000915527344,15.90999984741211,0
2025-11-06 10:00:00,BBDC3,BBDC3.SA,15.989999771118164,16.049999237060547,15.90999984741211,15.930000305175781,15.930000305175781,1145100,15.989999771118164,16.049999237060547,15.90999984741211,15.930000305175781,1.0,16.049999237060547,15.90999984741211,0
2025-11-06 14:00:00,BBDC3,BBDC3.SA,15.9399995803833,15.979999542236328,15.869999885559082,15.960000038146973,15.960000038146973,1116700,15.9399995803833,15.979999542236328,15.869999885559082,15.960000038146973,1.0,15.979999542236328,15.869999885559082,0
2025-11-07 10:00:00,BBDC3,BBDC3.SA,15.949999809265137,15.960000038146973,15.739999771118164,15.770000457763672,15.770000457763672,1258800,15.949999809265137,15.960000038146973,15.739999771118164,15.770000457763672,1.0,15.960000038146973,15.739999771118164,0
2025-11-07 14:00:00,BBDC3,BBDC3.SA,15.770000457763672,15.859999656677246,15.739999771118164,15.859999656677246,15.859999656677246,833700,15.770000457763672,15.859999656677246,15.739999771118164,15.859999656677246,1.0,15.859999656677246,15.739999771118164,0
2025-11-10 10:00:00,BBDC3,BBDC3.SA,16.0,16.299999237060547,15.979999542236328,16.209999084472656,16.209999084472656,3091200,16.0,16.299999237060547,15.979999542236328,16.209999084472656,1.0,16.299999237060547,15.979999542236328,0
2025-11-10 14:00:00,BBDC3,BBDC3.SA,16.209999084472656,16.260000228881836,16.149999618530273,16.239999771118164,16.239999771118164,2250900,16.209999084472656,16.260000228881836,16.149999618530273,16.239999771118164,1.0,16.260000228881836,16.149999618530273,0
2025-11-11 10:00:00,BBDC3,BBDC3.SA,16.299999237060547,16.649999618530273,16.270000457763672,16.549999237060547,16.549999237060547,1967500,16.299999237060547,16.649999618530273,16.270000457763672,16.549999237060547,1.0,16.649999618530273,16.270000457763672,0
2025-11-11 14:00:00,BBDC3,BBDC3.SA,16.540000915527344,16.6200008392334,16.520000457763672,16.600000381469727,16.600000381469727,1552200,16.540000915527344,16.6200008392334,16.520000457763672,16.600000381469727,1.0,16.6200008392334,16.520000457763672,0
2025-11-12 10:00:00,BBDC3,BBDC3.SA,16.540000915527344,16.610000610351562,16.3700008392334,16.399999618530273,16.399999618530273,1937900,16.540000915527344,16.610000610351562,16.3700008392334,16.399999618530273,1.0,16.610000610351562,16.3700008392334,0
2025-11-12 14:00:00,BBDC3,BBDC3.SA,16.389999389648438,16.59000015258789,16.3799991607666,16.520000457763672,16.520000457763672,2204900,16.389999389648438,16.59000015258789,16.3799991607666,16.520000457763672,1.0,16.59000015258789,16.3799991607666,0
2025-11-13 10:00:00,BBDC3,BBDC3.SA,16.56999969482422,16.8799991607666,16.56999969482422,16.639999389648438,16.639999389648438,1683300,16.56999969482422,16.8799991607666,16.56999969482422,16.639999389648438,1.0,16.8799991607666,16.56999969482422,0
2025-11-13 14:00:00,BBDC3,BBDC3.SA,16.6299991607666,16.649999618530273,16.540000915527344,16.6299991607666,16.6299991607666,1401300,16.6299991607666,16.649999618530273,16.540000915527344,16.6299991607666,1.0,16.649999618530273,16.540000915527344,0
2025-11-14 10:00:00,BBDC3,BBDC3.SA,16.670000076293945,16.860000610351562,16.549999237060547,16.68000030517578,16.68000030517578,1284300,16.670000076293945,16.860000610351562,16.549999237060547,16.68000030517578,1.0,16.860000610351562,16.549999237060547,0
2025-11-14 14:00:00,BBDC3,BBDC3.SA,16.700000762939453,16.729999542236328,16.649999618530273,16.65999984741211,16.65999984741211,931000,16.700000762939453,16.729999542236328,16.649999618530273,16.65999984741211,1.0,16.729999542236328,16.649999618530273,0
2025-11-17 10:00:00,BBDC3,BBDC3.SA,16.549999237060547,16.639999389648438,16.399999618530273,16.469999313354492,16.469999313354492,1468700,16.549999237060547,16.639999389648438,16.399999618530273,16.469999313354492,1.0,16.639999389648438,16.399999618530273,0
2025-11-17 14:00:00,BBDC3,BBDC3.SA,16.479999542236328,16.479999542236328,16.3700008392334,16.40999984741211,16.40999984741211,6828500,16.479999542236328,16.479999542236328,16.3700008392334,16.40999984741211,1.0,16.479999542236328,16.3700008392334,0
2025-11-18 10:00:00,BBDC3,BBDC3.SA,16.34000015258789,16.43000030517578,16.239999771118164,16.399999618530273,16.399999618530273,1923900,16.34000015258789,16.43000030517578,16.239999771118164,16.399999618530273,1.0,16.43000030517578,16.239999771118164,0
2025-11-18 14:00:00,BBDC3,BBDC3.SA,16.40999984741211,16.440000534057617,16.360000610351562,16.3799991607666,16.3799991607666,1118100,16.40999984741211,16.440000534057617,16.360000610351562,16.3799991607666,1.0,16.440000534057617,16.360000610351562,0
2025-11-19 10:00:00,BBDC3,BBDC3.SA,16.299999237060547,16.3700008392334,16.18000030517578,16.190000534057617,16.190000534057617,1599400,16.299999237060547,16.3700008392334,16.18000030517578,16.190000534057617,1.0,16.3700008392334,16.18000030517578,0
2025-11-19 14:00:00,BBDC3,BBDC3.SA,16.200000762939453,16.239999771118164,16.149999618530273,16.200000762939453,16.200000762939453,1295100,16.200000762939453,16.239999771118164,16.149999618530273,16.200000762939453,1.0,16.239999771118164,16.149999618530273,0
2025-11-21 10:00:00,BBDC3,BBDC3.SA,16.239999771118164,16.239999771118164,15.970000267028809,16.09000015258789,16.09000015258789,1842800,16.239999771118164,16.239999771118164,15.970000267028809,16.09000015258789,1.0,16.239999771118164,15.970000267028809,0
2025-11-21 14:00:00,BBDC3,BBDC3.SA,16.09000015258789,16.18000030517578,16.06999969482422,16.139999389648438,16.139999389648438,1026300,16.09000015258789,16.18000030517578,16.06999969482422,16.139999389648438,1.0,16.18000030517578,16.06999969482422,0
2025-11-24 10:00:00,BBDC3,BBDC3.SA,16.110000610351562,16.149999618530273,16.010000228881836,16.059999465942383,16.059999465942383,1912800,16.110000610351562,16.149999618530273,16.010000228881836,16.059999465942383,1.0,16.149999618530273,16.010000228881836,0
2025-11-24 14:00:00,BBDC3,BBDC3.SA,16.049999237060547,16.1200008392334,16.040000915527344,16.059999465942383,16.059999465942383,1286800,16.049999237060547,16.1200008392334,16.040000915527344,16.059999465942383,1.0,16.1200008392334,16.040000915527344,0
2025-11-25 10:00:00,BBDC3,BBDC3.SA,16.110000610351562,16.350000381469727,16.09000015258789,16.149999618530273,16.149999618530273,2178300,16.110000610351562,16.350000381469727,16.09000015258789,16.149999618530273,1.0,16.350000381469727,16.09000015258789,0
2025-11-25 14:00:00,BBDC3,BBDC3.SA,16.149999618530273,16.239999771118164,16.1200008392334,16.219999313354492,16.219999313354492,1289900,16.149999618530273,16.239999771118164,16.1200008392334,16.219999313354492,1.0,16.239999771118164,16.1200008392334,0
2025-11-26 10:00:00,BBDC3,BBDC3.SA,16.299999237060547,16.6200008392334,16.229999542236328,16.549999237060547,16.549999237060547,1727200,16.299999237060547,16.6200008392334,16.229999542236328,16.549999237060547,1.0,16.6200008392334,16.229999542236328,0
2025-11-26 14:00:00,BBDC3,BBDC3.SA,16.559999465942383,16.719999313354492,16.549999237060547,16.690000534057617,16.690000534057617,1535900,16.559999465942383,16.719999313354492,16.549999237060547,16.690000534057617,1.0,16.719999313354492,16.549999237060547,0
2025-11-27 10:00:00,BBDC3,BBDC3.SA,16.700000762939453,16.700000762939453,16.56999969482422,16.65999984741211,16.65999984741211,736800,16.700000762939453,16.700000762939453,16.56999969482422,16.65999984741211,1.0,16.700000762939453,16.56999969482422,0
2025-11-27 14:00:00,BBDC3,BBDC3.SA,16.65999984741211,16.700000762939453,16.6299991607666,16.65999984741211,16.65999984741211,643000,16.65999984741211,16.700000762939453,16.6299991607666,16.65999984741211,1.0,16.700000762939453,16.6299991607666,0
2025-11-28 10:00:00,BBDC3,BBDC3.SA,16.600000381469727,16.81999969482422,16.600000381469727,16.770000457763672,16.770000457763672,2030500,16.600000381469727,16.81999969482422,16.600000381469727,16.770000457763672,1.0,16.81999969482422,16.600000381469727,0
2025-11-28 14:00:00,BBDC3,BBDC3.SA,16.770000457763672,16.8700008392334,16.760000228881836,16.790000915527344,16.790000915527344,1713200,16.770000457763672,16.8700008392334,16.760000228881836,16.790000915527344,1.0,16.8700008392334,16.760000228881836,0
2025-12-01 10:00:00,BBDC3,BBDC3.SA,16.75,16.780000686645508,16.479999542236328,16.579999923706055,16.579999923706055,2371900,16.75,16.780000686645508,16.479999542236328,16.579999923706055,1.0,16.780000686645508,16.479999542236328,0
2025-12-01 14:00:00,BBDC3,BBDC3.SA,16.579999923706055,16.649999618530273,16.56999969482422,16.610000610351562,16.610000610351562,1312600,16.579999923706055,16.649999618530273,16.56999969482422,16.610000610351562,1.0,16.649999618530273,16.56999969482422,0
2025-12-02 10:00:00,BBDC3,BBDC3.SA,16.65999984741211,16.75,16.600000381469727,16.690000534057617,16.690000534057617,2016200,16.65999984741211,16.75,16.600000381469727,16.690000534057617,1.0,16.75,16.600000381469727,0
2025-12-02 14:00:00,BBDC3,BBDC3.SA,16.690000534057617,16.770000457763672,16.65999984741211,16.75,16.75,1665800,16.690000534057617,16.770000457763672,16.65999984741211,16.75,1.0,16.770000457763672,16.65999984741211,0
2025-12-03 10:00:00,BBDC3,BBDC3.SA,16.81999969482422,16.8700008392334,16.209999084472656,16.299999237060547,16.299999237060547,4017300,16.81999969482422,16.8700008392334,16.209999084472656,16.299999237060547,1.0,16.8700008392334,16.209999084472656,0
2025-12-03 14:00:00,BBDC3,BBDC3.SA,16.309999465942383,16.3799991607666,16.25,16.329999923706055,16.329999923706055,1553000,16.309999465942383,16.3799991607666,16.25,16.329999923706055,1.0,16.3799991607666,16.25,0
2025-12-04 10:00:00,BBDC3,BBDC3.SA,16.479999542236328,16.610000610351562,16.3799991607666,16.469999313354492,16.469999313354492,3798000,16.479999542236328,16.610000610351562,16.3799991607666,16.469999313354492,1.0,16.610000610351562,16.3799991607666,0
2025-12-04 14:00:00,BBDC3,BBDC3.SA,16.469999313354492,16.5,16.389999389648438,16.459999084472656,16.459999084472656,2857700,16.469999313354492,16.5,16.389999389648438,16.459999084472656,1.0,16.5,16.389999389648438,0
2025-12-05 10:00:00,BBDC3,BBDC3.SA,16.540000915527344,16.56999969482422,15.979999542236328,16.06999969482422,16.06999969482422,4618200,16.540000915527344,16.56999969482422,15.979999542236328,16.06999969482422,1.0,16.56999969482422,15.979999542236328,0
2025-12-05 14:00:00,BBDC3,BBDC3.SA,16.06999969482422,16.190000534057617,15.489999771118164,15.65999984741211,15.65999984741211,4461600,16.06999969482422,16.190000534057617,15.489999771118164,15.65999984741211,1.0,16.190000534057617,15.489999771118164,0
2025-12-08 10:00:00,BBDC3,BBDC3.SA,15.670000076293945,15.8100004196167,15.5,15.640000343322754,15.640000343322754,2119000,15.670000076293945,15.8100004196167,15.5,15.640000343322754,1.0,15.8100004196167,15.5,0
2025-12-08 14:00:00,BBDC3,BBDC3.SA,15.649999618530273,15.729999542236328,15.59000015258789,15.630000114440918,15.630000114440918,1563900,15.649999618530273,15.729999542236328,15.59000015258789,15.630000114440918,1.0,15.729999542236328,15.59000015258789,0
2025-12-09 10:00:00,BBDC3,BBDC3.SA,15.479999542236328,15.529999732971191,15.180000305175781,15.40999984741211,15.40999984741211,1854400,15.479999542236328,15.529999732971191,15.180000305175781,15.40999984741211,1.0,15.529999732971191,15.180000305175781,0
2025-12-09 14:00:00,BBDC3,BBDC3.SA,15.420000076293945,15.529999732971191,15.399999618530273,15.5,15.5,813400,15.420000076293945,15.529999732971191,15.399999618530273,15.5,1.0,15.529999732971191,15.399999618530273,0
2025-12-10 10:00:00,BBDC3,BBDC3.SA,15.539999961853027,15.65999984741211,15.470000267028809,15.649999618530273,15.649999618530273,1670900,15.539999961853027,15.65999984741211,15.470000267028809,15.649999618530273,1.0,15.65999984741211,15.470000267028809,0
2025-12-10 14:00:00,BBDC3,BBDC3.SA,15.649999618530273,15.739999771118164,15.600000381469727,15.6899995803833,15.6899995803833,1947200,15.649999618530273,15.739999771118164,15.600000381469727,15.6899995803833,1.0,15.739999771118164,15.600000381469727,0
2025-12-11 10:00:00,BBDC3,BBDC3.SA,15.739999771118164,15.970000267028809,15.619999885559082,15.920000076293945,15.920000076293945,2709000,15.739999771118164,15.970000267028809,15.619999885559082,15.920000076293945,1.0,15.970000267028809,15.619999885559082,0
2025-12-11 14:00:00,BBDC3,BBDC3.SA,15.930000305175781,15.970000267028809,15.859999656677246,15.880000114440918,15.880000114440918,1152300,15.930000305175781,15.970000267028809,15.859999656677246,15.880000114440918,1.0,15.970000267028809,15.859999656677246,0
2025-12-12 10:00:00,BBDC3,BBDC3.SA,15.850000381469727,16.030000686645508,15.819999694824219,15.930000305175781,15.930000305175781,1436200,15.850000381469727,16.030000686645508,15.819999694824219,15.930000305175781,1.0,16.030000686645508,15.819999694824219,0
2025-12-12 14:00:00,BBDC3,BBDC3.SA,15.930000305175781,16.0,15.899999618530273,15.970000267028809,15.970000267028809,1704000,15.930000305175781,16.0,15.899999618530273,15.970000267028809,1.0,16.0,15.899999618530273,0
2025-12-15 10:00:00,BBDC3,BBDC3.SA,16.209999084472656,16.3799991607666,16.110000610351562,16.34000015258789,16.34000015258789,3248300,16.209999084472656,16.3799991607666,16.110000610351562,16.34000015258789,1.0,16.3799991607666,16.110000610351562,0
2025-12-15 14:00:00,BBDC3,BBDC3.SA,16.34000015258789,16.350000381469727,16.079999923706055,16.1200008392334,16.1200008392334,2403500,16.34000015258789,16.350000381469727,16.079999923706055,16.1200008392334,1.0,16.350000381469727,16.079999923706055,0
2025-12-16 10:00:00,BBDC3,BBDC3.SA,16.049999237060547,16.09000015258789,15.850000381469727,15.920000076293945,15.920000076293945,3751400,16.049999237060547,16.09000015258789,15.850000381469727,15.920000076293945,1.0,16.09000015258789,15.850000381469727,0
2025-12-16 14:00:00,BBDC3,BBDC3.SA,15.920000076293945,16.040000915527344,15.84000015258789,15.90999984741211,15.90999984741211,2002900,15.920000076293945,16.040000915527344,15.84000015258789,15.90999984741211,1.0,16.040000915527344,15.84000015258789,0
2025-12-17 10:00:00,BBDC3,BBDC3.SA,15.760000228881836,15.779999732971191,15.270000457763672,15.579999923706055,15.579999923706055,4197700,15.760000228881836,15.779999732971191,15.270000457763672,15.579999923706055,1.0,15.779999732971191,15.270000457763672,0
2025-12-17 14:00:00,BBDC3,BBDC3.SA,15.579999923706055,15.630000114440918,15.510000228881836,15.5600004196167,15.5600004196167,3145800,15.579999923706055,15.630000114440918,15.510000228881836,15.5600004196167,1.0,15.630000114440918,15.510000228881836,0
2025-12-18 10:00:00,BBDC3,BBDC3.SA,15.569999694824219,15.819999694824219,15.550000190734863,15.770000457763672,15.770000457763672,1644700,15.569999694824219,15.819999694824219,15.550000190734863,15.770000457763672,1.0,15.819999694824219,15.550000190734863,0
2025-12-18 14:00:00,BBDC3,BBDC3.SA,15.75,15.779999732971191,15.65999984741211,15.710000038146973,15.710000038146973,1403800,15.75,15.779999732971191,15.65999984741211,15.710000038146973,1.0,15.779999732971191,15.65999984741211,0
2025-12-19 10:00:00,BBDC3,BBDC3.SA,15.729999542236328,16.0,15.670000076293945,15.920000076293945,15.920000076293945,2235600,15.729999542236328,16.0,15.670000076293945,15.920000076293945,1.0,16.0,15.670000076293945,0
2025-12-19 14:00:00,BBDC3,BBDC3.SA,15.90999984741211,15.920000076293945,15.859999656677246,15.899999618530273,15.899999618530273,1187600,15.90999984741211,15.920000076293945,15.859999656677246,15.899999618530273,1.0,15.920000076293945,15.859999656677246,0
2025-12-22 10:00:00,BBDC3,BBDC3.SA,15.859999656677246,15.869999885559082,15.640000343322754,15.720000267028809,15.720000267028809,1892600,15.859999656677246,15.869999885559082,15.640000343322754,15.720000267028809,1.0,15.869999885559082,15.640000343322754,0
2025-12-22 14:00:00,BBDC3,BBDC3.SA,15.710000038146973,15.729999542236328,15.619999885559082,15.670000076293945,15.670000076293945,1301700,15.710000038146973,15.729999542236328,15.619999885559082,15.670000076293945,1.0,15.729999542236328,15.619999885559082,0
2025-12-23 10:00:00,BBDC3,BBDC3.SA,15.819999694824219,15.899999618530273,15.6899995803833,15.84000015258789,15.84000015258789,2183600,15.819999694824219,15.899999618530273,15.6899995803833,15.84000015258789,1.0,15.899999618530273,15.6899995803833,0
2025-12-23 14:00:00,BBDC3,BBDC3.SA,15.84000015258789,15.899999618530273,15.800000190734863,15.8100004196167,15.8100004196167,1081800,15.84000015258789,15.899999618530273,15.800000190734863,15.8100004196167,1.0,15.899999618530273,15.800000190734863,0
2025-12-26 10:00:00,BBDC3,BBDC3.SA,15.6899995803833,15.829999923706055,15.579999923706055,15.770000457763672,15.770000457763672,1270200,15.6899995803833,15.829999923706055,15.579999923706055,15.770000457763672,1.0,15.829999923706055,15.579999923706055,0
2025-12-26 14:00:00,BBDC3,BBDC3.SA,15.770000457763672,15.8100004196167,15.739999771118164,15.789999961853027,15.789999961853027,556600,15.770000457763672,15.8100004196167,15.739999771118164,15.789999961853027,1.0,15.8100004196167,15.739999771118164,0
2025-12-29 10:00:00,BBDC3,BBDC3.SA,15.819999694824219,15.899999618530273,15.710000038146973,15.779999732971191,15.779999732971191,2218700,15.819999694824219,15.899999618530273,15.710000038146973,15.779999732971191,1.0,15.899999618530273,15.710000038146973,0
2025-12-29 14:00:00,BBDC3,BBDC3.SA,15.779999732971191,15.850000381469727,15.75,15.819999694824219,15.819999694824219,664700,15.779999732971191,15.850000381469727,15.75,15.819999694824219,1.0,15.850000381469727,15.75,0
2025-12-30 10:00:00,BBDC3,BBDC3.SA,15.75,15.829999923706055,15.6899995803833,15.729999542236328,15.729999542236328,1223900,15.75,15.829999923706055,15.6899995803833,15.729999542236328,1.0,15.829999923706055,15.6899995803833,0
2025-12-30 14:00:00,BBDC3,BBDC3.SA,15.729999542236328,15.760000228881836,15.680000305175781,15.6899995803833,15.6899995803833,976100,15.729999542236328,15.760000228881836,15.680000305175781,15.6899995803833,1.0,15.760000228881836,15.680000305175781,0
