date,ticker,source_symbol,open,high,low,close,adj_close,volume,raw_open,raw_high,raw_low,raw_close,adjustment_factor,source_high,source_low,ohlc_repaired
2025-01-02 10:00:00,PETR4,PETR4.SA,36.41999816894531,37.09000015258789,36.189998626708984,36.939998626708984,36.939998626708984,16246600,36.41999816894531,37.09000015258789,36.189998626708984,36.939998626708984,1.0,37.09000015258789,36.189998626708984,0
2025-01-02 14:00:00,PETR4,PETR4.SA,36.95000076293945,36.970001220703125,36.779998779296875,36.86000061035156,36.86000061035156,6235400,36.95000076293945,36.970001220703125,36.779998779296875,36.86000061035156,1.0,36.970001220703125,36.779998779296875,0
2025-01-03 10:00:00,PETR4,PETR4.SA,36.880001068115234,37.040000915527344,36.380001068115234,36.439998626708984,36.439998626708984,9380100,36.880001068115234,37.040000915527344,36.380001068115234,36.439998626708984,1.0,37.040000915527344,36.380001068115234,0
2025-01-03 14:00:00,PETR4,PETR4.SA,36.43000030517578,36.529998779296875,36.31999969482422,36.36000061035156,36.36000061035156,7658300,36.43000030517578,36.529998779296875,36.31999969482422,36.36000061035156,1.0,36.529998779296875,36.31999969482422,0
2025-01-06 10:00:00,PETR4,PETR4.SA,36.599998474121094,36.689998626708984,36.09000015258789,36.33000183105469,36.33000183105469,10615300,36.599998474121094,36.689998626708984,36.09000015258789,36.33000183105469,1.0,36.689998626708984,36.09000015258789,0
2025-01-06 14:00:00,PETR4,PETR4.SA,36.33000183105469,36.40999984741211,36.060001373291016,36.130001068115234,36.130001068115234,6104000,36.33000183105469,36.40999984741211,36.060001373291016,36.130001068115234,1.0,36.40999984741211,36.060001373291016,0
2025-01-07 10:00:00,PETR4,PETR4.SA,36.54999923706055,37.09000015258789,36.29999923706055,37.09000015258789,37.09000015258789,17204700,36.54999923706055,37.09000015258789,36.29999923706055,37.09000015258789,1.0,37.09000015258789,36.29999923706055,0
2025-01-07 14:00:00,PETR4,PETR4.SA,37.09000015258789,37.25,36.970001220703125,37.08000183105469,37.08000183105469,11345900,37.09000015258789,37.25,36.970001220703125,37.08000183105469,1.0,37.25,36.970001220703125,0
2025-01-08 10:00:00,PETR4,PETR4.SA,36.9900016784668,37.119998931884766,36.63999938964844,36.720001220703125,36.720001220703125,9035300,36.9900016784668,37.119998931884766,36.63999938964844,36.720001220703125,1.0,37.119998931884766,36.63999938964844,0
2025-01-08 14:00:00,PETR4,PETR4.SA,36.720001220703125,36.720001220703125,36.43000030517578,36.47999954223633,36.47999954223633,5805400,36.720001220703125,36.720001220703125,36.43000030517578,36.47999954223633,1.0,36.720001220703125,36.43000030517578,0
2025-01-09 10:00:00,PETR4,PETR4.SA,36.70000076293945,36.970001220703125,36.70000076293945,36.79999923706055,36.79999923706055,5412500,36.70000076293945,36.970001220703125,36.70000076293945,36.79999923706055,1.0,36.970001220703125,36.70000076293945,0
2025-01-09 14:00:00,PETR4,PETR4.SA,36.79999923706055,36.88999938964844,36.7400016784668,36.810001373291016,36.810001373291016,3197100,36.79999923706055,36.88999938964844,36.7400016784668,36.810001373291016,1.0,36.88999938964844,36.7400016784668,0
2025-01-10 10:00:00,PETR4,PETR4.SA,37.25,37.52000045776367,36.95000076293945,37.09000015258789,37.09000015258789,27140600,37.25,37.52000045776367,36.95000076293945,37.09000015258789,1.0,37.52000045776367,36.95000076293945,0
2025-01-10 14:00:00,PETR4,PETR4.SA,37.09000015258789,37.15999984741211,36.970001220703125,37.02000045776367,37.02000045776367,6937600,37.09000015258789,37.15999984741211,36.970001220703125,37.02000045776367,1.0,37.15999984741211,36.970001220703125,0
2025-01-13 10:00:00,PETR4,PETR4.SA,37.29999923706055,37.529998779296875,36.970001220703125,37.369998931884766,37.369998931884766,11068500,37.29999923706055,37.529998779296875,36.970001220703125,37.369998931884766,1.0,37.529998779296875,36.970001220703125,0
2025-01-13 14:00:00,PETR4,PETR4.SA,37.36000061035156,37.369998931884766,37.11000061035156,37.15999984741211,37.15999984741211,6454000,37.36000061035156,37.369998931884766,37.11000061035156,37.15999984741211,1.0,37.369998931884766,37.11000061035156,0
2025-01-14 10:00:00,PETR4,PETR4.SA,37.11000061035156,37.130001068115234,36.58000183105469,36.810001373291016,36.810001373291016,12583700,37.11000061035156,37.130001068115234,36.58000183105469,36.810001373291016,1.0,37.130001068115234,36.58000183105469,0
2025-01-14 14:00:00,PETR4,PETR4.SA,36.81999969482422,37.0,36.75,36.93000030517578,36.93000030517578,5323500,36.81999969482422,37.0,36.75,36.93000030517578,1.0,37.0,36.75,0
2025-01-15 10:00:00,PETR4,PETR4.SA,36.93000030517578,37.150001525878906,36.79999923706055,37.0099983215332,37.0099983215332,10262600,36.93000030517578,37.150001525878906,36.79999923706055,37.0099983215332,1.0,37.150001525878906,36.79999923706055,0
2025-01-15 14:00:00,PETR4,PETR4.SA,37.0099983215332,37.31999969482422,36.970001220703125,37.27000045776367,37.27000045776367,10207400,37.0099983215332,37.31999969482422,36.970001220703125,37.27000045776367,1.0,37.31999969482422,36.970001220703125,0
2025-01-16 10:00:00,PETR4,PETR4.SA,37.209999084472656,37.2400016784668,36.790000915527344,36.880001068115234,36.880001068115234,10788000,37.209999084472656,37.2400016784668,36.790000915527344,36.880001068115234,1.0,37.2400016784668,36.790000915527344,0
2025-01-16 14:00:00,PETR4,PETR4.SA,36.900001525878906,37.0,36.77000045776367,36.95000076293945,36.95000076293945,8188400,36.900001525878906,37.0,36.77000045776367,36.95000076293945,1.0,37.0,36.77000045776367,0
2025-01-17 10:00:00,PETR4,PETR4.SA,37.0099983215332,37.400001525878906,36.849998474121094,37.2400016784668,37.2400016784668,11207200,37.0099983215332,37.400001525878906,36.849998474121094,37.2400016784668,1.0,37.400001525878906,36.849998474121094,0
2025-01-17 14:00:00,PETR4,PETR4.SA,37.2400016784668,37.349998474121094,37.099998474121094,37.099998474121094,37.099998474121094,10493900,37.2400016784668,37.349998474121094,37.099998474121094,37.099998474121094,1.0,37.349998474121094,37.099998474121094,0
2025-01-20 10:00:00,PETR4,PETR4.SA,37.220001220703125,37.43000030517578,37.13999938964844,37.290000915527344,37.290000915527344,6697800,37.220001220703125,37.43000030517578,37.13999938964844,37.290000915527344,1.0,37.43000030517578,37.13999938964844,0
2025-01-20 14:00:00,PETR4,PETR4.SA,37.279998779296875,37.29999923706055,37.11000061035156,37.209999084472656,37.209999084472656,3876600,37.279998779296875,37.29999923706055,37.11000061035156,37.209999084472656,1.0,37.29999923706055,37.11000061035156,0
2025-01-21 10:00:00,PETR4,PETR4.SA,37.099998474121094,37.13999938964844,36.720001220703125,37.09000015258789,37.09000015258789,11064800,37.099998474121094,37.13999938964844,36.720001220703125,37.09000015258789,1.0,37.13999938964844,36.720001220703125,0
2025-01-21 14:00:00,PETR4,PETR4.SA,37.09000015258789,37.25,37.08000183105469,37.25,37.25,8223100,37.09000015258789,37.25,37.08000183105469,37.25,1.0,37.25,37.08000183105469,0
2025-01-22 10:00:00,PETR4,PETR4.SA,37.36000061035156,37.630001068115234,37.29999923706055,37.36000061035156,37.36000061035156,10731900,37.36000061035156,37.630001068115234,37.29999923706055,37.36000061035156,1.0,37.630001068115234,37.29999923706055,0
2025-01-22 14:00:00,PETR4,PETR4.SA,37.369998931884766,37.41999816894531,37.22999954223633,37.2599983215332,37.2599983215332,3716100,37.369998931884766,37.41999816894531,37.22999954223633,37.2599983215332,1.0,37.41999816894531,37.22999954223633,0
2025-01-23 10:00:00,PETR4,PETR4.SA,37.119998931884766,37.40999984741211,36.77000045776367,36.90999984741211,36.90999984741211,14436300,37.119998931884766,37.40999984741211,36.77000045776367,36.90999984741211,1.0,37.40999984741211,36.77000045776367,0
2025-01-23 14:00:00,PETR4,PETR4.SA,36.90999984741211,36.97999954223633,36.70000076293945,36.720001220703125,36.720001220703125,7172000,36.90999984741211,36.97999954223633,36.70000076293945,36.720001220703125,1.0,36.97999954223633,36.70000076293945,0
2025-01-24 10:00:00,PETR4,PETR4.SA,36.880001068115234,36.900001525878906,36.41999816894531,36.470001220703125,36.470001220703125,7303400,36.880001068115234,36.900001525878906,36.41999816894531,36.470001220703125,1.0,36.900001525878906,36.41999816894531,0
2025-01-24 14:00:00,PETR4,PETR4.SA,36.470001220703125,36.70000076293945,36.400001525878906,36.689998626708984,36.689998626708984,4509700,36.470001220703125,36.70000076293945,36.400001525878906,36.689998626708984,1.0,36.70000076293945,36.400001525878906,0
2025-01-27 10:00:00,PETR4,PETR4.SA,36.56999969482422,37.13999938964844,36.470001220703125,37.11000061035156,37.11000061035156,15513200,36.56999969482422,37.13999938964844,36.470001220703125,37.11000061035156,1.0,37.13999938964844,36.470001220703125,0
2025-01-27 14:00:00,PETR4,PETR4.SA,37.099998474121094,37.29999923706055,37.06999969482422,37.15999984741211,37.15999984741211,8248200,37.099998474121094,37.29999923706055,37.06999969482422,37.15999984741211,1.0,37.29999923706055,37.06999969482422,0
2025-01-28 10:00:00,PETR4,PETR4.SA,37.400001525878906,37.4900016784668,36.880001068115234,36.91999816894531,36.91999816894531,17130100,37.400001525878906,37.4900016784668,36.880001068115234,36.91999816894531,1.0,37.4900016784668,36.880001068115234,0
2025-01-28 14:00:00,PETR4,PETR4.SA,36.91999816894531,37.189998626708984,36.91999816894531,37.13999938964844,37.13999938964844,6745800,36.91999816894531,37.189998626708984,36.91999816894531,37.13999938964844,1.0,37.189998626708984,36.91999816894531,0
2025-01-29 10:00:00,PETR4,PETR4.SA,37.20000076293945,37.33000183105469,36.7599983215332,36.93000030517578,36.93000030517578,8911800,37.20000076293945,37.33000183105469,36.7599983215332,36.93000030517578,1.0,37.33000183105469,36.7599983215332,0
2025-01-29 14:00:00,PETR4,PETR4.SA,36.93000030517578,36.97999954223633,36.81999969482422,36.90999984741211,36.90999984741211,4188500,36.93000030517578,36.97999954223633,36.81999969482422,36.90999984741211,1.0,36.97999954223633,36.81999969482422,0
2025-01-30 10:00:00,PETR4,PETR4.SA,37.040000915527344,37.45000076293945,36.79999923706055,37.43000030517578,37.43000030517578,14274600,37.040000915527344,37.45000076293945,36.79999923706055,37.43000030517578,1.0,37.45000076293945,36.79999923706055,0
2025-01-30 14:00:00,PETR4,PETR4.SA,37.43000030517578,37.5099983215332,37.33000183105469,37.33000183105469,37.33000183105469,9449000,37.43000030517578,37.5099983215332,37.33000183105469,37.33000183105469,1.0,37.5099983215332,37.33000183105469,0
2025-01-31 10:00:00,PETR4,PETR4.SA,37.38999938964844,38.369998931884766,37.25,38.2599983215332,38.2599983215332,20017400,37.38999938964844,38.369998931884766,37.25,38.2599983215332,1.0,38.369998931884766,37.25,0
2025-01-31 14:00:00,PETR4,PETR4.SA,38.2599983215332,38.34000015258789,37.7400016784668,37.75,37.75,9448700,38.2599983215332,38.34000015258789,37.7400016784668,37.75,1.0,38.34000015258789,37.7400016784668,0
2025-02-03 10:00:00,PETR4,PETR4.SA,37.7599983215332,37.810001373291016,37.470001220703125,37.630001068115234,37.630001068115234,14080900,37.7599983215332,37.810001373291016,37.470001220703125,37.630001068115234,1.0,37.810001373291016,37.470001220703125,0
2025-02-03 14:00:00,PETR4,PETR4.SA,37.619998931884766,37.650001525878906,37.439998626708984,37.47999954223633,37.47999954223633,5372900,37.619998931884766,37.650001525878906,37.439998626708984,37.47999954223633,1.0,37.650001525878906,37.439998626708984,0
2025-02-04 10:00:00,PETR4,PETR4.SA,37.29999923706055,37.349998474121094,36.81999969482422,37.189998626708984,37.189998626708984,19232100,37.29999923706055,37.349998474121094,36.81999969482422,37.189998626708984,1.0,37.349998474121094,36.81999969482422,0
2025-02-04 14:00:00,PETR4,PETR4.SA,37.18000030517578,37.33000183105469,37.08000183105469,37.11000061035156,37.11000061035156,7457200,37.18000030517578,37.33000183105469,37.08000183105469,37.11000061035156,1.0,37.33000183105469,37.08000183105469,0
2025-02-05 10:00:00,PETR4,PETR4.SA,37.04999923706055,37.06999969482422,36.83000183105469,36.90999984741211,36.90999984741211,9938300,37.04999923706055,37.06999969482422,36.83000183105469,36.90999984741211,1.0,37.06999969482422,36.83000183105469,0
2025-02-05 14:00:00,PETR4,PETR4.SA,36.900001525878906,36.939998626708984,36.779998779296875,36.79999923706055,36.79999923706055,4318400,36.900001525878906,36.939998626708984,36.779998779296875,36.79999923706055,1.0,36.939998626708984,36.779998779296875,0
2025-02-06 10:00:00,PETR4,PETR4.SA,36.84000015258789,37.119998931884766,36.79999923706055,36.869998931884766,36.869998931884766,6759800,36.84000015258789,37.119998931884766,36.79999923706055,36.869998931884766,1.0,37.119998931884766,36.79999923706055,0
2025-02-06 14:00:00,PETR4,PETR4.SA,36.869998931884766,36.880001068115234,36.70000076293945,36.77000045776367,36.77000045776367,5909900,36.869998931884766,36.880001068115234,36.70000076293945,36.77000045776367,1.0,36.880001068115234,36.70000076293945,0
2025-02-07 10:00:00,PETR4,PETR4.SA,36.86000061035156,37.029998779296875,36.43000030517578,36.439998626708984,36.439998626708984,9161100,36.86000061035156,37.029998779296875,36.43000030517578,36.439998626708984,1.0,37.029998779296875,36.43000030517578,0
2025-02-07 14:00:00,PETR4,PETR4.SA,36.43000030517578,36.66999816894531,36.369998931884766,36.540000915527344,36.540000915527344,7494500,36.43000030517578,36.66999816894531,36.369998931884766,36.540000915527344,1.0,36.66999816894531,36.369998931884766,0
2025-02-10 10:00:00,PETR4,PETR4.SA,36.810001373291016,37.029998779296875,36.720001220703125,36.95000076293945,36.95000076293945,7660100,36.810001373291016,37.029998779296875,36.720001220703125,36.95000076293945,1.0,37.029998779296875,36.720001220703125,0
2025-02-10 14:00:00,PETR4,PETR4.SA,36.939998626708984,37.0,36.849998474121094,36.90999984741211,36.90999984741211,4129700,36.939998626708984,37.0,36.849998474121094,36.90999984741211,1.0,37.0,36.849998474121094,0
2025-02-11 10:00:00,PETR4,PETR4.SA,37.0099983215332,37.09000015258789,36.68000030517578,36.81999969482422,36.81999969482422,8738700,37.0099983215332,37.09000015258789,36.68000030517578,36.81999969482422,1.0,37.09000015258789,36.68000030517578,0
2025-02-11 14:00:00,PETR4,PETR4.SA,36.81999969482422,36.86000061035156,36.720001220703125,36.790000915527344,36.790000915527344,3496300,36.81999969482422,36.86000061035156,36.720001220703125,36.790000915527344,1.0,36.86000061035156,36.720001220703125,0
2025-02-12 10:00:00,PETR4,PETR4.SA,36.650001525878906,36.75,36.279998779296875,36.40999984741211,36.40999984741211,14343800,36.650001525878906,36.75,36.279998779296875,36.40999984741211,1.0,36.75,36.279998779296875,0
2025-02-12 14:00:00,PETR4,PETR4.SA,36.38999938964844,36.439998626708984,36.11000061035156,36.189998626708984,36.189998626708984,14896000,36.38999938964844,36.439998626708984,36.11000061035156,36.189998626708984,1.0,36.439998626708984,36.11000061035156,0
2025-02-13 10:00:00,PETR4,PETR4.SA,36.20000076293945,36.27000045776367,36.02000045776367,36.119998931884766,36.119998931884766,6950900,36.20000076293945,36.27000045776367,36.02000045776367,36.119998931884766,1.0,36.27000045776367,36.02000045776367,0
2025-02-13 14:00:00,PETR4,PETR4.SA,36.119998931884766,36.33000183105469,36.08000183105469,36.290000915527344,36.290000915527344,4215100,36.119998931884766,36.33000183105469,36.08000183105469,36.290000915527344,1.0,36.33000183105469,36.08000183105469,0
2025-02-14 10:00:00,PETR4,PETR4.SA,36.439998626708984,37.060001373291016,36.400001525878906,37.04999923706055,37.04999923706055,12010000,36.439998626708984,37.060001373291016,36.400001525878906,37.04999923706055,1.0,37.060001373291016,36.400001525878906,0
2025-02-14 14:00:00,PETR4,PETR4.SA,37.04999923706055,37.560001373291016,37.040000915527344,37.52000045776367,37.52000045776367,16181500,37.04999923706055,37.560001373291016,37.040000915527344,37.52000045776367,1.0,37.560001373291016,37.040000915527344,0
2025-02-17 10:00:00,PETR4,PETR4.SA,37.63999938964844,37.880001068115234,37.470001220703125,37.880001068115234,37.880001068115234,7971300,37.63999938964844,37.880001068115234,37.470001220703125,37.880001068115234,1.0,37.880001068115234,37.470001220703125,0
2025-02-17 14:00:00,PETR4,PETR4.SA,37.869998931884766,37.91999816894531,37.58000183105469,37.77000045776367,37.77000045776367,7812700,37.869998931884766,37.91999816894531,37.58000183105469,37.77000045776367,1.0,37.91999816894531,37.58000183105469,0
2025-02-18 10:00:00,PETR4,PETR4.SA,37.720001220703125,38.43000030517578,37.709999084472656,38.43000030517578,38.43000030517578,18336400,37.720001220703125,38.43000030517578,37.709999084472656,38.43000030517578,1.0,38.43000030517578,37.709999084472656,0
2025-02-18 14:00:00,PETR4,PETR4.SA,38.43000030517578,38.439998626708984,38.099998474121094,38.209999084472656,38.209999084472656,13825800,38.43000030517578,38.439998626708984,38.099998474121094,38.209999084472656,1.0,38.439998626708984,38.099998474121094,0
2025-02-19 10:00:00,PETR4,PETR4.SA,38.11000061035156,38.65999984741211,37.869998931884766,38.529998779296875,38.529998779296875,13512500,38.11000061035156,38.65999984741211,37.869998931884766,38.529998779296875,1.0,38.65999984741211,37.869998931884766,0
2025-02-19 14:00:00,PETR4,PETR4.SA,38.52000045776367,38.540000915527344,38.22999954223633,38.310001373291016,38.310001373291016,6833300,38.52000045776367,38.540000915527344,38.22999954223633,38.310001373291016,1.0,38.540000915527344,38.22999954223633,0
2025-02-20 10:00:00,PETR4,PETR4.SA,38.41999816894531,38.56999969482422,38.310001373291016,38.380001068115234,38.380001068115234,7524000,38.41999816894531,38.56999969482422,38.310001373291016,38.380001068115234,1.0,38.56999969482422,38.310001373291016,0
2025-02-20 14:00:00,PETR4,PETR4.SA,38.38999938964844,38.459999084472656,38.310001373291016,38.369998931884766,38.369998931884766,9781300,38.38999938964844,38.459999084472656,38.310001373291016,38.369998931884766,1.0,38.459999084472656,38.310001373291016,0
2025-02-21 10:00:00,PETR4,PETR4.SA,38.529998779296875,38.529998779296875,38.27000045776367,38.380001068115234,38.380001068115234,6117200,38.529998779296875,38.529998779296875,38.27000045776367,38.380001068115234,1.0,38.529998779296875,38.27000045776367,0
2025-02-21 14:00:00,PETR4,PETR4.SA,38.38999938964844,38.43000030517578,38.16999816894531,38.220001220703125,38.220001220703125,7426600,38.38999938964844,38.43000030517578,38.16999816894531,38.220001220703125,1.0,38.43000030517578,38.16999816894531,0
2025-02-24 10:00:00,PETR4,PETR4.SA,38.5,38.5099983215332,38.029998779296875,38.099998474121094,38.099998474121094,9743100,38.5,38.5099983215332,38.029998779296875,38.099998474121094,1.0,38.5099983215332,38.029998779296875,0
2025-02-24 14:00:00,PETR4,PETR4.SA,38.099998474121094,38.13999938964844,37.79999923706055,37.959999084472656,37.959999084472656,8344500,38.099998474121094,38.13999938964844,37.79999923706055,37.959999084472656,1.0,38.13999938964844,37.79999923706055,0
2025-02-25 10:00:00,PETR4,PETR4.SA,38.119998931884766,38.439998626708984,37.91999816894531,37.959999084472656,37.959999084472656,15778600,38.119998931884766,38.439998626708984,37.91999816894531,37.959999084472656,1.0,38.439998626708984,37.91999816894531,0
2025-02-25 14:00:00,PETR4,PETR4.SA,37.959999084472656,38.040000915527344,37.83000183105469,38.029998779296875,38.029998779296875,10996200,37.959999084472656,38.040000915527344,37.83000183105469,38.029998779296875,1.0,38.040000915527344,37.83000183105469,0
2025-02-26 10:00:00,PETR4,PETR4.SA,38.25,38.25,37.869998931884766,37.90999984741211,37.90999984741211,5617700,38.25,38.25,37.869998931884766,37.90999984741211,1.0,38.25,37.869998931884766,0
2025-02-26 14:00:00,PETR4,PETR4.SA,37.900001525878906,37.959999084472656,37.75,37.83000183105469,37.83000183105469,5230900,37.900001525878906,37.959999084472656,37.75,37.83000183105469,1.0,37.959999084472656,37.75,0
2025-02-27 10:00:00,PETR4,PETR4.SA,36.36000061035156,36.7400016784668,35.47999954223633,35.79999923706055,35.79999923706055,50969300,36.36000061035156,36.7400016784668,35.47999954223633,35.79999923706055,1.0,36.7400016784668,35.47999954223633,0
2025-02-27 14:00:00,PETR4,PETR4.SA,35.790000915527344,36.72999954223633,35.7400016784668,36.47999954223633,36.47999954223633,33139000,35.790000915527344,36.72999954223633,35.7400016784668,36.47999954223633,1.0,36.72999954223633,35.7400016784668,0
2025-02-28 10:00:00,PETR4,PETR4.SA,36.4900016784668,36.54999923706055,35.810001373291016,36.16999816894531,36.16999816894531,20970200,36.4900016784668,36.54999923706055,35.810001373291016,36.16999816894531,1.0,36.54999923706055,35.810001373291016,0
2025-02-28 14:00:00,PETR4,PETR4.SA,36.15999984741211,36.2400016784668,35.90999984741211,36.08000183105469,36.08000183105469,13335900,36.15999984741211,36.2400016784668,35.90999984741211,36.08000183105469,1.0,36.2400016784668,35.90999984741211,0
2025-03-05 13:00:00,PETR4,PETR4.SA,35.02000045776367,35.11000061035156,34.630001068115234,34.66999816894531,34.66999816894531,33981900,35.02000045776367,35.11000061035156,34.630001068115234,34.66999816894531,1.0,35.11000061035156,34.630001068115234,0
2025-03-05 17:00:00,PETR4,PETR4.SA,34.66999816894531,34.70000076293945,34.54999923706055,34.599998474121094,34.599998474121094,7157200,34.66999816894531,34.70000076293945,34.54999923706055,34.599998474121094,1.0,34.70000076293945,34.54999923706055,0
2025-03-06 10:00:00,PETR4,PETR4.SA,34.810001373291016,35.119998931884766,34.06999969482422,34.20000076293945,34.20000076293945,17783600,34.810001373291016,35.119998931884766,34.06999969482422,34.20000076293945,1.0,35.119998931884766,34.06999969482422,0
2025-03-06 14:00:00,PETR4,PETR4.SA,34.189998626708984,34.36000061035156,34.029998779296875,34.189998626708984,34.189998626708984,15215500,34.189998626708984,34.36000061035156,34.029998779296875,34.189998626708984,1.0,34.36000061035156,34.029998779296875,0
2025-03-07 10:00:00,PETR4,PETR4.SA,34.290000915527344,34.86000061035156,34.22999954223633,34.529998779296875,34.529998779296875,10849600,34.290000915527344,34.86000061035156,34.22999954223633,34.529998779296875,1.0,34.86000061035156,34.22999954223633,0
2025-03-07 14:00:00,PETR4,PETR4.SA,34.540000915527344,34.93000030517578,34.47999954223633,34.810001373291016,34.810001373291016,7561200,34.540000915527344,34.93000030517578,34.47999954223633,34.810001373291016,1.0,34.93000030517578,34.47999954223633,0
2025-03-10 10:00:00,PETR4,PETR4.SA,34.58000183105469,34.599998474121094,34.0,34.33000183105469,34.33000183105469,13461600,34.58000183105469,34.599998474121094,34.0,34.33000183105469,1.0,34.599998474121094,34.0,0
2025-03-10 14:00:00,PETR4,PETR4.SA,34.33000183105469,34.52000045776367,34.20000076293945,34.52000045776367,34.52000045776367,11559700,34.33000183105469,34.52000045776367,34.20000076293945,34.52000045776367,1.0,34.52000045776367,34.20000076293945,0
2025-03-11 10:00:00,PETR4,PETR4.SA,34.75,34.900001525878906,34.02000045776367,34.029998779296875,34.029998779296875,10652100,34.75,34.900001525878906,34.02000045776367,34.029998779296875,1.0,34.900001525878906,34.02000045776367,0
2025-03-11 14:00:00,PETR4,PETR4.SA,34.029998779296875,34.2599983215332,33.90999984741211,34.130001068115234,34.130001068115234,10403900,34.029998779296875,34.2599983215332,33.90999984741211,34.130001068115234,1.0,34.2599983215332,33.90999984741211,0
2025-03-12 10:00:00,PETR4,PETR4.SA,34.15999984741211,34.400001525878906,34.0,34.18000030517578,34.18000030517578,7327000,34.15999984741211,34.400001525878906,34.0,34.18000030517578,1.0,34.400001525878906,34.0,0
2025-03-12 14:00:00,PETR4,PETR4.SA,34.16999816894531,34.209999084472656,33.959999084472656,34.150001525878906,34.150001525878906,7683400,34.16999816894531,34.209999084472656,33.959999084472656,34.150001525878906,1.0,34.209999084472656,33.959999084472656,0
2025-03-13 10:00:00,PETR4,PETR4.SA,34.18000030517578,34.540000915527344,34.040000915527344,34.380001068115234,34.380001068115234,6313200,34.18000030517578,34.540000915527344,34.040000915527344,34.380001068115234,1.0,34.540000915527344,34.040000915527344,0
2025-03-13 14:00:00,PETR4,PETR4.SA,34.380001068115234,34.400001525878906,34.15999984741211,34.29999923706055,34.29999923706055,6317600,34.380001068115234,34.400001525878906,34.15999984741211,34.29999923706055,1.0,34.400001525878906,34.15999984741211,0
2025-03-14 10:00:00,PETR4,PETR4.SA,34.599998474121094,35.34000015258789,34.369998931884766,35.2400016784668,35.2400016784668,18454700,34.599998474121094,35.34000015258789,34.369998931884766,35.2400016784668,1.0,35.34000015258789,34.369998931884766,0
2025-03-14 14:00:00,PETR4,PETR4.SA,35.2400016784668,35.7599983215332,35.220001220703125,35.63999938964844,35.63999938964844,16240500,35.2400016784668,35.7599983215332,35.220001220703125,35.63999938964844,1.0,35.7599983215332,35.220001220703125,0
2025-03-17 10:00:00,PETR4,PETR4.SA,35.61000061035156,36.40999984741211,35.599998474121094,36.29999923706055,36.29999923706055,14689200,35.61000061035156,36.40999984741211,35.599998474121094,36.29999923706055,1.0,36.40999984741211,35.599998474121094,0
2025-03-17 14:00:00,PETR4,PETR4.SA,36.29999923706055,36.400001525878906,36.18000030517578,36.290000915527344,36.290000915527344,9451400,36.29999923706055,36.400001525878906,36.18000030517578,36.290000915527344,1.0,36.400001525878906,36.18000030517578,0
2025-03-18 10:00:00,PETR4,PETR4.SA,36.189998626708984,36.40999984741211,35.90999984741211,36.09000015258789,36.09000015258789,4501700,36.189998626708984,36.40999984741211,35.90999984741211,36.09000015258789,1.0,36.40999984741211,35.90999984741211,0
2025-03-18 14:00:00,PETR4,PETR4.SA,36.099998474121094,36.20000076293945,36.04999923706055,36.189998626708984,36.189998626708984,4783700,36.099998474121094,36.20000076293945,36.04999923706055,36.189998626708984,1.0,36.20000076293945,36.04999923706055,0
2025-03-19 10:00:00,PETR4,PETR4.SA,36.27000045776367,36.33000183105469,36.029998779296875,36.18000030517578,36.18000030517578,7114400,36.27000045776367,36.33000183105469,36.029998779296875,36.18000030517578,1.0,36.33000183105469,36.029998779296875,0
2025-03-19 14:00:00,PETR4,PETR4.SA,36.16999816894531,36.33000183105469,36.08000183105469,36.189998626708984,36.189998626708984,8275700,36.16999816894531,36.33000183105469,36.08000183105469,36.189998626708984,1.0,36.33000183105469,36.08000183105469,0
2025-03-20 10:00:00,PETR4,PETR4.SA,36.15999984741211,36.22999954223633,35.7599983215332,35.91999816894531,35.91999816894531,15467200,36.15999984741211,36.22999954223633,35.7599983215332,35.91999816894531,1.0,36.22999954223633,35.7599983215332,0
2025-03-20 14:00:00,PETR4,PETR4.SA,35.91999816894531,36.47999954223633,35.900001525878906,36.310001373291016,36.310001373291016,23709600,35.91999816894531,36.47999954223633,35.900001525878906,36.310001373291016,1.0,36.47999954223633,35.900001525878906,0
2025-03-21 10:00:00,PETR4,PETR4.SA,36.220001220703125,36.689998626708984,36.18000030517578,36.52000045776367,36.52000045776367,12120000,36.220001220703125,36.689998626708984,36.18000030517578,36.52000045776367,1.0,36.689998626708984,36.18000030517578,0
2025-03-21 14:00:00,PETR4,PETR4.SA,36.5099983215332,37.029998779296875,36.45000076293945,36.7400016784668,36.7400016784668,17875900,36.5099983215332,37.029998779296875,36.45000076293945,36.7400016784668,1.0,37.029998779296875,36.45000076293945,0
2025-03-24 10:00:00,PETR4,PETR4.SA,36.70000076293945,36.939998626708984,36.5,36.91999816894531,36.91999816894531,6530200,36.70000076293945,36.939998626708984,36.5,36.91999816894531,1.0,36.939998626708984,36.5,0
2025-03-24 14:00:00,PETR4,PETR4.SA,36.91999816894531,36.93000030517578,36.52000045776367,36.689998626708984,36.689998626708984,7852500,36.91999816894531,36.93000030517578,36.52000045776367,36.689998626708984,1.0,36.93000030517578,36.52000045776367,0
2025-03-25 10:00:00,PETR4,PETR4.SA,36.849998474121094,37.52000045776367,36.630001068115234,37.150001525878906,37.150001525878906,13893000,36.849998474121094,37.52000045776367,36.630001068115234,37.150001525878906,1.0,37.52000045776367,36.630001068115234,0
2025-03-25 14:00:00,PETR4,PETR4.SA,37.15999984741211,37.20000076293945,37.029998779296875,37.08000183105469,37.08000183105469,7032200,37.15999984741211,37.20000076293945,37.029998779296875,37.08000183105469,1.0,37.20000076293945,37.029998779296875,0
2025-03-26 10:00:00,PETR4,PETR4.SA,37.150001525878906,37.630001068115234,37.150001525878906,37.52000045776367,37.52000045776367,11068100,37.150001525878906,37.630001068115234,37.150001525878906,37.52000045776367,1.0,37.630001068115234,37.150001525878906,0
2025-03-26 14:00:00,PETR4,PETR4.SA,37.5099983215332,37.58000183105469,37.349998474121094,37.40999984741211,37.40999984741211,8124900,37.5099983215332,37.58000183105469,37.349998474121094,37.40999984741211,1.0,37.58000183105469,37.349998474121094,0
2025-03-27 10:00:00,PETR4,PETR4.SA,37.43000030517578,37.970001220703125,37.38999938964844,37.869998931884766,37.869998931884766,13293400,37.43000030517578,37.970001220703125,37.38999938964844,37.869998931884766,1.0,37.970001220703125,37.38999938964844,0
2025-03-27 14:00:00,PETR4,PETR4.SA,37.86000061035156,37.900001525878906,37.58000183105469,37.689998626708984,37.689998626708984,8368300,37.86000061035156,37.900001525878906,37.58000183105469,37.689998626708984,1.0,37.900001525878906,37.58000183105469,0
2025-03-28 10:00:00,PETR4,PETR4.SA,37.650001525878906,37.880001068115234,37.09000015258789,37.119998931884766,37.119998931884766,8433700,37.650001525878906,37.880001068115234,37.09000015258789,37.119998931884766,1.0,37.880001068115234,37.09000015258789,0
2025-03-28 14:00:00,PETR4,PETR4.SA,37.119998931884766,37.59000015258789,37.11000061035156,37.52000045776367,37.52000045776367,9726600,37.119998931884766,37.59000015258789,37.11000061035156,37.52000045776367,1.0,37.59000015258789,37.11000061035156,0
2025-03-31 10:00:00,PETR4,PETR4.SA,37.349998474121094,37.63999938964844,37.08000183105469,37.47999954223633,37.47999954223633,9337600,37.349998474121094,37.63999938964844,37.08000183105469,37.47999954223633,1.0,37.63999938964844,37.08000183105469,0
2025-03-31 14:00:00,PETR4,PETR4.SA,37.47999954223633,37.5,37.189998626708984,37.22999954223633,37.22999954223633,9451100,37.47999954223633,37.5,37.189998626708984,37.22999954223633,1.0,37.5,37.189998626708984,0
2025-04-01 10:00:00,PETR4,PETR4.SA,37.29999923706055,37.970001220703125,37.20000076293945,37.709999084472656,37.709999084472656,9031500,37.29999923706055,37.970001220703125,37.20000076293945,37.709999084472656,1.0,37.970001220703125,37.20000076293945,0
2025-04-01 14:00:00,PETR4,PETR4.SA,37.709999084472656,37.7400016784668,37.310001373291016,37.34000015258789,37.34000015258789,5584100,37.709999084472656,37.7400016784668,37.310001373291016,37.34000015258789,1.0,37.7400016784668,37.310001373291016,0
2025-04-02 10:00:00,PETR4,PETR4.SA,37.27000045776367,37.29999923706055,36.83000183105469,37.16999816894531,37.16999816894531,5338200,37.27000045776367,37.29999923706055,36.83000183105469,37.16999816894531,1.0,37.29999923706055,36.83000183105469,0
2025-04-02 14:00:00,PETR4,PETR4.SA,37.189998626708984,37.20000076293945,37.08000183105469,37.15999984741211,37.15999984741211,3909100,37.189998626708984,37.20000076293945,37.08000183105469,37.15999984741211,1.0,37.20000076293945,37.08000183105469,0
2025-04-03 10:00:00,PETR4,PETR4.SA,36.150001525878906,36.29999923706055,35.61000061035156,36.11000061035156,36.11000061035156,30295700,36.150001525878906,36.29999923706055,35.61000061035156,36.11000061035156,1.0,36.29999923706055,35.61000061035156,0
2025-04-03 14:00:00,PETR4,PETR4.SA,36.11000061035156,36.25,35.93000030517578,35.95000076293945,35.95000076293945,14605700,36.11000061035156,36.25,35.93000030517578,35.95000076293945,1.0,36.25,35.93000030517578,0
2025-04-04 10:00:00,PETR4,PETR4.SA,34.7400016784668,35.0099983215332,33.810001373291016,34.040000915527344,34.040000915527344,30371700,34.7400016784668,35.0099983215332,33.810001373291016,34.040000915527344,1.0,35.0099983215332,33.810001373291016,0
2025-04-04 14:00:00,PETR4,PETR4.SA,34.040000915527344,34.689998626708984,33.900001525878906,34.59000015258789,34.59000015258789,22898200,34.040000915527344,34.689998626708984,33.900001525878906,34.59000015258789,1.0,34.689998626708984,33.900001525878906,0
2025-04-07 10:00:00,PETR4,PETR4.SA,33.91999816894531,34.560001373291016,33.11000061035156,33.29999923706055,33.29999923706055,34227200,33.91999816894531,34.560001373291016,33.11000061035156,33.29999923706055,1.0,34.560001373291016,33.11000061035156,0
2025-04-07 14:00:00,PETR4,PETR4.SA,33.290000915527344,33.65999984741211,33.20000076293945,33.25,33.25,31133200,33.290000915527344,33.65999984741211,33.20000076293945,33.25,1.0,33.65999984741211,33.20000076293945,0
2025-04-08 10:00:00,PETR4,PETR4.SA,33.70000076293945,33.939998626708984,32.63999938964844,32.68000030517578,32.68000030517578,18551500,33.70000076293945,33.939998626708984,32.63999938964844,32.68000030517578,1.0,33.939998626708984,32.63999938964844,0
2025-04-08 14:00:00,PETR4,PETR4.SA,32.689998626708984,32.790000915527344,31.8799991607666,32.0099983215332,32.0099983215332,25284300,32.689998626708984,32.790000915527344,31.8799991607666,32.0099983215332,1.0,32.790000915527344,31.8799991607666,0
2025-04-09 10:00:00,PETR4,PETR4.SA,31.309999465942383,31.93000030517578,31.040000915527344,31.420000076293945,31.420000076293945,27254900,31.309999465942383,31.93000030517578,31.040000915527344,31.420000076293945,1.0,31.93000030517578,31.040000915527344,0
2025-04-09 14:00:00,PETR4,PETR4.SA,31.420000076293945,33.58000183105469,31.219999313354492,33.31999969482422,33.31999969482422,55951800,31.420000076293945,33.58000183105469,31.219999313354492,33.31999969482422,1.0,33.58000183105469,31.219999313354492,0
2025-04-10 10:00:00,PETR4,PETR4.SA,33.0,33.02000045776367,31.520000457763672,31.739999771118164,31.739999771118164,23250600,33.0,33.02000045776367,31.520000457763672,31.739999771118164,1.0,33.02000045776367,31.520000457763672,0
2025-04-10 14:00:00,PETR4,PETR4.SA,31.739999771118164,31.920000076293945,31.200000762939453,31.329999923706055,31.329999923706055,29532700,31.739999771118164,31.920000076293945,31.200000762939453,31.329999923706055,1.0,31.920000076293945,31.200000762939453,0
2025-04-11 10:00:00,PETR4,PETR4.SA,31.5,31.610000610351562,30.780000686645508,31.549999237060547,31.549999237060547,18854300,31.5,31.610000610351562,30.780000686645508,31.549999237060547,1.0,31.610000610351562,30.780000686645508,0
2025-04-11 14:00:00,PETR4,PETR4.SA,31.540000915527344,32.29999923706055,31.3799991607666,31.979999542236328,31.979999542236328,31912700,31.540000915527344,32.29999923706055,31.3799991607666,31.979999542236328,1.0,32.29999923706055,31.3799991607666,0
2025-04-14 10:00:00,PETR4,PETR4.SA,32.599998474121094,32.880001068115234,31.440000534057617,31.65999984741211,31.65999984741211,19589300,32.599998474121094,32.880001068115234,31.440000534057617,31.65999984741211,1.0,32.880001068115234,31.440000534057617,0
2025-04-14 14:00:00,PETR4,PETR4.SA,31.65999984741211,32.060001373291016,31.65999984741211,31.799999237060547,31.799999237060547,19639500,31.65999984741211,32.060001373291016,31.65999984741211,31.799999237060547,1.0,32.060001373291016,31.65999984741211,0
2025-04-15 10:00:00,PETR4,PETR4.SA,31.729999542236328,31.8700008392334,31.239999771118164,31.299999237060547,31.299999237060547,16470400,31.729999542236328,31.8700008392334,31.239999771118164,31.299999237060547,1.0,31.8700008392334,31.239999771118164,0
2025-04-15 14:00:00,PETR4,PETR4.SA,31.299999237060547,31.729999542236328,30.979999542236328,31.0,31.0,27803700,31.299999237060547,31.729999542236328,30.979999542236328,31.0,1.0,31.729999542236328,30.979999542236328,0
2025-04-16 10:00:00,PETR4,PETR4.SA,31.290000915527344,31.389999389648438,30.850000381469727,31.290000915527344,31.290000915527344,36794200,31.290000915527344,31.389999389648438,30.850000381469727,31.290000915527344,1.0,31.389999389648438,30.850000381469727,0
2025-04-16 14:00:00,PETR4,PETR4.SA,31.290000915527344,31.469999313354492,30.93000030517578,30.979999542236328,30.979999542236328,31397800,31.290000915527344,31.469999313354492,30.93000030517578,30.979999542236328,1.0,31.469999313354492,30.93000030517578,0
2025-04-17 10:00:00,PETR4,PETR4.SA,30.670000076293945,31.18000030517578,30.459999084472656,31.010000228881836,31.010000228881836,32037200,30.670000076293945,31.18000030517578,30.459999084472656,31.010000228881836,1.0,31.18000030517578,30.459999084472656,0
2025-04-17 14:00:00,PETR4,PETR4.SA,31.010000228881836,31.1299991607666,30.75,30.780000686645508,30.780000686645508,15422600,31.010000228881836,31.1299991607666,30.75,30.780000686645508,1.0,31.1299991607666,30.75,0
2025-04-22 10:00:00,PETR4,PETR4.SA,30.799999237060547,31.25,30.329999923706055,30.969999313354492,30.969999313354492,14739200,30.799999237060547,31.25,30.329999923706055,30.969999313354492,1.0,31.25,30.329999923706055,0
2025-04-22 14:00:00,PETR4,PETR4.SA,30.969999313354492,31.030000686645508,30.709999084472656,30.979999542236328,30.979999542236328,13302900,30.969999313354492,31.030000686645508,30.709999084472656,30.979999542236328,1.0,31.030000686645508,30.709999084472656,0
2025-04-23 10:00:00,PETR4,PETR4.SA,31.350000381469727,31.780000686645508,30.639999389648438,30.899999618530273,30.899999618530273,31229900,31.350000381469727,31.780000686645508,30.639999389648438,30.899999618530273,1.0,31.780000686645508,30.639999389648438,0
2025-04-23 14:00:00,PETR4,PETR4.SA,30.899999618530273,31.010000228881836,30.5,30.579999923706055,30.579999923706055,16837200,30.899999618530273,31.010000228881836,30.5,30.579999923706055,1.0,31.010000228881836,30.5,0
2025-04-24 10:00:00,PETR4,PETR4.SA,30.809999465942383,30.84000015258789,30.059999465942383,30.520000457763672,30.520000457763672,34402300,30.809999465942383,30.84000015258789,30.059999465942383,30.520000457763672,1.0,30.84000015258789,30.059999465942383,0
2025-04-24 14:00:00,PETR4,PETR4.SA,30.520000457763672,30.6200008392334,30.31999969482422,30.43000030517578,30.43000030517578,23169200,30.520000457763672,30.6200008392334,30.31999969482422,30.43000030517578,1.0,30.6200008392334,30.31999969482422,0
2025-04-25 10:00:00,PETR4,PETR4.SA,30.34000015258789,30.729999542236328,30.200000762939453,30.600000381469727,30.600000381469727,8400800,30.34000015258789,30.729999542236328,30.200000762939453,30.600000381469727,1.0,30.729999542236328,30.200000762939453,0
2025-04-25 14:00:00,PETR4,PETR4.SA,30.610000610351562,30.6200008392334,30.399999618530273,30.520000457763672,30.520000457763672,16666900,30.610000610351562,30.6200008392334,30.399999618530273,30.520000457763672,1.0,30.6200008392334,30.399999618530273,0
2025-04-28 10:00:00,PETR4,PETR4.SA,30.559999465942383,30.780000686645508,30.329999923706055,30.3700008392334,30.3700008392334,9139800,30.559999465942383,30.780000686645508,30.329999923706055,30.3700008392334,1.0,30.780000686645508,30.329999923706055,0
2025-04-28 14:00:00,PETR4,PETR4.SA,30.360000610351562,30.450000762939453,30.25,30.399999618530273,30.399999618530273,10431500,30.360000610351562,30.450000762939453,30.25,30.399999618530273,1.0,30.450000762939453,30.25,0
2025-04-29 10:00:00,PETR4,PETR4.SA,30.299999237060547,30.809999465942383,30.149999618530273,30.56999969482422,30.56999969482422,12305200,30.299999237060547,30.809999465942383,30.149999618530273,30.56999969482422,1.0,30.809999465942383,30.149999618530273,0
2025-04-29 14:00:00,PETR4,PETR4.SA,30.56999969482422,30.719999313354492,30.450000762939453,30.56999969482422,30.56999969482422,10342400,30.56999969482422,30.719999313354492,30.450000762939453,30.56999969482422,1.0,30.719999313354492,30.450000762939453,0
2025-04-30 10:00:00,PETR4,PETR4.SA,30.40999984741211,30.579999923706055,30.049999237060547,30.1299991607666,30.1299991607666,21962600,30.40999984741211,30.579999923706055,30.049999237060547,30.1299991607666,1.0,30.579999923706055,30.049999237060547,0
2025-04-30 14:00:00,PETR4,PETR4.SA,30.1299991607666,30.270000457763672,29.959999084472656,30.040000915527344,30.040000915527344,18447300,30.1299991607666,30.270000457763672,29.959999084472656,30.040000915527344,1.0,30.270000457763672,29.959999084472656,0
2025-05-02 10:00:00,PETR4,PETR4.SA,30.200000762939453,30.6200008392334,29.969999313354492,30.510000228881836,30.510000228881836,12109200,30.200000762939453,30.6200008392334,29.969999313354492,30.510000228881836,1.0,30.6200008392334,29.969999313354492,0
2025-05-02 14:00:00,PETR4,PETR4.SA,30.510000228881836,30.799999237060547,30.459999084472656,30.790000915527344,30.790000915527344,8724200,30.510000228881836,30.799999237060547,30.459999084472656,30.790000915527344,1.0,30.799999237060547,30.459999084472656,0
2025-05-05 10:00:00,PETR4,PETR4.SA,30.56999969482422,30.6200008392334,29.920000076293945,29.979999542236328,29.979999542236328,22990300,30.56999969482422,30.6200008392334,29.920000076293945,29.979999542236328,1.0,30.6200008392334,29.920000076293945,0
2025-05-05 14:00:00,PETR4,PETR4.SA,29.979999542236328,30.0,29.700000762939453,29.709999084472656,29.709999084472656,23261400,29.979999542236328,30.0,29.700000762939453,29.709999084472656,1.0,30.0,29.700000762939453,0
2025-05-06 10:00:00,PETR4,PETR4.SA,30.110000610351562,30.389999389648438,29.959999084472656,30.170000076293945,30.170000076293945,15689200,30.110000610351562,30.389999389648438,29.959999084472656,30.170000076293945,1.0,30.389999389648438,29.959999084472656,0
2025-05-06 14:00:00,PETR4,PETR4.SA,30.170000076293945,30.299999237060547,30.049999237060547,30.139999389648438,30.139999389648438,16768400,30.170000076293945,30.299999237060547,30.049999237060547,30.139999389648438,1.0,30.299999237060547,30.049999237060547,0
2025-05-07 10:00:00,PETR4,PETR4.SA,30.299999237060547,30.299999237060547,30.030000686645508,30.139999389648438,30.139999389648438,13078200,30.299999237060547,30.299999237060547,30.030000686645508,30.139999389648438,1.0,30.299999237060547,30.030000686645508,0
2025-05-07 14:00:00,PETR4,PETR4.SA,30.139999389648438,30.260000228881836,29.899999618530273,30.25,30.25,13644900,30.139999389648438,30.260000228881836,29.899999618530273,30.25,1.0,30.260000228881836,29.899999618530273,0
2025-05-08 10:00:00,PETR4,PETR4.SA,30.59000015258789,31.030000686645508,30.450000762939453,30.959999084472656,30.959999084472656,18707400,30.59000015258789,31.030000686645508,30.450000762939453,30.959999084472656,1.0,31.030000686645508,30.450000762939453,0
2025-05-08 14:00:00,PETR4,PETR4.SA,30.959999084472656,31.010000228881836,30.75,30.799999237060547,30.799999237060547,12497600,30.959999084472656,31.010000228881836,30.75,30.799999237060547,1.0,31.010000228881836,30.75,0
2025-05-09 10:00:00,PETR4,PETR4.SA,31.100000381469727,31.18000030517578,30.639999389648438,30.8799991607666,30.8799991607666,7880900,31.100000381469727,31.18000030517578,30.639999389648438,30.8799991607666,1.0,31.18000030517578,30.639999389648438,0
2025-05-09 14:00:00,PETR4,PETR4.SA,30.8700008392334,31.040000915527344,30.790000915527344,30.959999084472656,30.959999084472656,10169100,30.8700008392334,31.040000915527344,30.790000915527344,30.959999084472656,1.0,31.040000915527344,30.790000915527344,0
2025-05-12 10:00:00,PETR4,PETR4.SA,31.899999618530273,32.16999816894531,31.75,31.950000762939453,31.950000762939453,13809400,31.899999618530273,32.16999816894531,31.75,31.950000762939453,1.0,32.16999816894531,31.75,0
2025-05-12 14:00:00,PETR4,PETR4.SA,31.959999084472656,31.979999542236328,31.709999084472656,31.799999237060547,31.799999237060547,16749300,31.959999084472656,31.979999542236328,31.709999084472656,31.799999237060547,1.0,31.979999542236328,31.709999084472656,0
2025-05-13 10:00:00,PETR4,PETR4.SA,31.770000457763672,32.060001373291016,31.350000381469727,32.02000045776367,32.02000045776367,19951200,31.770000457763672,32.060001373291016,31.350000381469727,32.02000045776367,1.0,32.060001373291016,31.350000381469727,0
2025-05-13 14:00:00,PETR4,PETR4.SA,32.0099983215332,32.25,31.979999542236328,32.20000076293945,32.20000076293945,20898000,32.0099983215332,32.25,31.979999542236328,32.20000076293945,1.0,32.25,31.979999542236328,0
2025-05-14 10:00:00,PETR4,PETR4.SA,32.0,32.119998931884766,31.700000762939453,32.0,32.0,17614600,32.0,32.119998931884766,31.700000762939453,32.0,1.0,32.119998931884766,31.700000762939453,0
2025-05-14 14:00:00,PETR4,PETR4.SA,32.0,32.04999923706055,31.850000381469727,31.979999542236328,31.979999542236328,7936600,32.0,32.04999923706055,31.850000381469727,31.979999542236328,1.0,32.04999923706055,31.850000381469727,0
2025-05-15 10:00:00,PETR4,PETR4.SA,31.700000762939453,31.959999084472656,31.59000015258789,31.920000076293945,31.920000076293945,10770200,31.700000762939453,31.959999084472656,31.59000015258789,31.920000076293945,1.0,31.959999084472656,31.59000015258789,0
2025-05-15 14:00:00,PETR4,PETR4.SA,31.920000076293945,32.09000015258789,31.850000381469727,31.899999618530273,31.899999618530273,11742800,31.920000076293945,32.09000015258789,31.850000381469727,31.899999618530273,1.0,32.09000015258789,31.850000381469727,0
2025-05-16 10:00:00,PETR4,PETR4.SA,31.84000015258789,32.15999984741211,31.65999984741211,31.93000030517578,31.93000030517578,20538100,31.84000015258789,32.15999984741211,31.65999984741211,31.93000030517578,1.0,32.15999984741211,31.65999984741211,0
2025-05-16 14:00:00,PETR4,PETR4.SA,31.93000030517578,32.029998779296875,31.90999984741211,32.0,32.0,8443800,31.93000030517578,32.029998779296875,31.90999984741211,32.0,1.0,32.029998779296875,31.90999984741211,0
2025-05-19 10:00:00,PETR4,PETR4.SA,31.84000015258789,32.130001068115234,31.700000762939453,32.0,32.0,11464800,31.84000015258789,32.130001068115234,31.700000762939453,32.0,1.0,32.130001068115234,31.700000762939453,0
2025-05-19 14:00:00,PETR4,PETR4.SA,32.0099983215332,32.099998474121094,31.8700008392334,31.899999618530273,31.899999618530273,10329200,32.0099983215332,32.099998474121094,31.8700008392334,31.899999618530273,1.0,32.099998474121094,31.8700008392334,0
2025-05-20 10:00:00,PETR4,PETR4.SA,32.04999923706055,32.40999984741211,32.029998779296875,32.16999816894531,32.16999816894531,10335100,32.04999923706055,32.40999984741211,32.029998779296875,32.16999816894531,1.0,32.40999984741211,32.029998779296875,0
2025-05-20 14:00:00,PETR4,PETR4.SA,32.15999984741211,32.18000030517578,31.950000762939453,32.099998474121094,32.099998474121094,13884800,32.15999984741211,32.18000030517578,31.950000762939453,32.099998474121094,1.0,32.18000030517578,31.950000762939453,0
2025-05-21 10:00:00,PETR4,PETR4.SA,32.209999084472656,32.38999938964844,31.950000762939453,32.099998474121094,32.099998474121094,9403700,32.209999084472656,32.38999938964844,31.950000762939453,32.099998474121094,1.0,32.38999938964844,31.950000762939453,0
2025-05-21 14:00:00,PETR4,PETR4.SA,32.099998474121094,32.11000061035156,31.690000534057617,31.690000534057617,31.690000534057617,11357600,32.099998474121094,32.11000061035156,31.690000534057617,31.690000534057617,1.0,32.11000061035156,31.690000534057617,0
2025-05-22 10:00:00,PETR4,PETR4.SA,31.639999389648438,31.649999618530273,31.209999084472656,31.270000457763672,31.270000457763672,14746500,31.639999389648438,31.649999618530273,31.209999084472656,31.270000457763672,1.0,31.649999618530273,31.209999084472656,0
2025-05-22 14:00:00,PETR4,PETR4.SA,31.270000457763672,31.469999313354492,31.239999771118164,31.440000534057617,31.440000534057617,15987800,31.270000457763672,31.469999313354492,31.239999771118164,31.440000534057617,1.0,31.469999313354492,31.239999771118164,0
2025-05-23 10:00:00,PETR4,PETR4.SA,31.09000015258789,31.389999389648438,30.8700008392334,31.270000457763672,31.270000457763672,9335800,31.09000015258789,31.389999389648438,30.8700008392334,31.270000457763672,1.0,31.389999389648438,30.8700008392334,0
2025-05-23 14:00:00,PETR4,PETR4.SA,31.270000457763672,31.360000610351562,31.18000030517578,31.299999237060547,31.299999237060547,7087400,31.270000457763672,31.360000610351562,31.18000030517578,31.299999237060547,1.0,31.360000610351562,31.18000030517578,0
2025-05-26 10:00:00,PETR4,PETR4.SA,31.459999084472656,31.530000686645508,31.25,31.309999465942383,31.309999465942383,6443700,31.459999084472656,31.530000686645508,31.25,31.309999465942383,1.0,31.530000686645508,31.25,0
2025-05-26 14:00:00,PETR4,PETR4.SA,31.299999237060547,31.34000015258789,31.139999389648438,31.31999969482422,31.31999969482422,8937400,31.299999237060547,31.34000015258789,31.139999389648438,31.31999969482422,1.0,31.34000015258789,31.139999389648438,0
2025-05-27 10:00:00,PETR4,PETR4.SA,31.520000457763672,31.670000076293945,31.360000610351562,31.440000534057617,31.440000534057617,8492000,31.520000457763672,31.670000076293945,31.360000610351562,31.440000534057617,1.0,31.670000076293945,31.360000610351562,0
2025-05-27 14:00:00,PETR4,PETR4.SA,31.450000762939453,31.579999923706055,31.43000030517578,31.530000686645508,31.530000686645508,10138000,31.450000762939453,31.579999923706055,31.43000030517578,31.530000686645508,1.0,31.579999923706055,31.43000030517578,0
2025-05-28 10:00:00,PETR4,PETR4.SA,31.670000076293945,31.719999313354492,31.469999313354492,31.549999237060547,31.549999237060547,6933500,31.670000076293945,31.719999313354492,31.469999313354492,31.549999237060547,1.0,31.719999313354492,31.469999313354492,0
2025-05-28 14:00:00,PETR4,PETR4.SA,31.549999237060547,31.670000076293945,31.440000534057617,31.479999542236328,31.479999542236328,16653900,31.549999237060547,31.670000076293945,31.440000534057617,31.479999542236328,1.0,31.670000076293945,31.440000534057617,0
2025-05-29 10:00:00,PETR4,PETR4.SA,31.479999542236328,31.5,31.049999237060547,31.18000030517578,31.18000030517578,6012100,31.479999542236328,31.5,31.049999237060547,31.18000030517578,1.0,31.5,31.049999237060547,0
2025-05-29 14:00:00,PETR4,PETR4.SA,31.200000762939453,31.34000015258789,31.18000030517578,31.229999542236328,31.229999542236328,7585400,31.200000762939453,31.34000015258789,31.18000030517578,31.229999542236328,1.0,31.34000015258789,31.18000030517578,0
2025-05-30 10:00:00,PETR4,PETR4.SA,31.149999618530273,31.270000457763672,31.0,31.020000457763672,31.020000457763672,10124600,31.149999618530273,31.270000457763672,31.0,31.020000457763672,1.0,31.270000457763672,31.0,0
2025-05-30 14:00:00,PETR4,PETR4.SA,31.020000457763672,31.149999618530273,31.020000457763672,31.040000915527344,31.040000915527344,9551500,31.020000457763672,31.149999618530273,31.020000457763672,31.040000915527344,1.0,31.149999618530273,31.020000457763672,0
2025-06-02 10:00:00,PETR4,PETR4.SA,31.639999389648438,31.649999618530273,31.149999618530273,31.290000915527344,31.290000915527344,12788400,31.639999389648438,31.649999618530273,31.149999618530273,31.290000915527344,1.0,31.649999618530273,31.149999618530273,0
2025-06-02 14:00:00,PETR4,PETR4.SA,31.299999237060547,31.309999465942383,31.010000228881836,31.079999923706055,31.079999923706055,13464200,31.299999237060547,31.309999465942383,31.010000228881836,31.079999923706055,1.0,31.309999465942383,31.010000228881836,0
2025-06-03 10:00:00,PETR4,PETR4.SA,29.8799991607666,30.219999313354492,29.389999389648438,29.989999771118164,29.989999771118164,17667300,29.8799991607666,30.219999313354492,29.389999389648438,29.989999771118164,1.0,30.219999313354492,29.389999389648438,0
2025-06-03 14:00:00,PETR4,PETR4.SA,29.979999542236328,30.299999237060547,29.959999084472656,30.229999542236328,30.229999542236328,15120300,29.979999542236328,30.299999237060547,29.959999084472656,30.229999542236328,1.0,30.299999237060547,29.959999084472656,0
2025-06-04 10:00:00,PETR4,PETR4.SA,30.239999771118164,30.450000762939453,29.549999237060547,29.579999923706055,29.579999923706055,14504300,30.239999771118164,30.450000762939453,29.549999237060547,29.579999923706055,1.0,30.450000762939453,29.549999237060547,0
2025-06-04 14:00:00,PETR4,PETR4.SA,29.579999923706055,29.600000381469727,29.270000457763672,29.329999923706055,29.329999923706055,18937200,29.579999923706055,29.600000381469727,29.270000457763672,29.329999923706055,1.0,29.600000381469727,29.270000457763672,0
2025-06-05 10:00:00,PETR4,PETR4.SA,29.5,29.639999389648438,29.209999084472656,29.3700008392334,29.3700008392334,7737500,29.5,29.639999389648438,29.209999084472656,29.3700008392334,1.0,29.639999389648438,29.209999084472656,0
2025-06-05 14:00:00,PETR4,PETR4.SA,29.3700008392334,29.420000076293945,29.299999237060547,29.350000381469727,29.350000381469727,8618100,29.3700008392334,29.420000076293945,29.299999237060547,29.350000381469727,1.0,29.420000076293945,29.299999237060547,0
2025-06-06 10:00:00,PETR4,PETR4.SA,29.450000762939453,29.829999923706055,29.360000610351562,29.670000076293945,29.670000076293945,12366000,29.450000762939453,29.829999923706055,29.360000610351562,29.670000076293945,1.0,29.829999923706055,29.360000610351562,0
2025-06-06 14:00:00,PETR4,PETR4.SA,29.68000030517578,29.75,29.579999923706055,29.690000534057617,29.690000534057617,10472200,29.68000030517578,29.75,29.579999923706055,29.690000534057617,1.0,29.75,29.579999923706055,0
2025-06-09 10:00:00,PETR4,PETR4.SA,29.219999313354492,29.43000030517578,28.860000610351562,29.309999465942383,29.309999465942383,16351000,29.219999313354492,29.43000030517578,28.860000610351562,29.309999465942383,1.0,29.43000030517578,28.860000610351562,0
2025-06-09 14:00:00,PETR4,PETR4.SA,29.299999237060547,29.469999313354492,29.260000228881836,29.309999465942383,29.309999465942383,8434200,29.299999237060547,29.469999313354492,29.260000228881836,29.309999465942383,1.0,29.469999313354492,29.260000228881836,0
2025-06-10 10:00:00,PETR4,PETR4.SA,29.40999984741211,30.219999313354492,29.350000381469727,30.059999465942383,30.059999465942383,22622800,29.40999984741211,30.219999313354492,29.350000381469727,30.059999465942383,1.0,30.219999313354492,29.350000381469727,0
2025-06-10 14:00:00,PETR4,PETR4.SA,30.049999237060547,30.15999984741211,29.829999923706055,30.110000610351562,30.110000610351562,18675200,30.049999237060547,30.15999984741211,29.829999923706055,30.110000610351562,1.0,30.15999984741211,29.829999923706055,0
2025-06-11 10:00:00,PETR4,PETR4.SA,30.299999237060547,30.649999618530273,30.299999237060547,30.489999771118164,30.489999771118164,18523200,30.299999237060547,30.649999618530273,30.299999237060547,30.489999771118164,1.0,30.649999618530273,30.299999237060547,0
2025-06-11 14:00:00,PETR4,PETR4.SA,30.489999771118164,31.15999984741211,30.479999542236328,31.06999969482422,31.06999969482422,30022300,30.489999771118164,31.15999984741211,30.479999542236328,31.06999969482422,1.0,31.15999984741211,30.479999542236328,0
2025-06-12 10:00:00,PETR4,PETR4.SA,30.799999237060547,31.729999542236328,30.729999542236328,31.469999313354492,31.469999313354492,19335800,30.799999237060547,31.729999542236328,30.729999542236328,31.469999313354492,1.0,31.729999542236328,30.729999542236328,0
2025-06-12 14:00:00,PETR4,PETR4.SA,31.469999313354492,31.90999984741211,31.459999084472656,31.860000610351562,31.860000610351562,19169500,31.469999313354492,31.90999984741211,31.459999084472656,31.860000610351562,1.0,31.90999984741211,31.459999084472656,0
2025-06-13 10:00:00,PETR4,PETR4.SA,33.11000061035156,33.16999816894531,32.16999816894531,32.369998931884766,32.369998931884766,44873300,33.11000061035156,33.16999816894531,32.16999816894531,32.369998931884766,1.0,33.16999816894531,32.16999816894531,0
2025-06-13 14:00:00,PETR4,PETR4.SA,32.369998931884766,32.68000030517578,32.34000015258789,32.650001525878906,32.650001525878906,15079100,32.369998931884766,32.68000030517578,32.34000015258789,32.650001525878906,1.0,32.68000030517578,32.34000015258789,0
2025-06-16 10:00:00,PETR4,PETR4.SA,32.529998779296875,32.91999816894531,32.06999969482422,32.619998931884766,32.619998931884766,15711700,32.529998779296875,32.91999816894531,32.06999969482422,32.619998931884766,1.0,32.91999816894531,32.06999969482422,0
2025-06-16 14:00:00,PETR4,PETR4.SA,32.619998931884766,32.630001068115234,32.2599983215332,32.290000915527344,32.290000915527344,12498700,32.619998931884766,32.630001068115234,32.2599983215332,32.290000915527344,1.0,32.630001068115234,32.2599983215332,0
2025-06-17 10:00:00,PETR4,PETR4.SA,32.380001068115234,33.06999969482422,32.369998931884766,32.849998474121094,32.849998474121094,29739300,32.380001068115234,33.06999969482422,32.369998931884766,32.849998474121094,1.0,33.06999969482422,32.369998931884766,0
2025-06-17 14:00:00,PETR4,PETR4.SA,32.849998474121094,33.09000015258789,32.79999923706055,32.939998626708984,32.939998626708984,23496200,32.849998474121094,33.09000015258789,32.79999923706055,32.939998626708984,1.0,33.09000015258789,32.79999923706055,0
2025-06-18 10:00:00,PETR4,PETR4.SA,32.959999084472656,33.209999084472656,32.4900016784668,32.77000045776367,32.77000045776367,27292100,32.959999084472656,33.209999084472656,32.4900016784668,32.77000045776367,1.0,33.209999084472656,32.4900016784668,0
2025-06-18 14:00:00,PETR4,PETR4.SA,32.77000045776367,32.91999816894531,32.70000076293945,32.849998474121094,32.849998474121094,18568900,32.77000045776367,32.91999816894531,32.70000076293945,32.849998474121094,1.0,32.91999816894531,32.70000076293945,0
2025-06-20 10:00:00,PETR4,PETR4.SA,32.72999954223633,33.15999984741211,32.630001068115234,32.97999954223633,32.97999954223633,15947000,32.72999954223633,33.15999984741211,32.630001068115234,32.97999954223633,1.0,33.15999984741211,32.630001068115234,0
2025-06-20 14:00:00,PETR4,PETR4.SA,32.97999954223633,32.9900016784668,32.849998474121094,32.95000076293945,32.95000076293945,7961600,32.97999954223633,32.9900016784668,32.849998474121094,32.95000076293945,1.0,32.9900016784668,32.849998474121094,0
2025-06-23 10:00:00,PETR4,PETR4.SA,33.290000915527344,33.34000015258789,32.650001525878906,32.7400016784668,32.7400016784668,11919000,33.290000915527344,33.34000015258789,32.650001525878906,32.7400016784668,1.0,33.34000015258789,32.650001525878906,0
2025-06-23 14:00:00,PETR4,PETR4.SA,32.72999954223633,32.75,31.809999465942383,31.899999618530273,31.899999618530273,27545500,32.72999954223633,32.75,31.809999465942383,31.899999618530273,1.0,32.75,31.809999465942383,0
2025-06-24 10:00:00,PETR4,PETR4.SA,31.290000915527344,31.84000015258789,31.139999389648438,31.450000762939453,31.450000762939453,31918700,31.290000915527344,31.84000015258789,31.139999389648438,31.450000762939453,1.0,31.84000015258789,31.139999389648438,0
2025-06-24 14:00:00,PETR4,PETR4.SA,31.440000534057617,31.5,31.239999771118164,31.3799991607666,31.3799991607666,11205600,31.440000534057617,31.5,31.239999771118164,31.3799991607666,1.0,31.5,31.239999771118164,0
2025-06-25 10:00:00,PETR4,PETR4.SA,31.31999969482422,31.540000915527344,31.219999313354492,31.440000534057617,31.440000534057617,13387100,31.31999969482422,31.540000915527344,31.219999313354492,31.440000534057617,1.0,31.540000915527344,31.219999313354492,0
2025-06-25 14:00:00,PETR4,PETR4.SA,31.440000534057617,31.479999542236328,31.219999313354492,31.280000686645508,31.280000686645508,7274100,31.440000534057617,31.479999542236328,31.219999313354492,31.280000686645508,1.0,31.479999542236328,31.219999313354492,0
2025-06-26 10:00:00,PETR4,PETR4.SA,31.34000015258789,31.600000381469727,31.31999969482422,31.520000457763672,31.520000457763672,5787500,31.34000015258789,31.600000381469727,31.31999969482422,31.520000457763672,1.0,31.600000381469727,31.31999969482422,0
2025-06-26 14:00:00,PETR4,PETR4.SA,31.510000228881836,31.59000015258789,31.440000534057617,31.479999542236328,31.479999542236328,6690500,31.510000228881836,31.59000015258789,31.440000534057617,31.479999542236328,1.0,31.59000015258789,31.440000534057617,0
2025-06-27 10:00:00,PETR4,PETR4.SA,31.389999389648438,31.450000762939453,31.139999389648438,31.25,31.25,10316900,31.389999389648438,31.450000762939453,31.139999389648438,31.25,1.0,31.450000762939453,31.139999389648438,0
2025-06-27 14:00:00,PETR4,PETR4.SA,31.239999771118164,31.350000381469727,31.200000762939453,31.260000228881836,31.260000228881836,3715600,31.239999771118164,31.350000381469727,31.200000762939453,31.260000228881836,1.0,31.350000381469727,31.200000762939453,0
2025-06-30 10:00:00,PETR4,PETR4.SA,31.209999084472656,31.489999771118164,31.100000381469727,31.299999237060547,31.299999237060547,13111900,31.209999084472656,31.489999771118164,31.100000381469727,31.299999237060547,1.0,31.489999771118164,31.100000381469727,0
2025-06-30 14:00:00,PETR4,PETR4.SA,31.290000915527344,31.40999984741211,31.209999084472656,31.350000381469727,31.350000381469727,6885400,31.290000915527344,31.40999984741211,31.209999084472656,31.350000381469727,1.0,31.40999984741211,31.209999084472656,0
2025-07-01 10:00:00,PETR4,PETR4.SA,31.450000762939453,31.56999969482422,31.260000228881836,31.3700008392334,31.3700008392334,9774500,31.450000762939453,31.56999969482422,31.260000228881836,31.3700008392334,1.0,31.56999969482422,31.260000228881836,0
2025-07-01 14:00:00,PETR4,PETR4.SA,31.3799991607666,31.540000915527344,31.3700008392334,31.489999771118164,31.489999771118164,4308900,31.3799991607666,31.540000915527344,31.3700008392334,31.489999771118164,1.0,31.540000915527344,31.3700008392334,0
2025-07-02 10:00:00,PETR4,PETR4.SA,31.579999923706055,31.989999771118164,31.479999542236328,31.899999618530273,31.899999618530273,13474300,31.579999923706055,31.989999771118164,31.479999542236328,31.899999618530273,1.0,31.989999771118164,31.479999542236328,0
2025-07-02 14:00:00,PETR4,PETR4.SA,31.90999984741211,32.2400016784668,31.809999465942383,32.08000183105469,32.08000183105469,11826000,31.90999984741211,32.2400016784668,31.809999465942383,32.08000183105469,1.0,32.2400016784668,31.809999465942383,0
2025-07-03 10:00:00,PETR4,PETR4.SA,32.0,32.38999938964844,31.940000534057617,32.29999923706055,32.29999923706055,9124600,32.0,32.38999938964844,31.940000534057617,32.29999923706055,1.0,32.38999938964844,31.940000534057617,0
2025-07-03 14:00:00,PETR4,PETR4.SA,32.29999923706055,32.310001373291016,32.150001525878906,32.189998626708984,32.189998626708984,3666800,32.29999923706055,32.310001373291016,32.150001525878906,32.189998626708984,1.0,32.310001373291016,32.150001525878906,0
2025-07-04 10:00:00,PETR4,PETR4.SA,32.0,32.310001373291016,31.969999313354492,32.18000030517578,32.18000030517578,2265300,32.0,32.310001373291016,31.969999313354492,32.18000030517578,1.0,32.310001373291016,31.969999313354492,0
2025-07-04 14:00:00,PETR4,PETR4.SA,32.20000076293945,32.2599983215332,32.04999923706055,32.08000183105469,32.08000183105469,4208400,32.20000076293945,32.2599983215332,32.04999923706055,32.08000183105469,1.0,32.2599983215332,32.04999923706055,0
2025-07-07 10:00:00,PETR4,PETR4.SA,32.119998931884766,32.2599983215332,31.93000030517578,31.940000534057617,31.940000534057617,5467200,32.119998931884766,32.2599983215332,31.93000030517578,31.940000534057617,1.0,32.2599983215332,31.93000030517578,0
2025-07-07 14:00:00,PETR4,PETR4.SA,31.940000534057617,32.130001068115234,31.899999618530273,32.029998779296875,32.029998779296875,6681700,31.940000534057617,32.130001068115234,31.899999618530273,32.029998779296875,1.0,32.130001068115234,31.899999618530273,0
2025-07-08 10:00:00,PETR4,PETR4.SA,32.06999969482422,32.59000015258789,32.029998779296875,32.56999969482422,32.56999969482422,17382400,32.06999969482422,32.59000015258789,32.029998779296875,32.56999969482422,1.0,32.59000015258789,32.029998779296875,0
2025-07-08 14:00:00,PETR4,PETR4.SA,32.54999923706055,32.58000183105469,32.43000030517578,32.4900016784668,32.4900016784668,7726000,32.54999923706055,32.58000183105469,32.43000030517578,32.4900016784668,1.0,32.58000183105469,32.43000030517578,0
2025-07-09 10:00:00,PETR4,PETR4.SA,32.56999969482422,32.630001068115234,32.130001068115234,32.189998626708984,32.189998626708984,4839700,32.56999969482422,32.630001068115234,32.130001068115234,32.189998626708984,1.0,32.630001068115234,32.130001068115234,0
2025-07-09 14:00:00,PETR4,PETR4.SA,32.189998626708984,32.290000915527344,32.060001373291016,32.25,32.25,9067600,32.189998626708984,32.290000915527344,32.060001373291016,32.25,1.0,32.290000915527344,32.060001373291016,0
2025-07-10 10:00:00,PETR4,PETR4.SA,32.0099983215332,32.43000030517578,31.719999313354492,32.279998779296875,32.279998779296875,16820500,32.0099983215332,32.43000030517578,31.719999313354492,32.279998779296875,1.0,32.43000030517578,31.719999313354492,0
2025-07-10 14:00:00,PETR4,PETR4.SA,32.279998779296875,32.34000015258789,32.16999816894531,32.29999923706055,32.29999923706055,4194400,32.279998779296875,32.34000015258789,32.16999816894531,32.29999923706055,1.0,32.34000015258789,32.16999816894531,0
2025-07-11 10:00:00,PETR4,PETR4.SA,32.20000076293945,32.70000076293945,32.150001525878906,32.529998779296875,32.529998779296875,10715900,32.20000076293945,32.70000076293945,32.150001525878906,32.529998779296875,1.0,32.70000076293945,32.150001525878906,0
2025-07-11 14:00:00,PETR4,PETR4.SA,32.529998779296875,32.65999984741211,32.529998779296875,32.58000183105469,32.58000183105469,5117000,32.529998779296875,32.65999984741211,32.529998779296875,32.58000183105469,1.0,32.65999984741211,32.529998779296875,0
2025-07-14 10:00:00,PETR4,PETR4.SA,32.630001068115234,32.77000045776367,32.119998931884766,32.2400016784668,32.2400016784668,8571100,32.630001068115234,32.77000045776367,32.119998931884766,32.2400016784668,1.0,32.77000045776367,32.119998931884766,0
2025-07-14 14:00:00,PETR4,PETR4.SA,32.25,32.31999969482422,32.18000030517578,32.25,32.25,7640200,32.25,32.31999969482422,32.18000030517578,32.25,1.0,32.31999969482422,32.18000030517578,0
2025-07-15 10:00:00,PETR4,PETR4.SA,32.2400016784668,32.380001068115234,31.809999465942383,31.8799991607666,31.8799991607666,9934400,32.2400016784668,32.380001068115234,31.809999465942383,31.8799991607666,1.0,32.380001068115234,31.809999465942383,0
2025-07-15 14:00:00,PETR4,PETR4.SA,31.8799991607666,32.13999938964844,31.860000610351562,32.0,32.0,5985600,31.8799991607666,32.13999938964844,31.860000610351562,32.0,1.0,32.13999938964844,31.860000610351562,0
2025-07-16 10:00:00,PETR4,PETR4.SA,31.899999618530273,31.950000762939453,31.469999313354492,31.84000015258789,31.84000015258789,12080600,31.899999618530273,31.950000762939453,31.469999313354492,31.84000015258789,1.0,31.950000762939453,31.469999313354492,0
2025-07-16 14:00:00,PETR4,PETR4.SA,31.84000015258789,31.889999389648438,31.649999618530273,31.770000457763672,31.770000457763672,8795000,31.84000015258789,31.889999389648438,31.649999618530273,31.770000457763672,1.0,31.889999389648438,31.649999618530273,0
2025-07-17 10:00:00,PETR4,PETR4.SA,31.770000457763672,31.770000457763672,31.420000076293945,31.489999771118164,31.489999771118164,12422500,31.770000457763672,31.770000457763672,31.420000076293945,31.489999771118164,1.0,31.770000457763672,31.420000076293945,0
2025-07-17 14:00:00,PETR4,PETR4.SA,31.479999542236328,31.530000686645508,31.399999618530273,31.489999771118164,31.489999771118164,11007200,31.479999542236328,31.530000686645508,31.399999618530273,31.489999771118164,1.0,31.530000686645508,31.399999618530273,0
2025-07-18 10:00:00,PETR4,PETR4.SA,31.399999618530273,31.600000381469727,30.719999313354492,30.829999923706055,30.829999923706055,27351000,31.399999618530273,31.600000381469727,30.719999313354492,30.829999923706055,1.0,31.600000381469727,30.719999313354492,0
2025-07-18 14:00:00,PETR4,PETR4.SA,30.81999969482422,31.100000381469727,30.600000381469727,31.059999465942383,31.059999465942383,19558300,30.81999969482422,31.100000381469727,30.600000381469727,31.059999465942383,1.0,31.100000381469727,30.600000381469727,0
2025-07-21 10:00:00,PETR4,PETR4.SA,30.889999389648438,31.280000686645508,30.770000457763672,31.170000076293945,31.170000076293945,9683100,30.889999389648438,31.280000686645508,30.770000457763672,31.170000076293945,1.0,31.280000686645508,30.770000457763672,0
2025-07-21 14:00:00,PETR4,PETR4.SA,31.15999984741211,31.200000762939453,30.979999542236328,31.030000686645508,31.030000686645508,4392200,31.15999984741211,31.200000762939453,30.979999542236328,31.030000686645508,1.0,31.200000762939453,30.979999542236328,0
2025-07-22 10:00:00,PETR4,PETR4.SA,31.049999237060547,31.579999923706055,30.989999771118164,31.389999389648438,31.389999389648438,12684200,31.049999237060547,31.579999923706055,30.989999771118164,31.389999389648438,1.0,31.579999923706055,30.989999771118164,0
2025-07-22 14:00:00,PETR4,PETR4.SA,31.389999389648438,31.40999984741211,31.15999984741211,31.309999465942383,31.309999465942383,7236900,31.389999389648438,31.40999984741211,31.15999984741211,31.309999465942383,1.0,31.40999984741211,31.15999984741211,0
2025-07-23 10:00:00,PETR4,PETR4.SA,31.350000381469727,31.979999542236328,31.299999237060547,31.889999389648438,31.889999389648438,10692500,31.350000381469727,31.979999542236328,31.299999237060547,31.889999389648438,1.0,31.979999542236328,31.299999237060547,0
2025-07-23 14:00:00,PETR4,PETR4.SA,31.899999618530273,32.029998779296875,31.850000381469727,32.0,32.0,11208700,31.899999618530273,32.029998779296875,31.850000381469727,32.0,1.0,32.029998779296875,31.850000381469727,0
2025-07-24 10:00:00,PETR4,PETR4.SA,31.93000030517578,32.02000045776367,31.649999618530273,31.729999542236328,31.729999542236328,6072000,31.93000030517578,32.02000045776367,31.649999618530273,31.729999542236328,1.0,32.02000045776367,31.649999618530273,0
2025-07-24 14:00:00,PETR4,PETR4.SA,31.729999542236328,31.969999313354492,31.729999542236328,31.93000030517578,31.93000030517578,6223400,31.729999542236328,31.969999313354492,31.729999542236328,31.93000030517578,1.0,31.969999313354492,31.729999542236328,0
2025-07-25 10:00:00,PETR4,PETR4.SA,31.989999771118164,32.18000030517578,31.90999984741211,32.04999923706055,32.04999923706055,4019400,31.989999771118164,32.18000030517578,31.90999984741211,32.04999923706055,1.0,32.18000030517578,31.90999984741211,0
2025-07-25 14:00:00,PETR4,PETR4.SA,32.040000915527344,32.099998474121094,31.989999771118164,32.0099983215332,32.0099983215332,4080000,32.040000915527344,32.099998474121094,31.989999771118164,32.0099983215332,1.0,32.099998474121094,31.989999771118164,0
2025-07-28 10:00:00,PETR4,PETR4.SA,32.15999984741211,32.43000030517578,32.119998931884766,32.130001068115234,32.130001068115234,8824400,32.15999984741211,32.43000030517578,32.119998931884766,32.130001068115234,1.0,32.43000030517578,32.119998931884766,0
2025-07-28 14:00:00,PETR4,PETR4.SA,32.130001068115234,32.15999984741211,31.68000030517578,31.989999771118164,31.989999771118164,11107600,32.130001068115234,32.15999984741211,31.68000030517578,31.989999771118164,1.0,32.15999984741211,31.68000030517578,0
2025-07-29 10:00:00,PETR4,PETR4.SA,32.189998626708984,32.40999984741211,31.989999771118164,32.36000061035156,32.36000061035156,11578700,32.189998626708984,32.40999984741211,31.989999771118164,32.36000061035156,1.0,32.40999984741211,31.989999771118164,0
2025-07-29 14:00:00,PETR4,PETR4.SA,32.369998931884766,32.599998474121094,32.31999969482422,32.52000045776367,32.52000045776367,14624500,32.369998931884766,32.599998474121094,32.31999969482422,32.52000045776367,1.0,32.599998474121094,32.31999969482422,0
2025-07-30 10:00:00,PETR4,PETR4.SA,32.29999923706055,32.599998474121094,32.27000045776367,32.540000915527344,32.540000915527344,6531800,32.29999923706055,32.599998474121094,32.27000045776367,32.540000915527344,1.0,32.599998474121094,32.27000045776367,0
2025-07-30 14:00:00,PETR4,PETR4.SA,32.529998779296875,32.83000183105469,32.47999954223633,32.81999969482422,32.81999969482422,14864500,32.529998779296875,32.83000183105469,32.47999954223633,32.81999969482422,1.0,32.83000183105469,32.47999954223633,0
2025-07-31 10:00:00,PETR4,PETR4.SA,32.45000076293945,32.75,32.41999816894531,32.63999938964844,32.63999938964844,10237700,32.45000076293945,32.75,32.41999816894531,32.63999938964844,1.0,32.75,32.41999816894531,0
2025-07-31 14:00:00,PETR4,PETR4.SA,32.650001525878906,32.70000076293945,32.47999954223633,32.54999923706055,32.54999923706055,7452100,32.650001525878906,32.70000076293945,32.47999954223633,32.54999923706055,1.0,32.70000076293945,32.47999954223633,0
2025-08-01 10:00:00,PETR4,PETR4.SA,32.79999923706055,32.90999984741211,32.04999923706055,32.15999984741211,32.15999984741211,8004300,32.79999923706055,32.90999984741211,32.04999923706055,32.15999984741211,1.0,32.90999984741211,32.04999923706055,0
2025-08-01 14:00:00,PETR4,PETR4.SA,32.150001525878906,32.18000030517578,32.04999923706055,32.16999816894531,32.16999816894531,9927900,32.150001525878906,32.18000030517578,32.04999923706055,32.16999816894531,1.0,32.18000030517578,32.04999923706055,0
2025-08-04 10:00:00,PETR4,PETR4.SA,32.209999084472656,32.27000045776367,31.959999084472656,32.02000045776367,32.02000045776367,6595900,32.209999084472656,32.27000045776367,31.959999084472656,32.02000045776367,1.0,32.27000045776367,31.959999084472656,0
2025-08-04 14:00:00,PETR4,PETR4.SA,32.029998779296875,32.18000030517578,31.969999313354492,32.11000061035156,32.11000061035156,4048200,32.029998779296875,32.18000030517578,31.969999313354492,32.11000061035156,1.0,32.18000030517578,31.969999313354492,0
2025-08-05 10:00:00,PETR4,PETR4.SA,32.130001068115234,32.40999984741211,32.029998779296875,32.16999816894531,32.16999816894531,6560600,32.130001068115234,32.40999984741211,32.029998779296875,32.16999816894531,1.0,32.40999984741211,32.029998779296875,0
2025-08-05 14:00:00,PETR4,PETR4.SA,32.18000030517578,32.400001525878906,32.15999984741211,32.310001373291016,32.310001373291016,5594700,32.18000030517578,32.400001525878906,32.15999984741211,32.310001373291016,1.0,32.400001525878906,32.15999984741211,0
2025-08-06 10:00:00,PETR4,PETR4.SA,32.599998474121094,32.939998626708984,32.5,32.61000061035156,32.61000061035156,12222000,32.599998474121094,32.939998626708984,32.5,32.61000061035156,1.0,32.939998626708984,32.5,0
2025-08-06 14:00:00,PETR4,PETR4.SA,32.61000061035156,32.68000030517578,32.189998626708984,32.369998931884766,32.369998931884766,12397100,32.61000061035156,32.68000030517578,32.189998626708984,32.369998931884766,1.0,32.68000030517578,32.189998626708984,0
2025-08-07 10:00:00,PETR4,PETR4.SA,32.63999938964844,32.849998474121094,32.43000030517578,32.7599983215332,32.7599983215332,7160000,32.63999938964844,32.849998474121094,32.43000030517578,32.7599983215332,1.0,32.849998474121094,32.43000030517578,0
2025-08-07 14:00:00,PETR4,PETR4.SA,32.7599983215332,32.83000183105469,32.5099983215332,32.5099983215332,32.5099983215332,8073400,32.7599983215332,32.83000183105469,32.5099983215332,32.5099983215332,1.0,32.83000183105469,32.5099983215332,0
2025-08-08 10:00:00,PETR4,PETR4.SA,31.5,32.04999923706055,30.780000686645508,30.889999389648438,30.889999389648438,69065500,31.5,32.04999923706055,30.780000686645508,30.889999389648438,1.0,32.04999923706055,30.780000686645508,0
2025-08-08 14:00:00,PETR4,PETR4.SA,30.889999389648438,30.979999542236328,30.559999465942383,30.600000381469727,30.600000381469727,32894600,30.889999389648438,30.979999542236328,30.559999465942383,30.600000381469727,1.0,30.979999542236328,30.559999465942383,0
2025-08-11 10:00:00,PETR4,PETR4.SA,30.709999084472656,31.030000686645508,30.579999923706055,30.799999237060547,30.799999237060547,10638200,30.709999084472656,31.030000686645508,30.579999923706055,30.799999237060547,1.0,31.030000686645508,30.579999923706055,0
2025-08-11 14:00:00,PETR4,PETR4.SA,30.809999465942383,30.850000381469727,30.739999771118164,30.780000686645508,30.780000686645508,7992000,30.809999465942383,30.850000381469727,30.739999771118164,30.780000686645508,1.0,30.850000381469727,30.739999771118164,0
2025-08-12 10:00:00,PETR4,PETR4.SA,30.790000915527344,31.270000457763672,30.739999771118164,31.020000457763672,31.020000457763672,15105600,30.790000915527344,31.270000457763672,30.739999771118164,31.020000457763672,1.0,31.270000457763672,30.739999771118164,0
2025-08-12 14:00:00,PETR4,PETR4.SA,31.020000457763672,31.06999969482422,30.649999618530273,30.68000030517578,30.68000030517578,19568600,31.020000457763672,31.06999969482422,30.649999618530273,30.68000030517578,1.0,31.06999969482422,30.649999618530273,0
2025-08-13 10:00:00,PETR4,PETR4.SA,30.799999237060547,30.860000610351562,30.40999984741211,30.6299991607666,30.6299991607666,22196500,30.799999237060547,30.860000610351562,30.40999984741211,30.6299991607666,1.0,30.860000610351562,30.40999984741211,0
2025-08-13 14:00:00,PETR4,PETR4.SA,30.6299991607666,30.649999618530273,30.43000030517578,30.540000915527344,30.540000915527344,13177800,30.6299991607666,30.649999618530273,30.43000030517578,30.540000915527344,1.0,30.649999618530273,30.43000030517578,0
2025-08-14 10:00:00,PETR4,PETR4.SA,30.729999542236328,30.729999542236328,30.020000457763672,30.350000381469727,30.350000381469727,16530000,30.729999542236328,30.729999542236328,30.020000457763672,30.350000381469727,1.0,30.729999542236328,30.020000457763672,0
2025-08-14 14:00:00,PETR4,PETR4.SA,30.360000610351562,30.399999618530273,30.190000534057617,30.229999542236328,30.229999542236328,17252600,30.360000610351562,30.399999618530273,30.190000534057617,30.229999542236328,1.0,30.399999618530273,30.190000534057617,0
2025-08-15 10:00:00,PETR4,PETR4.SA,30.100000381469727,30.219999313354492,29.739999771118164,30.020000457763672,30.020000457763672,43885100,30.100000381469727,30.219999313354492,29.739999771118164,30.020000457763672,1.0,30.219999313354492,29.739999771118164,0
2025-08-15 14:00:00,PETR4,PETR4.SA,30.020000457763672,30.09000015258789,29.899999618530273,30.020000457763672,30.020000457763672,7942000,30.020000457763672,30.09000015258789,29.899999618530273,30.020000457763672,1.0,30.09000015258789,29.899999618530273,0
2025-08-18 10:00:00,PETR4,PETR4.SA,30.25,30.549999237060547,30.020000457763672,30.3799991607666,30.3799991607666,19980200,30.25,30.549999237060547,30.020000457763672,30.3799991607666,1.0,30.549999237060547,30.020000457763672,0
2025-08-18 14:00:00,PETR4,PETR4.SA,30.3799991607666,30.450000762939453,30.239999771118164,30.329999923706055,30.329999923706055,6365600,30.3799991607666,30.450000762939453,30.239999771118164,30.329999923706055,1.0,30.450000762939453,30.239999771118164,0
2025-08-19 10:00:00,PETR4,PETR4.SA,30.200000762939453,30.229999542236328,29.850000381469727,30.079999923706055,30.079999923706055,14274200,30.200000762939453,30.229999542236328,29.850000381469727,30.079999923706055,1.0,30.229999542236328,29.850000381469727,0
2025-08-19 14:00:00,PETR4,PETR4.SA,30.079999923706055,30.09000015258789,29.899999618530273,30.0,30.0,15913100,30.079999923706055,30.09000015258789,29.899999618530273,30.0,1.0,30.09000015258789,29.899999618530273,0
2025-08-20 10:00:00,PETR4,PETR4.SA,30.1200008392334,30.360000610351562,30.100000381469727,30.34000015258789,30.34000015258789,15615200,30.1200008392334,30.360000610351562,30.100000381469727,30.34000015258789,1.0,30.360000610351562,30.100000381469727,0
2025-08-20 14:00:00,PETR4,PETR4.SA,30.34000015258789,30.350000381469727,30.190000534057617,30.219999313354492,30.219999313354492,5706600,30.34000015258789,30.350000381469727,30.190000534057617,30.219999313354492,1.0,30.350000381469727,30.190000534057617,0
2025-08-21 10:00:00,PETR4,PETR4.SA,30.219999313354492,30.25,30.010000228881836,30.079999923706055,30.079999923706055,4920500,30.219999313354492,30.25,30.010000228881836,30.079999923706055,1.0,30.25,30.010000228881836,0
2025-08-21 14:00:00,PETR4,PETR4.SA,30.079999923706055,30.43000030517578,30.079999923706055,30.31999969482422,30.31999969482422,11461100,30.079999923706055,30.43000030517578,30.079999923706055,30.31999969482422,1.0,30.43000030517578,30.079999923706055,0
2025-08-22 10:00:00,PETR4,PETR4.SA,29.889999389648438,30.420000076293945,29.799999237060547,30.18000030517578,30.18000030517578,26311500,29.889999389648438,30.420000076293945,29.799999237060547,30.18000030517578,1.0,30.420000076293945,29.799999237060547,0
2025-08-22 14:00:00,PETR4,PETR4.SA,30.200000762939453,30.440000534057617,30.18000030517578,30.389999389648438,30.389999389648438,14666200,30.200000762939453,30.440000534057617,30.18000030517578,30.389999389648438,1.0,30.440000534057617,30.18000030517578,0
2025-08-25 10:00:00,PETR4,PETR4.SA,30.469999313354492,30.780000686645508,30.420000076293945,30.690000534057617,30.690000534057617,8556600,30.469999313354492,30.780000686645508,30.420000076293945,30.690000534057617,1.0,30.780000686645508,30.420000076293945,0
2025-08-25 14:00:00,PETR4,PETR4.SA,30.700000762939453,30.760000228881836,30.610000610351562,30.709999084472656,30.709999084472656,6547300,30.700000762939453,30.760000228881836,30.610000610351562,30.709999084472656,1.0,30.760000228881836,30.610000610351562,0
2025-08-26 10:00:00,PETR4,PETR4.SA,30.479999542236328,30.579999923706055,30.229999542236328,30.350000381469727,30.350000381469727,5869300,30.479999542236328,30.579999923706055,30.229999542236328,30.350000381469727,1.0,30.579999923706055,30.229999542236328,0
2025-08-26 14:00:00,PETR4,PETR4.SA,30.34000015258789,30.450000762939453,30.309999465942383,30.43000030517578,30.43000030517578,6236300,30.34000015258789,30.450000762939453,30.309999465942383,30.43000030517578,1.0,30.450000762939453,30.309999465942383,0
2025-08-27 10:00:00,PETR4,PETR4.SA,30.450000762939453,30.649999618530273,30.360000610351562,30.459999084472656,30.459999084472656,6079500,30.450000762939453,30.649999618530273,30.360000610351562,30.459999084472656,1.0,30.649999618530273,30.360000610351562,0
2025-08-27 14:00:00,PETR4,PETR4.SA,30.459999084472656,30.68000030517578,30.450000762939453,30.600000381469727,30.600000381469727,6242400,30.459999084472656,30.68000030517578,30.450000762939453,30.600000381469727,1.0,30.68000030517578,30.450000762939453,0
2025-08-28 10:00:00,PETR4,PETR4.SA,30.780000686645508,31.049999237060547,30.709999084472656,30.959999084472656,30.959999084472656,11540500,30.780000686645508,31.049999237060547,30.709999084472656,30.959999084472656,1.0,31.049999237060547,30.709999084472656,0
2025-08-28 14:00:00,PETR4,PETR4.SA,30.950000762939453,31.1299991607666,30.93000030517578,31.0,31.0,7713500,30.950000762939453,31.1299991607666,30.93000030517578,31.0,1.0,31.1299991607666,30.93000030517578,0
2025-08-29 10:00:00,PETR4,PETR4.SA,30.93000030517578,31.350000381469727,30.850000381469727,31.290000915527344,31.290000915527344,9119300,30.93000030517578,31.350000381469727,30.850000381469727,31.290000915527344,1.0,31.350000381469727,30.850000381469727,0
2025-08-29 14:00:00,PETR4,PETR4.SA,31.290000915527344,31.290000915527344,31.049999237060547,31.15999984741211,31.15999984741211,10260900,31.290000915527344,31.290000915527344,31.049999237060547,31.15999984741211,1.0,31.290000915527344,31.049999237060547,0
2025-09-01 10:00:00,PETR4,PETR4.SA,31.200000762939453,31.3700008392334,31.049999237060547,31.149999618530273,31.149999618530273,3609600,31.200000762939453,31.3700008392334,31.049999237060547,31.149999618530273,1.0,31.3700008392334,31.049999237060547,0
2025-09-01 14:00:00,PETR4,PETR4.SA,31.139999389648438,31.190000534057617,31.100000381469727,31.149999618530273,31.149999618530273,3085100,31.139999389648438,31.190000534057617,31.100000381469727,31.149999618530273,1.0,31.190000534057617,31.100000381469727,0
2025-09-02 10:00:00,PETR4,PETR4.SA,31.0,31.3799991607666,31.0,31.329999923706055,31.329999923706055,4497400,31.0,31.3799991607666,31.0,31.329999923706055,1.0,31.3799991607666,31.0,0
2025-09-02 14:00:00,PETR4,PETR4.SA,31.329999923706055,31.440000534057617,31.209999084472656,31.3799991607666,31.3799991607666,8428500,31.329999923706055,31.440000534057617,31.209999084472656,31.3799991607666,1.0,31.440000534057617,31.209999084472656,0
2025-09-03 10:00:00,PETR4,PETR4.SA,31.1200008392334,31.350000381469727,30.950000762939453,31.020000457763672,31.020000457763672,11407600,31.1200008392334,31.350000381469727,30.950000762939453,31.020000457763672,1.0,31.350000381469727,30.950000762939453,0
2025-09-03 14:00:00,PETR4,PETR4.SA,31.020000457763672,31.09000015258789,30.920000076293945,31.049999237060547,31.049999237060547,11139800,31.020000457763672,31.09000015258789,30.920000076293945,31.049999237060547,1.0,31.09000015258789,30.920000076293945,0
2025-09-04 10:00:00,PETR4,PETR4.SA,31.0,31.31999969482422,30.93000030517578,31.209999084472656,31.209999084472656,7861600,31.0,31.31999969482422,30.93000030517578,31.209999084472656,1.0,31.31999969482422,30.93000030517578,0
2025-09-04 14:00:00,PETR4,PETR4.SA,31.219999313354492,31.25,31.1200008392334,31.139999389648438,31.139999389648438,12110500,31.219999313354492,31.25,31.1200008392334,31.139999389648438,1.0,31.25,31.1200008392334,0
2025-09-05 10:00:00,PETR4,PETR4.SA,31.079999923706055,31.09000015258789,30.190000534057617,30.479999542236328,30.479999542236328,20516200,31.079999923706055,31.09000015258789,30.190000534057617,30.479999542236328,1.0,31.09000015258789,30.190000534057617,0
2025-09-05 14:00:00,PETR4,PETR4.SA,30.469999313354492,30.6299991607666,30.3799991607666,30.579999923706055,30.579999923706055,10324700,30.469999313354492,30.6299991607666,30.3799991607666,30.579999923706055,1.0,30.6299991607666,30.3799991607666,0
2025-09-08 10:00:00,PETR4,PETR4.SA,30.829999923706055,30.969999313354492,30.510000228881836,30.610000610351562,30.610000610351562,6081300,30.829999923706055,30.969999313354492,30.510000228881836,30.610000610351562,1.0,30.969999313354492,30.510000228881836,0
2025-09-08 14:00:00,PETR4,PETR4.SA,30.600000381469727,30.719999313354492,30.600000381469727,30.68000030517578,30.68000030517578,4810800,30.600000381469727,30.719999313354492,30.600000381469727,30.68000030517578,1.0,30.719999313354492,30.600000381469727,0
2025-09-09 10:00:00,PETR4,PETR4.SA,30.860000610351562,31.139999389648438,30.809999465942383,31.06999969482422,31.06999969482422,9264700,30.860000610351562,31.139999389648438,30.809999465942383,31.06999969482422,1.0,31.139999389648438,30.809999465942383,0
2025-09-09 14:00:00,PETR4,PETR4.SA,31.049999237060547,31.149999618530273,30.969999313354492,30.979999542236328,30.979999542236328,8369600,31.049999237060547,31.149999618530273,30.969999313354492,30.979999542236328,1.0,31.149999618530273,30.969999313354492,0
2025-09-10 10:00:00,PETR4,PETR4.SA,30.959999084472656,31.479999542236328,30.920000076293945,31.43000030517578,31.43000030517578,14776700,30.959999084472656,31.479999542236328,30.920000076293945,31.43000030517578,1.0,31.479999542236328,30.920000076293945,0
2025-09-10 14:00:00,PETR4,PETR4.SA,31.43000030517578,31.540000915527344,31.3700008392334,31.510000228881836,31.510000228881836,11585600,31.43000030517578,31.540000915527344,31.3700008392334,31.510000228881836,1.0,31.540000915527344,31.3700008392334,0
2025-09-11 10:00:00,PETR4,PETR4.SA,31.299999237060547,31.479999542236328,31.270000457763672,31.389999389648438,31.389999389648438,5381000,31.299999237060547,31.479999542236328,31.270000457763672,31.389999389648438,1.0,31.479999542236328,31.270000457763672,0
2025-09-11 14:00:00,PETR4,PETR4.SA,31.389999389648438,31.43000030517578,31.270000457763672,31.420000076293945,31.420000076293945,6010900,31.389999389648438,31.43000030517578,31.270000457763672,31.420000076293945,1.0,31.43000030517578,31.270000457763672,0
2025-09-12 10:00:00,PETR4,PETR4.SA,31.450000762939453,31.700000762939453,31.3799991607666,31.389999389648438,31.389999389648438,5059500,31.450000762939453,31.700000762939453,31.3799991607666,31.389999389648438,1.0,31.700000762939453,31.3799991607666,0
2025-09-12 14:00:00,PETR4,PETR4.SA,31.389999389648438,31.40999984741211,31.15999984741211,31.200000762939453,31.200000762939453,6815000,31.389999389648438,31.40999984741211,31.15999984741211,31.200000762939453,1.0,31.40999984741211,31.15999984741211,0
2025-09-15 10:00:00,PETR4,PETR4.SA,31.299999237060547,31.420000076293945,31.059999465942383,31.3799991607666,31.3799991607666,7611100,31.299999237060547,31.420000076293945,31.059999465942383,31.3799991607666,1.0,31.420000076293945,31.059999465942383,0
2025-09-15 14:00:00,PETR4,PETR4.SA,31.3799991607666,31.549999237060547,31.3799991607666,31.450000762939453,31.450000762939453,7845600,31.3799991607666,31.549999237060547,31.3799991607666,31.450000762939453,1.0,31.549999237060547,31.3799991607666,0
2025-09-16 10:00:00,PETR4,PETR4.SA,31.600000381469727,31.68000030517578,31.34000015258789,31.520000457763672,31.520000457763672,11340700,31.600000381469727,31.68000030517578,31.34000015258789,31.520000457763672,1.0,31.68000030517578,31.34000015258789,0
2025-09-16 14:00:00,PETR4,PETR4.SA,31.510000228881836,31.6299991607666,31.479999542236328,31.59000015258789,31.59000015258789,4900100,31.510000228881836,31.6299991607666,31.479999542236328,31.59000015258789,1.0,31.6299991607666,31.479999542236328,0
2025-09-17 10:00:00,PETR4,PETR4.SA,31.540000915527344,31.709999084472656,31.459999084472656,31.579999923706055,31.579999923706055,9480400,31.540000915527344,31.709999084472656,31.459999084472656,31.579999923706055,1.0,31.709999084472656,31.459999084472656,0
2025-09-17 14:00:00,PETR4,PETR4.SA,31.579999923706055,31.790000915527344,31.56999969482422,31.649999618530273,31.649999618530273,13939500,31.579999923706055,31.790000915527344,31.56999969482422,31.649999618530273,1.0,31.790000915527344,31.56999969482422,0
2025-09-18 10:00:00,PETR4,PETR4.SA,31.770000457763672,31.81999969482422,31.190000534057617,31.31999969482422,31.31999969482422,12676300,31.770000457763672,31.81999969482422,31.190000534057617,31.31999969482422,1.0,31.81999969482422,31.190000534057617,0
2025-09-18 14:00:00,PETR4,PETR4.SA,31.31999969482422,31.420000076293945,31.309999465942383,31.3799991607666,31.3799991607666,5573900,31.31999969482422,31.420000076293945,31.309999465942383,31.3799991607666,1.0,31.420000076293945,31.309999465942383,0
2025-09-19 10:00:00,PETR4,PETR4.SA,31.43000030517578,31.450000762939453,30.90999984741211,30.989999771118164,30.989999771118164,14577000,31.43000030517578,31.450000762939453,30.90999984741211,30.989999771118164,1.0,31.450000762939453,30.90999984741211,0
2025-09-19 14:00:00,PETR4,PETR4.SA,31.0,31.06999969482422,30.969999313354492,31.020000457763672,31.020000457763672,13292900,31.0,31.06999969482422,30.969999313354492,31.020000457763672,1.0,31.06999969482422,30.969999313354492,0
2025-09-22 10:00:00,PETR4,PETR4.SA,31.0,31.34000015258789,30.84000015258789,31.309999465942383,31.309999465942383,6606500,31.0,31.34000015258789,30.84000015258789,31.309999465942383,1.0,31.34000015258789,30.84000015258789,0
2025-09-22 14:00:00,PETR4,PETR4.SA,31.309999465942383,31.469999313354492,31.299999237060547,31.389999389648438,31.389999389648438,8607600,31.309999465942383,31.469999313354492,31.299999237060547,31.389999389648438,1.0,31.469999313354492,31.299999237060547,0
2025-09-23 10:00:00,PETR4,PETR4.SA,31.489999771118164,32.09000015258789,31.459999084472656,32.029998779296875,32.029998779296875,17427200,31.489999771118164,32.09000015258789,31.459999084472656,32.029998779296875,1.0,32.09000015258789,31.459999084472656,0
2025-09-23 14:00:00,PETR4,PETR4.SA,32.029998779296875,32.09000015258789,31.899999618530273,31.920000076293945,31.920000076293945,14398100,32.029998779296875,32.09000015258789,31.899999618530273,31.920000076293945,1.0,32.09000015258789,31.899999618530273,0
2025-09-24 10:00:00,PETR4,PETR4.SA,32.15999984741211,32.54999923706055,32.060001373291016,32.470001220703125,32.470001220703125,14760400,32.15999984741211,32.54999923706055,32.060001373291016,32.470001220703125,1.0,32.54999923706055,32.060001373291016,0
2025-09-24 14:00:00,PETR4,PETR4.SA,32.4900016784668,32.630001068115234,32.470001220703125,32.619998931884766,32.619998931884766,12184800,32.4900016784668,32.630001068115234,32.470001220703125,32.619998931884766,1.0,32.630001068115234,32.470001220703125,0
2025-09-25 10:00:00,PETR4,PETR4.SA,32.70000076293945,32.79999923706055,32.349998474121094,32.41999816894531,32.41999816894531,10822800,32.70000076293945,32.79999923706055,32.349998474121094,32.41999816894531,1.0,32.79999923706055,32.349998474121094,0
2025-09-25 14:00:00,PETR4,PETR4.SA,32.40999984741211,32.470001220703125,32.2400016784668,32.31999969482422,32.31999969482422,9045400,32.40999984741211,32.470001220703125,32.2400016784668,32.31999969482422,1.0,32.470001220703125,32.2400016784668,0
2025-09-26 10:00:00,PETR4,PETR4.SA,32.4900016784668,32.7400016784668,32.34000015258789,32.34000015258789,32.34000015258789,8026800,32.4900016784668,32.7400016784668,32.34000015258789,32.34000015258789,1.0,32.7400016784668,32.34000015258789,0
2025-09-26 14:00:00,PETR4,PETR4.SA,32.34000015258789,32.400001525878906,32.150001525878906,32.16999816894531,32.16999816894531,9707300,32.34000015258789,32.400001525878906,32.150001525878906,32.16999816894531,1.0,32.400001525878906,32.150001525878906,0
2025-09-29 10:00:00,PETR4,PETR4.SA,32.2599983215332,32.540000915527344,31.780000686645508,31.90999984741211,31.90999984741211,11912800,32.2599983215332,32.540000915527344,31.780000686645508,31.90999984741211,1.0,32.540000915527344,31.780000686645508,0
2025-09-29 14:00:00,PETR4,PETR4.SA,31.920000076293945,31.940000534057617,31.729999542236328,31.780000686645508,31.780000686645508,13817300,31.920000076293945,31.940000534057617,31.729999542236328,31.780000686645508,1.0,31.940000534057617,31.729999542236328,0
2025-09-30 10:00:00,PETR4,PETR4.SA,31.690000534057617,31.899999618530273,31.15999984741211,31.389999389648438,31.389999389648438,18860500,31.690000534057617,31.899999618530273,31.15999984741211,31.389999389648438,1.0,31.899999618530273,31.15999984741211,0
2025-09-30 14:00:00,PETR4,PETR4.SA,31.389999389648438,31.420000076293945,31.270000457763672,31.350000381469727,31.350000381469727,14833600,31.389999389648438,31.420000076293945,31.270000457763672,31.350000381469727,1.0,31.420000076293945,31.270000457763672,0
2025-10-01 10:00:00,PETR4,PETR4.SA,31.450000762939453,31.549999237060547,31.299999237060547,31.420000076293945,31.420000076293945,6164500,31.450000762939453,31.549999237060547,31.299999237060547,31.420000076293945,1.0,31.549999237060547,31.299999237060547,0
2025-10-01 14:00:00,PETR4,PETR4.SA,31.420000076293945,31.479999542236328,31.31999969482422,31.31999969482422,31.31999969482422,11246100,31.420000076293945,31.479999542236328,31.31999969482422,31.31999969482422,1.0,31.479999542236328,31.31999969482422,0
2025-10-02 10:00:00,PETR4,PETR4.SA,31.3799991607666,31.40999984741211,31.020000457763672,31.110000610351562,31.110000610351562,9333700,31.3799991607666,31.40999984741211,31.020000457763672,31.110000610351562,1.0,31.40999984741211,31.020000457763672,0
2025-10-02 14:00:00,PETR4,PETR4.SA,31.1200008392334,31.1299991607666,31.030000686645508,31.06999969482422,31.06999969482422,9105200,31.1200008392334,31.1299991607666,31.030000686645508,31.06999969482422,1.0,31.1299991607666,31.030000686645508,0
2025-10-03 10:00:00,PETR4,PETR4.SA,31.15999984741211,31.329999923706055,31.059999465942383,31.100000381469727,31.100000381469727,4364800,31.15999984741211,31.329999923706055,31.059999465942383,31.100000381469727,1.0,31.329999923706055,31.059999465942383,0
2025-10-03 14:00:00,PETR4,PETR4.SA,31.079999923706055,31.149999618530273,31.0,31.020000457763672,31.020000457763672,8555000,31.079999923706055,31.149999618530273,31.0,31.020000457763672,1.0,31.149999618530273,31.0,0
2025-10-06 10:00:00,PETR4,PETR4.SA,31.200000762939453,31.229999542236328,30.969999313354492,31.030000686645508,31.030000686645508,5597400,31.200000762939453,31.229999542236328,30.969999313354492,31.030000686645508,1.0,31.229999542236328,30.969999313354492,0
2025-10-06 14:00:00,PETR4,PETR4.SA,31.030000686645508,31.049999237060547,30.700000762939453,30.739999771118164,30.739999771118164,8651800,31.030000686645508,31.049999237060547,30.700000762939453,30.739999771118164,1.0,31.049999237060547,30.700000762939453,0
2025-10-07 10:00:00,PETR4,PETR4.SA,30.719999313354492,30.770000457763672,30.350000381469727,30.56999969482422,30.56999969482422,12033000,30.719999313354492,30.770000457763672,30.350000381469727,30.56999969482422,1.0,30.770000457763672,30.350000381469727,0
2025-10-07 14:00:00,PETR4,PETR4.SA,30.56999969482422,30.860000610351562,30.559999465942383,30.799999237060547,30.799999237060547,10398400,30.56999969482422,30.860000610351562,30.559999465942383,30.799999237060547,1.0,30.860000610351562,30.559999465942383,0
2025-10-08 10:00:00,PETR4,PETR4.SA,31.079999923706055,31.079999923706055,30.559999465942383,30.579999923706055,30.579999923706055,5538600,31.079999923706055,31.079999923706055,30.559999465942383,30.579999923706055,1.0,31.079999923706055,30.559999465942383,0
2025-10-08 14:00:00,PETR4,PETR4.SA,30.579999923706055,30.6200008392334,30.5,30.59000015258789,30.59000015258789,4333000,30.579999923706055,30.6200008392334,30.5,30.59000015258789,1.0,30.6200008392334,30.5,0
2025-10-09 10:00:00,PETR4,PETR4.SA,30.65999984741211,30.84000015258789,30.350000381469727,30.3799991607666,30.3799991607666,4264200,30.65999984741211,30.84000015258789,30.350000381469727,30.3799991607666,1.0,30.84000015258789,30.350000381469727,0
2025-10-09 14:00:00,PETR4,PETR4.SA,30.3700008392334,30.3799991607666,30.190000534057617,30.209999084472656,30.209999084472656,11883700,30.3700008392334,30.3799991607666,30.190000534057617,30.209999084472656,1.0,30.3799991607666,30.190000534057617,0
2025-10-10 10:00:00,PETR4,PETR4.SA,30.100000381469727,30.15999984741211,29.8700008392334,30.0,30.0,26751200,30.100000381469727,30.15999984741211,29.8700008392334,30.0,1.0,30.15999984741211,29.8700008392334,0
2025-10-10 14:00:00,PETR4,PETR4.SA,30.0,30.040000915527344,29.93000030517578,29.989999771118164,29.989999771118164,13101100,30.0,30.040000915527344,29.93000030517578,29.989999771118164,1.0,30.040000915527344,29.93000030517578,0
2025-10-13 10:00:00,PETR4,PETR4.SA,30.149999618530273,30.239999771118164,29.969999313354492,30.18000030517578,30.18000030517578,3706300,30.149999618530273,30.239999771118164,29.969999313354492,30.18000030517578,1.0,30.239999771118164,29.969999313354492,0
2025-10-13 14:00:00,PETR4,PETR4.SA,30.190000534057617,30.270000457763672,30.100000381469727,30.260000228881836,30.260000228881836,4685600,30.190000534057617,30.270000457763672,30.100000381469727,30.260000228881836,1.0,30.270000457763672,30.100000381469727,0
2025-10-14 10:00:00,PETR4,PETR4.SA,29.950000762939453,30.459999084472656,29.940000534057617,30.200000762939453,30.200000762939453,8717800,29.950000762939453,30.459999084472656,29.940000534057617,30.200000762939453,1.0,30.459999084472656,29.940000534057617,0
2025-10-14 14:00:00,PETR4,PETR4.SA,30.200000762939453,30.25,29.8799991607666,30.0,30.0,9358600,30.200000762939453,30.25,29.8799991607666,30.0,1.0,30.25,29.8799991607666,0
2025-10-15 10:00:00,PETR4,PETR4.SA,30.049999237060547,30.170000076293945,29.770000457763672,29.799999237060547,29.799999237060547,11454300,30.049999237060547,30.170000076293945,29.770000457763672,29.799999237060547,1.0,30.170000076293945,29.770000457763672,0
2025-10-15 14:00:00,PETR4,PETR4.SA,29.809999465942383,29.8799991607666,29.670000076293945,29.729999542236328,29.729999542236328,13178200,29.809999465942383,29.8799991607666,29.670000076293945,29.729999542236328,1.0,29.8799991607666,29.670000076293945,0
2025-10-16 10:00:00,PETR4,PETR4.SA,29.739999771118164,29.809999465942383,29.520000457763672,29.6299991607666,29.6299991607666,8228500,29.739999771118164,29.809999465942383,29.520000457763672,29.6299991607666,1.0,29.809999465942383,29.520000457763672,0
2025-10-16 14:00:00,PETR4,PETR4.SA,29.639999389648438,29.639999389648438,29.40999984741211,29.469999313354492,29.469999313354492,11267200,29.639999389648438,29.639999389648438,29.40999984741211,29.469999313354492,1.0,29.639999389648438,29.40999984741211,0
2025-10-17 10:00:00,PETR4,PETR4.SA,29.5,29.950000762939453,29.309999465942383,29.75,29.75,13431000,29.5,29.950000762939453,29.309999465942383,29.75,1.0,29.950000762939453,29.309999465942383,0
2025-10-17 14:00:00,PETR4,PETR4.SA,29.760000228881836,29.790000915527344,29.610000610351562,29.700000762939453,29.700000762939453,7978500,29.760000228881836,29.790000915527344,29.610000610351562,29.700000762939453,1.0,29.790000915527344,29.610000610351562,0
2025-10-20 10:00:00,PETR4,PETR4.SA,29.700000762939453,29.899999618530273,29.479999542236328,29.770000457763672,29.770000457763672,20297800,29.700000762939453,29.899999618530273,29.479999542236328,29.770000457763672,1.0,29.899999618530273,29.479999542236328,0
2025-10-20 14:00:00,PETR4,PETR4.SA,29.770000457763672,29.829999923706055,29.600000381469727,29.739999771118164,29.739999771118164,8757600,29.770000457763672,29.829999923706055,29.600000381469727,29.739999771118164,1.0,29.829999923706055,29.600000381469727,0
2025-10-21 10:00:00,PETR4,PETR4.SA,29.959999084472656,29.989999771118164,29.469999313354492,29.510000228881836,29.510000228881836,15322500,29.959999084472656,29.989999771118164,29.469999313354492,29.510000228881836,1.0,29.989999771118164,29.469999313354492,0
2025-10-21 14:00:00,PETR4,PETR4.SA,29.510000228881836,29.739999771118164,29.479999542236328,29.520000457763672,29.520000457763672,6931200,29.510000228881836,29.739999771118164,29.479999542236328,29.520000457763672,1.0,29.739999771118164,29.479999542236328,0
2025-10-22 10:00:00,PETR4,PETR4.SA,29.760000228881836,29.940000534057617,29.6200008392334,29.729999542236328,29.729999542236328,11989300,29.760000228881836,29.940000534057617,29.6200008392334,29.729999542236328,1.0,29.940000534057617,29.6200008392334,0
2025-10-22 14:00:00,PETR4,PETR4.SA,29.729999542236328,30.030000686645508,29.6299991607666,29.850000381469727,29.850000381469727,11745000,29.729999542236328,30.030000686645508,29.6299991607666,29.850000381469727,1.0,30.030000686645508,29.6299991607666,0
2025-10-23 10:00:00,PETR4,PETR4.SA,30.520000457763672,30.719999313354492,30.260000228881836,30.3799991607666,30.3799991607666,25487400,30.520000457763672,30.719999313354492,30.260000228881836,30.3799991607666,1.0,30.719999313354492,30.260000228881836,0
2025-10-23 14:00:00,PETR4,PETR4.SA,30.389999389648438,30.420000076293945,30.110000610351562,30.149999618530273,30.149999618530273,11103900,30.389999389648438,30.420000076293945,30.110000610351562,30.149999618530273,1.0,30.420000076293945,30.110000610351562,0
2025-10-24 10:00:00,PETR4,PETR4.SA,30.299999237060547,30.450000762939453,30.09000015258789,30.100000381469727,30.100000381469727,11477300,30.299999237060547,30.450000762939453,30.09000015258789,30.100000381469727,1.0,30.450000762939453,30.09000015258789,0
2025-10-24 14:00:00,PETR4,PETR4.SA,30.110000610351562,30.1200008392334,29.809999465942383,29.850000381469727,29.850000381469727,10277900,30.110000610351562,30.1200008392334,29.809999465942383,29.850000381469727,1.0,30.1200008392334,29.809999465942383,0
2025-10-27 10:00:00,PETR4,PETR4.SA,30.15999984741211,30.15999984741211,29.690000534057617,29.950000762939453,29.950000762939453,15694400,30.15999984741211,30.15999984741211,29.690000534057617,29.950000762939453,1.0,30.15999984741211,29.690000534057617,0
2025-10-27 14:00:00,PETR4,PETR4.SA,29.950000762939453,29.989999771118164,29.8700008392334,29.979999542236328,29.979999542236328,6854100,29.950000762939453,29.989999771118164,29.8700008392334,29.979999542236328,1.0,29.989999771118164,29.8700008392334,0
2025-10-28 10:00:00,PETR4,PETR4.SA,29.899999618530273,30.350000381469727,29.760000228881836,30.010000228881836,30.010000228881836,14618100,29.899999618530273,30.350000381469727,29.760000228881836,30.010000228881836,1.0,30.350000381469727,29.760000228881836,0
2025-10-28 14:00:00,PETR4,PETR4.SA,30.030000686645508,30.079999923706055,29.860000610351562,30.020000457763672,30.020000457763672,7261700,30.030000686645508,30.079999923706055,29.860000610351562,30.020000457763672,1.0,30.079999923706055,29.860000610351562,0
2025-10-29 10:00:00,PETR4,PETR4.SA,30.09000015258789,30.1299991607666,29.799999237060547,30.1299991607666,30.1299991607666,13569500,30.09000015258789,30.1299991607666,29.799999237060547,30.1299991607666,1.0,30.1299991607666,29.799999237060547,0
2025-10-29 14:00:00,PETR4,PETR4.SA,30.1200008392334,30.15999984741211,29.950000762939453,30.020000457763672,30.020000457763672,9232600,30.1200008392334,30.15999984741211,29.950000762939453,30.020000457763672,1.0,30.15999984741211,29.950000762939453,0
2025-10-30 10:00:00,PETR4,PETR4.SA,29.920000076293945,30.15999984741211,29.799999237060547,30.079999923706055,30.079999923706055,12031400,29.920000076293945,30.15999984741211,29.799999237060547,30.079999923706055,1.0,30.15999984741211,29.799999237060547,0
2025-10-30 14:00:00,PETR4,PETR4.SA,30.09000015258789,30.09000015258789,29.760000228881836,29.860000610351562,29.860000610351562,7478400,30.09000015258789,30.09000015258789,29.760000228881836,29.860000610351562,1.0,30.09000015258789,29.760000228881836,0
2025-10-31 10:00:00,PETR4,PETR4.SA,30.0,30.09000015258789,29.549999237060547,29.670000076293945,29.670000076293945,15834700,30.0,30.09000015258789,29.549999237060547,29.670000076293945,1.0,30.09000015258789,29.549999237060547,0
2025-10-31 14:00:00,PETR4,PETR4.SA,29.670000076293945,29.760000228881836,29.6299991607666,29.68000030517578,29.68000030517578,8853000,29.670000076293945,29.760000228881836,29.6299991607666,29.68000030517578,1.0,29.760000228881836,29.6299991607666,0
2025-11-03 10:00:00,PETR4,PETR4.SA,29.8799991607666,30.469999313354492,29.799999237060547,30.079999923706055,30.079999923706055,36516800,29.8799991607666,30.469999313354492,29.799999237060547,30.079999923706055,1.0,30.469999313354492,29.799999237060547,0
2025-11-03 14:00:00,PETR4,PETR4.SA,30.079999923706055,30.219999313354492,30.010000228881836,30.040000915527344,30.040000915527344,10983600,30.079999923706055,30.219999313354492,30.010000228881836,30.040000915527344,1.0,30.219999313354492,30.010000228881836,0
2025-11-04 10:00:00,PETR4,PETR4.SA,30.0,30.1200008392334,29.90999984741211,30.09000015258789,30.09000015258789,20868100,30.0,30.1200008392334,29.90999984741211,30.09000015258789,1.0,30.1200008392334,29.90999984741211,0
2025-11-04 14:00:00,PETR4,PETR4.SA,30.09000015258789,30.239999771118164,30.020000457763672,30.149999618530273,30.149999618530273,7987600,30.09000015258789,30.239999771118164,30.020000457763672,30.149999618530273,1.0,30.239999771118164,30.020000457763672,0
2025-11-05 10:00:00,PETR4,PETR4.SA,30.299999237060547,30.899999618530273,30.209999084472656,30.850000381469727,30.850000381469727,21508900,30.299999237060547,30.899999618530273,30.209999084472656,30.850000381469727,1.0,30.899999618530273,30.209999084472656,0
2025-11-05 14:00:00,PETR4,PETR4.SA,30.84000015258789,30.90999984741211,30.670000076293945,30.790000915527344,30.790000915527344,11904900,30.84000015258789,30.90999984741211,30.670000076293945,30.790000915527344,1.0,30.90999984741211,30.670000076293945,0
2025-11-06 10:00:00,PETR4,PETR4.SA,30.979999542236328,31.280000686645508,30.899999618530273,31.170000076293945,31.170000076293945,18492100,30.979999542236328,31.280000686645508,30.899999618530273,31.170000076293945,1.0,31.280000686645508,30.899999618530273,0
2025-11-06 14:00:00,PETR4,PETR4.SA,31.170000076293945,31.270000457763672,31.030000686645508,31.100000381469727,31.100000381469727,14678800,31.170000076293945,31.270000457763672,31.030000686645508,31.100000381469727,1.0,31.270000457763672,31.030000686645508,0
2025-11-07 10:00:00,PETR4,PETR4.SA,31.219999313354492,31.920000076293945,30.850000381469727,31.81999969482422,31.81999969482422,51929600,31.219999313354492,31.920000076293945,30.850000381469727,31.81999969482422,1.0,31.920000076293945,30.850000381469727,0
2025-11-07 14:00:00,PETR4,PETR4.SA,31.81999969482422,32.119998931884766,31.770000457763672,31.8799991607666,31.8799991607666,24425500,31.81999969482422,32.119998931884766,31.770000457763672,31.8799991607666,1.0,32.119998931884766,31.770000457763672,0
2025-11-10 10:00:00,PETR4,PETR4.SA,32.29999923706055,32.45000076293945,31.93000030517578,32.15999984741211,32.15999984741211,19437500,32.29999923706055,32.45000076293945,31.93000030517578,32.15999984741211,1.0,32.45000076293945,31.93000030517578,0
2025-11-10 14:00:00,PETR4,PETR4.SA,32.16999816894531,32.54999923706055,32.150001525878906,32.34000015258789,32.34000015258789,14252400,32.16999816894531,32.54999923706055,32.150001525878906,32.34000015258789,1.0,32.54999923706055,32.150001525878906,0
2025-11-11 10:00:00,PETR4,PETR4.SA,32.540000915527344,33.439998626708984,32.45000076293945,33.40999984741211,33.40999984741211,29036900,32.540000915527344,33.439998626708984,32.45000076293945,33.40999984741211,1.0,33.439998626708984,32.45000076293945,0
2025-11-11 14:00:00,PETR4,PETR4.SA,33.400001525878906,33.439998626708984,33.209999084472656,33.31999969482422,33.31999969482422,23770200,33.400001525878906,33.439998626708984,33.209999084472656,33.31999969482422,1.0,33.439998626708984,33.209999084472656,0
2025-11-12 10:00:00,PETR4,PETR4.SA,33.2599983215332,33.2599983215332,32.209999084472656,32.220001220703125,32.220001220703125,35922300,33.2599983215332,33.2599983215332,32.209999084472656,32.220001220703125,1.0,33.2599983215332,32.209999084472656,0
2025-11-12 14:00:00,PETR4,PETR4.SA,32.220001220703125,32.349998474121094,32.08000183105469,32.2400016784668,32.2400016784668,19091100,32.220001220703125,32.349998474121094,32.08000183105469,32.2400016784668,1.0,32.349998474121094,32.08000183105469,0
2025-11-13 10:00:00,PETR4,PETR4.SA,32.36000061035156,32.939998626708984,32.36000061035156,32.79999923706055,32.79999923706055,14187300,32.36000061035156,32.939998626708984,32.36000061035156,32.79999923706055,1.0,32.939998626708984,32.36000061035156,0
2025-11-13 14:00:00,PETR4,PETR4.SA,32.790000915527344,32.90999984741211,32.31999969482422,32.540000915527344,32.540000915527344,15651600,32.790000915527344,32.90999984741211,32.31999969482422,32.540000915527344,1.0,32.90999984741211,32.31999969482422,0
2025-11-14 10:00:00,PETR4,PETR4.SA,32.599998474121094,33.16999816894531,32.58000183105469,33.08000183105469,33.08000183105469,15412500,32.599998474121094,33.16999816894531,32.58000183105469,33.08000183105469,1.0,33.16999816894531,32.58000183105469,0
2025-11-14 14:00:00,PETR4,PETR4.SA,33.08000183105469,33.09000015258789,32.869998931884766,32.88999938964844,32.88999938964844,5020600,33.08000183105469,33.09000015258789,32.869998931884766,32.88999938964844,1.0,33.09000015258789,32.869998931884766,0
2025-11-17 10:00:00,PETR4,PETR4.SA,32.7599983215332,33.08000183105469,32.72999954223633,32.90999984741211,32.90999984741211,18355000,32.7599983215332,33.08000183105469,32.72999954223633,32.90999984741211,1.0,33.08000183105469,32.72999954223633,0
2025-11-17 14:00:00,PETR4,PETR4.SA,32.93000030517578,32.9900016784668,32.81999969482422,32.81999969482422,32.81999969482422,7312600,32.93000030517578,32.9900016784668,32.81999969482422,32.81999969482422,1.0,32.9900016784668,32.81999969482422,0
2025-11-18 10:00:00,PETR4,PETR4.SA,32.70000076293945,33.060001373291016,32.66999816894531,33.0099983215332,33.0099983215332,10426600,32.70000076293945,33.060001373291016,32.66999816894531,33.0099983215332,1.0,33.060001373291016,32.66999816894531,0
2025-11-18 14:00:00,PETR4,PETR4.SA,33.02000045776367,33.16999816894531,32.869998931884766,33.09000015258789,33.09000015258789,7165000,33.02000045776367,33.16999816894531,32.869998931884766,33.09000015258789,1.0,33.16999816894531,32.869998931884766,0
2025-11-19 10:00:00,PETR4,PETR4.SA,32.79999923706055,32.869998931884766,32.540000915527344,32.7599983215332,32.7599983215332,22655700,32.79999923706055,32.869998931884766,32.540000915527344,32.7599983215332,1.0,32.869998931884766,32.540000915527344,0
2025-11-19 14:00:00,PETR4,PETR4.SA,32.75,32.97999954223633,32.709999084472656,32.79999923706055,32.79999923706055,17264500,32.75,32.97999954223633,32.709999084472656,32.79999923706055,1.0,32.97999954223633,32.709999084472656,0
2025-11-21 10:00:00,PETR4,PETR4.SA,32.560001373291016,32.7400016784668,32.36000061035156,32.599998474121094,32.599998474121094,13380400,32.560001373291016,32.7400016784668,32.36000061035156,32.599998474121094,1.0,32.7400016784668,32.36000061035156,0
2025-11-21 14:00:00,PETR4,PETR4.SA,32.59000015258789,32.650001525878906,32.47999954223633,32.4900016784668,32.4900016784668,14734800,32.59000015258789,32.650001525878906,32.47999954223633,32.4900016784668,1.0,32.650001525878906,32.47999954223633,0
2025-11-24 10:00:00,PETR4,PETR4.SA,32.560001373291016,32.75,32.36000061035156,32.459999084472656,32.459999084472656,15174400,32.560001373291016,32.75,32.36000061035156,32.459999084472656,1.0,32.75,32.36000061035156,0
2025-11-24 14:00:00,PETR4,PETR4.SA,32.459999084472656,32.650001525878906,32.41999816894531,32.439998626708984,32.439998626708984,8710500,32.459999084472656,32.650001525878906,32.41999816894531,32.439998626708984,1.0,32.650001525878906,32.41999816894531,0
2025-11-25 10:00:00,PETR4,PETR4.SA,32.349998474121094,32.439998626708984,32.09000015258789,32.25,32.25,15961200,32.349998474121094,32.439998626708984,32.09000015258789,32.25,1.0,32.439998626708984,32.09000015258789,0
2025-11-25 14:00:00,PETR4,PETR4.SA,32.25,32.29999923706055,32.20000076293945,32.209999084472656,32.209999084472656,5600100,32.25,32.29999923706055,32.20000076293945,32.209999084472656,1.0,32.29999923706055,32.20000076293945,0
2025-11-26 10:00:00,PETR4,PETR4.SA,32.380001068115234,32.40999984741211,32.099998474121094,32.27000045776367,32.27000045776367,10391300,32.380001068115234,32.40999984741211,32.099998474121094,32.27000045776367,1.0,32.40999984741211,32.099998474121094,0
2025-11-26 14:00:00,PETR4,PETR4.SA,32.2599983215332,32.33000183105469,32.189998626708984,32.189998626708984,32.189998626708984,7251300,32.2599983215332,32.33000183105469,32.189998626708984,32.189998626708984,1.0,32.33000183105469,32.189998626708984,0
2025-11-27 10:00:00,PETR4,PETR4.SA,32.279998779296875,32.369998931884766,32.20000076293945,32.2400016784668,32.2400016784668,5115800,32.279998779296875,32.369998931884766,32.20000076293945,32.2400016784668,1.0,32.369998931884766,32.20000076293945,0
2025-11-27 14:00:00,PETR4,PETR4.SA,32.2400016784668,32.349998474121094,32.22999954223633,32.34000015258789,32.34000015258789,5659700,32.2400016784668,32.349998474121094,32.22999954223633,32.34000015258789,1.0,32.349998474121094,32.22999954223633,0
2025-11-28 10:00:00,PETR4,PETR4.SA,32.27000045776367,32.310001373291016,31.290000915527344,31.709999084472656,31.709999084472656,34319300,32.27000045776367,32.310001373291016,31.290000915527344,31.709999084472656,1.0,32.310001373291016,31.290000915527344,0
2025-11-28 14:00:00,PETR4,PETR4.SA,31.709999084472656,31.889999389648438,31.6200008392334,31.770000457763672,31.770000457763672,14972000,31.709999084472656,31.889999389648438,31.6200008392334,31.770000457763672,1.0,31.889999389648438,31.6200008392334,0
2025-12-01 10:00:00,PETR4,PETR4.SA,31.950000762939453,32.16999816894531,31.56999969482422,31.860000610351562,31.860000610351562,15682700,31.950000762939453,32.16999816894531,31.56999969482422,31.860000610351562,1.0,32.16999816894531,31.56999969482422,0
2025-12-01 14:00:00,PETR4,PETR4.SA,31.8700008392334,31.920000076293945,31.75,31.790000915527344,31.790000915527344,5180800,31.8700008392334,31.920000076293945,31.75,31.790000915527344,1.0,31.920000076293945,31.75,0
2025-12-02 10:00:00,PETR4,PETR4.SA,31.93000030517578,32.060001373291016,31.440000534057617,31.770000457763672,31.770000457763672,12710100,31.93000030517578,32.060001373291016,31.440000534057617,31.770000457763672,1.0,32.060001373291016,31.440000534057617,0
2025-12-02 14:00:00,PETR4,PETR4.SA,31.770000457763672,32.0099983215332,31.639999389648438,31.850000381469727,31.850000381469727,6985700,31.770000457763672,32.0099983215332,31.639999389648438,31.850000381469727,1.0,32.0099983215332,31.639999389648438,0
2025-12-03 10:00:00,PETR4,PETR4.SA,32.150001525878906,32.5,32.150001525878906,32.25,32.25,15200600,32.150001525878906,32.5,32.150001525878906,32.25,1.0,32.5,32.150001525878906,0
2025-12-03 14:00:00,PETR4,PETR4.SA,32.2599983215332,32.43000030517578,32.25,32.310001373291016,32.310001373291016,11793500,32.2599983215332,32.43000030517578,32.25,32.310001373291016,1.0,32.43000030517578,32.25,0
2025-12-04 10:00:00,PETR4,PETR4.SA,32.4900016784668,32.75,32.45000076293945,32.54999923706055,32.54999923706055,15669400,32.4900016784668,32.75,32.45000076293945,32.54999923706055,1.0,32.75,32.45000076293945,0
2025-12-04 14:00:00,PETR4,PETR4.SA,32.529998779296875,32.630001068115234,32.45000076293945,32.54999923706055,32.54999923706055,9533200,32.529998779296875,32.630001068115234,32.45000076293945,32.54999923706055,1.0,32.630001068115234,32.45000076293945,0
2025-12-05 10:00:00,PETR4,PETR4.SA,32.5,32.90999984741211,32.0099983215332,32.029998779296875,32.029998779296875,22994100,32.5,32.90999984741211,32.0099983215332,32.029998779296875,1.0,32.90999984741211,32.0099983215332,0
2025-12-05 14:00:00,PETR4,PETR4.SA,32.029998779296875,32.290000915527344,31.3799991607666,31.59000015258789,31.59000015258789,30778400,32.029998779296875,32.290000915527344,31.3799991607666,31.59000015258789,1.0,32.290000915527344,31.3799991607666,0
2025-12-08 10:00:00,PETR4,PETR4.SA,31.56999969482422,31.799999237060547,31.489999771118164,31.6299991607666,31.6299991607666,14222900,31.56999969482422,31.799999237060547,31.489999771118164,31.6299991607666,1.0,31.799999237060547,31.489999771118164,0
2025-12-08 14:00:00,PETR4,PETR4.SA,31.6299991607666,31.989999771118164,31.559999465942383,31.850000381469727,31.850000381469727,8088800,31.6299991607666,31.989999771118164,31.559999465942383,31.850000381469727,1.0,31.989999771118164,31.559999465942383,0
2025-12-09 10:00:00,PETR4,PETR4.SA,31.610000610351562,31.8799991607666,31.329999923706055,31.700000762939453,31.700000762939453,12161100,31.610000610351562,31.8799991607666,31.329999923706055,31.700000762939453,1.0,31.8799991607666,31.329999923706055,0
2025-12-09 14:00:00,PETR4,PETR4.SA,31.700000762939453,31.81999969482422,31.56999969482422,31.81999969482422,31.81999969482422,6017200,31.700000762939453,31.81999969482422,31.56999969482422,31.81999969482422,1.0,31.81999969482422,31.56999969482422,0
2025-12-10 10:00:00,PETR4,PETR4.SA,31.8799991607666,31.969999313354492,31.540000915527344,31.68000030517578,31.68000030517578,6795300,31.8799991607666,31.969999313354492,31.540000915527344,31.68000030517578,1.0,31.969999313354492,31.540000915527344,0
2025-12-10 14:00:00,PETR4,PETR4.SA,31.690000534057617,31.809999465942383,31.649999618530273,31.760000228881836,31.760000228881836,6685400,31.690000534057617,31.809999465942383,31.649999618530273,31.760000228881836,1.0,31.809999465942383,31.649999618530273,0
2025-12-11 10:00:00,PETR4,PETR4.SA,31.8799991607666,31.899999618530273,31.350000381469727,31.420000076293945,31.420000076293945,15940000,31.8799991607666,31.899999618530273,31.350000381469727,31.420000076293945,1.0,31.899999618530273,31.350000381469727,0
2025-12-11 14:00:00,PETR4,PETR4.SA,31.420000076293945,31.469999313354492,31.25,31.350000381469727,31.350000381469727,39645500,31.420000076293945,31.469999313354492,31.25,31.350000381469727,1.0,31.469999313354492,31.25,0
2025-12-12 10:00:00,PETR4,PETR4.SA,31.40999984741211,31.719999313354492,31.34000015258789,31.510000228881836,31.510000228881836,23665500,31.40999984741211,31.719999313354492,31.34000015258789,31.510000228881836,1.0,31.719999313354492,31.34000015258789,0
2025-12-12 14:00:00,PETR4,PETR4.SA,31.510000228881836,31.639999389648438,31.459999084472656,31.610000610351562,31.610000610351562,7714500,31.510000228881836,31.639999389648438,31.459999084472656,31.610000610351562,1.0,31.639999389648438,31.459999084472656,0
2025-12-15 10:00:00,PETR4,PETR4.SA,31.68000030517578,31.899999618530273,31.59000015258789,31.719999313354492,31.719999313354492,9818500,31.68000030517578,31.899999618530273,31.59000015258789,31.719999313354492,1.0,31.899999618530273,31.59000015258789,0
2025-12-15 14:00:00,PETR4,PETR4.SA,31.729999542236328,31.780000686645508,31.68000030517578,31.68000030517578,31.68000030517578,6388700,31.729999542236328,31.780000686645508,31.68000030517578,31.68000030517578,1.0,31.780000686645508,31.68000030517578,0
2025-12-16 10:00:00,PETR4,PETR4.SA,31.530000686645508,31.530000686645508,30.610000610351562,30.860000610351562,30.860000610351562,22939200,31.530000686645508,31.530000686645508,30.610000610351562,30.860000610351562,1.0,31.530000686645508,30.610000610351562,0
2025-12-16 14:00:00,PETR4,PETR4.SA,30.860000610351562,30.920000076293945,30.770000457763672,30.889999389648438,30.889999389648438,18369400,30.860000610351562,30.920000076293945,30.770000457763672,30.889999389648438,1.0,30.920000076293945,30.770000457763672,0
2025-12-17 10:00:00,PETR4,PETR4.SA,30.860000610351562,31.040000915527344,30.81999969482422,30.920000076293945,30.920000076293945,17219000,30.860000610351562,31.040000915527344,30.81999969482422,30.920000076293945,1.0,31.040000915527344,30.81999969482422,0
2025-12-17 14:00:00,PETR4,PETR4.SA,30.920000076293945,30.950000762939453,30.829999923706055,30.93000030517578,30.93000030517578,9271400,30.920000076293945,30.950000762939453,30.829999923706055,30.93000030517578,1.0,30.950000762939453,30.829999923706055,0
2025-12-18 10:00:00,PETR4,PETR4.SA,31.200000762939453,31.280000686645508,30.829999923706055,31.110000610351562,31.110000610351562,14745900,31.200000762939453,31.280000686645508,30.829999923706055,31.110000610351562,1.0,31.280000686645508,30.829999923706055,0
2025-12-18 14:00:00,PETR4,PETR4.SA,31.110000610351562,31.170000076293945,30.90999984741211,30.920000076293945,30.920000076293945,12805200,31.110000610351562,31.170000076293945,30.90999984741211,30.920000076293945,1.0,31.170000076293945,30.90999984741211,0
2025-12-19 10:00:00,PETR4,PETR4.SA,31.06999969482422,31.18000030517578,30.969999313354492,31.15999984741211,31.15999984741211,12500200,31.06999969482422,31.18000030517578,30.969999313354492,31.15999984741211,1.0,31.18000030517578,30.969999313354492,0
2025-12-19 14:00:00,PETR4,PETR4.SA,31.15999984741211,31.239999771118164,31.010000228881836,31.030000686645508,31.030000686645508,11717800,31.15999984741211,31.239999771118164,31.010000228881836,31.030000686645508,1.0,31.239999771118164,31.010000228881836,0
2025-12-22 10:00:00,PETR4,PETR4.SA,31.25,31.530000686645508,31.110000610351562,31.190000534057617,31.190000534057617,19246300,31.25,31.530000686645508,31.110000610351562,31.190000534057617,1.0,31.530000686645508,31.110000610351562,0
2025-12-22 14:00:00,PETR4,PETR4.SA,31.190000534057617,31.350000381469727,31.190000534057617,31.290000915527344,31.290000915527344,10122000,31.190000534057617,31.350000381469727,31.190000534057617,31.290000915527344,1.0,31.350000381469727,31.190000534057617,0
2025-12-23 10:00:00,PETR4,PETR4.SA,30.549999237060547,30.56999969482422,30.209999084472656,30.280000686645508,30.280000686645508,19446100,30.549999237060547,30.56999969482422,30.209999084472656,30.280000686645508,1.0,30.56999969482422,30.209999084472656,0
2025-12-23 14:00:00,PETR4,PETR4.SA,30.280000686645508,30.3700008392334,30.219999313354492,30.25,30.25,9431500,30.280000686645508,30.3700008392334,30.219999313354492,30.25,1.0,30.3700008392334,30.219999313354492,0
2025-12-26 10:00:00,PETR4,PETR4.SA,30.309999465942383,30.43000030517578,30.1200008392334,30.149999618530273,30.149999618530273,11317200,30.309999465942383,30.43000030517578,30.1200008392334,30.149999618530273,1.0,30.43000030517578,30.1200008392334,0
2025-12-26 14:00:00,PETR4,PETR4.SA,30.139999389648438,30.299999237060547,30.1299991607666,30.270000457763672,30.270000457763672,6091200,30.139999389648438,30.299999237060547,30.1299991607666,30.270000457763672,1.0,30.299999237060547,30.1299991607666,0
2025-12-29 10:00:00,PETR4,PETR4.SA,30.559999465942383,30.809999465942383,30.520000457763672,30.799999237060547,30.799999237060547,9489200,30.559999465942383,30.809999465942383,30.520000457763672,30.799999237060547,1.0,30.809999465942383,30.520000457763672,0
2025-12-29 14:00:00,PETR4,PETR4.SA,30.799999237060547,30.809999465942383,30.670000076293945,30.719999313354492,30.719999313354492,4204000,30.799999237060547,30.809999465942383,30.670000076293945,30.719999313354492,1.0,30.809999465942383,30.670000076293945,0
2025-12-30 10:00:00,PETR4,PETR4.SA,30.799999237060547,30.920000076293945,30.649999618530273,30.8799991607666,30.8799991607666,7548700,30.799999237060547,30.920000076293945,30.649999618530273,30.8799991607666,1.0,30.920000076293945,30.649999618530273,0
2025-12-30 14:00:00,PETR4,PETR4.SA,30.8799991607666,30.940000534057617,30.850000381469727,30.940000534057617,30.940000534057617,3530900,30.8799991607666,30.940000534057617,30.850000381469727,30.940000534057617,1.0,30.940000534057617,30.850000381469727,0
