date,ticker,source_symbol,open,high,low,close,adj_close,volume,raw_open,raw_high,raw_low,raw_close,adjustment_factor,source_high,source_low,ohlc_repaired
2017-07-31,IRBR3,IRBR3.SA,193.5950305135679,199.14553607099856,188.8518663504013,193.79686586213393,193.79686586213393,1448107,193.5950305135679,199.14553607099856,188.8518663504013,193.79686586213393,1.0,199.14553607099856,188.8518663504013,0
2017-08-01,IRBR3,IRBR3.SA,193.69594818785092,199.81829322076217,193.69594818785092,198.4222522890261,198.4222522890261,496061,193.69594818785092,199.81829322076217,193.69594818785092,198.4222522890261,1.0,199.81829322076217,193.69594818785092,0
2017-08-02,IRBR3,IRBR3.SA,196.0591002384385,198.33818788071267,195.71431505051493,197.49720394331723,197.49720394331723,146838,196.0591002384385,198.33818788071267,195.71431505051493,197.49720394331723,1.0,198.33818788071267,195.71431505051493,0
2017-08-03,IRBR3,IRBR3.SA,196.77815209087788,198.20359672018887,196.05067339271264,197.1103154475544,197.1103154475544,88032,196.77815209087788,198.20359672018887,196.05067339271264,197.1103154475544,1.0,198.20359672018887,196.05067339271264,0
2017-08-04,IRBR3,IRBR3.SA,196.94423376921614,201.56754583698503,191.20658639558576,195.91611371869323,195.91611371869323,302702,196.94423376921614,201.56754583698503,191.20658639558576,195.91611371869323,1.0,201.56754583698503,191.20658639558576,0
2017-08-07,IRBR3,IRBR3.SA,196.4301737439547,196.4301737439547,191.74486081404825,193.5109301035828,193.5109301035828,212322,196.4301737439547,196.4301737439547,191.74486081404825,193.5109301035828,1.0,196.4301737439547,191.74486081404825,0
2017-08-08,IRBR3,IRBR3.SA,194.97055192376877,194.97055192376877,188.44819452475826,191.27391281806652,191.27391281806652,262129,194.97055192376877,194.97055192376877,188.44819452475826,191.27391281806652,1.0,194.97055192376877,188.44819452475826,0
2017-08-09,IRBR3,IRBR3.SA,193.12223237091763,193.12223237091763,183.73864886636665,187.64082176276577,187.64082176276577,202188,193.12223237091763,193.12223237091763,183.73864886636665,187.64082176276577,1.0,193.12223237091763,183.73864886636665,0
2017-08-10,IRBR3,IRBR3.SA,190.3815270668417,191.13933906299383,185.55520120772388,188.2463524652785,188.2463524652785,83768,190.3815270668417,191.13933906299383,185.55520120772388,188.2463524652785,1.0,191.13933906299383,185.55520120772388,0
2017-08-11,IRBR3,IRBR3.SA,189.31393976606012,192.14850514493614,188.38088582184986,190.6851857228571,190.6851857228571,48476,189.31393976606012,192.14850514493614,188.38088582184986,190.6851857228571,1.0,192.14850514493614,188.38088582184986,0
2017-08-14,IRBR3,IRBR3.SA,189.99956274445861,192.08122670662186,188.7845564517354,191.0047616520358,191.0047616520358,42790,189.99956274445861,192.08122670662186,188.7845564517354,191.0047616520358,1.0,192.08122670662186,188.7845564517354,0
2017-08-15,IRBR3,IRBR3.SA,190.50216219824722,192.08122670662186,190.46653079833575,191.42525523868588,191.42525523868588,72604,190.50216219824722,192.08122670662186,190.46653079833575,191.42525523868588,1.0,192.08122670662186,190.46653079833575,0
2017-08-16,IRBR3,IRBR3.SA,190.96370871846653,192.35033319245878,187.77537278245353,190.73564069236528,190.73564069236528,141908,190.96370871846653,192.35033319245878,187.77537278245353,190.73564069236528,1.0,192.35033319245878,187.77537278245353,0
2017-08-17,IRBR3,IRBR3.SA,190.8496747054159,191.9466759323708,189.7264740086716,190.8702141907478,190.8702141907478,247261,190.8496747054159,191.9466759323708,189.7264740086716,190.8702141907478,1.0,191.9466759323708,189.7264740086716,0
2017-08-18,IRBR3,IRBR3.SA,190.85994444808185,192.08121944936946,188.44815714017682,190.66836225659296,190.66836225659296,326986,190.85994444808185,192.08121944936946,188.44815714017682,190.66836225659296,1.0,192.08121944936946,188.44815714017682,0
2017-08-21,IRBR3,IRBR3.SA,190.76415335233742,193.02313414950004,187.3044264508328,191.17296696509547,191.17296696509547,257303,190.76415335233742,193.02313414950004,187.3044264508328,191.17296696509547,1.0,193.02313414950004,187.3044264508328,0
2017-08-22,IRBR3,IRBR3.SA,190.96856015871646,193.0903959859544,190.66835890940712,192.01393766641127,192.01393766641127,46233,190.96856015871646,193.0903959859544,190.66835890940712,192.01393766641127,1.0,193.0903959859544,190.66835890940712,0
2017-08-23,IRBR3,IRBR3.SA,191.49124891256386,191.8121462530172,188.1118047258454,190.13017161441672,190.13017161441672,69265,191.49124891256386,191.8121462530172,188.1118047258454,190.13017161441672,1.0,191.8121462530172,188.1118047258454,0
2017-08-24,IRBR3,IRBR3.SA,190.8107102634903,195.10877990722656,186.56436424456783,191.76165734491994,191.76165734491994,496726,190.8107102634903,195.10877990722656,186.56436424456783,191.76165734491994,1.0,195.10877990722656,186.56436424456783,0
2017-08-25,IRBR3,IRBR3.SA,191.2861838042051,200.4910888671875,191.2861838042051,197.26170368351654,197.26170368351654,198745,191.2861838042051,200.4910888671875,191.2861838042051,197.26170368351654,1.0,200.4910888671875,191.2861838042051,0
2017-08-28,IRBR3,IRBR3.SA,194.27394374386083,204.056858460003,194.27394374386083,201.73573572279383,201.73573572279383,228259,194.27394374386083,204.056858460003,194.27394374386083,201.73573572279383,1.0,204.056858460003,194.27394374386083,0
2017-08-29,IRBR3,IRBR3.SA,198.00483973332734,207.0171564937888,198.00483973332734,203.03088180791613,203.03088180791613,110895,198.00483973332734,207.0171564937888,198.00483973332734,203.03088180791613,1.0,207.0171564937888,198.00483973332734,0
2017-08-30,IRBR3,IRBR3.SA,200.51786077062172,204.39326903090816,199.9528651556535,203.09815234968758,203.09815234968758,64518,200.51786077062172,204.39326903090816,199.9528651556535,203.09815234968758,1.0,204.39326903090816,199.9528651556535,0
2017-08-31,IRBR3,IRBR3.SA,201.80800656015464,204.05687180486504,201.029315262496,202.32443860621692,202.32443860621692,24192,201.80800656015464,204.05687180486504,201.029315262496,202.32443860621692,1.0,204.05687180486504,201.029315262496,0
2017-09-01,IRBR3,IRBR3.SA,202.06622258318578,202.50948074281027,199.28008846132687,200.9788860092548,200.9788860092548,102209,202.06622258318578,202.50948074281027,199.28008846132687,200.9788860092548,1.0,202.50948074281027,199.28008846132687,0
2017-09-04,IRBR3,IRBR3.SA,201.52255429622028,202.8458465101686,199.8183033565437,201.2479768843317,201.2479768843317,26931,201.52255429622028,202.8458465101686,199.8183033565437,201.2479768843317,1.0,202.8458465101686,199.8183033565437,0
2017-09-05,IRBR3,IRBR3.SA,201.385265590276,205.13333188053576,201.29843397315827,203.03087056162622,203.03087056162622,252530,201.385265590276,205.13333188053576,201.29843397315827,203.03087056162622,1.0,205.13333188053576,201.29843397315827,0
2017-09-06,IRBR3,IRBR3.SA,202.2080680759511,208.56455064881436,202.2080680759511,206.51254154975766,206.51254154975766,109786,202.2080680759511,208.56455064881436,202.2080680759511,206.51254154975766,1.0,208.56455064881436,202.2080680759511,0
2017-09-08,IRBR3,IRBR3.SA,204.3603048128544,213.87961618907048,204.3603048128544,210.95298365351164,210.95298365351164,291538,204.3603048128544,213.87961618907048,204.3603048128544,210.95298365351164,1.0,213.87961618907048,204.3603048128544,0
2017-09-11,IRBR3,IRBR3.SA,207.65664423318302,213.94689029536292,207.65664423318302,212.248096149726,212.248096149726,119189,207.65664423318302,213.94689029536292,207.65664423318302,212.248096149726,1.0,213.94689029536292,207.65664423318302,0
2017-09-12,IRBR3,IRBR3.SA,209.95237019145452,215.09062823835612,209.95237019145452,212.81997060438627,212.81997060438627,116385,209.95237019145452,215.09062823835612,209.95237019145452,212.81997060438627,1.0,215.09062823835612,209.95237019145452,0
2017-09-13,IRBR3,IRBR3.SA,211.3861703979204,212.80314528090864,208.56457637801304,210.80160145790848,210.80160145790848,61349,211.3861703979204,212.80314528090864,208.56457637801304,210.80160145790848,1.0,212.80314528090864,208.56457637801304,0
2017-09-14,IRBR3,IRBR3.SA,211.09388592791444,212.60127342708617,208.90093273120834,209.9942173395632,209.9942173395632,51645,211.09388592791444,212.60127342708617,208.90093273120834,209.9942173395632,1.0,212.60127342708617,208.90093273120834,0
2017-09-15,IRBR3,IRBR3.SA,210.54405163373883,213.67778504642328,209.30464572738646,211.45757616265257,211.45757616265257,102613,210.54405163373883,213.67778504642328,209.30464572738646,211.45757616265257,1.0,213.67778504642328,209.30464572738646,0
2017-09-18,IRBR3,IRBR3.SA,211.0008138981957,215.9652614404748,210.65022394681736,213.1227269638941,213.1227269638941,190750,211.0008138981957,215.9652614404748,210.65022394681736,213.1227269638941,1.0,215.9652614404748,210.65022394681736,0
2017-09-19,IRBR3,IRBR3.SA,212.06177043104492,215.29244249128,210.3138111099548,212.29853849617453,212.29853849617453,22405,212.06177043104492,215.29244249128,210.3138111099548,212.29853849617453,1.0,215.29244249128,210.3138111099548,0
2017-09-20,IRBR3,IRBR3.SA,212.1801544636097,213.6104745693081,209.97741211730678,211.70984194810032,211.70984194810032,64974,212.1801544636097,213.6104745693081,209.97741211730678,211.70984194810032,1.0,213.6104745693081,209.97741211730678,0
2017-09-21,IRBR3,IRBR3.SA,211.94499820585503,212.66859075103915,209.17008472005588,211.12117642428154,211.12117642428154,89480,211.94499820585503,212.66859075103915,209.17008472005588,211.12117642428154,1.0,212.66859075103915,209.17008472005588,0
2017-09-22,IRBR3,IRBR3.SA,211.5330873150683,214.61966186462865,210.4483716969591,212.836773115977,212.836773115977,36999,211.5330873150683,214.61966186462865,210.4483716969591,212.836773115977,1.0,214.61966186462865,210.4483716969591,0
2017-09-25,IRBR3,IRBR3.SA,212.18493021552263,215.8979561624585,209.9774133799369,212.8872225948956,212.8872225948956,77912,212.18493021552263,215.8979561624585,209.9774133799369,212.8872225948956,1.0,215.8979561624585,209.9774133799369,0
2017-09-26,IRBR3,IRBR3.SA,212.53607640520912,212.53607640520912,207.95907277928,210.29701220883874,210.29701220883874,43625,212.53607640520912,212.53607640520912,207.95907277928,210.29701220883874,1.0,212.53607640520912,207.95907277928,0
2017-09-27,IRBR3,IRBR3.SA,211.4165443070239,211.4165443070239,205.94069761290575,208.34591539203134,208.34591539203134,41486,211.4165443070239,211.4165443070239,205.94069761290575,208.34591539203134,1.0,211.4165443070239,205.94069761290575,0
2017-09-28,IRBR3,IRBR3.SA,209.88122984952764,210.85204582894897,201.83668092698838,206.1593476600269,206.1593476600269,111156,209.88122984952764,210.85204582894897,201.83668092698838,206.1593476600269,1.0,210.85204582894897,201.83668092698838,0
2017-09-29,IRBR3,IRBR3.SA,208.02028875477725,208.02028875477725,199.68373341923512,204.17459572093753,204.17459572093753,174513,208.02028875477725,208.02028875477725,199.68373341923512,204.17459572093753,1.0,208.02028875477725,199.68373341923512,0
2017-10-02,IRBR3,IRBR3.SA,206.0974422378574,209.17007754292268,203.5186613960121,206.0752523427849,206.0752523427849,97827,206.0974422378574,209.17007754292268,203.5186613960121,206.0752523427849,1.0,209.17007754292268,203.5186613960121,0
2017-10-03,IRBR3,IRBR3.SA,206.08634729032116,208.09362182624315,203.72049614452118,206.44528654282607,206.44528654282607,216534,206.08634729032116,208.09362182624315,203.72049614452118,206.44528654282607,1.0,208.09362182624315,203.72049614452118,0
2017-10-04,IRBR3,IRBR3.SA,206.2658169165736,208.56455801973357,204.19143260889945,207.05078306663268,207.05078306663268,147256,206.2658169165736,208.56455801973357,204.19143260889945,207.05078306663268,1.0,208.56455801973357,204.19143260889945,0
2017-10-05,IRBR3,IRBR3.SA,206.65829999160314,207.89178033460513,202.98041385216501,205.5874735894325,205.5874735894325,185260,206.65829999160314,207.89178033460513,202.98041385216501,205.5874735894325,1.0,207.89178033460513,202.98041385216501,0
2017-10-06,IRBR3,IRBR3.SA,206.12288679051784,206.12288679051784,200.49109987889625,202.86268174080232,202.86268174080232,72512,206.12288679051784,206.12288679051784,200.49109987889625,202.86268174080232,1.0,206.12288679051784,200.49109987889625,0
2017-10-09,IRBR3,IRBR3.SA,204.49278426566008,207.08441162109375,202.1730588597286,204.62873524041117,204.62873524041117,84107,204.49278426566008,207.08441162109375,202.1730588597286,204.62873524041117,1.0,207.08441162109375,202.1730588597286,0
2017-10-10,IRBR3,IRBR3.SA,204.56075975303563,208.56455801973357,204.19143260889945,206.7984889147089,206.7984889147089,108639,204.56075975303563,208.56455801973357,204.19143260889945,206.7984889147089,1.0,208.56455801973357,204.19143260889945,0
2017-10-11,IRBR3,IRBR3.SA,205.67962433387225,210.91933359980598,204.1914488472368,207.85814757709272,207.85814757709272,117833,205.67962433387225,210.91933359980598,204.1914488472368,207.85814757709272,1.0,210.91933359980598,204.1914488472368,0
2017-10-13,IRBR3,IRBR3.SA,206.7688859554825,213.07224543686434,206.7688859554825,211.15479979456288,211.15479979456288,88189,206.7688859554825,213.07224543686434,206.7688859554825,211.15479979456288,1.0,213.07224543686434,206.7688859554825,0
2017-10-16,IRBR3,IRBR3.SA,208.96184287502268,215.29244566513464,208.96184287502268,213.18998767125586,213.18998767125586,160232,208.96184287502268,215.29244566513464,208.96184287502268,213.18998767125586,1.0,215.29244566513464,208.96184287502268,0
2017-10-17,IRBR3,IRBR3.SA,211.0759152731393,215.15788811641582,211.0759152731393,213.67775571176946,213.67775571176946,68039,211.0759152731393,215.15788811641582,211.0759152731393,213.67775571176946,1.0,215.15788811641582,211.0759152731393,0
2017-10-18,IRBR3,IRBR3.SA,212.37683549245438,215.62884521484375,211.99578269369064,214.46828208850383,214.46828208850383,93014,212.37683549245438,215.62884521484375,211.99578269369064,214.46828208850383,1.0,215.62884521484375,211.99578269369064,0
2017-10-19,IRBR3,IRBR3.SA,213.42255879047912,220.87661815222694,212.60131547053246,216.53713146682577,216.53713146682577,143656,213.42255879047912,220.87661815222694,212.60131547053246,216.53713146682577,1.0,220.87661815222694,212.60131547053246,0
2017-10-20,IRBR3,IRBR3.SA,214.97984512865244,225.9225122411252,214.97984512865244,222.8276904592064,222.8276904592064,90497,214.97984512865244,225.9225122411252,214.97984512865244,222.8276904592064,1.0,225.9225122411252,214.97984512865244,0
2017-10-23,IRBR3,IRBR3.SA,218.90376779392943,226.12437462867052,218.90376779392943,223.46685252619474,223.46685252619474,72604,218.90376779392943,226.12437462867052,218.90376779392943,223.46685252619474,1.0,226.12437462867052,218.90376779392943,0
2017-10-24,IRBR3,IRBR3.SA,221.1853101600621,223.83689664984297,218.7236944215725,220.89344445864606,220.89344445864606,87785,221.1853101600621,223.83689664984297,218.7236944215725,220.89344445864606,1.0,223.83689664984297,218.7236944215725,0
2017-10-25,IRBR3,IRBR3.SA,221.03937730935408,221.1457060715419,217.10897287525802,219.26189970121254,219.26189970121254,83611,221.03937730935408,221.1457060715419,217.10897287525802,219.26189970121254,1.0,221.1457060715419,217.10897287525802,0
2017-10-26,IRBR3,IRBR3.SA,220.15063850528333,223.36593151183158,218.320021179497,220.7757012454528,220.7757012454528,55545,220.15063850528333,223.36593151183158,218.320021179497,220.7757012454528,1.0,223.36593151183158,218.320021179497,0
2017-10-27,IRBR3,IRBR3.SA,220.46316987536807,225.3843000816768,219.66560523072778,222.5249526562023,222.5249526562023,55858,220.46316987536807,225.3843000816768,219.66560523072778,222.5249526562023,1.0,225.3843000816768,219.66560523072778,0
2017-10-30,IRBR3,IRBR3.SA,221.49406126578518,223.76963894589605,220.6075248105869,222.32313878708467,222.32313878708467,160324,221.49406126578518,223.76963894589605,220.6075248105869,222.32313878708467,1.0,223.76963894589605,220.6075248105869,0
2017-10-31,IRBR3,IRBR3.SA,221.90860002643493,223.09680912785834,219.93470883322485,221.71759431496,221.71759431496,91632,221.90860002643493,223.09680912785834,219.93470883322485,221.71759431496,1.0,223.09680912785834,219.93470883322485,0
2017-11-01,IRBR3,IRBR3.SA,221.81309717069746,227.60449229656763,221.81309717069746,224.81242344113994,224.81242344113994,232015,221.81309717069746,227.60449229656763,221.81309717069746,224.81242344113994,1.0,227.60449229656763,221.81309717069746,0
2017-11-03,IRBR3,IRBR3.SA,223.3127603059187,227.06625668056088,223.3127603059187,225.63658642826698,225.63658642826698,201288,223.3127603059187,227.06625668056088,223.3127603059187,225.63658642826698,1.0,227.06625668056088,223.3127603059187,0
2017-11-06,IRBR3,IRBR3.SA,224.47467336709283,228.81553707474527,224.47467336709283,227.68860635588743,227.68860635588743,103839,224.47467336709283,228.81553707474527,224.47467336709283,227.68860635588743,1.0,228.81553707474527,224.47467336709283,0
2017-11-07,IRBR3,IRBR3.SA,226.08163986149015,229.42101383026397,226.08163986149015,228.71459018836063,228.71459018836063,136939,226.08163986149015,229.42101383026397,226.08163986149015,228.71459018836063,1.0,229.42101383026397,226.08163986149015,0
2017-11-08,IRBR3,IRBR3.SA,227.3981150249254,234.0994163270778,227.3981150249254,231.94324498448972,231.94324498448972,198823,227.3981150249254,234.0994163270778,227.3981150249254,231.94324498448972,1.0,234.0994163270778,227.3981150249254,0
2017-11-09,IRBR3,IRBR3.SA,229.67068000470755,233.41491978929525,228.9656777661262,231.75501194179904,231.75501194179904,198249,229.67068000470755,233.41491978929525,228.9656777661262,231.75501194179904,1.0,233.41491978929525,228.9656777661262,0
2017-11-10,IRBR3,IRBR3.SA,230.7128459732533,231.63524386256526,228.96569302206245,230.6084919675459,230.6084919675459,131358,230.7128459732533,231.63524386256526,228.96569302206245,230.6084919675459,1.0,231.63524386256526,228.96569302206245,0
2017-11-13,IRBR3,IRBR3.SA,230.6606689703996,232.73039282409152,228.760285369768,231.29294317827947,231.29294317827947,214187,230.6606689703996,232.73039282409152,228.760285369768,231.29294317827947,1.0,232.73039282409152,228.760285369768,0
2017-11-14,IRBR3,IRBR3.SA,230.97680607433955,232.4566298026679,228.96568304696592,231.10474542870043,231.10474542870043,164145,230.97680607433955,232.4566298026679,228.96568304696592,231.10474542870043,1.0,232.4566298026679,228.96568304696592,0
2017-11-16,IRBR3,IRBR3.SA,231.04077575152,232.7988782666822,229.17100513919416,230.60846173276036,230.60846173276036,84511,231.04077575152,232.7988782666822,229.17100513919416,230.60846173276036,1.0,232.7988782666822,229.17100513919416,0
2017-11-17,IRBR3,IRBR3.SA,230.82461874214016,232.31973008275395,226.2961183294964,229.8041843076755,229.8041843076755,104830,230.82461874214016,232.31973008275395,226.2961183294964,229.8041843076755,1.0,232.31973008275395,226.2961183294964,0
2017-11-21,IRBR3,IRBR3.SA,230.31440152490785,235.39997363467498,228.96567762983466,232.02881047453616,232.02881047453616,104948,230.31440152490785,235.39997363467498,228.96567762983466,232.02881047453616,1.0,235.39997363467498,228.96567762983466,0
2017-11-22,IRBR3,IRBR3.SA,231.171605999722,234.57859805880148,231.171605999722,232.9186832567714,232.9186832567714,34548,231.171605999722,234.57859805880148,231.171605999722,232.9186832567714,1.0,234.57859805880148,231.171605999722,0
2017-11-23,IRBR3,IRBR3.SA,232.0451446282467,234.44169346674502,231.36144460023138,232.78177870184956,232.78177870184956,12911,232.0451446282467,234.44169346674502,231.36144460023138,232.78177870184956,1.0,234.44169346674502,231.36144460023138,0
2017-11-24,IRBR3,IRBR3.SA,232.41346166504815,234.44167828726347,230.67693294346532,232.473740125318,232.473740125318,49924,232.41346166504815,234.44167828726347,230.67693294346532,232.473740125318,1.0,234.44167828726347,230.67693294346532,0
2017-11-27,IRBR3,IRBR3.SA,232.44360089518307,233.48338293985196,231.56676500138013,232.81598846367922,232.81598846367922,74064,232.44360089518307,233.48338293985196,231.56676500138013,232.81598846367922,1.0,233.48338293985196,231.56676500138013,0
2017-11-28,IRBR3,IRBR3.SA,232.62979467943114,233.07268253837108,231.77212524414062,232.33683840208886,232.33683840208886,48463,232.62979467943114,233.07268253837108,231.77212524414062,232.33683840208886,1.0,233.07268253837108,231.77212524414062,0
2017-11-29,IRBR3,IRBR3.SA,232.48331654076,232.73042082851848,229.37637352166863,231.6010013223364,231.6010013223364,67439,232.48331654076,232.73042082851848,229.37637352166863,231.6010013223364,1.0,232.73042082851848,229.37637352166863,0
2017-11-30,IRBR3,IRBR3.SA,232.04215893154822,235.12615966796875,230.0608573460942,233.19244646565613,233.19244646565613,138609,232.04215893154822,235.12615966796875,230.0608573460942,233.19244646565613,1.0,235.12615966796875,230.0608573460942,0
2017-12-01,IRBR3,IRBR3.SA,232.61730269860217,237.86418121500193,232.61730269860217,235.245957673096,235.245957673096,135061,232.61730269860217,237.86418121500193,232.61730269860217,235.245957673096,1.0,237.86418121500193,232.61730269860217,0
2017-12-04,IRBR3,IRBR3.SA,233.9316301858491,237.5218961840726,232.66195678710938,234.578554044555,234.578554044555,80546,233.9316301858491,237.5218961840726,232.66195678710938,234.578554044555,1.0,237.5218961840726,232.66195678710938,0
2017-12-05,IRBR3,IRBR3.SA,234.25509211520205,234.25509211520205,230.1293182373047,231.80634878908987,231.80634878908987,50811,234.25509211520205,234.25509211520205,230.1293182373047,231.80634878908987,1.0,234.25509211520205,230.1293182373047,0
2017-12-06,IRBR3,IRBR3.SA,233.03072045214594,235.39997363467498,229.51327497121264,231.89191113919162,231.89191113919162,49754,233.03072045214594,235.39997363467498,229.51327497121264,231.89191113919162,1.0,235.39997363467498,229.51327497121264,0
2017-12-07,IRBR3,IRBR3.SA,232.46131579566878,232.6619945884931,229.5817185763464,231.070515924519,231.070515924519,47133,232.46131579566878,232.6619945884931,229.5817185763464,231.070515924519,1.0,232.6619945884931,229.5817185763464,0
2017-12-08,IRBR3,IRBR3.SA,231.76591586009388,232.0459339373338,228.2811748477515,230.7796048273333,230.7796048273333,61101,231.76591586009388,232.0459339373338,228.2811748477515,230.7796048273333,1.0,232.0459339373338,228.2811748477515,0
2017-12-11,IRBR3,IRBR3.SA,231.27276034371357,232.73045083877182,227.25443590386774,230.36891999404932,230.36891999404932,117298,231.27276034371357,232.73045083877182,227.25443590386774,230.36891999404932,1.0,232.73045083877182,227.25443590386774,0
2017-12-12,IRBR3,IRBR3.SA,230.82084016888143,232.93578559847396,230.82084016888143,232.02881047453613,232.02881047453613,108939,230.82084016888143,232.93578559847396,230.82084016888143,232.02881047453613,1.0,232.93578559847396,230.82084016888143,0
2017-12-13,IRBR3,IRBR3.SA,231.4248253217088,235.26309400916037,226.090783285345,230.71116688941248,230.71116688941248,51971,231.4248253217088,235.26309400916037,226.090783285345,230.71116688941248,1.0,235.26309400916037,226.090783285345,0
2017-12-14,IRBR3,IRBR3.SA,231.06799610556064,231.06799610556064,226.50147472619207,228.05871156173654,228.05871156173654,83520,231.06799610556064,231.06799610556064,226.50147472619207,228.05871156173654,1.0,231.06799610556064,226.50147472619207,0
2017-12-15,IRBR3,IRBR3.SA,229.5633538336486,232.04595113251895,226.0223388671875,228.50365661315965,228.50365661315965,415462,229.5633538336486,232.04595113251895,226.0223388671875,228.50365661315965,1.0,232.04595113251895,226.0223388671875,0
2017-12-18,IRBR3,IRBR3.SA,229.03350522340412,229.99241555167043,219.58801128285083,225.71429417343532,225.71429417343532,41081,229.03350522340412,229.99241555167043,219.58801128285083,225.71429417343532,1.0,229.99241555167043,219.58801128285083,0
2017-12-19,IRBR3,IRBR3.SA,227.37389969841973,227.37389969841973,223.14739625448155,225.0126666829002,225.0126666829002,28066,227.37389969841973,227.37389969841973,223.14739625448155,225.0126666829002,1.0,227.37389969841973,223.14739625448155,0
2017-12-20,IRBR3,IRBR3.SA,226.19328319065997,226.63836028626127,220.68319837006428,223.91746898580524,223.91746898580524,282957,226.19328319065997,226.63836028626127,220.68319837006428,223.91746898580524,1.0,226.63836028626127,220.68319837006428,0
2017-12-21,IRBR3,IRBR3.SA,225.0553760882326,228.14427810467402,224.51641831365092,226.3816854621913,226.3816854621913,149421,225.0553760882326,228.14427810467402,224.51641831365092,226.3816854621913,1.0,228.14427810467402,224.51641831365092,0
2017-12-22,IRBR3,IRBR3.SA,225.71853077521195,230.5400390625,225.20091037044764,228.31540097232613,228.31540097232613,94553,225.71853077521195,230.5400390625,225.20091037044764,228.31540097232613,1.0,230.5400390625,225.20091037044764,0
2017-12-26,IRBR3,IRBR3.SA,227.01696587376904,233.6887059120314,226.5698999866571,230.91648430214363,230.91648430214363,75564,227.01696587376904,233.6887059120314,226.5698999866571,230.91648430214363,1.0,233.6887059120314,226.5698999866571,0
2017-12-27,IRBR3,IRBR3.SA,228.96672508795632,232.73044641374847,228.96672508795632,231.686592282068,231.686592282068,56145,228.96672508795632,232.73044641374847,228.96672508795632,231.686592282068,1.0,232.73044641374847,228.96672508795632,0
2017-12-28,IRBR3,IRBR3.SA,230.32665868501215,233.07268493381846,228.14426799594324,231.1731862231769,231.1731862231769,86715,230.32665868501215,233.07268493381846,228.14426799594324,231.1731862231769,1.0,233.07268493381846,228.14426799594324,0
2018-01-02,IRBR3,IRBR3.SA,230.74992245409453,233.62028996745775,228.9656851688368,230.57425922301135,230.57425922301135,75969,230.74992245409453,233.62028996745775,228.9656851688368,230.57425922301135,1.0,233.62028996745775,228.9656851688368,0
2018-01-03,IRBR3,IRBR3.SA,230.66209083855296,232.114369985435,229.3763831883931,230.76249240985177,230.76249240985177,106056,230.66209083855296,232.114369985435,229.3763831883931,230.76249240985177,1.0,232.114369985435,229.3763831883931,0
2018-01-04,IRBR3,IRBR3.SA,230.71229162420235,234.0994163270778,228.96567762983466,231.65233730233876,231.65233730233876,136353,230.71229162420235,234.0994163270778,228.96567762983466,231.65233730233876,1.0,234.0994163270778,228.96567762983466,0
2018-01-05,IRBR3,IRBR3.SA,231.18231446327056,236.76900722842495,230.8138449485769,233.6716357580429,233.6716357580429,47198,231.18231446327056,236.76900722842495,230.8138449485769,233.6716357580429,1.0,236.76900722842495,230.8138449485769,0
2018-01-08,IRBR3,IRBR3.SA,232.4269751106567,240.807564121193,232.4269751106567,237.47062543633396,237.47062543633396,106434,232.4269751106567,240.807564121193,232.4269751106567,237.47062543633396,1.0,240.807564121193,232.4269751106567,0
2018-01-09,IRBR3,IRBR3.SA,234.94880027349535,241.56051619096132,234.94880027349535,239.95192844820542,239.95192844820542,125476,234.94880027349535,241.56051619096132,234.94880027349535,239.95192844820542,1.0,241.56051619096132,234.94880027349535,0
2018-01-10,IRBR3,IRBR3.SA,237.4503643608504,241.49205328208234,237.4503643608504,240.00326949157204,240.00326949157204,106434,237.4503643608504,241.49205328208234,237.4503643608504,240.00326949157204,1.0,241.49205328208234,237.4503643608504,0
2018-01-11,IRBR3,IRBR3.SA,238.7268169262112,246.42044067382812,238.34332532139769,242.6899133160938,242.6899133160938,230476,238.7268169262112,246.42044067382812,238.34332532139769,242.6899133160938,1.0,246.42044067382812,238.34332532139769,0
2018-01-12,IRBR3,IRBR3.SA,240.7083651211525,255.25052688116102,240.7083651211525,249.2953646154945,249.2953646154945,209648,240.7083651211525,255.25052688116102,240.7083651211525,249.2953646154945,1.0,255.25052688116102,240.7083651211525,0
2018-01-15,IRBR3,IRBR3.SA,245.00186486832348,260.7949958758008,245.00186486832348,257.3724918173127,257.3724918173127,103578,245.00186486832348,260.7949958758008,245.00186486832348,257.3724918173127,1.0,260.7949958758008,245.00186486832348,0
2018-01-16,IRBR3,IRBR3.SA,251.1871783428181,260.11047057069146,251.1871783428181,258.3992085131054,258.3992085131054,112382,251.1871783428181,260.11047057069146,251.1871783428181,258.3992085131054,1.0,260.11047057069146,251.1871783428181,0
2018-01-17,IRBR3,IRBR3.SA,254.79319342796174,259.2891030804708,254.79319342796174,257.62918149470033,257.62918149470033,84224,254.79319342796174,259.2891030804708,254.79319342796174,257.62918149470033,1.0,259.2891030804708,254.79319342796174,0
2018-01-18,IRBR3,IRBR3.SA,256.21118746133106,260.1104991506508,255.72969286603998,257.4580573134128,257.4580573134128,137800,256.21118746133106,260.1104991506508,255.72969286603998,257.4580573134128,1.0,260.1104991506508,255.72969286603998,0
2018-01-19,IRBR3,IRBR3.SA,256.83462238737195,259.90513651128043,256.68798828125,257.4922753387576,257.4922753387576,172753,256.83462238737195,259.90513651128043,256.68798828125,257.4922753387576,1.0,259.90513651128043,256.68798828125,0
2018-01-22,IRBR3,IRBR3.SA,257.1634488630648,265.31264986376294,256.0034417264086,259.7853092349367,259.7853092349367,99157,257.1634488630648,265.31264986376294,256.0034417264086,259.7853092349367,1.0,265.31264986376294,256.0034417264086,0
2018-01-23,IRBR3,IRBR3.SA,258.47437904900073,268.1875832701738,258.47437904900073,261.78748515980254,261.78748515980254,126649,258.47437904900073,268.1875832701738,258.47437904900073,261.78748515980254,1.0,268.1875832701738,258.47437904900073,0
2018-01-24,IRBR3,IRBR3.SA,260.1309321044016,265.586468778645,260.1309321044016,262.3693141182668,262.3693141182668,135740,260.1309321044016,265.586468778645,260.1309321044016,262.3693141182668,1.0,265.586468778645,260.1309321044016,0
2018-01-26,IRBR3,IRBR3.SA,261.25012311133423,268.2560690994869,256.0719448408529,261.9073240864198,261.9073240864198,251382,261.25012311133423,268.2560690994869,256.0719448408529,261.9073240864198,1.0,268.2560690994869,256.0719448408529,0
2018-01-29,IRBR3,IRBR3.SA,261.578723598877,264.2174725311472,250.66433015359786,257.4922419955669,257.4922419955669,143447,261.578723598877,264.2174725311472,250.66433015359786,257.4922419955669,1.0,264.2174725311472,250.66433015359786,0
2018-01-30,IRBR3,IRBR3.SA,259.53548279722196,259.53548279722196,249.911397475257,254.49754537263055,254.49754537263055,107087,259.53548279722196,259.53548279722196,249.911397475257,254.49754537263055,1.0,259.53548279722196,249.911397475257,0
2018-01-31,IRBR3,IRBR3.SA,257.01651408492626,259.9735923757736,255.45588687524537,257.4751657785538,257.4751657785538,347644,257.01651408492626,259.9735923757736,255.45588687524537,257.4751657785538,1.0,259.9735923757736,255.45588687524537,0
2018-02-01,IRBR3,IRBR3.SA,257.24583993174,261.00038905025383,256.6880183118177,259.22067692391283,259.22067692391283,203518,257.24583993174,261.00038905025383,256.6880183118177,259.22067692391283,1.0,261.00038905025383,256.6880183118177,0
2018-02-02,IRBR3,IRBR3.SA,258.2332584278264,262.30087540566046,257.1671366048411,259.2890763454922,259.2890763454922,110412,258.2332584278264,262.30087540566046,257.1671366048411,259.2890763454922,1.0,262.30087540566046,257.1671366048411,0
2018-02-05,IRBR3,IRBR3.SA,258.7611673866593,266.95546222074535,257.5093540383363,262.69444677008386,262.69444677008386,164614,258.7611673866593,266.95546222074535,257.5093540383363,262.69444677008386,1.0,266.95546222074535,257.5093540383363,0
2018-02-06,IRBR3,IRBR3.SA,260.7278070783716,266.8870647413263,260.7278070783716,264.38863119489224,264.38863119489224,121863,260.7278070783716,266.8870647413263,260.7278070783716,264.38863119489224,1.0,266.8870647413263,260.7278070783716,0
2018-02-07,IRBR3,IRBR3.SA,262.5582191366319,266.47635152601504,261.20568603578937,264.3715071323561,264.3715071323561,107778,262.5582191366319,266.47635152601504,261.20568603578937,264.3715071323561,1.0,266.47635152601504,261.20568603578937,0
2018-02-08,IRBR3,IRBR3.SA,263.464863134494,272.22615588119754,262.711583411799,265.94585423576916,265.94585423576916,176848,263.464863134494,272.22615588119754,262.711583411799,265.94585423576916,1.0,272.22615588119754,262.711583411799,0
2018-02-09,IRBR3,IRBR3.SA,264.7053586851316,270.2410995013987,256.55108355461806,262.76292866507,262.76292866507,222103,264.7053586851316,270.2410995013987,256.55108355461806,262.76292866507,1.0,270.2410995013987,256.55108355461806,0
2018-02-14,IRBR3,IRBR3.SA,263.73414367510077,270.37798319457164,258.39922333990364,263.0880527810947,263.0880527810947,141282,263.73414367510077,270.37798319457164,258.39922333990364,263.0880527810947,1.0,270.37798319457164,258.39922333990364,0
2018-02-15,IRBR3,IRBR3.SA,263.4110982280977,267.64001738204047,262.2324523925781,264.91911906373906,264.91911906373906,86167,263.4110982280977,267.64001738204047,262.2324523925781,264.91911906373906,1.0,267.64001738204047,262.2324523925781,0
2018-02-16,IRBR3,IRBR3.SA,264.1651086459184,265.72340414104156,261.13726238131056,264.16617065890836,264.16617065890836,112655,264.1651086459184,265.72340414104156,261.13726238131056,264.16617065890836,1.0,265.72340414104156,261.13726238131056,0
2018-02-19,IRBR3,IRBR3.SA,264.16563965241335,267.43466496295673,261.4795023662716,264.4741994888385,264.4741994888385,88593,264.16563965241335,267.43466496295673,261.4795023662716,264.4741994888385,1.0,267.43466496295673,261.4795023662716,0
2018-02-20,IRBR3,IRBR3.SA,264.3199195706259,266.95547743349886,262.16397340478784,264.54261640750997,264.54261640750997,192250,264.3199195706259,266.95547743349886,262.16397340478784,264.54261640750997,1.0,266.95547743349886,262.16397340478784,0
2018-02-21,IRBR3,IRBR3.SA,264.4312679890679,268.73518074028397,264.4312679890679,266.6132207093705,266.6132207093705,151246,264.4312679890679,268.73518074028397,264.4312679890679,266.6132207093705,1.0,268.73518074028397,264.4312679890679,0
2018-02-22,IRBR3,IRBR3.SA,265.52224434921925,269.6250835819088,263.2592228929346,266.8015106284529,266.8015106284529,196828,265.52224434921925,269.6250835819088,263.2592228929346,266.8015106284529,1.0,269.6250835819088,263.2592228929346,0
2018-02-23,IRBR3,IRBR3.SA,266.16187748883607,270.3095576277701,266.16187748883607,267.5373255693136,267.5373255693136,164562,266.16187748883607,270.3095576277701,266.16187748883607,267.5373255693136,1.0,270.3095576277701,266.16187748883607,0
2018-02-26,IRBR3,IRBR3.SA,266.84960152907485,269.6935253322872,265.99721553239965,267.74269591689244,267.74269591689244,58114,266.84960152907485,269.6935253322872,265.99721553239965,267.74269591689244,1.0,269.6935253322872,265.99721553239965,0
2018-02-27,IRBR3,IRBR3.SA,267.2961487229836,268.32451136600145,262.3693490577193,266.20255791972795,266.20255791972795,80520,267.2961487229836,268.32451136600145,262.3693490577193,266.20255791972795,1.0,268.32451136600145,262.3693490577193,0
2018-02-28,IRBR3,IRBR3.SA,266.7493533213558,268.73521702749633,261.7532958227857,265.58650479364144,265.58650479364144,75330,266.7493533213558,268.73521702749633,261.7532958227857,265.58650479364144,1.0,268.73521702749633,261.7532958227857,0
2018-03-01,IRBR3,IRBR3.SA,266.1679290574986,267.4346651227554,262.5062612710216,264.59398998377117,264.59398998377117,57645,266.1679290574986,267.4346651227554,262.5062612710216,264.59398998377117,1.0,267.4346651227554,262.5062612710216,0
2018-03-02,IRBR3,IRBR3.SA,265.38095952063486,266.95546222074535,262.4377571229129,265.14153930171375,265.14153930171375,44407,265.38095952063486,266.95546222074535,262.4377571229129,265.14153930171375,1.0,266.95546222074535,262.4377571229129,0
2018-03-05,IRBR3,IRBR3.SA,265.2612494111743,267.2977657725309,262.9169593216951,265.107362547113,265.107362547113,71404,265.2612494111743,267.2977657725309,262.9169593216951,265.107362547113,1.0,267.2977657725309,262.9169593216951,0
2018-03-06,IRBR3,IRBR3.SA,265.18430597914363,268.87211378193444,263.94371007940623,266.2367877480704,266.2367877480704,60553,265.18430597914363,268.87211378193444,263.94371007940623,266.2367877480704,1.0,268.87211378193444,263.94371007940623,0
2018-03-07,IRBR3,IRBR3.SA,265.710546863607,273.1159715495139,265.710546863607,269.7448019214508,269.7448019214508,73125,265.710546863607,273.1159715495139,265.710546863607,269.7448019214508,1.0,273.1159715495139,265.710546863607,0
2018-03-08,IRBR3,IRBR3.SA,267.7276743925289,279.2765398519413,267.7276743925289,275.85402221845595,275.85402221845595,360517,267.7276743925289,279.2765398519413,267.7276743925289,275.85402221845595,1.0,279.2765398519413,267.7276743925289,0
2018-03-09,IRBR3,IRBR3.SA,271.79084830549243,291.59753081968967,271.79084830549243,284.2049057933318,284.2049057933318,178074,271.79084830549243,291.59753081968967,271.79084830549243,284.2049057933318,1.0,291.59753081968967,271.79084830549243,0
2018-03-12,IRBR3,IRBR3.SA,277.9978770494121,296.5259958592174,277.9978770494121,291.5975849557999,291.5975849557999,187725,277.9978770494121,296.5259958592174,277.9978770494121,291.5975849557999,1.0,296.5259958592174,277.9978770494121,0
2018-03-13,IRBR3,IRBR3.SA,284.79773100260604,298.44256591796875,284.79773100260604,296.662867592052,296.662867592052,244066,284.79773100260604,298.44256591796875,284.79773100260604,296.662867592052,1.0,298.44256591796875,284.79773100260604,0
2018-03-14,IRBR3,IRBR3.SA,290.730299297329,297.0735911737688,290.730299297329,294.52382364212633,294.52382364212633,157963,290.730299297329,297.0735911737688,290.730299297329,294.52382364212633,1.0,297.0735911737688,290.730299297329,0
2018-03-15,IRBR3,IRBR3.SA,292.62706146972766,295.0200300677903,284.3418273925781,289.1675562211499,289.1675562211499,147334,292.62706146972766,295.0200300677903,284.3418273925781,289.1675562211499,1.0,295.0200300677903,284.3418273925781,0
2018-03-16,IRBR3,IRBR3.SA,290.8973088454388,290.8973088454388,275.1694372839149,282.0315730619733,282.0315730619733,330507,290.8973088454388,290.8973088454388,275.1694372839149,282.0315730619733,1.0,290.8973088454388,275.1694372839149,0
2018-03-19,IRBR3,IRBR3.SA,286.464440953706,289.20175162219834,278.24975087426236,283.29793744196814,283.29793744196814,266146,286.464440953706,289.20175162219834,278.24975087426236,283.29793744196814,1.0,289.20175162219834,278.24975087426236,0
2018-03-20,IRBR3,IRBR3.SA,284.8811891978371,291.59754882976523,284.8811891978371,289.3729141747682,289.3729141747682,107700,284.8811891978371,291.59754882976523,284.8811891978371,289.3729141747682,1.0,291.59754882976523,284.8811891978371,0
2018-03-21,IRBR3,IRBR3.SA,287.12705168630265,293.651044398725,287.12705168630265,292.8467573747239,292.8467573747239,118055,287.12705168630265,293.651044398725,287.12705168630265,292.8467573747239,1.0,293.651044398725,287.12705168630265,0
2018-03-22,IRBR3,IRBR3.SA,289.98690453051324,302.39239061819785,289.98690453051324,297.99675005144996,297.99675005144996,263759,289.98690453051324,302.39239061819785,289.98690453051324,297.99675005144996,1.0,302.39239061819785,289.98690453051324,0
2018-03-23,IRBR3,IRBR3.SA,293.99182729098163,305.52451710043016,293.99182729098163,301.11106994592853,301.11106994592853,128358,293.99182729098163,305.52451710043016,293.99182729098163,301.11106994592853,1.0,305.52451710043016,293.99182729098163,0
2018-03-26,IRBR3,IRBR3.SA,297.5514486184551,303.95846002606606,297.5514486184551,302.0898506856313,302.0898506856313,81498,297.5514486184551,303.95846002606606,297.5514486184551,302.0898506856313,1.0,303.95846002606606,297.5514486184551,0
2018-03-27,IRBR3,IRBR3.SA,299.8206496520432,303.4601744361335,298.8331604003906,300.84413112237087,300.84413112237087,78499,299.8206496520432,303.4601744361335,298.8331604003906,300.84413112237087,1.0,303.4601744361335,298.8331604003906,0
2018-03-28,IRBR3,IRBR3.SA,300.33239038720706,300.33239038720706,293.6366714776715,297.48063792177277,297.48063792177277,60149,300.33239038720706,300.33239038720706,293.6366714776715,297.48063792177277,1.0,300.33239038720706,293.6366714776715,0
2018-03-29,IRBR3,IRBR3.SA,298.9065141544899,301.1110440971264,297.0535323297274,298.7619523724202,298.7619523724202,133366,298.9065141544899,301.1110440971264,297.0535323297274,298.7619523724202,1.0,301.1110440971264,297.0535323297274,0
2018-04-02,IRBR3,IRBR3.SA,298.8342332634551,299.75855030433155,291.9282346000032,296.89336962980326,296.89336962980326,76921,298.8342332634551,299.75855030433155,291.9282346000032,296.89336962980326,1.0,299.75855030433155,291.9282346000032,0
2018-04-03,IRBR3,IRBR3.SA,297.86380144662917,298.1925101261425,295.1315763977275,296.3950990609212,296.3950990609212,70439,297.86380144662917,298.1925101261425,295.1315763977275,296.3950990609212,1.0,298.1925101261425,295.1315763977275,0
2018-04-04,IRBR3,IRBR3.SA,297.1294502537752,302.89070525065165,293.63670538180185,297.44508018048924,297.44508018048924,68913,297.1294502537752,302.89070525065165,293.63670538180185,297.44508018048924,1.0,302.89070525065165,293.63670538180185,0
2018-04-05,IRBR3,IRBR3.SA,297.28726521713224,306.094012591871,297.28726521713224,304.9372732133343,304.9372732133343,84368,297.28726521713224,306.094012591871,297.28726521713224,304.9372732133343,1.0,306.094012591871,297.28726521713224,0
2018-04-06,IRBR3,IRBR3.SA,301.11226921523325,308.5854600573504,301.11226921523325,304.9550457967356,304.9550457967356,105548,301.11226921523325,308.5854600573504,301.11226921523325,304.9550457967356,1.0,308.5854600573504,301.11226921523325,0
2018-04-09,IRBR3,IRBR3.SA,303.0336575059844,306.3787587390135,301.32466765915467,304.08305824870956,304.08305824870956,72199,303.0336575059844,306.3787587390135,301.32466765915467,304.08305824870956,1.0,306.3787587390135,301.32466765915467,0
2018-04-10,IRBR3,IRBR3.SA,303.558357877347,307.8736312502433,303.24664540408475,305.666914596706,305.666914596706,106904,303.558357877347,307.8736312502433,303.24664540408475,305.666914596706,1.0,307.8736312502433,303.24664540408475,0
2018-04-11,IRBR3,IRBR3.SA,304.61263623702655,312.3583177984707,304.61263623702655,308.532135767461,308.532135767461,50159,304.61263623702655,312.3583177984707,304.61263623702655,308.532135767461,1.0,312.3583177984707,304.61263623702655,0
2018-04-12,IRBR3,IRBR3.SA,306.5723860022438,308.8701821518778,300.47039303485576,304.919439283026,304.919439283026,107060,306.5723860022438,308.8701821518778,300.47039303485576,304.919439283026,1.0,308.8701821518778,300.47039303485576,0
2018-04-13,IRBR3,IRBR3.SA,305.7459126426349,305.7459126426349,298.9755395609191,302.0186735953031,302.0186735953031,180213,305.7459126426349,305.7459126426349,298.9755395609191,302.0186735953031,1.0,305.7459126426349,298.9755395609191,0
2018-04-16,IRBR3,IRBR3.SA,303.88229311896896,308.2295639386315,300.89752265657387,304.278806581019,304.278806581019,159737,303.88229311896896,308.2295639386315,300.89752265657387,304.278806581019,1.0,308.2295639386315,300.89752265657387,0
2018-04-17,IRBR3,IRBR3.SA,304.080549849994,315.70395707375167,304.080549849994,310.29392384097946,310.29392384097946,399969,304.080549849994,315.70395707375167,304.080549849994,310.29392384097946,1.0,315.70395707375167,304.080549849994,0
2018-04-18,IRBR3,IRBR3.SA,307.1872368454867,326.3816381218233,307.1872368454867,320.829243657557,320.829243657557,142808,307.1872368454867,326.3816381218233,307.1872368454867,320.829243657557,1.0,326.3816381218233,307.1872368454867,0
2018-04-19,IRBR3,IRBR3.SA,314.0082402515219,338.83894198322594,314.0082402515219,331.18658645199775,331.18658645199775,241809,314.0082402515219,338.83894198322594,314.0082402515219,331.18658645199775,1.0,338.83894198322594,314.0082402515219,0
2018-04-20,IRBR3,IRBR3.SA,322.5974133517598,340.2626168642371,322.5974133517598,336.1161210384932,336.1161210384932,100696,322.5974133517598,340.2626168642371,322.5974133517598,336.1161210384932,1.0,340.2626168642371,322.5974133517598,0
2018-04-23,IRBR3,IRBR3.SA,329.3567671951265,337.8423788049385,328.16124550186936,332.3255624554861,332.3255624554861,112942,329.3567671951265,337.8423788049385,328.16124550186936,332.3255624554861,1.0,337.8423788049385,328.16124550186936,0
2018-04-24,IRBR3,IRBR3.SA,330.8411648253063,332.4323125825596,325.9545100536225,329.1756188155514,329.1756188155514,71391,330.8411648253063,332.4323125825596,325.9545100536225,329.1756188155514,1.0,332.4323125825596,325.9545100536225,0
2018-04-25,IRBR3,IRBR3.SA,330.00839182042887,336.9881258323185,326.87988874153785,332.66364856766336,332.66364856766336,82020,330.00839182042887,336.9881258323185,326.87988874153785,332.66364856766336,1.0,336.9881258323185,326.87988874153785,0
2018-04-26,IRBR3,IRBR3.SA,331.3360201940461,343.4659729003906,331.3360201940461,339.0525113022345,339.0525113022345,151181,331.3360201940461,343.4659729003906,331.3360201940461,339.0525113022345,1.0,343.4659729003906,331.3360201940461,0
2018-04-27,IRBR3,IRBR3.SA,335.1942657481403,347.3811038946541,335.1942657481403,342.98544913049477,342.98544913049477,216052,335.1942657481403,347.3811038946541,335.1942657481403,342.98544913049477,1.0,347.3811038946541,335.1942657481403,0
2018-04-30,IRBR3,IRBR3.SA,339.08985743931754,341.1880144393678,334.85258068318086,338.30503424703494,338.30503424703494,66083,339.08985743931754,341.1880144393678,334.85258068318086,338.30503424703494,1.0,341.1880144393678,334.85258068318086,0
2018-05-02,IRBR3,IRBR3.SA,338.69744584317624,340.1914925506674,332.4323457447455,336.84580052219417,336.84580052219417,156555,338.69744584317624,340.1914925506674,332.4323457447455,336.84580052219417,1.0,340.1914925506674,332.4323457447455,0
2018-05-03,IRBR3,IRBR3.SA,337.7716231826852,343.679520671793,335.42209901391163,340.956708041742,340.956708041742,146682,337.7716231826852,343.679520671793,335.42209901391163,340.956708041742,1.0,343.679520671793,335.42209901391163,0
2018-05-04,IRBR3,IRBR3.SA,339.3641656122136,358.0587463378906,328.5171323435708,347.47003401769734,347.47003401769734,336833,339.3641656122136,358.0587463378906,328.5171323435708,347.47003401769734,1.0,358.0587463378906,328.5171323435708,0
2018-05-07,IRBR3,IRBR3.SA,343.41709981495546,358.0587991120416,343.41709981495546,354.5173685106282,354.5173685106282,165384,343.41709981495546,358.0587991120416,343.41709981495546,354.5173685106282,1.0,358.0587991120416,343.41709981495546,0
2018-05-08,IRBR3,IRBR3.SA,348.96723416279184,353.1470303887233,343.109991665554,348.9115368911432,348.9115368911432,143917,348.96723416279184,353.1470303887233,343.109991665554,348.9115368911432,1.0,353.1470303887233,343.109991665554,0
2018-05-09,IRBR3,IRBR3.SA,348.9393855269675,350.6555869339381,341.68632449291516,346.0463727864648,346.0463727864648,105117,348.9393855269675,350.6555869339381,341.68632449291516,346.0463727864648,1.0,350.6555869339381,341.68632449291516,0
2018-05-10,IRBR3,IRBR3.SA,347.4928791567162,347.4928791567162,329.1578251135923,336.82795869372484,336.82795869372484,218204,347.4928791567162,347.4928791567162,329.1578251135923,336.82795869372484,1.0,347.4928791567162,329.1578251135923,0
2018-05-11,IRBR3,IRBR3.SA,342.1604189252205,349.5878182445096,338.12709532378136,342.2380061903032,342.2380061903032,94240,342.1604189252205,349.5878182445096,338.12709532378136,342.2380061903032,1.0,349.5878182445096,338.12709532378136,0
2018-05-14,IRBR3,IRBR3.SA,342.1992125577618,350.7267731989587,341.68634033203125,344.3379615174955,344.3379615174955,112773,342.1992125577618,350.7267731989587,341.68634033203125,344.3379615174955,1.0,350.7267731989587,341.68634033203125,0
2018-05-15,IRBR3,IRBR3.SA,343.26858703762866,359.9807466232083,343.26858703762866,351.9546853074245,351.9546853074245,409111,343.26858703762866,359.9807466232083,343.26858703762866,351.9546853074245,1.0,359.9807466232083,343.26858703762866,0
2018-05-16,IRBR3,IRBR3.SA,347.6116361725266,370.1601986896467,347.6116361725266,363.98493215475526,363.98493215475526,163245,347.6116361725266,370.1601986896467,347.6116361725266,363.98493215475526,1.0,370.1601986896467,347.6116361725266,0
2018-05-17,IRBR3,IRBR3.SA,355.7982841636409,368.0957878174224,355.7982841636409,362.7035551538865,362.7035551538865,115420,355.7982841636409,368.0957878174224,355.7982841636409,362.7035551538865,1.0,368.0957878174224,355.7982841636409,0
2018-05-18,IRBR3,IRBR3.SA,359.2509196587637,359.2509196587637,339.90673004898355,351.1361084792686,351.1361084792686,310384,359.2509196587637,359.2509196587637,339.90673004898355,351.1361084792686,1.0,359.2509196587637,339.90673004898355,0
2018-05-21,IRBR3,IRBR3.SA,355.19351406901615,355.8520539304444,339.97788386016833,346.9361829547544,346.9361829547544,199215,355.19351406901615,355.8520539304444,339.97788386016833,346.9361829547544,1.0,355.8520539304444,339.97788386016833,0
2018-05-22,IRBR3,IRBR3.SA,351.06484851188526,351.58095667999027,343.03879952706563,346.79378932415534,346.79378932415534,147790,351.06484851188526,351.58095667999027,343.03879952706563,346.79378932415534,1.0,351.58095667999027,343.03879952706563,0
2018-05-23,IRBR3,IRBR3.SA,348.9293189180203,349.30313580552985,333.5001332889694,343.87530270205804,343.87530270205804,194780,348.9293189180203,349.30313580552985,333.5001332889694,343.87530270205804,1.0,349.30313580552985,333.5001332889694,0
2018-05-24,IRBR3,IRBR3.SA,346.4023108100391,346.95399600204206,336.84575804450895,341.45497238311657,341.45497238311657,202723,346.4023108100391,346.95399600204206,336.84575804450895,341.45497238311657,1.0,346.95399600204206,336.84575804450895,0
2018-05-25,IRBR3,IRBR3.SA,343.92864159657785,354.072489696795,340.2626455077277,345.28117267431196,345.28117267431196,304724,343.92864159657785,354.072489696795,340.2626455077277,345.28117267431196,1.0,354.072489696795,340.2626455077277,0
2018-05-28,IRBR3,IRBR3.SA,344.60490713544493,344.60490713544493,329.30026258040306,337.21954951076395,337.21954951076395,219195,344.60490713544493,344.60490713544493,329.30026258040306,337.21954951076395,1.0,344.60490713544493,329.30026258040306,0
2018-05-29,IRBR3,IRBR3.SA,340.91222832310444,346.8116434555354,331.50694580220255,339.71097555784723,339.71097555784723,340941,340.91222832310444,346.8116434555354,331.50694580220255,339.71097555784723,1.0,346.8116434555354,331.50694580220255,0
2018-05-30,IRBR3,IRBR3.SA,340.31160194047584,347.4522916751147,336.2051345699209,341.25923968245854,341.25923968245854,2110271,340.31160194047584,347.4522916751147,336.2051345699209,341.25923968245854,1.0,347.4522916751147,336.2051345699209,0
2018-06-01,IRBR3,IRBR3.SA,340.7854208114672,351.29623933179596,339.1948446437771,346.84720008361353,346.84720008361353,197871,340.7854208114672,351.29623933179596,339.1948446437771,346.84720008361353,1.0,351.29623933179596,339.1948446437771,0
2018-06-04,IRBR3,IRBR3.SA,343.81631044754033,362.685791015625,343.81631044754033,357.77405464919195,357.77405464919195,242827,343.81631044754033,362.685791015625,343.81631044754033,357.77405464919195,1.0,362.685791015625,343.81631044754033,0
2018-06-05,IRBR3,IRBR3.SA,350.79518254836614,362.04518026782074,350.79518254836614,358.1122362615358,358.1122362615358,177500,350.79518254836614,362.04518026782074,350.79518254836614,358.1122362615358,1.0,362.04518026782074,350.79518254836614,0
2018-06-06,IRBR3,IRBR3.SA,354.453709404951,364.2518379148831,352.5775768055633,358.3969148583626,358.3969148583626,162971,354.453709404951,364.2518379148831,352.5775768055633,358.3969148583626,1.0,364.2518379148831,352.5775768055633,0
2018-06-07,IRBR3,IRBR3.SA,356.4253121316568,366.45858410508083,345.17438743502356,360.1765485366431,360.1765485366431,291760,356.4253121316568,366.45858410508083,345.17438743502356,360.1765485366431,1.0,366.45858410508083,345.17438743502356,0
2018-06-08,IRBR3,IRBR3.SA,358.30093033414994,366.6009753241464,356.7063314884233,362.84599200107095,362.84599200107095,293742,358.30093033414994,366.6009753241464,356.7063314884233,362.84599200107095,1.0,366.6009753241464,356.7063314884233,0
2018-06-11,IRBR3,IRBR3.SA,360.57346116761045,374.4312614938604,352.36402512547136,363.30866663056906,363.30866663056906,371642,360.57346116761045,374.4312614938604,352.36402512547136,363.30866663056906,1.0,374.4312614938604,352.36402512547136,0
2018-06-12,IRBR3,IRBR3.SA,361.9410638990897,361.9410638990897,341.8287352955629,351.1361201720708,351.1361201720708,229511,361.9410638990897,361.9410638990897,341.8287352955629,351.1361201720708,1.0,361.9410638990897,341.8287352955629,0
2018-06-13,IRBR3,IRBR3.SA,356.5385920355802,356.77749867316373,344.03545931512843,350.24631812677615,350.24631812677615,115316,356.5385920355802,356.77749867316373,344.03545931512843,350.24631812677615,1.0,356.77749867316373,344.03545931512843,0
2018-06-14,IRBR3,IRBR3.SA,353.3924550811782,355.7808879088402,349.23188711960205,352.73773962536325,352.73773962536325,163336,353.3924550811782,355.7808879088402,349.23188711960205,352.73773962536325,1.0,355.7808879088402,349.23188711960205,0
2018-06-15,IRBR3,IRBR3.SA,353.06509735327074,357.4181823730469,346.74046976344613,354.0191127922184,354.0191127922184,246296,353.06509735327074,357.4181823730469,346.74046976344613,354.0191127922184,1.0,357.4181823730469,346.74046976344613,0
2018-06-18,IRBR3,IRBR3.SA,353.54210507274456,358.557067375488,348.1641216297096,354.5173408357342,354.5173408357342,104843,353.54210507274456,358.557067375488,348.1641216297096,354.5173408357342,1.0,358.557067375488,348.1641216297096,0
2018-06-19,IRBR3,IRBR3.SA,354.0297229542394,354.0297229542394,344.8897186598394,348.7158937632592,348.7158937632592,184986,354.0297229542394,354.0297229542394,344.8897186598394,348.7158937632592,1.0,354.0297229542394,344.8897186598394,0
2018-06-20,IRBR3,IRBR3.SA,351.3728083587493,351.7945533634882,343.465962178428,347.6302506879554,347.6302506879554,79346,351.3728083587493,351.7945533634882,343.465962178428,347.6302506879554,1.0,351.7945533634882,343.465962178428,0
2018-06-21,IRBR3,IRBR3.SA,349.50152952335236,349.50152952335236,334.5678535694671,340.3160145342276,340.3160145342276,160480,349.50152952335236,349.50152952335236,334.5678535694671,340.3160145342276,1.0,349.50152952335236,334.5678535694671,0
2018-06-22,IRBR3,IRBR3.SA,344.90877202878994,344.90877202878994,332.5035431118725,337.62883262382917,337.62883262382917,100487,344.90877202878994,344.90877202878994,332.5035431118725,337.62883262382917,1.0,344.90877202878994,332.5035431118725,0
2018-06-25,IRBR3,IRBR3.SA,341.2688023263096,341.2688023263096,333.14414755179746,336.32965680678365,336.32965680678365,136953,341.2688023263096,341.2688023263096,333.14414755179746,336.32965680678365,1.0,341.2688023263096,333.14414755179746,0
2018-06-26,IRBR3,IRBR3.SA,338.7992295665466,341.61510864201756,337.201661820584,339.15924063915577,339.15924063915577,116477,338.7992295665466,341.61510864201756,337.201661820584,339.15924063915577,1.0,341.61510864201756,337.201661820584,0
2018-06-27,IRBR3,IRBR3.SA,338.9792351028512,343.6795003712829,334.6390390906019,339.9423027584899,339.9423027584899,83103,338.9792351028512,343.6795003712829,334.6390390906019,339.9423027584899,1.0,343.6795003712829,334.6390390906019,0
2018-06-28,IRBR3,IRBR3.SA,339.46076893067055,341.47274352799906,335.8491516113281,338.53637173091386,338.53637173091386,117507,339.46076893067055,341.47274352799906,335.8491516113281,338.53637173091386,1.0,341.47274352799906,335.8491516113281,0
2018-06-29,IRBR3,IRBR3.SA,338.9985703307922,344.1778259277344,333.7136804379924,339.5864108150906,339.5864108150906,190059,338.9985703307922,344.1778259277344,333.7136804379924,339.5864108150906,1.0,344.1778259277344,333.7136804379924,0
2018-07-02,IRBR3,IRBR3.SA,339.29249057294135,346.8828412585711,339.29249057294135,343.2702261759092,343.2702261759092,58036,339.29249057294135,346.8828412585711,339.29249057294135,343.2702261759092,1.0,346.8828412585711,339.29249057294135,0
2018-07-03,IRBR3,IRBR3.SA,341.2813583744253,346.02859514043,340.26263427734375,342.5227496156033,342.5227496156033,56719,341.2813583744253,346.02859514043,340.26263427734375,342.5227496156033,1.0,346.02859514043,340.26263427734375,0
2018-07-04,IRBR3,IRBR3.SA,341.9020539950143,342.82525607820014,331.64927060820264,337.7711446158118,337.7711446158118,63018,341.9020539950143,342.82525607820014,331.64927060820264,337.7711446158118,1.0,342.82525607820014,331.64927060820264,0
2018-07-05,IRBR3,IRBR3.SA,339.8365993054131,344.32016956491015,336.34748516124097,339.9423073107152,339.9423073107152,66122,339.8365993054131,344.32016956491015,336.34748516124097,339.9423073107152,1.0,344.32016956491015,336.34748516124097,0
2018-07-06,IRBR3,IRBR3.SA,339.88945330806416,346.6692191993917,339.88945330806416,342.48711748224514,342.48711748224514,56875,339.88945330806416,346.6692191993917,339.88945330806416,342.48711748224514,1.0,346.6692191993917,339.88945330806416,0
2018-07-10,IRBR3,IRBR3.SA,341.18828539515465,352.2216959955783,341.18828539515465,346.8294550703424,346.8294550703424,97553,341.18828539515465,352.2216959955783,341.18828539515465,346.8294550703424,1.0,352.2216959955783,341.18828539515465,0
2018-07-11,IRBR3,IRBR3.SA,344.00887023274856,360.55027491307993,344.00887023274856,353.1826489278609,353.1826489278609,77299,344.00887023274856,360.55027491307993,344.00887023274856,353.1826489278609,1.0,360.55027491307993,344.00887023274856,0
2018-07-12,IRBR3,IRBR3.SA,348.59575958030473,369.73311508132343,348.59575958030473,360.7282591778253,360.7282591778253,158172,348.59575958030473,369.73311508132343,348.59575958030473,360.7282591778253,1.0,369.73311508132343,348.59575958030473,0
2018-07-13,IRBR3,IRBR3.SA,354.662009379065,378.98707880150346,354.662009379065,369.73308623723307,369.73308623723307,107608,354.662009379065,378.98707880150346,354.662009379065,369.73308623723307,1.0,378.98707880150346,354.662009379065,0
2018-07-16,IRBR3,IRBR3.SA,362.197547808149,378.9871153428832,362.197547808149,373.9152174667591,373.9152174667591,72708,362.197547808149,378.9871153428832,362.197547808149,373.9152174667591,1.0,378.9871153428832,362.197547808149,0
2018-07-17,IRBR3,IRBR3.SA,368.056382637454,374.9295963332197,365.5332275861466,371.1034217361646,371.1034217361646,126219,368.056382637454,374.9295963332197,365.5332275861466,371.1034217361646,1.0,374.9295963332197,365.5332275861466,0
2018-07-18,IRBR3,IRBR3.SA,369.5799021868093,376.353242069533,369.5799021868093,374.02194970472516,374.02194970472516,102626,369.5799021868093,376.353242069533,369.5799021868093,374.02194970472516,1.0,376.353242069533,369.5799021868093,0
2018-07-19,IRBR3,IRBR3.SA,371.80092594576723,382.11920467759643,367.5975478524819,376.6557873242703,376.6557873242703,96340,371.80092594576723,382.11920467759643,367.5975478524819,376.6557873242703,1.0,382.11920467759643,367.5975478524819,0
2018-07-20,IRBR3,IRBR3.SA,374.22835663501877,392.86808125996953,374.22835663501877,385.89198963461143,385.89198963461143,143200,374.22835663501877,392.86808125996953,374.22835663501877,385.89198963461143,1.0,392.86808125996953,374.22835663501877,0
2018-07-23,IRBR3,IRBR3.SA,380.0601731348151,388.0987827993753,379.9837290529984,384.82428196044856,384.82428196044856,54684,380.0601731348151,388.0987827993753,379.9837290529984,384.82428196044856,1.0,388.0987827993753,379.9837290529984,0
2018-07-24,IRBR3,IRBR3.SA,382.44222754763183,391.30205833368944,382.44222754763183,388.04535730682585,388.04535730682585,89258,382.44222754763183,391.30205833368944,382.44222754763183,388.04535730682585,1.0,391.30205833368944,382.44222754763183,0
2018-07-25,IRBR3,IRBR3.SA,385.24379242722887,392.5833740234375,382.4039654375303,388.5080549215706,388.5080549215706,87563,385.24379242722887,392.5833740234375,382.4039654375303,388.5080549215706,1.0,392.5833740234375,382.4039654375303,0
2018-07-26,IRBR3,IRBR3.SA,386.8759236743997,395.5018841514273,379.55654504497693,387.2266783336238,387.2266783336238,118211,386.8759236743997,395.5018841514273,379.55654504497693,387.2266783336238,1.0,395.5018841514273,379.55654504497693,0
2018-07-27,IRBR3,IRBR3.SA,387.05130100401175,387.05130100401175,369.8754492257141,377.02951569078414,377.02951569078414,107087,387.05130100401175,387.05130100401175,369.8754492257141,377.02951569078414,1.0,387.05130100401175,369.8754492257141,0
2018-07-30,IRBR3,IRBR3.SA,382.04040834739794,382.04040834739794,371.22792690583,373.38125868040345,373.38125868040345,72473,382.04040834739794,382.04040834739794,371.22792690583,373.38125868040345,1.0,382.04040834739794,371.22792690583,0
2018-07-31,IRBR3,IRBR3.SA,377.7108335139007,381.1938166408976,376.56683081099254,378.96930749175226,378.96930749175226,98544,377.7108335139007,381.1938166408976,376.56683081099254,378.96930749175226,1.0,381.1938166408976,376.56683081099254,0
2018-08-01,IRBR3,IRBR3.SA,378.3400705028265,386.1768055922317,375.9261977016889,380.1438926411711,380.1438926411711,84015,378.3400705028265,386.1768055922317,375.9261977016889,380.1438926411711,1.0,386.1768055922317,375.9261977016889,0
2018-08-02,IRBR3,IRBR3.SA,379.2419815719988,390.8749741882362,377.13632754466306,384.6107164291075,384.6107164291075,67674,379.2419815719988,390.8749741882362,377.13632754466306,384.6107164291075,1.0,390.8749741882362,377.13632754466306,0
2018-08-03,IRBR3,IRBR3.SA,381.92634900055316,396.8544546580439,381.92634900055316,392.1206854138076,392.1206854138076,193633,381.92634900055316,396.8544546580439,381.92634900055316,392.1206854138076,1.0,396.8544546580439,381.92634900055316,0
2018-08-06,IRBR3,IRBR3.SA,387.02351720718036,403.04749083524126,387.02351720718036,398.15354692508527,398.15354692508527,103174,387.02351720718036,403.04749083524126,387.02351720718036,398.15354692508527,1.0,403.04749083524126,387.02351720718036,0
2018-08-07,IRBR3,IRBR3.SA,392.5885320661328,410.8778028711541,392.5885320661328,405.3076093504444,405.3076093504444,123311,392.5885320661328,410.8778028711541,392.5885320661328,405.3076093504444,1.0,410.8778028711541,392.5885320661328,0
2018-08-08,IRBR3,IRBR3.SA,398.9480707082886,423.83340832938416,398.9480707082886,412.74639877541824,412.74639877541824,155172,398.9480707082886,423.83340832938416,398.9480707082886,412.74639877541824,1.0,423.83340832938416,398.9480707082886,0
2018-08-09,IRBR3,IRBR3.SA,405.8472347418534,422.26738169928177,405.8472347418534,415.451443458976,415.451443458976,86363,405.8472347418534,422.26738169928177,405.8472347418534,415.451443458976,1.0,422.26738169928177,405.8472347418534,0
2018-08-10,IRBR3,IRBR3.SA,410.6493391004147,419.5623490808002,410.02361258570096,413.65402690474605,413.65402690474605,87106,410.6493391004147,419.5623490808002,410.02361258570096,413.65402690474605,1.0,419.5623490808002,410.02361258570096,0
2018-08-13,IRBR3,IRBR3.SA,412.1516830025804,413.79640490566,405.7525499861046,410.27276671093324,410.27276671093324,49754,412.1516830025804,413.79640490566,405.7525499861046,410.27276671093324,1.0,413.79640490566,405.7525499861046,0
2018-08-14,IRBR3,IRBR3.SA,411.21222485675685,421.4843456563897,410.0947919457125,416.4658255889859,416.4658255889859,82646,411.21222485675685,421.4843456563897,410.0947919457125,416.4658255889859,1.0,421.4843456563897,410.0947919457125,0
2018-08-15,IRBR3,IRBR3.SA,413.8390252228714,426.75200563737866,413.8390252228714,421.94704516471,421.94704516471,76308,413.8390252228714,426.75200563737866,413.8390252228714,421.94704516471,1.0,426.75200563737866,413.8390252228714,0
2018-08-16,IRBR3,IRBR3.SA,417.8930351937907,426.25367181357484,417.71151474313064,423.4418758474529,423.4418758474529,68717,417.8930351937907,426.25367181357484,417.71151474313064,423.4418758474529,1.0,426.25367181357484,417.71151474313064,0
2018-08-17,IRBR3,IRBR3.SA,420.6674555206218,425.68419465941537,414.22347179012525,420.96821833101023,420.96821833101023,64270,420.6674555206218,425.68419465941537,414.22347179012525,420.96821833101023,1.0,425.68419465941537,414.22347179012525,0
2018-08-20,IRBR3,IRBR3.SA,420.817836925816,428.53162157814955,413.4404905473083,421.98264165746434,421.98264165746434,76842,420.817836925816,428.53162157814955,413.4404905473083,421.98264165746434,1.0,428.53162157814955,413.4404905473083,0
2018-08-21,IRBR3,IRBR3.SA,421.40023929164016,432.0196118022117,421.40023929164016,425.5596163759952,425.5596163759952,63487,421.40023929164016,432.0196118022117,421.40023929164016,425.5596163759952,1.0,432.0196118022117,421.40023929164016,0
2018-08-22,IRBR3,IRBR3.SA,423.47992783381767,426.2537360076794,419.2064312810272,421.69790594012795,421.69790594012795,60566,423.47992783381767,426.2537360076794,419.2064312810272,421.69790594012795,1.0,426.2537360076794,419.2064312810272,0
2018-08-23,IRBR3,IRBR3.SA,422.5889168869728,423.1927436211759,400.2000990413216,412.53284602032574,412.53284602032574,95258,422.5889168869728,423.1927436211759,400.2000990413216,412.53284602032574,1.0,423.1927436211759,400.2000990413216,0
2018-08-24,IRBR3,IRBR3.SA,417.56088145364924,417.56088145364924,402.90510721417945,408.06599512677303,408.06599512677303,110243,417.56088145364924,417.56088145364924,402.90510721417945,408.06599512677303,1.0,417.56088145364924,402.90510721417945,0
2018-08-27,IRBR3,IRBR3.SA,412.81343829021114,413.2268918300467,405.8948794208715,409.0447968232209,409.0447968232209,61388,412.81343829021114,413.2268918300467,405.8948794208715,409.0447968232209,1.0,413.2268918300467,405.8948794208715,0
2018-08-28,IRBR3,IRBR3.SA,410.92911755671605,419.70466943468324,410.92911755671605,415.30902216504734,415.30902216504734,46390,410.92911755671605,419.70466943468324,410.92911755671605,415.30902216504734,1.0,419.70466943468324,410.92911755671605,0
2018-08-29,IRBR3,IRBR3.SA,413.1190698608817,421.3419315123082,413.1190698608817,418.12082295096013,418.12082295096013,43246,413.1190698608817,421.3419315123082,413.1190698608817,418.12082295096013,1.0,421.3419315123082,413.1190698608817,0
2018-08-30,IRBR3,IRBR3.SA,415.6199464059209,423.05040453186126,415.6199464059209,419.88269432772614,419.88269432772614,65848,415.6199464059209,423.05040453186126,415.6199464059209,419.88269432772614,1.0,423.05040453186126,415.6199464059209,0
2018-08-31,IRBR3,IRBR3.SA,417.7513203668235,425.61304239662553,416.92851612337097,422.28515732552887,422.28515732552887,65300,417.7513203668235,425.61304239662553,416.92851612337097,422.28515732552887,1.0,425.61304239662553,416.92851612337097,0
2018-09-03,IRBR3,IRBR3.SA,420.0182388461762,430.2399853365747,420.0182388461762,424.24269421905456,424.24269421905456,33765,420.0182388461762,430.2399853365747,420.0182388461762,424.24269421905456,1.0,430.2399853365747,420.0182388461762,0
2018-09-04,IRBR3,IRBR3.SA,422.1304665326154,427.107918976432,417.9962877536191,422.7834483963061,422.7834483963061,35382,422.1304665326154,427.107918976432,417.9962877536191,422.7834483963061,1.0,427.107918976432,417.9962877536191,0
2018-09-05,IRBR3,IRBR3.SA,422.45695746446074,446.8972619159915,422.45695746446074,436.3975385841478,436.3975385841478,107452,422.45695746446074,446.8972619159915,422.45695746446074,436.3975385841478,1.0,446.8972619159915,422.45695746446074,0
2018-09-06,IRBR3,IRBR3.SA,429.4272480243043,469.462781562717,429.4272480243043,458.30458736181214,458.30458736181214,140070,429.4272480243043,469.462781562717,429.4272480243043,458.30458736181214,1.0,469.462781562717,429.4272480243043,0
2018-09-10,IRBR3,IRBR3.SA,443.86591769305824,469.4627989849134,443.86591769305824,464.39089427346164,464.39089427346164,65822,443.86591769305824,469.4627989849134,443.86591769305824,464.39089427346164,1.0,469.4627989849134,443.86591769305824,0
2018-09-11,IRBR3,IRBR3.SA,454.12840598325994,461.63248923794333,452.2361206528196,457.3436175289006,457.3436175289006,57280,454.12840598325994,461.63248923794333,452.2361206528196,457.3436175289006,1.0,461.63248923794333,452.2361206528196,0
2018-09-12,IRBR3,IRBR3.SA,455.7360117560803,459.1409726842791,448.39209180202045,454.0334835146458,454.0334835146458,50876,455.7360117560803,459.1409726842791,448.39209180202045,454.0334835146458,1.0,459.1409726842791,448.39209180202045,0
2018-09-13,IRBR3,IRBR3.SA,454.88474763536306,454.88474763536306,443.4804212376504,447.7159012441866,447.7159012441866,76764,454.88474763536306,454.88474763536306,443.4804212376504,447.7159012441866,1.0,454.88474763536306,443.4804212376504,0
2018-09-14,IRBR3,IRBR3.SA,451.30032443977484,459.4257377827986,436.6466595041821,447.9828140522919,447.9828140522919,87237,451.30032443977484,459.4257377827986,436.6466595041821,447.9828140522919,1.0,459.4257377827986,436.6466595041821,0
2018-09-17,IRBR3,IRBR3.SA,449.6415692460334,454.5140154084156,447.1108043433612,450.20733728895516,450.20733728895516,29839,449.6415692460334,454.5140154084156,447.1108043433612,450.20733728895516,1.0,454.5140154084156,447.1108043433612,0
2018-09-18,IRBR3,IRBR3.SA,449.9244532674943,450.5988490436637,437.0737702543298,444.2990138880861,444.2990138880861,72004,449.9244532674943,450.5988490436637,437.0737702543298,444.2990138880861,1.0,450.5988490436637,437.0737702543298,0
2018-09-19,IRBR3,IRBR3.SA,447.11173357779023,447.11173357779023,434.5111124355388,439.70759992825396,439.70759992825396,53158,447.11173357779023,447.11173357779023,434.5111124355388,439.70759992825396,1.0,447.11173357779023,434.5111124355388,0
2018-09-20,IRBR3,IRBR3.SA,443.40966675302207,451.6666017206178,442.7685091340612,447.0929866642492,447.0929866642492,54997,443.40966675302207,451.6666017206178,442.7685091340612,447.0929866642492,1.0,451.6666017206178,442.7685091340612,0
2018-09-21,IRBR3,IRBR3.SA,445.25132670863564,453.6598392886909,445.25132670863564,449.5845058973001,449.5845058973001,102809,445.25132670863564,453.6598392886909,445.25132670863564,449.5845058973001,1.0,453.6598392886909,445.25132670863564,0
2018-09-24,IRBR3,IRBR3.SA,447.4179163029679,472.5949021000526,447.4179163029679,461.4722931780744,461.4722931780744,114729,447.4179163029679,472.5949021000526,447.4179163029679,461.4722931780744,1.0,472.5949021000526,447.4179163029679,0
2018-09-25,IRBR3,IRBR3.SA,454.4451047405212,461.9883804967065,454.4451047405212,458.96303183274154,458.96303183274154,76842,454.4451047405212,461.9883804967065,454.4451047405212,458.96303183274154,1.0,461.9883804967065,454.4451047405212,0
2018-09-26,IRBR3,IRBR3.SA,456.70406828663135,469.67629842299465,456.70406828663135,466.1170615916679,466.1170615916679,57175,456.70406828663135,469.67629842299465,456.70406828663135,466.1170615916679,1.0,469.67629842299465,456.70406828663135,0
2018-09-27,IRBR3,IRBR3.SA,461.4105649391496,470.4593180845806,461.4105649391496,466.2238457327449,466.2238457327449,111443,461.4105649391496,470.4593180845806,461.4105649391496,466.2238457327449,1.0,470.4593180845806,461.4105649391496,0
2018-09-28,IRBR3,IRBR3.SA,463.8172053359473,474.73051296606155,462.70028664419146,468.55523184877507,468.55523184877507,82437,463.8172053359473,474.73051296606155,462.70028664419146,468.55523184877507,1.0,474.73051296606155,462.70028664419146,0
2018-10-01,IRBR3,IRBR3.SA,466.1862185923612,479.7845956278163,464.8358047310038,472.8440744381488,472.8440744381488,76882,466.1862185923612,479.7845956278163,464.8358047310038,472.8440744381488,1.0,479.7845956278163,464.8358047310038,0
2018-10-02,IRBR3,IRBR3.SA,469.51514651525497,484.05562421414834,469.51514651525497,478.32526974296445,478.32526974296445,103031,469.51514651525497,484.05562421414834,469.51514651525497,478.32526974296445,1.0,484.05562421414834,469.51514651525497,0
2018-10-03,IRBR3,IRBR3.SA,473.9202081291097,486.9029982795631,459.14099938576874,473.3067497053556,473.3067497053556,143969,473.9202081291097,486.9029982795631,459.14099938576874,473.3067497053556,1.0,486.9029982795631,459.14099938576874,0
2018-10-04,IRBR3,IRBR3.SA,473.61347891723267,473.61347891723267,446.47012542644234,459.5681058511433,459.5681058511433,143591,473.61347891723267,473.61347891723267,446.47012542644234,459.5681058511433,1.0,473.61347891723267,446.47012542644234,0
2018-10-05,IRBR3,IRBR3.SA,466.590792384188,466.590792384188,441.4160459795217,454.14029209666927,454.14029209666927,188272,466.590792384188,466.590792384188,441.4160459795217,454.14029209666927,1.0,466.590792384188,441.4160459795217,0
2018-10-08,IRBR3,IRBR3.SA,460.3655422404286,467.8967247511182,435.0094084164173,450.93697776051323,450.93697776051323,227176,460.3655422404286,467.8967247511182,435.0094084164173,450.93697776051323,1.0,467.8967247511182,435.0094084164173,0
2018-10-09,IRBR3,IRBR3.SA,455.6512600004709,455.6512600004709,426.2537087823556,434.2085865152776,434.2085865152776,213274,455.6512600004709,455.6512600004709,426.2537087823556,434.2085865152776,1.0,455.6512600004709,426.2537087823556,0
2018-10-10,IRBR3,IRBR3.SA,444.9299232578743,444.9299232578743,431.0230510474159,436.45088329382486,436.45088329382486,196176,444.9299232578743,444.9299232578743,431.0230510474159,436.45088329382486,1.0,444.9299232578743,431.0230510474159,0
2018-10-11,IRBR3,IRBR3.SA,440.6904032758496,450.527691852937,437.78562449143783,444.28123402848803,444.28123402848803,120559,440.6904032758496,450.527691852937,437.78562449143783,444.28123402848803,1.0,450.527691852937,437.78562449143783,0
2018-10-15,IRBR3,IRBR3.SA,442.4858186521688,465.6900369221037,442.4858186521688,453.1615358468048,453.1615358468048,243088,442.4858186521688,465.6900369221037,442.4858186521688,453.1615358468048,1.0,465.6900369221037,442.4858186521688,0
2018-10-16,IRBR3,IRBR3.SA,447.82367724948676,477.79133379637045,447.5378766556197,464.3908390978072,464.3908390978072,117924,447.82367724948676,477.79133379637045,447.5378766556197,464.3908390978072,1.0,477.79133379637045,447.5378766556197,0
2018-10-17,IRBR3,IRBR3.SA,456.107258173647,494.3774271396515,456.107258173647,479.9269191231257,479.9269191231257,187503,456.107258173647,494.3774271396515,456.107258173647,479.9269191231257,1.0,494.3774271396515,456.107258173647,0
2018-10-18,IRBR3,IRBR3.SA,468.01708864838633,498.2214278220903,468.01708864838633,493.4698378185117,493.4698378185117,132636,468.01708864838633,498.2214278220903,468.01708864838633,493.4698378185117,1.0,498.2214278220903,468.01708864838633,0
2018-10-19,IRBR3,IRBR3.SA,480.743463233449,496.2994509747608,480.743463233449,490.76482072029023,490.76482072029023,87498,480.743463233449,496.2994509747608,480.743463233449,490.76482072029023,1.0,496.2994509747608,480.743463233449,0
2018-10-22,IRBR3,IRBR3.SA,485.7541419768696,497.15362163455865,485.7541419768696,492.54438609540125,492.54438609540125,60501,485.7541419768696,497.15362163455865,485.7541419768696,492.54438609540125,1.0,497.15362163455865,485.7541419768696,0
2018-10-23,IRBR3,IRBR3.SA,489.14926403613543,517.4411398059367,487.25888373244584,502.7237392614474,502.7237392614474,160702,489.14926403613543,517.4411398059367,487.25888373244584,502.7237392614474,1.0,517.4411398059367,487.25888373244584,0
2018-10-24,IRBR3,IRBR3.SA,495.9365016487914,514.6650883787705,488.3267981328253,502.5103143557792,502.5103143557792,107960,495.9365016487914,514.6650883787705,488.3267981328253,502.5103143557792,1.0,514.6650883787705,488.3267981328253,0
2018-10-25,IRBR3,IRBR3.SA,499.2234080022853,503.56025747384734,489.67927163631623,496.81551042427293,496.81551042427293,118198,499.2234080022853,503.56025747384734,489.67927163631623,496.81551042427293,1.0,503.56025747384734,489.67927163631623,0
2018-10-26,IRBR3,IRBR3.SA,498.0194592132791,498.0194592132791,475.3711731465886,487.84626844170873,487.84626844170873,181243,498.0194592132791,498.0194592132791,475.3711731465886,487.84626844170873,1.0,498.0194592132791,475.3711731465886,0
2018-10-29,IRBR3,IRBR3.SA,492.9328638274939,492.9328638274939,477.4354880523159,482.2938473491994,482.2938473491994,124850,492.9328638274939,492.9328638274939,477.4354880523159,482.2938473491994,1.0,492.9328638274939,477.4354880523159,0
2018-10-30,IRBR3,IRBR3.SA,487.6133555883466,511.4617688315493,479.7845966631043,497.61633976079656,497.61633976079656,130875,487.6133555883466,511.4617688315493,479.7845966631043,497.61633976079656,1.0,511.4617688315493,479.7845966631043,0
2018-10-31,IRBR3,IRBR3.SA,492.6148476745716,520.0039537233914,492.6148476745716,513.4371597455761,513.4371597455761,139717,492.6148476745716,520.0039537233914,492.6148476745716,513.4371597455761,1.0,520.0039537233914,492.6148476745716,0
2018-11-01,IRBR3,IRBR3.SA,503.02600371007384,503.02600371007384,485.9064597092376,492.81135334277394,492.81135334277394,268389,503.02600371007384,503.02600371007384,485.9064597092376,492.81135334277394,1.0,503.02600371007384,485.9064597092376,0
2018-11-05,IRBR3,IRBR3.SA,497.9186785264239,501.8518168200711,480.4963938360582,492.0639146190652,492.0639146190652,153555,497.9186785264239,501.8518168200711,480.4963938360582,492.0639146190652,1.0,501.8518168200711,480.4963938360582,0
2018-11-06,IRBR3,IRBR3.SA,494.99129657274455,494.99129657274455,480.5675886598367,485.49714626919274,485.49714626919274,70726,494.99129657274455,494.99129657274455,480.5675886598367,485.49714626919274,1.0,494.99129657274455,480.5675886598367,0
2018-11-07,IRBR3,IRBR3.SA,490.24422142096864,490.24422142096864,458.42914539124797,474.6058447288066,474.6058447288066,167692,490.24422142096864,490.24422142096864,458.42914539124797,474.6058447288066,1.0,490.24422142096864,458.42914539124797,0
2018-11-08,IRBR3,IRBR3.SA,482.4250330748876,483.2922216630511,467.5631160613917,475.4097026893908,475.4097026893908,149747,482.4250330748876,483.2922216630511,467.5631160613917,475.4097026893908,1.0,483.2922216630511,467.5631160613917,0
2018-11-09,IRBR3,IRBR3.SA,478.9173678821392,496.86662452749226,478.9173678821392,486.7935192301792,486.7935192301792,220056,478.9173678821392,496.86662452749226,478.9173678821392,486.7935192301792,1.0,496.86662452749226,478.9173678821392,0
2018-11-12,IRBR3,IRBR3.SA,482.85544355615923,497.0102844238281,482.430384259959,490.8515315211043,490.8515315211043,67570,482.85544355615923,497.0102844238281,482.430384259959,490.8515315211043,1.0,497.0102844238281,482.430384259959,0
2018-11-13,IRBR3,IRBR3.SA,486.8534875386317,514.893984172323,486.8534875386317,504.30021691952874,504.30021691952874,127693,486.8534875386317,514.893984172323,486.8534875386317,504.30021691952874,1.0,514.893984172323,486.8534875386317,0
2018-11-14,IRBR3,IRBR3.SA,495.57685222908026,512.8829286140046,495.57685222908026,509.77663910216273,509.77663910216273,103291,495.57685222908026,512.8829286140046,495.57685222908026,509.77663910216273,1.0,512.8829286140046,495.57685222908026,0
2018-11-16,IRBR3,IRBR3.SA,502.6767456656215,522.1481323242188,502.6767456656215,516.4023297191034,516.4023297191034,83637,502.6767456656215,522.1481323242188,502.6767456656215,516.4023297191034,1.0,522.1481323242188,502.6767456656215,0
2018-11-19,IRBR3,IRBR3.SA,509.53953769236244,523.5844989643908,509.53953769236244,520.5320363770386,520.5320363770386,66070,509.53953769236244,523.5844989643908,509.53953769236244,520.5320363770386,1.0,523.5844989643908,509.53953769236244,0
2018-11-21,IRBR3,IRBR3.SA,515.0357870347005,529.4020385742188,510.0100099440463,522.2018496367975,522.2018496367975,65457,515.0357870347005,529.4020385742188,510.0100099440463,522.2018496367975,1.0,529.4020385742188,510.0100099440463,0
2018-11-22,IRBR3,IRBR3.SA,518.618818335749,535.3634689339473,518.618818335749,529.6715498679498,529.6715498679498,55036,518.618818335749,535.3634689339473,518.618818335749,529.6715498679498,1.0,535.3634689339473,518.618818335749,0
2018-11-23,IRBR3,IRBR3.SA,524.1451841018494,540.8218811494445,524.1451841018494,533.1727937629796,533.1727937629796,87641,524.1451841018494,540.8218811494445,524.1451841018494,533.1727937629796,1.0,540.8218811494445,524.1451841018494,0
2018-11-26,IRBR3,IRBR3.SA,528.6589889324146,548.0041104960395,528.6589889324146,536.907547691491,536.907547691491,120402,528.6589889324146,548.0041104960395,528.6589889324146,536.907547691491,1.0,548.0041104960395,528.6589889324146,0
2018-11-27,IRBR3,IRBR3.SA,532.7832683119527,550.0870212371809,532.7832683119527,542.9047959853007,542.9047959853007,111782,532.7832683119527,550.0870212371809,532.7832683119527,542.9047959853007,1.0,550.0870212371809,532.7832683119527,0
2018-11-28,IRBR3,IRBR3.SA,537.8440321486266,551.8825156058812,537.8440321486266,547.1960888081036,547.1960888081036,68365,537.8440321486266,551.8825156058812,537.8440321486266,547.1960888081036,1.0,551.8825156058812,537.8440321486266,0
2018-11-29,IRBR3,IRBR3.SA,542.5200604783652,548.2914013193791,529.4021360947859,541.66577125971,541.66577125971,103670,542.5200604783652,548.2914013193791,529.4021360947859,541.66577125971,1.0,548.2914013193791,529.4021360947859,0
2018-11-30,IRBR3,IRBR3.SA,542.0929158690376,547.2141143252957,537.5899047851562,541.3067160916198,541.3067160916198,144308,542.0929158690376,547.2141143252957,537.5899047851562,541.3067160916198,1.0,547.2141143252957,537.5899047851562,0
2018-12-03,IRBR3,IRBR3.SA,541.6998159803287,545.5622585269272,528.1094258769613,535.5969049627663,535.5969049627663,159359,541.6998159803287,545.5622585269272,528.1094258769613,535.5969049627663,1.0,545.5622585269272,528.1094258769613,0
2018-12-04,IRBR3,IRBR3.SA,538.6483604715474,539.098148679216,524.3745772396361,533.1368954331493,533.1368954331493,113529,538.6483604715474,539.098148679216,524.3745772396361,533.1368954331493,1.0,539.098148679216,524.3745772396361,0
2018-12-05,IRBR3,IRBR3.SA,535.8926279523484,542.258334541529,529.6175807374702,536.1354712043004,536.1354712043004,72082,535.8926279523484,542.258334541529,529.6175807374702,536.1354712043004,1.0,542.258334541529,529.6175807374702,0
2018-12-06,IRBR3,IRBR3.SA,536.0140495783244,544.2693919620124,530.1922006503751,536.0636952838211,536.0636952838211,80025,536.0140495783244,544.2693919620124,530.1922006503751,536.0636952838211,1.0,544.2693919620124,530.1922006503751,0
2018-12-07,IRBR3,IRBR3.SA,536.0388724310727,548.3632502542961,536.0388724310727,542.7251875516288,542.7251875516288,82581,536.0388724310727,548.3632502542961,536.0388724310727,542.7251875516288,1.0,548.3632502542961,536.0388724310727,0
2018-12-10,IRBR3,IRBR3.SA,539.3820299913507,547.5731634482931,539.3820299913507,543.353599758921,543.353599758921,67100,539.3820299913507,547.5731634482931,539.3820299913507,543.353599758921,1.0,547.5731634482931,539.3820299913507,0
2018-12-11,IRBR3,IRBR3.SA,541.3678148751358,544.9157397777561,530.5513192563691,540.4807247273844,540.4807247273844,121498,541.3678148751358,544.9157397777561,530.5513192563691,540.4807247273844,1.0,544.9157397777561,530.5513192563691,0
2018-12-12,IRBR3,IRBR3.SA,540.9242698012602,550.733416711173,539.4573472331764,543.76667105447,543.76667105447,122528,540.9242698012602,550.733416711173,539.4573472331764,543.76667105447,1.0,550.733416711173,539.4573472331764,0
2018-12-13,IRBR3,IRBR3.SA,542.345470427865,547.2140549806483,535.2915485167144,543.1920049516802,543.1920049516802,85033,542.345470427865,547.2140549806483,535.2915485167144,543.1920049516802,1.0,547.2140549806483,535.2915485167144,0
2018-12-14,IRBR3,IRBR3.SA,542.7687376897727,553.6062519249303,540.8936909468359,547.1422315697068,547.1422315697068,76086,542.7687376897727,553.6062519249303,540.8936909468359,547.1422315697068,1.0,553.6062519249303,540.8936909468359,0
2018-12-17,IRBR3,IRBR3.SA,544.9554846297398,561.5066621205802,544.9554846297398,551.5413251175573,551.5413251175573,111025,544.9554846297398,561.5066621205802,544.9554846297398,551.5413251175573,1.0,561.5066621205802,544.9554846297398,0
2018-12-18,IRBR3,IRBR3.SA,548.2484048736485,573.1419162570139,545.8494549441264,560.3395955030783,560.3395955030783,168814,548.2484048736485,573.1419162570139,545.8494549441264,560.3395955030783,1.0,573.1419162570139,545.8494549441264,0
2018-12-19,IRBR3,IRBR3.SA,554.2940001883634,579.3904651409675,554.2940001883634,571.5259544331869,571.5259544331869,143734,554.2940001883634,579.3904651409675,554.2940001883634,571.5259544331869,1.0,579.3904651409675,554.2940001883634,0
2018-12-20,IRBR3,IRBR3.SA,562.9099773107752,582.7660713917707,562.9099773107752,575.907024350579,575.907024350579,151781,562.9099773107752,582.7660713917707,562.9099773107752,575.907024350579,1.0,582.7660713917707,562.9099773107752,0
2018-12-21,IRBR3,IRBR3.SA,569.4085008306771,582.9814892844923,569.4085008306771,577.8282709839677,577.8282709839677,378071,569.4085008306771,582.9814892844923,569.4085008306771,577.8282709839677,1.0,582.9814892844923,569.4085008306771,0
2018-12-26,IRBR3,IRBR3.SA,573.6183859073224,586.5725930391625,573.5009385568818,579.0851304393511,579.0851304393511,118120,573.6183859073224,586.5725930391625,573.5009385568818,579.0851304393511,1.0,586.5725930391625,573.5009385568818,0
2018-12-27,IRBR3,IRBR3.SA,576.3517581733367,583.9153442382812,574.14751902169,579.8573897508284,579.8573897508284,69382,576.3517581733367,583.9153442382812,574.14751902169,579.8573897508284,1.0,583.9153442382812,574.14751902169,0
2018-12-28,IRBR3,IRBR3.SA,578.1045739620826,601.583519890837,578.1045739620826,591.0795259283509,591.0795259283509,152029,578.1045739620826,601.583519890837,578.1045739620826,591.0795259283509,1.0,601.583519890837,578.1045739620826,0
2019-01-02,IRBR3,IRBR3.SA,584.5920499452168,610.4177115504368,584.5920499452168,600.3446335709315,600.3446335709315,124863,584.5920499452168,610.4177115504368,584.5920499452168,600.3446335709315,1.0,610.4177115504368,584.5920499452168,0
2019-01-03,IRBR3,IRBR3.SA,592.4683417580741,599.7162101735064,587.147263402589,593.9165376321872,593.9165376321872,120585,592.4683417580741,599.7162101735064,587.147263402589,593.9165376321872,1.0,599.7162101735064,587.147263402589,0
2019-01-04,IRBR3,IRBR3.SA,593.1924396951306,597.9205577923778,576.6611876243454,589.2839315151659,589.2839315151659,186720,593.1924396951306,597.9205577923778,576.6611876243454,589.2839315151659,1.0,597.9205577923778,576.6611876243454,0
2019-01-07,IRBR3,IRBR3.SA,591.2381856051483,591.4566796728473,575.296669225292,586.105918053506,586.105918053506,82163,591.2381856051483,591.4566796728473,575.296669225292,586.105918053506,1.0,591.4566796728473,575.296669225292,0
2019-01-08,IRBR3,IRBR3.SA,588.6720518293271,600.8653293674058,588.6720518293271,594.5090487731543,594.5090487731543,213026,588.6720518293271,600.8653293674058,588.6720518293271,594.5090487731543,1.0,600.8653293674058,588.6720518293271,0
2019-01-09,IRBR3,IRBR3.SA,591.5905503012407,600.5780111400617,591.5905503012407,596.8611859877024,596.8611859877024,147321,591.5905503012407,600.5780111400617,591.5905503012407,596.8611859877024,1.0,600.5780111400617,591.5905503012407,0
2019-01-10,IRBR3,IRBR3.SA,594.2258681444715,596.9869081518708,582.3351440429688,589.337820794374,589.337820794374,131058,594.2258681444715,596.9869081518708,582.3351440429688,589.337820794374,1.0,596.9869081518708,582.3351440429688,0
2019-01-11,IRBR3,IRBR3.SA,591.7818444694228,591.7818444694228,569.6944435294589,577.846254927264,577.846254927264,387970,591.7818444694228,591.7818444694228,569.6944435294589,577.846254927264,1.0,591.7818444694228,569.6944435294589,0
2019-01-14,IRBR3,IRBR3.SA,584.8140496983434,584.8140496983434,562.3685772955737,570.861575129341,570.861575129341,172283,584.8140496983434,584.8140496983434,562.3685772955737,570.861575129341,1.0,584.8140496983434,562.3685772955737,0
2019-01-15,IRBR3,IRBR3.SA,577.8378124138421,578.0977424775132,568.186244875657,572.2621656011521,572.2621656011521,172257,577.8378124138421,578.0977424775132,568.186244875657,572.2621656011521,1.0,578.0977424775132,568.186244875657,0
2019-01-16,IRBR3,IRBR3.SA,575.0499890074971,599.5725081234856,575.0499890074971,588.0091245502224,588.0091245502224,342845,575.0499890074971,599.5725081234856,575.0499890074971,588.0091245502224,1.0,599.5725081234856,575.0499890074971,0
2019-01-17,IRBR3,IRBR3.SA,581.5295567788597,604.7437533632822,581.5295567788597,597.9565273944047,597.9565273944047,221295,581.5295567788597,604.7437533632822,581.5295567788597,597.9565273944047,1.0,604.7437533632822,581.5295567788597,0
2019-01-18,IRBR3,IRBR3.SA,589.7430420866322,619.898121094976,589.7430420866322,609.9327850431741,609.9327850431741,144739,589.7430420866322,619.898121094976,589.7430420866322,609.9327850431741,1.0,619.898121094976,589.7430420866322,0
2019-01-21,IRBR3,IRBR3.SA,599.8379135649031,621.7656143213152,599.8379135649031,618.2642686662172,618.2642686662172,36712,599.8379135649031,621.7656143213152,599.8379135649031,618.2642686662172,1.0,621.7656143213152,599.8379135649031,0
2019-01-22,IRBR3,IRBR3.SA,609.0510911155602,624.4948220034996,609.0510911155602,619.7365878142218,619.7365878142218,56158,609.0510911155602,624.4948220034996,609.0510911155602,619.7365878142218,1.0,624.4948220034996,609.0510911155602,0
2019-01-23,IRBR3,IRBR3.SA,614.393839464891,624.2075855497229,614.393839464891,620.724177477181,620.724177477181,67413,614.393839464891,624.2075855497229,614.393839464891,620.724177477181,1.0,624.2075855497229,614.393839464891,0
2019-01-24,IRBR3,IRBR3.SA,617.559008471036,631.533447265625,616.953547089124,624.9437634596734,624.9437634596734,78173,617.559008471036,631.533447265625,616.953547089124,624.9437634596734,1.0,631.533447265625,616.953547089124,0
2019-01-28,IRBR3,IRBR3.SA,621.2513859653548,651.5000602481508,610.4895026590767,626.6495400930554,626.6495400930554,160193,621.2513859653548,651.5000602481508,610.4895026590767,626.6495400930554,1.0,651.5000602481508,610.4895026590767,0
2019-01-29,IRBR3,IRBR3.SA,623.9504630292051,643.5277424197374,618.3181570261598,630.4201970240813,630.4201970240813,112016,623.9504630292051,643.5277424197374,618.3181570261598,630.4201970240813,1.0,643.5277424197374,618.3181570261598,0
2019-01-30,IRBR3,IRBR3.SA,627.1853300266432,636.9201507238472,612.3569445732975,622.519796744708,622.519796744708,160897,627.1853300266432,636.9201507238472,612.3569445732975,622.519796744708,1.0,636.9201507238472,612.3569445732975,0
2019-01-31,IRBR3,IRBR3.SA,624.8525633856756,624.8525633856756,601.2243600235304,614.403754453167,614.403754453167,241027,624.8525633856756,624.8525633856756,601.2243600235304,614.403754453167,1.0,624.8525633856756,601.2243600235304,0
2019-02-01,IRBR3,IRBR3.SA,619.6281589194214,630.5997498101098,616.9535195616811,621.9990269452821,621.9990269452821,187216,619.6281589194214,630.5997498101098,616.9535195616811,621.9990269452821,1.0,630.5997498101098,616.9535195616811,0
2019-02-04,IRBR3,IRBR3.SA,620.8135929323518,634.5500269953985,617.743578125374,627.2600479208786,627.2600479208786,140148,620.8135929323518,634.5500269953985,617.743578125374,627.2600479208786,1.0,634.5500269953985,617.743578125374,0
2019-02-05,IRBR3,IRBR3.SA,624.0368204266151,635.6272992841738,611.6386710037598,626.0749410594658,626.0749410594658,126297,624.0368204266151,635.6272992841738,611.6386710037598,626.0749410594658,1.0,635.6272992841738,611.6386710037598,0
2019-02-06,IRBR3,IRBR3.SA,625.0558807430405,626.7212639222947,612.8595556976588,619.628800031277,619.628800031277,112512,625.0558807430405,626.7212639222947,612.8595556976588,619.628800031277,1.0,626.7212639222947,612.8595556976588,0
2019-02-07,IRBR3,IRBR3.SA,622.3423403871587,622.5557290952005,603.3791739089432,615.8223868040349,615.8223868040349,104504,622.3423403871587,622.5557290952005,603.3791739089432,615.8223868040349,1.0,622.5557290952005,603.3791739089432,0
2019-02-08,IRBR3,IRBR3.SA,619.0823635955968,640.7267456054688,609.8431621428915,629.2172307752242,629.2172307752242,269863,619.0823635955968,640.7267456054688,609.8431621428915,629.2172307752242,1.0,640.7267456054688,609.8431621428915,0
2019-02-11,IRBR3,IRBR3.SA,624.1497971854105,649.6326208095448,624.1497971854105,641.1216860555701,641.1216860555701,159215,624.1497971854105,649.6326208095448,624.1497971854105,641.1216860555701,1.0,649.6326208095448,624.1497971854105,0
2019-02-12,IRBR3,IRBR3.SA,632.6357416204903,669.3838129976359,632.6357416204903,656.437862221305,656.437862221305,195928,632.6357416204903,669.3838129976359,632.6357416204903,656.437862221305,1.0,669.3838129976359,632.6357416204903,0
2019-02-13,IRBR3,IRBR3.SA,644.5368019208977,669.4555583719005,644.5368019208977,659.5261257657896,659.5261257657896,182730,644.5368019208977,669.4555583719005,644.5368019208977,659.5261257657896,1.0,669.4555583719005,644.5368019208977,0
2019-02-14,IRBR3,IRBR3.SA,652.0314638433437,667.8755065691305,646.5442710841123,657.4792241960977,657.4792241960977,132140,652.0314638433437,667.8755065691305,646.5442710841123,657.4792241960977,1.0,667.8755065691305,646.5442710841123,0
2019-02-15,IRBR3,IRBR3.SA,654.7553440197207,660.0469865290736,640.3676640277077,652.1644663889135,652.1644663889135,315705,654.7553440197207,660.0469865290736,640.3676640277077,652.1644663889135,1.0,660.0469865290736,640.3676640277077,0
2019-02-18,IRBR3,IRBR3.SA,653.4599052043171,664.7153713098178,650.7818522480502,658.7182135109972,658.7182135109972,91084,653.4599052043171,664.7153713098178,650.7818522480502,658.7182135109972,1.0,664.7153713098178,650.7818522480502,0
2019-02-19,IRBR3,IRBR3.SA,656.0890593576571,662.8479661605486,651.0690743273475,658.8618197533284,658.8618197533284,188559,656.0890593576571,662.8479661605486,651.0690743273475,658.8618197533284,1.0,662.8479661605486,651.0690743273475,0
2019-02-20,IRBR3,IRBR3.SA,657.4754395554928,666.5109502765465,648.6272170115859,661.0345114783573,661.0345114783573,179613,657.4754395554928,666.5109502765465,648.6272170115859,661.0345114783573,1.0,666.5109502765465,648.6272170115859,0
2019-02-21,IRBR3,IRBR3.SA,659.254975516925,681.3063354492188,659.254975516925,672.4722086354811,672.4722086354811,232784,659.254975516925,681.3063354492188,659.254975516925,672.4722086354811,1.0,681.3063354492188,659.254975516925,0
2019-02-22,IRBR3,IRBR3.SA,665.8635920762031,685.6874343041444,665.8635920762031,676.3325610098441,676.3325610098441,142026,665.8635920762031,685.6874343041444,665.8635920762031,676.3325610098441,1.0,685.6874343041444,665.8635920762031,0
2019-02-25,IRBR3,IRBR3.SA,671.0980765430236,677.5714801419886,661.8423755927118,672.0231918893097,672.0231918893097,147021,671.0980765430236,677.5714801419886,661.8423755927118,672.0231918893097,1.0,677.5714801419886,661.8423755927118,0
2019-02-26,IRBR3,IRBR3.SA,671.5606342161666,679.5826153003328,659.1851037974504,671.3050968334601,671.3050968334601,234558,671.5606342161666,679.5826153003328,659.1851037974504,671.3050968334601,1.0,679.5826153003328,659.1851037974504,0
2019-02-27,IRBR3,IRBR3.SA,671.4328655248133,671.4328655248133,646.4006958007812,657.3176691185377,657.3176691185377,481207,671.4328655248133,671.4328655248133,646.4006958007812,657.3176691185377,1.0,671.4328655248133,646.4006958007812,0
2019-02-28,IRBR3,IRBR3.SA,664.3752673216754,664.3752673216754,634.2626966837398,645.0539923370794,645.0539923370794,276723,664.3752673216754,664.3752673216754,634.2626966837398,645.0539923370794,1.0,664.3752673216754,634.2626966837398,0
2019-03-01,IRBR3,IRBR3.SA,654.7146298293774,654.7146298293774,639.864814984558,644.5871314176362,644.5871314176362,193907,654.7146298293774,654.7146298293774,639.864814984558,644.5871314176362,1.0,654.7146298293774,639.864814984558,0
2019-03-06,IRBR3,IRBR3.SA,649.6508806235067,657.1021735564907,614.5833732054725,637.7999285600062,637.7999285600062,217799,649.6508806235067,657.1021735564907,614.5833732054725,637.7999285600062,1.0,657.1021735564907,614.5833732054725,0
2019-03-07,IRBR3,IRBR3.SA,643.7254045917564,643.7254045917564,601.942709083817,618.4079575435048,618.4079575435048,310579,643.7254045917564,643.7254045917564,601.942709083817,618.4079575435048,1.0,643.7254045917564,601.942709083817,0
2019-03-08,IRBR3,IRBR3.SA,631.0666810676306,654.3010864257812,611.4950002573712,635.3220473829969,635.3220473829969,586768,631.0666810676306,654.3010864257812,611.4950002573712,635.3220473829969,1.0,654.3010864257812,611.4950002573712,0
2019-03-11,IRBR3,IRBR3.SA,633.1943642253137,656.1684670729056,633.1943642253137,650.3867469732041,650.3867469732041,211500,633.1943642253137,656.1684670729056,633.1943642253137,650.3867469732041,1.0,656.1684670729056,633.1943642253137,0
2019-03-12,IRBR3,IRBR3.SA,641.7905555992589,659.3286658690457,639.5775380493552,650.3867855569708,650.3867855569708,122580,641.7905555992589,659.3286658690457,639.5775380493552,650.3867855569708,1.0,659.3286658690457,639.5775380493552,0
2019-03-13,IRBR3,IRBR3.SA,646.0886705781149,653.0800313142291,630.5996501417866,642.9710376789371,642.9710376789371,145482,646.0886705781149,653.0800313142291,630.5996501417866,642.9710376789371,1.0,653.0800313142291,630.5996501417866,0
2019-03-14,IRBR3,IRBR3.SA,644.529854128526,651.2127594585347,629.8815230663662,640.780572882136,640.780572882136,180995,644.529854128526,651.2127594585347,629.8815230663662,640.780572882136,1.0,651.2127594585347,629.8815230663662,0
2019-03-15,IRBR3,IRBR3.SA,642.655213505331,648.4835316410457,628.5169231180633,637.9615565929793,637.9615565929793,241457,642.655213505331,648.4835316410457,628.5169231180633,637.9615565929793,1.0,648.4835316410457,628.5169231180633,0
2019-03-18,IRBR3,IRBR3.SA,640.308385049155,644.8922729492188,634.8371633319,640.2597452045184,640.2597452045184,127432,640.308385049155,644.8922729492188,634.8371633319,640.2597452045184,1.0,644.8922729492188,634.8371633319,0
2019-03-19,IRBR3,IRBR3.SA,640.2840651268367,655.2347406518323,640.2840651268367,650.0096860389289,650.0096860389289,173822,640.2840651268367,655.2347406518323,640.2840651268367,650.0096860389289,1.0,655.2347406518323,640.2840651268367,0
2019-03-20,IRBR3,IRBR3.SA,645.1468755828828,658.2512852976253,645.1468755828828,653.7624006737585,653.7624006737585,122072,645.1468755828828,658.2512852976253,645.1468755828828,653.7624006737585,1.0,658.2512852976253,645.1468755828828,0
2019-03-21,IRBR3,IRBR3.SA,649.4546381283207,654.6602673281091,646.4007434993596,651.3564492208693,651.3564492208693,181165,649.4546381283207,654.6602673281091,646.4007434993596,651.3564492208693,1.0,654.6602673281091,646.4007434993596,0
2019-03-22,IRBR3,IRBR3.SA,650.405543674595,663.2680393651752,635.5458053085566,650.9183684645977,650.9183684645977,199032,650.405543674595,663.2680393651752,635.5458053085566,650.9183684645977,1.0,663.2680393651752,635.5458053085566,0
2019-03-25,IRBR3,IRBR3.SA,650.6619560695964,671.0832949165999,650.6619560695964,662.1620611638668,662.1620611638668,187007,650.6619560695964,671.0832949165999,650.6619560695964,662.1620611638668,1.0,671.0832949165999,650.6619560695964,0
2019-03-26,IRBR3,IRBR3.SA,656.4120086167316,670.3459994599175,656.4120086167316,665.8669612670823,665.8669612670823,144960,656.4120086167316,670.3459994599175,656.4120086167316,665.8669612670823,1.0,670.3459994599175,656.4120086167316,0
2019-03-27,IRBR3,IRBR3.SA,661.1394849419069,670.0510480741235,654.8628441661494,663.1205192530189,663.1205192530189,249165,661.1394849419069,670.0510480741235,654.8628441661494,663.1205192530189,1.0,670.0510480741235,654.8628441661494,0
2019-03-28,IRBR3,IRBR3.SA,662.1300020974629,665.3324841951334,645.2043805898261,655.950434112643,655.950434112643,222599,662.1300020974629,665.3324841951334,645.2043805898261,655.950434112643,1.0,665.3324841951334,645.2043805898261,0
2019-03-29,IRBR3,IRBR3.SA,659.040218105053,672.7791137695312,659.040218105053,666.0513273269985,666.0513273269985,206635,659.040218105053,672.7791137695312,659.040218105053,666.0513273269985,1.0,672.7791137695312,659.040218105053,0
2019-04-01,IRBR3,IRBR3.SA,662.5457727160258,681.1842730448631,662.5457727160258,674.5117862713955,674.5117862713955,165645,662.5457727160258,681.1842730448631,662.5457727160258,674.5117862713955,1.0,681.1842730448631,662.5457727160258,0
2019-04-02,IRBR3,IRBR3.SA,668.5287794937107,685.3131141515216,668.5287794937107,679.1014138419882,679.1014138419882,117077,668.5287794937107,685.3131141515216,668.5287794937107,679.1014138419882,1.0,685.3131141515216,668.5287794937107,0
2019-04-03,IRBR3,IRBR3.SA,673.8150966678495,696.7411567066476,673.8150966678495,685.8292167515497,685.8292167515497,159059,673.8150966678495,696.7411567066476,673.8150966678495,685.8292167515497,1.0,696.7411567066476,673.8150966678495,0
2019-04-04,IRBR3,IRBR3.SA,679.8221567096996,694.3080029418946,677.2028219093562,684.8891109388419,684.8891109388419,158706,679.8221567096996,694.3080029418946,677.2028219093562,684.8891109388419,1.0,694.3080029418946,677.2028219093562,0
2019-04-05,IRBR3,IRBR3.SA,682.3556338242707,702.2708297852442,682.3556338242707,693.8841537821149,693.8841537821149,143643,682.3556338242707,702.2708297852442,682.3556338242707,693.8841537821149,1.0,702.2708297852442,682.3556338242707,0
2019-04-08,IRBR3,IRBR3.SA,688.1198938031928,712.0031127929688,688.1198938031928,705.1278827733954,705.1278827733954,133157,688.1198938031928,712.0031127929688,688.1198938031928,705.1278827733954,1.0,712.0031127929688,688.1198938031928,0
2019-04-09,IRBR3,IRBR3.SA,696.6238882882941,710.8970944839187,696.6238882882941,704.7775956061786,704.7775956061786,71169,696.6238882882941,710.8970944839187,696.6238882882941,704.7775956061786,1.0,710.8970944839187,696.6238882882941,0
2019-04-10,IRBR3,IRBR3.SA,700.7007419472363,705.5885861186679,679.0460704283284,693.9025031148772,693.9025031148772,228911,700.7007419472363,705.5885861186679,679.0460704283284,693.9025031148772,1.0,705.5885861186679,679.0460704283284,0
2019-04-11,IRBR3,IRBR3.SA,697.3016225310568,701.8283532226163,682.2163681606097,692.3541325754295,692.3541325754295,167666,697.3016225310568,701.8283532226163,682.2163681606097,692.3541325754295,1.0,701.8283532226163,682.2163681606097,0
2019-04-12,IRBR3,IRBR3.SA,694.8278775532431,704.1139526367188,684.5019677262501,696.3170786691778,696.3170786691778,134670,694.8278775532431,704.1139526367188,684.5019677262501,696.3170786691778,1.0,704.1139526367188,684.5019677262501,0
2019-04-15,IRBR3,IRBR3.SA,695.5724781112104,707.4317823001455,694.8240977457807,701.7730699947662,701.7730699947662,105769,695.5724781112104,707.4317823001455,694.8240977457807,701.7730699947662,1.0,707.4317823001455,694.8240977457807,0
2019-04-16,IRBR3,IRBR3.SA,698.6727740529883,706.2521183981379,693.4969471371796,701.5887511835592,701.5887511835592,72630,698.6727740529883,706.2521183981379,693.4969471371796,701.5887511835592,1.0,706.2521183981379,693.4969471371796,0
2019-04-17,IRBR3,IRBR3.SA,700.1307626182738,705.4411043448246,693.7919369721723,700.1326217103668,700.1326217103668,106252,700.1307626182738,705.4411043448246,693.7919369721723,700.1326217103668,1.0,705.4411043448246,693.7919369721723,0
2019-04-18,IRBR3,IRBR3.SA,700.1316921643204,704.556350573076,684.7969360351562,693.6628697258177,693.6628697258177,125776,700.1316921643204,704.556350573076,684.7969360351562,693.6628697258177,1.0,704.556350573076,684.7969360351562,0
2019-04-22,IRBR3,IRBR3.SA,696.897280945069,703.3766698473084,686.2714897715088,693.478519692124,693.478519692124,77260,696.897280945069,703.3766698473084,686.2714897715088,693.478519692124,1.0,703.3766698473084,686.2714897715088,0
2019-04-23,IRBR3,IRBR3.SA,695.1879003185966,722.9150465494968,695.1879003185966,710.0308447437264,710.0308447437264,178282,695.1879003185966,722.9150465494968,695.1879003185966,710.0308447437264,1.0,722.9150465494968,695.1879003185966,0
2019-04-24,IRBR3,IRBR3.SA,702.6093725311615,727.7073337570685,702.6093725311615,720.8321046997553,720.8321046997553,136444,702.6093725311615,727.7073337570685,702.6093725311615,720.8321046997553,1.0,727.7073337570685,702.6093725311615,0
2019-04-25,IRBR3,IRBR3.SA,711.7207386154585,724.7582168032844,711.5607015176541,719.044203870439,719.044203870439,179547,711.7207386154585,724.7582168032844,711.5607015176541,719.044203870439,1.0,724.7582168032844,711.5607015176541,0
2019-04-26,IRBR3,IRBR3.SA,715.3824712429487,723.7259135380083,697.9207153320312,710.5283995609379,710.5283995609379,338189,715.3824712429487,723.7259135380083,697.9207153320312,710.5283995609379,1.0,723.7259135380083,697.9207153320312,0
2019-04-29,IRBR3,IRBR3.SA,712.9554354019433,712.9554354019433,673.5163591949721,694.9715789686761,694.9715789686761,175687,712.9554354019433,712.9554354019433,673.5163591949721,694.9715789686761,1.0,712.9554354019433,673.5163591949721,0
2019-04-30,IRBR3,IRBR3.SA,703.9635071853097,705.4411226132963,691.9486928317025,698.234106868065,698.234106868065,138113,703.9635071853097,705.4411226132963,691.9486928317025,698.234106868065,1.0,705.4411226132963,691.9486928317025,0
2019-05-02,IRBR3,IRBR3.SA,701.0988070266874,712.1504211988912,690.6214605168894,701.220054918519,701.220054918519,276240,701.0988070266874,712.1504211988912,690.6214605168894,701.220054918519,1.0,712.1504211988912,690.6214605168894,0
2019-05-03,IRBR3,IRBR3.SA,701.1594309726032,738.1031329901817,701.1594309726032,724.1314457006781,724.1314457006781,687008,701.1594309726032,738.1031329901817,701.1594309726032,724.1314457006781,1.0,738.1031329901817,701.1594309726032,0
2019-05-06,IRBR3,IRBR3.SA,712.6454383366406,744.2226519405167,712.6454383366406,729.9191923608485,729.9191923608485,141178,712.6454383366406,744.2226519405167,712.6454383366406,729.9191923608485,1.0,744.2226519405167,712.6454383366406,0
2019-05-07,IRBR3,IRBR3.SA,721.2823153487445,736.5548006043327,718.343733718188,728.1312541413398,728.1312541413398,269719,721.2823153487445,736.5548006043327,718.343733718188,728.1312541413398,1.0,736.5548006043327,718.343733718188,0
2019-05-08,IRBR3,IRBR3.SA,724.7067847450421,744.5913336516602,724.7067847450421,734.5641398712314,734.5641398712314,163597,724.7067847450421,744.5913336516602,724.7067847450421,734.5641398712314,1.0,744.5913336516602,724.7067847450421,0
2019-05-09,IRBR3,IRBR3.SA,729.6354623081368,735.8912568082202,718.9335634679609,730.5090309967796,730.5090309967796,311336,729.6354623081368,735.8912568082202,718.9335634679609,730.5090309967796,1.0,735.8912568082202,718.9335634679609,0
2019-05-10,IRBR3,IRBR3.SA,730.0722466524583,746.0660355998143,727.6337060437554,738.4903460981403,738.4903460981403,130275,730.0722466524583,746.0660355998143,727.6337060437554,738.4903460981403,1.0,746.0660355998143,727.6337060437554,0
2019-05-13,IRBR3,IRBR3.SA,734.2812963752992,742.2319529356944,721.3665935711483,729.6242687238145,729.6242687238145,104165,734.2812963752992,742.2319529356944,721.3665935711483,729.6242687238145,1.0,742.2319529356944,721.3665935711483,0
2019-05-14,IRBR3,IRBR3.SA,731.9527825495568,736.2598749156803,720.703042132003,727.4676849882139,727.4676849882139,135127,731.9527825495568,736.2598749156803,720.703042132003,727.4676849882139,1.0,736.2598749156803,720.703042132003,0
2019-05-15,IRBR3,IRBR3.SA,729.7102337688854,729.7102337688854,712.2241302520692,718.6385723796527,718.6385723796527,136379,729.7102337688854,729.7102337688854,712.2241302520692,718.6385723796527,1.0,729.7102337688854,712.2241302520692,0
2019-05-16,IRBR3,IRBR3.SA,724.1744030742691,725.9378595254442,704.1877538599894,714.6941630721403,714.6941630721403,192694,724.1744030742691,725.9378595254442,704.1877538599894,714.6941630721403,1.0,725.9378595254442,704.1877538599894,0
2019-05-17,IRBR3,IRBR3.SA,719.4342830732047,735.96497085456,712.8877204984985,723.9839880365814,723.9839880365814,136509,719.4342830732047,735.96497085456,712.8877204984985,723.9839880365814,1.0,735.96497085456,712.8877204984985,0
2019-05-20,IRBR3,IRBR3.SA,721.709135554893,769.8066665914213,721.709135554893,750.6739402523932,750.6739402523932,149825,721.709135554893,769.8066665914213,721.709135554893,750.6739402523932,1.0,769.8066665914213,721.709135554893,0
2019-05-21,IRBR3,IRBR3.SA,736.1915379036432,770.2490923766624,736.1915379036432,760.572157102023,760.572157102023,224959,736.1915379036432,770.2490923766624,736.1915379036432,760.572157102023,1.0,770.2490923766624,736.1915379036432,0
2019-05-22,IRBR3,IRBR3.SA,748.3818475028331,769.7330981059772,746.9507593698219,760.9408774484418,760.9408774484418,111769,748.3818475028331,769.7330981059772,746.9507593698219,760.9408774484418,1.0,769.7330981059772,746.9507593698219,0
2019-05-23,IRBR3,IRBR3.SA,754.6613624756375,764.6457276692322,749.9735793421601,757.4202392570093,757.4202392570093,76516,754.6613624756375,764.6457276692322,749.9735793421601,757.4202392570093,1.0,764.6457276692322,749.9735793421601,0
2019-05-24,IRBR3,IRBR3.SA,756.0408008663234,761.0329836159879,726.2327903139212,745.807891710142,745.807891710142,221503,756.0408008663234,761.0329836159879,726.2327903139212,745.807891710142,1.0,761.0329836159879,726.2327903139212,0
2019-05-27,IRBR3,IRBR3.SA,750.9243462882328,750.9243462882328,731.836181640625,738.2321958413202,738.2321958413202,96223,750.9243462882328,750.9243462882328,731.836181640625,738.2321958413202,1.0,750.9243462882328,731.836181640625,0
2019-05-28,IRBR3,IRBR3.SA,744.5782710647765,754.9871430873651,734.7116129556841,744.7387776048959,744.7387776048959,327508,744.5782710647765,754.9871430873651,734.7116129556841,744.7387776048959,1.0,754.9871430873651,734.7116129556841,0
2019-05-29,IRBR3,IRBR3.SA,744.6585243348361,759.2634912387533,744.6585243348361,752.7568908695077,752.7568908695077,128084,744.6585243348361,759.2634912387533,744.6585243348361,752.7568908695077,1.0,759.2634912387533,744.6585243348361,0
2019-05-30,IRBR3,IRBR3.SA,748.7077076021719,768.9956665039062,748.7077076021719,762.4337665640231,762.4337665640231,116385,748.7077076021719,768.9956665039062,748.7077076021719,762.4337665640231,1.0,768.9956665039062,748.7077076021719,0
2019-05-31,IRBR3,IRBR3.SA,755.5707370830976,780.6449238413311,749.5311980653321,762.4891125253878,762.4891125253878,226903,755.5707370830976,780.6449238413311,749.5311980653321,762.4891125253878,1.0,780.6449238413311,749.5311980653321,0
2019-06-03,IRBR3,IRBR3.SA,759.0299248042427,759.0299248042427,733.6057215763217,743.6513301506741,743.6513301506741,267306,759.0299248042427,759.0299248042427,733.6057215763217,743.6513301506741,1.0,759.0299248042427,733.6057215763217,0
2019-06-04,IRBR3,IRBR3.SA,751.3406274774584,751.8905840639183,735.8176333691242,744.001566172122,744.001566172122,256221,751.3406274774584,751.8905840639183,735.8176333691242,744.001566172122,1.0,751.8905840639183,735.8176333691242,0
2019-06-05,IRBR3,IRBR3.SA,747.6710968247902,750.5634264674947,716.5005493164062,732.6288146579097,732.6288146579097,209987,747.6710968247902,750.5634264674947,716.5005493164062,732.6288146579097,1.0,750.5634264674947,716.5005493164062,0
2019-06-06,IRBR3,IRBR3.SA,740.1499557413499,740.1499557413499,699.3215942382812,714.4360846432606,714.4360846432606,226537,740.1499557413499,740.1499557413499,699.3215942382812,714.4360846432606,1.0,740.1499557413499,699.3215942382812,0
2019-06-07,IRBR3,IRBR3.SA,727.2930201923052,728.1497712823266,700.4275941587247,714.8969410436632,714.8969410436632,188533,727.2930201923052,728.1497712823266,700.4275941587247,714.8969410436632,1.0,728.1497712823266,700.4275941587247,0
2019-06-10,IRBR3,IRBR3.SA,721.0949806179842,732.6471350158296,720.7767095374332,727.5229381181783,727.5229381181783,82229,721.0949806179842,732.6471350158296,720.7767095374332,727.5229381181783,1.0,732.6471350158296,720.7767095374332,0
2019-06-11,IRBR3,IRBR3.SA,724.3089593680813,736.2599780847576,708.6115143550127,723.1914913582492,723.1914913582492,166153,724.3089593680813,736.2599780847576,708.6115143550127,723.1914913582492,1.0,736.2599780847576,708.6115143550127,0
2019-06-12,IRBR3,IRBR3.SA,723.7502253631653,723.7502253631653,705.9572594810519,712.9984041494007,712.9984041494007,341893,723.7502253631653,723.7502253631653,705.9572594810519,712.9984041494007,1.0,723.7502253631653,705.9572594810519,0
2019-06-13,IRBR3,IRBR3.SA,718.374314756283,728.8870370225827,702.2707486324451,714.0674467094938,714.0674467094938,234349,718.374314756283,728.8870370225827,702.2707486324451,714.0674467094938,1.0,728.8870370225827,702.2707486324451,0
2019-06-14,IRBR3,IRBR3.SA,716.2208807328884,718.7861027696911,690.10546875,701.6809366988795,701.6809366988795,150777,716.2208807328884,718.7861027696911,690.10546875,701.6809366988795,1.0,718.7861027696911,690.10546875,0
2019-06-17,IRBR3,IRBR3.SA,708.950908715884,718.1225030088086,686.4926639076209,702.1048258220716,702.1048258220716,382414,708.950908715884,718.1225030088086,686.4926639076209,702.1048258220716,1.0,718.1225030088086,686.4926639076209,0
2019-06-18,IRBR3,IRBR3.SA,705.5278672689778,726.3803036061188,705.5278672689778,718.4359560890582,718.4359560890582,134318,705.5278672689778,726.3803036061188,705.5278672689778,718.4359560890582,1.0,726.3803036061188,705.5278672689778,0
2019-06-19,IRBR3,IRBR3.SA,711.981911679018,728.9608377750978,711.981911679018,722.0671501822515,722.0671501822515,115851,711.981911679018,728.9608377750978,711.981911679018,722.0671501822515,1.0,728.9608377750978,711.981911679018,0
2019-06-21,IRBR3,IRBR3.SA,717.0245309306347,733.4581909179688,717.0245309306347,729.6795539036468,729.6795539036468,181934,717.0245309306347,733.4581909179688,717.0245309306347,729.6795539036468,1.0,733.4581909179688,717.0245309306347,0
2019-06-24,IRBR3,IRBR3.SA,723.3520424171408,752.0380547946963,723.3520424171408,741.236715704628,741.236715704628,155459,723.3520424171408,752.0380547946963,723.3520424171408,741.236715704628,1.0,752.0380547946963,723.3520424171408,0
2019-06-25,IRBR3,IRBR3.SA,732.2943790608844,748.572655860436,728.592041015625,738.2874335628516,738.2874335628516,133314,732.2943790608844,748.572655860436,728.592041015625,738.2874335628516,1.0,748.572655860436,728.592041015625,0
2019-06-26,IRBR3,IRBR3.SA,735.290906311868,751.0057439207814,732.6471903241043,738.6376743735148,738.6376743735148,130066,735.290906311868,751.0057439207814,732.6471903241043,738.6376743735148,1.0,751.0057439207814,732.6471903241043,0
2019-06-27,IRBR3,IRBR3.SA,736.9642903426914,740.7573935605906,731.4675455067643,735.6885110536989,735.6885110536989,127497,736.9642903426914,740.7573935605906,731.4675455067643,735.6885110536989,1.0,740.7573935605906,731.4675455067643,0
2019-06-28,IRBR3,IRBR3.SA,736.3264006981951,740.2412717532253,724.6844386177359,732.1126401006813,732.1126401006813,201679,736.3264006981951,740.2412717532253,724.6844386177359,732.1126401006813,1.0,740.2412717532253,724.6844386177359,0
2019-07-01,IRBR3,IRBR3.SA,734.2195203994382,747.8354471515152,732.5734693068254,740.4993731237257,740.4993731237257,147425,734.2195203994382,747.8354471515152,732.5734693068254,740.4993731237257,1.0,747.8354471515152,732.5734693068254,0
2019-07-02,IRBR3,IRBR3.SA,737.3594467615819,746.1395734101949,711.8555013548845,729.826981745967,729.826981745967,313670,737.3594467615819,746.1395734101949,711.8555013548845,729.826981745967,1.0,746.1395734101949,711.8555013548845,0
2019-07-03,IRBR3,IRBR3.SA,733.5932142537745,733.5932142537745,705.3674259579516,712.3348418637772,712.3348418637772,330638,733.5932142537745,733.5932142537745,705.3674259579516,712.3348418637772,1.0,733.5932142537745,705.3674259579516,0
2019-07-04,IRBR3,IRBR3.SA,722.9640280587759,725.4954311363819,708.0953369140625,714.9521514669013,714.9521514669013,244483,722.9640280587759,725.4954311363819,708.0953369140625,714.9521514669013,1.0,725.4954311363819,708.0953369140625,0
2019-07-05,IRBR3,IRBR3.SA,718.9580897628387,718.9580897628387,699.2478456873032,709.5699100622642,709.5699100622642,198236,718.9580897628387,718.9580897628387,699.2478456873032,709.5699100622642,1.0,718.9580897628387,699.2478456873032,0
2019-07-08,IRBR3,IRBR3.SA,714.2639999125514,718.4174767422902,689.3681549809131,705.9388062291296,705.9388062291296,449084,714.2639999125514,718.4174767422902,689.3681549809131,705.9388062291296,1.0,718.4174767422902,689.3681549809131,0
2019-07-10,IRBR3,IRBR3.SA,710.1014030708404,751.226848937641,705.6621839644603,728.1495869425489,728.1495869425489,467526,710.1014030708404,751.226848937641,705.6621839644603,728.1495869425489,1.0,751.226848937641,705.6621839644603,0
2019-07-11,IRBR3,IRBR3.SA,719.1254950066947,740.4624091183467,709.0537719726562,723.9655032127986,723.9655032127986,268402,719.1254950066947,740.4624091183467,709.0537719726562,723.9655032127986,1.0,740.4624091183467,709.0537719726562,0
2019-07-12,IRBR3,IRBR3.SA,721.5454991097466,721.5454991097466,693.2758178710938,704.8881575072926,704.8881575072926,217604,721.5454991097466,721.5454991097466,693.2758178710938,704.8881575072926,1.0,721.5454991097466,693.2758178710938,0
2019-07-15,IRBR3,IRBR3.SA,713.2168283085196,713.2168283085196,683.6909765781285,691.5800082258149,691.5800082258149,167145,713.2168283085196,713.2168283085196,683.6909765781285,691.5800082258149,1.0,713.2168283085196,683.6909765781285,0
2019-07-16,IRBR3,IRBR3.SA,702.3984182671672,702.3984182671672,678.3087384634996,686.5111282013244,686.5111282013244,150151,702.3984182671672,702.3984182671672,678.3087384634996,686.5111282013244,1.0,702.3984182671672,678.3087384634996,0
2019-07-17,IRBR3,IRBR3.SA,694.4547732342457,694.4547732342457,668.0604281188615,680.7787433225031,680.7787433225031,281209,694.4547732342457,694.4547732342457,668.0604281188615,680.7787433225031,1.0,694.4547732342457,668.0604281188615,0
2019-07-18,IRBR3,IRBR3.SA,687.6167582783744,687.6167582783744,655.3052520803102,669.0188670902878,669.0188670902878,395208,687.6167582783744,687.6167582783744,655.3052520803102,669.0188670902878,1.0,687.6167582783744,655.3052520803102,0
2019-07-19,IRBR3,IRBR3.SA,678.3178126843311,678.3178126843311,647.268713523699,655.6738607271393,655.6738607271393,752622,678.3178126843311,678.3178126843311,647.268713523699,655.6738607271393,1.0,678.3178126843311,647.268713523699,0
2019-07-22,IRBR3,IRBR3.SA,666.9958367057352,686.0503364644142,658.9179901009213,671.2492181661952,671.2492181661952,819918,666.9958367057352,686.0503364644142,658.9179901009213,671.2492181661952,1.0,686.0503364644142,658.9179901009213,0
2019-07-23,IRBR3,IRBR3.SA,669.1225274359651,702.197021484375,669.1225274359651,692.9440011376325,692.9440011376325,2326127,669.1225274359651,702.197021484375,669.1225274359651,692.9440011376325,1.0,702.197021484375,669.1225274359651,0
2019-07-24,IRBR3,IRBR3.SA,681.0332642867988,708.5376755359649,681.0332642867988,700.2431437465445,700.2431437465445,484337,681.0332642867988,708.5376755359649,681.0332642867988,700.2431437465445,1.0,708.5376755359649,681.0332642867988,0
2019-07-25,IRBR3,IRBR3.SA,690.6382040166717,707.0631012362162,689.51557903492,701.9389335360178,701.9389335360178,429130,690.6382040166717,707.0631012362162,689.51557903492,701.9389335360178,1.0,707.0631012362162,689.51557903492,0
2019-07-26,IRBR3,IRBR3.SA,696.2885687763447,704.1139975410642,696.2885687763447,701.3122768481019,701.3122768481019,214891,696.2885687763447,704.1139975410642,696.2885687763447,701.3122768481019,1.0,704.1139975410642,696.2885687763447,0
2019-07-29,IRBR3,IRBR3.SA,698.8004228122234,703.0080833994821,697.109726871968,699.7271332185298,699.7271332185298,471177,698.8004228122234,703.0080833994821,697.109726871968,699.7271332185298,1.0,703.0080833994821,697.109726871968,0
2019-07-30,IRBR3,IRBR3.SA,699.2637780153766,701.1648014447226,686.2715117914294,694.6213444532178,694.6213444532178,254421,699.2637780153766,701.1648014447226,686.2715117914294,694.6213444532178,1.0,701.1648014447226,686.2715117914294,0
2019-07-31,IRBR3,IRBR3.SA,696.9425612342973,700.4275512695312,675.3596098244755,692.1883042624349,692.1883042624349,490519,696.9425612342973,700.4275512695312,675.3596098244755,692.1883042624349,1.0,700.4275512695312,675.3596098244755,0
2019-08-01,IRBR3,IRBR3.SA,694.5654327483661,711.4869841552428,672.1155806418019,692.1146258137502,692.1146258137502,781314,694.5654327483661,711.4869841552428,672.1155806418019,692.1146258137502,1.0,711.4869841552428,672.1155806418019,0
2019-08-02,IRBR3,IRBR3.SA,693.3400292810582,693.3400292810582,657.369705000169,673.9587706094056,673.9587706094056,683082,693.3400292810582,693.3400292810582,657.369705000169,673.9587706094056,1.0,693.3400292810582,657.369705000169,0
2019-08-05,IRBR3,IRBR3.SA,683.6493999452318,683.6493999452318,662.0883224274567,670.9911572730608,670.9911572730608,339376,683.6493999452318,683.6493999452318,662.0883224274567,670.9911572730608,1.0,683.6493999452318,662.0883224274567,0
2019-08-06,IRBR3,IRBR3.SA,677.3202786091463,717.2377414876844,677.3202786091463,702.1232230840685,702.1232230840685,933500,677.3202786091463,717.2377414876844,677.3202786091463,702.1232230840685,1.0,717.2377414876844,677.3202786091463,0
2019-08-07,IRBR3,IRBR3.SA,689.7217508466074,736.5548319619454,689.7217508466074,720.7399257523863,720.7399257523863,500391,689.7217508466074,736.5548319619454,689.7217508466074,720.7399257523863,1.0,736.5548319619454,689.7217508466074,0
2019-08-08,IRBR3,IRBR3.SA,705.2308382994968,736.9234935403364,705.0724520643291,721.8642889216674,721.8642889216674,426052,705.2308382994968,736.9234935403364,705.0724520643291,721.8642889216674,1.0,736.9234935403364,705.0724520643291,0
2019-08-09,IRBR3,IRBR3.SA,713.5475636105821,741.6422231062829,708.980205704469,724.5739124494521,724.5739124494521,340941,713.5475636105821,741.6422231062829,708.980205704469,724.5739124494521,1.0,741.6422231062829,708.980205704469,0
2019-08-12,IRBR3,IRBR3.SA,719.0607380300171,733.2371193661494,713.330215969436,726.0116452916446,726.0116452916446,223681,719.0607380300171,733.2371193661494,713.330215969436,726.0116452916446,1.0,733.2371193661494,713.330215969436,0
2019-08-13,IRBR3,IRBR3.SA,722.5361916608308,741.4946899414062,720.7767588129688,732.0020404807057,732.0020404807057,313736,722.5361916608308,741.4946899414062,720.7767588129688,732.0020404807057,1.0,741.4946899414062,720.7767588129688,0
2019-08-14,IRBR3,IRBR3.SA,727.2691160707682,755.355802661426,727.2691160707682,740.573112945083,740.573112945083,464383,727.2691160707682,755.355802661426,727.2691160707682,740.573112945083,1.0,755.355802661426,727.2691160707682,0
2019-08-15,IRBR3,IRBR3.SA,733.9211145079256,755.2084678020085,722.9887916635779,737.974255559619,737.974255559619,297485,733.9211145079256,755.2084678020085,722.9887916635779,737.974255559619,1.0,755.2084678020085,722.9887916635779,0
2019-08-16,IRBR3,IRBR3.SA,735.9476850337724,754.249836224596,732.794646292752,743.8724710250348,743.8724710250348,284065,735.9476850337724,754.249836224596,732.794646292752,743.8724710250348,1.0,754.249836224596,732.794646292752,0
2019-08-19,IRBR3,IRBR3.SA,739.9100780294036,759.410892200127,737.7345596609044,747.7432667946626,747.7432667946626,208918,739.9100780294036,759.410892200127,737.7345596609044,747.7432667946626,1.0,759.410892200127,737.7345596609044,0
2019-08-20,IRBR3,IRBR3.SA,743.8266724120331,749.4574477242907,734.4166719409221,742.6559184979669,742.6559184979669,179352,743.8266724120331,749.4574477242907,734.4166719409221,742.6559184979669,1.0,749.4574477242907,734.4166719409221,0
2019-08-21,IRBR3,IRBR3.SA,743.241295455,754.5447319735342,739.6514426267723,749.2546780183551,749.2546780183551,157546,743.241295455,754.5447319735342,739.6514426267723,749.2546780183551,1.0,754.5447319735342,739.6514426267723,0
2019-08-22,IRBR3,IRBR3.SA,746.2479867366776,754.5447430163649,735.9649880844896,746.102767844149,746.102767844149,188833,746.2479867366776,754.5447430163649,735.9649880844896,746.102767844149,1.0,754.5447430163649,735.9649880844896,0
2019-08-23,IRBR3,IRBR3.SA,746.1753772904133,751.9642616215212,729.6980401826845,740.9786230229296,740.9786230229296,182025,746.1753772904133,751.9642616215212,729.6980401826845,740.9786230229296,1.0,751.9642616215212,729.6980401826845,0
2019-08-26,IRBR3,IRBR3.SA,743.5770001566714,745.9921412038623,723.7259212496111,734.5641310218944,734.5641310218944,116946,743.5770001566714,745.9921412038623,723.7259212496111,734.5641310218944,1.0,745.9921412038623,723.7259212496111,0
2019-08-27,IRBR3,IRBR3.SA,739.0705655892829,739.0705655892829,710.3809456045705,727.6519963277464,727.6519963277464,286491,739.0705655892829,739.0705655892829,710.3809456045705,727.6519963277464,1.0,739.0705655892829,710.3809456045705,0
2019-08-28,IRBR3,IRBR3.SA,733.3612809585146,737.2921171363124,724.831860965689,731.4122041330238,731.4122041330238,171487,733.3612809585146,737.2921171363124,724.831860965689,731.4122041330238,1.0,737.2921171363124,724.831860965689,0
2019-08-29,IRBR3,IRBR3.SA,732.3867425457693,771.4287963165239,732.3867425457693,751.7246523400232,751.7246523400232,327430,732.3867425457693,771.4287963165239,732.3867425457693,751.7246523400232,1.0,771.4287963165239,732.3867425457693,0
2019-08-30,IRBR3,IRBR3.SA,742.0556974428962,799.9620361328125,742.0556974428962,782.0826956097363,782.0826956097363,691612,742.0556974428962,799.9620361328125,742.0556974428962,782.0826956097363,1.0,799.9620361328125,742.0556974428962,0
2019-09-02,IRBR3,IRBR3.SA,762.0691965263163,794.7271598141383,762.0691965263163,781.879846146297,781.879846146297,288486,762.0691965263163,794.7271598141383,762.0691965263163,781.879846146297,1.0,794.7271598141383,762.0691965263163,0
2019-09-03,IRBR3,IRBR3.SA,771.9745213363067,776.5898398999774,753.2176735581961,765.0511995011558,765.0511995011558,201197,771.9745213363067,776.5898398999774,753.2176735581961,765.0511995011558,1.0,776.5898398999774,753.2176735581961,0
2019-09-04,IRBR3,IRBR3.SA,768.5128604187312,776.9584060768844,760.0744273443714,767.6500859539781,767.6500859539781,189694,768.5128604187312,776.9584060768844,760.0744273443714,767.6500859539781,1.0,776.9584060768844,760.0744273443714,0
2019-09-05,IRBR3,IRBR3.SA,768.0814731863546,772.0187317107252,753.1440589497465,762.2127369980486,762.2127369980486,227216,768.0814731863546,772.0187317107252,753.1440589497465,762.2127369980486,1.0,772.0187317107252,753.1440589497465,0
2019-09-06,IRBR3,IRBR3.SA,765.1471050922016,765.1471050922016,745.9921334656786,753.7152790905,753.7152790905,169075,765.1471050922016,765.1471050922016,745.9921334656786,753.7152790905,1.0,765.1471050922016,745.9921334656786,0
2019-09-09,IRBR3,IRBR3.SA,759.4311920913508,774.1567283059956,745.9184376727111,757.3833343845341,757.3833343845341,322904,759.4311920913508,774.1567283059956,745.9184376727111,757.3833343845341,1.0,774.1567283059956,745.9184376727111,0
2019-09-10,IRBR3,IRBR3.SA,758.4072632379425,771.6499647788528,755.0608990848718,763.4107321432491,763.4107321432491,185012,758.4072632379425,771.6499647788528,755.0608990848718,763.4107321432491,1.0,771.6499647788528,755.0608990848718,0
2019-09-11,IRBR3,IRBR3.SA,760.9089976905958,782.0457933879381,760.9089976905958,774.0093039891723,774.0093039891723,193476,760.9089976905958,782.0457933879381,760.9089976905958,774.0093039891723,1.0,782.0457933879381,760.9089976905958,0
2019-09-12,IRBR3,IRBR3.SA,767.459150839884,788.1652833616874,766.7838074621714,777.0137445719282,777.0137445719282,295451,767.459150839884,788.1652833616874,766.7838074621714,777.0137445719282,1.0,788.1652833616874,766.7838074621714,0
2019-09-13,IRBR3,IRBR3.SA,772.2364477059061,779.6864154255233,759.4108276367188,769.456449631163,769.456449631163,153881,772.2364477059061,779.6864154255233,759.4108276367188,769.456449631163,1.0,779.6864154255233,759.4108276367188,0
2019-09-16,IRBR3,IRBR3.SA,770.8464486685345,788.9026489257812,750.6371907658834,772.1476822596045,772.1476822596045,255829,770.8464486685345,788.9026489257812,750.6371907658834,772.1476822596045,1.0,788.9026489257812,750.6371907658834,0
2019-09-17,IRBR3,IRBR3.SA,771.4970654640695,832.8452504396112,771.4970654640695,805.2520881238032,805.2520881238032,516981,771.4970654640695,832.8452504396112,771.4970654640695,805.2520881238032,1.0,832.8452504396112,771.4970654640695,0
2019-09-18,IRBR3,IRBR3.SA,788.3745767939363,831.0758034614639,788.3745767939363,822.1361107613661,822.1361107613661,309810,788.3745767939363,831.0758034614639,788.3745767939363,822.1361107613661,1.0,831.0758034614639,788.3745767939363,0
2019-09-19,IRBR3,IRBR3.SA,805.2553437776512,831.9604783850976,805.2553437776512,825.0114912831584,825.0114912831584,114064,805.2553437776512,831.9604783850976,805.2553437776512,825.0114912831584,1.0,831.9604783850976,805.2553437776512,0
2019-09-20,IRBR3,IRBR3.SA,815.1334175304048,843.3147306606849,815.1334175304048,828.7900559968872,828.7900559968872,328551,815.1334175304048,843.3147306606849,815.1334175304048,828.7900559968872,1.0,843.3147306606849,815.1334175304048,0
2019-09-23,IRBR3,IRBR3.SA,821.9617367636461,828.86382656264,816.3298559746759,823.5921863370523,823.5921863370523,128162,821.9617367636461,828.86382656264,816.3298559746759,823.5921863370523,1.0,828.86382656264,816.3298559746759,0
2019-09-24,IRBR3,IRBR3.SA,822.7769615503491,830.5595845854463,808.8831943655513,820.5508485727473,820.5508485727473,236567,822.7769615503491,830.5595845854463,808.8831943655513,820.5508485727473,1.0,830.5595845854463,808.8831943655513,0
2019-09-25,IRBR3,IRBR3.SA,821.6639050615482,821.6639050615482,802.3212550870134,811.1871735072533,811.1871735072533,211226,821.6639050615482,821.6639050615482,802.3212550870134,811.1871735072533,1.0,821.6639050615482,802.3212550870134,0
2019-09-26,IRBR3,IRBR3.SA,816.4255392844008,827.020572695468,804.01709416706,819.0025412050701,819.0025412050701,152164,816.4255392844008,827.020572695468,804.01709416706,819.0025412050701,1.0,827.020572695468,804.01709416706,0
2019-09-27,IRBR3,IRBR3.SA,817.7140402447354,829.0112915039062,811.0951381660786,821.8227042153296,821.8227042153296,111112,817.7140402447354,829.0112915039062,811.0951381660786,821.8227042153296,1.0,829.0112915039062,811.0951381660786,0
2019-09-30,IRBR3,IRBR3.SA,819.7683722300326,837.1951957529179,818.8366419860704,829.8960085431728,829.8960085431728,185668,819.7683722300326,837.1951957529179,818.8366419860704,829.8960085431728,1.0,837.1951957529179,818.8366419860704,0
2019-10-01,IRBR3,IRBR3.SA,824.8321903866026,840.5130766165206,818.8366853249796,830.9467124471224,830.9467124471224,140869,824.8321903866026,840.5130766165206,818.8366853249796,830.9467124471224,1.0,840.5130766165206,818.8366853249796,0
2019-10-02,IRBR3,IRBR3.SA,827.8894514168626,827.8894514168626,805.3442533282847,815.905978006251,815.905978006251,168666,827.8894514168626,827.8894514168626,805.3442533282847,815.905978006251,1.0,827.8894514168626,805.3442533282847,0
2019-10-03,IRBR3,IRBR3.SA,821.8977147115568,821.8977147115568,782.7831173394447,798.6533398227134,798.6533398227134,247000,821.8977147115568,821.8977147115568,782.7831173394447,798.6533398227134,1.0,821.8977147115568,782.7831173394447,0
2019-10-04,IRBR3,IRBR3.SA,810.2755272671351,810.2755272671351,785.2161934850328,796.6626480196819,796.6626480196819,125432,810.2755272671351,810.2755272671351,785.2161934850328,796.6626480196819,1.0,810.2755272671351,785.2161934850328,0
2019-10-07,IRBR3,IRBR3.SA,803.4690876434086,803.4690876434086,774.3779243204082,787.815067885948,787.815067885948,284909,803.4690876434086,803.4690876434086,774.3779243204082,787.815067885948,1.0,803.4690876434086,774.3779243204082,0
2019-10-08,IRBR3,IRBR3.SA,795.6420777646783,795.6420777646783,770.8389102077002,782.893621378814,782.893621378814,161376,795.6420777646783,795.6420777646783,770.8389102077002,782.893621378814,1.0,795.6420777646783,770.8389102077002,0
2019-10-09,IRBR3,IRBR3.SA,789.2678495717462,795.1696166992188,777.4746055093244,789.3634319822954,789.3634319822954,80085,789.2678495717462,795.1696166992188,777.4746055093244,789.3634319822954,1.0,795.1696166992188,777.4746055093244,0
2019-10-10,IRBR3,IRBR3.SA,789.3156407770208,808.8831809423796,783.8889547482621,796.054281277451,796.054281277451,229776,789.3156407770208,808.8831809423796,783.8889547482621,796.054281277451,1.0,808.8831809423796,783.8889547482621,0
2019-10-11,IRBR3,IRBR3.SA,792.6849610272359,813.9704692548243,792.6849610272359,802.9663742082878,802.9663742082878,153190,792.6849610272359,813.9704692548243,792.6849610272359,802.9663742082878,1.0,813.9704692548243,792.6849610272359,0
2019-10-14,IRBR3,IRBR3.SA,797.8256676177618,815.297607421875,796.0543089632404,807.7219484951688,807.7219484951688,85333,797.8256676177618,815.297607421875,796.0543089632404,807.7219484951688,1.0,815.297607421875,796.0543089632404,0
2019-10-15,IRBR3,IRBR3.SA,802.7738080564653,824.3663175868757,802.7738080564653,813.4728368872617,813.4728368872617,148942,802.7738080564653,824.3663175868757,802.7738080564653,813.4728368872617,1.0,824.3663175868757,802.7738080564653,0
2019-10-16,IRBR3,IRBR3.SA,808.1233224718635,817.951900210513,806.4501026090501,813.6387187737735,813.6387187737735,165832,808.1233224718635,817.951900210513,806.4501026090501,813.6387187737735,1.0,817.951900210513,806.4501026090501,0
2019-10-17,IRBR3,IRBR3.SA,810.8810206228185,829.2324430716884,810.4314874714074,821.0485111568108,821.0485111568108,123950,810.8810206228185,829.2324430716884,810.4314874714074,821.0485111568108,1.0,829.2324430716884,810.4314874714074,0
2019-10-18,IRBR3,IRBR3.SA,815.9647658898147,832.1078406384996,815.9647658898147,825.4169266027894,825.4169266027894,77690,815.9647658898147,832.1078406384996,815.9647658898147,825.4169266027894,1.0,832.1078406384996,815.9647658898147,0
2019-10-21,IRBR3,IRBR3.SA,820.690846246302,854.8901977539062,812.8645641458583,836.6975154341212,836.6975154341212,154924,820.690846246302,854.8901977539062,812.8645641458583,836.6975154341212,1.0,854.8901977539062,812.8645641458583,0
2019-10-22,IRBR3,IRBR3.SA,828.6941808402116,867.0556030273438,828.6941808402116,858.5398693941199,858.5398693941199,268545,828.6941808402116,867.0556030273438,828.6941808402116,858.5398693941199,1.0,867.0556030273438,828.6941808402116,0
2019-10-23,IRBR3,IRBR3.SA,843.6170251171658,866.6131898297684,843.6170251171658,860.8623200991722,860.8623200991722,247404,843.6170251171658,866.6131898297684,843.6170251171658,860.8623200991722,1.0,866.6131898297684,843.6170251171658,0
2019-10-24,IRBR3,IRBR3.SA,852.239672608169,875.2394358567818,852.239672608169,863.7929826994423,863.7929826994423,162584,852.239672608169,875.2394358567818,852.239672608169,863.7929826994423,1.0,875.2394358567818,852.239672608169,0
2019-10-25,IRBR3,IRBR3.SA,858.0163276538057,871.2581351919885,852.4572370354404,861.4153137656053,861.4153137656053,281561,858.0163276538057,871.2581351919885,852.4572370354404,861.4153137656053,1.0,871.2581351919885,852.4572370354404,0
2019-10-28,IRBR3,IRBR3.SA,859.7158207097054,862.1894237447216,834.9833062583699,853.0101175008824,853.0101175008824,116033,859.7158207097054,862.1894237447216,834.9833062583699,853.0101175008824,1.0,862.1894237447216,834.9833062583699,0
2019-10-29,IRBR3,IRBR3.SA,856.3629691052939,858.8715685414666,831.0019078650099,844.6049663101063,844.6049663101063,184529,856.3629691052939,858.8715685414666,831.0019078650099,844.6049663101063,1.0,858.8715685414666,831.0019078650099,0
2019-10-30,IRBR3,IRBR3.SA,850.4839677077001,850.4839677077001,815.0765261832718,829.453686221511,829.453686221511,414767,850.4839677077001,850.4839677077001,815.0765261832718,829.453686221511,1.0,850.4839677077001,815.0765261832718,0
2019-10-31,IRBR3,IRBR3.SA,839.9688269646056,840.2918851473819,820.3849829862731,831.0572927923806,831.0572927923806,215786,839.9688269646056,840.2918851473819,820.3849829862731,831.0572927923806,1.0,840.2918851473819,820.3849829862731,0
2019-11-01,IRBR3,IRBR3.SA,835.5130598784931,858.8716953018431,835.5130598784931,845.9875229649039,845.9875229649039,349209,835.5130598784931,858.8716953018431,835.5130598784931,845.9875229649039,1.0,858.8716953018431,835.5130598784931,0
2019-11-04,IRBR3,IRBR3.SA,840.7502914216984,861.7470220845005,840.7502914216984,853.8395619242693,853.8395619242693,124324,840.7502914216984,861.7470220845005,840.7502914216984,853.8395619242693,1.0,861.7470220845005,840.7502914216984,0
2019-11-05,IRBR3,IRBR3.SA,847.2949266729838,869.4886457995524,847.2949266729838,857.9869060591861,857.9869060591861,167131,847.2949266729838,869.4886457995524,847.2949266729838,857.9869060591861,1.0,869.4886457995524,847.2949266729838,0
2019-11-06,IRBR3,IRBR3.SA,852.640916366085,863.5165906646093,837.1952740809566,850.4112325853902,850.4112325853902,153950,852.640916366085,863.5165906646093,837.1952740809566,850.4112325853902,1.0,863.5165906646093,837.1952740809566,0
2019-11-07,IRBR3,IRBR3.SA,851.5260744757376,851.5260744757376,799.1510255631595,822.8181082727797,822.8181082727797,650751,851.5260744757376,851.5260744757376,799.1510255631595,822.8181082727797,1.0,851.5260744757376,799.1510255631595,0
2019-11-08,IRBR3,IRBR3.SA,837.1720913742586,837.1720913742586,771.944930932362,790.8012038385461,790.8012038385461,568905,837.1720913742586,837.1720913742586,771.944930932362,790.8012038385461,1.0,837.1720913742586,771.944930932362,0
2019-11-11,IRBR3,IRBR3.SA,813.9866476064024,813.9866476064024,765.3092543287505,788.8104499598419,788.8104499598419,251817,813.9866476064024,813.9866476064024,765.3092543287505,788.8104499598419,1.0,813.9866476064024,765.3092543287505,0
2019-11-12,IRBR3,IRBR3.SA,801.3985487831221,813.5281026140121,792.5152566027742,805.8418287465532,805.8418287465532,229237,801.3985487831221,813.5281026140121,792.5152566027742,805.8418287465532,1.0,813.5281026140121,792.5152566027742,0
2019-11-13,IRBR3,IRBR3.SA,803.6201887648376,810.210384037711,793.178916898921,804.5700706778678,804.5700706778678,158441,803.6201887648376,810.210384037711,793.178916898921,804.5700706778678,1.0,810.210384037711,793.178916898921,0
2019-11-14,IRBR3,IRBR3.SA,804.0951297213527,828.34765625,803.1322886388982,817.0118038005062,817.0118038005062,179860,804.0951297213527,828.34765625,803.1322886388982,817.0118038005062,1.0,828.34765625,803.1322886388982,0
2019-11-18,IRBR3,IRBR3.SA,810.5534667609295,832.7715398840436,805.5654202461462,818.4496213275318,818.4496213275318,210918,810.5534667609295,832.7715398840436,805.5654202461462,818.4496213275318,1.0,832.7715398840436,805.5654202461462,0
2019-11-19,IRBR3,IRBR3.SA,814.5015440442306,818.981903665006,804.5201428976476,813.8646765924838,813.8646765924838,132996,814.5015440442306,818.981903665006,804.5201428976476,813.8646765924838,1.0,818.981903665006,804.5201428976476,0
2019-11-21,IRBR3,IRBR3.SA,814.1831103183572,841.8982549719789,804.9651256898997,824.0991527886538,824.0991527886538,256564,814.1831103183572,841.8982549719789,804.9651256898997,824.0991527886538,1.0,841.8982549719789,804.9651256898997,0
2019-11-22,IRBR3,IRBR3.SA,819.1411315535055,839.0059742573764,819.1411315535055,832.8875309778313,832.8875309778313,175470,819.1411315535055,839.0059742573764,819.1411315535055,832.8875309778313,1.0,839.0059742573764,819.1411315535055,0
2019-11-25,IRBR3,IRBR3.SA,826.0143312656684,835.4461633867219,823.6542519896318,832.2756980354955,832.2756980354955,156820,826.0143312656684,835.4461633867219,823.6542519896318,832.2756980354955,1.0,835.4461633867219,823.6542519896318,0
2019-11-26,IRBR3,IRBR3.SA,829.145014650582,829.8838756114353,807.8575103086214,820.7062332410669,820.7062332410669,294042,829.145014650582,829.8838756114353,807.8575103086214,820.7062332410669,1.0,829.8838756114353,807.8575103086214,0
2019-11-27,IRBR3,IRBR3.SA,824.9256239458244,825.2116335642778,800.9603634984489,816.8683155078313,816.8683155078313,228902,824.9256239458244,825.2116335642778,800.9603634984489,816.8683155078313,1.0,825.2116335642778,800.9603634984489,0
2019-11-28,IRBR3,IRBR3.SA,820.8969697268278,838.3384325540073,819.871868411749,829.3832635224238,829.3832635224238,167214,820.8969697268278,838.3384325540073,819.871868411749,829.3832635224238,1.0,838.3384325540073,819.871868411749,0
2019-11-29,IRBR3,IRBR3.SA,825.1401166246258,845.4580741776076,817.4244456448969,831.5524962696413,831.5524962696413,210857,825.1401166246258,845.4580741776076,817.4244456448969,831.5524962696413,1.0,845.4580741776076,817.4244456448969,0
2019-12-02,IRBR3,IRBR3.SA,828.3463064471335,838.3384549369663,823.6541923195779,829.4945220298521,829.4945220298521,162406,828.3463064471335,838.3384549369663,823.6541923195779,829.4945220298521,1.0,838.3384549369663,823.6541923195779,0
2019-12-03,IRBR3,IRBR3.SA,828.9204142384929,835.4461037046005,820.9842842823524,828.382055918345,828.382055918345,140261,828.9204142384929,835.4461037046005,820.9842842823524,828.382055918345,1.0,835.4461037046005,820.9842842823524,0
2019-12-04,IRBR3,IRBR3.SA,828.651235078419,831.6637699223692,815.4220512318982,824.933461001581,824.933461001581,148560,828.651235078419,831.6637699223692,815.4220512318982,824.933461001581,1.0,831.6637699223692,815.4220512318982,0
2019-12-05,IRBR3,IRBR3.SA,826.79234804,827.8814397917504,808.9699297021895,820.8174510474382,820.8174510474382,164740,826.79234804,827.8814397917504,808.9699297021895,820.8174510474382,1.0,827.8814397917504,808.9699297021895,0
2019-12-06,IRBR3,IRBR3.SA,823.8048995437191,833.2212167622632,820.9843014619607,825.5453466771023,825.5453466771023,143460,823.8048995437191,833.2212167622632,820.9843014619607,825.5453466771023,1.0,833.2212167622632,820.9843014619607,0
2019-12-09,IRBR3,IRBR3.SA,824.6751231104107,826.546506189864,815.6445460942936,821.6517374516063,821.6517374516063,119759,824.6751231104107,826.546506189864,815.6445460942936,821.6517374516063,1.0,826.546506189864,815.6445460942936,0
2019-12-10,IRBR3,IRBR3.SA,823.1634302810085,825.6565913343355,812.3072241649378,818.5925583405702,818.5925583405702,105717,823.1634302810085,825.6565913343355,812.3072241649378,818.5925583405702,1.0,825.6565913343355,812.3072241649378,0
2019-12-11,IRBR3,IRBR3.SA,820.8779943107893,824.0990921999258,812.5296845414535,818.9262399919307,818.9262399919307,143517,820.8779943107893,824.0990921999258,812.5296845414535,818.9262399919307,1.0,824.0990921999258,812.5296845414535,0
2019-12-12,IRBR3,IRBR3.SA,819.90211715136,836.5584650309626,819.4267976367477,827.9926313338551,827.9926313338551,149190,819.90211715136,836.5584650309626,819.4267976367477,827.9926313338551,1.0,836.5584650309626,819.4267976367477,0
2019-12-13,IRBR3,IRBR3.SA,823.9473742426076,840.7858121299399,813.197186466599,826.4352879566773,826.4352879566773,217421,823.9473742426076,840.7858121299399,813.197186466599,826.4352879566773,1.0,840.7858121299399,813.197186466599,0
2019-12-16,IRBR3,IRBR3.SA,825.1913310996424,825.1913310996424,815.6445386883082,818.2031520132762,818.2031520132762,114381,825.1913310996424,825.1913310996424,815.6445386883082,818.2031520132762,1.0,825.1913310996424,815.6445386883082,0
2019-12-17,IRBR3,IRBR3.SA,821.6972415564593,829.8838427595736,819.2043843938726,824.2103897269859,824.2103897269859,131975,821.6972415564593,829.8838427595736,819.2043843938726,824.2103897269859,1.0,829.8838427595736,819.2043843938726,0
2019-12-18,IRBR3,IRBR3.SA,822.9538156417226,850.13037109375,822.0967410714518,837.5041213266386,837.5041213266386,317726,822.9538156417226,850.13037109375,822.0967410714518,837.5041213266386,1.0,850.13037109375,822.0967410714518,0
2019-12-19,IRBR3,IRBR3.SA,830.2289684841805,855.4700721528143,830.2289684841805,847.3492129994731,847.3492129994731,220621,830.2289684841805,855.4700721528143,830.2289684841805,847.3492129994731,1.0,855.4700721528143,830.2289684841805,0
2019-12-20,IRBR3,IRBR3.SA,838.7890907418268,867.039486887561,838.7890907418268,856.415639893614,856.415639893614,312410,838.7890907418268,867.039486887561,838.7890907418268,856.415639893614,1.0,867.039486887561,838.7890907418268,0
2019-12-23,IRBR3,IRBR3.SA,847.6023653177203,877.2740484510616,847.6023653177203,868.8750757274498,868.8750757274498,187646,847.6023653177203,877.2740484510616,847.6023653177203,868.8750757274498,1.0,877.2740484510616,847.6023653177203,0
2019-12-26,IRBR3,IRBR3.SA,858.238720522585,889.2884521484375,855.9151206613801,875.4941386519297,875.4941386519297,118811,858.238720522585,889.2884521484375,855.9151206613801,875.4941386519297,1.0,889.2884521484375,855.9151206613801,0
2019-12-27,IRBR3,IRBR3.SA,866.8664295872574,889.9558863433949,866.8664295872574,882.5025040758799,882.5025040758799,154290,866.8664295872574,889.9558863433949,866.8664295872574,882.5025040758799,1.0,889.9558863433949,866.8664295872574,0
2019-12-30,IRBR3,IRBR3.SA,874.6844668315687,889.7333568367056,866.594482421875,876.8289800257563,876.8289800257563,121224,874.6844668315687,889.7333568367056,866.594482421875,876.8289800257563,1.0,889.7333568367056,866.594482421875,0
2020-01-02,IRBR3,IRBR3.SA,875.7567234286626,891.5132880798942,856.8050047506472,875.8834354696985,875.8834354696985,186047,875.7567234286626,891.5132880798942,856.8050047506472,875.8834354696985,1.0,891.5132880798942,856.8050047506472,0
2020-01-03,IRBR3,IRBR3.SA,875.8200794491805,891.0683430947379,868.8194177800598,877.3296266949643,877.3296266949643,154672,875.8200794491805,891.0683430947379,868.8194177800598,877.3296266949643,1.0,891.0683430947379,868.8194177800598,0
2020-01-06,IRBR3,IRBR3.SA,876.5748530720724,884.1712446110621,862.5897655746847,875.0491834556644,875.0491834556644,207409,876.5748530720724,884.1712446110621,862.5897655746847,875.0491834556644,1.0,884.1712446110621,862.5897655746847,0
2020-01-07,IRBR3,IRBR3.SA,875.8120182638684,879.7213991178911,864.5921319055027,873.825443805205,873.825443805205,133796,875.8120182638684,879.7213991178911,864.5921319055027,873.825443805205,1.0,879.7213991178911,864.5921319055027,0
2020-01-08,IRBR3,IRBR3.SA,874.8187310345368,884.8386382598802,867.9294714797907,878.2752058549618,878.2752058549618,132544,874.8187310345368,884.8386382598802,867.9294714797907,878.2752058549618,1.0,884.8386382598802,867.9294714797907,0
2020-01-09,IRBR3,IRBR3.SA,876.5469684447493,921.1043160723813,876.5469684447493,898.6885730985805,898.6885730985805,555906,876.5469684447493,921.1043160723813,876.5469684447493,898.6885730985805,1.0,921.1043160723813,876.5469684447493,0
2020-01-10,IRBR3,IRBR3.SA,887.6177707716649,920.881873712766,887.6177707716649,915.8758537024187,915.8758537024187,209792,887.6177707716649,920.881873712766,887.6177707716649,915.8758537024187,1.0,920.881873712766,887.6177707716649,0
2020-01-13,IRBR3,IRBR3.SA,901.7468122370418,944.2432599141667,901.7468122370418,925.8322902833103,925.8322902833103,375341,901.7468122370418,944.2432599141667,901.7468122370418,925.8322902833103,1.0,944.2432599141667,901.7468122370418,0
2020-01-14,IRBR3,IRBR3.SA,913.789551260176,929.5589069372982,911.0922840033685,919.5468819216,919.5468819216,179395,913.789551260176,929.5589069372982,911.0922840033685,919.5468819216,1.0,929.5589069372982,911.0922840033685,0
2020-01-15,IRBR3,IRBR3.SA,916.668216590888,945.3556853758477,909.3124460005382,926.4997265238255,926.4997265238255,262820,916.668216590888,945.3556853758477,909.3124460005382,926.4997265238255,1.0,945.3556853758477,909.3124460005382,0
2020-01-16,IRBR3,IRBR3.SA,921.5839715573568,950.0279279240008,917.767050031862,936.9567030324658,936.9567030324658,135840,921.5839715573568,950.0279279240008,917.767050031862,936.9567030324658,1.0,950.0279279240008,917.767050031862,0
2020-01-17,IRBR3,IRBR3.SA,929.2703372949113,961.3748779296875,927.779046115251,944.5769620224693,944.5769620224693,135692,929.2703372949113,961.3748779296875,927.779046115251,944.5769620224693,1.0,961.3748779296875,927.779046115251,0
2020-01-20,IRBR3,IRBR3.SA,936.9236496586902,983.1787988265082,936.9236496586902,967.2151925502678,967.2151925502678,110330,936.9236496586902,983.1787988265082,936.9236496586902,967.2151925502678,1.0,983.1787988265082,936.9236496586902,0
2020-01-21,IRBR3,IRBR3.SA,952.069421104479,974.724165424784,952.069421104479,964.0446925150475,964.0446925150475,145221,952.069421104479,974.724165424784,952.069421104479,964.0446925150475,1.0,974.724165424784,952.069421104479,0
2020-01-22,IRBR3,IRBR3.SA,958.0570568097633,998.9754638671875,958.0570568097633,979.8970473658252,979.8970473658252,125437,958.0570568097633,998.9754638671875,958.0570568097633,979.8970473658252,1.0,998.9754638671875,958.0570568097633,0
2020-01-23,IRBR3,IRBR3.SA,968.9770520877942,996.3056370206705,968.9770520877942,983.0675212553869,983.0675212553869,197093,968.9770520877942,996.3056370206705,968.9770520877942,983.0675212553869,1.0,996.3056370206705,968.9770520877942,0
2020-01-24,IRBR3,IRBR3.SA,976.0222866715906,982.7337227044407,952.6976928710938,965.9914188260793,965.9914188260793,152264,976.0222866715906,982.7337227044407,952.6976928710938,965.9914188260793,1.0,982.7337227044407,952.6976928710938,0
2020-01-27,IRBR3,IRBR3.SA,971.006852748835,971.006852748835,925.1091620131986,938.1247762427995,938.1247762427995,243253,971.006852748835,971.006852748835,925.1091620131986,938.1247762427995,1.0,971.006852748835,925.1091620131986,0
2020-01-28,IRBR3,IRBR3.SA,954.5658144958172,988.9634258591648,935.7885223102511,962.6540871104924,962.6540871104924,181795,954.5658144958172,988.9634258591648,935.7885223102511,962.6540871104924,1.0,988.9634258591648,935.7885223102511,0
2020-01-29,IRBR3,IRBR3.SA,958.6099508031548,996.3056482938523,958.6099508031548,984.7918214392719,984.7918214392719,129214,958.6099508031548,996.3056482938523,958.6099508031548,984.7918214392719,1.0,996.3056482938523,958.6099508031548,0
2020-01-30,IRBR3,IRBR3.SA,971.7008861212133,993.4132817348734,961.8197939868294,978.8958371783954,978.8958371783954,201453,971.7008861212133,993.4132817348734,961.8197939868294,978.8958371783954,1.0,993.4132817348734,961.8197939868294,0
2020-01-31,IRBR3,IRBR3.SA,975.2983616498043,1003.2028562229253,964.9347120408174,987.0723874420689,987.0723874420689,333146,975.2983616498043,1003.2028562229253,964.9347120408174,987.0723874420689,1.0,1003.2028562229253,964.9347120408174,0
2020-02-03,IRBR3,IRBR3.SA,981.1853745459366,981.1853745459366,840.1183625584863,887.2304091197911,887.2304091197911,1962510,981.1853745459366,981.1853745459366,840.1183625584863,887.2304091197911,1.0,981.1853745459366,840.1183625584863,0
2020-02-04,IRBR3,IRBR3.SA,934.2078918328639,943.3533183451817,892.1808685658265,921.0487951551654,921.0487951551654,576304,934.2078918328639,943.3533183451817,892.1808685658265,921.0487951551654,1.0,943.3533183451817,892.1808685658265,0
2020-02-05,IRBR3,IRBR3.SA,927.6283434940146,950.0279358694697,909.9799512213539,932.5625718382009,932.5625718382009,652008,927.6283434940146,950.0279358694697,909.9799512213539,932.5625718382009,1.0,950.0279358694697,909.9799512213539,0
2020-02-06,IRBR3,IRBR3.SA,930.0954576661078,973.6117397834179,930.0954576661078,954.5333233375295,954.5333233375295,399795,930.0954576661078,973.6117397834179,930.0954576661078,954.5333233375295,1.0,973.6117397834179,930.0954576661078,0
2020-02-07,IRBR3,IRBR3.SA,942.3143905018187,948.6929678200464,873.7141971479834,910.369258091702,910.369258091702,370246,942.3143905018187,948.6929678200464,873.7141971479834,910.369258091702,1.0,948.6929678200464,873.7141971479834,0
2020-02-10,IRBR3,IRBR3.SA,926.3418242967604,926.3418242967604,727.9838248905314,788.8901926261783,788.8901926261783,1847485,926.3418242967604,926.3418242967604,727.9838248905314,788.8901926261783,1.0,926.3418242967604,727.9838248905314,0
2020-02-11,IRBR3,IRBR3.SA,857.6160084614694,857.6160084614694,716.4143980467447,756.1286676583683,756.1286676583683,856496,857.6160084614694,857.6160084614694,716.4143980467447,756.1286676583683,1.0,857.6160084614694,716.4143980467447,0
2020-02-12,IRBR3,IRBR3.SA,806.8723380599188,806.8723380599188,747.7854395959766,765.4733355430494,765.4733355430494,527262,806.8723380599188,806.8723380599188,747.7854395959766,765.4733355430494,1.0,806.8723380599188,747.7854395959766,0
2020-02-13,IRBR3,IRBR3.SA,786.1728368014841,786.1728368014841,720.8643567841518,732.5450172064302,732.5450172064302,387492,786.1728368014841,786.1728368014841,720.8643567841518,732.5450172064302,1.0,786.1728368014841,720.8643567841518,0
2020-02-14,IRBR3,IRBR3.SA,759.3589270039572,776.2639523736846,731.32116107419,753.1807051441568,753.1807051441568,682665,759.3589270039572,776.2639523736846,731.32116107419,753.1807051441568,1.0,776.2639523736846,731.32116107419,0
2020-02-17,IRBR3,IRBR3.SA,756.269816074057,823.2091898376043,756.269816074057,792.6725867793552,792.6725867793552,649560,756.269816074057,823.2091898376043,756.269816074057,792.6725867793552,1.0,823.2091898376043,756.269816074057,0
2020-02-18,IRBR3,IRBR3.SA,774.4712014267061,838.5609296259686,774.4712014267061,807.5236976118539,807.5236976118539,685347,774.4712014267061,838.5609296259686,774.4712014267061,807.5236976118539,1.0,838.5609296259686,774.4712014267061,0
2020-02-19,IRBR3,IRBR3.SA,790.99744951928,867.7069582526968,790.99744951928,838.394059319525,838.394059319525,1460101,790.99744951928,867.7069582526968,790.99744951928,838.394059319525,1.0,867.7069582526968,790.99744951928,0
2020-02-20,IRBR3,IRBR3.SA,814.6957544194025,827.6589991160453,758.9098787450491,791.5045242797066,791.5045242797066,708301,814.6957544194025,827.6589991160453,758.9098787450491,791.5045242797066,1.0,827.6589991160453,758.9098787450491,0
2020-02-21,IRBR3,IRBR3.SA,803.1001393495546,803.1001393495546,718.8618062188744,743.6136873125658,743.6136873125658,880384,803.1001393495546,803.1001393495546,718.8618062188744,743.6136873125658,1.0,803.1001393495546,718.8618062188744,0
2020-02-26,IRBR3,IRBR3.SA,773.3569133310602,773.3569133310602,661.2372217557945,690.0495350557866,690.0495350557866,736458,773.3569133310602,773.3569133310602,661.2372217557945,690.0495350557866,1.0,773.3569133310602,661.2372217557945,0
2020-02-27,IRBR3,IRBR3.SA,731.7032241934235,784.051130939803,713.0771085076525,742.3900515883864,742.3900515883864,1264812,731.7032241934235,784.051130939803,713.0771085076525,742.3900515883864,1.0,784.051130939803,713.0771085076525,0
2020-02-28,IRBR3,IRBR3.SA,737.046637890905,754.4600795711062,707.737385773017,734.1579612389164,734.1579612389164,1007326,737.046637890905,754.4600795711062,707.737385773017,734.1579612389164,1.0,754.4600795711062,707.737385773017,0
2020-03-02,IRBR3,IRBR3.SA,735.6022995649107,743.7805849573131,675.2540283203125,706.0131177826287,706.0131177826287,787365,735.6022995649107,743.7805849573131,675.2540283203125,706.0131177826287,1.0,743.7805849573131,675.2540283203125,0
2020-03-03,IRBR3,IRBR3.SA,720.8077086737696,720.8077086737696,622.9691772460938,659.3461114253159,659.3461114253159,1233255,720.8077086737696,720.8077086737696,622.9691772460938,659.3461114253159,1.0,720.8077086737696,622.9691772460938,0
2020-03-04,IRBR3,IRBR3.SA,690.0769100495428,690.0769100495428,362.8795350891534,436.4121309444193,436.4121309444193,6553269,690.0769100495428,690.0769100495428,362.8795350891534,436.4121309444193,1.0,690.0769100495428,362.8795350891534,0
2020-03-05,IRBR3,IRBR3.SA,563.2445204969811,563.2445204969811,341.74307018326664,397.5878159753639,397.5878159753639,3078780,563.2445204969811,563.2445204969811,341.74307018326664,397.5878159753639,1.0,563.2445204969811,341.74307018326664,0
2020-03-06,IRBR3,IRBR3.SA,480.4161682361725,480.4161682361725,341.74302012450767,361.54454477769326,361.54454477769326,1945908,480.4161682361725,480.4161682361725,341.74302012450767,361.54454477769326,1.0,480.4161682361725,341.74302012450767,0
2020-03-09,IRBR3,IRBR3.SA,420.9803565069329,420.9803565069329,302.8075091700803,322.44216754543237,322.44216754543237,800099,420.9803565069329,420.9803565069329,302.8075091700803,322.44216754543237,1.0,420.9803565069329,302.8075091700803,0
2020-03-10,IRBR3,IRBR3.SA,371.7112620261826,371.7112620261826,289.90314047345976,318.49297555241833,318.49297555241833,1215566,371.7112620261826,371.7112620261826,289.90314047345976,318.49297555241833,1.0,371.7112620261826,289.90314047345976,0
2020-03-11,IRBR3,IRBR3.SA,345.10211878930045,345.10211878930045,270.5465914893395,293.7410712426012,293.7410712426012,1075370,345.10211878930045,345.10211878930045,270.5465914893395,293.7410712426012,1.0,345.10211878930045,270.5465914893395,0
2020-03-12,IRBR3,IRBR3.SA,319.42159501595086,319.42159501595086,196.2352765103186,226.16003898102775,226.16003898102775,1306837,319.42159501595086,319.42159501595086,196.2352765103186,226.16003898102775,1.0,319.42159501595086,196.2352765103186,0
2020-03-13,IRBR3,IRBR3.SA,272.7908169984893,272.7908169984893,200.46256005909385,228.10681359324445,228.10681359324445,1357909,272.7908169984893,272.7908169984893,200.46256005909385,228.10681359324445,1.0,272.7908169984893,200.46256005909385,0
2020-03-16,IRBR3,IRBR3.SA,250.44881529586686,250.44881529586686,191.56301676373957,197.84832537986108,197.84832537986108,1146722,250.44881529586686,250.44881529586686,191.56301676373957,197.84832537986108,1.0,250.44881529586686,191.56301676373957,0
2020-03-17,IRBR3,IRBR3.SA,224.148570337864,224.148570337864,189.11561946414878,199.35010953704352,199.35010953704352,1082943,224.148570337864,224.148570337864,189.11561946414878,199.35010953704352,1.0,224.148570337864,189.11561946414878,0
2020-03-18,IRBR3,IRBR3.SA,211.74933993745375,211.74933993745375,150.1800520223756,170.20406166445497,170.20406166445497,1085342,211.74933993745375,211.74933993745375,150.1800520223756,170.20406166445497,1.0,211.74933993745375,150.1800520223756,0
2020-03-19,IRBR3,IRBR3.SA,190.97670080095435,190.97670080095435,143.06042729142447,160.52580740019408,160.52580740019408,1315084,190.97670080095435,190.97670080095435,143.06042729142447,160.52580740019408,1.0,190.97670080095435,143.06042729142447,0
2020-03-20,IRBR3,IRBR3.SA,175.75125410057422,200.0175988005808,160.4145594787075,175.65505233628662,175.65505233628662,1579696,175.75125410057422,200.0175988005808,160.4145594787075,175.65505233628662,1.0,200.0175988005808,160.4145594787075,0
2020-03-23,IRBR3,IRBR3.SA,175.70315321843043,175.70315321843043,145.9527702729021,158.35652924769903,158.35652924769903,1319492,175.70315321843043,175.70315321843043,145.9527702729021,158.35652924769903,1.0,175.70315321843043,145.9527702729021,0
2020-03-24,IRBR3,IRBR3.SA,167.02984123306473,186.8907405918044,162.639442549496,176.15564203191767,176.15564203191767,1266720,167.02984123306473,186.8907405918044,162.639442549496,176.15564203191767,1.0,186.8907405918044,162.639442549496,0
2020-03-25,IRBR3,IRBR3.SA,171.5927416324912,203.5773933451283,171.5927416324912,190.6174133236088,190.6174133236088,2351498,171.5927416324912,203.5773933451283,171.5927416324912,190.6174133236088,1.0,203.5773933451283,171.5927416324912,0
2020-03-26,IRBR3,IRBR3.SA,181.10507747805,242.73548701290284,181.10507747805,211.25329162480332,211.25329162480332,1984360,181.10507747805,242.73548701290284,181.10507747805,211.25329162480332,1.0,242.73548701290284,181.10507747805,0
2020-03-27,IRBR3,IRBR3.SA,196.17918455142666,241.17804294110516,196.17918455142666,222.7670817596976,222.7670817596976,1391484,196.17918455142666,241.17804294110516,196.17918455142666,222.7670817596976,1.0,241.17804294110516,196.17918455142666,0
2020-03-30,IRBR3,IRBR3.SA,209.47313315556212,262.98198127228403,209.47313315556212,244.45976510937464,244.45976510937464,1073465,209.47313315556212,262.98198127228403,209.47313315556212,244.45976510937464,1.0,262.98198127228403,209.47313315556212,0
2020-03-31,IRBR3,IRBR3.SA,226.96644913246837,244.51539178811123,208.47216720619414,228.21806862822135,228.21806862822135,1005243,226.96644913246837,244.51539178811123,208.47216720619414,228.21806862822135,1.0,244.51539178811123,208.47216720619414,0
2020-04-01,IRBR3,IRBR3.SA,227.59225888034484,227.59225888034484,195.34529780493745,202.9655490123615,202.9655490123615,767742,227.59225888034484,227.59225888034484,195.34529780493745,202.9655490123615,1.0,227.59225888034484,195.34529780493745,0
2020-04-02,IRBR3,IRBR3.SA,215.27890394635318,217.59422474555285,198.01519293993715,207.69346140887959,207.69346140887959,711914,215.27890394635318,217.59422474555285,198.01519293993715,207.69346140887959,1.0,217.59422474555285,198.01519293993715,0
2020-04-03,IRBR3,IRBR3.SA,211.4861826776164,211.4861826776164,183.10840390798322,194.288476216831,194.288476216831,765433,211.4861826776164,211.4861826776164,183.10840390798322,194.288476216831,1.0,211.4861826776164,183.10840390798322,0
2020-04-06,IRBR3,IRBR3.SA,202.8873294472237,226.49378967285156,200.9075506867436,214.92435877957666,214.92435877957666,959201,202.8873294472237,226.49378967285156,200.9075506867436,214.92435877957666,1.0,226.49378967285156,200.9075506867436,0
2020-04-07,IRBR3,IRBR3.SA,208.90584411340018,254.97234860226285,208.90584411340018,239.95434130355085,239.95434130355085,1047412,208.90584411340018,254.97234860226285,208.90584411340018,239.95434130355085,1.0,254.97234860226285,208.90584411340018,0
2020-04-08,IRBR3,IRBR3.SA,224.4300927084755,226.93874515367986,214.7018454491082,221.04278277689116,221.04278277689116,1185635,224.4300927084755,226.93874515367986,214.7018454491082,221.04278277689116,1.0,226.93874515367986,214.7018454491082,0
2020-04-09,IRBR3,IRBR3.SA,222.73643774268334,238.0632049555472,219.3741232250578,227.71746670944006,227.71746670944006,844989,222.73643774268334,238.0632049555472,219.3741232250578,227.71746670944006,1.0,238.0632049555472,219.3741232250578,0
2020-04-13,IRBR3,IRBR3.SA,225.2269522260617,234.05839820082213,221.5990105121156,227.8843299172902,227.8843299172902,570405,225.2269522260617,234.05839820082213,221.5990105121156,227.8843299172902,1.0,234.05839820082213,221.5990105121156,0
2020-04-14,IRBR3,IRBR3.SA,226.55564107167595,276.1088142305608,226.55564107167595,253.8599181026216,253.8599181026216,1209193,226.55564107167595,276.1088142305608,226.55564107167595,253.8599181026216,1.0,276.1088142305608,226.55564107167595,0
2020-04-15,IRBR3,IRBR3.SA,240.20777958714876,285.45333372727976,240.20777958714876,265.5405719262435,265.5405719262435,1641419,240.20777958714876,285.45333372727976,240.20777958714876,265.5405719262435,1.0,285.45333372727976,240.20777958714876,0
2020-04-16,IRBR3,IRBR3.SA,252.87417575669613,275.66382236425375,252.87417575669613,267.93233475436796,267.93233475436796,858661,252.87417575669613,275.66382236425375,252.87417575669613,267.93233475436796,1.0,275.66382236425375,252.87417575669613,0
2020-04-17,IRBR3,IRBR3.SA,260.40325525553203,275.44136299089246,260.40325525553203,268.7667009024151,268.7667009024151,617681,260.40325525553203,275.44136299089246,260.40325525553203,268.7667009024151,1.0,275.44136299089246,260.40325525553203,0
2020-04-20,IRBR3,IRBR3.SA,264.58497807897356,270.99155361487027,252.9699642634744,261.86951519818183,261.86951519818183,627032,264.58497807897356,270.99155361487027,252.9699642634744,261.86951519818183,1.0,270.99155361487027,252.9699642634744,0
2020-04-22,IRBR3,IRBR3.SA,263.2272466385777,270.1016107068236,245.1828497315637,257.0860041204324,257.0860041204324,1710454,263.2272466385777,270.1016107068236,245.1828497315637,257.0860041204324,1.0,270.1016107068236,245.1828497315637,0
2020-04-23,IRBR3,IRBR3.SA,260.15662537950504,260.15662537950504,216.036797920926,230.66544623725116,230.66544623725116,2199225,260.15662537950504,260.15662537950504,216.036797920926,230.66544623725116,1.0,260.15662537950504,216.036797920926,0
2020-04-24,IRBR3,IRBR3.SA,245.4110358083781,245.4110358083781,183.7758815850515,205.85791133771195,205.85791133771195,2006627,245.4110358083781,245.4110358083781,183.7758815850515,205.85791133771195,1.0,245.4110358083781,183.7758815850515,0
2020-04-27,IRBR3,IRBR3.SA,225.63447357304503,225.63447357304503,204.91234693741606,210.5858110311853,210.5858110311853,1136627,225.63447357304503,225.63447357304503,204.91234693741606,210.5858110311853,1.0,225.63447357304503,204.91234693741606,0
2020-04-28,IRBR3,IRBR3.SA,218.11014230211515,218.11014230211515,198.2376645347537,207.1928442588161,207.1928442588161,1537140,218.11014230211515,218.11014230211515,198.2376645347537,207.1928442588161,1.0,218.11014230211515,198.2376645347537,0
2020-04-29,IRBR3,IRBR3.SA,212.65149328046562,230.27608285543104,202.6874574941464,216.3705264318177,216.3705264318177,2221988,212.65149328046562,230.27608285543104,202.6874574941464,216.3705264318177,1.0,230.27608285543104,202.6874574941464,0
2020-04-30,IRBR3,IRBR3.SA,214.51100985614164,236.9507488418812,214.51100985614164,226.49377071499424,226.49377071499424,1396400,214.51100985614164,236.9507488418812,214.51100985614164,226.49377071499424,1.0,236.9507488418812,214.51100985614164,0
2020-05-04,IRBR3,IRBR3.SA,220.50239028556794,221.3765059447182,209.5845963783954,215.6474204517914,215.6474204517914,793973,220.50239028556794,221.3765059447182,209.5845963783954,215.6474204517914,1.0,221.3765059447182,209.5845963783954,0
2020-05-05,IRBR3,IRBR3.SA,218.07490536867965,219.5965955567701,199.79507775820954,208.97275237486946,208.97275237486946,1156334,218.07490536867965,219.5965955567701,199.79507775820954,208.97275237486946,1.0,219.5965955567701,199.79507775820954,0
2020-05-06,IRBR3,IRBR3.SA,213.52382887177455,213.52382887177455,198.46015034642434,202.35370687606624,202.35370687606624,780923,213.52382887177455,213.52382887177455,198.46015034642434,202.35370687606624,1.0,213.52382887177455,198.46015034642434,0
2020-05-07,IRBR3,IRBR3.SA,207.9387678739204,208.4721613393495,189.33811950683594,198.62703106607427,198.62703106607427,960840,207.9387678739204,208.4721613393495,189.33811950683594,198.62703106607427,1.0,208.4721613393495,189.33811950683594,0
2020-05-08,IRBR3,IRBR3.SA,203.28289946999735,204.46737729100187,190.89553699571613,197.7927008891323,197.7927008891323,1020628,203.28289946999735,204.46737729100187,190.89553699571613,197.7927008891323,1.0,204.46737729100187,190.89553699571613,0
2020-05-11,IRBR3,IRBR3.SA,200.53780017956484,200.53780017956484,169.53659843910373,173.59702083093646,173.59702083093646,2483473,200.53780017956484,200.53780017956484,169.53659843910373,173.59702083093646,1.0,200.53780017956484,169.53659843910373,0
2020-05-12,IRBR3,IRBR3.SA,187.06741050525065,190.67302830913755,170.20404853380674,178.54738388451528,178.54738388451528,2218366,187.06741050525065,190.67302830913755,170.20404853380674,178.54738388451528,1.0,190.67302830913755,170.20404853380674,0
2020-05-13,IRBR3,IRBR3.SA,182.80739719488298,183.77588849498306,163.529394431112,173.1520446193121,173.1520446193121,1360979,182.80739719488298,183.77588849498306,163.529394431112,173.1520446193121,1.0,183.77588849498306,163.529394431112,0
2020-05-14,IRBR3,IRBR3.SA,177.97972090709754,177.97972090709754,155.96477023079706,161.47136852843659,161.47136852843659,2135798,177.97972090709754,177.97972090709754,155.96477023079706,161.47136852843659,1.0,177.97972090709754,155.96477023079706,0
2020-05-15,IRBR3,IRBR3.SA,169.72554471776706,169.72554471776706,149.06759643554688,154.35171453027644,154.35171453027644,3004141,169.72554471776706,169.72554471776706,149.06759643554688,154.35171453027644,1.0,169.72554471776706,149.06759643554688,0
2020-05-18,IRBR3,IRBR3.SA,162.03862962402175,163.52940368652344,149.29011521768098,157.3553350112408,157.3553350112408,1711636,162.03862962402175,163.52940368652344,149.29011521768098,157.3553350112408,1.0,163.52940368652344,149.29011521768098,0
2020-05-19,IRBR3,IRBR3.SA,159.6969823176313,170.871520843808,156.85472106933594,161.36012205103805,161.36012205103805,1437035,159.6969823176313,170.871520843808,156.85472106933594,161.36012205103805,1.0,170.871520843808,156.85472106933594,0
2020-05-20,IRBR3,IRBR3.SA,160.52855218433467,170.64905775957533,159.0796333667769,164.91997113073398,164.91997113073398,1274832,160.52855218433467,170.64905775957533,159.0796333667769,164.91997113073398,1.0,170.64905775957533,159.0796333667769,0
2020-05-21,IRBR3,IRBR3.SA,162.72426165753433,170.4265458843718,155.07480647288588,163.0844110878823,163.0844110878823,2204133,162.72426165753433,170.4265458843718,155.07480647288588,163.0844110878823,1.0,170.4265458843718,155.07480647288588,0
2020-05-22,IRBR3,IRBR3.SA,162.90433637270831,163.9743766028462,156.63224496291028,159.74708835351856,159.74708835351856,1395700,162.90433637270831,163.9743766028462,156.63224496291028,159.74708835351856,1.0,163.9743766028462,156.63224496291028,0
2020-05-25,IRBR3,IRBR3.SA,161.32571236311344,176.6562365152245,154.85231629562438,165.19805402614233,165.19805402614233,2267000,161.32571236311344,176.6562365152245,154.85231629562438,165.19805402614233,1.0,176.6562365152245,154.85231629562438,0
2020-05-26,IRBR3,IRBR3.SA,163.2618831946279,186.22326295674074,163.2618831946279,173.87512648037892,173.87512648037892,1999101,163.2618831946279,186.22326295674074,163.2618831946279,173.87512648037892,1.0,186.22326295674074,163.2618831946279,0
2020-05-27,IRBR3,IRBR3.SA,168.5685048375034,171.98397551041631,160.85952756867488,167.47857446297866,167.47857446297866,1675267,168.5685048375034,171.98397551041631,160.85952756867488,167.47857446297866,1.0,171.98397551041631,160.85952756867488,0
2020-05-28,IRBR3,IRBR3.SA,168.02353965024105,188.22564482836563,167.75666576936248,177.0455799083148,177.0455799083148,2426350,168.02353965024105,188.22564482836563,167.75666576936248,177.0455799083148,1.0,188.22564482836563,167.75666576936248,0
2020-05-29,IRBR3,IRBR3.SA,172.5345597792779,184.6658477783203,172.5345597792779,180.66104362856353,180.66104362856353,1755787,172.5345597792779,184.6658477783203,172.5345597792779,180.66104362856353,1.0,184.6658477783203,172.5345597792779,0
2020-06-01,IRBR3,IRBR3.SA,176.5978017039207,192.23048318514097,176.5978017039207,186.4457713131206,186.4457713131206,1349623,176.5978017039207,192.23048318514097,176.5978017039207,186.4457713131206,1.0,192.23048318514097,176.5978017039207,0
2020-06-02,IRBR3,IRBR3.SA,181.52178650852065,194.90032954434253,181.52178650852065,189.72746247242117,189.72746247242117,1396579,181.52178650852065,194.90032954434253,181.52178650852065,189.72746247242117,1.0,194.90032954434253,181.52178650852065,0
2020-06-03,IRBR3,IRBR3.SA,185.62462449047092,239.17562866210938,185.62462449047092,218.31729144159073,218.31729144159073,3635130,185.62462449047092,239.17562866210938,185.62462449047092,218.31729144159073,1.0,239.17562866210938,185.62462449047092,0
2020-06-04,IRBR3,IRBR3.SA,201.97095796603082,261.8695318452306,201.97095796603082,243.34731917613277,243.34731917613277,3720763,201.97095796603082,261.8695318452306,201.97095796603082,243.34731917613277,1.0,261.8695318452306,201.97095796603082,0
2020-06-05,IRBR3,IRBR3.SA,222.6591385710818,250.96755334481767,222.6591385710818,242.4017265548388,242.4017265548388,2000080,222.6591385710818,250.96755334481767,222.6591385710818,242.4017265548388,1.0,250.96755334481767,222.6591385710818,0
2020-06-08,IRBR3,IRBR3.SA,232.5304325629603,261.86953553285093,232.5304325629603,252.35812879343837,252.35812879343837,2392332,232.5304325629603,261.86953553285093,232.5304325629603,252.35812879343837,1.0,261.86953553285093,232.5304325629603,0
2020-06-09,IRBR3,IRBR3.SA,242.44428067819933,309.25966962474075,242.44428067819933,277.1100141183579,277.1100141183579,4083441,242.44428067819933,309.25966962474075,242.44428067819933,277.1100141183579,1.0,309.25966962474075,242.44428067819933,0
2020-06-10,IRBR3,IRBR3.SA,259.77714739827866,315.26684767357096,259.77714739827866,300.3600842419752,300.3600842419752,2843069,259.77714739827866,315.26684767357096,259.77714739827866,300.3600842419752,1.0,315.26684767357096,259.77714739827866,0
2020-06-12,IRBR3,IRBR3.SA,280.0686158201269,282.78351282420664,255.63983154296875,266.3749307664524,266.3749307664524,3060334,280.0686158201269,282.78351282420664,255.63983154296875,266.3749307664524,1.0,282.78351282420664,255.63983154296875,0
2020-06-15,IRBR3,IRBR3.SA,273.22177329328963,273.22177329328963,220.48655448155392,234.61459711229276,234.61459711229276,3471845,273.22177329328963,273.22177329328963,220.48655448155392,234.61459711229276,1.0,273.22177329328963,220.48655448155392,0
2020-06-16,IRBR3,IRBR3.SA,253.9181852027912,253.9181852027912,220.48658568790623,229.66425767574063,229.66425767574063,2759414,253.9181852027912,253.9181852027912,220.48658568790623,229.66425767574063,1.0,253.9181852027912,220.48658568790623,0
2020-06-17,IRBR3,IRBR3.SA,241.7912214392659,241.7912214392659,221.59901104210437,227.27248249890053,227.27248249890053,1568971,241.7912214392659,241.7912214392659,221.59901104210437,227.27248249890053,1.0,241.7912214392659,221.59901104210437,0
2020-06-18,IRBR3,IRBR3.SA,234.53185196908322,235.61580078067735,222.71143946852678,226.93872706244164,226.93872706244164,1478112,234.53185196908322,235.61580078067735,222.71143946852678,226.93872706244164,1.0,235.61580078067735,222.71143946852678,0
2020-06-19,IRBR3,IRBR3.SA,230.73528951576242,235.39333786700692,226.0487897211243,231.77788672517283,231.77788672517283,1213992,230.73528951576242,235.39333786700692,226.0487897211243,231.77788672517283,1.0,235.39333786700692,226.0487897211243,0
2020-06-22,IRBR3,IRBR3.SA,231.25658812046763,270.10161990322945,231.25658812046763,251.24568291395605,251.24568291395605,3817417,231.25658812046763,270.10161990322945,231.25658812046763,251.24568291395605,1.0,270.10161990322945,231.25658812046763,0
2020-06-23,IRBR3,IRBR3.SA,241.25113551721182,291.2380340991689,241.25113551721182,270.15721699857465,270.15721699857465,4336471,241.25113551721182,291.2380340991689,241.25113551721182,270.15721699857465,1.0,291.2380340991689,241.25113551721182,0
2020-06-24,IRBR3,IRBR3.SA,255.70417625789324,270.32411295329257,244.73787475603694,255.6954536322349,255.6954536322349,2500506,255.70417625789324,270.32411295329257,244.73787475603694,255.6954536322349,1.0,270.32411295329257,244.73787475603694,0
2020-06-25,IRBR3,IRBR3.SA,255.69981494506408,255.69981494506408,237.3957463589608,247.85272113939342,247.85272113939342,2280068,255.69981494506408,255.69981494506408,237.3957463589608,247.85272113939342,1.0,255.69981494506408,237.3957463589608,0
2020-06-26,IRBR3,IRBR3.SA,251.77626804222876,270.76904244523365,251.77626804222876,264.48372400592825,264.48372400592825,3269179,251.77626804222876,270.76904244523365,251.77626804222876,264.48372400592825,1.0,270.76904244523365,251.77626804222876,0
2020-06-29,IRBR3,IRBR3.SA,258.12999602407854,284.1183771406632,258.12999602407854,276.83185781782436,276.83185781782436,2764722,258.12999602407854,284.1183771406632,258.12999602407854,276.83185781782436,1.0,284.1183771406632,258.12999602407854,0
2020-06-30,IRBR3,IRBR3.SA,267.48092692095145,290.1256256804767,240.51057757266497,260.59020572095653,260.59020572095653,5939743,267.48092692095145,290.1256256804767,240.51057757266497,260.59020572095653,1.0,290.1256256804767,240.51057757266497,0
2020-07-01,IRBR3,IRBR3.SA,264.035566320954,264.035566320954,222.93396291683456,230.05361079600323,230.05361079600323,3984853,264.035566320954,264.035566320954,222.93396291683456,230.05361079600323,1.0,264.035566320954,222.93396291683456,0
2020-07-02,IRBR3,IRBR3.SA,247.0445885584786,247.0445885584786,198.4601629836482,215.146831197841,215.146831197841,4660441,247.0445885584786,247.0445885584786,198.4601629836482,215.146831197841,1.0,247.0445885584786,198.4601629836482,0
2020-07-03,IRBR3,IRBR3.SA,231.09570987815982,231.09570987815982,185.11083297215208,202.0756112283171,202.0756112283171,5547968,231.09570987815982,231.09570987815982,185.11083297215208,202.0756112283171,1.0,231.09570987815982,185.11083297215208,0
2020-07-06,IRBR3,IRBR3.SA,216.58566055323845,225.1588463834972,208.4721664811799,216.815510122015,216.815510122015,2999602,216.58566055323845,225.1588463834972,208.4721664811799,216.815510122015,1.0,225.1588463834972,208.4721664811799,0
2020-07-07,IRBR3,IRBR3.SA,216.70058533762673,216.70058533762673,206.02478932034904,210.752685403037,210.752685403037,1504661,216.70058533762673,216.70058533762673,206.02478932034904,210.752685403037,1.0,216.70058533762673,206.02478932034904,0
2020-07-08,IRBR3,IRBR3.SA,213.72663537033185,214.47935405531445,206.46974604892463,210.02957510925447,210.02957510925447,1622377,213.72663537033185,214.47935405531445,206.46974604892463,210.02957510925447,1.0,214.47935405531445,206.46974604892463,0
2020-07-09,IRBR3,IRBR3.SA,211.87810523979317,211.87810523979317,184.8883404607196,197.2364770974806,197.2364770974806,3744947,211.87810523979317,211.87810523979317,184.8883404607196,197.2364770974806,1.0,211.87810523979317,184.8883404607196,0
2020-07-10,IRBR3,IRBR3.SA,204.55729116863688,209.58461945162782,202.9099504183583,206.30290680796932,206.30290680796932,1246584,204.55729116863688,209.58461945162782,202.9099504183583,206.30290680796932,1.0,209.58461945162782,202.9099504183583,0
2020-07-13,IRBR3,IRBR3.SA,205.4300989883031,231.38854565109,205.4300989883031,215.42496080233266,215.42496080233266,3664113,205.4300989883031,231.38854565109,205.4300989883031,215.42496080233266,1.0,231.38854565109,205.4300989883031,0
2020-07-14,IRBR3,IRBR3.SA,210.4275298953179,225.83204558187393,210.4275298953179,220.0538311719661,220.0538311719661,2477565,210.4275298953179,225.83204558187393,210.4275298953179,220.0538311719661,1.0,225.83204558187393,210.4275298953179,0
2020-07-15,IRBR3,IRBR3.SA,215.24068053364198,230.64720201100383,215.24068053364198,224.62822601684195,224.62822601684195,1488094,215.24068053364198,230.64720201100383,215.24068053364198,224.62822601684195,1.0,230.64720201100383,215.24068053364198,0
2020-07-16,IRBR3,IRBR3.SA,219.93445327524196,221.01686726564483,214.27560674951067,217.28509884200125,217.28509884200125,1169687,219.93445327524196,221.01686726564483,214.27560674951067,217.28509884200125,1.0,221.01686726564483,214.27560674951067,0
2020-07-17,IRBR3,IRBR3.SA,218.6097760586216,220.0538192016677,215.7201467111905,217.5258448121148,217.5258448121148,1022336,218.6097760586216,220.0538192016677,215.7201467111905,217.5258448121148,1.0,220.0538192016677,215.7201467111905,0
2020-07-20,IRBR3,IRBR3.SA,218.0678104353682,218.0678104353682,212.1087491465653,215.539568636142,215.539568636142,991145,218.0678104353682,218.0678104353682,212.1087491465653,215.539568636142,1.0,218.0678104353682,212.1087491465653,0
2020-07-21,IRBR3,IRBR3.SA,216.8036895357551,216.8036895357551,203.2006694635817,209.0992663354467,209.0992663354467,1410321,216.8036895357551,216.8036895357551,203.2006694635817,209.0992663354467,1.0,216.8036895357551,203.2006694635817,0
2020-07-22,IRBR3,IRBR3.SA,212.9514779356009,212.9514779356009,193.57030153087132,199.83004012816957,199.83004012816957,1479746,212.9514779356009,212.9514779356009,193.57030153087132,199.83004012816957,1.0,212.9514779356009,193.57030153087132,0
2020-07-23,IRBR3,IRBR3.SA,206.39075903188524,206.39075903188524,188.5143778577701,193.08880175285765,193.08880175285765,1310991,206.39075903188524,206.39075903188524,188.5143778577701,193.08880175285765,1.0,206.39075903188524,188.5143778577701,0
2020-07-24,IRBR3,IRBR3.SA,199.73978039237144,206.08976799943113,182.01386376425978,193.87125051113838,193.87125051113838,2297697,199.73978039237144,206.08976799943113,182.01386376425978,193.87125051113838,1.0,206.08976799943113,182.01386376425978,0
2020-07-27,IRBR3,IRBR3.SA,196.8055154517549,205.84901259502814,193.81106028195862,200.01060919148503,200.01060919148503,1197033,196.8055154517549,205.84901259502814,193.81106028195862,200.01060919148503,1.0,205.84901259502814,193.81106028195862,0
2020-07-28,IRBR3,IRBR3.SA,198.40806232161998,201.03382053543606,194.05180258693375,197.30205652017807,197.30205652017807,894446,198.40806232161998,201.03382053543606,194.05180258693375,197.30205652017807,1.0,201.03382053543606,194.05180258693375,0
2020-07-29,IRBR3,IRBR3.SA,197.855059420899,200.3115711672486,193.81106980962505,196.21866481820672,196.21866481820672,806469,197.855059420899,200.3115711672486,193.81106980962505,196.21866481820672,1.0,200.3115711672486,193.81106980962505,0
2020-07-30,IRBR3,IRBR3.SA,197.03686211955286,197.9039834817963,191.40348212601955,194.65372911423154,194.65372911423154,810571,197.03686211955286,197.9039834817963,191.40348212601955,194.65372911423154,1.0,197.9039834817963,191.40348212601955,0
2020-07-31,IRBR3,IRBR3.SA,195.8452956168922,199.10775612436848,191.88497924804688,194.59351873182948,194.59351873182948,1201151,195.8452956168922,199.10775612436848,191.88497924804688,194.59351873182948,1.0,199.10775612436848,191.88497924804688,0
2020-08-03,IRBR3,IRBR3.SA,195.21940717436084,195.21940717436084,183.6991953090537,186.3475528899071,186.3475528899071,1413865,195.21940717436084,195.21940717436084,183.6991953090537,186.3475528899071,1.0,195.21940717436084,183.6991953090537,0
2020-08-04,IRBR3,IRBR3.SA,190.78348003213398,193.0888125066742,179.3655469119983,184.72243360343487,184.72243360343487,1479244,190.78348003213398,193.0888125066742,179.3655469119983,184.72243360343487,1.0,193.0888125066742,179.3655469119983,0
2020-08-05,IRBR3,IRBR3.SA,187.75295681778442,187.75295681778442,180.569319185833,183.45843165779112,183.45843165779112,872716,187.75295681778442,187.75295681778442,180.569319185833,183.45843165779112,1.0,187.75295681778442,180.569319185833,0
2020-08-06,IRBR3,IRBR3.SA,185.60569423778776,188.755126953125,179.84703838323622,184.96316923522807,184.96316923522807,1159920,185.60569423778776,188.755126953125,179.84703838323622,184.96316923522807,1.0,188.755126953125,179.84703838323622,0
2020-08-07,IRBR3,IRBR3.SA,185.2844317365079,198.8670183462335,185.14375411772502,189.71817429733574,189.71817429733574,1923701,185.2844317365079,198.8670183462335,185.14375411772502,189.71817429733574,1.0,198.8670183462335,185.14375411772502,0
2020-08-10,IRBR3,IRBR3.SA,187.50130301692184,188.5143980728254,182.49541356903214,185.9262337030848,185.9262337030848,940546,187.50130301692184,188.5143980728254,182.49541356903214,185.9262337030848,1.0,188.5143980728254,182.49541356903214,0
2020-08-11,IRBR3,IRBR3.SA,186.71376836000331,200.0708050751437,184.42145654102657,191.403475168724,191.403475168724,2032416,186.71376836000331,200.0708050751437,184.42145654102657,191.403475168724,1.0,200.0708050751437,184.42145654102657,0
2020-08-12,IRBR3,IRBR3.SA,189.05862176436364,199.58929144175653,186.5883037090787,193.0286078857233,193.0286078857233,1657962,189.05862176436364,199.58929144175653,186.5883037090787,193.0286078857233,1.0,199.58929144175653,186.5883037090787,0
2020-08-13,IRBR3,IRBR3.SA,191.04361482504345,195.73714446120454,183.93995004515494,188.5745674081408,188.5745674081408,1407609,191.04361482504345,195.73714446120454,183.93995004515494,188.5745674081408,1.0,195.73714446120454,183.93995004515494,0
2020-08-14,IRBR3,IRBR3.SA,189.80909111659213,189.80909111659213,182.49539297011017,186.46792362250332,186.46792362250332,961878,189.80909111659213,189.80909111659213,182.49539297011017,186.46792362250332,1.0,189.80909111659213,182.49539297011017,0
2020-08-17,IRBR3,IRBR3.SA,188.1385073695477,188.1385073695477,178.63391528087254,183.28709998345812,183.28709998345812,1072719,188.1385073695477,188.1385073695477,178.63391528087254,183.28709998345812,1.0,188.1385073695477,178.63391528087254,0
2020-08-18,IRBR3,IRBR3.SA,185.71280367650292,185.71280367650292,179.60079832983655,182.62234184306834,182.62234184306834,613610,185.71280367650292,185.71280367650292,179.60079832983655,182.62234184306834,1.0,185.71280367650292,179.60079832983655,0
2020-08-19,IRBR3,IRBR3.SA,184.16757275978563,184.16757275978563,173.07425276103237,178.09002249574655,178.09002249574655,1194317,184.16757275978563,184.16757275978563,173.07425276103237,178.09002249574655,1.0,184.16757275978563,173.07425276103237,0
2020-08-20,IRBR3,IRBR3.SA,181.1287976277661,181.1287976277661,169.20666157181407,173.49726045878162,173.49726045878162,843976,181.1287976277661,181.1287976277661,169.20666157181407,173.49726045878162,1.0,181.1287976277661,169.20666157181407,0
2020-08-21,IRBR3,IRBR3.SA,177.31302904327384,199.4221704963234,175.7332376875275,187.63813496736702,187.63813496736702,2694629,177.31302904327384,199.4221704963234,175.7332376875275,187.63813496736702,1.0,199.4221704963234,175.7332376875275,0
2020-08-24,IRBR3,IRBR3.SA,182.47558200532043,198.21354558164708,182.47558200532043,193.3790646135662,193.3790646135662,1719766,182.47558200532043,198.21354558164708,182.47558200532043,193.3790646135662,1.0,198.21354558164708,182.47558200532043,0
2020-08-25,IRBR3,IRBR3.SA,187.9273233094433,199.4221536781468,187.9273233094433,193.13733204886464,193.13733204886464,1508486,187.9273233094433,199.4221536781468,187.9273233094433,193.13733204886464,1.0,199.4221536781468,187.9273233094433,0
2020-08-26,IRBR3,IRBR3.SA,190.53232767915398,197.9718087579182,184.19354096414003,191.2035403037188,191.2035403037188,1431943,190.53232767915398,197.9718087579182,184.19354096414003,191.2035403037188,1.0,197.9718087579182,184.19354096414003,0
2020-08-27,IRBR3,IRBR3.SA,190.8679339914364,190.8679339914364,183.7100955235734,185.70432162968842,185.70432162968842,607696,190.8679339914364,190.8679339914364,183.7100955235734,185.70432162968842,1.0,190.8679339914364,183.7100955235734,0
2020-08-28,IRBR3,IRBR3.SA,188.2861278105624,188.2861278105624,179.84252105819544,182.98493000326536,182.98493000326536,824073,188.2861278105624,188.2861278105624,179.84252105819544,182.98493000326536,1.0,188.2861278105624,179.84252105819544,0
2020-08-31,IRBR3,IRBR3.SA,185.63552890691386,185.63552890691386,167.99805275332383,171.38218511871938,171.38218511871938,1592768,185.63552890691386,185.63552890691386,167.99805275332383,171.38218511871938,1.0,185.63552890691386,167.99805275332383,0
2020-09-01,IRBR3,IRBR3.SA,178.50885701281663,178.50885701281663,167.03115030835022,171.08001832062678,171.08001832062678,1299798,178.50885701281663,178.50885701281663,167.03115030835022,171.08001832062678,1.0,178.50885701281663,167.03115030835022,0
2020-09-02,IRBR3,IRBR3.SA,174.7944376667217,174.7944376667217,165.82252768141333,168.90450174132334,168.90450174132334,951353,174.7944376667217,174.7944376667217,165.82252768141333,168.90450174132334,1.0,174.7944376667217,165.82252768141333,0
2020-09-03,IRBR3,IRBR3.SA,171.8494697040225,173.07424736682566,165.0973725912894,168.36063954491786,168.36063954491786,1129368,171.8494697040225,173.07424736682566,165.0973725912894,168.36063954491786,1.0,173.07424736682566,165.0973725912894,0
2020-09-04,IRBR3,IRBR3.SA,170.1050546244702,170.17357353729204,160.98806612687994,166.54771749365943,166.54771749365943,1840083,170.1050546244702,170.17357353729204,160.98806612687994,166.54771749365943,1.0,170.17357353729204,160.98806612687994,0
2020-09-08,IRBR3,IRBR3.SA,168.32638605906482,168.32638605906482,161.47150635188265,163.88874855248446,163.88874855248446,805863,168.32638605906482,168.32638605906482,161.47150635188265,163.88874855248446,1.0,168.32638605906482,161.47150635188265,0
2020-09-09,IRBR3,IRBR3.SA,166.10756730577464,166.10756730577464,156.15359569339,160.38375673820468,160.38375673820468,1173085,166.10756730577464,166.10756730577464,156.15359569339,160.38375673820468,1.0,166.10756730577464,156.15359569339,0
2020-09-10,IRBR3,IRBR3.SA,163.24566202198966,163.24566202198966,151.31910159112164,155.36797717395223,155.36797717395223,1288309,163.24566202198966,163.24566202198966,151.31910159112164,155.36797717395223,1.0,163.24566202198966,151.31910159112164,0
2020-09-11,IRBR3,IRBR3.SA,159.30681959797096,159.30681959797096,145.7594667041963,149.74790785094143,149.74790785094143,1206502,159.30681959797096,159.30681959797096,145.7594667041963,149.74790785094143,1.0,159.30681959797096,145.7594667041963,0
2020-09-14,IRBR3,IRBR3.SA,154.5273637244562,154.5273637244562,143.58394470009733,147.0285040533243,147.0285040533243,1190236,154.5273637244562,154.5273637244562,143.58394470009733,147.0285040533243,1.0,154.5273637244562,143.58394470009733,0
2020-09-15,IRBR3,IRBR3.SA,150.77793388889023,151.5608149358643,143.10047912597656,146.84720011708924,146.84720011708924,1025755,150.77793388889023,151.5608149358643,143.10047912597656,146.84720011708924,1.0,151.5608149358643,143.10047912597656,0
2020-09-16,IRBR3,IRBR3.SA,148.81256700298974,148.81256700298974,142.61703221214538,143.82565690564434,143.82565690564434,790721,148.81256700298974,148.81256700298974,142.61703221214538,143.82565690564434,1.0,148.81256700298974,142.61703221214538,0
2020-09-17,IRBR3,IRBR3.SA,146.31911195431704,146.31911195431704,140.44152992734647,142.61704488078914,142.61704488078914,744268,146.31911195431704,146.31911195431704,140.44152992734647,142.61704488078914,1.0,146.31911195431704,140.44152992734647,0
2020-09-18,IRBR3,IRBR3.SA,144.4680784175531,144.4680784175531,134.3984445523291,139.23291404586755,139.23291404586755,1186933,144.4680784175531,144.4680784175531,134.3984445523291,139.23291404586755,1.0,144.4680784175531,134.3984445523291,0
2020-09-21,IRBR3,IRBR3.SA,141.85049623171034,141.85049623171034,128.83878009749043,131.55817639137973,131.55817639137973,1087374,141.85049623171034,141.85049623171034,128.83878009749043,131.55817639137973,1.0,141.85049623171034,128.83878009749043,0
2020-09-22,IRBR3,IRBR3.SA,136.70433631154503,139.95808961294915,129.32224151848513,134.70059643660704,134.70059643660704,1351792,136.70433631154503,139.95808961294915,129.32224151848513,134.70059643660704,1.0,139.95808961294915,129.32224151848513,0
2020-09-23,IRBR3,IRBR3.SA,135.70246637407604,156.63703281648705,135.70246637407604,149.6874718523653,149.6874718523653,3784410,135.70246637407604,156.63703281648705,135.70246637407604,149.6874718523653,1.0,156.63703281648705,135.70246637407604,0
2020-09-24,IRBR3,IRBR3.SA,142.69496911322068,176.4583884139491,142.69496911322068,165.52038266273374,165.52038266273374,5161628,142.69496911322068,176.4583884139491,142.69496911322068,165.52038266273374,1.0,176.4583884139491,142.69496911322068,0
2020-09-25,IRBR3,IRBR3.SA,154.10767588797722,185.8856300897434,154.10767588797722,174.10158775346258,174.10158775346258,5634236,154.10767588797722,185.8856300897434,154.10767588797722,174.10158775346258,1.0,185.8856300897434,154.10767588797722,0
2020-09-28,IRBR3,IRBR3.SA,164.1046318207199,182.98492471375295,164.1046318207199,175.85407470521795,175.85407470521795,3570764,164.1046318207199,182.98492471375295,164.1046318207199,175.85407470521795,1.0,182.98492471375295,164.1046318207199,0
2020-09-29,IRBR3,IRBR3.SA,169.9793532629689,183.22663727566714,169.9793532629689,179.17776926117267,179.17776926117267,2296078,169.9793532629689,183.22663727566714,169.9793532629689,179.17776926117267,1.0,183.22663727566714,169.9793532629689,0
2020-09-30,IRBR3,IRBR3.SA,174.5785612620708,182.98493539746713,174.5785612620708,180.74899309585476,180.74899309585476,2323099,174.5785612620708,182.98493539746713,174.5785612620708,180.74899309585476,1.0,182.98493539746713,174.5785612620708,0
2020-10-01,IRBR3,IRBR3.SA,177.6637771789628,196.03800338029575,177.6637771789628,188.30284483315984,188.30284483315984,3862882,177.6637771789628,196.03800338029575,177.6637771789628,188.30284483315984,1.0,196.03800338029575,177.6637771789628,0
2020-10-02,IRBR3,IRBR3.SA,182.9833110060613,201.1142203838668,182.9833110060613,195.79629261833693,195.79629261833693,3247637,182.9833110060613,201.1142203838668,182.9833110060613,195.79629261833693,1.0,201.1142203838668,182.9833110060613,0
2020-10-05,IRBR3,IRBR3.SA,189.38980181219912,210.7831900014832,189.38980181219912,204.37750979258198,204.37750979258198,3352190,189.38980181219912,210.7831900014832,189.38980181219912,204.37750979258198,1.0,210.7831900014832,189.38980181219912,0
2020-10-06,IRBR3,IRBR3.SA,196.88365580239054,215.13420194597066,173.31597900390625,193.62078175137358,193.62078175137358,9368372,196.88365580239054,215.13420194597066,173.31597900390625,193.62078175137358,1.0,215.13420194597066,173.31597900390625,0
2020-10-07,IRBR3,IRBR3.SA,195.25221877688205,195.25221877688205,153.73634800744927,162.0153961116709,162.0153961116709,6406425,195.25221877688205,195.25221877688205,153.73634800744927,162.0153961116709,1.0,195.25221877688205,153.73634800744927,0
2020-10-08,IRBR3,IRBR3.SA,178.63380744427647,187.09425354003906,154.9449839613047,171.62392749362678,171.62392749362678,7486721,178.63380744427647,187.09425354003906,154.9449839613047,171.62392749362678,1.0,187.09425354003906,154.9449839613047,0
2020-10-09,IRBR3,IRBR3.SA,175.12886746895163,189.7531960677291,170.41528828207566,180.74898173630748,180.74898173630748,6272043,175.12886746895163,189.7531960677291,170.41528828207566,180.74898173630748,1.0,189.7531960677291,170.41528828207566,0
2020-10-13,IRBR3,IRBR3.SA,177.93892460262956,180.08424789258345,171.14046414641504,175.6727868906366,175.6727868906366,1761695,177.93892460262956,180.08424789258345,171.14046414641504,175.6727868906366,1.0,180.08424789258345,171.14046414641504,0
2020-10-14,IRBR3,IRBR3.SA,176.80585574663309,177.90873369944626,171.3821849026695,173.7994234141427,173.7994234141427,1667483,176.80585574663309,177.90873369944626,171.3821849026695,173.7994234141427,1.0,177.90873369944626,171.3821849026695,0
2020-10-15,IRBR3,IRBR3.SA,175.3026395803879,175.3026395803879,165.82255143360462,169.93185076876162,169.93185076876162,1632279,175.3026395803879,175.3026395803879,165.82255143360462,169.93185076876162,1.0,175.3026395803879,165.82255143360462,0
2020-10-16,IRBR3,IRBR3.SA,172.61724517457475,172.61724517457475,163.16358391035382,166.66858205085973,166.66858205085973,1056219,172.61724517457475,172.61724517457475,163.16358391035382,166.66858205085973,1.0,172.61724517457475,163.16358391035382,0
2020-10-19,IRBR3,IRBR3.SA,169.64291361271722,174.52459217519703,161.7132327316553,168.179347028763,168.179347028763,2606760,169.64291361271722,174.52459217519703,161.7132327316553,168.179347028763,1.0,174.52459217519703,161.7132327316553,0
2020-10-20,IRBR3,IRBR3.SA,168.9111303207401,175.00806033616806,168.9111303207401,172.28865993429156,172.28865993429156,1430131,168.9111303207401,175.00806033616806,168.9111303207401,172.28865993429156,1.0,175.00806033616806,168.9111303207401,0
2020-10-21,IRBR3,IRBR3.SA,170.59989512751582,179.60078928386875,164.61391939524054,171.865630870671,171.865630870671,2534210,170.59989512751582,179.60078928386875,164.61391939524054,171.865630870671,1.0,179.60078928386875,164.61391939524054,0
2020-10-22,IRBR3,IRBR3.SA,171.2327629990934,171.2327629990934,163.1635592496378,166.91028402705075,166.91028402705075,1708240,171.2327629990934,171.2327629990934,163.1635592496378,166.91028402705075,1.0,171.2327629990934,163.1635592496378,0
2020-10-23,IRBR3,IRBR3.SA,169.07152351307207,169.07152351307207,164.6139318569332,166.42685801080358,166.42685801080358,817577,169.07152351307207,169.07152351307207,164.6139318569332,166.42685801080358,1.0,169.07152351307207,164.6139318569332,0
2020-10-26,IRBR3,IRBR3.SA,167.74919076193783,172.83253191935123,166.3059977088423,168.7836634739429,168.7836634739429,1728524,167.74919076193783,172.83253191935123,166.3059977088423,168.7836634739429,1.0,172.83253191935123,166.3059977088423,0
2020-10-27,IRBR3,IRBR3.SA,168.26642711794037,170.17355700350853,162.19666781450843,166.12468154256032,166.12468154256032,1214854,168.26642711794037,170.17355700350853,162.19666781450843,166.12468154256032,1.0,170.17355700350853,162.19666781450843,0
2020-10-28,IRBR3,IRBR3.SA,167.19555433025033,167.19555433025033,146.24291441923305,152.04428541041293,152.04428541041293,2459185,167.19555433025033,167.19555433025033,146.24291441923305,152.04428541041293,1.0,167.19555433025033,146.24291441923305,0
2020-10-29,IRBR3,IRBR3.SA,159.61991987033161,159.61991987033161,141.4084419247426,146.18249222365102,146.18249222365102,2376017,159.61991987033161,159.61991987033161,141.4084419247426,146.18249222365102,1.0,159.61991987033161,141.4084419247426,0
2020-10-30,IRBR3,IRBR3.SA,152.90120604699132,152.90120604699132,143.825680321142,147.33067083649377,147.33067083649377,1863316,152.90120604699132,152.90120604699132,143.825680321142,147.33067083649377,1.0,152.90120604699132,143.825680321142,0
2020-11-03,IRBR3,IRBR3.SA,150.11593844174254,165.33907853550812,150.11593844174254,156.39529227394937,156.39529227394937,2888292,150.11593844174254,165.33907853550812,150.11593844174254,156.39529227394937,1.0,165.33907853550812,150.11593844174254,0
2020-11-04,IRBR3,IRBR3.SA,153.25561535784595,156.39531135145953,144.79256967732118,151.1378146313184,151.1378146313184,2767171,153.25561535784595,156.39531135145953,144.79256967732118,151.1378146313184,1.0,156.39531135145953,144.79256967732118,0
2020-11-05,IRBR3,IRBR3.SA,152.19671499458218,154.94497692512743,148.41842797974587,151.74212961952696,151.74212961952696,1540855,152.19671499458218,154.94497692512743,148.41842797974587,151.74212961952696,1.0,154.94497692512743,148.41842797974587,0
2020-11-06,IRBR3,IRBR3.SA,151.96942230705457,161.4714912387782,147.93496285449265,154.03848754114043,154.03848754114043,3090484,151.96942230705457,161.4714912387782,147.93496285449265,154.03848754114043,1.0,161.4714912387782,147.93496285449265,0
2020-11-09,IRBR3,IRBR3.SA,153.0039549240975,169.69010543986687,153.0039549240975,164.00959673987995,164.00959673987995,1970484,153.0039549240975,169.69010543986687,153.0039549240975,164.00959673987995,1.0,169.69010543986687,153.0039549240975,0
2020-11-10,IRBR3,IRBR3.SA,158.50677583198873,165.3391067109381,157.6039400977521,160.4441948520652,160.4441948520652,1305760,158.50677583198873,165.3391067109381,157.6039400977521,160.4441948520652,1.0,165.3391067109381,157.6039400977521,0
2020-11-11,IRBR3,IRBR3.SA,159.47548534202696,159.47548534202696,153.9780828625596,156.39531772276217,156.39531772276217,1135012,159.47548534202696,159.47548534202696,153.9780828625596,156.39531772276217,1.0,159.47548534202696,153.9780828625596,0
2020-11-12,IRBR3,IRBR3.SA,157.93540153239456,157.93540153239456,148.17669834374058,152.10471224047043,152.10471224047043,1071280,157.93540153239456,157.93540153239456,148.17669834374058,152.10471224047043,1.0,157.93540153239456,148.17669834374058,0
2020-11-13,IRBR3,IRBR3.SA,155.02005688643249,165.58082950502515,150.83566682175925,157.48307398118143,157.48307398118143,2615510,155.02005688643249,165.58082950502515,150.83566682175925,157.48307398118143,1.0,165.58082950502515,150.83566682175925,0
2020-11-16,IRBR3,IRBR3.SA,156.25156543380695,166.30598631744056,156.25156543380695,162.74055768588633,162.74055768588633,1419288,156.25156543380695,166.30598631744056,156.25156543380695,162.74055768588633,1.0,166.30598631744056,156.25156543380695,0
2020-11-17,IRBR3,IRBR3.SA,159.49606155984662,166.30598998152215,159.49606155984662,162.92185387994874,162.92185387994874,1442376,159.49606155984662,166.30598998152215,159.49606155984662,162.92185387994874,1.0,166.30598998152215,159.49606155984662,0
2020-11-18,IRBR3,IRBR3.SA,161.20895771989768,168.7232198771944,161.20895771989768,165.33908387359685,165.33908387359685,1410168,161.20895771989768,168.7232198771944,161.20895771989768,165.33908387359685,1.0,168.7232198771944,161.20895771989768,0
2020-11-19,IRBR3,IRBR3.SA,163.27402079674727,165.0973789694388,160.26289440389544,162.80099472589865,162.80099472589865,1023461,163.27402079674727,165.0973789694388,160.26289440389544,162.80099472589865,1.0,165.0973789694388,160.26289440389544,0
2020-11-23,IRBR3,IRBR3.SA,163.03750776132296,178.3921870996951,163.03750776132296,173.01382834658483,173.01382834658483,2830518,163.03750776132296,178.3921870996951,163.03750776132296,173.01382834658483,1.0,178.3921870996951,163.03750776132296,0
2020-11-24,IRBR3,IRBR3.SA,168.0256680539539,175.73320509411377,168.0256680539539,172.71165447352152,172.71165447352152,1634617,168.0256680539539,175.73320509411377,168.0256680539539,172.71165447352152,1.0,175.73320509411377,168.0256680539539,0
2020-11-25,IRBR3,IRBR3.SA,170.3686612637377,171.8656379622388,167.03116817667663,169.2066795801796,169.2066795801796,1253301,170.3686612637377,171.8656379622388,167.03116817667663,169.2066795801796,1.0,171.8656379622388,167.03116817667663,0
2020-11-26,IRBR3,IRBR3.SA,169.78767042195864,172.5908070875662,165.82254944042643,169.26710913584577,169.26710913584577,1327876,169.78767042195864,172.5908070875662,165.82254944042643,169.26710913584577,1.0,172.5908070875662,165.82254944042643,0
2020-11-27,IRBR3,IRBR3.SA,169.5273897789022,172.34907979955835,162.43840221695112,167.87719167685043,167.87719167685043,2503433,169.5273897789022,172.34907979955835,162.43840221695112,167.87719167685043,1.0,172.34907979955835,162.43840221695112,0
2020-11-30,IRBR3,IRBR3.SA,168.70229072787632,168.70229072787632,159.77944670418134,162.86142485881732,162.86142485881732,6303535,168.70229072787632,168.70229072787632,159.77944670418134,162.86142485881732,1.0,168.70229072787632,159.77944670418134,0
2020-12-01,IRBR3,IRBR3.SA,165.78185779334683,165.78185779334683,160.02117091651047,162.55927123851365,162.55927123851365,1208531,165.78185779334683,165.78185779334683,160.02117091651047,162.55927123851365,1.0,165.78185779334683,160.02117091651047,0
2020-12-02,IRBR3,IRBR3.SA,164.17056451593024,169.93183723243587,162.19667134104762,164.4930480204671,164.4930480204671,1807490,164.17056451593024,169.93183723243587,162.19667134104762,164.4930480204671,1.0,169.93183723243587,162.19667134104762,0
2020-12-03,IRBR3,IRBR3.SA,164.33180626819868,169.4484086788556,163.16358293172874,166.1247068867932,166.1247068867932,1609564,164.33180626819868,169.4484086788556,163.16358293172874,166.1247068867932,1.0,169.4484086788556,163.16358293172874,0
2020-12-04,IRBR3,IRBR3.SA,165.22825657749593,170.65701337928286,163.88874114468865,167.63546618520112,167.63546618520112,1366226,165.22825657749593,170.65701337928286,163.88874114468865,167.63546618520112,1.0,170.65701337928286,163.88874114468865,0
2020-12-07,IRBR3,IRBR3.SA,166.43186138134854,188.06112225914512,165.58081040619516,174.52458971354267,174.52458971354267,5586782,166.43186138134854,188.06112225914512,165.58081040619516,174.52458971354267,1.0,188.06112225914512,165.58081040619516,0
2020-12-08,IRBR3,IRBR3.SA,170.47822554744562,184.43527073575459,170.47822554744562,179.54036646595117,179.54036646595117,3692002,170.47822554744562,184.43527073575459,170.47822554744562,179.54036646595117,1.0,184.43527073575459,170.47822554744562,0
2020-12-09,IRBR3,IRBR3.SA,175.00929600669838,186.6107796833108,173.79940654115737,180.50725114467744,180.50725114467744,2442043,175.00929600669838,186.6107796833108,173.79940654115737,180.50725114467744,1.0,186.6107796833108,173.79940654115737,0
2020-12-10,IRBR3,IRBR3.SA,177.7582735756879,180.5676927317666,169.44839775581383,176.27709722716577,176.27709722716577,2120550,177.7582735756879,180.5676927317666,169.44839775581383,176.27709722716577,1.0,180.5676927317666,169.44839775581383,0
2020-12-11,IRBR3,IRBR3.SA,177.01768540142683,177.42528594609306,172.590801535804,175.7936487541818,175.7936487541818,1416633,177.01768540142683,177.42528594609306,172.590801535804,175.7936487541818,1.0,177.42528594609306,172.590801535804,0
2020-12-14,IRBR3,IRBR3.SA,176.4056670778043,183.2266631519347,174.7663259149606,178.39218949368524,178.39218949368524,1797181,176.4056670778043,183.2266631519347,174.7663259149606,178.39218949368524,1.0,183.2266631519347,174.7663259149606,0
2020-12-15,IRBR3,IRBR3.SA,177.39892828574477,179.1173467146293,174.76630935076278,176.70010826237774,176.70010826237774,1262123,177.39892828574477,179.1173467146293,174.76630935076278,176.70010826237774,1.0,179.1173467146293,174.76630935076278,0
2020-12-16,IRBR3,IRBR3.SA,177.04951827406126,182.01804422171864,173.0742600602096,177.8483102151436,177.8483102151436,2362619,177.04951827406126,182.01804422171864,173.0742600602096,177.8483102151436,1.0,182.01804422171864,173.0742600602096,0
2020-12-17,IRBR3,IRBR3.SA,177.44891424460243,185.16041277478462,176.21664521310737,179.96335865110728,179.96335865110728,1840091,177.44891424460243,185.16041277478462,176.21664521310737,179.96335865110728,1.0,185.16041277478462,176.21664521310737,0
2020-12-18,IRBR3,IRBR3.SA,178.70613644785487,179.8425132215924,175.97493770937166,177.9691563328605,177.9691563328605,1053025,178.70613644785487,179.8425132215924,175.97493770937166,177.9691563328605,1.0,179.8425132215924,175.97493770937166,0
2020-12-21,IRBR3,IRBR3.SA,178.3376463903577,178.3376463903577,169.9318378678246,173.0138158396748,173.0138158396748,1849114,178.3376463903577,178.3376463903577,169.9318378678246,173.0138158396748,1.0,178.3376463903577,169.9318378678246,0
2020-12-22,IRBR3,IRBR3.SA,175.67573111501625,176.21667289142073,171.38218836196992,173.85985779362946,173.85985779362946,1117416,175.67573111501625,176.21667289142073,171.38218836196992,173.85985779362946,1.0,176.21667289142073,171.38218836196992,0
2020-12-23,IRBR3,IRBR3.SA,174.76779445432285,183.46837869284153,173.7994243867502,176.88140996201196,176.88140996201196,2918760,174.76779445432285,183.46837869284153,173.7994243867502,176.88140996201196,1.0,183.46837869284153,173.7994243867502,0
2020-12-28,IRBR3,IRBR3.SA,175.8246022081674,197.97181230773475,175.8246022081674,188.30285455374744,188.30285455374744,6774282,175.8246022081674,197.97181230773475,175.8246022081674,188.30285455374744,1.0,197.97181230773475,175.8246022081674,0
2020-12-29,IRBR3,IRBR3.SA,182.0637283809574,205.94870504401595,182.0637283809574,198.03225665670544,198.03225665670544,6134812,182.0637283809574,205.94870504401595,182.0637283809574,198.03225665670544,1.0,205.94870504401595,182.0637283809574,0
2020-12-30,IRBR3,IRBR3.SA,190.04799251883142,204.49834468950937,190.04799251883142,198.87827010059368,198.87827010059368,3936220,190.04799251883142,204.49834468950937,190.04799251883142,198.87827010059368,1.0,204.49834468950937,190.04799251883142,0
2021-01-04,IRBR3,IRBR3.SA,194.46313130971254,201.35594072980976,190.7200927734375,195.8567241413078,195.8567241413078,2300578,194.46313130971254,201.35594072980976,190.7200927734375,195.8567241413078,1.0,201.35594072980976,190.7200927734375,0
2021-01-05,IRBR3,IRBR3.SA,195.15992772551016,195.15992772551016,185.40214133003707,188.48412648538817,188.48412648538817,2273882,195.15992772551016,195.15992772551016,185.40214133003707,188.48412648538817,1.0,195.15992772551016,185.40214133003707,0
2021-01-06,IRBR3,IRBR3.SA,191.82202710544917,196.03801061928172,186.61079482146937,189.7532000874068,189.7532000874068,2764576,191.82202710544917,196.03801061928172,186.61079482146937,189.7532000874068,1.0,196.03801061928172,186.61079482146937,0
2021-01-07,IRBR3,IRBR3.SA,190.787613596428,192.41216121399643,186.3690740754032,188.90717067361237,188.90717067361237,1788974,190.787613596428,192.41216121399643,186.3690740754032,188.90717067361237,1.0,192.41216121399643,186.3690740754032,0
2021-01-08,IRBR3,IRBR3.SA,189.8473921350202,194.82939977876586,188.06114205468145,191.50570178926012,191.50570178926012,1987192,189.8473921350202,194.82939977876586,188.06114205468145,191.50570178926012,1.0,194.82939977876586,188.06114205468145,0
2021-01-11,IRBR3,IRBR3.SA,190.67654696214015,192.17043208708552,182.74320160978266,187.4568168484341,187.4568168484341,2271809,190.67654696214015,192.17043208708552,182.74320160978266,187.4568168484341,1.0,192.17043208708552,182.74320160978266,0
2021-01-12,IRBR3,IRBR3.SA,189.0666819052871,189.75319100193386,184.4352598348212,186.79207108035084,186.79207108035084,1449037,189.0666819052871,189.75319100193386,184.4352598348212,186.79207108035084,1.0,189.75319100193386,184.4352598348212,0
2021-01-13,IRBR3,IRBR3.SA,187.92937649281896,195.31284380329785,186.61079828973857,189.69277274245746,189.69277274245746,2189509,187.92937649281896,195.31284380329785,186.61079828973857,189.69277274245746,1.0,195.31284380329785,186.61079828973857,0
2021-01-14,IRBR3,IRBR3.SA,188.8110746176382,192.17043010685362,188.8110746176382,190.53879664414504,190.53879664414504,1066825,188.8110746176382,192.17043010685362,188.8110746176382,190.53879664414504,1.0,192.17043010685362,188.8110746176382,0
2021-01-15,IRBR3,IRBR3.SA,189.67493563089164,189.99491642463215,185.40215562159105,187.94026320047752,187.94026320047752,1192947,189.67493563089164,189.99491642463215,185.40215562159105,187.94026320047752,1.0,189.99491642463215,185.40215562159105,0
2021-01-18,IRBR3,IRBR3.SA,188.8075994156846,188.8075994156846,184.4352846834764,186.48994186779984,186.48994186779984,996657,188.8075994156846,188.8075994156846,184.4352846834764,186.48994186779984,1.0,188.8075994156846,184.4352846834764,0
2021-01-19,IRBR3,IRBR3.SA,187.6487706417422,187.6487706417422,178.1504729763029,183.64969005877944,183.64969005877944,1749097,187.6487706417422,187.6487706417422,178.1504729763029,183.64969005877944,1.0,187.6487706417422,178.1504729763029,0
2021-01-20,IRBR3,IRBR3.SA,185.64923035026084,190.23663862304647,180.3259614824884,185.2812963483067,185.2812963483067,1537319,185.64923035026084,190.23663862304647,180.3259614824884,185.2812963483067,1.0,190.23663862304647,180.3259614824884,0
2021-01-21,IRBR3,IRBR3.SA,185.46526334928376,187.09425737311489,181.05115500191388,184.13313335858675,184.13313335858675,1232117,185.46526334928376,187.09425737311489,181.05115500191388,184.13313335858675,1.0,187.09425737311489,181.05115500191388,0
2021-01-22,IRBR3,IRBR3.SA,184.79919835393525,184.79919835393525,167.2728729248047,173.37639775416375,173.37639775416375,3880149,184.79919835393525,184.79919835393525,167.2728729248047,173.37639775416375,1.0,184.79919835393525,167.2728729248047,0
2021-01-26,IRBR3,IRBR3.SA,179.0877980540495,179.0877980540495,157.6039491000103,162.55928841086973,162.55928841086973,1861456,179.0877980540495,179.0877980540495,157.6039491000103,162.55928841086973,1.0,179.0877980540495,157.6039491000103,0
2021-01-27,IRBR3,IRBR3.SA,170.8235432324596,170.8235432324596,151.8025701042879,158.02696523798056,158.02696523798056,3093517,170.8235432324596,170.8235432324596,151.8025701042879,158.02696523798056,1.0,170.8235432324596,151.8025701042879,0
2021-01-28,IRBR3,IRBR3.SA,164.42525423522008,185.643914220513,161.22979633282512,173.61814419671896,173.61814419671896,8136190,164.42525423522008,185.643914220513,161.22979633282512,173.61814419671896,1.0,185.643914220513,161.22979633282512,0
2021-01-29,IRBR3,IRBR3.SA,169.02169921596953,191.92870433811936,169.02169921596953,182.01802712443913,182.01802712443913,1686397,169.02169921596953,191.92870433811936,169.02169921596953,182.01802712443913,1.0,191.92870433811936,169.02169921596953,0
2021-02-01,IRBR3,IRBR3.SA,175.51986317020433,183.22665024910273,175.249775387084,177.9691645445904,177.9691645445904,1381360,175.51986317020433,183.22665024910273,175.249775387084,177.9691645445904,1.0,183.22665024910273,175.249775387084,0
2021-02-02,IRBR3,IRBR3.SA,176.74451385739735,182.98493171842915,174.52459484836874,177.8483039108367,177.8483039108367,1636453,176.74451385739735,182.98493171842915,174.52459484836874,177.8483039108367,1.0,182.98493171842915,174.52459484836874,0
2021-02-03,IRBR3,IRBR3.SA,177.29640888411703,179.84252712776035,175.00805736366323,176.7605526531484,176.7605526531484,1108429,177.29640888411703,179.84252712776035,175.00805736366323,176.7605526531484,1.0,179.84252712776035,175.00805736366323,0
2021-02-04,IRBR3,IRBR3.SA,177.02848076863273,177.42529240290608,170.65701990932965,173.92029441190834,173.92029441190834,1070091,177.02848076863273,177.42529240290608,170.65701990932965,173.92029441190834,1.0,177.42529240290608,170.65701990932965,0
2021-02-05,IRBR3,IRBR3.SA,175.47438759027054,175.47438759027054,166.7894502087746,169.9922865477358,169.9922865477358,1516204,175.47438759027054,175.47438759027054,166.7894502087746,169.9922865477358,1.0,175.47438759027054,166.7894502087746,0
2021-02-08,IRBR3,IRBR3.SA,172.73333706900317,172.73333706900317,161.47150635188265,164.7952115993645,164.7952115993645,1456308,172.73333706900317,172.73333706900317,161.47150635188265,164.7952115993645,1.0,172.73333706900317,161.47150635188265,0
2021-02-09,IRBR3,IRBR3.SA,168.76427433418382,168.76427433418382,160.02115225425305,162.0153744970665,162.0153744970665,1247669,168.76427433418382,168.76427433418382,160.02115225425305,162.0153744970665,1.0,168.76427433418382,160.02115225425305,0
2021-02-10,IRBR3,IRBR3.SA,165.38982441562516,165.38982441562516,157.60394972129768,160.32333919039772,160.32333919039772,1304688,165.38982441562516,165.38982441562516,157.60394972129768,160.32333919039772,1.0,165.38982441562516,157.60394972129768,0
2021-02-11,IRBR3,IRBR3.SA,162.85658180301144,162.85658180301144,157.60391593408005,159.17511840161367,159.17511840161367,657588,162.85658180301144,162.85658180301144,157.60391593408005,159.17511840161367,1.0,162.85658180301144,157.60391593408005,0
2021-02-12,IRBR3,IRBR3.SA,161.01585010231256,161.95494899062206,156.87875606348396,159.416852527053,159.416852527053,859399,161.01585010231256,161.95494899062206,156.87875606348396,159.416852527053,1.0,161.95494899062206,156.87875606348396,0
2021-02-17,IRBR3,IRBR3.SA,160.21635131468278,164.85565065197443,158.81254882656208,161.95495777495876,161.95495777495876,749257,160.21635131468278,164.85565065197443,158.81254882656208,161.95495777495876,1.0,164.85565065197443,158.81254882656208,0
2021-02-18,IRBR3,IRBR3.SA,161.08565454482078,164.61391279678676,160.02115225425305,162.37795968585795,162.37795968585795,799507,161.08565454482078,164.61391279678676,160.02115225425305,162.37795968585795,1.0,164.61391279678676,160.02115225425305,0
2021-02-19,IRBR3,IRBR3.SA,161.73180711533936,161.73180711533936,150.59394192954312,153.25290773216818,153.25290773216818,1655704,161.73180711533936,161.73180711533936,150.59394192954312,153.25290773216818,1.0,161.73180711533936,150.59394192954312,0
2021-02-22,IRBR3,IRBR3.SA,157.4923574237538,157.4923574237538,146.24292062170701,149.2644642822832,149.2644642822832,1364049,157.4923574237538,157.4923574237538,146.24292062170701,149.2644642822832,1.0,157.4923574237538,146.24292062170701,0
2021-02-23,IRBR3,IRBR3.SA,153.3784108530185,155.4284182486737,148.66014606307198,151.13781541108722,151.13781541108722,965386,153.3784108530185,155.4284182486737,148.66014606307198,151.13781541108722,1.0,155.4284182486737,148.66014606307198,0
2021-02-24,IRBR3,IRBR3.SA,152.25811313205287,154.21980721003777,150.83566356900687,152.52773168506135,152.52773168506135,639912,152.25811313205287,154.21980721003777,150.83566356900687,152.52773168506135,1.0,154.21980721003777,150.83566356900687,0
2021-02-25,IRBR3,IRBR3.SA,152.39292240855713,153.25289541446156,146.24291441923305,149.7479049168473,149.7479049168473,1263320,152.39292240855713,153.25289541446156,146.24291441923305,149.7479049168473,1.0,153.25289541446156,146.24291441923305,0
2021-02-26,IRBR3,IRBR3.SA,151.0704136627022,151.31911251115898,145.0343017578125,147.39110579031743,147.39110579031743,1162419,151.0704136627022,151.31911251115898,145.0343017578125,147.39110579031743,1.0,151.31911251115898,145.0343017578125,0
2021-03-01,IRBR3,IRBR3.SA,149.2307597265098,149.2307597265098,140.19980214017167,144.36953931463907,144.36953931463907,1188323,149.2307597265098,149.2307597265098,140.19980214017167,144.36953931463907,1.0,149.2307597265098,140.19980214017167,0
2021-03-02,IRBR3,IRBR3.SA,146.80014952057445,146.80014952057445,136.332232079138,141.22713984055133,141.22713984055133,1325184,146.80014952057445,146.80014952057445,136.332232079138,141.22713984055133,1.0,146.80014952057445,136.332232079138,0
2021-03-03,IRBR3,IRBR3.SA,144.0136446805629,148.66014564777487,138.26602132991098,142.85877109252044,142.85877109252044,1625835,144.0136446805629,148.66014564777487,138.26602132991098,142.85877109252044,1.0,148.66014564777487,138.26602132991098,0
2021-03-04,IRBR3,IRBR3.SA,143.43620788654167,151.31909286352177,141.65013968058494,145.81988046391365,145.81988046391365,1876629,143.43620788654167,151.31909286352177,141.65013968058494,145.81988046391365,1.0,151.31909286352177,141.65013968058494,0
2021-03-05,IRBR3,IRBR3.SA,144.62804417522767,150.83567401926967,142.1336130531878,146.54507811671937,146.54507811671937,1242699,144.62804417522767,150.83567401926967,142.1336130531878,146.54507811671937,1.0,150.83567401926967,142.1336130531878,0
2021-03-08,IRBR3,IRBR3.SA,145.58656114597352,149.62704535244976,139.232920631838,144.36955212061616,144.36955212061616,1350217,145.58656114597352,149.62704535244976,139.232920631838,144.36955212061616,1.0,149.62704535244976,139.232920631838,0
2021-03-09,IRBR3,IRBR3.SA,144.97805663329484,144.97805663329484,139.7163792901139,141.34801666229552,141.34801666229552,1030797,144.97805663329484,144.97805663329484,139.7163792901139,141.34801666229552,1.0,144.97805663329484,139.7163792901139,0
2021-03-10,IRBR3,IRBR3.SA,143.1630366477952,148.66014291943972,138.99118920926256,143.94652780050532,143.94652780050532,1370171,143.1630366477952,148.66014291943972,138.99118920926256,143.94652780050532,1.0,148.66014291943972,138.99118920926256,0
2021-03-11,IRBR3,IRBR3.SA,143.55478222415024,150.59394349293675,143.55478222415024,147.6932615787836,147.6932615787836,1112037,143.55478222415024,150.59394349293675,143.55478222415024,147.6932615787836,1.0,150.59394349293675,143.55478222415024,0
2021-03-12,IRBR3,IRBR3.SA,145.6240219014669,151.3191090728805,145.6240219014669,148.23713463886435,148.23713463886435,1126950,145.6240219014669,151.3191090728805,145.6240219014669,148.23713463886435,1.0,151.3191090728805,145.6240219014669,0
2021-03-15,IRBR3,IRBR3.SA,146.93057827016563,150.59392986876827,145.2760135072638,147.75367908478293,147.75367908478293,1080107,146.93057827016563,150.59392986876827,145.2760135072638,147.75367908478293,1.0,150.59392986876827,145.2760135072638,0
2021-03-16,IRBR3,IRBR3.SA,147.34212867747428,149.14359264437394,144.7925700617123,146.60549613782132,146.60549613782132,1060462,147.34212867747428,149.14359264437394,144.7925700617123,146.60549613782132,1.0,149.14359264437394,144.7925700617123,0
2021-03-17,IRBR3,IRBR3.SA,146.9738124076478,149.8687800027989,144.30913940809194,147.33068320956312,147.33068320956312,1219804,146.9738124076478,149.8687800027989,144.30913940809194,147.33068320956312,1.0,149.8687800027989,144.30913940809194,0
2021-03-18,IRBR3,IRBR3.SA,147.15224780860547,157.36219782467043,147.15224780860547,150.7147914304615,150.7147914304615,2483338,147.15224780860547,157.36219782467043,147.15224780860547,150.7147914304615,1.0,157.36219782467043,147.15224780860547,0
2021-03-19,IRBR3,IRBR3.SA,148.93351961953348,153.25290619373243,147.2098187038307,150.3522241985796,150.3522241985796,1570326,148.93351961953348,153.25290619373243,147.2098187038307,150.3522241985796,1.0,153.25290619373243,147.2098187038307,0
2021-03-22,IRBR3,IRBR3.SA,149.64287190905654,150.35221362333252,146.4846379018271,148.1162714093372,148.1162714093372,969487,149.64287190905654,150.35221362333252,146.4846379018271,148.1162714093372,1.0,150.35221362333252,146.4846379018271,0
2021-03-23,IRBR3,IRBR3.SA,148.87957165919687,160.2628721441801,148.87957165919687,155.3679685000512,155.3679685000512,2998389,148.87957165919687,160.2628721441801,148.87957165919687,155.3679685000512,1.0,160.2628721441801,148.87957165919687,0
2021-03-24,IRBR3,IRBR3.SA,152.12377007962402,157.6039388491186,145.7594729384963,151.37955152919577,151.37955152919577,2381512,152.12377007962402,157.6039388491186,145.7594729384963,151.37955152919577,1.0,157.6039388491186,145.7594729384963,0
2021-03-25,IRBR3,IRBR3.SA,151.75166080440988,151.75166080440988,144.30913267893825,146.7263676073992,146.7263676073992,1179859,151.75166080440988,151.75166080440988,144.30913267893825,146.7263676073992,1.0,151.75166080440988,144.30913267893825,0
2021-03-26,IRBR3,IRBR3.SA,149.23901420590454,150.11047821147477,146.24290279732517,147.9953979068617,147.9953979068617,1136627,149.23901420590454,150.11047821147477,146.24290279732517,147.9953979068617,1.0,150.11047821147477,146.24290279732517,0
2021-03-29,IRBR3,IRBR3.SA,148.6172060563831,149.14358986405642,146.72635514097288,147.45152555789795,147.45152555789795,796510,148.6172060563831,149.14358986405642,146.72635514097288,147.45152555789795,1.0,149.14358986405642,146.72635514097288,0
2021-03-30,IRBR3,IRBR3.SA,148.03436580714055,150.3522270110343,146.4846509451512,148.11628459794562,148.11628459794562,1053379,148.03436580714055,150.3522270110343,146.4846509451512,148.11628459794562,1.0,150.3522270110343,146.4846509451512,0
2021-03-31,IRBR3,IRBR3.SA,148.07532520254307,151.31910193437153,147.93497330372622,149.14359067181385,149.14359067181385,986232,148.07532520254307,151.31910193437153,147.93497330372622,149.14359067181385,1.0,151.31910193437153,147.93497330372622,0
2021-04-01,IRBR3,IRBR3.SA,148.60945793717846,149.38532531383655,145.7594729384963,147.69326087201108,147.69326087201108,847607,148.60945793717846,149.38532531383655,145.7594729384963,147.69326087201108,1.0,149.38532531383655,145.7594729384963,0
2021-04-05,IRBR3,IRBR3.SA,148.15135940459476,148.1767050585026,146.00119367436199,147.08894936643227,147.08894936643227,808257,148.15135940459476,148.1767050585026,146.00119367436199,147.08894936643227,1.0,148.1767050585026,146.00119367436199,0
2021-04-06,IRBR3,IRBR3.SA,147.6201543855135,147.6201543855135,146.24290819635618,146.90764774520417,146.90764774520417,583768,147.6201543855135,147.6201543855135,146.24290819635618,146.90764774520417,1.0,147.6201543855135,146.24290819635618,0
2021-04-07,IRBR3,IRBR3.SA,147.26390106535882,160.02115683131404,147.26390106535882,153.4946121330088,153.4946121330088,2925678,147.26390106535882,160.02115683131404,147.26390106535882,153.4946121330088,1.0,160.02115683131404,147.26390106535882,0
2021-04-08,IRBR3,IRBR3.SA,150.3792565991838,151.8025460904603,147.6932471145188,149.80832746978282,149.80832746978282,1209367,150.3792565991838,151.8025460904603,147.6932471145188,149.80832746978282,1.0,151.8025460904603,147.6932471145188,0
2021-04-09,IRBR3,IRBR3.SA,150.09379203448333,150.09379203448333,147.4515209517767,148.53927654318477,148.53927654318477,716580,150.09379203448333,150.09379203448333,147.4515209517767,148.53927654318477,1.0,150.09379203448333,147.4515209517767,0
2021-04-12,IRBR3,IRBR3.SA,149.31653428883405,151.31909638789426,148.66013827556344,149.6270321345928,149.6270321345928,953936,149.31653428883405,151.31909638789426,148.66013827556344,149.6270321345928,1.0,151.31909638789426,148.66013827556344,0
2021-04-13,IRBR3,IRBR3.SA,149.47178321171344,152.2860100591514,148.17671062366156,150.17092946735517,150.17092946735517,1188524,149.47178321171344,152.2860100591514,148.17671062366156,150.17092946735517,1.0,152.2860100591514,148.17671062366156,0
2021-04-14,IRBR3,IRBR3.SA,149.8213563395343,158.08738567126412,149.8213563395343,153.97807890781417,153.97807890781417,2045163,149.8213563395343,158.08738567126412,149.8213563395343,153.97807890781417,1.0,158.08738567126412,149.8213563395343,0
2021-04-15,IRBR3,IRBR3.SA,151.89971762367423,155.91187732007512,150.11049859330384,153.19248057884346,153.19248057884346,1255687,151.89971762367423,155.91187732007512,150.11049859330384,153.19248057884346,1.0,155.91187732007512,150.11049859330384,0
2021-04-16,IRBR3,IRBR3.SA,152.54609910125885,152.54609910125885,148.4184148108061,149.7478938669715,149.7478938669715,940466,152.54609910125885,152.54609910125885,148.4184148108061,149.7478938669715,1.0,152.54609910125885,148.4184148108061,0
2021-04-19,IRBR3,IRBR3.SA,151.14699648411516,155.67014531650665,149.38531994079008,151.80255847520212,151.80255847520212,1440114,151.14699648411516,155.67014531650665,149.38531994079008,151.80255847520212,1.0,155.67014531650665,149.38531994079008,0
2021-04-20,IRBR3,IRBR3.SA,151.47477747965866,153.73635103638313,150.35222208950913,151.86299394079217,151.86299394079217,834836,151.47477747965866,153.73635103638313,150.35222208950913,151.86299394079217,1.0,153.73635103638313,150.35222208950913,0
2021-04-22,IRBR3,IRBR3.SA,151.66888571022542,160.2628922743016,151.66888571022542,156.03272389235366,156.03272389235366,1970620,151.66888571022542,160.2628922743016,151.66888571022542,156.03272389235366,1.0,160.2628922743016,151.66888571022542,0
2021-04-23,IRBR3,IRBR3.SA,153.85080480128954,155.1867121330874,152.5277387661466,153.91765632573282,153.91765632573282,822278,153.85080480128954,155.1867121330874,152.5277387661466,153.91765632573282,1.0,155.1867121330874,152.5277387661466,0
2021-04-26,IRBR3,IRBR3.SA,153.88423056351118,157.36222432298734,153.88423056351118,155.54929803202754,155.54929803202754,807526,153.88423056351118,157.36222432298734,153.88423056351118,155.54929803202754,1.0,157.36222432298734,153.88423056351118,0
2021-04-27,IRBR3,IRBR3.SA,154.71676429776937,155.6701352974858,151.31909806576547,153.49461668162564,153.49461668162564,862701,154.71676429776937,155.6701352974858,151.31909806576547,153.49461668162564,1.0,155.6701352974858,151.31909806576547,0
2021-04-28,IRBR3,IRBR3.SA,154.1056904896975,154.1056904896975,149.62705160089328,151.80256306674084,151.80256306674084,719215,154.1056904896975,154.1056904896975,149.62705160089328,151.80256306674084,1.0,154.1056904896975,149.62705160089328,0
2021-04-29,IRBR3,IRBR3.SA,152.95412677821918,152.95412677821918,148.4184175220379,149.86875833707606,149.86875833707606,696662,152.95412677821918,152.95412677821918,148.4184175220379,149.86875833707606,1.0,152.95412677821918,148.4184175220379,0
2021-04-30,IRBR3,IRBR3.SA,151.4114425576476,151.4114425576476,146.24291441923305,147.63282444414904,147.63282444414904,1081649,151.4114425576476,151.4114425576476,146.24291441923305,147.63282444414904,1.0,151.4114425576476,146.24291441923305,0
2021-05-03,IRBR3,IRBR3.SA,149.52213350089832,149.52213350089832,146.242919921875,147.3911065073994,147.3911065073994,939011,149.52213350089832,149.52213350089832,146.242919921875,147.3911065073994,1.0,149.52213350089832,146.242919921875,0
2021-05-04,IRBR3,IRBR3.SA,148.45662000414887,148.45662000414887,144.79257202148438,145.8803276818726,145.8803276818726,737764,148.45662000414887,148.45662000414887,144.79257202148438,145.8803276818726,1.0,148.45662000414887,144.79257202148438,0
2021-05-05,IRBR3,IRBR3.SA,147.16847384301073,149.8687800027989,145.2760334245627,147.5119758376514,147.5119758376514,849660,147.16847384301073,149.8687800027989,145.2760334245627,147.5119758376514,1.0,149.8687800027989,145.2760334245627,0
2021-05-06,IRBR3,IRBR3.SA,147.34022484033108,149.8687602809815,146.48463166866455,147.99540337059176,147.99540337059176,568105,147.34022484033108,149.8687602809815,146.48463166866455,147.99540337059176,1.0,149.8687602809815,146.48463166866455,0
2021-05-07,IRBR3,IRBR3.SA,147.66781410546142,149.86877719938747,146.96809520423463,148.47886707671006,148.47886707671006,627185,147.66781410546142,149.86877719938747,146.96809520423463,148.47886707671006,1.0,149.86877719938747,146.96809520423463,0
2021-05-10,IRBR3,IRBR3.SA,148.07334059108575,150.8356486016278,147.45152011424693,148.9622917603991,148.9622917603991,524186,148.07334059108575,150.8356486016278,147.45152011424693,148.9622917603991,1.0,150.8356486016278,147.45152011424693,0
2021-05-11,IRBR3,IRBR3.SA,148.51781617574244,151.80256306674084,145.75947566160872,148.90188111227744,148.90188111227744,954993,148.51781617574244,151.80256306674084,145.75947566160872,148.90188111227744,1.0,151.80256306674084,145.75947566160872,0
2021-05-12,IRBR3,IRBR3.SA,148.70984864400992,153.97806912232548,148.70984864400992,151.80254682889307,151.80254682889307,1050024,148.70984864400992,153.97806912232548,148.70984864400992,151.80254682889307,1.0,153.97806912232548,148.70984864400992,0
2021-05-13,IRBR3,IRBR3.SA,150.2561977364515,158.5708333686221,150.2561977364515,155.60971317618362,155.60971317618362,1136435,150.2561977364515,158.5708333686221,150.2561977364515,155.60971317618362,1.0,158.5708333686221,150.2561977364515,0
2021-05-14,IRBR3,IRBR3.SA,152.93295545631756,158.3291174647631,148.90188598632812,153.49463997348676,153.49463997348676,1620315,152.93295545631756,158.3291174647631,148.90188598632812,153.49463997348676,1.0,158.3291174647631,148.90188598632812,0
2021-05-17,IRBR3,IRBR3.SA,153.21379771490217,153.21379771490217,147.20980834960938,147.99540966804017,147.99540966804017,850954,153.21379771490217,153.21379771490217,147.20980834960938,147.99540966804017,1.0,153.21379771490217,147.20980834960938,0
2021-05-18,IRBR3,IRBR3.SA,150.60460369147117,150.60460369147117,146.72635514097288,147.45152555789798,147.45152555789798,522354,150.60460369147117,150.60460369147117,146.72635514097288,147.45152555789798,1.0,150.60460369147117,146.72635514097288,0
2021-05-19,IRBR3,IRBR3.SA,149.0280646246846,149.0280646246846,146.24290819635618,146.96807861328125,146.96807861328125,707914,149.0280646246846,149.0280646246846,146.24290819635618,146.96807861328125,1.0,149.0280646246846,146.24290819635618,0
2021-05-20,IRBR3,IRBR3.SA,147.99807161898292,147.99807161898292,146.24291441923305,146.9680848670153,146.9680848670153,604800,147.99807161898292,147.99807161898292,146.24291441923305,146.9680848670153,1.0,147.99807161898292,146.24291441923305,0
2021-05-21,IRBR3,IRBR3.SA,147.4830782429991,147.4830782429991,145.03429275983484,146.18247926853925,146.18247926853925,696179,147.4830782429991,147.4830782429991,145.03429275983484,146.18247926853925,1.0,147.4830782429991,145.03429275983484,0
2021-05-24,IRBR3,IRBR3.SA,146.8327787557692,146.8327787557692,145.03429275983484,145.57817057974745,145.57817057974745,711727,146.8327787557692,146.8327787557692,145.03429275983484,145.57817057974745,1.0,146.8327787557692,145.03429275983484,0
2021-05-25,IRBR3,IRBR3.SA,146.20547466775832,146.24291642942987,145.27602248576298,145.69903858611724,145.69903858611724,595234,146.20547466775832,146.24291642942987,145.27602248576298,145.69903858611724,1.0,146.24291642942987,145.27602248576298,0
2021-05-26,IRBR3,IRBR3.SA,145.95225662693778,146.96808411094912,145.2760197414952,146.12205192622216,146.12205192622216,667567,145.95225662693778,146.96808411094912,145.2760197414952,146.12205192622216,1.0,146.96808411094912,145.2760197414952,0
2021-05-27,IRBR3,IRBR3.SA,146.03715427657997,150.83566284179688,145.75946963148974,148.35799710819458,148.35799710819458,1144855,146.03715427657997,150.83566284179688,145.75946963148974,148.35799710819458,1.0,150.83566284179688,145.75946963148974,0
2021-05-28,IRBR3,IRBR3.SA,147.19757569238726,152.04428298269895,144.79257826729918,148.17670713448572,148.17670713448572,1944266,147.19757569238726,152.04428298269895,144.79257826729918,148.17670713448572,1.0,152.04428298269895,144.79257826729918,0
2021-05-31,IRBR3,IRBR3.SA,147.6871414134365,147.6871414134365,142.85876860317643,144.49041319846367,144.49041319846367,1340993,147.6871414134365,147.6871414134365,142.85876860317643,144.49041319846367,1.0,147.6871414134365,142.85876860317643,0
2021-06-01,IRBR3,IRBR3.SA,146.0887773059501,146.0887773059501,144.06739534590756,144.79256575478058,144.79256575478058,980142,146.0887773059501,146.0887773059501,144.06739534590756,144.79256575478058,1.0,146.0887773059501,144.06739534590756,0
2021-06-02,IRBR3,IRBR3.SA,145.44067153036534,146.7263669052537,144.55085548004953,145.69904206557396,145.69904206557396,869237,145.44067153036534,146.7263669052537,144.55085548004953,145.69904206557396,1.0,146.7263669052537,144.55085548004953,0
2021-06-04,IRBR3,IRBR3.SA,145.56985679796963,148.90187904301408,145.56985679796963,147.08895284666835,147.08895284666835,922199,145.56985679796963,148.90187904301408,145.56985679796963,147.08895284666835,1.0,148.90187904301408,145.56985679796963,0
2021-06-07,IRBR3,IRBR3.SA,146.329404822319,153.49461284874442,146.329404822319,150.29177683057753,150.29177683057753,2303719,146.329404822319,153.49461284874442,146.329404822319,150.29177683057753,1.0,153.49461284874442,146.329404822319,0
2021-06-08,IRBR3,IRBR3.SA,148.31059082644828,152.5277249666793,146.7263613844212,149.6874740461988,149.6874740461988,1284990,148.31059082644828,152.5277249666793,146.7263613844212,149.6874740461988,1.0,152.5277249666793,146.7263613844212,0
2021-06-09,IRBR3,IRBR3.SA,148.99903243632355,148.99903243632355,146.7263676073992,147.6932615787836,147.6932615787836,542200,148.99903243632355,148.99903243632355,146.7263676073992,147.6932615787836,1.0,148.99903243632355,146.7263676073992,0
2021-06-10,IRBR3,IRBR3.SA,148.34614700755355,149.14360253586017,146.7263676073992,147.81412332520665,147.81412332520665,542494,148.34614700755355,149.14360253586017,146.7263676073992,147.81412332520665,1.0,149.14360253586017,146.7263676073992,0
2021-06-11,IRBR3,IRBR3.SA,148.0801351663801,148.0801351663801,146.24290819635618,146.96807861328125,146.96807861328125,497663,148.0801351663801,148.0801351663801,146.24290819635618,146.96807861328125,1.0,148.0801351663801,146.24290819635618,0
2021-06-14,IRBR3,IRBR3.SA,147.52410688983068,148.17670227998573,146.4846379018271,147.33067009090644,147.33067009090644,544575,147.52410688983068,148.17670227998573,146.4846379018271,147.33067009090644,1.0,148.17670227998573,146.4846379018271,0
2021-06-15,IRBR3,IRBR3.SA,147.42738849036857,148.17670856447577,146.7263676073992,147.39110721272596,147.39110721272596,390712,147.42738849036857,148.17670856447577,146.7263676073992,147.39110721272596,1.0,148.17670856447577,146.7263676073992,0
2021-06-16,IRBR3,IRBR3.SA,147.40924785154726,151.8025424551652,147.40924785154726,148.72056829701475,148.72056829701475,1590482,147.40924785154726,151.8025424551652,147.40924785154726,148.72056829701475,1.0,151.8025424551652,147.40924785154726,0
2021-06-17,IRBR3,IRBR3.SA,148.064908074281,153.25288410595303,148.064908074281,149.98961733172885,149.98961733172885,1756830,148.064908074281,153.25288410595303,148.064908074281,149.98961733172885,1.0,153.25288410595303,148.064908074281,0
2021-06-18,IRBR3,IRBR3.SA,149.0272627030049,149.86877301439844,146.9680911002453,148.47886293053338,148.47886293053338,1255739,149.0272627030049,149.86877301439844,146.9680911002453,148.47886293053338,1.0,149.86877301439844,146.9680911002453,0
2021-06-21,IRBR3,IRBR3.SA,148.75306281676916,148.75306281676916,146.7263676073992,147.4515380859375,147.4515380859375,688828,148.75306281676916,148.75306281676916,146.7263676073992,147.4515380859375,1.0,148.75306281676916,146.7263676073992,0
2021-06-22,IRBR3,IRBR3.SA,148.10230045135333,148.10230045135333,144.55084929744353,145.7594667041963,145.7594667041963,1410839,148.10230045135333,148.10230045135333,144.55084929744353,145.7594667041963,1.0,148.10230045135333,144.55084929744353,0
2021-06-23,IRBR3,IRBR3.SA,146.9308835777748,148.418418629971,145.03429003628634,146.30333825891807,146.30333825891807,1064776,146.9308835777748,148.418418629971,145.03429003628634,146.30333825891807,1.0,148.418418629971,145.03429003628634,0
2021-06-24,IRBR3,IRBR3.SA,146.61711091834644,146.96808688718002,145.03429899984624,145.88033120055476,145.88033120055476,705906,146.61711091834644,146.96808688718002,145.03429899984624,145.88033120055476,1.0,146.96808688718002,145.03429899984624,0
2021-06-25,IRBR3,IRBR3.SA,146.2487210594506,146.2487210594506,144.06740158122557,145.03429550157065,145.03429550157065,851565,146.2487210594506,146.2487210594506,144.06740158122557,145.03429550157065,1.0,146.2487210594506,144.06740158122557,0
2021-06-28,IRBR3,IRBR3.SA,145.6415082805106,145.6415082805106,142.61703221214538,143.94651863410215,143.94651863410215,1092396,145.6415082805106,145.6415082805106,142.61703221214538,143.94651863410215,1.0,145.6415082805106,142.61703221214538,0
2021-06-29,IRBR3,IRBR3.SA,144.7940134573064,144.7940134573064,140.92498503461417,142.3148987842127,142.3148987842127,697332,144.7940134573064,144.7940134573064,140.92498503461417,142.3148987842127,1.0,144.7940134573064,140.92498503461417,0
2021-06-30,IRBR3,IRBR3.SA,143.55445612075954,143.55445612075954,138.7494846356685,140.2602565433741,140.2602565433741,944624,143.55445612075954,143.55445612075954,138.7494846356685,140.2602565433741,1.0,143.55445612075954,138.7494846356685,0
2021-07-01,IRBR3,IRBR3.SA,141.90735633206683,141.90735633206683,137.78258997906931,139.1120692517166,139.1120692517166,754830,141.90735633206683,141.90735633206683,137.78258997906931,139.1120692517166,1.0,141.90735633206683,137.78258997906931,0
2021-07-02,IRBR3,IRBR3.SA,140.50971279189173,140.50971279189173,137.2991429708339,138.5077604914224,138.5077604914224,709827,140.50971279189173,140.50971279189173,137.2991429708339,138.5077604914224,1.0,140.50971279189173,137.2991429708339,0
2021-07-05,IRBR3,IRBR3.SA,139.50873664165707,139.50873664165707,137.2991429708339,138.14517523524586,138.14517523524586,426258,139.50873664165707,139.50873664165707,137.2991429708339,138.14517523524586,1.0,139.50873664165707,137.2991429708339,0
2021-07-06,IRBR3,IRBR3.SA,138.82695593845148,138.82695593845148,135.60705920477747,136.99696915628144,136.99696915628144,613927,138.82695593845148,138.82695593845148,135.60705920477747,136.99696915628144,1.0,138.82695593845148,135.60705920477747,0
2021-07-07,IRBR3,IRBR3.SA,137.91196254736644,137.91196254736644,134.39844802232471,136.21137412920905,136.21137412920905,641049,137.91196254736644,137.91196254736644,134.39844802232471,136.21137412920905,1.0,137.91196254736644,134.39844802232471,0
2021-07-08,IRBR3,IRBR3.SA,137.06166833828775,137.06166833828775,133.67328849250939,134.6401824951172,134.6401824951172,594511,137.06166833828775,137.06166833828775,133.67328849250939,134.6401824951172,1.0,137.06166833828775,133.67328849250939,0
2021-07-12,IRBR3,IRBR3.SA,135.85092541670247,136.3322296142578,133.67327144616328,135.24447400003731,135.24447400003731,704086,135.85092541670247,136.3322296142578,133.67327144616328,135.24447400003731,1.0,136.3322296142578,133.67327144616328,0
2021-07-13,IRBR3,IRBR3.SA,135.5476997083699,136.0905234990289,133.91501199316136,135.0631986212581,135.0631986212581,609729,135.5476997083699,136.0905234990289,133.91501199316136,135.0631986212581,1.0,136.0905234990289,133.91501199316136,0
2021-07-14,IRBR3,IRBR3.SA,135.30544916481398,138.26601819209728,134.8818895944715,136.4530921576549,136.4530921576549,767978,135.30544916481398,138.26601819209728,134.8818895944715,136.4530921576549,1.0,138.26601819209728,134.8818895944715,0
2021-07-15,IRBR3,IRBR3.SA,135.87927066123444,138.50774000736052,134.88188798182637,136.4530905262245,136.4530905262245,585235,135.87927066123444,138.50774000736052,134.88188798182637,136.4530905262245,1.0,138.50774000736052,134.88188798182637,0
2021-07-16,IRBR3,IRBR3.SA,136.16618059372948,137.05740833298992,134.88189697265625,135.6070674261008,135.6070674261008,595355,136.16618059372948,137.05740833298992,134.88189697265625,135.6070674261008,1.0,137.05740833298992,134.88189697265625,0
2021-07-19,IRBR3,IRBR3.SA,135.88662400991512,135.88662400991512,132.46464264766212,133.49197482947162,133.49197482947162,911139,135.88662400991512,135.88662400991512,132.46464264766212,133.49197482947162,1.0,135.88662400991512,132.46464264766212,0
2021-07-20,IRBR3,IRBR3.SA,134.68929941969338,134.68929941969338,131.9811996087675,133.25025530417628,133.25025530417628,580157,134.68929941969338,134.68929941969338,131.9811996087675,133.25025530417628,1.0,134.68929941969338,131.9811996087675,0
2021-07-21,IRBR3,IRBR3.SA,133.96977736193483,145.51774873883915,133.96977736193483,140.01853192073895,140.01853192073895,2668347,133.96977736193483,145.51774873883915,133.96977736193483,140.01853192073895,1.0,145.51774873883915,133.96977736193483,0
2021-07-22,IRBR3,IRBR3.SA,136.99415464133688,147.6932489084625,136.99415464133688,144.42997462606814,144.42997462606814,2154670,136.99415464133688,147.6932489084625,136.99415464133688,144.42997462606814,1.0,147.6932489084625,136.99415464133688,0
2021-07-23,IRBR3,IRBR3.SA,140.7120646337025,143.82566806261153,139.47463090690238,141.52928404868894,141.52928404868894,701298,140.7120646337025,143.82566806261153,139.47463090690238,141.52928404868894,1.0,143.82566806261153,139.47463090690238,0
2021-07-26,IRBR3,IRBR3.SA,141.12067434119572,146.96809061586376,139.9580945285865,142.31490228052934,142.31490228052934,1011108,141.12067434119572,146.96809061586376,139.9580945285865,142.31490228052934,1.0,146.96809061586376,139.9580945285865,0
2021-07-27,IRBR3,IRBR3.SA,141.71778831086255,142.6170571891633,138.26603420267296,140.19982219666866,140.19982219666866,736000,141.71778831086255,142.6170571891633,138.26603420267296,140.19982219666866,1.0,142.6170571891633,138.26603420267296,0
2021-07-28,IRBR3,IRBR3.SA,140.9588052537656,142.3753160750575,138.99118750425373,140.50195918764828,140.50195918764828,685332,140.9588052537656,142.3753160750575,138.99118750425373,140.50195918764828,1.0,142.3753160750575,138.99118750425373,0
2021-07-29,IRBR3,IRBR3.SA,140.73038222070693,141.6501660449524,138.2660369873047,139.77680888804028,139.77680888804028,573890,140.73038222070693,141.6501660449524,138.2660369873047,139.77680888804028,1.0,141.6501660449524,138.2660369873047,0
2021-07-30,IRBR3,IRBR3.SA,140.2535955543736,140.2535955543736,135.12362191694447,137.17827155723475,137.17827155723475,1236243,140.2535955543736,140.2535955543736,135.12362191694447,137.17827155723475,1.0,140.2535955543736,135.12362191694447,0
2021-08-02,IRBR3,IRBR3.SA,138.71593355580416,140.4415478650017,137.0574188232422,138.1451745866649,138.1451745866649,691961,138.71593355580416,140.4415478650017,137.0574188232422,138.1451745866649,1.0,140.4415478650017,137.0574188232422,0
2021-08-03,IRBR3,IRBR3.SA,138.43055407123452,138.43055407123452,133.6732897814827,136.1509556870566,136.1509556870566,776214,138.43055407123452,138.43055407123452,133.6732897814827,136.1509556870566,1.0,138.43055407123452,133.6732897814827,0
2021-08-04,IRBR3,IRBR3.SA,137.29075487914557,137.54086800659812,134.15673891126494,135.78837258222916,135.78837258222916,631463,137.29075487914557,137.54086800659812,134.15673891126494,135.78837258222916,1.0,137.54086800659812,134.15673891126494,0
2021-08-05,IRBR3,IRBR3.SA,136.53956373068735,137.78257043321847,135.3653357349507,136.3926604817145,136.3926604817145,753604,136.53956373068735,137.78257043321847,135.3653357349507,136.3926604817145,1.0,137.78257043321847,135.3653357349507,0
2021-08-06,IRBR3,IRBR3.SA,136.4661121062009,142.61706136606122,136.0905266951798,139.05163964770935,139.05163964770935,1403387,136.4661121062009,142.61706136606122,136.0905266951798,139.05163964770935,1.0,142.61706136606122,136.0905266951798,0
2021-08-09,IRBR3,IRBR3.SA,137.75887587695513,142.61704943739036,137.75887587695513,140.92498503461417,140.92498503461417,716347,137.75887587695513,142.61704943739036,137.75887587695513,140.92498503461417,1.0,142.61704943739036,137.75887587695513,0
2021-08-10,IRBR3,IRBR3.SA,139.34193045578465,143.34223188504805,139.34193045578465,141.52930558758098,141.52930558758098,943350,139.34193045578465,143.34223188504805,139.34193045578465,141.52930558758098,1.0,143.34223188504805,139.34193045578465,0
2021-08-11,IRBR3,IRBR3.SA,140.4356180216828,140.92499618276457,138.5077611304356,139.95810216183298,139.95810216183298,458980,140.4356180216828,140.92499618276457,138.5077611304356,139.95810216183298,1.0,140.92499618276457,138.5077611304356,0
2021-08-12,IRBR3,IRBR3.SA,140.1968600917579,140.1968600917579,134.64018592488398,137.35957537649097,137.35957537649097,593302,140.1968600917579,140.1968600917579,134.64018592488398,137.35957537649097,1.0,140.1968600917579,134.64018592488398,0
2021-08-13,IRBR3,IRBR3.SA,138.77821773412444,138.77821773412444,134.15672107765218,135.78835453172138,135.78835453172138,595001,138.77821773412444,138.77821773412444,134.15672107765218,135.78835453172138,1.0,138.77821773412444,134.15672107765218,0
2021-08-16,IRBR3,IRBR3.SA,137.2832861329229,137.2832861329229,131.981201171875,133.73370385432014,133.73370385432014,959998,137.2832861329229,137.2832861329229,131.981201171875,133.73370385432014,1.0,137.2832861329229,131.981201171875,0
2021-08-17,IRBR3,IRBR3.SA,135.50849499362153,135.50849499362153,122.07052069306106,124.7899133890832,124.7899133890832,1383863,135.50849499362153,135.50849499362153,122.07052069306106,124.7899133890832,1.0,135.50849499362153,122.07052069306106,0
2021-08-18,IRBR3,IRBR3.SA,130.14920419135237,130.14920419135237,124.24605226387001,126.42156937061611,126.42156937061611,800226,130.14920419135237,130.14920419135237,124.24605226387001,126.42156937061611,1.0,130.14920419135237,124.24605226387001,0
2021-08-19,IRBR3,IRBR3.SA,128.28538678098425,128.28538678098425,123.52086639404297,124.1251787872946,124.1251787872946,562259,128.28538678098425,128.28538678098425,123.52086639404297,124.1251787872946,1.0,128.28538678098425,123.52086639404297,0
2021-08-20,IRBR3,IRBR3.SA,126.20528278413943,126.20528278413943,122.79569695883603,124.00431805063582,124.00431805063582,622633,126.20528278413943,126.20528278413943,122.79569695883603,124.00431805063582,1.0,126.20528278413943,122.79569695883603,0
2021-08-23,IRBR3,IRBR3.SA,125.10480041738762,126.42155753338294,121.82880401611328,123.76259555566801,123.76259555566801,726109,125.10480041738762,126.42155753338294,121.82880401611328,123.76259555566801,1.0,126.42155753338294,121.82880401611328,0
2021-08-24,IRBR3,IRBR3.SA,124.43369798652782,124.43369798652782,122.31224822998047,122.85612604639502,122.85612604639502,637521,124.43369798652782,124.43369798652782,122.31224822998047,122.85612604639502,1.0,124.43369798652782,122.31224822998047,0
2021-08-25,IRBR3,IRBR3.SA,123.64491201646142,126.90500014346681,122.31224678357833,124.66905433129845,124.66905433129845,816886,123.64491201646142,126.90500014346681,122.31224678357833,124.66905433129845,1.0,126.90500014346681,122.31224678357833,0
2021-08-26,IRBR3,IRBR3.SA,124.15698317387994,128.35534576263072,124.15698317387994,125.99854183137278,125.99854183137278,511154,124.15698317387994,128.35534576263072,124.15698317387994,125.99854183137278,1.0,128.35534576263072,124.15698317387994,0
2021-08-27,IRBR3,IRBR3.SA,125.07776250262636,127.87191289488544,124.97123081365872,126.54243360765653,126.54243360765653,480626,125.07776250262636,127.87191289488544,124.97123081365872,126.54243360765653,1.0,127.87191289488544,124.97123081365872,0
2021-08-30,IRBR3,IRBR3.SA,125.81009805514145,129.08051277626035,125.81009805514145,127.14672498656532,127.14672498656532,443095,125.81009805514145,129.08051277626035,125.81009805514145,127.14672498656532,1.0,129.08051277626035,125.81009805514145,0
2021-08-31,IRBR3,IRBR3.SA,126.47841152085338,131.0142930498501,126.42154731280374,128.29490412659896,128.29490412659896,698518,126.47841152085338,131.0142930498501,126.42154731280374,128.29490412659896,1.0,131.0142930498501,126.42154731280374,0
2021-09-01,IRBR3,IRBR3.SA,127.38665782372618,130.77259068944684,127.38665782372618,128.95966444810702,128.95966444810702,434128,127.38665782372618,130.77259068944684,127.38665782372618,128.95966444810702,1.0,130.77259068944684,127.38665782372618,0
2021-09-02,IRBR3,IRBR3.SA,128.1731611359166,128.3553415396573,123.76258815938874,126.2402593058855,126.2402593058855,419380,128.1731611359166,128.3553415396573,123.76258815938874,126.2402593058855,1.0,128.3553415396573,123.76258815938874,0
2021-09-03,IRBR3,IRBR3.SA,127.20671022090104,127.20671022090104,124.00431571138664,125.15250779869078,125.15250779869078,548387,127.20671022090104,127.20671022090104,124.00431571138664,125.15250779869078,1.0,127.20671022090104,124.00431571138664,0
2021-09-06,IRBR3,IRBR3.SA,126.17960900979591,128.11363640165433,124.72950730688983,126.24027922419542,126.24027922419542,355684,126.17960900979591,128.11363640165433,124.72950730688983,126.24027922419542,1.0,128.11363640165433,124.72950730688983,0
2021-09-08,IRBR3,IRBR3.SA,126.20994411699567,127.3884526158088,122.79569905654161,125.51509378120062,125.51509378120062,706484,126.20994411699567,127.3884526158088,122.79569905654161,125.51509378120062,1.0,127.3884526158088,122.79569905654161,0
2021-09-09,IRBR3,IRBR3.SA,125.86251894909815,127.3884526158088,123.27914601973586,125.15250670657448,125.15250670657448,544233,125.86251894909815,127.3884526158088,123.27914601973586,125.15250670657448,1.0,127.3884526158088,123.27914601973586,0
2021-09-10,IRBR3,IRBR3.SA,125.50751282783631,128.83878429394667,125.50751282783631,127.0862891776637,127.0862891776637,418641,125.50751282783631,128.83878429394667,125.50751282783631,127.0862891776637,1.0,128.83878429394667,125.50751282783631,0
2021-09-13,IRBR3,IRBR3.SA,126.29690100275,134.15672179732067,126.29690100275,130.65172028232078,130.65172028232078,631845,126.29690100275,134.15672179732067,126.29690100275,130.65172028232078,1.0,134.15672179732067,126.29690100275,0
2021-09-14,IRBR3,IRBR3.SA,128.4743106425354,134.6401671315038,128.4743106425354,132.2229249918903,132.2229249918903,409819,128.4743106425354,134.6401671315038,128.4743106425354,132.2229249918903,1.0,134.6401671315038,128.4743106425354,0
2021-09-15,IRBR3,IRBR3.SA,130.34861781721284,131.49774913722032,128.8387908935547,130.04740827703907,130.04740827703907,324690,130.34861781721284,131.49774913722032,128.8387908935547,130.04740827703907,1.0,131.49774913722032,128.8387908935547,0
2021-09-16,IRBR3,IRBR3.SA,130.19801304712595,130.28914796257436,127.14674237457875,128.23449815503878,128.23449815503878,391186,130.19801304712595,130.28914796257436,127.14674237457875,128.23449815503878,1.0,130.28914796257436,127.14674237457875,0
2021-09-17,IRBR3,IRBR3.SA,129.21625560108237,129.21625560108237,124.97121292919103,126.421553762248,126.421553762248,442079,129.21625560108237,129.21625560108237,124.97121292919103,126.421553762248,1.0,129.21625560108237,124.97121292919103,0
2021-09-20,IRBR3,IRBR3.SA,127.81890468166517,127.81890468166517,117.71948869680571,121.043191847711,121.043191847711,1021469,127.81890468166517,127.81890468166517,117.71948869680571,121.043191847711,1.0,127.81890468166517,117.71948869680571,0
2021-09-21,IRBR3,IRBR3.SA,124.43104826468809,124.43104826468809,113.8519178921061,117.35691586030363,117.35691586030363,1015740,124.43104826468809,124.43104826468809,113.8519178921061,117.35691586030363,1.0,124.43104826468809,113.8519178921061,0
2021-09-22,IRBR3,IRBR3.SA,120.89398206249587,120.89398206249587,115.06053864705395,116.51087951660156,116.51087951660156,884712,120.89398206249587,120.89398206249587,115.06053864705395,116.51087951660156,1.0,120.89398206249587,115.06053864705395,0
2021-09-23,IRBR3,IRBR3.SA,118.70243078954871,120.37847046041058,116.51088714610044,118.26338433045991,118.26338433045991,456340,118.70243078954871,120.37847046041058,116.51088714610044,118.26338433045991,1.0,120.37847046041058,116.51088714610044,0
2021-09-24,IRBR3,IRBR3.SA,118.48290756000432,121.5870783843071,117.71949537366432,119.59285601020882,119.59285601020882,401109,118.48290756000432,121.5870783843071,117.71949537366432,119.59285601020882,1.0,121.5870783843071,117.71949537366432,0
2021-09-27,IRBR3,IRBR3.SA,119.03788178510658,122.55397547463758,118.444668881928,120.19716782653369,120.19716782653369,384891,119.03788178510658,122.55397547463758,118.444668881928,120.19716782653369,1.0,122.55397547463758,118.444668881928,0
2021-09-28,IRBR3,IRBR3.SA,119.61752480582012,119.65329639426821,115.060542735261,117.23605596911082,117.23605596911082,410703,119.61752480582012,119.65329639426821,115.060542735261,117.23605596911082,1.0,119.65329639426821,115.060542735261,0
2021-09-29,IRBR3,IRBR3.SA,118.42679038746547,119.65329073748184,115.78570772186012,117.23605042660307,117.23605042660307,322955,118.42679038746547,119.65329073748184,115.78570772186012,117.23605042660307,1.0,119.65329073748184,115.78570772186012,0
2021-09-30,IRBR3,IRBR3.SA,117.83142040703427,117.83142040703427,114.09363419439055,115.78570220022686,115.78570220022686,480822,117.83142040703427,117.83142040703427,114.09363419439055,115.78570220022686,1.0,117.83142040703427,114.09363419439055,0
2021-10-01,IRBR3,IRBR3.SA,116.80856130363057,119.41156768798828,114.81881422972855,117.29648356606913,117.29648356606913,451616,116.80856130363057,119.41156768798828,114.81881422972855,117.29648356606913,1.0,119.41156768798828,114.81881422972855,0
2021-10-04,IRBR3,IRBR3.SA,117.05252243484985,120.13674270179337,115.78571255375957,117.77993316141632,117.77993316141632,489488,117.05252243484985,120.13674270179337,115.78571255375957,117.77993316141632,1.0,120.13674270179337,115.78571255375957,0
2021-10-05,IRBR3,IRBR3.SA,117.4162277981331,119.65329073748184,116.75260162353516,117.6590665085859,117.6590665085859,250822,117.4162277981331,119.65329073748184,116.75260162353516,117.6590665085859,1.0,119.65329073748184,116.75260162353516,0
2021-10-06,IRBR3,IRBR3.SA,117.5376471533595,117.5376471533595,114.33536557904178,116.02743555421478,116.02743555421478,513175,117.5376471533595,117.5376471533595,114.33536557904178,116.02743555421478,1.0,117.5376471533595,114.33536557904178,0
2021-10-07,IRBR3,IRBR3.SA,116.78254135378714,119.41156866461846,116.26915603834362,117.35691354273476,117.35691354273476,341479,116.78254135378714,119.41156866461846,116.26915603834362,117.35691354273476,1.0,119.41156866461846,116.26915603834362,0
2021-10-08,IRBR3,IRBR3.SA,117.06972744826095,125.69638508261156,117.06972744826095,121.04319891777016,121.04319891777016,815733,117.06972744826095,125.69638508261156,117.06972744826095,121.04319891777016,1.0,125.69638508261156,117.06972744826095,0
2021-10-11,IRBR3,IRBR3.SA,119.05646318301555,124.24603661049045,119.05646318301555,122.07052533452226,122.07052533452226,489118,119.05646318301555,124.24603661049045,119.05646318301555,122.07052533452226,1.0,124.24603661049045,119.05646318301555,0
2021-10-13,IRBR3,IRBR3.SA,120.56349425876891,125.93810957483896,120.56349425876891,123.27914761823243,123.27914761823243,587412,120.56349425876891,125.93810957483896,120.56349425876891,123.27914761823243,1.0,125.93810957483896,120.56349425876891,0
2021-10-14,IRBR3,IRBR3.SA,121.92132093850067,125.6963874812115,121.92132093850067,124.48776822833597,124.48776822833597,376828,121.92132093850067,125.6963874812115,121.92132093850067,124.48776822833597,1.0,125.6963874812115,121.92132093850067,0
2021-10-15,IRBR3,IRBR3.SA,123.20454458341831,126.66327723442416,123.20454458341831,124.97120922473029,124.97120922473029,306459,123.20454458341831,126.66327723442416,123.20454458341831,124.97120922473029,1.0,126.66327723442416,123.20454458341831,0
2021-10-18,IRBR3,IRBR3.SA,124.0878769040743,127.87191225621622,122.55398772493895,125.333813595589,125.333813595589,448872,124.0878769040743,127.87191225621622,122.55398772493895,125.333813595589,1.0,127.87191225621622,122.55398772493895,0
2021-10-19,IRBR3,IRBR3.SA,124.71084524983166,129.56396580244166,123.52087126719903,125.93810982218827,125.93810982218827,842871,124.71084524983166,129.56396580244166,123.52087126719903,125.93810982218827,1.0,129.56396580244166,123.52087126719903,0
2021-10-20,IRBR3,IRBR3.SA,125.32447753600997,130.28913517121322,124.48777157831869,126.66328292565413,126.66328292565413,688651,125.32447753600997,130.28913517121322,124.48777157831869,126.66328292565413,1.0,130.28913517121322,124.48777157831869,0
2021-10-21,IRBR3,IRBR3.SA,125.99388023083205,126.90500306534867,120.86190873970182,123.64173242585625,123.64173242585625,981929,125.99388023083205,126.90500306534867,120.86190873970182,123.64173242585625,1.0,126.90500306534867,120.86190873970182,0
2021-10-22,IRBR3,IRBR3.SA,124.81780632834415,124.81780632834415,114.81881237520244,119.7137182475216,119.7137182475216,1239007,124.81780632834415,124.81780632834415,114.81881237520244,119.7137182475216,1.0,124.81780632834415,114.81881237520244,0
2021-10-25,IRBR3,IRBR3.SA,122.26576228793287,124.00431393639894,120.86190873970182,122.07052612304688,122.07052612304688,569438,122.26576228793287,124.00431393639894,120.86190873970182,122.07052612304688,1.0,124.00431393639894,120.86190873970182,0
2021-10-26,IRBR3,IRBR3.SA,122.16814420548988,122.16814420548988,117.23605209106081,119.59285975155082,119.59285975155082,544418,122.16814420548988,122.16814420548988,117.23605209106081,119.59285975155082,1.0,122.16814420548988,117.23605209106081,0
2021-10-27,IRBR3,IRBR3.SA,120.88050197852036,120.88050197852036,116.99432998129065,118.02165664692255,118.02165664692255,501227,120.88050197852036,120.88050197852036,116.99432998129065,118.02165664692255,1.0,120.88050197852036,116.99432998129065,0
2021-10-28,IRBR3,IRBR3.SA,119.45107931272145,119.45107931272145,115.3022689819336,116.7526099377279,116.7526099377279,537633,119.45107931272145,119.45107931272145,115.3022689819336,116.7526099377279,1.0,119.45107931272145,115.3022689819336,0
2021-10-29,IRBR3,IRBR3.SA,118.10184462522467,118.10184462522467,113.12674575501703,115.12096819640783,115.12096819640783,747466,118.10184462522467,118.10184462522467,113.12674575501703,115.12096819640783,1.0,118.10184462522467,113.12674575501703,0
2021-11-01,IRBR3,IRBR3.SA,116.61140641081624,118.92811646974837,114.09363940743354,116.26915630815176,116.26915630815176,655772,116.61140641081624,118.92811646974837,114.09363940743354,116.26915630815176,1.0,118.92811646974837,114.09363940743354,0
2021-11-03,IRBR3,IRBR3.SA,116.440281359484,119.65329014883018,115.54398367800604,117.47777332407294,117.47777332407294,616595,116.440281359484,119.65329014883018,115.54398367800604,117.47777332407294,1.0,119.65329014883018,115.54398367800604,0
2021-11-04,IRBR3,IRBR3.SA,116.95902734177847,120.37846542314824,115.30226485081904,117.53820892978845,117.53820892978845,501512,116.95902734177847,120.37846542314824,115.30226485081904,117.53820892978845,1.0,120.37846542314824,115.30226485081904,0
2021-11-05,IRBR3,IRBR3.SA,117.24861813578346,119.41157290742161,115.30226622210759,116.99433248226424,116.99433248226424,474009,117.24861813578346,119.41157290742161,115.30226622210759,116.99433248226424,1.0,119.41157290742161,115.30226622210759,0
2021-11-08,IRBR3,IRBR3.SA,117.12147530902385,117.12147530902385,114.33536139813758,115.48355348252699,115.48355348252699,368086,117.12147530902385,117.12147530902385,114.33536139813758,115.48355348252699,1.0,117.12147530902385,114.33536139813758,0
2021-11-09,IRBR3,IRBR3.SA,116.30251439577542,119.41156667460062,115.30226020377647,117.1151881127286,117.1151881127286,489110,116.30251439577542,119.41156667460062,115.30226020377647,117.1151881127286,1.0,119.41156667460062,115.30226020377647,0
2021-11-10,IRBR3,IRBR3.SA,116.70885125425201,121.10363522269705,116.70885125425201,118.44467135663952,118.44467135663952,463933,116.70885125425201,121.10363522269705,116.70885125425201,118.44467135663952,1.0,121.10363522269705,116.70885125425201,0
2021-11-11,IRBR3,IRBR3.SA,117.57676130544576,124.48776608811318,117.57676130544576,120.49931953274586,120.49931953274586,907684,117.57676130544576,124.48776608811318,117.57676130544576,120.49931953274586,1.0,124.48776608811318,117.57676130544576,0
2021-11-12,IRBR3,IRBR3.SA,119.03804041909581,119.65329829196814,113.6101962071159,116.45045277930127,116.45045277930127,1120598,119.03804041909581,119.65329829196814,113.6101962071159,116.45045277930127,1.0,119.65329829196814,113.6101962071159,0
2021-11-16,IRBR3,IRBR3.SA,117.74424659919853,117.74424659919853,110.22606658935547,112.52244343969133,112.52244343969133,709658,117.74424659919853,117.74424659919853,110.22606658935547,112.52244343969133,1.0,117.74424659919853,110.22606658935547,0
2021-11-17,IRBR3,IRBR3.SA,115.13334501944493,115.13334501944493,103.94123840332031,107.99011015723906,107.99011015723906,809619,115.13334501944493,115.13334501944493,103.94123840332031,107.99011015723906,1.0,115.13334501944493,103.94123840332031,0
2021-11-18,IRBR3,IRBR3.SA,111.561727588342,111.561727588342,101.7657241821289,103.39736134985615,103.39736134985615,757903,111.561727588342,111.561727588342,101.7657241821289,103.39736134985615,1.0,111.561727588342,101.7657241821289,0
2021-11-19,IRBR3,IRBR3.SA,107.47954446909907,107.47954446909907,99.59021759033203,101.34271472642395,101.34271472642395,662980,107.47954446909907,107.47954446909907,99.59021759033203,101.34271472642395,1.0,107.47954446909907,99.59021759033203,0
2021-11-22,IRBR3,IRBR3.SA,104.41112959776152,104.41112959776152,96.44780592879944,98.56289017203683,98.56289017203683,650096,104.41112959776152,104.41112959776152,96.44780592879944,98.56289017203683,1.0,104.41112959776152,96.44780592879944,0
2021-11-23,IRBR3,IRBR3.SA,101.48700988489918,101.48700988489918,95.72263100549836,97.95857688979606,97.95857688979606,609616,101.48700988489918,101.48700988489918,95.72263100549836,97.95857688979606,1.0,101.48700988489918,95.72263100549836,0
2021-11-24,IRBR3,IRBR3.SA,99.72279338734762,102.24917251309304,97.89814247678494,100.0132284773446,100.0132284773446,464897,99.72279338734762,102.24917251309304,97.89814247678494,100.0132284773446,1.0,102.24917251309304,97.89814247678494,0
2021-11-25,IRBR3,IRBR3.SA,99.86801093234611,103.21605953617086,99.86801093234611,102.06787308619036,102.06787308619036,254470,99.86801093234611,103.21605953617086,99.86801093234611,102.06787308619036,1.0,103.21605953617086,99.86801093234611,0
2021-11-26,IRBR3,IRBR3.SA,100.96794200926823,102.24918092629092,98.38160493927373,99.77151505960802,99.77151505960802,467665,100.96794200926823,102.24918092629092,98.38160493927373,99.77151505960802,1.0,102.24918092629092,98.38160493927373,0
2021-11-29,IRBR3,IRBR3.SA,100.36972853443812,102.97435210313816,100.0736700937406,101.4635802232436,101.4635802232436,277128,100.36972853443812,102.97435210313816,100.0736700937406,101.4635802232436,1.0,102.97435210313816,100.0736700937406,0
2021-11-30,IRBR3,IRBR3.SA,100.91665437884086,104.1829605102539,98.86503692662212,102.12830737465512,102.12830737465512,539469,100.91665437884086,104.1829605102539,98.86503692662212,102.12830737465512,1.0,104.1829605102539,98.86503692662212,0
2021-12-01,IRBR3,IRBR3.SA,101.52248087674799,105.63330638424684,99.59021212144566,102.73262098992384,102.73262098992384,466320,101.52248087674799,105.63330638424684,99.59021212144566,102.73262098992384,1.0,105.63330638424684,99.59021212144566,0
2021-12-02,IRBR3,IRBR3.SA,102.12755093333593,105.14985465032237,101.52399529409433,102.73261446209358,102.73261446209358,494056,102.12755093333593,105.14985465032237,101.52399529409433,102.73261446209358,1.0,105.14985465032237,101.52399529409433,0
2021-12-03,IRBR3,IRBR3.SA,102.43008269771475,105.14986452996486,100.55711088959697,102.30960801435289,102.30960801435289,684987,102.43008269771475,105.14986452996486,100.55711088959697,102.30960801435289,1.0,105.14986452996486,100.55711088959697,0
2021-12-06,IRBR3,IRBR3.SA,102.36984535603382,106.84193140609773,100.79883671054351,103.33693707539005,103.33693707539005,576670,102.36984535603382,106.84193140609773,100.79883671054351,103.33693707539005,1.0,106.84193140609773,100.79883671054351,0
2021-12-07,IRBR3,IRBR3.SA,102.85339121571194,106.60020621115827,101.76572905018556,104.24339850257255,104.24339850257255,521254,102.85339121571194,106.60020621115827,101.76572905018556,104.24339850257255,1.0,106.60020621115827,101.76572905018556,0
2021-12-08,IRBR3,IRBR3.SA,103.54839485914223,105.63331116697661,101.28228102626136,103.75995045299354,103.75995045299354,500825,103.54839485914223,105.63331116697661,101.28228102626136,103.75995045299354,1.0,105.63331116697661,101.28228102626136,0
2021-12-09,IRBR3,IRBR3.SA,103.65417265606789,107.32537599645794,102.97434583815685,104.7268448166733,104.7268448166733,365463,103.65417265606789,107.32537599645794,102.97434583815685,104.7268448166733,1.0,107.32537599645794,102.97434583815685,0
2021-12-10,IRBR3,IRBR3.SA,104.19050873637059,106.11676303254065,104.18297506253433,105.02900729941209,105.02900729941209,293784,104.19050873637059,106.11676303254065,104.18297506253433,105.02900729941209,1.0,106.11676303254065,104.18297506253433,0
2021-12-13,IRBR3,IRBR3.SA,104.60975801789134,108.5339937418435,104.60975801789134,106.53977497592348,106.53977497592348,342592,104.60975801789134,108.5339937418435,104.60975801789134,106.53977497592348,1.0,108.5339937418435,104.60975801789134,0
2021-12-14,IRBR3,IRBR3.SA,105.57476649690742,108.05054460503669,104.90813933983353,106.35848023146576,106.35848023146576,329326,105.57476649690742,108.05054460503669,104.90813933983353,106.35848023146576,1.0,108.05054460503669,104.90813933983353,0
2021-12-15,IRBR3,IRBR3.SA,105.96662336418659,106.3584830194945,102.73262328644564,105.0894328538196,105.0894328538196,418862,105.96662336418659,106.3584830194945,102.73262328644564,105.0894328538196,1.0,106.3584830194945,102.73262328644564,0
2021-12-16,IRBR3,IRBR3.SA,105.52802810900309,108.53399587562109,105.39159048572502,106.66063881625998,106.66063881625998,599312,105.52802810900309,108.53399587562109,105.39159048572502,106.66063881625998,1.0,108.53399587562109,105.39159048572502,0
2021-12-17,IRBR3,IRBR3.SA,106.09433346263154,106.84192999604475,101.52400584507002,104.96857110968203,104.96857110968203,693745,106.09433346263154,106.84192999604475,101.52400584507002,104.96857110968203,1.0,106.84192999604475,101.52400584507002,0
2021-12-20,IRBR3,IRBR3.SA,105.53145228615679,105.53145228615679,101.28228759765625,102.30961247598455,102.30961247598455,387076,105.53145228615679,105.53145228615679,101.28228759765625,102.30961247598455,1.0,105.53145228615679,101.28228759765625,0
2021-12-21,IRBR3,IRBR3.SA,103.92053238107067,103.92053238107067,97.6564151211382,99.77149918551187,99.77149918551187,620572,103.92053238107067,103.92053238107067,97.6564151211382,99.77149918551187,1.0,103.92053238107067,97.6564151211382,0
2021-12-22,IRBR3,IRBR3.SA,101.84601578329128,101.84601578329128,96.44780318301981,97.65642245157142,97.65642245157142,467268,101.84601578329128,101.84601578329128,96.44780318301981,97.65642245157142,1.0,101.84601578329128,96.44780318301981,0
2021-12-23,IRBR3,IRBR3.SA,99.75121911743135,99.75121911743135,94.5140151977539,95.96435609551085,95.96435609551085,384469,99.75121911743135,99.75121911743135,94.5140151977539,95.96435609551085,1.0,99.75121911743135,94.5140151977539,0
2021-12-27,IRBR3,IRBR3.SA,97.8577876064711,97.8577876064711,94.99746228343444,96.08521795812348,96.08521795812348,348602,97.8577876064711,97.8577876064711,94.99746228343444,96.08521795812348,1.0,97.8577876064711,94.99746228343444,0
2021-12-28,IRBR3,IRBR3.SA,96.97150278229729,98.86504125481159,96.68952258826728,97.59598746450716,97.59598746450716,354238,96.97150278229729,98.86504125481159,96.68952258826728,97.59598746450716,1.0,98.86504125481159,96.68952258826728,0
2021-12-29,IRBR3,IRBR3.SA,97.28374512340223,99.59021286372237,94.9974594116211,97.0521126617149,97.0521126617149,478561,97.28374512340223,99.59021286372237,94.9974594116211,97.0521126617149,1.0,99.59021286372237,94.9974594116211,0
2021-12-30,IRBR3,IRBR3.SA,97.16792889255856,97.65642059934096,95.4809092499629,96.44780318301981,96.44780318301981,349546,97.16792889255856,97.65642059934096,95.4809092499629,96.44780318301981,1.0,97.65642059934096,95.4809092499629,0
2022-01-03,IRBR3,IRBR3.SA,96.80786603778918,99.10676878290607,93.78884474887543,96.32694317218055,96.32694317218055,488480,96.80786603778918,99.10676878290607,93.78884474887543,96.32694317218055,1.0,99.10676878290607,93.78884474887543,0
2022-01-04,IRBR3,IRBR3.SA,96.56740460498486,97.89815172497393,91.61333326056106,94.81617336830107,94.81617336830107,557724,96.56740460498486,97.89815172497393,91.61333326056106,94.81617336830107,1.0,97.89815172497393,91.61333326056106,0
2022-01-05,IRBR3,IRBR3.SA,95.69178898664296,95.69178898664296,87.98747253417969,89.92126037115794,89.92126037115794,501388,95.69178898664296,95.69178898664296,87.98747253417969,89.92126037115794,1.0,95.69178898664296,87.98747253417969,0
2022-01-06,IRBR3,IRBR3.SA,92.80652467890044,92.80652467890044,86.53712190151785,87.8061738395919,87.8061738395919,526243,92.80652467890044,92.80652467890044,86.53712190151785,87.8061738395919,1.0,92.80652467890044,86.53712190151785,0
2022-01-07,IRBR3,IRBR3.SA,90.30634925924618,90.30634925924618,86.05368339071032,87.74575157251886,87.74575157251886,419866,90.30634925924618,90.30634925924618,86.05368339071032,87.74575157251886,1.0,90.30634925924618,86.05368339071032,0
2022-01-10,IRBR3,IRBR3.SA,89.02605041588251,89.02605041588251,85.086781627316,86.96014226048537,86.96014226048537,454681,89.02605041588251,89.02605041588251,85.086781627316,86.96014226048537,1.0,89.02605041588251,85.086781627316,0
2022-01-11,IRBR3,IRBR3.SA,87.99309633818393,87.99309633818393,85.32850587947513,86.47669424685984,86.47669424685984,389419,87.99309633818393,87.99309633818393,85.32850587947513,86.47669424685984,1.0,87.99309633818393,85.32850587947513,0
2022-01-12,IRBR3,IRBR3.SA,87.23489529252188,89.43780680983006,87.02056478312052,87.80616788613203,87.80616788613203,334649,87.23489529252188,89.43780680983006,87.02056478312052,87.80616788613203,1.0,89.43780680983006,87.02056478312052,0
2022-01-13,IRBR3,IRBR3.SA,87.52053158932696,88.47091118939113,85.32849884033203,86.65797970569763,86.65797970569763,455469,87.52053158932696,88.47091118939113,85.32849884033203,86.65797970569763,1.0,88.47091118939113,85.32849884033203,0
2022-01-14,IRBR3,IRBR3.SA,87.08925564751229,87.08925564751229,84.11988772862769,85.32850510198807,85.32850510198807,460993,87.08925564751229,87.08925564751229,84.11988772862769,85.32850510198807,1.0,87.08925564751229,84.11988772862769,0
2022-01-17,IRBR3,IRBR3.SA,86.20888037475018,86.537130917596,83.87817243680485,84.84506642981981,84.84506642981981,466436,86.20888037475018,86.537130917596,83.87817243680485,84.84506642981981,1.0,86.537130917596,83.87817243680485,0
2022-01-18,IRBR3,IRBR3.SA,85.526973402285,85.526973402285,80.49402347696932,82.18609140485952,82.18609140485952,584218,85.526973402285,85.526973402285,80.49402347696932,82.18609140485952,1.0,85.526973402285,80.49402347696932,0
2022-01-19,IRBR3,IRBR3.SA,83.85653240357226,83.85653240357226,80.97748287513502,81.70265522057127,81.70265522057127,422731,83.85653240357226,83.85653240357226,80.97748287513502,81.70265522057127,1.0,83.85653240357226,80.97748287513502,0
2022-01-20,IRBR3,IRBR3.SA,82.77959381207177,86.0536782925662,81.21920123477825,83.39471628122892,83.39471628122892,672907,82.77959381207177,86.0536782925662,81.21920123477825,83.39471628122892,1.0,86.0536782925662,81.21920123477825,0
2022-01-21,IRBR3,IRBR3.SA,83.08715504665034,84.84506261487664,80.49403243302518,82.66954752395091,82.66954752395091,805971,83.08715504665034,84.84506261487664,80.49403243302518,82.66954752395091,1.0,84.84506261487664,80.49403243302518,0
2022-01-24,IRBR3,IRBR3.SA,82.87835128530062,82.87835128530062,76.38472747802734,78.2580882523829,78.2580882523829,987606,82.87835128530062,82.87835128530062,76.38472747802734,78.2580882523829,1.0,82.87835128530062,76.38472747802734,0
2022-01-25,IRBR3,IRBR3.SA,80.56821976884177,80.56821976884177,75.1761089210868,77.412054902283,77.412054902283,699811,80.56821976884177,80.56821976884177,75.1761089210868,77.412054902283,1.0,80.56821976884177,75.1761089210868,0
2022-01-26,IRBR3,IRBR3.SA,78.9901373355624,80.73575799771147,78.07679956806275,79.40627878288711,79.40627878288711,647625,78.9901373355624,80.73575799771147,78.07679956806275,79.40627878288711,1.0,80.73575799771147,78.07679956806275,0
2022-01-27,IRBR3,IRBR3.SA,79.19820805922475,80.97748724406769,77.3516345824157,78.92283740246489,78.92283740246489,693568,79.19820805922475,80.97748724406769,77.3516345824157,78.92283740246489,1.0,80.97748724406769,77.3516345824157,0
2022-01-28,IRBR3,IRBR3.SA,79.06052273084482,79.06052273084482,76.38472087322651,77.47248020163492,77.47248020163492,507944,79.06052273084482,79.06052273084482,76.38472087322651,77.47248020163492,1.0,79.06052273084482,76.38472087322651,0
2022-01-31,IRBR3,IRBR3.SA,78.26650146623987,79.04369354248047,76.38472770390962,78.01636684243111,78.01636684243111,721003,78.26650146623987,79.04369354248047,76.38472770390962,78.01636684243111,1.0,79.04369354248047,76.38472770390962,0
2022-02-01,IRBR3,IRBR3.SA,78.14143415433549,82.42782274055769,78.14143415433549,80.1918750611986,80.1918750611986,686650,78.14143415433549,82.42782274055769,78.14143415433549,80.1918750611986,1.0,82.42782274055769,78.14143415433549,0
2022-02-02,IRBR3,IRBR3.SA,79.16665460776704,79.28541301680973,72.51714813007233,75.84084970310339,75.84084970310339,2038527,79.16665460776704,79.28541301680973,72.51714813007233,75.84084970310339,1.0,79.28541301680973,72.51714813007233,0
2022-02-03,IRBR3,IRBR3.SA,77.50375215543522,77.50375215543522,71.30851745605469,72.27541500648245,72.27541500648245,646882,77.50375215543522,77.50375215543522,71.30851745605469,72.27541500648245,1.0,77.50375215543522,71.30851745605469,0
2022-02-04,IRBR3,IRBR3.SA,74.88958358095883,74.88958358095883,67.92439457548994,71.5502505002092,71.5502505002092,1313598,74.88958358095883,74.88958358095883,67.92439457548994,71.5502505002092,1.0,74.88958358095883,67.92439457548994,0
2022-02-07,IRBR3,IRBR3.SA,73.21991704058402,73.48404484095956,71.79198040736627,72.57758175153458,72.57758175153458,498435,73.21991704058402,73.48404484095956,71.79198040736627,72.57758175153458,1.0,73.48404484095956,71.79198040736627,0
2022-02-08,IRBR3,IRBR3.SA,72.8987493960593,74.69266649728176,71.79198444786944,73.30275634860502,73.30275634860502,501512,72.8987493960593,74.69266649728176,71.79198444786944,73.30275634860502,1.0,74.69266649728176,71.79198444786944,0
2022-02-09,IRBR3,IRBR3.SA,73.10075287233215,75.41783142089844,73.10075287233215,74.57179921918058,74.57179921918058,461925,73.10075287233215,75.41783142089844,73.10075287233215,74.57179921918058,1.0,75.41783142089844,73.10075287233215,0
2022-02-10,IRBR3,IRBR3.SA,73.83627604575636,76.14299774169922,73.83627604575636,75.53868905902623,75.53868905902623,446096,73.83627604575636,76.14299774169922,73.83627604575636,75.53868905902623,1.0,76.14299774169922,73.83627604575636,0
2022-02-11,IRBR3,IRBR3.SA,74.68748255239129,82.66955012988831,74.68748255239129,78.01636194617683,78.01636194617683,1224488,74.68748255239129,82.66955012988831,74.68748255239129,78.01636194617683,1.0,82.66955012988831,74.68748255239129,0
2022-02-14,IRBR3,IRBR3.SA,76.35192224928406,78.56024985977785,76.14300741313414,77.1703341563963,77.1703341563963,374438,76.35192224928406,78.56024985977785,76.14300741313414,77.1703341563963,1.0,78.56024985977785,76.14300741313414,0
2022-02-15,IRBR3,IRBR3.SA,76.76112820284018,79.76886262816762,76.76112820284018,78.7415377983163,78.7415377983163,326900,76.76112820284018,79.76886262816762,76.76112820284018,78.7415377983163,1.0,79.76886262816762,76.76112820284018,0
2022-02-16,IRBR3,IRBR3.SA,77.75133300057824,80.73575592041016,77.75133300057824,80.07101633010149,80.07101633010149,375804,77.75133300057824,80.73575592041016,77.75133300057824,80.07101633010149,1.0,80.73575592041016,77.75133300057824,0
2022-02-17,IRBR3,IRBR3.SA,78.91117466533987,81.70265696102221,78.80197486064884,80.0710232795622,80.0710232795622,322067,78.91117466533987,81.70265696102221,78.80197486064884,80.0710232795622,1.0,81.70265696102221,78.80197486064884,0
2022-02-18,IRBR3,IRBR3.SA,79.49109897245103,81.21920425861741,77.59335188697516,79.10412370849276,79.10412370849276,464837,79.49109897245103,81.21920425861741,77.59335188697516,79.10412370849276,1.0,81.21920425861741,77.59335188697516,0
2022-02-21,IRBR3,IRBR3.SA,79.29761134047189,79.29761134047189,75.17610656423506,76.98903638218461,76.98903638218461,451664,79.29761134047189,79.29761134047189,75.17610656423506,76.98903638218461,1.0,79.29761134047189,75.17610656423506,0
2022-02-22,IRBR3,IRBR3.SA,78.14332386132824,79.04368647402009,76.38472087322651,77.41204933363784,77.41204933363784,505915,78.14332386132824,79.04368647402009,76.38472087322651,77.41204933363784,1.0,79.04368647402009,76.38472087322651,0
2022-02-23,IRBR3,IRBR3.SA,77.77768659748304,79.52713093788837,76.38471849111635,77.53290865171476,77.53290865171476,402600,77.77768659748304,79.52713093788837,76.38471849111635,77.53290865171476,1.0,79.52713093788837,76.38471849111635,0
2022-02-24,IRBR3,IRBR3.SA,77.6552976245989,77.6552976245989,72.75887508468315,75.35740448547702,75.35740448547702,796281,77.6552976245989,77.6552976245989,72.75887508468315,75.35740448547702,1.0,77.6552976245989,72.75887508468315,0
2022-02-25,IRBR3,IRBR3.SA,76.50635105503795,76.50635105503795,72.27541927681736,73.78619092296955,73.78619092296955,1439146,76.50635105503795,76.50635105503795,72.27541927681736,73.78619092296955,1.0,76.50635105503795,72.27541927681736,0
2022-03-02,IRBR3,IRBR3.SA,75.14627098900375,75.41782651862212,72.27542140221703,74.20920916615863,74.20920916615863,551083,75.14627098900375,75.41782651862212,72.27542140221703,74.20920916615863,1.0,75.41782651862212,72.27542140221703,0
2022-03-03,IRBR3,IRBR3.SA,74.67774007758119,81.46092202515732,74.67774007758119,77.53291186080284,77.53291186080284,1256081,74.67774007758119,81.46092202515732,74.67774007758119,77.53291186080284,1.0,81.46092202515732,74.67774007758119,0
2022-03-04,IRBR3,IRBR3.SA,76.10532596919202,79.04368598493403,74.69265610714402,76.92860191366219,76.92860191366219,551669,76.10532596919202,79.04368598493403,74.69265610714402,76.92860191366219,1.0,79.04368598493403,74.69265610714402,0
2022-03-07,IRBR3,IRBR3.SA,76.51696394142711,76.51696394142711,71.30851745605469,72.94015452558489,72.94015452558489,706842,76.51696394142711,76.51696394142711,71.30851745605469,72.94015452558489,1.0,76.51696394142711,71.30851745605469,0
2022-03-08,IRBR3,IRBR3.SA,74.72855923350599,74.72855923350599,70.34162806901098,72.51714491703302,72.51714491703302,673365,74.72855923350599,74.72855923350599,70.34162806901098,72.51714491703302,1.0,74.72855923350599,70.34162806901098,0
2022-03-09,IRBR3,IRBR3.SA,73.6228520752695,76.3847274642758,73.48404555012264,74.33007777508398,74.33007777508398,694151,73.6228520752695,76.3847274642758,73.48404555012264,74.33007777508398,1.0,76.3847274642758,73.48404555012264,0
2022-03-10,IRBR3,IRBR3.SA,73.97646492517674,73.97646492517674,72.03370252808968,73.12145821471493,73.12145821471493,656186,73.97646492517674,73.97646492517674,72.03370252808968,73.12145821471493,1.0,73.97646492517674,72.03370252808968,0
2022-03-11,IRBR3,IRBR3.SA,73.54896156994585,73.96748577070183,70.58334977144959,72.21498690339124,72.21498690339124,477476,73.54896156994585,73.96748577070183,70.58334977144959,72.21498690339124,1.0,73.96748577070183,70.58334977144959,0
2022-03-14,IRBR3,IRBR3.SA,72.88197423666854,73.0006004982502,68.891293602087,70.58335994906382,70.58335994906382,449258,72.88197423666854,73.0006004982502,68.891293602087,70.58335994906382,1.0,73.0006004982502,68.891293602087,0
2022-03-15,IRBR3,IRBR3.SA,71.73266709286618,71.73266709286618,68.16611967620467,69.07258275280334,69.07258275280334,384300,71.73266709286618,71.73266709286618,68.16611967620467,69.07258275280334,1.0,71.73266709286618,68.16611967620467,0
2022-03-16,IRBR3,IRBR3.SA,70.40262492283476,71.06679671292542,69.37473241776001,70.22076456534272,70.22076456534272,457594,70.40262492283476,71.06679671292542,69.37473241776001,70.22076456534272,1.0,71.06679671292542,69.37473241776001,0
2022-03-17,IRBR3,IRBR3.SA,70.31169474408874,73.48403988082727,69.85818035894887,71.97326631486486,71.97326631486486,729789,70.31169474408874,73.48403988082727,69.85818035894887,71.97326631486486,1.0,73.48403988082727,69.85818035894887,0
2022-03-18,IRBR3,IRBR3.SA,71.1424805294768,75.65955481684051,71.1424805294768,73.30275082915247,73.30275082915247,2078697,71.1424805294768,75.65955481684051,71.1424805294768,73.30275082915247,1.0,75.65955481684051,71.1424805294768,0
2022-03-21,IRBR3,IRBR3.SA,72.22261567931463,74.4509323691972,71.5502433247837,72.81929709700255,72.81929709700255,596066,72.22261567931463,74.4509323691972,71.5502433247837,72.81929709700255,1.0,74.4509323691972,71.5502433247837,0
2022-03-22,IRBR3,IRBR3.SA,72.5209563881586,75.90127208289513,72.5209563881586,74.14877695361017,74.14877695361017,817726,72.5209563881586,75.90127208289513,72.5209563881586,74.14877695361017,1.0,75.90127208289513,72.5209563881586,0
2022-03-23,IRBR3,IRBR3.SA,73.33486667088438,79.04369550174921,73.33486667088438,76.50559505152933,76.50559505152933,791026,73.33486667088438,79.04369550174921,73.33486667088438,76.50559505152933,1.0,79.04369550174921,73.33486667088438,0
2022-03-24,IRBR3,IRBR3.SA,74.92023086120685,79.28541352387106,74.92023086120685,76.8681749904454,76.8681749904454,1010674,74.92023086120685,79.28541352387106,74.92023086120685,76.8681749904454,1.0,79.28541352387106,74.92023086120685,0
2022-03-25,IRBR3,IRBR3.SA,75.89420292582612,84.36160821996415,75.89420292582612,81.1587685893625,81.1587685893625,1229064,75.89420292582612,84.36160821996415,75.89420292582612,81.1587685893625,1.0,84.36160821996415,75.89420292582612,0
2022-03-28,IRBR3,IRBR3.SA,78.52648575759432,84.11989030220622,78.52648575759432,82.97170191015559,82.97170191015559,381183,78.52648575759432,84.11989030220622,78.52648575759432,82.97170191015559,1.0,84.11989030220622,78.52648575759432,0
2022-03-29,IRBR3,IRBR3.SA,80.74909383387495,87.5040220744033,80.74909383387495,85.38894153323771,85.38894153323771,686080,80.74909383387495,87.5040220744033,80.74909383387495,85.38894153323771,1.0,87.5040220744033,80.74909383387495,0
2022-03-30,IRBR3,IRBR3.SA,83.06901768355632,87.74574552286936,83.06901768355632,85.93281934559421,85.93281934559421,472715,83.06901768355632,87.74574552286936,83.06901768355632,85.93281934559421,1.0,87.74574552286936,83.06901768355632,0
2022-03-31,IRBR3,IRBR3.SA,84.50091851457526,86.0536810907459,83.87816967801572,84.78463276665329,84.78463276665329,375743,84.50091851457526,86.0536810907459,83.87816967801572,84.78463276665329,1.0,86.0536810907459,83.87816967801572,0
2022-04-01,IRBR3,IRBR3.SA,84.64277564061427,87.2622971194807,84.11989179677298,85.2680783569931,85.2680783569931,512243,84.64277564061427,87.2622971194807,84.11989179677298,85.2680783569931,1.0,87.2622971194807,84.11989179677298,0
2022-04-04,IRBR3,IRBR3.SA,84.95542699880369,87.745740648221,84.36161197197679,86.0536763100989,86.0536763100989,426841,84.95542699880369,87.745740648221,84.36161197197679,86.0536763100989,1.0,87.745740648221,84.36161197197679,0
2022-04-05,IRBR3,IRBR3.SA,85.50455165445129,87.50402028052436,82.18609619140625,84.6637656218677,84.6637656218677,591932,85.50455165445129,87.50402028052436,82.18609619140625,84.6637656218677,1.0,87.50402028052436,82.18609619140625,0
2022-04-06,IRBR3,IRBR3.SA,85.0841586381595,85.0841586381595,79.76885525185888,81.52135224001583,81.52135224001583,576742,85.0841586381595,85.0841586381595,79.76885525185888,81.52135224001583,1.0,85.0841586381595,79.76885525185888,0
2022-04-07,IRBR3,IRBR3.SA,83.30275543908766,83.30275543908766,78.07679956806275,80.37317460953537,80.37317460953537,679531,83.30275543908766,83.30275543908766,78.07679956806275,80.37317460953537,1.0,83.30275543908766,78.07679956806275,0
2022-04-08,IRBR3,IRBR3.SA,81.83796502431152,81.83796502431152,77.83506990833236,78.80196380615234,78.80196380615234,370247,81.83796502431152,81.83796502431152,77.83506990833236,78.80196380615234,1.0,81.83796502431152,77.83506990833236,0
2022-04-11,IRBR3,IRBR3.SA,80.31996441523194,80.31996441523194,76.62644820772161,77.53291497783098,77.53291497783098,411458,80.31996441523194,80.31996441523194,76.62644820772161,77.53291497783098,1.0,80.31996441523194,76.62644820772161,0
2022-04-12,IRBR3,IRBR3.SA,78.92643969653146,78.92643969653146,74.69266510009766,76.50559505152933,76.50559505152933,510724,78.92643969653146,78.92643969653146,74.69266510009766,76.50559505152933,1.0,78.92643969653146,74.69266510009766,0
2022-04-13,IRBR3,IRBR3.SA,77.7160173740304,77.7160173740304,73.9674891552426,75.41783004603354,75.41783004603354,527095,77.7160173740304,77.7160173740304,73.9674891552426,75.41783004603354,1.0,77.7160173740304,73.9674891552426,0
2022-04-14,IRBR3,IRBR3.SA,76.56692371003197,76.56692371003197,73.24231583433227,74.51136406395113,74.51136406395113,472792,76.56692371003197,76.56692371003197,73.24231583433227,74.51136406395113,1.0,76.56692371003197,73.24231583433227,0
2022-04-18,IRBR3,IRBR3.SA,75.53914388699155,75.53914388699155,73.00059583774913,73.96748977301857,73.96748977301857,311903,75.53914388699155,75.53914388699155,73.00059583774913,73.96748977301857,1.0,75.53914388699155,73.00059583774913,0
2022-04-19,IRBR3,IRBR3.SA,74.75331683000506,74.75331683000506,72.2754260140064,73.36318170063166,73.36318170063166,584050,74.75331683000506,74.75331683000506,72.2754260140064,73.36318170063166,1.0,74.75331683000506,72.2754260140064,0
2022-04-20,IRBR3,IRBR3.SA,74.05824926531835,74.05824926531835,70.8250732421875,71.79197082959988,71.79197082959988,707047,74.05824926531835,74.05824926531835,70.8250732421875,71.79197082959988,1.0,74.05824926531835,70.8250732421875,0
2022-04-22,IRBR3,IRBR3.SA,72.92511004745911,72.92511004745911,69.61646613872801,70.4624984108793,70.4624984108793,510668,72.92511004745911,72.92511004745911,69.61646613872801,70.4624984108793,1.0,72.92511004745911,69.61646613872801,0
2022-04-26,IRBR3,IRBR3.SA,71.69380422916922,71.69380422916922,67.44094575084146,68.64956312422608,68.64956312422608,594190,71.69380422916922,71.69380422916922,67.44094575084146,68.64956312422608,1.0,71.69380422916922,67.44094575084146,0
2022-04-27,IRBR3,IRBR3.SA,70.17168367669765,70.17168367669765,67.1992250018466,68.34741155313382,68.34741155313382,399587,70.17168367669765,70.17168367669765,67.1992250018466,68.34741155313382,1.0,70.17168367669765,67.1992250018466,0
2022-04-28,IRBR3,IRBR3.SA,69.25954761491573,69.25954761491573,66.47405327968615,67.68267637042561,67.68267637042561,447458,69.25954761491573,69.25954761491573,66.47405327968615,67.68267637042561,1.0,69.25954761491573,66.47405327968615,0
2022-04-29,IRBR3,IRBR3.SA,68.47111199267067,70.5833486463384,66.7157657672603,68.16611212526007,68.16611212526007,828240,68.47111199267067,70.5833486463384,66.7157657672603,68.16611212526007,1.0,70.5833486463384,66.7157657672603,0
2022-05-02,IRBR3,IRBR3.SA,68.31861205896537,68.31861205896537,63.573375270518966,65.80932155620422,65.80932155620422,613855,68.31861205896537,68.31861205896537,63.573375270518966,65.80932155620422,1.0,68.31861205896537,63.573375270518966,0
2022-05-03,IRBR3,IRBR3.SA,67.06396680758479,67.06396680758479,63.08991351128208,64.11723824142753,64.11723824142753,372533,67.06396680758479,67.06396680758479,63.08991351128208,64.11723824142753,1.0,67.06396680758479,63.08991351128208,0
2022-05-04,IRBR3,IRBR3.SA,65.59060252450615,66.23232407194071,61.881297619422085,64.29853525779984,64.29853525779984,439130,65.59060252450615,66.23232407194071,61.881297619422085,64.29853525779984,1.0,66.23232407194071,61.881297619422085,0
2022-05-05,IRBR3,IRBR3.SA,64.944568891153,65.26542170207323,63.331634063702204,64.5402513376841,64.5402513376841,505650,64.944568891153,65.26542170207323,63.331634063702204,64.5402513376841,1.0,65.26542170207323,63.331634063702204,0
2022-05-06,IRBR3,IRBR3.SA,64.74241011441855,66.47404539769518,63.81508713806978,65.14456626788248,65.14456626788248,412302,64.74241011441855,66.47404539769518,63.81508713806978,65.14456626788248,1.0,66.47404539769518,63.81508713806978,0
2022-05-09,IRBR3,IRBR3.SA,64.94348819115052,65.26542170207323,63.815080973294954,64.479820473985,64.479820473985,407923,64.94348819115052,65.26542170207323,63.815080973294954,64.479820473985,1.0,65.26542170207323,63.815080973294954,0
2022-05-10,IRBR3,IRBR3.SA,64.71165433256776,67.44095249383084,63.815092602228916,65.14457369810869,65.14457369810869,352201,64.71165433256776,67.44095249383084,63.815092602228916,65.14457369810869,1.0,67.44095249383084,63.815092602228916,0
2022-05-11,IRBR3,IRBR3.SA,64.92811401533822,64.92811401533822,61.15613035270138,62.606473196633814,62.606473196633814,510166,64.92811401533822,64.92811401533822,61.15613035270138,62.606473196633814,1.0,64.92811401533822,61.15613035270138,0
2022-05-12,IRBR3,IRBR3.SA,63.76729360598602,64.0568115303001,60.43095560188229,62.123021825292625,62.123021825292625,696119,63.76729360598602,64.0568115303001,60.43095560188229,62.123021825292625,1.0,64.0568115303001,60.43095560188229,0
2022-05-13,IRBR3,IRBR3.SA,62.945157715639326,64.78198839757364,62.848200353081,63.51293999337534,63.51293999337534,366186,62.945157715639326,64.78198839757364,62.848200353081,63.51293999337534,1.0,64.78198839757364,62.848200353081,0
2022-05-17,IRBR3,IRBR3.SA,63.22904885450733,63.22904885450733,58.25544186739232,59.82664638518352,59.82664638518352,1669540,63.22904885450733,63.22904885450733,58.25544186739232,59.82664638518352,1.0,63.22904885450733,58.25544186739232,0
2022-05-18,IRBR3,IRBR3.SA,61.52784761984543,61.52784761984543,57.2885410777308,58.920178230155145,58.920178230155145,763595,61.52784761984543,61.52784761984543,57.2885410777308,58.920178230155145,1.0,61.52784761984543,57.2885410777308,0
2022-05-19,IRBR3,IRBR3.SA,60.22401292500029,60.22401292500029,57.288538144859096,58.37629649949289,58.37629649949289,479533,60.22401292500029,60.22401292500029,57.288538144859096,58.37629649949289,1.0,60.22401292500029,57.288538144859096,0
2022-05-20,IRBR3,IRBR3.SA,59.30015471224659,63.33164108550871,58.73888752624151,61.09569517627439,61.09569517627439,1461045,59.30015471224659,63.33164108550871,58.73888752624151,61.09569517627439,1.0,63.33164108550871,58.73888752624151,0
2022-05-23,IRBR3,IRBR3.SA,60.19792494426049,68.89129013748361,60.19792494426049,65.93017371613367,65.93017371613367,1133337,60.19792494426049,68.89129013748361,60.19792494426049,65.93017371613367,1.0,68.89129013748361,60.19792494426049,0
2022-05-24,IRBR3,IRBR3.SA,63.06404933019708,70.5833595183585,63.06404933019708,68.34741525303923,68.34741525303923,661947,63.06404933019708,70.5833595183585,63.06404933019708,68.34741525303923,1.0,70.5833595183585,63.06404933019708,0
2022-05-25,IRBR3,IRBR3.SA,65.70573229161815,71.0668065265939,65.70573229161815,69.25388024571119,69.25388024571119,525974,65.70573229161815,71.0668065265939,65.70573229161815,69.25388024571119,1.0,71.0668065265939,65.70573229161815,0
2022-05-26,IRBR3,IRBR3.SA,67.47980626866467,70.58334757470305,67.47980626866467,69.49559199023636,69.49559199023636,726157,67.47980626866467,70.58334757470305,67.47980626866467,69.49559199023636,1.0,70.58334757470305,67.47980626866467,0
2022-05-27,IRBR3,IRBR3.SA,68.48769912945052,71.55024338470376,67.92439133730213,69.43516302371947,69.43516302371947,648308,68.48769912945052,71.55024338470376,67.92439133730213,69.43516302371947,1.0,71.55024338470376,67.92439133730213,0
2022-05-30,IRBR3,IRBR3.SA,68.961431076585,69.37473354825684,66.95749880148762,68.16611617487223,68.16611617487223,246744,68.961431076585,69.37473354825684,66.95749880148762,68.16611617487223,1.0,69.37473354825684,66.95749880148762,0
2022-05-31,IRBR3,IRBR3.SA,68.56377362572862,74.20921578408013,68.56377362572862,70.64378871965967,70.64378871965967,1025755,68.56377362572862,74.20921578408013,68.56377362572862,70.64378871965967,1.0,74.20921578408013,68.56377362572862,0
2022-06-01,IRBR3,IRBR3.SA,69.60378117269414,73.72576833147288,69.60378117269414,71.85240757553359,71.85240757553359,687305,69.60378117269414,73.72576833147288,69.60378117269414,71.85240757553359,1.0,73.72576833147288,69.60378117269414,0
2022-06-02,IRBR3,IRBR3.SA,70.72809437411387,73.72576660300182,68.89128949715564,71.48982066371339,71.48982066371339,725603,70.72809437411387,73.72576660300182,68.89128949715564,71.48982066371339,1.0,73.72576660300182,68.89128949715564,0
2022-06-03,IRBR3,IRBR3.SA,71.10895751891363,71.10895751891363,67.92438947934004,69.55602285604007,69.55602285604007,409919,71.10895751891363,71.10895751891363,67.92438947934004,69.55602285604007,1.0,71.10895751891363,67.92438947934004,0
2022-06-06,IRBR3,IRBR3.SA,70.33249018747685,72.03370287861424,68.64956665039062,69.97904768163248,69.97904768163248,445638,70.33249018747685,72.03370287861424,68.64956665039062,69.97904768163248,1.0,72.03370287861424,68.64956665039062,0
2022-06-07,IRBR3,IRBR3.SA,70.15576893455466,70.15576893455466,67.1992250018466,67.74310284193001,67.74310284193001,244788,70.15576893455466,70.15576893455466,67.1992250018466,67.74310284193001,1.0,70.15576893455466,67.1992250018466,0
2022-06-08,IRBR3,IRBR3.SA,68.94943588824233,68.94943588824233,65.74888054150868,67.017932613914,67.017932613914,314305,68.94943588824233,68.94943588824233,65.74888054150868,67.017932613914,1.0,68.94943588824233,65.74888054150868,0
2022-06-09,IRBR3,IRBR3.SA,67.98368425107816,68.891286598903,65.99059749385837,67.38051117771145,67.38051117771145,363775,67.98368425107816,68.891286598903,65.99059749385837,67.38051117771145,1.0,68.891286598903,65.99059749385837,0
2022-06-10,IRBR3,IRBR3.SA,67.68209771439481,68.1661139774904,66.2323188334907,67.19921825772087,67.19921825772087,278823,67.68209771439481,68.1661139774904,66.2323188334907,67.19921825772087,1.0,68.1661139774904,66.2323188334907,0
2022-06-13,IRBR3,IRBR3.SA,67.44065798605784,67.44065798605784,62.60646657944892,64.60068517326069,64.60068517326069,451054,67.44065798605784,67.44065798605784,62.60646657944892,64.60068517326069,1.0,67.44065798605784,62.60646657944892,0
2022-06-14,IRBR3,IRBR3.SA,66.02067157965926,66.02067157965926,63.331636977198656,63.99637650846925,63.99637650846925,518691,66.02067157965926,66.02067157965926,63.331636977198656,63.99637650846925,1.0,66.02067157965926,63.331636977198656,0
2022-06-15,IRBR3,IRBR3.SA,65.00852404406426,66.71576196972785,64.29852743847142,65.38628297753681,65.38628297753681,554301,65.00852404406426,66.71576196972785,64.29852743847142,65.38628297753681,1.0,66.71576196972785,64.29852743847142,0
2022-06-17,IRBR3,IRBR3.SA,65.19740351080054,66.4740475579439,64.29853618391508,65.5675844854319,65.5675844854319,509708,65.19740351080054,66.4740475579439,64.29853618391508,65.5675844854319,1.0,66.4740475579439,64.29853618391508,0
2022-06-20,IRBR3,IRBR3.SA,65.38249399811622,67.4409503254391,64.78198451471069,66.11146556784438,66.11146556784438,295990,65.38249399811622,67.4409503254391,64.78198451471069,66.11146556784438,1.0,67.4409503254391,64.78198451471069,0
2022-06-21,IRBR3,IRBR3.SA,65.7469797829803,68.4078369140625,64.29853059995585,66.77619982077826,66.77619982077826,632937,65.7469797829803,68.4078369140625,64.29853059995585,66.77619982077826,1.0,68.4078369140625,64.29853059995585,0
2022-06-22,IRBR3,IRBR3.SA,66.26158980187928,66.26158980187928,60.91440064102821,63.27120636438835,63.27120636438835,1310103,66.26158980187928,66.26158980187928,60.91440064102821,63.27120636438835,1.0,66.26158980187928,60.91440064102821,0
2022-06-23,IRBR3,IRBR3.SA,64.76639808313382,64.76639808313382,58.98060607910156,60.24965610366827,60.24965610366827,687691,64.76639808313382,64.76639808313382,58.98060607910156,60.24965610366827,1.0,64.76639808313382,58.98060607910156,0
2022-06-24,IRBR3,IRBR3.SA,62.50802709340105,62.50802709340105,58.49716430419558,59.222335678319766,59.222335678319766,460418,62.50802709340105,62.50802709340105,58.49716430419558,59.222335678319766,1.0,62.50802709340105,58.49716430419558,0
2022-06-27,IRBR3,IRBR3.SA,60.86518138586041,60.86518138586041,55.59647750854492,57.409405438434064,57.409405438434064,957516,60.86518138586041,60.86518138586041,55.59647750854492,57.409405438434064,1.0,60.86518138586041,55.59647750854492,0
2022-06-28,IRBR3,IRBR3.SA,59.13729341214724,59.13729341214724,53.17924118041992,54.56915308162497,54.56915308162497,746590,59.13729341214724,59.13729341214724,53.17924118041992,54.56915308162497,1.0,59.13729341214724,53.17924118041992,0
2022-06-29,IRBR3,IRBR3.SA,56.8532232468861,56.8532232468861,51.003721785112425,52.51449530204536,52.51449530204536,621681,56.8532232468861,56.8532232468861,51.003721785112425,52.51449530204536,1.0,56.8532232468861,51.003721785112425,0
2022-06-30,IRBR3,IRBR3.SA,54.68385927446573,54.68385927446573,49.06993103027344,50.2181193635994,50.2181193635994,843036,54.68385927446573,54.68385927446573,49.06993103027344,50.2181193635994,1.0,54.68385927446573,49.06993103027344,0
2022-07-01,IRBR3,IRBR3.SA,52.450989319032566,52.450989319032566,47.861315128196495,50.39941534125816,50.39941534125816,739218,52.450989319032566,52.450989319032566,47.861315128196495,50.39941534125816,1.0,52.450989319032566,47.861315128196495,0
2022-07-04,IRBR3,IRBR3.SA,51.42520233014537,52.937517836206105,49.795108795166016,51.24545157197148,51.24545157197148,324658,51.42520233014537,52.937517836206105,49.795108795166016,51.24545157197148,1.0,52.937517836206105,49.795108795166016,0
2022-07-05,IRBR3,IRBR3.SA,51.33532695105842,51.33532695105842,48.828209498742844,49.976397877644686,49.976397877644686,489167,51.33532695105842,51.33532695105842,48.828209498742844,49.976397877644686,1.0,51.33532695105842,48.828209498742844,0
2022-07-06,IRBR3,IRBR3.SA,50.65586241435155,52.45407126708431,50.278556158933085,51.305881914568715,51.305881914568715,431087,50.65586241435155,52.45407126708431,50.278556158933085,51.305881914568715,1.0,52.45407126708431,50.278556158933085,0
2022-07-07,IRBR3,IRBR3.SA,50.98087216446014,54.14613512753266,50.98087216446014,53.05837943703083,53.05837943703083,435699,50.98087216446014,54.14613512753266,50.98087216446014,53.05837943703083,1.0,54.14613512753266,50.98087216446014,0
2022-07-08,IRBR3,IRBR3.SA,52.01962580074549,55.11302627272553,52.01962580074549,53.48139015125023,53.48139015125023,450310,52.01962580074549,55.11302627272553,52.01962580074549,53.48139015125023,1.0,55.11302627272553,52.01962580074549,0
2022-07-11,IRBR3,IRBR3.SA,52.75050797599786,52.75050797599786,50.2785530090332,51.42674136350072,51.42674136350072,292238,52.75050797599786,52.75050797599786,50.2785530090332,51.42674136350072,1.0,52.75050797599786,50.2785530090332,0
2022-07-12,IRBR3,IRBR3.SA,52.088624669749294,52.454071044921875,49.79510896943451,51.36631349545331,51.36631349545331,502685,52.088624669749294,52.454071044921875,49.79510896943451,51.36631349545331,1.0,52.454071044921875,49.79510896943451,0
2022-07-13,IRBR3,IRBR3.SA,51.7274690826013,53.420962700592774,51.24544769521617,51.97061905496997,51.97061905496997,389342,51.7274690826013,53.420962700592774,51.24544769521617,51.97061905496997,1.0,53.420962700592774,51.24544769521617,0
2022-07-14,IRBR3,IRBR3.SA,51.84904406878564,51.97062183331559,50.52027726157758,51.30587949080126,51.30587949080126,344335,51.84904406878564,51.97062183331559,50.52027726157758,51.30587949080126,1.0,51.97062183331559,50.52027726157758,0
2022-07-15,IRBR3,IRBR3.SA,51.57746177979345,51.970619354982745,50.03682791970276,51.24544617758001,51.24544617758001,539497,51.57746177979345,51.970619354982745,50.03682791970276,51.24544617758001,1.0,51.970619354982745,50.03682791970276,0
2022-07-18,IRBR3,IRBR3.SA,51.41145397868673,55.35475455320502,50.52027755829841,52.212344691738764,52.212344691738764,686252,51.41145397868673,55.35475455320502,50.52027755829841,52.212344691738764,1.0,55.35475455320502,50.52027755829841,0
2022-07-19,IRBR3,IRBR3.SA,51.81189933521274,52.69579207731023,50.52027707976296,51.608034578536596,51.608034578536596,384156,51.81189933521274,52.69579207731023,50.52027707976296,51.608034578536596,1.0,52.69579207731023,50.52027707976296,0
2022-07-20,IRBR3,IRBR3.SA,51.709966956874666,52.69578975404,51.003721785112425,51.7288940364,51.7288940364,711325,51.709966956874666,52.69578975404,51.003721785112425,51.7288940364,1.0,52.69578975404,51.003721785112425,0
2022-07-21,IRBR3,IRBR3.SA,51.71943049663733,54.1461340434877,51.24544855576235,52.39363694720164,52.39363694720164,697742,51.71943049663733,54.1461340434877,51.24544855576235,52.39363694720164,1.0,54.1461340434877,51.24544855576235,0
2022-07-22,IRBR3,IRBR3.SA,52.056533721919486,52.056533721919486,48.103041219326784,49.13036790467724,49.13036790467724,1960372,52.056533721919486,52.056533721919486,48.103041219326784,49.13036790467724,1.0,52.056533721919486,48.103041219326784,0
2022-07-25,IRBR3,IRBR3.SA,50.59345081329836,50.59345081329836,45.44407517587039,47.19657217943201,47.19657217943201,1476689,50.59345081329836,50.59345081329836,45.44407517587039,47.19657217943201,1.0,50.59345081329836,45.44407517587039,0
2022-07-26,IRBR3,IRBR3.SA,48.895011496365186,48.895011496365186,45.6858022409259,46.10881927134753,46.10881927134753,397554,48.895011496365186,48.895011496365186,45.6858022409259,46.10881927134753,1.0,48.895011496365186,45.6858022409259,0
2022-07-27,IRBR3,IRBR3.SA,47.50191538385636,47.61959213179298,46.41097473454685,47.07571337691701,47.07571337691701,373534,47.50191538385636,47.61959213179298,46.41097473454685,47.07571337691701,1.0,47.61959213179298,46.41097473454685,0
2022-07-28,IRBR3,IRBR3.SA,47.28881438038668,48.10304049136119,45.927525408510405,47.136145619294915,47.136145619294915,497205,47.28881438038668,48.10304049136119,45.927525408510405,47.136145619294915,1.0,48.10304049136119,45.927525408510405,0
2022-07-29,IRBR3,IRBR3.SA,47.212479999840795,47.37786775233143,46.169246673583984,46.77355721295771,46.77355721295771,453777,47.212479999840795,47.37786775233143,46.169246673583984,46.77355721295771,1.0,47.37786775233143,46.169246673583984,0
2022-08-01,IRBR3,IRBR3.SA,46.993018606399254,47.13614687443734,45.92752572910098,46.531836301769154,46.531836301769154,577935,46.993018606399254,47.13614687443734,45.92752572910098,46.531836301769154,1.0,47.13614687443734,45.92752572910098,0
2022-08-02,IRBR3,IRBR3.SA,46.762427454084204,49.31166008802245,46.16925092130452,47.498732933682085,47.498732933682085,751989,46.762427454084204,49.31166008802245,46.16925092130452,47.498732933682085,1.0,49.31166008802245,46.16925092130452,0
2022-08-03,IRBR3,IRBR3.SA,47.13058019388315,51.970619354982745,47.13058019388315,50.1576887267638,50.1576887267638,981206,47.13058019388315,51.970619354982745,47.13058019388315,50.1576887267638,1.0,51.970619354982745,47.13058019388315,0
2022-08-04,IRBR3,IRBR3.SA,48.64413446032347,54.8713050785425,48.64413446032347,53.05837536246723,53.05837536246723,707392,48.64413446032347,54.8713050785425,48.64413446032347,53.05837536246723,1.0,54.8713050785425,48.64413446032347,0
2022-08-05,IRBR3,IRBR3.SA,50.85125491139535,56.563371721309366,50.85125491139535,54.871305520816456,54.871305520816456,704439,50.85125491139535,56.563371721309366,50.85125491139535,54.871305520816456,1.0,56.563371721309366,50.85125491139535,0
2022-08-08,IRBR3,IRBR3.SA,52.861280216105904,57.288542945372974,52.861280216105904,55.95906379628302,55.95906379628302,691495,52.861280216105904,57.288542945372974,52.861280216105904,55.95906379628302,1.0,57.288542945372974,52.861280216105904,0
2022-08-09,IRBR3,IRBR3.SA,54.41017200619446,56.80509539816054,53.17923950617952,55.05259832196203,55.05259832196203,747614,54.41017200619446,56.80509539816054,53.17923950617952,55.05259832196203,1.0,56.80509539816054,53.17923950617952,0
2022-08-10,IRBR3,IRBR3.SA,54.73138516407825,59.947499924691215,54.73138516407825,57.40940172778809,57.40940172778809,1191738,54.73138516407825,59.947499924691215,54.73138516407825,57.40940172778809,1.0,59.947499924691215,54.73138516407825,0
2022-08-11,IRBR3,IRBR3.SA,56.07039344593316,60.18923098086867,54.38785641897828,57.409405438434064,57.409405438434064,1339410,56.07039344593316,60.18923098086867,54.38785641897828,57.409405438434064,1.0,60.18923098086867,54.38785641897828,0
2022-08-12,IRBR3,IRBR3.SA,56.739899442183614,58.01371455974976,55.113029202208345,56.2612166160013,56.2612166160013,1203493,56.739899442183614,58.01371455974976,55.113029202208345,56.2612166160013,1.0,58.01371455974976,55.113029202208345,0
2022-08-15,IRBR3,IRBR3.SA,56.50055802909246,56.50055802909246,47.61959108886539,49.79510513460764,49.79510513460764,2353901,56.50055802909246,56.50055802909246,47.61959108886539,49.79510513460764,1.0,56.50055802909246,47.61959108886539,0
2022-08-16,IRBR3,IRBR3.SA,53.14783158185005,53.17923903132944,47.61959165118689,50.33898447200576,50.33898447200576,1957873,53.14783158185005,53.17923903132944,47.61959165118689,50.33898447200576,1.0,53.17923903132944,47.61959165118689,0
2022-08-17,IRBR3,IRBR3.SA,51.74340802692791,53.66268346113519,50.520274703363775,51.91018648302001,51.91018648302001,1314763,51.74340802692791,53.66268346113519,50.520274703363775,51.91018648302001,1.0,53.66268346113519,50.520274703363775,0
2022-08-18,IRBR3,IRBR3.SA,51.82679725497396,52.93751555431983,50.76200055677257,52.15191332792341,52.15191332792341,963783,51.82679725497396,52.93751555431983,50.76200055677257,52.15191332792341,1.0,52.93751555431983,50.76200055677257,0
2022-08-19,IRBR3,IRBR3.SA,51.98935529144869,53.904411640754475,51.0037260949553,52.51450066566467,52.51450066566467,1210624,51.98935529144869,53.904411640754475,51.0037260949553,52.51450066566467,1.0,53.904411640754475,51.0037260949553,0
2022-08-22,IRBR3,IRBR3.SA,52.25192797855668,53.17923922271324,51.24544769521617,52.091481720024944,52.091481720024944,985762,52.25192797855668,53.17923922271324,51.24544769521617,52.091481720024944,1.0,53.17923922271324,51.24544769521617,0
2022-08-23,IRBR3,IRBR3.SA,52.17170484929081,52.93751322039242,51.245445251464844,51.84975576957621,51.84975576957621,1643913,52.17170484929081,52.93751322039242,51.245445251464844,51.84975576957621,1.0,52.93751322039242,51.245445251464844,0
2022-08-24,IRBR3,IRBR3.SA,52.01073030943351,63.510084131661614,52.01073030943351,60.59677573585884,60.59677573585884,1931126,52.01073030943351,63.510084131661614,52.01073030943351,60.59677573585884,1.0,63.510084131661614,52.01073030943351,0
2022-08-25,IRBR3,IRBR3.SA,56.30375302264618,62.92742464360459,56.30375302264618,60.086947784756504,60.086947784756504,2123909,56.30375302264618,62.92742464360459,56.30375302264618,60.086947784756504,1.0,62.92742464360459,56.30375302264618,0
2022-08-26,IRBR3,IRBR3.SA,58.19535040370134,61.17944362219392,56.518153420442815,58.84879759520307,58.84879759520307,1614556,58.19535040370134,61.17944362219392,56.518153420442815,58.84879759520307,1.0,61.17944362219392,56.518153420442815,0
2022-08-29,IRBR3,IRBR3.SA,58.5220739994522,58.5220739994522,53.89617388593577,55.42565971639468,55.42565971639468,1673436,58.5220739994522,58.5220739994522,53.89617388593577,55.42565971639468,1.0,58.5220739994522,53.89617388593577,0
2022-08-30,IRBR3,IRBR3.SA,56.97386685792344,56.97386685792344,48.94355179697742,52.22101983192509,52.22101983192509,1547159,56.97386685792344,56.97386685792344,48.94355179697742,52.22101983192509,1.0,56.97386685792344,48.94355179697742,0
2022-08-31,IRBR3,IRBR3.SA,54.597443344924265,54.597443344924265,47.77823257446289,49.01638760214284,49.01638760214284,1123526,54.597443344924265,54.597443344924265,47.77823257446289,49.01638760214284,1.0,54.597443344924265,47.77823257446289,0
2022-09-01,IRBR3,IRBR3.SA,51.80691547353355,51.80691547353355,40.494963106178886,44.20942889331127,44.20942889331127,3060376,51.80691547353355,51.80691547353355,40.494963106178886,44.20942889331127,1.0,51.80691547353355,40.494963106178886,0
2022-09-02,IRBR3,IRBR3.SA,48.00817218342241,48.00817218342241,31.463709638670423,34.304181624715405,34.304181624715405,7249349,48.00817218342241,48.00817218342241,31.463709638670423,34.304181624715405,1.0,48.00817218342241,31.463709638670423,0
2022-09-05,IRBR3,IRBR3.SA,41.15617690406891,41.15617690406891,32.04637209574382,34.08568705410087,34.08568705410087,6162663,41.15617690406891,41.15617690406891,32.04637209574382,34.08568705410087,1.0,41.15617690406891,32.04637209574382,0
2022-09-06,IRBR3,IRBR3.SA,37.62093197908489,37.62093197908489,34.085686661271225,35.54234185294855,35.54234185294855,4630089,37.62093197908489,37.62093197908489,34.085686661271225,35.54234185294855,1.0,37.62093197908489,34.085686661271225,0
2022-09-08,IRBR3,IRBR3.SA,36.58163691601672,38.455643413819644,34.668347275565374,35.979333687949406,35.979333687949406,4487173,36.58163691601672,38.455643413819644,34.668347275565374,35.979333687949406,1.0,38.455643413819644,34.668347275565374,0
2022-09-09,IRBR3,IRBR3.SA,36.28048530198306,37.2903248254356,35.251008044903195,36.34349891272692,36.34349891272692,3061966,36.28048530198306,37.2903248254356,35.251008044903195,36.34349891272692,1.0,37.2903248254356,35.251008044903195,0
2022-09-12,IRBR3,IRBR3.SA,36.311992107354996,37.290330392805565,36.125006873443894,36.85333268387194,36.85333268387194,2131063,36.311992107354996,37.290330392805565,36.125006873443894,36.85333268387194,1.0,37.290330392805565,36.125006873443894,0
2022-09-13,IRBR3,IRBR3.SA,36.58266239561347,37.581655617601164,36.12500232780624,36.70766308805508,36.70766308805508,1851979,36.58266239561347,37.581655617601164,36.12500232780624,36.70766308805508,1.0,37.581655617601164,36.12500232780624,0
2022-09-14,IRBR3,IRBR3.SA,36.64516274183427,36.70766093814785,34.377017974853516,35.542339456500684,35.542339456500684,2328399,36.64516274183427,36.70766093814785,34.377017974853516,35.542339456500684,1.0,36.70766093814785,34.377017974853516,0
2022-09-15,IRBR3,IRBR3.SA,36.09375109916748,36.09375109916748,34.08568436303856,34.44984952557687,34.44984952557687,2823973,36.09375109916748,36.09375109916748,34.08568436303856,34.44984952557687,1.0,36.09375109916748,34.08568436303856,0
2022-09-16,IRBR3,IRBR3.SA,35.27180031237218,35.83367209793424,34.08568520187045,34.8140136926405,34.8140136926405,2165156,35.27180031237218,35.83367209793424,34.08568520187045,34.8140136926405,1.0,35.83367209793424,34.08568520187045,0
2022-09-19,IRBR3,IRBR3.SA,35.04290700250634,35.5423369823345,34.377017373308995,35.105342128949935,35.105342128949935,774433,35.04290700250634,35.5423369823345,34.377017373308995,35.105342128949935,1.0,35.5423369823345,34.377017373308995,0
2022-09-20,IRBR3,IRBR3.SA,35.07412456572814,36.12500148005434,34.95967813467308,35.46950732980618,35.46950732980618,1386326,35.07412456572814,36.12500148005434,34.95967813467308,35.46950732980618,1.0,36.12500148005434,34.95967813467308,0
2022-09-21,IRBR3,IRBR3.SA,35.27181594776716,36.125000491307944,34.959677177821746,35.542338834564845,35.542338834564845,1392786,35.27181594776716,36.125000491307944,34.959677177821746,35.542338834564845,1.0,36.125000491307944,34.959677177821746,0
2022-09-22,IRBR3,IRBR3.SA,35.407077391166,35.407077391166,33.21169662475586,34.08568825125354,34.08568825125354,2262379,35.407077391166,35.407077391166,33.21169662475586,34.08568825125354,1.0,35.407077391166,33.21169662475586,0
2022-09-23,IRBR3,IRBR3.SA,34.74638282120977,34.74638282120977,32.0463723022085,32.55620058202483,32.55620058202483,997493,34.74638282120977,34.74638282120977,32.0463723022085,32.55620058202483,1.0,34.74638282120977,32.0463723022085,0
2022-09-26,IRBR3,IRBR3.SA,33.651291701617296,33.794353071714596,32.04636999471326,32.62903071167533,32.62903071167533,1460183,33.651291701617296,33.794353071714596,32.04636999471326,32.62903071167533,1.0,33.794353071714596,32.04636999471326,0
2022-09-27,IRBR3,IRBR3.SA,33.14016120664631,33.14016120664631,30.589716841306924,31.900705076380426,31.900705076380426,1551379,33.14016120664631,33.14016120664631,30.589716841306924,31.900705076380426,1.0,33.14016120664631,30.589716841306924,0
2022-09-28,IRBR3,IRBR3.SA,32.520433141513365,32.520433141513365,30.29838795954914,30.808215294071054,30.808215294071054,1283516,32.520433141513365,32.520433141513365,30.29838795954914,30.808215294071054,1.0,32.520433141513365,30.29838795954914,0
2022-09-29,IRBR3,IRBR3.SA,31.66432421779221,31.66432421779221,29.133066589885914,30.007058217136393,30.007058217136393,1615869,31.66432421779221,31.66432421779221,29.133066589885914,30.007058217136393,1.0,31.66432421779221,29.133066589885914,0
2022-09-30,IRBR3,IRBR3.SA,30.8356912174643,32.04637145996094,29.424394872344706,30.881048583582345,30.881048583582345,1391586,30.8356912174643,32.04637145996094,29.424394872344706,30.881048583582345,1.0,32.04637145996094,29.424394872344706,0
2022-10-03,IRBR3,IRBR3.SA,30.85836990052332,34.37701904233529,30.85836990052332,32.92036390364083,32.92036390364083,2109249,30.85836990052332,34.37701904233529,30.85836990052332,32.92036390364083,1.0,34.37701904233529,30.85836990052332,0
2022-10-04,IRBR3,IRBR3.SA,31.889366902082077,33.50302432832264,30.29838795954914,31.827873667575616,31.827873667575616,2280096,31.889366902082077,33.50302432832264,30.29838795954914,31.827873667575616,1.0,33.50302432832264,30.29838795954914,0
2022-10-05,IRBR3,IRBR3.SA,31.858620284828845,31.858620284828845,29.715726296436586,30.6625508044081,30.6625508044081,1337863,31.858620284828845,31.858620284828845,29.715726296436586,30.6625508044081,1.0,31.858620284828845,29.715726296436586,0
2022-10-06,IRBR3,IRBR3.SA,31.260585544618472,32.920365755871266,30.298389099343854,31.6822089805925,31.6822089805925,2061886,31.260585544618472,32.920365755871266,30.298389099343854,31.6822089805925,1.0,32.920365755871266,30.298389099343854,0
2022-10-07,IRBR3,IRBR3.SA,31.471397262605485,33.21169331145393,31.17237663269043,32.04636909811115,32.04636909811115,1087516,31.471397262605485,33.21169331145393,31.17237663269043,32.04636909811115,1.0,33.21169331145393,31.17237663269043,0
2022-10-10,IRBR3,IRBR3.SA,31.758883180358318,32.04637487694102,31.17238135305816,31.68221152606669,31.68221152606669,797529,31.758883180358318,32.04637487694102,31.17238135305816,31.68221152606669,1.0,32.04637487694102,31.17238135305816,0
2022-10-11,IRBR3,IRBR3.SA,31.720547353212503,33.21169479939712,31.720547353212503,32.19203734044806,32.19203734044806,1119549,31.720547353212503,33.21169479939712,31.720547353212503,32.19203734044806,1.0,33.21169479939712,31.720547353212503,0
2022-10-13,IRBR3,IRBR3.SA,31.95629234683028,32.33769991991805,31.17237663269043,31.682205802381304,31.682205802381304,1013459,31.95629234683028,32.33769991991805,31.17237663269043,31.682205802381304,1.0,32.33769991991805,31.17237663269043,0
2022-10-14,IRBR3,IRBR3.SA,31.819249074605793,31.819249074605793,30.007057189941406,30.80821723463033,30.80821723463033,812113,31.819249074605793,31.819249074605793,30.007057189941406,30.80821723463033,1.0,31.819249074605793,30.007057189941406,0
2022-10-17,IRBR3,IRBR3.SA,31.313733154618063,31.313733154618063,30.298388383479963,30.735383247755976,30.735383247755976,810723,31.313733154618063,31.313733154618063,30.298388383479963,30.735383247755976,1.0,31.313733154618063,30.298388383479963,0
2022-10-18,IRBR3,IRBR3.SA,31.02455820118702,31.75504493713379,30.88105141325093,31.390880660144166,31.390880660144166,686479,31.02455820118702,31.75504493713379,30.88105141325093,31.390880660144166,1.0,31.75504493713379,30.88105141325093,0
2022-10-19,IRBR3,IRBR3.SA,31.20771943066559,31.75504012853455,30.881046736998677,31.318043432766615,31.318043432766615,504006,31.20771943066559,31.75504012853455,30.881046736998677,31.318043432766615,1.0,31.75504012853455,30.881046736998677,0
2022-10-20,IRBR3,IRBR3.SA,31.262881431716103,31.463712817780568,30.007057662957695,30.735384777311516,30.735384777311516,841443,31.262881431716103,31.463712817780568,30.007057662957695,30.735384777311516,1.0,31.463712817780568,30.007057662957695,0
2022-10-21,IRBR3,IRBR3.SA,30.99913310451381,31.463711726010114,29.715726712214888,30.589718756054904,30.589718756054904,1284856,30.99913310451381,31.463711726010114,29.715726712214888,30.589718756054904,1.0,31.463711726010114,29.715726712214888,0
2022-10-24,IRBR3,IRBR3.SA,30.794425930284355,30.794425930284355,28.25907325744629,29.278730248730298,29.278730248730298,3289843,30.794425930284355,30.794425930284355,28.25907325744629,29.278730248730298,1.0,30.794425930284355,28.25907325744629,0
2022-10-25,IRBR3,IRBR3.SA,30.036578089507326,30.036578089507326,26.219758987426758,27.385081423867128,27.385081423867128,2225909,30.036578089507326,30.036578089507326,26.219758987426758,27.385081423867128,1.0,30.036578089507326,26.219758987426758,0
2022-10-26,IRBR3,IRBR3.SA,28.710829756687225,28.710829756687225,24.76310581423459,25.855595313569683,25.855595313569683,1916766,28.710829756687225,28.710829756687225,24.76310581423459,25.855595313569683,1.0,28.710829756687225,24.76310581423459,0
2022-10-27,IRBR3,IRBR3.SA,27.283212535128456,28.550405255617168,25.05443684932658,26.511090660652744,26.511090660652744,2597069,27.283212535128456,28.550405255617168,25.05443684932658,26.511090660652744,1.0,28.550405255617168,25.05443684932658,0
2022-10-28,IRBR3,IRBR3.SA,26.8971515978906,28.259075326855665,26.802421978587134,27.38508322528302,27.38508322528302,1793869,26.8971515978906,28.259075326855665,26.802421978587134,27.38508322528302,1.0,28.259075326855665,26.802421978587134,0
2022-10-31,IRBR3,IRBR3.SA,27.14111741158681,28.841733507558047,26.511086953720003,27.38507987446684,27.38507987446684,2222329,27.14111741158681,28.841733507558047,26.511086953720003,27.38507987446684,1.0,28.841733507558047,26.511086953720003,0
2022-11-01,IRBR3,IRBR3.SA,27.263098643026822,29.42439609824966,27.263098643026822,28.477572003154332,28.477572003154332,2257446,27.263098643026822,29.42439609824966,27.263098643026822,28.477572003154332,1.0,29.42439609824966,27.263098643026822,0
2022-11-03,IRBR3,IRBR3.SA,27.87033532309058,31.172380259952728,27.87033532309058,29.715728296707997,29.715728296707997,2046349,27.87033532309058,31.172380259952728,27.87033532309058,29.715728296707997,1.0,31.172380259952728,27.87033532309058,0
2022-11-04,IRBR3,IRBR3.SA,28.79303180989929,30.58971754285276,27.967741012573242,29.20589680211972,29.20589680211972,2040963,28.79303180989929,30.58971754285276,27.967741012573242,29.20589680211972,1.0,30.58971754285276,27.967741012573242,0
2022-11-07,IRBR3,IRBR3.SA,28.999464306009507,28.999464306009507,26.8024186990649,27.749243166975248,27.749243166975248,1666656,28.999464306009507,28.999464306009507,26.8024186990649,27.749243166975248,1.0,28.999464306009507,26.8024186990649,0
2022-11-08,IRBR3,IRBR3.SA,28.374353736492377,28.374353736492377,26.802421978587134,27.312250280035016,27.312250280035016,868426,28.374353736492377,28.374353736492377,26.802421978587134,27.312250280035016,1.0,28.374353736492377,26.802421978587134,0
2022-11-09,IRBR3,IRBR3.SA,27.8433020082637,27.8433020082637,26.21975940577914,26.802420633296045,26.802420633296045,939106,27.8433020082637,27.8433020082637,26.21975940577914,26.802420633296045,1.0,27.8433020082637,26.21975940577914,0
2022-11-10,IRBR3,IRBR3.SA,27.32286132077987,27.32286132077987,24.76310581423459,25.564264934766193,25.564264934766193,1818133,27.32286132077987,27.32286132077987,24.76310581423459,25.564264934766193,1.0,27.32286132077987,24.76310581423459,0
2022-11-11,IRBR3,IRBR3.SA,26.443563127773032,26.443563127773032,23.306454552961295,24.4717770953863,24.4717770953863,2454273,26.443563127773032,26.443563127773032,23.306454552961295,24.4717770953863,1.0,26.443563127773032,23.306454552961295,0
2022-11-14,IRBR3,IRBR3.SA,25.457670111579667,27.967740123753636,24.180442252112247,25.928426241375636,25.928426241375636,2899813,25.457670111579667,27.967740123753636,24.180442252112247,25.928426241375636,1.0,27.967740123753636,24.180442252112247,0
2022-11-16,IRBR3,IRBR3.SA,25.693048176477653,28.550403980083203,25.05443572998047,26.58392195516482,26.58392195516482,2215459,25.693048176477653,28.550403980083203,25.05443572998047,26.58392195516482,1.0,28.550403980083203,25.05443572998047,0
2022-11-17,IRBR3,IRBR3.SA,26.138485065821236,26.138485065821236,23.015122311216267,24.0347788550853,24.0347788550853,3119256,26.138485065821236,26.138485065821236,23.015122311216267,24.0347788550853,1.0,26.138485065821236,23.015122311216267,0
2022-11-18,IRBR3,IRBR3.SA,25.086631960453268,25.086631960453268,21.558469772338867,23.087955565698188,23.087955565698188,3992263,25.086631960453268,25.086631960453268,21.558469772338867,23.087955565698188,1.0,25.086631960453268,21.558469772338867,0
2022-11-21,IRBR3,IRBR3.SA,24.087293763075728,24.087293763075728,21.558470036523662,22.43246166454911,22.43246166454911,2204199,24.087293763075728,24.087293763075728,21.558470036523662,22.43246166454911,1.0,24.087293763075728,21.558470036523662,0
2022-11-22,IRBR3,IRBR3.SA,23.25987771381242,23.306452378666002,22.141129018840534,22.650958220292978,22.650958220292978,1078786,23.25987771381242,23.306452378666002,22.141129018840534,22.650958220292978,1.0,23.306452378666002,22.141129018840534,0
2022-11-23,IRBR3,IRBR3.SA,22.955417967052696,22.955417967052696,22.141130447387695,22.359628822981303,22.359628822981303,972133,22.955417967052696,22.955417967052696,22.141130447387695,22.359628822981303,1.0,22.955417967052696,22.141130447387695,0
2022-11-24,IRBR3,IRBR3.SA,22.657523395017,23.88911541790094,22.432462061348815,23.01512331135814,23.01512331135814,1609183,22.657523395017,23.88911541790094,22.432462061348815,23.01512331135814,1.0,23.88911541790094,22.432462061348815,0
2022-11-25,IRBR3,IRBR3.SA,22.83632335318757,24.471776194765766,22.723791122436523,23.30645281321294,23.30645281321294,2051569,22.83632335318757,24.471776194765766,22.723791122436523,23.30645281321294,1.0,24.471776194765766,22.723791122436523,0
2022-11-28,IRBR3,IRBR3.SA,23.071388083200254,23.306453006969384,21.558469772338867,22.359628909230395,22.359628909230395,1726699,23.071388083200254,23.306453006969384,21.558469772338867,22.359628909230395,1.0,23.306453006969384,21.558469772338867,0
2022-11-29,IRBR3,IRBR3.SA,22.715508496215325,22.715508496215325,21.267137998413467,21.704134270128712,21.704134270128712,1465879,22.715508496215325,22.715508496215325,21.267137998413467,21.704134270128712,1.0,22.715508496215325,21.267137998413467,0
2022-11-30,IRBR3,IRBR3.SA,22.20982138317202,22.20982138317202,21.26713654666819,21.77696526400505,21.77696526400505,1077689,22.20982138317202,22.20982138317202,21.26713654666819,21.77696526400505,1.0,22.20982138317202,21.26713654666819,0
2022-12-01,IRBR3,IRBR3.SA,21.993393323588535,21.993393323588535,20.393146514892578,20.83014278947485,20.83014278947485,1663923,21.993393323588535,21.993393323588535,20.393146514892578,20.83014278947485,1.0,21.993393323588535,20.393146514892578,0
2022-12-02,IRBR3,IRBR3.SA,21.41176805653169,21.41176805653169,19.51915489184328,20.247481553089443,20.247481553089443,1630016,21.41176805653169,21.41176805653169,19.51915489184328,20.247481553089443,1.0,21.41176805653169,19.51915489184328,0
2022-12-05,IRBR3,IRBR3.SA,20.829624804810567,20.97580836863354,19.22782325744629,20.02898286854497,20.02898286854497,1621173,20.829624804810567,20.97580836863354,19.22782325744629,20.02898286854497,1.0,20.97580836863354,19.22782325744629,0
2022-12-06,IRBR3,IRBR3.SA,20.429303836677768,20.429303836677768,18.353832856524118,19.519156341985905,19.519156341985905,1629419,20.429303836677768,20.429303836677768,18.353832856524118,19.519156341985905,1.0,20.429303836677768,18.353832856524118,0
2022-12-07,IRBR3,IRBR3.SA,19.974230089331837,20.97580727944264,19.519154021873437,19.956149813921158,19.956149813921158,1701176,19.974230089331837,20.97580727944264,19.519154021873437,19.956149813921158,1.0,20.97580727944264,19.519154021873437,0
2022-12-08,IRBR3,IRBR3.SA,19.9651899516265,20.393146514892578,18.936493192400253,19.88331775940874,19.88331775940874,1432799,19.9651899516265,20.393146514892578,18.936493192400253,19.88331775940874,1.0,20.393146514892578,18.936493192400253,0
2022-12-09,IRBR3,IRBR3.SA,19.92425385551762,23.01512001949753,19.92425385551762,21.121470687094195,21.121470687094195,2634203,19.92425385551762,23.01512001949753,19.92425385551762,21.121470687094195,1.0,23.01512001949753,19.92425385551762,0
2022-12-12,IRBR3,IRBR3.SA,20.522862271305907,22.141130204058484,19.810485211878202,20.90297522560932,20.90297522560932,1327496,20.522862271305907,22.141130204058484,19.810485211878202,20.90297522560932,1.0,22.141130204058484,19.810485211878202,0
2022-12-13,IRBR3,IRBR3.SA,20.712918748457614,21.849799837384907,20.393146514892578,20.902975270376416,20.902975270376416,2024879,20.712918748457614,21.849799837384907,20.393146514892578,20.902975270376416,1.0,21.849799837384907,20.393146514892578,0
2022-12-14,IRBR3,IRBR3.SA,20.807947009417013,20.975808214335604,19.810484815449552,20.393146514892578,20.393146514892578,2017216,20.807947009417013,20.975808214335604,19.810484815449552,20.393146514892578,1.0,20.975808214335604,19.810484815449552,0
2022-12-15,IRBR3,IRBR3.SA,20.600546762154796,21.55846690059845,20.101813781699374,20.757307407369424,20.757307407369424,1371999,20.600546762154796,21.55846690059845,20.101813781699374,20.757307407369424,1.0,21.55846690059845,20.101813781699374,0
2022-12-16,IRBR3,IRBR3.SA,20.67892708476211,21.55846690059845,20.101813781699374,20.902972811870843,20.902972811870843,3415909,20.67892708476211,21.55846690059845,20.101813781699374,20.902972811870843,1.0,21.55846690059845,20.101813781699374,0
2022-12-19,IRBR3,IRBR3.SA,20.790949948316474,22.723790698753266,20.68447574517391,21.704133685021194,21.704133685021194,1601019,20.790949948316474,22.723790698753266,20.68447574517391,21.704133685021194,1.0,22.723790698753266,20.68447574517391,0
2022-12-20,IRBR3,IRBR3.SA,21.247541816668836,24.180443811033673,21.247541816668836,23.08795386307525,23.08795386307525,1678366,21.247541816668836,24.180443811033673,21.247541816668836,23.08795386307525,1.0,24.180443811033673,21.247541816668836,0
2022-12-21,IRBR3,IRBR3.SA,22.167747839872042,30.298389994373547,22.167747839872042,27.457914890521376,27.457914890521376,7077739,22.167747839872042,30.298389994373547,22.167747839872042,27.457914890521376,1.0,30.298389994373547,22.167747839872042,0
2022-12-22,IRBR3,IRBR3.SA,24.812831365196708,30.007057482048,24.812831365196708,28.404739229302656,28.404739229302656,2704053,24.812831365196708,30.007057482048,24.812831365196708,28.404739229302656,1.0,30.007057482048,24.812831365196708,0
2022-12-23,IRBR3,IRBR3.SA,26.608785297249682,28.25907439667472,26.21975940577914,27.239416438169318,27.239416438169318,1276406,26.608785297249682,28.25907439667472,26.21975940577914,27.239416438169318,1.0,28.25907439667472,26.21975940577914,0
2022-12-26,IRBR3,IRBR3.SA,26.924100867709498,27.093750583228232,25.05443562487118,26.21975852436915,26.21975852436915,1154086,26.924100867709498,27.093750583228232,25.05443562487118,26.21975852436915,1.0,27.093750583228232,25.05443562487118,0
2022-12-27,IRBR3,IRBR3.SA,26.571929696039327,26.802419726624866,25.345766500745583,26.074092650627634,26.074092650627634,879336,26.571929696039327,26.802419726624866,25.345766500745583,26.074092650627634,1.0,26.802419726624866,25.345766500745583,0
2022-12-28,IRBR3,IRBR3.SA,26.32301117333348,27.385080337524414,25.34576552903127,26.36542293327784,26.36542293327784,1267229,26.32301117333348,27.385080337524414,25.34576552903127,26.36542293327784,1.0,27.385080337524414,25.34576552903127,0
2022-12-29,IRBR3,IRBR3.SA,26.344217053305663,27.67641238061513,25.05443572998047,26.29259157636133,26.29259157636133,4980639,26.344217053305663,27.67641238061513,25.05443572998047,26.29259157636133,1.0,27.67641238061513,25.05443572998047,0
2023-01-02,IRBR3,IRBR3.SA,26.318404314833494,26.318404314833494,24.76310628016817,25.3457675117959,25.3457675117959,1109543,26.318404314833494,26.318404314833494,24.76310628016817,25.3457675117959,1.0,26.318404314833494,24.76310628016817,0
2023-01-03,IRBR3,IRBR3.SA,25.832085913314696,26.511089511993738,25.05443620139561,25.637097896080952,25.637097896080952,1221363,25.832085913314696,26.511089511993738,25.05443620139561,25.637097896080952,1.0,26.511089511993738,25.05443620139561,0
2023-01-04,IRBR3,IRBR3.SA,25.734591904697822,29.133064831958983,25.63709668167783,27.166582863190232,27.166582863190232,3038476,25.734591904697822,29.133064831958983,25.63709668167783,27.166582863190232,1.0,29.133064831958983,25.63709668167783,0
2023-01-05,IRBR3,IRBR3.SA,26.450587383944026,29.424396894132187,26.450587383944026,28.040576954169282,28.040576954169282,1783826,26.450587383944026,29.424396894132187,26.450587383944026,28.040576954169282,1.0,29.424396894132187,26.450587383944026,0
2023-01-06,IRBR3,IRBR3.SA,27.245582169056654,30.007057358766154,26.80242086644149,28.18624121204147,28.18624121204147,2121683,27.245582169056654,30.007057358766154,26.80242086644149,28.18624121204147,1.0,30.007057358766154,26.80242086644149,0
2023-01-09,IRBR3,IRBR3.SA,27.715911690549063,32.337701454562136,27.715911690549063,29.861391203915964,29.861391203915964,2610709,27.715911690549063,32.337701454562136,27.715911690549063,29.861391203915964,1.0,32.337701454562136,27.715911690549063,0
2023-01-10,IRBR3,IRBR3.SA,28.788651447232514,36.99898578789458,28.788651447232514,33.72151736925464,33.72151736925464,3980816,28.788651447232514,36.99898578789458,28.788651447232514,33.72151736925464,1.0,36.99898578789458,28.788651447232514,0
2023-01-11,IRBR3,IRBR3.SA,31.255084408243576,39.32963848114014,31.255084408243576,36.343499448350684,36.343499448350684,4845879,31.255084408243576,39.32963848114014,31.255084408243576,36.343499448350684,1.0,39.32963848114014,31.255084408243576,0
2023-01-12,IRBR3,IRBR3.SA,33.79929192829713,35.542338707937816,32.629032135009766,33.86718798417332,33.86718798417332,2846346,33.79929192829713,35.542338707937816,32.629032135009766,33.86718798417332,1.0,35.542338707937816,32.629032135009766,0
2023-01-13,IRBR3,IRBR3.SA,33.833239956235225,34.377018138833314,31.46371164247323,32.55620065249307,32.55620065249307,2296286,33.833239956235225,34.377018138833314,31.46371164247323,32.55620065249307,1.0,34.377018138833314,31.46371164247323,0
2023-01-16,IRBR3,IRBR3.SA,33.19472030436415,33.21169834063111,30.88105141325093,31.973542391989213,31.973542391989213,1127226,33.19472030436415,33.21169834063111,30.88105141325093,31.973542391989213,1.0,33.21169834063111,30.88105141325093,0
2023-01-17,IRBR3,IRBR3.SA,32.58413134817668,33.2116956722719,30.881048932145113,32.192037260408824,32.192037260408824,1394826,32.58413134817668,33.2116956722719,30.881048932145113,32.192037260408824,1.0,33.2116956722719,30.881048932145113,0
2023-01-18,IRBR3,IRBR3.SA,32.388084304292754,34.08568566289839,31.463712692260742,32.5562017387315,32.5562017387315,1098893,32.388084304292754,34.08568566289839,31.463712692260742,32.5562017387315,1.0,34.08568566289839,31.463712692260742,0
2023-01-19,IRBR3,IRBR3.SA,32.472143021512125,32.62903127744864,31.46371164247323,31.90070650558901,31.90070650558901,863003,32.472143021512125,32.62903127744864,31.46371164247323,31.90070650558901,1.0,32.62903127744864,31.46371164247323,0
2023-01-20,IRBR3,IRBR3.SA,32.18642476355057,32.18642476355057,28.841736664879253,30.589719919380208,30.589719919380208,1680213,32.18642476355057,32.18642476355057,28.841736664879253,30.589719919380208,1.0,32.18642476355057,28.841736664879253,0
2023-01-23,IRBR3,IRBR3.SA,31.38807234146539,31.38807234146539,29.133067048352473,29.788561242163453,29.788561242163453,766209,31.38807234146539,31.38807234146539,29.133067048352473,29.788561242163453,1.0,31.38807234146539,29.133067048352473,0
2023-01-24,IRBR3,IRBR3.SA,30.58831679181442,30.58831679181442,26.802421978587134,27.894911989788532,27.894911989788532,2478649,30.58831679181442,30.58831679181442,26.802421978587134,27.894911989788532,1.0,30.58831679181442,26.802421978587134,0
2023-01-25,IRBR3,IRBR3.SA,29.241614390801477,29.241614390801477,20.878695390795944,23.476393260420895,23.476393260420895,7739300,29.241614390801477,29.241614390801477,20.878695390795944,23.476393260420895,1.0,29.241614390801477,20.878695390795944,0
2023-01-26,IRBR3,IRBR3.SA,26.359003825611186,26.359003825611186,21.85950990179726,22.50286499189069,22.50286499189069,4945100,26.359003825611186,26.359003825611186,21.85950990179726,22.50286499189069,1.0,26.359003825611186,21.85950990179726,0
2023-01-27,IRBR3,IRBR3.SA,24.430934408750936,25.79247283935547,22.791767018128915,24.335819600011718,24.335819600011718,4811900,24.430934408750936,25.79247283935547,22.791767018128915,24.335819600011718,1.0,25.79247283935547,22.791767018128915,0
2023-01-30,IRBR3,IRBR3.SA,24.383377004381327,27.76381151269685,24.277554533506837,25.520565529367733,25.520565529367733,4509100,24.383377004381327,27.76381151269685,24.277554533506837,25.520565529367733,1.0,27.76381151269685,24.277554533506837,0
2023-01-31,IRBR3,IRBR3.SA,24.95197126687453,26.01583000289076,23.704605625182836,24.86750078450909,24.86750078450909,3477800,24.95197126687453,26.01583000289076,23.704605625182836,24.86750078450909,1.0,26.01583000289076,23.704605625182836,0
2023-02-01,IRBR3,IRBR3.SA,24.90973602569181,25.792474841521337,24.31640085209975,24.94518866015615,24.94518866015615,2438300,24.90973602569181,25.792474841521337,24.31640085209975,24.94518866015615,1.0,25.792474841521337,24.31640085209975,0
2023-02-02,IRBR3,IRBR3.SA,24.92746234292398,25.17096757451396,23.617203778115748,24.21443183575605,24.21443183575605,2510900,24.92746234292398,25.17096757451396,23.617203778115748,24.21443183575605,1.0,25.17096757451396,23.617203778115748,0
2023-02-03,IRBR3,IRBR3.SA,24.570947089340017,24.570947089340017,22.45188376328396,23.187492923131547,23.187492923131547,2782700,24.570947089340017,24.570947089340017,22.45188376328396,23.187492923131547,1.0,24.570947089340017,22.45188376328396,0
2023-02-06,IRBR3,IRBR3.SA,23.879220006235784,23.879220006235784,22.05373129038887,22.534427720906752,22.534427720906752,1980800,23.879220006235784,23.879220006235784,22.05373129038887,22.534427720906752,1.0,23.879220006235784,22.05373129038887,0
2023-02-07,IRBR3,IRBR3.SA,23.206823863571266,23.206823863571266,21.509914701763886,21.993038483901316,21.993038483901316,1302500,23.206823863571266,23.206823863571266,21.509914701763886,21.993038483901316,1.0,23.206823863571266,21.509914701763886,0
2023-02-08,IRBR3,IRBR3.SA,22.59993117373629,22.976275001261822,21.276846365948195,22.21638736644507,22.21638736644507,3073300,22.59993117373629,22.976275001261822,21.276846365948195,22.21638736644507,1.0,22.976275001261822,21.276846365948195,0
2023-02-09,IRBR3,IRBR3.SA,22.408159270090678,22.733503192421985,21.830377816750346,22.294079560368523,22.294079560368523,2141600,22.408159270090678,22.733503192421985,21.830377816750346,22.294079560368523,1.0,22.733503192421985,21.830377816750346,0
2023-02-10,IRBR3,IRBR3.SA,22.3511194152296,22.3511194152296,20.83014099337933,21.531761656382127,21.531761656382127,3188800,22.3511194152296,22.3511194152296,20.83014099337933,21.531761656382127,1.0,22.3511194152296,20.83014099337933,0
2023-02-13,IRBR3,IRBR3.SA,21.941440535805864,21.94691123503545,20.995231473938148,21.466215732099737,21.466215732099737,1597700,21.941440535805864,21.94691123503545,20.995231473938148,21.466215732099737,1.0,21.94691123503545,20.995231473938148,0
2023-02-14,IRBR3,IRBR3.SA,21.7038281339528,22.141129719877068,21.373959934615524,21.69685093892182,21.69685093892182,1766200,21.7038281339528,22.141129719877068,21.373959934615524,21.69685093892182,1.0,22.141129719877068,21.373959934615524,0
2023-02-15,IRBR3,IRBR3.SA,21.700339536437312,22.082862854003906,21.13118318355476,21.738121569339285,21.738121569339285,2380400,21.700339536437312,22.082862854003906,21.13118318355476,21.738121569339285,1.0,22.082862854003906,21.13118318355476,0
2023-02-16,IRBR3,IRBR3.SA,21.7192305528883,23.034543220152987,21.7192305528883,22.296506261517983,22.296506261517983,2502500,21.7192305528883,23.034543220152987,21.7192305528883,22.296506261517983,1.0,23.034543220152987,21.7192305528883,0
2023-02-17,IRBR3,IRBR3.SA,22.00786840720314,22.607260110492696,22.00786840720314,22.349917691499382,22.349917691499382,1653100,22.00786840720314,22.607260110492696,22.00786840720314,22.349917691499382,1.0,22.607260110492696,22.00786840720314,0
2023-02-22,IRBR3,IRBR3.SA,22.17889304935126,22.209106781770092,21.189448422284613,21.704133223866634,21.704133223866634,1325700,22.17889304935126,22.209106781770092,21.189448422284613,21.704133223866634,1.0,22.209106781770092,21.189448422284613,0
2023-02-23,IRBR3,IRBR3.SA,21.941513136608947,21.941513136608947,20.79129709906505,21.09476652408904,21.09476652408904,1187700,21.941513136608947,21.941513136608947,20.79129709906505,21.09476652408904,1.0,21.941513136608947,20.79129709906505,0
2023-02-24,IRBR3,IRBR3.SA,21.518139830348993,21.518139830348993,20.72332191467285,20.851992664897995,20.851992664897995,985000,21.518139830348993,21.518139830348993,20.72332191467285,20.851992664897995,1.0,21.518139830348993,20.72332191467285,0
2023-02-27,IRBR3,IRBR3.SA,21.185066247623496,21.185066247623496,18.917068481445312,19.655106300414445,19.655106300414445,4827300,21.185066247623496,21.185066247623496,18.917068481445312,19.655106300414445,1.0,21.185066247623496,18.917068481445312,0
2023-02-28,IRBR3,IRBR3.SA,20.42008627401897,20.42008627401897,18.334407806396484,18.68400517367037,18.68400517367037,3051300,20.42008627401897,20.42008627401897,18.334407806396484,18.68400517367037,1.0,20.42008627401897,18.334407806396484,0
2023-03-01,IRBR3,IRBR3.SA,19.55204572384467,19.55204572384467,18.285854496675732,18.492213808420956,18.492213808420956,2018200,19.55204572384467,19.55204572384467,18.285854496675732,18.492213808420956,1.0,19.55204572384467,18.285854496675732,0
2023-03-02,IRBR3,IRBR3.SA,19.022129766132814,19.022129766132814,17.74203709788188,18.11348338170592,18.11348338170592,1915700,19.022129766132814,19.022129766132814,17.74203709788188,18.11348338170592,1.0,19.022129766132814,17.74203709788188,0
2023-03-03,IRBR3,IRBR3.SA,18.567806573919366,18.567806573919366,17.80030362315027,17.98966825974275,17.98966825974275,1253200,18.567806573919366,18.567806573919366,17.80030362315027,17.98966825974275,1.0,18.567806573919366,17.80030362315027,0
2023-03-06,IRBR3,IRBR3.SA,18.278737416831056,18.278737416831056,17.829437732277594,18.047935180769755,18.047935180769755,1648600,18.278737416831056,18.278737416831056,17.829437732277594,18.047935180769755,1.0,18.278737416831056,17.829437732277594,0
2023-03-07,IRBR3,IRBR3.SA,18.163336298800406,18.897647714457342,18.01394487038447,18.317414767594315,18.317414767594315,1419100,18.163336298800406,18.897647714457342,18.01394487038447,18.317414767594315,1.0,18.897647714457342,18.01394487038447,0
2023-03-08,IRBR3,IRBR3.SA,18.24037553319736,19.315221507448502,18.20816562986635,18.73013248892007,18.73013248892007,1547400,18.24037553319736,19.315221507448502,18.20816562986635,18.73013248892007,1.0,19.315221507448502,18.20816562986635,0
2023-03-09,IRBR3,IRBR3.SA,18.485254011058714,21.93719766864371,18.485254011058714,20.330023410167513,20.330023410167513,9401600,18.485254011058714,21.93719766864371,18.485254011058714,20.330023410167513,1.0,21.93719766864371,18.485254011058714,0
2023-03-10,IRBR3,IRBR3.SA,19.407638710613114,20.373721653726705,19.208400242761986,19.8299049952765,19.8299049952765,1676000,19.407638710613114,20.373721653726705,19.208400242761986,19.8299049952765,1.0,20.373721653726705,19.208400242761986,0
2023-03-13,IRBR3,IRBR3.SA,19.618771852944807,19.829907050890583,18.87822733689184,19.32250611299491,19.32250611299491,1113200,19.618771852944807,19.829907050890583,18.87822733689184,19.32250611299491,1.0,19.829907050890583,18.87822733689184,0
2023-03-14,IRBR3,IRBR3.SA,19.47063898296986,20.801010541220215,19.47063898296986,20.118811331326423,20.118811331326423,1601000,19.47063898296986,20.801010541220215,19.47063898296986,20.118811331326423,1.0,20.801010541220215,19.47063898296986,0
2023-03-15,IRBR3,IRBR3.SA,19.794725157148143,20.354300294751585,19.794725157148143,20.111525681937593,20.111525681937593,1344800,19.794725157148143,20.354300294751585,19.794725157148143,20.111525681937593,1.0,20.354300294751585,19.794725157148143,0
2023-03-16,IRBR3,IRBR3.SA,19.953125419542868,21.801243964139537,19.953125419542868,20.900546017995254,20.900546017995254,1824300,19.953125419542868,21.801243964139537,19.953125419542868,20.900546017995254,1.0,21.801243964139537,19.953125419542868,0
2023-03-17,IRBR3,IRBR3.SA,20.426835718769063,21.54875980237659,20.426835718769063,21.14089631348678,21.14089631348678,2367700,20.426835718769063,21.54875980237659,20.426835718769063,21.14089631348678,1.0,21.54875980237659,20.426835718769063,0
2023-03-20,IRBR3,IRBR3.SA,20.783866016127924,21.276849142542314,20.198925103333814,20.677193698242597,20.677193698242597,1334700,20.783866016127924,21.276849142542314,20.198925103333814,20.677193698242597,1.0,21.276849142542314,20.198925103333814,0
2023-03-21,IRBR3,IRBR3.SA,20.73052985718526,20.73052985718526,19.95614842978382,20.23534066818947,20.23534066818947,783200,20.73052985718526,20.73052985718526,19.95614842978382,20.23534066818947,1.0,20.73052985718526,19.95614842978382,0
2023-03-22,IRBR3,IRBR3.SA,20.482935262687363,20.490257257564387,19.121003272527812,19.803201990866214,19.803201990866214,2165800,20.482935262687363,20.490257257564387,19.121003272527812,19.803201990866214,1.0,20.490257257564387,19.121003272527812,0
2023-03-23,IRBR3,IRBR3.SA,20.143068626776788,20.143068626776788,18.586897327080322,19.145281424344468,19.145281424344468,1590300,20.143068626776788,20.143068626776788,18.586897327080322,19.145281424344468,1.0,20.143068626776788,18.586897327080322,0
2023-03-24,IRBR3,IRBR3.SA,19.644175025560628,20.39314484953664,18.89764667150006,19.53614658502994,19.53614658502994,1560500,19.644175025560628,20.39314484953664,18.89764667150006,19.53614658502994,1.0,20.39314484953664,18.89764667150006,0
2023-03-27,IRBR3,IRBR3.SA,19.590160805295284,20.344591521465798,19.590160805295284,20.024127411371428,20.024127411371428,722700,19.590160805295284,20.344591521465798,19.590160805295284,20.024127411371428,1.0,20.344591521465798,19.590160805295284,0
2023-03-28,IRBR3,IRBR3.SA,19.807144108333354,20.334880277345842,19.616264882543113,19.953722280674583,19.953722280674583,615700,19.807144108333354,20.334880277345842,19.616264882543113,19.953722280674583,1.0,20.334880277345842,19.616264882543113,0
2023-03-29,IRBR3,IRBR3.SA,19.88043319450397,20.51938819885254,19.63568536536562,20.172219559309536,20.172219559309536,1063200,19.88043319450397,20.51938819885254,19.63568536536562,20.172219559309536,1.0,20.51938819885254,19.63568536536562,0
2023-03-30,IRBR3,IRBR3.SA,20.026326376906752,21.772111591433116,20.026326376906752,21.18459473669346,21.18459473669346,1717500,20.026326376906752,21.772111591433116,20.026326376906752,21.18459473669346,1.0,21.772111591433116,20.026326376906752,0
2023-03-31,IRBR3,IRBR3.SA,20.605460556800104,22.277085215110386,20.605460556800104,21.66286290060985,21.66286290060985,1633100,20.605460556800104,22.277085215110386,20.605460556800104,21.66286290060985,1.0,22.277085215110386,20.605460556800104,0
2023-04-03,IRBR3,IRBR3.SA,21.134161728704974,21.65558019237566,20.2183492565865,21.06563594381224,21.06563594381224,1382600,21.134161728704974,21.65558019237566,20.2183492565865,21.06563594381224,1.0,21.65558019237566,20.2183492565865,0
2023-04-04,IRBR3,IRBR3.SA,21.099898836258607,21.82066364677286,20.548520407017975,21.111759554195963,21.111759554195963,1609900,21.099898836258607,21.82066364677286,20.548520407017975,21.111759554195963,1.0,21.82066364677286,20.548520407017975,0
2023-04-05,IRBR3,IRBR3.SA,21.105829195227287,21.364247108692023,20.266902503999646,20.849563233113052,20.849563233113052,2401300,21.105829195227287,21.364247108692023,20.266902503999646,20.849563233113052,1.0,21.364247108692023,20.266902503999646,0
2023-04-06,IRBR3,IRBR3.SA,20.97769621417017,21.199161529541016,20.3445923852373,20.81072100940296,20.81072100940296,969800,20.97769621417017,21.199161529541016,20.3445923852373,20.81072100940296,1.0,21.199161529541016,20.3445923852373,0
2023-04-10,IRBR3,IRBR3.SA,20.894208611786567,21.684712042818123,20.830142922157854,21.22343859062306,21.22343859062306,649300,20.894208611786567,21.684712042818123,20.830142922157854,21.22343859062306,1.0,21.684712042818123,20.830142922157854,0
2023-04-11,IRBR3,IRBR3.SA,21.058823601204814,22.160550920657563,21.058823601204814,21.786677294156704,21.786677294156704,1260000,21.058823601204814,22.160550920657563,21.058823601204814,21.786677294156704,1.0,22.160550920657563,21.058823601204814,0
2023-04-12,IRBR3,IRBR3.SA,21.42275044768076,23.092809717283487,21.42275044768076,22.444598552726482,22.444598552726482,1834500,21.42275044768076,23.092809717283487,21.42275044768076,22.444598552726482,1.0,23.092809717283487,21.42275044768076,0
2023-04-13,IRBR3,IRBR3.SA,21.933674500203622,24.52032923488721,21.933674500203622,23.233619074121115,23.233619074121115,3269300,21.933674500203622,24.52032923488721,21.933674500203622,23.233619074121115,1.0,24.52032923488721,21.933674500203622,0
2023-04-14,IRBR3,IRBR3.SA,22.58364678716237,23.694891787463575,22.35477165253036,23.33801191858923,23.33801191858923,3031700,22.58364678716237,23.694891787463575,22.35477165253036,23.33801191858923,1.0,23.694891787463575,22.35477165253036,0
2023-04-17,IRBR3,IRBR3.SA,22.9608293528758,25.345766809778524,22.9608293528758,24.046917111863927,24.046917111863927,2768300,22.9608293528758,25.345766809778524,22.9608293528758,24.046917111863927,1.0,25.345766809778524,22.9608293528758,0
2023-04-18,IRBR3,IRBR3.SA,23.503873232369862,24.695127897448426,23.503873232369862,24.241137439927613,24.241137439927613,2916200,23.503873232369862,24.695127897448426,23.503873232369862,24.241137439927613,1.0,24.695127897448426,23.503873232369862,0
2023-04-19,IRBR3,IRBR3.SA,23.872505336148738,24.481484259899986,23.41327337897631,23.90610742268699,23.90610742268699,2010300,23.872505336148738,24.481484259899986,23.41327337897631,23.90610742268699,1.0,24.481484259899986,23.41327337897631,0
2023-04-20,IRBR3,IRBR3.SA,23.889306379417864,25.2486572265625,23.59778274393354,24.459636688232422,24.459636688232422,2992900,23.889306379417864,25.2486572265625,23.59778274393354,24.459636688232422,1.0,25.2486572265625,23.59778274393354,0
2023-04-24,IRBR3,IRBR3.SA,24.17447153382514,26.89953220437479,24.17447153382514,25.882302500422696,25.882302500422696,4692900,24.17447153382514,26.89953220437479,24.17447153382514,25.882302500422696,1.0,26.89953220437479,24.17447153382514,0
2023-04-25,IRBR3,IRBR3.SA,25.02838701712392,27.18114854208418,25.02838701712392,26.338717606495692,26.338717606495692,4146900,25.02838701712392,27.18114854208418,25.02838701712392,26.338717606495692,1.0,27.18114854208418,25.02838701712392,0
2023-04-26,IRBR3,IRBR3.SA,25.683552311809805,27.287973403930664,25.67594382842283,26.481958616176748,26.481958616176748,2919900,25.683552311809805,27.287973403930664,25.67594382842283,26.481958616176748,1.0,27.287973403930664,25.67594382842283,0
2023-04-27,IRBR3,IRBR3.SA,26.082755463993276,27.48219198895648,26.082755463993276,27.21513971289453,27.21513971289453,2007300,26.082755463993276,27.48219198895648,26.082755463993276,27.21513971289453,1.0,27.48219198895648,26.082755463993276,0
2023-04-28,IRBR3,IRBR3.SA,26.648947588443903,30.560585021972656,26.648947588443903,29.006821622304514,29.006821622304514,8183300,26.648947588443903,30.560585021972656,26.648947588443903,29.006821622304514,1.0,30.560585021972656,26.648947588443903,0
2023-05-02,IRBR3,IRBR3.SA,27.82788460537421,33.15342712402344,27.82788460537421,31.69920169611601,31.69920169611601,6700400,27.82788460537421,33.15342712402344,27.82788460537421,31.69920169611601,1.0,33.15342712402344,27.82788460537421,0
2023-05-03,IRBR3,IRBR3.SA,29.763543150745107,32.8718059608543,29.763543150745107,31.69920107131198,31.69920107131198,5494900,29.763543150745107,32.8718059608543,29.763543150745107,31.69920107131198,1.0,32.8718059608543,29.763543150745107,0
2023-05-04,IRBR3,IRBR3.SA,30.73137211102854,31.366601478056477,29.52150760032913,30.444055002250433,30.444055002250433,3042700,30.73137211102854,31.366601478056477,29.52150760032913,30.444055002250433,1.0,31.366601478056477,29.52150760032913,0
2023-05-05,IRBR3,IRBR3.SA,30.587713556639486,32.42510071177402,29.822546612002153,31.065558050585395,31.065558050585395,4106200,30.587713556639486,32.42510071177402,29.822546612002153,31.065558050585395,1.0,32.42510071177402,29.822546612002153,0
2023-05-08,IRBR3,IRBR3.SA,30.82663580361244,32.8232533313811,30.82663580361244,32.21388803982869,32.21388803982869,2282200,30.82663580361244,32.8232533313811,30.82663580361244,32.21388803982869,1.0,32.8232533313811,30.82663580361244,0
2023-05-09,IRBR3,IRBR3.SA,31.520261921720564,33.73609161376953,31.14324684758909,32.66302321531839,32.66302321531839,3009400,31.520261921720564,33.73609161376953,31.14324684758909,32.66302321531839,1.0,33.73609161376953,31.14324684758909,0
2023-05-10,IRBR3,IRBR3.SA,32.091642568519475,34.852855959157864,31.910417597297176,33.31123257541553,33.31123257541553,3487800,32.091642568519475,34.852855959157864,31.910417597297176,33.31123257541553,1.0,34.852855959157864,31.910417597297176,0
2023-05-11,IRBR3,IRBR3.SA,32.7014375719675,35.82395718199553,32.7014375719675,34.72418431001792,34.72418431001792,3103700,32.7014375719675,35.82395718199553,32.7014375719675,34.72418431001792,1.0,35.82395718199553,32.7014375719675,0
2023-05-12,IRBR3,IRBR3.SA,33.71281094099271,35.30927496786461,33.71281094099271,34.811585298377395,34.811585298377395,2322100,33.71281094099271,35.30927496786461,33.71281094099271,34.811585298377395,1.0,35.30927496786461,33.71281094099271,0
2023-05-15,IRBR3,IRBR3.SA,34.26219811968505,36.64939808127706,34.26219811968505,35.34811915334406,35.34811915334406,3255300,34.26219811968505,36.64939808127706,34.26219811968505,35.34811915334406,1.0,36.64939808127706,34.26219811968505,0
2023-05-16,IRBR3,IRBR3.SA,34.805158636514555,36.950440783546576,33.532160334647905,34.954825314187794,34.954825314187794,4607900,34.805158636514555,36.950440783546576,33.532160334647905,34.954825314187794,1.0,36.950440783546576,33.532160334647905,0
2023-05-17,IRBR3,IRBR3.SA,34.879991975351174,35.45494099750605,31.19180277524889,33.367072487190995,33.367072487190995,5589200,34.879991975351174,35.45494099750605,31.19180277524889,33.367072487190995,1.0,35.45494099750605,31.19180277524889,0
2023-05-18,IRBR3,IRBR3.SA,34.123532231271085,34.123532231271085,31.531691010172906,32.565914491297946,32.565914491297946,3441600,34.123532231271085,34.123532231271085,31.531691010172906,32.565914491297946,1.0,34.123532231271085,31.531691010172906,0
2023-05-19,IRBR3,IRBR3.SA,33.344723361284515,35.056785450594646,33.03689494424526,33.91574211357022,33.91574211357022,2784500,33.344723361284515,35.056785450594646,33.03689494424526,33.91574211357022,1.0,35.056785450594646,33.03689494424526,0
2023-05-22,IRBR3,IRBR3.SA,33.63023273742736,35.62973824671961,33.63023273742736,34.6974810273925,34.6974810273925,2931200,33.63023273742736,35.62973824671961,33.63023273742736,34.6974810273925,1.0,35.62973824671961,33.63023273742736,0
2023-05-23,IRBR3,IRBR3.SA,34.16385688240993,35.037370536427645,33.79435715235515,34.49112367514678,34.49112367514678,2198900,34.16385688240993,35.037370536427645,33.79435715235515,34.49112367514678,1.0,35.037370536427645,33.79435715235515,0
2023-05-24,IRBR3,IRBR3.SA,34.327490278778356,34.959680118308945,33.2116968532857,34.11724864132337,34.11724864132337,2509400,34.327490278778356,34.959680118308945,33.2116968532857,34.11724864132337,1.0,34.959680118308945,33.2116968532857,0
2023-05-25,IRBR3,IRBR3.SA,34.222369460050864,35.620027929522806,34.222369460050864,35.02522766454747,35.02522766454747,2364800,34.222369460050864,35.620027929522806,34.222369460050864,35.02522766454747,1.0,35.620027929522806,34.222369460050864,0
2023-05-26,IRBR3,IRBR3.SA,34.62379856229917,36.02788936544816,34.62379856229917,35.5350553058759,35.5350553058759,2056000,34.62379856229917,36.02788936544816,34.62379856229917,35.5350553058759,1.0,36.02788936544816,34.62379856229917,0
2023-05-29,IRBR3,IRBR3.SA,35.079426934087536,36.55228829550809,34.95968118958521,35.7244245860535,35.7244245860535,1498900,35.079426934087536,36.55228829550809,34.95968118958521,35.7244245860535,1.0,36.55228829550809,34.95968118958521,0
2023-05-30,IRBR3,IRBR3.SA,35.40192576007052,37.94096320395659,35.40192576007052,36.88974553889999,36.88974553889999,3291200,35.40192576007052,37.94096320395659,35.40192576007052,36.88974553889999,1.0,37.94096320395659,35.40192576007052,0
2023-05-31,IRBR3,IRBR3.SA,36.14583564948525,38.455644149704696,36.047311231459865,37.256334238643355,37.256334238643355,3875300,36.14583564948525,38.455644149704696,36.047311231459865,37.256334238643355,1.0,38.455644149704696,36.047311231459865,0
2023-06-01,IRBR3,IRBR3.SA,36.701084944064306,37.95067596435547,36.12500278099375,37.292753516363575,37.292753516363575,2302800,36.701084944064306,37.95067596435547,36.12500278099375,37.292753516363575,1.0,37.95067596435547,36.12500278099375,0
2023-06-02,IRBR3,IRBR3.SA,36.99691923021394,39.56270624341551,36.99691923021394,38.200734299697,38.200734299697,3853000,36.99691923021394,39.56270624341551,36.99691923021394,38.200734299697,1.0,39.56270624341551,36.99691923021394,0
2023-06-05,IRBR3,IRBR3.SA,37.59882676495547,38.41680372800222,37.14465853351009,37.8657022013998,37.8657022013998,1647700,37.59882676495547,38.41680372800222,37.14465853351009,37.8657022013998,1.0,38.41680372800222,37.14465853351009,0
2023-06-06,IRBR3,IRBR3.SA,37.73226448317763,40.30074021379305,37.73226448317763,39.11599622852786,39.11599622852786,3485100,37.73226448317763,40.30074021379305,37.73226448317763,39.11599622852786,1.0,40.30074021379305,37.73226448317763,0
2023-06-07,IRBR3,IRBR3.SA,38.424130355852746,40.35900667099385,37.018412905514005,38.678998544490284,38.678998544490284,4582900,38.424130355852746,40.35900667099385,37.018412905514005,38.678998544490284,1.0,40.35900667099385,37.018412905514005,0
2023-06-09,IRBR3,IRBR3.SA,38.55156445017151,38.55156445017151,36.047308468636835,37.15193783460827,37.15193783460827,3121200,38.55156445017151,38.55156445017151,36.047308468636835,37.15193783460827,1.0,38.55156445017151,36.047308468636835,0
2023-06-12,IRBR3,IRBR3.SA,37.85175114238989,37.85175114238989,36.474599042359664,36.91159390996017,36.91159390996017,2156900,37.85175114238989,37.85175114238989,36.474599042359664,36.91159390996017,1.0,37.85175114238989,36.474599042359664,0
2023-06-13,IRBR3,IRBR3.SA,37.381672526175024,37.381672526175024,36.21240045630925,36.53771879102587,36.53771879102587,1828000,37.381672526175024,37.381672526175024,36.21240045630925,36.53771879102587,1.0,37.381672526175024,36.21240045630925,0
2023-06-14,IRBR3,IRBR3.SA,36.959695658600445,37.824427391287514,36.251243032550825,36.92858511474868,36.92858511474868,2391900,36.959695658600445,37.824427391287514,36.251243032550825,36.92858511474868,1.0,37.824427391287514,36.251243032550825,0
2023-06-15,IRBR3,IRBR3.SA,36.94414038667456,37.63021299092132,36.50373450504896,37.08882358612126,37.08882358612126,1847200,36.94414038667456,37.63021299092132,36.50373450504896,37.08882358612126,1.0,37.63021299092132,36.50373450504896,0
2023-06-16,IRBR3,IRBR3.SA,37.016481986397906,37.56223461111439,36.73679919611639,37.147088629412075,37.147088629412075,1458700,37.016481986397906,37.56223461111439,36.73679919611639,37.147088629412075,1.0,37.56223461111439,36.73679919611639,0
2023-06-19,IRBR3,IRBR3.SA,37.081785307904994,38.54304502494275,37.081785307904994,37.74674244257711,37.74674244257711,1936400,37.081785307904994,38.54304502494275,37.081785307904994,37.74674244257711,1.0,38.54304502494275,37.081785307904994,0
2023-06-20,IRBR3,IRBR3.SA,37.41426387524105,38.222583267012325,37.096104860765294,37.618071738720026,37.618071738720026,1687000,37.41426387524105,38.222583267012325,37.096104860765294,37.618071738720026,1.0,38.222583267012325,37.096104860765294,0
2023-06-21,IRBR3,IRBR3.SA,37.51616780698053,39.494726165657056,37.47483544080639,38.470214862403395,38.470214862403395,3066600,37.51616780698053,39.494726165657056,37.47483544080639,38.470214862403395,1.0,39.494726165657056,37.47483544080639,0
2023-06-22,IRBR3,IRBR3.SA,37.993191334691964,39.28108197638973,36.81448167228422,38.47749370272294,38.47749370272294,3547000,37.993191334691964,39.28108197638973,36.81448167228422,38.47749370272294,1.0,39.28108197638973,36.81448167228422,0
2023-06-23,IRBR3,IRBR3.SA,38.235342518707455,41.796235412653196,38.235342518707455,40.043395819942575,40.043395819942575,5562400,38.235342518707455,41.796235412653196,38.235342518707455,40.043395819942575,1.0,41.796235412653196,38.235342518707455,0
2023-06-26,IRBR3,IRBR3.SA,39.139369169325015,41.76710414845178,39.139369169325015,40.59207229723722,40.59207229723722,2775100,39.139369169325015,41.76710414845178,39.139369169325015,40.59207229723722,1.0,41.76710414845178,39.139369169325015,0
2023-06-27,IRBR3,IRBR3.SA,39.86572073328112,40.68918670338675,38.75669155096587,39.880742690803324,39.880742690803324,2301100,39.86572073328112,40.68918670338675,38.75669155096587,39.880742690803324,1.0,40.68918670338675,38.75669155096587,0
2023-06-28,IRBR3,IRBR3.SA,39.87323171204223,41.46606110491828,39.58212062853164,40.380853267532956,40.380853267532956,2114400,39.87323171204223,41.46606110491828,39.58212062853164,40.380853267532956,1.0,41.46606110491828,39.58212062853164,0
2023-06-29,IRBR3,IRBR3.SA,40.12704248978759,42.534277769227785,40.11623524349315,41.407800234577685,41.407800234577685,2521400,40.12704248978759,42.534277769227785,40.11623524349315,41.407800234577685,1.0,42.534277769227785,40.11623524349315,0
2023-06-30,IRBR3,IRBR3.SA,40.76742136218264,43.20433853089217,40.76742136218264,42.456588465844796,42.456588465844796,2048300,40.76742136218264,43.20433853089217,40.76742136218264,42.456588465844796,1.0,43.20433853089217,40.76742136218264,0
2023-07-03,IRBR3,IRBR3.SA,41.61200491401372,43.408271474620776,41.61200491401372,42.53427796464045,42.53427796464045,1681300,41.61200491401372,43.408271474620776,41.61200491401372,42.53427796464045,1.0,43.408271474620776,41.61200491401372,0
2023-07-04,IRBR3,IRBR3.SA,42.07314143932709,42.78676399276779,40.980513319571955,42.089997501907895,42.089997501907895,1839400,42.07314143932709,42.78676399276779,40.980513319571955,42.089997501907895,1.0,42.78676399276779,40.980513319571955,0
2023-07-05,IRBR3,IRBR3.SA,42.081569470617495,45.15625040278644,41.767102237216726,43.410693678911244,43.410693678911244,2821000,42.081569470617495,45.15625040278644,41.767102237216726,43.410693678911244,1.0,45.15625040278644,41.767102237216726,0
2023-07-06,IRBR3,IRBR3.SA,42.74613157476437,47.58400972516879,42.74613157476437,46.00111296399363,46.00111296399363,4808900,42.74613157476437,47.58400972516879,42.74613157476437,46.00111296399363,1.0,47.58400972516879,42.74613157476437,0
2023-07-07,IRBR3,IRBR3.SA,44.373622269379,52.01223577866075,44.373622269379,49.18147194322465,49.18147194322465,7012000,44.373622269379,52.01223577866075,44.373622269379,49.18147194322465,1.0,52.01223577866075,44.373622269379,0
2023-07-10,IRBR3,IRBR3.SA,46.777547106301824,52.21616568424331,46.777547106301824,50.58714104158952,50.58714104158952,3411200,46.777547106301824,52.21616568424331,46.777547106301824,50.58714104158952,1.0,52.21616568424331,46.777547106301824,0
2023-07-11,IRBR3,IRBR3.SA,48.68234407394567,52.526915615824834,48.66192949054624,50.747370475514685,50.747370475514685,4511300,48.68234407394567,52.526915615824834,48.66192949054624,50.747370475514685,1.0,52.526915615824834,48.66192949054624,0
2023-07-12,IRBR3,IRBR3.SA,49.71485727473018,53.12899951774928,49.71485727473018,52.16760857930131,52.16760857930131,3019600,49.71485727473018,53.12899951774928,49.71485727473018,52.16760857930131,1.0,53.12899951774928,49.71485727473018,0
2023-07-13,IRBR3,IRBR3.SA,50.94123292701575,53.84761842819773,50.55558252028089,51.791309196712454,51.791309196712454,3660000,50.94123292701575,53.84761842819773,50.55558252028089,51.791309196712454,1.0,53.84761842819773,50.55558252028089,0
2023-07-14,IRBR3,IRBR3.SA,51.3662710618641,51.662637487077106,49.390258203822114,50.41719866334789,50.41719866334789,3019600,51.3662710618641,51.662637487077106,49.390258203822114,50.41719866334789,1.0,51.662637487077106,49.390258203822114,0
2023-07-17,IRBR3,IRBR3.SA,50.89173486260599,50.89173486260599,47.77822728119755,49.12563042442586,49.12563042442586,2796700,50.89173486260599,50.89173486260599,47.77822728119755,49.12563042442586,1.0,50.89173486260599,47.77822728119755,0
2023-07-18,IRBR3,IRBR3.SA,50.008682643515925,50.008682643515925,46.86539406695008,47.87776959428959,47.87776959428959,2945700,50.008682643515925,50.008682643515925,46.86539406695008,47.87776959428959,1.0,50.008682643515925,46.86539406695008,0
2023-07-19,IRBR3,IRBR3.SA,48.94322611890276,48.94322611890276,46.292439896413654,47.156723036321935,47.156723036321935,2107000,48.94322611890276,48.94322611890276,46.292439896413654,47.156723036321935,1.0,48.94322611890276,46.292439896413654,0
2023-07-20,IRBR3,IRBR3.SA,48.049974577612346,48.049974577612346,45.93313468282885,46.69302336231688,46.69302336231688,1559600,48.049974577612346,48.049974577612346,45.93313468282885,46.69302336231688,1.0,48.049974577612346,45.93313468282885,0
2023-07-21,IRBR3,IRBR3.SA,47.37149896996461,49.40968083278004,46.94308036272184,47.785511815183725,47.785511815183725,2767600,47.37149896996461,49.40968083278004,46.94308036272184,47.785511815183725,1.0,49.40968083278004,46.94308036272184,0
2023-07-24,IRBR3,IRBR3.SA,47.57850539257417,47.57850539257417,40.33958433862471,42.638668056888044,42.638668056888044,9207400,47.57850539257417,47.57850539257417,40.33958433862471,42.638668056888044,1.0,47.57850539257417,40.33958433862471,0
2023-07-25,IRBR3,IRBR3.SA,45.10858672473111,45.10858672473111,40.82513458402783,41.50004934438158,41.50004934438158,3473600,45.10858672473111,45.10858672473111,40.82513458402783,41.50004934438158,1.0,45.10858672473111,40.82513458402783,0
2023-07-26,IRBR3,IRBR3.SA,43.304318034556346,43.304318034556346,41.165024842140454,41.82051998906566,41.82051998906566,2163700,43.304318034556346,43.304318034556346,41.165024842140454,41.82051998906566,1.0,43.304318034556346,41.165024842140454,0
2023-07-27,IRBR3,IRBR3.SA,42.562419011811,42.562419011811,40.39784670854586,41.37380445023934,41.37380445023934,1981000,42.562419011811,42.562419011811,40.39784670854586,41.37380445023934,1.0,42.562419011811,40.39784670854586,0
2023-07-28,IRBR3,IRBR3.SA,41.968111731025175,41.968111731025175,39.485014642594535,40.31045186921762,40.31045186921762,1691600,41.968111731025175,41.968111731025175,39.485014642594535,40.31045186921762,1.0,41.968111731025175,39.485014642594535,0
2023-07-31,IRBR3,IRBR3.SA,41.139281800121395,41.139281800121395,39.06744038335793,39.82004513096385,39.82004513096385,2113500,41.139281800121395,41.139281800121395,39.06744038335793,39.82004513096385,1.0,41.139281800121395,39.06744038335793,0
2023-08-01,IRBR3,IRBR3.SA,40.47966346554262,40.66976100217516,39.407328888377656,39.924440140899506,39.924440140899506,1215400,40.47966346554262,40.66976100217516,39.407328888377656,39.924440140899506,1.0,40.66976100217516,39.407328888377656,0
2023-08-02,IRBR3,IRBR3.SA,40.20205180322107,40.20205180322107,39.12571128977053,39.67195446361077,39.67195446361077,1228200,40.20205180322107,40.20205180322107,39.12571128977053,39.67195446361077,1.0,40.20205180322107,39.12571128977053,0
2023-08-03,IRBR3,IRBR3.SA,39.937003133415914,41.07761878798398,39.76663241246366,40.176922723292705,40.176922723292705,1502900,39.937003133415914,41.07761878798398,39.76663241246366,40.176922723292705,1.0,41.07761878798398,39.76663241246366,0
2023-08-04,IRBR3,IRBR3.SA,40.05696292835431,40.543519431418815,39.43646344564595,39.851609440310774,39.851609440310774,1184200,40.05696292835431,40.543519431418815,39.43646344564595,39.851609440310774,1.0,40.543519431418815,39.43646344564595,0
2023-08-07,IRBR3,IRBR3.SA,39.954286184332545,39.954286184332545,38.144892103486704,38.93634181784111,38.93634181784111,1402400,39.954286184332545,39.954286184332545,38.144892103486704,38.93634181784111,1.0,39.954286184332545,38.144892103486704,0
2023-08-08,IRBR3,IRBR3.SA,39.44531400108683,39.44531400108683,37.36801395354158,37.85356507617771,37.85356507617771,1709800,39.44531400108683,39.44531400108683,37.36801395354158,37.85356507617771,1.0,39.44531400108683,37.36801395354158,0
2023-08-09,IRBR3,IRBR3.SA,38.649439538632265,38.649439538632265,37.13494821727736,37.59379291344678,37.59379291344678,835900,38.649439538632265,38.649439538632265,37.13494821727736,37.59379291344678,1.0,38.649439538632265,37.13494821727736,0
2023-08-10,IRBR3,IRBR3.SA,38.12161622603952,38.14489344186254,37.144659355749596,37.68119310195388,37.68119310195388,1157800,38.12161622603952,38.14489344186254,37.144659355749596,37.68119310195388,1.0,38.14489344186254,37.144659355749596,0
2023-08-11,IRBR3,IRBR3.SA,37.9014046639967,38.94119802658249,37.562234635100815,38.14732369291384,38.14732369291384,1289300,37.9014046639967,38.94119802658249,37.562234635100815,38.14732369291384,1.0,38.94119802658249,37.562234635100815,0
2023-08-14,IRBR3,IRBR3.SA,38.02436417845527,38.81495792896013,37.562235143488245,38.069636103687614,38.069636103687614,1233400,38.02436417845527,38.81495792896013,37.562235143488245,38.069636103687614,1.0,38.81495792896013,37.562235143488245,0
2023-08-15,IRBR3,IRBR3.SA,38.04700014107144,40.621207757611536,35.513207991217286,38.73726800065152,38.73726800065152,5416600,38.04700014107144,40.621207757611536,35.513207991217286,38.73726800065152,1.0,40.621207757611536,35.513207991217286,0
2023-08-16,IRBR3,IRBR3.SA,38.39213407086148,45.25336417604348,38.39213407086148,41.444216791937315,41.444216791937315,11625800,38.39213407086148,45.25336417604348,38.39213407086148,41.444216791937315,1.0,45.25336417604348,38.39213407086148,0
2023-08-17,IRBR3,IRBR3.SA,39.9181754313994,44.3211067465371,39.9181754313994,43.211623409864,43.211623409864,4451800,39.9181754313994,44.3211067465371,39.9181754313994,43.211623409864,1.0,44.3211067465371,39.9181754313994,0
2023-08-18,IRBR3,IRBR3.SA,41.564899420631704,44.03948070753093,41.56317098353323,42.72363867428894,42.72363867428894,2702900,41.564899420631704,44.03948070753093,41.56317098353323,42.72363867428894,1.0,44.03948070753093,41.56317098353323,0
2023-08-21,IRBR3,IRBR3.SA,42.14426904746033,42.53427050829248,38.319687318528196,40.46096826426305,40.46096826426305,3887600,42.14426904746033,42.53427050829248,38.319687318528196,40.46096826426305,1.0,42.53427050829248,38.319687318528196,0
2023-08-22,IRBR3,IRBR3.SA,41.30261865586169,42.4274554801139,38.20316222306377,40.37600366762988,40.37600366762988,5586300,41.30261865586169,42.4274554801139,38.20316222306377,40.37600366762988,1.0,42.4274554801139,38.20316222306377,0
2023-08-23,IRBR3,IRBR3.SA,40.83931116174578,43.45682632409021,40.83931116174578,42.48329671169489,42.48329671169489,3533000,40.83931116174578,43.45682632409021,40.83931116174578,42.48329671169489,1.0,43.45682632409021,40.83931116174578,0
2023-08-24,IRBR3,IRBR3.SA,41.66130393672034,44.418215602617444,41.66130393672034,43.209191640358725,43.209191640358725,2977800,41.66130393672034,44.418215602617444,41.66130393672034,43.209191640358725,1.0,44.418215602617444,41.66130393672034,0
2023-08-25,IRBR3,IRBR3.SA,42.43524778853953,44.34052677157627,42.43524778853953,43.74087086039354,43.74087086039354,1999900,42.43524778853953,44.34052677157627,42.43524778853953,43.74087086039354,1.0,44.34052677157627,42.43524778853953,0
2023-08-28,IRBR3,IRBR3.SA,43.088059324466535,44.83578807474761,42.72849801878085,44.04434109277843,44.04434109277843,2857900,43.088059324466535,44.83578807474761,42.72849801878085,44.04434109277843,1.0,44.83578807474761,42.72849801878085,0
2023-08-29,IRBR3,IRBR3.SA,43.56620020862248,46.292438270448656,43.56620020862248,45.25093190586506,45.25093190586506,2406500,43.56620020862248,46.292438270448656,43.56620020862248,45.25093190586506,1.0,46.292438270448656,43.56620020862248,0
2023-08-30,IRBR3,IRBR3.SA,44.408566057243775,46.6129029252731,43.21404542030527,44.92318541649959,44.92318541649959,3065700,44.408566057243775,46.6129029252731,43.21404542030527,44.92318541649959,1.0,46.6129029252731,43.21404542030527,0
2023-08-31,IRBR3,IRBR3.SA,44.66587573687168,44.66587573687168,41.6602840624164,42.84502710232744,42.84502710232744,2180400,44.66587573687168,44.66587573687168,41.6602840624164,42.84502710232744,1.0,44.66587573687168,41.6602840624164,0
2023-09-01,IRBR3,IRBR3.SA,43.75545141959957,43.75545141959957,40.15507591579287,41.419938206223556,41.419938206223556,2606900,43.75545141959957,43.75545141959957,40.15507591579287,41.419938206223556,1.0,43.75545141959957,40.15507591579287,0
2023-09-04,IRBR3,IRBR3.SA,42.587694812911565,42.587694812911565,40.310450656047344,41.42236404470515,41.42236404470515,1979300,42.587694812911565,42.587694812911565,40.310450656047344,41.42236404470515,1.0,42.587694812911565,40.310450656047344,0
2023-09-05,IRBR3,IRBR3.SA,42.005029428808356,43.155779082053186,41.038776056035275,42.03415726162811,42.03415726162811,2200500,42.005029428808356,43.155779082053186,41.038776056035275,42.03415726162811,1.0,43.155779082053186,41.038776056035275,0
2023-09-06,IRBR3,IRBR3.SA,42.01959334521823,42.20410228805498,39.87345914430038,41.072769146259695,41.072769146259695,2188400,42.01959334521823,42.20410228805498,39.87345914430038,41.072769146259695,1.0,42.20410228805498,39.87345914430038,0
2023-09-08,IRBR3,IRBR3.SA,41.546181245738964,41.546181245738964,39.154839267103384,39.71322283061521,39.71322283061521,1138000,41.546181245738964,41.546181245738964,39.154839267103384,39.71322283061521,1.0,41.546181245738964,39.154839267103384,0
2023-09-11,IRBR3,IRBR3.SA,40.629702038177086,40.70860548647075,39.7763481939091,40.21091668313559,40.21091668313559,1164200,40.629702038177086,40.70860548647075,39.7763481939091,40.21091668313559,1.0,40.70860548647075,39.7763481939091,0
2023-09-12,IRBR3,IRBR3.SA,40.42030936065634,42.340055504976206,40.42030936065634,41.24999377663656,41.24999377663656,1499100,40.42030936065634,42.340055504976206,40.42030936065634,41.24999377663656,1.0,42.340055504976206,40.42030936065634,0
2023-09-13,IRBR3,IRBR3.SA,40.83515156864645,42.75762427870503,40.83515156864645,42.14583077067014,42.14583077067014,1273000,40.83515156864645,42.75762427870503,40.83515156864645,42.14583077067014,1.0,42.75762427870503,40.83515156864645,0
2023-09-14,IRBR3,IRBR3.SA,41.4904911696583,43.33058030741336,41.4904911696583,42.64595423796327,42.64595423796327,2019300,41.4904911696583,43.33058030741336,41.4904911696583,42.64595423796327,1.0,43.33058030741336,41.4904911696583,0
2023-09-15,IRBR3,IRBR3.SA,42.06822270381078,43.08779976434609,39.32963562011719,41.08004695847329,41.08004695847329,2517200,42.06822270381078,43.08779976434609,39.32963562011719,41.08004695847329,1.0,43.08779976434609,39.32963562011719,0
2023-09-18,IRBR3,IRBR3.SA,41.57413483114203,41.57413483114203,38.921776820390356,39.73992921463094,39.73992921463094,2065900,41.57413483114203,41.57413483114203,38.921776820390356,39.73992921463094,1.0,41.57413483114203,38.921776820390356,0
2023-09-19,IRBR3,IRBR3.SA,40.65703202288648,40.65703202288648,38.84409068823728,39.44617398277113,39.44617398277113,1247700,40.65703202288648,40.65703202288648,38.84409068823728,39.44617398277113,1.0,40.65703202288648,38.84409068823728,0
2023-09-20,IRBR3,IRBR3.SA,40.051603002828806,40.39784747750248,39.067438585082655,39.49229577065208,39.49229577065208,1438100,40.051603002828806,40.39784747750248,39.067438585082655,39.49229577065208,1.0,40.39784747750248,39.067438585082655,0
2023-09-21,IRBR3,IRBR3.SA,39.771949386740445,39.771949386740445,37.49425477951458,38.47992287365926,38.47992287365926,1750600,39.771949386740445,39.771949386740445,37.49425477951458,38.47992287365926,1.0,39.771949386740445,37.49425477951458,0
2023-09-22,IRBR3,IRBR3.SA,39.125936130199854,41.74768256168716,39.125936130199854,40.1453634775848,40.1453634775848,3633200,39.125936130199854,41.74768256168716,39.125936130199854,40.1453634775848,1.0,41.74768256168716,39.125936130199854,0
2023-09-25,IRBR3,IRBR3.SA,39.63564980389233,40.485245313184066,38.77610724301837,39.67437594679598,39.67437594679598,1697200,39.63564980389233,40.485245313184066,38.77610724301837,39.67437594679598,1.0,40.485245313184066,38.77610724301837,0
2023-09-26,IRBR3,IRBR3.SA,39.655012875344156,40.77658097254055,39.655012875344156,40.21334087262949,40.21334087262949,1385400,39.655012875344156,40.77658097254055,39.655012875344156,40.21334087262949,1.0,40.77658097254055,39.655012875344156,0
2023-09-27,IRBR3,IRBR3.SA,39.93417687398682,41.262136168508675,39.339350456563125,40.23033817725236,40.23033817725236,1920700,39.93417687398682,41.262136168508675,39.339350456563125,40.23033817725236,1.0,41.262136168508675,39.339350456563125,0
2023-09-28,IRBR3,IRBR3.SA,40.08225752561959,40.553226470947266,39.05773188989597,40.0361152133313,40.0361152133313,1485100,40.08225752561959,40.553226470947266,39.05773188989597,40.0361152133313,1.0,40.553226470947266,39.05773188989597,0
2023-09-29,IRBR3,IRBR3.SA,40.05918636947544,43.50537756610356,40.05918636947544,41.980747417326874,41.980747417326874,3250900,40.05918636947544,43.50537756610356,40.05918636947544,41.980747417326874,1.0,43.50537756610356,40.05918636947544,0
2023-10-02,IRBR3,IRBR3.SA,41.01996689340116,42.582831088975624,39.737501273067394,41.33253752982486,41.33253752982486,2477000,41.01996689340116,42.582831088975624,39.737501273067394,41.33253752982486,1.0,42.582831088975624,39.737501273067394,0
2023-10-03,IRBR3,IRBR3.SA,41.17625221161301,41.17625221161301,39.45588227394024,39.95599929965861,39.95599929965861,1419700,41.17625221161301,41.17625221161301,39.45588227394024,39.95599929965861,1.0,41.17625221161301,39.45588227394024,0
2023-10-04,IRBR3,IRBR3.SA,40.56612575563581,41.73797017082335,39.72778900664526,40.667330082148254,40.667330082148254,1937200,40.56612575563581,41.73797017082335,39.72778900664526,40.667330082148254,1.0,41.73797017082335,39.72778900664526,0
2023-10-05,IRBR3,IRBR3.SA,40.61672791889203,42.04872328705668,40.4561163184347,41.21600310086663,41.21600310086663,1674800,40.61672791889203,42.04872328705668,40.4561163184347,41.21600310086663,1.0,42.04872328705668,40.4561163184347,0
2023-10-06,IRBR3,IRBR3.SA,40.91636550987933,41.50491286502824,39.854038256573745,40.82999522800409,40.82999522800409,1272800,40.91636550987933,41.50491286502824,39.854038256573745,40.82999522800409,1.0,41.50491286502824,39.854038256573745,0
2023-10-09,IRBR3,IRBR3.SA,40.8731803689417,41.90306059360381,39.698658198110685,40.96351856664593,40.96351856664593,1716500,40.8731803689417,41.90306059360381,39.698658198110685,40.96351856664593,1.0,41.90306059360381,39.698658198110685,0
2023-10-10,IRBR3,IRBR3.SA,40.91834946779382,42.91300463483475,40.91834946779382,42.26722263875011,42.26722263875011,1648800,40.91834946779382,42.91300463483475,40.91834946779382,42.26722263875011,1.0,42.91300463483475,40.91834946779382,0
2023-10-11,IRBR3,IRBR3.SA,41.592786053271965,43.34029026149771,39.51414539582903,41.327679894713455,41.327679894713455,4274400,41.592786053271965,43.34029026149771,39.51414539582903,41.327679894713455,1.0,43.34029026149771,39.51414539582903,0
2023-10-13,IRBR3,IRBR3.SA,41.46023297399271,41.46023297399271,38.76639938354492,39.30050579719802,39.30050579719802,2162000,41.46023297399271,41.46023297399271,38.76639938354492,39.30050579719802,1.0,41.46023297399271,38.76639938354492,0
2023-10-16,IRBR3,IRBR3.SA,40.380369385595365,40.380369385595365,38.69841906420471,39.230099008351765,39.230099008351765,1339800,40.380369385595365,40.380369385595365,38.69841906420471,39.230099008351765,1.0,40.380369385595365,38.69841906420471,0
2023-10-17,IRBR3,IRBR3.SA,39.805234196973565,39.805234196973565,38.290557357312856,38.744547344665506,38.744547344665506,1531300,39.805234196973565,39.805234196973565,38.290557357312856,38.744547344665506,1.0,39.805234196973565,38.290557357312856,0
2023-10-18,IRBR3,IRBR3.SA,39.27489077081954,39.71808262765335,38.37796051506688,38.771257584414535,38.771257584414535,1998800,39.27489077081954,39.71808262765335,38.37796051506688,38.771257584414535,1.0,39.71808262765335,38.37796051506688,0
2023-10-19,IRBR3,IRBR3.SA,39.02307417761703,39.23252985347466,38.455645139971516,38.761543773747945,38.761543773747945,1434400,39.02307417761703,39.23252985347466,38.455645139971516,38.761543773747945,1.0,39.23252985347466,38.455645139971516,0
2023-10-20,IRBR3,IRBR3.SA,38.89230897568249,39.37819185118808,38.55275649688685,38.9630459000127,38.9630459000127,1434700,38.89230897568249,39.37819185118808,38.55275649688685,38.9630459000127,1.0,39.37819185118808,38.55275649688685,0
2023-10-23,IRBR3,IRBR3.SA,38.92767743784759,39.96085192973005,38.48477632891587,39.278652387587854,39.278652387587854,1854400,38.92767743784759,39.96085192973005,38.48477632891587,39.278652387587854,1.0,39.96085192973005,38.48477632891587,0
2023-10-24,IRBR3,IRBR3.SA,39.10316491271772,41.252419225380194,39.10316491271772,39.917153758192484,39.917153758192484,3799200,39.10316491271772,41.252419225380194,39.10316491271772,39.917153758192484,1.0,41.252419225380194,39.10316491271772,0
2023-10-25,IRBR3,IRBR3.SA,39.5101593354551,39.86374650202788,37.8826970288998,38.904782847806445,38.904782847806445,2304000,39.5101593354551,39.86374650202788,37.8826970288998,38.904782847806445,1.0,39.86374650202788,37.8826970288998,0
2023-10-26,IRBR3,IRBR3.SA,39.20747109163077,40.844560496290796,38.445936839825926,39.63310914947873,39.63310914947873,2149700,39.20747109163077,40.844560496290796,38.445936839825926,39.63310914947873,1.0,40.844560496290796,38.445936839825926,0
2023-10-27,IRBR3,IRBR3.SA,39.42029012055475,41.213576949470344,39.42029012055475,40.26675283911689,40.26675283911689,1388200,39.42029012055475,41.213576949470344,39.42029012055475,40.26675283911689,1.0,41.213576949470344,39.42029012055475,0
2023-10-30,IRBR3,IRBR3.SA,39.84352147983582,40.485250949704636,38.999465711686135,39.7083699005597,39.7083699005597,1463000,39.84352147983582,40.485250949704636,38.999465711686135,39.7083699005597,1.0,40.485250949704636,38.999465711686135,0
2023-10-31,IRBR3,IRBR3.SA,39.77594569019776,40.25218848719168,39.07715566883115,39.628254447542055,39.628254447542055,1352500,39.77594569019776,40.25218848719168,39.07715566883115,39.628254447542055,1.0,40.25218848719168,39.07715566883115,0
2023-11-01,IRBR3,IRBR3.SA,39.70210006886991,40.96108913619119,39.436459051359336,40.099236160073474,40.099236160073474,1604100,39.70210006886991,40.96108913619119,39.436459051359336,40.099236160073474,1.0,40.96108913619119,39.436459051359336,0
2023-11-03,IRBR3,IRBR3.SA,39.90066811447169,41.611727831992674,39.90066811447169,40.922246158337934,40.922246158337934,2202000,39.90066811447169,41.611727831992674,39.90066811447169,40.922246158337934,1.0,41.611727831992674,39.90066811447169,0
2023-11-06,IRBR3,IRBR3.SA,40.41145713640481,41.60201439164531,40.41145713640481,41.1043238211599,41.1043238211599,986100,40.41145713640481,41.60201439164531,40.41145713640481,41.1043238211599,1.0,41.60201439164531,40.41145713640481,0
2023-11-07,IRBR3,IRBR3.SA,40.75789047878236,41.88364020531044,40.64062683222829,41.3082614673951,41.3082614673951,1840400,40.75789047878236,41.88364020531044,40.64062683222829,41.3082614673951,1.0,41.88364020531044,40.64062683222829,0
2023-11-08,IRBR3,IRBR3.SA,41.03307597308873,42.74791925036924,40.96109105578611,41.963754335703186,41.963754335703186,1721200,41.03307597308873,42.74791925036924,40.96109105578611,41.963754335703186,1.0,42.74791925036924,40.96109105578611,0
2023-11-09,IRBR3,IRBR3.SA,41.49841515439596,43.35971913588176,41.49841515439596,42.347343581391485,42.347343581391485,1455300,41.49841515439596,43.35971913588176,41.49841515439596,42.347343581391485,1.0,43.35971913588176,41.49841515439596,0
2023-11-10,IRBR3,IRBR3.SA,41.92287936789372,43.243182640533036,40.601787000873315,42.10456649524545,42.10456649524545,2512300,41.92287936789372,43.243182640533036,40.601787000873315,42.10456649524545,1.0,43.243182640533036,40.601787000873315,0
2023-11-13,IRBR3,IRBR3.SA,42.01372293156959,43.35971664754192,41.708842092947854,42.52456719942842,42.52456719942842,1491300,42.01372293156959,43.35971664754192,41.708842092947854,42.52456719942842,1.0,43.35971664754192,41.708842092947854,0
2023-11-14,IRBR3,IRBR3.SA,42.269145065499,44.35023291061465,42.269145065499,43.053813370217085,43.053813370217085,2328700,42.269145065499,44.35023291061465,42.269145065499,43.053813370217085,1.0,44.35023291061465,42.269145065499,0
2023-11-16,IRBR3,IRBR3.SA,42.661479217858044,43.456820231591614,41.961322065277464,42.81589297523707,42.81589297523707,2020100,42.661479217858044,43.456820231591614,41.961322065277464,42.81589297523707,1.0,43.456820231591614,41.961322065277464,0
2023-11-17,IRBR3,IRBR3.SA,42.73868609654755,43.16548966946729,41.592305283447594,42.318203594386894,42.318203594386894,1503800,42.73868609654755,43.16548966946729,41.592305283447594,42.318203594386894,1.0,43.16548966946729,41.592305283447594,0
2023-11-20,IRBR3,IRBR3.SA,42.52844484546722,42.52844484546722,41.36894828870094,41.87392275514131,41.87392275514131,1264300,42.52844484546722,42.52844484546722,41.36894828870094,41.87392275514131,1.0,42.52844484546722,41.36894828870094,0
2023-11-21,IRBR3,IRBR3.SA,42.201183800304264,42.96156287956341,41.534041462740966,42.20895812026768,42.20895812026768,1643600,42.201183800304264,42.96156287956341,41.534041462740966,42.20895812026768,1.0,42.96156287956341,41.534041462740966,0
2023-11-22,IRBR3,IRBR3.SA,42.20507096028597,45.45729446411133,42.20507096028597,44.136594904136594,44.136594904136594,3409900,42.20507096028597,45.45729446411133,42.20507096028597,44.136594904136594,1.0,45.45729446411133,42.20507096028597,0
2023-11-23,IRBR3,IRBR3.SA,43.17083293221128,47.77822844856544,43.17083293221128,46.17591020686395,46.17591020686395,3456700,43.17083293221128,47.77822844856544,43.17083293221128,46.17591020686395,1.0,47.77822844856544,43.17083293221128,0
2023-11-24,IRBR3,IRBR3.SA,44.67337156953762,46.51579789908341,44.379372270549084,45.71221047726198,45.71221047726198,2149600,44.67337156953762,46.51579789908341,44.379372270549084,45.71221047726198,1.0,46.51579789908341,44.379372270549084,0
2023-11-27,IRBR3,IRBR3.SA,45.192791023399806,46.46723923568562,44.9814540408053,45.8214572296267,45.8214572296267,1886300,45.192791023399806,46.46723923568562,44.9814540408053,45.8214572296267,1.0,46.46723923568562,44.9814540408053,0
2023-11-28,IRBR3,IRBR3.SA,45.507124126513254,47.53544989361362,45.507124126513254,46.799839402094605,46.799839402094605,2067000,45.507124126513254,47.53544989361362,45.507124126513254,46.799839402094605,1.0,47.53544989361362,45.507124126513254,0
2023-11-29,IRBR3,IRBR3.SA,46.15348176430393,48.34146471860122,46.15348176430393,47.75152100379921,47.75152100379921,1862400,46.15348176430393,48.34146471860122,46.15348176430393,47.75152100379921,1.0,48.34146471860122,46.15348176430393,0
2023-11-30,IRBR3,IRBR3.SA,46.95250138405157,49.8661001212042,46.95250138405157,48.603667910122034,48.603667910122034,3382800,46.95250138405157,49.8661001212042,46.95250138405157,48.603667910122034,1.0,49.8661001212042,46.95250138405157,0
2023-12-01,IRBR3,IRBR3.SA,47.7780846470868,52.0802116394043,47.7780846470868,50.47060949545522,50.47060949545522,3711700,47.7780846470868,52.0802116394043,47.7780846470868,50.47060949545522,1.0,52.0802116394043,47.7780846470868,0
2023-12-04,IRBR3,IRBR3.SA,49.12434707127101,52.342409511441005,49.12434707127101,51.393156231851115,51.393156231851115,1720600,49.12434707127101,52.342409511441005,49.12434707127101,51.393156231851115,1.0,52.342409511441005,49.12434707127101,0
2023-12-05,IRBR3,IRBR3.SA,50.25875165156106,52.993047979038,50.25875165156106,51.83986501607443,51.83986501607443,3708900,50.25875165156106,52.993047979038,50.25875165156106,51.83986501607443,1.0,52.993047979038,50.25875165156106,0
2023-12-06,IRBR3,IRBR3.SA,51.04930833381775,52.9153636003673,51.04930833381775,52.33512922402127,52.33512922402127,1946300,51.04930833381775,52.9153636003673,51.04930833381775,52.33512922402127,1.0,52.9153636003673,51.04930833381775,0
2023-12-07,IRBR3,IRBR3.SA,51.69221877891951,52.68229250572277,51.15766240145319,51.78645016487026,51.78645016487026,1665900,51.69221877891951,52.68229250572277,51.15766240145319,51.78645016487026,1.0,52.68229250572277,51.15766240145319,0
2023-12-08,IRBR3,IRBR3.SA,51.739334471894885,51.83743639781712,48.865862336535315,50.324943908536646,50.324943908536646,1981400,51.739334471894885,51.83743639781712,48.865862336535315,50.324943908536646,1.0,51.83743639781712,48.865862336535315,0
2023-12-11,IRBR3,IRBR3.SA,51.032139190215766,51.032139190215766,48.40943998358585,49.18875107745946,49.18875107745946,1045200,51.032139190215766,51.032139190215766,48.40943998358585,49.18875107745946,1.0,51.032139190215766,48.40943998358585,0
2023-12-12,IRBR3,IRBR3.SA,50.110445133837615,50.59442249264001,49.03095108233678,49.868525052142076,49.868525052142076,1021500,50.110445133837615,50.59442249264001,49.03095108233678,49.868525052142076,1.0,50.59442249264001,49.03095108233678,0
2023-12-13,IRBR3,IRBR3.SA,49.989485092989845,50.67211090123742,48.89499217394081,49.866096184179625,49.866096184179625,2313100,49.989485092989845,50.67211090123742,48.89499217394081,49.866096184179625,1.0,50.67211090123742,48.89499217394081,0
2023-12-14,IRBR3,IRBR3.SA,49.92779063858474,50.30309142959198,47.787936672889344,49.04308670331771,49.04308670331771,2112400,49.92779063858474,50.30309142959198,47.787936672889344,49.04308670331771,1.0,50.30309142959198,47.787936672889344,0
2023-12-15,IRBR3,IRBR3.SA,49.485438670951226,49.485438670951226,45.17567414185392,47.01348495495678,47.01348495495678,2559600,49.485438670951226,49.485438670951226,45.17567414185392,47.01348495495678,1.0,49.485438670951226,45.17567414185392,0
2023-12-18,IRBR3,IRBR3.SA,48.249461812954,48.249461812954,45.95255602100968,46.95522023259273,46.95522023259273,1621900,48.249461812954,48.249461812954,45.95255602100968,46.95522023259273,1.0,48.249461812954,45.95255602100968,0
2023-12-19,IRBR3,IRBR3.SA,47.602341022773366,48.68135338783694,47.28296387585201,48.03071392613453,48.03071392613453,1569100,47.602341022773366,48.68135338783694,47.28296387585201,48.03071392613453,1.0,48.68135338783694,47.28296387585201,0
2023-12-20,IRBR3,IRBR3.SA,47.81652747445395,49.95349708258252,47.81652747445395,48.64493698356396,48.64493698356396,1575100,47.81652747445395,49.95349708258252,47.81652747445395,48.64493698356396,1.0,49.95349708258252,47.81652747445395,0
2023-12-21,IRBR3,IRBR3.SA,48.23073222900895,48.749326961628654,47.03047577186024,47.84134607572387,47.84134607572387,1367800,48.23073222900895,48.749326961628654,47.03047577186024,47.84134607572387,1.0,48.749326961628654,47.03047577186024,0
2023-12-22,IRBR3,IRBR3.SA,48.03603915236641,48.03603915236641,44.204575545457324,45.90886013159375,45.90886013159375,3802900,48.03603915236641,48.03603915236641,44.204575545457324,45.90886013159375,1.0,48.03603915236641,44.204575545457324,0
2023-12-26,IRBR3,IRBR3.SA,46.97244964198008,46.97244964198008,43.62190773804842,44.1972864411012,44.1972864411012,1836500,46.97244964198008,46.97244964198008,43.62190773804842,44.1972864411012,1.0,46.97244964198008,43.62190773804842,0
2023-12-27,IRBR3,IRBR3.SA,45.58486804154064,45.58486804154064,43.602487672580175,43.88167805671692,43.88167805671692,1249300,45.58486804154064,45.58486804154064,43.602487672580175,43.88167805671692,1.0,45.58486804154064,43.602487672580175,0
2023-12-28,IRBR3,IRBR3.SA,44.73327304912878,44.73327304912878,42.806185025351034,43.38156187018611,43.38156187018611,1390800,44.73327304912878,44.73327304912878,42.806185025351034,43.38156187018611,1.0,44.73327304912878,42.806185025351034,0
2024-01-02,IRBR3,IRBR3.SA,44.057417459657444,44.057417459657444,40.45611416934927,41.83750660159072,41.83750660159072,2342700,44.057417459657444,44.057417459657444,40.45611416934927,41.83750660159072,1.0,44.057417459657444,40.45611416934927,0
2024-01-03,IRBR3,IRBR3.SA,42.94746203062408,42.94746203062408,40.349298786879494,40.93196052234759,40.93196052234759,1372400,42.94746203062408,42.94746203062408,40.349298786879494,40.93196052234759,1.0,42.94746203062408,40.349298786879494,0
2024-01-04,IRBR3,IRBR3.SA,41.93971127648584,41.93971127648584,39.8248974459067,40.92709953189283,40.92709953189283,1907700,41.93971127648584,41.93971127648584,39.8248974459067,40.92709953189283,1.0,41.93971127648584,39.8248974459067,0
2024-01-05,IRBR3,IRBR3.SA,41.43340540418933,41.43340540418933,39.6209718167785,40.303171493850684,40.303171493850684,1740000,41.43340540418933,41.43340540418933,39.6209718167785,40.303171493850684,1.0,41.43340540418933,39.6209718167785,0
2024-01-08,IRBR3,IRBR3.SA,40.86828844902001,41.4660598023174,39.58211938511223,40.441545879381664,40.441545879381664,1500200,40.86828844902001,41.4660598023174,39.58211938511223,40.441545879381664,1.0,41.4660598023174,39.58211938511223,0
2024-01-09,IRBR3,IRBR3.SA,40.65491716420084,40.970798856233344,40.096809133641834,40.638197551378255,40.638197551378255,1116900,40.65491716420084,40.970798856233344,40.096809133641834,40.638197551378255,1.0,40.970798856233344,40.096809133641834,0
2024-01-10,IRBR3,IRBR3.SA,40.64655735778955,40.96108890259449,39.329636997454344,40.14293560214488,40.14293560214488,977900,40.64655735778955,40.96108890259449,39.329636997454344,40.14293560214488,1.0,40.96108890259449,39.329636997454344,0
2024-01-11,IRBR3,IRBR3.SA,40.39474647996721,40.39474647996721,38.89264468223194,39.49715531906044,39.49715531906044,1216000,40.39474647996721,40.39474647996721,38.89264468223194,39.49715531906044,1.0,40.39474647996721,38.89264468223194,0
2024-01-12,IRBR3,IRBR3.SA,39.945950899513825,40.15507560763482,39.077155247332364,39.497155923291835,39.497155923291835,1079000,39.945950899513825,40.15507560763482,39.077155247332364,39.497155923291835,1.0,40.15507560763482,39.077155247332364,0
2024-01-15,IRBR3,IRBR3.SA,39.72155341140283,39.72155341140283,39.0091713606855,39.37819213890539,39.37819213890539,658000,39.72155341140283,39.72155341140283,39.0091713606855,39.37819213890539,1.0,39.72155341140283,39.0091713606855,0
2024-01-16,IRBR3,IRBR3.SA,39.549872775154114,39.549872775154114,37.96038690447522,38.83680682874878,38.83680682874878,1678600,39.549872775154114,39.549872775154114,37.96038690447522,38.83680682874878,1.0,39.549872775154114,37.96038690447522,0
2024-01-17,IRBR3,IRBR3.SA,39.193339801951446,39.193339801951446,37.426283325270575,38.016227117250494,38.016227117250494,1393800,39.193339801951446,39.193339801951446,37.426283325270575,38.016227117250494,1.0,39.193339801951446,37.426283325270575,0
2024-01-18,IRBR3,IRBR3.SA,38.60478345960097,38.60478345960097,37.18350169176704,37.75887852215571,37.75887852215571,1004200,38.60478345960097,38.60478345960097,37.18350169176704,37.75887852215571,1.0,38.60478345960097,37.18350169176704,0
2024-01-19,IRBR3,IRBR3.SA,38.18183099087834,38.18183099087834,36.82419395155494,37.47968905333481,37.47968905333481,1075000,38.18183099087834,38.18183099087834,36.82419395155494,37.47968905333481,1.0,38.18183099087834,36.82419395155494,0
2024-01-22,IRBR3,IRBR3.SA,37.830760022106574,37.830760022106574,36.42604122633881,37.08882020682292,37.08882020682292,1075100,37.830760022106574,37.830760022106574,36.42604122633881,37.08882020682292,1.0,37.830760022106574,36.42604122633881,0
2024-01-23,IRBR3,IRBR3.SA,37.45979011446475,40.78629280080743,37.45979011446475,39.3733382338963,39.3733382338963,5419000,37.45979011446475,40.78629280080743,37.45979011446475,39.3733382338963,1.0,40.78629280080743,37.45979011446475,0
2024-01-24,IRBR3,IRBR3.SA,38.41656417418052,40.669760587139216,38.41656417418052,39.79819541203989,39.79819541203989,3643500,38.41656417418052,40.669760587139216,38.41656417418052,39.79819541203989,1.0,40.669760587139216,38.41656417418052,0
2024-01-25,IRBR3,IRBR3.SA,39.107379793110205,40.242476675949746,38.23229527636599,39.31750235785026,39.31750235785026,2790000,39.107379793110205,40.242476675949746,38.23229527636599,39.31750235785026,1.0,40.242476675949746,38.23229527636599,0
2024-01-26,IRBR3,IRBR3.SA,39.21244107548023,40.20363025817021,38.93148511545649,39.63067891870589,39.63067891870589,1830900,39.21244107548023,40.20363025817021,38.93148511545649,39.63067891870589,1.0,40.20363025817021,38.93148511545649,0
2024-01-29,IRBR3,IRBR3.SA,39.421559997093055,39.73749804144041,38.79553147872897,39.21067649781612,39.21067649781612,947300,39.421559997093055,39.73749804144041,38.79553147872897,39.21067649781612,1.0,39.73749804144041,38.79553147872897,0
2024-01-30,IRBR3,IRBR3.SA,39.31611824745458,39.31611824745458,38.14488920222226,38.686279436529304,38.686279436529304,1226200,39.31611824745458,39.31611824745458,38.14488920222226,38.686279436529304,1.0,39.31611824745458,38.14488920222226,0
2024-01-31,IRBR3,IRBR3.SA,39.00119884199194,40.59207386021405,38.35853939578225,39.22281981730255,39.22281981730255,2719600,39.00119884199194,40.59207386021405,38.35853939578225,39.22281981730255,1.0,40.59207386021405,38.35853939578225,0
2024-02-01,IRBR3,IRBR3.SA,39.11200932964725,39.68894498218276,38.84408712447447,39.35148712346732,39.35148712346732,1311600,39.11200932964725,39.68894498218276,38.84408712447447,39.35148712346732,1.0,39.68894498218276,38.84408712447447,0
2024-02-02,IRBR3,IRBR3.SA,39.231748226557286,39.4267460673011,38.601310716161194,39.137844435294284,39.137844435294284,1000400,39.231748226557286,39.4267460673011,38.601310716161194,39.137844435294284,1.0,39.4267460673011,38.601310716161194,0
2024-02-05,IRBR3,IRBR3.SA,39.184796330925785,39.523860787570996,38.98975531161618,39.27622961226265,39.27622961226265,769900,39.184796330925785,39.523860787570996,38.98975531161618,39.27622961226265,1.0,39.523860787570996,38.98975531161618,0
2024-02-06,IRBR3,IRBR3.SA,39.230512971594216,41.21357323717526,39.230512971594216,40.29102824724309,40.29102824724309,2138400,39.230512971594216,41.21357323717526,39.230512971594216,40.29102824724309,1.0,41.21357323717526,39.230512971594216,0
2024-02-07,IRBR3,IRBR3.SA,39.76077060941866,41.72826086766956,39.76077060941866,41.14559920308001,41.14559920308001,1138600,39.76077060941866,41.72826086766956,39.76077060941866,41.14559920308001,1.0,41.72826086766956,39.76077060941866,0
2024-02-08,IRBR3,IRBR3.SA,40.453184906249334,41.54375084524705,39.23253028120585,40.37843024509396,40.37843024509396,1822800,40.453184906249334,41.54375084524705,39.23253028120585,40.37843024509396,1.0,41.54375084524705,39.23253028120585,0
2024-02-09,IRBR3,IRBR3.SA,40.41580757567165,40.41580757567165,38.64986801147461,39.237385342179714,39.237385342179714,1021200,40.41580757567165,40.41580757567165,38.64986801147461,39.237385342179714,1.0,40.41580757567165,38.64986801147461,0
2024-02-14,IRBR3,IRBR3.SA,39.82659645892568,39.82659645892568,38.0672060032874,38.479923686796205,38.479923686796205,932100,39.82659645892568,39.82659645892568,38.0672060032874,38.479923686796205,1.0,39.82659645892568,38.0672060032874,0
2024-02-15,IRBR3,IRBR3.SA,39.153260072860945,39.5238579338853,38.35853462219239,38.87564677229748,38.87564677229748,1265700,39.153260072860945,39.5238579338853,38.35853462219239,38.87564677229748,1.0,39.5238579338853,38.35853462219239,0
2024-02-16,IRBR3,IRBR3.SA,39.01445342257921,39.43646410453498,38.377962473276376,39.07472809846869,39.07472809846869,1309600,39.01445342257921,39.43646410453498,38.377962473276376,39.07472809846869,1.0,39.43646410453498,38.377962473276376,0
2024-02-19,IRBR3,IRBR3.SA,39.044590760523946,40.475542239126604,38.98975697607917,39.65496057526442,39.65496057526442,866200,39.044590760523946,40.475542239126604,38.98975697607917,39.65496057526442,1.0,40.475542239126604,38.98975697607917,0
2024-02-20,IRBR3,IRBR3.SA,39.34977566789418,40.74744782335508,39.34977566789418,40.17449829766149,40.17449829766149,830100,39.34977566789418,40.74744782335508,39.34977566789418,40.17449829766149,1.0,40.74744782335508,39.34977566789418,0
2024-02-21,IRBR3,IRBR3.SA,39.76213698277783,40.72802598476516,39.19368639551439,40.04339991631318,40.04339991631318,1315400,39.76213698277783,40.72802598476516,39.19368639551439,40.04339991631318,1.0,40.72802598476516,39.19368639551439,0
2024-02-22,IRBR3,IRBR3.SA,39.902768449545505,40.37843186820634,39.756923339007436,40.016694959599214,40.016694959599214,713300,39.902768449545505,40.37843186820634,39.756923339007436,40.016694959599214,1.0,40.37843186820634,39.756923339007436,0
2024-02-23,IRBR3,IRBR3.SA,39.95973170457236,40.64062423018009,39.71808013457628,40.14293640676418,40.14293640676418,829700,39.95973170457236,40.64062423018009,39.71808013457628,40.14293640676418,1.0,40.64062423018009,39.71808013457628,0
2024-02-26,IRBR3,IRBR3.SA,40.05133405566827,40.43669015651111,38.51390847608323,39.34905686044756,39.34905686044756,1504200,40.05133405566827,40.43669015651111,38.51390847608323,39.34905686044756,1.0,40.43669015651111,38.51390847608323,0
2024-02-27,IRBR3,IRBR3.SA,39.70019545805792,40.252187543037394,38.785821124239156,39.499582770922835,39.499582770922835,931800,39.70019545805792,40.252187543037394,38.785821124239156,39.499582770922835,1.0,40.252187543037394,38.785821124239156,0
2024-02-28,IRBR3,IRBR3.SA,39.59988911449038,40.02883605914263,37.3874367452215,38.8198129390235,38.8198129390235,4261300,39.59988911449038,40.02883605914263,37.3874367452215,38.8198129390235,1.0,40.02883605914263,37.3874367452215,0
2024-02-29,IRBR3,IRBR3.SA,39.20985102675694,39.20985102675694,37.48454510282334,37.80743796931285,37.80743796931285,1198200,39.20985102675694,39.20985102675694,37.48454510282334,37.80743796931285,1.0,39.20985102675694,37.48454510282334,0
2024-03-01,IRBR3,IRBR3.SA,38.5086444980349,38.5086444980349,37.00870430240594,37.67633704447923,37.67633704447923,1561500,38.5086444980349,38.5086444980349,37.00870430240594,37.67633704447923,1.0,38.5086444980349,37.00870430240594,0
2024-03-04,IRBR3,IRBR3.SA,38.09249077125706,41.543751666110055,38.09249077125706,40.11866034780612,40.11866034780612,4781700,38.09249077125706,41.543751666110055,38.09249077125706,40.11866034780612,1.0,41.543751666110055,38.09249077125706,0
2024-03-05,IRBR3,IRBR3.SA,39.10557555953159,42.709069801544125,39.10557555953159,41.58259244278965,41.58259244278965,3347000,39.10557555953159,42.709069801544125,39.10557555953159,41.58259244278965,1.0,42.709069801544125,39.10557555953159,0
2024-03-06,IRBR3,IRBR3.SA,40.34408400116062,42.534272554460145,40.34408400116062,41.757391591327575,41.757391591327575,2259300,40.34408400116062,42.534272554460145,40.34408400116062,41.757391591327575,1.0,42.534272554460145,40.34408400116062,0
2024-03-07,IRBR3,IRBR3.SA,41.05073779624409,42.660514800572116,41.05073779624409,42.162825168280676,42.162825168280676,956800,41.05073779624409,42.660514800572116,41.05073779624409,42.162825168280676,1.0,42.660514800572116,41.05073779624409,0
2024-03-08,IRBR3,IRBR3.SA,41.606781482262384,42.46630058250063,41.38837650156344,41.79138482091582,41.79138482091582,1196400,41.606781482262384,42.46630058250063,41.38837650156344,41.79138482091582,1.0,42.46630058250063,41.38837650156344,0
2024-03-11,IRBR3,IRBR3.SA,41.69908315158911,42.10699457743171,39.27137405251007,40.609068860117745,40.609068860117745,3102100,41.69908315158911,42.10699457743171,39.27137405251007,40.609068860117745,1.0,42.10699457743171,39.27137405251007,0
2024-03-12,IRBR3,IRBR3.SA,41.154076005853426,41.154076005853426,38.93148857229355,39.451028117477584,39.451028117477584,1594700,41.154076005853426,41.154076005853426,38.93148857229355,39.451028117477584,1.0,41.154076005853426,38.93148857229355,0
2024-03-13,IRBR3,IRBR3.SA,40.30255206166551,40.30255206166551,38.853799702851035,39.34178003211322,39.34178003211322,1380300,40.30255206166551,40.30255206166551,38.853799702851035,39.34178003211322,1.0,40.30255206166551,38.853799702851035,0
2024-03-14,IRBR3,IRBR3.SA,39.822166046889365,39.822166046889365,38.85379622113871,39.17911641149469,39.17911641149469,713500,39.822166046889365,39.822166046889365,38.85379622113871,39.17911641149469,1.0,39.822166046889365,38.85379622113871,0
2024-03-15,IRBR3,IRBR3.SA,39.50064122919203,39.50064122919203,37.911827087402344,38.533331842202294,38.533331842202294,1886000,39.50064122919203,39.50064122919203,37.911827087402344,38.533331842202294,1.0,39.50064122919203,37.911827087402344,0
2024-03-18,IRBR3,IRBR3.SA,39.01698653569716,39.01698653569716,37.67876629234046,38.06963509337654,38.06963509337654,1029500,39.01698653569716,39.01698653569716,37.67876629234046,38.06963509337654,1.0,39.01698653569716,37.67876629234046,0
2024-03-19,IRBR3,IRBR3.SA,38.54331081453685,38.54331081453685,37.48454113163342,38.006508902460624,38.006508902460624,1823900,38.54331081453685,38.54331081453685,37.48454113163342,38.006508902460624,1.0,38.54331081453685,37.48454113163342,0
2024-03-20,IRBR3,IRBR3.SA,38.27490985849874,39.24223742353788,38.21286781905801,38.62801468875332,38.62801468875332,899600,38.27490985849874,39.24223742353788,38.21286781905801,38.62801468875332,1.0,39.24223742353788,38.21286781905801,0
2024-03-21,IRBR3,IRBR3.SA,38.45146227362603,39.319929173634804,38.40709074718461,38.86836465636234,38.86836465636234,746700,38.45146227362603,39.319929173634804,38.40709074718461,38.86836465636234,1.0,39.319929173634804,38.40709074718461,0
2024-03-22,IRBR3,IRBR3.SA,38.65991346499418,38.795534189510654,37.48454397795711,38.11090627662666,38.11090627662666,959600,38.65991346499418,38.795534189510654,37.48454397795711,38.11090627662666,1.0,38.795534189510654,37.48454397795711,0
2024-03-25,IRBR3,IRBR3.SA,38.38540987081042,38.38540987081042,37.00870447265509,37.47240479794115,37.47240479794115,1029200,38.38540987081042,38.38540987081042,37.00870447265509,37.47240479794115,1.0,38.38540987081042,37.00870447265509,0
2024-03-26,IRBR3,IRBR3.SA,37.928907334375786,37.928907334375786,35.81424383267537,36.67852404494898,36.67852404494898,1596200,37.928907334375786,37.928907334375786,35.81424383267537,36.67852404494898,1.0,37.928907334375786,35.81424383267537,0
2024-03-27,IRBR3,IRBR3.SA,37.30371568966238,37.30371568966238,35.47436215668897,36.30708329283277,36.30708329283277,1368900,37.30371568966238,37.30371568966238,35.47436215668897,36.30708329283277,1.0,37.30371568966238,35.47436215668897,0
2024-03-28,IRBR3,IRBR3.SA,36.80539949124758,36.96985895611769,35.9307799406766,36.40904712499349,36.40904712499349,1252600,36.80539949124758,36.96985895611769,35.9307799406766,36.40904712499349,1.0,36.96985895611769,35.9307799406766,0
2024-04-01,IRBR3,IRBR3.SA,36.60722330812054,38.620735782801574,36.60722330812054,37.426279569110314,37.426279569110314,3669400,36.60722330812054,38.620735782801574,36.60722330812054,37.426279569110314,1.0,38.620735782801574,36.60722330812054,0
2024-04-02,IRBR3,IRBR3.SA,37.01675143861543,37.494256321808855,36.64939844985529,37.10338846646512,37.10338846646512,1177500,37.01675143861543,37.494256321808855,36.64939844985529,37.10338846646512,1.0,37.494256321808855,36.64939844985529,0
2024-04-03,IRBR3,IRBR3.SA,37.060069952540275,37.125237756699214,35.98904992732168,36.56442681236843,36.56442681236843,1664100,37.060069952540275,37.125237756699214,35.98904992732168,36.56442681236843,1.0,37.125237756699214,35.98904992732168,0
2024-04-04,IRBR3,IRBR3.SA,36.81224838245436,37.17379160564098,36.06673567322887,36.47217132958077,36.47217132958077,1092500,36.81224838245436,37.17379160564098,36.06673567322887,36.47217132958077,1.0,37.17379160564098,36.06673567322887,0
2024-04-05,IRBR3,IRBR3.SA,36.64220985601756,41.45634980879467,36.64220985601756,39.66466699333644,39.66466699333644,7724800,36.64220985601756,41.45634980879467,36.64220985601756,39.66466699333644,1.0,41.45634980879467,36.64220985601756,0
2024-04-08,IRBR3,IRBR3.SA,38.153438424677,41.708842719023146,38.153438424677,40.463403813914525,40.463403813914525,3247600,38.153438424677,41.708842719023146,38.153438424677,40.463403813914525,1.0,41.708842719023146,38.153438424677,0
2024-04-09,IRBR3,IRBR3.SA,39.30842111929576,41.17473178819122,39.30842111929576,40.26674996315872,40.26674996315872,1993600,39.30842111929576,41.17473178819122,39.30842111929576,40.26674996315872,1.0,41.17473178819122,39.30842111929576,0
2024-04-10,IRBR3,IRBR3.SA,39.787585541227244,40.59206812775763,39.426744835612396,39.97784632939148,39.97784632939148,1265500,39.787585541227244,40.59206812775763,39.426744835612396,39.97784632939148,1.0,40.59206812775763,39.426744835612396,0
2024-04-11,IRBR3,IRBR3.SA,39.88271593530936,39.88271593530936,38.69842429871476,39.33692430584833,39.33692430584833,2485200,39.88271593530936,39.88271593530936,38.69842429871476,39.33692430584833,1.0,39.88271593530936,38.69842429871476,0
2024-04-12,IRBR3,IRBR3.SA,39.609820120578846,39.609820120578846,38.455645429679315,39.06744084961074,39.06744084961074,1064500,39.609820120578846,39.609820120578846,38.455645429679315,39.06744084961074,1.0,39.609820120578846,38.455645429679315,0
2024-04-15,IRBR3,IRBR3.SA,39.3386304850948,39.3386304850948,37.65934023027544,38.42165619674563,38.42165619674563,1567600,39.3386304850948,39.3386304850948,37.65934023027544,38.42165619674563,1.0,39.3386304850948,37.65934023027544,0
2024-04-16,IRBR3,IRBR3.SA,38.88014334092021,38.88014334092021,36.969862607201065,37.47483622509732,37.47483622509732,1068200,38.88014334092021,38.88014334092021,36.969862607201065,37.47483622509732,1.0,38.88014334092021,36.969862607201065,0
2024-04-17,IRBR3,IRBR3.SA,38.17748978300877,39.183970401101185,37.115525481930106,37.95310034820001,37.95310034820001,1481800,38.17748978300877,39.183970401101185,37.115525481930106,37.95310034820001,1.0,39.183970401101185,37.115525481930106,0
2024-04-18,IRBR3,IRBR3.SA,38.06529506560439,38.94119576253556,37.70789925936166,38.28327611301798,38.28327611301798,1658900,38.06529506560439,38.94119576253556,37.70789925936166,38.28327611301798,1.0,38.94119576253556,37.70789925936166,0
2024-04-19,IRBR3,IRBR3.SA,38.17428558931118,38.630444415452246,37.892408371793415,38.414375249771155,38.414375249771155,931300,38.17428558931118,38.630444415452246,37.892408371793415,38.414375249771155,1.0,38.630444415452246,37.892408371793415,0
2024-04-22,IRBR3,IRBR3.SA,38.29433041954117,39.98027365853035,38.29433041954117,39.15241004044742,39.15241004044742,1229800,38.29433041954117,39.98027365853035,38.29433041954117,39.15241004044742,1.0,39.98027365853035,38.29433041954117,0
2024-04-23,IRBR3,IRBR3.SA,38.723370229994295,39.5432840148106,38.723370229994295,39.25680878269908,39.25680878269908,715100,38.723370229994295,39.5432840148106,38.723370229994295,39.25680878269908,1.0,39.5432840148106,38.723370229994295,0
2024-04-24,IRBR3,IRBR3.SA,38.99008950634669,39.90259214242383,38.45564814031623,39.32235776223433,39.32235776223433,936100,38.99008950634669,39.90259214242383,38.45564814031623,39.32235776223433,1.0,39.90259214242383,38.45564814031623,0
2024-04-25,IRBR3,IRBR3.SA,39.15622363429051,40.20363595203138,39.13542121927562,39.75207231665876,39.75207231665876,1092700,39.15622363429051,40.20363595203138,39.13542121927562,39.75207231665876,1.0,40.20363595203138,39.13542121927562,0
2024-04-26,IRBR3,IRBR3.SA,39.45414797547464,41.5243266635263,39.45414797547464,40.759584269449796,40.759584269449796,1308400,39.45414797547464,41.5243266635263,39.45414797547464,40.759584269449796,1.0,41.5243266635263,39.45414797547464,0
2024-04-29,IRBR3,IRBR3.SA,40.10686612246222,42.01959287313277,40.10686612246222,41.26456076023895,41.26456076023895,948700,40.10686612246222,42.01959287313277,40.10686612246222,41.26456076023895,1.0,42.01959287313277,40.10686612246222,0
2024-04-30,IRBR3,IRBR3.SA,40.685713441350586,42.514850560869704,40.685713441350586,41.643287278119764,41.643287278119764,1528100,40.685713441350586,42.514850560869704,40.685713441350586,41.643287278119764,1.0,42.514850560869704,40.685713441350586,0
2024-05-02,IRBR3,IRBR3.SA,41.16450035973517,43.48595567666792,41.16450035973517,42.50757049873803,42.50757049873803,2066600,41.16450035973517,43.48595567666792,41.16450035973517,42.50757049873803,1.0,43.48595567666792,41.16450035973517,0
2024-05-03,IRBR3,IRBR3.SA,41.8360354292366,43.89381873679937,41.8360354292366,43.13150275694253,43.13150275694253,1464900,41.8360354292366,43.89381873679937,41.8360354292366,43.13150275694253,1.0,43.89381873679937,41.8360354292366,0
2024-05-06,IRBR3,IRBR3.SA,42.48376909308956,42.83531788651312,41.66999452597553,42.24780058419531,42.24780058419531,1272500,42.48376909308956,42.83531788651312,41.66999452597553,42.24780058419531,1.0,42.83531788651312,41.66999452597553,0
2024-05-07,IRBR3,IRBR3.SA,42.36578483864244,42.36578483864244,37.581654391679876,39.81518954839676,39.81518954839676,4671100,42.36578483864244,42.36578483864244,37.581654391679876,39.81518954839676,1.0,42.36578483864244,37.581654391679876,0
2024-05-08,IRBR3,IRBR3.SA,41.0904871935196,41.0904871935196,37.1349463110978,38.14489154219486,38.14489154219486,2359400,41.0904871935196,41.0904871935196,37.1349463110978,38.14489154219486,1.0,41.0904871935196,37.1349463110978,0
2024-05-09,IRBR3,IRBR3.SA,39.61768936785723,39.61768936785723,38.047782389176525,38.356107431766965,38.356107431766965,899500,39.61768936785723,39.61768936785723,38.047782389176525,38.356107431766965,1.0,39.61768936785723,38.047782389176525,0
2024-05-10,IRBR3,IRBR3.SA,38.9868983998121,38.9868983998121,37.47483377182531,38.12304404104446,38.12304404104446,1099500,38.9868983998121,38.9868983998121,37.47483377182531,38.12304404104446,1.0,38.9868983998121,37.47483377182531,0
2024-05-13,IRBR3,IRBR3.SA,38.55497122042828,38.65958093372033,36.32893411055752,37.38015271427706,37.38015271427706,2300600,38.55497122042828,38.65958093372033,36.32893411055752,37.38015271427706,1.0,38.65958093372033,36.32893411055752,0
2024-05-14,IRBR3,IRBR3.SA,37.967561967352665,37.967561967352665,34.83343366632024,36.10315056368011,36.10315056368011,3352900,37.967561967352665,37.967561967352665,34.83343366632024,36.10315056368011,1.0,37.967561967352665,34.83343366632024,0
2024-05-15,IRBR3,IRBR3.SA,37.035356265516384,37.035356265516384,34.9596786193151,35.40638566093985,35.40638566093985,2064300,37.035356265516384,37.035356265516384,34.9596786193151,35.40638566093985,1.0,37.035356265516384,34.9596786193151,0
2024-05-16,IRBR3,IRBR3.SA,36.220870963228116,36.3774859818511,34.88198776813505,35.753552918872316,35.753552918872316,1849400,36.220870963228116,36.3774859818511,34.88198776813505,35.753552918872316,1.0,36.3774859818511,34.88198776813505,0
2024-05-17,IRBR3,IRBR3.SA,35.98721194105022,39.436460472943246,35.98721194105022,37.292751020893895,37.292751020893895,5164700,35.98721194105022,39.436460472943246,35.98721194105022,37.292751020893895,1.0,39.436460472943246,35.98721194105022,0
2024-05-20,IRBR3,IRBR3.SA,36.639981480972054,36.639981480972054,33.79435453532005,35.10291455193173,35.10291455193173,4105900,36.639981480972054,36.639981480972054,33.79435453532005,35.10291455193173,1.0,36.639981480972054,33.79435453532005,0
2024-05-21,IRBR3,IRBR3.SA,35.87144801645189,35.87144801645189,33.367071194902174,33.70452905121328,33.70452905121328,2034000,35.87144801645189,35.87144801645189,33.367071194902174,33.70452905121328,1.0,35.87144801645189,33.367071194902174,0
2024-05-22,IRBR3,IRBR3.SA,34.78798853383259,34.78798853383259,32.4056788685485,32.915508071222234,32.915508071222234,2060400,34.78798853383259,34.78798853383259,32.4056788685485,32.915508071222234,1.0,34.78798853383259,32.4056788685485,0
2024-05-23,IRBR3,IRBR3.SA,33.85174830252741,33.85174830252741,32.279438137321755,32.77227127187388,32.77227127187388,1882600,33.85174830252741,33.85174830252741,32.279438137321755,32.77227127187388,1.0,33.85174830252741,32.279438137321755,0
2024-05-24,IRBR3,IRBR3.SA,33.31200978720065,33.318517767122046,32.677590464233134,32.96406476079026,32.96406476079026,974500,33.31200978720065,33.318517767122046,32.677590464233134,32.96406476079026,1.0,33.318517767122046,32.677590464233134,0
2024-05-27,IRBR3,IRBR3.SA,33.13803727399545,33.13803727399545,32.133770227827014,32.45423386260102,32.45423386260102,1685100,33.13803727399545,33.13803727399545,32.133770227827014,32.45423386260102,1.0,33.13803727399545,32.133770227827014,0
2024-05-28,IRBR3,IRBR3.SA,32.79613556829824,32.79613556829824,31.6482184850868,32.17018624909188,32.17018624909188,1568100,32.79613556829824,32.79613556829824,31.6482184850868,32.17018624909188,1.0,32.79613556829824,31.6482184850868,0
2024-05-29,IRBR3,IRBR3.SA,32.483160908695055,32.483160908695055,31.463710849767146,31.721051398299856,31.721051398299856,1089200,32.483160908695055,32.483160908695055,31.463710849767146,31.721051398299856,1.0,32.483160908695055,31.463710849767146,0
2024-05-31,IRBR3,IRBR3.SA,32.10210615349746,32.10210615349746,30.424630499489087,31.135961977343296,31.135961977343296,1631600,32.10210615349746,32.10210615349746,30.424630499489087,31.135961977343296,1.0,32.10210615349746,30.424630499489087,0
2024-06-03,IRBR3,IRBR3.SA,31.61903406542038,31.61903406542038,30.016768203444546,30.50231929292405,30.50231929292405,1453900,31.61903406542038,31.61903406542038,30.016768203444546,30.50231929292405,1.0,31.61903406542038,30.016768203444546,0
2024-06-04,IRBR3,IRBR3.SA,31.060676679172214,31.060676679172214,29.735148079879107,30.198848847542717,30.198848847542717,947400,31.060676679172214,31.060676679172214,29.735148079879107,30.198848847542717,1.0,31.060676679172214,29.735148079879107,0
2024-06-05,IRBR3,IRBR3.SA,30.629762763357466,30.968448012785284,30.016768318299295,30.412492253993925,30.412492253993925,1103400,30.629762763357466,30.968448012785284,30.016768318299295,30.412492253993925,1.0,30.968448012785284,30.016768318299295,0
2024-06-06,IRBR3,IRBR3.SA,30.521127508675697,31.453998837113318,30.521127508675697,30.8980430830414,30.8980430830414,850400,30.521127508675697,31.453998837113318,30.521127508675697,30.8980430830414,1.0,31.453998837113318,30.521127508675697,0
2024-06-07,IRBR3,IRBR3.SA,30.70958529585855,31.133538534621216,30.531454342701885,30.817929108889423,30.817929108889423,761200,30.70958529585855,31.133538534621216,30.531454342701885,30.817929108889423,1.0,31.133538534621216,30.531454342701885,0
2024-06-10,IRBR3,IRBR3.SA,30.763757202373988,30.93931649676899,30.55087413734427,30.796078423036885,30.796078423036885,507300,30.763757202373988,30.93931649676899,30.55087413734427,30.796078423036885,1.0,30.93931649676899,30.55087413734427,0
2024-06-11,IRBR3,IRBR3.SA,30.779917812705435,32.04637487694102,30.779917812705435,31.3884533119624,31.3884533119624,953600,30.779917812705435,32.04637487694102,30.779917812705435,31.3884533119624,1.0,32.04637487694102,30.779917812705435,0
2024-06-12,IRBR3,IRBR3.SA,31.084185562333918,31.920128233741423,30.64798487208005,31.305906389425903,31.305906389425903,1171200,31.084185562333918,31.920128233741423,30.64798487208005,31.305906389425903,1.0,31.920128233741423,30.64798487208005,0
2024-06-13,IRBR3,IRBR3.SA,31.19504597587991,31.21122420217147,30.715961856525112,30.90775522688429,30.90775522688429,385500,31.19504597587991,31.21122420217147,30.715961856525112,30.90775522688429,1.0,31.21122420217147,30.715961856525112,0
2024-06-14,IRBR3,IRBR3.SA,31.0514006013821,31.094693047797957,30.327521416797993,30.844634063316448,30.844634063316448,700500,31.0514006013821,31.094693047797957,30.327521416797993,30.844634063316448,1.0,31.094693047797957,30.327521416797993,0
2024-06-17,IRBR3,IRBR3.SA,30.948017332349274,31.02671537096109,30.240121272085837,30.66255159064915,30.66255159064915,583500,30.948017332349274,31.02671537096109,30.240121272085837,30.66255159064915,1.0,31.02671537096109,30.240121272085837,0
2024-06-18,IRBR3,IRBR3.SA,30.805284461499213,30.805284461499213,29.929369089117,30.310526623197752,30.310526623197752,659300,30.805284461499213,30.805284461499213,29.929369089117,30.310526623197752,1.0,30.805284461499213,29.929369089117,0
2024-06-19,IRBR3,IRBR3.SA,30.557905542348482,30.557905542348482,29.39526283053059,29.93422389962351,29.93422389962351,745900,30.557905542348482,30.557905542348482,29.39526283053059,29.93422389962351,1.0,30.557905542348482,29.39526283053059,0
2024-06-20,IRBR3,IRBR3.SA,30.246064720986,30.86162878497089,30.152722766631854,30.43434283248969,30.43434283248969,842700,30.246064720986,30.86162878497089,30.152722766631854,30.43434283248969,1.0,30.86162878497089,30.152722766631854,0
2024-06-21,IRBR3,IRBR3.SA,30.340203776737845,30.745095188803283,29.93908044515103,30.45376434656525,30.45376434656525,1035900,30.340203776737845,30.745095188803283,29.93908044515103,30.45376434656525,1.0,30.745095188803283,29.93908044515103,0
2024-06-24,IRBR3,IRBR3.SA,30.396984061651548,31.356891117843283,30.396984061651548,31.009721542084304,31.009721542084304,626000,30.396984061651548,31.356891117843283,30.396984061651548,31.009721542084304,1.0,31.356891117843283,30.396984061651548,0
2024-06-25,IRBR3,IRBR3.SA,30.703352801867926,31.01700369050805,30.31780894578955,30.793649710821285,30.793649710821285,838700,30.703352801867926,31.01700369050805,30.31780894578955,30.793649710821285,1.0,31.01700369050805,30.31780894578955,0
2024-06-26,IRBR3,IRBR3.SA,30.748501256344603,31.65792934856451,30.346942897190218,31.053419690792197,31.053419690792197,1353900,30.748501256344603,31.65792934856451,30.346942897190218,31.053419690792197,1.0,31.65792934856451,30.346942897190218,0
2024-06-27,IRBR3,IRBR3.SA,30.9009604735684,32.201749614302685,30.89076124086052,31.512267460962214,31.512267460962214,1412700,30.9009604735684,32.201749614302685,30.89076124086052,31.512267460962214,1.0,32.201749614302685,30.89076124086052,0
2024-06-28,IRBR3,IRBR3.SA,31.206613967265305,31.415155333356285,30.686830520629883,31.002438556888155,31.002438556888155,680200,31.206613967265305,31.415155333356285,30.686830520629883,31.002438556888155,1.0,31.415155333356285,30.686830520629883,0
2024-07-01,IRBR3,IRBR3.SA,31.10452626207673,31.10452626207673,30.29838876713913,30.626134919496288,30.626134919496288,1064100,31.10452626207673,31.10452626207673,30.29838876713913,30.626134919496288,1.0,31.10452626207673,30.29838876713913,0
2024-07-02,IRBR3,IRBR3.SA,30.86533059078651,30.86533059078651,29.890525817871094,30.191566975556878,30.191566975556878,841100,30.86533059078651,30.86533059078651,29.890525817871094,30.191566975556878,1.0,30.86533059078651,29.890525817871094,0
2024-07-03,IRBR3,IRBR3.SA,30.528448783171694,30.657697298659812,30.055614949500594,30.29353442316403,30.29353442316403,662600,30.528448783171694,30.657697298659812,30.055614949500594,30.29353442316403,1.0,30.657697298659812,30.055614949500594,0
2024-07-04,IRBR3,IRBR3.SA,30.41099160316786,30.881049274067053,30.152722622770845,30.48775360473698,30.48775360473698,677600,30.41099160316786,30.881049274067053,30.152722622770845,30.48775360473698,1.0,30.881049274067053,30.152722622770845,0
2024-07-05,IRBR3,IRBR3.SA,30.44937260395242,30.44937260395242,29.45353071179513,29.977925881620862,29.977925881620862,1028900,30.44937260395242,30.44937260395242,29.45353071179513,29.977925881620862,1.0,30.44937260395242,29.45353071179513,0
2024-07-08,IRBR3,IRBR3.SA,30.21364924278664,30.21364924278664,29.317576530246395,29.57734583685937,29.57734583685937,830700,30.21364924278664,30.21364924278664,29.317576530246395,29.57734583685937,1.0,30.21364924278664,29.317576530246395,0
2024-07-09,IRBR3,IRBR3.SA,29.895497539823005,29.895497539823005,29.152488622837325,29.49965773502591,29.49965773502591,664500,29.895497539823005,29.895497539823005,29.152488622837325,29.49965773502591,1.0,29.895497539823005,29.152488622837325,0
2024-07-10,IRBR3,IRBR3.SA,29.69757763742446,30.172144709457587,29.69757763742446,29.922086192200126,29.922086192200126,637000,29.69757763742446,30.172144709457587,29.69757763742446,29.922086192200126,1.0,30.172144709457587,29.69757763742446,0
2024-07-11,IRBR3,IRBR3.SA,29.809831914812293,30.473184968716435,29.809831914812293,30.181855061580883,30.181855061580883,691400,29.809831914812293,30.473184968716435,29.809831914812293,30.181855061580883,1.0,30.473184968716435,29.809831914812293,0
2024-07-12,IRBR3,IRBR3.SA,29.995843488196588,30.706251831158212,29.958502705963323,30.339660238573963,30.339660238573963,809500,29.995843488196588,30.706251831158212,29.958502705963323,30.339660238573963,1.0,30.706251831158212,29.958502705963323,0
2024-07-15,IRBR3,IRBR3.SA,30.167751863385277,31.026716968053474,30.167751863385277,30.713535813768576,30.713535813768576,599600,30.167751863385277,31.026716968053474,30.167751863385277,30.713535813768576,1.0,31.026716968053474,30.167751863385277,0
2024-07-16,IRBR3,IRBR3.SA,30.440643838576925,31.716196203113007,30.440643838576925,31.063130337915467,31.063130337915467,1030600,30.440643838576925,31.716196203113007,30.440643838576925,31.063130337915467,1.0,31.716196203113007,30.440643838576925,0
2024-07-17,IRBR3,IRBR3.SA,30.751887088246196,31.44429007570353,30.751887088246196,31.201514064171132,31.201514064171132,668200,30.751887088246196,31.44429007570353,30.751887088246196,31.201514064171132,1.0,31.44429007570353,30.751887088246196,0
2024-07-18,IRBR3,IRBR3.SA,30.976700576208664,31.43457750096014,30.49260902404785,30.885905159791957,30.885905159791957,758600,30.976700576208664,31.43457750096014,30.49260902404785,30.885905159791957,1.0,31.43457750096014,30.49260902404785,0
2024-07-19,IRBR3,IRBR3.SA,30.93130286800031,31.22093635673533,28.89028965878048,29.97306882291632,29.97306882291632,1607500,30.93130286800031,31.22093635673533,28.89028965878048,29.97306882291632,1.0,31.22093635673533,28.89028965878048,0
2024-07-22,IRBR3,IRBR3.SA,30.452185845458317,30.452185845458317,29.13306657997162,29.6404675266174,29.6404675266174,1043100,30.452185845458317,30.452185845458317,29.13306657997162,29.6404675266174,1.0,30.452185845458317,29.13306657997162,0
2024-07-23,IRBR3,IRBR3.SA,30.046326686037858,30.046326686037858,28.793180507853553,29.400119396519226,29.400119396519226,886900,30.046326686037858,30.046326686037858,28.793180507853553,29.400119396519226,1.0,30.046326686037858,28.793180507853553,0
2024-07-24,IRBR3,IRBR3.SA,29.723223041278544,29.723223041278544,27.890054901590226,28.48242784446832,28.48242784446832,2021000,29.723223041278544,29.723223041278544,27.890054901590226,28.48242784446832,1.0,29.723223041278544,27.890054901590226,0
2024-07-25,IRBR3,IRBR3.SA,29.10282544287343,29.10282544287343,27.589013163760043,27.948321327208546,27.948321327208546,1526500,29.10282544287343,29.10282544287343,27.589013163760043,27.948321327208546,1.0,29.10282544287343,27.589013163760043,0
2024-07-26,IRBR3,IRBR3.SA,28.52557338504099,28.598960475135364,27.59872454428247,28.062425806833822,28.062425806833822,692500,28.52557338504099,28.598960475135364,27.59872454428247,28.062425806833822,1.0,28.598960475135364,27.59872454428247,0
2024-07-29,IRBR3,IRBR3.SA,28.293999595937407,28.501849694889046,27.8900542769109,28.24693462869308,28.24693462869308,703900,28.293999595937407,28.501849694889046,27.8900542769109,28.24693462869308,1.0,28.501849694889046,27.8900542769109,0
2024-07-30,IRBR3,IRBR3.SA,28.270467112315245,28.270467112315245,27.70554520562747,28.055141648741138,28.055141648741138,455300,28.270467112315245,28.270467112315245,27.70554520562747,28.055141648741138,1.0,28.270467112315245,27.70554520562747,0
2024-07-31,IRBR3,IRBR3.SA,28.162804380528193,28.696069372489966,28.162804380528193,28.399883830181263,28.399883830181263,642300,28.162804380528193,28.696069372489966,28.162804380528193,28.399883830181263,1.0,28.696069372489966,28.162804380528193,0
2024-08-01,IRBR3,IRBR3.SA,28.281344105354727,29.123352331575237,27.94831965645272,28.407164796523517,28.407164796523517,719600,28.281344105354727,29.123352331575237,27.94831965645272,28.407164796523517,1.0,29.123352331575237,27.94831965645272,0
2024-08-02,IRBR3,IRBR3.SA,28.344254450939122,28.80289021136245,27.656989354511374,28.043002504095348,28.043002504095348,667300,28.344254450939122,28.80289021136245,27.656989354511374,28.043002504095348,1.0,28.80289021136245,27.656989354511374,0
2024-08-05,IRBR3,IRBR3.SA,28.193628477517237,28.193628477517237,26.71502278812458,27.433638221935944,27.433638221935944,1209800,28.193628477517237,28.193628477517237,26.71502278812458,27.433638221935944,1.0,28.193628477517237,26.71502278812458,0
2024-08-06,IRBR3,IRBR3.SA,27.81363334972659,28.25907256845042,27.365658527963816,27.868203809973135,27.868203809973135,716400,27.81363334972659,28.25907256845042,27.365658527963816,27.868203809973135,1.0,28.25907256845042,27.365658527963816,0
2024-08-07,IRBR3,IRBR3.SA,27.840918579849863,28.385315636153305,27.783233335392495,28.062424650171486,28.062424650171486,743900,27.840918579849863,28.385315636153305,27.783233335392495,28.062424650171486,1.0,28.385315636153305,27.783233335392495,0
2024-08-08,IRBR3,IRBR3.SA,27.951671615010675,28.550405922423618,27.951671615010675,28.2809253615793,28.2809253615793,696800,27.951671615010675,28.550405922423618,27.951671615010675,28.2809253615793,1.0,28.550405922423618,27.951671615010675,0
2024-08-09,IRBR3,IRBR3.SA,28.116298488294987,28.841735445935672,28.026009467715603,28.438727615794964,28.438727615794964,1184800,28.116298488294987,28.841735445935672,28.026009467715603,28.438727615794964,1.0,28.841735445935672,28.026009467715603,0
2024-08-12,IRBR3,IRBR3.SA,28.277513052044974,29.686594341093333,28.277513052044974,29.113644813629556,29.113644813629556,1135800,28.277513052044974,29.686594341093333,28.277513052044974,29.113644813629556,1.0,29.686594341093333,28.277513052044974,0
2024-08-13,IRBR3,IRBR3.SA,28.695578932837265,31.036425496720764,28.695578932837265,30.220700424718107,30.220700424718107,2061000,28.695578932837265,31.036425496720764,28.695578932837265,30.220700424718107,1.0,31.036425496720764,28.695578932837265,0
2024-08-14,IRBR3,IRBR3.SA,29.458139678777684,32.0463726769145,29.458139678777684,31.257352137520776,31.257352137520776,1653600,29.458139678777684,32.0463726769145,29.458139678777684,31.257352137520776,1.0,32.0463726769145,29.458139678777684,0
2024-08-15,IRBR3,IRBR3.SA,30.35774590814923,41.27184012854874,30.35774590814923,38.20072930147832,38.20072930147832,11804600,30.35774590814923,41.27184012854874,30.35774590814923,38.20072930147832,1.0,41.27184012854874,30.35774590814923,0
2024-08-16,IRBR3,IRBR3.SA,34.27923760481377,45.64180647937291,34.27923760481377,43.23347330542219,43.23347330542219,7564100,34.27923760481377,45.64180647937291,34.27923760481377,43.23347330542219,1.0,45.64180647937291,34.27923760481377,0
2024-08-19,IRBR3,IRBR3.SA,38.75635545511798,45.61267069484172,38.75635545511798,44.311393622187765,44.311393622187765,3513000,38.75635545511798,45.61267069484172,38.75635545511798,44.311393622187765,1.0,45.61267069484172,38.75635545511798,0
2024-08-20,IRBR3,IRBR3.SA,41.533874538652874,45.2436493521378,41.533874538652874,44.5832995932634,44.5832995932634,2529000,41.533874538652874,45.2436493521378,41.533874538652874,44.5832995932634,1.0,45.2436493521378,41.533874538652874,0
2024-08-21,IRBR3,IRBR3.SA,43.058587065958136,45.777760375351804,43.058587065958136,45.13197740340695,45.13197740340695,1854000,43.058587065958136,45.777760375351804,43.058587065958136,45.13197740340695,1.0,45.777760375351804,43.058587065958136,0
2024-08-22,IRBR3,IRBR3.SA,44.09528223468254,46.2244604773034,44.09528223468254,45.43786918702499,45.43786918702499,2383000,44.09528223468254,46.2244604773034,44.09528223468254,45.43786918702499,1.0,46.2244604773034,44.09528223468254,0
2024-08-23,IRBR3,IRBR3.SA,44.766575710853765,48.992107532995256,44.766575710853765,46.69059539244853,46.69059539244853,5519100,44.766575710853765,48.992107532995256,44.766575710853765,46.69059539244853,1.0,48.992107532995256,44.766575710853765,0
2024-08-26,IRBR3,IRBR3.SA,45.72858555165115,47.855914046031266,45.72858555165115,46.95764527415761,46.95764527415761,1760500,45.72858555165115,47.855914046031266,45.72858555165115,46.95764527415761,1.0,47.855914046031266,45.72858555165115,0
2024-08-27,IRBR3,IRBR3.SA,46.34311541290438,48.069557297095606,46.34311541290438,47.26597084610536,47.26597084610536,1700000,46.34311541290438,48.069557297095606,46.34311541290438,47.26597084610536,1.0,48.069557297095606,46.34311541290438,0
2024-08-28,IRBR3,IRBR3.SA,46.80454312950487,47.82678281044473,46.80454312950487,47.43105840909681,47.43105840909681,1343300,46.80454312950487,47.82678281044473,46.80454312950487,47.43105840909681,1.0,47.82678281044473,46.80454312950487,0
2024-08-29,IRBR3,IRBR3.SA,47.11780076930084,47.62285265558825,47.09845657985533,47.33152088499315,47.33152088499315,893400,47.11780076930084,47.62285265558825,47.09845657985533,47.33152088499315,1.0,47.62285265558825,47.09845657985533,0
2024-08-30,IRBR3,IRBR3.SA,47.22466082714699,47.47718646156967,46.15648686305053,46.952791305132735,46.952791305132735,1686400,47.22466082714699,47.47718646156967,46.15648686305053,46.952791305132735,1.0,47.47718646156967,46.15648686305053,0
2024-09-02,IRBR3,IRBR3.SA,47.08872606613986,49.312564524899095,46.85567734390022,48.12053763438761,48.12053763438761,2081100,47.08872606613986,49.312564524899095,46.85567734390022,48.12053763438761,1.0,49.312564524899095,46.85567734390022,0
2024-09-03,IRBR3,IRBR3.SA,47.604631850263736,50.982869321948556,47.604631850263736,49.234885045687264,49.234885045687264,3413100,47.604631850263736,50.982869321948556,47.604631850263736,49.234885045687264,1.0,50.982869321948556,47.604631850263736,0
2024-09-04,IRBR3,IRBR3.SA,48.4197584479755,50.94401743933538,47.16643070270294,48.907131772419845,48.907131772419845,2732500,48.4197584479755,50.94401743933538,47.16643070270294,48.907131772419845,1.0,50.94401743933538,47.16643070270294,0
2024-09-05,IRBR3,IRBR3.SA,48.66344511019767,50.225409390148606,47.11788145948247,48.66436152820612,48.66436152820612,2171900,48.66344511019767,50.225409390148606,47.11788145948247,48.66436152820612,1.0,50.225409390148606,47.11788145948247,0
2024-09-06,IRBR3,IRBR3.SA,48.66390331920189,50.837198476864906,47.98215935434038,49.31742487378914,49.31742487378914,1552300,48.66390331920189,50.837198476864906,47.98215935434038,49.31742487378914,1.0,50.837198476864906,47.98215935434038,0
2024-09-09,IRBR3,IRBR3.SA,48.99066409649552,49.25430668164336,46.20504624797468,47.644704463340986,47.644704463340986,1410300,48.99066409649552,49.25430668164336,46.20504624797468,47.644704463340986,1.0,49.25430668164336,46.20504624797468,0
2024-09-10,IRBR3,IRBR3.SA,48.317684279918254,48.317684279918254,45.96226724529397,46.581343764112304,46.581343764112304,844400,48.317684279918254,48.317684279918254,45.96226724529397,46.581343764112304,1.0,48.317684279918254,45.96226724529397,0
2024-09-11,IRBR3,IRBR3.SA,47.44951402201528,47.44951402201528,42.38861321238512,44.139023808433095,44.139023808433095,3761400,47.44951402201528,47.44951402201528,42.38861321238512,44.139023808433095,1.0,47.44951402201528,42.38861321238512,0
2024-09-12,IRBR3,IRBR3.SA,45.79426891522419,45.79426891522419,44.01035055972311,44.97902539305095,44.97902539305095,1539800,45.79426891522419,45.79426891522419,44.01035055972311,44.97902539305095,1.0,45.79426891522419,44.01035055972311,0
2024-09-13,IRBR3,IRBR3.SA,45.38664715413756,47.15672307593785,45.38664715413756,46.19533121630552,46.19533121630552,1002800,45.38664715413756,47.15672307593785,45.38664715413756,46.19533121630552,1.0,47.15672307593785,45.38664715413756,0
2024-09-16,IRBR3,IRBR3.SA,45.79098918522154,46.22446472782037,45.50585115116082,45.82631388728343,45.82631388728343,591800,45.79098918522154,46.22446472782037,45.50585115116082,45.82631388728343,1.0,46.22446472782037,45.50585115116082,0
2024-09-17,IRBR3,IRBR3.SA,45.80865153625248,46.04966137320166,45.1076948231332,45.532551080246904,45.532551080246904,658000,45.80865153625248,46.04966137320166,45.1076948231332,45.532551080246904,1.0,46.04966137320166,45.1076948231332,0
2024-09-18,IRBR3,IRBR3.SA,45.670601308249694,45.7389111359227,44.7678089572028,45.027579642036365,45.027579642036365,804500,45.670601308249694,45.7389111359227,44.7678089572028,45.027579642036365,1.0,45.7389111359227,44.7678089572028,0
2024-09-19,IRBR3,IRBR3.SA,45.34909047514303,45.534976183025854,43.932659965097095,44.6804071630178,44.6804071630178,796800,45.34909047514303,45.534976183025854,43.932659965097095,44.6804071630178,1.0,45.534976183025854,43.932659965097095,0
2024-09-20,IRBR3,IRBR3.SA,45.01474881908041,45.496136247004685,43.42769124372941,44.32838737909151,44.32838737909151,942300,45.01474881908041,45.496136247004685,43.42769124372941,44.32838737909151,1.0,45.496136247004685,43.42769124372941,0
2024-09-23,IRBR3,IRBR3.SA,44.67156809908596,44.85520835392955,43.252891979844115,44.044339848935834,44.044339848935834,1011300,44.67156809908596,44.85520835392955,43.252891979844115,44.044339848935834,1.0,44.85520835392955,43.252891979844115,0
2024-09-24,IRBR3,IRBR3.SA,44.3579539740109,45.15624739520975,44.3579539740109,44.69497445598152,44.69497445598152,752000,44.3579539740109,45.15624739520975,44.3579539740109,44.69497445598152,1.0,45.15624739520975,44.3579539740109,0
2024-09-25,IRBR3,IRBR3.SA,44.52646421499621,45.36018273148754,44.447347999939865,44.85763834475902,44.85763834475902,2022400,44.52646421499621,45.36018273148754,44.447347999939865,44.85763834475902,1.0,45.36018273148754,44.447347999939865,0
2024-09-26,IRBR3,IRBR3.SA,44.69205127987762,45.204806716664905,43.65104467681466,44.50075817659336,44.50075817659336,584200,44.69205127987762,45.204806716664905,43.65104467681466,44.50075817659336,1.0,45.204806716664905,43.65104467681466,0
2024-09-27,IRBR3,IRBR3.SA,44.596404728235484,44.74839414744024,43.84526874467171,44.25313084392832,44.25313084392832,559500,44.596404728235484,44.74839414744024,43.84526874467171,44.25313084392832,1.0,44.74839414744024,43.84526874467171,0
2024-09-30,IRBR3,IRBR3.SA,44.4247677860819,44.4247677860819,42.67023013824425,43.56121690510917,43.56121690510917,694100,44.4247677860819,44.4247677860819,42.67023013824425,43.56121690510917,1.0,44.4247677860819,42.67023013824425,0
2024-10-01,IRBR3,IRBR3.SA,43.99299234559554,43.99299234559554,43.155780460949856,43.50295049786793,43.50295049786793,732800,43.99299234559554,43.99299234559554,43.155780460949856,43.50295049786793,1.0,43.99299234559554,43.155780460949856,0
2024-10-02,IRBR3,IRBR3.SA,43.747971421731734,44.72896527013664,43.54421949064567,43.9763605665993,43.9763605665993,840500,43.747971421731734,44.72896527013664,43.54421949064567,43.9763605665993,1.0,44.72896527013664,43.54421949064567,0
2024-10-03,IRBR3,IRBR3.SA,43.862165994165515,43.862165994165515,42.310922809782475,42.993122442749325,42.993122442749325,656300,43.862165994165515,43.862165994165515,42.310922809782475,42.993122442749325,1.0,43.862165994165515,42.310922809782475,0
2024-10-04,IRBR3,IRBR3.SA,43.42764421845742,43.534511153236586,41.85450117417408,42.80132706678079,42.80132706678079,710700,43.42764421845742,43.534511153236586,41.85450117417408,42.80132706678079,1.0,43.534511153236586,41.85450117417408,0
2024-10-07,IRBR3,IRBR3.SA,43.1144856426191,43.89381566205459,42.242941351118766,43.029534459630256,43.029534459630256,716600,43.1144856426191,43.89381566205459,42.242941351118766,43.029534459630256,1.0,43.89381566205459,42.242941351118766,0
2024-10-08,IRBR3,IRBR3.SA,43.07201005112468,43.17520267184525,42.48572100292553,42.828034489390205,42.828034489390205,662500,43.07201005112468,43.17520267184525,42.48572100292553,42.828034489390205,1.0,43.17520267184525,42.48572100292553,0
2024-10-09,IRBR3,IRBR3.SA,42.95002227025744,42.95002227025744,41.66028592459735,42.242945763691495,42.242945763691495,708400,42.95002227025744,42.95002227025744,41.66028592459735,42.242945763691495,1.0,42.95002227025744,41.66028592459735,0
2024-10-10,IRBR3,IRBR3.SA,42.59648401697447,42.59648401697447,41.368949019298555,41.78166853352313,41.78166853352313,613900,42.59648401697447,42.59648401697447,41.368949019298555,41.78166853352313,1.0,42.59648401697447,41.368949019298555,0
2024-10-11,IRBR3,IRBR3.SA,42.1890762752488,42.427453746514125,41.495196524417075,42.00988135676052,42.00988135676052,615800,42.1890762752488,42.427453746514125,41.495196524417075,42.00988135676052,1.0,42.427453746514125,41.495196524417075,0
2024-10-14,IRBR3,IRBR3.SA,42.09947881600466,43.02953956536889,41.854503094811996,42.43716570798485,42.43716570798485,987800,42.09947881600466,43.02953956536889,41.854503094811996,42.43716570798485,1.0,43.02953956536889,41.854503094811996,0
2024-10-15,IRBR3,IRBR3.SA,42.268322261994754,43.17520267184525,42.268322261994754,42.69450719677455,42.69450719677455,736000,42.268322261994754,43.17520267184525,42.268322261994754,42.69450719677455,1.0,43.17520267184525,42.268322261994754,0
2024-10-16,IRBR3,IRBR3.SA,42.48141472938465,42.76734141740309,41.78652612915351,42.2769337732783,42.2769337732783,1063600,42.48141472938465,42.76734141740309,41.78652612915351,42.2769337732783,1.0,42.76734141740309,41.78652612915351,0
2024-10-17,IRBR3,IRBR3.SA,42.37917425133148,42.37917425133148,40.69889756948205,41.3276863507926,41.3276863507926,1120900,42.37917425133148,42.37917425133148,40.69889756948205,41.3276863507926,1.0,42.37917425133148,40.69889756948205,0
2024-10-18,IRBR3,IRBR3.SA,41.85343030106203,41.85343030106203,40.155077487483446,40.68675750052473,40.68675750052473,680400,41.85343030106203,41.85343030106203,40.155077487483446,40.68675750052473,1.0,41.85343030106203,40.155077487483446,0
2024-10-21,IRBR3,IRBR3.SA,41.270093900793384,41.33011415916475,40.40756625698772,40.905255987720935,40.905255987720935,674900,41.270093900793384,41.33011415916475,40.40756625698772,40.905255987720935,1.0,41.33011415916475,40.40756625698772,0
2024-10-22,IRBR3,IRBR3.SA,41.08767494425716,41.300972006741496,40.38813734691588,41.043631463592334,41.043631463592334,606800,41.08767494425716,41.300972006741496,40.38813734691588,41.043631463592334,1.0,41.300972006741496,40.38813734691588,0
2024-10-23,IRBR3,IRBR3.SA,41.06565320392475,46.75857474420219,41.06565320392475,44.02492047010191,44.02492047010191,3396200,41.06565320392475,46.75857474420219,41.06565320392475,44.02492047010191,1.0,46.75857474420219,41.06565320392475,0
2024-10-24,IRBR3,IRBR3.SA,42.54528683701333,47.04990454099311,42.54528683701333,44.86492448835685,44.86492448835685,2824100,42.54528683701333,47.04990454099311,42.54528683701333,44.86492448835685,1.0,47.04990454099311,42.54528683701333,0
2024-10-25,IRBR3,IRBR3.SA,43.705105662685085,43.705105662685085,40.12594319224525,41.82537206700454,41.82537206700454,2336200,43.705105662685085,43.705105662685085,40.12594319224525,41.82537206700454,1.0,43.705105662685085,40.12594319224525,0
2024-10-28,IRBR3,IRBR3.SA,42.76523886484481,43.40826906269058,40.26189630604709,41.74768333822705,41.74768333822705,1914200,42.76523886484481,43.40826906269058,40.26189630604709,41.74768333822705,1.0,43.40826906269058,40.26189630604709,0
2024-10-29,IRBR3,IRBR3.SA,42.25646110153593,43.40827066538554,41.54375244700702,42.54641669053387,42.54641669053387,1373000,42.25646110153593,43.40827066538554,41.54375244700702,42.54641669053387,1.0,43.40827066538554,41.54375244700702,0
2024-10-30,IRBR3,IRBR3.SA,42.401438896034904,43.505378212236025,41.71854999991125,42.43716633825247,42.43716633825247,905600,42.401438896034904,43.505378212236025,41.71854999991125,42.43716633825247,1.0,43.505378212236025,41.71854999991125,0
2024-10-31,IRBR3,IRBR3.SA,42.419302617143686,42.88387371120816,41.90306210299208,42.2769357523117,42.2769357523117,756100,42.419302617143686,42.88387371120816,41.90306210299208,42.2769357523117,1.0,42.88387371120816,41.90306210299208,0
2024-11-01,IRBR3,IRBR3.SA,42.34811918472769,42.34811918472769,40.37843043758114,41.32282530757405,41.32282530757405,1012500,42.34811918472769,42.34811918472769,40.37843043758114,41.32282530757405,1.0,42.34811918472769,40.37843043758114,0
2024-11-04,IRBR3,IRBR3.SA,41.83547224615087,41.864218609459925,40.708604560573555,41.17959067086913,41.17959067086913,628000,41.83547224615087,41.864218609459925,40.708604560573555,41.17959067086913,1.0,41.864218609459925,40.708604560573555,0
2024-11-05,IRBR3,IRBR3.SA,41.50753145851,41.85450252098321,40.68918286730545,41.31068674434127,41.31068674434127,689200,41.50753145851,41.85450252098321,40.68918286730545,41.31068674434127,1.0,41.85450252098321,40.68918286730545,0
2024-11-06,IRBR3,IRBR3.SA,41.409109101425635,41.91276738001366,40.68918033792994,41.1917246851732,41.1917246851732,753700,41.409109101425635,41.91276738001366,40.68918033792994,41.1917246851732,1.0,41.91276738001366,40.68918033792994,0
2024-11-07,IRBR3,IRBR3.SA,41.30041689329941,41.53404346674584,39.55299399770536,40.44640813727116,40.44640813727116,1056000,41.30041689329941,41.53404346674584,39.55299399770536,40.44640813727116,1.0,41.53404346674584,39.55299399770536,0
2024-11-08,IRBR3,IRBR3.SA,40.87341251528529,40.87341251528529,38.81495595615568,39.50201027818572,39.50201027818572,791900,40.87341251528529,40.87341251528529,38.81495595615568,39.50201027818572,1.0,40.87341251528529,38.81495595615568,0
2024-11-11,IRBR3,IRBR3.SA,40.18771139673551,41.203865780569565,39.523859454242555,40.344440129276975,40.344440129276975,847300,40.18771139673551,41.203865780569565,39.523859454242555,40.344440129276975,1.0,41.203865780569565,39.523859454242555,0
2024-11-12,IRBR3,IRBR3.SA,40.26607576300624,42.45658833858326,40.26607576300624,41.686989382189175,41.686989382189175,1566000,40.26607576300624,42.45658833858326,40.26607576300624,41.686989382189175,1.0,42.45658833858326,40.26607576300624,0
2024-11-13,IRBR3,IRBR3.SA,40.976532572597705,44.55416603110023,38.62073152137627,41.63600314104998,41.63600314104998,5086300,40.976532572597705,44.55416603110023,38.62073152137627,41.63600314104998,1.0,44.55416603110023,38.62073152137627,0
2024-11-14,IRBR3,IRBR3.SA,41.306267856823844,41.306267856823844,38.45564335464151,38.98246767455275,38.98246767455275,1739600,41.306267856823844,41.306267856823844,38.45564335464151,38.98246767455275,1.0,41.306267856823844,38.45564335464151,0
2024-11-18,IRBR3,IRBR3.SA,40.1443677656883,40.1443677656883,38.358533735116374,38.9703281817723,38.9703281817723,1012100,40.1443677656883,40.1443677656883,38.358533735116374,38.9703281817723,1.0,40.1443677656883,38.358533735116374,0
2024-11-19,IRBR3,IRBR3.SA,39.5573479737303,39.5573479737303,38.32940412085914,38.7396944573391,38.7396944573391,887700,39.5573479737303,39.5573479737303,38.32940412085914,38.7396944573391,1.0,39.5573479737303,38.32940412085914,0
2024-11-21,IRBR3,IRBR3.SA,39.1485212155347,39.1485212155347,37.1446585638277,37.916684874733726,37.916684874733726,1405700,39.1485212155347,39.1485212155347,37.1446585638277,37.916684874733726,1.0,39.1485212155347,37.1446585638277,0
2024-11-22,IRBR3,IRBR3.SA,38.53260304513421,38.53260304513421,37.54281250558733,37.974953632783006,37.974953632783006,668700,38.53260304513421,38.53260304513421,37.54281250558733,37.974953632783006,1.0,38.53260304513421,37.54281250558733,0
2024-11-25,IRBR3,IRBR3.SA,38.25377833895861,39.02859434533539,38.25377833895861,38.64015385308984,38.64015385308984,1218600,38.25377833895861,39.02859434533539,38.25377833895861,38.64015385308984,1.0,39.02859434533539,38.25377833895861,0
2024-11-26,IRBR3,IRBR3.SA,38.44696609602423,40.54351659201406,38.44696609602423,39.45345397195963,39.45345397195963,1244000,38.44696609602423,40.54351659201406,38.44696609602423,39.45345397195963,1.0,40.54351659201406,38.44696609602423,0
2024-11-27,IRBR3,IRBR3.SA,38.95021003399193,40.15507331854012,38.649865693277434,39.47530290967939,39.47530290967939,1443200,38.95021003399193,40.15507331854012,38.649865693277434,39.47530290967939,1.0,40.15507331854012,38.649865693277434,0
2024-11-28,IRBR3,IRBR3.SA,39.21275647183566,39.747210054128395,37.99922697962866,38.919345534161025,38.919345534161025,634700,39.21275647183566,39.747210054128395,37.99922697962866,38.919345534161025,1.0,39.747210054128395,37.99922697962866,0
2024-11-29,IRBR3,IRBR3.SA,39.06605100299834,39.80548095703125,37.53310165234293,38.85865593803938,38.85865593803938,1148100,39.06605100299834,39.80548095703125,37.53310165234293,38.85865593803938,1.0,39.80548095703125,37.53310165234293,0
2024-12-02,IRBR3,IRBR3.SA,38.96235347051886,40.019120493620925,38.416804097480636,39.21310667345084,39.21310667345084,1125600,38.96235347051886,40.019120493620925,38.416804097480636,39.21310667345084,1.0,40.019120493620925,38.416804097480636,0
2024-12-03,IRBR3,IRBR3.SA,39.08773007198485,39.22281795337543,37.77587772448975,38.53819189056943,38.53819189056943,1004100,39.08773007198485,39.22281795337543,37.77587772448975,38.53819189056943,1.0,39.22281795337543,37.77587772448975,0
2024-12-04,IRBR3,IRBR3.SA,38.81296098127714,39.19368765224038,38.115763555163994,38.550332037073346,38.550332037073346,733100,38.81296098127714,39.19368765224038,38.115763555163994,38.550332037073346,1.0,39.19368765224038,38.115763555163994,0
2024-12-05,IRBR3,IRBR3.SA,38.681646509175245,39.582120044258424,38.681646509175245,39.11599240598767,39.11599240598767,773800,38.681646509175245,39.582120044258424,38.681646509175245,39.11599240598767,1.0,39.582120044258424,38.681646509175245,0
2024-12-06,IRBR3,IRBR3.SA,38.89881945758145,39.15483641285963,37.290322157228466,38.28084489247496,38.28084489247496,899100,38.89881945758145,39.15483641285963,37.290322157228466,38.28084489247496,1.0,39.15483641285963,37.290322157228466,0
2024-12-09,IRBR3,IRBR3.SA,38.58983217502821,38.58983217502821,37.58165398451517,37.85598967536919,37.85598967536919,479000,38.58983217502821,38.58983217502821,37.58165398451517,37.85598967536919,1.0,38.58983217502821,37.58165398451517,0
2024-12-10,IRBR3,IRBR3.SA,38.2229109251987,39.46559274860209,38.16431565462239,38.734837825712304,38.734837825712304,776000,38.2229109251987,39.46559274860209,38.16431565462239,38.734837825712304,1.0,39.46559274860209,38.16431565462239,0
2024-12-11,IRBR3,IRBR3.SA,38.478874375455504,40.53380850332504,38.478874375455504,39.477733351804616,39.477733351804616,856000,38.478874375455504,40.53380850332504,38.478874375455504,39.477733351804616,1.0,40.53380850332504,38.478874375455504,0
2024-12-12,IRBR3,IRBR3.SA,38.97830386363006,39.455884353383894,38.44593715250473,39.108714308495244,39.108714308495244,797800,38.97830386363006,39.455884353383894,38.44593715250473,39.108714308495244,1.0,39.455884353383894,38.44593715250473,0
2024-12-13,IRBR3,IRBR3.SA,39.043509086062656,39.56270408898421,38.18373707940955,38.83194826033646,38.83194826033646,792700,39.043509086062656,39.56270408898421,38.18373707940955,38.83194826033646,1.0,39.56270408898421,38.18373707940955,0
2024-12-16,IRBR3,IRBR3.SA,38.93772867319956,38.99946549411619,37.8826964453836,38.3318327095276,38.3318327095276,749000,38.93772867319956,38.99946549411619,37.8826964453836,38.3318327095276,1.0,38.99946549411619,37.8826964453836,0
2024-12-17,IRBR3,IRBR3.SA,38.63478069136358,39.0285978921696,37.775878811534874,38.39252710713477,38.39252710713477,579500,38.63478069136358,39.0285978921696,37.775878811534874,38.39252710713477,1.0,39.0285978921696,37.775878811534874,0
2024-12-18,IRBR3,IRBR3.SA,38.51365389924918,38.649866112768265,36.54257615542095,37.57194394998437,37.57194394998437,1067700,38.51365389924918,38.649866112768265,36.54257615542095,37.57194394998437,1.0,38.649866112768265,36.54257615542095,0
2024-12-19,IRBR3,IRBR3.SA,38.042798924616775,38.042798924616775,36.29980580697386,36.792639012554986,36.792639012554986,1043700,38.042798924616775,38.042798924616775,36.29980580697386,36.792639012554986,1.0,38.042798924616775,36.29980580697386,0
2024-12-20,IRBR3,IRBR3.SA,37.41771896858588,37.41771896858588,35.251008083652366,36.12985621564023,36.12985621564023,1973300,37.41771896858588,37.41771896858588,35.251008083652366,36.12985621564023,1.0,37.41771896858588,35.251008083652366,0
2024-12-23,IRBR3,IRBR3.SA,36.77378759211305,38.35853814459466,35.81425133529089,37.05968928039785,37.05968928039785,1974700,36.77378759211305,38.35853814459466,35.81425133529089,37.05968928039785,1.0,38.35853814459466,35.81425133529089,0
2024-12-26,IRBR3,IRBR3.SA,36.91673843625545,42.32063266944493,36.91673843625545,40.02154715061768,40.02154715061768,4134600,36.91673843625545,42.32063266944493,36.91673843625545,40.02154715061768,1.0,42.32063266944493,36.91673843625545,0
2024-12-27,IRBR3,IRBR3.SA,38.46914279343656,42.0972785949707,38.46914279343656,41.56074578159101,41.56074578159101,1878300,38.46914279343656,42.0972785949707,38.46914279343656,41.56074578159101,1.0,42.0972785949707,38.46914279343656,0
2024-12-30,IRBR3,IRBR3.SA,40.014944287513785,42.84503236449112,40.014944287513785,41.71369915011189,41.71369915011189,1908300,40.014944287513785,42.84503236449112,40.014944287513785,41.71369915011189,1.0,42.84503236449112,40.014944287513785,0
2025-01-02,IRBR3,IRBR3.SA,40.86432171881284,43.408269611240556,40.79600229046973,42.298784482159206,42.298784482159206,2028700,40.86432171881284,43.408269611240556,40.79600229046973,42.298784482159206,1.0,43.408269611240556,40.79600229046973,0
2025-01-03,IRBR3,IRBR3.SA,41.58155310048602,42.99069455162171,40.83484649658203,41.84964836289861,41.84964836289861,1812000,41.58155310048602,42.99069455162171,40.83484649658203,41.84964836289861,1.0,42.99069455162171,40.83484649658203,0
2025-01-06,IRBR3,IRBR3.SA,41.71560073169232,42.67994139462495,40.300740321499674,41.62143894803168,41.62143894803168,1479700,41.71560073169232,42.67994139462495,40.300740321499674,41.62143894803168,1.0,42.67994139462495,40.300740321499674,0
2025-01-07,IRBR3,IRBR3.SA,41.668519839862,43.6024909392394,41.668519839862,42.84502961855248,42.84502961855248,1310300,41.668519839862,43.6024909392394,41.668519839862,42.84502961855248,1.0,43.6024909392394,41.668519839862,0
2025-01-08,IRBR3,IRBR3.SA,42.25677472920724,43.961797107365705,42.25677472920724,43.10479878476556,43.10479878476556,1756300,42.25677472920724,43.961797107365705,42.25677472920724,43.10479878476556,1.0,43.961797107365705,42.25677472920724,0
2025-01-09,IRBR3,IRBR3.SA,42.6807867569864,43.165496826171875,42.34005767048081,42.922720331522946,42.922720331522946,859500,42.6807867569864,43.165496826171875,42.34005767048081,42.922720331522946,1.0,43.165496826171875,42.34005767048081,0
2025-01-10,IRBR3,IRBR3.SA,42.80175354425467,45.971977313639925,42.80175354425467,44.48861951277986,44.48861951277986,3269200,42.80175354425467,45.971977313639925,42.80175354425467,44.48861951277986,1.0,45.971977313639925,42.80175354425467,0
2025-01-13,IRBR3,IRBR3.SA,43.64518652851727,46.962501289766536,43.64518652851727,45.734057643816655,45.734057643816655,2708000,43.64518652851727,46.962501289766536,43.64518652851727,45.734057643816655,1.0,46.962501289766536,43.64518652851727,0
2025-01-14,IRBR3,IRBR3.SA,44.68962208616696,47.331523361472726,44.68962208616696,46.32400352169347,46.32400352169347,2637400,44.68962208616696,47.331523361472726,44.68962208616696,46.32400352169347,1.0,47.331523361472726,44.68962208616696,0
2025-01-15,IRBR3,IRBR3.SA,45.50681280393022,50.05060978874082,45.50681280393022,47.93603398052707,47.93603398052707,3899100,45.50681280393022,50.05060978874082,45.50681280393022,47.93603398052707,1.0,50.05060978874082,45.50681280393022,0
2025-01-16,IRBR3,IRBR3.SA,46.721423392228644,49.76898685673048,46.721423392228644,48.97996633339207,48.97996633339207,2639100,46.721423392228644,49.76898685673048,46.721423392228644,48.97996633339207,1.0,49.76898685673048,46.721423392228644,0
2025-01-17,IRBR3,IRBR3.SA,47.85069486281036,51.079973614912866,47.85069486281036,49.75684762445047,49.75684762445047,2872400,47.85069486281036,51.079973614912866,47.85069486281036,49.75684762445047,1.0,51.079973614912866,47.85069486281036,0
2025-01-20,IRBR3,IRBR3.SA,48.803771243630415,51.419864126223516,48.803771243630415,50.41962908266721,50.41962908266721,1767500,48.803771243630415,51.419864126223516,48.803771243630415,50.41962908266721,1.0,51.419864126223516,48.803771243630415,0
2025-01-21,IRBR3,IRBR3.SA,49.61170016314881,50.64297736394427,48.86585869482804,49.713145707442095,49.713145707442095,1008100,49.61170016314881,50.64297736394427,48.86585869482804,49.713145707442095,1.0,50.64297736394427,48.86585869482804,0
2025-01-22,IRBR3,IRBR3.SA,49.66242293529545,52.09963611111,49.1377713466196,50.31523428204906,50.31523428204906,3023700,49.66242293529545,52.09963611111,49.1377713466196,50.31523428204906,1.0,52.09963611111,49.1377713466196,0
2025-01-23,IRBR3,IRBR3.SA,49.98882860867226,52.4298065439269,49.147480249978535,50.79107074482942,50.79107074482942,2135800,49.98882860867226,52.4298065439269,49.147480249978535,50.79107074482942,1.0,52.4298065439269,49.147480249978535,0
2025-01-24,IRBR3,IRBR3.SA,50.38994967675084,50.38994967675084,47.18585634008602,48.61094764203503,48.61094764203503,1969400,50.38994967675084,50.38994967675084,47.18585634008602,48.61094764203503,1.0,50.38994967675084,47.18585634008602,0
2025-01-27,IRBR3,IRBR3.SA,49.50044865939293,49.50044865939293,47.87533944190869,48.54782785074211,48.54782785074211,1161300,49.50044865939293,49.50044865939293,47.87533944190869,48.54782785074211,1.0,49.50044865939293,47.87533944190869,0
2025-01-28,IRBR3,IRBR3.SA,49.02413825506752,51.05084406667765,49.02413825506752,50.17442415365921,50.17442415365921,2156800,49.02413825506752,51.05084406667765,49.02413825506752,50.17442415365921,1.0,51.05084406667765,49.02413825506752,0
2025-01-29,IRBR3,IRBR3.SA,49.599281204363365,51.70148070897938,49.599281204363365,51.1989344883698,51.1989344883698,1264500,49.599281204363365,51.70148070897938,49.599281204363365,51.1989344883698,1.0,51.70148070897938,49.599281204363365,0
2025-01-30,IRBR3,IRBR3.SA,50.39910784636658,52.87651824951172,50.39910784636658,52.05108096662619,52.05108096662619,1835500,50.39910784636658,52.87651824951172,50.39910784636658,52.05108096662619,1.0,52.87651824951172,50.39910784636658,0
2025-01-31,IRBR3,IRBR3.SA,51.22509440649638,53.13871306387522,50.69153509862193,51.98310093824498,51.98310093824498,1496300,51.22509440649638,53.13871306387522,50.69153509862193,51.98310093824498,1.0,53.13871306387522,50.69153509862193,0
2025-02-03,IRBR3,IRBR3.SA,51.604097672370685,51.98309662737067,50.594420263905626,51.05569507926155,51.05569507926155,1376300,51.604097672370685,51.98309662737067,50.594420263905626,51.05569507926155,1.0,51.98309662737067,50.594420263905626,0
2025-02-04,IRBR3,IRBR3.SA,51.32989637581612,51.32989637581612,49.633032316498586,50.59684966075921,50.59684966075921,1098700,51.32989637581612,51.32989637581612,49.633032316498586,50.59684966075921,1.0,51.32989637581612,49.633032316498586,0
2025-02-05,IRBR3,IRBR3.SA,50.96337301828767,51.02170767364775,50.15742735584997,50.541012222193714,50.541012222193714,933300,50.96337301828767,51.02170767364775,50.15742735584997,50.541012222193714,1.0,51.02170767364775,50.15742735584997,0
2025-02-06,IRBR3,IRBR3.SA,50.75219262024069,51.61408371684335,50.34193849371856,50.953732994468325,50.953732994468325,796300,50.75219262024069,51.61408371684335,50.34193849371856,50.953732994468325,1.0,51.61408371684335,50.34193849371856,0
2025-02-07,IRBR3,IRBR3.SA,50.85296280735451,51.49754755270565,49.86609558974377,50.82506010630372,50.82506010630372,1359400,50.85296280735451,51.49754755270565,49.86609558974377,50.82506010630372,1.0,51.49754755270565,49.86609558974377,0
2025-02-10,IRBR3,IRBR3.SA,50.83901145682911,52.0122317199907,50.730377197265625,51.065406767268215,51.065406767268215,951600,50.83901145682911,52.0122317199907,50.730377197265625,51.065406767268215,1.0,52.0122317199907,50.730377197265625,0
2025-02-11,IRBR3,IRBR3.SA,50.95220911204866,52.041366344549026,50.81777921900841,51.390728731347025,51.390728731347025,866000,50.95220911204866,52.041366344549026,50.81777921900841,51.390728731347025,1.0,52.041366344549026,50.81777921900841,0
2025-02-12,IRBR3,IRBR3.SA,51.171468921697844,51.77916582249309,50.60413312184482,51.184366502473836,51.184366502473836,1411000,51.171468921697844,51.77916582249309,50.60413312184482,51.184366502473836,1.0,51.77916582249309,50.60413312184482,0
2025-02-13,IRBR3,IRBR3.SA,51.17791771208584,52.12876510620117,51.099395465992544,51.61408028609686,51.61408028609686,1646200,51.17791771208584,52.12876510620117,51.099395465992544,51.61408028609686,1.0,52.12876510620117,51.099395465992544,0
2025-02-14,IRBR3,IRBR3.SA,51.39599899909135,56.02288451886661,51.39599899909135,53.94958295425446,53.94958295425446,2398400,51.39599899909135,56.02288451886661,51.39599899909135,53.94958295425446,1.0,56.02288451886661,51.39599899909135,0
2025-02-17,IRBR3,IRBR3.SA,52.6727909766729,56.314220616808775,52.6727909766729,55.578609112969346,55.578609112969346,1185000,52.6727909766729,56.314220616808775,52.6727909766729,55.578609112969346,1.0,56.314220616808775,52.6727909766729,0
2025-02-18,IRBR3,IRBR3.SA,54.12570004482112,55.87721845856921,54.12570004482112,55.173168105040865,55.173168105040865,1145000,54.12570004482112,55.87721845856921,54.12570004482112,55.173168105040865,1.0,55.87721845856921,54.12570004482112,0
2025-02-19,IRBR3,IRBR3.SA,54.649434074930994,55.05178266125761,52.925070166167984,53.871895186375795,53.871895186375795,1292600,54.649434074930994,55.05178266125761,52.925070166167984,53.871895186375795,1.0,55.05178266125761,52.925070166167984,0
2025-02-20,IRBR3,IRBR3.SA,54.260664630653395,54.260664630653395,52.77940368652344,53.16784512659595,53.16784512659595,797900,54.260664630653395,54.260664630653395,52.77940368652344,53.16784512659595,1.0,54.260664630653395,52.77940368652344,0
2025-02-21,IRBR3,IRBR3.SA,53.71425487862467,54.02241479846882,52.157896704226474,52.893507228360576,52.893507228360576,1404200,53.71425487862467,54.02241479846882,52.157896704226474,52.893507228360576,1.0,54.02241479846882,52.157896704226474,0
2025-02-24,IRBR3,IRBR3.SA,53.303881053492624,53.303881053492624,51.682062489084274,52.5463428914899,52.5463428914899,996400,53.303881053492624,53.303881053492624,51.682062489084274,52.5463428914899,1.0,53.303881053492624,51.682062489084274,0
2025-02-25,IRBR3,IRBR3.SA,52.925111972491266,54.6827658008782,52.759983903996364,53.403338550947865,53.403338550947865,1793100,52.925111972491266,54.6827658008782,52.759983903996364,53.403338550947865,1.0,54.6827658008782,52.759983903996364,0
2025-02-26,IRBR3,IRBR3.SA,53.164225261719565,53.43004252004999,43.60248947143555,48.494416159594216,48.494416159594216,6833400,53.164225261719565,53.43004252004999,43.60248947143555,48.494416159594216,1.0,53.43004252004999,43.60248947143555,0
2025-02-27,IRBR3,IRBR3.SA,50.82932071065689,50.82932071065689,43.427690300220675,45.724346713831515,45.724346713831515,4594100,50.82932071065689,50.82932071065689,43.427690300220675,45.724346713831515,1.0,50.82932071065689,43.427690300220675,0
2025-02-28,IRBR3,IRBR3.SA,48.2768337122442,48.2768337122442,45.02029722953286,46.18319137518036,46.18319137518036,2609200,48.2768337122442,48.2768337122442,45.02029722953286,46.18319137518036,1.0,48.2768337122442,45.02029722953286,0
2025-03-05,IRBR3,IRBR3.SA,47.23001254371228,47.23001254371228,44.389077058534376,45.42572960987366,45.42572960987366,1584000,47.23001254371228,47.23001254371228,44.389077058534376,45.42572960987366,1.0,47.23001254371228,44.389077058534376,0
2025-03-06,IRBR3,IRBR3.SA,46.327871076792974,47.70053920585742,45.56411361694336,46.30700713613427,46.30700713613427,1798700,46.327871076792974,47.70053920585742,45.56411361694336,46.30700713613427,1.0,47.70053920585742,45.56411361694336,0
2025-03-07,IRBR3,IRBR3.SA,46.317439106463624,46.317439106463624,44.91347413125372,45.54226280613588,45.54226280613588,1288000,46.317439106463624,46.317439106463624,44.91347413125372,45.54226280613588,1.0,46.317439106463624,44.91347413125372,0
2025-03-10,IRBR3,IRBR3.SA,45.92985095629975,45.92985095629975,43.777290987249145,44.71925764596261,44.71925764596261,1347800,45.92985095629975,45.92985095629975,43.777290987249145,44.71925764596261,1.0,45.92985095629975,43.777290987249145,0
2025-03-11,IRBR3,IRBR3.SA,45.32455430113118,45.32455430113118,43.47624698438736,43.95936982188469,43.95936982188469,1125700,45.32455430113118,45.32455430113118,43.47624698438736,43.95936982188469,1.0,45.32455430113118,43.47624698438736,0
2025-03-12,IRBR3,IRBR3.SA,44.64196206150794,44.64196206150794,43.26260057444155,43.888961913441264,43.888961913441264,1122500,44.64196206150794,44.64196206150794,43.26260057444155,43.888961913441264,1.0,44.64196206150794,43.26260057444155,0
2025-03-13,IRBR3,IRBR3.SA,44.2654619874746,45.07856383407146,43.89382162999209,44.51532553968129,44.51532553968129,742100,44.2654619874746,45.07856383407146,43.89382162999209,44.51532553968129,1.0,45.07856383407146,43.89382162999209,0
2025-03-14,IRBR3,IRBR3.SA,44.39039376357795,47.22469792442779,44.39039376357795,45.916137017857004,45.916137017857004,1296100,44.39039376357795,47.22469792442779,44.39039376357795,45.916137017857004,1.0,47.22469792442779,44.39039376357795,0
2025-03-17,IRBR3,IRBR3.SA,45.15326539071748,47.58400679561513,45.15326539071748,47.08388883976995,47.08388883976995,851900,45.15326539071748,47.58400679561513,45.15326539071748,47.08388883976995,1.0,47.58400679561513,45.15326539071748,0
2025-03-18,IRBR3,IRBR3.SA,46.11857711524371,47.58400507929997,46.11857711524371,47.008627318010475,47.008627318010475,950900,46.11857711524371,47.58400507929997,46.11857711524371,47.008627318010475,1.0,47.58400507929997,46.11857711524371,0
2025-03-19,IRBR3,IRBR3.SA,46.56360221662709,49.44851806637409,46.56360221662709,48.09383109345478,48.09383109345478,1377400,46.56360221662709,49.44851806637409,46.56360221662709,48.09383109345478,1.0,49.44851806637409,46.56360221662709,0
2025-03-20,IRBR3,IRBR3.SA,47.328716655040935,51.40044216187909,47.328716655040935,49.82240101259752,49.82240101259752,1715700,47.328716655040935,51.40044216187909,47.328716655040935,49.82240101259752,1.0,51.40044216187909,47.328716655040935,0
2025-03-21,IRBR3,IRBR3.SA,48.57555883381923,50.83719589493089,48.57555883381923,50.48031741191341,50.48031741191341,743400,48.57555883381923,50.83719589493089,48.57555883381923,50.48031741191341,1.0,50.83719589493089,48.57555883381923,0
2025-03-24,IRBR3,IRBR3.SA,49.52793812286632,52.26471838764134,48.79788394408973,50.42205198673782,50.42205198673782,1416100,49.52793812286632,52.26471838764134,48.79788394408973,50.42205198673782,1.0,52.26471838764134,48.79788394408973,0
2025-03-25,IRBR3,IRBR3.SA,49.974995054802065,51.536392950919726,49.72043289202392,50.509452495650784,50.509452495650784,1125100,49.974995054802065,51.536392950919726,49.72043289202392,50.509452495650784,1.0,51.536392950919726,49.72043289202392,0
2025-03-26,IRBR3,IRBR3.SA,50.24222377522642,51.46841561816257,49.80783177691132,50.59442402528136,50.59442402528136,864900,50.24222377522642,51.46841561816257,49.80783177691132,50.59442402528136,1.0,51.46841561816257,49.80783177691132,0
2025-03-27,IRBR3,IRBR3.SA,50.418323900253895,51.43928313690143,49.66216438743313,50.58471218994319,50.58471218994319,961500,50.418323900253895,51.43928313690143,49.66216438743313,50.58471218994319,1.0,51.43928313690143,49.66216438743313,0
2025-03-28,IRBR3,IRBR3.SA,50.50151804509854,50.70124435424805,49.642742820985966,50.20355466804415,50.20355466804415,642100,50.50151804509854,50.70124435424805,49.642742820985966,50.20355466804415,1.0,50.70124435424805,49.642742820985966,0
2025-03-31,IRBR3,IRBR3.SA,50.35253635657135,50.35253635657135,48.76875074086931,49.75684616982984,49.75684616982984,665100,50.35253635657135,50.35253635657135,48.76875074086931,49.75684616982984,1.0,50.35253635657135,48.76875074086931,0
2025-04-01,IRBR3,IRBR3.SA,50.054691263200596,50.90517460412184,49.157191417351406,49.95349491026306,49.95349491026306,802100,50.054691263200596,50.90517460412184,49.157191417351406,49.95349491026306,1.0,50.90517460412184,49.157191417351406,0
2025-04-02,IRBR3,IRBR3.SA,50.00409308673183,50.8857571320123,50.00409308673183,50.55800865534335,50.55800865534335,1583800,50.00409308673183,50.8857571320123,50.00409308673183,50.55800865534335,1.0,50.8857571320123,50.00409308673183,0
2025-04-03,IRBR3,IRBR3.SA,50.28105087103759,52.13847272720716,50.235113415882985,51.05083936423058,51.05083936423058,890800,50.28105087103759,52.13847272720716,50.235113415882985,51.05083936423058,1.0,52.13847272720716,50.235113415882985,0
2025-04-04,IRBR3,IRBR3.SA,50.66594511763409,51.23535575060114,47.37036903867999,49.22517521079574,49.22517521079574,1226900,50.66594511763409,51.23535575060114,47.37036903867999,49.22517521079574,1.0,51.23535575060114,47.37036903867999,0
2025-04-07,IRBR3,IRBR3.SA,49.94556016421491,49.94556016421491,46.0885105425011,47.68597414137555,47.68597414137555,1903200,49.94556016421491,49.94556016421491,46.0885105425011,47.68597414137555,1.0,49.94556016421491,46.0885105425011,0
2025-04-08,IRBR3,IRBR3.SA,48.81576715279523,50.07002636271464,47.719957319047516,48.78331439385383,48.78331439385383,948400,48.81576715279523,50.07002636271464,47.719957319047516,48.78331439385383,1.0,50.07002636271464,47.719957319047516,0
2025-04-09,IRBR3,IRBR3.SA,48.79954077332453,49.59418866517549,47.04990195855896,48.42158324953492,48.42158324953492,1544700,48.79954077332453,49.59418866517549,47.04990195855896,48.42158324953492,1.0,49.59418866517549,47.04990195855896,0
2025-04-10,IRBR3,IRBR3.SA,48.61056201142972,48.768750310245245,45.437869697318796,47.295102897339014,47.295102897339014,2203200,48.61056201142972,48.768750310245245,45.437869697318796,47.295102897339014,1.0,48.768750310245245,45.437869697318796,0
2025-04-11,IRBR3,IRBR3.SA,47.952832454384364,47.952832454384364,43.340293884277344,45.05671701447049,45.05671701447049,2771400,47.952832454384364,47.952832454384364,43.340293884277344,45.05671701447049,1.0,47.952832454384364,43.340293884277344,0
2025-04-14,IRBR3,IRBR3.SA,46.50477473442743,46.50477473442743,43.77728958177035,44.91833394223717,44.91833394223717,1965600,46.50477473442743,46.50477473442743,43.77728958177035,44.91833394223717,1.0,46.50477473442743,43.77728958177035,0
2025-04-15,IRBR3,IRBR3.SA,45.7115543383323,46.55463658128808,45.496135070422234,45.80203277184173,45.80203277184173,692200,45.7115543383323,46.55463658128808,45.496135070422234,45.80203277184173,1.0,46.55463658128808,45.496135070422234,0
2025-04-16,IRBR3,IRBR3.SA,45.756793555087015,45.97197960747583,44.146306382151565,45.04700440219051,45.04700440219051,912200,45.756793555087015,45.97197960747583,44.146306382151565,45.04700440219051,1.0,45.97197960747583,44.146306382151565,0
2025-04-17,IRBR3,IRBR3.SA,45.40189897863876,45.40189897863876,44.16573121823181,44.520183327910274,44.520183327910274,488400,45.40189897863876,45.40189897863876,44.16573121823181,44.520183327910274,1.0,45.40189897863876,44.16573121823181,0
2025-04-22,IRBR3,IRBR3.SA,44.96104115327452,44.96104115327452,44.21428242587805,44.5420299773481,44.5420299773481,728600,44.96104115327452,44.96104115327452,44.21428242587805,44.5420299773481,1.0,44.96104115327452,44.21428242587805,0
2025-04-23,IRBR3,IRBR3.SA,44.751535565311315,45.30191871025328,43.87439730347855,44.64399534562195,44.64399534562195,894900,44.751535565311315,45.30191871025328,43.87439730347855,44.64399534562195,1.0,45.30191871025328,43.87439730347855,0
2025-04-24,IRBR3,IRBR3.SA,44.69776545546664,45.884579692487286,43.79670844691776,45.03000963152512,45.03000963152512,974100,44.69776545546664,45.884579692487286,43.79670844691776,45.03000963152512,1.0,45.884579692487286,43.79670844691776,0
2025-04-25,IRBR3,IRBR3.SA,44.86388754349588,47.972452196183255,44.86388754349588,46.48666510037155,46.48666510037155,1066400,44.86388754349588,47.972452196183255,44.86388754349588,46.48666510037155,1.0,47.972452196183255,44.86388754349588,0
2025-04-28,IRBR3,IRBR3.SA,45.675276321933715,46.37013009878305,44.088041408166575,45.253362938054266,45.253362938054266,2111800,45.675276321933715,46.37013009878305,44.088041408166575,45.253362938054266,1.0,46.37013009878305,44.088041408166575,0
2025-04-29,IRBR3,IRBR3.SA,45.464319629993994,45.464319629993994,43.913242546086884,44.25069855923017,44.25069855923017,883700,45.464319629993994,45.464319629993994,43.913242546086884,44.25069855923017,1.0,45.464319629993994,43.913242546086884,0
2025-04-30,IRBR3,IRBR3.SA,44.857509094612084,46.865389282779496,44.000640833323075,45.34076101833308,45.34076101833308,1432600,44.857509094612084,46.865389282779496,44.000640833323075,45.34076101833308,1.0,46.865389282779496,44.000640833323075,0
2025-05-02,IRBR3,IRBR3.SA,45.09913505647258,47.22470141740585,45.09913505647258,46.717300476626264,46.717300476626264,955600,45.09913505647258,47.22470141740585,45.09913505647258,46.717300476626264,1.0,47.22470141740585,45.09913505647258,0
2025-05-05,IRBR3,IRBR3.SA,45.90821776654943,47.05961045845302,45.826310253056086,46.391978640007295,46.391978640007295,648100,45.90821776654943,47.05961045845302,45.826310253056086,46.391978640007295,1.0,47.05961045845302,45.826310253056086,0
2025-05-06,IRBR3,IRBR3.SA,46.15009820327836,46.96250143953378,45.068851470947266,45.894288684234475,45.894288684234475,708900,46.15009820327836,46.96250143953378,45.068851470947266,45.894288684234475,1.0,46.96250143953378,45.068851470947266,0
2025-05-07,IRBR3,IRBR3.SA,46.02219344375642,46.32157288627453,45.06885023478167,45.64180064639355,45.64180064639355,793500,46.02219344375642,46.32157288627453,45.06885023478167,45.64180064639355,1.0,46.32157288627453,45.06885023478167,0
2025-05-08,IRBR3,IRBR3.SA,45.831997045074985,47.09845361265216,45.831997045074985,46.41139840665396,46.41139840665396,736700,45.831997045074985,47.09845361265216,45.831997045074985,46.41139840665396,1.0,47.09845361265216,45.831997045074985,0
2025-05-09,IRBR3,IRBR3.SA,46.12169772586447,46.51579909844279,45.60296061569503,46.10065125801809,46.10065125801809,1624500,46.12169772586447,46.51579909844279,45.60296061569503,46.10065125801809,1.0,46.51579909844279,45.60296061569503,0
2025-05-12,IRBR3,IRBR3.SA,46.111174491941284,46.68088456590715,44.20457458496094,45.42816270837467,45.42816270837467,1229700,46.111174491941284,46.68088456590715,44.20457458496094,45.42816270837467,1.0,46.68088456590715,44.20457458496094,0
2025-05-13,IRBR3,IRBR3.SA,45.76966860015798,47.156723187399386,42.72849591365143,44.90862112240889,44.90862112240889,3794800,45.76966860015798,47.156723187399386,42.72849591365143,44.90862112240889,1.0,47.156723187399386,42.72849591365143,0
2025-05-14,IRBR3,IRBR3.SA,45.33914486128343,47.38978611851223,43.5345129442703,45.57382606094393,45.57382606094393,2309600,45.33914486128343,47.38978611851223,43.5345129442703,45.57382606094393,1.0,47.38978611851223,43.5345129442703,0
2025-05-15,IRBR3,IRBR3.SA,45.45648546111368,47.13730161538867,44.767809879634314,46.04238244158169,46.04238244158169,1725200,45.45648546111368,47.13730161538867,44.767809879634314,46.04238244158169,1.0,47.13730161538867,44.767809879634314,0
2025-05-16,IRBR3,IRBR3.SA,45.74943395134768,48.70077840451187,45.068854427769345,46.472097782419866,46.472097782419866,2442200,45.74943395134768,48.70077840451187,45.068854427769345,46.472097782419866,1.0,48.70077840451187,45.068854427769345,0
2025-05-19,IRBR3,IRBR3.SA,46.110765866883774,47.30238342131746,45.44757851852399,46.33370957431657,46.33370957431657,1591500,46.110765866883774,47.30238342131746,45.44757851852399,46.33370957431657,1.0,47.30238342131746,45.44757851852399,0
2025-05-20,IRBR3,IRBR3.SA,46.22223772060018,46.38955260953475,45.165961761163935,45.78989670376011,45.78989670376011,952700,46.22223772060018,46.38955260953475,45.165961761163935,45.78989670376011,1.0,46.38955260953475,45.165961761163935,0
2025-05-21,IRBR3,IRBR3.SA,46.00606721218014,46.3798407072611,45.42816096983496,45.891863172055196,45.891863172055196,459400,46.00606721218014,46.3798407072611,45.42816096983496,45.891863172055196,1.0,46.3798407072611,45.42816096983496,0
2025-05-22,IRBR3,IRBR3.SA,45.94896519211767,46.56435009396638,45.25335993329928,45.6733624395258,45.6733624395258,768100,45.94896519211767,46.56435009396638,45.25335993329928,45.6733624395258,1.0,46.56435009396638,45.25335993329928,0
2025-05-23,IRBR3,IRBR3.SA,45.811163815821736,45.811163815821736,44.476478640977426,45.110122955022014,45.110122955022014,854500,45.811163815821736,45.811163815821736,44.476478640977426,45.110122955022014,1.0,45.811163815821736,44.476478640977426,0
2025-05-26,IRBR3,IRBR3.SA,45.460643385421875,46.58377456665039,45.10769875126957,45.84573665895998,45.84573665895998,947200,45.460643385421875,46.58377456665039,45.10769875126957,45.84573665895998,1.0,46.58377456665039,45.10769875126957,0
2025-05-27,IRBR3,IRBR3.SA,45.65319002219093,47.098459133927115,45.65319002219093,46.4575308708688,46.4575308708688,995600,45.65319002219093,47.098459133927115,45.65319002219093,46.4575308708688,1.0,47.098459133927115,45.65319002219093,0
2025-05-28,IRBR3,IRBR3.SA,46.05536044652986,47.729671148488826,46.03024242180046,46.896950072207154,46.896950072207154,1650800,46.05536044652986,47.729671148488826,46.03024242180046,46.896950072207154,1.0,47.729671148488826,46.03024242180046,0
2025-05-29,IRBR3,IRBR3.SA,46.47615525936851,47.45776094018133,46.47615525936851,47.013483115122675,47.013483115122675,553900,46.47615525936851,47.45776094018133,46.47615525936851,47.013483115122675,1.0,47.45776094018133,46.47615525936851,0
2025-05-30,IRBR3,IRBR3.SA,46.7448191872456,47.739383697509766,46.51579656332351,47.21256120192535,47.21256120192535,1115100,46.7448191872456,47.739383697509766,46.51579656332351,47.21256120192535,1.0,47.739383697509766,46.51579656332351,0
2025-06-02,IRBR3,IRBR3.SA,46.97869019458547,48.555109033988465,46.92365707408958,47.85834347866299,47.85834347866299,815600,46.97869019458547,48.555109033988465,46.92365707408958,47.85834347866299,1.0,48.555109033988465,46.92365707408958,0
2025-06-03,IRBR3,IRBR3.SA,47.41851683662423,48.70077523033179,47.41851683662423,48.166667000222304,48.166667000222304,807800,47.41851683662423,48.70077523033179,47.41851683662423,48.166667000222304,1.0,48.70077523033179,47.41851683662423,0
2025-06-04,IRBR3,IRBR3.SA,47.79259191842327,48.49684007714187,47.70053660984608,48.22250438634495,48.22250438634495,718400,47.79259191842327,48.49684007714187,47.70053660984608,48.22250438634495,1.0,48.49684007714187,47.70053660984608,0
2025-06-05,IRBR3,IRBR3.SA,48.00754815238411,49.59419010087771,47.78793937816872,48.729908791295706,48.729908791295706,1240900,48.00754815238411,49.59419010087771,47.78793937816872,48.729908791295706,1.0,49.59419010087771,47.78793937816872,0
2025-06-06,IRBR3,IRBR3.SA,48.36872847183991,49.42910271689301,48.31233372193824,49.111065491669095,49.111065491669095,746700,48.36872847183991,49.42910271689301,48.31233372193824,49.111065491669095,1.0,49.42910271689301,48.31233372193824,0
2025-06-09,IRBR3,IRBR3.SA,48.7398969817545,49.613607681904575,48.448284391776376,48.877997192940995,48.877997192940995,729500,48.7398969817545,49.613607681904575,48.448284391776376,48.877997192940995,1.0,49.613607681904575,48.448284391776376,0
2025-06-10,IRBR3,IRBR3.SA,48.80894708734775,49.67188034162386,48.37060321060701,48.97268555347719,48.97268555347719,1051200,48.80894708734775,49.67188034162386,48.37060321060701,48.97268555347719,1.0,49.67188034162386,48.37060321060701,0
2025-06-11,IRBR3,IRBR3.SA,48.89081632041247,48.89081632041247,46.97221121408333,47.86562621617375,47.86562621617375,1144500,48.89081632041247,48.89081632041247,46.97221121408333,47.86562621617375,1.0,48.89081632041247,46.97221121408333,0
2025-06-12,IRBR3,IRBR3.SA,48.37822126829311,48.37822126829311,46.603194188595744,47.142154330368435,47.142154330368435,744400,48.37822126829311,48.37822126829311,46.603194188595744,47.142154330368435,1.0,48.37822126829311,46.603194188595744,0
2025-06-13,IRBR3,IRBR3.SA,47.76018779933077,47.76018779933077,45.58353918062815,46.34100054348899,46.34100054348899,887600,47.76018779933077,47.76018779933077,45.58353918062815,46.34100054348899,1.0,47.76018779933077,45.58353918062815,0
2025-06-16,IRBR3,IRBR3.SA,47.050594171409884,47.09845807185296,45.85544840507488,46.35070983765296,46.35070983765296,777200,47.050594171409884,47.09845807185296,45.85544840507488,46.35070983765296,1.0,47.09845807185296,45.85544840507488,0
2025-06-17,IRBR3,IRBR3.SA,46.70065200453142,46.70065200453142,45.651512114362944,46.18804677574592,46.18804677574592,421100,46.70065200453142,46.70065200453142,45.651512114362944,46.18804677574592,1.0,46.70065200453142,45.651512114362944,0
2025-06-18,IRBR3,IRBR3.SA,46.44434939013867,46.44434939013867,45.292205426872165,45.97197677281786,45.97197677281786,641600,46.44434939013867,46.44434939013867,45.292205426872165,45.97197677281786,1.0,46.44434939013867,45.292205426872165,0
2025-06-20,IRBR3,IRBR3.SA,46.20816308147826,46.20816308147826,45.56411045908855,45.925847338482285,45.925847338482285,1478900,46.20816308147826,46.20816308147826,45.56411045908855,45.925847338482285,1.0,46.20816308147826,45.56411045908855,0
2025-06-23,IRBR3,IRBR3.SA,46.06700520998027,46.06700520998027,44.165727657928635,44.913475871135375,44.913475871135375,1008200,46.06700520998027,46.06700520998027,44.165727657928635,44.913475871135375,1.0,46.06700520998027,44.165727657928635,0
2025-06-24,IRBR3,IRBR3.SA,45.49024054055782,45.49024054055782,42.64109892306478,43.87197092988653,43.87197092988653,1487000,45.49024054055782,45.49024054055782,42.64109892306478,43.87197092988653,1.0,45.49024054055782,42.64109892306478,0
2025-06-25,IRBR3,IRBR3.SA,44.681105735222175,44.681105735222175,42.85474237602136,43.21647743747143,43.21647743747143,914600,44.681105735222175,44.681105735222175,42.85474237602136,43.21647743747143,1.0,44.681105735222175,42.85474237602136,0
2025-06-26,IRBR3,IRBR3.SA,43.9487915863468,44.146303712531584,42.83531726619969,43.53208188701178,43.53208188701178,720200,43.9487915863468,44.146303712531584,42.83531726619969,43.53208188701178,1.0,44.146303712531584,42.83531726619969,0
2025-06-27,IRBR3,IRBR3.SA,43.740436736679285,43.740436736679285,42.845028153628476,43.31115769258875,43.31115769258875,591300,43.740436736679285,43.740436736679285,42.845028153628476,43.31115769258875,1.0,43.740436736679285,42.845028153628476,0
2025-06-30,IRBR3,IRBR3.SA,43.52579721463402,44.12688426216008,42.90329707498682,43.490813483124,43.490813483124,830000,43.52579721463402,44.12688426216008,42.90329707498682,43.490813483124,1.0,44.12688426216008,42.90329707498682,0
2025-07-01,IRBR3,IRBR3.SA,43.508305348879006,45.136829411396874,43.508305348879006,44.231275802941795,44.231275802941795,540500,43.508305348879006,45.136829411396874,43.508305348879006,44.231275802941795,1.0,45.136829411396874,43.508305348879006,0
2025-07-02,IRBR3,IRBR3.SA,43.8697905759104,44.75810021050259,43.37913317052487,44.15358868804559,44.15358868804559,637400,43.8697905759104,44.75810021050259,43.37913317052487,44.15358868804559,1.0,44.75810021050259,43.37913317052487,0
2025-07-03,IRBR3,IRBR3.SA,44.011689631977994,45.146542178155535,43.71902078180435,44.379370563486475,44.379370563486475,592700,44.011689631977994,45.146542178155535,43.71902078180435,44.379370563486475,1.0,45.146542178155535,43.71902078180435,0
2025-07-04,IRBR3,IRBR3.SA,44.19553009773223,45.28249633313777,43.874397411266855,44.70954496451483,44.70954496451483,540600,44.19553009773223,45.28249633313777,43.874397411266855,44.70954496451483,1.0,45.28249633313777,43.874397411266855,0
2025-07-07,IRBR3,IRBR3.SA,44.45253753112353,45.45729476295455,44.311393884529075,44.77266686825197,44.77266686825197,480700,44.45253753112353,45.45729476295455,44.311393884529075,44.77266686825197,1.0,45.45729476295455,44.311393884529075,0
2025-07-08,IRBR3,IRBR3.SA,44.61260219968775,44.699831543926024,44.136594213608106,44.4424900624864,44.4424900624864,378200,44.61260219968775,44.699831543926024,44.136594213608106,44.4424900624864,1.0,44.699831543926024,44.136594213608106,0
2025-07-09,IRBR3,IRBR3.SA,44.52754613108708,44.79694501257943,43.83555221557617,44.24341613513111,44.24341613513111,436600,44.52754613108708,44.79694501257943,43.83555221557617,44.24341613513111,1.0,44.79694501257943,43.83555221557617,0
2025-07-10,IRBR3,IRBR3.SA,44.385481133109096,44.385481133109096,43.2140513351954,43.54179798330273,43.54179798330273,485900,44.385481133109096,44.385481133109096,43.2140513351954,43.54179798330273,1.0,44.385481133109096,43.2140513351954,0
2025-07-11,IRBR3,IRBR3.SA,43.96363955820591,43.96363955820591,42.74791579850237,43.15092314155536,43.15092314155536,405300,43.96363955820591,43.96363955820591,42.74791579850237,43.15092314155536,1.0,43.96363955820591,42.74791579850237,0
2025-07-14,IRBR3,IRBR3.SA,43.55728134988064,43.55728134988064,42.16525728497951,42.75763209354664,42.75763209354664,640500,43.55728134988064,43.55728134988064,42.16525728497951,42.75763209354664,1.0,43.55728134988064,42.16525728497951,0
2025-07-15,IRBR3,IRBR3.SA,43.15745672171364,43.40826644320061,42.43716430220937,42.91543240300441,42.91543240300441,465400,43.15745672171364,43.40826644320061,42.43716430220937,42.91543240300441,1.0,43.40826644320061,42.43716430220937,0
2025-07-16,IRBR3,IRBR3.SA,43.03644456235902,43.864687555332566,42.21381666751992,43.14850130152014,43.14850130152014,808000,43.03644456235902,43.864687555332566,42.21381666751992,43.14850130152014,1.0,43.864687555332566,42.21381666751992,0
2025-07-17,IRBR3,IRBR3.SA,43.09247293193958,43.738441467285156,42.85473866417195,43.43497204719874,43.43497204719874,377100,43.09247293193958,43.738441467285156,42.85473866417195,43.43497204719874,1.0,43.738441467285156,42.85473866417195,0
2025-07-18,IRBR3,IRBR3.SA,43.26372248956916,43.80642090330087,42.87416367891186,43.23104310821227,43.23104310821227,839700,43.26372248956916,43.80642090330087,42.87416367891186,43.23104310821227,1.0,43.80642090330087,42.87416367891186,0
2025-07-21,IRBR3,IRBR3.SA,43.24738279889071,43.24738279889071,42.56341095661496,42.80618557908788,42.80618557908788,467400,43.24738279889071,43.24738279889071,42.56341095661496,42.80618557908788,1.0,43.24738279889071,42.56341095661496,0
2025-07-22,IRBR3,IRBR3.SA,43.026784188989296,43.1946226127304,42.359474182128906,42.631383447313894,42.631383447313894,495100,43.026784188989296,43.1946226127304,42.359474182128906,42.631383447313894,1.0,43.1946226127304,42.359474182128906,0
2025-07-23,IRBR3,IRBR3.SA,42.829083818151595,44.75809537996911,41.349528681366195,42.9664126945773,42.9664126945773,1601600,42.829083818151595,44.75809537996911,41.349528681366195,42.9664126945773,1.0,44.75809537996911,41.349528681366195,0
2025-07-24,IRBR3,IRBR3.SA,42.89774825636445,43.78700107846959,42.46630141134472,43.20191200350488,43.20191200350488,874000,42.89774825636445,43.78700107846959,42.46630141134472,43.20191200350488,1.0,43.78700107846959,42.46630141134472,0
2025-07-25,IRBR3,IRBR3.SA,43.04983012993466,43.68017710482439,43.00040481469805,43.35971344856037,43.35971344856037,421800,43.04983012993466,43.68017710482439,43.00040481469805,43.35971344856037,1.0,43.68017710482439,43.00040481469805,0
2025-07-28,IRBR3,IRBR3.SA,43.204771789247516,44.02006370622337,42.95184908290953,43.39855704997224,43.39855704997224,498100,43.204771789247516,44.02006370622337,42.95184908290953,43.39855704997224,1.0,44.02006370622337,42.95184908290953,0
2025-07-29,IRBR3,IRBR3.SA,43.30166441960988,44.010349285545146,43.24317769546613,43.59277506332293,43.59277506332293,532900,43.30166441960988,44.010349285545146,43.24317769546613,43.59277506332293,1.0,44.010349285545146,43.24317769546613,0
2025-07-30,IRBR3,IRBR3.SA,43.447219741466405,44.38907908411964,42.9421389324078,43.77728553499885,43.77728553499885,746100,43.447219741466405,44.38907908411964,42.9421389324078,43.77728553499885,1.0,44.38907908411964,42.9421389324078,0
2025-07-31,IRBR3,IRBR3.SA,43.61225263823263,44.185150146484375,43.23347043401848,43.876825086526175,43.876825086526175,528600,43.61225263823263,44.185150146484375,43.23347043401848,43.876825086526175,1.0,44.185150146484375,43.23347043401848,0
2025-08-01,IRBR3,IRBR3.SA,43.7445388623794,44.777523255820036,43.039249420166016,43.83069823569863,43.83069823569863,818700,43.7445388623794,44.777523255820036,43.039249420166016,43.83069823569863,1.0,44.777523255820036,43.039249420166016,0
2025-08-04,IRBR3,IRBR3.SA,43.78761854903901,44.20457458496094,43.18491796980204,43.73601767821013,43.73601767821013,1407500,43.78761854903901,44.20457458496094,43.18491796980204,43.73601767821013,1.0,44.20457458496094,43.18491796980204,0
2025-08-05,IRBR3,IRBR3.SA,43.76181811362457,44.62214377848503,43.76181811362457,44.14873130314608,44.14873130314608,465200,43.76181811362457,44.62214377848503,43.76181811362457,44.14873130314608,1.0,44.62214377848503,43.76181811362457,0
2025-08-06,IRBR3,IRBR3.SA,43.955274708385325,45.05914439176508,43.83555352272867,44.43278209057707,44.43278209057707,574000,43.955274708385325,45.05914439176508,43.83555352272867,44.43278209057707,1.0,45.05914439176508,43.83555352272867,0
2025-08-07,IRBR3,IRBR3.SA,44.1940283994812,45.1271196899342,44.1940283994812,44.78723355498247,44.78723355498247,452200,44.1940283994812,45.1271196899342,44.1940283994812,44.78723355498247,1.0,45.1271196899342,44.1940283994812,0
2025-08-08,IRBR3,IRBR3.SA,44.49063097723183,45.03972244262695,44.272550792231414,44.7945186110473,44.7945186110473,463600,44.49063097723183,45.03972244262695,44.272550792231414,44.7945186110473,1.0,45.03972244262695,44.272550792231414,0
2025-08-11,IRBR3,IRBR3.SA,44.64257479413956,45.26307422686619,44.21428207058969,44.81879452492636,44.81879452492636,428000,44.64257479413956,45.26307422686619,44.21428207058969,44.81879452492636,1.0,45.26307422686619,44.21428207058969,0
2025-08-12,IRBR3,IRBR3.SA,44.73068465953296,46.16620276479911,44.73068465953296,45.437875136816,45.437875136816,778400,44.73068465953296,46.16620276479911,44.73068465953296,45.437875136816,1.0,46.16620276479911,44.73068465953296,0
2025-08-13,IRBR3,IRBR3.SA,45.08427989817448,46.02052973914782,44.91347389425186,45.51312976098062,45.51312976098062,821100,45.08427989817448,46.02052973914782,44.91347389425186,45.51312976098062,1.0,46.02052973914782,44.91347389425186,0
2025-08-14,IRBR3,IRBR3.SA,45.298704829577545,45.59324753076398,45.020297103437,45.2849224812748,45.2849224812748,629900,45.298704829577545,45.59324753076398,45.020297103437,45.2849224812748,1.0,45.59324753076398,45.020297103437,0
2025-08-15,IRBR3,IRBR3.SA,45.29181365542617,48.069560272380585,44.5833031266699,46.27787640291595,46.27787640291595,2462800,45.29181365542617,48.069560272380585,44.5833031266699,46.27787640291595,1.0,48.069560272380585,44.5833031266699,0
2025-08-18,IRBR3,IRBR3.SA,45.78484502917106,46.58377320040892,44.894053761272325,45.882151090789336,45.882151090789336,737600,45.78484502917106,46.58377320040892,44.894053761272325,45.882151090789336,1.0,46.58377320040892,44.894053761272325,0
2025-08-19,IRBR3,IRBR3.SA,45.8334980599802,46.311863819397594,44.33081809395912,45.42816186812548,45.42816186812548,1071800,45.8334980599802,46.311863819397594,44.33081809395912,45.42816186812548,1.0,46.311863819397594,44.33081809395912,0
2025-08-20,IRBR3,IRBR3.SA,45.630829964052836,45.630829964052836,44.76781247468328,45.08342144845733,45.08342144845733,957000,45.630829964052836,45.630829964052836,44.76781247468328,45.08342144845733,1.0,45.630829964052836,44.76781247468328,0
2025-08-21,IRBR3,IRBR3.SA,45.35712570625508,45.554404293656006,44.8163682477332,45.09070395387456,45.09070395387456,547500,45.35712570625508,45.554404293656006,44.8163682477332,45.09070395387456,1.0,45.554404293656006,44.8163682477332,0
2025-08-22,IRBR3,IRBR3.SA,45.22391483006482,45.75833505411683,44.94260905031982,45.33105048961685,45.33105048961685,942200,45.22391483006482,45.75833505411683,44.94260905031982,45.33105048961685,1.0,45.75833505411683,44.94260905031982,0
2025-08-25,IRBR3,IRBR3.SA,45.277482659840835,45.98168263124417,45.233937279405275,45.66850291003461,45.66850291003461,596800,45.277482659840835,45.98168263124417,45.233937279405275,45.66850291003461,1.0,45.98168263124417,45.233937279405275,0
2025-08-26,IRBR3,IRBR3.SA,45.47299278493772,45.93313266908134,45.253360397809004,45.65636869417642,45.65636869417642,502000,45.47299278493772,45.93313266908134,45.253360397809004,45.65636869417642,1.0,45.93313266908134,45.253360397809004,0
2025-08-27,IRBR3,IRBR3.SA,45.564680739557076,46.127349853515625,45.47671322319656,45.860297145862376,45.860297145862376,540700,45.564680739557076,46.127349853515625,45.47671322319656,45.860297145862376,1.0,46.127349853515625,45.47671322319656,0
2025-08-28,IRBR3,IRBR3.SA,45.712488942709726,46.51579830103683,45.712488942709726,46.23660603945221,46.23660603945221,792000,45.712488942709726,46.51579830103683,45.712488942709726,46.23660603945221,1.0,46.51579830103683,45.712488942709726,0
2025-08-29,IRBR3,IRBR3.SA,45.97454749108097,46.53521623839149,45.97454749108097,46.37012971431545,46.37012971431545,778300,45.97454749108097,46.53521623839149,45.97454749108097,46.37012971431545,1.0,46.53521623839149,45.97454749108097,0
2025-09-01,IRBR3,IRBR3.SA,46.17233860269821,46.85567841801064,45.544692006234,46.093363383636984,46.093363383636984,509400,46.17233860269821,46.85567841801064,45.544692006234,46.093363383636984,1.0,46.85567841801064,45.544692006234,0
2025-09-02,IRBR3,IRBR3.SA,46.132850993167594,46.132850993167594,44.74838951469509,45.374749003052024,45.374749003052024,644700,46.132850993167594,46.132850993167594,44.74838951469509,45.374749003052024,1.0,46.132850993167594,44.74838951469509,0
2025-09-03,IRBR3,IRBR3.SA,45.75379999810981,45.75379999810981,44.51532646579655,45.03972070794894,45.03972070794894,859600,45.75379999810981,45.75379999810981,44.51532646579655,45.03972070794894,1.0,45.75379999810981,44.51532646579655,0
2025-09-04,IRBR3,IRBR3.SA,45.39676035302938,45.738909808538295,44.563877095458324,45.03728957906846,45.03728957906846,563400,45.39676035302938,45.738909808538295,44.563877095458324,45.03728957906846,1.0,45.738909808538295,44.563877095458324,0
2025-09-05,IRBR3,IRBR3.SA,45.21702496604892,45.7486248802153,44.99116635551221,45.338334537296056,45.338334537296056,600800,45.21702496604892,45.7486248802153,44.99116635551221,45.338334537296056,1.0,45.7486248802153,44.99116635551221,0
2025-09-08,IRBR3,IRBR3.SA,45.27767975167249,45.44758089712163,44.4764787253692,44.966885433238,44.966885433238,699800,45.27767975167249,45.44758089712163,44.4764787253692,44.966885433238,1.0,45.44758089712163,44.4764787253692,0
2025-09-09,IRBR3,IRBR3.SA,45.12228259245524,45.12228259245524,44.48619674854367,44.76538717205922,44.76538717205922,1749900,45.12228259245524,45.12228259245524,44.48619674854367,44.76538717205922,1.0,45.12228259245524,44.48619674854367,0
2025-09-10,IRBR3,IRBR3.SA,44.943834882257235,45.63209522483886,44.53474867232674,44.957177621967176,44.957177621967176,739000,44.943834882257235,45.63209522483886,44.53474867232674,44.957177621967176,1.0,45.63209522483886,44.53474867232674,0
2025-09-11,IRBR3,IRBR3.SA,44.950506252112206,45.69035884662564,44.950506252112206,45.35290189846104,45.35290189846104,505600,44.950506252112206,45.69035884662564,44.950506252112206,45.35290189846104,1.0,45.69035884662564,44.950506252112206,0
2025-09-12,IRBR3,IRBR3.SA,45.151704075286624,45.52526919227101,44.738675128170975,45.136826855921704,45.136826855921704,462300,45.151704075286624,45.52526919227101,44.738675128170975,45.136826855921704,1.0,45.52526919227101,44.738675128170975,0
2025-09-15,IRBR3,IRBR3.SA,45.144265465604164,45.30191867494845,44.91347631690975,45.090702355566975,45.090702355566975,439900,45.144265465604164,45.30191867494845,44.91347631690975,45.090702355566975,1.0,45.30191867494845,44.91347631690975,0
2025-09-16,IRBR3,IRBR3.SA,45.11748391058557,45.748626708984375,44.96203256803009,45.41116790567282,45.41116790567282,568800,45.11748391058557,45.748626708984375,44.96203256803009,45.41116790567282,1.0,45.748626708984375,44.96203256803009,0
2025-09-17,IRBR3,IRBR3.SA,45.264325908129194,46.65174865722656,45.264325908129194,46.14920336349686,46.14920336349686,550000,45.264325908129194,46.65174865722656,45.264325908129194,46.14920336349686,1.0,46.65174865722656,45.264325908129194,0
2025-09-18,IRBR3,IRBR3.SA,45.70676463581303,46.94308336952564,45.70676463581303,46.680885314941406,46.680885314941406,748300,45.70676463581303,46.94308336952564,45.70676463581303,46.680885314941406,1.0,46.94308336952564,45.70676463581303,0
2025-09-19,IRBR3,IRBR3.SA,46.19382497537722,47.8364912338972,46.19382497537722,47.08874397116655,47.08874397116655,599900,46.19382497537722,47.8364912338972,46.19382497537722,47.08874397116655,1.0,47.8364912338972,46.19382497537722,0
2025-09-22,IRBR3,IRBR3.SA,46.64128447327188,47.2149860890521,46.049662753516564,46.644463939204016,46.644463939204016,707400,46.64128447327188,47.2149860890521,46.049662753516564,46.644463939204016,1.0,47.2149860890521,46.049662753516564,0
2025-09-23,IRBR3,IRBR3.SA,46.64287420623795,46.855681048298486,45.90400133889944,46.23903093036928,46.23903093036928,630700,46.64287420623795,46.855681048298486,45.90400133889944,46.23903093036928,1.0,46.855681048298486,45.90400133889944,0
2025-09-24,IRBR3,IRBR3.SA,46.440952568303615,46.440952568303615,44.87462891965114,45.56411240097132,45.56411240097132,1326700,46.440952568303615,46.440952568303615,44.87462891965114,45.56411240097132,1.0,46.440952568303615,44.87462891965114,0
2025-09-25,IRBR3,IRBR3.SA,46.00253248463747,46.00253248463747,45.05914126673052,45.38203132408921,45.38203132408921,611900,46.00253248463747,46.00253248463747,45.05914126673052,45.38203132408921,1.0,46.00253248463747,45.05914126673052,0
2025-09-26,IRBR3,IRBR3.SA,45.69228190436334,45.69228190436334,45.107699244571364,45.38931885372841,45.38931885372841,289200,45.69228190436334,45.69228190436334,45.107699244571364,45.38931885372841,1.0,45.69228190436334,45.107699244571364,0
2025-09-29,IRBR3,IRBR3.SA,45.540800379045876,46.46724127280529,45.46700713875055,45.996257940138655,45.996257940138655,480000,45.540800379045876,46.46724127280529,45.46700713875055,45.996257940138655,1.0,46.46724127280529,45.46700713875055,0
2025-09-30,IRBR3,IRBR3.SA,45.76852915959226,47.584007263183594,45.76852915959226,46.92608575237355,46.92608575237355,720900,45.76852915959226,47.584007263183594,45.76852915959226,46.92608575237355,1.0,47.584007263183594,45.76852915959226,0
2025-10-01,IRBR3,IRBR3.SA,46.34730745598291,48.3026237487793,46.34730745598291,47.89475983562951,47.89475983562951,803000,46.34730745598291,48.3026237487793,46.34730745598291,47.89475983562951,1.0,48.3026237487793,46.34730745598291,0
2025-10-02,IRBR3,IRBR3.SA,47.12103364580621,48.555109575465075,46.46723838193573,47.59129035403522,47.59129035403522,787400,47.12103364580621,48.555109575465075,46.46723838193573,47.59129035403522,1.0,48.555109575465075,46.46723838193573,0
2025-10-03,IRBR3,IRBR3.SA,47.356161999920715,47.56458550702794,46.86539073472569,47.258687794145715,47.258687794145715,473200,47.356161999920715,47.56458550702794,46.86539073472569,47.258687794145715,1.0,47.56458550702794,46.86539073472569,0
2025-10-06,IRBR3,IRBR3.SA,47.307424897033215,47.448051059476214,46.70030196861659,47.193136933452315,47.193136933452315,427200,47.307424897033215,47.448051059476214,46.70030196861659,47.193136933452315,1.0,47.448051059476214,46.70030196861659,0
2025-10-07,IRBR3,IRBR3.SA,47.25028091524277,47.25028091524277,46.22446405336617,46.6396109550347,46.6396109550347,617600,47.25028091524277,47.25028091524277,46.22446405336617,46.6396109550347,1.0,47.25028091524277,46.22446405336617,0
2025-10-08,IRBR3,IRBR3.SA,46.94494593513873,46.94494593513873,45.58353134268943,46.31914274096366,46.31914274096366,793100,46.94494593513873,46.94494593513873,45.58353134268943,46.31914274096366,1.0,46.94494593513873,45.58353134268943,0
2025-10-09,IRBR3,IRBR3.SA,46.6320443380512,46.6320443380512,45.94284826257743,46.13949494715395,46.13949494715395,356200,46.6320443380512,46.6320443380512,45.94284826257743,46.13949494715395,1.0,46.6320443380512,45.94284826257743,0
2025-10-10,IRBR3,IRBR3.SA,46.385769642602575,46.385769642602575,45.224227881561646,45.945271541073,45.945271541073,828000,46.385769642602575,46.385769642602575,45.224227881561646,45.945271541073,1.0,46.385769642602575,45.224227881561646,0
2025-10-13,IRBR3,IRBR3.SA,46.16552059183779,46.37013131495903,45.5932502746582,45.92099690565291,45.92099690565291,482500,46.16552059183779,46.37013131495903,45.5932502746582,45.92099690565291,1.0,46.37013131495903,45.5932502746582,0
2025-10-14,IRBR3,IRBR3.SA,46.04325874874535,46.12735414256685,44.89405391358817,45.44758279305733,45.44758279305733,667900,46.04325874874535,46.12735414256685,44.89405391358817,45.44758279305733,1.0,46.12735414256685,44.89405391358817,0
2025-10-15,IRBR3,IRBR3.SA,45.74542077090134,45.76804250455879,44.7872273198979,45.23150697027433,45.23150697027433,899100,45.74542077090134,45.76804250455879,44.7872273198979,45.23150697027433,1.0,45.76804250455879,44.7872273198979,0
2025-10-16,IRBR3,IRBR3.SA,45.488463870587836,45.488463870587836,44.98145131654637,45.1950940489769,45.1950940489769,441900,45.488463870587836,45.488463870587836,44.98145131654637,45.1950940489769,1.0,45.488463870587836,44.98145131654637,0
2025-10-17,IRBR3,IRBR3.SA,45.34177895978237,45.34177895978237,44.57359454720092,44.976601015896115,44.976601015896115,604600,45.34177895978237,45.34177895978237,44.57359454720092,44.976601015896115,1.0,45.34177895978237,44.57359454720092,0
2025-10-20,IRBR3,IRBR3.SA,45.15918998783924,45.51555822416496,44.9231853005474,45.20480582234278,45.20480582234278,371000,45.15918998783924,45.51555822416496,44.9231853005474,45.20480582234278,1.0,45.51555822416496,44.9231853005474,0
2025-10-21,IRBR3,IRBR3.SA,45.18199790509101,45.82631204520276,45.12712097167969,45.382034190960965,45.382034190960965,632600,45.18199790509101,45.82631204520276,45.12712097167969,45.382034190960965,1.0,45.82631204520276,45.12712097167969,0
2025-10-22,IRBR3,IRBR3.SA,45.28201604802599,45.5932502746582,44.53474869960426,45.2800695843471,45.2800695843471,1024500,45.28201604802599,45.5932502746582,44.53474869960426,45.2800695843471,1.0,45.5932502746582,44.53474869960426,0
2025-10-23,IRBR3,IRBR3.SA,45.28104281618654,46.185624367438045,45.28104281618654,45.83359869029307,45.83359869029307,533300,45.28104281618654,46.185624367438045,45.28104281618654,45.83359869029307,1.0,46.185624367438045,45.28104281618654,0
2025-10-24,IRBR3,IRBR3.SA,45.55732075323981,46.991634368896484,45.55732075323981,46.43810641710047,46.43810641710047,549100,45.55732075323981,46.991634368896484,45.55732075323981,46.43810641710047,1.0,46.991634368896484,45.55732075323981,0
2025-10-27,IRBR3,IRBR3.SA,45.99771358517014,48.487129936276254,45.99771358517014,47.52573811799812,47.52573811799812,1253700,45.99771358517014,48.487129936276254,45.99771358517014,47.52573811799812,1.0,48.487129936276254,45.99771358517014,0
2025-10-28,IRBR3,IRBR3.SA,46.76172585158413,47.73937979215735,46.34099408113168,47.05960849735119,47.05960849735119,702900,46.76172585158413,47.73937979215735,46.34099408113168,47.05960849735119,1.0,47.73937979215735,46.34099408113168,0
2025-10-29,IRBR3,IRBR3.SA,46.91066717446766,47.681112829442796,46.52550263493537,46.87995468809743,46.87995468809743,1009500,46.91066717446766,47.681112829442796,46.52550263493537,46.87995468809743,1.0,47.681112829442796,46.52550263493537,0
2025-10-30,IRBR3,IRBR3.SA,46.895310931282545,47.8364953507596,46.467241322266936,47.14458536597297,47.14458536597297,487600,46.895310931282545,47.8364953507596,46.467241322266936,47.14458536597297,1.0,47.8364953507596,46.467241322266936,0
2025-10-31,IRBR3,IRBR3.SA,47.01994814862776,48.18608817517527,47.01994814862776,47.875335780117865,47.875335780117865,601300,47.01994814862776,48.18608817517527,47.01994814862776,47.875335780117865,1.0,48.18608817517527,47.01994814862776,0
2025-11-03,IRBR3,IRBR3.SA,47.447641964372814,49.157193098448396,47.11787992821847,48.18851915736613,48.18851915736613,1108100,47.447641964372814,49.157193098448396,47.11787992821847,48.18851915736613,1.0,49.157193098448396,47.11787992821847,0
2025-11-04,IRBR3,IRBR3.SA,47.818080560869475,50.16714096069336,47.818080560869475,49.20574905092662,49.20574905092662,1119600,47.818080560869475,50.16714096069336,47.818080560869475,49.20574905092662,1.0,50.16714096069336,47.818080560869475,0
2025-11-05,IRBR3,IRBR3.SA,48.511914805898044,50.992576599121094,48.511914805898044,50.477893601318485,50.477893601318485,938700,48.511914805898044,50.992576599121094,48.511914805898044,50.477893601318485,1.0,50.992576599121094,48.511914805898044,0
2025-11-06,IRBR3,IRBR3.SA,49.494904203608264,51.3713078704033,49.494904203608264,50.44147614309676,50.44147614309676,1237500,49.494904203608264,51.3713078704033,49.494904203608264,50.44147614309676,1.0,51.3713078704033,49.494904203608264,0
2025-11-07,IRBR3,IRBR3.SA,49.96819017335251,50.01176452304611,48.992107929002415,49.5529188705034,49.5529188705034,540600,49.96819017335251,50.01176452304611,48.992107929002415,49.5529188705034,1.0,50.01176452304611,48.992107929002415,0
2025-11-10,IRBR3,IRBR3.SA,49.76055452192796,49.81754684448242,49.08922012539799,49.562632678025935,49.562632678025935,459000,49.76055452192796,49.81754684448242,49.08922012539799,49.562632678025935,1.0,49.81754684448242,49.08922012539799,0
2025-11-11,IRBR3,IRBR3.SA,49.661593599976946,51.381018149024776,49.661593599976946,50.51188122034664,50.51188122034664,756900,49.661593599976946,51.381018149024776,49.661593599976946,50.51188122034664,1.0,51.381018149024776,49.661593599976946,0
2025-11-12,IRBR3,IRBR3.SA,50.08673741016179,51.079972318774836,50.07973827578829,50.50216719829008,50.50216719829008,609300,50.08673741016179,51.079972318774836,50.07973827578829,50.50216719829008,1.0,51.079972318774836,50.07973827578829,0
2025-11-13,IRBR3,IRBR3.SA,50.294452304225935,50.84691407699485,49.27372947932158,50.01662117698366,50.01662117698366,769600,50.294452304225935,50.84691407699485,49.27372947932158,50.01662117698366,1.0,50.84691407699485,49.27372947932158,0
2025-11-14,IRBR3,IRBR3.SA,50.1555367406048,50.1555367406048,45.7292031920427,47.389787081162936,47.389787081162936,2807700,50.1555367406048,50.1555367406048,45.7292031920427,47.389787081162936,1.0,50.1555367406048,45.7292031920427,0
2025-11-17,IRBR3,IRBR3.SA,48.77266191088387,48.77266191088387,47.19556611177737,47.906900409749,47.906900409749,691900,48.77266191088387,48.77266191088387,47.19556611177737,47.906900409749,1.0,48.77266191088387,47.19556611177737,0
2025-11-18,IRBR3,IRBR3.SA,48.339781160316434,48.339781160316434,47.030478336083426,47.382502131416764,47.382502131416764,441100,48.339781160316434,48.339781160316434,47.030478336083426,47.382502131416764,1.0,48.339781160316434,47.030478336083426,0
2025-11-19,IRBR3,IRBR3.SA,47.861141645866596,47.861141645866596,46.71001555746025,47.15429527009234,47.15429527009234,658900,47.861141645866596,47.861141645866596,46.71001555746025,47.15429527009234,1.0,47.861141645866596,46.71001555746025,0
2025-11-21,IRBR3,IRBR3.SA,47.507718457979465,47.507718457979465,46.17590720254997,46.72458044437206,46.72458044437206,489300,47.507718457979465,47.507718457979465,46.17590720254997,46.72458044437206,1.0,47.507718457979465,46.17590720254997,0
2025-11-24,IRBR3,IRBR3.SA,47.11614945117576,47.700536139481855,46.777988364430634,47.15186383718318,47.15186383718318,474100,47.11614945117576,47.700536139481855,46.777988364430634,47.15186383718318,1.0,47.700536139481855,46.777988364430634,0
2025-11-25,IRBR3,IRBR3.SA,47.134006644179465,47.70054244995117,47.127591962655295,47.47961672064118,47.47961672064118,570800,47.134006644179465,47.70054244995117,47.127591962655295,47.47961672064118,1.0,47.70054244995117,47.127591962655295,0
2025-11-26,IRBR3,IRBR3.SA,47.30681168241033,48.84644336858211,47.16643688847748,47.834069698124864,47.834069698124864,664000,47.30681168241033,48.84644336858211,47.16643688847748,47.834069698124864,1.0,48.84644336858211,47.16643688847748,0
2025-11-27,IRBR3,IRBR3.SA,47.570440690267596,49.04065890734465,47.55487379320303,48.3487489912267,48.3487489912267,491000,47.570440690267596,49.04065890734465,47.55487379320303,48.3487489912267,1.0,49.04065890734465,47.55487379320303,0
2025-11-28,IRBR3,IRBR3.SA,47.959594840747144,49.11835524092998,47.959594840747144,48.853728905713716,48.853728905713716,451900,47.959594840747144,49.11835524092998,47.959594840747144,48.853728905713716,1.0,49.11835524092998,47.959594840747144,0
2025-12-01,IRBR3,IRBR3.SA,48.40666187323043,48.94355148333001,48.34146546292459,48.68377987135124,48.68377987135124,575700,48.40666187323043,48.94355148333001,48.34146546292459,48.68377987135124,1.0,48.94355148333001,48.34146546292459,0
2025-12-02,IRBR3,IRBR3.SA,48.54522087229084,49.545631408691406,48.54522087229084,49.074646280156145,49.074646280156145,758700,48.54522087229084,49.545631408691406,48.54522087229084,49.074646280156145,1.0,49.545631408691406,48.54522087229084,0
2025-12-03,IRBR3,IRBR3.SA,48.80993357622349,49.82725884576471,48.80993357622349,49.37812256375858,49.37812256375858,424800,48.80993357622349,49.82725884576471,48.80993357622349,49.37812256375858,1.0,49.82725884576471,48.80993357622349,0
2025-12-04,IRBR3,IRBR3.SA,49.09402806999104,49.982631135166926,49.09402806999104,49.523784570339686,49.523784570339686,462100,49.09402806999104,49.982631135166926,49.09402806999104,49.523784570339686,1.0,49.982631135166926,49.09402806999104,0
2025-12-05,IRBR3,IRBR3.SA,49.30890632016536,49.86609818324147,46.4575309753418,48.13025442352182,48.13025442352182,860000,49.30890632016536,49.86609818324147,46.4575309753418,48.13025442352182,1.0,49.86609818324147,46.4575309753418,0
2025-12-08,IRBR3,IRBR3.SA,48.71958037184359,52.429810581071614,47.97245123516046,50.10887593773958,50.10887593773958,2681400,48.71958037184359,52.429810581071614,47.97245123516046,50.10887593773958,1.0,52.429810581071614,47.97245123516046,0
2025-12-09,IRBR3,IRBR3.SA,49.41422815479159,51.79859256979141,49.41422815479159,51.007143741762775,51.007143741762775,1026900,49.41422815479159,51.79859256979141,49.41422815479159,51.007143741762775,1.0,51.79859256979141,49.41422815479159,0
2025-12-10,IRBR3,IRBR3.SA,50.21068594827718,51.371308063198555,49.574766763478216,50.68425188335424,50.68425188335424,869700,50.21068594827718,51.371308063198555,49.574766763478216,50.68425188335424,1.0,51.371308063198555,49.574766763478216,0
2025-12-11,IRBR3,IRBR3.SA,50.44746891581571,51.09939633672117,50.27396095480589,50.70852848214136,50.70852848214136,508500,50.44746891581571,51.09939633672117,50.27396095480589,50.70852848214136,1.0,51.09939633672117,50.27396095480589,0
2025-12-12,IRBR3,IRBR3.SA,50.57799869897853,52.42980948518447,50.57799869897853,51.64321629453523,51.64321629453523,723200,50.57799869897853,52.42980948518447,50.57799869897853,51.64321629453523,1.0,52.42980948518447,50.57799869897853,0
2025-12-15,IRBR3,IRBR3.SA,51.110607496756884,53.59512753663832,51.110607496756884,53.05373911302195,53.05373911302195,828900,51.110607496756884,53.59512753663832,51.110607496756884,53.05373911302195,1.0,53.59512753663832,51.110607496756884,0
2025-12-16,IRBR3,IRBR3.SA,52.082173304889416,53.23581993553067,51.35188308508214,52.322984315696026,52.322984315696026,768600,52.082173304889416,53.23581993553067,51.35188308508214,52.322984315696026,1.0,53.23581993553067,51.35188308508214,0
2025-12-17,IRBR3,IRBR3.SA,52.20257881029272,52.20257881029272,50.283668205047604,50.9780073174677,50.9780073174677,1392600,52.20257881029272,52.20257881029272,50.283668205047604,50.9780073174677,1.0,52.20257881029272,50.283668205047604,0
2025-12-18,IRBR3,IRBR3.SA,51.59029306388021,51.59029306388021,50.10887113536952,50.43904787782938,50.43904787782938,539800,51.59029306388021,51.59029306388021,50.10887113536952,50.43904787782938,1.0,51.59029306388021,50.10887113536952,0
2025-12-19,IRBR3,IRBR3.SA,51.014670470854796,52.67258401098836,50.303092314733306,51.30332822955352,51.30332822955352,836200,51.014670470854796,52.67258401098836,50.303092314733306,51.30332822955352,1.0,52.67258401098836,50.303092314733306,0
2025-12-22,IRBR3,IRBR3.SA,51.158999350204155,52.03165671868972,51.158999350204155,51.69176965823906,51.69176965823906,406600,51.158999350204155,52.03165671868972,51.158999350204155,51.69176965823906,1.0,52.03165671868972,51.158999350204155,0
2025-12-23,IRBR3,IRBR3.SA,51.42538450422161,52.96391646914707,51.42538450422161,52.14576217425068,52.14576217425068,448100,51.42538450422161,52.96391646914707,51.42538450422161,52.14576217425068,1.0,52.96391646914707,51.42538450422161,0
2025-12-26,IRBR3,IRBR3.SA,51.785573339236144,53.89617045610912,51.785573339236144,52.87165737000099,52.87165737000099,842700,51.785573339236144,53.89617045610912,51.785573339236144,52.87165737000099,1.0,53.89617045610912,51.785573339236144,0
2025-12-29,IRBR3,IRBR3.SA,52.32861535461856,53.21639942688906,52.0802116394043,52.6385942889506,52.6385942889506,528200,52.32861535461856,53.21639942688906,52.0802116394043,52.6385942889506,1.0,53.21639942688906,52.0802116394043,0
2025-12-30,IRBR3,IRBR3.SA,52.48360482178458,52.5463374597448,51.80829775784073,52.18945712645145,52.18945712645145,427000,52.48360482178458,52.5463374597448,51.80829775784073,52.18945712645145,1.0,52.5463374597448,51.80829775784073,0
2026-01-02,IRBR3,IRBR3.SA,52.33653097411802,52.35212007088252,50.42933813675449,51.400440348200625,51.400440348200625,767300,52.33653097411802,52.35212007088252,50.42933813675449,51.400440348200625,1.0,52.35212007088252,50.42933813675449,0
2026-01-05,IRBR3,IRBR3.SA,51.868485661159326,51.88599351250219,50.48760760614469,51.21350509326091,51.21350509326091,666000,51.868485661159326,51.88599351250219,50.48760760614469,51.21350509326091,1.0,51.88599351250219,50.48760760614469,0
2026-01-06,IRBR3,IRBR3.SA,51.54099537721012,52.206453783736976,51.079975355280524,51.524255066031756,51.524255066031756,722900,51.54099537721012,52.206453783736976,51.079975355280524,51.524255066031756,1.0,52.206453783736976,51.079975355280524,0
2026-01-07,IRBR3,IRBR3.SA,51.53262522162094,51.53262522162094,49.720430395185744,50.56043352547599,50.56043352547599,1123500,51.53262522162094,51.53262522162094,49.720430395185744,50.56043352547599,1.0,51.53262522162094,49.720430395185744,0
2026-01-08,IRBR3,IRBR3.SA,51.046529373548466,51.046529373548466,49.6330368280931,49.90008957767691,49.90008957767691,647700,51.046529373548466,51.046529373548466,49.6330368280931,49.90008957767691,1.0,51.046529373548466,49.6330368280931,0
2026-01-09,IRBR3,IRBR3.SA,50.47330947561269,50.65269040284282,49.56505698040737,49.926792029847554,49.926792029847554,655700,50.47330947561269,50.65269040284282,49.56505698040737,49.926792029847554,1.0,50.65269040284282,49.56505698040737,0
2026-01-12,IRBR3,IRBR3.SA,50.20005075273012,50.20005075273012,49.429104870852505,49.59661874561109,49.59661874561109,536300,50.20005075273012,50.20005075273012,49.429104870852505,49.59661874561109,1.0,50.20005075273012,49.429104870852505,0
2026-01-13,IRBR3,IRBR3.SA,49.8983347491706,49.8983347491706,48.75904050197702,49.27129798602526,49.27129798602526,1178500,49.8983347491706,49.8983347491706,48.75904050197702,49.27129798602526,1.0,49.8983347491706,48.75904050197702,0
2026-01-14,IRBR3,IRBR3.SA,49.58481636759793,50.3030925772495,49.38054475812886,49.81754148344504,49.81754148344504,1037600,49.58481636759793,50.3030925772495,49.38054475812886,49.81754148344504,1.0,50.3030925772495,49.38054475812886,0
2026-01-15,IRBR3,IRBR3.SA,49.70117892552149,50.47789020807747,49.70117892552149,50.053033936029564,50.053033936029564,550600,49.70117892552149,50.47789020807747,49.70117892552149,50.053033936029564,1.0,50.47789020807747,49.70117892552149,0
2026-01-16,IRBR3,IRBR3.SA,49.87710643077553,51.866570925703265,49.87710643077553,50.64055452263245,50.64055452263245,917000,49.87710643077553,51.866570925703265,49.87710643077553,50.64055452263245,1.0,51.866570925703265,49.87710643077553,0
2026-01-19,IRBR3,IRBR3.SA,50.25883047670399,52.7308464050293,50.25883047670399,51.827722028421014,51.827722028421014,729600,50.25883047670399,52.7308464050293,50.25883047670399,51.827722028421014,1.0,52.7308464050293,50.25883047670399,0
2026-01-20,IRBR3,IRBR3.SA,51.04327625256251,52.925070209886606,51.04327625256251,52.54876829040633,52.54876829040633,599400,51.04327625256251,52.925070209886606,51.04327625256251,52.54876829040633,1.0,52.925070209886606,51.04327625256251,0
2026-01-21,IRBR3,IRBR3.SA,51.79602227148442,53.711665113471604,51.79602227148442,52.92749925596186,52.92749925596186,1055400,51.79602227148442,53.711665113471604,51.79602227148442,52.92749925596186,1.0,53.711665113471604,51.79602227148442,0
2026-01-22,IRBR3,IRBR3.SA,52.36176076372314,54.36230245501792,52.36176076372314,53.672820759974904,53.672820759974904,1152400,52.36176076372314,54.36230245501792,52.36176076372314,53.672820759974904,1.0,54.36230245501792,52.36176076372314,0
2026-01-23,IRBR3,IRBR3.SA,53.017290761849026,54.01270241418839,52.488072282304394,53.3353593449799,53.3353593449799,1528200,53.017290761849026,54.01270241418839,52.488072282304394,53.3353593449799,1.0,54.01270241418839,52.488072282304394,0
2026-01-26,IRBR3,IRBR3.SA,53.17632505341446,54.50796491380091,53.17632505341446,53.9180193553388,53.9180193553388,680500,53.17632505341446,54.50796491380091,53.17632505341446,53.9180193553388,1.0,54.50796491380091,53.17632505341446,0
2026-01-27,IRBR3,IRBR3.SA,53.54717220437663,56.23652610303464,53.54717220437663,55.284846427967295,55.284846427967295,1124500,53.54717220437663,56.23652610303464,53.54717220437663,55.284846427967295,1.0,56.23652610303464,53.54717220437663,0
2026-01-28,IRBR3,IRBR3.SA,54.416009316171966,58.68370779621412,54.416009316171966,57.363008176530215,57.363008176530215,1314400,54.416009316171966,58.68370779621412,54.416009316171966,57.363008176530215,1.0,58.68370779621412,54.416009316171966,0
2026-01-29,IRBR3,IRBR3.SA,55.88950874635109,59.64509527739293,55.88950874635109,58.21029274169976,58.21029274169976,1914400,55.88950874635109,59.64509527739293,55.88950874635109,58.21029274169976,1.0,59.64509527739293,55.88950874635109,0
2026-01-30,IRBR3,IRBR3.SA,57.04990074402542,57.44069272670761,55.77039587025285,56.70750957804837,56.70750957804837,640300,57.04990074402542,57.44069272670761,55.77039587025285,56.70750957804837,1.0,57.44069272670761,55.77039587025285,0
2026-02-02,IRBR3,IRBR3.SA,56.87870516103689,57.761158807226494,56.11999741158768,56.91872827271277,56.91872827271277,769900,56.87870516103689,57.761158807226494,56.11999741158768,56.91872827271277,1.0,57.761158807226494,56.11999741158768,0
2026-02-03,IRBR3,IRBR3.SA,56.89871671687483,58.41179562194312,56.896874939066315,57.57907453071319,57.57907453071319,550600,56.89871671687483,58.41179562194312,56.896874939066315,57.57907453071319,1.0,58.41179562194312,56.896874939066315,0
2026-02-04,IRBR3,IRBR3.SA,57.23889562379401,57.23889562379401,55.3722490699472,56.24866804620952,56.24866804620952,520900,57.23889562379401,57.23889562379401,55.3722490699472,56.24866804620952,1.0,57.23889562379401,55.3722490699472,0
2026-02-05,IRBR3,IRBR3.SA,56.74378183500176,56.74378183500176,55.06149219551409,55.55918185809518,55.55918185809518,571400,56.74378183500176,56.74378183500176,55.06149219551409,55.55918185809518,1.0,56.74378183500176,55.06149219551409,0
2026-02-06,IRBR3,IRBR3.SA,56.15148184654847,56.15148184654847,55.13918036519704,55.45964493528759,55.45964493528759,456900,56.15148184654847,56.15148184654847,55.13918036519704,55.45964493528759,1.0,56.15148184654847,55.13918036519704,0
2026-02-09,IRBR3,IRBR3.SA,55.80556339091803,56.47930145263672,55.34311370407648,55.91363492626485,55.91363492626485,459600,55.80556339091803,56.47930145263672,55.34311370407648,55.91363492626485,1.0,56.47930145263672,55.34311370407648,0
2026-02-10,IRBR3,IRBR3.SA,55.859599158591436,57.275607819858834,55.859599158591436,56.595836459048044,56.595836459048044,374000,55.859599158591436,57.275607819858834,55.859599158591436,56.595836459048044,1.0,57.275607819858834,55.859599158591436,0
2026-02-11,IRBR3,IRBR3.SA,56.22771780881974,58.741972012153546,56.22771780881974,57.75630112197673,57.75630112197673,828100,56.22771780881974,58.741972012153546,56.22771780881974,57.75630112197673,1.0,58.741972012153546,56.22771780881974,0
2026-02-12,IRBR3,IRBR3.SA,56.99200946539824,58.66428621481786,56.99200946539824,58.169023849773694,58.169023849773694,981900,56.99200946539824,58.66428621481786,56.99200946539824,58.169023849773694,1.0,58.66428621481786,56.99200946539824,0
2026-02-13,IRBR3,IRBR3.SA,57.58051665758597,59.67423025499671,56.508435044355735,58.07676578343973,58.07676578343973,1239600,57.58051665758597,59.67423025499671,56.508435044355735,58.07676578343973,1.0,59.67423025499671,56.508435044355735,0
2026-02-18,IRBR3,IRBR3.SA,57.82864122051285,58.13988824036785,54.925542298062474,56.54728213575786,56.54728213575786,1260400,57.82864122051285,58.13988824036785,54.925542298062474,56.54728213575786,1.0,58.13988824036785,54.925542298062474,0
2026-02-19,IRBR3,IRBR3.SA,57.18796167813535,57.68347314788472,55.964621779965604,56.76092530122156,56.76092530122156,654900,57.18796167813535,57.68347314788472,55.964621779965604,56.76092530122156,1.0,57.68347314788472,55.964621779965604,0
2026-02-20,IRBR3,IRBR3.SA,56.97444348967846,57.7028904635996,56.51814830853465,57.29017369905634,57.29017369905634,1043300,56.97444348967846,57.7028904635996,56.51814830853465,57.29017369905634,1.0,57.7028904635996,56.51814830853465,0
2026-02-23,IRBR3,IRBR3.SA,57.1323085943674,58.65457269262779,56.9939851624935,57.80000174369761,57.80000174369761,476900,57.1323085943674,58.65457269262779,56.9939851624935,57.80000174369761,1.0,58.65457269262779,56.9939851624935,0
2026-02-24,IRBR3,IRBR3.SA,57.466155169032504,63.00510991296499,57.466155169032504,60.44625809714472,60.44625809714472,1707100,57.466155169032504,63.00510991296499,57.466155169032504,60.44625809714472,1.0,63.00510991296499,57.466155169032504,0
2026-02-25,IRBR3,IRBR3.SA,58.95620663308861,64.72395785527958,58.95620663308861,62.723486152140374,62.723486152140374,2872300,58.95620663308861,64.72395785527958,58.95620663308861,62.723486152140374,1.0,64.72395785527958,58.95620663308861,0
2026-02-26,IRBR3,IRBR3.SA,60.83984639261449,62.37389695188147,60.67446441415074,61.58001894783258,61.58001894783258,515600,60.83984639261449,62.37389695188147,60.67446441415074,61.58001894783258,1.0,62.37389695188147,60.67446441415074,0
2026-02-27,IRBR3,IRBR3.SA,61.20993267022354,61.37365719407177,60.023825785679165,60.67203603232263,60.67203603232263,1368000,61.20993267022354,61.37365719407177,60.023825785679165,60.67203603232263,1.0,61.37365719407177,60.023825785679165,0
2026-03-02,IRBR3,IRBR3.SA,60.94098435127309,60.94098435127309,59.03330580826231,59.53342286702714,59.53342286702714,622600,60.94098435127309,60.94098435127309,59.03330580826231,59.53342286702714,1.0,60.94098435127309,59.03330580826231,0
2026-03-03,IRBR3,IRBR3.SA,60.237203609150114,60.237203609150114,55.90635458645249,57.20763078511746,57.20763078511746,1519400,60.237203609150114,60.237203609150114,55.90635458645249,57.20763078511746,1.0,60.237203609150114,55.90635458645249,0
2026-03-04,IRBR3,IRBR3.SA,58.72241719713379,58.72241719713379,56.323927887004324,57.37514554228099,57.37514554228099,550100,58.72241719713379,58.72241719713379,56.323927887004324,57.37514554228099,1.0,58.72241719713379,56.323927887004324,0
2026-03-05,IRBR3,IRBR3.SA,58.048781369707385,58.048781369707385,54.55651885828761,55.714557352403844,55.714557352403844,784100,58.048781369707385,58.048781369707385,54.55651885828761,55.714557352403844,1.0,58.048781369707385,54.55651885828761,0
2026-03-06,IRBR3,IRBR3.SA,56.881669361055614,56.881669361055614,52.925068952344276,54.13166278448112,54.13166278448112,1254000,56.881669361055614,56.881669361055614,52.925068952344276,54.13166278448112,1.0,56.881669361055614,52.925068952344276,0
2026-03-09,IRBR3,IRBR3.SA,55.50666607276837,55.50666607276837,53.119291898051905,53.854901529511274,53.854901529511274,1113200,55.50666607276837,55.50666607276837,53.119291898051905,53.854901529511274,1.0,55.50666607276837,53.119291898051905,0
2026-03-10,IRBR3,IRBR3.SA,54.680783801139825,56.71237087967007,54.680783801139825,55.46207548037281,55.46207548037281,488400,54.680783801139825,56.71237087967007,54.680783801139825,55.46207548037281,1.0,56.71237087967007,54.680783801139825,0
2026-03-11,IRBR3,IRBR3.SA,55.07142964075632,55.984039706819864,54.39142908962523,55.078485222534354,55.078485222534354,435500,55.07142964075632,55.984039706819864,54.39142908962523,55.078485222534354,1.0,55.984039706819864,54.39142908962523,0
2026-03-12,IRBR3,IRBR3.SA,55.07495743164534,55.07495743164534,53.1095775815978,53.94958260818979,53.94958260818979,603600,55.07495743164534,55.07495743164534,53.1095775815978,53.94958260818979,1.0,55.07495743164534,53.1095775815978,0
2026-03-13,IRBR3,IRBR3.SA,54.512270019917565,54.59536609665097,53.323220899051776,53.74565075756314,53.74565075756314,428700,54.512270019917565,54.59536609665097,53.323220899051776,53.74565075756314,1.0,54.59536609665097,53.323220899051776,0
2026-03-16,IRBR3,IRBR3.SA,54.12896038874035,55.061493276814915,53.75050313661649,54.28218308866264,54.28218308866264,426000,54.12896038874035,55.061493276814915,53.75050313661649,54.28218308866264,1.0,55.061493276814915,53.75050313661649,0
2026-03-17,IRBR3,IRBR3.SA,54.205571738701494,54.78958421498068,53.79906323327237,54.24819670313819,54.24819670313819,441000,54.205571738701494,54.78958421498068,53.79906323327237,54.24819670313819,1.0,54.78958421498068,53.79906323327237,0
2026-03-18,IRBR3,IRBR3.SA,54.22688422091984,54.84785005188916,53.43975116617024,53.95686425650821,53.95686425650821,490100,54.22688422091984,54.84785005188916,53.43975116617024,53.95686425650821,1.0,54.84785005188916,53.43975116617024,0
2026-03-19,IRBR3,IRBR3.SA,54.09187423871403,54.09187423871403,52.468647714106446,53.352351444080504,53.352351444080504,453700,54.09187423871403,54.09187423871403,52.468647714106446,53.352351444080504,1.0,54.09187423871403,52.468647714106446,0
2026-03-20,IRBR3,IRBR3.SA,53.72211284139726,53.72211284139726,51.730611512854374,52.61188696541798,52.61188696541798,521100,53.72211284139726,53.72211284139726,51.730611512854374,52.61188696541798,1.0,53.72211284139726,51.730611512854374,0
2026-03-23,IRBR3,IRBR3.SA,53.16699990340762,54.39143456257067,52.64345128013561,53.49073838782246,53.49073838782246,625900,53.16699990340762,54.39143456257067,52.64345128013561,53.49073838782246,1.0,54.39143456257067,52.64345128013561,0
2026-03-24,IRBR3,IRBR3.SA,53.328869145615045,54.575941919168436,53.328869145615045,54.141372555887415,54.141372555887415,382500,53.328869145615045,54.575941919168436,53.328869145615045,54.141372555887415,1.0,54.575941919168436,53.328869145615045,0
2026-03-25,IRBR3,IRBR3.SA,53.73512085075123,55.69271115477808,53.72137482229415,54.52738959542981,54.52738959542981,792800,53.73512085075123,55.69271115477808,53.72137482229415,54.52738959542981,1.0,55.69271115477808,53.72137482229415,0
2026-03-26,IRBR3,IRBR3.SA,54.13125522309052,54.13125522309052,51.8083000730015,52.82553020420892,52.82553020420892,985300,54.13125522309052,54.13125522309052,51.8083000730015,52.82553020420892,1.0,54.13125522309052,51.8083000730015,0
2026-03-27,IRBR3,IRBR3.SA,53.47839271364972,53.47839271364972,51.40044224835016,51.75732262060649,51.75732262060649,609200,53.47839271364972,53.47839271364972,51.40044224835016,51.75732262060649,1.0,53.47839271364972,51.40044224835016,0
2026-03-30,IRBR3,IRBR3.SA,52.617857667128106,52.617857667128106,51.04113385488739,51.553389496375544,51.553389496375544,527300,52.617857667128106,52.617857667128106,51.04113385488739,51.553389496375544,1.0,52.617857667128106,51.04113385488739,0
2026-03-31,IRBR3,IRBR3.SA,52.085623581751825,53.022178649902344,51.36159477660695,52.31570276240647,52.31570276240647,645000,52.085623581751825,53.022178649902344,51.36159477660695,52.31570276240647,1.0,53.022178649902344,51.36159477660695,0
2026-04-01,IRBR3,IRBR3.SA,52.200663172079146,53.954438892910765,52.15789762263321,52.94934735050529,52.94934735050529,3763300,52.200663172079146,53.954438892910765,52.15789762263321,52.94934735050529,1.0,53.954438892910765,52.15789762263321,0
2026-04-02,IRBR3,IRBR3.SA,52.57500526129222,53.11929021389255,51.47812515182425,52.522061666792794,52.522061666792794,738900,52.57500526129222,53.11929021389255,51.47812515182425,52.522061666792794,1.0,53.11929021389255,51.47812515182425,0
2026-04-06,IRBR3,IRBR3.SA,52.54853346404251,54.32345679156431,52.54853346404251,53.706808512526734,53.706808512526734,454600,52.54853346404251,54.32345679156431,52.54853346404251,53.706808512526734,1.0,54.32345679156431,52.54853346404251,0
2026-04-07,IRBR3,IRBR3.SA,53.12767098828462,53.62326781551018,52.55276650168925,53.19114025401115,53.19114025401115,806500,53.12767098828462,53.62326781551018,52.55276650168925,53.19114025401115,1.0,53.62326781551018,52.55276650168925,0
2026-04-08,IRBR3,IRBR3.SA,53.15940562114788,55.283041329263646,53.15940562114788,54.73060283283524,54.73060283283524,1120800,53.15940562114788,55.283041329263646,53.15940562114788,54.73060283283524,1.0,55.283041329263646,53.15940562114788,0
2026-04-09,IRBR3,IRBR3.SA,53.94500422699156,56.60888760228308,53.94500422699156,55.629232228431526,55.629232228431526,492600,53.94500422699156,56.60888760228308,53.94500422699156,55.629232228431526,1.0,56.60888760228308,53.94500422699156,0
2026-04-10,IRBR3,IRBR3.SA,54.787118227711545,56.79549632065573,54.787118227711545,55.89440781029508,55.89440781029508,491300,54.787118227711545,56.79549632065573,54.787118227711545,55.89440781029508,1.0,56.79549632065573,54.787118227711545,0
2026-04-13,IRBR3,IRBR3.SA,55.34076301900331,55.49910643803887,54.38932339601322,54.98349933051634,54.98349933051634,623500,55.34076301900331,55.49910643803887,54.38932339601322,54.98349933051634,1.0,55.49910643803887,54.38932339601322,0
2026-04-14,IRBR3,IRBR3.SA,55.16213117475982,56.96244874518611,55.16213117475982,56.11783252642784,56.11783252642784,668000,55.16213117475982,56.96244874518611,55.16213117475982,56.11783252642784,1.0,56.96244874518611,55.16213117475982,0
2026-04-15,IRBR3,IRBR3.SA,55.63998185059383,57.826707959659586,55.63998185059383,56.98209173619183,56.98209173619183,652900,55.63998185059383,57.826707959659586,55.63998185059383,56.98209173619183,1.0,57.826707959659586,55.63998185059383,0
2026-04-16,IRBR3,IRBR3.SA,56.31103679339283,58.887386172021735,56.31103679339283,57.478056199418965,57.478056199418965,1115100,56.31103679339283,58.887386172021735,56.31103679339283,57.478056199418965,1.0,58.887386172021735,56.31103679339283,0
2026-04-17,IRBR3,IRBR3.SA,56.894546496405894,58.39633300240982,56.894546496405894,57.541896342278186,57.541896342278186,1711000,56.894546496405894,58.39633300240982,56.894546496405894,57.541896342278186,1.0,58.39633300240982,56.894546496405894,0
2026-04-20,IRBR3,IRBR3.SA,57.21822141934204,57.87581116008782,56.85441465098086,57.261990746335805,57.261990746335805,372800,57.21822141934204,57.87581116008782,56.85441465098086,57.261990746335805,1.0,57.87581116008782,56.85441465098086,0
2026-04-22,IRBR3,IRBR3.SA,57.24010608283892,57.24010608283892,54.03576175226118,55.585042595712544,55.585042595712544,918100,57.24010608283892,57.24010608283892,54.03576175226118,55.585042595712544,1.0,57.24010608283892,54.03576175226118,0
2026-04-23,IRBR3,IRBR3.SA,56.412574339275736,56.412574339275736,53.25006806454585,53.87616280241021,53.87616280241021,523700,56.412574339275736,56.412574339275736,53.25006806454585,53.87616280241021,1.0,56.412574339275736,53.25006806454585,0
2026-04-24,IRBR3,IRBR3.SA,55.14436857084297,55.14436857084297,52.62151991050196,53.137126979400804,53.137126979400804,357500,55.14436857084297,55.14436857084297,52.62151991050196,53.137126979400804,1.0,55.14436857084297,52.62151991050196,0
2026-04-27,IRBR3,IRBR3.SA,54.14074777512189,54.14074777512189,51.796546936035156,52.56259248203665,52.56259248203665,772500,54.14074777512189,54.14074777512189,51.796546936035156,52.56259248203665,1.0,54.14074777512189,51.796546936035156,0
2026-04-28,IRBR3,IRBR3.SA,53.35167012857927,53.35167012857927,51.38405939321791,51.85301746934998,51.85301746934998,460700,53.35167012857927,53.35167012857927,51.38405939321791,51.85301746934998,1.0,53.35167012857927,51.38405939321791,0
2026-04-29,IRBR3,IRBR3.SA,52.602343798964625,52.602343798964625,51.256383788726076,51.776903415432635,51.776903415432635,527300,52.602343798964625,52.602343798964625,51.256383788726076,51.776903415432635,1.0,52.602343798964625,51.256383788726076,0
2026-04-30,IRBR3,IRBR3.SA,52.18962360719863,52.90632977480124,51.85547108098753,52.31706361142571,52.31706361142571,2047100,52.18962360719863,52.90632977480124,51.85547108098753,52.31706361142571,1.0,52.90632977480124,51.85547108098753,0
2026-05-04,IRBR3,IRBR3.SA,52.25334360931217,52.859222870538176,50.8831771557517,51.83167913653929,51.83167913653929,775600,52.25334360931217,52.859222870538176,50.8831771557517,51.83167913653929,1.0,52.859222870538176,50.8831771557517,0
2026-05-05,IRBR3,IRBR3.SA,52.04251137292573,53.22479000339939,50.72509339291309,51.90084017267674,51.90084017267674,929700,52.04251137292573,53.22479000339939,50.72509339291309,51.90084017267674,1.0,53.22479000339939,50.72509339291309,0
2026-05-06,IRBR3,IRBR3.SA,51.971675772801234,54.19305181101563,51.971675772801234,53.20997107291031,53.20997107291031,512100,51.971675772801234,54.19305181101563,51.971675772801234,53.20997107291031,1.0,54.19305181101563,51.971675772801234,0
2026-05-07,IRBR3,IRBR3.SA,52.59082342285577,52.80982180223047,51.90083882523582,52.35286067121232,52.35286067121232,413300,52.59082342285577,52.80982180223047,51.90083882523582,52.35286067121232,1.0,52.80982180223047,51.90083882523582,0
2026-05-08,IRBR3,IRBR3.SA,52.471842047034045,53.0469448645194,52.2367664381295,52.60480536021633,52.60480536021633,251200,52.471842047034045,53.0469448645194,52.2367664381295,52.60480536021633,1.0,53.0469448645194,52.2367664381295,0
2026-05-11,IRBR3,IRBR3.SA,52.53832370362519,52.888860228035774,51.55503093167744,52.29110781783041,52.29110781783041,509400,52.53832370362519,52.888860228035774,51.55503093167744,52.29110781783041,1.0,52.888860228035774,51.55503093167744,0
2026-05-12,IRBR3,IRBR3.SA,52.4147157607278,52.90862240113837,51.56491073384464,52.28122767073296,52.28122767073296,424700,52.4147157607278,52.90862240113837,51.56491073384464,52.28122767073296,1.0,52.90862240113837,51.56491073384464,0
2026-05-13,IRBR3,IRBR3.SA,52.34797171573038,52.82958048597453,50.478085159357335,51.69829392418402,51.69829392418402,677900,52.34797171573038,52.82958048597453,50.478085159357335,51.69829392418402,1.0,52.82958048597453,50.478085159357335,0
2026-05-14,IRBR3,IRBR3.SA,52.0231328199572,52.128084127029304,50.76461530197664,51.37471877368803,51.37471877368803,364500,52.0231328199572,52.128084127029304,50.76461530197664,51.37471877368803,1.0,52.128084127029304,50.76461530197664,0
2026-05-15,IRBR3,IRBR3.SA,51.698925796822614,51.94036102294922,50.83377648414163,51.38953839608429,51.38953839608429,322300,51.698925796822614,51.94036102294922,50.83377648414163,51.38953839608429,1.0,51.94036102294922,50.83377648414163,0
2026-05-18,IRBR3,IRBR3.SA,51.544232096453456,52.96790386257953,51.544232096453456,52.2244161645621,52.2244161645621,536400,51.544232096453456,52.96790386257953,51.544232096453456,52.2244161645621,1.0,52.96790386257953,51.544232096453456,0
2026-05-19,IRBR3,IRBR3.SA,51.88432413050778,52.41460986352999,51.041258746343345,51.65136313940408,51.65136313940408,369900,51.88432413050778,52.41460986352999,51.041258746343345,51.65136313940408,1.0,52.41460986352999,51.041258746343345,0
2026-05-20,IRBR3,IRBR3.SA,51.76784363495593,53.10622902604378,51.37718901124235,52.15031716740556,52.15031716740556,347800,51.76784363495593,53.10622902604378,51.37718901124235,52.15031716740556,1.0,53.10622902604378,51.37718901124235,0
2026-05-21,IRBR3,IRBR3.SA,51.95908040118074,52.76041840712978,51.95908040118074,52.4022599578914,52.4022599578914,269500,51.95908040118074,52.76041840712978,51.95908040118074,52.4022599578914,1.0,52.76041840712978,51.95908040118074,0
2026-05-22,IRBR3,IRBR3.SA,52.18067017953607,52.3652083839526,51.387064153888886,51.82673588273745,51.82673588273745,235700,52.18067017953607,52.3652083839526,51.387064153888886,51.82673588273745,1.0,52.3652083839526,51.387064153888886,0
2026-05-25,IRBR3,IRBR3.SA,52.003703031136766,52.226889396986614,51.41671094687966,51.787218580067076,51.787218580067076,194400,52.003703031136766,52.226889396986614,51.41671094687966,51.787218580067076,1.0,52.226889396986614,51.41671094687966,0
2026-05-26,IRBR3,IRBR3.SA,51.89546080560192,52.02928186003424,51.25862526193107,51.774866283891,51.774866283891,226400,51.89546080560192,52.02928186003424,51.25862526193107,51.774866283891,1.0,52.02928186003424,51.25862526193107,0
2026-05-27,IRBR3,IRBR3.SA,51.835163544746464,52.365211018165255,51.63407245124619,51.97741212515617,51.97741212515617,238100,51.835163544746464,52.365211018165255,51.63407245124619,51.97741212515617,1.0,52.365211018165255,51.63407245124619,0
2026-05-28,IRBR3,IRBR3.SA,51.906287834951314,52.3652083839526,51.43646830908005,51.77733549655417,51.77733549655417,255600,51.906287834951314,52.3652083839526,51.43646830908005,51.77733549655417,1.0,52.3652083839526,51.43646830908005,0
2026-05-29,IRBR3,IRBR3.SA,51.84181166575274,51.87120147442489,50.71521650783308,51.263567626150696,51.263567626150696,505700,51.84181166575274,51.87120147442489,50.71521650783308,51.263567626150696,1.0,51.87120147442489,50.71521650783308,0
2026-06-01,IRBR3,IRBR3.SA,51.552689645951716,52.04586905096267,50.803130976273636,51.24057530951916,51.24057530951916,535100,51.552689645951716,52.04586905096267,50.803130976273636,51.24057530951916,1.0,52.04586905096267,50.803130976273636,0
2026-06-02,IRBR3,IRBR3.SA,51.39663247773544,51.489123492935015,50.34580297669054,51.011911591531025,51.011911591531025,417700,51.39663247773544,51.489123492935015,50.34580297669054,51.011911591531025,1.0,51.489123492935015,50.34580297669054,0
2026-06-03,IRBR3,IRBR3.SA,51.204272034633235,51.240575084334075,50.335861955118645,50.85532648675725,50.85532648675725,479100,51.204272034633235,51.240575084334075,50.335861955118645,50.85532648675725,1.0,51.240575084334075,50.335861955118645,0
2026-06-05,IRBR3,IRBR3.SA,51.02979926069524,51.091447399448484,50.196678256296416,50.53967233599758,50.53967233599758,243200,51.02979926069524,51.091447399448484,50.196678256296416,50.53967233599758,1.0,51.091447399448484,50.196678256296416,0
2026-06-08,IRBR3,IRBR3.SA,50.78473579834641,50.90255338064012,50.15691051996435,50.57198459063625,50.57198459063625,258800,50.78473579834641,50.90255338064012,50.15691051996435,50.57198459063625,1.0,50.90255338064012,50.15691051996435,0
2026-06-09,IRBR3,IRBR3.SA,50.67836019449133,51.59848644255617,50.67836019449133,51.10387532289928,51.10387532289928,275200,50.67836019449133,51.59848644255617,50.67836019449133,51.10387532289928,1.0,51.59848644255617,50.67836019449133,0
2026-06-10,IRBR3,IRBR3.SA,50.8911177586953,50.922434623375445,49.958068700520215,50.641574615577085,50.641574615577085,331600,50.8911177586953,50.922434623375445,49.958068700520215,50.641574615577085,1.0,50.922434623375445,49.958068700520215,0
2026-06-11,IRBR3,IRBR3.SA,50.76634618713619,52.10552147864493,50.45516547872692,51.260459214525994,51.260459214525994,291400,50.76634618713619,52.10552147864493,50.45516547872692,51.260459214525994,1.0,52.10552147864493,50.45516547872692,0
2026-06-12,IRBR3,IRBR3.SA,51.013402700831094,52.34412766767246,51.013402700831094,51.78986472033762,51.78986472033762,203000,51.013402700831094,52.34412766767246,51.013402700831094,51.78986472033762,1.0,52.34412766767246,51.013402700831094,0
2026-06-15,IRBR3,IRBR3.SA,51.401633710584356,52.77162960201604,51.401633710584356,52.07072447980772,52.07072447980772,242400,51.401633710584356,52.77162960201604,51.401633710584356,52.07072447980772,1.0,52.77162960201604,51.401633710584356,0
2026-06-16,IRBR3,IRBR3.SA,51.736179095196036,51.736179095196036,51.15109914781209,51.41704501596797,51.41704501596797,228100,51.736179095196036,51.736179095196036,51.15109914781209,51.41704501596797,1.0,51.736179095196036,51.15109914781209,0
2026-06-17,IRBR3,IRBR3.SA,51.576612055582004,52.055811037565014,50.71365169402377,51.2182049254221,51.2182049254221,334300,51.576612055582004,52.055811037565014,50.71365169402377,51.2182049254221,1.0,52.055811037565014,50.71365169402377,0
2026-06-18,IRBR3,IRBR3.SA,51.39740849050205,51.956391293544456,50.91249207864222,51.30768282078683,51.30768282078683,217900,51.39740849050205,51.956391293544456,50.91249207864222,51.30768282078683,1.0,51.956391293544456,50.91249207864222,0
2026-06-19,IRBR3,IRBR3.SA,51.35254565564444,51.84703387648438,51.2008085620846,51.561202792561005,51.561202792561005,221400,51.35254565564444,51.84703387648438,51.2008085620846,51.561202792561005,1.0,51.84703387648438,51.2008085620846,0
2026-06-22,IRBR3,IRBR3.SA,51.45687422410272,53.08977145715565,51.45687422410272,52.3466117835918,52.3466117835918,306900,51.45687422410272,53.08977145715565,51.45687422410272,52.3466117835918,1.0,53.08977145715565,51.45687422410272,0
2026-06-23,IRBR3,IRBR3.SA,51.90174300384726,54.33251123552689,51.90174300384726,53.395485646449494,53.395485646449494,833000,51.90174300384726,54.33251123552689,51.90174300384726,53.395485646449494,1.0,54.33251123552689,51.90174300384726,0
2026-06-24,IRBR3,IRBR3.SA,52.64861432514837,54.52140327130878,52.64861432514837,54.01188086613615,54.01188086613615,770600,52.64861432514837,54.52140327130878,52.64861432514837,54.01188086613615,1.0,54.52140327130878,52.64861432514837,0
2026-06-25,IRBR3,IRBR3.SA,53.33024759564226,55.17756987255104,53.33024759564226,54.33002160529115,54.33002160529115,359400,53.33024759564226,55.17756987255104,53.33024759564226,54.33002160529115,1.0,55.17756987255104,53.33024759564226,0
2026-06-26,IRBR3,IRBR3.SA,53.83013460046671,55.465886883788485,53.83013460046671,54.789837065023846,54.789837065023846,458100,53.83013460046671,55.465886883788485,53.83013460046671,54.789837065023846,1.0,55.465886883788485,53.83013460046671,0
2026-06-29,IRBR3,IRBR3.SA,54.30998583274528,55.187509352669586,53.80558525546292,54.571112345163954,54.571112345163954,249000,54.30998583274528,55.187509352669586,53.80558525546292,54.571112345163954,1.0,55.187509352669586,53.80558525546292,0
2026-06-30,IRBR3,IRBR3.SA,54.44054908895461,54.81966049575677,53.58686646855788,54.32753633956968,54.32753633956968,429600,54.44054908895461,54.81966049575677,53.58686646855788,54.32753633956968,1.0,54.81966049575677,53.58686646855788,0
2026-07-01,IRBR3,IRBR3.SA,54.38404271426215,54.95000076293945,53.880001068115234,54.50500011444092,54.50500011444092,344600,54.38404271426215,54.95000076293945,53.880001068115234,54.50500011444092,1.0,54.95000076293945,53.880001068115234,0
2026-07-02,IRBR3,IRBR3.SA,54.444521414351534,55.02000045776367,54.02000045776367,54.52000045776367,54.52000045776367,254300,54.444521414351534,55.02000045776367,54.02000045776367,54.52000045776367,1.0,55.02000045776367,54.02000045776367,0
2026-07-03,IRBR3,IRBR3.SA,54.4822609360576,55.029998779296875,54.11000061035156,54.72249984741211,54.72249984741211,178800,54.4822609360576,55.029998779296875,54.11000061035156,54.72249984741211,1.0,55.029998779296875,54.11000061035156,0
2026-07-06,IRBR3,IRBR3.SA,54.602380391734854,55.290000915527344,54.5,54.85249996185303,54.85249996185303,271900,54.602380391734854,55.290000915527344,54.5,54.85249996185303,1.0,55.290000915527344,54.5,0
2026-07-07,IRBR3,IRBR3.SA,54.72744017679394,55.40999984741211,54.630001068115234,54.96000003814697,54.96000003814697,185300,54.72744017679394,55.40999984741211,54.630001068115234,54.96000003814697,1.0,55.40999984741211,54.630001068115234,0
2026-07-08,IRBR3,IRBR3.SA,54.84372010747046,55.06999969482422,54.33000183105469,54.7475004196167,54.7475004196167,204800,54.84372010747046,55.06999969482422,54.33000183105469,54.7475004196167,1.0,55.06999969482422,54.33000183105469,0
2026-07-09,IRBR3,IRBR3.SA,54.79561026354358,55.33000183105469,54.439998626708984,54.96999931335449,54.96999931335449,251300,54.79561026354358,55.33000183105469,54.439998626708984,54.96999931335449,1.0,55.33000183105469,54.439998626708984,0
2026-07-10,IRBR3,IRBR3.SA,54.882804788449036,57.310001373291016,54.882804788449036,56.33250045776367,56.33250045776367,689300,54.882804788449036,57.310001373291016,54.882804788449036,56.33250045776367,1.0,57.310001373291016,54.882804788449036,0
2026-07-13,IRBR3,IRBR3.SA,55.607652623106354,57.72999954223633,55.607652623106354,56.792500495910645,56.792500495910645,242000,55.607652623106354,57.72999954223633,55.607652623106354,56.792500495910645,1.0,57.72999954223633,55.607652623106354,0
2026-07-14,IRBR3,IRBR3.SA,56.2000765595085,56.84000015258789,55.70000076293945,56.3075008392334,56.3075008392334,247300,56.2000765595085,56.84000015258789,55.70000076293945,56.3075008392334,1.0,56.84000015258789,55.70000076293945,0
2026-07-15,IRBR3,IRBR3.SA,56.25378869937095,56.650001525878906,55.4900016784668,56.220001220703125,56.220001220703125,454900,56.25378869937095,56.650001525878906,55.4900016784668,56.220001220703125,1.0,56.650001525878906,55.4900016784668,0
2026-07-16,IRBR3,IRBR3.SA,56.236894960037034,58.02000045776367,56.189998626708984,57.0,57.0,437700,56.236894960037034,58.02000045776367,56.189998626708984,57.0,1.0,58.02000045776367,56.189998626708984,0
2026-07-17,IRBR3,IRBR3.SA,56.61844748001852,57.5,56.61844748001852,57.1899995803833,57.1899995803833,192200,56.61844748001852,57.5,56.61844748001852,57.1899995803833,1.0,57.5,56.61844748001852,0
2026-07-20,IRBR3,IRBR3.SA,56.90422353020091,57.93000030517578,56.290000915527344,56.97500038146973,56.97500038146973,521400,56.90422353020091,57.93000030517578,56.290000915527344,56.97500038146973,1.0,57.93000030517578,56.290000915527344,0
2026-07-21,IRBR3,IRBR3.SA,56.93961195583532,56.93961195583532,55.06999969482422,56.01249980926514,56.01249980926514,758600,56.93961195583532,56.93961195583532,55.06999969482422,56.01249980926514,1.0,56.93961195583532,55.06999969482422,0
