date,ticker,source_symbol,open,high,low,close,adj_close,volume,raw_open,raw_high,raw_low,raw_close,adjustment_factor,source_high,source_low,ohlc_repaired,raw_volume,trades,financial_volume,quotation_factor,bdi_code,market_type,isin,distribution_number,specification,issuer_name
2017-01-02,BRAP4,BRAP4,13.014867926149522,13.014867926149522,12.75811202828671,12.837794893140687,12.837794893140687,398141,14.7,14.7,14.41,14.5,0.8853651650441853,14.7,14.41,0,352500,1257,5113823.0,1,02,010,BRBRAPACNPR2,130,PN  EJ  N1,BRADESPAR
2017-01-03,BRAP4,BRAP4,13.085697139353059,13.37786764381764,13.032575229450408,13.37786764381764,13.37786764381764,1326232,14.78,15.11,14.72,15.11,0.8853651650441853,15.11,14.72,0,1174200,4335,17531153.0,1,02,010,BRBRAPACNPR2,130,PN  EJ  N1,BRADESPAR
2017-01-04,BRAP4,BRAP4,13.413282250419407,13.413282250419407,12.89977045469378,13.085697139353059,13.085697139353059,1920112,15.15,15.15,14.57,14.78,0.8853651650441853,15.15,14.57,0,1700000,6586,25231662.0,1,02,010,BRBRAPACNPR2,130,PN  EJ  N1,BRADESPAR
2017-01-05,BRAP4,BRAP4,13.271623824012337,13.785135619737964,13.112258094304384,13.740867361485755,13.740867361485755,2536468,14.99,15.57,14.81,15.52,0.8853651650441853,15.57,14.81,0,2245700,8827,34376086.0,1,02,010,BRBRAPACNPR2,130,PN      N1,BRADESPAR
2017-01-06,BRAP4,BRAP4,13.510672418574266,13.61691623837957,13.28933112731322,13.501818766923826,13.501818766923826,3206812,15.26,15.38,15.01,15.25,0.8853651650441853,15.38,15.01,0,2839200,9212,43150704.0,1,02,010,BRBRAPACNPR2,130,PN      N1,BRADESPAR
2017-01-09,BRAP4,BRAP4,13.625769890030012,13.988769607698128,13.625769890030012,13.829403877990174,13.829403877990174,1883065,15.39,15.8,15.39,15.62,0.8853651650441853,15.8,15.39,0,1667200,9268,26168700.0,1,02,010,BRBRAPACNPR2,130,PN      N1,BRADESPAR
2017-01-10,BRAP4,BRAP4,14.165842640706964,14.599671571578615,14.148135337406082,14.590817919928174,14.590817919928174,2384214,16.0,16.49,15.98,16.48,0.8853651650441853,16.49,15.98,0,2110900,7898,34322722.0,1,02,010,BRBRAPACNPR2,130,PN      N1,BRADESPAR
2017-01-11,BRAP4,BRAP4,14.732476346335243,15.095476064003359,14.555403313326407,15.095476064003359,15.095476064003359,1765260,16.64,17.05,16.44,17.05,0.8853651650441853,17.05,16.44,0,1562900,5634,26280471.0,1,02,010,BRBRAPACNPR2,130,PN      N1,BRADESPAR
2017-01-12,BRAP4,BRAP4,15.520451343224568,15.821475499339591,15.511597691574126,15.750646286136055,15.750646286136055,2045935,17.53,17.87,17.52,17.79,0.8853651650441853,17.87,17.52,0,1811400,8624,32136073.0,1,02,010,BRBRAPACNPR2,130,PN      N1,BRADESPAR
2017-01-13,BRAP4,BRAP4,15.626695163029868,17.1141086403041,15.600134208078545,16.72454796768466,16.72454796768466,4837665,17.65,19.33,17.62,18.89,0.8853651650441853,19.33,17.62,0,4283100,9955,79220629.0,1,02,010,BRBRAPACNPR2,130,PN      N1,BRADESPAR
2017-01-16,BRAP4,BRAP4,16.91047465234394,17.57449852612708,16.91047465234394,17.353157234866032,17.353157234866032,3190548,19.1,19.85,19.1,19.6,0.8853651650441853,19.85,19.1,0,2824800,8589,55458468.0,1,02,010,BRBRAPACNPR2,130,PN      N1,BRADESPAR
2017-01-17,BRAP4,BRAP4,17.25576706671117,17.25576706671117,16.361548250016543,17.05213307875101,17.05213307875101,3128427,19.49,19.49,18.48,19.26,0.8853651650441853,19.49,18.48,0,2769800,10556,53083951.0,1,02,010,BRBRAPACNPR2,130,PN      N1,BRADESPAR
2017-01-18,BRAP4,BRAP4,17.264620718361613,18.45101003952082,17.264620718361613,18.185400490007567,18.185400490007567,6352746,19.5,20.84,19.5,20.54,0.8853651650441853,20.84,19.5,0,5624500,13881,114358967.0,1,02,010,BRBRAPACNPR2,130,PN      N1,BRADESPAR
2017-01-19,BRAP4,BRAP4,18.273937006511986,18.273937006511986,17.131815943604987,17.53908391952531,17.53908391952531,3723435,20.64,20.64,19.35,19.81,0.8853651650441853,20.64,19.35,0,3296600,10865,65839746.0,1,02,010,BRBRAPACNPR2,130,PN      N1,BRADESPAR
2017-01-20,BRAP4,BRAP4,17.423986448069567,18.49527829777303,17.264620718361613,18.415595432919055,18.415595432919055,3655554,19.68,20.89,19.5,20.8,0.8853651650441853,20.89,19.5,0,3236500,10378,64668962.0,1,02,010,BRBRAPACNPR2,130,PN      N1,BRADESPAR
2017-01-23,BRAP4,BRAP4,18.238522399910217,19.371789811166774,18.132278580104916,19.371789811166774,19.371789811166774,2963862,20.6,21.88,20.48,21.88,0.8853651650441853,21.88,20.48,0,2624100,9892,55866347.0,1,02,010,BRBRAPACNPR2,130,PN      N1,BRADESPAR
2017-01-24,BRAP4,BRAP4,19.876447955241957,20.097789246503005,18.96452183524645,19.717082225534007,19.717082225534007,4553601,22.45,22.7,21.42,22.27,0.8853651650441853,22.7,21.42,0,4031600,12447,89212473.0,1,02,010,BRBRAPACNPR2,130,PN      N1,BRADESPAR
2017-01-26,BRAP4,BRAP4,19.96498447174638,20.186325763007424,19.21242408145882,19.21242408145882,19.21242408145882,3042812,22.55,22.8,21.7,21.7,0.8853651650441853,22.8,21.7,0,2694000,7491,59333040.0,1,02,010,BRBRAPACNPR2,130,PN      N1,BRADESPAR
2017-01-27,BRAP4,BRAP4,19.336375204565005,19.469179979321634,18.999936441848217,19.07961930670219,19.07961930670219,1755886,21.84,21.99,21.46,21.55,0.8853651650441853,21.99,21.46,0,1554600,3760,33649500.0,1,02,010,BRBRAPACNPR2,130,PN      N1,BRADESPAR
2017-01-30,BRAP4,BRAP4,18.769741498936728,18.858278015441147,18.167693186706682,18.203107793308448,18.203107793308448,1738379,21.2,21.3,20.52,20.56,0.8853651650441853,21.3,20.52,0,1539100,6035,31918772.0,1,02,010,BRBRAPACNPR2,130,PN      N1,BRADESPAR
2017-01-31,BRAP4,BRAP4,18.50413194942347,18.68120498243231,18.21196144495889,18.415595432919055,18.415595432919055,1899216,20.9,21.1,20.57,20.8,0.8853651650441853,21.1,20.57,0,1681500,6287,34944740.0,1,02,010,BRBRAPACNPR2,130,PN      N1,BRADESPAR
2017-02-01,BRAP4,BRAP4,18.769741498936728,19.30981424961368,18.64579037583054,19.238985036410146,19.238985036410146,7107350,21.2,21.81,21.06,21.73,0.8853651650441853,21.81,21.06,0,6292600,9458,134634517.0,1,02,010,BRBRAPACNPR2,130,PN      N1,BRADESPAR
2017-02-02,BRAP4,BRAP4,19.25669233971103,19.504594585923403,18.6369367241801,18.68120498243231,18.68120498243231,2112913,21.75,22.03,21.05,21.1,0.8853651650441853,22.03,21.05,0,1870700,7473,40127793.0,1,02,010,BRBRAPACNPR2,130,PN      N1,BRADESPAR
2017-02-03,BRAP4,BRAP4,18.167693186706682,18.176546838357126,17.282328021662497,17.663035042631495,17.663035042631495,4093113,20.52,20.53,19.52,19.95,0.8853651650441853,20.53,19.52,0,3623900,13832,72577037.0,1,02,010,BRBRAPACNPR2,130,PN      N1,BRADESPAR
2017-02-06,BRAP4,BRAP4,17.84010807564033,17.84010807564033,17.025572123799684,17.131815943604987,17.131815943604987,2567754,20.15,20.15,19.23,19.35,0.8853651650441853,20.15,19.23,0,2273400,9549,44562230.0,1,02,010,BRBRAPACNPR2,130,PN      N1,BRADESPAR
2017-02-07,BRAP4,BRAP4,17.53023026787487,17.990620153697844,17.45054740302089,17.618766784379286,17.618766784379286,7696937,19.8,20.32,19.71,19.9,0.8853651650441853,20.32,19.71,0,6814600,16042,136426044.0,1,02,010,BRBRAPACNPR2,130,PN      N1,BRADESPAR
2017-02-08,BRAP4,BRAP4,18.06144936690138,18.06144936690138,17.468254706321776,17.893229985542984,17.893229985542984,3908896,20.4,20.4,19.73,20.21,0.8853651650441853,20.4,19.73,0,3460800,8710,69199476.0,1,02,010,BRBRAPACNPR2,130,PN      N1,BRADESPAR
2017-02-09,BRAP4,BRAP4,17.981766502047403,18.273937006511986,17.751571559135915,18.273937006511986,18.273937006511986,4207416,20.31,20.64,20.05,20.64,0.8853651650441853,20.64,20.05,0,3725100,5592,75763891.0,1,02,010,BRBRAPACNPR2,130,PN      N1,BRADESPAR
2017-02-10,BRAP4,BRAP4,18.72547324068452,19.433765372719865,18.72547324068452,19.30096059796324,19.30096059796324,3608680,21.15,21.95,21.15,21.8,0.8853651650441853,21.95,21.15,0,3195000,10074,69388283.0,1,02,010,BRBRAPACNPR2,130,PN      N1,BRADESPAR
2017-02-13,BRAP4,BRAP4,20.07122829155168,20.83264233348968,20.07122829155168,20.779520423587027,20.779520423587027,4498822,22.67,23.53,22.67,23.47,0.8853651650441853,23.53,22.67,0,3983100,11478,91954383.0,1,02,010,BRBRAPACNPR2,130,PN      N1,BRADESPAR
2017-02-14,BRAP4,BRAP4,20.717544862033936,20.717544862033936,20.044667336600355,20.327984189414494,20.327984189414494,2990179,23.4,23.4,22.64,22.96,0.8853651650441853,23.4,22.64,0,2647400,10528,60613131.0,1,02,010,BRBRAPACNPR2,130,PN      N1,BRADESPAR
2017-02-15,BRAP4,BRAP4,20.496203570772888,20.620154693879073,19.973838123396817,20.20403306630831,20.20403306630831,3902345,23.15,23.29,22.56,22.82,0.8853651650441853,23.29,22.56,0,3455000,10250,79394154.0,1,02,010,BRBRAPACNPR2,130,PN      N1,BRADESPAR
2017-02-16,BRAP4,BRAP4,20.186325763007424,20.469642615821563,19.858740651941076,20.01810638164903,20.01810638164903,1575734,22.8,23.12,22.43,22.61,0.8853651650441853,23.12,22.43,0,1395100,5459,31683648.0,1,02,010,BRBRAPACNPR2,130,PN      N1,BRADESPAR
2017-02-17,BRAP4,BRAP4,20.00925272999859,20.21288671795875,19.805618742038426,20.186325763007424,20.186325763007424,939725,22.6,22.83,22.37,22.8,0.8853651650441853,22.83,22.37,0,832000,3695,18887264.0,1,02,010,BRBRAPACNPR2,130,PN      N1,BRADESPAR
2017-02-20,BRAP4,BRAP4,24.19702996065758,24.21473726395847,22.98407968454705,23.541859738524888,23.541859738524888,10294283,27.33,27.35,25.96,26.59,0.8853651650441853,27.35,25.96,0,9114200,18496,241538485.0,1,02,010,BRBRAPACNPR2,130,PN      N1,BRADESPAR
2017-02-21,BRAP4,BRAP4,24.00224962434786,24.108493444153165,22.629933618529375,23.054908897750582,23.054908897750582,3885515,27.11,27.23,25.56,26.04,0.8853651650441853,27.23,25.56,0,3440100,12373,90289488.0,1,02,010,BRBRAPACNPR2,130,PN      N1,BRADESPAR
2017-02-22,BRAP4,BRAP4,22.58566536027717,22.68305552843203,21.231056657759563,21.824251318339165,21.824251318339165,5851484,25.51,25.62,23.98,24.65,0.8853651650441853,25.62,23.98,0,5180700,20936,127523602.0,1,02,010,BRBRAPACNPR2,130,PN      N1,BRADESPAR
2017-02-23,BRAP4,BRAP4,22.036738957949773,22.160690081055957,20.17747211135698,20.629008345529517,20.629008345529517,9879313,24.89,25.03,22.79,23.3,0.8853651650441853,25.03,22.79,0,8746800,22625,206704284.0,1,02,010,BRBRAPACNPR2,130,PN      N1,BRADESPAR
2017-02-24,BRAP4,BRAP4,19.478033630972075,21.390422387467517,19.478033630972075,20.761813120286146,20.761813120286146,4429020,22.0,24.16,22.0,23.45,0.8853651650441853,24.16,22.0,0,3921300,17522,91518252.0,1,02,010,BRBRAPACNPR2,130,PN      N1,BRADESPAR
2017-03-01,BRAP4,BRAP4,20.903471546693215,21.50551985892326,20.752959468635705,21.346154129215307,21.346154129215307,1362489,23.61,24.29,23.44,24.11,0.8853651650441853,24.29,23.44,0,1206300,6103,28864038.0,1,02,010,BRBRAPACNPR2,130,PN      N1,BRADESPAR
2017-03-02,BRAP4,BRAP4,21.346154129215307,21.682592891932096,20.053520988250796,20.12435020145433,20.12435020145433,3718466,24.11,24.49,22.65,22.73,0.8853651650441853,24.49,22.65,0,3292200,11243,76173490.0,1,02,010,BRBRAPACNPR2,130,PN      N1,BRADESPAR
2017-03-03,BRAP4,BRAP4,20.35454514436582,20.496203570772888,19.92956986514461,20.24830132456052,20.24830132456052,2613611,22.99,23.15,22.51,22.87,0.8853651650441853,23.15,22.51,0,2314000,7132,52850232.0,1,02,010,BRBRAPACNPR2,130,PN      N1,BRADESPAR
2017-03-06,BRAP4,BRAP4,20.044667336600355,20.20403306630831,19.557716495826053,20.053520988250796,20.053520988250796,2048759,22.64,22.82,22.09,22.65,0.8853651650441853,22.82,22.09,0,1813900,5594,40712142.0,1,02,010,BRBRAPACNPR2,130,PN      N1,BRADESPAR
2017-03-07,BRAP4,BRAP4,20.1597648080561,20.513910874073776,19.814472393688867,20.16861845970654,20.16861845970654,2248451,22.77,23.17,22.38,22.78,0.8853651650441853,23.17,22.38,0,1990700,8039,45444458.0,1,02,010,BRBRAPACNPR2,130,PN      N1,BRADESPAR
2017-03-08,BRAP4,BRAP4,20.27486227951184,20.27486227951184,19.54000919252517,19.78791143873754,19.78791143873754,1969696,22.9,22.9,22.07,22.35,0.8853651650441853,22.9,22.07,0,1743900,6833,39062004.0,1,02,010,BRBRAPACNPR2,130,PN      N1,BRADESPAR
2017-03-09,BRAP4,BRAP4,19.30096059796324,19.947277168445495,19.097326610003076,19.575423799126934,19.575423799126934,1913900,21.8,22.53,21.57,22.11,0.8853651650441853,22.53,21.57,0,1694500,6553,37283238.0,1,02,010,BRBRAPACNPR2,130,PN      N1,BRADESPAR
2017-03-10,BRAP4,BRAP4,19.823326045339307,20.283715931162284,19.044204700100426,19.34522885621545,19.34522885621545,1622946,22.39,22.91,21.51,21.85,0.8853651650441853,22.91,21.51,0,1436900,6601,31842388.0,1,02,010,BRBRAPACNPR2,130,PN      N1,BRADESPAR
2017-03-13,BRAP4,BRAP4,20.186325763007424,20.186325763007424,19.832179696989748,20.053520988250796,20.053520988250796,1086106,22.8,22.8,22.4,22.65,0.8853651650441853,22.8,22.4,0,961600,3746,21760561.0,1,02,010,BRBRAPACNPR2,130,PN      N1,BRADESPAR
2017-03-14,BRAP4,BRAP4,20.044667336600355,20.186325763007424,19.30981424961368,20.044667336600355,20.044667336600355,2055762,22.64,22.8,21.81,22.64,0.8853651650441853,22.8,21.81,0,1820100,6211,40655730.0,1,02,010,BRBRAPACNPR2,130,PN      N1,BRADESPAR
2017-03-15,BRAP4,BRAP4,20.540471829025098,21.328446825914423,20.142057504755215,21.328446825914423,21.328446825914423,6174514,23.2,24.09,22.75,24.09,0.8853651650441853,24.09,22.75,0,5466700,8858,127842593.0,1,02,010,BRBRAPACNPR2,130,PN      N1,BRADESPAR
2017-03-16,BRAP4,BRAP4,21.346154129215307,21.620617330379005,20.611301042228636,20.806081378538355,20.806081378538355,1796660,24.11,24.42,23.28,23.5,0.8853651650441853,24.42,23.28,0,1590700,5927,37656958.0,1,02,010,BRBRAPACNPR2,130,PN      N1,BRADESPAR
2017-03-17,BRAP4,BRAP4,20.98315441154719,21.053983624750728,19.805618742038426,19.814472393688867,19.814472393688867,2172211,23.7,23.78,22.37,22.38,0.8853651650441853,23.78,22.37,0,1923200,5785,43761140.0,1,02,010,BRBRAPACNPR2,130,PN      N1,BRADESPAR
2017-03-20,BRAP4,BRAP4,19.59313110242782,20.292569582812728,19.371789811166774,20.186325763007424,20.186325763007424,4825128,22.13,22.92,21.88,22.8,0.8853651650441853,22.92,21.88,0,4272000,4557,96135750.0,1,02,010,BRBRAPACNPR2,130,PN      N1,BRADESPAR
2017-03-21,BRAP4,BRAP4,19.761350483786217,19.761350483786217,18.35361987136596,18.468717342821705,18.468717342821705,3225901,22.32,22.32,20.73,20.86,0.8853651650441853,22.32,20.73,0,2856100,10202,60229100.0,1,02,010,BRBRAPACNPR2,130,PN      N1,BRADESPAR
2017-03-22,BRAP4,BRAP4,17.946351895445634,18.97337548689689,17.760425210786355,18.946814531945563,18.946814531945563,3447617,20.27,21.43,20.06,21.4,0.8853651650441853,21.43,20.06,0,3052400,10867,63983595.0,1,02,010,BRBRAPACNPR2,130,PN      N1,BRADESPAR
2017-03-23,BRAP4,BRAP4,18.68120498243231,18.911399925343797,18.203107793308448,18.68120498243231,18.68120498243231,2926815,21.1,21.36,20.56,21.1,0.8853651650441853,21.36,20.56,0,2591300,9384,54370217.0,1,02,010,BRBRAPACNPR2,130,PN      N1,BRADESPAR
2017-03-24,BRAP4,BRAP4,18.68120498243231,18.822863408839382,18.2562297032111,18.61922942087922,18.61922942087922,2114947,21.1,21.26,20.62,21.03,0.8853651650441853,21.26,20.62,0,1872500,5913,39163689.0,1,02,010,BRBRAPACNPR2,130,PN      N1,BRADESPAR
2017-03-27,BRAP4,BRAP4,17.84010807564033,19.141594868255286,17.53908391952531,19.02649739679954,19.02649739679954,3561581,20.15,21.62,19.81,21.49,0.8853651650441853,21.62,19.81,0,3153300,10769,65341037.0,1,02,010,BRBRAPACNPR2,130,PN      N1,BRADESPAR
2017-03-28,BRAP4,BRAP4,19.17700947485705,19.478033630972075,18.92025357699424,19.407204417768543,19.407204417768543,1494525,21.66,22.0,21.37,21.92,0.8853651650441853,22.0,21.37,0,1323200,4014,28764631.0,1,02,010,BRBRAPACNPR2,130,PN      N1,BRADESPAR
2017-03-29,BRAP4,BRAP4,19.292106946312796,19.858740651941076,19.274399643011915,19.663960315631357,19.663960315631357,3843160,21.79,22.43,21.77,22.21,0.8853651650441853,22.43,21.77,0,3402600,6486,75535425.0,1,02,010,BRBRAPACNPR2,130,PN      N1,BRADESPAR
2017-03-30,BRAP4,BRAP4,19.779057787087098,19.779057787087098,19.20357042980838,19.478033630972075,19.478033630972075,1130946,22.34,22.34,21.69,22.0,0.8853651650441853,22.34,21.69,0,1001300,3470,21992609.0,1,02,010,BRBRAPACNPR2,130,PN      N1,BRADESPAR
2017-03-31,BRAP4,BRAP4,19.11503391330396,19.601984754078263,19.088472958352632,19.380643462817215,19.380643462817215,1371299,21.59,22.14,21.56,21.89,0.8853651650441853,22.14,21.56,0,1214100,4403,26520684.0,1,02,010,BRBRAPACNPR2,130,PN      N1,BRADESPAR
2017-04-03,BRAP4,BRAP4,19.380643462817215,19.380643462817215,18.610375769228774,18.769741498936728,18.769741498936728,1737814,21.89,21.89,21.02,21.2,0.8853651650441853,21.89,21.02,0,1538600,4530,32720962.0,1,02,010,BRBRAPACNPR2,130,PN      N1,BRADESPAR
2017-04-04,BRAP4,BRAP4,18.849424363790703,19.646253012330472,18.59266846592789,19.646253012330472,19.646253012330472,1654120,21.29,22.19,21.0,22.19,0.8853651650441853,22.19,21.0,0,1464500,4187,31703852.0,1,02,010,BRBRAPACNPR2,130,PN      N1,BRADESPAR
2017-04-05,BRAP4,BRAP4,19.78791143873754,20.06237463990124,18.64579037583054,18.911399925343797,18.911399925343797,2180908,22.35,22.66,21.06,21.36,0.8853651650441853,22.66,21.06,0,1930900,6354,42270573.0,1,02,010,BRBRAPACNPR2,130,PN      N1,BRADESPAR
2017-04-06,BRAP4,BRAP4,19.035351048449982,19.123887564954405,18.167693186706682,18.38018082631729,18.38018082631729,1594257,21.5,21.6,20.52,20.76,0.8853651650441853,21.6,20.52,0,1411500,4809,29606571.0,1,02,010,BRBRAPACNPR2,130,PN      N1,BRADESPAR
2017-04-07,BRAP4,BRAP4,17.928644592144753,18.64579037583054,17.264620718361613,18.30049796146331,18.30049796146331,4781530,20.25,21.06,19.5,20.67,0.8853651650441853,21.06,19.5,0,4233400,12767,85979921.0,1,02,010,BRBRAPACNPR2,130,PN      N1,BRADESPAR
2017-04-10,BRAP4,BRAP4,18.238522399910217,18.45101003952082,17.77813251408724,18.141132231755353,18.141132231755353,2205869,20.6,20.84,20.08,20.49,0.8853651650441853,20.84,20.08,0,1953000,9537,39800193.0,1,02,010,BRBRAPACNPR2,130,PN      N1,BRADESPAR
2017-04-11,BRAP4,BRAP4,18.291644309812867,18.371327174666845,17.353157234866032,17.804693469038565,17.804693469038565,3186595,20.66,20.75,19.6,20.11,0.8853651650441853,20.75,19.6,0,2821300,10205,56467375.0,1,02,010,BRBRAPACNPR2,130,PN      N1,BRADESPAR
2017-04-12,BRAP4,BRAP4,16.96359656224659,17.370864538166916,16.653718754481122,16.742255270985545,16.742255270985545,6623821,19.16,19.62,18.81,18.91,0.8853651650441853,19.62,18.81,0,5864500,14516,111844563.0,1,02,010,BRBRAPACNPR2,130,PN      N1,BRADESPAR
2017-04-13,BRAP4,BRAP4,16.76881622593687,17.238059763410288,16.72454796768466,16.830791787489964,16.830791787489964,3549948,18.94,19.47,18.89,19.01,0.8853651650441853,19.47,18.89,0,3143000,11208,60141958.0,1,02,010,BRBRAPACNPR2,130,PN      N1,BRADESPAR
2017-04-17,BRAP4,BRAP4,16.804230832538636,17.10525498865366,16.476645721472288,17.087547685352778,17.087547685352778,3465011,18.98,19.32,18.61,19.3,0.8853651650441853,19.32,18.61,0,3067800,6911,58430277.0,1,02,010,BRBRAPACNPR2,130,PN      N1,BRADESPAR
2017-04-18,BRAP4,BRAP4,16.697987012733332,16.715694316034217,16.23759712691036,16.63601145118024,16.63601145118024,3709995,18.86,18.88,18.34,18.79,0.8853651650441853,18.88,18.34,0,3284700,7082,61313388.0,1,02,010,BRBRAPACNPR2,130,PN      N1,BRADESPAR
2017-04-19,BRAP4,BRAP4,16.813084484189076,17.06098673040145,16.3526945983661,16.441231114870522,16.441231114870522,2667713,18.99,19.27,18.47,18.57,0.8853651650441853,19.27,18.47,0,2361900,9946,44532562.0,1,02,010,BRBRAPACNPR2,130,PN      N1,BRADESPAR
2017-04-20,BRAP4,BRAP4,16.892767349043055,17.406279144768682,16.804230832538636,17.335449931565147,17.335449931565147,2704308,19.08,19.66,18.98,19.58,0.8853651650441853,19.66,18.98,0,2394300,5362,46462007.0,1,02,010,BRBRAPACNPR2,130,PN      N1,BRADESPAR
2017-04-24,BRAP4,BRAP4,17.707303300883705,17.707303300883705,17.069840382051893,17.54793757117575,17.54793757117575,3249168,20.0,20.0,19.28,19.82,0.8853651650441853,20.0,19.28,0,2876700,11482,56494895.0,1,02,010,BRBRAPACNPR2,130,PN      N1,BRADESPAR
2017-04-25,BRAP4,BRAP4,17.459401054671332,18.2562297032111,17.264620718361613,18.2562297032111,18.2562297032111,3028016,19.72,20.62,19.5,20.62,0.8853651650441853,20.62,19.5,0,2680900,6168,54125569.0,1,02,010,BRBRAPACNPR2,130,PN      N1,BRADESPAR
2017-04-26,BRAP4,BRAP4,18.2562297032111,18.415595432919055,17.751571559135915,17.884376333892543,17.884376333892543,2659016,20.62,20.8,20.05,20.2,0.8853651650441853,20.8,20.05,0,2354200,6423,47920048.0,1,02,010,BRBRAPACNPR2,130,PN      N1,BRADESPAR
2017-04-27,BRAP4,BRAP4,18.052595715250938,18.327058916414636,16.96359656224659,17.353157234866032,17.353157234866032,2176955,20.39,20.7,19.16,19.6,0.8853651650441853,20.7,19.16,0,1927400,5865,37818822.0,1,02,010,BRBRAPACNPR2,130,PN      N1,BRADESPAR
2017-04-28,BRAP4,BRAP4,17.193791505158078,17.64532773933061,17.034425775450124,17.57449852612708,17.57449852612708,2214002,19.42,19.93,19.24,19.85,0.8853651650441853,19.93,19.24,0,1960200,5288,38738821.0,1,02,010,BRBRAPACNPR2,131,PN  ED  N1,BRADESPAR
2017-05-02,BRAP4,BRAP4,17.62762043602973,18.052595715250938,17.62762043602973,17.972912850396963,17.972912850396963,1335494,19.91,20.39,19.91,20.3,0.8853651650441853,20.39,19.91,0,1182400,6512,23929743.0,1,02,010,BRBRAPACNPR2,131,PN  ED  N1,BRADESPAR
2017-05-03,BRAP4,BRAP4,18.008327456998728,18.008327456998728,16.91047465234394,16.954742910596146,16.954742910596146,2227104,20.34,20.34,19.1,19.15,0.8853651650441853,20.34,19.1,0,1971800,5758,38278469.0,1,02,010,BRBRAPACNPR2,131,PN  ED  N1,BRADESPAR
2017-05-04,BRAP4,BRAP4,16.520913979724497,16.565182237976707,16.04281679060064,16.15791426205638,16.15791426205638,2519751,18.66,18.71,18.12,18.25,0.8853651650441853,18.71,18.12,0,2230900,8489,40884367.0,1,02,010,BRBRAPACNPR2,131,PN  ED  N1,BRADESPAR
2017-05-05,BRAP4,BRAP4,16.04281679060064,16.76881622593687,15.830329150990032,16.58288954127759,16.58288954127759,2040175,18.12,18.94,17.88,18.73,0.8853651650441853,18.94,17.88,0,1806300,7215,33613775.0,1,02,010,BRBRAPACNPR2,131,PN  ED  N1,BRADESPAR
2017-05-08,BRAP4,BRAP4,16.33498729506522,16.68027970943245,16.078231397202405,16.29071903681301,16.29071903681301,2319608,18.45,18.84,18.16,18.4,0.8853651650441853,18.84,18.16,0,2053700,5871,37980735.0,1,02,010,BRBRAPACNPR2,131,PN  ED  N1,BRADESPAR
2017-05-09,BRAP4,BRAP4,16.538621283025382,16.82193813583952,16.414670159919194,16.609450496228916,16.609450496228916,2397542,18.68,19.0,18.54,18.76,0.8853651650441853,19.0,18.54,0,2122700,7843,39903686.0,1,02,010,BRBRAPACNPR2,131,PN  ED  N1,BRADESPAR
2017-05-10,BRAP4,BRAP4,16.830791787489964,16.945889258945705,16.396962856618313,16.58288954127759,16.58288954127759,2495919,19.01,19.14,18.52,18.73,0.8853651650441853,19.14,18.52,0,2209800,7742,41551042.0,1,02,010,BRBRAPACNPR2,131,PN  ED  N1,BRADESPAR
2017-05-11,BRAP4,BRAP4,16.512060328074053,16.671426057782007,16.20218252030859,16.556328586326263,16.556328586326263,2305602,18.65,18.83,18.3,18.7,0.8853651650441853,18.83,18.3,0,2041300,7685,38116899.0,1,02,010,BRBRAPACNPR2,131,PN      N1,BRADESPAR
2017-05-12,BRAP4,BRAP4,16.7334016193351,16.77766987758731,15.945426622445778,16.04281679060064,16.04281679060064,1770456,18.9,18.95,18.01,18.12,0.8853651650441853,18.95,18.01,0,1567500,6035,28736184.0,1,02,010,BRBRAPACNPR2,131,PN      N1,BRADESPAR
2017-05-15,BRAP4,BRAP4,16.246450778560803,16.441231114870522,16.122499655454614,16.414670159919194,16.414670159919194,2219649,18.35,18.57,18.21,18.54,0.8853651650441853,18.57,18.21,0,1965200,5482,36154577.0,1,02,010,BRBRAPACNPR2,131,PN      N1,BRADESPAR
2017-05-16,BRAP4,BRAP4,16.520913979724497,16.795377180888195,16.512060328074053,16.7334016193351,16.7334016193351,1664737,18.66,18.97,18.65,18.9,0.8853651650441853,18.97,18.65,0,1473900,5580,27783205.0,1,02,010,BRBRAPACNPR2,131,PN      N1,BRADESPAR
2017-05-17,BRAP4,BRAP4,16.804230832538636,16.839645439140405,16.033963138950195,16.33498729506522,16.33498729506522,10721791,18.98,19.02,18.11,18.45,0.8853651650441853,19.02,18.11,0,9492700,12172,173634669.0,1,02,010,BRBRAPACNPR2,131,PN      N1,BRADESPAR
2017-05-18,BRAP4,BRAP4,14.67935443643259,16.20218252030859,14.67935443643259,16.20218252030859,16.20218252030859,7153884,16.58,18.3,16.58,18.3,0.8853651650441853,18.3,16.58,0,6333800,21451,113224395.0,1,02,010,BRBRAPACNPR2,131,PN      N1,BRADESPAR
2017-05-19,BRAP4,BRAP4,16.308426340113893,16.804230832538636,16.11364600380417,16.441231114870522,16.441231114870522,2258729,18.42,18.98,18.2,18.57,0.8853651650441853,18.98,18.2,0,1999800,10401,37196049.0,1,02,010,BRBRAPACNPR2,131,PN      N1,BRADESPAR
2017-05-22,BRAP4,BRAP4,16.25530443021124,16.644865102830686,15.971987577397101,16.52976763137494,16.52976763137494,3374992,18.36,18.8,18.04,18.67,0.8853651650441853,18.8,18.04,0,2988100,15672,55256715.0,1,02,010,BRBRAPACNPR2,131,PN      N1,BRADESPAR
2017-05-23,BRAP4,BRAP4,16.467792069821847,16.662572406131567,15.998548532348428,16.591743192928032,16.591743192928032,2149057,18.6,18.82,18.07,18.74,0.8853651650441853,18.82,18.07,0,1902700,7215,35341844.0,1,02,010,BRBRAPACNPR2,131,PN      N1,BRADESPAR
2017-05-24,BRAP4,BRAP4,16.467792069821847,16.520913979724497,16.06937774555196,16.33498729506522,16.33498729506522,2173566,18.6,18.66,18.15,18.45,0.8853651650441853,18.66,18.15,0,1924400,7069,35421591.0,1,02,010,BRBRAPACNPR2,131,PN      N1,BRADESPAR
2017-05-25,BRAP4,BRAP4,16.33498729506522,16.512060328074053,16.11364600380417,16.441231114870522,16.441231114870522,1839919,18.45,18.65,18.2,18.57,0.8853651650441853,18.65,18.2,0,1629000,6557,30021466.0,1,02,010,BRBRAPACNPR2,131,PN      N1,BRADESPAR
2017-05-26,BRAP4,BRAP4,16.33498729506522,16.76881622593687,16.19332886865815,16.644865102830686,16.644865102830686,1929373,18.45,18.94,18.29,18.8,0.8853651650441853,18.94,18.29,0,1708200,4729,31908545.0,1,02,010,BRBRAPACNPR2,131,PN      N1,BRADESPAR
2017-05-29,BRAP4,BRAP4,16.644865102830686,17.264620718361613,16.538621283025382,17.15837689855631,17.15837689855631,1534395,18.8,19.5,18.68,19.38,0.8853651650441853,19.5,18.68,0,1358500,4811,26265546.0,1,02,010,BRBRAPACNPR2,131,PN      N1,BRADESPAR
2017-05-30,BRAP4,BRAP4,17.087547685352778,17.618766784379286,16.954742910596146,17.618766784379286,17.618766784379286,2389297,19.3,19.9,19.15,19.9,0.8853651650441853,19.9,19.15,0,2115400,6203,41601327.0,1,02,010,BRBRAPACNPR2,131,PN      N1,BRADESPAR
2017-05-31,BRAP4,BRAP4,17.397425493118238,17.397425493118238,16.715694316034217,16.928181955644824,16.928181955644824,3922110,19.65,19.65,18.88,19.12,0.8853651650441853,19.65,18.88,0,3472500,10167,66320963.0,1,02,010,BRBRAPACNPR2,131,PN      N1,BRADESPAR
2017-06-01,BRAP4,BRAP4,16.954742910596146,17.096401337003215,16.19332886865815,16.25530443021124,16.25530443021124,4127111,19.15,19.31,18.29,18.36,0.8853651650441853,19.31,18.29,0,3654000,9744,67801482.0,1,02,010,BRBRAPACNPR2,131,PN      N1,BRADESPAR
2017-06-02,BRAP4,BRAP4,16.467792069821847,16.574035889627147,15.901158364193568,16.11364600380417,16.11364600380417,2806639,18.6,18.72,17.96,18.2,0.8853651650441853,18.72,17.96,0,2484900,8865,45261530.0,1,02,010,BRBRAPACNPR2,131,PN      N1,BRADESPAR
2017-06-05,BRAP4,BRAP4,15.989694880697986,15.989694880697986,15.591280556428103,15.856890105941359,15.856890105941359,2398671,18.06,18.06,17.61,17.91,0.8853651650441853,18.06,17.61,0,2123700,7345,37783622.0,1,02,010,BRBRAPACNPR2,131,PN      N1,BRADESPAR
2017-06-06,BRAP4,BRAP4,15.848036454290915,16.246450778560803,15.688670724582963,16.1402069587555,16.1402069587555,2080272,17.9,18.35,17.72,18.23,0.8853651650441853,18.35,17.72,0,1841800,6311,33454171.0,1,02,010,BRBRAPACNPR2,131,PN      N1,BRADESPAR
2017-06-07,BRAP4,BRAP4,16.25530443021124,16.423523811569638,15.910012015844009,16.025109487299755,16.025109487299755,1345321,18.36,18.55,17.97,18.1,0.8853651650441853,18.55,17.97,0,1191100,4580,21690457.0,1,02,010,BRBRAPACNPR2,131,PN      N1,BRADESPAR
2017-06-08,BRAP4,BRAP4,16.033963138950195,16.29071903681301,15.759499937786499,16.23759712691036,16.23759712691036,1874255,18.11,18.4,17.8,18.34,0.8853651650441853,18.4,17.8,0,1659400,5651,30126190.0,1,02,010,BRBRAPACNPR2,131,PN      N1,BRADESPAR
2017-06-09,BRAP4,BRAP4,16.264158081861684,16.689133361082895,16.15791426205638,16.450084766520963,16.450084766520963,2928961,18.37,18.85,18.25,18.58,0.8853651650441853,18.85,18.25,0,2593200,7554,48294513.0,1,02,010,BRBRAPACNPR2,131,PN      N1,BRADESPAR
2017-06-12,BRAP4,BRAP4,16.476645721472288,16.63601145118024,15.66210976963164,15.856890105941359,15.856890105941359,2651448,18.61,18.79,17.69,17.91,0.8853651650441853,18.79,17.69,0,2347500,9441,42186687.0,1,02,010,BRBRAPACNPR2,131,PN      N1,BRADESPAR
2017-06-13,BRAP4,BRAP4,15.901158364193568,15.901158364193568,15.23713449041043,15.272549097012195,15.272549097012195,3438468,17.96,17.96,17.21,17.25,0.8853651650441853,17.96,17.21,0,3044300,9855,53009045.0,1,02,010,BRBRAPACNPR2,131,PN      N1,BRADESPAR
2017-06-14,BRAP4,BRAP4,15.423061175069709,16.228743475259915,15.423061175069709,16.09593870050329,16.09593870050329,8773668,17.42,18.33,17.42,18.18,0.8853651650441853,18.33,17.42,0,7767900,17174,139680322.0,1,02,010,BRBRAPACNPR2,131,PN      N1,BRADESPAR
2017-06-16,BRAP4,BRAP4,16.007402183998867,16.007402183998867,15.493890388273241,15.839182802640476,15.839182802640476,2516476,18.08,18.08,17.5,17.89,0.8853651650441853,18.08,17.5,0,2228000,4331,39622384.0,1,02,010,BRBRAPACNPR2,131,PN      N1,BRADESPAR
2017-06-19,BRAP4,BRAP4,15.910012015844009,16.423523811569638,15.839182802640476,16.15791426205638,16.15791426205638,2715377,17.97,18.55,17.89,18.25,0.8853651650441853,18.55,17.89,0,2404100,6032,44086419.0,1,02,010,BRBRAPACNPR2,131,PN      N1,BRADESPAR
2017-06-20,BRAP4,BRAP4,16.007402183998867,16.04281679060064,15.626695163029868,15.759499937786499,15.759499937786499,6298757,18.08,18.12,17.65,17.8,0.8853651650441853,18.12,17.65,0,5576700,8552,99668072.0,1,02,010,BRBRAPACNPR2,131,PN      N1,BRADESPAR
2017-06-21,BRAP4,BRAP4,15.794914544388265,16.396962856618313,15.794914544388265,16.317279991764334,16.317279991764334,2572272,17.84,18.52,17.84,18.43,0.8853651650441853,18.52,17.84,0,2277400,6942,41586539.0,1,02,010,BRBRAPACNPR2,131,PN      N1,BRADESPAR
2017-06-22,BRAP4,BRAP4,16.326133643414778,16.82193813583952,16.228743475259915,16.58288954127759,16.58288954127759,2051696,18.44,19.0,18.33,18.73,0.8853651650441853,19.0,18.33,0,1816500,7303,34084466.0,1,02,010,BRBRAPACNPR2,131,PN      N1,BRADESPAR
2017-06-23,BRAP4,BRAP4,16.68027970943245,16.813084484189076,16.467792069821847,16.759962574286426,16.759962574286426,1460188,18.84,18.99,18.6,18.93,0.8853651650441853,18.99,18.6,0,1292800,7189,24329976.0,1,02,010,BRBRAPACNPR2,131,PN      N1,BRADESPAR
2017-06-26,BRAP4,BRAP4,16.82193813583952,17.04327942710057,16.77766987758731,16.99015751719792,16.99015751719792,1998497,19.0,19.25,18.95,19.19,0.8853651650441853,19.25,18.95,0,1769400,7404,33837946.0,1,02,010,BRBRAPACNPR2,131,PN      N1,BRADESPAR
2017-06-27,BRAP4,BRAP4,17.193791505158078,18.2562297032111,17.193791505158078,17.512522964573986,17.512522964573986,6361556,19.42,20.62,19.42,19.78,0.8853651650441853,20.62,19.42,0,5632300,16236,113310142.0,1,02,010,BRBRAPACNPR2,131,PN      N1,BRADESPAR
2017-06-28,BRAP4,BRAP4,18.017181108649172,18.291644309812867,17.77813251408724,18.291644309812867,18.291644309812867,5263365,20.35,20.66,20.08,20.66,0.8853651650441853,20.66,20.08,0,4660000,15385,95011756.0,1,02,010,BRBRAPACNPR2,131,PN      N1,BRADESPAR
2017-06-29,BRAP4,BRAP4,18.57496116262701,18.743180543985403,18.079156670202266,18.273937006511986,18.273937006511986,3936229,20.98,21.17,20.42,20.64,0.8853651650441853,21.17,20.42,0,3485000,11191,72573750.0,1,02,010,BRBRAPACNPR2,131,PN      N1,BRADESPAR
2017-06-30,BRAP4,BRAP4,18.371327174666845,18.47757099447215,18.017181108649172,18.238522399910217,18.238522399910217,2697644,20.75,20.87,20.35,20.6,0.8853651650441853,20.87,20.35,0,2388400,5349,49398531.0,1,02,010,BRBRAPACNPR2,131,PN      N1,BRADESPAR
2017-07-03,BRAP4,BRAP4,18.30049796146331,18.72547324068452,18.238522399910217,18.67235133078187,18.67235133078187,1252703,20.67,21.15,20.6,21.09,0.8853651650441853,21.15,20.6,0,1109100,3935,23277967.0,1,02,010,BRBRAPACNPR2,131,PN      N1,BRADESPAR
2017-07-04,BRAP4,BRAP4,18.58381481427745,18.752034195635844,18.371327174666845,18.752034195635844,18.752034195635844,703890,20.99,21.18,20.75,21.18,0.8853651650441853,21.18,20.75,0,623200,1853,13084946.0,1,02,010,BRBRAPACNPR2,131,PN      N1,BRADESPAR
2017-07-05,BRAP4,BRAP4,18.743180543985403,18.929107228644682,18.273937006511986,18.38018082631729,18.38018082631729,4931524,21.17,21.38,20.64,20.76,0.8853651650441853,21.38,20.64,0,4366200,6812,91121287.0,1,02,010,BRBRAPACNPR2,131,PN      N1,BRADESPAR
2017-07-06,BRAP4,BRAP4,18.318205264764195,18.58381481427745,18.123424928454472,18.54840020767568,18.54840020767568,2710407,20.69,20.99,20.47,20.95,0.8853651650441853,20.99,20.47,0,2399700,9123,49808075.0,1,02,010,BRBRAPACNPR2,131,PN      N1,BRADESPAR
2017-07-07,BRAP4,BRAP4,18.698912285733194,18.911399925343797,18.149985883405797,18.45101003952082,18.45101003952082,2295324,21.12,21.36,20.5,20.84,0.8853651650441853,21.36,20.5,0,2032200,9084,42256656.0,1,02,010,BRBRAPACNPR2,131,PN      N1,BRADESPAR
2017-07-10,BRAP4,BRAP4,18.512985601073915,18.88483897039247,18.3624735230164,18.88483897039247,18.88483897039247,1562519,20.91,21.33,20.74,21.33,0.8853651650441853,21.33,20.74,0,1383400,5615,29166517.0,1,02,010,BRBRAPACNPR2,131,PN      N1,BRADESPAR
2017-07-11,BRAP4,BRAP4,18.97337548689689,19.25669233971103,18.858278015441147,19.044204700100426,19.044204700100426,1641018,21.43,21.75,21.3,21.51,0.8853651650441853,21.75,21.3,0,1452900,6394,31233658.0,1,02,010,BRBRAPACNPR2,131,PN      N1,BRADESPAR
2017-07-12,BRAP4,BRAP4,19.20357042980838,19.34522885621545,18.698912285733194,19.150448519905726,19.150448519905726,2018715,21.69,21.85,21.12,21.63,0.8853651650441853,21.85,21.12,0,1787300,8512,38460877.0,1,02,010,BRBRAPACNPR2,131,PN      N1,BRADESPAR
2017-07-13,BRAP4,BRAP4,19.336375204565005,19.380643462817215,18.566107510976565,18.760887847286288,18.760887847286288,2532401,21.84,21.89,20.97,21.19,0.8853651650441853,21.89,20.97,0,2242100,9249,47575498.0,1,02,010,BRBRAPACNPR2,131,PN      N1,BRADESPAR
2017-07-14,BRAP4,BRAP4,18.88483897039247,19.008790093498657,18.840570712140263,18.946814531945563,18.946814531945563,1579913,21.33,21.47,21.28,21.4,0.8853651650441853,21.47,21.28,0,1398800,4425,29923250.0,1,02,010,BRBRAPACNPR2,131,PN      N1,BRADESPAR
2017-07-17,BRAP4,BRAP4,19.194716778157936,19.380643462817215,18.78744880223761,19.035351048449982,19.035351048449982,2250032,21.68,21.89,21.22,21.5,0.8853651650441853,21.89,21.22,0,1992100,5183,42865072.0,1,02,010,BRBRAPACNPR2,131,PN      N1,BRADESPAR
2017-07-18,BRAP4,BRAP4,19.221277733109265,19.247838688060586,18.875985318742032,19.141594868255286,19.141594868255286,1486618,21.71,21.74,21.32,21.62,0.8853651650441853,21.74,21.32,0,1316200,6062,28360136.0,1,02,010,BRBRAPACNPR2,131,PN      N1,BRADESPAR
2017-07-19,BRAP4,BRAP4,19.097326610003076,19.433765372719865,19.07961930670219,19.389497114467655,19.389497114467655,2084564,21.57,21.95,21.55,21.9,0.8853651650441853,21.95,21.55,0,1845600,8701,40293868.0,1,02,010,BRBRAPACNPR2,131,PN      N1,BRADESPAR
2017-07-20,BRAP4,BRAP4,19.362936159516334,19.380643462817215,18.62808307252966,18.663497679131424,18.663497679131424,2489594,21.87,21.89,21.04,21.08,0.8853651650441853,21.89,21.04,0,2204200,8539,46686455.0,1,02,010,BRBRAPACNPR2,131,PN      N1,BRADESPAR
2017-07-21,BRAP4,BRAP4,18.512985601073915,18.875985318742032,18.35361987136596,18.610375769228774,18.610375769228774,2732432,20.91,21.32,20.73,21.02,0.8853651650441853,21.32,20.73,0,2419200,6218,50742964.0,1,02,010,BRBRAPACNPR2,131,PN      N1,BRADESPAR
2017-07-24,BRAP4,BRAP4,18.69005863408275,18.849424363790703,18.45101003952082,18.849424363790703,18.849424363790703,2205982,21.11,21.29,20.84,21.29,0.8853651650441853,21.29,20.84,0,1953100,6383,41307939.0,1,02,010,BRBRAPACNPR2,131,PN      N1,BRADESPAR
2017-07-25,BRAP4,BRAP4,19.035351048449982,19.78791143873754,19.02649739679954,19.78791143873754,19.78791143873754,2459324,21.5,22.35,21.49,22.35,0.8853651650441853,22.35,21.49,0,2177400,7961,48149802.0,1,02,010,BRBRAPACNPR2,131,PN      N1,BRADESPAR
2017-07-26,BRAP4,BRAP4,19.92071621349417,19.98269177504726,19.06191200340131,19.194716778157936,19.194716778157936,1753514,22.5,22.57,21.53,21.68,0.8853651650441853,22.57,21.53,0,1552500,4795,33999859.0,1,02,010,BRBRAPACNPR2,131,PN      N1,BRADESPAR
2017-07-27,BRAP4,BRAP4,19.185863126507495,19.433765372719865,18.893692622042913,19.185863126507495,19.185863126507495,2933705,21.67,21.95,21.34,21.67,0.8853651650441853,21.95,21.34,0,2597400,5949,56064929.0,1,02,010,BRBRAPACNPR2,131,PN      N1,BRADESPAR
2017-07-28,BRAP4,BRAP4,19.053058351750867,19.59313110242782,18.92025357699424,19.59313110242782,19.59313110242782,1920676,21.52,22.13,21.37,22.13,0.8853651650441853,22.13,21.37,0,1700500,7581,37202753.0,1,02,010,BRBRAPACNPR2,131,PN      N1,BRADESPAR
2017-07-31,BRAP4,BRAP4,20.097789246503005,20.478496267472003,19.98269177504726,20.434228009219794,20.434228009219794,2581760,22.7,23.13,22.57,23.08,0.8853651650441853,23.13,22.57,0,2285800,7381,52357471.0,1,02,010,BRBRAPACNPR2,131,PN      N1,BRADESPAR
2017-08-01,BRAP4,BRAP4,20.363398796016263,20.363398796016263,19.92956986514461,20.283715931162284,20.283715931162284,5841432,23.0,23.0,22.51,22.91,0.8853651650441853,23.0,22.51,0,5171800,5508,117653040.0,1,02,010,BRBRAPACNPR2,131,PN      N1,BRADESPAR
2017-08-02,BRAP4,BRAP4,20.12435020145433,20.451935312520682,19.849887000290636,20.451935312520682,20.451935312520682,1621704,22.73,23.1,22.42,23.1,0.8853651650441853,23.1,22.42,0,1435800,6602,32877840.0,1,02,010,BRBRAPACNPR2,131,PN      N1,BRADESPAR
2017-08-03,BRAP4,BRAP4,20.496203570772888,20.655569300480842,20.22174036960919,20.319130537764053,20.319130537764053,3271757,23.15,23.33,22.84,22.95,0.8853651650441853,23.33,22.84,0,2896700,10211,66719153.0,1,02,010,BRBRAPACNPR2,131,PN      N1,BRADESPAR
2017-08-04,BRAP4,BRAP4,20.540471829025098,20.912325198343655,20.292569582812728,20.912325198343655,20.912325198343655,1904525,23.2,23.62,22.92,23.62,0.8853651650441853,23.62,22.92,0,1686200,6670,39481895.0,1,02,010,BRBRAPACNPR2,131,PN      N1,BRADESPAR
2017-08-07,BRAP4,BRAP4,21.11595918630382,21.726861150184305,21.018569018148956,21.726861150184305,21.726861150184305,2908179,23.85,24.54,23.74,24.54,0.8853651650441853,24.54,23.74,0,2574800,9090,62377073.0,1,02,010,BRBRAPACNPR2,131,PN      N1,BRADESPAR
2017-08-08,BRAP4,BRAP4,21.532080813874586,21.69144654358254,21.151373792905588,21.620617330379005,21.620617330379005,2610448,24.32,24.5,23.89,24.42,0.8853651650441853,24.5,23.89,0,2311200,10229,56088751.0,1,02,010,BRBRAPACNPR2,131,PN      N1,BRADESPAR
2017-08-09,BRAP4,BRAP4,21.425836994069282,21.55864176882591,21.177934747856913,21.425836994069282,21.425836994069282,2490272,24.2,24.35,23.92,24.2,0.8853651650441853,24.35,23.92,0,2204800,6382,53237654.0,1,02,010,BRBRAPACNPR2,131,PN      N1,BRADESPAR
2017-08-10,BRAP4,BRAP4,21.275324916011773,21.390422387467517,20.84149598514012,21.248763961060448,21.248763961060448,2196834,24.03,24.16,23.54,24.0,0.8853651650441853,24.16,23.54,0,1945000,8943,46462179.0,1,02,010,BRBRAPACNPR2,131,PN      N1,BRADESPAR
2017-08-11,BRAP4,BRAP4,21.239910309410003,21.293032219312657,20.682130255432167,20.97430075989675,20.97430075989675,2736837,23.99,24.05,23.36,23.69,0.8853651650441853,24.05,23.36,0,2423100,8837,57053880.0,1,02,010,BRBRAPACNPR2,131,PN      N1,BRADESPAR
2017-08-14,BRAP4,BRAP4,20.903471546693215,21.35500778086575,20.74410581698526,21.16022744455603,21.16022744455603,1533717,23.61,24.12,23.43,23.9,0.8853651650441853,24.12,23.43,0,1357900,5895,32434327.0,1,02,010,BRBRAPACNPR2,131,PN      N1,BRADESPAR
2017-08-15,BRAP4,BRAP4,21.12481283795426,21.204495702808238,20.69098390708261,20.814935030188796,20.814935030188796,2351572,23.86,23.95,23.37,23.51,0.8853651650441853,23.95,23.37,0,2082000,11018,49020582.0,1,02,010,BRBRAPACNPR2,131,PN      N1,BRADESPAR
2017-08-16,BRAP4,BRAP4,20.894617895042774,21.284178567662213,20.83264233348968,21.195642051157797,21.195642051157797,2656079,23.6,24.04,23.53,23.94,0.8853651650441853,24.04,23.53,0,2351600,10834,56011810.0,1,02,010,BRBRAPACNPR2,131,PN      N1,BRADESPAR
2017-08-17,BRAP4,BRAP4,21.239910309410003,21.337300477564867,20.655569300480842,20.779520423587027,20.779520423587027,1597646,23.99,24.1,23.33,23.47,0.8853651650441853,24.1,23.33,0,1414500,5919,33450421.0,1,02,010,BRBRAPACNPR2,131,PN      N1,BRADESPAR
2017-08-18,BRAP4,BRAP4,21.248763961060448,21.301885870963098,20.894617895042774,21.22220300610912,21.22220300610912,1755886,24.0,24.06,23.6,23.97,0.8853651650441853,24.06,23.6,0,1554600,5869,37134704.0,1,02,010,BRBRAPACNPR2,131,PN      N1,BRADESPAR
2017-08-21,BRAP4,BRAP4,21.425836994069282,21.88622687989226,21.204495702808238,21.293032219312657,21.293032219312657,3123909,24.2,24.72,23.95,24.05,0.8853651650441853,24.72,23.95,0,2765800,8369,67037932.0,1,02,010,BRBRAPACNPR2,131,PN      N1,BRADESPAR
2017-08-22,BRAP4,BRAP4,21.60291002707812,21.64717828533033,21.293032219312657,21.46125160067105,21.46125160067105,2439332,24.4,24.45,24.05,24.24,0.8853651650441853,24.45,24.05,0,2159700,7667,52375494.0,1,02,010,BRBRAPACNPR2,131,PN      N1,BRADESPAR
2017-08-23,BRAP4,BRAP4,21.425836994069282,21.88622687989226,21.293032219312657,21.88622687989226,21.88622687989226,2033963,24.2,24.72,24.05,24.72,0.8853651650441853,24.72,24.05,0,1800800,4842,44153078.0,1,02,010,BRBRAPACNPR2,131,PN      N1,BRADESPAR
2017-08-24,BRAP4,BRAP4,21.895080531542703,22.877835864741748,21.824251318339165,22.877835864741748,22.877835864741748,1998723,24.73,25.84,24.65,25.84,0.8853651650441853,25.84,24.65,0,1769600,6817,45171125.0,1,02,010,BRBRAPACNPR2,131,PN      N1,BRADESPAR
2017-08-25,BRAP4,BRAP4,22.930957774644398,23.214274627458536,22.6564945734807,22.992933336197492,22.992933336197492,2055762,25.9,26.22,25.59,25.97,0.8853651650441853,26.22,25.59,0,1820100,6754,47102589.0,1,02,010,BRBRAPACNPR2,131,PN      N1,BRADESPAR
2017-08-28,BRAP4,BRAP4,22.895543168042632,23.37364035716649,22.70961648338335,23.26739653736119,23.26739653736119,1893456,25.86,26.4,25.65,26.28,0.8853651650441853,26.4,25.65,0,1676400,5270,43767000.0,1,02,010,BRBRAPACNPR2,131,PN      N1,BRADESPAR
2017-08-29,BRAP4,BRAP4,23.010640639498373,23.453323222020465,22.922104122993957,23.4179086154187,23.4179086154187,1496332,25.99,26.49,25.89,26.45,0.8853651650441853,26.49,25.89,0,1324800,4789,34744176.0,1,02,010,BRBRAPACNPR2,131,PN      N1,BRADESPAR
2017-08-30,BRAP4,BRAP4,23.293957492312515,23.497591480272675,23.09032350435235,23.426762267069144,23.426762267069144,2596217,26.31,26.54,26.08,26.46,0.8853651650441853,26.54,26.08,0,2298600,8501,60557071.0,1,02,010,BRBRAPACNPR2,131,PN      N1,BRADESPAR
2017-08-31,BRAP4,BRAP4,23.683518164931957,24.04651788260007,23.497591480272675,23.798615636387698,23.798615636387698,3384931,26.75,27.16,26.54,26.88,0.8853651650441853,27.16,26.54,0,2996900,11919,80443157.0,1,02,010,BRBRAPACNPR2,131,PN      N1,BRADESPAR
2017-09-01,BRAP4,BRAP4,23.99339597269742,24.374102993666423,23.95798136609565,24.356395690365538,24.356395690365538,1946429,27.1,27.53,27.06,27.51,0.8853651650441853,27.53,27.06,0,1723300,6275,47178824.0,1,02,010,BRBRAPACNPR2,131,PN      N1,BRADESPAR
2017-09-04,BRAP4,BRAP4,24.24129821890979,24.586590633277023,24.03766423094963,24.568883329976142,24.568883329976142,1241296,27.38,27.77,27.15,27.75,0.8853651650441853,27.77,27.15,0,1099000,5026,30331105.0,1,02,010,BRBRAPACNPR2,131,PN      N1,BRADESPAR
2017-09-05,BRAP4,BRAP4,24.692834453082327,24.93188304764426,24.055371534250515,24.382956645316863,24.382956645316863,2296454,27.89,28.16,27.17,27.54,0.8853651650441853,28.16,27.17,0,2033200,10440,56050718.0,1,02,010,BRBRAPACNPR2,131,PN      N1,BRADESPAR
2017-09-06,BRAP4,BRAP4,24.524615071723932,24.728249059684096,24.18817630900714,24.524615071723932,24.524615071723932,3183771,27.7,27.93,27.32,27.7,0.8853651650441853,27.93,27.32,0,2818800,11637,77796290.0,1,02,010,BRBRAPACNPR2,131,PN      N1,BRADESPAR
2017-09-08,BRAP4,BRAP4,24.675127149781446,24.719395408033655,23.497591480272675,23.60383530007798,23.60383530007798,2318140,27.87,27.92,26.54,26.66,0.8853651650441853,27.92,26.54,0,2052400,8715,55094506.0,1,02,010,BRBRAPACNPR2,131,PN      N1,BRADESPAR
2017-09-11,BRAP4,BRAP4,23.772054681436376,24.108493444153165,23.745493726485048,23.860591197940792,23.860591197940792,2089533,26.85,27.23,26.82,26.95,0.8853651650441853,27.23,26.82,0,1850000,8735,49939766.0,1,02,010,BRBRAPACNPR2,131,PN      N1,BRADESPAR
2017-09-12,BRAP4,BRAP4,24.04651788260007,24.232444567259353,23.727786423184167,23.966835017746096,23.966835017746096,1989123,27.16,27.37,26.8,27.07,0.8853651650441853,27.37,26.8,0,1761100,7244,47799892.0,1,02,010,BRBRAPACNPR2,131,PN      N1,BRADESPAR
2017-09-13,BRAP4,BRAP4,23.878298501241677,23.88715215289212,23.382494008816934,23.718932771533723,23.718932771533723,1739056,26.97,26.98,26.41,26.79,0.8853651650441853,26.98,26.41,0,1539700,6881,41106474.0,1,02,010,BRBRAPACNPR2,131,PN      N1,BRADESPAR
2017-09-14,BRAP4,BRAP4,23.116884459303677,23.17886002085677,22.408592327268327,22.75388474163556,22.75388474163556,4736577,26.11,26.18,25.31,25.7,0.8853651650441853,26.18,25.31,0,4193600,11651,107365404.0,1,02,010,BRBRAPACNPR2,131,PN      N1,BRADESPAR
2017-09-15,BRAP4,BRAP4,22.61222631522849,23.063762549401027,22.58566536027717,22.798152999887773,22.798152999887773,5527211,25.54,26.05,25.51,25.75,0.8853651650441853,26.05,25.51,0,4893600,12104,126186736.0,1,02,010,BRBRAPACNPR2,131,PN      N1,BRADESPAR
2017-09-18,BRAP4,BRAP4,22.798152999887773,23.17886002085677,22.68305552843203,22.913250471343513,22.913250471343513,2995826,25.75,26.18,25.62,25.88,0.8853651650441853,26.18,25.62,0,2652400,6745,68791285.0,1,02,010,BRBRAPACNPR2,131,PN      N1,BRADESPAR
2017-09-19,BRAP4,BRAP4,22.56795805697628,22.771592044936444,22.142982777755076,22.762738393286003,22.762738393286003,1840484,25.49,25.72,25.01,25.71,0.8853651650441853,25.72,25.01,0,1629500,7314,41460108.0,1,02,010,BRBRAPACNPR2,131,PN      N1,BRADESPAR
2017-09-20,BRAP4,BRAP4,22.63878727017982,22.860128561440863,21.97476339639668,22.302348507463027,22.302348507463027,2277140,25.57,25.82,24.82,25.19,0.8853651650441853,25.82,24.82,0,2016100,7713,50649535.0,1,02,010,BRBRAPACNPR2,131,PN      N1,BRADESPAR
2017-09-21,BRAP4,BRAP4,22.045592609600213,22.045592609600213,21.425836994069282,21.69144654358254,21.69144654358254,3362793,24.9,24.9,24.2,24.5,0.8853651650441853,24.9,24.2,0,2977300,9711,72736705.0,1,02,010,BRBRAPACNPR2,131,PN      N1,BRADESPAR
2017-09-22,BRAP4,BRAP4,21.50551985892326,21.66488558863121,21.16022744455603,21.425836994069282,21.425836994069282,2650319,24.29,24.47,23.9,24.2,0.8853651650441853,24.47,23.9,0,2346500,10078,56682519.0,1,02,010,BRBRAPACNPR2,131,PN      N1,BRADESPAR
2017-09-25,BRAP4,BRAP4,21.416983342418842,21.523227162224142,20.59359373892775,20.78837407523747,20.78837407523747,1990817,24.19,24.31,23.26,23.48,0.8853651650441853,24.31,23.26,0,1762600,7097,41466525.0,1,02,010,BRBRAPACNPR2,131,PN      N1,BRADESPAR
2017-09-26,BRAP4,BRAP4,20.78837407523747,21.239910309410003,20.779520423587027,20.93888615329498,20.93888615329498,2418889,23.48,23.99,23.47,23.65,0.8853651650441853,23.99,23.47,0,2141600,8019,50837887.0,1,02,010,BRBRAPACNPR2,131,PN      N1,BRADESPAR
2017-09-27,BRAP4,BRAP4,21.151373792905588,21.337300477564867,20.363398796016263,21.16022744455603,21.16022744455603,2624567,23.89,24.1,23.0,23.9,0.8853651650441853,24.1,23.0,0,2323700,7790,54709996.0,1,02,010,BRBRAPACNPR2,131,PN      N1,BRADESPAR
2017-09-28,BRAP4,BRAP4,20.95659345659587,21.00971536649852,20.478496267472003,21.00971536649852,21.00971536649852,1888825,23.67,23.73,23.13,23.73,0.8853651650441853,23.73,23.13,0,1672300,4638,39256541.0,1,02,010,BRBRAPACNPR2,131,PN      N1,BRADESPAR
2017-09-29,BRAP4,BRAP4,21.16022744455603,21.425836994069282,20.97430075989675,21.337300477564867,21.337300477564867,1934795,23.9,24.2,23.69,24.1,0.8853651650441853,24.2,23.69,0,1713000,6717,41021767.0,1,02,010,BRBRAPACNPR2,131,PN      N1,BRADESPAR
2017-10-02,BRAP4,BRAP4,21.5143735105737,21.629470982029446,21.10710553465338,21.416983342418842,21.416983342418842,1939200,24.3,24.43,23.84,24.19,0.8853651650441853,24.43,23.84,0,1716900,7929,41564745.0,1,02,010,BRBRAPACNPR2,131,PN      N1,BRADESPAR
2017-10-03,BRAP4,BRAP4,21.620617330379005,22.045592609600213,21.293032219312657,22.045592609600213,22.045592609600213,1649941,24.42,24.9,24.05,24.9,0.8853651650441853,24.9,24.05,0,1460800,6014,35803535.0,1,02,010,BRBRAPACNPR2,131,PN      N1,BRADESPAR
2017-10-04,BRAP4,BRAP4,22.125275474454188,22.22266564260905,21.682592891932096,21.992470699697563,21.992470699697563,2002564,24.99,25.1,24.49,24.84,0.8853651650441853,25.1,24.49,0,1773000,6021,43970041.0,1,02,010,BRBRAPACNPR2,131,PN      N1,BRADESPAR
2017-10-05,BRAP4,BRAP4,22.134129126104632,22.382031372317005,21.61176367872856,21.76227575678607,21.76227575678607,2249919,25.0,25.28,24.41,24.58,0.8853651650441853,25.28,24.41,0,1992000,6239,49447962.0,1,02,010,BRBRAPACNPR2,131,PN      N1,BRADESPAR
2017-10-06,BRAP4,BRAP4,21.50551985892326,21.56749542047635,21.151373792905588,21.540934465525027,21.540934465525027,1894924,24.29,24.36,23.89,24.33,0.8853651650441853,24.36,23.89,0,1677700,6098,40577555.0,1,02,010,BRBRAPACNPR2,131,PN      N1,BRADESPAR
2017-10-09,BRAP4,BRAP4,21.673739240281655,21.673739240281655,20.708691210383495,21.142520141255144,21.142520141255144,1968002,24.48,24.48,23.39,23.88,0.8853651650441853,24.48,23.39,0,1742400,7864,41282724.0,1,02,010,BRBRAPACNPR2,131,PN      N1,BRADESPAR
2017-10-10,BRAP4,BRAP4,21.204495702808238,21.26647126436133,20.752959468635705,20.868056940091446,20.868056940091446,3765000,23.95,24.02,23.44,23.57,0.8853651650441853,24.02,23.44,0,3333400,6861,78649149.0,1,02,010,BRBRAPACNPR2,131,PN      N1,BRADESPAR
2017-10-11,BRAP4,BRAP4,20.708691210383495,20.93003250164454,20.513910874073776,20.6467156488304,20.6467156488304,2141715,23.39,23.64,23.17,23.32,0.8853651650441853,23.64,23.17,0,1896200,4945,44305860.0,1,02,010,BRBRAPACNPR2,131,PN      N1,BRADESPAR
2017-10-13,BRAP4,BRAP4,21.151373792905588,21.83310496998961,21.12481283795426,21.824251318339165,21.824251318339165,3174961,23.89,24.66,23.86,24.65,0.8853651650441853,24.66,23.86,0,2811000,8665,68500222.0,1,02,010,BRBRAPACNPR2,131,PN      N1,BRADESPAR
2017-10-16,BRAP4,BRAP4,22.22266564260905,22.266933900861257,21.390422387467517,21.841958621640053,21.841958621640053,2477961,25.1,25.15,24.16,24.67,0.8853651650441853,25.15,24.16,0,2193900,7449,53978491.0,1,02,010,BRBRAPACNPR2,131,PN      N1,BRADESPAR
2017-10-17,BRAP4,BRAP4,21.868519576591375,21.868519576591375,21.16022744455603,21.248763961060448,21.248763961060448,2074059,24.7,24.7,23.9,24.0,0.8853651650441853,24.7,23.9,0,1836300,7012,44214886.0,1,02,010,BRBRAPACNPR2,131,PN      N1,BRADESPAR
2017-10-18,BRAP4,BRAP4,21.470105252321492,21.55864176882591,20.69983755873305,21.10710553465338,21.10710553465338,2211630,24.25,24.35,23.38,23.84,0.8853651650441853,24.35,23.38,0,1958100,9334,46552079.0,1,02,010,BRBRAPACNPR2,131,PN      N1,BRADESPAR
2017-10-19,BRAP4,BRAP4,20.83264233348968,21.771129408436515,20.611301042228636,21.771129408436515,21.771129408436515,1895150,23.53,24.59,23.28,24.59,0.8853651650441853,24.59,23.28,0,1677900,5563,40197813.0,1,02,010,BRBRAPACNPR2,131,PN      N1,BRADESPAR
2017-10-20,BRAP4,BRAP4,22.045592609600213,22.266933900861257,21.63832463367989,21.73571480183475,21.73571480183475,2524947,24.9,25.15,24.44,24.55,0.8853651650441853,25.15,24.44,0,2235500,6870,55089081.0,1,02,010,BRBRAPACNPR2,131,PN      N1,BRADESPAR
2017-10-23,BRAP4,BRAP4,21.824251318339165,22.010178002998444,21.416983342418842,21.59405637542768,21.59405637542768,1076279,24.65,24.86,24.19,24.39,0.8853651650441853,24.86,24.19,0,952900,4424,23245150.0,1,02,010,BRBRAPACNPR2,131,PN      N1,BRADESPAR
2017-10-24,BRAP4,BRAP4,21.64717828533033,22.346616765715236,21.470105252321492,22.346616765715236,22.346616765715236,1372315,24.45,25.24,24.25,25.24,0.8853651650441853,25.24,24.25,0,1215000,4178,30179862.0,1,02,010,BRBRAPACNPR2,131,PN      N1,BRADESPAR
2017-10-25,BRAP4,BRAP4,22.311202159113467,22.37317772066656,21.850812273290494,22.293494855812586,22.293494855812586,1342497,25.2,25.27,24.68,25.18,0.8853651650441853,25.27,24.68,0,1188600,3967,29740524.0,1,02,010,BRBRAPACNPR2,131,PN      N1,BRADESPAR
2017-10-26,BRAP4,BRAP4,22.408592327268327,22.54139710202496,21.5143735105737,21.56749542047635,21.56749542047635,2648851,25.31,25.46,24.3,24.36,0.8853651650441853,25.46,24.3,0,2345200,6563,57603662.0,1,02,010,BRBRAPACNPR2,131,PN      N1,BRADESPAR
2017-10-27,BRAP4,BRAP4,21.425836994069282,21.56749542047635,21.142520141255144,21.5143735105737,21.5143735105737,2425779,24.2,24.36,23.88,24.3,0.8853651650441853,24.36,23.88,0,2147700,6814,51869424.0,1,02,010,BRBRAPACNPR2,131,PN      N1,BRADESPAR
2017-10-30,BRAP4,BRAP4,21.416983342418842,21.60291002707812,20.88576424339233,21.11595918630382,21.11595918630382,2552506,24.19,24.4,23.59,23.85,0.8853651650441853,24.4,23.59,0,2259900,8301,54064676.0,1,02,010,BRBRAPACNPR2,131,PN      N1,BRADESPAR
2017-10-31,BRAP4,BRAP4,20.97430075989675,21.390422387467517,20.78837407523747,21.248763961060448,21.248763961060448,1534960,23.69,24.16,23.48,24.0,0.8853651650441853,24.16,23.48,0,1359000,5936,32558423.0,1,02,010,BRBRAPACNPR2,131,PN      N1,BRADESPAR
2017-11-01,BRAP4,BRAP4,21.60291002707812,22.089860867852423,21.46125160067105,21.470105252321492,21.470105252321492,2162610,24.4,24.95,24.24,24.25,0.8853651650441853,24.95,24.24,0,1914700,4970,46951771.0,1,02,010,BRBRAPACNPR2,131,PN      N1,BRADESPAR
2017-11-03,BRAP4,BRAP4,21.73571480183475,22.098714519502867,21.470105252321492,22.098714519502867,22.098714519502867,1862282,24.55,24.96,24.25,24.96,0.8853651650441853,24.96,24.25,0,1648800,5777,40606186.0,1,02,010,BRBRAPACNPR2,131,PN      N1,BRADESPAR
2017-11-06,BRAP4,BRAP4,22.22266564260905,22.47056788882142,22.134129126104632,22.408592327268327,22.408592327268327,2581760,25.1,25.38,25.0,25.31,0.8853651650441853,25.38,25.0,0,2285800,5386,57514555.0,1,02,010,BRBRAPACNPR2,131,PN      N1,BRADESPAR
2017-11-07,BRAP4,BRAP4,22.435153282219655,22.435153282219655,21.60291002707812,21.70915384688342,21.70915384688342,3198906,25.34,25.34,24.4,24.52,0.8853651650441853,25.34,24.4,0,2832200,10499,69959757.0,1,02,010,BRBRAPACNPR2,131,PN      N1,BRADESPAR
2017-11-08,BRAP4,BRAP4,21.77998306008696,22.116421822803748,21.49666620727282,22.116421822803748,22.116421822803748,1275971,24.6,24.98,24.28,24.98,0.8853651650441853,24.98,24.28,0,1129700,4699,27802006.0,1,02,010,BRBRAPACNPR2,131,PN      N1,BRADESPAR
2017-11-09,BRAP4,BRAP4,22.045592609600213,22.045592609600213,20.992008063197634,21.000861714848075,21.000861714848075,2417872,24.9,24.9,23.71,23.72,0.8853651650441853,24.9,23.71,0,2140700,7693,51368603.0,1,02,010,BRBRAPACNPR2,131,PN      N1,BRADESPAR
2017-11-10,BRAP4,BRAP4,21.11595918630382,21.239910309410003,20.83264233348968,20.88576424339233,20.88576424339233,1153196,23.85,23.99,23.53,23.59,0.8853651650441853,23.99,23.53,0,1021000,4492,24185098.0,1,02,010,BRBRAPACNPR2,131,PN      N1,BRADESPAR
2017-11-13,BRAP4,BRAP4,20.894617895042774,21.301885870963098,20.69983755873305,21.11595918630382,21.11595918630382,1422464,23.6,24.06,23.38,23.85,0.8853651650441853,24.06,23.38,0,1259400,4132,29891267.0,1,02,010,BRBRAPACNPR2,131,PN      N1,BRADESPAR
2017-11-14,BRAP4,BRAP4,21.177934747856913,21.186788399507353,20.142057504755215,20.381106099317144,20.381106099317144,4226053,23.92,23.93,22.75,23.02,0.8853651650441853,23.93,22.75,0,3741600,10124,86424676.0,1,02,010,BRBRAPACNPR2,131,PN      N1,BRADESPAR
2017-11-16,BRAP4,BRAP4,20.522764525724213,20.761813120286146,20.283715931162284,20.664422952131286,20.664422952131286,2107944,23.18,23.45,22.91,23.34,0.8853651650441853,23.45,22.91,0,1866300,8089,43403925.0,1,02,010,BRBRAPACNPR2,131,PN      N1,BRADESPAR
2017-11-17,BRAP4,BRAP4,20.806081378538355,21.443544297370167,20.575886435626863,21.434690645719726,21.434690645719726,4026474,23.5,24.22,23.24,24.21,0.8853651650441853,24.22,23.24,0,3564900,9935,84768208.0,1,02,010,BRBRAPACNPR2,131,PN      N1,BRADESPAR
2017-11-21,BRAP4,BRAP4,21.74456845348519,22.169543732706398,21.46125160067105,22.169543732706398,22.169543732706398,1444715,24.56,25.04,24.24,25.04,0.8853651650441853,25.04,24.24,0,1279100,6591,31635584.0,1,02,010,BRBRAPACNPR2,131,PN      N1,BRADESPAR
2017-11-22,BRAP4,BRAP4,22.2757875525117,22.70076283173291,22.151836429405517,22.55910440532584,22.55910440532584,3393741,25.16,25.64,25.02,25.48,0.8853651650441853,25.64,25.02,0,3004700,7576,76027011.0,1,02,010,BRBRAPACNPR2,131,PN      N1,BRADESPAR
2017-11-23,BRAP4,BRAP4,22.45286058552054,22.824713954839098,22.22266564260905,22.75388474163556,22.75388474163556,761494,25.36,25.78,25.1,25.7,0.8853651650441853,25.78,25.1,0,674200,2616,17230899.0,1,02,010,BRBRAPACNPR2,131,PN      N1,BRADESPAR
2017-11-24,BRAP4,BRAP4,22.771592044936444,22.98407968454705,22.60337266357805,22.939811426294842,22.939811426294842,1791916,25.72,25.96,25.53,25.91,0.8853651650441853,25.96,25.53,0,1586500,3721,40830931.0,1,02,010,BRBRAPACNPR2,131,PN      N1,BRADESPAR
2017-11-27,BRAP4,BRAP4,22.78929934823733,22.85127490979042,22.41744597891877,22.665348225131144,22.665348225131144,2298600,25.74,25.81,25.32,25.6,0.8853651650441853,25.81,25.32,0,2035100,5257,51874031.0,1,02,010,BRBRAPACNPR2,131,PN      N1,BRADESPAR
2017-11-28,BRAP4,BRAP4,22.75388474163556,23.285103840662075,22.55910440532584,23.019494291148817,23.019494291148817,2282335,25.7,26.3,25.48,26.0,0.8853651650441853,26.3,25.48,0,2020700,9545,52414424.0,1,02,010,BRBRAPACNPR2,131,PN      N1,BRADESPAR
2017-11-29,BRAP4,BRAP4,22.966372381246167,23.17000636920633,22.488275192122305,22.576811708626725,22.576811708626725,1447538,25.94,26.17,25.4,25.5,0.8853651650441853,26.17,25.4,0,1281600,5159,32938875.0,1,02,010,BRBRAPACNPR2,131,PN      N1,BRADESPAR
2017-11-30,BRAP4,BRAP4,22.54139710202496,22.762738393286003,21.965909744746234,22.408592327268327,22.408592327268327,1957723,25.46,25.71,24.81,25.31,0.8853651650441853,25.71,24.81,0,1733300,6667,43625919.0,1,02,010,BRBRAPACNPR2,131,PN      N1,BRADESPAR
2017-12-01,BRAP4,BRAP4,22.390885023967446,22.85127490979042,22.116421822803748,22.665348225131144,22.665348225131144,1474646,25.29,25.81,24.98,25.6,0.8853651650441853,25.81,24.98,0,1305600,4427,33191419.0,1,02,010,BRBRAPACNPR2,131,PN      N1,BRADESPAR
2017-12-04,BRAP4,BRAP4,22.904396819693073,23.55071339017533,22.78929934823733,23.50644513192312,23.50644513192312,1423593,25.87,26.6,25.74,26.55,0.8853651650441853,26.6,25.74,0,1260400,4475,33128576.0,1,02,010,BRBRAPACNPR2,131,PN      N1,BRADESPAR
2017-12-05,BRAP4,BRAP4,23.426762267069144,23.85173754629035,22.73617743833468,22.824713954839098,22.824713954839098,1727197,26.46,26.94,25.68,25.78,0.8853651650441853,26.94,25.68,0,1529200,5500,40052923.0,1,02,010,BRBRAPACNPR2,131,PN      N1,BRADESPAR
2017-12-06,BRAP4,BRAP4,22.68305552843203,22.860128561440863,22.36432406901612,22.68305552843203,22.68305552843203,1855731,25.62,25.82,25.26,25.62,0.8853651650441853,25.82,25.26,0,1643000,4588,41891968.0,1,02,010,BRBRAPACNPR2,131,PN      N1,BRADESPAR
2017-12-07,BRAP4,BRAP4,22.22266564260905,22.4440069338701,21.948202441445353,22.311202159113467,22.311202159113467,2172098,25.1,25.35,24.79,25.2,0.8853651650441853,25.35,24.79,0,1923100,5873,48402933.0,1,02,010,BRBRAPACNPR2,131,PN      N1,BRADESPAR
2017-12-08,BRAP4,BRAP4,22.6564945734807,22.798152999887773,22.479421540471865,22.73617743833468,22.73617743833468,1913448,25.59,25.75,25.39,25.68,0.8853651650441853,25.75,25.39,0,1694100,4132,43300670.0,1,02,010,BRBRAPACNPR2,131,PN      N1,BRADESPAR
2017-12-11,BRAP4,BRAP4,22.88668951639219,23.214274627458536,22.762738393286003,23.001786987847932,23.001786987847932,3070484,25.85,26.22,25.71,25.98,0.8853651650441853,26.22,25.71,0,2718500,5680,70797660.0,1,02,010,BRBRAPACNPR2,131,PN      N1,BRADESPAR
2017-12-12,BRAP4,BRAP4,22.762738393286003,23.400201312117815,22.47056788882142,23.400201312117815,23.400201312117815,1969131,25.71,26.43,25.38,26.43,0.8853651650441853,26.43,25.38,0,1743400,5331,45316103.0,1,02,010,BRBRAPACNPR2,131,PN      N1,BRADESPAR
2017-12-13,BRAP4,BRAP4,23.639249906679748,23.639249906679748,23.0372015944497,23.27625018901163,23.27625018901163,2585035,26.7,26.7,26.02,26.29,0.8853651650441853,26.7,26.02,0,2288700,12447,60244674.0,1,02,010,BRBRAPACNPR2,131,PN      N1,BRADESPAR
2017-12-14,BRAP4,BRAP4,23.0372015944497,23.453323222020465,22.88668951639219,23.37364035716649,23.37364035716649,3430901,26.02,26.49,25.85,26.4,0.8853651650441853,26.49,25.85,0,3037600,5041,79564118.0,1,02,010,BRBRAPACNPR2,131,PN      N1,BRADESPAR
2017-12-15,BRAP4,BRAP4,23.453323222020465,24.21473726395847,23.311664795613396,24.02881057929919,24.02881057929919,2204740,26.49,27.35,26.33,27.14,0.8853651650441853,27.35,26.33,0,1952000,5977,52750282.0,1,02,010,BRBRAPACNPR2,131,PN      N1,BRADESPAR
2017-12-18,BRAP4,BRAP4,24.303273780462884,24.382956645316863,24.019956927648746,24.303273780462884,24.303273780462884,2950082,27.45,27.54,27.13,27.45,0.8853651650441853,27.54,27.13,0,2611900,6464,71489261.0,1,02,010,BRBRAPACNPR2,131,PN      N1,BRADESPAR
2017-12-19,BRAP4,BRAP4,24.135054399104494,24.471493161821282,23.99339597269742,24.347542038715094,24.347542038715094,1255753,27.26,27.64,27.1,27.5,0.8853651650441853,27.64,27.1,0,1111800,5034,30419982.0,1,02,010,BRBRAPACNPR2,131,PN      N1,BRADESPAR
2017-12-20,BRAP4,BRAP4,24.400663948617744,25.28602911366193,24.400663948617744,25.100102429002654,25.100102429002654,2003015,27.56,28.56,27.56,28.35,0.8853651650441853,28.56,27.56,0,1773400,5644,49860825.0,1,02,010,BRBRAPACNPR2,131,PN      N1,BRADESPAR
2017-12-21,BRAP4,BRAP4,25.100102429002654,25.498516753272536,24.914175744343375,25.498516753272536,25.498516753272536,1170026,28.35,28.8,28.14,28.8,0.8853651650441853,28.8,28.14,0,1035900,4432,29612310.0,1,02,010,BRBRAPACNPR2,131,PN      N1,BRADESPAR
2017-12-22,BRAP4,BRAP4,25.507370404922977,25.870370122591094,25.241760855409723,25.85266281929021,25.85266281929021,1317423,28.81,29.22,28.51,29.2,0.8853651650441853,29.22,28.51,0,1166400,4706,33853615.0,1,02,010,BRBRAPACNPR2,131,PN      N1,BRADESPAR
2017-12-26,BRAP4,BRAP4,24.87876113774161,25.330297371914142,24.586590633277023,25.22405355210884,25.22405355210884,713717,28.1,28.61,27.77,28.49,0.8853651650441853,28.61,27.77,0,631900,2715,17905325.0,1,02,010,BRBRAPACNPR2,132,PN  EJ  N1,BRADESPAR
2017-12-27,BRAP4,BRAP4,25.250614507060163,25.445394843369883,25.055834170750444,25.365711978515908,25.365711978515908,938709,28.52,28.74,28.3,28.65,0.8853651650441853,28.74,28.3,0,831100,2896,23718293.0,1,02,010,BRBRAPACNPR2,132,PN  EJ  N1,BRADESPAR
2017-12-28,BRAP4,BRAP4,25.454248495020327,25.57819961812651,25.18863894550707,25.427687540069,25.427687540069,2216938,28.75,28.89,28.45,28.72,0.8853651650441853,28.89,28.45,0,1962800,5893,56231486.0,1,02,010,BRBRAPACNPR2,132,PN  EJ  N1,BRADESPAR
2018-01-02,BRAP4,BRAP4,25.533931359874302,26.233369840259208,25.533931359874302,26.224516188608767,26.224516188608767,1562632,28.84,29.63,28.84,29.62,0.8853651650441853,29.63,28.84,0,1383500,6087,40472628.0,1,02,010,BRBRAPACNPR2,132,PN  EJ  N1,BRADESPAR
2018-01-03,BRAP4,BRAP4,26.251077143560092,26.65834511948042,25.888077425891975,26.47241843482114,26.47241843482114,3351160,29.65,30.11,29.24,29.9,0.8853651650441853,30.11,29.24,0,2967000,7741,88635908.0,1,02,010,BRBRAPACNPR2,132,PN  EJ  N1,BRADESPAR
2018-01-04,BRAP4,BRAP4,26.861979107440582,27.827027137338742,26.861979107440582,27.224978825108696,27.224978825108696,5857696,30.34,31.43,30.34,30.75,0.8853651650441853,31.43,30.34,0,5186200,11941,160300237.0,1,02,010,BRBRAPACNPR2,132,PN  EJ  N1,BRADESPAR
2018-01-05,BRAP4,BRAP4,27.10102770200251,27.880149047241392,27.10102770200251,27.880149047241392,27.880149047241392,2723848,30.61,31.49,30.61,31.49,0.8853651650441853,31.49,30.61,0,2411600,9046,74943198.0,1,02,010,BRBRAPACNPR2,132,PN  EJ  N1,BRADESPAR
2018-01-08,BRAP4,BRAP4,27.800466182387417,28.367099888015694,27.800466182387417,28.367099888015694,28.367099888015694,1685180,31.4,32.04,31.4,32.04,0.8853651650441853,32.04,31.4,0,1492000,4100,47431710.0,1,02,010,BRBRAPACNPR2,132,PN  EJ  N1,BRADESPAR
2018-01-09,BRAP4,BRAP4,28.367099888015694,28.650416740829836,27.924417305493602,28.04836842859979,28.04836842859979,2408159,32.04,32.36,31.54,31.68,0.8853651650441853,32.36,31.54,0,2132100,7039,68002509.0,1,02,010,BRBRAPACNPR2,132,PN      N1,BRADESPAR
2018-01-10,BRAP4,BRAP4,27.75619792413521,27.95097826044493,27.366637251515765,27.75619792413521,27.75619792413521,881218,31.35,31.57,30.91,31.35,0.8853651650441853,31.57,30.91,0,780200,4556,24421098.0,1,02,010,BRBRAPACNPR2,132,PN      N1,BRADESPAR
2018-01-11,BRAP4,BRAP4,27.765051575785648,28.597294830927183,27.765051575785648,28.597294830927183,28.597294830927183,1006590,31.36,32.3,31.36,32.3,0.8853651650441853,32.3,31.36,0,891200,3887,28404354.0,1,02,010,BRBRAPACNPR2,132,PN      N1,BRADESPAR
2018-01-12,BRAP4,BRAP4,28.499904662772323,28.79207516723691,28.23429511325907,28.79207516723691,28.79207516723691,1346337,32.19,32.52,31.89,32.52,0.8853651650441853,32.52,31.89,0,1192000,4265,38482473.0,1,02,010,BRBRAPACNPR2,132,PN      N1,BRADESPAR
2018-01-15,BRAP4,BRAP4,28.747806908984696,28.88061168374132,28.491051011121883,28.77436786393602,28.77436786393602,617146,32.47,32.62,32.18,32.5,0.8853651650441853,32.62,32.18,0,546400,1737,17702447.0,1,02,010,BRBRAPACNPR2,132,PN      N1,BRADESPAR
2018-01-16,BRAP4,BRAP4,28.508758314422767,28.53531926937409,27.95097826044493,28.06607573190067,28.06607573190067,2613385,32.2,32.23,31.57,31.7,0.8853651650441853,32.23,31.57,0,2313800,5342,73861535.0,1,02,010,BRBRAPACNPR2,132,PN      N1,BRADESPAR
2018-01-17,BRAP4,BRAP4,28.05722208025023,28.632709437528955,27.986392867046696,28.623855785878508,28.623855785878508,1254849,31.69,32.34,31.61,32.33,0.8853651650441853,32.34,31.61,0,1111000,5415,35800857.0,1,02,010,BRBRAPACNPR2,132,PN      N1,BRADESPAR
2018-01-18,BRAP4,BRAP4,28.76551421228558,28.836343425489115,28.252002416559954,28.420221797918348,28.420221797918348,1262643,32.49,32.57,31.91,32.1,0.8853651650441853,32.57,31.91,0,1117900,4519,35885942.0,1,02,010,BRBRAPACNPR2,132,PN      N1,BRADESPAR
2018-01-19,BRAP4,BRAP4,28.544172921024536,28.747806908984696,28.252002416559954,28.464490056170554,28.464490056170554,1273599,32.24,32.47,31.91,32.15,0.8853651650441853,32.47,31.91,0,1127600,4035,36296671.0,1,02,010,BRBRAPACNPR2,132,PN      N1,BRADESPAR
2018-01-22,BRAP4,BRAP4,28.464490056170554,28.641563089179396,27.942124608794487,28.269709719860835,28.269709719860835,1961225,32.15,32.35,31.56,31.93,0.8853651650441853,32.35,31.56,0,1736400,5144,55176972.0,1,02,010,BRBRAPACNPR2,132,PN      N1,BRADESPAR
2018-01-23,BRAP4,BRAP4,28.119197641803325,28.119197641803325,27.065613095400746,27.171856915206046,27.171856915206046,1577089,31.76,31.76,30.57,30.69,0.8853651650441853,31.76,30.57,0,1396300,6910,42999794.0,1,02,010,BRBRAPACNPR2,132,PN      N1,BRADESPAR
2018-01-24,BRAP4,BRAP4,27.402051858117535,28.02180747364846,27.29580803831223,27.711929665882998,27.711929665882998,2358349,30.95,31.65,30.83,31.3,0.8853651650441853,31.65,30.83,0,2088000,8222,65337741.0,1,02,010,BRBRAPACNPR2,132,PN      N1,BRADESPAR
2018-01-26,BRAP4,BRAP4,27.96868556374581,27.96868556374581,27.021344837148533,27.543710284524604,27.543710284524604,1421447,31.59,31.59,30.52,31.11,0.8853651650441853,31.59,30.52,0,1258500,5960,38973377.0,1,02,010,BRBRAPACNPR2,132,PN      N1,BRADESPAR
2018-01-29,BRAP4,BRAP4,27.19841787015737,27.924417305493602,27.19841787015737,27.765051575785648,27.765051575785648,2032721,30.72,31.54,30.72,31.36,0.8853651650441853,31.54,30.72,0,1799700,3617,56183779.0,1,02,010,BRBRAPACNPR2,132,PN      N1,BRADESPAR
2018-01-30,BRAP4,BRAP4,27.62339314937858,27.782758879086533,27.37549090316621,27.517149329573275,27.517149329573275,3223529,31.2,31.38,30.92,31.08,0.8853651650441853,31.38,30.92,0,2854000,3653,88706112.0,1,02,010,BRBRAPACNPR2,132,PN      N1,BRADESPAR
2018-01-31,BRAP4,BRAP4,27.818173485688302,28.375953539666135,27.587978542776813,27.703076014232558,27.703076014232558,3957124,31.42,32.05,31.16,31.29,0.8853651650441853,32.05,31.16,0,3503500,5288,109742229.0,1,02,010,BRBRAPACNPR2,132,PN      N1,BRADESPAR
2018-02-01,BRAP4,BRAP4,27.658807755980348,28.349392584714817,27.587978542776813,28.02180747364846,28.02180747364846,2137988,31.24,32.02,31.16,31.65,0.8853651650441853,32.02,31.16,0,1892900,5115,59806336.0,1,02,010,BRBRAPACNPR2,132,PN      N1,BRADESPAR
2018-02-02,BRAP4,BRAP4,27.66766140763079,27.89785635054228,27.24268612840958,27.446320116369744,27.446320116369744,1652538,31.25,31.51,30.77,31.0,0.8853651650441853,31.51,30.77,0,1463100,6753,45476455.0,1,02,010,BRBRAPACNPR2,132,PN      N1,BRADESPAR
2018-02-05,BRAP4,BRAP4,27.136442308604277,27.986392867046696,27.039052140449417,27.039052140449417,27.039052140449417,1086331,30.65,31.61,30.54,30.54,0.8853651650441853,31.61,30.54,0,961800,3184,29803014.0,1,02,010,BRBRAPACNPR2,132,PN      N1,BRADESPAR
2018-02-06,BRAP4,BRAP4,26.782296242586604,28.154612248405094,26.64949146782998,28.02180747364846,28.02180747364846,2756603,30.25,31.8,30.1,31.65,0.8853651650441853,31.8,30.1,0,2440600,8911,75849025.0,1,02,010,BRBRAPACNPR2,132,PN      N1,BRADESPAR
2018-02-07,BRAP4,BRAP4,27.835880788989186,28.33168528141393,27.47288107132107,27.52600298122372,27.52600298122372,1408120,31.44,32.0,31.03,31.09,0.8853651650441853,32.0,31.03,0,1246700,5509,39262176.0,1,02,010,BRBRAPACNPR2,132,PN      N1,BRADESPAR
2018-02-08,BRAP4,BRAP4,27.490588374621954,27.641100452679463,26.897393714042348,27.171856915206046,27.171856915206046,1316971,31.05,31.22,30.38,30.69,0.8853651650441853,31.22,30.38,0,1166000,6315,35906034.0,1,02,010,BRBRAPACNPR2,132,PN      N1,BRADESPAR
2018-02-09,BRAP4,BRAP4,26.870832759091023,27.711929665882998,26.817710849188373,27.596832194427257,27.596832194427257,1163475,30.35,31.3,30.29,31.17,0.8853651650441853,31.3,30.29,0,1030100,4966,31759680.0,1,02,010,BRBRAPACNPR2,132,PN      N1,BRADESPAR
2018-02-14,BRAP4,BRAP4,28.24314876490951,29.500367299272252,28.24314876490951,29.500367299272252,29.500367299272252,1871883,31.9,33.32,31.9,33.32,0.8853651650441853,33.32,31.9,0,1657300,9063,54439261.0,1,02,010,BRBRAPACNPR2,132,PN      N1,BRADESPAR
2018-02-15,BRAP4,BRAP4,29.62431842237844,30.784146788586323,29.62431842237844,30.784146788586323,30.784146788586323,4402138,33.46,34.77,33.46,34.77,0.8853651650441853,34.77,33.46,0,3897500,8264,133761744.0,1,02,010,BRBRAPACNPR2,132,PN      N1,BRADESPAR
2018-02-16,BRAP4,BRAP4,30.4831226324713,30.952366169944717,30.27948864451114,30.916951563342952,30.916951563342952,1880693,34.43,34.96,34.2,34.92,0.8853651650441853,34.96,34.2,0,1665100,5728,57742779.0,1,02,010,BRBRAPACNPR2,132,PN      N1,BRADESPAR
2018-02-19,BRAP4,BRAP4,30.9700734732456,31.42160970741814,30.828415046838533,31.20026841615709,31.20026841615709,843268,34.98,35.49,34.82,35.24,0.8853651650441853,35.49,34.82,0,746600,2206,26281929.0,1,02,010,BRBRAPACNPR2,132,PN      N1,BRADESPAR
2018-02-20,BRAP4,BRAP4,30.978927124896046,31.244536674409296,30.412293419267765,30.695610272081904,30.695610272081904,987615,34.99,35.29,34.35,34.67,0.8853651650441853,35.29,34.35,0,874400,4669,30490162.0,1,02,010,BRBRAPACNPR2,132,PN      N1,BRADESPAR
2018-02-21,BRAP4,BRAP4,30.828415046838533,31.049756338099577,30.120122914803186,30.27948864451114,30.27948864451114,1317197,34.82,35.07,34.02,34.2,0.8853651650441853,35.07,34.02,0,1166200,7420,40105510.0,1,02,010,BRBRAPACNPR2,132,PN      N1,BRADESPAR
2018-02-22,BRAP4,BRAP4,30.412293419267765,30.64248836217925,30.226366734608487,30.500829935772185,30.500829935772185,2223828,34.35,34.61,34.14,34.45,0.8853651650441853,34.61,34.14,0,1968900,6663,67634283.0,1,02,010,BRBRAPACNPR2,132,PN      N1,BRADESPAR
2018-02-23,BRAP4,BRAP4,30.65134201382969,31.085170944701346,30.465415329170412,30.828415046838533,30.828415046838533,4104408,34.62,35.11,34.41,34.82,0.8853651650441853,35.11,34.41,0,3633900,8179,125977401.0,1,02,010,BRBRAPACNPR2,132,PN      N1,BRADESPAR
2018-02-26,BRAP4,BRAP4,31.341926842564156,31.722633863533158,31.11173189965267,31.616390043727858,31.616390043727858,1418285,35.4,35.83,35.14,35.71,0.8853651650441853,35.83,35.14,0,1255700,7086,44586453.0,1,02,010,BRBRAPACNPR2,132,PN      N1,BRADESPAR
2018-02-27,BRAP4,BRAP4,31.63409734702874,31.69607290858183,31.00548807984737,31.439317010719016,31.439317010719016,1712175,35.73,35.8,35.02,35.51,0.8853651650441853,35.8,35.02,0,1515900,4907,53420988.0,1,02,010,BRBRAPACNPR2,132,PN      N1,BRADESPAR
2018-02-28,BRAP4,BRAP4,31.510146223922558,31.510146223922558,29.748269545484625,30.25292768955981,30.25292768955981,2052712,35.59,35.59,33.6,34.17,0.8853651650441853,35.59,33.6,0,1817400,7413,62820115.0,1,02,010,BRBRAPACNPR2,132,PN      N1,BRADESPAR
2018-03-01,BRAP4,BRAP4,30.45656167751997,30.45656167751997,29.349855221214742,29.62431842237844,29.62431842237844,2275332,34.4,34.4,33.15,33.46,0.8853651650441853,34.4,33.15,0,2014500,8333,67783711.0,1,02,010,BRBRAPACNPR2,132,PN      N1,BRADESPAR
2018-03-02,BRAP4,BRAP4,29.217050446458114,29.217050446458114,28.384807191316582,29.19934314315723,29.19934314315723,1561728,33.0,33.0,32.06,32.98,0.8853651650441853,33.0,32.06,0,1382700,7985,45021752.0,1,02,010,BRBRAPACNPR2,132,PN      N1,BRADESPAR
2018-03-05,BRAP4,BRAP4,29.19934314315723,29.287879659661648,28.473343707820995,28.845197077139556,28.845197077139556,1217238,32.98,33.08,32.16,32.58,0.8853651650441853,33.08,32.16,0,1077700,5448,35114969.0,1,02,010,BRBRAPACNPR2,132,PN      N1,BRADESPAR
2018-03-06,BRAP4,BRAP4,29.349855221214742,29.64202572567932,28.615002134228067,28.77436786393602,28.77436786393602,2509699,33.15,33.48,32.32,32.5,0.8853651650441853,33.48,32.32,0,2222000,5872,73132034.0,1,02,010,BRBRAPACNPR2,132,PN      N1,BRADESPAR
2018-03-07,BRAP4,BRAP4,28.597294830927183,28.597294830927183,27.844734440639627,28.53531926937409,28.53531926937409,3533231,32.3,32.3,31.45,32.23,0.8853651650441853,32.3,31.45,0,3128200,7254,99258163.0,1,02,010,BRBRAPACNPR2,132,PN      N1,BRADESPAR
2018-03-08,BRAP4,BRAP4,28.818636122188227,28.86290438044044,27.313515341613115,27.57912489112637,27.57912489112637,3417008,32.55,32.6,30.85,31.15,0.8853651650441853,32.6,30.85,0,3025300,6814,93874853.0,1,02,010,BRBRAPACNPR2,132,PN      N1,BRADESPAR
2018-03-09,BRAP4,BRAP4,27.260393431710465,27.99524651869714,26.844271804139698,27.95097826044493,27.95097826044493,1150712,30.79,31.62,30.32,31.57,0.8853651650441853,31.62,30.32,0,1018800,4794,31922497.0,1,02,010,BRBRAPACNPR2,132,PN      N1,BRADESPAR
2018-03-12,BRAP4,BRAP4,28.11034399015288,28.375953539666135,27.782758879086533,28.34053893306437,28.34053893306437,604496,31.75,32.05,31.38,32.01,0.8853651650441853,32.05,31.38,0,535200,2836,17002727.0,1,02,010,BRBRAPACNPR2,132,PN      N1,BRADESPAR
2018-03-13,BRAP4,BRAP4,28.43792910121923,28.712392302382927,28.01295382199802,28.24314876490951,28.24314876490951,1911528,32.12,32.43,31.64,31.9,0.8853651650441853,32.43,31.64,0,1692400,4224,53922037.0,1,02,010,BRBRAPACNPR2,132,PN      N1,BRADESPAR
2018-03-14,BRAP4,BRAP4,28.606148482577627,28.76551421228558,28.225441461608625,28.24314876490951,28.24314876490951,1449233,32.31,32.49,31.88,31.9,0.8853651650441853,32.49,31.88,0,1283100,4455,41190224.0,1,02,010,BRBRAPACNPR2,132,PN      N1,BRADESPAR
2018-03-15,BRAP4,BRAP4,28.252002416559954,28.402514494617463,27.91556365384316,28.313977978113044,28.313977978113044,958700,31.91,32.08,31.53,31.98,0.8853651650441853,32.08,31.53,0,848800,4565,26979343.0,1,02,010,BRBRAPACNPR2,132,PN      N1,BRADESPAR
2018-03-16,BRAP4,BRAP4,28.393660842967023,28.561880224325414,28.11034399015288,28.53531926937409,28.53531926937409,1568167,32.07,32.26,31.75,32.23,0.8853651650441853,32.26,31.75,0,1388400,4016,44608773.0,1,02,010,BRBRAPACNPR2,132,PN      N1,BRADESPAR
2018-03-19,BRAP4,BRAP4,28.06607573190067,28.11034399015288,27.251539780060025,27.534856632874163,27.534856632874163,2510715,31.7,31.75,30.78,31.1,0.8853651650441853,31.75,30.78,0,2222900,9159,69196055.0,1,02,010,BRBRAPACNPR2,132,PN      N1,BRADESPAR
2018-03-20,BRAP4,BRAP4,27.42861281306886,28.092636686852,27.331222644914,27.933270957144046,27.933270957144046,1722566,30.98,31.73,30.87,31.55,0.8853651650441853,31.73,30.87,0,1525100,4904,47858960.0,1,02,010,BRBRAPACNPR2,132,PN      N1,BRADESPAR
2018-03-21,BRAP4,BRAP4,28.216587809958185,28.508758314422767,27.91556365384316,28.499904662772323,28.499904662772323,4675472,31.87,32.2,31.53,32.19,0.8853651650441853,32.2,31.53,0,4139500,10570,132279308.0,1,02,010,BRBRAPACNPR2,132,PN      N1,BRADESPAR
2018-03-22,BRAP4,BRAP4,28.216587809958185,28.216587809958185,27.61453949772814,27.977539215396256,27.977539215396256,2813528,31.87,31.87,31.19,31.6,0.8853651650441853,31.87,31.19,0,2491000,6460,78420174.0,1,02,010,BRBRAPACNPR2,132,PN      N1,BRADESPAR
2018-03-23,BRAP4,BRAP4,27.649954104329908,28.083783035201556,27.278100735011346,27.57912489112637,27.57912489112637,1926889,31.23,31.72,30.81,31.15,0.8853651650441853,31.72,30.81,0,1706000,4179,53350632.0,1,02,010,BRBRAPACNPR2,132,PN      N1,BRADESPAR
2018-03-26,BRAP4,BRAP4,27.933270957144046,28.083783035201556,27.446320116369744,27.66766140763079,27.66766140763079,2734239,31.55,31.72,31.0,31.25,0.8853651650441853,31.72,31.0,0,2420800,7380,75696904.0,1,02,010,BRBRAPACNPR2,132,PN      N1,BRADESPAR
2018-03-27,BRAP4,BRAP4,27.977539215396256,28.00410017034758,26.861979107440582,27.00363753384765,27.00363753384765,2005726,31.6,31.63,30.34,30.5,0.8853651650441853,31.63,30.34,0,1775800,4778,54667070.0,1,02,010,BRBRAPACNPR2,132,PN      N1,BRADESPAR
2018-03-28,BRAP4,BRAP4,26.569808602976,27.52600298122372,26.33961366006451,27.393198206467094,27.393198206467094,3567906,30.01,31.09,29.75,30.94,0.8853651650441853,31.09,29.75,0,3158900,10515,96519341.0,1,02,010,BRBRAPACNPR2,132,PN      N1,BRADESPAR
2018-03-29,BRAP4,BRAP4,27.66766140763079,28.260856068210394,27.393198206467094,27.880149047241392,27.880149047241392,4188667,31.25,31.92,30.94,31.49,0.8853651650441853,31.92,30.94,0,3708500,9260,117291791.0,1,02,010,BRBRAPACNPR2,132,PN      N1,BRADESPAR
2018-04-02,BRAP4,BRAP4,27.85358809229007,28.66812404413072,27.357783599865325,28.313977978113044,28.313977978113044,1268516,31.46,32.38,30.9,31.98,0.8853651650441853,32.38,30.9,0,1123100,4762,35837245.0,1,02,010,BRBRAPACNPR2,132,PN      N1,BRADESPAR
2018-04-03,BRAP4,BRAP4,28.561880224325414,28.738953257334256,27.933270957144046,28.225441461608625,28.225441461608625,1198714,32.26,32.46,31.55,31.88,0.8853651650441853,32.46,31.55,0,1061300,4299,33863089.0,1,02,010,BRBRAPACNPR2,132,PN      N1,BRADESPAR
2018-04-04,BRAP4,BRAP4,27.57912489112637,27.942124608794487,27.278100735011346,27.924417305493602,27.924417305493602,856935,31.15,31.56,30.81,31.54,0.8853651650441853,31.56,30.81,0,758700,3250,23707600.0,1,02,010,BRBRAPACNPR2,132,PN      N1,BRADESPAR
2018-04-05,BRAP4,BRAP4,28.420221797918348,28.809782470537787,28.269709719860835,28.455636404520114,28.455636404520114,1201538,32.1,32.54,31.93,32.14,0.8853651650441853,32.54,31.93,0,1063800,4444,34291273.0,1,02,010,BRBRAPACNPR2,132,PN      N1,BRADESPAR
2018-04-06,BRAP4,BRAP4,28.216587809958185,28.99570915519707,27.90671000219272,28.455636404520114,28.455636404520114,1343965,31.87,32.75,31.52,32.14,0.8853651650441853,32.75,31.52,0,1189900,6060,37957908.0,1,02,010,BRBRAPACNPR2,132,PN      N1,BRADESPAR
2018-04-09,BRAP4,BRAP4,28.78322151558646,28.86290438044044,28.030661125298906,28.508758314422767,28.508758314422767,2274994,32.51,32.6,31.66,32.2,0.8853651650441853,32.6,31.66,0,2014200,6839,64932348.0,1,02,010,BRBRAPACNPR2,132,PN      N1,BRADESPAR
2018-04-10,BRAP4,BRAP4,29.04883106509972,29.92534257849346,29.013416458497954,29.92534257849346,29.92534257849346,1869285,32.81,33.8,32.77,33.8,0.8853651650441853,33.8,32.77,0,1655000,7684,55109968.0,1,02,010,BRBRAPACNPR2,132,PN      N1,BRADESPAR
2018-04-11,BRAP4,BRAP4,29.792537803736835,30.18209847635628,29.464952692670487,29.854513365289925,29.854513365289925,8086155,33.65,34.09,33.28,33.72,0.8853651650441853,34.09,33.28,0,7159200,5209,241481952.0,1,02,010,BRBRAPACNPR2,132,PN      N1,BRADESPAR
2018-04-12,BRAP4,BRAP4,29.881074320241254,30.146683869754508,29.588903815776675,29.969610836745673,29.969610836745673,894320,33.75,34.05,33.42,33.85,0.8853651650441853,34.05,33.42,0,791800,2760,26707608.0,1,02,010,BRBRAPACNPR2,132,PN      N1,BRADESPAR
2018-04-13,BRAP4,BRAP4,29.969610836745673,30.270634992860693,29.739415893834188,30.1024156115023,30.1024156115023,6997904,33.85,34.19,33.59,34.0,0.8853651650441853,34.19,33.59,0,6195700,7648,209843300.0,1,02,010,BRBRAPACNPR2,132,PN      N1,BRADESPAR
2018-04-16,BRAP4,BRAP4,30.01387909499788,30.120122914803186,29.765976848785506,29.881074320241254,29.881074320241254,1951398,33.9,34.02,33.62,33.75,0.8853651650441853,34.02,33.62,0,1727700,4477,58351140.0,1,02,010,BRBRAPACNPR2,132,PN      N1,BRADESPAR
2018-04-17,BRAP4,BRAP4,29.881074320241254,30.899244260042064,29.845659713639485,30.810707743537645,30.810707743537645,1611087,33.75,34.9,33.71,34.8,0.8853651650441853,34.9,33.71,0,1426400,6910,49266722.0,1,02,010,BRBRAPACNPR2,132,PN      N1,BRADESPAR
2018-04-18,BRAP4,BRAP4,31.607536392077417,32.24499931090923,31.439317010719016,31.87314594159067,31.87314594159067,3547124,35.7,36.42,35.51,36.0,0.8853651650441853,36.42,35.51,0,3140500,10580,113129392.0,1,02,010,BRBRAPACNPR2,132,PN      N1,BRADESPAR
2018-04-19,BRAP4,BRAP4,31.97053610974553,32.36895043401542,31.740341166834042,32.07677992955083,32.07677992955083,2591925,36.11,36.56,35.85,36.23,0.8853651650441853,36.56,35.85,0,2294800,7737,83267590.0,1,02,010,BRBRAPACNPR2,132,PN      N1,BRADESPAR
2018-04-20,BRAP4,BRAP4,31.731487515183602,32.13875549110392,31.59868274042697,31.69607290858183,31.69607290858183,1608828,35.84,36.3,35.69,35.8,0.8853651650441853,36.3,35.69,0,1424400,5675,51135144.0,1,02,010,BRBRAPACNPR2,132,PN      N1,BRADESPAR
2018-04-23,BRAP4,BRAP4,31.563268133825204,32.05021897459951,31.359634145865044,31.740341166834042,31.740341166834042,3625284,35.65,36.2,35.42,35.85,0.8853651650441853,36.2,35.42,0,3209700,4439,115109547.0,1,02,010,BRBRAPACNPR2,132,PN      N1,BRADESPAR
2018-04-24,BRAP4,BRAP4,31.82887768333846,32.554877118674696,31.82887768333846,32.44863329886939,32.44863329886939,1103499,35.95,36.77,35.95,36.65,0.8853651650441853,36.77,35.95,0,977000,4701,35631479.0,1,02,010,BRBRAPACNPR2,132,PN      N1,BRADESPAR
2018-04-25,BRAP4,BRAP4,32.03251167129862,32.43977964721895,31.704926560232277,31.837731334988902,31.837731334988902,1373558,36.18,36.64,35.81,35.96,0.8853651650441853,36.64,35.81,0,1216100,5319,43987179.0,1,02,010,BRBRAPACNPR2,132,PN      N1,BRADESPAR
2018-04-26,BRAP4,BRAP4,31.642950998679183,32.696535545081765,31.457024314019904,32.51946251207292,32.51946251207292,1942588,35.74,36.93,35.53,36.73,0.8853651650441853,36.93,35.53,0,1719900,4473,62450623.0,1,02,010,BRBRAPACNPR2,132,PN      N1,BRADESPAR
2018-04-27,BRAP4,BRAP4,32.74080380333397,32.92673048799325,31.87314594159067,32.280413917511,32.280413917511,2928170,36.98,37.19,36.0,36.46,0.8853651650441853,37.19,36.0,0,2592500,7912,94203381.0,1,02,010,BRBRAPACNPR2,132,PN      N1,BRADESPAR
2018-04-30,BRAP4,BRAP4,31.341926842564156,31.48358526897123,31.00548807984737,31.48358526897123,31.48358526897123,1528861,35.4,35.56,35.02,35.56,0.8853651650441853,35.56,35.02,0,1353600,8237,47937133.0,1,02,010,BRBRAPACNPR2,133,PN  ED  N1,BRADESPAR
2018-05-02,BRAP4,BRAP4,31.21797571945797,31.678365605280952,31.147146506254437,31.359634145865044,31.359634145865044,4944175,35.26,35.78,35.18,35.42,0.8853651650441853,35.78,35.18,0,4377400,6946,155689987.0,1,02,010,BRBRAPACNPR2,133,PN  ED  N1,BRADESPAR
2018-05-03,BRAP4,BRAP4,31.21797571945797,31.97053610974553,31.20026841615709,31.607536392077417,31.607536392077417,1658751,35.26,36.11,35.24,35.7,0.8853651650441853,36.11,35.24,0,1468600,6004,52424492.0,1,02,010,BRBRAPACNPR2,133,PN  ED  N1,BRADESPAR
2018-05-04,BRAP4,BRAP4,31.448170662369463,32.3866577373163,31.333073190913716,32.05907262624995,32.05907262624995,1718161,35.52,36.58,35.39,36.21,0.8853651650441853,36.58,35.39,0,1521200,6117,55080453.0,1,02,010,BRBRAPACNPR2,133,PN  ED  N1,BRADESPAR
2018-05-07,BRAP4,BRAP4,31.69607290858183,31.69607290858183,30.049293701599645,30.44770802586953,30.44770802586953,10261190,35.8,35.8,33.94,34.39,0.8853651650441853,35.8,33.94,0,9084900,20821,316088620.0,1,02,010,BRBRAPACNPR2,133,PN  ED  N1,BRADESPAR
2018-05-08,BRAP4,BRAP4,30.155537521404952,30.2086594313076,28.473343707820995,28.756660560635137,28.756660560635137,13198622,34.06,34.12,32.16,32.48,0.8853651650441853,34.12,32.16,0,11685600,36684,382714952.0,1,02,010,BRBRAPACNPR2,133,PN  ED  N1,BRADESPAR
2018-05-09,BRAP4,BRAP4,28.756660560635137,29.16392853655546,28.27856337151128,28.845197077139556,28.845197077139556,4740530,32.48,32.94,31.94,32.58,0.8853651650441853,32.94,31.94,0,4197100,16494,136039621.0,1,02,010,BRBRAPACNPR2,133,PN  ED  N1,BRADESPAR
2018-05-10,BRAP4,BRAP4,29.314440614612973,30.1024156115023,29.172782188205908,29.863367016940366,29.863367016940366,2333275,33.11,34.0,32.95,33.73,0.8853651650441853,34.0,32.95,0,2065800,10778,69387075.0,1,02,010,BRBRAPACNPR2,133,PN  ED  N1,BRADESPAR
2018-05-11,BRAP4,BRAP4,30.02273274664832,30.368025161015552,29.597757467427112,30.031586398298767,30.031586398298767,5986569,33.91,34.3,33.43,33.92,0.8853651650441853,34.3,33.43,0,5300300,10636,179316590.0,1,02,010,BRBRAPACNPR2,133,PN      N1,BRADESPAR
2018-05-14,BRAP4,BRAP4,30.146683869754508,31.173707461205765,29.934196230143908,30.987780776546483,30.987780776546483,3370135,34.05,35.21,33.81,35.0,0.8853651650441853,35.21,33.81,0,2983800,15011,103494396.0,1,02,010,BRBRAPACNPR2,133,PN      N1,BRADESPAR
2018-05-15,BRAP4,BRAP4,30.146683869754508,30.987780776546483,29.704001287232412,30.987780776546483,30.987780776546483,2499647,34.05,35.0,33.55,35.0,0.8853651650441853,35.0,33.55,0,2213100,10136,75817396.0,1,02,010,BRBRAPACNPR2,133,PN      N1,BRADESPAR
2018-05-16,BRAP4,BRAP4,30.607073755577485,32.492901557121606,30.58051280062616,32.22729200760834,32.22729200760834,2867743,34.57,36.7,34.54,36.4,0.8853651650441853,36.7,34.54,0,2539000,9898,91740607.0,1,02,010,BRBRAPACNPR2,133,PN      N1,BRADESPAR
2018-05-17,BRAP4,BRAP4,31.908560548192437,32.07677992955083,31.138292854603996,31.448170662369463,31.448170662369463,2434476,36.04,36.23,35.17,35.52,0.8853651650441853,36.23,35.17,0,2155400,11053,76747309.0,1,02,010,BRBRAPACNPR2,133,PN      N1,BRADESPAR
2018-05-18,BRAP4,BRAP4,30.500829935772185,31.31536588761283,29.54463555752446,30.607073755577485,30.607073755577485,4351990,34.45,35.37,33.37,34.57,0.8853651650441853,35.37,33.37,0,3853100,13565,132299979.0,1,02,010,BRBRAPACNPR2,133,PN      N1,BRADESPAR
2018-05-21,BRAP4,BRAP4,31.87314594159067,31.87314594159067,29.89878162354214,30.00502544334744,30.00502544334744,2243707,36.0,36.0,33.77,33.89,0.8853651650441853,36.0,33.77,0,1986500,8761,68088996.0,1,02,010,BRBRAPACNPR2,133,PN      N1,BRADESPAR
2018-05-22,BRAP4,BRAP4,30.128976566453627,30.164391173055392,29.402977131117392,29.704001287232412,29.704001287232412,1842630,34.03,34.07,33.21,33.55,0.8853651650441853,34.07,33.21,0,1631400,6179,54749305.0,1,02,010,BRBRAPACNPR2,133,PN      N1,BRADESPAR
2018-05-23,BRAP4,BRAP4,29.05768471675016,29.43839173771916,28.942587245294416,29.243611401409442,29.243611401409442,920298,32.82,33.25,32.69,33.03,0.8853651650441853,33.25,32.69,0,814800,3915,26894344.0,1,02,010,BRBRAPACNPR2,133,PN      N1,BRADESPAR
2018-05-24,BRAP4,BRAP4,29.08424567170149,29.748269545484625,28.78322151558646,29.509220950922693,29.509220950922693,1212155,32.85,33.6,32.51,33.33,0.8853651650441853,33.6,32.51,0,1073200,6034,35443269.0,1,02,010,BRBRAPACNPR2,133,PN      N1,BRADESPAR
2018-05-25,BRAP4,BRAP4,29.509220950922693,29.509220950922693,28.349392584714817,28.685831347431602,28.685831347431602,1322279,33.33,33.33,32.02,32.4,0.8853651650441853,33.33,32.02,0,1170700,6232,37903775.0,1,02,010,BRBRAPACNPR2,133,PN      N1,BRADESPAR
2018-05-28,BRAP4,BRAP4,28.33168528141393,28.77436786393602,27.85358809229007,28.11034399015288,28.11034399015288,1864203,32.0,32.5,31.46,31.75,0.8853651650441853,32.5,31.46,0,1650500,8730,52569302.0,1,02,010,BRBRAPACNPR2,133,PN      N1,BRADESPAR
2018-05-29,BRAP4,BRAP4,28.367099888015694,28.53531926937409,27.00363753384765,27.24268612840958,27.24268612840958,3313661,32.04,32.23,30.5,30.77,0.8853651650441853,32.23,30.5,0,2933800,11571,91212689.0,1,02,010,BRBRAPACNPR2,133,PN      N1,BRADESPAR
2018-05-30,BRAP4,BRAP4,27.012491185498096,27.57912489112637,26.63178416452909,27.57912489112637,27.57912489112637,4837100,30.51,31.15,30.08,31.15,0.8853651650441853,31.15,30.08,0,4282600,10955,131218927.0,1,02,010,BRBRAPACNPR2,133,PN      N1,BRADESPAR
2018-06-01,BRAP4,BRAP4,27.552563936175048,29.04883106509972,27.313515341613115,29.031123761798835,29.031123761798835,1604875,31.12,32.81,30.85,32.79,0.8853651650441853,32.81,30.85,0,1420900,7881,45550410.0,1,02,010,BRBRAPACNPR2,133,PN      N1,BRADESPAR
2018-06-04,BRAP4,BRAP4,29.305586962962533,29.659733028980206,28.464490056170554,28.845197077139556,28.845197077139556,1391403,33.1,33.5,32.15,32.58,0.8853651650441853,33.5,32.15,0,1231900,5118,40028873.0,1,02,010,BRBRAPACNPR2,133,PN      N1,BRADESPAR
2018-06-05,BRAP4,BRAP4,28.712392302382927,29.650879377329765,28.703538650732487,28.86290438044044,28.86290438044044,2608528,32.43,33.49,32.42,32.6,0.8853651650441853,33.49,32.42,0,2309500,8167,75919166.0,1,02,010,BRBRAPACNPR2,133,PN      N1,BRADESPAR
2018-06-06,BRAP4,BRAP4,29.00456280684751,30.704463923732344,28.99570915519707,30.615927407227925,30.615927407227925,3505559,32.76,34.68,32.75,34.58,0.8853651650441853,34.68,32.75,0,3103700,9992,104823611.0,1,02,010,BRBRAPACNPR2,133,PN      N1,BRADESPAR
2018-06-07,BRAP4,BRAP4,30.376878812666,30.722171227033233,28.198880506657304,28.85405072879,28.85405072879,4309408,34.31,34.7,31.85,32.59,0.8853651650441853,34.7,31.85,0,3815400,16313,125104356.0,1,02,010,BRBRAPACNPR2,133,PN      N1,BRADESPAR
2018-06-08,BRAP4,BRAP4,28.95144089694486,29.022270110148394,26.738027984334394,26.897393714042348,26.897393714042348,2700355,32.7,32.78,30.2,30.38,0.8853651650441853,32.78,30.2,0,2390800,10558,73665863.0,1,02,010,BRBRAPACNPR2,133,PN      N1,BRADESPAR
2018-06-11,BRAP4,BRAP4,26.80000354588749,27.419759161418416,26.33961366006451,26.640637816179535,26.640637816179535,3203650,30.27,30.97,29.75,30.09,0.8853651650441853,30.97,29.75,0,2836400,9569,85636120.0,1,02,010,BRBRAPACNPR2,133,PN      N1,BRADESPAR
2018-06-12,BRAP4,BRAP4,26.39273556996716,27.490588374621954,26.206808885307886,27.18956421850693,27.18956421850693,3226352,29.81,31.05,29.6,30.71,0.8853651650441853,31.05,29.6,0,2856500,7405,87136364.0,1,02,010,BRBRAPACNPR2,133,PN      N1,BRADESPAR
2018-06-13,BRAP4,BRAP4,27.10102770200251,27.251539780060025,26.56095495132556,27.056759443750302,27.056759443750302,1611990,30.61,30.78,30.0,30.56,0.8853651650441853,30.78,30.0,0,1427200,8050,43363072.0,1,02,010,BRBRAPACNPR2,133,PN      N1,BRADESPAR
2018-06-14,BRAP4,BRAP4,26.791149894237048,27.313515341613115,26.118272368803467,26.711467029383073,26.711467029383073,2475137,30.26,30.85,29.5,30.17,0.8853651650441853,30.85,29.5,0,2191400,10328,65726922.0,1,02,010,BRBRAPACNPR2,133,PN      N1,BRADESPAR
2018-06-15,BRAP4,BRAP4,26.38388191831672,26.543247648024675,24.498054116772607,25.22405355210884,25.22405355210884,3300559,29.8,29.98,27.67,28.49,0.8853651650441853,29.98,27.67,0,2922200,11279,83440538.0,1,02,010,BRBRAPACNPR2,133,PN      N1,BRADESPAR
2018-06-18,BRAP4,BRAP4,24.728249059684096,25.23290720375928,24.41837125191863,25.23290720375928,25.23290720375928,1143031,27.93,28.5,27.58,28.5,0.8853651650441853,28.5,27.58,0,1012000,4417,28541070.0,1,02,010,BRBRAPACNPR2,133,PN      N1,BRADESPAR
2018-06-19,BRAP4,BRAP4,24.542322375024813,25.63132152802916,23.816322939688582,25.259468158710607,25.259468158710607,3734052,27.72,28.95,26.9,28.53,0.8853651650441853,28.95,26.9,0,3306000,12023,93024512.0,1,02,010,BRBRAPACNPR2,133,PN      N1,BRADESPAR
2018-06-20,BRAP4,BRAP4,25.330297371914142,25.790687257737115,25.330297371914142,25.489663101622092,25.489663101622092,1056174,28.61,29.13,28.61,28.79,0.8853651650441853,29.13,28.61,0,935100,4787,27017072.0,1,02,010,BRBRAPACNPR2,133,PN      N1,BRADESPAR
2018-06-21,BRAP4,BRAP4,25.356858326865467,25.790687257737115,24.338688387064654,24.46263951017084,24.46263951017084,1648811,28.64,29.13,27.49,27.63,0.8853651650441853,29.13,27.49,0,1459800,5346,41006167.0,1,02,010,BRBRAPACNPR2,133,PN      N1,BRADESPAR
2018-06-22,BRAP4,BRAP4,24.87876113774161,25.259468158710607,24.524615071723932,24.87876113774161,24.87876113774161,888334,28.1,28.53,27.7,28.1,0.8853651650441853,28.53,27.7,0,786500,3629,22051824.0,1,02,010,BRBRAPACNPR2,133,PN      N1,BRADESPAR
2018-06-25,BRAP4,BRAP4,24.967297654246025,25.00271226084779,23.95798136609565,24.71054175638321,24.71054175638321,2431539,28.2,28.24,27.06,27.91,0.8853651650441853,28.24,27.06,0,2152800,3296,58942377.0,1,02,010,BRBRAPACNPR2,133,PN      N1,BRADESPAR
2018-06-26,BRAP4,BRAP4,25.100102429002654,25.3214437202637,24.356395690365538,25.312590068613257,25.312590068613257,2044693,28.35,28.6,27.51,28.59,0.8853651650441853,28.6,27.51,0,1810300,5959,51036562.0,1,02,010,BRBRAPACNPR2,133,PN      N1,BRADESPAR
2018-06-27,BRAP4,BRAP4,25.356858326865467,25.719858044533584,24.967297654246025,25.268321810361048,25.268321810361048,1528183,28.64,29.05,28.2,28.54,0.8853651650441853,29.05,28.2,0,1353000,4399,38646838.0,1,02,010,BRBRAPACNPR2,133,PN      N1,BRADESPAR
2018-06-28,BRAP4,BRAP4,24.967297654246025,25.84380916763977,24.80793192453807,25.587053269776952,25.587053269776952,1072100,28.2,29.19,28.02,28.9,0.8853651650441853,29.19,28.02,0,949200,5193,27360082.0,1,02,010,BRBRAPACNPR2,133,PN      N1,BRADESPAR
2018-06-29,BRAP4,BRAP4,25.967760290745954,26.118272368803467,25.498516753272536,25.879223774241535,25.879223774241535,1058320,29.33,29.5,28.8,29.23,0.8853651650441853,29.5,28.8,0,937000,4171,27295616.0,1,02,010,BRBRAPACNPR2,133,PN      N1,BRADESPAR
2018-07-02,BRAP4,BRAP4,25.41883388841856,25.48080944997165,25.02927321579912,25.330297371914142,25.330297371914142,902001,28.71,28.78,28.27,28.61,0.8853651650441853,28.78,28.27,0,798600,4068,22802005.0,1,02,010,BRBRAPACNPR2,133,PN      N1,BRADESPAR
2018-07-03,BRAP4,BRAP4,25.66673613463093,25.675589786281375,24.97615130589647,25.0469805191,25.0469805191,1028050,28.99,29.0,28.21,28.29,0.8853651650441853,29.0,28.21,0,910200,4522,25927461.0,1,02,010,BRBRAPACNPR2,133,PN      N1,BRADESPAR
2018-07-04,BRAP4,BRAP4,24.923029395993815,25.622467876378725,24.79907827288763,25.14437068725486,25.14437068725486,689207,28.15,28.94,28.01,28.4,0.8853651650441853,28.94,28.01,0,610200,3596,17294578.0,1,02,010,BRBRAPACNPR2,133,PN      N1,BRADESPAR
2018-07-05,BRAP4,BRAP4,25.409980236768117,25.976613942396394,25.23290720375928,25.914638380843304,25.914638380843304,1407329,28.7,29.34,28.5,29.27,0.8853651650441853,29.34,28.5,0,1246000,5998,36187781.0,1,02,010,BRBRAPACNPR2,133,PN      N1,BRADESPAR
2018-07-06,BRAP4,BRAP4,25.89693107754242,26.36617461501584,25.675589786281375,26.26878444686098,26.26878444686098,918265,29.25,29.78,29.0,29.67,0.8853651650441853,29.78,29.0,0,813000,3910,23978849.0,1,02,010,BRBRAPACNPR2,133,PN      N1,BRADESPAR
2018-07-10,BRAP4,BRAP4,26.51668669307335,26.711467029383073,25.622467876378725,25.89693107754242,25.89693107754242,827681,29.95,30.17,28.94,29.25,0.8853651650441853,30.17,28.94,0,732800,3320,21484152.0,1,02,010,BRBRAPACNPR2,133,PN      N1,BRADESPAR
2018-07-11,BRAP4,BRAP4,25.427687540069,25.587053269776952,25.09124877735221,25.409980236768117,25.409980236768117,1029858,28.72,28.9,28.34,28.7,0.8853651650441853,28.9,28.34,0,911800,4692,26065948.0,1,02,010,BRBRAPACNPR2,133,PN      N1,BRADESPAR
2018-07-12,BRAP4,BRAP4,25.498516753272536,26.375028266666277,25.41883388841856,26.251077143560092,26.251077143560092,1012351,28.8,29.79,28.71,29.65,0.8853651650441853,29.79,28.71,0,896300,4367,26276142.0,1,02,010,BRBRAPACNPR2,133,PN      N1,BRADESPAR
2018-07-13,BRAP4,BRAP4,26.26878444686098,26.51668669307335,25.84380916763977,26.153686975405233,26.153686975405233,807350,29.67,29.95,29.19,29.54,0.8853651650441853,29.95,29.19,0,714800,2775,21189407.0,1,02,010,BRBRAPACNPR2,133,PN      N1,BRADESPAR
2018-07-16,BRAP4,BRAP4,26.127126020453908,26.410442873268046,25.498516753272536,26.206808885307886,26.206808885307886,1029632,29.51,29.83,28.8,29.6,0.8853651650441853,29.83,28.8,0,911600,5704,26707480.0,1,02,010,BRBRAPACNPR2,133,PN      N1,BRADESPAR
2018-07-17,BRAP4,BRAP4,26.215662536958327,26.6760524227813,25.95005298744507,26.50783304142291,26.50783304142291,920411,29.61,30.13,29.31,29.94,0.8853651650441853,30.13,29.31,0,814900,5245,24404978.0,1,02,010,BRBRAPACNPR2,133,PN      N1,BRADESPAR
2018-07-18,BRAP4,BRAP4,26.764588939285723,27.00363753384765,26.38388191831672,26.729174332683954,26.729174332683954,1625092,30.23,30.5,29.8,30.19,0.8853651650441853,30.5,29.8,0,1438800,1982,43458503.0,1,02,010,BRBRAPACNPR2,133,PN      N1,BRADESPAR
2018-07-19,BRAP4,BRAP4,26.36617461501584,26.36617461501584,25.365711978515908,25.684443437931815,25.684443437931815,1968340,29.78,29.78,28.65,29.01,0.8853651650441853,29.78,28.65,0,1742700,3849,50432768.0,1,02,010,BRBRAPACNPR2,133,PN      N1,BRADESPAR
2018-07-20,BRAP4,BRAP4,26.171394278706117,26.171394278706117,25.23290720375928,25.52507770822386,25.52507770822386,2221908,29.56,29.56,28.5,28.83,0.8853651650441853,29.56,28.5,0,1967200,7583,56576004.0,1,02,010,BRBRAPACNPR2,133,PN      N1,BRADESPAR
2018-07-23,BRAP4,BRAP4,25.746418999484906,26.082857762201698,25.356858326865467,26.012028548998163,26.012028548998163,894772,29.08,29.46,28.64,29.38,0.8853651650441853,29.46,28.64,0,792200,4385,23136744.0,1,02,010,BRBRAPACNPR2,133,PN      N1,BRADESPAR
2018-07-24,BRAP4,BRAP4,27.348929948214884,27.490588374621954,27.00363753384765,27.224978825108696,27.224978825108696,1464029,30.89,31.05,30.5,30.75,0.8853651650441853,31.05,30.5,0,1296200,6078,39820917.0,1,02,010,BRBRAPACNPR2,133,PN      N1,BRADESPAR
2018-07-25,BRAP4,BRAP4,26.569808602976,27.180710566856487,26.569808602976,27.14529596025472,27.14529596025472,3016834,30.01,30.7,30.01,30.66,0.8853651650441853,30.7,30.01,0,2671000,8934,81333596.0,1,02,010,BRBRAPACNPR2,133,PN      N1,BRADESPAR
2018-07-26,BRAP4,BRAP4,27.269247083360906,27.977539215396256,27.269247083360906,27.703076014232558,27.703076014232558,2189718,30.8,31.6,30.8,31.29,0.8853651650441853,31.6,30.8,0,1938700,5359,60590751.0,1,02,010,BRBRAPACNPR2,133,PN      N1,BRADESPAR
2018-07-27,BRAP4,BRAP4,28.10149033850244,28.384807191316582,27.800466182387417,28.384807191316582,28.384807191316582,928882,31.74,32.06,31.4,32.06,0.8853651650441853,32.06,31.4,0,822400,3150,26131620.0,1,02,010,BRBRAPACNPR2,133,PN      N1,BRADESPAR
2018-07-30,BRAP4,BRAP4,28.491051011121883,28.553026572674977,28.083783035201556,28.349392584714817,28.349392584714817,815483,32.18,32.25,31.72,32.02,0.8853651650441853,32.25,31.72,0,722000,3464,23081851.0,1,02,010,BRBRAPACNPR2,133,PN      N1,BRADESPAR
2018-07-31,BRAP4,BRAP4,28.33168528141393,28.845197077139556,28.296270674812163,28.845197077139556,28.845197077139556,1764357,32.0,32.58,31.96,32.58,0.8853651650441853,32.58,31.96,0,1562100,7310,50640510.0,1,02,010,BRBRAPACNPR2,133,PN      N1,BRADESPAR
2018-08-01,BRAP4,BRAP4,28.455636404520114,28.455636404520114,27.889002698891836,28.00410017034758,28.00410017034758,1336624,32.14,32.14,31.5,31.63,0.8853651650441853,32.14,31.5,0,1183400,4794,37519653.0,1,02,010,BRBRAPACNPR2,133,PN      N1,BRADESPAR
2018-08-02,BRAP4,BRAP4,27.61453949772814,28.04836842859979,27.10102770200251,27.818173485688302,27.818173485688302,928092,31.19,31.68,30.61,31.42,0.8853651650441853,31.68,30.61,0,821700,4059,25668437.0,1,02,010,BRBRAPACNPR2,133,PN      N1,BRADESPAR
2018-08-03,BRAP4,BRAP4,28.172319551705975,28.473343707820995,27.47288107132107,28.24314876490951,28.24314876490951,2061974,31.82,32.16,31.03,31.9,0.8853651650441853,32.16,31.03,0,1825600,5741,58000736.0,1,02,010,BRBRAPACNPR2,133,PN      N1,BRADESPAR
2018-08-06,BRAP4,BRAP4,28.172319551705975,28.305124326462604,27.889002698891836,28.06607573190067,28.06607573190067,1069954,31.82,31.97,31.5,31.7,0.8853651650441853,31.97,31.5,0,947300,3690,30028349.0,1,02,010,BRBRAPACNPR2,133,PN      N1,BRADESPAR
2018-08-07,BRAP4,BRAP4,28.207734158307744,28.393660842967023,26.60522320957777,26.738027984334394,26.738027984334394,4813494,31.86,32.07,30.05,30.2,0.8853651650441853,32.07,30.05,0,4261700,17189,130944024.0,1,02,010,BRBRAPACNPR2,133,PN      N1,BRADESPAR
2018-08-08,BRAP4,BRAP4,27.09217405035207,27.09217405035207,26.153686975405233,26.36617461501584,26.36617461501584,2512974,30.6,30.6,29.54,29.78,0.8853651650441853,30.6,29.54,0,2224900,11886,66283215.0,1,02,010,BRBRAPACNPR2,133,PN      N1,BRADESPAR
2018-08-09,BRAP4,BRAP4,26.36617461501584,26.454711131520256,25.3214437202637,25.533931359874302,25.533931359874302,2140134,29.78,29.88,28.6,28.84,0.8853651650441853,29.88,28.6,0,1894800,8896,55012035.0,1,02,010,BRBRAPACNPR2,133,PN      N1,BRADESPAR
2018-08-10,BRAP4,BRAP4,25.3214437202637,25.330297371914142,24.444932206869954,25.303736416962813,25.303736416962813,2358688,28.6,28.61,27.61,28.58,0.8853651650441853,28.61,27.61,0,2088300,11130,58735380.0,1,02,010,BRBRAPACNPR2,133,PN      N1,BRADESPAR
2018-08-13,BRAP4,BRAP4,25.117809732303538,25.303736416962813,24.515761420073492,25.00271226084779,25.00271226084779,4555296,28.37,28.58,27.69,28.24,0.8853651650441853,28.58,27.69,0,4033100,12858,113202328.0,1,02,010,BRBRAPACNPR2,133,PN      N1,BRADESPAR
2018-08-14,BRAP4,BRAP4,25.14437068725486,27.021344837148533,24.958444002595584,26.85312545579014,26.85312545579014,4760860,28.4,30.52,28.19,30.33,0.8853651650441853,30.52,28.19,0,4215100,12380,125854337.0,1,02,010,BRBRAPACNPR2,133,PN      N1,BRADESPAR
2018-08-15,BRAP4,BRAP4,26.569808602976,26.57866225462644,25.392272933467233,25.436541191719442,25.436541191719442,2617677,30.01,30.02,28.68,28.73,0.8853651650441853,30.02,28.68,0,2317600,8170,67323489.0,1,02,010,BRBRAPACNPR2,133,PN      N1,BRADESPAR
2018-08-16,BRAP4,BRAP4,25.498516753272536,25.95005298744507,24.683980801431886,25.790687257737115,25.790687257737115,2429619,28.8,29.31,27.88,29.13,0.8853651650441853,29.31,27.88,0,2151100,6654,61160288.0,1,02,010,BRBRAPACNPR2,133,PN      N1,BRADESPAR
2018-08-17,BRAP4,BRAP4,25.542785011524746,26.711467029383073,25.28602911366193,26.711467029383073,26.711467029383073,4376273,28.85,30.17,28.56,30.17,0.8853651650441853,30.17,28.56,0,3874600,11548,115479922.0,1,02,010,BRBRAPACNPR2,133,PN      N1,BRADESPAR
2018-08-20,BRAP4,BRAP4,26.75573528763528,26.959369275595442,26.348467311714955,26.959369275595442,26.959369275595442,2208580,30.22,30.45,29.76,30.45,0.8853651650441853,30.45,29.76,0,1955400,9982,59045828.0,1,02,010,BRBRAPACNPR2,133,PN      N1,BRADESPAR
2018-08-21,BRAP4,BRAP4,26.640637816179535,26.85312545579014,26.215662536958327,26.47241843482114,26.47241843482114,1528861,30.09,30.33,29.61,29.9,0.8853651650441853,30.33,29.61,0,1353600,5832,40592490.0,1,02,010,BRBRAPACNPR2,133,PN      N1,BRADESPAR
2018-08-22,BRAP4,BRAP4,26.197955233657442,26.80000354588749,26.03858950394949,26.80000354588749,26.80000354588749,2611917,29.59,30.27,29.41,30.27,0.8853651650441853,30.27,29.41,0,2312500,7644,69232485.0,1,02,010,BRBRAPACNPR2,133,PN      N1,BRADESPAR
2018-08-23,BRAP4,BRAP4,26.80000354588749,26.817710849188373,26.28649175016186,26.640637816179535,26.640637816179535,2009905,30.27,30.29,29.69,30.09,0.8853651650441853,30.29,29.69,0,1779500,5396,53425090.0,1,02,010,BRBRAPACNPR2,133,PN      N1,BRADESPAR
2018-08-24,BRAP4,BRAP4,26.85312545579014,27.41090550976798,26.693759726082185,27.41090550976798,27.41090550976798,1515759,30.33,30.96,30.15,30.96,0.8853651650441853,30.96,30.15,0,1342000,5793,41096217.0,1,02,010,BRBRAPACNPR2,133,PN      N1,BRADESPAR
2018-08-27,BRAP4,BRAP4,27.4374664647193,28.517611966073208,27.348929948214884,28.517611966073208,28.517611966073208,1788979,30.99,32.21,30.89,32.21,0.8853651650441853,32.21,30.89,0,1583900,6151,50367574.0,1,02,010,BRBRAPACNPR2,133,PN      N1,BRADESPAR
2018-08-28,BRAP4,BRAP4,28.553026572674977,28.730099605683815,28.06607573190067,28.53531926937409,28.53531926937409,2256470,32.25,32.45,31.7,32.23,0.8853651650441853,32.45,31.7,0,1997800,8166,64033806.0,1,02,010,BRBRAPACNPR2,133,PN      N1,BRADESPAR
2018-08-29,BRAP4,BRAP4,28.269709719860835,28.756660560635137,28.154612248405094,28.464490056170554,28.464490056170554,1464593,31.93,32.48,31.8,32.15,0.8853651650441853,32.48,31.8,0,1296700,5917,41751758.0,1,02,010,BRBRAPACNPR2,133,PN      N1,BRADESPAR
2018-08-30,BRAP4,BRAP4,28.508758314422767,28.818636122188227,27.800466182387417,27.977539215396256,27.977539215396256,1825010,32.2,32.55,31.4,31.6,0.8853651650441853,32.55,31.4,0,1615800,6335,51493228.0,1,02,010,BRBRAPACNPR2,133,PN      N1,BRADESPAR
2018-08-31,BRAP4,BRAP4,27.75619792413521,28.06607573190067,26.959369275595442,27.50829567792284,27.50829567792284,2374839,31.35,31.7,30.45,31.07,0.8853651650441853,31.7,30.45,0,2102600,8004,65101027.0,1,02,010,BRBRAPACNPR2,133,PN      N1,BRADESPAR
2018-09-03,BRAP4,BRAP4,27.224978825108696,27.835880788989186,27.065613095400746,27.738490620834323,27.738490620834323,1178158,30.75,31.44,30.57,31.33,0.8853651650441853,31.44,30.57,0,1043100,4267,32574233.0,1,02,010,BRBRAPACNPR2,133,PN      N1,BRADESPAR
2018-09-04,BRAP4,BRAP4,27.446320116369744,27.57912489112637,26.357320963365396,26.569808602976,26.569808602976,1770456,31.0,31.15,29.77,30.01,0.8853651650441853,31.15,29.77,0,1567500,8280,47232464.0,1,02,010,BRBRAPACNPR2,133,PN      N1,BRADESPAR
2018-09-05,BRAP4,BRAP4,26.569808602976,26.906247365692792,26.215662536958327,26.569808602976,26.569808602976,902452,30.01,30.39,29.61,30.01,0.8853651650441853,30.39,29.61,0,799000,3927,24013442.0,1,02,010,BRBRAPACNPR2,133,PN      N1,BRADESPAR
2018-09-06,BRAP4,BRAP4,26.915101017343233,27.37549090316621,26.65834511948042,26.870832759091023,26.870832759091023,1571329,30.4,30.92,30.11,30.35,0.8853651650441853,30.92,30.11,0,1391200,6588,42313681.0,1,02,010,BRBRAPACNPR2,133,PN      N1,BRADESPAR
2018-09-10,BRAP4,BRAP4,28.11034399015288,28.473343707820995,27.38434455481665,27.835880788989186,27.835880788989186,3981521,31.75,32.16,30.93,31.44,0.8853651650441853,32.16,30.93,0,3525100,11925,111212694.0,1,02,010,BRBRAPACNPR2,133,PN      N1,BRADESPAR
2018-09-11,BRAP4,BRAP4,27.889002698891836,27.933270957144046,26.959369275595442,27.446320116369744,27.446320116369744,2068751,31.5,31.55,30.45,31.0,0.8853651650441853,31.55,30.45,0,1831600,8860,56463325.0,1,02,010,BRBRAPACNPR2,133,PN      N1,BRADESPAR
2018-09-12,BRAP4,BRAP4,27.747344272484767,27.800466182387417,27.10102770200251,27.641100452679463,27.641100452679463,1286475,31.34,31.4,30.61,31.22,0.8853651650441853,31.4,30.61,0,1139000,5599,35418482.0,1,02,010,BRBRAPACNPR2,133,PN      N1,BRADESPAR
2018-09-13,BRAP4,BRAP4,27.685368710931673,28.030661125298906,27.136442308604277,27.357783599865325,27.357783599865325,2209258,31.27,31.66,30.65,30.9,0.8853651650441853,31.66,30.65,0,1956000,7112,60785093.0,1,02,010,BRBRAPACNPR2,133,PN      N1,BRADESPAR
2018-09-14,BRAP4,BRAP4,27.37549090316621,28.615002134228067,27.37549090316621,28.615002134228067,28.615002134228067,2017473,30.92,32.32,30.92,32.32,0.8853651650441853,32.32,30.92,0,1786200,6866,57075242.0,1,02,010,BRBRAPACNPR2,133,PN      N1,BRADESPAR
2018-09-17,BRAP4,BRAP4,28.623855785878508,28.924879941993535,28.260856068210394,28.685831347431602,28.685831347431602,1068034,32.33,32.67,31.92,32.4,0.8853651650441853,32.67,31.92,0,945600,3778,30543984.0,1,02,010,BRBRAPACNPR2,133,PN      N1,BRADESPAR
2018-09-18,BRAP4,BRAP4,29.04883106509972,30.1024156115023,28.845197077139556,29.81024510703772,29.81024510703772,1956029,32.81,34.0,32.58,33.67,0.8853651650441853,34.0,32.58,0,1731800,5962,57764759.0,1,02,010,BRBRAPACNPR2,133,PN      N1,BRADESPAR
2018-09-19,BRAP4,BRAP4,29.836806061989048,30.54509819402439,29.836806061989048,30.412293419267765,30.412293419267765,1381916,33.7,34.5,33.7,34.35,0.8853651650441853,34.5,33.7,0,1223500,4152,41826541.0,1,02,010,BRBRAPACNPR2,133,PN      N1,BRADESPAR
2018-09-20,BRAP4,BRAP4,30.47426898082086,31.164853809555325,30.34146420606423,30.978927124896046,30.978927124896046,1192502,34.42,35.2,34.27,34.99,0.8853651650441853,35.2,34.27,0,1055800,3505,36670692.0,1,02,010,BRBRAPACNPR2,133,PN      N1,BRADESPAR
2018-09-21,BRAP4,BRAP4,31.279951281011066,32.20958470430746,31.01434173149781,32.20958470430746,32.20958470430746,1593354,35.33,36.38,35.03,36.38,0.8853651650441853,36.38,35.03,0,1410700,5608,50658397.0,1,02,010,BRBRAPACNPR2,133,PN      N1,BRADESPAR
2018-09-24,BRAP4,BRAP4,31.908560548192437,32.13875549110392,31.510146223922558,31.554414482174764,31.554414482174764,1162684,36.04,36.3,35.59,35.64,0.8853651650441853,36.3,35.59,0,1029400,4605,36885787.0,1,02,010,BRBRAPACNPR2,133,PN      N1,BRADESPAR
2018-09-25,BRAP4,BRAP4,31.040902686449137,34.11311980915246,31.040902686449137,33.92719312449318,33.92719312449318,2473104,35.06,38.53,35.06,38.32,0.8853651650441853,38.53,35.06,0,2189600,7230,81671105.0,1,02,010,BRBRAPACNPR2,133,PN      N1,BRADESPAR
2018-09-26,BRAP4,BRAP4,33.92719312449318,35.31721643361255,33.210047340807385,33.55533975517462,33.55533975517462,8047979,38.32,39.89,37.51,37.9,0.8853651650441853,39.89,37.51,0,7125400,21912,274097428.0,1,02,010,BRBRAPACNPR2,133,PN      N1,BRADESPAR
2018-09-27,BRAP4,BRAP4,33.298583857311804,33.54648610352418,32.09448723285172,32.67882824178088,32.67882824178088,4670050,37.61,37.89,36.25,36.91,0.8853651650441853,37.89,36.25,0,4134700,14799,152146116.0,1,02,010,BRBRAPACNPR2,133,PN      N1,BRADESPAR
2018-09-28,BRAP4,BRAP4,32.31582852411276,32.882462229741044,32.25385296255967,32.82048666818795,32.82048666818795,1210235,36.5,37.14,36.43,37.07,0.8853651650441853,37.14,36.43,0,1071500,3378,39596560.0,1,02,010,BRBRAPACNPR2,133,PN      N1,BRADESPAR
2018-10-01,BRAP4,BRAP4,32.988706049546344,33.404827677117105,32.280413917511,33.342852115564014,33.342852115564014,1643390,37.26,37.73,36.46,37.66,0.8853651650441853,37.73,36.46,0,1455000,6334,54165116.0,1,02,010,BRBRAPACNPR2,133,PN      N1,BRADESPAR
2018-10-02,BRAP4,BRAP4,33.64387627167904,33.86521756294009,33.15692543090474,33.395974025466664,33.395974025466664,2974479,38.0,38.25,37.45,37.72,0.8853651650441853,38.25,37.45,0,2633500,9830,99464545.0,1,02,010,BRBRAPACNPR2,133,PN      N1,BRADESPAR
2018-10-03,BRAP4,BRAP4,33.89177851789141,34.00687598934715,32.01480436799773,32.48404790547116,32.48404790547116,2609432,38.28,38.41,36.16,36.69,0.8853651650441853,38.41,36.16,0,2310300,11208,85738205.0,1,02,010,BRBRAPACNPR2,133,PN      N1,BRADESPAR
2018-10-04,BRAP4,BRAP4,32.7053891967322,32.847047623139275,31.722633863533158,31.935121503143762,31.935121503143762,1353340,36.94,37.1,35.83,36.07,0.8853651650441853,37.1,35.83,0,1198200,6107,43433692.0,1,02,010,BRBRAPACNPR2,133,PN      N1,BRADESPAR
2018-10-05,BRAP4,BRAP4,31.76690212178537,31.76690212178537,30.54509819402439,30.9700734732456,30.9700734732456,3225223,35.88,35.88,34.5,34.98,0.8853651650441853,35.88,34.5,0,2855500,16587,99493177.0,1,02,010,BRBRAPACNPR2,133,PN      N1,BRADESPAR
2018-10-08,BRAP4,BRAP4,31.164853809555325,31.554414482174764,29.978464488396114,30.633634710528813,30.633634710528813,3391482,35.2,35.64,33.86,34.6,0.8853651650441853,35.64,33.86,0,3002700,12864,103009391.0,1,02,010,BRBRAPACNPR2,133,PN      N1,BRADESPAR
2018-10-09,BRAP4,BRAP4,30.987780776546483,31.067463641400465,30.376878812666,30.65134201382969,30.65134201382969,2638911,35.0,35.09,34.31,34.62,0.8853651650441853,35.09,34.31,0,2336400,10260,81245750.0,1,02,010,BRBRAPACNPR2,133,PN      N1,BRADESPAR
2018-10-10,BRAP4,BRAP4,30.412293419267765,30.757585833634998,29.376416176166067,29.571196512475787,29.571196512475787,3116115,34.35,34.74,33.18,33.4,0.8853651650441853,34.74,33.18,0,2758900,9013,92547265.0,1,02,010,BRBRAPACNPR2,133,PN      N1,BRADESPAR
2018-10-11,BRAP4,BRAP4,29.960757185095233,30.18209847635628,29.35870887286518,29.659733028980206,29.659733028980206,3380187,33.84,34.09,33.16,33.5,0.8853651650441853,34.09,33.16,0,2992700,13212,100298544.0,1,02,010,BRBRAPACNPR2,133,PN      N1,BRADESPAR
2018-10-15,BRAP4,BRAP4,29.836806061989048,30.173244824705833,29.571196512475787,29.80139145538727,29.80139145538727,3786121,33.7,34.08,33.4,33.66,0.8853651650441853,34.08,33.4,0,3352100,14836,112857376.0,1,02,010,BRBRAPACNPR2,133,PN      N1,BRADESPAR
2018-10-16,BRAP4,BRAP4,30.120122914803186,30.38573246431644,29.349855221214742,29.792537803736835,29.792537803736835,2813528,34.02,34.32,33.15,33.65,0.8853651650441853,34.32,33.15,0,2491000,11009,83820647.0,1,02,010,BRBRAPACNPR2,133,PN      N1,BRADESPAR
2018-10-17,BRAP4,BRAP4,29.854513365289925,30.199805779657158,29.606611119077552,30.190952128006717,30.190952128006717,5217169,33.72,34.11,33.44,34.1,0.8853651650441853,34.11,33.44,0,4619100,12702,156566390.0,1,02,010,BRBRAPACNPR2,133,PN      N1,BRADESPAR
2018-10-18,BRAP4,BRAP4,30.35031785771467,30.35031785771467,29.022270110148394,29.217050446458114,29.217050446458114,3854342,34.28,34.28,32.78,33.0,0.8853651650441853,34.28,32.78,0,3412500,11816,113058959.0,1,02,010,BRBRAPACNPR2,133,PN      N1,BRADESPAR
2018-10-19,BRAP4,BRAP4,29.279026008011208,29.686293983931535,28.85405072879,29.35870887286518,29.35870887286518,2817820,33.07,33.53,32.59,33.16,0.8853651650441853,33.53,32.59,0,2494800,10951,82573567.0,1,02,010,BRBRAPACNPR2,133,PN      N1,BRADESPAR
2018-10-22,BRAP4,BRAP4,29.686293983931535,30.598220103927044,29.686293983931535,30.44770802586953,30.44770802586953,2015891,33.53,34.56,33.53,34.39,0.8853651650441853,34.56,33.53,0,1784800,8045,60894955.0,1,02,010,BRBRAPACNPR2,133,PN      N1,BRADESPAR
2018-10-23,BRAP4,BRAP4,30.093561959851858,30.093561959851858,29.33214791791386,29.748269545484625,29.748269545484625,2593845,33.99,33.99,33.13,33.6,0.8853651650441853,33.99,33.13,0,2296500,9050,76958876.0,1,02,010,BRBRAPACNPR2,133,PN      N1,BRADESPAR
2018-10-24,BRAP4,BRAP4,29.996171791696998,29.996171791696998,28.597294830927183,28.597294830927183,28.597294830927183,2671440,33.88,33.88,32.3,32.3,0.8853651650441853,33.88,32.3,0,2365200,7907,77441957.0,1,02,010,BRBRAPACNPR2,133,PN      N1,BRADESPAR
2018-10-25,BRAP4,BRAP4,29.08424567170149,29.482659995971368,28.349392584714817,29.110806626652813,29.110806626652813,4077188,32.85,33.3,32.02,32.88,0.8853651650441853,33.3,32.02,0,3609800,16314,118214793.0,1,02,010,BRBRAPACNPR2,133,PN      N1,BRADESPAR
2018-10-26,BRAP4,BRAP4,29.394123479466952,29.650879377329765,28.57073387597586,29.51807460257314,29.51807460257314,3523405,33.2,33.49,32.27,33.34,0.8853651650441853,33.49,32.27,0,3119500,14090,102555378.0,1,02,010,BRBRAPACNPR2,133,PN      N1,BRADESPAR
2018-10-29,BRAP4,BRAP4,30.058147353250092,30.226366734608487,28.03951477694935,28.27856337151128,28.27856337151128,2558944,33.95,34.14,31.67,31.94,0.8853651650441853,34.14,31.67,0,2265600,11552,73748360.0,1,02,010,BRBRAPACNPR2,133,PN      N1,BRADESPAR
2018-10-30,BRAP4,BRAP4,28.597294830927183,29.16392853655546,28.207734158307744,29.08424567170149,29.08424567170149,3111372,32.3,32.94,31.86,32.85,0.8853651650441853,32.94,31.86,0,2754700,11129,89788932.0,1,02,010,BRBRAPACNPR2,133,PN      N1,BRADESPAR
2018-10-31,BRAP4,BRAP4,29.217050446458114,30.598220103927044,29.172782188205908,30.598220103927044,30.598220103927044,3068113,33.0,34.56,32.95,34.56,0.8853651650441853,34.56,32.95,0,2716400,12496,92413103.0,1,02,010,BRBRAPACNPR2,133,PN      N1,BRADESPAR
2018-11-01,BRAP4,BRAP4,30.633634710528813,31.333073190913716,30.00502544334744,31.147146506254437,31.147146506254437,2640379,34.6,35.39,33.89,35.18,0.8853651650441853,35.39,33.89,0,2337700,9639,81746694.0,1,02,010,BRBRAPACNPR2,133,PN      N1,BRADESPAR
2018-11-05,BRAP4,BRAP4,31.20912206780753,31.359634145865044,30.8638296534403,31.32421953926328,31.32421953926328,1573701,35.25,35.42,34.86,35.38,0.8853651650441853,35.42,34.86,0,1393300,7086,49059773.0,1,02,010,BRBRAPACNPR2,133,PN      N1,BRADESPAR
2018-11-06,BRAP4,BRAP4,31.20912206780753,31.42160970741814,30.57165914897572,31.12058555130311,31.12058555130311,1404505,35.25,35.49,34.53,35.15,0.8853651650441853,35.49,34.53,0,1243500,5163,43756522.0,1,02,010,BRBRAPACNPR2,133,PN      N1,BRADESPAR
2018-11-07,BRAP4,BRAP4,31.43046335906858,31.48358526897123,30.854976001789858,31.20026841615709,31.20026841615709,1165960,35.5,35.56,34.85,35.24,0.8853651650441853,35.56,34.85,0,1032300,4665,36355269.0,1,02,010,BRBRAPACNPR2,133,PN      N1,BRADESPAR
2018-11-08,BRAP4,BRAP4,31.377341449165925,31.811170380037577,30.934658866643833,31.00548807984737,31.00548807984737,1919547,35.44,35.93,34.94,35.02,0.8853651650441853,35.93,34.94,0,1699500,6941,60113034.0,1,02,010,BRBRAPACNPR2,133,PN      N1,BRADESPAR
2018-11-09,BRAP4,BRAP4,30.8638296534403,31.138292854603996,29.314440614612973,29.62431842237844,29.62431842237844,2760443,34.86,35.17,33.11,33.46,0.8853651650441853,35.17,33.11,0,2444000,12164,82549544.0,1,02,010,BRBRAPACNPR2,133,PN      N1,BRADESPAR
2018-11-12,BRAP4,BRAP4,29.91648892684302,29.996171791696998,29.394123479466952,29.81024510703772,29.81024510703772,976433,33.79,33.88,33.2,33.67,0.8853651650441853,33.88,33.2,0,864500,5240,29033029.0,1,02,010,BRBRAPACNPR2,133,PN      N1,BRADESPAR
2018-11-13,BRAP4,BRAP4,29.987318140046554,30.376878812666,29.25246505305988,30.376878812666,30.376878812666,1927679,33.87,34.31,33.04,34.31,0.8853651650441853,34.31,33.04,0,1706700,8379,57762156.0,1,02,010,BRBRAPACNPR2,133,PN      N1,BRADESPAR
2018-11-14,BRAP4,BRAP4,30.075854656550973,30.235220386258927,29.305586962962533,30.067001004900533,30.067001004900533,2933479,33.97,34.15,33.1,33.96,0.8853651650441853,34.15,33.1,0,2597200,12597,87474589.0,1,02,010,BRBRAPACNPR2,133,PN      N1,BRADESPAR
2018-11-16,BRAP4,BRAP4,30.173244824705833,30.854976001789858,30.1024156115023,30.854976001789858,30.854976001789858,1906784,34.08,34.85,34.0,34.85,0.8853651650441853,34.85,34.0,0,1688200,8313,58287392.0,1,02,010,BRBRAPACNPR2,133,PN      N1,BRADESPAR
2018-11-19,BRAP4,BRAP4,30.793000440236764,30.846122350139417,30.031586398298767,30.4831226324713,30.4831226324713,4518362,34.78,34.84,33.92,34.43,0.8853651650441853,34.84,33.92,0,4000400,8577,136962650.0,1,02,010,BRBRAPACNPR2,133,PN      N1,BRADESPAR
2018-11-21,BRAP4,BRAP4,29.836806061989048,30.1024156115023,29.482659995971368,29.881074320241254,29.881074320241254,3311176,33.7,34.0,33.3,33.75,0.8853651650441853,34.0,33.3,0,2931600,6305,98443408.0,1,02,010,BRBRAPACNPR2,133,PN      N1,BRADESPAR
2018-11-22,BRAP4,BRAP4,29.765976848785506,30.075854656550973,29.172782188205908,29.270172356360767,29.270172356360767,1792142,33.62,33.97,32.95,33.06,0.8853651650441853,33.97,32.95,0,1586700,5285,52901419.0,1,02,010,BRBRAPACNPR2,133,PN      N1,BRADESPAR
2018-11-23,BRAP4,BRAP4,28.95144089694486,28.95144089694486,27.419759161418416,27.596832194427257,27.596832194427257,3967967,32.7,32.7,30.97,31.17,0.8853651650441853,32.7,30.97,0,3513100,13814,111026401.0,1,02,010,BRBRAPACNPR2,133,PN      N1,BRADESPAR
2018-11-26,BRAP4,BRAP4,27.38434455481665,27.703076014232558,26.782296242586604,27.00363753384765,27.00363753384765,2927154,30.93,31.29,30.25,30.5,0.8853651650441853,31.29,30.25,0,2591600,14062,79575958.0,1,02,010,BRBRAPACNPR2,133,PN      N1,BRADESPAR
2018-11-27,BRAP4,BRAP4,27.10102770200251,27.4374664647193,26.569808602976,26.915101017343233,26.915101017343233,2028542,30.61,30.99,30.01,30.4,0.8853651650441853,30.99,30.01,0,1796000,10437,54545242.0,1,02,010,BRBRAPACNPR2,133,PN      N1,BRADESPAR
2018-11-28,BRAP4,BRAP4,27.136442308604277,27.800466182387417,27.00363753384765,27.800466182387417,27.800466182387417,2693126,30.65,31.4,30.5,31.4,0.8853651650441853,31.4,30.5,0,2384400,12452,74119101.0,1,02,010,BRBRAPACNPR2,133,PN      N1,BRADESPAR
2018-11-29,BRAP4,BRAP4,27.596832194427257,28.10149033850244,27.41090550976798,27.880149047241392,27.880149047241392,1667335,31.17,31.74,30.96,31.49,0.8853651650441853,31.74,30.96,0,1476200,6686,46439998.0,1,02,010,BRBRAPACNPR2,133,PN      N1,BRADESPAR
2018-11-30,BRAP4,BRAP4,27.357783599865325,28.27856337151128,27.260393431710465,28.13690494510421,28.13690494510421,3019319,30.9,31.94,30.79,31.78,0.8853651650441853,31.94,30.79,0,2673200,14036,84298985.0,1,02,010,BRBRAPACNPR2,133,PN      N1,BRADESPAR
2018-12-03,BRAP4,BRAP4,29.217050446458114,29.33214791791386,28.34053893306437,28.464490056170554,28.464490056170554,5348979,33.0,33.13,32.01,32.15,0.8853651650441853,33.13,32.01,0,4735800,12749,153163014.0,1,02,010,BRBRAPACNPR2,133,PN      N1,BRADESPAR
2018-12-04,BRAP4,BRAP4,28.53531926937409,28.85405072879,27.729636969183883,27.924417305493602,27.924417305493602,3807243,32.23,32.59,31.32,31.54,0.8853651650441853,32.59,31.32,0,3370800,13597,107837553.0,1,02,010,BRBRAPACNPR2,133,PN      N1,BRADESPAR
2018-12-05,BRAP4,BRAP4,28.092636686852,28.19002685500686,27.800466182387417,28.02180747364846,28.02180747364846,782050,31.73,31.84,31.4,31.65,0.8853651650441853,31.84,31.4,0,692400,3592,21912036.0,1,02,010,BRBRAPACNPR2,133,PN      N1,BRADESPAR
2018-12-06,BRAP4,BRAP4,27.62339314937858,27.933270957144046,27.065613095400746,27.80931983403786,27.80931983403786,1891423,31.2,31.55,30.57,31.41,0.8853651650441853,31.55,30.57,0,1674600,8803,52010641.0,1,02,010,BRBRAPACNPR2,133,PN      N1,BRADESPAR
2018-12-07,BRAP4,BRAP4,28.00410017034758,28.198880506657304,27.19841787015737,27.224978825108696,27.224978825108696,1700202,31.63,31.85,30.72,30.75,0.8853651650441853,31.85,30.72,0,1505300,8260,46842639.0,1,02,010,BRBRAPACNPR2,133,PN      N1,BRADESPAR
2018-12-10,BRAP4,BRAP4,27.278100735011346,27.517149329573275,26.569808602976,26.63178416452909,26.63178416452909,1826817,30.81,31.08,30.01,30.08,0.8853651650441853,31.08,30.01,0,1617400,8924,48998510.0,1,02,010,BRBRAPACNPR2,133,PN      N1,BRADESPAR
2018-12-11,BRAP4,BRAP4,27.030198488798977,27.313515341613115,26.56095495132556,26.667198771130863,26.667198771130863,2851592,30.53,30.85,30.0,30.12,0.8853651650441853,30.85,30.0,0,2524700,12726,76463150.0,1,02,010,BRBRAPACNPR2,133,PN      N1,BRADESPAR
2018-12-12,BRAP4,BRAP4,26.985930230546767,27.118735005303392,26.445857479869815,26.60522320957777,26.60522320957777,3012994,30.48,30.63,29.87,30.05,0.8853651650441853,30.63,29.87,0,2667600,10472,80551281.0,1,02,010,BRBRAPACNPR2,133,PN      N1,BRADESPAR
2018-12-13,BRAP4,BRAP4,26.75573528763528,27.00363753384765,26.233369840259208,26.56095495132556,26.56095495132556,2944322,30.22,30.5,29.63,30.0,0.8853651650441853,30.5,29.63,0,2606800,13197,78215422.0,1,02,010,BRBRAPACNPR2,133,PN      N1,BRADESPAR
2018-12-14,BRAP4,BRAP4,26.56095495132556,26.667198771130863,26.135979672104348,26.410442873268046,26.410442873268046,2445545,30.0,30.12,29.52,29.83,0.8853651650441853,30.12,29.52,0,2165200,10074,64572035.0,1,02,010,BRBRAPACNPR2,133,PN      N1,BRADESPAR
2018-12-17,BRAP4,BRAP4,26.313052705113186,27.455173768020188,26.313052705113186,26.835418152489254,26.835418152489254,4727654,29.72,31.01,29.72,30.31,0.8853651650441853,31.01,29.72,0,4185700,16631,127741816.0,1,02,010,BRBRAPACNPR2,133,PN      N1,BRADESPAR
2018-12-18,BRAP4,BRAP4,26.932808320644117,27.446320116369744,26.932808320644117,27.313515341613115,27.313515341613115,2670649,30.42,31.0,30.42,30.85,0.8853651650441853,31.0,30.42,0,2364500,9130,72875673.0,1,02,010,BRBRAPACNPR2,133,PN      N1,BRADESPAR
2018-12-19,BRAP4,BRAP4,27.455173768020188,27.96868556374581,26.75573528763528,26.75573528763528,26.75573528763528,2270250,31.01,31.59,30.22,30.22,0.8853651650441853,31.59,30.22,0,2010000,7182,61759936.0,1,02,010,BRBRAPACNPR2,133,PN      N1,BRADESPAR
2018-12-20,BRAP4,BRAP4,27.304661689962675,27.304661689962675,26.56095495132556,27.030198488798977,27.030198488798977,4906224,30.84,30.84,30.0,30.53,0.8853651650441853,30.84,30.0,0,4343800,11429,132125337.0,1,02,010,BRBRAPACNPR2,133,PN      N1,BRADESPAR
2018-12-21,BRAP4,BRAP4,27.109881353652955,27.765051575785648,26.977076578896323,27.552563936175048,27.552563936175048,3874672,30.62,31.36,30.47,31.12,0.8853651650441853,31.36,30.47,0,3430500,12588,106570541.0,1,02,010,BRBRAPACNPR2,133,PN      N1,BRADESPAR
2018-12-26,BRAP4,BRAP4,27.357783599865325,27.57027123947593,26.870832759091023,27.366637251515765,27.366637251515765,1368588,30.9,31.14,30.35,30.91,0.8853651650441853,31.14,30.35,0,1211700,6238,37232523.0,1,02,010,BRBRAPACNPR2,133,PN      N1,BRADESPAR
2018-12-27,BRAP4,BRAP4,27.534856632874163,27.534856632874163,26.906247365692792,27.00363753384765,27.00363753384765,4427439,31.1,31.1,30.39,30.5,0.8853651650441853,31.1,30.39,0,3919900,10321,120519626.0,1,02,010,BRBRAPACNPR2,133,PN      N1,BRADESPAR
2018-12-28,BRAP4,BRAP4,27.216125173458256,28.05722208025023,27.216125173458256,28.05722208025023,28.05722208025023,4106441,30.74,31.69,30.74,31.69,0.8853651650441853,31.69,30.74,0,3635700,11906,114169102.0,1,02,010,BRBRAPACNPR2,133,PN      N1,BRADESPAR
2019-01-02,BRAP4,BRAP4,27.313515341613115,27.711929665882998,26.80000354588749,27.52600298122372,27.52600298122372,2441140,30.85,31.3,30.27,31.09,0.8853651650441853,31.3,30.27,0,2161300,11498,66735262.0,1,02,010,BRBRAPACNPR2,134,PN  EJ  N1,BRADESPAR
2019-01-03,BRAP4,BRAP4,27.4374664647193,27.4374664647193,26.118272368803467,26.47241843482114,26.47241843482114,3914204,30.99,30.99,29.5,29.9,0.8853651650441853,30.99,29.5,0,3465500,14857,104225501.0,1,02,010,BRBRAPACNPR2,134,PN  EJ  N1,BRADESPAR
2019-01-04,BRAP4,BRAP4,26.80000354588749,28.260856068210394,26.65834511948042,28.260856068210394,28.260856068210394,4326350,30.27,31.92,30.11,31.92,0.8853651650441853,31.92,30.11,0,3830400,16758,119846014.0,1,02,010,BRBRAPACNPR2,134,PN  EJ  N1,BRADESPAR
2019-01-07,BRAP4,BRAP4,28.508758314422767,28.907172638692646,28.172319551705975,28.482197359471442,28.482197359471442,3700281,32.2,32.65,31.82,32.17,0.8853651650441853,32.65,31.82,0,3276100,12141,105645593.0,1,02,010,BRBRAPACNPR2,134,PN  EJ  N1,BRADESPAR
2019-01-08,BRAP4,BRAP4,28.597294830927183,28.78322151558646,28.225441461608625,28.27856337151128,28.27856337151128,3553449,32.3,32.51,31.88,31.94,0.8853651650441853,32.51,31.88,0,3146100,9720,101064252.0,1,02,010,BRBRAPACNPR2,134,PN  EJ  N1,BRADESPAR
2019-01-09,BRAP4,BRAP4,28.623855785878508,29.243611401409442,28.561880224325414,29.039977413449275,29.039977413449275,3897149,32.33,33.03,32.26,32.8,0.8853651650441853,33.03,32.26,0,3450400,15458,112811668.0,1,02,010,BRBRAPACNPR2,134,PN  EJ  N1,BRADESPAR
2019-01-10,BRAP4,BRAP4,28.86290438044044,29.15507488490502,28.393660842967023,28.95144089694486,28.95144089694486,1922597,32.6,32.93,32.07,32.7,0.8853651650441853,32.93,32.07,0,1702200,7104,55432683.0,1,02,010,BRBRAPACNPR2,134,PN  EJ  N1,BRADESPAR
2019-01-11,BRAP4,BRAP4,29.128513929953694,29.19934314315723,28.659270392480273,28.85405072879,28.85405072879,2869437,32.9,32.98,32.37,32.59,0.8853651650441853,32.98,32.37,0,2540500,9558,83122752.0,1,02,010,BRBRAPACNPR2,134,PN  EJ  N1,BRADESPAR
2019-01-14,BRAP4,BRAP4,28.606148482577627,29.013416458497954,28.305124326462604,28.9602945485953,28.9602945485953,2447013,32.31,32.77,31.97,32.71,0.8853651650441853,32.77,31.97,0,2166500,9970,70409220.0,1,02,010,BRBRAPACNPR2,134,PN      N1,BRADESPAR
2019-01-15,BRAP4,BRAP4,29.128513929953694,29.217050446458114,28.508758314422767,28.694684999082043,28.694684999082043,2391669,32.9,33.0,32.2,32.41,0.8853651650441853,33.0,32.2,0,2117500,10588,69044528.0,1,02,010,BRBRAPACNPR2,134,PN      N1,BRADESPAR
2019-01-16,BRAP4,BRAP4,28.76551421228558,29.022270110148394,28.588441179276742,28.79207516723691,28.79207516723691,2179779,32.49,32.78,32.29,32.52,0.8853651650441853,32.78,32.29,0,1929900,10387,62921319.0,1,02,010,BRBRAPACNPR2,134,PN      N1,BRADESPAR
2019-01-17,BRAP4,BRAP4,28.77436786393602,29.987318140046554,28.632709437528955,29.739415893834188,29.739415893834188,2893721,32.5,33.87,32.34,33.59,0.8853651650441853,33.87,32.34,0,2562000,11566,85391804.0,1,02,010,BRBRAPACNPR2,134,PN      N1,BRADESPAR
2019-01-18,BRAP4,BRAP4,30.01387909499788,30.67790296878102,29.774830500435954,30.235220386258927,30.235220386258927,4022634,33.9,34.65,33.63,34.15,0.8853651650441853,34.65,33.63,0,3561500,12490,121666880.0,1,02,010,BRBRAPACNPR2,134,PN      N1,BRADESPAR
2019-01-21,BRAP4,BRAP4,30.412293419267765,30.500829935772185,29.889927971891694,30.412293419267765,30.412293419267765,1531346,34.35,34.45,33.76,34.35,0.8853651650441853,34.45,33.76,0,1355800,4963,46351561.0,1,02,010,BRBRAPACNPR2,134,PN      N1,BRADESPAR
2019-01-22,BRAP4,BRAP4,30.1024156115023,30.430000722568646,29.774830500435954,30.314903251112906,30.314903251112906,3264190,34.0,34.37,33.63,34.24,0.8853651650441853,34.37,33.63,0,2890000,12790,98175724.0,1,02,010,BRBRAPACNPR2,134,PN      N1,BRADESPAR
2019-01-23,BRAP4,BRAP4,30.314903251112906,30.916951563342952,30.306049599462458,30.739878530334114,30.739878530334114,2029445,34.24,34.92,34.23,34.72,0.8853651650441853,34.92,34.23,0,1796800,10220,62443300.0,1,02,010,BRBRAPACNPR2,134,PN      N1,BRADESPAR
2019-01-24,BRAP4,BRAP4,30.76643948528544,31.20912206780753,30.731024878683673,30.987780776546483,30.987780776546483,1849406,34.75,35.25,34.71,35.0,0.8853651650441853,35.25,34.71,0,1637400,7244,57374213.0,1,02,010,BRBRAPACNPR2,134,PN      N1,BRADESPAR
2019-01-28,BRAP4,BRAP4,25.3214437202637,25.826101864338884,22.930957774644398,23.400201312117815,23.400201312117815,26149775,28.6,29.17,25.9,26.43,0.8853651650441853,29.17,25.9,0,23152100,56215,634572739.0,1,02,010,BRBRAPACNPR2,134,PN      N1,BRADESPAR
2019-01-29,BRAP4,BRAP4,23.904859456193,24.374102993666423,23.347079402215165,23.568420693476213,23.568420693476213,9035707,27.0,27.53,26.37,26.62,0.8853651650441853,27.53,26.37,0,7999900,26109,215370540.0,1,02,010,BRBRAPACNPR2,134,PN      N1,BRADESPAR
2019-01-30,BRAP4,BRAP4,25.117809732303538,25.48080944997165,24.551176026675257,25.427687540069,25.427687540069,6561248,28.37,28.78,27.73,28.72,0.8853651650441853,28.78,27.73,0,5809100,23640,165423144.0,1,02,010,BRBRAPACNPR2,134,PN      N1,BRADESPAR
2019-01-31,BRAP4,BRAP4,25.595906921427396,25.905784729192863,24.85220018279028,24.90532209269293,24.90532209269293,3814019,28.91,29.26,28.07,28.13,0.8853651650441853,29.26,28.07,0,3376800,14804,96100119.0,1,02,010,BRBRAPACNPR2,134,PN      N1,BRADESPAR
2019-02-01,BRAP4,BRAP4,25.153224338905304,25.587053269776952,25.08239512570177,25.454248495020327,25.454248495020327,3135204,28.41,28.9,28.33,28.75,0.8853651650441853,28.9,28.33,0,2775800,14291,79648447.0,1,02,010,BRBRAPACNPR2,134,PN      N1,BRADESPAR
2019-02-04,BRAP4,BRAP4,25.23290720375928,25.365711978515908,24.577736981626586,24.76366366628586,24.76366366628586,7122372,28.5,28.65,27.76,27.97,0.8853651650441853,28.65,27.76,0,6305900,20476,176623184.0,1,02,010,BRBRAPACNPR2,134,PN      N1,BRADESPAR
2019-02-05,BRAP4,BRAP4,24.639712543179673,25.197492597157513,24.453785858520398,25.00271226084779,25.00271226084779,3275823,27.83,28.46,27.62,28.24,0.8853651650441853,28.46,27.62,0,2900300,15029,81797005.0,1,02,010,BRBRAPACNPR2,134,PN      N1,BRADESPAR
2019-02-06,BRAP4,BRAP4,24.790224621237186,24.843346531139836,23.727786423184167,23.922566759493886,23.922566759493886,3696102,28.0,28.06,26.8,27.02,0.8853651650441853,28.06,26.8,0,3272400,16046,89806234.0,1,02,010,BRBRAPACNPR2,134,PN      N1,BRADESPAR
2019-02-07,BRAP4,BRAP4,23.922566759493886,24.011103275998305,22.992933336197492,23.205420975808096,23.205420975808096,3712705,27.02,27.12,25.97,26.21,0.8853651650441853,27.12,25.97,0,3287100,18600,86944816.0,1,02,010,BRBRAPACNPR2,134,PN      N1,BRADESPAR
2019-02-08,BRAP4,BRAP4,22.762738393286003,24.19702996065758,22.55910440532584,24.011103275998305,24.011103275998305,4907241,25.71,27.33,25.48,27.12,0.8853651650441853,27.33,25.48,0,4344700,22958,114548178.0,1,02,010,BRBRAPACNPR2,134,PN      N1,BRADESPAR
2019-02-11,BRAP4,BRAP4,24.568883329976142,24.568883329976142,23.0372015944497,23.196567324157655,23.196567324157655,3074438,27.75,27.75,26.02,26.2,0.8853651650441853,27.75,26.02,0,2722000,13939,72116842.0,1,02,010,BRBRAPACNPR2,134,PN      N1,BRADESPAR
2019-02-12,BRAP4,BRAP4,23.541859738524888,24.329834735414213,23.17886002085677,24.329834735414213,24.329834735414213,4156364,26.59,27.48,26.18,27.48,0.8853651650441853,27.48,26.18,0,3679900,17950,98931257.0,1,02,010,BRBRAPACNPR2,134,PN      N1,BRADESPAR
2019-02-13,BRAP4,BRAP4,24.329834735414213,24.985004957546906,24.26785917386112,24.630858891529236,24.630858891529236,6474955,27.48,28.22,27.41,27.82,0.8853651650441853,28.22,27.41,0,5732700,14032,160927244.0,1,02,010,BRBRAPACNPR2,134,PN      N1,BRADESPAR
2019-02-14,BRAP4,BRAP4,24.790224621237186,24.87876113774161,24.294420128812444,24.772517317936305,24.772517317936305,4070524,28.0,28.1,27.44,27.98,0.8853651650441853,28.1,27.44,0,3603900,17475,99792199.0,1,02,010,BRBRAPACNPR2,134,PN      N1,BRADESPAR
2019-02-15,BRAP4,BRAP4,24.790224621237186,25.00271226084779,24.46263951017084,24.86105383444072,24.86105383444072,1553822,28.0,28.24,27.63,28.08,0.8853651650441853,28.24,27.63,0,1375700,7273,38542798.0,1,02,010,BRBRAPACNPR2,134,PN      N1,BRADESPAR
2019-02-18,BRAP4,BRAP4,24.79907827288763,24.958444002595584,24.560029678325698,24.745956362984977,24.745956362984977,1486053,28.01,28.19,27.74,27.95,0.8853651650441853,28.19,27.74,0,1315700,7961,36819164.0,1,02,010,BRBRAPACNPR2,134,PN      N1,BRADESPAR
2019-02-19,BRAP4,BRAP4,24.94959035094514,25.00271226084779,24.533468723374376,24.737102711334536,24.737102711334536,1260610,28.18,28.24,27.71,27.94,0.8853651650441853,28.24,27.71,0,1116100,4940,31309090.0,1,02,010,BRBRAPACNPR2,134,PN      N1,BRADESPAR
2019-02-20,BRAP4,BRAP4,24.542322375024813,25.00271226084779,24.400663948617744,24.94959035094514,24.94959035094514,2103426,27.72,28.24,27.56,28.18,0.8853651650441853,28.24,27.56,0,1862300,10353,52188850.0,1,02,010,BRBRAPACNPR2,134,PN      N1,BRADESPAR
2019-02-21,BRAP4,BRAP4,24.967297654246025,25.09124877735221,24.65741984648056,24.719395408033655,24.719395408033655,1703026,28.2,28.34,27.85,27.92,0.8853651650441853,28.34,27.85,0,1507800,7551,42289238.0,1,02,010,BRBRAPACNPR2,134,PN      N1,BRADESPAR
2019-02-22,BRAP4,BRAP4,24.90532209269293,25.63132152802916,24.89646844104249,25.587053269776952,25.587053269776952,2151316,28.13,28.95,28.12,28.9,0.8853651650441853,28.95,28.12,0,1904700,8060,54521708.0,1,02,010,BRBRAPACNPR2,134,PN      N1,BRADESPAR
2019-02-25,BRAP4,BRAP4,25.595906921427396,25.967760290745954,25.356858326865467,25.693297089582256,25.693297089582256,2196269,28.91,29.33,28.64,29.02,0.8853651650441853,29.33,28.64,0,1944500,8795,56370173.0,1,02,010,BRBRAPACNPR2,134,PN      N1,BRADESPAR
2019-02-26,BRAP4,BRAP4,25.61361422472828,25.817248212688444,25.427687540069,25.63132152802916,25.63132152802916,1043072,28.93,29.16,28.72,28.95,0.8853651650441853,29.16,28.72,0,923500,4533,26747585.0,1,02,010,BRBRAPACNPR2,134,PN      N1,BRADESPAR
2019-02-27,BRAP4,BRAP4,25.65788248298049,25.764126302785794,25.277175462011492,25.542785011524746,25.542785011524746,1473742,28.98,29.1,28.55,28.85,0.8853651650441853,29.1,28.55,0,1304800,5452,37602046.0,1,02,010,BRBRAPACNPR2,134,PN      N1,BRADESPAR
2019-02-28,BRAP4,BRAP4,25.533931359874302,25.640175179679606,25.12666338395398,25.51622405657342,25.51622405657342,1052673,28.84,28.96,28.38,28.82,0.8853651650441853,28.96,28.38,0,932000,4940,26830707.0,1,02,010,BRBRAPACNPR2,134,PN      N1,BRADESPAR
2019-03-01,BRAP4,BRAP4,25.66673613463093,25.808394561038,24.701688104732767,25.37456563016635,25.37456563016635,2886154,28.99,29.15,27.9,28.66,0.8853651650441853,29.15,27.9,0,2555300,10758,72832192.0,1,02,010,BRBRAPACNPR2,134,PN      N1,BRADESPAR
2019-03-06,BRAP4,BRAP4,25.675589786281375,26.109418717153023,25.507370404922977,26.09171141385214,26.09171141385214,2402399,29.0,29.49,28.81,29.47,0.8853651650441853,29.49,28.81,0,2127000,8982,62073150.0,1,02,010,BRBRAPACNPR2,134,PN      N1,BRADESPAR
2019-03-07,BRAP4,BRAP4,26.029735852299044,26.48127208647158,25.746418999484906,26.43700382821937,26.43700382821937,2476379,29.4,29.91,29.08,29.86,0.8853651650441853,29.91,29.08,0,2192500,10957,65048859.0,1,02,010,BRBRAPACNPR2,134,PN      N1,BRADESPAR
2019-03-08,BRAP4,BRAP4,26.118272368803467,26.43700382821937,25.808394561038,26.38388191831672,26.38388191831672,1677274,29.5,29.86,29.15,29.8,0.8853651650441853,29.86,29.15,0,1485000,6077,43992582.0,1,02,010,BRBRAPACNPR2,134,PN      N1,BRADESPAR
2019-03-11,BRAP4,BRAP4,26.410442873268046,27.012491185498096,26.082857762201698,27.012491185498096,27.012491185498096,1827269,29.83,30.51,29.46,30.51,0.8853651650441853,30.51,29.46,0,1617800,7876,49054156.0,1,02,010,BRBRAPACNPR2,134,PN      N1,BRADESPAR
2019-03-12,BRAP4,BRAP4,26.959369275595442,27.322368993263556,26.738027984334394,27.322368993263556,27.322368993263556,1357519,30.45,30.86,30.2,30.86,0.8853651650441853,30.86,30.2,0,1201900,6295,36837356.0,1,02,010,BRBRAPACNPR2,134,PN      N1,BRADESPAR
2019-03-13,BRAP4,BRAP4,27.322368993263556,27.924417305493602,27.118735005303392,27.747344272484767,27.747344272484767,1540268,30.86,31.54,30.63,31.34,0.8853651650441853,31.54,30.63,0,1363700,7491,42554383.0,1,02,010,BRBRAPACNPR2,134,PN      N1,BRADESPAR
2019-03-14,BRAP4,BRAP4,27.871295395590952,27.871295395590952,27.366637251515765,27.56141758782549,27.56141758782549,1792707,31.48,31.48,30.91,31.13,0.8853651650441853,31.48,30.91,0,1587200,8292,49273922.0,1,02,010,BRBRAPACNPR2,134,PN      N1,BRADESPAR
2019-03-15,BRAP4,BRAP4,27.658807755980348,28.00410017034758,27.50829567792284,27.773905227436092,27.773905227436092,2736950,31.24,31.63,31.07,31.37,0.8853651650441853,31.63,31.07,0,2423200,6318,76239298.0,1,02,010,BRBRAPACNPR2,134,PN      N1,BRADESPAR
2019-03-18,BRAP4,BRAP4,27.827027137338742,27.889002698891836,27.402051858117535,27.66766140763079,27.66766140763079,1703817,31.43,31.5,30.95,31.25,0.8853651650441853,31.5,30.95,0,1508500,6239,47060331.0,1,02,010,BRBRAPACNPR2,134,PN      N1,BRADESPAR
2019-03-19,BRAP4,BRAP4,27.676515059281233,28.79207516723691,27.66766140763079,28.33168528141393,28.33168528141393,2045145,31.26,32.52,31.25,32.0,0.8853651650441853,32.52,31.25,0,1810700,8335,58005517.0,1,02,010,BRBRAPACNPR2,134,PN      N1,BRADESPAR
2019-03-20,BRAP4,BRAP4,28.05722208025023,28.27856337151128,27.517149329573275,27.694222362582117,27.694222362582117,2232525,31.69,31.94,31.08,31.28,0.8853651650441853,31.94,31.08,0,1976600,8854,62274914.0,1,02,010,BRBRAPACNPR2,134,PN      N1,BRADESPAR
2019-03-21,BRAP4,BRAP4,27.62339314937858,28.10149033850244,27.543710284524604,27.75619792413521,27.75619792413521,2488917,31.2,31.74,31.11,31.35,0.8853651650441853,31.74,31.11,0,2203600,11384,69336588.0,1,02,010,BRBRAPACNPR2,134,PN      N1,BRADESPAR
2019-03-22,BRAP4,BRAP4,27.18956421850693,27.90671000219272,26.844271804139698,27.09217405035207,27.09217405035207,3441292,30.71,31.52,30.32,30.6,0.8853651650441853,31.52,30.32,0,3046800,14380,94207616.0,1,02,010,BRBRAPACNPR2,134,PN      N1,BRADESPAR
2019-03-25,BRAP4,BRAP4,27.09217405035207,27.23383247675914,26.72032068103351,27.030198488798977,27.030198488798977,1575621,30.6,30.76,30.18,30.53,0.8853651650441853,30.76,30.18,0,1395000,6517,42531015.0,1,02,010,BRBRAPACNPR2,134,PN      N1,BRADESPAR
2019-03-26,BRAP4,BRAP4,27.269247083360906,27.641100452679463,27.04790579209986,27.543710284524604,27.543710284524604,1856748,30.8,31.22,30.55,31.11,0.8853651650441853,31.22,30.55,0,1643900,7670,50996320.0,1,02,010,BRBRAPACNPR2,134,PN      N1,BRADESPAR
2019-03-27,BRAP4,BRAP4,27.154149611905165,27.534856632874163,26.75573528763528,27.154149611905165,27.154149611905165,2972672,30.67,31.1,30.22,30.67,0.8853651650441853,31.1,30.22,0,2631900,10585,80392143.0,1,02,010,BRBRAPACNPR2,134,PN      N1,BRADESPAR
2019-03-28,BRAP4,BRAP4,27.19841787015737,27.402051858117535,26.490125738122025,27.074466747051183,27.074466747051183,2025379,30.72,30.95,29.92,30.58,0.8853651650441853,30.95,29.92,0,1793200,9479,54651941.0,1,02,010,BRBRAPACNPR2,134,PN      N1,BRADESPAR
2019-03-29,BRAP4,BRAP4,27.534856632874163,28.33168528141393,27.534856632874163,28.24314876490951,28.24314876490951,2923314,31.1,32.0,31.1,31.9,0.8853651650441853,32.0,31.1,0,2588200,10226,82187768.0,1,02,010,BRBRAPACNPR2,134,PN      N1,BRADESPAR
2019-04-01,BRAP4,BRAP4,28.77436786393602,29.243611401409442,28.77436786393602,29.208196794807673,29.208196794807673,2913261,32.5,33.03,32.5,32.99,0.8853651650441853,33.03,32.5,0,2579300,10611,84539118.0,1,02,010,BRBRAPACNPR2,134,PN      N1,BRADESPAR
2019-04-02,BRAP4,BRAP4,29.181635839856348,29.420684434418273,28.420221797918348,28.420221797918348,28.420221797918348,2393815,32.96,33.23,32.1,32.1,0.8853651650441853,33.23,32.1,0,2119400,8815,69201473.0,1,02,010,BRBRAPACNPR2,134,PN      N1,BRADESPAR
2019-04-03,BRAP4,BRAP4,29.128513929953694,29.15507488490502,28.28741702316172,28.553026572674977,28.553026572674977,1883291,32.9,32.93,31.95,32.25,0.8853651650441853,32.93,31.95,0,1667400,8508,54187435.0,1,02,010,BRBRAPACNPR2,134,PN      N1,BRADESPAR
2019-04-04,BRAP4,BRAP4,28.615002134228067,29.04883106509972,28.446782752869677,29.04883106509972,29.04883106509972,1079329,32.32,32.81,32.13,32.81,0.8853651650441853,32.81,32.13,0,955600,4689,31113341.0,1,02,010,BRBRAPACNPR2,134,PN      N1,BRADESPAR
2019-04-05,BRAP4,BRAP4,29.0665383684006,29.09309932335193,28.606148482577627,28.606148482577627,28.606148482577627,1191938,32.83,32.86,32.31,32.31,0.8853651650441853,32.86,32.31,0,1055300,5386,34298563.0,1,02,010,BRBRAPACNPR2,134,PN      N1,BRADESPAR
2019-04-08,BRAP4,BRAP4,28.924879941993535,29.553489209174906,28.78322151558646,29.42953808606872,29.42953808606872,1644293,32.67,33.38,32.51,33.24,0.8853651650441853,33.38,32.51,0,1455800,6620,48132043.0,1,02,010,BRBRAPACNPR2,134,PN      N1,BRADESPAR
2019-04-09,BRAP4,BRAP4,29.243611401409442,29.42953808606872,28.87175803209088,28.942587245294416,28.942587245294416,1645762,33.03,33.24,32.61,32.69,0.8853651650441853,33.24,32.61,0,1457100,6700,47716534.0,1,02,010,BRBRAPACNPR2,134,PN      N1,BRADESPAR
2019-04-10,BRAP4,BRAP4,29.208196794807673,29.208196794807673,28.579587527626302,28.67697769578116,28.67697769578116,1075150,32.99,32.99,32.28,32.39,0.8853651650441853,32.99,32.28,0,951900,3570,30971537.0,1,02,010,BRBRAPACNPR2,134,PN      N1,BRADESPAR
2019-04-11,BRAP4,BRAP4,28.66812404413072,28.694684999082043,28.260856068210394,28.694684999082043,28.694684999082043,1335607,32.38,32.41,31.92,32.41,0.8853651650441853,32.41,31.92,0,1182500,5516,38071569.0,1,02,010,BRBRAPACNPR2,134,PN      N1,BRADESPAR
2019-04-12,BRAP4,BRAP4,28.76551421228558,29.296733311312092,28.42907544956879,28.508758314422767,28.508758314422767,3931824,32.49,33.09,32.11,32.2,0.8853651650441853,33.09,32.11,0,3481100,11919,113430264.0,1,02,010,BRBRAPACNPR2,134,PN      N1,BRADESPAR
2019-04-15,BRAP4,BRAP4,28.721245954033368,28.738953257334256,28.04836842859979,28.464490056170554,28.464490056170554,1938635,32.44,32.46,31.68,32.15,0.8853651650441853,32.46,31.68,0,1716400,7570,55225079.0,1,02,010,BRBRAPACNPR2,134,PN      N1,BRADESPAR
2019-04-16,BRAP4,BRAP4,28.33168528141393,29.53578190587402,28.207734158307744,29.367562524515627,29.367562524515627,2312266,32.0,33.36,31.86,33.17,0.8853651650441853,33.36,31.86,0,2047200,9470,67068723.0,1,02,010,BRBRAPACNPR2,134,PN      N1,BRADESPAR
2019-04-17,BRAP4,BRAP4,29.314440614612973,29.889927971891694,28.632709437528955,28.99570915519707,28.99570915519707,2303005,33.11,33.76,32.34,32.75,0.8853651650441853,33.76,32.34,0,2039000,9106,67311634.0,1,02,010,BRBRAPACNPR2,134,PN      N1,BRADESPAR
2019-04-18,BRAP4,BRAP4,28.99570915519707,29.314440614612973,28.78322151558646,29.04883106509972,29.04883106509972,876023,32.75,33.11,32.51,32.81,0.8853651650441853,33.11,32.51,0,775600,3451,25450774.0,1,02,010,BRBRAPACNPR2,134,PN      N1,BRADESPAR
2019-04-22,BRAP4,BRAP4,28.78322151558646,28.9602945485953,28.13690494510421,28.641563089179396,28.641563089179396,1796999,32.51,32.71,31.78,32.35,0.8853651650441853,32.71,31.78,0,1591000,6621,51151177.0,1,02,010,BRBRAPACNPR2,134,PN      N1,BRADESPAR
2019-04-23,BRAP4,BRAP4,28.659270392480273,28.924879941993535,28.43792910121923,28.907172638692646,28.907172638692646,2064233,32.37,32.67,32.12,32.65,0.8853651650441853,32.67,32.12,0,1827600,6756,59361904.0,1,02,010,BRBRAPACNPR2,134,PN      N1,BRADESPAR
2019-04-24,BRAP4,BRAP4,28.730099605683815,28.88061168374132,27.835880788989186,28.074929383551115,28.074929383551115,1873916,32.45,32.62,31.44,31.71,0.8853651650441853,32.62,31.44,0,1659100,7393,52934121.0,1,02,010,BRBRAPACNPR2,134,PN      N1,BRADESPAR
2019-04-25,BRAP4,BRAP4,27.977539215396256,28.181173203356416,27.499442026272394,28.181173203356416,28.181173203356416,1482100,31.6,31.83,31.06,31.83,0.8853651650441853,31.83,31.06,0,1312200,5706,41408807.0,1,02,010,BRBRAPACNPR2,134,PN      N1,BRADESPAR
2019-04-26,BRAP4,BRAP4,28.198880506657304,28.43792910121923,27.738490620834323,28.43792910121923,28.43792910121923,952940,31.85,32.12,31.33,32.12,0.8853651650441853,32.12,31.33,0,843700,4628,26810064.0,1,02,010,BRBRAPACNPR2,134,PN      N1,BRADESPAR
2019-04-29,BRAP4,BRAP4,28.77436786393602,28.77436786393602,28.083783035201556,28.19002685500686,28.19002685500686,1186064,32.5,32.5,31.72,31.84,0.8853651650441853,32.5,31.72,0,1050100,4789,33579082.0,1,02,010,BRBRAPACNPR2,134,PN      N1,BRADESPAR
2019-04-30,BRAP4,BRAP4,28.402514494617463,28.473343707820995,27.880149047241392,28.24314876490951,28.24314876490951,973045,32.08,32.16,31.49,31.9,0.8853651650441853,32.16,31.49,0,861500,4965,27402700.0,1,02,010,BRBRAPACNPR2,134,PN      N1,BRADESPAR
2019-05-02,BRAP4,BRAP4,27.4374664647193,27.4374664647193,26.667198771130863,26.817710849188373,26.817710849188373,3087878,30.99,30.99,30.12,30.29,0.8853651650441853,30.99,30.12,0,2733900,12964,83212081.0,1,02,010,BRBRAPACNPR2,135,PN  EDJ N1,BRADESPAR
2019-05-03,BRAP4,BRAP4,27.180710566856487,27.95097826044493,27.074466747051183,27.791612530736977,27.791612530736977,1607472,30.7,31.57,30.58,31.39,0.8853651650441853,31.57,30.58,0,1423200,5940,44647490.0,1,02,010,BRBRAPACNPR2,135,PN  EDJ N1,BRADESPAR
2019-05-06,BRAP4,BRAP4,27.4374664647193,27.52600298122372,27.065613095400746,27.23383247675914,27.23383247675914,1293816,30.99,31.09,30.57,30.76,0.8853651650441853,31.09,30.57,0,1145500,5973,35230745.0,1,02,010,BRBRAPACNPR2,135,PN  EDJ N1,BRADESPAR
2019-05-07,BRAP4,BRAP4,27.118735005303392,27.42861281306886,26.596369557927325,27.42861281306886,27.42861281306886,1417268,30.63,30.98,30.04,30.98,0.8853651650441853,30.98,30.04,0,1254800,6621,38379714.0,1,02,010,BRBRAPACNPR2,135,PN  EDJ N1,BRADESPAR
2019-05-08,BRAP4,BRAP4,27.57027123947593,27.738490620834323,27.074466747051183,27.074466747051183,27.074466747051183,3162085,31.14,31.33,30.58,30.58,0.8853651650441853,31.33,30.58,0,2799600,10742,86475998.0,1,02,010,BRBRAPACNPR2,135,PN  EDJ N1,BRADESPAR
2019-05-09,BRAP4,BRAP4,27.136442308604277,27.216125173458256,26.667198771130863,27.00363753384765,27.00363753384765,1407329,30.65,30.74,30.12,30.5,0.8853651650441853,30.74,30.12,0,1246000,6891,37904942.0,1,02,010,BRBRAPACNPR2,135,PN  EDJ N1,BRADESPAR
2019-05-10,BRAP4,BRAP4,26.640637816179535,27.641100452679463,26.57866225462644,27.61453949772814,27.61453949772814,9096473,30.09,31.22,30.02,31.19,0.8853651650441853,31.22,30.02,0,8053700,7643,245229751.0,1,02,010,BRBRAPACNPR2,135,PN  EDJ N1,BRADESPAR
2019-05-13,BRAP4,BRAP4,27.083320398701627,27.269247083360906,26.28649175016186,26.33961366006451,26.33961366006451,2774561,30.59,30.8,29.69,29.75,0.8853651650441853,30.8,29.69,0,2456500,10698,73457427.0,1,02,010,BRBRAPACNPR2,135,PN  EDJ N1,BRADESPAR
2019-05-14,BRAP4,BRAP4,26.729174332683954,26.77344259093616,26.189101582006998,26.295345401812302,26.295345401812302,1245701,30.19,30.24,29.58,29.7,0.8853651650441853,30.24,29.58,0,1102900,5750,32799159.0,1,02,010,BRBRAPACNPR2,135,PN      N1,BRADESPAR
2019-05-15,BRAP4,BRAP4,26.127126020453908,26.63178416452909,25.75527265113535,26.39273556996716,26.39273556996716,2311250,29.51,30.08,29.09,29.81,0.8853651650441853,30.08,29.09,0,2046300,9102,60989453.0,1,02,010,BRBRAPACNPR2,135,PN      N1,BRADESPAR
2019-05-16,BRAP4,BRAP4,26.543247648024675,26.791149894237048,25.409980236768117,25.51622405657342,25.51622405657342,3591174,29.98,30.26,28.7,28.82,0.8853651650441853,30.26,28.7,0,3179500,11821,93595779.0,1,02,010,BRBRAPACNPR2,135,PN      N1,BRADESPAR
2019-05-17,BRAP4,BRAP4,25.365711978515908,26.251077143560092,25.162077990555748,26.003174897347723,26.003174897347723,3114421,28.65,29.65,28.42,29.37,0.8853651650441853,29.65,28.42,0,2757400,10740,80820619.0,1,02,010,BRBRAPACNPR2,135,PN      N1,BRADESPAR
2019-05-20,BRAP4,BRAP4,25.790687257737115,26.24222349190965,25.7021507412327,25.932345684144185,25.932345684144185,1900346,29.13,29.64,29.03,29.29,0.8853651650441853,29.64,29.03,0,1682500,8692,49453074.0,1,02,010,BRBRAPACNPR2,135,PN      N1,BRADESPAR
2019-05-21,BRAP4,BRAP4,26.03858950394949,26.543247648024675,25.498516753272536,26.28649175016186,26.28649175016186,1650505,29.41,29.98,28.8,29.69,0.8853651650441853,29.98,28.8,0,1461300,7915,43061022.0,1,02,010,BRBRAPACNPR2,135,PN      N1,BRADESPAR
2019-05-22,BRAP4,BRAP4,26.33961366006451,26.977076578896323,26.153686975405233,26.153686975405233,26.153686975405233,2586165,29.75,30.47,29.54,29.54,0.8853651650441853,30.47,29.54,0,2289700,10605,68709650.0,1,02,010,BRBRAPACNPR2,135,PN      N1,BRADESPAR
2019-05-23,BRAP4,BRAP4,26.109418717153023,26.52554034472379,25.649028831330046,26.197955233657442,26.197955233657442,3439372,29.49,29.96,28.97,29.59,0.8853651650441853,29.96,28.97,0,3045100,13873,90128726.0,1,02,010,BRBRAPACNPR2,135,PN      N1,BRADESPAR
2019-05-24,BRAP4,BRAP4,26.51668669307335,27.446320116369744,26.401589221617606,26.74688163598484,26.74688163598484,2898917,29.95,31.0,29.82,30.21,0.8853651650441853,31.0,29.82,0,2566600,12091,78419346.0,1,02,010,BRBRAPACNPR2,135,PN      N1,BRADESPAR
2019-05-27,BRAP4,BRAP4,27.419759161418416,27.66766140763079,27.180710566856487,27.50829567792284,27.50829567792284,1112309,30.97,31.25,30.7,31.07,0.8853651650441853,31.25,30.7,0,984800,5556,30473562.0,1,02,010,BRBRAPACNPR2,135,PN      N1,BRADESPAR
2019-05-28,BRAP4,BRAP4,27.366637251515765,27.880149047241392,27.269247083360906,27.46402741967063,27.46402741967063,1823880,30.91,31.49,30.8,31.02,0.8853651650441853,31.49,30.8,0,1614800,6448,50331314.0,1,02,010,BRBRAPACNPR2,135,PN      N1,BRADESPAR
2019-05-29,BRAP4,BRAP4,27.23383247675914,27.543710284524604,26.888540062391908,27.357783599865325,27.357783599865325,1385982,30.76,31.11,30.37,30.9,0.8853651650441853,31.11,30.37,0,1227100,6491,37762568.0,1,02,010,BRBRAPACNPR2,135,PN      N1,BRADESPAR
2019-05-30,BRAP4,BRAP4,27.357783599865325,27.596832194427257,27.056759443750302,27.348929948214884,27.348929948214884,1476227,30.9,31.17,30.56,30.89,0.8853651650441853,31.17,30.56,0,1307000,7261,40280737.0,1,02,010,BRBRAPACNPR2,135,PN      N1,BRADESPAR
2019-05-31,BRAP4,BRAP4,27.29580803831223,27.91556365384316,26.959369275595442,27.180710566856487,27.180710566856487,1411621,30.83,31.53,30.45,30.7,0.8853651650441853,31.53,30.45,0,1249800,7510,38604946.0,1,02,010,BRBRAPACNPR2,135,PN      N1,BRADESPAR
2019-06-03,BRAP4,BRAP4,27.393198206467094,27.393198206467094,26.826564500838813,27.083320398701627,27.083320398701627,1517340,30.94,30.94,30.3,30.59,0.8853651650441853,30.94,30.3,0,1343400,9218,41070390.0,1,02,010,BRBRAPACNPR2,135,PN      N1,BRADESPAR
2019-06-04,BRAP4,BRAP4,27.224978825108696,27.47288107132107,26.826564500838813,27.18956421850693,27.18956421850693,1620687,30.75,31.03,30.3,30.71,0.8853651650441853,31.03,30.3,0,1434900,7338,43905899.0,1,02,010,BRBRAPACNPR2,135,PN      N1,BRADESPAR
2019-06-05,BRAP4,BRAP4,27.24268612840958,27.357783599865325,26.569808602976,26.808857197537932,26.808857197537932,884155,30.77,30.9,30.01,30.28,0.8853651650441853,30.9,30.01,0,782800,4099,23708444.0,1,02,010,BRBRAPACNPR2,135,PN      N1,BRADESPAR
2019-06-06,BRAP4,BRAP4,27.109881353652955,27.23383247675914,26.693759726082185,27.127588656953836,27.127588656953836,1220400,30.62,30.76,30.15,30.64,0.8853651650441853,30.76,30.15,0,1080500,6644,32924852.0,1,02,010,BRBRAPACNPR2,135,PN      N1,BRADESPAR
2019-06-07,BRAP4,BRAP4,27.18956421850693,27.313515341613115,26.915101017343233,27.154149611905165,27.154149611905165,1078199,30.71,30.85,30.4,30.67,0.8853651650441853,30.85,30.4,0,954600,5597,29282490.0,1,02,010,BRBRAPACNPR2,135,PN      N1,BRADESPAR
2019-06-10,BRAP4,BRAP4,27.18956421850693,27.41090550976798,26.950515623945,27.118735005303392,27.118735005303392,767254,30.71,30.96,30.44,30.63,0.8853651650441853,30.96,30.44,0,679300,4060,20855993.0,1,02,010,BRBRAPACNPR2,135,PN      N1,BRADESPAR
2019-06-11,BRAP4,BRAP4,27.596832194427257,28.632709437528955,27.587978542776813,28.632709437528955,28.632709437528955,2143409,31.17,32.34,31.16,32.34,0.8853651650441853,32.34,31.16,0,1897700,9653,60634316.0,1,02,010,BRBRAPACNPR2,135,PN      N1,BRADESPAR
2019-06-12,BRAP4,BRAP4,28.632709437528955,28.818636122188227,28.16346590005553,28.455636404520114,28.455636404520114,1477131,32.34,32.55,31.81,32.14,0.8853651650441853,32.55,31.81,0,1307800,7094,42078319.0,1,02,010,BRBRAPACNPR2,135,PN      N1,BRADESPAR
2019-06-13,BRAP4,BRAP4,28.53531926937409,29.110806626652813,28.53531926937409,28.87175803209088,28.87175803209088,2210613,32.23,32.88,32.23,32.61,0.8853651650441853,32.88,32.23,0,1957200,10201,63838907.0,1,02,010,BRBRAPACNPR2,135,PN      N1,BRADESPAR
2019-06-14,BRAP4,BRAP4,28.685831347431602,28.916026290343087,28.482197359471442,28.57073387597586,28.57073387597586,1254398,32.4,32.66,32.17,32.27,0.8853651650441853,32.66,32.17,0,1110600,6792,35900015.0,1,02,010,BRBRAPACNPR2,135,PN      N1,BRADESPAR
2019-06-17,BRAP4,BRAP4,28.491051011121883,28.526465617723648,28.01295382199802,28.01295382199802,28.01295382199802,1601825,32.18,32.22,31.64,31.64,0.8853651650441853,32.22,31.64,0,1418200,7367,45143328.0,1,02,010,BRBRAPACNPR2,135,PN      N1,BRADESPAR
2019-06-18,BRAP4,BRAP4,28.358246236365254,29.217050446458114,28.358246236365254,29.208196794807673,29.208196794807673,2445658,32.03,33.0,32.03,32.99,0.8853651650441853,33.0,32.03,0,2165300,7502,70401540.0,1,02,010,BRBRAPACNPR2,135,PN      N1,BRADESPAR
2019-06-19,BRAP4,BRAP4,29.580050164126227,29.80139145538727,29.022270110148394,29.323294266263414,29.323294266263414,2050905,33.41,33.66,32.78,33.12,0.8853651650441853,33.66,32.78,0,1815800,9301,60045194.0,1,02,010,BRBRAPACNPR2,135,PN      N1,BRADESPAR
2019-06-21,BRAP4,BRAP4,29.43839173771916,29.73056224218374,29.08424567170149,29.243611401409442,29.243611401409442,2008776,33.25,33.58,32.85,33.03,0.8853651650441853,33.58,32.85,0,1778500,8614,59059012.0,1,02,010,BRBRAPACNPR2,135,PN      N1,BRADESPAR
2019-06-24,BRAP4,BRAP4,29.305586962962533,29.473806344320927,29.031123761798835,29.385269827816508,29.385269827816508,2149960,33.1,33.29,32.79,33.19,0.8853651650441853,33.29,32.79,0,1903500,9304,62873137.0,1,02,010,BRBRAPACNPR2,135,PN      N1,BRADESPAR
2019-06-25,BRAP4,BRAP4,29.385269827816508,29.402977131117392,28.579587527626302,28.597294830927183,28.597294830927183,1466175,33.19,33.21,32.28,32.3,0.8853651650441853,33.21,32.28,0,1298100,8916,42319298.0,1,02,010,BRBRAPACNPR2,135,PN      N1,BRADESPAR
2019-06-26,BRAP4,BRAP4,28.597294830927183,29.09309932335193,28.597294830927183,28.933733593643975,28.933733593643975,2798280,32.3,32.86,32.3,32.68,0.8853651650441853,32.86,32.3,0,2477500,7512,80692316.0,1,02,010,BRBRAPACNPR2,135,PN      N1,BRADESPAR
2019-06-27,BRAP4,BRAP4,28.9602945485953,29.217050446458114,28.747806908984696,29.04883106509972,29.04883106509972,1587142,32.71,33.0,32.47,32.81,0.8853651650441853,33.0,32.47,0,1405200,6450,46006324.0,1,02,010,BRBRAPACNPR2,135,PN      N1,BRADESPAR
2019-06-28,BRAP4,BRAP4,29.26131870471032,29.305586962962533,28.942587245294416,29.08424567170149,29.08424567170149,2326949,33.05,33.1,32.69,32.85,0.8853651650441853,33.1,32.69,0,2060200,5674,67677173.0,1,02,010,BRBRAPACNPR2,135,PN      N1,BRADESPAR
2019-07-01,BRAP4,BRAP4,29.482659995971368,30.02273274664832,29.482659995971368,29.783684152086394,29.783684152086394,2849220,33.3,33.91,33.3,33.64,0.8853651650441853,33.91,33.3,0,2522600,12900,84751649.0,1,02,010,BRBRAPACNPR2,135,PN      N1,BRADESPAR
2019-07-02,BRAP4,BRAP4,30.01387909499788,30.01387909499788,28.198880506657304,28.597294830927183,28.597294830927183,3720725,33.9,33.9,31.85,32.3,0.8853651650441853,33.9,31.85,0,3294200,15822,107748889.0,1,02,010,BRBRAPACNPR2,135,PN      N1,BRADESPAR
2019-07-03,BRAP4,BRAP4,28.78322151558646,29.10195297500237,28.544172921024536,28.818636122188227,28.818636122188227,1719291,32.51,32.87,32.24,32.55,0.8853651650441853,32.87,32.24,0,1522200,5430,49526485.0,1,02,010,BRBRAPACNPR2,135,PN      N1,BRADESPAR
2019-07-04,BRAP4,BRAP4,29.031123761798835,29.172782188205908,28.491051011121883,28.712392302382927,28.712392302382927,1878321,32.79,32.95,32.18,32.43,0.8853651650441853,32.95,32.18,0,1663000,8105,54261107.0,1,02,010,BRBRAPACNPR2,135,PN      N1,BRADESPAR
2019-07-05,BRAP4,BRAP4,28.322831629763485,28.322831629763485,27.649954104329908,27.924417305493602,27.924417305493602,2728592,31.99,31.99,31.23,31.54,0.8853651650441853,31.99,31.23,0,2415800,11693,76170903.0,1,02,010,BRBRAPACNPR2,135,PN      N1,BRADESPAR
2019-07-08,BRAP4,BRAP4,28.119197641803325,28.579587527626302,28.119197641803325,28.384807191316582,28.384807191316582,1997820,31.76,32.28,31.76,32.06,0.8853651650441853,32.28,31.76,0,1768800,8105,56725238.0,1,02,010,BRBRAPACNPR2,135,PN      N1,BRADESPAR
2019-07-10,BRAP4,BRAP4,28.721245954033368,29.296733311312092,28.579587527626302,29.146221233254582,29.146221233254582,2021652,32.44,33.09,32.28,32.92,0.8853651650441853,33.09,32.28,0,1789900,11574,58776943.0,1,02,010,BRBRAPACNPR2,135,PN      N1,BRADESPAR
2019-07-11,BRAP4,BRAP4,29.225904098108554,29.26131870471032,28.827489773838675,29.181635839856348,29.181635839856348,2475024,33.01,33.05,32.56,32.96,0.8853651650441853,33.05,32.56,0,2191300,8885,71967523.0,1,02,010,BRBRAPACNPR2,135,PN      N1,BRADESPAR
2019-07-12,BRAP4,BRAP4,29.26131870471032,29.500367299272252,28.85405072879,28.96914820024574,28.96914820024574,1429467,33.05,33.32,32.59,32.72,0.8853651650441853,33.32,32.59,0,1265600,8002,41669718.0,1,02,010,BRBRAPACNPR2,135,PN      N1,BRADESPAR
2019-07-15,BRAP4,BRAP4,29.270172356360767,29.571196512475787,29.128513929953694,29.305586962962533,29.305586962962533,1422916,33.06,33.4,32.9,33.1,0.8853651650441853,33.4,32.9,0,1259800,5762,41804970.0,1,02,010,BRBRAPACNPR2,135,PN      N1,BRADESPAR
2019-07-16,BRAP4,BRAP4,29.562342860825346,29.89878162354214,29.43839173771916,29.464952692670487,29.464952692670487,2642638,33.39,33.77,33.25,33.28,0.8853651650441853,33.77,33.25,0,2339700,7508,78345768.0,1,02,010,BRBRAPACNPR2,135,PN      N1,BRADESPAR
2019-07-17,BRAP4,BRAP4,29.447245389369602,29.588903815776675,29.19048949150679,29.482659995971368,29.482659995971368,962089,33.26,33.42,32.97,33.3,0.8853651650441853,33.42,32.97,0,851800,4536,28318225.0,1,02,010,BRBRAPACNPR2,135,PN      N1,BRADESPAR
2019-07-18,BRAP4,BRAP4,29.571196512475787,29.571196512475787,29.09309932335193,29.279026008011208,29.279026008011208,1271679,33.4,33.4,32.86,33.07,0.8853651650441853,33.4,32.86,0,1125900,5986,37284611.0,1,02,010,BRBRAPACNPR2,135,PN      N1,BRADESPAR
2019-07-19,BRAP4,BRAP4,29.314440614612973,29.704001287232412,29.217050446458114,29.314440614612973,29.314440614612973,943791,33.11,33.55,33.0,33.11,0.8853651650441853,33.55,33.0,0,835600,4921,27805865.0,1,02,010,BRBRAPACNPR2,135,PN      N1,BRADESPAR
2019-07-22,BRAP4,BRAP4,29.287879659661648,29.287879659661648,28.76551421228558,29.15507488490502,29.15507488490502,1024662,33.08,33.08,32.49,32.93,0.8853651650441853,33.08,32.49,0,907200,5074,29671876.0,1,02,010,BRBRAPACNPR2,135,PN      N1,BRADESPAR
2019-07-23,BRAP4,BRAP4,29.128513929953694,29.385269827816508,28.86290438044044,29.10195297500237,29.10195297500237,874441,32.9,33.19,32.6,32.87,0.8853651650441853,33.19,32.6,0,774200,3925,25421338.0,1,02,010,BRBRAPACNPR2,135,PN      N1,BRADESPAR
2019-07-24,BRAP4,BRAP4,28.77436786393602,28.77436786393602,28.16346590005553,28.367099888015694,28.367099888015694,1695459,32.5,32.5,31.81,32.04,0.8853651650441853,32.5,31.81,0,1501100,8469,48167558.0,1,02,010,BRBRAPACNPR2,135,PN      N1,BRADESPAR
2019-07-25,BRAP4,BRAP4,28.43792910121923,28.632709437528955,27.977539215396256,28.420221797918348,28.420221797918348,2846283,32.12,32.34,31.6,32.1,0.8853651650441853,32.34,31.6,0,2520000,9913,80632719.0,1,02,010,BRBRAPACNPR2,135,PN      N1,BRADESPAR
2019-07-26,BRAP4,BRAP4,28.641563089179396,28.721245954033368,28.02180747364846,28.02180747364846,28.02180747364846,1755886,32.35,32.44,31.65,31.65,0.8853651650441853,32.44,31.65,0,1554600,8065,49577230.0,1,02,010,BRBRAPACNPR2,135,PN      N1,BRADESPAR
2019-07-29,BRAP4,BRAP4,28.02180747364846,28.252002416559954,27.880149047241392,28.030661125298906,28.030661125298906,900306,31.65,31.91,31.49,31.66,0.8853651650441853,31.91,31.49,0,797100,5111,25204826.0,1,02,010,BRBRAPACNPR2,135,PN      N1,BRADESPAR
2019-07-30,BRAP4,BRAP4,28.01295382199802,28.24314876490951,27.933270957144046,28.16346590005553,28.16346590005553,788262,31.64,31.9,31.55,31.81,0.8853651650441853,31.9,31.55,0,697900,4480,22154513.0,1,02,010,BRBRAPACNPR2,135,PN      N1,BRADESPAR
2019-07-31,BRAP4,BRAP4,28.181173203356416,28.375953539666135,27.685368710931673,27.99524651869714,27.99524651869714,1575508,31.83,32.05,31.27,31.62,0.8853651650441853,32.05,31.27,0,1394900,7403,44023796.0,1,02,010,BRBRAPACNPR2,135,PN      N1,BRADESPAR
2019-08-01,BRAP4,BRAP4,27.827027137338742,27.827027137338742,27.127588656953836,27.136442308604277,27.136442308604277,2516137,31.43,31.43,30.64,30.65,0.8853651650441853,31.43,30.64,0,2227700,13340,69113991.0,1,02,010,BRBRAPACNPR2,135,PN      N1,BRADESPAR
2019-08-02,BRAP4,BRAP4,27.09217405035207,27.109881353652955,26.640637816179535,26.959369275595442,26.959369275595442,2675732,30.6,30.62,30.09,30.45,0.8853651650441853,30.62,30.09,0,2369000,13572,71657152.0,1,02,010,BRBRAPACNPR2,135,PN      N1,BRADESPAR
2019-08-05,BRAP4,BRAP4,26.26878444686098,26.277638098511417,25.542785011524746,25.728711696184025,25.728711696184025,3678482,29.67,29.68,28.85,29.06,0.8853651650441853,29.68,28.85,0,3256800,15702,94567718.0,1,02,010,BRBRAPACNPR2,135,PN      N1,BRADESPAR
2019-08-06,BRAP4,BRAP4,25.85266281929021,26.197955233657442,25.817248212688444,25.95005298744507,25.95005298744507,1626335,29.2,29.59,29.16,29.31,0.8853651650441853,29.59,29.16,0,1439900,8137,42202126.0,1,02,010,BRBRAPACNPR2,135,PN      N1,BRADESPAR
2019-08-07,BRAP4,BRAP4,25.533931359874302,25.85266281929021,25.268321810361048,25.85266281929021,25.85266281929021,3335121,28.84,29.2,28.54,29.2,0.8853651650441853,29.2,28.54,0,2952800,16798,84940315.0,1,02,010,BRBRAPACNPR2,135,PN      N1,BRADESPAR
2019-08-08,BRAP4,BRAP4,26.348467311714955,26.375028266666277,26.056296807250373,26.28649175016186,26.28649175016186,2211291,29.76,29.79,29.43,29.69,0.8853651650441853,29.79,29.43,0,1957800,9644,57997234.0,1,02,010,BRBRAPACNPR2,135,PN      N1,BRADESPAR
2019-08-09,BRAP4,BRAP4,26.09171141385214,26.171394278706117,25.507370404922977,26.065150458900817,26.065150458900817,2482704,29.47,29.56,28.81,29.44,0.8853651650441853,29.56,28.81,0,2198100,10983,63999373.0,1,02,010,BRBRAPACNPR2,135,PN      N1,BRADESPAR
2019-08-12,BRAP4,BRAP4,25.454248495020327,25.746418999484906,25.23290720375928,25.51622405657342,25.51622405657342,1557549,28.75,29.08,28.5,28.82,0.8853651650441853,29.08,28.5,0,1379000,7594,39752768.0,1,02,010,BRBRAPACNPR2,135,PN      N1,BRADESPAR
2019-08-13,BRAP4,BRAP4,25.312590068613257,26.304199053462746,25.312590068613257,26.206808885307886,26.206808885307886,2039385,28.59,29.71,28.59,29.6,0.8853651650441853,29.71,28.59,0,1805600,10712,53201456.0,1,02,010,BRBRAPACNPR2,135,PN      N1,BRADESPAR
2019-08-14,BRAP4,BRAP4,25.95005298744507,25.95005298744507,25.3214437202637,25.542785011524746,25.542785011524746,2460567,29.31,29.31,28.6,28.85,0.8853651650441853,29.31,28.6,0,2178500,13534,62738219.0,1,02,010,BRBRAPACNPR2,135,PN      N1,BRADESPAR
2019-08-15,BRAP4,BRAP4,25.436541191719442,25.764126302785794,24.630858891529236,25.09124877735221,25.09124877735221,2950308,28.73,29.1,27.82,28.34,0.8853651650441853,29.1,27.82,0,2612100,11013,73946770.0,1,02,010,BRBRAPACNPR2,135,PN      N1,BRADESPAR
2019-08-16,BRAP4,BRAP4,25.3214437202637,25.436541191719442,24.86105383444072,24.86105383444072,24.86105383444072,2763605,28.6,28.73,28.08,28.08,0.8853651650441853,28.73,28.08,0,2446800,10924,69086024.0,1,02,010,BRBRAPACNPR2,135,PN      N1,BRADESPAR
2019-08-19,BRAP4,BRAP4,25.108956080653094,25.409980236768117,24.356395690365538,24.533468723374376,24.533468723374376,3541025,28.36,28.7,27.51,27.71,0.8853651650441853,28.7,27.51,0,3135100,15540,87549159.0,1,02,010,BRBRAPACNPR2,135,PN      N1,BRADESPAR
2019-08-20,BRAP4,BRAP4,24.524615071723932,25.0469805191,24.19702996065758,24.772517317936305,24.772517317936305,2366029,27.7,28.29,27.33,27.98,0.8853651650441853,28.29,27.33,0,2094800,11817,58540646.0,1,02,010,BRBRAPACNPR2,135,PN      N1,BRADESPAR
2019-08-21,BRAP4,BRAP4,24.869907486091165,25.07354147405133,24.31212743211333,24.89646844104249,24.89646844104249,2548779,28.09,28.32,27.46,28.12,0.8853651650441853,28.32,27.46,0,2256600,6593,63308598.0,1,02,010,BRBRAPACNPR2,135,PN      N1,BRADESPAR
2019-08-22,BRAP4,BRAP4,24.923029395993815,25.055834170750444,24.639712543179673,24.87876113774161,24.87876113774161,854337,28.15,28.3,27.83,28.1,0.8853651650441853,28.3,27.83,0,756400,3818,21188938.0,1,02,010,BRBRAPACNPR2,135,PN      N1,BRADESPAR
2019-08-23,BRAP4,BRAP4,24.781370969586746,24.967297654246025,23.878298501241677,24.03766423094963,24.03766423094963,6770766,27.99,28.2,26.97,27.15,0.8853651650441853,28.2,26.97,0,5994600,12349,166072955.0,1,02,010,BRBRAPACNPR2,135,PN      N1,BRADESPAR
2019-08-26,BRAP4,BRAP4,24.117347095803606,24.294420128812444,23.648103558330188,23.85173754629035,23.85173754629035,1929035,27.24,27.44,26.71,26.94,0.8853651650441853,27.44,26.71,0,1707900,8883,46114291.0,1,02,010,BRBRAPACNPR2,135,PN      N1,BRADESPAR
2019-08-27,BRAP4,BRAP4,23.75434737813549,24.427224903569073,23.710079119883282,23.807469288038142,23.807469288038142,3184223,26.83,27.59,26.78,26.89,0.8853651650441853,27.59,26.78,0,2819200,12887,76510731.0,1,02,010,BRBRAPACNPR2,135,PN      N1,BRADESPAR
2019-08-28,BRAP4,BRAP4,23.860591197940792,24.533468723374376,23.807469288038142,24.22359091560891,24.22359091560891,1977489,26.95,27.71,26.89,27.36,0.8853651650441853,27.71,26.89,0,1750800,9487,47838226.0,1,02,010,BRBRAPACNPR2,135,PN      N1,BRADESPAR
2019-08-29,BRAP4,BRAP4,24.427224903569073,25.197492597157513,24.329834735414213,25.197492597157513,25.197492597157513,1345885,27.59,28.46,27.48,28.46,0.8853651650441853,28.46,27.48,0,1191600,7319,33362895.0,1,02,010,BRBRAPACNPR2,135,PN      N1,BRADESPAR
2019-08-30,BRAP4,BRAP4,25.454248495020327,25.684443437931815,25.100102429002654,25.170931642206188,25.170931642206188,2074285,28.75,29.01,28.35,28.43,0.8853651650441853,29.01,28.35,0,1836500,6877,52462300.0,1,02,010,BRBRAPACNPR2,135,PN      N1,BRADESPAR
2019-09-02,BRAP4,BRAP4,25.675589786281375,25.85266281929021,25.365711978515908,25.445394843369883,25.445394843369883,1401456,29.0,29.2,28.65,28.74,0.8853651650441853,29.2,28.65,0,1240800,6297,35758585.0,1,02,010,BRBRAPACNPR2,135,PN      N1,BRADESPAR
2019-09-03,BRAP4,BRAP4,25.401126585117677,25.52507770822386,25.0469805191,25.12666338395398,25.12666338395398,1132753,28.69,28.83,28.29,28.38,0.8853651650441853,28.83,28.29,0,1002900,5026,28556148.0,1,02,010,BRBRAPACNPR2,135,PN      N1,BRADESPAR
2019-09-04,BRAP4,BRAP4,25.51622405657342,25.79954090938756,25.356858326865467,25.63132152802916,25.63132152802916,1364183,28.82,29.14,28.64,28.95,0.8853651650441853,29.14,28.64,0,1207800,5615,34973360.0,1,02,010,BRBRAPACNPR2,135,PN      N1,BRADESPAR
2019-09-05,BRAP4,BRAP4,25.89693107754242,26.206808885307886,25.808394561038,25.808394561038,25.808394561038,1553483,29.25,29.6,29.15,29.15,0.8853651650441853,29.6,29.15,0,1375400,7413,40391492.0,1,02,010,BRBRAPACNPR2,135,PN      N1,BRADESPAR
2019-09-06,BRAP4,BRAP4,25.790687257737115,25.932345684144185,25.61361422472828,25.63132152802916,25.63132152802916,830957,29.13,29.29,28.93,28.95,0.8853651650441853,29.29,28.93,0,735700,3678,21366996.0,1,02,010,BRBRAPACNPR2,135,PN      N1,BRADESPAR
2019-09-09,BRAP4,BRAP4,25.728711696184025,26.375028266666277,25.595906921427396,26.375028266666277,26.375028266666277,1252365,29.06,29.79,28.91,29.79,0.8853651650441853,29.79,28.91,0,1108800,6472,32724166.0,1,02,010,BRBRAPACNPR2,135,PN      N1,BRADESPAR
2019-09-10,BRAP4,BRAP4,26.43700382821937,26.80000354588749,26.09171141385214,26.711467029383073,26.711467029383073,1305563,29.86,30.27,29.47,30.17,0.8853651650441853,30.27,29.47,0,1155900,7048,34678501.0,1,02,010,BRBRAPACNPR2,135,PN      N1,BRADESPAR
2019-09-11,BRAP4,BRAP4,26.791149894237048,26.897393714042348,26.357320963365396,26.60522320957777,26.60522320957777,1011334,30.26,30.38,29.77,30.05,0.8853651650441853,30.38,29.77,0,895400,4069,26942046.0,1,02,010,BRBRAPACNPR2,135,PN      N1,BRADESPAR
2019-09-12,BRAP4,BRAP4,26.738027984334394,27.791612530736977,26.738027984334394,27.711929665882998,27.711929665882998,2482366,30.2,31.39,30.2,31.3,0.8853651650441853,31.39,30.2,0,2197800,12149,68136870.0,1,02,010,BRBRAPACNPR2,135,PN      N1,BRADESPAR
2019-09-13,BRAP4,BRAP4,27.791612530736977,28.030661125298906,27.61453949772814,27.685368710931673,27.685368710931673,1543205,31.39,31.66,31.19,31.27,0.8853651650441853,31.66,31.19,0,1366300,7592,42986388.0,1,02,010,BRBRAPACNPR2,135,PN      N1,BRADESPAR
2019-09-16,BRAP4,BRAP4,27.587978542776813,27.587978542776813,27.109881353652955,27.543710284524604,27.543710284524604,3318066,31.16,31.16,30.62,31.11,0.8853651650441853,31.16,30.62,0,2937700,7265,91030956.0,1,02,010,BRBRAPACNPR2,135,PN      N1,BRADESPAR
2019-09-17,BRAP4,BRAP4,27.313515341613115,27.782758879086533,27.14529596025472,27.62339314937858,27.62339314937858,1275180,30.85,31.38,30.66,31.2,0.8853651650441853,31.38,30.66,0,1129000,5835,35168060.0,1,02,010,BRBRAPACNPR2,135,PN      N1,BRADESPAR
2019-09-18,BRAP4,BRAP4,27.455173768020188,27.747344272484767,27.224978825108696,27.649954104329908,27.649954104329908,2535677,31.01,31.34,30.75,31.23,0.8853651650441853,31.34,30.75,0,2245000,8679,69887037.0,1,02,010,BRBRAPACNPR2,135,PN      N1,BRADESPAR
2019-09-19,BRAP4,BRAP4,27.66766140763079,28.01295382199802,27.29580803831223,27.782758879086533,27.782758879086533,2502470,31.25,31.64,30.83,31.38,0.8853651650441853,31.64,30.83,0,2215600,10892,69395671.0,1,02,010,BRBRAPACNPR2,135,PN      N1,BRADESPAR
2019-09-20,BRAP4,BRAP4,27.889002698891836,28.172319551705975,27.703076014232558,28.11034399015288,28.11034399015288,2137536,31.5,31.82,31.29,31.75,0.8853651650441853,31.82,31.29,0,1892500,9689,59753578.0,1,02,010,BRBRAPACNPR2,135,PN      N1,BRADESPAR
2019-09-23,BRAP4,BRAP4,27.80931983403786,28.01295382199802,27.66766140763079,27.66766140763079,27.66766140763079,972141,31.41,31.64,31.25,31.25,0.8853651650441853,31.64,31.25,0,860700,5135,27017514.0,1,02,010,BRBRAPACNPR2,135,PN      N1,BRADESPAR
2019-09-24,BRAP4,BRAP4,27.62339314937858,27.62339314937858,26.941661972294558,27.10102770200251,27.10102770200251,1315502,31.2,31.2,30.43,30.61,0.8853651650441853,31.2,30.43,0,1164700,7722,35700882.0,1,02,010,BRBRAPACNPR2,135,PN      N1,BRADESPAR
2019-09-25,BRAP4,BRAP4,27.09217405035207,27.72078331753344,26.817710849188373,27.605685846077698,27.605685846077698,4426648,30.6,31.31,30.29,31.18,0.8853651650441853,31.31,30.29,0,3919200,13145,120957733.0,1,02,010,BRBRAPACNPR2,135,PN      N1,BRADESPAR
2019-09-26,BRAP4,BRAP4,27.649954104329908,27.835880788989186,27.455173768020188,27.61453949772814,27.61453949772814,1051995,31.23,31.44,31.01,31.19,0.8853651650441853,31.44,31.01,0,931400,5580,29048665.0,1,02,010,BRBRAPACNPR2,135,PN      N1,BRADESPAR
2019-09-27,BRAP4,BRAP4,27.703076014232558,28.00410017034758,27.596832194427257,27.703076014232558,27.703076014232558,1360230,31.29,31.63,31.17,31.29,0.8853651650441853,31.63,31.17,0,1204300,6729,37745540.0,1,02,010,BRBRAPACNPR2,135,PN      N1,BRADESPAR
2019-09-30,BRAP4,BRAP4,27.694222362582117,28.13690494510421,27.490588374621954,27.942124608794487,27.942124608794487,1506610,31.28,31.78,31.05,31.56,0.8853651650441853,31.78,31.05,0,1333900,6549,42000604.0,1,02,010,BRBRAPACNPR2,135,PN      N1,BRADESPAR
2019-10-01,BRAP4,BRAP4,27.924417305493602,28.42907544956879,27.552563936175048,27.56141758782549,27.56141758782549,1410266,31.54,32.11,31.12,31.13,0.8853651650441853,32.11,31.12,0,1248600,8249,39218179.0,1,02,010,BRBRAPACNPR2,135,PN      N1,BRADESPAR
2019-10-02,BRAP4,BRAP4,27.313515341613115,27.34007629656444,26.153686975405233,26.206808885307886,26.206808885307886,2312944,30.85,30.88,29.54,29.6,0.8853651650441853,30.88,29.54,0,2047800,12139,61356438.0,1,02,010,BRBRAPACNPR2,135,PN      N1,BRADESPAR
2019-10-03,BRAP4,BRAP4,26.304199053462746,26.80000354588749,25.71100439288314,26.80000354588749,26.80000354588749,1915029,29.71,30.27,29.04,30.27,0.8853651650441853,30.27,29.04,0,1695500,9130,50659769.0,1,02,010,BRBRAPACNPR2,135,PN      N1,BRADESPAR
2019-10-04,BRAP4,BRAP4,26.764588939285723,27.844734440639627,26.693759726082185,27.765051575785648,27.765051575785648,2037351,30.23,31.45,30.15,31.36,0.8853651650441853,31.45,30.15,0,1803800,12287,55843676.0,1,02,010,BRBRAPACNPR2,135,PN      N1,BRADESPAR
2019-10-07,BRAP4,BRAP4,27.543710284524604,27.977539215396256,27.18956421850693,27.38434455481665,27.38434455481665,1287604,31.11,31.6,30.71,30.93,0.8853651650441853,31.6,30.71,0,1140000,6659,35433932.0,1,02,010,BRBRAPACNPR2,135,PN      N1,BRADESPAR
2019-10-08,BRAP4,BRAP4,27.455173768020188,27.596832194427257,26.70261337773263,27.083320398701627,27.083320398701627,2288321,31.01,31.17,30.16,30.59,0.8853651650441853,31.17,30.16,0,2026000,10034,61714252.0,1,02,010,BRBRAPACNPR2,135,PN      N1,BRADESPAR
2019-10-09,BRAP4,BRAP4,27.24268612840958,27.38434455481665,26.977076578896323,27.127588656953836,27.127588656953836,981290,30.77,30.93,30.47,30.64,0.8853651650441853,30.93,30.47,0,868800,5465,26675622.0,1,02,010,BRBRAPACNPR2,135,PN      N1,BRADESPAR
2019-10-10,BRAP4,BRAP4,27.118735005303392,28.216587809958185,27.039052140449417,27.880149047241392,27.880149047241392,1370169,30.63,31.87,30.54,31.49,0.8853651650441853,31.87,30.54,0,1213100,6390,38272936.0,1,02,010,BRBRAPACNPR2,135,PN      N1,BRADESPAR
2019-10-11,BRAP4,BRAP4,28.11034399015288,28.80092881888735,28.11034399015288,28.615002134228067,28.615002134228067,1960999,31.75,32.53,31.75,32.32,0.8853651650441853,32.53,31.75,0,1736200,10720,56100811.0,1,02,010,BRBRAPACNPR2,135,PN      N1,BRADESPAR
2019-10-14,BRAP4,BRAP4,28.491051011121883,28.588441179276742,28.23429511325907,28.561880224325414,28.561880224325414,729417,32.18,32.29,31.89,32.26,0.8853651650441853,32.29,31.89,0,645800,3877,20767742.0,1,02,010,BRBRAPACNPR2,135,PN      N1,BRADESPAR
2019-10-15,BRAP4,BRAP4,28.553026572674977,28.738953257334256,28.260856068210394,28.721245954033368,28.721245954033368,1436921,32.25,32.46,31.92,32.44,0.8853651650441853,32.46,31.92,0,1272200,7258,41075641.0,1,02,010,BRBRAPACNPR2,135,PN      N1,BRADESPAR
2019-10-16,BRAP4,BRAP4,28.703538650732487,28.703538650732487,28.16346590005553,28.358246236365254,28.358246236365254,1724147,32.42,32.42,31.81,32.03,0.8853651650441853,32.42,31.81,0,1526500,9814,48895644.0,1,02,010,BRBRAPACNPR2,135,PN      N1,BRADESPAR
2019-10-17,BRAP4,BRAP4,28.464490056170554,28.464490056170554,27.986392867046696,28.154612248405094,28.154612248405094,1520728,32.15,32.15,31.61,31.8,0.8853651650441853,32.15,31.61,0,1346400,6938,42791877.0,1,02,010,BRBRAPACNPR2,135,PN      N1,BRADESPAR
2019-10-18,BRAP4,BRAP4,28.252002416559954,28.322831629763485,27.455173768020188,27.587978542776813,27.587978542776813,1952754,31.91,31.99,31.01,31.16,0.8853651650441853,31.99,31.01,0,1728900,7739,54216171.0,1,02,010,BRBRAPACNPR2,135,PN      N1,BRADESPAR
2019-10-21,BRAP4,BRAP4,27.676515059281233,27.986392867046696,27.534856632874163,27.933270957144046,27.933270957144046,1831109,31.26,31.61,31.1,31.55,0.8853651650441853,31.61,31.1,0,1621200,7720,50945358.0,1,02,010,BRBRAPACNPR2,135,PN      N1,BRADESPAR
2019-10-22,BRAP4,BRAP4,27.96868556374581,28.04836842859979,27.711929665882998,27.844734440639627,27.844734440639627,2116980,31.59,31.68,31.3,31.45,0.8853651650441853,31.68,31.3,0,1874300,9300,59004189.0,1,02,010,BRBRAPACNPR2,135,PN      N1,BRADESPAR
2019-10-23,BRAP4,BRAP4,27.844734440639627,28.06607573190067,27.649954104329908,27.703076014232558,27.703076014232558,898951,31.45,31.7,31.23,31.29,0.8853651650441853,31.7,31.23,0,795900,4533,25019739.0,1,02,010,BRBRAPACNPR2,135,PN      N1,BRADESPAR
2019-10-24,BRAP4,BRAP4,27.889002698891836,27.95097826044493,27.269247083360906,27.38434455481665,27.38434455481665,1665302,31.5,31.57,30.8,30.93,0.8853651650441853,31.57,30.8,0,1474400,8273,45671961.0,1,02,010,BRBRAPACNPR2,135,PN      N1,BRADESPAR
2019-10-25,BRAP4,BRAP4,27.543710284524604,28.561880224325414,27.490588374621954,28.499904662772323,28.499904662772323,1794062,31.11,32.26,31.05,32.19,0.8853651650441853,32.26,31.05,0,1588400,7476,50712212.0,1,02,010,BRBRAPACNPR2,135,PN      N1,BRADESPAR
2019-10-28,BRAP4,BRAP4,28.499904662772323,29.09309932335193,28.42907544956879,28.79207516723691,28.79207516723691,1369943,32.19,32.86,32.11,32.52,0.8853651650441853,32.86,32.11,0,1212900,6489,39473086.0,1,02,010,BRBRAPACNPR2,135,PN      N1,BRADESPAR
2019-10-29,BRAP4,BRAP4,28.79207516723691,29.039977413449275,28.473343707820995,28.809782470537787,28.809782470537787,1421899,32.52,32.8,32.16,32.54,0.8853651650441853,32.8,32.16,0,1258900,7063,40815686.0,1,02,010,BRBRAPACNPR2,135,PN      N1,BRADESPAR
2019-10-30,BRAP4,BRAP4,28.685831347431602,29.039977413449275,28.367099888015694,28.924879941993535,28.924879941993535,1293365,32.4,32.8,32.04,32.67,0.8853651650441853,32.8,32.04,0,1145100,6609,37076125.0,1,02,010,BRBRAPACNPR2,135,PN      N1,BRADESPAR
2019-10-31,BRAP4,BRAP4,28.659270392480273,28.827489773838675,27.871295395590952,28.34053893306437,28.34053893306437,1674789,32.37,32.56,31.48,32.01,0.8853651650441853,32.56,31.48,0,1482800,7211,47251437.0,1,02,010,BRBRAPACNPR2,135,PN      N1,BRADESPAR
2019-11-01,BRAP4,BRAP4,28.508758314422767,28.97800185189618,28.499904662772323,28.845197077139556,28.845197077139556,1414671,32.2,32.73,32.19,32.58,0.8853651650441853,32.73,32.19,0,1252500,6601,40804295.0,1,02,010,BRBRAPACNPR2,135,PN      N1,BRADESPAR
2019-11-04,BRAP4,BRAP4,28.907172638692646,29.473806344320927,28.87175803209088,29.394123479466952,29.394123479466952,2986564,32.65,33.29,32.61,33.2,0.8853651650441853,33.29,32.61,0,2644200,4689,87102834.0,1,02,010,BRBRAPACNPR2,135,PN      N1,BRADESPAR
2019-11-05,BRAP4,BRAP4,29.420684434418273,29.606611119077552,28.97800185189618,29.287879659661648,29.287879659661648,1053915,33.23,33.44,32.73,33.08,0.8853651650441853,33.44,32.73,0,933100,4820,30795704.0,1,02,010,BRBRAPACNPR2,135,PN      N1,BRADESPAR
2019-11-06,BRAP4,BRAP4,29.217050446458114,29.42953808606872,28.76551421228558,29.42953808606872,29.42953808606872,1190017,33.0,33.24,32.49,33.24,0.8853651650441853,33.24,32.49,0,1053600,5511,34764510.0,1,02,010,BRBRAPACNPR2,135,PN      N1,BRADESPAR
2019-11-07,BRAP4,BRAP4,29.456099041020046,29.792537803736835,29.394123479466952,29.63317207402888,29.63317207402888,1022855,33.27,33.65,33.2,33.47,0.8853651650441853,33.65,33.2,0,905600,5261,30286154.0,1,02,010,BRBRAPACNPR2,135,PN      N1,BRADESPAR
2019-11-08,BRAP4,BRAP4,29.305586962962533,29.35870887286518,28.836343425489115,29.341001569564302,29.341001569564302,1624753,33.1,33.16,32.57,33.14,0.8853651650441853,33.16,32.57,0,1438500,8569,47400803.0,1,02,010,BRBRAPACNPR2,135,PN      N1,BRADESPAR
2019-11-11,BRAP4,BRAP4,28.95144089694486,28.99570915519707,28.57073387597586,28.747806908984696,28.747806908984696,1526376,32.7,32.75,32.27,32.47,0.8853651650441853,32.75,32.27,0,1351400,8497,43814236.0,1,02,010,BRBRAPACNPR2,135,PN      N1,BRADESPAR
2019-11-12,BRAP4,BRAP4,28.66812404413072,28.95144089694486,28.33168528141393,28.85405072879,28.85405072879,1451830,32.38,32.7,32.0,32.59,0.8853651650441853,32.7,32.0,0,1285400,6865,41628578.0,1,02,010,BRBRAPACNPR2,135,PN      N1,BRADESPAR
2019-11-13,BRAP4,BRAP4,28.685831347431602,28.78322151558646,28.11034399015288,28.28741702316172,28.28741702316172,1779266,32.4,32.51,31.75,31.95,0.8853651650441853,32.51,31.75,0,1575300,6851,50364529.0,1,02,010,BRBRAPACNPR2,135,PN      N1,BRADESPAR
2019-11-14,BRAP4,BRAP4,28.305124326462604,28.659270392480273,28.181173203356416,28.473343707820995,28.473343707820995,1814280,31.97,32.37,31.83,32.16,0.8853651650441853,32.37,31.83,0,1606300,7989,51743902.0,1,02,010,BRBRAPACNPR2,135,PN      N1,BRADESPAR
2019-11-18,BRAP4,BRAP4,29.217050446458114,29.217050446458114,28.526465617723648,28.67697769578116,28.67697769578116,1409588,33.0,33.0,32.22,32.39,0.8853651650441853,33.0,32.22,0,1248000,7107,40441499.0,1,02,010,BRBRAPACNPR2,135,PN      N1,BRADESPAR
2019-11-19,BRAP4,BRAP4,28.97800185189618,29.10195297500237,28.57073387597586,28.942587245294416,28.942587245294416,1238020,32.73,32.87,32.27,32.69,0.8853651650441853,32.87,32.27,0,1096100,5806,35618943.0,1,02,010,BRBRAPACNPR2,135,PN      N1,BRADESPAR
2019-11-21,BRAP4,BRAP4,28.76551421228558,29.447245389369602,28.738953257334256,29.447245389369602,29.447245389369602,1318213,32.49,33.26,32.46,33.26,0.8853651650441853,33.26,32.46,0,1167100,6430,38517045.0,1,02,010,BRBRAPACNPR2,135,PN      N1,BRADESPAR
2019-11-22,BRAP4,BRAP4,29.43839173771916,30.18209847635628,29.385269827816508,30.18209847635628,30.18209847635628,1182563,33.25,34.09,33.19,34.09,0.8853651650441853,34.09,33.19,0,1047000,5306,35417558.0,1,02,010,BRBRAPACNPR2,135,PN      N1,BRADESPAR
2019-11-25,BRAP4,BRAP4,30.27948864451114,30.704463923732344,30.01387909499788,30.067001004900533,30.067001004900533,1931971,34.2,34.68,33.9,33.96,0.8853651650441853,34.68,33.9,0,1710500,8917,58511586.0,1,02,010,BRBRAPACNPR2,135,PN      N1,BRADESPAR
2019-11-26,BRAP4,BRAP4,30.1024156115023,30.8638296534403,29.889927971891694,30.828415046838533,30.828415046838533,1622833,34.0,34.86,33.76,34.82,0.8853651650441853,34.86,33.76,0,1436800,7679,49532226.0,1,02,010,BRBRAPACNPR2,135,PN      N1,BRADESPAR
2019-11-27,BRAP4,BRAP4,30.615927407227925,30.899244260042064,30.297195947812018,30.819561395188092,30.819561395188092,1184822,34.58,34.9,34.22,34.81,0.8853651650441853,34.9,34.22,0,1049000,7592,36310537.0,1,02,010,BRBRAPACNPR2,135,PN      N1,BRADESPAR
2019-11-28,BRAP4,BRAP4,30.76643948528544,30.987780776546483,30.27948864451114,30.27948864451114,30.27948864451114,960959,34.75,35.0,34.2,34.2,0.8853651650441853,35.0,34.2,0,850800,5531,29343573.0,1,02,010,BRBRAPACNPR2,135,PN      N1,BRADESPAR
2019-11-29,BRAP4,BRAP4,30.67790296878102,30.67790296878102,30.137830218104067,30.27948864451114,30.27948864451114,1051205,34.65,34.65,34.04,34.2,0.8853651650441853,34.65,34.04,0,930700,6246,31889394.0,1,02,010,BRBRAPACNPR2,135,PN      N1,BRADESPAR
2019-12-02,BRAP4,BRAP4,30.11126926315274,31.138292854603996,30.11126926315274,31.094024596351783,31.094024596351783,1409136,34.01,35.17,34.01,35.12,0.8853651650441853,35.17,34.01,0,1247600,8521,43546412.0,1,02,010,BRBRAPACNPR2,135,PN      N1,BRADESPAR
2019-12-03,BRAP4,BRAP4,31.032049034798693,31.067463641400465,30.368025161015552,30.4831226324713,30.4831226324713,1208315,35.05,35.09,34.3,34.43,0.8853651650441853,35.09,34.3,0,1069800,5420,36853212.0,1,02,010,BRBRAPACNPR2,135,PN      N1,BRADESPAR
2019-12-04,BRAP4,BRAP4,30.633634710528813,30.87268330509074,30.49197628412174,30.49197628412174,30.49197628412174,875458,34.6,34.87,34.44,34.44,0.8853651650441853,34.87,34.44,0,775100,4602,26822502.0,1,02,010,BRBRAPACNPR2,135,PN      N1,BRADESPAR
2019-12-05,BRAP4,BRAP4,30.722171227033233,31.518999875572998,30.58051280062616,31.359634145865044,31.359634145865044,1785026,34.7,35.6,34.54,35.42,0.8853651650441853,35.6,34.54,0,1580400,7705,55567704.0,1,02,010,BRBRAPACNPR2,135,PN      N1,BRADESPAR
2019-12-06,BRAP4,BRAP4,31.457024314019904,31.69607290858183,31.350780494214597,31.63409734702874,31.63409734702874,1021048,35.53,35.8,35.41,35.73,0.8853651650441853,35.8,35.41,0,904000,6382,32230941.0,1,02,010,BRBRAPACNPR2,135,PN      N1,BRADESPAR
2019-12-09,BRAP4,BRAP4,32.18302374935614,32.26270661421011,31.572121785475645,31.820024031688018,31.820024031688018,979257,36.35,36.44,35.66,35.94,0.8853651650441853,36.44,35.66,0,867000,5597,31254446.0,1,02,010,BRBRAPACNPR2,135,PN      N1,BRADESPAR
2019-12-10,BRAP4,BRAP4,31.917414199842877,32.00595071634729,31.40390240411725,32.00595071634729,32.00595071634729,1375026,36.05,36.15,35.47,36.15,0.8853651650441853,36.15,35.47,0,1217400,8117,43732392.0,1,02,010,BRBRAPACNPR2,135,PN      N1,BRADESPAR
2019-12-11,BRAP4,BRAP4,32.00595071634729,32.30697487246232,31.722633863533158,32.22729200760834,32.22729200760834,1173188,36.15,36.49,35.83,36.4,0.8853651650441853,36.49,35.83,0,1038700,5556,37669482.0,1,02,010,BRBRAPACNPR2,135,PN      N1,BRADESPAR
2019-12-12,BRAP4,BRAP4,32.33353582741365,32.749657454984415,32.10334088450216,32.749657454984415,32.749657454984415,1558679,36.52,36.99,36.26,36.99,0.8853651650441853,36.99,36.26,0,1380000,6560,50591179.0,1,02,010,BRBRAPACNPR2,135,PN      N1,BRADESPAR
2019-12-13,BRAP4,BRAP4,32.935584139643694,33.48451054197109,32.56373077032514,33.48451054197109,33.48451054197109,1272018,37.2,37.82,36.78,37.82,0.8853651650441853,37.82,36.78,0,1126200,6022,42011267.0,1,02,010,BRBRAPACNPR2,135,PN      N1,BRADESPAR
2019-12-16,BRAP4,BRAP4,33.73241278818346,33.82094930468788,33.404827677117105,33.42253498041799,33.42253498041799,1299690,38.1,38.2,37.73,37.75,0.8853651650441853,38.2,37.73,0,1150700,5762,43658561.0,1,02,010,BRBRAPACNPR2,135,PN      N1,BRADESPAR
2019-12-17,BRAP4,BRAP4,33.342852115564014,33.59075436177639,33.15692543090474,33.31629116061269,33.31629116061269,1282070,37.66,37.94,37.45,37.63,0.8853651650441853,37.94,37.45,0,1135100,6865,42774406.0,1,02,010,BRBRAPACNPR2,135,PN      N1,BRADESPAR
2019-12-18,BRAP4,BRAP4,33.28087655401093,33.37826672216579,32.758511106634856,33.112657172652526,33.112657172652526,2477622,37.59,37.7,37.0,37.4,0.8853651650441853,37.7,37.0,0,2193600,8555,82016907.0,1,02,010,BRBRAPACNPR2,135,PN      N1,BRADESPAR
2019-12-19,BRAP4,BRAP4,33.121510824302966,33.44024228371888,32.988706049546344,33.201193689156945,33.201193689156945,1602051,37.41,37.77,37.26,37.5,0.8853651650441853,37.77,37.26,0,1418400,7354,53252731.0,1,02,010,BRBRAPACNPR2,135,PN      N1,BRADESPAR
2019-12-20,BRAP4,BRAP4,33.3605594188649,33.99802233769671,33.201193689156945,33.54648610352418,33.54648610352418,2262682,37.68,38.4,37.5,37.89,0.8853651650441853,38.4,37.5,0,2003300,6657,76033033.0,1,02,010,BRBRAPACNPR2,135,PN      N1,BRADESPAR
2019-12-23,BRAP4,BRAP4,33.58190071012595,34.077705202550696,33.36941307051534,34.02458329264804,34.02458329264804,1904977,37.93,38.49,37.69,38.43,0.8853651650441853,38.49,37.69,0,1686600,8846,64400319.0,1,02,010,BRBRAPACNPR2,135,PN      N1,BRADESPAR
2019-12-26,BRAP4,BRAP4,34.04229059594893,34.60007064992676,33.90948582119229,34.573509694975435,34.573509694975435,3686953,38.45,39.08,38.3,39.05,0.8853651650441853,39.08,38.3,0,3264300,6230,126806849.0,1,02,010,BRBRAPACNPR2,135,PN      N1,BRADESPAR
2019-12-27,BRAP4,BRAP4,34.8833875027409,34.8833875027409,34.31675379711262,34.67975351478074,34.67975351478074,1976924,39.4,39.4,38.76,39.17,0.8853651650441853,39.4,38.76,0,1750300,8765,68298208.0,1,02,010,BRBRAPACNPR2,135,PN      N1,BRADESPAR
2019-12-30,BRAP4,BRAP4,34.05999789924981,34.387583010316156,33.60846166507727,33.89177851789141,33.89177851789141,1776442,38.47,38.84,37.96,38.28,0.8853651650441853,38.84,37.96,0,1572800,6604,60255324.0,1,02,010,BRBRAPACNPR2,136,PN  EJ  N1,BRADESPAR
2020-01-02,BRAP4,BRAP4,34.183949022355996,34.5026804817719,33.67043722663037,33.67043722663037,33.67043722663037,2658564,38.61,38.97,38.03,38.03,0.8853651650441853,38.97,38.03,0,2353800,9788,90149186.0,1,02,010,BRBRAPACNPR2,136,PN  EJ  N1,BRADESPAR
2020-01-03,BRAP4,BRAP4,33.55533975517462,34.21936362895776,33.41368132876755,34.14853441575423,34.14853441575423,2331129,37.9,38.65,37.74,38.57,0.8853651650441853,38.65,37.74,0,2063900,8018,79280632.0,1,02,010,BRBRAPACNPR2,136,PN  EJ  N1,BRADESPAR
2020-01-06,BRAP4,BRAP4,33.99802233769671,34.30790014546218,33.61731531672771,34.30790014546218,34.30790014546218,1878886,38.4,38.75,37.97,38.75,0.8853651650441853,38.75,37.97,0,1663500,9783,64083820.0,1,02,010,BRBRAPACNPR2,136,PN  EJ  N1,BRADESPAR
2020-01-07,BRAP4,BRAP4,34.08655885420114,34.706314469732064,34.00687598934715,34.458412223519694,34.458412223519694,1289299,38.5,39.2,38.41,38.92,0.8853651650441853,39.2,38.41,0,1141500,6112,44335465.0,1,02,010,BRBRAPACNPR2,136,PN  EJ  N1,BRADESPAR
2020-01-08,BRAP4,BRAP4,34.529241436723225,34.856826547789574,34.1219734608029,34.44955857186925,34.44955857186925,1253494,39.0,39.37,38.54,38.91,0.8853651650441853,39.37,38.54,0,1109800,6593,43238761.0,1,02,010,BRBRAPACNPR2,136,PN  EJ  N1,BRADESPAR
2020-01-09,BRAP4,BRAP4,34.458412223519694,34.573509694975435,33.75897374313479,34.00687598934715,34.00687598934715,1260497,38.92,39.05,38.13,38.41,0.8853651650441853,39.05,38.13,0,1116000,7845,42902541.0,1,02,010,BRBRAPACNPR2,136,PN  EJ  N1,BRADESPAR
2020-01-10,BRAP4,BRAP4,34.02458329264804,34.458412223519694,33.77668104643567,33.90063216954185,33.90063216954185,1278568,38.43,38.92,38.15,38.29,0.8853651650441853,38.92,38.15,0,1132000,6863,43638232.0,1,02,010,BRBRAPACNPR2,136,PN  EJ  N1,BRADESPAR
2020-01-13,BRAP4,BRAP4,34.35216840371439,35.45002120836918,34.334461100413506,35.32607008526299,35.32607008526299,2740790,38.8,40.04,38.78,39.9,0.8853651650441853,40.04,38.78,0,2426600,11683,96027517.0,1,02,010,BRBRAPACNPR2,136,PN      N1,BRADESPAR
2020-01-14,BRAP4,BRAP4,35.41460660176741,35.848435532639066,35.12243609730283,35.66250884797979,35.66250884797979,1463125,40.0,40.49,39.67,40.28,0.8853651650441853,40.49,39.67,0,1295400,6494,52010739.0,1,02,010,BRBRAPACNPR2,136,PN      N1,BRADESPAR
2020-01-15,BRAP4,BRAP4,35.50314311827183,35.8130209260373,35.24638722040902,35.751045364484206,35.751045364484206,1528635,40.1,40.45,39.81,40.38,0.8853651650441853,40.45,39.81,0,1353400,8527,54357446.0,1,02,010,BRBRAPACNPR2,136,PN      N1,BRADESPAR
2020-01-16,BRAP4,BRAP4,35.90155744254171,36.060923172249666,35.33492373691343,35.62709424137802,35.62709424137802,2133583,40.55,40.73,39.91,40.24,0.8853651650441853,40.73,39.91,0,1889000,9725,75987174.0,1,02,010,BRBRAPACNPR2,136,PN      N1,BRADESPAR
2020-01-17,BRAP4,BRAP4,36.131752385453204,37.15877597690446,36.131752385453204,37.15877597690446,37.15877597690446,8465095,40.81,41.97,40.81,41.97,0.8853651650441853,41.97,40.81,0,7494700,11088,307214730.0,1,02,010,BRBRAPACNPR2,136,PN      N1,BRADESPAR
2020-01-20,BRAP4,BRAP4,36.92858103399297,37.530629346223016,36.56558131632485,37.530629346223016,37.530629346223016,1998723,41.71,42.39,41.3,42.39,0.8853651650441853,42.39,41.3,0,1769600,6451,73808706.0,1,02,010,BRBRAPACNPR2,136,PN      N1,BRADESPAR
2020-01-21,BRAP4,BRAP4,37.14106867360358,37.31814170661241,36.689532439431034,36.82233721418767,36.82233721418767,4165400,41.95,42.15,41.44,41.59,0.8853651650441853,42.15,41.44,0,3687900,15138,154231315.0,1,02,010,BRBRAPACNPR2,136,PN      N1,BRADESPAR
2020-01-22,BRAP4,BRAP4,37.14106867360358,37.40667822311683,36.81348356253722,37.40667822311683,37.40667822311683,1854602,41.95,42.25,41.58,42.25,0.8853651650441853,42.25,41.58,0,1642000,7341,68975158.0,1,02,010,BRBRAPACNPR2,136,PN      N1,BRADESPAR
2020-01-23,BRAP4,BRAP4,36.99055659554606,37.09680041535136,36.12289873380276,36.88431277574075,36.88431277574075,2287757,41.78,41.9,40.8,41.66,0.8853651650441853,41.9,40.8,0,2025500,9985,83783695.0,1,02,010,BRBRAPACNPR2,136,PN      N1,BRADESPAR
2020-01-24,BRAP4,BRAP4,36.88431277574075,36.9551419889443,35.82187457768774,36.15831334040453,36.15831334040453,1864203,41.66,41.74,40.46,40.84,0.8853651650441853,41.74,40.46,0,1650500,9417,67553828.0,1,02,010,BRBRAPACNPR2,136,PN      N1,BRADESPAR
2020-01-27,BRAP4,BRAP4,34.97192401924532,34.97192401924532,33.87407121459053,33.87407121459053,33.87407121459053,2863677,39.5,39.5,38.26,38.26,0.8853651650441853,39.5,38.26,0,2535400,12805,98323838.0,1,02,010,BRBRAPACNPR2,136,PN      N1,BRADESPAR
2020-01-28,BRAP4,BRAP4,34.21050997730732,34.617777953227645,33.81209565303743,33.86521756294009,33.86521756294009,1735216,38.64,39.1,38.19,38.25,0.8853651650441853,39.1,38.19,0,1536300,7978,59076877.0,1,02,010,BRBRAPACNPR2,136,PN      N1,BRADESPAR
2020-01-29,BRAP4,BRAP4,33.99802233769671,34.2901928421613,33.17463273420562,33.22775464410827,33.22775464410827,1864428,38.4,38.73,37.47,37.53,0.8853651650441853,38.73,37.47,0,1650700,9164,62520592.0,1,02,010,BRBRAPACNPR2,136,PN      N1,BRADESPAR
2020-01-30,BRAP4,BRAP4,32.82934031983839,33.51992514857285,32.61685268022779,33.35170576721446,33.35170576721446,1993415,37.08,37.86,36.84,37.67,0.8853651650441853,37.86,36.84,0,1764900,9618,65745415.0,1,02,010,BRBRAPACNPR2,136,PN      N1,BRADESPAR
2020-01-31,BRAP4,BRAP4,33.28973020566137,33.28973020566137,32.47519425382072,32.7673647582853,32.7673647582853,1953092,37.6,37.6,36.68,37.01,0.8853651650441853,37.6,36.68,0,1729200,10325,64026671.0,1,02,010,BRBRAPACNPR2,136,PN      N1,BRADESPAR
2020-02-03,BRAP4,BRAP4,32.962145094595016,33.44024228371888,32.47519425382072,33.3605594188649,33.3605594188649,1048268,37.23,37.77,36.68,37.68,0.8853651650441853,37.77,36.68,0,928100,6100,34767923.0,1,02,010,BRBRAPACNPR2,136,PN      N1,BRADESPAR
2020-02-04,BRAP4,BRAP4,33.96260773109495,34.369875707015275,33.87407121459053,34.175095370705556,34.175095370705556,1317987,38.36,38.82,38.26,38.6,0.8853651650441853,38.82,38.26,0,1166900,6336,45005763.0,1,02,010,BRBRAPACNPR2,136,PN      N1,BRADESPAR
2020-02-05,BRAP4,BRAP4,34.76829003128516,35.06046053574974,34.29904649381174,34.40529031361704,34.40529031361704,1728778,39.27,39.6,38.74,38.86,0.8853651650441853,39.6,38.74,0,1530600,8914,59734621.0,1,02,010,BRBRAPACNPR2,136,PN      N1,BRADESPAR
2020-02-06,BRAP4,BRAP4,34.794850986236476,34.93650941264355,34.13968076410379,34.467265875170135,34.467265875170135,6096355,39.3,39.46,38.56,38.93,0.8853651650441853,39.46,38.56,0,5397500,8049,211982220.0,1,02,010,BRBRAPACNPR2,136,PN      N1,BRADESPAR
2020-02-07,BRAP4,BRAP4,34.361022055364835,34.422997616917925,33.48451054197109,33.48451054197109,33.48451054197109,1326910,38.81,38.88,37.82,37.82,0.8853651650441853,38.88,37.82,0,1174800,7082,44832629.0,1,02,010,BRBRAPACNPR2,136,PN      N1,BRADESPAR
2020-02-10,BRAP4,BRAP4,33.48451054197109,33.54648610352418,32.45748695051983,32.67882824178088,32.67882824178088,1534395,37.82,37.89,36.66,36.91,0.8853651650441853,37.89,36.66,0,1358500,6131,50383766.0,1,02,010,BRBRAPACNPR2,136,PN      N1,BRADESPAR
2020-02-11,BRAP4,BRAP4,33.024120656148106,34.21050997730732,32.900169533041925,34.21050997730732,34.21050997730732,2219197,37.3,38.64,37.16,38.64,0.8853651650441853,38.64,37.16,0,1964800,9475,75088419.0,1,02,010,BRBRAPACNPR2,136,PN      N1,BRADESPAR
2020-02-12,BRAP4,BRAP4,34.520387785072785,34.97192401924532,34.458412223519694,34.520387785072785,34.520387785072785,2028654,38.99,39.5,38.92,38.99,0.8853651650441853,39.5,38.92,0,1796100,11631,70382659.0,1,02,010,BRBRAPACNPR2,136,PN      N1,BRADESPAR
2020-02-13,BRAP4,BRAP4,34.0157296409976,34.15738806740467,33.51107149692241,33.80324200138699,33.80324200138699,1095254,38.42,38.58,37.85,38.18,0.8853651650441853,38.58,37.85,0,969700,5178,36955240.0,1,02,010,BRBRAPACNPR2,136,PN      N1,BRADESPAR
2020-02-14,BRAP4,BRAP4,33.67929087828081,33.75897374313479,33.17463273420562,33.22775464410827,33.22775464410827,1761985,38.04,38.13,37.47,37.53,0.8853651650441853,38.13,37.47,0,1560000,6771,58849644.0,1,02,010,BRBRAPACNPR2,136,PN      N1,BRADESPAR
2020-02-17,BRAP4,BRAP4,33.43138863206843,34.529241436723225,33.41368132876755,34.529241436723225,34.529241436723225,1244684,37.76,39.0,37.74,39.0,0.8853651650441853,39.0,37.74,0,1102000,5679,42497093.0,1,02,010,BRBRAPACNPR2,136,PN      N1,BRADESPAR
2020-02-18,BRAP4,BRAP4,34.440704920218806,34.440704920218806,33.83865660798876,34.21050997730732,34.21050997730732,1159522,38.9,38.9,38.22,38.64,0.8853651650441853,38.9,38.22,0,1026600,6079,39512043.0,1,02,010,BRBRAPACNPR2,136,PN      N1,BRADESPAR
2020-02-19,BRAP4,BRAP4,34.35216840371439,34.60007064992676,33.91833947284274,34.51153413342234,34.51153413342234,1045444,38.8,39.08,38.31,38.98,0.8853651650441853,39.08,38.31,0,925600,5148,35910921.0,1,02,010,BRBRAPACNPR2,136,PN      N1,BRADESPAR
2020-02-20,BRAP4,BRAP4,34.538095088373666,34.75058272798427,33.90948582119229,33.90948582119229,33.90948582119229,1258012,39.01,39.25,38.3,38.3,0.8853651650441853,39.25,38.3,0,1113800,7641,43109069.0,1,02,010,BRBRAPACNPR2,136,PN      N1,BRADESPAR
2020-02-21,BRAP4,BRAP4,33.82094930468788,33.82094930468788,32.53716981537381,33.395974025466664,33.395974025466664,1598437,38.2,38.2,36.75,37.72,0.8853651650441853,38.2,36.75,0,1415200,7179,52843119.0,1,02,010,BRBRAPACNPR2,136,PN      N1,BRADESPAR
2020-02-26,BRAP4,BRAP4,30.987780776546483,31.40390240411725,30.093561959851858,30.190952128006717,30.190952128006717,2303908,35.0,35.47,33.99,34.1,0.8853651650441853,35.47,33.99,0,2039800,11212,70517200.0,1,02,010,BRBRAPACNPR2,136,PN      N1,BRADESPAR
2020-02-27,BRAP4,BRAP4,30.058147353250092,30.155537521404952,28.907172638692646,29.119660278303254,29.119660278303254,2428828,33.95,34.06,32.65,32.89,0.8853651650441853,34.06,32.65,0,2150400,12250,71861546.0,1,02,010,BRBRAPACNPR2,136,PN      N1,BRADESPAR
2020-02-28,BRAP4,BRAP4,29.119660278303254,29.562342860825346,28.24314876490951,29.562342860825346,29.562342860825346,2961942,32.89,33.39,31.9,33.39,0.8853651650441853,33.39,31.9,0,2622400,13112,85789589.0,1,02,010,BRBRAPACNPR2,136,PN      N1,BRADESPAR
2020-03-02,BRAP4,BRAP4,29.615464770728,30.943512518294277,29.402977131117392,30.624781058878373,30.624781058878373,2613498,33.45,34.95,33.21,34.59,0.8853651650441853,34.95,33.21,0,2313900,13988,79303217.0,1,02,010,BRBRAPACNPR2,136,PN      N1,BRADESPAR
2020-03-03,BRAP4,BRAP4,30.722171227033233,31.95282880644465,30.120122914803186,30.190952128006717,30.190952128006717,2383988,34.7,36.09,34.02,34.1,0.8853651650441853,36.09,34.02,0,2110700,11885,73956511.0,1,02,010,BRBRAPACNPR2,136,PN      N1,BRADESPAR
2020-03-04,BRAP4,BRAP4,31.191414764506643,31.341926842564156,30.44770802586953,31.032049034798693,31.032049034798693,2396299,35.23,35.4,34.39,35.05,0.8853651650441853,35.4,34.39,0,2121600,11389,74047016.0,1,02,010,BRBRAPACNPR2,136,PN      N1,BRADESPAR
2020-03-05,BRAP4,BRAP4,30.509683587422625,30.722171227033233,29.270172356360767,29.615464770728,29.615464770728,2403302,34.46,34.7,33.06,33.45,0.8853651650441853,34.7,33.06,0,2127800,13408,72180878.0,1,02,010,BRBRAPACNPR2,136,PN      N1,BRADESPAR
2020-03-06,BRAP4,BRAP4,28.42907544956879,29.296733311312092,27.96868556374581,28.738953257334256,28.738953257334256,2507214,32.11,33.09,31.59,32.46,0.8853651650441853,33.09,31.59,0,2219800,10574,71715789.0,1,02,010,BRBRAPACNPR2,136,PN      N1,BRADESPAR
2020-03-09,BRAP4,BRAP4,26.259930795210536,26.26878444686098,23.83403024298947,24.347542038715094,24.347542038715094,4168562,29.66,29.67,26.92,27.5,0.8853651650441853,29.67,26.92,0,3690700,18397,104769113.0,1,02,010,BRBRAPACNPR2,136,PN      N1,BRADESPAR
2020-03-10,BRAP4,BRAP4,26.60522320957777,28.322831629763485,25.622467876378725,27.85358809229007,27.85358809229007,5167924,30.05,31.99,28.94,31.46,0.8853651650441853,31.99,28.94,0,4575500,18148,139162324.0,1,02,010,BRBRAPACNPR2,136,PN      N1,BRADESPAR
2020-03-11,BRAP4,BRAP4,27.012491185498096,27.446320116369744,24.232444567259353,25.622467876378725,25.622467876378725,3881675,30.51,31.0,27.37,28.94,0.8853651650441853,31.0,27.37,0,3436700,17434,99633335.0,1,02,010,BRBRAPACNPR2,136,PN      N1,BRADESPAR
2020-03-12,BRAP4,BRAP4,22.6564945734807,23.09032350435235,20.59359373892775,23.09032350435235,23.09032350435235,4507858,25.59,26.08,23.26,26.08,0.8853651650441853,26.08,23.26,0,3991100,10251,100833823.0,1,02,010,BRBRAPACNPR2,136,PN      N1,BRADESPAR
2020-03-13,BRAP4,BRAP4,26.498979389772465,27.62339314937858,23.85173754629035,27.304661689962675,27.304661689962675,5961947,29.93,31.2,26.94,30.84,0.8853651650441853,31.2,26.94,0,5278500,26603,153648950.0,1,02,010,BRBRAPACNPR2,136,PN      N1,BRADESPAR
2020-03-16,BRAP4,BRAP4,23.019494291148817,26.074004110551257,22.576811708626725,24.22359091560891,24.22359091560891,4723475,26.0,29.45,25.5,27.36,0.8853651650441853,29.45,25.5,0,4182000,21024,117094226.0,1,02,010,BRBRAPACNPR2,136,PN      N1,BRADESPAR
2020-03-17,BRAP4,BRAP4,25.02041956414868,26.844271804139698,24.32098108376377,25.84380916763977,25.84380916763977,5292957,28.26,30.32,27.47,29.19,0.8853651650441853,30.32,27.47,0,4686200,22217,138194640.0,1,02,010,BRBRAPACNPR2,136,PN      N1,BRADESPAR
2020-03-18,BRAP4,BRAP4,23.825176591339027,25.055834170750444,22.045592609600213,24.692834453082327,24.692834453082327,3682774,26.91,28.3,24.9,27.89,0.8853651650441853,28.3,24.9,0,3260600,14574,87350037.0,1,02,010,BRBRAPACNPR2,136,PN      N1,BRADESPAR
2020-03-19,BRAP4,BRAP4,23.577274345126654,24.772517317936305,22.32005581076391,22.75388474163556,22.75388474163556,5115968,26.63,27.98,25.21,25.7,0.8853651650441853,27.98,25.21,0,4529500,27186,120276317.0,1,02,010,BRBRAPACNPR2,136,PN      N1,BRADESPAR
2020-03-20,BRAP4,BRAP4,23.488737828622238,24.46263951017084,21.337300477564867,21.55864176882591,21.55864176882591,3060884,26.53,27.63,24.1,24.35,0.8853651650441853,27.63,24.1,0,2710000,16105,69822122.0,1,02,010,BRBRAPACNPR2,136,PN      N1,BRADESPAR
2020-03-23,BRAP4,BRAP4,21.55864176882591,22.169543732706398,20.522764525724213,21.850812273290494,21.850812273290494,4870872,24.35,25.04,23.18,24.68,0.8853651650441853,25.04,23.18,0,4312500,18877,104748163.0,1,02,010,BRBRAPACNPR2,136,PN      N1,BRADESPAR
2020-03-24,BRAP4,BRAP4,23.896005804542558,24.524615071723932,23.17886002085677,23.17886002085677,23.17886002085677,2192542,26.99,27.7,26.18,26.18,0.8853651650441853,27.7,26.18,0,1941200,8992,51960413.0,1,02,010,BRBRAPACNPR2,136,PN      N1,BRADESPAR
2020-03-25,BRAP4,BRAP4,23.258542885710746,25.728711696184025,23.249689234060305,25.07354147405133,25.07354147405133,2143071,26.27,29.06,26.26,28.32,0.8853651650441853,29.06,26.26,0,1897400,8963,53077251.0,1,02,010,BRBRAPACNPR2,136,PN      N1,BRADESPAR
2020-03-26,BRAP4,BRAP4,24.790224621237186,26.180247930356558,24.232444567259353,25.153224338905304,25.153224338905304,2940820,28.0,29.57,27.37,28.41,0.8853651650441853,29.57,27.37,0,2603700,14824,74215205.0,1,02,010,BRBRAPACNPR2,136,PN      N1,BRADESPAR
2020-03-27,BRAP4,BRAP4,23.471030525321353,24.834492879489396,23.471030525321353,24.064225185900955,24.064225185900955,2507327,26.51,28.05,26.51,27.18,0.8853651650441853,28.05,26.51,0,2219900,11655,60692459.0,1,02,010,BRBRAPACNPR2,136,PN      N1,BRADESPAR
2020-03-30,BRAP4,BRAP4,24.347542038715094,25.356858326865467,24.259005522210675,25.294882765312373,25.294882765312373,1740751,27.5,28.64,27.4,28.57,0.8853651650441853,28.64,27.4,0,1541200,8225,43375349.0,1,02,010,BRBRAPACNPR2,136,PN      N1,BRADESPAR
2020-03-31,BRAP4,BRAP4,25.365711978515908,26.80000354588749,25.18863894550707,25.817248212688444,25.817248212688444,2979449,28.65,30.27,28.45,29.16,0.8853651650441853,30.27,28.45,0,2637900,12069,77778113.0,1,02,010,BRBRAPACNPR2,136,PN      N1,BRADESPAR
2020-04-01,BRAP4,BRAP4,24.79907827288763,26.445857479869815,24.586590633277023,25.905784729192863,25.905784729192863,2786534,28.01,29.87,27.77,29.26,0.8853651650441853,29.87,27.77,0,2467100,12737,71852096.0,1,02,010,BRBRAPACNPR2,136,PN      N1,BRADESPAR
2020-04-02,BRAP4,BRAP4,26.171394278706117,26.62293051287865,24.967297654246025,25.66673613463093,25.66673613463093,2667713,29.56,30.07,28.2,28.99,0.8853651650441853,30.07,28.2,0,2361900,12773,68665969.0,1,02,010,BRBRAPACNPR2,136,PN      N1,BRADESPAR
2020-04-03,BRAP4,BRAP4,25.46310214667077,25.533931359874302,23.471030525321353,23.83403024298947,23.83403024298947,3389223,28.76,28.84,26.51,26.92,0.8853651650441853,28.84,26.51,0,3000700,16148,81745098.0,1,02,010,BRBRAPACNPR2,136,PN      N1,BRADESPAR
2020-04-06,BRAP4,BRAP4,25.356858326865467,25.888077425891975,24.790224621237186,25.56049231482563,25.56049231482563,3628446,28.64,29.24,28.0,28.87,0.8853651650441853,29.24,28.0,0,3212500,15954,92173471.0,1,02,010,BRBRAPACNPR2,136,PN      N1,BRADESPAR
2020-04-07,BRAP4,BRAP4,26.826564500838813,27.074466747051183,25.861516470940654,25.870370122591094,25.870370122591094,2499082,30.3,30.58,29.21,29.22,0.8853651650441853,30.58,29.21,0,2212600,13437,65760568.0,1,02,010,BRBRAPACNPR2,136,PN      N1,BRADESPAR
2020-04-08,BRAP4,BRAP4,25.719858044533584,26.313052705113186,25.383419281816792,25.817248212688444,25.817248212688444,2913826,29.05,29.72,28.67,29.16,0.8853651650441853,29.72,28.67,0,2579800,12469,75350658.0,1,02,010,BRBRAPACNPR2,136,PN      N1,BRADESPAR
2020-04-09,BRAP4,BRAP4,25.861516470940654,26.65834511948042,25.162077990555748,25.330297371914142,25.330297371914142,2912132,29.21,30.11,28.42,28.61,0.8853651650441853,30.11,28.42,0,2578300,14227,75457098.0,1,02,010,BRBRAPACNPR2,136,PN      N1,BRADESPAR
2020-04-13,BRAP4,BRAP4,25.339151023564582,26.62293051287865,25.339151023564582,26.62293051287865,26.62293051287865,2216938,28.62,30.07,28.62,30.07,0.8853651650441853,30.07,28.62,0,1962800,8992,58159203.0,1,02,010,BRBRAPACNPR2,136,PN      N1,BRADESPAR
2020-04-14,BRAP4,BRAP4,27.216125173458256,27.37549090316621,26.552101299675115,26.552101299675115,26.552101299675115,2098682,30.74,30.92,29.99,29.99,0.8853651650441853,30.92,29.99,0,1858100,7912,56553294.0,1,02,010,BRBRAPACNPR2,136,PN      N1,BRADESPAR
2020-04-15,BRAP4,BRAP4,26.09171141385214,26.490125738122025,25.46310214667077,25.595906921427396,25.595906921427396,3105837,29.47,29.92,28.76,28.91,0.8853651650441853,29.92,28.76,0,2749800,12147,80721136.0,1,02,010,BRBRAPACNPR2,136,PN      N1,BRADESPAR
2020-04-16,BRAP4,BRAP4,25.84380916763977,26.127126020453908,25.055834170750444,25.427687540069,25.427687540069,1687213,29.19,29.51,28.3,28.72,0.8853651650441853,29.51,28.3,0,1493800,8121,42832399.0,1,02,010,BRBRAPACNPR2,136,PN      N1,BRADESPAR
2020-04-17,BRAP4,BRAP4,26.082857762201698,26.410442873268046,25.781833606086675,26.215662536958327,26.215662536958327,1750690,29.46,29.83,29.12,29.61,0.8853651650441853,29.83,29.12,0,1550000,7494,45782587.0,1,02,010,BRBRAPACNPR2,136,PN      N1,BRADESPAR
2020-04-20,BRAP4,BRAP4,25.7021507412327,25.888077425891975,25.14437068725486,25.533931359874302,25.533931359874302,2002789,29.03,29.24,28.4,28.84,0.8853651650441853,29.24,28.4,0,1773200,8625,51024880.0,1,02,010,BRBRAPACNPR2,136,PN      N1,BRADESPAR
2020-04-22,BRAP4,BRAP4,25.61361422472828,26.28649175016186,25.162077990555748,25.99432124569728,25.99432124569728,2279737,28.93,29.69,28.42,29.36,0.8853651650441853,29.69,28.42,0,2018400,8849,58768069.0,1,02,010,BRBRAPACNPR2,136,PN      N1,BRADESPAR
2020-04-23,BRAP4,BRAP4,26.162540627055677,27.278100735011346,25.781833606086675,26.029735852299044,26.029735852299044,2887622,29.55,30.81,29.12,29.4,0.8853651650441853,30.81,29.12,0,2556600,13645,76435096.0,1,02,010,BRBRAPACNPR2,136,PN      N1,BRADESPAR
2020-04-24,BRAP4,BRAP4,25.507370404922977,26.348467311714955,24.250151870560234,26.28649175016186,26.28649175016186,4988337,28.81,29.76,27.39,29.69,0.8853651650441853,29.76,27.39,0,4416500,23936,126278961.0,1,02,010,BRBRAPACNPR2,136,PN      N1,BRADESPAR
2020-04-27,BRAP4,BRAP4,26.53439399637423,27.118735005303392,26.357320963365396,26.826564500838813,26.826564500838813,2459098,29.97,30.63,29.77,30.3,0.8853651650441853,30.63,29.77,0,2177200,9989,66010942.0,1,02,010,BRBRAPACNPR2,136,PN      N1,BRADESPAR
2020-04-28,BRAP4,BRAP4,27.313515341613115,27.490588374621954,26.33961366006451,26.33961366006451,26.33961366006451,2394605,30.85,31.05,29.75,29.75,0.8853651650441853,31.05,29.75,0,2120100,9490,64045956.0,1,02,010,BRBRAPACNPR2,136,PN      N1,BRADESPAR
2020-04-29,BRAP4,BRAP4,26.738027984334394,28.074929383551115,26.52554034472379,27.729636969183883,27.729636969183883,3245666,30.2,31.71,29.96,31.32,0.8853651650441853,31.71,29.96,0,2873600,13041,89203573.0,1,02,010,BRBRAPACNPR2,136,PN      N1,BRADESPAR
2020-04-30,BRAP4,BRAP4,27.163003263555606,27.517149329573275,26.118272368803467,26.43700382821937,26.43700382821937,5207456,30.68,31.08,29.5,29.86,0.8853651650441853,31.08,29.5,0,4610500,17016,138193546.0,1,02,010,BRBRAPACNPR2,136,PN      N1,BRADESPAR
2020-05-04,BRAP4,BRAP4,25.781833606086675,26.171394278706117,25.48080944997165,25.595906921427396,25.595906921427396,1722905,29.12,29.56,28.78,28.91,0.8853651650441853,29.56,28.78,0,1525400,8288,44284074.0,1,02,010,BRBRAPACNPR2,136,PN      N1,BRADESPAR
2020-05-05,BRAP4,BRAP4,25.879223774241535,26.206808885307886,25.259468158710607,25.259468158710607,25.259468158710607,1210235,29.23,29.6,28.53,28.53,0.8853651650441853,29.6,28.53,0,1071500,5080,31058528.0,1,02,010,BRBRAPACNPR2,136,PN      N1,BRADESPAR
2020-05-06,BRAP4,BRAP4,25.51622405657342,25.790687257737115,25.011565912498234,25.60476057307784,25.60476057307784,1623285,28.82,29.13,28.25,28.92,0.8853651650441853,29.13,28.25,0,1437200,7541,41136269.0,1,02,010,BRBRAPACNPR2,136,PN      N1,BRADESPAR
2020-05-07,BRAP4,BRAP4,26.127126020453908,27.039052140449417,25.94119933579463,26.277638098511417,26.277638098511417,4435571,29.51,30.54,29.3,29.68,0.8853651650441853,30.54,29.3,0,3927100,14619,117572848.0,1,02,010,BRBRAPACNPR2,136,PN      N1,BRADESPAR
2020-05-08,BRAP4,BRAP4,27.19841787015737,28.499904662772323,26.808857197537932,28.499904662772323,28.499904662772323,4362833,30.72,32.19,30.28,32.19,0.8853651650441853,32.19,30.28,0,3862700,13007,121869383.0,1,02,010,BRBRAPACNPR2,136,PN      N1,BRADESPAR
2020-05-11,BRAP4,BRAP4,27.90671000219272,28.77436786393602,27.676515059281233,28.27856337151128,28.27856337151128,4396265,31.52,32.5,31.26,31.94,0.8853651650441853,32.5,31.26,0,3892300,13626,124159247.0,1,02,010,BRBRAPACNPR2,136,PN      N1,BRADESPAR
2020-05-12,BRAP4,BRAP4,28.42907544956879,29.26131870471032,28.216587809958185,29.19048949150679,29.19048949150679,5981487,32.11,33.05,31.87,32.97,0.8853651650441853,33.05,31.87,0,5295800,16153,173141064.0,1,02,010,BRBRAPACNPR2,136,PN      N1,BRADESPAR
2020-05-13,BRAP4,BRAP4,29.402977131117392,29.969610836745673,29.0665383684006,29.217050446458114,29.217050446458114,4640006,33.21,33.85,32.83,33.0,0.8853651650441853,33.85,32.83,0,4108100,17398,136697780.0,1,02,010,BRBRAPACNPR2,136,PN      N1,BRADESPAR
2020-05-14,BRAP4,BRAP4,29.09309932335193,29.225904098108554,28.23429511325907,28.641563089179396,28.641563089179396,2641961,32.86,33.01,31.89,32.35,0.8853651650441853,33.01,31.89,0,2339100,12869,75662411.0,1,02,010,BRBRAPACNPR2,136,PN      N1,BRADESPAR
2020-05-15,BRAP4,BRAP4,28.9602945485953,29.402977131117392,28.517611966073208,29.119660278303254,29.119660278303254,2920716,32.71,33.21,32.21,32.89,0.8853651650441853,33.21,32.21,0,2585900,11814,84531721.0,1,02,010,BRBRAPACNPR2,136,PN      N1,BRADESPAR
2020-05-18,BRAP4,BRAP4,30.1024156115023,31.802316728387137,29.943049881794348,31.563268133825204,31.563268133825204,5088635,34.0,35.92,33.82,35.65,0.8853651650441853,35.92,33.82,0,4505300,14877,157771280.0,1,02,010,BRBRAPACNPR2,136,PN      N1,BRADESPAR
2020-05-19,BRAP4,BRAP4,31.802316728387137,32.19187740100658,31.20026841615709,31.997097064696856,31.997097064696856,2983628,35.92,36.36,35.24,36.14,0.8853651650441853,36.36,35.24,0,2641600,10654,94862672.0,1,02,010,BRBRAPACNPR2,136,PN      N1,BRADESPAR
2020-05-20,BRAP4,BRAP4,32.50175520877204,32.988706049546344,32.19187740100658,32.39551138896674,32.39551138896674,3200036,36.71,37.26,36.36,36.59,0.8853651650441853,37.26,36.36,0,2833200,10758,104152851.0,1,02,010,BRBRAPACNPR2,136,PN      N1,BRADESPAR
2020-05-21,BRAP4,BRAP4,32.19187740100658,32.31582852411276,31.173707461205765,31.28880493266151,31.28880493266151,3494377,36.36,36.5,35.21,35.34,0.8853651650441853,36.5,35.21,0,3093800,17838,111133093.0,1,02,010,BRBRAPACNPR2,136,PN      N1,BRADESPAR
2020-05-22,BRAP4,BRAP4,31.244536674409296,31.563268133825204,30.67790296878102,30.67790296878102,30.67790296878102,2140134,35.29,35.65,34.65,34.65,0.8853651650441853,35.65,34.65,0,1894800,10858,66521268.0,1,02,010,BRBRAPACNPR2,136,PN      N1,BRADESPAR
2020-05-25,BRAP4,BRAP4,31.607536392077417,31.908560548192437,30.527390890723506,30.56280549732528,30.56280549732528,1825687,35.7,36.04,34.48,34.52,0.8853651650441853,36.04,34.48,0,1616400,8796,56700874.0,1,02,010,BRBRAPACNPR2,136,PN      N1,BRADESPAR
2020-05-26,BRAP4,BRAP4,30.987780776546483,31.094024596351783,29.7217085905333,29.8279524103386,29.8279524103386,3214832,35.0,35.12,33.57,33.69,0.8853651650441853,35.12,33.57,0,2846300,13681,97393047.0,1,02,010,BRBRAPACNPR2,136,PN      N1,BRADESPAR
2020-05-27,BRAP4,BRAP4,30.27948864451114,30.58051280062616,29.81909875868816,30.173244824705833,30.173244824705833,5801561,34.2,34.54,33.68,34.08,0.8853651650441853,34.54,33.68,0,5136500,19266,175602538.0,1,02,010,BRBRAPACNPR2,136,PN      N1,BRADESPAR
2020-05-28,BRAP4,BRAP4,30.217513082958046,30.8638296534403,29.889927971891694,29.889927971891694,29.889927971891694,2136858,34.13,34.86,33.76,33.76,0.8853651650441853,34.86,33.76,0,1891900,9889,64637373.0,1,02,010,BRBRAPACNPR2,136,PN      N1,BRADESPAR
2020-05-29,BRAP4,BRAP4,30.35031785771467,31.20912206780753,30.18209847635628,31.20912206780753,31.20912206780753,2551715,34.28,35.25,34.09,35.25,0.8853651650441853,35.25,34.09,0,2259200,12342,78912911.0,1,02,010,BRBRAPACNPR2,136,PN      N1,BRADESPAR
2020-06-01,BRAP4,BRAP4,31.30651223596239,31.935121503143762,31.173707461205765,31.69607290858183,31.69607290858183,1664737,35.36,36.07,35.21,35.8,0.8853651650441853,36.07,35.21,0,1473900,8097,52692647.0,1,02,010,BRBRAPACNPR2,136,PN      N1,BRADESPAR
2020-06-02,BRAP4,BRAP4,31.76690212178537,32.08563358120128,31.43046335906858,31.510146223922558,31.510146223922558,3737102,35.88,36.24,35.5,35.59,0.8853651650441853,36.24,35.5,0,3308700,14008,118300169.0,1,02,010,BRBRAPACNPR2,136,PN      N1,BRADESPAR
2020-06-03,BRAP4,BRAP4,32.04136532294906,32.24499931090923,31.32421953926328,31.377341449165925,31.377341449165925,4119091,36.19,36.42,35.38,35.44,0.8853651650441853,36.42,35.38,0,3646900,12956,130091502.0,1,02,010,BRBRAPACNPR2,136,PN      N1,BRADESPAR
2020-06-04,BRAP4,BRAP4,31.32421953926328,32.64341363517911,31.32421953926328,32.58143807362602,32.58143807362602,3016495,35.38,36.87,35.38,36.8,0.8853651650441853,36.87,35.38,0,2670700,13028,97102742.0,1,02,010,BRBRAPACNPR2,136,PN      N1,BRADESPAR
2020-06-05,BRAP4,BRAP4,33.17463273420562,33.333998463913574,31.86429228994023,31.92626785149332,31.92626785149332,3976100,37.47,37.65,35.99,36.06,0.8853651650441853,37.65,35.99,0,3520300,14645,128942086.0,1,02,010,BRBRAPACNPR2,136,PN      N1,BRADESPAR
2020-06-08,BRAP4,BRAP4,32.3246821757632,32.72309650003309,31.572121785475645,31.572121785475645,31.572121785475645,3792559,36.51,36.96,35.66,35.66,0.8853651650441853,36.96,35.66,0,3357800,11186,120929057.0,1,02,010,BRBRAPACNPR2,136,PN      N1,BRADESPAR
2020-06-09,BRAP4,BRAP4,31.341926842564156,31.997097064696856,31.129439202953552,31.997097064696856,31.997097064696856,3829154,35.4,36.14,35.16,36.14,0.8853651650441853,36.14,35.16,0,3390200,16141,121464421.0,1,02,010,BRBRAPACNPR2,136,PN      N1,BRADESPAR
2020-06-10,BRAP4,BRAP4,32.12104818780304,32.3866577373163,31.30651223596239,31.69607290858183,31.69607290858183,2491175,36.28,36.58,35.36,35.8,0.8853651650441853,36.58,35.36,0,2205600,11202,79088765.0,1,02,010,BRBRAPACNPR2,136,PN      N1,BRADESPAR
2020-06-12,BRAP4,BRAP4,31.085170944701346,31.341926842564156,30.38573246431644,31.341926842564156,31.341926842564156,3374879,35.11,35.4,34.32,35.4,0.8853651650441853,35.4,34.32,0,2988000,15966,104071575.0,1,02,010,BRBRAPACNPR2,136,PN      N1,BRADESPAR
2020-06-15,BRAP4,BRAP4,30.68675662043146,31.554414482174764,30.2086594313076,31.457024314019904,31.457024314019904,1708222,34.66,35.64,34.12,35.53,0.8853651650441853,35.64,34.12,0,1512400,7779,52961727.0,1,02,010,BRBRAPACNPR2,136,PN      N1,BRADESPAR
2020-06-16,BRAP4,BRAP4,32.03251167129862,32.30697487246232,31.52785352722344,32.20073105265702,32.20073105265702,1788302,36.18,36.49,35.61,36.37,0.8853651650441853,36.49,35.61,0,1583300,7611,57298634.0,1,02,010,BRBRAPACNPR2,136,PN      N1,BRADESPAR
2020-06-17,BRAP4,BRAP4,32.27156026586056,33.06838891440032,32.1121945361526,32.900169533041925,32.900169533041925,2398671,36.45,37.35,36.27,37.16,0.8853651650441853,37.35,36.27,0,2123700,11761,78402833.0,1,02,010,BRBRAPACNPR2,136,PN      N1,BRADESPAR
2020-06-18,BRAP4,BRAP4,32.92673048799325,33.112657172652526,32.45748695051983,32.873608578090604,32.873608578090604,2593845,37.19,37.4,36.66,37.13,0.8853651650441853,37.4,36.66,0,2296500,7585,85188942.0,1,02,010,BRBRAPACNPR2,136,PN      N1,BRADESPAR
2020-06-19,BRAP4,BRAP4,32.944437791294135,33.015267004497666,31.846584986639343,31.92626785149332,31.92626785149332,3221496,37.21,37.29,35.97,36.06,0.8853651650441853,37.29,35.97,0,2852200,12663,104155639.0,1,02,010,BRBRAPACNPR2,136,PN      N1,BRADESPAR
2020-06-22,BRAP4,BRAP4,32.04136532294906,32.19187740100658,31.58097543712609,31.935121503143762,31.935121503143762,2181247,36.19,36.36,35.67,36.07,0.8853651650441853,36.36,35.67,0,1931200,11306,69543174.0,1,02,010,BRBRAPACNPR2,136,PN      N1,BRADESPAR
2020-06-23,BRAP4,BRAP4,32.52831616372337,33.015267004497666,32.25385296255967,32.5991453769269,32.5991453769269,1939652,36.74,37.29,36.43,36.82,0.8853651650441853,37.29,36.43,0,1717300,8364,63474481.0,1,02,010,BRBRAPACNPR2,136,PN      N1,BRADESPAR
2020-06-24,BRAP4,BRAP4,32.7053891967322,32.7673647582853,31.97938976139597,32.34238947906409,32.34238947906409,1769439,36.94,37.01,36.12,36.53,0.8853651650441853,37.01,36.12,0,1566600,6675,57297583.0,1,02,010,BRBRAPACNPR2,136,PN      N1,BRADESPAR
2020-06-25,BRAP4,BRAP4,32.714242848382646,32.73195015168353,31.96168245809509,32.73195015168353,32.73195015168353,1302852,36.95,36.97,36.1,36.97,0.8853651650441853,36.97,36.1,0,1153500,5837,42190232.0,1,02,010,BRBRAPACNPR2,136,PN      N1,BRADESPAR
2020-06-26,BRAP4,BRAP4,32.41321869226762,33.094949869351645,32.00595071634729,32.25385296255967,32.25385296255967,1828285,36.61,37.38,36.15,36.43,0.8853651650441853,37.38,36.15,0,1618700,7208,59424783.0,1,02,010,BRBRAPACNPR2,136,PN      N1,BRADESPAR
2020-06-29,BRAP4,BRAP4,32.25385296255967,32.56373077032514,31.802316728387137,32.1741700977057,32.1741700977057,1919773,36.43,36.78,35.92,36.34,0.8853651650441853,36.78,35.92,0,1699700,7020,61717158.0,1,02,010,BRBRAPACNPR2,136,PN      N1,BRADESPAR
2020-06-30,BRAP4,BRAP4,31.87314594159067,32.749657454984415,31.802316728387137,32.3246821757632,32.3246821757632,3023385,36.0,36.99,35.92,36.51,0.8853651650441853,36.99,35.92,0,2676800,11688,97648849.0,1,02,010,BRBRAPACNPR2,136,PN      N1,BRADESPAR
2020-07-01,BRAP4,BRAP4,32.3246821757632,32.45748695051983,31.058609989750018,31.377341449165925,31.377341449165925,4594714,36.51,36.66,35.08,35.44,0.8853651650441853,36.66,35.08,0,4068000,16555,144242240.0,1,02,010,BRBRAPACNPR2,136,PN      N1,BRADESPAR
2020-07-02,BRAP4,BRAP4,31.572121785475645,31.997097064696856,31.474731617320785,31.837731334988902,31.837731334988902,2047743,35.66,36.14,35.55,35.96,0.8853651650441853,36.14,35.55,0,1813000,9627,65149702.0,1,02,010,BRBRAPACNPR2,136,PN      N1,BRADESPAR
2020-07-03,BRAP4,BRAP4,31.651804650329623,32.03251167129862,31.554414482174764,31.86429228994023,31.86429228994023,754265,35.75,36.18,35.64,35.99,0.8853651650441853,36.18,35.64,0,667800,3870,23992590.0,1,02,010,BRBRAPACNPR2,136,PN      N1,BRADESPAR
2020-07-06,BRAP4,BRAP4,32.03251167129862,32.57258442197558,31.97053610974553,32.280413917511,32.280413917511,2153914,36.18,36.79,36.11,36.46,0.8853651650441853,36.79,36.11,0,1907000,9877,69630996.0,1,02,010,BRBRAPACNPR2,136,PN      N1,BRADESPAR
2020-07-07,BRAP4,BRAP4,32.3246821757632,32.56373077032514,32.12990183945348,32.34238947906409,32.34238947906409,1287265,36.51,36.78,36.29,36.53,0.8853651650441853,36.78,36.29,0,1139700,6852,41595742.0,1,02,010,BRBRAPACNPR2,136,PN      N1,BRADESPAR
2020-07-08,BRAP4,BRAP4,32.57258442197558,33.05953526274988,32.29812122081188,32.909023184692366,32.909023184692366,2273186,36.79,37.34,36.48,37.17,0.8853651650441853,37.34,36.48,0,2012600,9989,74684340.0,1,02,010,BRBRAPACNPR2,136,PN      N1,BRADESPAR
2020-07-09,BRAP4,BRAP4,32.944437791294135,32.988706049546344,32.40436504061718,32.5991453769269,32.5991453769269,1763227,37.21,37.26,36.6,36.82,0.8853651650441853,37.26,36.6,0,1561100,7795,57532873.0,1,02,010,BRBRAPACNPR2,136,PN      N1,BRADESPAR
2020-07-10,BRAP4,BRAP4,32.46634060217028,33.58190071012595,32.3246821757632,33.2543155990596,33.2543155990596,4037543,36.67,37.93,36.51,37.56,0.8853651650441853,37.93,36.51,0,3574700,12544,134005442.0,1,02,010,BRBRAPACNPR2,136,PN      N1,BRADESPAR
2020-07-13,BRAP4,BRAP4,33.64387627167904,34.64433890817897,33.64387627167904,33.77668104643567,33.77668104643567,3996317,38.0,39.13,38.0,38.15,0.8853651650441853,39.13,38.0,0,3538200,14996,137104220.0,1,02,010,BRBRAPACNPR2,136,PN      N1,BRADESPAR
2020-07-14,BRAP4,BRAP4,34.08655885420114,36.28226446351071,33.78553469808611,36.052069520599225,36.052069520599225,5171651,38.5,40.98,38.16,40.72,0.8853651650441853,40.98,38.16,0,4578800,19820,183003727.0,1,02,010,BRBRAPACNPR2,136,PN      N1,BRADESPAR
2020-07-15,BRAP4,BRAP4,36.299971766811595,36.6187032262275,35.41460660176741,36.052069520599225,36.052069520599225,2643316,41.0,41.36,40.0,40.72,0.8853651650441853,41.36,40.0,0,2340300,11171,95020927.0,1,02,010,BRBRAPACNPR2,136,PN      N1,BRADESPAR
2020-07-16,BRAP4,BRAP4,35.68021615128066,36.149459688754085,35.29950913031166,35.39689929846652,35.39689929846652,1697492,40.3,40.83,39.87,39.98,0.8853651650441853,40.83,39.87,0,1502900,8539,60487349.0,1,02,010,BRBRAPACNPR2,136,PN      N1,BRADESPAR
2020-07-17,BRAP4,BRAP4,35.46772851167007,36.246849856908945,35.46772851167007,36.114045082152316,36.114045082152316,1758258,40.06,40.94,40.06,40.79,0.8853651650441853,40.94,40.06,0,1556700,9391,63336696.0,1,02,010,BRBRAPACNPR2,136,PN      N1,BRADESPAR
2020-07-20,BRAP4,BRAP4,36.12289873380276,37.03482485379827,35.97238665574525,36.54787401302397,36.54787401302397,3174396,40.8,41.83,40.63,41.28,0.8853651650441853,41.83,40.63,0,2810500,12921,115882711.0,1,02,010,BRBRAPACNPR2,136,PN      N1,BRADESPAR
2020-07-21,BRAP4,BRAP4,36.54787401302397,36.56558131632485,35.68021615128066,36.07863047555055,36.07863047555055,2492531,41.28,41.3,40.3,40.75,0.8853651650441853,41.3,40.3,0,2206800,12646,89578624.0,1,02,010,BRBRAPACNPR2,136,PN      N1,BRADESPAR
2020-07-22,BRAP4,BRAP4,36.131752385453204,36.91087373069208,36.105191430501876,36.65411783282927,36.65411783282927,6322476,40.81,41.69,40.78,41.4,0.8853651650441853,41.69,40.78,0,5597700,27608,231617314.0,1,02,010,BRBRAPACNPR2,136,PN      N1,BRADESPAR
2020-07-23,BRAP4,BRAP4,36.77806895593545,37.14106867360358,36.069776823900106,36.273410811860266,36.273410811860266,2719782,41.54,41.95,40.74,40.97,0.8853651650441853,41.95,40.74,0,2408000,11208,99387930.0,1,02,010,BRBRAPACNPR2,136,PN      N1,BRADESPAR
2020-07-24,BRAP4,BRAP4,36.114045082152316,36.97284929224517,36.034362217298344,36.60099592292662,36.60099592292662,3916802,40.79,41.76,40.7,41.34,0.8853651650441853,41.76,40.7,0,3467800,18043,142971698.0,1,02,010,BRBRAPACNPR2,136,PN      N1,BRADESPAR
2020-07-27,BRAP4,BRAP4,36.80462991088678,38.91179900369195,36.7249470460328,38.63733580252825,38.63733580252825,4312458,41.57,43.95,41.48,43.64,0.8853651650441853,43.95,41.48,0,3818100,19523,164752836.0,1,02,010,BRBRAPACNPR2,136,PN      N1,BRADESPAR
2020-07-28,BRAP4,BRAP4,38.63733580252825,38.73472597068311,37.707702379231854,37.99987288369643,37.99987288369643,2902305,43.64,43.75,42.59,42.92,0.8853651650441853,43.75,42.59,0,2569600,14987,110780051.0,1,02,010,BRBRAPACNPR2,136,PN      N1,BRADESPAR
2020-07-29,BRAP4,BRAP4,38.24777512990881,39.08887203670078,38.15923861340438,38.98262821689548,38.98262821689548,2745421,43.2,44.15,43.1,44.03,0.8853651650441853,44.15,43.1,0,2430700,14928,106617161.0,1,02,010,BRBRAPACNPR2,136,PN      N1,BRADESPAR
2020-07-30,BRAP4,BRAP4,38.99148186854592,39.460725406019336,37.94675097379378,37.94675097379378,37.94675097379378,3529730,44.04,44.57,42.86,42.86,0.8853651650441853,44.57,42.86,0,3125100,16109,135353550.0,1,02,010,BRBRAPACNPR2,136,PN      N1,BRADESPAR
2020-07-31,BRAP4,BRAP4,37.893629063891126,38.60192119592648,37.45094648136904,38.114970355152174,38.114970355152174,2053503,42.8,43.6,42.3,43.05,0.8853651650441853,43.6,42.3,0,1818100,9914,78254328.0,1,02,010,BRBRAPACNPR2,136,PN      N1,BRADESPAR
2020-08-03,BRAP4,BRAP4,39.115432991652106,39.27479872136006,38.09726305185129,38.28318973651057,38.28318973651057,2544600,44.18,44.36,43.03,43.24,0.8853651650441853,44.36,43.03,0,2252900,13028,98322194.0,1,02,010,BRBRAPACNPR2,136,PN      N1,BRADESPAR
2020-08-04,BRAP4,BRAP4,37.5483366495239,38.57536024097515,37.47750743632036,37.99987288369643,37.99987288369643,3769405,42.41,43.57,42.33,42.92,0.8853651650441853,43.57,42.33,0,3337300,14127,143305735.0,1,02,010,BRBRAPACNPR2,136,PN      N1,BRADESPAR
2020-08-05,BRAP4,BRAP4,38.68160406078045,39.655505742329055,38.68160406078045,39.16855490155476,39.16855490155476,2715377,43.69,44.79,43.69,44.24,0.8853651650441853,44.79,43.69,0,2404100,14664,106326505.0,1,02,010,BRBRAPACNPR2,136,PN      N1,BRADESPAR
2020-08-06,BRAP4,BRAP4,39.292506024660945,39.407603496116685,38.61962849922736,38.82326248718753,38.82326248718753,1615379,44.38,44.51,43.62,43.85,0.8853651650441853,44.51,43.62,0,1430200,8155,63058812.0,1,02,010,BRBRAPACNPR2,136,PN      N1,BRADESPAR
2020-08-07,BRAP4,BRAP4,38.66389675747957,38.72587231903267,37.822799850687595,38.23892147825836,38.23892147825836,2112801,43.67,43.74,42.72,43.19,0.8853651650441853,43.74,42.72,0,1870600,11072,80810786.0,1,02,010,BRBRAPACNPR2,136,PN      N1,BRADESPAR
2020-08-10,BRAP4,BRAP4,38.29204338816101,39.345627934563595,38.212360523307034,39.301359676311385,39.301359676311385,2804493,43.25,44.44,43.16,44.39,0.8853651650441853,44.44,43.16,0,2483000,12089,109073334.0,1,02,010,BRBRAPACNPR2,136,PN      N1,BRADESPAR
2020-08-11,BRAP4,BRAP4,39.646652090678614,39.788310517085684,38.13267765845306,38.3097506914619,38.3097506914619,2162836,44.78,44.94,43.07,43.27,0.8853651650441853,44.94,43.07,0,1914900,11808,83948997.0,1,02,010,BRBRAPACNPR2,136,PN      N1,BRADESPAR
2020-08-12,BRAP4,BRAP4,38.83211613883797,39.434164451068014,38.4159945112672,38.94721361029371,38.94721361029371,2536468,43.86,44.54,43.39,43.99,0.8853651650441853,44.54,43.39,0,2245700,12592,98947686.0,1,02,010,BRBRAPACNPR2,136,PN      N1,BRADESPAR
2020-08-13,BRAP4,BRAP4,38.95606726194415,39.41645714776713,38.10611670350173,38.3097506914619,38.3097506914619,2189266,44.0,44.52,43.04,43.27,0.8853651650441853,44.52,43.04,0,1938300,10557,84510562.0,1,02,010,BRBRAPACNPR2,136,PN      N1,BRADESPAR
2020-08-14,BRAP4,BRAP4,38.34516529806367,39.354481586214035,38.20350687165659,39.22167681145741,39.22167681145741,2881636,43.31,44.45,43.15,44.3,0.8853651650441853,44.45,43.15,0,2551300,15917,112330684.0,1,02,010,BRBRAPACNPR2,136,PN      N1,BRADESPAR
2020-08-17,BRAP4,BRAP4,39.389896192815804,40.23984675125822,39.15970124990431,39.788310517085684,39.788310517085684,3740942,44.49,45.45,44.23,44.94,0.8853651650441853,45.45,44.23,0,3312100,18430,149111478.0,1,02,010,BRBRAPACNPR2,136,PN      N1,BRADESPAR
2020-08-18,BRAP4,BRAP4,40.54087090737324,41.34655320756345,40.35494422271396,41.036675399797986,41.036675399797986,3936229,45.79,46.7,45.58,46.35,0.8853651650441853,46.7,45.58,0,3485000,15908,161408939.0,1,02,010,BRBRAPACNPR2,136,PN      N1,BRADESPAR
2020-08-19,BRAP4,BRAP4,40.983553489895336,41.55904084717405,40.55857821067413,40.824187760187385,40.824187760187385,3553110,46.29,46.94,45.81,46.11,0.8853651650441853,46.94,45.81,0,3145800,14980,145916137.0,1,02,010,BRBRAPACNPR2,136,PN      N1,BRADESPAR
2020-08-20,BRAP4,BRAP4,40.29296866116087,41.46165067901919,40.10704197650159,41.169480174554614,41.169480174554614,2913826,45.51,46.83,45.3,46.5,0.8853651650441853,46.83,45.3,0,2579800,13851,119313961.0,1,02,010,BRBRAPACNPR2,136,PN      N1,BRADESPAR
2020-08-21,BRAP4,BRAP4,40.903870625041364,41.010114444846664,39.82372512368745,40.43462708756795,40.43462708756795,2202707,46.2,46.32,44.98,45.67,0.8853651650441853,46.32,44.98,0,1950200,11476,88737744.0,1,02,010,BRBRAPACNPR2,136,PN      N1,BRADESPAR
2020-08-24,BRAP4,BRAP4,40.735651243682966,40.788773153585616,40.18672484135557,40.35494422271396,40.35494422271396,1286362,46.01,46.07,45.39,45.58,0.8853651650441853,46.07,45.39,0,1138900,5802,52020193.0,1,02,010,BRBRAPACNPR2,136,PN      N1,BRADESPAR
2020-08-25,BRAP4,BRAP4,40.35494422271396,40.51430995242192,39.593530180775964,40.0450664149485,40.0450664149485,1867026,45.58,45.76,44.72,45.23,0.8853651650441853,45.76,44.72,0,1653000,8972,74481352.0,1,02,010,BRBRAPACNPR2,136,PN      N1,BRADESPAR
2020-08-26,BRAP4,BRAP4,39.85913973028922,40.48774899747059,39.310213327961826,39.63779843902818,39.63779843902818,2631457,45.02,45.73,44.4,44.77,0.8853651650441853,45.73,44.4,0,2329800,13343,104427141.0,1,02,010,BRBRAPACNPR2,136,PN      N1,BRADESPAR
2020-08-27,BRAP4,BRAP4,39.664359393979495,40.00079815669629,38.47797007282029,38.6904577124309,38.6904577124309,2731528,44.8,45.18,43.46,43.7,0.8853651650441853,45.18,43.46,0,2418400,12265,106040988.0,1,02,010,BRBRAPACNPR2,136,PN      N1,BRADESPAR
2020-08-28,BRAP4,BRAP4,38.77899422893531,39.86799338193966,38.77899422893531,39.584676529125524,39.584676529125524,2740451,43.8,45.03,43.8,44.71,0.8853651650441853,45.03,43.8,0,2426300,12332,108385617.0,1,02,010,BRBRAPACNPR2,136,PN      N1,BRADESPAR
2020-08-31,BRAP4,BRAP4,39.42531079941757,39.57582287747508,38.80555518388664,38.94721361029371,38.94721361029371,1648924,44.53,44.7,43.83,43.99,0.8853651650441853,44.7,43.83,0,1459900,7791,64524567.0,1,02,010,BRBRAPACNPR2,136,PN      N1,BRADESPAR
2020-09-01,BRAP4,BRAP4,39.106579340001666,40.23099309960778,39.06231108174945,40.00079815669629,40.00079815669629,2151203,44.17,45.44,44.12,45.18,0.8853651650441853,45.44,44.12,0,1904600,11706,85757114.0,1,02,010,BRBRAPACNPR2,136,PN      N1,BRADESPAR
2020-09-02,BRAP4,BRAP4,40.00965180834673,40.41691978426706,38.94721361029371,39.61123748407685,39.61123748407685,1441891,45.19,45.65,43.99,44.74,0.8853651650441853,45.65,43.99,0,1276600,8270,56842197.0,1,02,010,BRBRAPACNPR2,136,PN      N1,BRADESPAR
2020-09-03,BRAP4,BRAP4,39.451871754368895,39.451871754368895,38.274336084860124,38.76128692563443,38.76128692563443,2397090,44.56,44.56,43.23,43.78,0.8853651650441853,44.56,43.23,0,2122300,12503,92792042.0,1,02,010,BRBRAPACNPR2,136,PN      N1,BRADESPAR
2020-09-04,BRAP4,BRAP4,38.83211613883797,39.372188889514916,38.212360523307034,39.22167681145741,39.22167681145741,2406013,43.86,44.47,43.16,44.3,0.8853651650441853,44.47,43.16,0,2130200,11359,93635678.0,1,02,010,BRBRAPACNPR2,136,PN      N1,BRADESPAR
2020-09-08,BRAP4,BRAP4,38.63733580252825,38.82326248718753,38.29204338816101,38.53994563437339,38.53994563437339,1742784,43.64,43.85,43.25,43.53,0.8853651650441853,43.85,43.25,0,1543000,8775,67183473.0,1,02,010,BRBRAPACNPR2,136,PN      N1,BRADESPAR
2020-09-09,BRAP4,BRAP4,38.84982344213885,39.363335237864476,38.61077484757692,38.71701866738222,38.71701866738222,2278721,43.88,44.46,43.61,43.73,0.8853651650441853,44.46,43.61,0,2017500,12427,88561820.0,1,02,010,BRBRAPACNPR2,136,PN      N1,BRADESPAR
2020-09-10,BRAP4,BRAP4,38.71701866738222,39.044603778448575,37.94675097379378,38.09726305185129,38.09726305185129,2826517,43.73,44.1,42.86,43.03,0.8853651650441853,44.1,42.86,0,2502500,10993,108924417.0,1,02,010,BRBRAPACNPR2,136,PN      N1,BRADESPAR
2020-09-11,BRAP4,BRAP4,38.95606726194415,39.97423720174496,38.85867709378929,39.752895910483915,39.752895910483915,5198646,44.0,45.15,43.89,44.9,0.8853651650441853,45.15,43.89,0,4602700,22863,205778569.0,1,02,010,BRBRAPACNPR2,136,PN      N1,BRADESPAR
2020-09-14,BRAP4,BRAP4,39.92996894349276,40.3195296161122,39.22167681145741,39.443018102718455,39.443018102718455,2347393,45.1,45.54,44.3,44.55,0.8853651650441853,45.54,44.3,0,2078300,11635,92832295.0,1,02,010,BRBRAPACNPR2,136,PN      N1,BRADESPAR
2020-09-15,BRAP4,BRAP4,39.79716416873613,40.35494422271396,39.319066979612266,40.10704197650159,40.10704197650159,3159487,44.95,45.58,44.41,45.3,0.8853651650441853,45.58,44.41,0,2797300,16968,126365949.0,1,02,010,BRBRAPACNPR2,136,PN      N1,BRADESPAR
2020-09-16,BRAP4,BRAP4,39.9830908533954,40.08933467320071,39.310213327961826,39.566969225824636,39.566969225824636,3213476,45.16,45.28,44.4,44.69,0.8853651650441853,45.28,44.4,0,2845100,15320,127299701.0,1,02,010,BRBRAPACNPR2,136,PN      N1,BRADESPAR
2020-09-17,BRAP4,BRAP4,39.106579340001666,40.532017255722806,38.95606726194415,40.45233439086882,40.45233439086882,2029219,44.17,45.78,44.0,45.69,0.8853651650441853,45.78,44.0,0,1796600,9196,81361998.0,1,02,010,BRBRAPACNPR2,136,PN      N1,BRADESPAR
2020-09-18,BRAP4,BRAP4,40.523163604072366,41.080943658050195,40.17787118970513,40.4257734359175,40.4257734359175,2574531,45.77,46.4,45.38,45.66,0.8853651650441853,46.4,45.38,0,2279400,11018,104441893.0,1,02,010,BRBRAPACNPR2,136,PN      N1,BRADESPAR
2020-09-21,BRAP4,BRAP4,39.62009113572729,39.92996894349276,38.84096979048841,39.292506024660945,39.292506024660945,2849559,44.75,45.1,43.87,44.38,0.8853651650441853,45.1,43.87,0,2522900,13998,111866892.0,1,02,010,BRBRAPACNPR2,136,PN      N1,BRADESPAR
2020-09-22,BRAP4,BRAP4,39.345627934563595,39.788310517085684,38.9029453520415,39.52270096757243,39.52270096757243,1824332,44.44,44.94,43.94,44.64,0.8853651650441853,44.94,43.94,0,1615200,8621,71833476.0,1,02,010,BRBRAPACNPR2,136,PN      N1,BRADESPAR
2020-09-23,BRAP4,BRAP4,39.363335237864476,39.8325787753379,38.7967015322362,39.558115574174195,39.558115574174195,3009041,44.46,44.99,43.82,44.68,0.8853651650441853,44.99,43.82,0,2664100,13086,118521030.0,1,02,010,BRBRAPACNPR2,136,PN      N1,BRADESPAR
2020-09-24,BRAP4,BRAP4,39.788310517085684,40.620553772227225,39.469579057669776,40.00079815669629,40.00079815669629,3528375,44.94,45.88,44.58,45.18,0.8853651650441853,45.88,44.58,0,3123900,16147,141586443.0,1,02,010,BRBRAPACNPR2,136,PN      N1,BRADESPAR
2020-09-25,BRAP4,BRAP4,39.84143242698834,40.60284646892634,39.398749844466245,40.3195296161122,40.3195296161122,1928809,45.0,45.86,44.5,45.54,0.8853651650441853,45.86,44.5,0,1707700,10520,77419642.0,1,02,010,BRBRAPACNPR2,136,PN      N1,BRADESPAR
2020-09-28,BRAP4,BRAP4,40.638261075528106,40.886163321740476,39.487286360970664,39.531554619222874,39.531554619222874,2148492,45.9,46.18,44.6,44.65,0.8853651650441853,46.18,44.6,0,1902200,11516,85882299.0,1,02,010,BRBRAPACNPR2,136,PN      N1,BRADESPAR
2020-09-29,BRAP4,BRAP4,39.487286360970664,40.02735911164762,39.08001838505034,39.16855490155476,39.16855490155476,2281319,44.6,45.21,44.14,44.24,0.8853651650441853,45.21,44.14,0,2019800,10899,90123757.0,1,02,010,BRBRAPACNPR2,136,PN      N1,BRADESPAR
2020-09-30,BRAP4,BRAP4,39.70862765223171,40.61170012057678,39.593530180775964,39.744042258833474,39.744042258833474,3254928,44.85,45.87,44.72,44.89,0.8853651650441853,45.87,44.72,0,2881800,12770,130651498.0,1,02,010,BRBRAPACNPR2,136,PN      N1,BRADESPAR
2020-10-01,BRAP4,BRAP4,40.03621276329806,40.44348073921838,39.01804282349725,39.70862765223171,39.70862765223171,2387038,45.22,45.68,44.07,44.85,0.8853651650441853,45.68,44.07,0,2113400,11353,94239854.0,1,02,010,BRBRAPACNPR2,136,PN      N1,BRADESPAR
2020-10-02,BRAP4,BRAP4,39.389896192815804,40.00965180834673,39.035750126798135,39.106579340001666,39.106579340001666,2756603,44.49,45.19,44.09,44.17,0.8853651650441853,45.19,44.09,0,2440600,11384,108784633.0,1,02,010,BRBRAPACNPR2,136,PN      N1,BRADESPAR
2020-10-05,BRAP4,BRAP4,39.203969508156526,40.39921248096618,39.1774085532052,40.2575540545591,40.2575540545591,1972858,44.28,45.63,44.25,45.47,0.8853651650441853,45.63,44.25,0,1746700,10123,79027636.0,1,02,010,BRBRAPACNPR2,136,PN      N1,BRADESPAR
2020-10-06,BRAP4,BRAP4,40.32838326776264,40.76221219863429,39.18626220485564,39.531554619222874,39.531554619222874,2207338,45.55,46.04,44.26,44.65,0.8853651650441853,46.04,44.26,0,1954300,10507,87670841.0,1,02,010,BRBRAPACNPR2,136,PN      N1,BRADESPAR
2020-10-07,BRAP4,BRAP4,39.558115574174195,40.54087090737324,39.558115574174195,40.09818832485115,40.09818832485115,2229476,44.68,45.79,44.68,45.29,0.8853651650441853,45.79,44.68,0,1973900,10389,89552511.0,1,02,010,BRBRAPACNPR2,136,PN      N1,BRADESPAR
2020-10-08,BRAP4,BRAP4,40.1513102347538,40.877309670090035,39.95652989844408,40.54972455902368,40.54972455902368,2406916,45.35,46.17,45.13,45.8,0.8853651650441853,46.17,45.13,0,2131000,10121,97565159.0,1,02,010,BRBRAPACNPR2,136,PN      N1,BRADESPAR
2020-10-09,BRAP4,BRAP4,40.61170012057678,41.45279702736875,40.44348073921838,40.75335854698385,40.75335854698385,2964539,45.87,46.82,45.68,46.03,0.8853651650441853,46.82,45.68,0,2624700,12254,120992666.0,1,02,010,BRBRAPACNPR2,136,PN      N1,BRADESPAR
2020-10-13,BRAP4,BRAP4,40.85074871513871,42.24962567590852,40.54972455902368,41.97516247474482,41.97516247474482,4821852,46.14,47.72,45.8,47.41,0.8853651650441853,47.72,45.8,0,4269100,19653,200331972.0,1,02,010,BRBRAPACNPR2,136,PN      N1,BRADESPAR
2020-10-14,BRAP4,BRAP4,42.14338185610322,42.727722865032376,41.84235769998819,42.47982061882001,42.47982061882001,3474724,47.6,48.26,47.26,47.98,0.8853651650441853,48.26,47.26,0,3076400,15822,146960128.0,1,02,010,BRBRAPACNPR2,136,PN      N1,BRADESPAR
2020-10-15,BRAP4,BRAP4,41.96630882309438,42.833966684837684,41.58560180212538,42.63918634852796,42.63918634852796,3102900,47.4,48.38,46.97,48.16,0.8853651650441853,48.38,46.97,0,2747200,14248,131632096.0,1,02,010,BRBRAPACNPR2,136,PN      N1,BRADESPAR
2020-10-16,BRAP4,BRAP4,42.63033269687752,43.33862482891287,42.488674270470455,42.71886921338194,42.71886921338194,4652769,48.15,48.95,47.99,48.25,0.8853651650441853,48.95,47.99,0,4119400,19643,199759423.0,1,02,010,BRBRAPACNPR2,136,PN      N1,BRADESPAR
2020-10-19,BRAP4,BRAP4,42.80740572988636,43.58652707512524,42.400137753966035,42.63033269687752,42.63033269687752,3281245,48.35,49.23,47.89,48.15,0.8853651650441853,49.23,47.89,0,2905100,15939,140677593.0,1,02,010,BRBRAPACNPR2,136,PN      N1,BRADESPAR
2020-10-20,BRAP4,BRAP4,42.754283819983705,43.01103971784652,42.2230647209572,42.833966684837684,42.833966684837684,3142093,48.29,48.58,47.69,48.38,0.8853651650441853,48.58,47.69,0,2781900,12212,134194527.0,1,02,010,BRBRAPACNPR2,136,PN      N1,BRADESPAR
2020-10-21,BRAP4,BRAP4,42.745430168333264,43.41830769376684,42.559503483673986,42.95791780794387,42.95791780794387,4025232,48.28,49.04,48.07,48.52,0.8853651650441853,49.04,48.07,0,3563800,21582,173536074.0,1,02,010,BRBRAPACNPR2,136,PN      N1,BRADESPAR
2020-10-22,BRAP4,BRAP4,42.95791780794387,43.54225881687303,41.78923579008555,42.37357679901471,42.37357679901471,5674269,48.52,49.18,47.2,47.86,0.8853651650441853,49.18,47.2,0,5023800,25525,241320659.0,1,02,010,BRBRAPACNPR2,136,PN      N1,BRADESPAR
2020-10-23,BRAP4,BRAP4,42.18765011435543,42.90479589804122,41.82465039668731,42.391284102315595,42.391284102315595,2278043,47.65,48.46,47.24,47.88,0.8853651650441853,48.46,47.24,0,2016900,11381,96756493.0,1,02,010,BRBRAPACNPR2,136,PN      N1,BRADESPAR
2020-10-26,BRAP4,BRAP4,42.27618663085985,42.470966967169566,41.68299197028024,42.04599168794836,42.04599168794836,2259746,47.75,47.97,47.08,47.49,0.8853651650441853,47.97,47.08,0,2000700,10638,94971649.0,1,02,010,BRBRAPACNPR2,136,PN      N1,BRADESPAR
2020-10-27,BRAP4,BRAP4,42.03713803629791,42.763137471634145,41.87777230658996,42.488674270470455,42.488674270470455,2681041,47.48,48.3,47.3,47.99,0.8853651650441853,48.3,47.3,0,2373700,11617,113864089.0,1,02,010,BRBRAPACNPR2,136,PN      N1,BRADESPAR
2020-10-28,BRAP4,BRAP4,41.87777230658996,42.04599168794836,41.12521191630241,41.311138600961684,41.311138600961684,3184675,47.3,47.49,46.45,46.66,0.8853651650441853,47.49,46.45,0,2819600,12616,132168737.0,1,02,010,BRBRAPACNPR2,136,PN      N1,BRADESPAR
2020-10-29,BRAP4,BRAP4,41.311138600961684,41.93974786814305,40.815334108536945,41.7803821384351,41.7803821384351,4567494,46.66,47.37,46.1,47.19,0.8853651650441853,47.37,46.1,0,4043900,19740,190051800.0,1,02,010,BRBRAPACNPR2,136,PN      N1,BRADESPAR
2020-10-30,BRAP4,BRAP4,41.70955292523157,42.08140629455013,41.018968096497105,41.38196781416522,41.38196781416522,3500251,47.11,47.53,46.33,46.74,0.8853651650441853,47.53,46.33,0,3099000,14793,144954479.0,1,02,010,BRBRAPACNPR2,136,PN      N1,BRADESPAR
2020-11-03,BRAP4,BRAP4,42.52408887707222,43.48913690697038,41.69184562193069,43.28550291901022,43.28550291901022,4156138,48.03,49.12,47.09,48.89,0.8853651650441853,49.12,47.09,0,3679700,18906,177195297.0,1,02,010,BRBRAPACNPR2,136,PN      N1,BRADESPAR
2020-11-04,BRAP4,BRAP4,43.5776734234748,43.984941399395126,41.96630882309438,42.364723147364266,42.364723147364266,4029637,49.22,49.68,47.4,47.85,0.8853651650441853,49.68,47.4,0,3567700,15992,171410558.0,1,02,010,BRBRAPACNPR2,136,PN      N1,BRADESPAR
2020-11-05,BRAP4,BRAP4,43.01103971784652,43.55111246852347,42.462113315519126,43.16155179590403,43.16155179590403,7112433,48.58,49.19,47.96,48.75,0.8853651650441853,49.19,47.96,0,6297100,14508,306794906.0,1,02,010,BRBRAPACNPR2,136,PN      N1,BRADESPAR
2020-11-06,BRAP4,BRAP4,42.90479589804122,44.4453312852181,42.90479589804122,43.905258534541154,43.905258534541154,4128127,48.46,50.2,48.46,49.59,0.8853651650441853,50.2,48.46,0,3654900,12161,181899836.0,1,02,010,BRBRAPACNPR2,136,PN      N1,BRADESPAR
2020-11-09,BRAP4,BRAP4,44.79947735123578,44.87030656443931,43.65735628832878,43.878697579589826,43.878697579589826,3606760,50.6,50.68,49.31,49.56,0.8853651650441853,50.68,49.31,0,3193300,15138,159270685.0,1,02,010,BRBRAPACNPR2,136,PN      N1,BRADESPAR
2020-11-10,BRAP4,BRAP4,43.96723409609424,44.188575387355286,42.940210504642984,42.940210504642984,42.940210504642984,4654577,49.66,49.91,48.5,48.5,0.8853651650441853,49.91,48.5,0,4121000,19021,202156267.0,1,02,010,BRBRAPACNPR2,136,PN      N1,BRADESPAR
2020-11-11,BRAP4,BRAP4,43.17040544755447,43.683917243280106,42.7100155617315,43.32977117726242,43.32977117726242,6601118,48.76,49.34,48.24,48.94,0.8853651650441853,49.34,48.24,0,5844400,23377,285370071.0,1,02,010,BRBRAPACNPR2,136,PN      N1,BRADESPAR
2020-11-12,BRAP4,BRAP4,41.60330910542627,41.72726022853245,40.75335854698385,41.39082146581566,41.39082146581566,4537676,46.99,47.13,46.03,46.75,0.8853651650441853,47.13,46.03,0,4017500,17227,187768638.0,1,02,010,BRBRAPACNPR2,137,PN  EDJ N1,BRADESPAR
2020-11-13,BRAP4,BRAP4,41.51477258892185,42.03713803629791,41.35540685921389,42.00172342969615,42.00172342969615,3767937,46.89,47.48,46.71,47.44,0.8853651650441853,47.48,46.71,0,3336000,13062,157442497.0,1,02,010,BRBRAPACNPR2,137,PN  EDJ N1,BRADESPAR
2020-11-16,BRAP4,BRAP4,42.293893934160735,43.25008831240845,41.6741383186298,43.0907225827005,43.0907225827005,5465767,47.77,48.85,47.07,48.67,0.8853651650441853,48.85,47.07,0,4839200,19650,232501621.0,1,02,010,BRBRAPACNPR2,137,PN  EDJ N1,BRADESPAR
2020-11-17,BRAP4,BRAP4,42.833966684837684,44.73750178968268,42.648040000178405,44.48074589181987,44.48074589181987,7068609,48.38,50.53,48.17,50.24,0.8853651650441853,50.53,48.17,0,6258300,21098,312438594.0,1,02,010,BRBRAPACNPR2,137,PN  EDJ N1,BRADESPAR
2020-11-18,BRAP4,BRAP4,44.268258252209264,44.613550666576494,43.86099027628894,44.356794768713684,44.356794768713684,3640645,50.0,50.39,49.54,50.1,0.8853651650441853,50.39,49.54,0,3223300,13227,161239835.0,1,02,010,BRBRAPACNPR2,137,PN  EDJ N1,BRADESPAR
2020-11-19,BRAP4,BRAP4,44.356794768713684,45.07394055239947,44.232843645607495,44.96769673259417,44.96769673259417,3260688,50.1,50.91,49.96,50.79,0.8853651650441853,50.91,49.96,0,2886900,14416,145604362.0,1,02,010,BRBRAPACNPR2,137,PN  EDJ N1,BRADESPAR
2020-11-20,BRAP4,BRAP4,45.00311133919594,45.27757454035964,44.60469701492605,45.18903802385522,45.18903802385522,1634467,50.83,51.14,50.38,51.04,0.8853651650441853,51.14,50.38,0,1447100,6592,73483762.0,1,02,010,BRBRAPACNPR2,137,PN  EDJ N1,BRADESPAR
2020-11-23,BRAP4,BRAP4,45.33069645026229,47.349329026563026,45.14476976560301,47.1102804320011,47.1102804320011,5115629,51.2,53.48,50.99,53.21,0.8853651650441853,53.48,50.99,0,4529200,20199,238905633.0,1,02,010,BRBRAPACNPR2,137,PN  EDJ N1,BRADESPAR
2020-11-24,BRAP4,BRAP4,47.039451218797566,49.35025429956289,46.27803717685957,49.31483969296112,49.31483969296112,5755139,53.13,55.74,52.27,55.7,0.8853651650441853,55.74,52.27,0,5095400,21911,278010028.0,1,02,010,BRBRAPACNPR2,137,PN      N1,BRADESPAR
2020-11-25,BRAP4,BRAP4,49.058083795098305,50.25332676790796,48.89871806539035,49.91688800519117,49.91688800519117,4602508,55.41,56.76,55.23,56.38,0.8853651650441853,56.76,55.23,0,4074900,20107,229068188.0,1,02,010,BRBRAPACNPR2,137,PN      N1,BRADESPAR
2020-11-26,BRAP4,BRAP4,49.63357115237703,51.09442367469993,49.56274193917349,51.09442367469993,51.09442367469993,3182077,56.06,57.71,55.98,57.71,0.8853651650441853,57.71,55.98,0,2817300,11918,160778639.0,1,02,010,BRBRAPACNPR2,137,PN      N1,BRADESPAR
2020-11-27,BRAP4,BRAP4,50.704863002080494,52.93598321799184,50.704863002080494,52.93598321799184,52.93598321799184,5180010,57.27,59.79,57.27,59.79,0.8853651650441853,59.79,57.27,0,4586200,23184,270697488.0,1,02,010,BRBRAPACNPR2,137,PN      N1,BRADESPAR
2020-11-30,BRAP4,BRAP4,52.82088574653609,53.14847085760244,51.43971608906717,51.43971608906717,51.43971608906717,33935150,59.66,60.03,58.1,58.1,0.8853651650441853,60.03,58.1,0,30045000,37539,1751201261.0,1,02,010,BRBRAPACNPR2,137,PN      N1,BRADESPAR
2020-12-01,BRAP4,BRAP4,52.53756889372196,53.529177878571446,52.174569176053836,53.36981214886349,53.36981214886349,4515764,59.34,60.46,58.93,60.28,0.8853651650441853,60.46,58.93,0,3998100,16762,238982503.0,1,02,010,BRBRAPACNPR2,137,PN      N1,BRADESPAR
2020-12-02,BRAP4,BRAP4,53.18388546420421,53.431787710416586,50.784545866934465,52.307373950810465,52.307373950810465,5330004,60.07,60.35,57.36,59.08,0.8853651650441853,60.35,57.36,0,4719000,20064,276475466.0,1,02,010,BRBRAPACNPR2,137,PN      N1,BRADESPAR
2020-12-03,BRAP4,BRAP4,52.758910184983,52.85630035313786,51.39544783081495,51.85583771663793,51.85583771663793,3361890,59.59,59.7,58.05,58.57,0.8853651650441853,59.7,58.05,0,2976500,15497,174183246.0,1,02,010,BRBRAPACNPR2,137,PN      N1,BRADESPAR
2020-12-04,BRAP4,BRAP4,52.015203446345886,54.3879820886643,51.93552058149191,54.18434810070414,54.18434810070414,3272322,58.75,61.43,58.66,61.2,0.8853651650441853,61.43,58.66,0,2897200,12352,176211762.0,1,02,010,BRBRAPACNPR2,137,PN      N1,BRADESPAR
2020-12-07,BRAP4,BRAP4,54.237470010606785,55.34417646691202,53.75051916983249,55.167103433903186,55.167103433903186,2992325,61.26,62.51,60.71,62.31,0.8853651650441853,62.51,60.71,0,2649300,12240,163267986.0,1,02,010,BRBRAPACNPR2,137,PN      N1,BRADESPAR
2020-12-08,BRAP4,BRAP4,54.99003040089435,55.450420286717325,54.13122619080149,55.02544500749612,55.02544500749612,1901814,62.11,62.63,61.14,62.15,0.8853651650441853,62.63,61.14,0,1683800,7949,104153411.0,1,02,010,BRBRAPACNPR2,137,PN      N1,BRADESPAR
2020-12-09,BRAP4,BRAP4,55.02544500749612,55.636346971376604,54.3879820886643,55.13168882730142,55.13168882730142,2593506,62.15,62.84,61.43,62.27,0.8853651650441853,62.84,61.43,0,2296200,11921,142411125.0,1,02,010,BRBRAPACNPR2,137,PN      N1,BRADESPAR
2020-12-10,BRAP4,BRAP4,55.503542196619975,56.91127280904023,55.211371692155396,56.91127280904023,56.91127280904023,4208207,62.69,64.28,62.36,64.28,0.8853651650441853,64.28,62.36,0,3725800,16983,237117436.0,1,02,010,BRBRAPACNPR2,137,PN      N1,BRADESPAR
2020-12-11,BRAP4,BRAP4,56.59254134962433,57.114906797000394,56.06132225059781,56.920126460690675,56.920126460690675,2115285,63.92,64.51,63.32,64.29,0.8853651650441853,64.51,63.32,0,1872800,9663,119761860.0,1,02,010,BRBRAPACNPR2,137,PN      N1,BRADESPAR
2020-12-14,BRAP4,BRAP4,57.097199493699506,57.097199493699506,55.654054274677485,55.82227365603588,55.82227365603588,1459059,64.49,64.49,62.86,63.05,0.8853651650441853,64.49,62.86,0,1291800,6403,81944115.0,1,02,010,BRBRAPACNPR2,137,PN      N1,BRADESPAR
2020-12-15,BRAP4,BRAP4,56.0790295538987,57.36280904321277,56.02590764399604,56.7784680342836,56.7784680342836,1531571,63.34,64.79,63.28,64.13,0.8853651650441853,64.79,63.28,0,1356000,7252,87175522.0,1,02,010,BRBRAPACNPR2,137,PN      N1,BRADESPAR
2020-12-16,BRAP4,BRAP4,56.95554106729244,57.75236971583221,56.14100511545178,57.415930953115414,57.415930953115414,2371112,64.33,65.23,63.41,64.85,0.8853651650441853,65.23,63.41,0,2099300,12314,135091610.0,1,02,010,BRBRAPACNPR2,137,PN      N1,BRADESPAR
2020-12-17,BRAP4,BRAP4,57.54873572787204,58.460661847867556,57.48676016631896,58.22161325330563,58.22161325330563,1682696,65.0,66.03,64.93,65.76,0.8853651650441853,66.03,64.93,0,1489800,5008,97767953.0,1,02,010,BRBRAPACNPR2,137,PN      N1,BRADESPAR
2020-12-18,BRAP4,BRAP4,58.42524724126578,59.310612406309964,58.28358881485872,58.903344430389645,58.903344430389645,1735555,65.99,66.99,65.83,66.53,0.8853651650441853,66.99,65.83,0,1536600,7542,102278530.0,1,02,010,BRBRAPACNPR2,137,PN      N1,BRADESPAR
2020-12-21,BRAP4,BRAP4,57.70810145758,58.53149106107109,56.97324837059332,57.71695510923043,57.71695510923043,3171008,65.18,66.11,64.35,65.19,0.8853651650441853,66.11,64.35,0,2807500,8479,183276157.0,1,02,010,BRBRAPACNPR2,137,PN      N1,BRADESPAR
2020-12-22,BRAP4,BRAP4,57.6018576377747,57.99141831039414,56.57483404632344,57.08834584204907,57.08834584204907,1429241,65.06,65.5,63.9,64.48,0.8853651650441853,65.5,63.9,0,1265400,6429,81656162.0,1,02,010,BRBRAPACNPR2,137,PN      N1,BRADESPAR
2020-12-23,BRAP4,BRAP4,57.079492190398625,57.522174772920714,56.94668741564199,57.291979830009225,57.291979830009225,755169,64.47,64.97,64.32,64.71,0.8853651650441853,64.97,64.32,0,668600,4381,43265864.0,1,02,010,BRBRAPACNPR2,137,PN      N1,BRADESPAR
2020-12-28,BRAP4,BRAP4,57.75236971583221,58.3012961181596,56.44202927156681,57.247711571757016,57.247711571757016,1347918,65.23,65.85,63.75,64.66,0.8853651650441853,65.85,63.75,0,1193400,5956,77690115.0,1,02,010,BRBRAPACNPR2,137,PN      N1,BRADESPAR
2020-12-29,BRAP4,BRAP4,57.469052863018064,58.01797926534546,56.71649247273051,56.71649247273051,56.71649247273051,1621930,64.91,65.53,64.06,64.06,0.8853651650441853,65.53,64.06,0,1436000,7750,92954576.0,1,02,010,BRBRAPACNPR2,137,PN      N1,BRADESPAR
2020-12-30,BRAP4,BRAP4,56.964394718942884,57.30083348165967,56.35349275506239,56.40661466496505,56.40661466496505,5890903,64.34,64.72,63.65,63.71,0.8853651650441853,64.72,63.65,0,5215600,11672,333098109.0,1,02,010,BRBRAPACNPR2,137,PN      N1,BRADESPAR
2021-01-04,BRAP4,BRAP4,57.26541887505791,58.87678347543832,57.22115061680569,58.87678347543832,58.87678347543832,3979601,64.68,66.5,64.63,66.5,0.8853651650441853,66.5,64.63,0,3523400,12607,231794237.0,1,02,010,BRBRAPACNPR2,137,PN      N1,BRADESPAR
2021-01-05,BRAP4,BRAP4,58.71741774573036,60.02775818999576,58.25702785990739,60.02775818999576,60.02775818999576,2591812,66.32,67.8,65.8,67.8,0.8853651650441853,67.8,65.8,0,2294700,12331,153473828.0,1,02,010,BRBRAPACNPR2,137,PN      N1,BRADESPAR
2021-01-06,BRAP4,BRAP4,60.2048312230046,63.76399918648222,60.116294706500184,62.45365874221684,62.45365874221684,6759697,68.0,72.02,67.9,70.54,0.8853651650441853,72.02,67.9,0,5984800,32737,419309532.0,1,02,010,BRBRAPACNPR2,137,PN      N1,BRADESPAR
2021-01-07,BRAP4,BRAP4,62.87863402143803,67.72158147422972,62.87863402143803,67.62419130607486,67.62419130607486,4553375,71.02,76.49,71.02,76.38,0.8853651650441853,76.49,71.02,0,4031400,22889,301225637.0,1,02,010,BRBRAPACNPR2,137,PN      N1,BRADESPAR
2021-01-08,BRAP4,BRAP4,68.17311770840227,68.46528821286685,66.03938766064579,67.9694837204421,67.9694837204421,5364453,77.0,77.33,74.59,76.77,0.8853651650441853,77.33,74.59,0,4749500,29977,362912078.0,1,02,010,BRBRAPACNPR2,137,PN      N1,BRADESPAR
2021-01-11,BRAP4,BRAP4,67.87209355228724,68.96109270529159,67.09297220704836,67.28775254335808,67.28775254335808,2566173,76.66,77.89,75.78,76.0,0.8853651650441853,77.89,75.78,0,2272000,12264,174270646.0,1,02,010,BRBRAPACNPR2,137,PN      N1,BRADESPAR
2021-01-12,BRAP4,BRAP4,67.39399636316338,68.19082501170314,66.43780198491567,67.225776981805,67.225776981805,3048234,76.12,77.02,75.04,75.93,0.8853651650441853,77.02,75.04,0,2698800,14651,205607856.0,1,02,010,BRBRAPACNPR2,137,PN      N1,BRADESPAR
2021-01-13,BRAP4,BRAP4,66.97787473559262,67.00443569054394,65.22485170880513,65.88887558258827,65.88887558258827,3032195,75.65,75.68,73.67,74.42,0.8853651650441853,75.68,73.67,0,2684600,16502,200044205.0,1,02,010,BRBRAPACNPR2,137,PN      N1,BRADESPAR
2021-01-14,BRAP4,BRAP4,66.64143597287583,67.27889889170764,65.43733934841573,66.5086311981192,66.5086311981192,1515081,75.27,75.99,73.91,75.12,0.8853651650441853,75.99,73.91,0,1341400,8423,100162351.0,1,02,010,BRBRAPACNPR2,137,PN      N1,BRADESPAR
2021-01-15,BRAP4,BRAP4,65.8534609759865,66.05709496394667,62.79895115658407,63.26819469405748,63.26819469405748,1578106,74.38,74.61,70.93,71.46,0.8853651650441853,74.61,70.93,0,1397200,6749,100827559.0,1,02,010,BRBRAPACNPR2,137,PN      N1,BRADESPAR
2021-01-18,BRAP4,BRAP4,63.356731210561904,64.6670716548273,63.30360930065925,64.31292558880962,64.31292558880962,1421334,71.56,73.04,71.5,72.64,0.8853651650441853,73.04,71.5,0,1258400,6726,91126117.0,1,02,010,BRBRAPACNPR2,137,PN      N1,BRADESPAR
2021-01-19,BRAP4,BRAP4,64.58738878997332,64.58738878997332,62.01097615969474,63.48953598531852,63.48953598531852,2149960,72.95,72.95,70.04,71.71,0.8853651650441853,72.95,70.04,0,1903500,8462,135500858.0,1,02,010,BRBRAPACNPR2,137,PN      N1,BRADESPAR
2021-01-20,BRAP4,BRAP4,63.86138935463708,64.12699890415034,61.709952003579716,62.78124385328317,62.78124385328317,1777910,72.13,72.43,69.7,70.91,0.8853651650441853,72.43,69.7,0,1574100,5946,111544317.0,1,02,010,BRBRAPACNPR2,137,PN      N1,BRADESPAR
2021-01-21,BRAP4,BRAP4,62.72812194338052,65.10090058569894,62.61302447192478,62.98487784124334,62.98487784124334,1758483,70.85,73.53,70.72,71.14,0.8853651650441853,73.53,70.72,0,1556900,8024,111397433.0,1,02,010,BRBRAPACNPR2,137,PN      N1,BRADESPAR
2021-01-22,BRAP4,BRAP4,62.143780934451364,63.232780087455716,61.55058627387176,62.74582924668142,62.74582924668142,1703591,70.19,71.42,69.52,70.87,0.8853651650441853,71.42,69.52,0,1508300,7059,106392293.0,1,02,010,BRBRAPACNPR2,137,PN      N1,BRADESPAR
2021-01-26,BRAP4,BRAP4,62.5953171686239,63.887950309588405,61.833903126685904,62.12607363115048,62.12607363115048,1578897,70.7,72.16,69.84,70.17,0.8853651650441853,72.16,69.84,0,1397900,8749,99325082.0,1,02,010,BRBRAPACNPR2,137,PN      N1,BRADESPAR
2021-01-27,BRAP4,BRAP4,61.55058627387176,61.55058627387176,59.70902673057985,59.95692897679223,59.95692897679223,1979861,69.52,69.52,67.44,67.72,0.8853651650441853,69.52,67.44,0,1752900,10382,119725919.0,1,02,010,BRBRAPACNPR2,137,PN      N1,BRADESPAR
2021-01-28,BRAP4,BRAP4,58.823661565535666,59.08041746339849,56.64566325952697,58.42524724126578,58.42524724126578,7287389,66.44,66.73,63.98,65.99,0.8853651650441853,66.73,63.98,0,6452000,26575,422827052.0,1,02,010,BRBRAPACNPR2,137,PN      N1,BRADESPAR
2021-01-29,BRAP4,BRAP4,57.6018576377747,58.248174208256955,54.99888405254479,55.34417646691202,55.34417646691202,4389827,65.06,65.79,62.12,62.51,0.8853651650441853,65.79,62.12,0,3886600,20622,246424395.0,1,02,010,BRBRAPACNPR2,137,PN      N1,BRADESPAR
2021-02-01,BRAP4,BRAP4,56.08788320554914,57.58415033447382,55.86654191428809,57.33624808826144,57.33624808826144,2997181,63.35,65.04,63.1,64.76,0.8853651650441853,65.04,63.1,0,2653600,15693,169750065.0,1,02,010,BRBRAPACNPR2,137,PN      N1,BRADESPAR
2021-02-02,BRAP4,BRAP4,57.77007701913309,57.77007701913309,53.927592202841325,54.060396977597954,54.060396977597954,5392125,65.25,65.25,60.91,61.06,0.8853651650441853,65.25,60.91,0,4774000,25938,295600775.0,1,02,010,BRBRAPACNPR2,137,PN      N1,BRADESPAR
2021-02-03,BRAP4,BRAP4,54.53849416672181,56.23839528360665,54.43225034691651,55.24678629875716,55.24678629875716,4220970,61.6,63.52,61.48,62.4,0.8853651650441853,63.52,61.48,0,3737100,17510,234058666.0,1,02,010,BRBRAPACNPR2,137,PN      N1,BRADESPAR
2021-02-04,BRAP4,BRAP4,55.87539556593853,56.83158994418625,54.45881130186783,54.45881130186783,54.45881130186783,2975157,63.11,64.19,61.51,61.51,0.8853651650441853,64.19,61.51,0,2634100,12567,165075795.0,1,02,010,BRBRAPACNPR2,137,PN      N1,BRADESPAR
2021-02-05,BRAP4,BRAP4,55.08742056904921,56.22068798030576,54.75098180633242,55.83998095933676,55.83998095933676,1521971,62.22,63.5,61.84,63.07,0.8853651650441853,63.5,61.84,0,1347500,7770,84663439.0,1,02,010,BRBRAPACNPR2,137,PN      N1,BRADESPAR
2021-02-08,BRAP4,BRAP4,55.592078713124394,57.36280904321277,55.53895680322174,56.0170539923456,56.0170539923456,2517605,62.79,64.79,62.73,63.27,0.8853651650441853,64.79,62.73,0,2229000,13173,142291826.0,1,02,010,BRBRAPACNPR2,137,PN      N1,BRADESPAR
2021-02-09,BRAP4,BRAP4,56.21183432865533,56.79617533758449,55.23793264710672,55.91966382419074,55.91966382419074,1219271,63.49,64.15,62.39,63.16,0.8853651650441853,64.15,62.39,0,1079500,7167,68199214.0,1,02,010,BRBRAPACNPR2,137,PN      N1,BRADESPAR
2021-02-10,BRAP4,BRAP4,56.22068798030576,56.84929724748713,55.592078713124394,55.83112730768632,55.83112730768632,2401721,63.5,64.21,62.79,63.06,0.8853651650441853,64.21,62.79,0,2126400,12554,134701426.0,1,02,010,BRBRAPACNPR2,137,PN      N1,BRADESPAR
2021-02-11,BRAP4,BRAP4,56.44202927156681,56.4597365748677,55.24678629875716,55.600932364774835,55.600932364774835,2001999,63.75,63.77,62.4,62.8,0.8853651650441853,63.77,62.4,0,1772500,8124,111635900.0,1,02,010,BRBRAPACNPR2,137,PN      N1,BRADESPAR
2021-02-12,BRAP4,BRAP4,55.167103433903186,55.662907926327925,54.7244208513811,55.423859331765996,55.423859331765996,2362528,62.31,62.87,61.81,62.6,0.8853651650441853,62.87,61.81,0,2091700,12801,130644005.0,1,02,010,BRBRAPACNPR2,137,PN      N1,BRADESPAR
2021-02-17,BRAP4,BRAP4,55.99934668904472,57.035223932146415,55.92851747584118,56.672224214478305,56.672224214478305,3477548,63.25,64.42,63.17,64.01,0.8853651650441853,64.42,63.17,0,3078900,16883,196377107.0,1,02,010,BRBRAPACNPR2,137,PN      N1,BRADESPAR
2021-02-18,BRAP4,BRAP4,57.017516628845534,58.06224752359767,56.4597365748677,57.017516628845534,57.017516628845534,2723622,64.4,65.58,63.77,64.4,0.8853651650441853,65.58,63.77,0,2411400,14742,155334329.0,1,02,010,BRBRAPACNPR2,137,PN      N1,BRADESPAR
2021-02-19,BRAP4,BRAP4,57.14146775195172,58.03568656864634,56.36234640671283,57.71695510923043,57.71695510923043,1849971,64.54,65.55,63.66,65.19,0.8853651650441853,65.55,63.66,0,1637900,10501,106363853.0,1,02,010,BRBRAPACNPR2,137,PN      N1,BRADESPAR
2021-02-22,BRAP4,BRAP4,56.48629752981902,57.81434527738529,55.57437140982351,56.08788320554914,56.08788320554914,2517944,63.8,65.3,62.77,63.35,0.8853651650441853,65.3,62.77,0,2229300,13388,142101875.0,1,02,010,BRBRAPACNPR2,137,PN      N1,BRADESPAR
2021-02-23,BRAP4,BRAP4,56.61024865292521,57.247711571757016,55.202518040504955,56.840443595836696,56.840443595836696,2574983,63.94,64.66,62.35,64.2,0.8853651650441853,64.66,62.35,0,2279800,13577,144971737.0,1,02,010,BRBRAPACNPR2,137,PN      N1,BRADESPAR
2021-02-24,BRAP4,BRAP4,57.159175055252604,58.735125049031254,56.64566325952697,58.584612970973744,58.584612970973744,2311589,64.56,66.34,63.98,66.17,0.8853651650441853,66.34,63.98,0,2046600,11303,133839349.0,1,02,010,BRBRAPACNPR2,137,PN      N1,BRADESPAR
2021-02-25,BRAP4,BRAP4,58.62888122922595,59.28405145135864,55.81342000438544,56.38890736166416,56.38890736166416,3085619,66.22,66.96,63.04,63.69,0.8853651650441853,66.96,63.04,0,2731900,16095,176783790.0,1,02,010,BRBRAPACNPR2,137,PN      N1,BRADESPAR
2021-02-26,BRAP4,BRAP4,56.672224214478305,57.28312617835879,54.95461579429258,55.654054274677485,55.654054274677485,3736424,64.01,64.7,62.07,62.86,0.8853651650441853,64.7,62.07,0,3308100,14315,208579311.0,1,02,010,BRBRAPACNPR2,137,PN      N1,BRADESPAR
2021-03-01,BRAP4,BRAP4,56.0790295538987,58.05339387194722,55.91966382419074,57.176882358553485,57.176882358553485,2050679,63.34,65.57,63.16,64.58,0.8853651650441853,65.57,63.16,0,1815600,12171,117130548.0,1,02,010,BRBRAPACNPR2,137,PN      N1,BRADESPAR
2021-03-02,BRAP4,BRAP4,56.87585820243846,59.10697841834981,55.654054274677485,58.60232027427462,58.60232027427462,2739999,64.24,66.76,62.86,66.19,0.8853651650441853,66.76,62.86,0,2425900,16988,158856725.0,1,02,010,BRBRAPACNPR2,137,PN      N1,BRADESPAR
2021-03-03,BRAP4,BRAP4,58.965319991942735,60.470440772517854,56.63680960787653,57.389369998164085,57.389369998164085,4850993,66.6,68.3,63.97,64.82,0.8853651650441853,68.3,63.97,0,4294900,25404,281612763.0,1,02,010,BRBRAPACNPR2,137,PN      N1,BRADESPAR
2021-03-04,BRAP4,BRAP4,57.39822364981453,57.98256465874369,54.47651860516872,55.60978601642528,55.60978601642528,6794823,64.83,65.49,61.53,62.81,0.8853651650441853,65.49,61.53,0,6015900,33645,379575585.0,1,02,010,BRBRAPACNPR2,137,PN      N1,BRADESPAR
2021-03-05,BRAP4,BRAP4,55.804566352735,59.74444133718163,55.28220090535893,59.14239302495157,59.14239302495157,6200605,63.03,67.48,62.44,66.8,0.8853651650441853,67.48,62.44,0,5489800,35036,361418476.0,1,02,010,BRBRAPACNPR2,137,PN      N1,BRADESPAR
2021-03-08,BRAP4,BRAP4,58.690856790779044,60.249099481256806,57.96485735544281,58.372125331363144,58.372125331363144,4387568,66.29,68.05,65.47,65.93,0.8853651650441853,68.05,65.47,0,3884600,26763,259613890.0,1,02,010,BRBRAPACNPR2,137,PN      N1,BRADESPAR
2021-03-09,BRAP4,BRAP4,57.49561381796939,58.09766213019944,55.98163938574383,56.76076073098272,56.76076073098272,4673778,64.94,65.62,63.23,64.11,0.8853651650441853,65.62,63.23,0,4138000,24130,266106193.0,1,02,010,BRBRAPACNPR2,137,PN      N1,BRADESPAR
2021-03-10,BRAP4,BRAP4,56.75190707933227,56.822736292535815,54.73327450303153,55.77800539778367,55.77800539778367,5110434,64.1,64.18,61.82,63.0,0.8853651650441853,64.18,61.82,0,4524600,29130,284573303.0,1,02,010,BRBRAPACNPR2,137,PN      N1,BRADESPAR
2021-03-11,BRAP4,BRAP4,56.64566325952697,57.84975988398707,56.00820034069516,56.982102022243765,56.982102022243765,4966538,63.98,65.34,63.26,64.36,0.8853651650441853,65.34,63.26,0,4397200,27817,283029364.0,1,02,010,BRBRAPACNPR2,137,PN      N1,BRADESPAR
2021-03-12,BRAP4,BRAP4,56.672224214478305,57.106053145349954,55.459273938367765,56.35349275506239,56.35349275506239,3205118,64.01,64.5,62.64,63.65,0.8853651650441853,64.5,62.64,0,2837700,16795,180132773.0,1,02,010,BRBRAPACNPR2,137,PN      N1,BRADESPAR
2021-03-15,BRAP4,BRAP4,56.0790295538987,56.70763882108007,55.654054274677485,56.38005371001372,56.38005371001372,2093938,63.34,64.05,62.86,63.68,0.8853651650441853,64.05,62.86,0,1853900,11739,117528113.0,1,02,010,BRBRAPACNPR2,137,PN      N1,BRADESPAR
2021-03-16,BRAP4,BRAP4,56.65451691117742,58.07995482689855,55.97278573409339,56.36234640671283,56.36234640671283,3607438,63.99,65.6,63.22,63.66,0.8853651650441853,65.6,63.22,0,3193900,20979,204708667.0,1,02,010,BRBRAPACNPR2,137,PN      N1,BRADESPAR
2021-03-17,BRAP4,BRAP4,56.22068798030576,57.99141831039414,55.93737112749162,57.80549162573486,57.80549162573486,2938562,63.5,65.5,63.18,65.29,0.8853651650441853,65.5,63.18,0,2601700,17779,167101710.0,1,02,010,BRBRAPACNPR2,137,PN      N1,BRADESPAR
2021-03-18,BRAP4,BRAP4,57.77893067078354,58.150784040102096,56.14100511545178,56.48629752981902,56.48629752981902,1718161,65.26,65.68,63.41,63.8,0.8853651650441853,65.68,63.41,0,1521200,10654,98011932.0,1,02,010,BRBRAPACNPR2,137,PN      N1,BRADESPAR
2021-03-19,BRAP4,BRAP4,56.61024865292521,56.76076073098272,55.24678629875716,55.85768826263765,55.85768826263765,2517718,63.94,64.11,62.4,63.09,0.8853651650441853,64.11,62.4,0,2229100,9883,140839441.0,1,02,010,BRBRAPACNPR2,137,PN      N1,BRADESPAR
2021-03-22,BRAP4,BRAP4,55.70717618458014,55.71602983623058,53.75051916983249,54.94576214264214,54.94576214264214,3248603,62.92,62.93,60.71,62.06,0.8853651650441853,62.93,60.71,0,2876200,18753,177215678.0,1,02,010,BRBRAPACNPR2,137,PN      N1,BRADESPAR
2021-03-23,BRAP4,BRAP4,54.89264023273949,56.05246859894737,53.918738551190884,54.22861635895635,54.22861635895635,3024402,62.0,63.31,60.9,61.25,0.8853651650441853,63.31,60.9,0,2677700,15529,166287158.0,1,02,010,BRBRAPACNPR2,137,PN      N1,BRADESPAR
2021-03-24,BRAP4,BRAP4,54.69785989642977,55.81342000438544,54.25517731390767,54.59161607662446,54.59161607662446,2890446,61.78,63.04,61.28,61.66,0.8853651650441853,63.04,61.28,0,2559100,15214,159189881.0,1,02,010,BRBRAPACNPR2,137,PN      N1,BRADESPAR
2021-03-25,BRAP4,BRAP4,54.60046972827491,55.09627422069965,53.812494731385584,54.75983545798286,54.75983545798286,2205079,61.67,62.23,60.78,61.85,0.8853651650441853,62.23,60.78,0,1952300,11768,120436198.0,1,02,010,BRBRAPACNPR2,137,PN      N1,BRADESPAR
2021-03-26,BRAP4,BRAP4,56.07017590224825,58.01797926534546,55.689468881279254,57.8763208389384,57.8763208389384,5715043,63.33,65.53,62.9,65.37,0.8853651650441853,65.53,62.9,0,5059900,26234,327074983.0,1,02,010,BRBRAPACNPR2,137,PN      N1,BRADESPAR
2021-03-29,BRAP4,BRAP4,57.99141831039414,60.9662452649426,57.99141831039414,60.45273346921697,60.45273346921697,7211262,65.5,68.86,65.5,68.28,0.8853651650441853,68.86,65.5,0,6384600,36523,433859982.0,1,02,010,BRBRAPACNPR2,137,PN      N1,BRADESPAR
2021-03-30,BRAP4,BRAP4,60.87770874843818,60.87770874843818,59.59392925912411,60.36419695271256,60.36419695271256,4005240,68.76,68.76,67.31,68.18,0.8853651650441853,68.76,67.31,0,3546100,19253,241025538.0,1,02,010,BRBRAPACNPR2,137,PN      N1,BRADESPAR
2021-03-31,BRAP4,BRAP4,60.51470903077006,61.2849767243585,59.43456352941615,60.4792944241683,60.4792944241683,3821022,68.35,69.22,67.13,68.31,0.8853651650441853,69.22,67.13,0,3383000,17892,230849894.0,1,02,010,BRBRAPACNPR2,137,PN      N1,BRADESPAR
2021-04-01,BRAP4,BRAP4,58.35441802806225,58.6200275775755,55.95507843079251,56.16756607040311,56.16756607040311,3367537,65.91,66.21,63.2,63.44,0.8853651650441853,66.21,63.2,0,2981500,16415,191511040.0,1,02,010,BRBRAPACNPR2,138,PN  EDJ N1,BRADESPAR
2021-04-05,BRAP4,BRAP4,56.89356550573935,59.55851465252234,56.7784680342836,59.31946605796041,59.31946605796041,3665832,64.26,67.27,64.13,67.0,0.8853651650441853,67.27,64.13,0,3245600,18001,215168380.0,1,02,010,BRBRAPACNPR2,138,PN  EDJ N1,BRADESPAR
2021-04-06,BRAP4,BRAP4,59.49653909096925,60.04546549329664,58.81480791388523,58.9564663402923,58.9564663402923,2808785,67.2,67.82,66.43,66.59,0.8853651650441853,67.82,66.43,0,2486800,12518,166490508.0,1,02,010,BRBRAPACNPR2,138,PN  EDJ N1,BRADESPAR
2021-04-07,BRAP4,BRAP4,58.797100610584344,60.46158712086742,58.673149487478156,60.05431914494709,60.05431914494709,2744856,66.41,68.29,66.27,67.83,0.8853651650441853,68.29,66.27,0,2430200,13876,164559897.0,1,02,010,BRBRAPACNPR2,138,PN  EDJ N1,BRADESPAR
2021-04-08,BRAP4,BRAP4,60.080880099898415,61.444342454066465,60.080880099898415,60.82458683853553,60.82458683853553,3066305,67.86,69.4,67.86,68.7,0.8853651650441853,69.4,67.86,0,2714800,14488,186566641.0,1,02,010,BRBRAPACNPR2,138,PN  EDJ N1,BRADESPAR
2021-04-09,BRAP4,BRAP4,60.293367739509016,61.462049757367346,60.24024582960637,60.99280621989392,60.99280621989392,2872600,68.1,69.42,68.04,68.89,0.8853651650441853,69.42,68.04,0,2543300,15296,175349131.0,1,02,010,BRBRAPACNPR2,138,PN  EDJ N1,BRADESPAR
2021-04-12,BRAP4,BRAP4,61.19644020785409,61.47090340901779,60.523562682420504,61.47090340901779,61.47090340901779,2443850,69.12,69.43,68.36,69.43,0.8853651650441853,69.43,68.36,0,2163700,10762,149072542.0,1,02,010,BRBRAPACNPR2,138,PN  EDJ N1,BRADESPAR
2021-04-13,BRAP4,BRAP4,61.35580593756204,62.5333416070708,60.691782063778895,62.02868346299562,62.02868346299562,3345512,69.3,70.63,68.55,70.06,0.8853651650441853,70.63,68.55,0,2962000,14598,206598229.0,1,02,010,BRBRAPACNPR2,138,PN  EDJ N1,BRADESPAR
2021-04-14,BRAP4,BRAP4,61.887025036588554,64.02960873599547,61.869317733287666,63.65775536667692,63.65775536667692,3049137,69.9,72.32,69.88,71.9,0.8853651650441853,72.32,69.88,0,2699600,14390,193057953.0,1,02,010,BRBRAPACNPR2,138,PN      N1,BRADESPAR
2021-04-15,BRAP4,BRAP4,63.870243006287524,64.31292558880962,63.61348710842471,64.1624135107521,64.1624135107521,2418324,72.14,72.64,71.85,72.47,0.8853651650441853,72.64,71.85,0,2141100,12115,154729733.0,1,02,010,BRBRAPACNPR2,138,PN      N1,BRADESPAR
2021-04-16,BRAP4,BRAP4,64.1624135107521,64.82643738453524,63.498389636968966,64.4988522734689,64.4988522734689,2363883,72.47,73.22,71.72,72.85,0.8853651650441853,73.22,71.72,0,2092900,12080,151728365.0,1,02,010,BRBRAPACNPR2,138,PN      N1,BRADESPAR
2021-04-19,BRAP4,BRAP4,64.58738878997332,65.89772923423871,64.45458401521668,65.51702221326971,65.51702221326971,4027378,72.95,74.43,72.8,74.0,0.8853651650441853,74.43,72.8,0,3565700,21275,263154563.0,1,02,010,BRBRAPACNPR2,138,PN      N1,BRADESPAR
2021-04-20,BRAP4,BRAP4,65.51702221326971,65.51702221326971,63.75514553483178,64.42802306026536,64.42802306026536,2402060,74.0,74.0,72.01,72.77,0.8853651650441853,74.0,72.01,0,2126700,10753,154702575.0,1,02,010,BRBRAPACNPR2,138,PN      N1,BRADESPAR
2021-04-22,BRAP4,BRAP4,64.8352910361857,65.31338822530954,63.887950309588405,64.64051069987597,64.64051069987597,3328344,73.23,73.77,72.16,73.01,0.8853651650441853,73.77,72.16,0,2946800,16199,214566096.0,1,02,010,BRBRAPACNPR2,138,PN      N1,BRADESPAR
2021-04-23,BRAP4,BRAP4,65.17172979890248,65.8534609759865,64.06502334259724,64.4368767119158,64.4368767119158,3614102,73.61,74.38,72.36,72.78,0.8853651650441853,74.38,72.36,0,3199800,20090,233679451.0,1,02,010,BRBRAPACNPR2,138,PN      N1,BRADESPAR
2021-04-26,BRAP4,BRAP4,65.0920469340485,65.4107783934644,63.595779805123826,64.94153485599098,64.94153485599098,3363245,73.52,73.88,71.83,73.35,0.8853651650441853,73.88,71.83,0,2977700,16136,217121464.0,1,02,010,BRBRAPACNPR2,138,PN      N1,BRADESPAR
2021-04-27,BRAP4,BRAP4,65.07433963074762,65.46390030336705,64.0738769942477,64.59624244162376,64.59624244162376,2638346,73.5,73.94,72.37,72.96,0.8853651650441853,73.94,72.37,0,2335900,14167,170781754.0,1,02,010,BRBRAPACNPR2,138,PN      N1,BRADESPAR
2021-04-28,BRAP4,BRAP4,65.07433963074762,65.72065620122987,64.62280339657508,65.37536378686265,65.37536378686265,2812173,73.5,74.23,72.99,73.84,0.8853651650441853,74.23,72.99,0,2489800,15648,183841930.0,1,02,010,BRBRAPACNPR2,138,PN      N1,BRADESPAR
2021-04-29,BRAP4,BRAP4,65.74721715618121,66.18989973870329,63.817121096384874,64.41916940861492,64.41916940861492,3380074,74.26,74.76,72.08,72.76,0.8853651650441853,74.76,72.08,0,2992600,19686,218611404.0,1,02,010,BRBRAPACNPR2,138,PN      N1,BRADESPAR
2021-04-30,BRAP4,BRAP4,63.737438231530895,64.02960873599547,62.64843907852656,62.8697803697876,62.8697803697876,3859650,71.99,72.32,70.76,71.01,0.8853651650441853,72.32,70.76,0,3417200,19371,243936502.0,1,02,010,BRBRAPACNPR2,138,PN      N1,BRADESPAR
2021-05-03,BRAP4,BRAP4,63.560365198522064,63.70202362492913,62.03753711464606,62.79895115658407,62.79895115658407,2236930,71.79,71.95,70.07,70.93,0.8853651650441853,71.95,70.07,0,1980500,12214,140345762.0,1,02,010,BRBRAPACNPR2,138,PN      N1,BRADESPAR
2021-05-04,BRAP4,BRAP4,62.79895115658407,63.43641407541588,62.064098069597385,62.15263458610181,62.15263458610181,2863564,70.93,71.65,70.1,70.2,0.8853651650441853,71.65,70.1,0,2535300,13873,179088661.0,1,02,010,BRBRAPACNPR2,138,PN      N1,BRADESPAR
2021-05-05,BRAP4,BRAP4,62.604170820274334,63.932218567840614,62.161488237752245,62.71926829173009,62.71926829173009,3941086,70.71,72.21,70.21,70.84,0.8853651650441853,72.21,70.21,0,3489300,21091,247740590.0,1,02,010,BRBRAPACNPR2,138,PN      N1,BRADESPAR
2021-05-06,BRAP4,BRAP4,63.091121661048646,65.50816856161926,63.07341435774775,65.42848569676529,65.42848569676529,3517080,71.26,73.99,71.24,73.9,0.8853651650441853,73.99,71.24,0,3113900,15956,227110560.0,1,02,010,BRBRAPACNPR2,138,PN      N1,BRADESPAR
2021-05-07,BRAP4,BRAP4,65.99511940239357,66.56175310802186,64.53426688007066,65.68524159462811,65.68524159462811,3214945,74.54,75.18,72.89,74.19,0.8853651650441853,75.18,72.89,0,2846400,16432,211078170.0,1,02,010,BRBRAPACNPR2,138,PN      N1,BRADESPAR
2021-05-10,BRAP4,BRAP4,67.50024018296868,67.9252154621899,65.87116827928739,66.18104608705285,66.18104608705285,3208281,76.24,76.72,74.4,74.75,0.8853651650441853,76.72,74.4,0,2840500,15594,214594708.0,1,02,010,BRBRAPACNPR2,138,PN      N1,BRADESPAR
2021-05-11,BRAP4,BRAP4,65.49931490996883,67.7127278225793,64.98580311424321,67.40285001481382,67.40285001481382,2003919,73.98,76.48,73.4,76.13,0.8853651650441853,76.48,73.4,0,1774200,10373,133919781.0,1,02,010,BRBRAPACNPR2,138,PN      N1,BRADESPAR
2021-05-12,BRAP4,BRAP4,66.87163091578732,66.9513137806413,65.1982907538538,65.80919271773429,65.80919271773429,2759313,75.53,75.62,73.64,74.33,0.8853651650441853,75.62,73.64,0,2443000,15372,181918793.0,1,02,010,BRBRAPACNPR2,138,PN      N1,BRADESPAR
2021-05-13,BRAP4,BRAP4,65.24255901210601,65.29568092200867,63.26819469405748,63.8436820513362,63.8436820513362,2901515,73.69,73.75,71.46,72.11,0.8853651650441853,73.75,71.46,0,2568900,12833,185823724.0,1,02,010,BRBRAPACNPR2,138,PN      N1,BRADESPAR
2021-05-14,BRAP4,BRAP4,63.560365198522064,63.6311944117256,62.20575649600446,62.87863402143803,62.87863402143803,2355412,71.79,71.87,70.26,71.02,0.8853651650441853,71.87,70.26,0,2085400,11531,148255672.0,1,02,010,BRBRAPACNPR2,138,PN      N1,BRADESPAR
2021-05-17,BRAP4,BRAP4,63.17080452590262,64.61394974492464,63.0822680093982,64.25095002725652,64.25095002725652,2244724,71.35,72.98,71.25,72.57,0.8853651650441853,72.98,71.25,0,1987400,10171,143815186.0,1,02,010,BRBRAPACNPR2,138,PN      N1,BRADESPAR
2021-05-18,BRAP4,BRAP4,64.44573036356626,64.97694946259276,63.78170648978311,64.3926084536636,64.3926084536636,1827043,72.79,73.39,72.04,72.73,0.8853651650441853,73.39,72.04,0,1617600,8145,117772626.0,1,02,010,BRBRAPACNPR2,138,PN      N1,BRADESPAR
2021-05-19,BRAP4,BRAP4,62.87863402143803,63.32131660396013,61.7276593068806,63.01143879619467,63.01143879619467,2565947,71.02,71.52,69.72,71.17,0.8853651650441853,71.52,69.72,0,2271800,13942,161065826.0,1,02,010,BRBRAPACNPR2,138,PN      N1,BRADESPAR
2021-05-20,BRAP4,BRAP4,63.01143879619467,63.41870677211499,62.17034188940269,62.52448795542037,62.52448795542037,2568771,71.17,71.63,70.22,70.62,0.8853651650441853,71.63,70.22,0,2274300,11340,160960852.0,1,02,010,BRBRAPACNPR2,138,PN      N1,BRADESPAR
2021-05-21,BRAP4,BRAP4,62.58646351697345,62.96717053794246,61.50631801561955,62.08180537289827,62.08180537289827,1794401,70.69,71.12,69.47,70.12,0.8853651650441853,71.12,69.47,0,1588700,8382,111422287.0,1,02,010,BRBRAPACNPR2,138,PN      N1,BRADESPAR
2021-05-24,BRAP4,BRAP4,61.09905003969923,62.09065902454871,60.691782063778895,61.93129329484076,61.93129329484076,2100828,69.01,70.13,68.55,69.95,0.8853651650441853,70.13,68.55,0,1860000,11185,129501193.0,1,02,010,BRBRAPACNPR2,138,PN      N1,BRADESPAR
2021-05-25,BRAP4,BRAP4,62.35626857406198,62.35626857406198,60.16941661640283,60.33763599776123,60.33763599776123,2319156,70.43,70.43,67.96,68.15,0.8853651650441853,70.43,67.96,0,2053300,11719,141017362.0,1,02,010,BRBRAPACNPR2,138,PN      N1,BRADESPAR
2021-05-26,BRAP4,BRAP4,59.89495341523914,61.559439925522206,59.74444133718163,61.31153767930983,61.31153767930983,2543244,67.65,69.53,67.48,69.25,0.8853651650441853,69.53,67.48,0,2251700,12390,155097630.0,1,02,010,BRBRAPACNPR2,138,PN      N1,BRADESPAR
2021-05-27,BRAP4,BRAP4,62.019829811345176,62.72812194338052,61.35580593756204,61.568293577172646,61.568293577172646,3826670,70.05,70.85,69.3,69.54,0.8853651650441853,70.85,69.3,0,3388000,13793,237097571.0,1,02,010,BRBRAPACNPR2,138,PN      N1,BRADESPAR
2021-05-28,BRAP4,BRAP4,61.736512958531044,62.56875621367257,60.71834301873022,61.904732339889435,61.904732339889435,3183997,69.73,70.67,68.58,69.92,0.8853651650441853,70.67,68.58,0,2819000,10786,196742441.0,1,02,010,BRBRAPACNPR2,138,PN      N1,BRADESPAR
2021-05-31,BRAP4,BRAP4,62.17034188940269,64.01190143269459,62.17034188940269,63.04685340279643,63.04685340279643,2317349,70.22,72.3,70.22,71.21,0.8853651650441853,72.3,70.22,0,2051700,9326,146571159.0,1,02,010,BRBRAPACNPR2,138,PN      N1,BRADESPAR
2021-06-01,BRAP4,BRAP4,63.89680396123885,65.18058345055293,63.445267727066316,63.560365198522064,63.560365198522064,2755925,72.17,73.62,71.66,71.79,0.8853651650441853,73.62,71.66,0,2440000,15353,176459234.0,1,02,010,BRBRAPACNPR2,138,PN      N1,BRADESPAR
2021-06-02,BRAP4,BRAP4,63.74629188318134,64.99465676589364,63.330170255610575,64.38375480201316,64.38375480201316,2765413,72.0,73.41,71.53,72.72,0.8853651650441853,73.41,71.53,0,2448400,11888,177899387.0,1,02,010,BRBRAPACNPR2,138,PN      N1,BRADESPAR
2021-06-04,BRAP4,BRAP4,64.48114497016802,64.48114497016802,62.42709778726551,62.83436576318583,62.83436576318583,2140812,72.83,72.83,70.51,70.97,0.8853651650441853,72.83,70.51,0,1895400,10046,134878349.0,1,02,010,BRBRAPACNPR2,138,PN      N1,BRADESPAR
2021-06-07,BRAP4,BRAP4,62.41824413561506,62.49792700046904,61.59485453212396,62.117219979500035,62.117219979500035,1927453,70.5,70.59,69.57,70.16,0.8853651650441853,70.59,69.57,0,1706500,10234,119445462.0,1,02,010,BRBRAPACNPR2,138,PN      N1,BRADESPAR
2021-06-08,BRAP4,BRAP4,62.08180537289827,62.37397587736285,60.91312335503994,61.06363543309746,61.06363543309746,2133922,70.12,70.45,68.8,68.97,0.8853651650441853,70.45,68.8,0,1889300,9880,130969903.0,1,02,010,BRBRAPACNPR2,138,PN      N1,BRADESPAR
2021-06-09,BRAP4,BRAP4,61.665683745327506,62.294293012508874,60.50585537911962,62.15263458610181,62.15263458610181,2827873,69.65,70.36,68.34,70.2,0.8853651650441853,70.36,68.34,0,2503700,13407,174665584.0,1,02,010,BRBRAPACNPR2,138,PN      N1,BRADESPAR
2021-06-10,BRAP4,BRAP4,62.12607363115048,62.480219697168145,61.53287897057088,62.17919554105313,62.17919554105313,1749561,70.17,70.57,69.5,70.23,0.8853651650441853,70.57,69.5,0,1549000,8935,108563097.0,1,02,010,BRBRAPACNPR2,138,PN      N1,BRADESPAR
2021-06-11,BRAP4,BRAP4,62.51563430376992,63.36558486221234,62.24117110260622,62.95831688629202,62.95831688629202,2371903,70.61,71.57,70.3,71.11,0.8853651650441853,71.57,70.3,0,2100000,11766,149417673.0,1,02,010,BRBRAPACNPR2,138,PN      N1,BRADESPAR
2021-06-14,BRAP4,BRAP4,63.32131660396013,63.72858457988046,62.32970761911065,62.88748767308848,62.88748767308848,1745494,71.52,71.98,70.4,71.03,0.8853651650441853,71.98,70.4,0,1545400,10527,109835663.0,1,02,010,BRBRAPACNPR2,138,PN      N1,BRADESPAR
2021-06-15,BRAP4,BRAP4,62.89634132473893,62.99373149289379,61.364659589212486,61.79848852008413,61.79848852008413,2213889,71.04,71.15,69.31,69.8,0.8853651650441853,71.15,69.31,0,1960100,11168,137134706.0,1,02,010,BRBRAPACNPR2,138,PN      N1,BRADESPAR
2021-06-16,BRAP4,BRAP4,62.02868346299562,62.03753711464606,59.39914892281439,59.56736830417279,59.56736830417279,4910968,70.06,70.07,67.09,67.28,0.8853651650441853,70.07,67.09,0,4348000,24732,294297506.0,1,02,010,BRBRAPACNPR2,138,PN      N1,BRADESPAR
2021-06-17,BRAP4,BRAP4,59.54080734922146,59.83297785368604,57.734662412531314,58.38097898301358,58.38097898301358,3560226,67.25,67.58,65.21,65.94,0.8853651650441853,67.58,65.21,0,3152100,15839,208178734.0,1,02,010,BRBRAPACNPR2,138,PN      N1,BRADESPAR
2021-06-18,BRAP4,BRAP4,58.460661847867556,59.76214864048251,58.39868628631446,59.310612406309964,59.310612406309964,3340317,66.03,67.5,65.96,66.99,0.8853651650441853,67.5,65.96,0,2957400,16072,197830846.0,1,02,010,BRBRAPACNPR2,138,PN      N1,BRADESPAR
2021-06-21,BRAP4,BRAP4,59.230929541456,60.55897728902228,58.540344712721534,60.33763599776123,60.33763599776123,2216261,66.9,68.4,66.12,68.15,0.8853651650441853,68.4,66.12,0,1962200,11787,133033304.0,1,02,010,BRBRAPACNPR2,138,PN      N1,BRADESPAR
2021-06-22,BRAP4,BRAP4,60.33763599776123,61.559439925522206,60.02775818999576,61.27612307270806,61.27612307270806,2407820,68.15,69.53,67.8,69.21,0.8853651650441853,69.53,67.8,0,2131800,12827,147100212.0,1,02,010,BRBRAPACNPR2,138,PN      N1,BRADESPAR
2021-06-23,BRAP4,BRAP4,61.48861071231867,62.409390483964614,61.38236689251336,61.736512958531044,61.736512958531044,1964726,69.45,70.49,69.33,69.73,0.8853651650441853,70.49,69.33,0,1739500,10356,121478945.0,1,02,010,BRBRAPACNPR2,138,PN      N1,BRADESPAR
2021-06-24,BRAP4,BRAP4,61.966707901442525,62.604170820274334,61.29383037600895,62.03753711464606,62.03753711464606,1721775,69.99,70.71,69.23,70.07,0.8853651650441853,70.71,69.23,0,1524400,9080,106683812.0,1,02,010,BRBRAPACNPR2,138,PN      N1,BRADESPAR
2021-06-25,BRAP4,BRAP4,63.2504873907566,64.8175837328848,62.51563430376992,64.69363260977862,64.69363260977862,5008103,71.44,73.21,70.61,73.07,0.8853651650441853,73.21,70.61,0,4434000,21903,321656705.0,1,02,010,BRBRAPACNPR2,138,PN      N1,BRADESPAR
2021-06-28,BRAP4,BRAP4,65.05663232744674,65.5789977748228,63.65775536667692,64.3749011503627,64.3749011503627,3258881,73.48,74.07,71.9,72.71,0.8853651650441853,74.07,71.9,0,2885300,13736,209223130.0,1,02,010,BRBRAPACNPR2,138,PN      N1,BRADESPAR
2021-06-29,BRAP4,BRAP4,64.2243890723052,66.22531434530505,63.887950309588405,66.07480226724755,66.07480226724755,4061601,72.54,74.8,72.16,74.63,0.8853651650441853,74.8,72.16,0,3596000,19753,266699878.0,1,02,010,BRBRAPACNPR2,138,PN      N1,BRADESPAR
2021-06-30,BRAP4,BRAP4,65.51702221326971,66.9513137806413,65.51702221326971,65.80919271773429,65.80919271773429,3148644,74.0,75.62,74.0,74.33,0.8853651650441853,75.62,74.0,0,2787700,16973,208563999.0,1,02,010,BRBRAPACNPR2,138,PN      N1,BRADESPAR
2021-07-01,BRAP4,BRAP4,66.46436293986699,66.57946041132274,65.03892502414584,65.63211968472545,65.63211968472545,3702201,75.07,75.2,73.46,74.13,0.8853651650441853,75.2,73.46,0,3277800,14864,243333261.0,1,02,010,BRBRAPACNPR2,138,PN      N1,BRADESPAR
2021-07-02,BRAP4,BRAP4,66.18989973870329,66.69455788277847,65.66753429132723,66.42009468161477,66.42009468161477,1406312,74.76,75.33,74.17,75.02,0.8853651650441853,75.33,74.17,0,1245100,7902,93229347.0,1,02,010,BRBRAPACNPR2,138,PN      N1,BRADESPAR
2021-07-05,BRAP4,BRAP4,66.26072895190683,67.21692333015454,65.72950985288031,66.12792417715019,66.12792417715019,868907,74.84,75.92,74.24,74.69,0.8853651650441853,75.92,74.24,0,769300,4412,57707339.0,1,02,010,BRBRAPACNPR2,138,PN      N1,BRADESPAR
2021-07-06,BRAP4,BRAP4,65.84460732433607,67.19036237520322,65.76492445948209,67.06641125209704,67.06641125209704,2320286,74.37,75.89,74.28,75.75,0.8853651650441853,75.89,74.28,0,2054300,10870,154612914.0,1,02,010,BRBRAPACNPR2,138,PN      N1,BRADESPAR
2021-07-07,BRAP4,BRAP4,67.38514271151294,68.83714158218541,67.38514271151294,67.87209355228724,67.87209355228724,2707583,76.11,77.75,76.11,76.66,0.8853651650441853,77.75,76.11,0,2397200,13754,184478936.0,1,02,010,BRBRAPACNPR2,138,PN      N1,BRADESPAR
2021-07-08,BRAP4,BRAP4,66.29614355850859,67.987191023743,66.09250957054843,67.24348428510588,67.24348428510588,1849858,74.88,76.79,74.65,75.95,0.8853651650441853,76.79,74.65,0,1637800,9905,124166305.0,1,02,010,BRBRAPACNPR2,138,PN      N1,BRADESPAR
2021-07-12,BRAP4,BRAP4,68.08458119189785,69.05848287344645,67.85438624898636,68.26165422490668,68.26165422490668,2244159,76.9,78.0,76.64,77.1,0.8853651650441853,78.0,76.64,0,1986900,11529,153666231.0,1,02,010,BRBRAPACNPR2,138,PN      N1,BRADESPAR
2021-07-13,BRAP4,BRAP4,68.98765366024291,70.29799410450832,68.78401967228275,70.20945758800389,70.20945758800389,3963449,77.92,79.4,77.69,79.3,0.8853651650441853,79.4,77.69,0,3509100,17249,276595234.0,1,02,010,BRBRAPACNPR2,138,PN      N1,BRADESPAR
2021-07-14,BRAP4,BRAP4,70.71411573207908,70.85577415848614,69.37721433286235,69.7667750054818,69.7667750054818,3529730,79.87,80.03,78.36,78.8,0.8853651650441853,80.03,78.36,0,3125100,15526,246900301.0,1,02,010,BRBRAPACNPR2,138,PN      N1,BRADESPAR
2021-07-15,BRAP4,BRAP4,69.9792626450924,71.00628623654366,69.64282388237561,70.47506713751714,70.47506713751714,3266788,79.04,80.2,78.66,79.6,0.8853651650441853,80.2,78.66,0,2892300,15807,230043257.0,1,02,010,BRBRAPACNPR2,138,PN      N1,BRADESPAR
2021-07-16,BRAP4,BRAP4,68.62465394257481,69.31523877130927,67.28775254335808,67.52680113792,67.52680113792,2513765,77.51,78.29,76.0,76.27,0.8853651650441853,78.29,76.0,0,2225600,11478,171243184.0,1,02,010,BRBRAPACNPR2,139,PN  ED  N1,BRADESPAR
2021-07-19,BRAP4,BRAP4,66.59716771462361,66.88048456743776,65.68524159462811,66.84506996083599,66.84506996083599,2292952,75.22,75.54,74.19,75.5,0.8853651650441853,75.54,74.19,0,2030100,10984,151874878.0,1,02,010,BRBRAPACNPR2,139,PN  ED  N1,BRADESPAR
2021-07-20,BRAP4,BRAP4,66.57060675967229,67.40285001481382,65.88887558258827,67.30545984665896,67.30545984665896,1263998,75.19,76.13,74.42,76.02,0.8853651650441853,76.13,74.42,0,1119100,6824,84724905.0,1,02,010,BRBRAPACNPR2,139,PN  ED  N1,BRADESPAR
2021-07-21,BRAP4,BRAP4,67.13724046530056,68.59809298762347,67.13724046530056,68.1996786633536,68.1996786633536,1154778,75.83,77.48,75.83,77.03,0.8853651650441853,77.48,75.83,0,1022400,6322,78726473.0,1,02,010,BRBRAPACNPR2,139,PN  ED  N1,BRADESPAR
2021-07-22,BRAP4,BRAP4,68.17311770840227,68.94338540199071,67.21692333015454,68.74860506568099,68.74860506568099,1510337,77.0,77.87,75.92,77.65,0.8853651650441853,77.87,75.92,0,1337200,8015,103038972.0,1,02,010,BRBRAPACNPR2,139,PN  ED  N1,BRADESPAR
2021-07-23,BRAP4,BRAP4,68.73975141403055,68.94338540199071,67.27889889170764,67.5887766994731,67.5887766994731,1672417,77.64,77.87,75.99,76.34,0.8853651650441853,77.87,75.99,0,1480700,7976,113265119.0,1,02,010,BRBRAPACNPR2,139,PN  ED  N1,BRADESPAR
2021-07-26,BRAP4,BRAP4,67.5887766994731,70.0412382066455,67.51794748626958,69.96155534179152,69.96155534179152,1892101,76.34,79.11,76.26,79.02,0.8853651650441853,79.11,76.26,0,1675200,8352,131544387.0,1,02,010,BRBRAPACNPR2,139,PN  ED  N1,BRADESPAR
2021-07-27,BRAP4,BRAP4,69.66938483732693,70.07665281324726,68.57153203267215,68.65121489752613,68.65121489752613,1329282,78.69,79.15,77.45,77.54,0.8853651650441853,79.15,77.45,0,1176900,6507,91687505.0,1,02,010,BRBRAPACNPR2,139,PN  ED  N1,BRADESPAR
2021-07-28,BRAP4,BRAP4,68.96109270529159,70.96201797829146,68.96109270529159,70.4662134858667,70.4662134858667,3688535,77.89,80.15,77.89,79.59,0.8853651650441853,80.15,77.89,0,3265700,8045,256959735.0,1,02,010,BRBRAPACNPR2,139,PN      N1,BRADESPAR
2021-07-29,BRAP4,BRAP4,70.0855064648977,70.90004241673836,69.09389748004823,69.41262893946413,69.41262893946413,1542979,79.16,80.08,78.04,78.4,0.8853651650441853,80.08,78.04,0,1366100,7085,107684676.0,1,02,010,BRBRAPACNPR2,139,PN      N1,BRADESPAR
2021-07-30,BRAP4,BRAP4,68.19082501170314,68.27936152820757,65.48160760666794,65.48160760666794,65.48160760666794,2627052,77.02,77.12,73.96,73.96,0.8853651650441853,77.12,73.96,0,2325900,11137,174974276.0,1,02,010,BRBRAPACNPR2,139,PN      N1,BRADESPAR
2021-08-02,BRAP4,BRAP4,66.61487501792449,66.9955820388935,65.45504665171663,65.45504665171663,65.45504665171663,2244498,75.24,75.67,73.93,73.93,0.8853651650441853,75.67,73.93,0,1987200,11024,148038063.0,1,02,010,BRBRAPACNPR2,139,PN      N1,BRADESPAR
2021-08-03,BRAP4,BRAP4,65.45504665171663,68.05802023694653,65.07433963074762,67.40285001481382,67.40285001481382,2857352,73.93,76.87,73.5,76.13,0.8853651650441853,76.87,73.5,0,2529800,11742,191660267.0,1,02,010,BRBRAPACNPR2,139,PN      N1,BRADESPAR
2021-08-04,BRAP4,BRAP4,66.84506996083599,68.39445899966331,66.84506996083599,67.59763035112354,67.59763035112354,3043603,75.5,77.25,75.5,76.35,0.8853651650441853,77.25,75.5,0,2694700,13960,206731110.0,1,02,010,BRBRAPACNPR2,139,PN      N1,BRADESPAR
2021-08-05,BRAP4,BRAP4,66.40238737831389,66.4466556365661,64.09158429754858,64.14470620745122,64.14470620745122,3356016,75.0,75.05,72.39,72.45,0.8853651650441853,75.05,72.39,0,2971300,15399,217700520.0,1,02,010,BRBRAPACNPR2,139,PN      N1,BRADESPAR
2021-08-06,BRAP4,BRAP4,64.13585255580078,65.07433963074762,63.58692615347338,63.92336491619018,63.92336491619018,2370886,72.44,73.5,71.82,72.2,0.8853651650441853,73.5,71.82,0,2099100,10731,151780028.0,1,02,010,BRBRAPACNPR2,139,PN      N1,BRADESPAR
2021-08-09,BRAP4,BRAP4,63.41870677211499,63.47182868201764,62.69270733677876,63.41870677211499,63.41870677211499,3219350,71.63,71.69,70.81,71.63,0.8853651650441853,71.69,70.81,0,2850300,14581,203258920.0,1,02,010,BRBRAPACNPR2,139,PN      N1,BRADESPAR
2021-08-10,BRAP4,BRAP4,63.507243288619414,64.09158429754858,62.89634132473893,63.06456070609732,63.06456070609732,3066870,71.73,72.39,71.04,71.23,0.8853651650441853,72.39,71.04,0,2715300,13548,194921329.0,1,02,010,BRBRAPACNPR2,139,PN      N1,BRADESPAR
2021-08-11,BRAP4,BRAP4,63.400999468814106,63.65775536667692,62.79895115658407,63.00258514454422,63.00258514454422,1303869,71.61,71.9,70.93,71.16,0.8853651650441853,71.9,70.93,0,1154400,7340,82309821.0,1,02,010,BRBRAPACNPR2,139,PN      N1,BRADESPAR
2021-08-12,BRAP4,BRAP4,62.62187812357523,62.94946323464157,61.27612307270806,61.40892784746469,61.40892784746469,2214792,70.73,71.1,69.21,69.36,0.8853651650441853,71.1,69.21,0,1960900,9804,137175213.0,1,02,010,BRBRAPACNPR2,139,PN      N1,BRADESPAR
2021-08-13,BRAP4,BRAP4,61.67453739697795,62.09065902454871,61.29383037600895,62.064098069597385,62.064098069597385,1935924,69.66,70.13,69.23,70.1,0.8853651650441853,70.13,69.23,0,1714000,9988,119630147.0,1,02,010,BRBRAPACNPR2,139,PN      N1,BRADESPAR
2021-08-16,BRAP4,BRAP4,61.904732339889435,63.00258514454422,60.53241633407095,62.92290227969024,62.92290227969024,2476040,69.92,71.16,68.37,71.07,0.8853651650441853,71.16,68.37,0,2192200,14068,153337663.0,1,02,010,BRBRAPACNPR2,139,PN      N1,BRADESPAR
2021-08-17,BRAP4,BRAP4,62.82551211153538,62.82551211153538,60.78031858028332,61.64797644202662,61.64797644202662,2285611,70.96,70.96,68.65,69.63,0.8853651650441853,70.96,68.65,0,2023600,11859,140359601.0,1,02,010,BRBRAPACNPR2,139,PN      N1,BRADESPAR
2021-08-18,BRAP4,BRAP4,60.789172231933755,60.789172231933755,59.23978319310643,59.30175875465953,59.30175875465953,2732545,68.66,68.66,66.91,66.98,0.8853651650441853,68.66,66.91,0,2419300,13894,163307250.0,1,02,010,BRBRAPACNPR2,139,PN      N1,BRADESPAR
2021-08-19,BRAP4,BRAP4,57.371662694863204,57.50446746961983,55.71602983623058,56.14100511545178,56.14100511545178,4279590,64.8,64.95,62.93,63.41,0.8853651650441853,64.95,62.93,0,3789000,17804,241309681.0,1,02,010,BRBRAPACNPR2,139,PN      N1,BRADESPAR
2021-08-20,BRAP4,BRAP4,55.751444442832344,56.689931517779186,55.44156663506688,56.19412702535444,56.19412702535444,2170517,62.97,64.03,62.62,63.47,0.8853651650441853,64.03,62.62,0,1921700,9569,122058817.0,1,02,010,BRBRAPACNPR2,139,PN      N1,BRADESPAR
2021-08-23,BRAP4,BRAP4,56.14985876710223,56.4597365748677,55.67176157797837,55.698322532929694,55.698322532929694,1880354,63.42,63.77,62.88,62.91,0.8853651650441853,63.77,62.88,0,1664800,8446,105184405.0,1,02,010,BRBRAPACNPR2,139,PN      N1,BRADESPAR
2021-08-24,BRAP4,BRAP4,57.49561381796939,58.389832634664025,56.964394718942884,57.097199493699506,57.097199493699506,2242578,64.94,65.95,64.34,64.49,0.8853651650441853,65.95,64.34,0,1985500,10507,129160761.0,1,02,010,BRBRAPACNPR2,139,PN      N1,BRADESPAR
2021-08-25,BRAP4,BRAP4,57.114906797000394,57.291979830009225,56.42432196826592,56.79617533758449,56.79617533758449,1121797,64.51,64.71,63.73,64.15,0.8853651650441853,64.71,63.73,0,993200,6014,63639265.0,1,02,010,BRBRAPACNPR2,139,PN      N1,BRADESPAR
2021-08-26,BRAP4,BRAP4,56.689931517779186,57.291979830009225,55.91966382419074,56.03476129564648,56.03476129564648,1616734,64.03,64.71,63.16,63.29,0.8853651650441853,64.71,63.16,0,1431400,7745,91193797.0,1,02,010,BRBRAPACNPR2,139,PN      N1,BRADESPAR
2021-08-27,BRAP4,BRAP4,56.48629752981902,57.36280904321277,56.38890736166416,56.99095567389421,56.99095567389421,1373670,63.8,64.79,63.69,64.37,0.8853651650441853,64.79,63.69,0,1216200,6161,78174539.0,1,02,010,BRBRAPACNPR2,139,PN      N1,BRADESPAR
2021-08-30,BRAP4,BRAP4,56.99095567389421,57.38051634651365,56.30922449681019,56.72534612438094,56.72534612438094,930125,64.37,64.81,63.6,64.07,0.8853651650441853,64.81,63.6,0,823500,5015,52758919.0,1,02,010,BRBRAPACNPR2,139,PN      N1,BRADESPAR
2021-08-31,BRAP4,BRAP4,56.50400483311991,56.565980394673,54.96346944594302,55.9108101725403,55.9108101725403,3025644,63.82,63.89,62.08,63.15,0.8853651650441853,63.89,62.08,0,2678800,10609,167907305.0,1,02,010,BRBRAPACNPR2,139,PN      N1,BRADESPAR
2021-09-01,BRAP4,BRAP4,54.83951832283683,55.99049303739428,54.051543325947506,55.565517758173065,55.565517758173065,2006065,61.94,63.24,61.05,62.76,0.8853651650441853,63.24,61.05,0,1776100,8305,111106125.0,1,02,010,BRBRAPACNPR2,139,PN      N1,BRADESPAR
2021-09-02,BRAP4,BRAP4,55.37959107351379,56.24724893525709,55.12283517565098,55.220225343805836,55.220225343805836,2614627,62.55,63.53,62.26,62.37,0.8853651650441853,63.53,62.26,0,2314900,10203,144966381.0,1,02,010,BRBRAPACNPR2,139,PN      N1,BRADESPAR
2021-09-03,BRAP4,BRAP4,55.89310286923942,56.22068798030576,54.96346944594302,55.388444725164234,55.388444725164234,3111033,63.13,63.5,62.08,62.56,0.8853651650441853,63.5,62.08,0,2754400,10895,172399710.0,1,02,010,BRBRAPACNPR2,139,PN      N1,BRADESPAR
2021-09-06,BRAP4,BRAP4,54.70671354808021,55.12283517565098,54.175494449053694,54.91920118769082,54.91920118769082,1363731,61.79,62.26,61.19,62.03,0.8853651650441853,62.26,61.19,0,1207400,7004,74579109.0,1,02,010,BRBRAPACNPR2,139,PN      N1,BRADESPAR
2021-09-08,BRAP4,BRAP4,54.7244208513811,54.96346944594302,53.139617205952,53.49376327196968,53.49376327196968,2997181,61.81,62.08,60.02,60.42,0.8853651650441853,62.08,60.02,0,2653600,13636,160351182.0,1,02,010,BRBRAPACNPR2,139,PN      N1,BRADESPAR
2021-09-09,BRAP4,BRAP4,53.56459248517321,54.033836022646625,52.564129848673275,53.29012928400951,53.29012928400951,2483721,60.5,61.03,59.37,60.19,0.8853651650441853,61.03,59.37,0,2199000,12123,132247068.0,1,02,010,BRBRAPACNPR2,139,PN      N1,BRADESPAR
2021-09-10,BRAP4,BRAP4,54.0072750676953,54.21976270730591,53.12190990265112,53.29898293565996,53.29898293565996,1225709,61.0,61.24,60.0,60.2,0.8853651650441853,61.24,60.0,0,1085200,6621,65639034.0,1,02,010,BRBRAPACNPR2,139,PN      N1,BRADESPAR
2021-09-13,BRAP4,BRAP4,53.44064136206702,53.626568046726305,52.67922732012902,53.46720231701835,53.46720231701835,1244232,60.36,60.57,59.5,60.39,0.8853651650441853,60.57,59.5,0,1101600,6522,66063403.0,1,02,010,BRBRAPACNPR2,139,PN      N1,BRADESPAR
2021-09-14,BRAP4,BRAP4,53.422934058766145,53.839055686336906,52.61725175857593,53.688543608279396,53.688543608279396,1833029,60.34,60.81,59.43,60.64,0.8853651650441853,60.81,59.43,0,1622900,8773,97947142.0,1,02,010,BRBRAPACNPR2,139,PN      N1,BRADESPAR
2021-09-15,BRAP4,BRAP4,57.469052863018064,58.11536943350032,56.19412702535444,56.49515118146947,56.49515118146947,12561484,64.91,65.64,63.47,63.81,0.8853651650441853,65.64,63.47,0,11121500,42056,718284593.0,1,02,010,BRBRAPACNPR2,139,PN      N1,BRADESPAR
2021-09-16,BRAP4,BRAP4,55.450420286717325,55.78685904943411,53.794787428084696,54.42339669526607,54.42339669526607,6904835,62.63,63.01,60.76,61.47,0.8853651650441853,63.01,60.76,0,6113300,25314,376299200.0,1,02,010,BRBRAPACNPR2,139,PN      N1,BRADESPAR
2021-09-17,BRAP4,BRAP4,54.44995765021739,54.61817703157579,52.05061805294765,52.449032377217534,52.449032377217534,7404515,61.5,61.69,58.79,59.24,0.8853651650441853,61.69,58.79,0,6555700,24529,390309461.0,1,02,010,BRBRAPACNPR2,139,PN      N1,BRADESPAR
2021-09-20,BRAP4,BRAP4,50.98817985489463,51.014740809845954,49.173181266554046,50.14708294810266,50.14708294810266,4553940,57.59,57.62,55.54,56.64,0.8853651650441853,57.62,55.54,0,4031900,20828,227551348.0,1,02,010,BRBRAPACNPR2,139,PN      N1,BRADESPAR
2021-09-21,BRAP4,BRAP4,50.5,50.84,49.47,50.48,50.48,5077500,50.5,50.84,49.47,50.48,1.0,50.84,49.47,0,5077500,23870,254340004.0,1,02,010,BRBRAPACNPR2,140,PN  EB  N1,BRADESPAR
2021-09-22,BRAP4,BRAP4,52.87,54.06,52.31,52.6,52.6,5533200,52.87,54.06,52.31,52.6,1.0,54.06,52.31,0,5533200,28561,292459859.0,1,02,010,BRBRAPACNPR2,140,PN  EB  N1,BRADESPAR
2021-09-23,BRAP4,BRAP4,52.7,54.24,51.73,53.98,53.98,4826100,52.7,54.24,51.73,53.98,1.0,54.24,51.73,0,4826100,21936,258788123.0,1,02,010,BRBRAPACNPR2,140,PN  EB  N1,BRADESPAR
2021-09-24,BRAP4,BRAP4,53.39,53.83,52.71,53.43,53.43,2421800,53.39,53.83,52.71,53.43,1.0,53.83,52.71,0,2421800,12543,129260812.0,1,02,010,BRBRAPACNPR2,140,PN  EB  N1,BRADESPAR
2021-09-27,BRAP4,BRAP4,53.51,54.17,52.41,53.42,53.42,2156900,53.51,54.17,52.41,53.42,1.0,54.17,52.41,0,2156900,10632,115045681.0,1,02,010,BRBRAPACNPR2,140,PN  EB  N1,BRADESPAR
2021-09-28,BRAP4,BRAP4,53.14,53.14,50.19,50.41,50.41,4176400,53.14,53.14,50.19,50.41,1.0,53.14,50.19,0,4176400,22067,213443437.0,1,02,010,BRBRAPACNPR2,140,PN  EB  N1,BRADESPAR
2021-09-29,BRAP4,BRAP4,51.01,51.43,50.52,51.1,51.1,2542600,51.01,51.43,50.52,51.1,1.0,51.43,50.52,0,2542600,14217,129722138.0,1,02,010,BRBRAPACNPR2,140,PN  EB  N1,BRADESPAR
2021-09-30,BRAP4,BRAP4,51.6,52.96,51.37,52.27,52.27,3912200,51.6,52.96,51.37,52.27,1.0,52.96,51.37,0,3912200,17973,204333238.0,1,02,010,BRBRAPACNPR2,140,PN  EB  N1,BRADESPAR
2021-10-01,BRAP4,BRAP4,52.54,52.87,51.55,52.22,52.22,2558100,52.54,52.87,51.55,52.22,1.0,52.87,51.55,0,2558100,13630,133100592.0,1,02,010,BRBRAPACNPR2,140,PN      N1,BRADESPAR
2021-10-04,BRAP4,BRAP4,52.21,52.22,50.9,51.06,51.06,2098500,52.21,52.22,50.9,51.06,1.0,52.22,50.9,0,2098500,13258,107942790.0,1,02,010,BRBRAPACNPR2,140,PN      N1,BRADESPAR
2021-10-05,BRAP4,BRAP4,51.4,51.44,50.01,50.19,50.19,3619200,51.4,51.44,50.01,50.19,1.0,51.44,50.01,0,3619200,18438,183006721.0,1,02,010,BRBRAPACNPR2,140,PN      N1,BRADESPAR
2021-10-06,BRAP4,BRAP4,49.73,51.05,49.38,51.03,51.03,4262500,49.73,51.05,49.38,51.03,1.0,51.05,49.38,0,4262500,21482,213727488.0,1,02,010,BRBRAPACNPR2,140,PN      N1,BRADESPAR
2021-10-07,BRAP4,BRAP4,51.51,53.26,51.29,52.55,52.55,2834900,51.51,53.26,51.29,52.55,1.0,53.26,51.29,0,2834900,14391,148883468.0,1,02,010,BRBRAPACNPR2,140,PN      N1,BRADESPAR
2021-10-08,BRAP4,BRAP4,53.97,54.11,52.81,53.32,53.32,2406400,53.97,54.11,52.81,53.32,1.0,54.11,52.81,0,2406400,12588,128521736.0,1,02,010,BRBRAPACNPR2,140,PN      N1,BRADESPAR
2021-10-11,BRAP4,BRAP4,54.2,55.28,54.15,54.73,54.73,3499500,54.2,55.28,54.15,54.73,1.0,55.28,54.15,0,3499500,15081,192109656.0,1,02,010,BRBRAPACNPR2,140,PN      N1,BRADESPAR
2021-10-13,BRAP4,BRAP4,54.3,54.32,53.28,53.96,53.96,4671800,54.3,54.32,53.28,53.96,1.0,54.32,53.28,0,4671800,20477,252010911.0,1,02,010,BRBRAPACNPR2,140,PN      N1,BRADESPAR
2021-10-14,BRAP4,BRAP4,54.33,54.77,53.81,53.92,53.92,2296300,54.33,54.77,53.81,53.92,1.0,54.77,53.81,0,2296300,11051,124323265.0,1,02,010,BRBRAPACNPR2,140,PN      N1,BRADESPAR
2021-10-15,BRAP4,BRAP4,53.96,55.2,53.77,55.1,55.1,2651800,53.96,55.2,53.77,55.1,1.0,55.2,53.77,0,2651800,12281,145228301.0,1,02,010,BRBRAPACNPR2,140,PN      N1,BRADESPAR
2021-10-18,BRAP4,BRAP4,54.2,54.46,52.93,54.21,54.21,2162000,54.2,54.46,52.93,54.21,1.0,54.46,52.93,0,2162000,10597,116255052.0,1,02,010,BRBRAPACNPR2,140,PN      N1,BRADESPAR
2021-10-19,BRAP4,BRAP4,53.65,54.1,52.85,53.19,53.19,2276500,53.65,54.1,52.85,53.19,1.0,54.1,52.85,0,2276500,14168,121494767.0,1,02,010,BRBRAPACNPR2,140,PN      N1,BRADESPAR
2021-10-20,BRAP4,BRAP4,53.19,53.33,51.71,52.05,52.05,2138700,53.19,53.33,51.71,52.05,1.0,53.33,51.71,0,2138700,10345,111798196.0,1,02,010,BRBRAPACNPR2,140,PN      N1,BRADESPAR
2021-10-21,BRAP4,BRAP4,50.7,51.31,49.32,50.64,50.64,2926300,50.7,51.31,49.32,50.64,1.0,51.31,49.32,0,2926300,14512,147178427.0,1,02,010,BRBRAPACNPR2,140,PN      N1,BRADESPAR
2021-10-22,BRAP4,BRAP4,50.0,52.08,50.0,51.5,51.5,3007600,50.0,52.08,50.0,51.5,1.0,52.08,50.0,0,3007600,17330,154724515.0,1,02,010,BRBRAPACNPR2,140,PN      N1,BRADESPAR
2021-10-25,BRAP4,BRAP4,51.96,53.12,51.29,52.64,52.64,2242900,51.96,53.12,51.29,52.64,1.0,53.12,51.29,0,2242900,13645,117468425.0,1,02,010,BRBRAPACNPR2,140,PN      N1,BRADESPAR
2021-10-26,BRAP4,BRAP4,52.0,52.59,51.63,51.89,51.89,1797800,52.0,52.59,51.63,51.89,1.0,52.59,51.63,0,1797800,10110,93466890.0,1,02,010,BRBRAPACNPR2,140,PN      N1,BRADESPAR
2021-10-27,BRAP4,BRAP4,51.97,52.21,50.56,50.76,50.76,2585500,51.97,52.21,50.56,50.76,1.0,52.21,50.56,0,2585500,14908,132627197.0,1,02,010,BRBRAPACNPR2,140,PN      N1,BRADESPAR
2021-10-28,BRAP4,BRAP4,50.6,50.89,49.76,50.06,50.06,1559900,50.6,50.89,49.76,50.06,1.0,50.89,49.76,0,1559900,8569,78450198.0,1,02,010,BRBRAPACNPR2,140,PN      N1,BRADESPAR
2021-10-29,BRAP4,BRAP4,50.07,50.34,48.47,48.66,48.66,3264500,50.07,50.34,48.47,48.66,1.0,50.34,48.47,0,3264500,19340,160035203.0,1,02,010,BRBRAPACNPR2,140,PN      N1,BRADESPAR
2021-11-01,BRAP4,BRAP4,49.81,50.3,48.62,50.0,50.0,3528600,49.81,50.3,48.62,50.0,1.0,50.3,48.62,0,3528600,14707,175524119.0,1,02,010,BRBRAPACNPR2,140,PN      N1,BRADESPAR
2021-11-03,BRAP4,BRAP4,49.04,49.14,46.23,46.23,46.23,5332800,49.04,49.14,46.23,46.23,1.0,49.14,46.23,0,5332800,24852,250819022.0,1,02,010,BRBRAPACNPR2,140,PN      N1,BRADESPAR
2021-11-04,BRAP4,BRAP4,46.28,46.85,45.63,45.94,45.94,3384800,46.28,46.85,45.63,45.94,1.0,46.85,45.63,0,3384800,13962,155712389.0,1,02,010,BRBRAPACNPR2,140,PN      N1,BRADESPAR
2021-11-05,BRAP4,BRAP4,46.4,46.41,44.58,44.9,44.9,2839700,46.4,46.41,44.58,44.9,1.0,46.41,44.58,0,2839700,11101,127936234.0,1,02,010,BRBRAPACNPR2,140,PN      N1,BRADESPAR
2021-11-08,BRAP4,BRAP4,44.97,46.97,44.66,46.62,46.62,2910700,44.97,46.97,44.66,46.62,1.0,46.97,44.66,0,2910700,14118,134938651.0,1,02,010,BRBRAPACNPR2,140,PN      N1,BRADESPAR
2021-11-09,BRAP4,BRAP4,46.7,46.79,45.42,45.8,45.8,3036600,46.7,46.79,45.42,45.8,1.0,46.79,45.42,0,3036600,13757,139103820.0,1,02,010,BRBRAPACNPR2,140,PN      N1,BRADESPAR
2021-11-10,BRAP4,BRAP4,45.58,46.0,45.02,45.79,45.79,2933600,45.58,46.0,45.02,45.79,1.0,46.0,45.02,0,2933600,10598,133793332.0,1,02,010,BRBRAPACNPR2,140,PN      N1,BRADESPAR
2021-11-11,BRAP4,BRAP4,47.3,48.63,47.3,48.35,48.35,5636000,47.3,48.63,47.3,48.35,1.0,48.63,47.3,0,5636000,21539,270252227.0,1,02,010,BRBRAPACNPR2,140,PN      N1,BRADESPAR
2021-11-12,BRAP4,BRAP4,48.15,48.95,47.56,48.2,48.2,4812800,48.15,48.95,47.56,48.2,1.0,48.95,47.56,0,4812800,20605,232753006.0,1,02,010,BRBRAPACNPR2,140,PN      N1,BRADESPAR
2021-11-16,BRAP4,BRAP4,48.08,48.22,47.0,47.25,47.25,2968900,48.08,48.22,47.0,47.25,1.0,48.22,47.0,0,2968900,13863,140632182.0,1,02,010,BRBRAPACNPR2,140,PN      N1,BRADESPAR
2021-11-17,BRAP4,BRAP4,47.59,48.1,46.42,46.96,46.96,4123500,47.59,48.1,46.42,46.96,1.0,48.1,46.42,0,4123500,16862,194014627.0,1,02,010,BRBRAPACNPR2,140,PN      N1,BRADESPAR
2021-11-18,BRAP4,BRAP4,46.98,47.01,44.54,44.93,44.93,5295700,46.98,47.01,44.54,44.93,1.0,47.01,44.54,0,5295700,21543,239739684.0,1,02,010,BRBRAPACNPR2,140,PN      N1,BRADESPAR
2021-11-19,BRAP4,BRAP4,45.34,46.53,45.27,45.98,45.98,4946500,45.34,46.53,45.27,45.98,1.0,46.53,45.27,0,4946500,11961,227679947.0,1,02,010,BRBRAPACNPR2,140,PN      N1,BRADESPAR
2021-11-22,BRAP4,BRAP4,46.73,48.72,46.56,48.03,48.03,4103300,46.73,48.72,46.56,48.03,1.0,48.72,46.56,0,4103300,17836,197059250.0,1,02,010,BRBRAPACNPR2,140,PN      N1,BRADESPAR
2021-11-23,BRAP4,BRAP4,49.64,51.3,48.75,49.14,49.14,4208200,49.64,51.3,48.75,49.14,1.0,51.3,48.75,0,4208200,19983,208420080.0,1,02,010,BRBRAPACNPR2,140,PN      N1,BRADESPAR
2021-11-24,BRAP4,BRAP4,49.24,49.99,48.91,49.81,49.81,2413100,49.24,49.99,48.91,49.81,1.0,49.99,48.91,0,2413100,12984,119776137.0,1,02,010,BRBRAPACNPR2,140,PN      N1,BRADESPAR
2021-11-25,BRAP4,BRAP4,50.18,50.5,49.18,50.04,50.04,2571600,50.18,50.5,49.18,50.04,1.0,50.5,49.18,0,2571600,11283,128406272.0,1,02,010,BRBRAPACNPR2,140,PN      N1,BRADESPAR
2021-11-26,BRAP4,BRAP4,48.48,48.94,47.94,48.82,48.82,2687600,48.48,48.94,47.94,48.82,1.0,48.94,47.94,0,2687600,12613,130339386.0,1,02,010,BRBRAPACNPR2,140,PN      N1,BRADESPAR
2021-11-29,BRAP4,BRAP4,49.9,50.21,49.0,49.2,49.2,2427500,49.9,50.21,49.0,49.2,1.0,50.21,49.0,0,2427500,11976,120041997.0,1,02,010,BRBRAPACNPR2,140,PN      N1,BRADESPAR
2021-11-30,BRAP4,BRAP4,49.2,50.5,49.02,49.75,49.75,4377400,49.2,50.5,49.02,49.75,1.0,50.5,49.02,0,4377400,14429,217299894.0,1,02,010,BRBRAPACNPR2,140,PN      N1,BRADESPAR
2021-12-01,BRAP4,BRAP4,50.49,51.12,49.86,49.93,49.93,3318300,50.49,51.12,49.86,49.93,1.0,51.12,49.86,0,3318300,13792,167694101.0,1,02,010,BRBRAPACNPR2,140,PN      N1,BRADESPAR
2021-12-02,BRAP4,BRAP4,50.58,52.61,50.11,52.42,52.42,5157700,50.58,52.61,50.11,52.42,1.0,52.61,50.11,0,5157700,19370,266835046.0,1,02,010,BRBRAPACNPR2,140,PN      N1,BRADESPAR
2021-12-03,BRAP4,BRAP4,52.63,53.25,50.83,51.7,51.7,5885800,52.63,53.25,50.83,51.7,1.0,53.25,50.83,0,5885800,22033,304455721.0,1,02,010,BRBRAPACNPR2,140,PN      N1,BRADESPAR
2021-12-06,BRAP4,BRAP4,52.09,53.97,51.95,53.53,53.53,5420700,52.09,53.97,51.95,53.53,1.0,53.97,51.95,0,5420700,21212,288033664.0,1,02,010,BRBRAPACNPR2,140,PN      N1,BRADESPAR
2021-12-07,BRAP4,BRAP4,55.0,56.04,53.57,53.93,53.93,8184500,55.0,56.04,53.57,53.93,1.0,56.04,53.57,0,8184500,27655,445099910.0,1,02,010,BRBRAPACNPR2,140,PN      N1,BRADESPAR
2021-12-08,BRAP4,BRAP4,54.48,54.5,53.39,53.76,53.76,4187400,54.48,54.5,53.39,53.76,1.0,54.5,53.39,0,4187400,13566,225007929.0,1,02,010,BRBRAPACNPR2,140,PN      N1,BRADESPAR
2021-12-09,BRAP4,BRAP4,53.48,53.66,52.98,53.34,53.34,4029100,53.48,53.66,52.98,53.34,1.0,53.66,52.98,0,4029100,12549,214658138.0,1,02,010,BRBRAPACNPR2,140,PN      N1,BRADESPAR
2021-12-10,BRAP4,BRAP4,53.72,54.26,53.17,53.53,53.53,3326200,53.72,54.26,53.17,53.53,1.0,54.26,53.17,0,3326200,12174,178202689.0,1,02,010,BRBRAPACNPR2,140,PN      N1,BRADESPAR
2021-12-13,BRAP4,BRAP4,54.56,56.13,54.56,55.07,55.07,5823900,54.56,56.13,54.56,55.07,1.0,56.13,54.56,0,5823900,21119,321094816.0,1,02,010,BRBRAPACNPR2,140,PN      N1,BRADESPAR
2021-12-14,BRAP4,BRAP4,55.64,55.65,54.76,54.98,54.98,5054800,55.64,55.65,54.76,54.98,1.0,55.65,54.76,0,5054800,19997,278215977.0,1,02,010,BRBRAPACNPR2,140,PN      N1,BRADESPAR
2021-12-15,BRAP4,BRAP4,55.15,55.38,53.9,54.54,54.54,7457900,55.15,55.38,53.9,54.54,1.0,55.38,53.9,0,7457900,31968,405914271.0,1,02,010,BRBRAPACNPR2,140,PN      N1,BRADESPAR
2021-12-16,BRAP4,BRAP4,55.51,56.46,55.03,55.78,55.78,11792700,55.51,56.46,55.03,55.78,1.0,56.46,55.03,0,11792700,39931,658508809.0,1,02,010,BRBRAPACNPR2,140,PN      N1,BRADESPAR
2021-12-17,BRAP4,BRAP4,23.5,24.15,21.51,23.14,23.14,44729800,23.5,24.15,21.51,23.14,1.0,24.15,21.51,0,44729800,61879,1029870388.0,1,02,010,BRBRAPACNPR2,142,PN  EDC N1,BRADESPAR
2021-12-20,BRAP4,BRAP4,23.0,23.41,22.03,22.33,22.33,16369800,23.0,23.41,22.03,22.33,1.0,23.41,22.03,0,16369800,39945,365850066.0,1,02,010,BRBRAPACNPR2,142,PN  EDC N1,BRADESPAR
2021-12-21,BRAP4,BRAP4,22.82,23.63,22.68,23.57,23.57,10552100,22.82,23.63,22.68,23.57,1.0,23.63,22.68,0,10552100,28202,245652761.0,1,02,010,BRBRAPACNPR2,142,PN  EDC N1,BRADESPAR
2021-12-22,BRAP4,BRAP4,23.43,24.22,23.37,23.83,23.83,11065000,23.43,24.22,23.37,23.83,1.0,24.22,23.37,0,11065000,26657,263117245.0,1,02,010,BRBRAPACNPR2,142,PN  EDC N1,BRADESPAR
2021-12-23,BRAP4,BRAP4,23.86,24.13,23.7,24.01,24.01,4573600,23.86,24.13,23.7,24.01,1.0,24.13,23.7,0,4573600,10499,109522056.0,1,02,010,BRBRAPACNPR2,142,PN  EDC N1,BRADESPAR
2021-12-27,BRAP4,BRAP4,24.06,24.65,23.95,24.65,24.65,6050100,24.06,24.65,23.95,24.65,1.0,24.65,23.95,0,6050100,22223,147863934.0,1,02,010,BRBRAPACNPR2,142,PN  EDC N1,BRADESPAR
2021-12-28,BRAP4,BRAP4,24.65,24.82,24.21,24.5,24.5,8824500,24.65,24.82,24.21,24.5,1.0,24.82,24.21,0,8824500,31952,215781787.0,1,02,010,BRBRAPACNPR2,142,PN  EDC N1,BRADESPAR
2021-12-29,BRAP4,BRAP4,24.45,24.66,24.21,24.49,24.49,4416200,24.45,24.66,24.21,24.49,1.0,24.66,24.21,0,4416200,14735,108136372.0,1,02,010,BRBRAPACNPR2,142,PN  EDC N1,BRADESPAR
2021-12-30,BRAP4,BRAP4,24.59,25.09,24.44,24.99,24.99,7246700,24.59,25.09,24.44,24.99,1.0,25.09,24.44,0,7246700,17929,180767990.0,1,02,010,BRBRAPACNPR2,142,PN      N1,BRADESPAR
2022-01-03,BRAP4,BRAP4,25.18,25.54,24.63,24.65,24.65,5283300,25.18,25.54,24.63,24.65,1.0,25.54,24.63,0,5283300,18298,131626563.0,1,02,010,BRBRAPACNPR2,142,PN      N1,BRADESPAR
2022-01-04,BRAP4,BRAP4,24.95,25.22,24.65,24.88,24.88,6521600,24.95,25.22,24.65,24.88,1.0,25.22,24.65,0,6521600,22696,162206092.0,1,02,010,BRBRAPACNPR2,142,PN      N1,BRADESPAR
2022-01-05,BRAP4,BRAP4,24.84,25.32,24.55,24.94,24.94,7418300,24.84,25.32,24.55,24.94,1.0,25.32,24.55,0,7418300,24794,185397956.0,1,02,010,BRBRAPACNPR2,142,PN      N1,BRADESPAR
2022-01-06,BRAP4,BRAP4,25.06,25.88,25.04,25.65,25.65,7739700,25.06,25.88,25.04,25.65,1.0,25.88,25.04,0,7739700,27395,198134799.0,1,02,010,BRBRAPACNPR2,142,PN      N1,BRADESPAR
2022-01-07,BRAP4,BRAP4,25.71,26.67,25.56,26.66,26.66,5272100,25.71,26.67,25.56,26.66,1.0,26.67,25.56,0,5272100,24521,138854534.0,1,02,010,BRBRAPACNPR2,142,PN      N1,BRADESPAR
2022-01-10,BRAP4,BRAP4,26.44,26.87,26.18,26.65,26.65,4389300,26.44,26.87,26.18,26.65,1.0,26.87,26.18,0,4389300,17057,116677386.0,1,02,010,BRBRAPACNPR2,142,PN      N1,BRADESPAR
2022-01-11,BRAP4,BRAP4,26.78,27.8,26.69,27.29,27.29,6474600,26.78,27.8,26.69,27.29,1.0,27.8,26.69,0,6474600,30671,176587031.0,1,02,010,BRBRAPACNPR2,142,PN      N1,BRADESPAR
2022-01-12,BRAP4,BRAP4,27.65,28.04,27.51,27.74,27.74,6826400,27.65,28.04,27.51,27.74,1.0,28.04,27.51,0,6826400,25963,189481712.0,1,02,010,BRBRAPACNPR2,142,PN      N1,BRADESPAR
2022-01-13,BRAP4,BRAP4,27.5,27.66,27.15,27.38,27.38,3744700,27.5,27.66,27.15,27.38,1.0,27.66,27.15,0,3744700,16885,102609810.0,1,02,010,BRBRAPACNPR2,142,PN      N1,BRADESPAR
2022-01-14,BRAP4,BRAP4,27.2,27.58,26.69,27.52,27.52,3493900,27.2,27.58,26.69,27.52,1.0,27.58,26.69,0,3493900,11715,95538342.0,1,02,010,BRBRAPACNPR2,142,PN      N1,BRADESPAR
2022-01-17,BRAP4,BRAP4,27.35,27.74,27.26,27.37,27.37,3841800,27.35,27.74,27.26,27.37,1.0,27.74,27.26,0,3841800,11985,105783157.0,1,02,010,BRBRAPACNPR2,142,PN      N1,BRADESPAR
2022-01-18,BRAP4,BRAP4,27.42,28.24,27.42,27.86,27.86,11710100,27.42,28.24,27.42,27.86,1.0,28.24,27.42,0,11710100,17466,326414173.0,1,02,010,BRBRAPACNPR2,142,PN      N1,BRADESPAR
2022-01-19,BRAP4,BRAP4,28.14,28.99,28.11,28.71,28.71,4217100,28.14,28.99,28.11,28.71,1.0,28.99,28.11,0,4217100,20818,120974352.0,1,02,010,BRBRAPACNPR2,142,PN      N1,BRADESPAR
2022-01-20,BRAP4,BRAP4,28.81,29.08,28.16,28.32,28.32,4080000,28.81,29.08,28.16,28.32,1.0,29.08,28.16,0,4080000,17441,116570425.0,1,02,010,BRBRAPACNPR2,142,PN      N1,BRADESPAR
2022-01-21,BRAP4,BRAP4,28.15,28.17,27.38,27.65,27.65,5991000,28.15,28.17,27.38,27.65,1.0,28.17,27.38,0,5991000,19202,158280863.0,1,02,010,BRBRAPACNPR2,142,PN      N1,BRADESPAR
2022-01-24,BRAP4,BRAP4,27.38,27.4,26.41,26.85,26.85,5889000,27.38,27.4,26.41,26.85,1.0,27.4,26.41,0,5889000,22145,157020202.0,1,02,010,BRBRAPACNPR2,142,PN      N1,BRADESPAR
2022-01-25,BRAP4,BRAP4,26.8,27.29,26.7,27.1,27.1,2513600,26.8,27.29,26.7,27.1,1.0,27.29,26.7,0,2513600,11349,67794863.0,1,02,010,BRBRAPACNPR2,142,PN      N1,BRADESPAR
2022-01-26,BRAP4,BRAP4,27.5,28.15,26.98,27.09,27.09,3432600,27.5,28.15,26.98,27.09,1.0,28.15,26.98,0,3432600,13635,94254483.0,1,02,010,BRBRAPACNPR2,142,PN      N1,BRADESPAR
2022-01-27,BRAP4,BRAP4,27.49,27.5,26.6,27.0,27.0,3420300,27.49,27.5,26.6,27.0,1.0,27.5,26.6,0,3420300,11010,91991137.0,1,02,010,BRBRAPACNPR2,142,PN      N1,BRADESPAR
2022-01-28,BRAP4,BRAP4,27.28,27.42,26.88,27.12,27.12,4609700,27.28,27.42,26.88,27.12,1.0,27.42,26.88,0,4609700,14315,125026953.0,1,02,010,BRBRAPACNPR2,142,PN      N1,BRADESPAR
2022-01-31,BRAP4,BRAP4,27.09,27.23,26.56,26.83,26.83,4018500,27.09,27.23,26.56,26.83,1.0,27.23,26.56,0,4018500,10405,108009103.0,1,02,010,BRBRAPACNPR2,142,PN      N1,BRADESPAR
2022-02-01,BRAP4,BRAP4,26.75,28.05,26.75,27.81,27.81,4550400,26.75,28.05,26.75,27.81,1.0,28.05,26.75,0,4550400,16551,125403180.0,1,02,010,BRBRAPACNPR2,142,PN      N1,BRADESPAR
2022-02-02,BRAP4,BRAP4,27.92,28.33,27.55,28.13,28.13,4313000,27.92,28.33,27.55,28.13,1.0,28.33,27.55,0,4313000,13569,120395258.0,1,02,010,BRBRAPACNPR2,142,PN      N1,BRADESPAR
2022-02-03,BRAP4,BRAP4,28.22,28.28,27.81,28.15,28.15,2605800,28.22,28.28,27.81,28.15,1.0,28.28,27.81,0,2605800,10873,73298781.0,1,02,010,BRBRAPACNPR2,142,PN      N1,BRADESPAR
2022-02-04,BRAP4,BRAP4,28.1,28.78,28.07,28.75,28.75,2475600,28.1,28.78,28.07,28.75,1.0,28.78,28.07,0,2475600,8850,70472766.0,1,02,010,BRBRAPACNPR2,142,PN      N1,BRADESPAR
2022-02-07,BRAP4,BRAP4,28.79,29.75,28.79,29.51,29.51,4327300,28.79,29.75,28.79,29.51,1.0,29.75,28.79,0,4327300,15497,127548162.0,1,02,010,BRBRAPACNPR2,142,PN      N1,BRADESPAR
2022-02-08,BRAP4,BRAP4,29.7,30.0,29.29,29.85,29.85,3704700,29.7,30.0,29.29,29.85,1.0,30.0,29.29,0,3704700,11805,110273034.0,1,02,010,BRBRAPACNPR2,142,PN      N1,BRADESPAR
2022-02-09,BRAP4,BRAP4,29.57,30.47,29.3,30.2,30.2,2208700,29.57,30.47,29.3,30.2,1.0,30.47,29.3,0,2208700,8202,66459841.0,1,02,010,BRBRAPACNPR2,142,PN      N1,BRADESPAR
2022-02-10,BRAP4,BRAP4,30.44,31.22,30.37,30.93,30.93,6708700,30.44,31.22,30.37,30.93,1.0,31.22,30.37,0,6708700,21353,207010963.0,1,02,010,BRBRAPACNPR2,142,PN      N1,BRADESPAR
2022-02-11,BRAP4,BRAP4,30.94,31.45,30.47,31.27,31.27,8104400,30.94,31.45,30.47,31.27,1.0,31.45,30.47,0,8104400,26933,252464827.0,1,02,010,BRBRAPACNPR2,142,PN      N1,BRADESPAR
2022-02-14,BRAP4,BRAP4,31.0,31.4,30.79,31.05,31.05,3941900,31.0,31.4,30.79,31.05,1.0,31.4,30.79,0,3941900,19727,122243278.0,1,02,010,BRBRAPACNPR2,142,PN      N1,BRADESPAR
2022-02-15,BRAP4,BRAP4,30.35,30.61,29.72,29.91,29.91,4346400,30.35,30.61,29.72,29.91,1.0,30.61,29.72,0,4346400,11566,130425901.0,1,02,010,BRBRAPACNPR2,142,PN      N1,BRADESPAR
2022-02-16,BRAP4,BRAP4,30.01,30.49,29.77,29.86,29.86,3010000,30.01,30.49,29.77,29.86,1.0,30.49,29.77,0,3010000,11842,90308008.0,1,02,010,BRBRAPACNPR2,142,PN      N1,BRADESPAR
2022-02-17,BRAP4,BRAP4,29.67,29.69,28.94,28.94,28.94,3732300,29.67,29.69,28.94,28.94,1.0,29.69,28.94,0,3732300,12486,108910716.0,1,02,010,BRBRAPACNPR2,142,PN      N1,BRADESPAR
2022-02-18,BRAP4,BRAP4,29.21,29.45,28.99,29.05,29.05,3707200,29.21,29.45,28.99,29.05,1.0,29.45,28.99,0,3707200,7763,107961546.0,1,02,010,BRBRAPACNPR2,142,PN      N1,BRADESPAR
2022-02-21,BRAP4,BRAP4,29.32,29.78,29.11,29.63,29.63,3012600,29.32,29.78,29.11,29.63,1.0,29.78,29.11,0,3012600,9398,89087675.0,1,02,010,BRBRAPACNPR2,142,PN      N1,BRADESPAR
2022-02-22,BRAP4,BRAP4,29.75,29.85,29.06,29.46,29.46,4031700,29.75,29.85,29.06,29.46,1.0,29.85,29.06,0,4031700,14975,118194123.0,1,02,010,BRBRAPACNPR2,142,PN      N1,BRADESPAR
2022-02-23,BRAP4,BRAP4,29.78,29.94,28.81,28.82,28.82,2962800,29.78,29.94,28.81,28.82,1.0,29.94,28.81,0,2962800,13954,86026417.0,1,02,010,BRBRAPACNPR2,142,PN      N1,BRADESPAR
2022-02-24,BRAP4,BRAP4,27.99,29.14,27.55,29.0,29.0,3564900,27.99,29.14,27.55,29.0,1.0,29.14,27.55,0,3564900,13257,101790212.0,1,02,010,BRBRAPACNPR2,142,PN      N1,BRADESPAR
2022-02-25,BRAP4,BRAP4,28.76,30.32,28.47,30.12,30.12,6464500,28.76,30.32,28.47,30.12,1.0,30.32,28.47,0,6464500,25778,191841112.0,1,02,010,BRBRAPACNPR2,142,PN      N1,BRADESPAR
2022-03-02,BRAP4,BRAP4,32.05,32.64,31.24,32.09,32.09,7141600,32.05,32.64,31.24,32.09,1.0,32.64,31.24,0,7141600,25582,227218680.0,1,02,010,BRBRAPACNPR2,142,PN      N1,BRADESPAR
2022-03-03,BRAP4,BRAP4,32.24,32.87,32.02,32.8,32.8,6603000,32.24,32.87,32.02,32.8,1.0,32.87,32.02,0,6603000,26547,215218412.0,1,02,010,BRBRAPACNPR2,142,PN      N1,BRADESPAR
2022-03-04,BRAP4,BRAP4,32.49,34.43,32.41,34.43,34.43,5735300,32.49,34.43,32.41,34.43,1.0,34.43,32.41,0,5735300,19132,193101869.0,1,02,010,BRBRAPACNPR2,142,PN      N1,BRADESPAR
2022-03-07,BRAP4,BRAP4,35.01,35.88,34.7,35.67,35.67,6333300,35.01,35.88,34.7,35.67,1.0,35.88,34.7,0,6333300,22510,223942920.0,1,02,010,BRBRAPACNPR2,142,PN      N1,BRADESPAR
2022-03-08,BRAP4,BRAP4,36.0,36.39,34.26,34.65,34.65,5268900,36.0,36.39,34.26,34.65,1.0,36.39,34.26,0,5268900,21611,184136839.0,1,02,010,BRBRAPACNPR2,142,PN      N1,BRADESPAR
2022-03-09,BRAP4,BRAP4,34.25,34.38,33.6,33.99,33.99,5271800,34.25,34.38,33.6,33.99,1.0,34.38,33.6,0,5271800,19731,179248722.0,1,02,010,BRBRAPACNPR2,142,PN      N1,BRADESPAR
2022-03-10,BRAP4,BRAP4,33.77,35.08,33.34,34.71,34.71,5114100,33.77,35.08,33.34,34.71,1.0,35.08,33.34,0,5114100,20694,174521538.0,1,02,010,BRBRAPACNPR2,142,PN      N1,BRADESPAR
2022-03-11,BRAP4,BRAP4,34.51,34.97,34.0,34.3,34.3,3319600,34.51,34.97,34.0,34.3,1.0,34.97,34.0,0,3319600,13497,114195191.0,1,02,010,BRBRAPACNPR2,142,PN      N1,BRADESPAR
2022-03-14,BRAP4,BRAP4,33.89,34.1,32.76,33.1,33.1,4755100,33.89,34.1,32.76,33.1,1.0,34.1,32.76,0,4755100,20751,157329207.0,1,02,010,BRBRAPACNPR2,142,PN      N1,BRADESPAR
2022-03-15,BRAP4,BRAP4,32.36,33.09,32.1,32.81,32.81,7453100,32.36,33.09,32.1,32.81,1.0,33.09,32.1,0,7453100,30931,243011708.0,1,02,010,BRBRAPACNPR2,142,PN      N1,BRADESPAR
2022-03-16,BRAP4,BRAP4,33.44,34.12,32.97,33.58,33.58,5302100,33.44,34.12,32.97,33.58,1.0,34.12,32.97,0,5302100,21486,177700267.0,1,02,010,BRBRAPACNPR2,142,PN      N1,BRADESPAR
2022-03-17,BRAP4,BRAP4,34.01,34.84,34.01,34.62,34.62,6107200,34.01,34.84,34.01,34.62,1.0,34.84,34.01,0,6107200,21403,211127302.0,1,02,010,BRBRAPACNPR2,142,PN      N1,BRADESPAR
2022-03-18,BRAP4,BRAP4,34.76,35.33,34.6,35.21,35.21,10078800,34.76,35.33,34.6,35.21,1.0,35.33,34.6,0,10078800,14251,354243848.0,1,02,010,BRBRAPACNPR2,142,PN      N1,BRADESPAR
2022-03-21,BRAP4,BRAP4,35.89,37.08,35.72,36.44,36.44,6076100,35.89,37.08,35.72,36.44,1.0,37.08,35.72,0,6076100,18480,222039154.0,1,02,010,BRBRAPACNPR2,142,PN      N1,BRADESPAR
2022-03-22,BRAP4,BRAP4,36.5,36.55,35.5,35.78,35.78,4701100,36.5,36.55,35.5,35.78,1.0,36.55,35.5,0,4701100,19331,168599436.0,1,02,010,BRBRAPACNPR2,142,PN      N1,BRADESPAR
2022-03-23,BRAP4,BRAP4,35.86,36.15,35.0,35.35,35.35,5438600,35.86,36.15,35.0,35.35,1.0,36.15,35.0,0,5438600,17903,193085019.0,1,02,010,BRBRAPACNPR2,142,PN      N1,BRADESPAR
2022-03-24,BRAP4,BRAP4,35.12,35.42,34.35,34.6,34.6,6863700,35.12,35.42,34.35,34.6,1.0,35.42,34.35,0,6863700,25667,237934923.0,1,02,010,BRBRAPACNPR2,142,PN      N1,BRADESPAR
2022-03-25,BRAP4,BRAP4,34.77,34.95,33.37,33.67,33.67,5344600,34.77,34.95,33.37,33.67,1.0,34.95,33.37,0,5344600,22076,180850250.0,1,02,010,BRBRAPACNPR2,142,PN      N1,BRADESPAR
2022-03-28,BRAP4,BRAP4,33.98,34.01,33.03,33.64,33.64,4170600,33.98,34.01,33.03,33.64,1.0,34.01,33.03,0,4170600,14724,139625256.0,1,02,010,BRBRAPACNPR2,142,PN      N1,BRADESPAR
2022-03-29,BRAP4,BRAP4,34.06,34.28,32.74,32.92,32.92,9223000,34.06,34.28,32.74,32.92,1.0,34.28,32.74,0,9223000,28236,305193870.0,1,02,010,BRBRAPACNPR2,142,PN      N1,BRADESPAR
2022-03-30,BRAP4,BRAP4,33.31,33.49,32.86,33.33,33.33,6063100,33.31,33.49,32.86,33.33,1.0,33.49,32.86,0,6063100,22559,201340276.0,1,02,010,BRBRAPACNPR2,142,PN      N1,BRADESPAR
2022-03-31,BRAP4,BRAP4,33.5,33.76,33.08,33.08,33.08,4619800,33.5,33.76,33.08,33.08,1.0,33.76,33.08,0,4619800,14132,154166307.0,1,02,010,BRBRAPACNPR2,142,PN      N1,BRADESPAR
2022-04-01,BRAP4,BRAP4,33.59,34.09,33.31,34.03,34.03,3879300,33.59,34.09,33.31,34.03,1.0,34.09,33.31,0,3879300,16770,131186475.0,1,02,010,BRBRAPACNPR2,142,PN      N1,BRADESPAR
2022-04-04,BRAP4,BRAP4,34.19,34.37,33.87,34.08,34.08,3010300,34.19,34.37,33.87,34.08,1.0,34.37,33.87,0,3010300,12411,102770406.0,1,02,010,BRBRAPACNPR2,142,PN      N1,BRADESPAR
2022-04-05,BRAP4,BRAP4,33.99,34.24,33.46,33.55,33.55,4088200,33.99,34.24,33.46,33.55,1.0,34.24,33.46,0,4088200,15473,138578282.0,1,02,010,BRBRAPACNPR2,142,PN      N1,BRADESPAR
2022-04-06,BRAP4,BRAP4,33.44,33.83,33.11,33.73,33.73,2253700,33.44,33.83,33.11,33.73,1.0,33.83,33.11,0,2253700,9388,75800167.0,1,02,010,BRBRAPACNPR2,142,PN      N1,BRADESPAR
2022-04-07,BRAP4,BRAP4,33.32,33.8,33.08,33.5,33.5,2025300,33.32,33.8,33.08,33.5,1.0,33.8,33.08,0,2025300,7895,67693117.0,1,02,010,BRBRAPACNPR2,142,PN      N1,BRADESPAR
2022-04-08,BRAP4,BRAP4,33.44,33.61,32.5,32.85,32.85,2058300,33.44,33.61,32.5,32.85,1.0,33.61,32.5,0,2058300,7389,67914209.0,1,02,010,BRBRAPACNPR2,142,PN      N1,BRADESPAR
2022-04-11,BRAP4,BRAP4,32.67,32.93,32.34,32.67,32.67,1876900,32.67,32.93,32.34,32.67,1.0,32.93,32.34,0,1876900,6688,61337178.0,1,02,010,BRBRAPACNPR2,142,PN      N1,BRADESPAR
2022-04-12,BRAP4,BRAP4,33.01,33.24,32.33,32.33,32.33,2886000,33.01,33.24,32.33,32.33,1.0,33.24,32.33,0,2886000,12254,94151467.0,1,02,010,BRBRAPACNPR2,142,PN      N1,BRADESPAR
2022-04-13,BRAP4,BRAP4,32.48,32.64,32.03,32.28,32.28,2690500,32.48,32.64,32.03,32.28,1.0,32.64,32.03,0,2690500,10554,86728490.0,1,02,010,BRBRAPACNPR2,142,PN      N1,BRADESPAR
2022-04-14,BRAP4,BRAP4,32.2,32.93,32.13,32.56,32.56,3622800,32.2,32.93,32.13,32.56,1.0,32.93,32.13,0,3622800,11800,117882464.0,1,02,010,BRBRAPACNPR2,142,PN      N1,BRADESPAR
2022-04-18,BRAP4,BRAP4,32.49,32.49,31.5,31.89,31.89,2563400,32.49,32.49,31.5,31.89,1.0,32.49,31.5,0,2563400,9280,81785302.0,1,02,010,BRBRAPACNPR2,142,PN      N1,BRADESPAR
2022-04-19,BRAP4,BRAP4,31.63,31.7,30.65,31.13,31.13,4251200,31.63,31.7,30.65,31.13,1.0,31.7,30.65,0,4251200,14284,131846111.0,1,02,010,BRBRAPACNPR2,142,PN      N1,BRADESPAR
2022-04-20,BRAP4,BRAP4,30.8,30.98,30.04,30.54,30.54,3618500,30.8,30.98,30.04,30.54,1.0,30.98,30.04,0,3618500,11916,109870808.0,1,02,010,BRBRAPACNPR2,142,PN      N1,BRADESPAR
2022-04-22,BRAP4,BRAP4,29.9,29.9,28.94,29.39,29.39,5223700,29.9,29.9,28.94,29.39,1.0,29.9,28.94,0,5223700,18008,153150570.0,1,02,010,BRBRAPACNPR2,142,PN      N1,BRADESPAR
2022-04-25,BRAP4,BRAP4,28.21,29.18,28.04,28.85,28.85,6713600,28.21,29.18,28.04,28.85,1.0,29.18,28.04,0,6713600,17288,192818043.0,1,02,010,BRBRAPACNPR2,142,PN      N1,BRADESPAR
2022-04-26,BRAP4,BRAP4,28.9,28.9,28.15,28.32,28.32,4286700,28.9,28.9,28.15,28.32,1.0,28.9,28.15,0,4286700,13760,121853466.0,1,02,010,BRBRAPACNPR2,142,PN      N1,BRADESPAR
2022-04-27,BRAP4,BRAP4,28.99,29.84,28.79,29.33,29.33,4319200,28.99,29.84,28.79,29.33,1.0,29.84,28.79,0,4319200,12247,126908108.0,1,02,010,BRBRAPACNPR2,142,PN      N1,BRADESPAR
2022-04-28,BRAP4,BRAP4,30.24,30.34,29.18,29.96,29.96,5174400,30.24,30.34,29.18,29.96,1.0,30.34,29.18,0,5174400,13383,154864365.0,1,02,010,BRBRAPACNPR2,142,PN      N1,BRADESPAR
2022-04-29,BRAP4,BRAP4,30.48,30.72,29.29,29.29,29.29,7110600,30.48,30.72,29.29,29.29,1.0,30.72,29.29,0,7110600,15125,212998334.0,1,02,010,BRBRAPACNPR2,142,PN      N1,BRADESPAR
2022-05-02,BRAP4,BRAP4,28.0,28.0,26.93,27.38,27.38,3664500,28.0,28.0,26.93,27.38,1.0,28.0,26.93,0,3664500,12406,100190536.0,1,02,010,BRBRAPACNPR2,143,PN  ED  N1,BRADESPAR
2022-05-03,BRAP4,BRAP4,27.38,27.84,27.29,27.59,27.59,2962900,27.38,27.84,27.29,27.59,1.0,27.84,27.29,0,2962900,8155,81955053.0,1,02,010,BRBRAPACNPR2,143,PN  ED  N1,BRADESPAR
2022-05-04,BRAP4,BRAP4,27.39,27.98,27.01,27.79,27.79,4556700,27.39,27.98,27.01,27.79,1.0,27.98,27.01,0,4556700,21062,125209326.0,1,02,010,BRBRAPACNPR2,143,PN  ED  N1,BRADESPAR
2022-05-05,BRAP4,BRAP4,27.63,28.04,27.27,27.68,27.68,5633800,27.63,28.04,27.27,27.68,1.0,28.04,27.27,0,5633800,21766,155395054.0,1,02,010,BRBRAPACNPR2,143,PN  ED  N1,BRADESPAR
2022-05-06,BRAP4,BRAP4,27.5,27.81,26.93,27.2,27.2,3411200,27.5,27.81,26.93,27.2,1.0,27.81,26.93,0,3411200,13462,93148659.0,1,02,010,BRBRAPACNPR2,143,PN  ED  N1,BRADESPAR
2022-05-09,BRAP4,BRAP4,26.65,26.72,26.16,26.21,26.21,3618000,26.65,26.72,26.16,26.21,1.0,26.72,26.16,0,3618000,11249,95464282.0,1,02,010,BRBRAPACNPR2,143,PN  ED  N1,BRADESPAR
2022-05-10,BRAP4,BRAP4,26.3,26.39,25.42,25.55,25.55,3320400,26.3,26.39,25.42,25.55,1.0,26.39,25.42,0,3320400,11457,85149082.0,1,02,010,BRBRAPACNPR2,143,PN  ED  N1,BRADESPAR
2022-05-11,BRAP4,BRAP4,25.92,26.86,25.8,26.6,26.6,4674400,25.92,26.86,25.8,26.6,1.0,26.86,25.8,0,4674400,15422,124086549.0,1,02,010,BRBRAPACNPR2,143,PN  ED  N1,BRADESPAR
2022-05-12,BRAP4,BRAP4,26.06,26.44,25.87,26.39,26.39,2794400,26.06,26.44,25.87,26.39,1.0,26.44,25.87,0,2794400,9091,73237322.0,1,02,010,BRBRAPACNPR2,143,PN      N1,BRADESPAR
2022-05-13,BRAP4,BRAP4,26.49,26.9,26.44,26.52,26.52,1654400,26.49,26.9,26.44,26.52,1.0,26.9,26.44,0,1654400,5356,44053391.0,1,02,010,BRBRAPACNPR2,143,PN      N1,BRADESPAR
2022-05-16,BRAP4,BRAP4,26.75,27.5,26.71,27.13,27.13,3767800,26.75,27.5,26.71,27.13,1.0,27.5,26.71,0,3767800,9991,102092837.0,1,02,010,BRBRAPACNPR2,143,PN      N1,BRADESPAR
2022-05-17,BRAP4,BRAP4,27.7,27.75,26.88,27.22,27.22,2648800,27.7,27.75,26.88,27.22,1.0,27.75,26.88,0,2648800,7976,72249085.0,1,02,010,BRBRAPACNPR2,143,PN      N1,BRADESPAR
2022-05-18,BRAP4,BRAP4,26.94,27.06,26.12,26.22,26.22,3577300,26.94,27.06,26.12,26.22,1.0,27.06,26.12,0,3577300,12391,94531095.0,1,02,010,BRBRAPACNPR2,143,PN      N1,BRADESPAR
2022-05-19,BRAP4,BRAP4,26.16,26.92,26.04,26.66,26.66,3923000,26.16,26.92,26.04,26.66,1.0,26.92,26.04,0,3923000,14741,104747134.0,1,02,010,BRBRAPACNPR2,143,PN      N1,BRADESPAR
2022-05-20,BRAP4,BRAP4,27.32,27.53,27.06,27.25,27.25,3536300,27.32,27.53,27.06,27.25,1.0,27.53,27.06,0,3536300,11280,96330822.0,1,02,010,BRBRAPACNPR2,143,PN      N1,BRADESPAR
2022-05-23,BRAP4,BRAP4,27.7,28.08,27.58,27.69,27.69,3074100,27.7,28.08,27.58,27.69,1.0,28.08,27.58,0,3074100,14434,85455167.0,1,02,010,BRBRAPACNPR2,143,PN      N1,BRADESPAR
2022-05-24,BRAP4,BRAP4,27.41,27.94,27.2,27.85,27.85,2166400,27.41,27.94,27.2,27.85,1.0,27.94,27.2,0,2166400,7249,59923534.0,1,02,010,BRBRAPACNPR2,143,PN      N1,BRADESPAR
2022-05-25,BRAP4,BRAP4,27.8,28.35,27.68,28.06,28.06,2005000,27.8,28.35,27.68,28.06,1.0,28.35,27.68,0,2005000,7237,56229181.0,1,02,010,BRBRAPACNPR2,143,PN      N1,BRADESPAR
2022-05-26,BRAP4,BRAP4,28.04,28.18,27.76,27.91,27.91,2111300,28.04,28.18,27.76,27.91,1.0,28.18,27.76,0,2111300,8718,59047562.0,1,02,010,BRBRAPACNPR2,143,PN      N1,BRADESPAR
2022-05-27,BRAP4,BRAP4,28.05,28.58,28.04,28.12,28.12,2397200,28.05,28.58,28.04,28.12,1.0,28.58,28.04,0,2397200,8732,67647686.0,1,02,010,BRBRAPACNPR2,143,PN      N1,BRADESPAR
2022-05-30,BRAP4,BRAP4,28.26,28.81,28.26,28.4,28.4,1819200,28.26,28.81,28.26,28.4,1.0,28.81,28.26,0,1819200,5648,51944902.0,1,02,010,BRBRAPACNPR2,143,PN      N1,BRADESPAR
2022-05-31,BRAP4,BRAP4,28.66,28.76,28.22,28.58,28.58,2015100,28.66,28.76,28.22,28.58,1.0,28.76,28.22,0,2015100,5761,57483011.0,1,02,010,BRBRAPACNPR2,143,PN      N1,BRADESPAR
2022-06-01,BRAP4,BRAP4,28.48,29.44,28.33,29.21,29.21,3641700,28.48,29.44,28.33,29.21,1.0,29.44,28.33,0,3641700,14967,106200283.0,1,02,010,BRBRAPACNPR2,143,PN      N1,BRADESPAR
2022-06-02,BRAP4,BRAP4,29.54,30.54,29.53,30.37,30.37,4577600,29.54,30.54,29.53,30.37,1.0,30.54,29.53,0,4577600,19106,138001952.0,1,02,010,BRBRAPACNPR2,143,PN      N1,BRADESPAR
2022-06-03,BRAP4,BRAP4,30.25,30.4,29.83,29.9,29.9,1881300,30.25,30.4,29.83,29.9,1.0,30.4,29.83,0,1881300,7779,56412380.0,1,02,010,BRBRAPACNPR2,143,PN      N1,BRADESPAR
2022-06-06,BRAP4,BRAP4,30.13,30.33,30.0,30.13,30.13,2408000,30.13,30.33,30.0,30.13,1.0,30.33,30.0,0,2408000,9842,72695843.0,1,02,010,BRBRAPACNPR2,143,PN      N1,BRADESPAR
2022-06-07,BRAP4,BRAP4,29.91,30.67,29.9,30.52,30.52,2413900,29.91,30.67,29.9,30.52,1.0,30.67,29.9,0,2413900,9827,73541726.0,1,02,010,BRBRAPACNPR2,143,PN      N1,BRADESPAR
2022-06-08,BRAP4,BRAP4,30.11,30.41,29.67,29.78,29.78,2600000,30.11,30.41,29.67,29.78,1.0,30.41,29.67,0,2600000,12307,77800855.0,1,02,010,BRBRAPACNPR2,143,PN      N1,BRADESPAR
2022-06-09,BRAP4,BRAP4,29.81,29.84,28.83,28.93,28.93,3017100,29.81,29.84,28.83,28.93,1.0,29.84,28.83,0,3017100,12528,88163593.0,1,02,010,BRBRAPACNPR2,143,PN      N1,BRADESPAR
2022-06-10,BRAP4,BRAP4,28.44,29.08,28.32,28.88,28.88,4300300,28.44,29.08,28.32,28.88,1.0,29.08,28.32,0,4300300,9966,123818906.0,1,02,010,BRBRAPACNPR2,143,PN      N1,BRADESPAR
2022-06-13,BRAP4,BRAP4,28.2,28.3,27.39,27.84,27.84,3119500,28.2,28.3,27.39,27.84,1.0,28.3,27.39,0,3119500,11480,86910827.0,1,02,010,BRBRAPACNPR2,143,PN      N1,BRADESPAR
2022-06-14,BRAP4,BRAP4,27.96,27.98,27.1,27.42,27.42,2977000,27.96,27.98,27.1,27.42,1.0,27.98,27.1,0,2977000,11052,81508170.0,1,02,010,BRBRAPACNPR2,143,PN      N1,BRADESPAR
2022-06-15,BRAP4,BRAP4,27.72,28.14,27.25,27.42,27.42,3083300,27.72,28.14,27.25,27.42,1.0,28.14,27.25,0,3083300,11141,85198574.0,1,02,010,BRBRAPACNPR2,143,PN      N1,BRADESPAR
2022-06-17,BRAP4,BRAP4,26.85,26.85,25.9,26.25,26.25,4619500,26.85,26.85,25.9,26.25,1.0,26.85,25.9,0,4619500,11998,120987228.0,1,02,010,BRBRAPACNPR2,143,PN      N1,BRADESPAR
2022-06-20,BRAP4,BRAP4,25.69,25.97,25.04,25.62,25.62,2174400,25.69,25.97,25.04,25.62,1.0,25.97,25.04,0,2174400,9014,55586670.0,1,02,010,BRBRAPACNPR2,143,PN      N1,BRADESPAR
2022-06-21,BRAP4,BRAP4,25.9,26.24,25.81,25.99,25.99,2446300,25.9,26.24,25.81,25.99,1.0,26.24,25.81,0,2446300,8846,63607461.0,1,02,010,BRBRAPACNPR2,143,PN      N1,BRADESPAR
2022-06-22,BRAP4,BRAP4,25.42,25.78,25.04,25.29,25.29,3774700,25.42,25.78,25.04,25.29,1.0,25.78,25.04,0,3774700,9578,95970006.0,1,02,010,BRBRAPACNPR2,143,PN      N1,BRADESPAR
2022-06-23,BRAP4,BRAP4,25.54,25.86,24.37,24.57,24.57,4758000,25.54,25.86,24.37,24.57,1.0,25.86,24.37,0,4758000,11002,117788801.0,1,02,010,BRBRAPACNPR2,143,PN      N1,BRADESPAR
2022-06-24,BRAP4,BRAP4,24.9,25.32,24.62,25.17,25.17,2026900,24.9,25.32,24.62,25.17,1.0,25.32,24.62,0,2026900,6729,50766292.0,1,02,010,BRBRAPACNPR2,143,PN      N1,BRADESPAR
2022-06-27,BRAP4,BRAP4,25.63,26.45,25.52,26.07,26.07,3796100,25.63,26.45,25.52,26.07,1.0,26.45,25.52,0,3796100,10436,98846042.0,1,02,010,BRBRAPACNPR2,143,PN      N1,BRADESPAR
2022-06-28,BRAP4,BRAP4,26.78,26.79,26.15,26.35,26.35,2046800,26.78,26.79,26.15,26.35,1.0,26.79,26.15,0,2046800,7705,53976142.0,1,02,010,BRBRAPACNPR2,143,PN      N1,BRADESPAR
2022-06-29,BRAP4,BRAP4,26.36,26.65,26.2,26.29,26.29,2611800,26.36,26.65,26.2,26.29,1.0,26.65,26.2,0,2611800,9206,68913808.0,1,02,010,BRBRAPACNPR2,143,PN      N1,BRADESPAR
2022-06-30,BRAP4,BRAP4,25.93,25.93,25.14,25.24,25.24,4159700,25.93,25.93,25.14,25.24,1.0,25.93,25.14,0,4159700,13279,105614301.0,1,02,010,BRBRAPACNPR2,143,PN      N1,BRADESPAR
2022-07-01,BRAP4,BRAP4,24.99,25.33,24.51,24.79,24.79,3567300,24.99,25.33,24.51,24.79,1.0,25.33,24.51,0,3567300,11132,88367158.0,1,02,010,BRBRAPACNPR2,143,PN      N1,BRADESPAR
2022-07-04,BRAP4,BRAP4,24.51,24.9,24.4,24.64,24.64,1254900,24.51,24.9,24.4,24.64,1.0,24.9,24.4,0,1254900,5645,30945563.0,1,02,010,BRBRAPACNPR2,143,PN      N1,BRADESPAR
2022-07-05,BRAP4,BRAP4,24.5,24.78,24.03,24.65,24.65,3693900,24.5,24.78,24.03,24.65,1.0,24.78,24.03,0,3693900,10159,90146987.0,1,02,010,BRBRAPACNPR2,143,PN      N1,BRADESPAR
2022-07-06,BRAP4,BRAP4,24.65,25.07,24.27,24.83,24.83,3005900,24.65,25.07,24.27,24.83,1.0,25.07,24.27,0,3005900,10347,74211470.0,1,02,010,BRBRAPACNPR2,143,PN      N1,BRADESPAR
2022-07-07,BRAP4,BRAP4,25.77,26.03,25.42,25.42,25.42,4657500,25.77,26.03,25.42,25.42,1.0,26.03,25.42,0,4657500,15910,119475886.0,1,02,010,BRBRAPACNPR2,143,PN      N1,BRADESPAR
2022-07-08,BRAP4,BRAP4,25.46,25.69,25.02,25.16,25.16,1693300,25.46,25.69,25.02,25.16,1.0,25.69,25.02,0,1693300,7040,42689245.0,1,02,010,BRBRAPACNPR2,143,PN      N1,BRADESPAR
2022-07-11,BRAP4,BRAP4,24.62,24.75,24.12,24.22,24.22,1664100,24.62,24.75,24.12,24.22,1.0,24.75,24.12,0,1664100,7173,40518151.0,1,02,010,BRBRAPACNPR2,143,PN      N1,BRADESPAR
2022-07-12,BRAP4,BRAP4,24.03,24.1,23.71,23.95,23.95,3192300,24.03,24.1,23.71,23.95,1.0,24.1,23.71,0,3192300,10702,76320895.0,1,02,010,BRBRAPACNPR2,143,PN      N1,BRADESPAR
2022-07-13,BRAP4,BRAP4,23.8,23.96,23.53,23.53,23.53,3514200,23.8,23.96,23.53,23.53,1.0,23.96,23.53,0,3514200,10262,83305672.0,1,02,010,BRBRAPACNPR2,143,PN      N1,BRADESPAR
2022-07-14,BRAP4,BRAP4,23.01,23.03,22.04,22.25,22.25,4488500,23.01,23.03,22.04,22.25,1.0,23.03,22.04,0,4488500,16717,100507010.0,1,02,010,BRBRAPACNPR2,143,PN      N1,BRADESPAR
2022-07-15,BRAP4,BRAP4,22.26,22.43,21.91,22.24,22.24,3678200,22.26,22.43,21.91,22.24,1.0,22.43,21.91,0,3678200,9713,81676427.0,1,02,010,BRBRAPACNPR2,143,PN      N1,BRADESPAR
2022-07-18,BRAP4,BRAP4,22.4,22.77,22.17,22.63,22.63,4505900,22.4,22.77,22.17,22.63,1.0,22.77,22.17,0,4505900,8681,101473410.0,1,02,010,BRBRAPACNPR2,143,PN      N1,BRADESPAR
2022-07-19,BRAP4,BRAP4,22.54,22.72,22.42,22.6,22.6,2538500,22.54,22.72,22.42,22.6,1.0,22.72,22.42,0,2538500,6438,57280090.0,1,02,010,BRBRAPACNPR2,143,PN      N1,BRADESPAR
2022-07-20,BRAP4,BRAP4,22.42,22.42,21.7,22.21,22.21,2866600,22.42,22.42,21.7,22.21,1.0,22.42,21.7,0,2866600,7023,63353950.0,1,02,010,BRBRAPACNPR2,143,PN      N1,BRADESPAR
2022-07-21,BRAP4,BRAP4,22.07,22.48,21.88,22.43,22.43,2698300,22.07,22.48,21.88,22.43,1.0,22.48,21.88,0,2698300,7541,59877973.0,1,02,010,BRBRAPACNPR2,143,PN      N1,BRADESPAR
2022-07-22,BRAP4,BRAP4,22.71,23.05,22.23,22.33,22.33,3558900,22.71,23.05,22.23,22.33,1.0,23.05,22.23,0,3558900,9642,80415797.0,1,02,010,BRBRAPACNPR2,143,PN      N1,BRADESPAR
2022-07-25,BRAP4,BRAP4,22.8,22.92,22.5,22.63,22.63,1658200,22.8,22.92,22.5,22.63,1.0,22.92,22.5,0,1658200,4786,37553543.0,1,02,010,BRBRAPACNPR2,143,PN      N1,BRADESPAR
2022-07-26,BRAP4,BRAP4,22.91,22.91,22.44,22.6,22.6,1289400,22.91,22.91,22.44,22.6,1.0,22.91,22.44,0,1289400,5362,29131532.0,1,02,010,BRBRAPACNPR2,143,PN      N1,BRADESPAR
2022-07-27,BRAP4,BRAP4,22.7,22.7,22.23,22.58,22.58,1991600,22.7,22.7,22.23,22.58,1.0,22.7,22.23,0,1991600,6461,44679736.0,1,02,010,BRBRAPACNPR2,143,PN      N1,BRADESPAR
2022-07-28,BRAP4,BRAP4,22.8,23.07,22.68,22.88,22.88,1577500,22.8,23.07,22.68,22.88,1.0,23.07,22.68,0,1577500,5875,36089063.0,1,02,010,BRBRAPACNPR2,143,PN      N1,BRADESPAR
2022-07-29,BRAP4,BRAP4,22.65,22.74,22.2,22.48,22.48,2278600,22.65,22.74,22.2,22.48,1.0,22.74,22.2,0,2278600,6526,51132589.0,1,02,010,BRBRAPACNPR2,143,PN      N1,BRADESPAR
2022-08-01,BRAP4,BRAP4,22.42,22.43,21.81,21.87,21.87,2396100,22.42,22.43,21.81,21.87,1.0,22.43,21.81,0,2396100,9314,52759458.0,1,02,010,BRBRAPACNPR2,143,PN      N1,BRADESPAR
2022-08-02,BRAP4,BRAP4,21.91,22.5,21.55,22.45,22.45,3455400,21.91,22.5,21.55,22.45,1.0,22.5,21.55,0,3455400,11683,76861766.0,1,02,010,BRBRAPACNPR2,143,PN      N1,BRADESPAR
2022-08-03,BRAP4,BRAP4,22.35,22.35,21.67,21.8,21.8,2430000,22.35,22.35,21.67,21.8,1.0,22.35,21.67,0,2430000,8660,53243768.0,1,02,010,BRBRAPACNPR2,143,PN      N1,BRADESPAR
2022-08-04,BRAP4,BRAP4,21.86,22.24,21.69,22.11,22.11,2319100,21.86,22.24,21.69,22.11,1.0,22.24,21.69,0,2319100,7869,51085502.0,1,02,010,BRBRAPACNPR2,143,PN      N1,BRADESPAR
2022-08-05,BRAP4,BRAP4,22.32,22.73,22.28,22.44,22.44,1705500,22.32,22.73,22.28,22.44,1.0,22.73,22.28,0,1705500,5377,38372008.0,1,02,010,BRBRAPACNPR2,143,PN      N1,BRADESPAR
2022-08-08,BRAP4,BRAP4,22.74,22.79,22.25,22.44,22.44,2178000,22.74,22.79,22.25,22.44,1.0,22.79,22.25,0,2178000,7266,48863470.0,1,02,010,BRBRAPACNPR2,143,PN      N1,BRADESPAR
2022-08-09,BRAP4,BRAP4,22.51,22.78,22.36,22.6,22.6,6071900,22.51,22.78,22.36,22.6,1.0,22.78,22.36,0,6071900,11324,136842281.0,1,02,010,BRBRAPACNPR2,143,PN      N1,BRADESPAR
2022-08-10,BRAP4,BRAP4,22.8,22.99,22.67,22.89,22.89,2822700,22.8,22.99,22.67,22.89,1.0,22.99,22.67,0,2822700,9207,64434111.0,1,02,010,BRBRAPACNPR2,143,PN      N1,BRADESPAR
2022-08-11,BRAP4,BRAP4,23.06,24.07,23.03,23.32,23.32,4443600,23.06,24.07,23.03,23.32,1.0,24.07,23.03,0,4443600,13486,104648399.0,1,02,010,BRBRAPACNPR2,143,PN      N1,BRADESPAR
2022-08-12,BRAP4,BRAP4,23.36,23.71,23.16,23.5,23.5,2919000,23.36,23.71,23.16,23.5,1.0,23.71,23.16,0,2919000,7293,68469099.0,1,02,010,BRBRAPACNPR2,143,PN      N1,BRADESPAR
2022-08-15,BRAP4,BRAP4,23.08,23.2,22.73,23.04,23.04,2087500,23.08,23.2,22.73,23.04,1.0,23.2,22.73,0,2087500,7263,48063546.0,1,02,010,BRBRAPACNPR2,143,PN      N1,BRADESPAR
2022-08-16,BRAP4,BRAP4,23.28,24.07,23.2,23.55,23.55,3814400,23.28,24.07,23.2,23.55,1.0,24.07,23.2,0,3814400,13991,90414175.0,1,02,010,BRBRAPACNPR2,143,PN      N1,BRADESPAR
2022-08-17,BRAP4,BRAP4,23.15,23.41,23.01,23.26,23.26,2174100,23.15,23.41,23.01,23.26,1.0,23.41,23.01,0,2174100,7512,50514200.0,1,02,010,BRBRAPACNPR2,143,PN      N1,BRADESPAR
2022-08-18,BRAP4,BRAP4,23.35,23.38,23.07,23.12,23.12,1223700,23.35,23.38,23.07,23.12,1.0,23.38,23.07,0,1223700,3936,28398765.0,1,02,010,BRBRAPACNPR2,143,PN      N1,BRADESPAR
2022-08-19,BRAP4,BRAP4,22.96,22.96,22.66,22.79,22.79,1724700,22.96,22.96,22.66,22.79,1.0,22.96,22.66,0,1724700,6162,39386922.0,1,02,010,BRBRAPACNPR2,143,PN      N1,BRADESPAR
2022-08-22,BRAP4,BRAP4,22.6,22.66,22.26,22.44,22.44,1442200,22.6,22.66,22.26,22.44,1.0,22.66,22.26,0,1442200,4760,32430777.0,1,02,010,BRBRAPACNPR2,143,PN      N1,BRADESPAR
2022-08-23,BRAP4,BRAP4,22.6,23.79,22.57,23.65,23.65,2965300,22.6,23.79,22.57,23.65,1.0,23.79,22.57,0,2965300,9395,69569609.0,1,02,010,BRBRAPACNPR2,143,PN      N1,BRADESPAR
2022-08-24,BRAP4,BRAP4,23.51,23.68,23.04,23.07,23.07,2282100,23.51,23.68,23.04,23.07,1.0,23.68,23.04,0,2282100,7995,53045682.0,1,02,010,BRBRAPACNPR2,143,PN      N1,BRADESPAR
2022-08-25,BRAP4,BRAP4,23.37,23.82,23.15,23.51,23.51,3367200,23.37,23.82,23.15,23.51,1.0,23.82,23.15,0,3367200,12125,79313437.0,1,02,010,BRBRAPACNPR2,143,PN      N1,BRADESPAR
2022-08-26,BRAP4,BRAP4,23.69,23.98,23.05,23.09,23.09,2444000,23.69,23.98,23.05,23.09,1.0,23.98,23.05,0,2444000,9043,57022849.0,1,02,010,BRBRAPACNPR2,143,PN      N1,BRADESPAR
2022-08-29,BRAP4,BRAP4,22.92,23.19,22.69,22.87,22.87,2126300,22.92,23.19,22.69,22.87,1.0,23.19,22.69,0,2126300,6266,48741889.0,1,02,010,BRBRAPACNPR2,143,PN      N1,BRADESPAR
2022-08-30,BRAP4,BRAP4,22.6,22.79,21.95,22.04,22.04,3411600,22.6,22.79,21.95,22.04,1.0,22.79,21.95,0,3411600,13537,75952202.0,1,02,010,BRBRAPACNPR2,143,PN      N1,BRADESPAR
2022-08-31,BRAP4,BRAP4,22.19,22.47,21.8,21.89,21.89,3648900,22.19,22.47,21.8,21.89,1.0,22.47,21.8,0,3648900,13584,80351167.0,1,02,010,BRBRAPACNPR2,143,PN      N1,BRADESPAR
2022-09-01,BRAP4,BRAP4,21.79,21.93,21.29,21.5,21.5,5308500,21.79,21.93,21.29,21.5,1.0,21.93,21.29,0,5308500,15072,114079485.0,1,02,010,BRBRAPACNPR2,143,PN      N1,BRADESPAR
2022-09-02,BRAP4,BRAP4,21.83,22.06,21.38,21.67,21.67,8609300,21.83,22.06,21.38,21.67,1.0,22.06,21.38,0,8609300,22983,187093470.0,1,02,010,BRBRAPACNPR2,143,PN      N1,BRADESPAR
2022-09-05,BRAP4,BRAP4,22.06,22.7,21.98,22.24,22.24,2752000,22.06,22.7,21.98,22.24,1.0,22.7,21.98,0,2752000,7375,61179062.0,1,02,010,BRBRAPACNPR2,143,PN      N1,BRADESPAR
2022-09-06,BRAP4,BRAP4,22.24,22.34,21.55,21.62,21.62,3585100,22.24,22.34,21.55,21.62,1.0,22.34,21.55,0,3585100,14649,78025077.0,1,02,010,BRBRAPACNPR2,143,PN      N1,BRADESPAR
2022-09-08,BRAP4,BRAP4,21.85,21.86,21.53,21.77,21.77,2329800,21.85,21.86,21.53,21.77,1.0,21.86,21.53,0,2329800,5131,50616562.0,1,02,010,BRBRAPACNPR2,143,PN      N1,BRADESPAR
2022-09-09,BRAP4,BRAP4,22.37,23.31,22.29,23.31,23.31,4363000,22.37,23.31,22.29,23.31,1.0,23.31,22.29,0,4363000,11019,99926470.0,1,02,010,BRBRAPACNPR2,143,PN      N1,BRADESPAR
2022-09-12,BRAP4,BRAP4,23.57,23.69,23.2,23.48,23.48,2844400,23.57,23.69,23.2,23.48,1.0,23.69,23.2,0,2844400,6431,66853173.0,1,02,010,BRBRAPACNPR2,143,PN      N1,BRADESPAR
2022-09-13,BRAP4,BRAP4,23.13,23.64,22.91,22.94,22.94,2424000,23.13,23.64,22.91,22.94,1.0,23.64,22.91,0,2424000,8402,56354083.0,1,02,010,BRBRAPACNPR2,143,PN      N1,BRADESPAR
2022-09-14,BRAP4,BRAP4,22.85,23.12,22.49,22.55,22.55,2234500,22.85,23.12,22.49,22.55,1.0,23.12,22.49,0,2234500,6581,50761453.0,1,02,010,BRBRAPACNPR2,143,PN      N1,BRADESPAR
2022-09-15,BRAP4,BRAP4,22.68,22.98,22.55,22.86,22.86,2348200,22.68,22.98,22.55,22.86,1.0,22.98,22.55,0,2348200,5927,53502756.0,1,02,010,BRBRAPACNPR2,143,PN      N1,BRADESPAR
2022-09-16,BRAP4,BRAP4,22.61,23.1,22.38,22.66,22.66,4771400,22.61,23.1,22.38,22.66,1.0,23.1,22.38,0,4771400,11398,108418901.0,1,02,010,BRBRAPACNPR2,143,PN      N1,BRADESPAR
2022-09-19,BRAP4,BRAP4,22.44,23.38,22.38,23.32,23.32,2011400,22.44,23.38,22.38,23.32,1.0,23.38,22.38,0,2011400,5609,46441412.0,1,02,010,BRBRAPACNPR2,143,PN      N1,BRADESPAR
2022-09-20,BRAP4,BRAP4,23.28,23.29,22.78,23.03,23.03,2052500,23.28,23.29,22.78,23.03,1.0,23.29,22.78,0,2052500,7229,47099138.0,1,02,010,BRBRAPACNPR2,143,PN      N1,BRADESPAR
2022-09-21,BRAP4,BRAP4,23.02,23.19,22.74,22.82,22.82,1610700,23.02,23.19,22.74,22.82,1.0,23.19,22.74,0,1610700,4675,36919417.0,1,02,010,BRBRAPACNPR2,143,PN      N1,BRADESPAR
2022-09-22,BRAP4,BRAP4,23.3,23.6,23.04,23.23,23.23,2431200,23.3,23.6,23.04,23.23,1.0,23.6,23.04,0,2431200,7351,56659070.0,1,02,010,BRBRAPACNPR2,143,PN      N1,BRADESPAR
2022-09-23,BRAP4,BRAP4,22.76,22.88,22.49,22.75,22.75,2901100,22.76,22.88,22.49,22.75,1.0,22.88,22.49,0,2901100,8546,65834267.0,1,02,010,BRBRAPACNPR2,143,PN      N1,BRADESPAR
2022-09-26,BRAP4,BRAP4,22.5,22.97,22.41,22.6,22.6,3291100,22.5,22.97,22.41,22.6,1.0,22.97,22.41,0,3291100,7696,74723453.0,1,02,010,BRBRAPACNPR2,143,PN      N1,BRADESPAR
2022-09-27,BRAP4,BRAP4,22.92,22.92,22.39,22.48,22.48,1651300,22.92,22.92,22.39,22.48,1.0,22.92,22.39,0,1651300,4877,37388972.0,1,02,010,BRBRAPACNPR2,143,PN      N1,BRADESPAR
2022-09-28,BRAP4,BRAP4,22.48,22.83,22.43,22.64,22.64,2317000,22.48,22.83,22.43,22.64,1.0,22.83,22.43,0,2317000,10341,52534246.0,1,02,010,BRBRAPACNPR2,143,PN      N1,BRADESPAR
2022-09-29,BRAP4,BRAP4,22.41,22.76,22.3,22.63,22.63,2274400,22.41,22.76,22.3,22.63,1.0,22.76,22.3,0,2274400,6007,51262407.0,1,02,010,BRBRAPACNPR2,143,PN      N1,BRADESPAR
2022-09-30,BRAP4,BRAP4,22.62,23.98,22.48,23.76,23.76,4938600,22.62,23.98,22.48,23.76,1.0,23.98,22.48,0,4938600,12835,116705661.0,1,02,010,BRBRAPACNPR2,143,PN      N1,BRADESPAR
2022-10-03,BRAP4,BRAP4,24.1,24.53,23.72,24.28,24.28,3384700,24.1,24.53,23.72,24.28,1.0,24.53,23.72,0,3384700,12502,81872292.0,1,02,010,BRBRAPACNPR2,143,PN      N1,BRADESPAR
2022-10-04,BRAP4,BRAP4,24.65,25.14,24.52,25.02,25.02,4610900,24.65,25.14,24.52,25.02,1.0,25.14,24.52,0,4610900,12923,114844250.0,1,02,010,BRBRAPACNPR2,143,PN      N1,BRADESPAR
2022-10-05,BRAP4,BRAP4,25.22,25.7,25.16,25.55,25.55,3600800,25.22,25.7,25.16,25.55,1.0,25.7,25.16,0,3600800,11014,91780378.0,1,02,010,BRBRAPACNPR2,143,PN      N1,BRADESPAR
2022-10-06,BRAP4,BRAP4,25.73,25.73,25.23,25.58,25.58,3790700,25.73,25.73,25.23,25.58,1.0,25.73,25.23,0,3790700,11887,96506152.0,1,02,010,BRBRAPACNPR2,143,PN      N1,BRADESPAR
2022-10-07,BRAP4,BRAP4,25.58,26.89,25.3,25.63,25.63,8531700,25.58,26.89,25.3,25.63,1.0,26.89,25.3,0,8531700,21249,222517080.0,1,02,010,BRBRAPACNPR2,143,PN      N1,BRADESPAR
2022-10-10,BRAP4,BRAP4,26.01,26.01,24.72,25.01,25.01,4505700,26.01,26.01,24.72,25.01,1.0,26.01,24.72,0,4505700,16027,112876983.0,1,02,010,BRBRAPACNPR2,143,PN      N1,BRADESPAR
2022-10-11,BRAP4,BRAP4,24.93,25.03,24.47,24.9,24.9,3240000,24.93,25.03,24.47,24.9,1.0,25.03,24.47,0,3240000,10035,80338633.0,1,02,010,BRBRAPACNPR2,143,PN      N1,BRADESPAR
2022-10-13,BRAP4,BRAP4,24.56,25.02,24.29,24.89,24.89,5320400,24.56,25.02,24.29,24.89,1.0,25.02,24.29,0,5320400,13233,131963980.0,1,02,010,BRBRAPACNPR2,143,PN      N1,BRADESPAR
2022-10-14,BRAP4,BRAP4,24.94,25.23,24.11,24.25,24.25,5071400,24.94,25.23,24.11,24.25,1.0,25.23,24.11,0,5071400,13630,124242387.0,1,02,010,BRBRAPACNPR2,143,PN      N1,BRADESPAR
2022-10-17,BRAP4,BRAP4,24.38,24.66,24.09,24.45,24.45,3293900,24.38,24.66,24.09,24.45,1.0,24.66,24.09,0,3293900,8677,80509120.0,1,02,010,BRBRAPACNPR2,143,PN      N1,BRADESPAR
2022-10-18,BRAP4,BRAP4,24.84,25.17,24.49,24.8,24.8,3314700,24.84,25.17,24.49,24.8,1.0,25.17,24.49,0,3314700,9882,82011517.0,1,02,010,BRBRAPACNPR2,143,PN      N1,BRADESPAR
2022-10-19,BRAP4,BRAP4,24.81,24.95,24.37,24.55,24.55,2627500,24.81,24.95,24.37,24.55,1.0,24.95,24.37,0,2627500,8094,64620978.0,1,02,010,BRBRAPACNPR2,143,PN      N1,BRADESPAR
2022-10-20,BRAP4,BRAP4,24.48,25.16,24.26,24.8,24.8,3924300,24.48,25.16,24.26,24.8,1.0,25.16,24.26,0,3924300,12522,97155498.0,1,02,010,BRBRAPACNPR2,143,PN      N1,BRADESPAR
2022-10-21,BRAP4,BRAP4,24.73,25.78,24.62,25.51,25.51,4416300,24.73,25.78,24.62,25.51,1.0,25.78,24.62,0,4416300,11083,112194559.0,1,02,010,BRBRAPACNPR2,143,PN      N1,BRADESPAR
2022-10-24,BRAP4,BRAP4,25.99,26.11,24.98,25.12,25.12,9361000,25.99,26.11,24.98,25.12,1.0,26.11,24.98,0,9361000,23343,237010531.0,1,02,010,BRBRAPACNPR2,143,PN      N1,BRADESPAR
2022-10-25,BRAP4,BRAP4,25.09,25.54,24.75,25.17,25.17,6748300,25.09,25.54,24.75,25.17,1.0,25.54,24.75,0,6748300,10636,170155672.0,1,02,010,BRBRAPACNPR2,143,PN      N1,BRADESPAR
2022-10-26,BRAP4,BRAP4,25.01,25.85,24.77,25.52,25.52,5283700,25.01,25.85,24.77,25.52,1.0,25.85,24.77,0,5283700,16849,134390301.0,1,02,010,BRBRAPACNPR2,143,PN      N1,BRADESPAR
2022-10-27,BRAP4,BRAP4,25.25,25.38,24.29,24.68,24.68,7107100,25.25,25.38,24.29,24.68,1.0,25.38,24.29,0,7107100,23110,174775709.0,1,02,010,BRBRAPACNPR2,143,PN      N1,BRADESPAR
2022-10-28,BRAP4,BRAP4,24.08,24.18,23.53,23.86,23.86,7764500,24.08,24.18,23.53,23.86,1.0,24.18,23.53,0,7764500,20979,185018114.0,1,02,010,BRBRAPACNPR2,143,PN      N1,BRADESPAR
2022-10-31,BRAP4,BRAP4,23.5,24.48,23.38,24.01,24.01,5373200,23.5,24.48,23.38,24.01,1.0,24.48,23.38,0,5373200,15994,128394073.0,1,02,010,BRBRAPACNPR2,143,PN      N1,BRADESPAR
2022-11-01,BRAP4,BRAP4,24.5,24.9,24.32,24.66,24.66,6388000,24.5,24.9,24.32,24.66,1.0,24.9,24.32,0,6388000,19586,157599402.0,1,02,010,BRBRAPACNPR2,143,PN      N1,BRADESPAR
2022-11-03,BRAP4,BRAP4,24.45,24.45,23.94,24.15,24.15,8064900,24.45,24.45,23.94,24.15,1.0,24.45,23.94,0,8064900,19969,194557351.0,1,02,010,BRBRAPACNPR2,143,PN      N1,BRADESPAR
2022-11-04,BRAP4,BRAP4,25.18,25.84,25.03,25.64,25.64,8819800,25.18,25.84,25.03,25.64,1.0,25.84,25.03,0,8819800,23650,224840201.0,1,02,010,BRBRAPACNPR2,143,PN      N1,BRADESPAR
2022-11-07,BRAP4,BRAP4,25.64,26.13,25.32,25.57,25.57,4541600,25.64,26.13,25.32,25.57,1.0,26.13,25.32,0,4541600,13272,116323239.0,1,02,010,BRBRAPACNPR2,143,PN      N1,BRADESPAR
2022-11-08,BRAP4,BRAP4,25.57,26.33,25.32,26.18,26.18,6136200,25.57,26.33,25.32,26.18,1.0,26.33,25.32,0,6136200,16914,159874108.0,1,02,010,BRBRAPACNPR2,143,PN      N1,BRADESPAR
2022-11-09,BRAP4,BRAP4,26.28,26.55,25.83,26.04,26.04,6309600,26.28,26.55,25.83,26.04,1.0,26.55,25.83,0,6309600,13962,165306212.0,1,02,010,BRBRAPACNPR2,143,PN      N1,BRADESPAR
2022-11-10,BRAP4,BRAP4,23.41,24.86,23.41,24.57,24.57,10233500,23.41,24.86,23.41,24.57,1.0,24.86,23.41,0,10233500,25462,249615820.0,1,02,010,BRBRAPACNPR2,144,PN  EDJ N1,BRADESPAR
2022-11-11,BRAP4,BRAP4,24.91,26.56,24.88,26.49,26.49,13587200,24.91,26.56,24.88,26.49,1.0,26.56,24.88,0,13587200,31993,353439959.0,1,02,010,BRBRAPACNPR2,144,PN  EDJ N1,BRADESPAR
2022-11-14,BRAP4,BRAP4,26.54,27.25,26.22,26.9,26.9,5039500,26.54,27.25,26.22,26.9,1.0,27.25,26.22,0,5039500,19530,135315898.0,1,02,010,BRBRAPACNPR2,144,PN  EDJ N1,BRADESPAR
2022-11-16,BRAP4,BRAP4,27.0,27.48,26.81,27.48,27.48,7707600,27.0,27.48,26.81,27.48,1.0,27.48,26.81,0,7707600,22094,208982354.0,1,02,010,BRBRAPACNPR2,144,PN  EDJ N1,BRADESPAR
2022-11-17,BRAP4,BRAP4,26.9,27.6,26.35,27.48,27.48,5919400,26.9,27.6,26.35,27.48,1.0,27.6,26.35,0,5919400,14990,159713954.0,1,02,010,BRBRAPACNPR2,144,PN  EDJ N1,BRADESPAR
2022-11-18,BRAP4,BRAP4,27.85,27.88,26.82,27.08,27.08,3834200,27.85,27.88,26.82,27.08,1.0,27.88,26.82,0,3834200,13041,104250300.0,1,02,010,BRBRAPACNPR2,144,PN  EDJ N1,BRADESPAR
2022-11-21,BRAP4,BRAP4,26.76,26.99,26.28,26.56,26.56,3983300,26.76,26.99,26.28,26.56,1.0,26.99,26.28,0,3983300,11484,105880253.0,1,02,010,BRBRAPACNPR2,144,PN  EDJ N1,BRADESPAR
2022-11-22,BRAP4,BRAP4,26.54,27.15,26.46,26.72,26.72,2386600,26.54,27.15,26.46,26.72,1.0,27.15,26.46,0,2386600,6984,63829071.0,1,02,010,BRBRAPACNPR2,144,PN  EDJ N1,BRADESPAR
2022-11-23,BRAP4,BRAP4,26.93,26.99,26.48,26.94,26.94,1805300,26.93,26.99,26.48,26.94,1.0,26.99,26.48,0,1805300,6672,48298995.0,1,02,010,BRBRAPACNPR2,144,PN      N1,BRADESPAR
2022-11-24,BRAP4,BRAP4,27.11,27.34,26.68,27.12,27.12,2299200,27.11,27.34,26.68,27.12,1.0,27.34,26.68,0,2299200,6568,62264217.0,1,02,010,BRBRAPACNPR2,144,PN      N1,BRADESPAR
2022-11-25,BRAP4,BRAP4,27.22,27.53,26.6,26.79,26.79,2432300,27.22,27.53,26.6,26.79,1.0,27.53,26.6,0,2432300,7566,65742863.0,1,02,010,BRBRAPACNPR2,144,PN      N1,BRADESPAR
2022-11-28,BRAP4,BRAP4,26.79,27.18,26.23,26.8,26.8,2578800,26.79,27.18,26.23,26.8,1.0,27.18,26.23,0,2578800,7298,69224080.0,1,02,010,BRBRAPACNPR2,144,PN      N1,BRADESPAR
2022-11-29,BRAP4,BRAP4,27.11,28.15,27.04,27.9,27.9,4655700,27.11,28.15,27.04,27.9,1.0,28.15,27.04,0,4655700,16165,129666078.0,1,02,010,BRBRAPACNPR2,144,PN      N1,BRADESPAR
2022-11-30,BRAP4,BRAP4,27.99,28.75,27.8,28.3,28.3,5940200,27.99,28.75,27.8,28.3,1.0,28.75,27.8,0,5940200,19723,168536132.0,1,02,010,BRBRAPACNPR2,144,PN      N1,BRADESPAR
2022-12-01,BRAP4,BRAP4,28.22,29.06,28.03,28.75,28.75,9395600,28.22,29.06,28.03,28.75,1.0,29.06,28.03,0,9395600,15574,266855165.0,1,02,010,BRBRAPACNPR2,144,PN      N1,BRADESPAR
2022-12-02,BRAP4,BRAP4,28.93,29.31,28.58,29.14,29.14,3275900,28.93,29.31,28.58,29.14,1.0,29.31,28.58,0,3275900,10487,95081414.0,1,02,010,BRBRAPACNPR2,144,PN      N1,BRADESPAR
2022-12-05,BRAP4,BRAP4,29.42,29.69,29.07,29.1,29.1,3217700,29.42,29.69,29.07,29.1,1.0,29.69,29.07,0,3217700,10504,94692044.0,1,02,010,BRBRAPACNPR2,144,PN      N1,BRADESPAR
2022-12-06,BRAP4,BRAP4,29.22,29.81,29.05,29.5,29.5,3769800,29.22,29.81,29.05,29.5,1.0,29.81,29.05,0,3769800,14018,111031521.0,1,02,010,BRBRAPACNPR2,144,PN      N1,BRADESPAR
2022-12-07,BRAP4,BRAP4,29.09,29.15,28.36,28.59,28.59,4278200,29.09,29.15,28.36,28.59,1.0,29.15,28.36,0,4278200,16512,122349906.0,1,02,010,BRBRAPACNPR2,144,PN      N1,BRADESPAR
2022-12-08,BRAP4,BRAP4,28.67,29.49,28.59,28.94,28.94,3318100,28.67,29.49,28.59,28.94,1.0,29.49,28.59,0,3318100,10602,96530394.0,1,02,010,BRBRAPACNPR2,144,PN      N1,BRADESPAR
2022-12-09,BRAP4,BRAP4,29.5,30.18,29.36,30.07,30.07,4269300,29.5,30.18,29.36,30.07,1.0,30.18,29.36,0,4269300,13289,127702397.0,1,02,010,BRBRAPACNPR2,144,PN      N1,BRADESPAR
2022-12-12,BRAP4,BRAP4,29.82,29.87,28.72,29.08,29.08,4570800,29.82,29.87,28.72,29.08,1.0,29.87,28.72,0,4570800,12693,133148283.0,1,02,010,BRBRAPACNPR2,144,PN      N1,BRADESPAR
2022-12-13,BRAP4,BRAP4,29.2,29.69,28.97,29.07,29.07,3237700,29.2,29.69,28.97,29.07,1.0,29.69,28.97,0,3237700,12295,94762599.0,1,02,010,BRBRAPACNPR2,144,PN      N1,BRADESPAR
2022-12-14,BRAP4,BRAP4,29.1,29.55,28.99,29.47,29.47,4524000,29.1,29.55,28.99,29.47,1.0,29.55,28.99,0,4524000,14184,132546721.0,1,02,010,BRBRAPACNPR2,144,PN      N1,BRADESPAR
2022-12-15,BRAP4,BRAP4,29.58,29.93,29.37,29.56,29.56,5052200,29.58,29.93,29.37,29.56,1.0,29.93,29.37,0,5052200,18563,149560311.0,1,02,010,BRBRAPACNPR2,144,PN      N1,BRADESPAR
2022-12-16,BRAP4,BRAP4,29.41,29.48,28.65,29.09,29.09,8060800,29.41,29.48,28.65,29.09,1.0,29.48,28.65,0,8060800,13602,234089114.0,1,02,010,BRBRAPACNPR2,144,PN      N1,BRADESPAR
2022-12-19,BRAP4,BRAP4,28.77,28.92,28.22,28.76,28.76,3834900,28.77,28.92,28.22,28.76,1.0,28.92,28.22,0,3834900,13399,109475634.0,1,02,010,BRBRAPACNPR2,144,PN      N1,BRADESPAR
2022-12-20,BRAP4,BRAP4,28.71,29.43,28.53,29.1,29.1,4741800,28.71,29.43,28.53,29.1,1.0,29.43,28.53,0,4741800,16613,137684843.0,1,02,010,BRBRAPACNPR2,144,PN      N1,BRADESPAR
2022-12-21,BRAP4,BRAP4,29.27,29.57,28.97,29.46,29.46,4349700,29.27,29.57,28.97,29.46,1.0,29.57,28.97,0,4349700,15208,127327086.0,1,02,010,BRBRAPACNPR2,144,PN      N1,BRADESPAR
2022-12-22,BRAP4,BRAP4,29.53,29.53,28.88,29.31,29.31,2932000,29.53,29.53,28.88,29.31,1.0,29.53,28.88,0,2932000,13445,85346602.0,1,02,010,BRBRAPACNPR2,144,PN      N1,BRADESPAR
2022-12-23,BRAP4,BRAP4,29.2,29.52,28.99,29.41,29.41,2196400,29.2,29.52,28.99,29.41,1.0,29.52,28.99,0,2196400,6532,64297820.0,1,02,010,BRBRAPACNPR2,144,PN      N1,BRADESPAR
2022-12-26,BRAP4,BRAP4,29.35,29.7,29.14,29.45,29.45,1064800,29.35,29.7,29.14,29.45,1.0,29.7,29.14,0,1064800,4424,31428374.0,1,02,010,BRBRAPACNPR2,144,PN      N1,BRADESPAR
2022-12-27,BRAP4,BRAP4,29.7,29.98,29.46,29.98,29.98,2280900,29.7,29.98,29.46,29.98,1.0,29.98,29.46,0,2280900,8286,67990567.0,1,02,010,BRBRAPACNPR2,145,PN  EJ  N1,BRADESPAR
2022-12-28,BRAP4,BRAP4,30.08,30.37,29.88,30.03,30.03,2002600,30.08,30.37,29.88,30.03,1.0,30.37,29.88,0,2002600,7692,60178398.0,1,02,010,BRBRAPACNPR2,145,PN  EJ  N1,BRADESPAR
2022-12-29,BRAP4,BRAP4,30.09,30.2,29.54,29.72,29.72,4053800,30.09,30.2,29.54,29.72,1.0,30.2,29.54,0,4053800,10928,120883330.0,1,02,010,BRBRAPACNPR2,145,PN  EJ  N1,BRADESPAR
2023-01-02,BRAP4,BRAP4,29.5,30.06,29.31,29.78,29.78,2540700,29.5,30.06,29.31,29.78,1.0,30.06,29.31,0,2540700,7491,75406217.0,1,02,010,BRBRAPACNPR2,145,PN  EJ  N1,BRADESPAR
2023-01-03,BRAP4,BRAP4,29.72,30.21,29.4,29.56,29.56,2332900,29.72,30.21,29.4,29.56,1.0,30.21,29.4,0,2332900,9097,69425534.0,1,02,010,BRBRAPACNPR2,145,PN  EJ  N1,BRADESPAR
2023-01-04,BRAP4,BRAP4,29.68,29.93,29.18,29.84,29.84,3832700,29.68,29.93,29.18,29.84,1.0,29.93,29.18,0,3832700,14352,113960310.0,1,02,010,BRBRAPACNPR2,145,PN  EJ  N1,BRADESPAR
2023-01-05,BRAP4,BRAP4,29.84,30.68,29.77,30.58,30.58,3479600,29.84,30.68,29.77,30.58,1.0,30.68,29.77,0,3479600,9170,105809355.0,1,02,010,BRBRAPACNPR2,145,PN  EJ  N1,BRADESPAR
2023-01-06,BRAP4,BRAP4,30.61,31.11,30.43,30.69,30.69,3150300,30.61,31.11,30.43,30.69,1.0,31.11,30.43,0,3150300,9780,96832789.0,1,02,010,BRBRAPACNPR2,145,PN  EJ  N1,BRADESPAR
2023-01-09,BRAP4,BRAP4,30.54,31.28,30.29,31.07,31.07,2879500,30.54,31.28,30.29,31.07,1.0,31.28,30.29,0,2879500,9402,89347594.0,1,02,010,BRBRAPACNPR2,145,PN      N1,BRADESPAR
2023-01-10,BRAP4,BRAP4,31.0,31.83,31.0,31.71,31.71,3669200,31.0,31.83,31.0,31.71,1.0,31.83,31.0,0,3669200,15560,115882093.0,1,02,010,BRBRAPACNPR2,145,PN      N1,BRADESPAR
2023-01-11,BRAP4,BRAP4,31.76,32.04,31.25,31.76,31.76,3463100,31.76,32.04,31.25,31.76,1.0,32.04,31.25,0,3463100,12909,109742804.0,1,02,010,BRBRAPACNPR2,145,PN      N1,BRADESPAR
2023-01-12,BRAP4,BRAP4,31.79,32.13,31.69,31.95,31.95,2722200,31.79,32.13,31.69,31.95,1.0,32.13,31.69,0,2722200,11453,86932376.0,1,02,010,BRBRAPACNPR2,145,PN      N1,BRADESPAR
2023-01-13,BRAP4,BRAP4,31.86,31.93,31.53,31.74,31.74,1634700,31.86,31.93,31.53,31.74,1.0,31.93,31.53,0,1634700,5974,51813865.0,1,02,010,BRBRAPACNPR2,145,PN      N1,BRADESPAR
2023-01-16,BRAP4,BRAP4,31.37,31.44,30.84,31.11,31.11,2149700,31.37,31.44,30.84,31.11,1.0,31.44,30.84,0,2149700,7220,66989011.0,1,02,010,BRBRAPACNPR2,145,PN      N1,BRADESPAR
2023-01-17,BRAP4,BRAP4,31.31,31.6,31.2,31.32,31.32,1764800,31.31,31.6,31.2,31.32,1.0,31.6,31.2,0,1764800,6850,55370718.0,1,02,010,BRBRAPACNPR2,145,PN      N1,BRADESPAR
2023-01-18,BRAP4,BRAP4,31.65,31.95,31.57,31.7,31.7,1248600,31.65,31.95,31.57,31.7,1.0,31.95,31.57,0,1248600,4949,39650121.0,1,02,010,BRBRAPACNPR2,145,PN      N1,BRADESPAR
2023-01-19,BRAP4,BRAP4,31.69,32.1,31.59,31.91,31.91,2078300,31.69,32.1,31.59,31.91,1.0,32.1,31.59,0,2078300,7366,66317665.0,1,02,010,BRBRAPACNPR2,145,PN      N1,BRADESPAR
2023-01-20,BRAP4,BRAP4,31.9,32.29,31.8,32.03,32.03,1911800,31.9,32.29,31.8,32.03,1.0,32.29,31.8,0,1911800,6079,61264281.0,1,02,010,BRBRAPACNPR2,145,PN      N1,BRADESPAR
2023-01-23,BRAP4,BRAP4,32.12,32.2,31.47,31.62,31.62,2517100,32.12,32.2,31.47,31.62,1.0,32.2,31.47,0,2517100,6018,79781891.0,1,02,010,BRBRAPACNPR2,145,PN      N1,BRADESPAR
2023-01-24,BRAP4,BRAP4,31.69,32.03,31.54,31.98,31.98,1454000,31.69,32.03,31.54,31.98,1.0,32.03,31.54,0,1454000,6551,46209080.0,1,02,010,BRBRAPACNPR2,145,PN      N1,BRADESPAR
2023-01-25,BRAP4,BRAP4,31.97,32.37,31.71,32.23,32.23,1664900,31.97,32.37,31.71,32.23,1.0,32.37,31.71,0,1664900,6353,53492233.0,1,02,010,BRBRAPACNPR2,145,PN      N1,BRADESPAR
2023-01-26,BRAP4,BRAP4,32.3,32.86,32.29,32.86,32.86,1900800,32.3,32.86,32.29,32.86,1.0,32.86,32.29,0,1900800,6427,62060967.0,1,02,010,BRBRAPACNPR2,145,PN      N1,BRADESPAR
2023-01-27,BRAP4,BRAP4,32.86,32.94,31.74,32.0,32.0,1843300,32.86,32.94,31.74,32.0,1.0,32.94,31.74,0,1843300,5118,59117110.0,1,02,010,BRBRAPACNPR2,145,PN      N1,BRADESPAR
2023-01-30,BRAP4,BRAP4,32.25,32.3,31.58,31.84,31.84,1119500,32.25,32.3,31.58,31.84,1.0,32.3,31.58,0,1119500,4204,35694923.0,1,02,010,BRBRAPACNPR2,145,PN      N1,BRADESPAR
2023-01-31,BRAP4,BRAP4,31.81,32.02,31.65,31.9,31.9,1348000,31.81,32.02,31.65,31.9,1.0,32.02,31.65,0,1348000,4926,42968554.0,1,02,010,BRBRAPACNPR2,145,PN      N1,BRADESPAR
2023-02-01,BRAP4,BRAP4,31.73,31.73,31.02,31.39,31.39,1582200,31.73,31.73,31.02,31.39,1.0,31.73,31.02,0,1582200,6393,49535321.0,1,02,010,BRBRAPACNPR2,145,PN      N1,BRADESPAR
2023-02-02,BRAP4,BRAP4,31.02,31.06,30.05,30.16,30.16,2525200,31.02,31.06,30.05,30.16,1.0,31.06,30.05,0,2525200,8732,76893494.0,1,02,010,BRBRAPACNPR2,145,PN      N1,BRADESPAR
2023-02-03,BRAP4,BRAP4,30.2,30.72,30.1,30.26,30.26,2737600,30.2,30.72,30.1,30.26,1.0,30.72,30.1,0,2737600,9494,83129407.0,1,02,010,BRBRAPACNPR2,145,PN      N1,BRADESPAR
2023-02-06,BRAP4,BRAP4,30.01,30.1,29.44,29.84,29.84,2370900,30.01,30.1,29.44,29.84,1.0,30.1,29.44,0,2370900,6320,70523544.0,1,02,010,BRBRAPACNPR2,145,PN      N1,BRADESPAR
2023-02-07,BRAP4,BRAP4,29.71,30.15,29.51,29.87,29.87,1613400,29.71,30.15,29.51,29.87,1.0,30.15,29.51,0,1613400,5119,48176012.0,1,02,010,BRBRAPACNPR2,145,PN      N1,BRADESPAR
2023-02-08,BRAP4,BRAP4,30.13,30.13,29.61,29.83,29.83,1859300,30.13,30.13,29.61,29.83,1.0,30.13,29.61,0,1859300,5732,55503837.0,1,02,010,BRBRAPACNPR2,145,PN      N1,BRADESPAR
2023-02-09,BRAP4,BRAP4,29.87,30.0,29.46,29.64,29.64,1999900,29.87,30.0,29.46,29.64,1.0,30.0,29.46,0,1999900,7508,59384044.0,1,02,010,BRBRAPACNPR2,145,PN      N1,BRADESPAR
2023-02-10,BRAP4,BRAP4,29.5,29.71,28.45,28.76,28.76,3872100,29.5,29.71,28.45,28.76,1.0,29.71,28.45,0,3872100,13363,111707807.0,1,02,010,BRBRAPACNPR2,145,PN      N1,BRADESPAR
2023-02-13,BRAP4,BRAP4,28.54,29.09,28.29,28.98,28.98,2179900,28.54,29.09,28.29,28.98,1.0,29.09,28.29,0,2179900,6668,62842621.0,1,02,010,BRBRAPACNPR2,145,PN      N1,BRADESPAR
2023-02-14,BRAP4,BRAP4,29.12,29.35,28.58,28.71,28.71,2909600,29.12,29.35,28.58,28.71,1.0,29.35,28.58,0,2909600,8699,83841613.0,1,02,010,BRBRAPACNPR2,145,PN      N1,BRADESPAR
2023-02-15,BRAP4,BRAP4,28.66,29.14,28.48,29.09,29.09,6504800,28.66,29.14,28.48,29.09,1.0,29.14,28.48,0,6504800,9069,188882838.0,1,02,010,BRBRAPACNPR2,145,PN      N1,BRADESPAR
2023-02-16,BRAP4,BRAP4,29.1,29.47,29.0,29.21,29.21,2190200,29.1,29.47,29.0,29.21,1.0,29.47,29.0,0,2190200,6430,64013558.0,1,02,010,BRBRAPACNPR2,145,PN      N1,BRADESPAR
2023-02-17,BRAP4,BRAP4,29.25,29.45,28.88,29.05,29.05,1659900,29.25,29.45,28.88,29.05,1.0,29.45,28.88,0,1659900,4800,48389918.0,1,02,010,BRBRAPACNPR2,145,PN      N1,BRADESPAR
2023-02-22,BRAP4,BRAP4,28.54,28.83,28.25,28.44,28.44,1851000,28.54,28.83,28.25,28.44,1.0,28.83,28.25,0,1851000,6225,52714428.0,1,02,010,BRBRAPACNPR2,145,PN      N1,BRADESPAR
2023-02-23,BRAP4,BRAP4,28.35,28.43,27.84,28.38,28.38,2457200,28.35,28.43,27.84,28.38,1.0,28.43,27.84,0,2457200,7473,69171327.0,1,02,010,BRBRAPACNPR2,145,PN      N1,BRADESPAR
2023-02-24,BRAP4,BRAP4,28.14,28.28,27.55,27.68,27.68,1302900,28.14,28.28,27.55,27.68,1.0,28.28,27.55,0,1302900,4525,36158118.0,1,02,010,BRBRAPACNPR2,145,PN      N1,BRADESPAR
2023-02-27,BRAP4,BRAP4,27.53,27.87,27.43,27.61,27.61,1639000,27.53,27.87,27.43,27.61,1.0,27.87,27.43,0,1639000,4508,45251157.0,1,02,010,BRBRAPACNPR2,145,PN      N1,BRADESPAR
2023-02-28,BRAP4,BRAP4,27.6,28.07,27.5,27.66,27.66,1844200,27.6,28.07,27.5,27.66,1.0,28.07,27.5,0,1844200,4670,51198284.0,1,02,010,BRBRAPACNPR2,145,PN      N1,BRADESPAR
2023-03-01,BRAP4,BRAP4,28.28,29.13,28.03,28.83,28.83,3711800,28.28,29.13,28.03,28.83,1.0,29.13,28.03,0,3711800,12765,107002668.0,1,02,010,BRBRAPACNPR2,145,PN      N1,BRADESPAR
2023-03-02,BRAP4,BRAP4,28.9,29.08,28.4,28.57,28.57,1713600,28.9,29.08,28.4,28.57,1.0,29.08,28.4,0,1713600,4853,49058261.0,1,02,010,BRBRAPACNPR2,145,PN      N1,BRADESPAR
2023-03-03,BRAP4,BRAP4,28.83,29.24,28.76,28.92,28.92,3057800,28.83,29.24,28.76,28.92,1.0,29.24,28.76,0,3057800,7403,88684490.0,1,02,010,BRBRAPACNPR2,145,PN      N1,BRADESPAR
2023-03-06,BRAP4,BRAP4,28.65,28.71,28.2,28.52,28.52,2860600,28.65,28.71,28.2,28.52,1.0,28.71,28.2,0,2860600,8241,81393816.0,1,02,010,BRBRAPACNPR2,145,PN      N1,BRADESPAR
2023-03-07,BRAP4,BRAP4,28.62,28.72,27.74,27.98,27.98,2491500,28.62,28.72,27.74,27.98,1.0,28.72,27.74,0,2491500,6321,69994738.0,1,02,010,BRBRAPACNPR2,145,PN      N1,BRADESPAR
2023-03-08,BRAP4,BRAP4,28.03,28.33,28.02,28.28,28.28,1414300,28.03,28.33,28.02,28.28,1.0,28.33,28.02,0,1414300,5076,39891626.0,1,02,010,BRBRAPACNPR2,145,PN      N1,BRADESPAR
2023-03-09,BRAP4,BRAP4,28.04,28.25,27.41,27.61,27.61,3541500,28.04,28.25,27.41,27.61,1.0,28.25,27.41,0,3541500,9416,98324174.0,1,02,010,BRBRAPACNPR2,145,PN      N1,BRADESPAR
2023-03-10,BRAP4,BRAP4,27.42,27.96,27.04,27.25,27.25,2484500,27.42,27.96,27.04,27.25,1.0,27.96,27.04,0,2484500,6091,68120545.0,1,02,010,BRBRAPACNPR2,145,PN      N1,BRADESPAR
2023-03-13,BRAP4,BRAP4,27.14,27.89,27.14,27.42,27.42,2744600,27.14,27.89,27.14,27.42,1.0,27.89,27.14,0,2744600,6773,75399000.0,1,02,010,BRBRAPACNPR2,145,PN      N1,BRADESPAR
2023-03-14,BRAP4,BRAP4,27.35,27.67,27.29,27.5,27.5,1866700,27.35,27.67,27.29,27.5,1.0,27.67,27.29,0,1866700,5520,51299165.0,1,02,010,BRBRAPACNPR2,145,PN      N1,BRADESPAR
2023-03-15,BRAP4,BRAP4,27.1,27.2,26.2,26.78,26.78,3598700,27.1,27.2,26.2,26.78,1.0,27.2,26.2,0,3598700,12385,96062940.0,1,02,010,BRBRAPACNPR2,145,PN      N1,BRADESPAR
2023-03-16,BRAP4,BRAP4,26.69,27.0,26.31,26.71,26.71,2178600,26.69,27.0,26.31,26.71,1.0,27.0,26.31,0,2178600,7933,58094464.0,1,02,010,BRBRAPACNPR2,145,PN      N1,BRADESPAR
2023-03-17,BRAP4,BRAP4,26.64,27.14,26.63,26.82,26.82,4552900,26.64,27.14,26.63,26.82,1.0,27.14,26.63,0,4552900,9374,122524126.0,1,02,010,BRBRAPACNPR2,145,PN      N1,BRADESPAR
2023-03-20,BRAP4,BRAP4,26.7,27.21,26.5,27.06,27.06,2602300,26.7,27.21,26.5,27.06,1.0,27.21,26.5,0,2602300,11386,70405463.0,1,02,010,BRBRAPACNPR2,145,PN      N1,BRADESPAR
2023-03-21,BRAP4,BRAP4,27.09,27.09,26.37,26.61,26.61,2027800,27.09,27.09,26.37,26.61,1.0,27.09,26.37,0,2027800,6866,54039544.0,1,02,010,BRBRAPACNPR2,145,PN      N1,BRADESPAR
2023-03-22,BRAP4,BRAP4,26.5,26.81,26.35,26.51,26.51,2021500,26.5,26.81,26.35,26.51,1.0,26.81,26.35,0,2021500,7601,53659032.0,1,02,010,BRBRAPACNPR2,145,PN      N1,BRADESPAR
2023-03-23,BRAP4,BRAP4,26.5,26.59,25.52,25.72,25.72,3816800,26.5,26.59,25.52,25.72,1.0,26.59,25.52,0,3816800,11241,99223968.0,1,02,010,BRBRAPACNPR2,145,PN      N1,BRADESPAR
2023-03-24,BRAP4,BRAP4,25.81,25.81,25.36,25.71,25.71,1589400,25.81,25.81,25.36,25.71,1.0,25.81,25.36,0,1589400,7061,40672977.0,1,02,010,BRBRAPACNPR2,145,PN      N1,BRADESPAR
2023-03-27,BRAP4,BRAP4,26.07,26.2,25.64,25.71,25.71,1386100,26.07,26.2,25.64,25.71,1.0,26.2,25.64,0,1386100,4058,35769304.0,1,02,010,BRBRAPACNPR2,145,PN      N1,BRADESPAR
2023-03-28,BRAP4,BRAP4,25.88,26.52,25.86,26.17,26.17,2687300,25.88,26.52,25.86,26.17,1.0,26.52,25.86,0,2687300,8050,70594791.0,1,02,010,BRBRAPACNPR2,145,PN      N1,BRADESPAR
2023-03-29,BRAP4,BRAP4,26.41,26.68,26.27,26.5,26.5,2227300,26.41,26.68,26.27,26.5,1.0,26.68,26.27,0,2227300,6207,58915997.0,1,02,010,BRBRAPACNPR2,145,PN      N1,BRADESPAR
2023-03-30,BRAP4,BRAP4,26.95,27.24,26.79,27.11,27.11,2722300,26.95,27.24,26.79,27.11,1.0,27.24,26.79,0,2722300,8040,73663498.0,1,02,010,BRBRAPACNPR2,145,PN      N1,BRADESPAR
2023-03-31,BRAP4,BRAP4,27.2,27.42,26.74,26.82,26.82,2916200,27.2,27.42,26.74,26.82,1.0,27.42,26.74,0,2916200,7465,78942555.0,1,02,010,BRBRAPACNPR2,145,PN      N1,BRADESPAR
2023-04-03,BRAP4,BRAP4,26.7,26.93,26.44,26.88,26.88,1557800,26.7,26.93,26.44,26.88,1.0,26.93,26.44,0,1557800,6939,41690667.0,1,02,010,BRBRAPACNPR2,145,PN      N1,BRADESPAR
2023-04-04,BRAP4,BRAP4,26.88,26.93,26.3,26.42,26.42,1823300,26.88,26.93,26.3,26.42,1.0,26.93,26.3,0,1823300,5242,48294949.0,1,02,010,BRBRAPACNPR2,145,PN      N1,BRADESPAR
2023-04-05,BRAP4,BRAP4,26.4,26.4,25.57,25.72,25.72,2942100,26.4,26.4,25.57,25.72,1.0,26.4,25.57,0,2942100,9334,75828238.0,1,02,010,BRBRAPACNPR2,145,PN      N1,BRADESPAR
2023-04-06,BRAP4,BRAP4,25.7,26.2,25.61,26.07,26.07,2309000,25.7,26.2,25.61,26.07,1.0,26.2,25.61,0,2309000,6725,59964319.0,1,02,010,BRBRAPACNPR2,145,PN      N1,BRADESPAR
2023-04-10,BRAP4,BRAP4,26.18,26.63,26.1,26.34,26.34,1603400,26.18,26.63,26.1,26.34,1.0,26.63,26.1,0,1603400,6661,42302041.0,1,02,010,BRBRAPACNPR2,145,PN      N1,BRADESPAR
2023-04-11,BRAP4,BRAP4,26.95,27.77,26.94,27.39,27.39,4236200,26.95,27.77,26.94,27.39,1.0,27.77,26.94,0,4236200,14077,116139275.0,1,02,010,BRBRAPACNPR2,145,PN      N1,BRADESPAR
2023-04-12,BRAP4,BRAP4,27.48,27.63,26.99,27.11,27.11,2828100,27.48,27.63,26.99,27.11,1.0,27.63,26.99,0,2828100,9739,76818483.0,1,02,010,BRBRAPACNPR2,145,PN      N1,BRADESPAR
2023-04-13,BRAP4,BRAP4,27.0,27.02,26.65,26.75,26.75,2553700,27.0,27.02,26.65,26.75,1.0,27.02,26.65,0,2553700,10369,68397307.0,1,02,010,BRBRAPACNPR2,145,PN      N1,BRADESPAR
2023-04-14,BRAP4,BRAP4,26.69,26.8,26.16,26.62,26.62,3334400,26.69,26.8,26.16,26.62,1.0,26.8,26.16,0,3334400,9628,88556488.0,1,02,010,BRBRAPACNPR2,145,PN      N1,BRADESPAR
2023-04-17,BRAP4,BRAP4,26.5,26.97,26.24,26.34,26.34,3477900,26.5,26.97,26.24,26.34,1.0,26.97,26.24,0,3477900,10059,92040950.0,1,02,010,BRBRAPACNPR2,145,PN      N1,BRADESPAR
2023-04-18,BRAP4,BRAP4,26.6,26.73,26.34,26.72,26.72,3126300,26.6,26.73,26.34,26.72,1.0,26.73,26.34,0,3126300,6522,83135668.0,1,02,010,BRBRAPACNPR2,145,PN      N1,BRADESPAR
2023-04-19,BRAP4,BRAP4,26.35,26.37,25.71,25.96,25.96,3831900,26.35,26.37,25.71,25.96,1.0,26.37,25.71,0,3831900,11459,99469324.0,1,02,010,BRBRAPACNPR2,145,PN      N1,BRADESPAR
2023-04-20,BRAP4,BRAP4,25.87,26.07,25.44,25.57,25.57,2393100,25.87,26.07,25.44,25.57,1.0,26.07,25.44,0,2393100,5746,61524971.0,1,02,010,BRBRAPACNPR2,145,PN      N1,BRADESPAR
2023-04-24,BRAP4,BRAP4,24.89,24.89,24.32,24.5,24.5,7154700,24.89,24.89,24.32,24.5,1.0,24.89,24.32,0,7154700,12656,175668525.0,1,02,010,BRBRAPACNPR2,145,PN      N1,BRADESPAR
2023-04-25,BRAP4,BRAP4,24.4,24.41,23.82,23.92,23.92,4808200,24.4,24.41,23.82,23.92,1.0,24.41,23.82,0,4808200,11047,115581975.0,1,02,010,BRBRAPACNPR2,145,PN      N1,BRADESPAR
2023-04-26,BRAP4,BRAP4,24.11,24.51,24.04,24.16,24.16,3535100,24.11,24.51,24.04,24.16,1.0,24.51,24.04,0,3535100,5866,85646208.0,1,02,010,BRBRAPACNPR2,145,PN      N1,BRADESPAR
2023-04-27,BRAP4,BRAP4,24.04,24.56,23.79,24.56,24.56,5300100,24.04,24.56,23.79,24.56,1.0,24.56,23.79,0,5300100,10200,128938665.0,1,02,010,BRBRAPACNPR2,145,PN      N1,BRADESPAR
2023-04-28,BRAP4,BRAP4,23.33,23.7,23.25,23.7,23.7,3093400,23.33,23.7,23.25,23.7,1.0,23.7,23.25,0,3093400,7774,72808965.0,1,02,010,BRBRAPACNPR2,146,PN  ED  N1,BRADESPAR
2023-05-02,BRAP4,BRAP4,23.37,23.47,22.53,22.57,22.57,3364300,23.37,23.47,22.53,22.57,1.0,23.47,22.53,0,3364300,10933,76573736.0,1,02,010,BRBRAPACNPR2,146,PN  ED  N1,BRADESPAR
2023-05-03,BRAP4,BRAP4,22.79,22.81,22.36,22.44,22.44,2393900,22.79,22.81,22.36,22.44,1.0,22.81,22.36,0,2393900,7291,53926597.0,1,02,010,BRBRAPACNPR2,146,PN  ED  N1,BRADESPAR
2023-05-04,BRAP4,BRAP4,22.44,22.62,21.55,21.62,21.62,3478500,22.44,22.62,21.55,21.62,1.0,22.62,21.55,0,3478500,11517,76059815.0,1,02,010,BRBRAPACNPR2,146,PN  ED  N1,BRADESPAR
2023-05-05,BRAP4,BRAP4,21.78,22.51,21.74,22.48,22.48,5563400,21.78,22.51,21.74,22.48,1.0,22.51,21.74,0,5563400,8616,123310937.0,1,02,010,BRBRAPACNPR2,146,PN  ED  N1,BRADESPAR
2023-05-08,BRAP4,BRAP4,22.84,23.03,22.69,22.82,22.82,3568600,22.84,23.03,22.69,22.82,1.0,23.03,22.69,0,3568600,6655,81522500.0,1,02,010,BRBRAPACNPR2,146,PN  ED  N1,BRADESPAR
2023-05-09,BRAP4,BRAP4,22.77,23.12,22.45,22.85,22.85,1776500,22.77,23.12,22.45,22.85,1.0,23.12,22.45,0,1776500,4327,40636440.0,1,02,010,BRBRAPACNPR2,146,PN  ED  N1,BRADESPAR
2023-05-10,BRAP4,BRAP4,23.0,23.05,22.44,22.67,22.67,1844700,23.0,23.05,22.44,22.67,1.0,23.05,22.44,0,1844700,4860,41770467.0,1,02,010,BRBRAPACNPR2,146,PN  ED  N1,BRADESPAR
2023-05-11,BRAP4,BRAP4,22.34,22.35,21.9,22.08,22.08,3734000,22.34,22.35,21.9,22.08,1.0,22.35,21.9,0,3734000,7928,82322965.0,1,02,010,BRBRAPACNPR2,146,PN      N1,BRADESPAR
2023-05-12,BRAP4,BRAP4,22.05,22.09,21.75,21.79,21.79,5329900,22.05,22.09,21.75,21.79,1.0,22.09,21.75,0,5329900,8202,116643956.0,1,02,010,BRBRAPACNPR2,146,PN      N1,BRADESPAR
2023-05-15,BRAP4,BRAP4,22.06,22.47,21.94,22.3,22.3,4684600,22.06,22.47,21.94,22.3,1.0,22.47,21.94,0,4684600,9294,104052871.0,1,02,010,BRBRAPACNPR2,146,PN      N1,BRADESPAR
2023-05-16,BRAP4,BRAP4,22.35,22.44,22.06,22.06,22.06,5738200,22.35,22.44,22.06,22.06,1.0,22.44,22.06,0,5738200,6260,127253624.0,1,02,010,BRBRAPACNPR2,146,PN      N1,BRADESPAR
2023-05-17,BRAP4,BRAP4,22.43,22.97,22.43,22.9,22.9,3972400,22.43,22.97,22.43,22.9,1.0,22.97,22.43,0,3972400,8490,90530848.0,1,02,010,BRBRAPACNPR2,146,PN      N1,BRADESPAR
2023-05-18,BRAP4,BRAP4,22.88,22.99,22.61,22.94,22.94,2096000,22.88,22.99,22.61,22.94,1.0,22.99,22.61,0,2096000,7669,47773377.0,1,02,010,BRBRAPACNPR2,146,PN      N1,BRADESPAR
2023-05-19,BRAP4,BRAP4,23.06,23.09,22.73,22.74,22.74,3520700,23.06,23.09,22.73,22.74,1.0,23.09,22.73,0,3520700,10554,80549294.0,1,02,010,BRBRAPACNPR2,146,PN      N1,BRADESPAR
2023-05-22,BRAP4,BRAP4,22.58,22.73,22.31,22.57,22.57,4123800,22.58,22.73,22.31,22.57,1.0,22.73,22.31,0,4123800,7988,92906948.0,1,02,010,BRBRAPACNPR2,146,PN      N1,BRADESPAR
2023-05-23,BRAP4,BRAP4,22.41,22.42,21.89,21.9,21.9,5550300,22.41,22.42,21.89,21.9,1.0,22.42,21.89,0,5550300,10513,122679318.0,1,02,010,BRBRAPACNPR2,146,PN      N1,BRADESPAR
2023-05-24,BRAP4,BRAP4,21.7,21.75,21.37,21.47,21.47,3112700,21.7,21.75,21.37,21.47,1.0,21.75,21.37,0,3112700,10772,67014095.0,1,02,010,BRBRAPACNPR2,146,PN      N1,BRADESPAR
2023-05-25,BRAP4,BRAP4,21.64,21.74,21.36,21.42,21.42,2472200,21.64,21.74,21.36,21.42,1.0,21.74,21.36,0,2472200,7329,53228785.0,1,02,010,BRBRAPACNPR2,146,PN      N1,BRADESPAR
2023-05-26,BRAP4,BRAP4,21.9,22.22,21.75,22.02,22.02,3988900,21.9,22.22,21.75,22.02,1.0,22.22,21.75,0,3988900,8774,87862990.0,1,02,010,BRBRAPACNPR2,146,PN      N1,BRADESPAR
2023-05-29,BRAP4,BRAP4,22.31,22.5,21.9,22.02,22.02,2527900,22.31,22.5,21.9,22.02,1.0,22.5,21.9,0,2527900,4894,56043793.0,1,02,010,BRBRAPACNPR2,146,PN      N1,BRADESPAR
2023-05-30,BRAP4,BRAP4,22.13,22.19,21.31,21.43,21.43,3128200,22.13,22.19,21.31,21.43,1.0,22.19,21.31,0,3128200,7703,67345693.0,1,02,010,BRBRAPACNPR2,146,PN      N1,BRADESPAR
2023-05-31,BRAP4,BRAP4,21.4,21.5,21.16,21.29,21.29,2508000,21.4,21.5,21.16,21.29,1.0,21.5,21.16,0,2508000,5994,53362831.0,1,02,010,BRBRAPACNPR2,146,PN      N1,BRADESPAR
2023-06-01,BRAP4,BRAP4,21.6,21.92,21.24,21.53,21.53,3435400,21.6,21.92,21.24,21.53,1.0,21.92,21.24,0,3435400,9593,74225139.0,1,02,010,BRBRAPACNPR2,146,PN      N1,BRADESPAR
2023-06-02,BRAP4,BRAP4,22.26,22.64,22.22,22.44,22.44,4352800,22.26,22.64,22.22,22.44,1.0,22.64,22.22,0,4352800,9256,97528672.0,1,02,010,BRBRAPACNPR2,146,PN      N1,BRADESPAR
2023-06-05,BRAP4,BRAP4,22.51,22.55,22.18,22.33,22.33,3220800,22.51,22.55,22.18,22.33,1.0,22.55,22.18,0,3220800,6326,72038885.0,1,02,010,BRBRAPACNPR2,146,PN      N1,BRADESPAR
2023-06-06,BRAP4,BRAP4,22.43,22.63,22.35,22.39,22.39,2832600,22.43,22.63,22.35,22.39,1.0,22.63,22.35,0,2832600,8441,63672191.0,1,02,010,BRBRAPACNPR2,146,PN      N1,BRADESPAR
2023-06-07,BRAP4,BRAP4,22.48,22.54,22.2,22.47,22.47,3408800,22.48,22.54,22.2,22.47,1.0,22.54,22.2,0,3408800,8781,76339017.0,1,02,010,BRBRAPACNPR2,146,PN      N1,BRADESPAR
2023-06-09,BRAP4,BRAP4,22.71,23.12,22.67,22.8,22.8,5475900,22.71,23.12,22.67,22.8,1.0,23.12,22.67,0,5475900,12182,125605119.0,1,02,010,BRBRAPACNPR2,146,PN      N1,BRADESPAR
2023-06-12,BRAP4,BRAP4,22.67,22.67,22.35,22.55,22.55,5194100,22.67,22.67,22.35,22.55,1.0,22.67,22.35,0,5194100,10693,116920065.0,1,02,010,BRBRAPACNPR2,146,PN      N1,BRADESPAR
2023-06-13,BRAP4,BRAP4,22.9,22.97,22.64,22.7,22.7,2032100,22.9,22.97,22.64,22.7,1.0,22.97,22.64,0,2032100,7009,46251410.0,1,02,010,BRBRAPACNPR2,146,PN      N1,BRADESPAR
2023-06-14,BRAP4,BRAP4,23.06,23.68,22.95,23.56,23.56,6403400,23.06,23.68,22.95,23.56,1.0,23.68,22.95,0,6403400,13504,149637864.0,1,02,010,BRBRAPACNPR2,146,PN      N1,BRADESPAR
2023-06-15,BRAP4,BRAP4,23.66,23.8,23.39,23.68,23.68,2449600,23.66,23.8,23.39,23.68,1.0,23.8,23.39,0,2449600,9041,57792596.0,1,02,010,BRBRAPACNPR2,146,PN      N1,BRADESPAR
2023-06-16,BRAP4,BRAP4,23.74,23.96,23.63,23.63,23.63,2834100,23.74,23.96,23.63,23.63,1.0,23.96,23.63,0,2834100,9012,67319632.0,1,02,010,BRBRAPACNPR2,146,PN      N1,BRADESPAR
2023-06-19,BRAP4,BRAP4,23.46,23.84,23.45,23.73,23.73,1461100,23.46,23.84,23.45,23.73,1.0,23.84,23.45,0,1461100,4251,34664794.0,1,02,010,BRBRAPACNPR2,146,PN      N1,BRADESPAR
2023-06-20,BRAP4,BRAP4,23.64,23.67,23.12,23.36,23.36,3269800,23.64,23.67,23.12,23.36,1.0,23.67,23.12,0,3269800,13069,76146587.0,1,02,010,BRBRAPACNPR2,146,PN      N1,BRADESPAR
2023-06-21,BRAP4,BRAP4,23.2,23.28,23.04,23.21,23.21,2195900,23.2,23.28,23.04,23.21,1.0,23.28,23.04,0,2195900,6851,50849449.0,1,02,010,BRBRAPACNPR2,146,PN      N1,BRADESPAR
2023-06-22,BRAP4,BRAP4,23.14,23.43,22.89,22.94,22.94,1875700,23.14,23.43,22.89,22.94,1.0,23.43,22.89,0,1875700,6576,43238032.0,1,02,010,BRBRAPACNPR2,146,PN      N1,BRADESPAR
2023-06-23,BRAP4,BRAP4,22.76,22.9,22.66,22.83,22.83,2500800,22.76,22.9,22.66,22.83,1.0,22.9,22.66,0,2500800,8827,57042386.0,1,02,010,BRBRAPACNPR2,146,PN      N1,BRADESPAR
2023-06-26,BRAP4,BRAP4,22.79,23.05,22.63,22.95,22.95,2126500,22.79,23.05,22.63,22.95,1.0,23.05,22.63,0,2126500,5612,48654751.0,1,02,010,BRBRAPACNPR2,146,PN      N1,BRADESPAR
2023-06-27,BRAP4,BRAP4,23.19,23.36,22.84,22.98,22.98,3273500,23.19,23.36,22.84,22.98,1.0,23.36,22.84,0,3273500,6786,75536710.0,1,02,010,BRBRAPACNPR2,146,PN      N1,BRADESPAR
2023-06-28,BRAP4,BRAP4,22.9,22.94,22.04,22.13,22.13,4538400,22.9,22.94,22.04,22.13,1.0,22.94,22.04,0,4538400,14273,101328881.0,1,02,010,BRBRAPACNPR2,146,PN      N1,BRADESPAR
2023-06-29,BRAP4,BRAP4,22.08,22.45,22.0,22.39,22.39,4211100,22.08,22.45,22.0,22.39,1.0,22.45,22.0,0,4211100,15227,93888697.0,1,02,010,BRBRAPACNPR2,146,PN      N1,BRADESPAR
2023-06-30,BRAP4,BRAP4,22.43,22.71,22.16,22.21,22.21,3238200,22.43,22.71,22.16,22.21,1.0,22.71,22.16,0,3238200,13487,72286778.0,1,02,010,BRBRAPACNPR2,146,PN      N1,BRADESPAR
2023-07-03,BRAP4,BRAP4,22.29,22.37,22.06,22.2,22.2,6857800,22.29,22.37,22.06,22.2,1.0,22.37,22.06,0,6857800,16765,152329751.0,1,02,010,BRBRAPACNPR2,146,PN      N1,BRADESPAR
2023-07-04,BRAP4,BRAP4,22.19,22.27,22.08,22.11,22.11,1954000,22.19,22.27,22.08,22.11,1.0,22.27,22.08,0,1954000,6952,43329676.0,1,02,010,BRBRAPACNPR2,146,PN      N1,BRADESPAR
2023-07-05,BRAP4,BRAP4,22.03,22.18,21.85,22.06,22.06,4817000,22.03,22.18,21.85,22.06,1.0,22.18,21.85,0,4817000,18719,105984959.0,1,02,010,BRBRAPACNPR2,146,PN      N1,BRADESPAR
2023-07-06,BRAP4,BRAP4,21.95,22.15,21.86,21.95,21.95,3636000,21.95,22.15,21.86,21.95,1.0,22.15,21.86,0,3636000,11011,79909372.0,1,02,010,BRBRAPACNPR2,146,PN      N1,BRADESPAR
2023-07-07,BRAP4,BRAP4,21.94,22.29,21.85,22.14,22.14,5519800,21.94,22.29,21.85,22.14,1.0,22.29,21.85,0,5519800,16363,122001138.0,1,02,010,BRBRAPACNPR2,146,PN      N1,BRADESPAR
2023-07-10,BRAP4,BRAP4,22.01,22.02,21.71,21.85,21.85,2345500,22.01,22.02,21.71,21.85,1.0,22.02,21.71,0,2345500,6894,51287773.0,1,02,010,BRBRAPACNPR2,146,PN      N1,BRADESPAR
2023-07-11,BRAP4,BRAP4,21.92,22.34,21.84,22.31,22.31,6346000,21.92,22.34,21.84,22.31,1.0,22.34,21.84,0,6346000,11311,139972593.0,1,02,010,BRBRAPACNPR2,146,PN      N1,BRADESPAR
2023-07-12,BRAP4,BRAP4,22.61,22.81,22.42,22.42,22.42,3117500,22.61,22.81,22.42,22.42,1.0,22.81,22.42,0,3117500,6907,70308160.0,1,02,010,BRBRAPACNPR2,146,PN      N1,BRADESPAR
2023-07-13,BRAP4,BRAP4,22.68,23.08,22.66,22.82,22.82,2756000,22.68,23.08,22.66,22.82,1.0,23.08,22.66,0,2756000,6855,63137732.0,1,02,010,BRBRAPACNPR2,146,PN      N1,BRADESPAR
2023-07-14,BRAP4,BRAP4,23.06,23.09,22.7,22.83,22.83,2384900,23.06,23.09,22.7,22.83,1.0,23.09,22.7,0,2384900,6484,54591367.0,1,02,010,BRBRAPACNPR2,146,PN      N1,BRADESPAR
2023-07-17,BRAP4,BRAP4,22.78,22.78,22.31,22.63,22.63,1749000,22.78,22.78,22.31,22.63,1.0,22.78,22.31,0,1749000,5390,39456804.0,1,02,010,BRBRAPACNPR2,146,PN      N1,BRADESPAR
2023-07-18,BRAP4,BRAP4,22.71,22.76,22.42,22.74,22.74,2014800,22.71,22.76,22.42,22.74,1.0,22.76,22.42,0,2014800,4670,45599261.0,1,02,010,BRBRAPACNPR2,146,PN      N1,BRADESPAR
2023-07-19,BRAP4,BRAP4,22.73,22.73,22.32,22.5,22.5,2451200,22.73,22.73,22.32,22.5,1.0,22.73,22.32,0,2451200,5865,55137184.0,1,02,010,BRBRAPACNPR2,146,PN      N1,BRADESPAR
2023-07-20,BRAP4,BRAP4,22.75,22.91,22.51,22.59,22.59,1960000,22.75,22.91,22.51,22.59,1.0,22.91,22.51,0,1960000,4768,44423672.0,1,02,010,BRBRAPACNPR2,146,PN      N1,BRADESPAR
2023-07-21,BRAP4,BRAP4,22.61,22.76,22.47,22.76,22.76,1522900,22.61,22.76,22.47,22.76,1.0,22.76,22.47,0,1522900,5427,34511077.0,1,02,010,BRBRAPACNPR2,146,PN      N1,BRADESPAR
2023-07-24,BRAP4,BRAP4,22.69,23.41,22.6,23.29,23.29,3094900,22.69,23.41,22.6,23.29,1.0,23.41,22.6,0,3094900,5834,71597670.0,1,02,010,BRBRAPACNPR2,146,PN      N1,BRADESPAR
2023-07-25,BRAP4,BRAP4,23.76,24.28,23.76,24.17,24.17,5679000,23.76,24.28,23.76,24.17,1.0,24.28,23.76,0,5679000,11345,137093346.0,1,02,010,BRBRAPACNPR2,146,PN      N1,BRADESPAR
2023-07-26,BRAP4,BRAP4,24.02,24.27,23.83,24.11,24.11,2489700,24.02,24.27,23.83,24.11,1.0,24.27,23.83,0,2489700,5857,59899500.0,1,02,010,BRBRAPACNPR2,146,PN      N1,BRADESPAR
2023-07-27,BRAP4,BRAP4,24.01,24.1,23.57,23.78,23.78,1963700,24.01,24.1,23.57,23.78,1.0,24.1,23.57,0,1963700,5368,46715405.0,1,02,010,BRBRAPACNPR2,146,PN      N1,BRADESPAR
2023-07-28,BRAP4,BRAP4,23.7,23.88,22.98,23.06,23.06,3899200,23.7,23.88,22.98,23.06,1.0,23.88,22.98,0,3899200,8555,90777021.0,1,02,010,BRBRAPACNPR2,146,PN      N1,BRADESPAR
2023-07-31,BRAP4,BRAP4,23.17,23.57,23.11,23.49,23.49,3114500,23.17,23.57,23.11,23.49,1.0,23.57,23.11,0,3114500,6718,72956031.0,1,02,010,BRBRAPACNPR2,146,PN      N1,BRADESPAR
2023-08-01,BRAP4,BRAP4,23.37,23.49,23.15,23.4,23.4,2726000,23.37,23.49,23.15,23.4,1.0,23.49,23.15,0,2726000,5180,63734751.0,1,02,010,BRBRAPACNPR2,146,PN      N1,BRADESPAR
2023-08-02,BRAP4,BRAP4,23.2,23.2,22.91,23.1,23.1,2365800,23.2,23.2,22.91,23.1,1.0,23.2,22.91,0,2365800,5705,54492070.0,1,02,010,BRBRAPACNPR2,146,PN      N1,BRADESPAR
2023-08-03,BRAP4,BRAP4,23.05,23.33,22.96,23.17,23.17,1710900,23.05,23.33,22.96,23.17,1.0,23.33,22.96,0,1710900,4306,39628662.0,1,02,010,BRBRAPACNPR2,146,PN      N1,BRADESPAR
2023-08-04,BRAP4,BRAP4,23.08,23.59,23.08,23.26,23.26,2222900,23.08,23.59,23.08,23.26,1.0,23.59,23.08,0,2222900,5897,51962431.0,1,02,010,BRBRAPACNPR2,146,PN      N1,BRADESPAR
2023-08-07,BRAP4,BRAP4,23.2,23.36,22.96,23.32,23.32,1715900,23.2,23.36,22.96,23.32,1.0,23.36,22.96,0,1715900,3918,39863778.0,1,02,010,BRBRAPACNPR2,146,PN      N1,BRADESPAR
2023-08-08,BRAP4,BRAP4,23.0,23.29,22.82,23.06,23.06,2849100,23.0,23.29,22.82,23.06,1.0,23.29,22.82,0,2849100,9633,65548061.0,1,02,010,BRBRAPACNPR2,146,PN      N1,BRADESPAR
2023-08-09,BRAP4,BRAP4,22.83,23.18,22.73,22.93,22.93,2793200,22.83,23.18,22.73,22.93,1.0,23.18,22.73,0,2793200,7327,64056677.0,1,02,010,BRBRAPACNPR2,146,PN      N1,BRADESPAR
2023-08-10,BRAP4,BRAP4,23.01,23.02,22.65,22.78,22.78,2473400,23.01,23.02,22.65,22.78,1.0,23.02,22.65,0,2473400,5584,56329634.0,1,02,010,BRBRAPACNPR2,146,PN      N1,BRADESPAR
2023-08-11,BRAP4,BRAP4,22.83,22.94,22.52,22.72,22.72,3204200,22.83,22.94,22.52,22.72,1.0,22.94,22.52,0,3204200,6504,72671250.0,1,02,010,BRBRAPACNPR2,146,PN      N1,BRADESPAR
2023-08-14,BRAP4,BRAP4,22.54,22.58,21.77,21.89,21.89,4511300,22.54,22.58,21.77,21.89,1.0,22.58,21.77,0,4511300,11869,99416527.0,1,02,010,BRBRAPACNPR2,146,PN      N1,BRADESPAR
2023-08-15,BRAP4,BRAP4,22.06,22.08,21.41,21.41,21.41,3191700,22.06,22.08,21.41,21.41,1.0,22.08,21.41,0,3191700,8919,68904962.0,1,02,010,BRBRAPACNPR2,146,PN      N1,BRADESPAR
2023-08-16,BRAP4,BRAP4,21.43,21.62,21.18,21.21,21.21,5480600,21.43,21.62,21.18,21.21,1.0,21.62,21.18,0,5480600,11061,117041346.0,1,02,010,BRBRAPACNPR2,146,PN      N1,BRADESPAR
2023-08-17,BRAP4,BRAP4,21.71,21.77,21.48,21.51,21.51,3084700,21.71,21.77,21.48,21.51,1.0,21.77,21.48,0,3084700,8819,66737815.0,1,02,010,BRBRAPACNPR2,146,PN      N1,BRADESPAR
2023-08-18,BRAP4,BRAP4,21.38,21.63,21.3,21.31,21.31,1682000,21.38,21.63,21.3,21.31,1.0,21.63,21.3,0,1682000,4799,36017234.0,1,02,010,BRBRAPACNPR2,146,PN      N1,BRADESPAR
2023-08-21,BRAP4,BRAP4,21.32,21.45,21.24,21.33,21.33,1904800,21.32,21.45,21.24,21.33,1.0,21.45,21.24,0,1904800,5185,40636526.0,1,02,010,BRBRAPACNPR2,146,PN      N1,BRADESPAR
2023-08-22,BRAP4,BRAP4,21.56,21.82,21.43,21.72,21.72,5842700,21.56,21.82,21.43,21.72,1.0,21.82,21.43,0,5842700,8808,126065039.0,1,02,010,BRBRAPACNPR2,146,PN      N1,BRADESPAR
2023-08-23,BRAP4,BRAP4,21.9,22.0,21.8,22.0,22.0,2364100,21.9,22.0,21.8,22.0,1.0,22.0,21.8,0,2364100,6618,51824844.0,1,02,010,BRBRAPACNPR2,146,PN      N1,BRADESPAR
2023-08-24,BRAP4,BRAP4,21.85,21.89,21.54,21.57,21.57,1529600,21.85,21.89,21.54,21.57,1.0,21.89,21.54,0,1529600,4008,33074384.0,1,02,010,BRBRAPACNPR2,146,PN      N1,BRADESPAR
2023-08-25,BRAP4,BRAP4,21.6,21.67,21.4,21.51,21.51,1291500,21.6,21.67,21.4,21.51,1.0,21.67,21.4,0,1291500,3811,27790139.0,1,02,010,BRBRAPACNPR2,146,PN      N1,BRADESPAR
2023-08-28,BRAP4,BRAP4,21.52,21.94,21.52,21.8,21.8,1332900,21.52,21.94,21.52,21.8,1.0,21.94,21.52,0,1332900,4231,29089238.0,1,02,010,BRBRAPACNPR2,146,PN      N1,BRADESPAR
2023-08-29,BRAP4,BRAP4,21.94,22.52,21.81,22.47,22.47,2263000,21.94,22.52,21.81,22.47,1.0,22.52,21.81,0,2263000,7018,50413716.0,1,02,010,BRBRAPACNPR2,146,PN      N1,BRADESPAR
2023-08-30,BRAP4,BRAP4,22.55,22.79,22.42,22.55,22.55,2003600,22.55,22.79,22.42,22.55,1.0,22.79,22.42,0,2003600,5510,45192569.0,1,02,010,BRBRAPACNPR2,146,PN      N1,BRADESPAR
2023-08-31,BRAP4,BRAP4,22.78,22.81,22.43,22.5,22.5,2494600,22.78,22.81,22.43,22.5,1.0,22.81,22.43,0,2494600,7306,56321411.0,1,02,010,BRBRAPACNPR2,146,PN      N1,BRADESPAR
2023-09-01,BRAP4,BRAP4,22.94,23.68,22.92,23.63,23.63,4496900,22.94,23.68,22.92,23.63,1.0,23.68,22.92,0,4496900,10388,105218516.0,1,02,010,BRBRAPACNPR2,146,PN      N1,BRADESPAR
2023-09-04,BRAP4,BRAP4,23.7,24.05,23.6,23.95,23.95,2861100,23.7,24.05,23.6,23.95,1.0,24.05,23.6,0,2861100,6040,68423889.0,1,02,010,BRBRAPACNPR2,146,PN      N1,BRADESPAR
2023-09-05,BRAP4,BRAP4,23.89,23.9,23.47,23.65,23.65,5325500,23.89,23.9,23.47,23.65,1.0,23.9,23.47,0,5325500,14303,125873385.0,1,02,010,BRBRAPACNPR2,146,PN      N1,BRADESPAR
2023-09-06,BRAP4,BRAP4,23.65,23.67,23.21,23.38,23.38,2020400,23.65,23.67,23.21,23.38,1.0,23.67,23.21,0,2020400,5289,47232240.0,1,02,010,BRBRAPACNPR2,146,PN      N1,BRADESPAR
2023-09-08,BRAP4,BRAP4,22.99,22.99,22.67,22.86,22.86,2618100,22.99,22.99,22.67,22.86,1.0,22.99,22.67,0,2618100,5811,59829658.0,1,02,010,BRBRAPACNPR2,146,PN      N1,BRADESPAR
2023-09-11,BRAP4,BRAP4,22.9,22.96,22.31,22.56,22.56,11057100,22.9,22.96,22.31,22.56,1.0,22.96,22.31,0,11057100,15172,249329160.0,1,02,010,BRBRAPACNPR2,146,PN      N1,BRADESPAR
2023-09-12,BRAP4,BRAP4,22.58,22.76,22.46,22.6,22.6,3353800,22.58,22.76,22.46,22.6,1.0,22.76,22.46,0,3353800,6301,75854329.0,1,02,010,BRBRAPACNPR2,146,PN      N1,BRADESPAR
2023-09-13,BRAP4,BRAP4,22.56,22.69,22.41,22.45,22.45,2092400,22.56,22.69,22.41,22.45,1.0,22.69,22.41,0,2092400,7794,47217594.0,1,02,010,BRBRAPACNPR2,146,PN      N1,BRADESPAR
2023-09-14,BRAP4,BRAP4,23.08,23.88,23.07,23.61,23.61,5795900,23.08,23.88,23.07,23.61,1.0,23.88,23.07,0,5795900,13144,136868419.0,1,02,010,BRBRAPACNPR2,146,PN      N1,BRADESPAR
2023-09-15,BRAP4,BRAP4,23.81,23.97,23.54,23.81,23.81,3044000,23.81,23.97,23.54,23.81,1.0,23.97,23.54,0,3044000,6532,72298730.0,1,02,010,BRBRAPACNPR2,146,PN      N1,BRADESPAR
2023-09-18,BRAP4,BRAP4,23.67,23.75,23.05,23.16,23.16,2139000,23.67,23.75,23.05,23.16,1.0,23.75,23.05,0,2139000,5416,49695301.0,1,02,010,BRBRAPACNPR2,146,PN      N1,BRADESPAR
2023-09-19,BRAP4,BRAP4,23.19,23.38,23.06,23.1,23.1,2401600,23.19,23.38,23.06,23.1,1.0,23.38,23.06,0,2401600,4625,55602829.0,1,02,010,BRBRAPACNPR2,146,PN      N1,BRADESPAR
2023-09-20,BRAP4,BRAP4,23.25,23.61,23.2,23.38,23.38,2112400,23.25,23.61,23.2,23.38,1.0,23.61,23.2,0,2112400,7090,49587555.0,1,02,010,BRBRAPACNPR2,146,PN      N1,BRADESPAR
2023-09-21,BRAP4,BRAP4,23.06,23.08,22.53,22.68,22.68,2706500,23.06,23.08,22.53,22.68,1.0,23.08,22.53,0,2706500,8551,61457548.0,1,02,010,BRBRAPACNPR2,146,PN      N1,BRADESPAR
2023-09-22,BRAP4,BRAP4,22.95,22.99,22.65,22.72,22.72,1611200,22.95,22.99,22.65,22.72,1.0,22.99,22.65,0,1611200,5507,36702537.0,1,02,010,BRBRAPACNPR2,146,PN      N1,BRADESPAR
2023-09-25,BRAP4,BRAP4,22.48,22.48,22.03,22.25,22.25,3114000,22.48,22.48,22.03,22.25,1.0,22.48,22.03,0,3114000,6641,69376354.0,1,02,010,BRBRAPACNPR2,146,PN      N1,BRADESPAR
2023-09-26,BRAP4,BRAP4,22.04,22.29,21.95,22.02,22.02,2500400,22.04,22.29,21.95,22.02,1.0,22.29,21.95,0,2500400,8355,55241594.0,1,02,010,BRBRAPACNPR2,146,PN      N1,BRADESPAR
2023-09-27,BRAP4,BRAP4,22.16,22.23,21.81,21.91,21.91,1797400,22.16,22.23,21.81,21.91,1.0,22.23,21.81,0,1797400,5945,39475795.0,1,02,010,BRBRAPACNPR2,146,PN      N1,BRADESPAR
2023-09-28,BRAP4,BRAP4,21.99,22.48,21.91,22.33,22.33,1269800,21.99,22.48,21.91,22.33,1.0,22.48,21.91,0,1269800,4621,28290855.0,1,02,010,BRBRAPACNPR2,146,PN      N1,BRADESPAR
2023-09-29,BRAP4,BRAP4,22.6,22.88,22.48,22.72,22.72,3690800,22.6,22.88,22.48,22.72,1.0,22.88,22.48,0,3690800,8348,83913059.0,1,02,010,BRBRAPACNPR2,146,PN      N1,BRADESPAR
2023-10-02,BRAP4,BRAP4,22.7,22.78,22.38,22.46,22.46,1031700,22.7,22.78,22.38,22.46,1.0,22.78,22.38,0,1031700,3552,23215020.0,1,02,010,BRBRAPACNPR2,146,PN      N1,BRADESPAR
2023-10-03,BRAP4,BRAP4,22.24,22.42,22.18,22.23,22.23,1590500,22.24,22.42,22.18,22.23,1.0,22.42,22.18,0,1590500,6244,35425500.0,1,02,010,BRBRAPACNPR2,146,PN      N1,BRADESPAR
2023-10-04,BRAP4,BRAP4,22.31,22.32,21.78,21.8,21.8,1697100,22.31,22.32,21.78,21.8,1.0,22.32,21.78,0,1697100,6318,37219171.0,1,02,010,BRBRAPACNPR2,146,PN      N1,BRADESPAR
2023-10-05,BRAP4,BRAP4,21.84,22.08,21.77,21.87,21.87,1726700,21.84,22.08,21.77,21.87,1.0,22.08,21.77,0,1726700,4150,37794823.0,1,02,010,BRBRAPACNPR2,146,PN      N1,BRADESPAR
2023-10-06,BRAP4,BRAP4,21.76,22.26,21.71,21.99,21.99,2694500,21.76,22.26,21.71,21.99,1.0,22.26,21.71,0,2694500,9540,59494772.0,1,02,010,BRBRAPACNPR2,146,PN      N1,BRADESPAR
2023-10-09,BRAP4,BRAP4,21.8,22.04,21.72,22.01,22.01,1947300,21.8,22.04,21.72,22.01,1.0,22.04,21.72,0,1947300,5844,42623957.0,1,02,010,BRBRAPACNPR2,146,PN      N1,BRADESPAR
2023-10-10,BRAP4,BRAP4,22.11,22.28,22.05,22.05,22.05,1474500,22.11,22.28,22.05,22.05,1.0,22.28,22.05,0,1474500,5213,32660302.0,1,02,010,BRBRAPACNPR2,146,PN      N1,BRADESPAR
2023-10-11,BRAP4,BRAP4,22.12,22.31,22.03,22.31,22.31,1857000,22.12,22.31,22.03,22.31,1.0,22.31,22.03,0,1857000,4966,41219646.0,1,02,010,BRBRAPACNPR2,146,PN      N1,BRADESPAR
2023-10-13,BRAP4,BRAP4,22.25,22.25,21.8,21.82,21.82,2991600,22.25,22.25,21.8,21.82,1.0,22.25,21.8,0,2991600,8937,65596274.0,1,02,010,BRBRAPACNPR2,146,PN      N1,BRADESPAR
2023-10-16,BRAP4,BRAP4,22.03,22.39,22.03,22.07,22.07,2068700,22.03,22.39,22.03,22.07,1.0,22.39,22.03,0,2068700,4885,45957719.0,1,02,010,BRBRAPACNPR2,146,PN      N1,BRADESPAR
2023-10-17,BRAP4,BRAP4,22.13,22.22,21.73,22.13,22.13,2705000,22.13,22.22,21.73,22.13,1.0,22.22,21.73,0,2705000,7584,59625526.0,1,02,010,BRBRAPACNPR2,146,PN      N1,BRADESPAR
2023-10-18,BRAP4,BRAP4,21.98,21.98,21.5,21.58,21.58,2101300,21.98,21.98,21.5,21.58,1.0,21.98,21.5,0,2101300,8071,45514083.0,1,02,010,BRBRAPACNPR2,146,PN      N1,BRADESPAR
2023-10-19,BRAP4,BRAP4,21.58,21.63,21.27,21.27,21.27,2986800,21.58,21.63,21.27,21.27,1.0,21.63,21.27,0,2986800,5584,63941117.0,1,02,010,BRBRAPACNPR2,146,PN      N1,BRADESPAR
2023-10-20,BRAP4,BRAP4,21.07,21.07,20.45,20.65,20.65,4230400,21.07,21.07,20.45,20.65,1.0,21.07,20.45,0,4230400,8411,87280208.0,1,02,010,BRBRAPACNPR2,146,PN      N1,BRADESPAR
2023-10-23,BRAP4,BRAP4,20.53,20.87,20.46,20.69,20.69,1818100,20.53,20.87,20.46,20.69,1.0,20.87,20.46,0,1818100,6602,37692753.0,1,02,010,BRBRAPACNPR2,146,PN      N1,BRADESPAR
2023-10-24,BRAP4,BRAP4,21.09,21.31,20.89,21.17,21.17,2700200,21.09,21.31,20.89,21.17,1.0,21.31,20.89,0,2700200,7339,56992722.0,1,02,010,BRBRAPACNPR2,146,PN      N1,BRADESPAR
2023-10-25,BRAP4,BRAP4,21.37,21.49,20.82,20.92,20.92,2902900,21.37,21.49,20.82,20.92,1.0,21.49,20.82,0,2902900,7872,61199128.0,1,02,010,BRBRAPACNPR2,146,PN      N1,BRADESPAR
2023-10-26,BRAP4,BRAP4,20.92,21.63,20.84,21.41,21.41,2600400,20.92,21.63,20.84,21.41,1.0,21.63,20.84,0,2600400,6895,55431136.0,1,02,010,BRBRAPACNPR2,146,PN      N1,BRADESPAR
2023-10-27,BRAP4,BRAP4,21.5,22.05,21.42,21.89,21.89,3210000,21.5,22.05,21.42,21.89,1.0,22.05,21.42,0,3210000,7327,70245298.0,1,02,010,BRBRAPACNPR2,146,PN      N1,BRADESPAR
2023-10-30,BRAP4,BRAP4,22.13,22.51,22.11,22.18,22.18,3068700,22.13,22.51,22.11,22.18,1.0,22.51,22.11,0,3068700,6525,68418652.0,1,02,010,BRBRAPACNPR2,146,PN      N1,BRADESPAR
2023-10-31,BRAP4,BRAP4,22.15,22.62,22.05,22.34,22.34,1659700,22.15,22.62,22.05,22.34,1.0,22.62,22.05,0,1659700,3032,37186616.0,1,02,010,BRBRAPACNPR2,146,PN      N1,BRADESPAR
2023-11-01,BRAP4,BRAP4,22.9,23.53,22.8,23.51,23.51,10690000,22.9,23.53,22.8,23.51,1.0,23.53,22.8,0,10690000,40087,248734358.0,1,02,010,BRBRAPACNPR2,146,PN      N1,BRADESPAR
2023-11-03,BRAP4,BRAP4,23.93,24.28,23.81,24.1,24.1,7807100,23.93,24.28,23.81,24.1,1.0,24.28,23.81,0,7807100,40104,188090151.0,1,02,010,BRBRAPACNPR2,146,PN      N1,BRADESPAR
2023-11-06,BRAP4,BRAP4,24.2,24.5,24.01,24.32,24.32,7840400,24.2,24.5,24.01,24.32,1.0,24.5,24.01,0,7840400,38287,190782943.0,1,02,010,BRBRAPACNPR2,146,PN      N1,BRADESPAR
2023-11-07,BRAP4,BRAP4,24.21,24.32,24.02,24.21,24.21,9146200,24.21,24.32,24.02,24.21,1.0,24.32,24.02,0,9146200,22510,221201277.0,1,02,010,BRBRAPACNPR2,146,PN      N1,BRADESPAR
2023-11-08,BRAP4,BRAP4,24.3,24.51,24.08,24.1,24.1,3102400,24.3,24.51,24.08,24.1,1.0,24.51,24.08,0,3102400,9609,75077171.0,1,02,010,BRBRAPACNPR2,146,PN      N1,BRADESPAR
2023-11-09,BRAP4,BRAP4,24.3,24.34,24.0,24.14,24.14,4183300,24.3,24.34,24.0,24.14,1.0,24.34,24.0,0,4183300,14191,101155641.0,1,02,010,BRBRAPACNPR2,146,PN      N1,BRADESPAR
2023-11-10,BRAP4,BRAP4,24.29,24.72,24.23,24.59,24.59,4953300,24.29,24.72,24.23,24.59,1.0,24.72,24.23,0,4953300,12174,121419927.0,1,02,010,BRBRAPACNPR2,146,PN      N1,BRADESPAR
2023-11-13,BRAP4,BRAP4,24.61,24.82,24.33,24.5,24.5,3450700,24.61,24.82,24.33,24.5,1.0,24.82,24.33,0,3450700,12251,84547506.0,1,02,010,BRBRAPACNPR2,146,PN      N1,BRADESPAR
2023-11-14,BRAP4,BRAP4,24.71,25.59,24.68,25.37,25.37,10034600,24.71,25.59,24.68,25.37,1.0,25.59,24.68,0,10034600,16016,253264081.0,1,02,010,BRBRAPACNPR2,146,PN      N1,BRADESPAR
2023-11-16,BRAP4,BRAP4,25.28,25.73,25.01,25.62,25.62,4674100,25.28,25.73,25.01,25.62,1.0,25.73,25.01,0,4674100,12354,118361856.0,1,02,010,BRBRAPACNPR2,146,PN      N1,BRADESPAR
2023-11-17,BRAP4,BRAP4,25.62,25.74,25.43,25.65,25.65,4855600,25.62,25.74,25.43,25.65,1.0,25.74,25.43,0,4855600,10633,124442260.0,1,02,010,BRBRAPACNPR2,146,PN      N1,BRADESPAR
2023-11-20,BRAP4,BRAP4,25.84,26.47,25.84,26.3,26.3,4958900,25.84,26.47,25.84,26.3,1.0,26.47,25.84,0,4958900,11760,130282826.0,1,02,010,BRBRAPACNPR2,146,PN      N1,BRADESPAR
2023-11-21,BRAP4,BRAP4,26.6,27.15,26.54,26.96,26.96,6829100,26.6,27.15,26.54,26.96,1.0,27.15,26.54,0,6829100,14353,183893723.0,1,02,010,BRBRAPACNPR2,146,PN      N1,BRADESPAR
2023-11-22,BRAP4,BRAP4,24.97,25.21,24.7,24.77,24.77,7231500,24.97,25.21,24.7,24.77,1.0,25.21,24.7,0,7231500,14239,180276691.0,1,02,010,BRBRAPACNPR2,147,PN  EDJ N1,BRADESPAR
2023-11-23,BRAP4,BRAP4,24.7,24.77,24.42,24.48,24.48,2174500,24.7,24.77,24.42,24.48,1.0,24.77,24.42,0,2174500,4959,53408075.0,1,02,010,BRBRAPACNPR2,147,PN  EDJ N1,BRADESPAR
2023-11-24,BRAP4,BRAP4,24.48,24.58,24.26,24.3,24.3,1956000,24.48,24.58,24.26,24.3,1.0,24.58,24.26,0,1956000,5248,47737675.0,1,02,010,BRBRAPACNPR2,147,PN  EDJ N1,BRADESPAR
2023-11-27,BRAP4,BRAP4,24.28,24.6,24.22,24.41,24.41,6310400,24.28,24.6,24.22,24.41,1.0,24.6,24.22,0,6310400,10352,154292129.0,1,02,010,BRBRAPACNPR2,147,PN  EDJ N1,BRADESPAR
2023-11-28,BRAP4,BRAP4,24.16,24.53,23.95,24.44,24.44,4439100,24.16,24.53,23.95,24.44,1.0,24.53,23.95,0,4439100,9577,107819406.0,1,02,010,BRBRAPACNPR2,147,PN  EDJ N1,BRADESPAR
2023-11-29,BRAP4,BRAP4,24.6,24.68,24.13,24.14,24.14,4270300,24.6,24.68,24.13,24.14,1.0,24.68,24.13,0,4270300,7485,103749463.0,1,02,010,BRBRAPACNPR2,147,PN  EDJ N1,BRADESPAR
2023-11-30,BRAP4,BRAP4,24.31,24.68,24.31,24.4,24.4,6783700,24.31,24.68,24.31,24.4,1.0,24.68,24.31,0,6783700,11983,166235545.0,1,02,010,BRBRAPACNPR2,147,PN  EDJ N1,BRADESPAR
2023-12-01,BRAP4,BRAP4,24.64,24.96,24.59,24.72,24.72,3586600,24.64,24.96,24.59,24.72,1.0,24.96,24.59,0,3586600,9925,89090406.0,1,02,010,BRBRAPACNPR2,147,PN  EDJ N1,BRADESPAR
2023-12-04,BRAP4,BRAP4,24.52,24.64,24.35,24.49,24.49,2998400,24.52,24.64,24.35,24.49,1.0,24.64,24.35,0,2998400,8986,73295270.0,1,02,010,BRBRAPACNPR2,147,PN      N1,BRADESPAR
2023-12-05,BRAP4,BRAP4,24.4,24.47,24.21,24.4,24.4,2685700,24.4,24.47,24.21,24.4,1.0,24.47,24.21,0,2685700,7988,65375668.0,1,02,010,BRBRAPACNPR2,147,PN      N1,BRADESPAR
2023-12-06,BRAP4,BRAP4,24.54,24.7,24.12,24.19,24.19,2781900,24.54,24.7,24.12,24.19,1.0,24.7,24.12,0,2781900,8073,67892351.0,1,02,010,BRBRAPACNPR2,147,PN      N1,BRADESPAR
2023-12-07,BRAP4,BRAP4,24.35,24.43,24.12,24.17,24.17,1216700,24.35,24.43,24.12,24.17,1.0,24.43,24.12,0,1216700,3944,29499895.0,1,02,010,BRBRAPACNPR2,147,PN      N1,BRADESPAR
2023-12-08,BRAP4,BRAP4,24.31,24.4,24.07,24.29,24.29,1476800,24.31,24.4,24.07,24.29,1.0,24.4,24.07,0,1476800,4393,35846450.0,1,02,010,BRBRAPACNPR2,147,PN      N1,BRADESPAR
2023-12-11,BRAP4,BRAP4,24.24,24.33,24.0,24.31,24.31,1056000,24.24,24.33,24.0,24.31,1.0,24.33,24.0,0,1056000,3281,25589556.0,1,02,010,BRBRAPACNPR2,147,PN      N1,BRADESPAR
2023-12-12,BRAP4,BRAP4,24.49,24.5,24.13,24.25,24.25,1422600,24.49,24.5,24.13,24.25,1.0,24.5,24.13,0,1422600,3425,34508050.0,1,02,010,BRBRAPACNPR2,147,PN      N1,BRADESPAR
2023-12-13,BRAP4,BRAP4,24.18,24.49,24.07,24.37,24.37,2897500,24.18,24.49,24.07,24.37,1.0,24.49,24.07,0,2897500,7162,70321078.0,1,02,010,BRBRAPACNPR2,147,PN      N1,BRADESPAR
2023-12-14,BRAP4,BRAP4,24.6,24.72,24.45,24.51,24.51,3726000,24.6,24.72,24.45,24.51,1.0,24.72,24.45,0,3726000,10389,91545185.0,1,02,010,BRBRAPACNPR2,147,PN      N1,BRADESPAR
2023-12-15,BRAP4,BRAP4,24.6,24.72,24.33,24.41,24.41,3685100,24.6,24.72,24.33,24.41,1.0,24.72,24.33,0,3685100,6790,90066679.0,1,02,010,BRBRAPACNPR2,147,PN      N1,BRADESPAR
2023-12-18,BRAP4,BRAP4,24.5,24.74,24.31,24.6,24.6,6731700,24.5,24.74,24.31,24.6,1.0,24.74,24.31,0,6731700,9297,165394233.0,1,02,010,BRBRAPACNPR2,147,PN      N1,BRADESPAR
2023-12-19,BRAP4,BRAP4,24.69,24.96,24.48,24.96,24.96,3255600,24.69,24.96,24.48,24.96,1.0,24.96,24.48,0,3255600,9494,80787181.0,1,02,010,BRBRAPACNPR2,147,PN      N1,BRADESPAR
2023-12-20,BRAP4,BRAP4,24.98,25.07,24.77,24.85,24.85,2714400,24.98,25.07,24.77,24.85,1.0,25.07,24.77,0,2714400,6554,67530670.0,1,02,010,BRBRAPACNPR2,147,PN      N1,BRADESPAR
2023-12-21,BRAP4,BRAP4,25.09,25.53,24.84,25.43,25.43,3190400,25.09,25.53,24.84,25.43,1.0,25.53,24.84,0,3190400,7190,80886164.0,1,02,010,BRBRAPACNPR2,147,PN      N1,BRADESPAR
2023-12-22,BRAP4,BRAP4,25.5,25.81,25.3,25.43,25.43,2425400,25.5,25.81,25.3,25.43,1.0,25.81,25.3,0,2425400,6547,61809903.0,1,02,010,BRBRAPACNPR2,147,PN      N1,BRADESPAR
2023-12-26,BRAP4,BRAP4,25.65,25.67,25.41,25.5,25.5,1500600,25.65,25.67,25.41,25.5,1.0,25.67,25.41,0,1500600,3631,38345193.0,1,02,010,BRBRAPACNPR2,147,PN      N1,BRADESPAR
2023-12-27,BRAP4,BRAP4,25.5,25.65,25.42,25.62,25.62,1811900,25.5,25.65,25.42,25.62,1.0,25.65,25.42,0,1811900,3088,46352200.0,1,02,010,BRBRAPACNPR2,147,PN      N1,BRADESPAR
2023-12-28,BRAP4,BRAP4,25.59,25.66,25.44,25.66,25.66,1056800,25.59,25.66,25.44,25.66,1.0,25.66,25.44,0,1056800,2823,27047789.0,1,02,010,BRBRAPACNPR2,147,PN      N1,BRADESPAR
2024-01-02,BRAP4,BRAP4,25.71,25.84,25.31,25.41,25.41,3148900,25.71,25.84,25.31,25.41,1.0,25.84,25.31,0,3148900,8865,80593468.0,1,02,010,BRBRAPACNPR2,147,PN      N1,BRADESPAR
2024-01-03,BRAP4,BRAP4,25.4,25.57,25.17,25.44,25.44,2057100,25.4,25.57,25.17,25.44,1.0,25.57,25.17,0,2057100,5442,52289084.0,1,02,010,BRBRAPACNPR2,147,PN      N1,BRADESPAR
2024-01-04,BRAP4,BRAP4,25.45,25.45,25.09,25.2,25.2,1505900,25.45,25.45,25.09,25.2,1.0,25.45,25.09,0,1505900,4671,37954913.0,1,02,010,BRBRAPACNPR2,147,PN      N1,BRADESPAR
2024-01-05,BRAP4,BRAP4,25.04,25.04,24.66,24.88,24.88,2183700,25.04,25.04,24.66,24.88,1.0,25.04,24.66,0,2183700,6257,54306418.0,1,02,010,BRBRAPACNPR2,147,PN      N1,BRADESPAR
2024-01-08,BRAP4,BRAP4,24.76,24.78,24.54,24.76,24.76,1993300,24.76,24.78,24.54,24.76,1.0,24.78,24.54,0,1993300,5439,49149668.0,1,02,010,BRBRAPACNPR2,147,PN      N1,BRADESPAR
2024-01-09,BRAP4,BRAP4,24.54,24.62,24.31,24.43,24.43,2504000,24.54,24.62,24.31,24.43,1.0,24.62,24.31,0,2504000,4827,61262458.0,1,02,010,BRBRAPACNPR2,147,PN      N1,BRADESPAR
2024-01-10,BRAP4,BRAP4,24.34,24.34,23.85,24.05,24.05,2292200,24.34,24.34,23.85,24.05,1.0,24.34,23.85,0,2292200,6677,55057126.0,1,02,010,BRBRAPACNPR2,147,PN      N1,BRADESPAR
2024-01-11,BRAP4,BRAP4,24.06,24.23,23.9,24.08,24.08,2102000,24.06,24.23,23.9,24.08,1.0,24.23,23.9,0,2102000,7451,50655200.0,1,02,010,BRBRAPACNPR2,147,PN      N1,BRADESPAR
2024-01-12,BRAP4,BRAP4,24.05,24.17,23.86,23.96,23.96,1920200,24.05,24.17,23.86,23.96,1.0,24.17,23.86,0,1920200,5743,46004567.0,1,02,010,BRBRAPACNPR2,147,PN      N1,BRADESPAR
2024-01-15,BRAP4,BRAP4,23.8,23.86,23.5,23.86,23.86,1468400,23.8,23.86,23.5,23.86,1.0,23.86,23.5,0,1468400,4941,34789077.0,1,02,010,BRBRAPACNPR2,147,PN      N1,BRADESPAR
2024-01-16,BRAP4,BRAP4,23.86,23.93,23.41,23.59,23.59,2171000,23.86,23.93,23.41,23.59,1.0,23.93,23.41,0,2171000,7833,51140326.0,1,02,010,BRBRAPACNPR2,147,PN      N1,BRADESPAR
2024-01-17,BRAP4,BRAP4,23.45,23.58,22.97,23.12,23.12,4700200,23.45,23.58,22.97,23.12,1.0,23.58,22.97,0,4700200,14605,109056130.0,1,02,010,BRBRAPACNPR2,147,PN      N1,BRADESPAR
2024-01-18,BRAP4,BRAP4,23.3,23.44,23.08,23.09,23.09,2397700,23.3,23.44,23.08,23.09,1.0,23.44,23.08,0,2397700,6565,55626216.0,1,02,010,BRBRAPACNPR2,147,PN      N1,BRADESPAR
2024-01-19,BRAP4,BRAP4,23.23,23.23,22.72,22.78,22.78,2702000,23.23,23.23,22.72,22.78,1.0,23.23,22.72,0,2702000,6973,61655199.0,1,02,010,BRBRAPACNPR2,147,PN      N1,BRADESPAR
2024-01-22,BRAP4,BRAP4,22.64,22.69,22.4,22.58,22.58,2736700,22.64,22.69,22.4,22.58,1.0,22.69,22.4,0,2736700,9311,61759015.0,1,02,010,BRBRAPACNPR2,147,PN      N1,BRADESPAR
2024-01-23,BRAP4,BRAP4,22.81,23.19,22.8,23.14,23.14,4066000,22.81,23.19,22.8,23.14,1.0,23.19,22.8,0,4066000,10546,93536425.0,1,02,010,BRBRAPACNPR2,147,PN      N1,BRADESPAR
2024-01-24,BRAP4,BRAP4,23.4,23.62,23.27,23.38,23.38,3362900,23.4,23.62,23.27,23.38,1.0,23.62,23.27,0,3362900,8546,78880492.0,1,02,010,BRBRAPACNPR2,147,PN      N1,BRADESPAR
2024-01-25,BRAP4,BRAP4,23.49,23.54,22.72,23.05,23.05,4838700,23.49,23.54,22.72,23.05,1.0,23.54,22.72,0,4838700,10455,111332649.0,1,02,010,BRBRAPACNPR2,147,PN      N1,BRADESPAR
2024-01-26,BRAP4,BRAP4,22.95,23.28,22.69,23.22,23.22,3009300,22.95,23.28,22.69,23.22,1.0,23.28,22.69,0,3009300,7064,69452042.0,1,02,010,BRBRAPACNPR2,147,PN      N1,BRADESPAR
2024-01-29,BRAP4,BRAP4,23.22,23.35,22.88,23.02,23.02,2056500,23.22,23.35,22.88,23.02,1.0,23.35,22.88,0,2056500,7572,47354603.0,1,02,010,BRBRAPACNPR2,147,PN      N1,BRADESPAR
2024-01-30,BRAP4,BRAP4,23.01,23.1,22.71,22.91,22.91,2639300,23.01,23.1,22.71,22.91,1.0,23.1,22.71,0,2639300,5948,60465262.0,1,02,010,BRBRAPACNPR2,147,PN      N1,BRADESPAR
2024-01-31,BRAP4,BRAP4,22.8,22.99,22.7,22.79,22.79,2310300,22.8,22.99,22.7,22.79,1.0,22.99,22.7,0,2310300,5354,52802278.0,1,02,010,BRBRAPACNPR2,147,PN      N1,BRADESPAR
2024-02-01,BRAP4,BRAP4,22.79,22.83,22.2,22.34,22.34,8838500,22.79,22.83,22.2,22.34,1.0,22.83,22.2,0,8838500,18010,197669568.0,1,02,010,BRBRAPACNPR2,147,PN      N1,BRADESPAR
2024-02-02,BRAP4,BRAP4,22.34,22.37,21.96,21.98,21.98,5256800,22.34,22.37,21.96,21.98,1.0,22.37,21.96,0,5256800,16611,116140975.0,1,02,010,BRBRAPACNPR2,147,PN      N1,BRADESPAR
2024-02-05,BRAP4,BRAP4,21.98,22.02,21.76,21.88,21.88,3271600,21.98,22.02,21.76,21.88,1.0,22.02,21.76,0,3271600,9333,71623100.0,1,02,010,BRBRAPACNPR2,147,PN      N1,BRADESPAR
2024-02-06,BRAP4,BRAP4,21.96,22.38,21.94,22.34,22.34,3854700,21.96,22.38,21.94,22.34,1.0,22.38,21.94,0,3854700,11549,85746269.0,1,02,010,BRBRAPACNPR2,147,PN      N1,BRADESPAR
2024-02-07,BRAP4,BRAP4,22.34,22.57,22.28,22.41,22.41,3405300,22.34,22.57,22.28,22.41,1.0,22.57,22.28,0,3405300,8061,76434866.0,1,02,010,BRBRAPACNPR2,147,PN      N1,BRADESPAR
2024-02-08,BRAP4,BRAP4,22.51,22.61,22.09,22.16,22.16,3151700,22.51,22.61,22.09,22.16,1.0,22.61,22.09,0,3151700,8265,70129277.0,1,02,010,BRBRAPACNPR2,147,PN      N1,BRADESPAR
2024-02-09,BRAP4,BRAP4,22.18,22.36,21.86,21.93,21.93,2222600,22.18,22.36,21.86,21.93,1.0,22.36,21.86,0,2222600,5500,48978850.0,1,02,010,BRBRAPACNPR2,147,PN      N1,BRADESPAR
2024-02-14,BRAP4,BRAP4,21.97,22.03,21.79,21.91,21.91,1877600,21.97,22.03,21.79,21.91,1.0,22.03,21.79,0,1877600,6950,41150237.0,1,02,010,BRBRAPACNPR2,147,PN      N1,BRADESPAR
2024-02-15,BRAP4,BRAP4,21.87,22.04,21.71,21.85,21.85,4621700,21.87,22.04,21.71,21.85,1.0,22.04,21.71,0,4621700,6416,101059073.0,1,02,010,BRBRAPACNPR2,147,PN      N1,BRADESPAR
2024-02-16,BRAP4,BRAP4,22.14,22.49,22.03,22.25,22.25,6275900,22.14,22.49,22.03,22.25,1.0,22.49,22.03,0,6275900,10675,139716335.0,1,02,010,BRBRAPACNPR2,147,PN      N1,BRADESPAR
2024-02-19,BRAP4,BRAP4,22.17,22.23,21.97,22.15,22.15,2701000,22.17,22.23,21.97,22.15,1.0,22.23,21.97,0,2701000,5536,59647136.0,1,02,010,BRBRAPACNPR2,147,PN      N1,BRADESPAR
2024-02-20,BRAP4,BRAP4,21.9,21.93,21.44,21.67,21.67,7281800,21.9,21.93,21.44,21.67,1.0,21.93,21.44,0,7281800,15512,157348363.0,1,02,010,BRBRAPACNPR2,147,PN      N1,BRADESPAR
2024-02-21,BRAP4,BRAP4,21.77,21.77,21.38,21.54,21.54,7132000,21.77,21.77,21.38,21.54,1.0,21.77,21.38,0,7132000,9287,153681909.0,1,02,010,BRBRAPACNPR2,147,PN      N1,BRADESPAR
2024-02-22,BRAP4,BRAP4,21.71,21.98,21.71,21.78,21.78,4481200,21.71,21.98,21.71,21.78,1.0,21.98,21.71,0,4481200,8635,97578260.0,1,02,010,BRBRAPACNPR2,147,PN      N1,BRADESPAR
2024-02-23,BRAP4,BRAP4,22.13,22.28,21.69,21.77,21.77,5649400,22.13,22.28,21.69,21.77,1.0,22.28,21.69,0,5649400,11536,124162726.0,1,02,010,BRBRAPACNPR2,147,PN      N1,BRADESPAR
2024-02-26,BRAP4,BRAP4,21.65,21.65,21.21,21.33,21.33,7286200,21.65,21.65,21.21,21.33,1.0,21.65,21.21,0,7286200,12561,155489158.0,1,02,010,BRBRAPACNPR2,147,PN      N1,BRADESPAR
2024-02-27,BRAP4,BRAP4,21.65,21.72,21.47,21.64,21.64,5205100,21.65,21.72,21.47,21.64,1.0,21.72,21.47,0,5205100,10558,112404201.0,1,02,010,BRBRAPACNPR2,147,PN      N1,BRADESPAR
2024-02-28,BRAP4,BRAP4,21.51,21.62,21.24,21.33,21.33,4198400,21.51,21.62,21.24,21.33,1.0,21.62,21.24,0,4198400,12339,89528215.0,1,02,010,BRBRAPACNPR2,147,PN      N1,BRADESPAR
2024-02-29,BRAP4,BRAP4,21.33,21.38,21.08,21.2,21.2,10748300,21.33,21.38,21.08,21.2,1.0,21.38,21.08,0,10748300,14235,228059795.0,1,02,010,BRBRAPACNPR2,147,PN      N1,BRADESPAR
2024-03-01,BRAP4,BRAP4,21.24,21.24,20.69,20.84,20.84,14336000,21.24,21.24,20.69,20.84,1.0,21.24,20.69,0,14336000,27150,298408825.0,1,02,010,BRBRAPACNPR2,147,PN      N1,BRADESPAR
2024-03-04,BRAP4,BRAP4,20.84,21.1,20.62,20.67,20.67,5815200,20.84,21.1,20.62,20.67,1.0,21.1,20.62,0,5815200,10870,120745055.0,1,02,010,BRBRAPACNPR2,147,PN      N1,BRADESPAR
2024-03-05,BRAP4,BRAP4,20.59,20.79,20.49,20.79,20.79,3047400,20.59,20.79,20.49,20.79,1.0,20.79,20.49,0,3047400,6275,63130914.0,1,02,010,BRBRAPACNPR2,147,PN      N1,BRADESPAR
2024-03-06,BRAP4,BRAP4,20.91,20.91,20.45,20.56,20.56,7001500,20.91,20.91,20.45,20.56,1.0,20.91,20.45,0,7001500,15565,144420132.0,1,02,010,BRBRAPACNPR2,147,PN      N1,BRADESPAR
2024-03-07,BRAP4,BRAP4,20.66,20.82,20.56,20.71,20.71,3493600,20.66,20.82,20.56,20.71,1.0,20.82,20.56,0,3493600,7776,72221537.0,1,02,010,BRBRAPACNPR2,147,PN      N1,BRADESPAR
2024-03-08,BRAP4,BRAP4,20.65,20.8,20.52,20.55,20.55,2319200,20.65,20.8,20.52,20.55,1.0,20.8,20.52,0,2319200,6419,47800069.0,1,02,010,BRBRAPACNPR2,147,PN      N1,BRADESPAR
2024-03-11,BRAP4,BRAP4,20.3,20.39,19.95,20.19,20.19,5012500,20.3,20.39,19.95,20.19,1.0,20.39,19.95,0,5012500,10676,100999150.0,1,02,010,BRBRAPACNPR2,147,PN      N1,BRADESPAR
2024-03-12,BRAP4,BRAP4,20.34,20.55,20.12,20.17,20.17,4855000,20.34,20.55,20.12,20.17,1.0,20.55,20.12,0,4855000,9803,98361437.0,1,02,010,BRBRAPACNPR2,147,PN      N1,BRADESPAR
2024-03-13,BRAP4,BRAP4,20.15,20.25,20.01,20.15,20.15,5116300,20.15,20.25,20.01,20.15,1.0,20.25,20.01,0,5116300,9637,103097812.0,1,02,010,BRBRAPACNPR2,147,PN      N1,BRADESPAR
2024-03-14,BRAP4,BRAP4,20.15,20.15,19.85,20.11,20.11,4770000,20.15,20.15,19.85,20.11,1.0,20.15,19.85,0,4770000,10369,95316715.0,1,02,010,BRBRAPACNPR2,147,PN      N1,BRADESPAR
2024-03-15,BRAP4,BRAP4,20.03,20.07,19.5,19.5,19.5,11761200,20.03,20.07,19.5,19.5,1.0,20.07,19.5,0,11761200,12749,230896602.0,1,02,010,BRBRAPACNPR2,147,PN      N1,BRADESPAR
2024-03-18,BRAP4,BRAP4,19.74,20.19,19.72,20.15,20.15,7115300,19.74,20.19,19.72,20.15,1.0,20.19,19.72,0,7115300,12511,142243788.0,1,02,010,BRBRAPACNPR2,147,PN      N1,BRADESPAR
2024-03-19,BRAP4,BRAP4,20.41,20.5,20.27,20.34,20.34,5235000,20.41,20.5,20.27,20.34,1.0,20.5,20.27,0,5235000,11652,106591793.0,1,02,010,BRBRAPACNPR2,147,PN      N1,BRADESPAR
2024-03-20,BRAP4,BRAP4,20.4,20.59,20.25,20.59,20.59,3224800,20.4,20.59,20.25,20.59,1.0,20.59,20.25,0,3224800,7781,65903542.0,1,02,010,BRBRAPACNPR2,147,PN      N1,BRADESPAR
2024-03-21,BRAP4,BRAP4,20.68,20.87,20.51,20.58,20.58,3442800,20.68,20.87,20.51,20.58,1.0,20.87,20.51,0,3442800,7033,71035212.0,1,02,010,BRBRAPACNPR2,147,PN      N1,BRADESPAR
2024-03-22,BRAP4,BRAP4,20.48,20.55,20.26,20.3,20.3,2425500,20.48,20.55,20.26,20.3,1.0,20.55,20.26,0,2425500,5936,49332987.0,1,02,010,BRBRAPACNPR2,147,PN      N1,BRADESPAR
2024-03-25,BRAP4,BRAP4,20.32,20.46,20.27,20.29,20.29,2805400,20.32,20.46,20.27,20.29,1.0,20.46,20.27,0,2805400,4458,57105059.0,1,02,010,BRBRAPACNPR2,147,PN      N1,BRADESPAR
2024-03-26,BRAP4,BRAP4,20.18,20.25,19.99,20.12,20.12,3468100,20.18,20.25,19.99,20.12,1.0,20.25,19.99,0,3468100,6701,69793119.0,1,02,010,BRBRAPACNPR2,147,PN      N1,BRADESPAR
2024-03-27,BRAP4,BRAP4,20.11,20.46,20.02,20.41,20.41,4774200,20.11,20.46,20.02,20.41,1.0,20.46,20.02,0,4774200,9311,96866720.0,1,02,010,BRBRAPACNPR2,147,PN      N1,BRADESPAR
2024-03-28,BRAP4,BRAP4,20.5,20.65,20.33,20.59,20.59,4138200,20.5,20.65,20.33,20.59,1.0,20.65,20.33,0,4138200,7547,84783372.0,1,02,010,BRBRAPACNPR2,147,PN      N1,BRADESPAR
2024-04-01,BRAP4,BRAP4,20.81,21.2,20.68,20.76,20.76,3996200,20.81,21.2,20.68,20.76,1.0,21.2,20.68,0,3996200,9046,83234199.0,1,02,010,BRBRAPACNPR2,147,PN      N1,BRADESPAR
2024-04-02,BRAP4,BRAP4,20.85,21.1,20.79,20.93,20.93,4340600,20.85,21.1,20.79,20.93,1.0,21.1,20.79,0,4340600,11086,90866766.0,1,02,010,BRBRAPACNPR2,147,PN      N1,BRADESPAR
2024-04-03,BRAP4,BRAP4,20.8,20.86,20.52,20.84,20.84,3612000,20.8,20.86,20.52,20.84,1.0,20.86,20.52,0,3612000,8876,74821692.0,1,02,010,BRBRAPACNPR2,147,PN      N1,BRADESPAR
2024-04-04,BRAP4,BRAP4,20.84,20.94,20.62,20.69,20.69,4833400,20.84,20.94,20.62,20.69,1.0,20.94,20.62,0,4833400,11548,100317462.0,1,02,010,BRBRAPACNPR2,147,PN      N1,BRADESPAR
2024-04-05,BRAP4,BRAP4,20.67,20.69,20.33,20.42,20.42,3351500,20.67,20.69,20.33,20.42,1.0,20.69,20.33,0,3351500,8916,68578994.0,1,02,010,BRBRAPACNPR2,147,PN      N1,BRADESPAR
2024-04-08,BRAP4,BRAP4,20.8,21.28,20.66,21.22,21.22,5083600,20.8,21.28,20.66,21.22,1.0,21.28,20.66,0,5083600,11719,107287988.0,1,02,010,BRBRAPACNPR2,147,PN      N1,BRADESPAR
2024-04-09,BRAP4,BRAP4,21.42,21.56,21.06,21.18,21.18,5871000,21.42,21.56,21.06,21.18,1.0,21.56,21.06,0,5871000,12498,124515547.0,1,02,010,BRBRAPACNPR2,147,PN      N1,BRADESPAR
2024-04-10,BRAP4,BRAP4,21.13,21.13,20.76,20.84,20.84,5580400,21.13,21.13,20.76,20.84,1.0,21.13,20.76,0,5580400,12929,116477047.0,1,02,010,BRBRAPACNPR2,147,PN      N1,BRADESPAR
2024-04-11,BRAP4,BRAP4,20.97,20.97,20.68,20.83,20.83,2776400,20.97,20.97,20.68,20.83,1.0,20.97,20.68,0,2776400,6339,57811191.0,1,02,010,BRBRAPACNPR2,147,PN      N1,BRADESPAR
2024-04-12,BRAP4,BRAP4,21.04,21.17,20.56,20.63,20.63,12468300,21.04,21.17,20.56,20.63,1.0,21.17,20.56,0,12468300,7418,260446289.0,1,02,010,BRBRAPACNPR2,147,PN      N1,BRADESPAR
2024-04-15,BRAP4,BRAP4,20.76,21.32,20.64,20.88,20.88,10738800,20.76,21.32,20.64,20.88,1.0,21.32,20.64,0,10738800,15935,226485943.0,1,02,010,BRBRAPACNPR2,147,PN      N1,BRADESPAR
2024-04-16,BRAP4,BRAP4,20.66,20.67,20.36,20.43,20.43,6400500,20.66,20.67,20.36,20.43,1.0,20.67,20.36,0,6400500,13447,131209955.0,1,02,010,BRBRAPACNPR2,147,PN      N1,BRADESPAR
2024-04-17,BRAP4,BRAP4,20.86,21.02,20.59,20.65,20.65,4750800,20.86,21.02,20.59,20.65,1.0,21.02,20.59,0,4750800,13588,98829858.0,1,02,010,BRBRAPACNPR2,147,PN      N1,BRADESPAR
2024-04-18,BRAP4,BRAP4,20.8,20.85,20.5,20.62,20.62,3419200,20.8,20.85,20.5,20.62,1.0,20.85,20.5,0,3419200,10046,70671213.0,1,02,010,BRBRAPACNPR2,147,PN      N1,BRADESPAR
2024-04-19,BRAP4,BRAP4,20.57,21.19,20.46,21.19,21.19,7205800,20.57,21.19,20.46,21.19,1.0,21.19,20.46,0,7205800,11320,150486073.0,1,02,010,BRBRAPACNPR2,147,PN      N1,BRADESPAR
2024-04-22,BRAP4,BRAP4,21.1,21.42,20.65,21.15,21.15,8174200,21.1,21.42,20.65,21.15,1.0,21.42,20.65,0,8174200,11735,172417215.0,1,02,010,BRBRAPACNPR2,147,PN      N1,BRADESPAR
2024-04-23,BRAP4,BRAP4,20.92,21.12,20.73,20.99,20.99,4171900,20.92,21.12,20.73,20.99,1.0,21.12,20.73,0,4171900,8457,87361077.0,1,02,010,BRBRAPACNPR2,147,PN      N1,BRADESPAR
2024-04-24,BRAP4,BRAP4,21.14,21.31,20.93,21.13,21.13,3721200,21.14,21.31,20.93,21.13,1.0,21.31,20.93,0,3721200,8793,78498890.0,1,02,010,BRBRAPACNPR2,147,PN      N1,BRADESPAR
2024-04-25,BRAP4,BRAP4,20.96,21.04,20.76,20.93,20.93,5201400,20.96,21.04,20.76,20.93,1.0,21.04,20.76,0,5201400,9117,108540109.0,1,02,010,BRBRAPACNPR2,147,PN      N1,BRADESPAR
2024-04-26,BRAP4,BRAP4,21.04,21.22,20.95,21.07,21.07,6149100,21.04,21.22,20.95,21.07,1.0,21.22,20.95,0,6149100,9521,129747780.0,1,02,010,BRBRAPACNPR2,147,PN      N1,BRADESPAR
2024-04-29,BRAP4,BRAP4,21.2,21.51,21.08,21.46,21.46,7311000,21.2,21.51,21.08,21.46,1.0,21.51,21.08,0,7311000,13376,156268471.0,1,02,010,BRBRAPACNPR2,147,PN      N1,BRADESPAR
2024-04-30,BRAP4,BRAP4,20.19,20.19,19.85,19.93,19.93,6651500,20.19,20.19,19.85,19.93,1.0,20.19,19.85,0,6651500,13090,132963162.0,1,02,010,BRBRAPACNPR2,148,PN  ED  N1,BRADESPAR
2024-05-02,BRAP4,BRAP4,20.06,20.39,19.99,20.21,20.21,4971900,20.06,20.39,19.99,20.21,1.0,20.39,19.99,0,4971900,12669,100643689.0,1,02,010,BRBRAPACNPR2,148,PN  ED  N1,BRADESPAR
2024-05-03,BRAP4,BRAP4,20.32,20.41,20.02,20.23,20.23,4192000,20.32,20.41,20.02,20.23,1.0,20.41,20.02,0,4192000,9600,84653072.0,1,02,010,BRBRAPACNPR2,148,PN  ED  N1,BRADESPAR
2024-05-06,BRAP4,BRAP4,20.28,20.39,20.11,20.3,20.3,3794100,20.28,20.39,20.11,20.3,1.0,20.39,20.11,0,3794100,6792,76858600.0,1,02,010,BRBRAPACNPR2,148,PN  ED  N1,BRADESPAR
2024-05-07,BRAP4,BRAP4,20.29,20.57,20.27,20.33,20.33,4196100,20.29,20.57,20.27,20.33,1.0,20.57,20.27,0,4196100,9374,85642640.0,1,02,010,BRBRAPACNPR2,148,PN  ED  N1,BRADESPAR
2024-05-08,BRAP4,BRAP4,20.11,20.28,20.1,20.21,20.21,4074600,20.11,20.28,20.1,20.21,1.0,20.28,20.1,0,4074600,5882,82337260.0,1,02,010,BRBRAPACNPR2,148,PN  ED  N1,BRADESPAR
2024-05-09,BRAP4,BRAP4,20.17,20.36,20.07,20.28,20.28,2842800,20.17,20.36,20.07,20.28,1.0,20.36,20.07,0,2842800,6520,57617694.0,1,02,010,BRBRAPACNPR2,148,PN  ED  N1,BRADESPAR
2024-05-10,BRAP4,BRAP4,20.29,20.32,19.98,20.1,20.1,3759500,20.29,20.32,19.98,20.1,1.0,20.32,19.98,0,3759500,6903,75689321.0,1,02,010,BRBRAPACNPR2,148,PN  ED  N1,BRADESPAR
2024-05-13,BRAP4,BRAP4,20.18,20.29,20.06,20.13,20.13,2317900,20.18,20.29,20.06,20.13,1.0,20.29,20.06,0,2317900,5841,46704203.0,1,02,010,BRBRAPACNPR2,148,PN      N1,BRADESPAR
2024-05-14,BRAP4,BRAP4,19.92,20.07,19.76,19.95,19.95,4520300,19.92,20.07,19.76,19.95,1.0,20.07,19.76,0,4520300,7272,89893676.0,1,02,010,BRBRAPACNPR2,148,PN      N1,BRADESPAR
2024-05-15,BRAP4,BRAP4,19.9,20.04,19.77,19.93,19.93,5065800,19.9,20.04,19.77,19.93,1.0,20.04,19.77,0,5065800,10804,100906322.0,1,02,010,BRBRAPACNPR2,148,PN      N1,BRADESPAR
2024-05-16,BRAP4,BRAP4,20.07,20.21,19.93,19.97,19.97,3216500,20.07,20.21,19.93,19.97,1.0,20.21,19.93,0,3216500,5892,64358446.0,1,02,010,BRBRAPACNPR2,148,PN      N1,BRADESPAR
2024-05-17,BRAP4,BRAP4,20.01,20.18,19.97,20.15,20.15,3883700,20.01,20.18,19.97,20.15,1.0,20.18,19.97,0,3883700,6897,78119474.0,1,02,010,BRBRAPACNPR2,148,PN      N1,BRADESPAR
2024-05-20,BRAP4,BRAP4,20.18,20.25,20.01,20.1,20.1,3457000,20.18,20.25,20.01,20.1,1.0,20.25,20.01,0,3457000,5965,69590143.0,1,02,010,BRBRAPACNPR2,148,PN      N1,BRADESPAR
2024-05-21,BRAP4,BRAP4,20.2,20.4,20.11,20.21,20.21,4414800,20.2,20.4,20.11,20.21,1.0,20.4,20.11,0,4414800,7618,89524740.0,1,02,010,BRBRAPACNPR2,148,PN      N1,BRADESPAR
2024-05-22,BRAP4,BRAP4,20.24,20.3,19.97,20.07,20.07,3309100,20.24,20.3,19.97,20.07,1.0,20.3,19.97,0,3309100,6496,66577925.0,1,02,010,BRBRAPACNPR2,148,PN      N1,BRADESPAR
2024-05-23,BRAP4,BRAP4,20.06,20.07,19.8,19.99,19.99,3055300,20.06,20.07,19.8,19.99,1.0,20.07,19.8,0,3055300,7258,60838203.0,1,02,010,BRBRAPACNPR2,148,PN      N1,BRADESPAR
2024-05-24,BRAP4,BRAP4,20.0,20.19,19.95,20.0,20.0,1885100,20.0,20.19,19.95,20.0,1.0,20.19,19.95,0,1885100,3798,37842056.0,1,02,010,BRBRAPACNPR2,148,PN      N1,BRADESPAR
2024-05-27,BRAP4,BRAP4,20.03,20.16,19.95,20.14,20.14,1629200,20.03,20.16,19.95,20.14,1.0,20.16,19.95,0,1629200,4281,32675703.0,1,02,010,BRBRAPACNPR2,148,PN      N1,BRADESPAR
2024-05-28,BRAP4,BRAP4,20.14,20.2,19.73,19.8,19.8,3918300,20.14,20.2,19.73,19.8,1.0,20.2,19.73,0,3918300,6711,77923676.0,1,02,010,BRBRAPACNPR2,148,PN      N1,BRADESPAR
2024-05-29,BRAP4,BRAP4,19.69,19.7,19.38,19.41,19.41,3056600,19.69,19.7,19.38,19.41,1.0,19.7,19.38,0,3056600,7905,59631119.0,1,02,010,BRBRAPACNPR2,148,PN      N1,BRADESPAR
2024-05-31,BRAP4,BRAP4,19.34,19.41,19.14,19.2,19.2,3423700,19.34,19.41,19.14,19.2,1.0,19.41,19.14,0,3423700,9627,65790961.0,1,02,010,BRBRAPACNPR2,148,PN      N1,BRADESPAR
2024-06-03,BRAP4,BRAP4,19.2,19.2,18.69,18.79,18.79,3642300,19.2,19.2,18.69,18.79,1.0,19.2,18.69,0,3642300,9043,68553715.0,1,02,010,BRBRAPACNPR2,148,PN      N1,BRADESPAR
2024-06-04,BRAP4,BRAP4,18.65,18.7,18.47,18.65,18.65,3140900,18.65,18.7,18.47,18.65,1.0,18.7,18.47,0,3140900,7445,58322128.0,1,02,010,BRBRAPACNPR2,148,PN      N1,BRADESPAR
2024-06-05,BRAP4,BRAP4,18.67,18.68,18.28,18.35,18.35,3854300,18.67,18.68,18.28,18.35,1.0,18.68,18.28,0,3854300,11980,70919128.0,1,02,010,BRBRAPACNPR2,148,PN      N1,BRADESPAR
2024-06-06,BRAP4,BRAP4,18.46,18.62,18.32,18.55,18.55,3001900,18.46,18.62,18.32,18.55,1.0,18.62,18.32,0,3001900,7007,55549825.0,1,02,010,BRBRAPACNPR2,148,PN      N1,BRADESPAR
2024-06-07,BRAP4,BRAP4,18.45,18.46,18.22,18.28,18.28,2795900,18.45,18.46,18.22,18.28,1.0,18.46,18.22,0,2795900,7952,51180057.0,1,02,010,BRBRAPACNPR2,148,PN      N1,BRADESPAR
2024-06-10,BRAP4,BRAP4,18.29,18.45,18.24,18.34,18.34,2187000,18.29,18.45,18.24,18.34,1.0,18.45,18.24,0,2187000,6422,40134087.0,1,02,010,BRBRAPACNPR2,148,PN      N1,BRADESPAR
2024-06-11,BRAP4,BRAP4,18.26,18.41,18.12,18.37,18.37,2793000,18.26,18.41,18.12,18.37,1.0,18.41,18.12,0,2793000,7165,51025278.0,1,02,010,BRBRAPACNPR2,148,PN      N1,BRADESPAR
2024-06-12,BRAP4,BRAP4,18.49,18.52,18.16,18.16,18.16,2740700,18.49,18.52,18.16,18.16,1.0,18.52,18.16,0,2740700,8424,50072448.0,1,02,010,BRBRAPACNPR2,148,PN      N1,BRADESPAR
2024-06-13,BRAP4,BRAP4,18.22,18.38,18.19,18.24,18.24,2505400,18.22,18.38,18.19,18.24,1.0,18.38,18.19,0,2505400,7045,45839694.0,1,02,010,BRBRAPACNPR2,148,PN      N1,BRADESPAR
2024-06-14,BRAP4,BRAP4,18.28,18.32,18.01,18.01,18.01,2068400,18.28,18.32,18.01,18.01,1.0,18.32,18.01,0,2068400,5176,37482110.0,1,02,010,BRBRAPACNPR2,148,PN      N1,BRADESPAR
2024-06-17,BRAP4,BRAP4,17.9,17.97,17.5,17.83,17.83,9853100,17.9,17.97,17.5,17.83,1.0,17.97,17.5,0,9853100,11248,174164769.0,1,02,010,BRBRAPACNPR2,148,PN      N1,BRADESPAR
2024-06-18,BRAP4,BRAP4,17.83,18.03,17.8,17.89,17.89,1830000,17.83,18.03,17.8,17.89,1.0,18.03,17.8,0,1830000,4037,32758196.0,1,02,010,BRBRAPACNPR2,148,PN      N1,BRADESPAR
2024-06-19,BRAP4,BRAP4,17.88,18.0,17.78,18.0,18.0,2175800,17.88,18.0,17.78,18.0,1.0,18.0,17.78,0,2175800,5609,38908646.0,1,02,010,BRBRAPACNPR2,148,PN      N1,BRADESPAR
2024-06-20,BRAP4,BRAP4,18.13,18.3,18.05,18.23,18.23,3708400,18.13,18.3,18.05,18.23,1.0,18.3,18.05,0,3708400,6277,67561861.0,1,02,010,BRBRAPACNPR2,148,PN      N1,BRADESPAR
2024-06-21,BRAP4,BRAP4,18.15,18.19,17.97,17.97,17.97,3205700,18.15,18.19,17.97,17.97,1.0,18.19,17.97,0,3205700,8052,57787133.0,1,02,010,BRBRAPACNPR2,148,PN      N1,BRADESPAR
2024-06-24,BRAP4,BRAP4,17.9,18.11,17.83,18.05,18.05,2112200,17.9,18.11,17.83,18.05,1.0,18.11,17.83,0,2112200,5628,38016705.0,1,02,010,BRBRAPACNPR2,148,PN      N1,BRADESPAR
2024-06-25,BRAP4,BRAP4,18.05,18.08,17.79,17.93,17.93,2305500,18.05,18.08,17.79,17.93,1.0,18.08,17.79,0,2305500,5558,41254018.0,1,02,010,BRBRAPACNPR2,148,PN      N1,BRADESPAR
2024-06-26,BRAP4,BRAP4,18.13,18.21,18.02,18.2,18.2,2432100,18.13,18.21,18.02,18.2,1.0,18.21,18.02,0,2432100,5027,44131345.0,1,02,010,BRBRAPACNPR2,148,PN      N1,BRADESPAR
2024-06-27,BRAP4,BRAP4,18.24,18.34,18.13,18.26,18.26,2158600,18.24,18.34,18.13,18.26,1.0,18.34,18.13,0,2158600,3806,39344835.0,1,02,010,BRBRAPACNPR2,148,PN      N1,BRADESPAR
2024-06-28,BRAP4,BRAP4,18.27,18.62,18.27,18.51,18.51,2846600,18.27,18.62,18.27,18.51,1.0,18.62,18.27,0,2846600,6622,52684187.0,1,02,010,BRBRAPACNPR2,148,PN      N1,BRADESPAR
2024-07-01,BRAP4,BRAP4,18.68,18.94,18.63,18.84,18.84,2174600,18.68,18.94,18.63,18.84,1.0,18.94,18.63,0,2174600,6788,40923782.0,1,02,010,BRBRAPACNPR2,148,PN      N1,BRADESPAR
2024-07-02,BRAP4,BRAP4,18.86,18.98,18.73,18.76,18.76,2310700,18.86,18.98,18.73,18.76,1.0,18.98,18.73,0,2310700,4945,43467209.0,1,02,010,BRBRAPACNPR2,148,PN      N1,BRADESPAR
2024-07-03,BRAP4,BRAP4,18.94,19.27,18.9,19.15,19.15,2757300,18.94,19.27,18.9,19.15,1.0,19.27,18.9,0,2757300,7182,52851391.0,1,02,010,BRBRAPACNPR2,148,PN      N1,BRADESPAR
2024-07-04,BRAP4,BRAP4,19.35,19.35,19.13,19.25,19.25,2394600,19.35,19.35,19.13,19.25,1.0,19.35,19.13,0,2394600,5620,46094727.0,1,02,010,BRBRAPACNPR2,148,PN      N1,BRADESPAR
2024-07-05,BRAP4,BRAP4,19.17,19.2,18.98,19.12,19.12,2583700,19.17,19.2,18.98,19.12,1.0,19.2,18.98,0,2583700,6600,49363936.0,1,02,010,BRBRAPACNPR2,148,PN      N1,BRADESPAR
2024-07-08,BRAP4,BRAP4,19.03,19.11,18.9,18.99,18.99,2277100,19.03,19.11,18.9,18.99,1.0,19.11,18.9,0,2277100,5845,43223072.0,1,02,010,BRBRAPACNPR2,148,PN      N1,BRADESPAR
2024-07-09,BRAP4,BRAP4,19.0,19.25,18.96,19.1,19.1,1891500,19.0,19.25,18.96,19.1,1.0,19.25,18.96,0,1891500,4916,36178074.0,1,02,010,BRBRAPACNPR2,148,PN      N1,BRADESPAR
2024-07-10,BRAP4,BRAP4,19.06,19.19,18.93,18.97,18.97,3033400,19.06,19.19,18.93,18.97,1.0,19.19,18.93,0,3033400,6654,57717307.0,1,02,010,BRBRAPACNPR2,148,PN      N1,BRADESPAR
2024-07-11,BRAP4,BRAP4,19.12,19.2,19.02,19.16,19.16,2373300,19.12,19.2,19.02,19.16,1.0,19.2,19.02,0,2373300,9015,45380600.0,1,02,010,BRBRAPACNPR2,148,PN      N1,BRADESPAR
2024-07-12,BRAP4,BRAP4,19.12,19.24,19.04,19.24,19.24,1929100,19.12,19.24,19.04,19.24,1.0,19.24,19.04,0,1929100,6289,36946485.0,1,02,010,BRBRAPACNPR2,148,PN      N1,BRADESPAR
2024-07-15,BRAP4,BRAP4,19.24,19.5,19.18,19.46,19.46,2910700,19.24,19.5,19.18,19.46,1.0,19.5,19.18,0,2910700,6986,56446246.0,1,02,010,BRBRAPACNPR2,148,PN      N1,BRADESPAR
2024-07-16,BRAP4,BRAP4,19.35,19.44,19.19,19.44,19.44,1822100,19.35,19.44,19.19,19.44,1.0,19.44,19.19,0,1822100,4642,35195660.0,1,02,010,BRBRAPACNPR2,148,PN      N1,BRADESPAR
2024-07-17,BRAP4,BRAP4,19.35,19.49,19.25,19.49,19.49,4776300,19.35,19.49,19.25,19.49,1.0,19.49,19.25,0,4776300,7338,92680439.0,1,02,010,BRBRAPACNPR2,148,PN      N1,BRADESPAR
2024-07-18,BRAP4,BRAP4,19.46,19.5,18.91,18.92,18.92,4222400,19.46,19.5,18.91,18.92,1.0,19.5,18.91,0,4222400,9122,80784850.0,1,02,010,BRBRAPACNPR2,148,PN      N1,BRADESPAR
2024-07-19,BRAP4,BRAP4,19.07,19.08,18.77,18.93,18.93,2115800,19.07,19.08,18.77,18.93,1.0,19.08,18.77,0,2115800,4728,40001628.0,1,02,010,BRBRAPACNPR2,148,PN      N1,BRADESPAR
2024-07-22,BRAP4,BRAP4,18.91,18.96,18.8,18.9,18.9,1620100,18.91,18.96,18.8,18.9,1.0,18.96,18.8,0,1620100,3916,30612325.0,1,02,010,BRBRAPACNPR2,148,PN      N1,BRADESPAR
2024-07-23,BRAP4,BRAP4,18.81,18.82,18.58,18.64,18.64,2572900,18.81,18.82,18.58,18.64,1.0,18.82,18.58,0,2572900,5508,48067787.0,1,02,010,BRBRAPACNPR2,148,PN      N1,BRADESPAR
2024-07-24,BRAP4,BRAP4,18.64,18.71,18.5,18.5,18.5,1633800,18.64,18.71,18.5,18.5,1.0,18.71,18.5,0,1633800,4396,30352523.0,1,02,010,BRBRAPACNPR2,148,PN      N1,BRADESPAR
2024-07-25,BRAP4,BRAP4,18.48,18.64,18.37,18.43,18.43,2154200,18.48,18.64,18.37,18.43,1.0,18.64,18.37,0,2154200,7331,39844257.0,1,02,010,BRBRAPACNPR2,148,PN      N1,BRADESPAR
2024-07-26,BRAP4,BRAP4,18.62,18.69,18.38,18.57,18.57,3471500,18.62,18.69,18.38,18.57,1.0,18.69,18.38,0,3471500,4948,64298155.0,1,02,010,BRBRAPACNPR2,148,PN      N1,BRADESPAR
2024-07-29,BRAP4,BRAP4,18.67,18.67,18.36,18.46,18.46,2048200,18.67,18.67,18.36,18.46,1.0,18.67,18.36,0,2048200,6495,37809608.0,1,02,010,BRBRAPACNPR2,148,PN      N1,BRADESPAR
2024-07-30,BRAP4,BRAP4,18.35,18.36,18.13,18.18,18.18,2019200,18.35,18.36,18.13,18.18,1.0,18.36,18.13,0,2019200,4157,36738439.0,1,02,010,BRBRAPACNPR2,148,PN      N1,BRADESPAR
2024-07-31,BRAP4,BRAP4,18.33,18.57,18.26,18.52,18.52,2821600,18.33,18.57,18.26,18.52,1.0,18.57,18.26,0,2821600,8719,52103981.0,1,02,010,BRBRAPACNPR2,148,PN      N1,BRADESPAR
2024-08-01,BRAP4,BRAP4,18.64,18.65,18.18,18.18,18.18,3214300,18.64,18.65,18.18,18.18,1.0,18.65,18.18,0,3214300,7148,59032288.0,1,02,010,BRBRAPACNPR2,148,PN      N1,BRADESPAR
2024-08-02,BRAP4,BRAP4,18.27,18.44,17.92,17.99,17.99,2778700,18.27,18.44,17.92,17.99,1.0,18.44,17.92,0,2778700,4511,50252851.0,1,02,010,BRBRAPACNPR2,148,PN      N1,BRADESPAR
2024-08-05,BRAP4,BRAP4,17.56,17.94,17.4,17.85,17.85,3764200,17.56,17.94,17.4,17.85,1.0,17.94,17.4,0,3764200,6905,66744030.0,1,02,010,BRBRAPACNPR2,148,PN      N1,BRADESPAR
2024-08-06,BRAP4,BRAP4,17.77,18.03,17.68,17.97,17.97,2729300,17.77,18.03,17.68,17.97,1.0,18.03,17.68,0,2729300,5894,48715059.0,1,02,010,BRBRAPACNPR2,148,PN      N1,BRADESPAR
2024-08-07,BRAP4,BRAP4,18.04,18.06,17.87,17.89,17.89,2565100,18.04,18.06,17.87,17.89,1.0,18.06,17.87,0,2565100,6381,46001280.0,1,02,010,BRBRAPACNPR2,148,PN      N1,BRADESPAR
2024-08-08,BRAP4,BRAP4,17.94,18.13,17.94,18.02,18.02,2088400,17.94,18.13,17.94,18.02,1.0,18.13,17.94,0,2088400,4243,37695356.0,1,02,010,BRBRAPACNPR2,148,PN      N1,BRADESPAR
2024-08-09,BRAP4,BRAP4,18.1,18.1,17.9,18.07,18.07,1751900,18.1,18.1,17.9,18.07,1.0,18.1,17.9,0,1751900,6227,31543459.0,1,02,010,BRBRAPACNPR2,148,PN      N1,BRADESPAR
2024-08-12,BRAP4,BRAP4,18.05,18.28,18.01,18.17,18.17,2366400,18.05,18.28,18.01,18.17,1.0,18.28,18.01,0,2366400,6299,43004592.0,1,02,010,BRBRAPACNPR2,148,PN      N1,BRADESPAR
2024-08-13,BRAP4,BRAP4,18.22,18.34,18.09,18.19,18.19,3859800,18.22,18.34,18.09,18.19,1.0,18.34,18.09,0,3859800,9134,70275067.0,1,02,010,BRBRAPACNPR2,148,PN      N1,BRADESPAR
2024-08-14,BRAP4,BRAP4,18.09,18.1,17.9,18.06,18.06,3275700,18.09,18.1,17.9,18.06,1.0,18.1,17.9,0,3275700,8732,59042860.0,1,02,010,BRBRAPACNPR2,148,PN      N1,BRADESPAR
2024-08-15,BRAP4,BRAP4,18.08,18.43,18.02,18.38,18.38,3432000,18.08,18.43,18.02,18.38,1.0,18.43,18.02,0,3432000,8627,62748712.0,1,02,010,BRBRAPACNPR2,148,PN      N1,BRADESPAR
2024-08-16,BRAP4,BRAP4,18.34,18.34,18.15,18.27,18.27,2980300,18.34,18.34,18.15,18.27,1.0,18.34,18.15,0,2980300,7975,54372022.0,1,02,010,BRBRAPACNPR2,148,PN      N1,BRADESPAR
2024-08-19,BRAP4,BRAP4,18.43,18.75,18.34,18.68,18.68,4970900,18.43,18.75,18.34,18.68,1.0,18.75,18.34,0,4970900,13274,92606045.0,1,02,010,BRBRAPACNPR2,148,PN      N1,BRADESPAR
2024-08-20,BRAP4,BRAP4,18.79,18.84,18.6,18.82,18.82,2851600,18.79,18.84,18.6,18.82,1.0,18.84,18.6,0,2851600,7131,53428069.0,1,02,010,BRBRAPACNPR2,148,PN      N1,BRADESPAR
2024-08-21,BRAP4,BRAP4,19.06,19.3,19.02,19.08,19.08,3404200,19.06,19.3,19.02,19.08,1.0,19.3,19.02,0,3404200,9976,65214453.0,1,02,010,BRBRAPACNPR2,148,PN      N1,BRADESPAR
2024-08-22,BRAP4,BRAP4,19.08,19.19,18.89,19.08,19.08,2620500,19.08,19.19,18.89,19.08,1.0,19.19,18.89,0,2620500,7534,49757463.0,1,02,010,BRBRAPACNPR2,148,PN      N1,BRADESPAR
2024-08-23,BRAP4,BRAP4,19.09,19.23,18.89,18.89,18.89,3588900,19.09,19.23,18.89,18.89,1.0,19.23,18.89,0,3588900,9559,68396048.0,1,02,010,BRBRAPACNPR2,148,PN      N1,BRADESPAR
2024-08-26,BRAP4,BRAP4,19.14,19.26,19.04,19.04,19.04,3191600,19.14,19.26,19.04,19.04,1.0,19.26,19.04,0,3191600,9399,61111364.0,1,02,010,BRBRAPACNPR2,148,PN      N1,BRADESPAR
2024-08-27,BRAP4,BRAP4,19.45,19.63,19.32,19.55,19.55,4390700,19.45,19.63,19.32,19.55,1.0,19.63,19.32,0,4390700,11435,85695611.0,1,02,010,BRBRAPACNPR2,148,PN      N1,BRADESPAR
2024-08-28,BRAP4,BRAP4,19.46,19.46,19.15,19.3,19.3,3025500,19.46,19.46,19.15,19.3,1.0,19.46,19.15,0,3025500,6209,58333634.0,1,02,010,BRBRAPACNPR2,148,PN      N1,BRADESPAR
2024-08-29,BRAP4,BRAP4,19.41,19.41,19.18,19.28,19.28,2459900,19.41,19.41,19.18,19.28,1.0,19.41,19.18,0,2459900,6719,47437830.0,1,02,010,BRBRAPACNPR2,148,PN      N1,BRADESPAR
2024-08-30,BRAP4,BRAP4,19.26,19.59,19.19,19.47,19.47,4566900,19.26,19.59,19.19,19.47,1.0,19.59,19.19,0,4566900,11196,88910178.0,1,02,010,BRBRAPACNPR2,148,PN      N1,BRADESPAR
2024-09-02,BRAP4,BRAP4,19.25,19.31,19.16,19.16,19.16,2334100,19.25,19.31,19.16,19.16,1.0,19.31,19.16,0,2334100,5427,44871326.0,1,02,010,BRBRAPACNPR2,148,PN      N1,BRADESPAR
2024-09-03,BRAP4,BRAP4,19.0,19.0,18.3,18.42,18.42,5793100,19.0,19.0,18.3,18.42,1.0,19.0,18.3,0,5793100,12491,107453535.0,1,02,010,BRBRAPACNPR2,148,PN      N1,BRADESPAR
2024-09-04,BRAP4,BRAP4,18.43,18.92,18.42,18.82,18.82,3225300,18.43,18.92,18.42,18.82,1.0,18.92,18.42,0,3225300,9125,60570030.0,1,02,010,BRBRAPACNPR2,148,PN      N1,BRADESPAR
2024-09-05,BRAP4,BRAP4,18.71,18.97,18.7,18.84,18.84,4123100,18.71,18.97,18.7,18.84,1.0,18.97,18.7,0,4123100,6959,77715122.0,1,02,010,BRBRAPACNPR2,148,PN      N1,BRADESPAR
2024-09-06,BRAP4,BRAP4,18.84,18.86,18.53,18.56,18.56,3081900,18.84,18.86,18.53,18.56,1.0,18.86,18.53,0,3081900,6902,57481096.0,1,02,010,BRBRAPACNPR2,148,PN      N1,BRADESPAR
2024-09-09,BRAP4,BRAP4,18.75,18.75,18.48,18.48,18.48,4364500,18.75,18.75,18.48,18.48,1.0,18.75,18.48,0,4364500,7836,80999063.0,1,02,010,BRBRAPACNPR2,148,PN      N1,BRADESPAR
2024-09-10,BRAP4,BRAP4,18.47,18.57,18.35,18.36,18.36,2127400,18.47,18.57,18.35,18.36,1.0,18.57,18.35,0,2127400,6013,39169614.0,1,02,010,BRBRAPACNPR2,148,PN      N1,BRADESPAR
2024-09-11,BRAP4,BRAP4,18.47,18.81,18.46,18.72,18.72,2731800,18.47,18.81,18.46,18.72,1.0,18.81,18.46,0,2731800,7583,51129481.0,1,02,010,BRBRAPACNPR2,148,PN      N1,BRADESPAR
2024-09-12,BRAP4,BRAP4,18.85,18.97,18.72,18.72,18.72,2750900,18.85,18.97,18.72,18.72,1.0,18.97,18.72,0,2750900,7395,51826662.0,1,02,010,BRBRAPACNPR2,148,PN      N1,BRADESPAR
2024-09-13,BRAP4,BRAP4,18.82,19.06,18.74,18.83,18.83,2941700,18.82,19.06,18.74,18.83,1.0,19.06,18.74,0,2941700,6574,55701304.0,1,02,010,BRBRAPACNPR2,148,PN      N1,BRADESPAR
2024-09-16,BRAP4,BRAP4,18.81,18.94,18.74,18.84,18.84,2102300,18.81,18.94,18.74,18.84,1.0,18.94,18.74,0,2102300,6298,39619272.0,1,02,010,BRBRAPACNPR2,148,PN      N1,BRADESPAR
2024-09-17,BRAP4,BRAP4,18.87,18.96,18.75,18.81,18.81,2301800,18.87,18.96,18.75,18.81,1.0,18.96,18.75,0,2301800,4688,43363134.0,1,02,010,BRBRAPACNPR2,148,PN      N1,BRADESPAR
2024-09-18,BRAP4,BRAP4,18.7,18.77,18.55,18.55,18.55,3011500,18.7,18.77,18.55,18.55,1.0,18.77,18.55,0,3011500,6406,56075847.0,1,02,010,BRBRAPACNPR2,148,PN      N1,BRADESPAR
2024-09-19,BRAP4,BRAP4,18.85,19.04,18.69,18.7,18.7,2860800,18.85,19.04,18.69,18.7,1.0,19.04,18.69,0,2860800,8020,53862811.0,1,02,010,BRBRAPACNPR2,148,PN      N1,BRADESPAR
2024-09-20,BRAP4,BRAP4,18.6,18.74,18.02,18.26,18.26,7192100,18.6,18.74,18.02,18.26,1.0,18.74,18.02,0,7192100,17237,131272935.0,1,02,010,BRBRAPACNPR2,148,PN      N1,BRADESPAR
2024-09-23,BRAP4,BRAP4,18.18,18.41,18.05,18.28,18.28,3634300,18.18,18.41,18.05,18.28,1.0,18.41,18.05,0,3634300,10067,66487244.0,1,02,010,BRBRAPACNPR2,148,PN      N1,BRADESPAR
2024-09-24,BRAP4,BRAP4,18.93,19.22,18.89,19.07,19.07,5457200,18.93,19.22,18.89,19.07,1.0,19.22,18.89,0,5457200,10052,104228765.0,1,02,010,BRBRAPACNPR2,148,PN      N1,BRADESPAR
2024-09-25,BRAP4,BRAP4,19.23,19.39,19.06,19.22,19.22,4747800,19.23,19.39,19.06,19.22,1.0,19.39,19.06,0,4747800,9066,91489905.0,1,02,010,BRBRAPACNPR2,148,PN      N1,BRADESPAR
2024-09-26,BRAP4,BRAP4,19.7,20.58,19.7,20.46,20.46,10566100,19.7,20.58,19.7,20.46,1.0,20.58,19.7,0,10566100,16757,214352475.0,1,02,010,BRBRAPACNPR2,148,PN      N1,BRADESPAR
2024-09-27,BRAP4,BRAP4,20.52,20.62,20.2,20.3,20.3,3538100,20.52,20.62,20.2,20.3,1.0,20.62,20.2,0,3538100,8555,72301498.0,1,02,010,BRBRAPACNPR2,148,PN      N1,BRADESPAR
2024-09-30,BRAP4,BRAP4,20.79,20.79,20.22,20.22,20.22,2983200,20.79,20.79,20.22,20.22,1.0,20.79,20.22,0,2983200,6204,60869886.0,1,02,010,BRBRAPACNPR2,148,PN      N1,BRADESPAR
2024-10-01,BRAP4,BRAP4,20.16,20.42,20.12,20.23,20.23,3274000,20.16,20.42,20.12,20.23,1.0,20.42,20.12,0,3274000,7530,66424281.0,1,02,010,BRBRAPACNPR2,148,PN      N1,BRADESPAR
2024-10-02,BRAP4,BRAP4,20.45,20.68,20.25,20.28,20.28,2326600,20.45,20.68,20.25,20.28,1.0,20.68,20.25,0,2326600,6366,47574884.0,1,02,010,BRBRAPACNPR2,148,PN      N1,BRADESPAR
2024-10-03,BRAP4,BRAP4,20.1,20.1,19.71,19.83,19.83,3416000,20.1,20.1,19.71,19.83,1.0,20.1,19.71,0,3416000,7348,67830467.0,1,02,010,BRBRAPACNPR2,148,PN      N1,BRADESPAR
2024-10-04,BRAP4,BRAP4,19.9,20.0,19.72,19.72,19.72,2856500,19.9,20.0,19.72,19.72,1.0,20.0,19.72,0,2856500,6230,56588441.0,1,02,010,BRBRAPACNPR2,148,PN      N1,BRADESPAR
2024-10-07,BRAP4,BRAP4,19.94,20.1,19.75,19.84,19.84,2094300,19.94,20.1,19.75,19.84,1.0,20.1,19.75,0,2094300,5980,41758449.0,1,02,010,BRBRAPACNPR2,148,PN      N1,BRADESPAR
2024-10-08,BRAP4,BRAP4,19.3,19.37,19.21,19.36,19.36,3920900,19.3,19.37,19.21,19.36,1.0,19.37,19.21,0,3920900,9335,75627584.0,1,02,010,BRBRAPACNPR2,148,PN      N1,BRADESPAR
2024-10-09,BRAP4,BRAP4,19.28,19.28,19.14,19.14,19.14,1891000,19.28,19.28,19.14,19.14,1.0,19.28,19.14,0,1891000,6828,36301724.0,1,02,010,BRBRAPACNPR2,148,PN      N1,BRADESPAR
2024-10-10,BRAP4,BRAP4,19.22,19.38,19.16,19.22,19.22,1720300,19.22,19.38,19.16,19.22,1.0,19.38,19.16,0,1720300,5081,33122539.0,1,02,010,BRBRAPACNPR2,148,PN      N1,BRADESPAR
2024-10-11,BRAP4,BRAP4,19.25,19.59,19.21,19.45,19.45,3235800,19.25,19.59,19.21,19.45,1.0,19.59,19.21,0,3235800,8741,62983224.0,1,02,010,BRBRAPACNPR2,148,PN      N1,BRADESPAR
2024-10-14,BRAP4,BRAP4,19.53,19.62,19.28,19.45,19.45,3316100,19.53,19.62,19.28,19.45,1.0,19.62,19.28,0,3316100,7031,64585056.0,1,02,010,BRBRAPACNPR2,148,PN      N1,BRADESPAR
2024-10-15,BRAP4,BRAP4,19.29,19.36,19.13,19.2,19.2,3699300,19.29,19.36,19.13,19.2,1.0,19.36,19.13,0,3699300,8223,71066574.0,1,02,010,BRBRAPACNPR2,148,PN      N1,BRADESPAR
2024-10-16,BRAP4,BRAP4,19.43,19.56,19.32,19.47,19.47,2971000,19.43,19.56,19.32,19.47,1.0,19.56,19.32,0,2971000,9027,57779985.0,1,02,010,BRBRAPACNPR2,148,PN      N1,BRADESPAR
2024-10-17,BRAP4,BRAP4,19.14,19.2,19.02,19.07,19.07,2678100,19.14,19.2,19.02,19.07,1.0,19.2,19.02,0,2678100,7205,51173023.0,1,02,010,BRBRAPACNPR2,148,PN      N1,BRADESPAR
2024-10-18,BRAP4,BRAP4,19.27,19.36,18.98,18.98,18.98,2328900,19.27,19.36,18.98,18.98,1.0,19.36,18.98,0,2328900,7504,44467830.0,1,02,010,BRBRAPACNPR2,148,PN      N1,BRADESPAR
2024-10-21,BRAP4,BRAP4,19.1,19.22,18.98,19.0,19.0,2921300,19.1,19.22,18.98,19.0,1.0,19.22,18.98,0,2921300,6806,55653891.0,1,02,010,BRBRAPACNPR2,148,PN      N1,BRADESPAR
2024-10-22,BRAP4,BRAP4,19.01,19.14,18.88,19.08,19.08,2933600,19.01,19.14,18.88,19.08,1.0,19.14,18.88,0,2933600,7503,55730390.0,1,02,010,BRBRAPACNPR2,148,PN      N1,BRADESPAR
2024-10-23,BRAP4,BRAP4,18.9,18.97,18.7,18.7,18.7,6130800,18.9,18.97,18.7,18.7,1.0,18.97,18.7,0,6130800,7556,115162707.0,1,02,010,BRBRAPACNPR2,148,PN      N1,BRADESPAR
2024-10-24,BRAP4,BRAP4,18.69,18.83,18.64,18.81,18.81,2678800,18.69,18.83,18.64,18.81,1.0,18.83,18.64,0,2678800,7210,50289856.0,1,02,010,BRBRAPACNPR2,148,PN      N1,BRADESPAR
2024-10-25,BRAP4,BRAP4,19.05,19.64,18.99,19.38,19.38,5401900,19.05,19.64,18.99,19.38,1.0,19.64,18.99,0,5401900,16950,104891179.0,1,02,010,BRBRAPACNPR2,148,PN      N1,BRADESPAR
2024-10-28,BRAP4,BRAP4,19.57,19.75,19.5,19.72,19.72,2528800,19.57,19.75,19.5,19.72,1.0,19.75,19.5,0,2528800,6016,49790680.0,1,02,010,BRBRAPACNPR2,148,PN      N1,BRADESPAR
2024-10-29,BRAP4,BRAP4,19.85,19.99,19.7,19.7,19.7,7654900,19.85,19.99,19.7,19.7,1.0,19.99,19.7,0,7654900,36292,152008594.0,1,02,010,BRBRAPACNPR2,148,PN      N1,BRADESPAR
2024-10-30,BRAP4,BRAP4,19.66,19.8,19.6,19.71,19.71,5947900,19.66,19.8,19.6,19.71,1.0,19.8,19.6,0,5947900,33287,117406136.0,1,02,010,BRBRAPACNPR2,148,PN      N1,BRADESPAR
2024-10-31,BRAP4,BRAP4,19.71,19.89,19.6,19.64,19.64,4058600,19.71,19.89,19.6,19.64,1.0,19.89,19.6,0,4058600,10724,79990475.0,1,02,010,BRBRAPACNPR2,148,PN      N1,BRADESPAR
2024-11-01,BRAP4,BRAP4,19.84,19.99,19.73,19.77,19.77,13723300,19.84,19.99,19.73,19.77,1.0,19.99,19.73,0,13723300,23447,272375100.0,1,02,010,BRBRAPACNPR2,148,PN      N1,BRADESPAR
2024-11-04,BRAP4,BRAP4,19.95,20.26,19.86,20.11,20.11,6963900,19.95,20.26,19.86,20.11,1.0,20.26,19.86,0,6963900,16560,140027258.0,1,02,010,BRBRAPACNPR2,148,PN      N1,BRADESPAR
2024-11-05,BRAP4,BRAP4,20.16,20.38,19.85,19.9,19.9,5522300,20.16,20.38,19.85,19.9,1.0,20.38,19.85,0,5522300,13070,110758262.0,1,02,010,BRBRAPACNPR2,148,PN      N1,BRADESPAR
2024-11-06,BRAP4,BRAP4,19.65,19.8,19.51,19.66,19.66,4454400,19.65,19.8,19.51,19.66,1.0,19.8,19.51,0,4454400,12577,87614387.0,1,02,010,BRBRAPACNPR2,148,PN      N1,BRADESPAR
2024-11-07,BRAP4,BRAP4,19.8,20.47,19.78,20.22,20.22,10906000,19.8,20.47,19.78,20.22,1.0,20.47,19.78,0,10906000,25643,221321952.0,1,02,010,BRBRAPACNPR2,148,PN      N1,BRADESPAR
2024-11-08,BRAP4,BRAP4,19.75,19.77,19.06,19.36,19.36,10068900,19.75,19.77,19.06,19.36,1.0,19.77,19.06,0,10068900,15748,195303333.0,1,02,010,BRBRAPACNPR2,148,PN      N1,BRADESPAR
2024-11-11,BRAP4,BRAP4,19.18,19.19,18.94,19.0,19.0,7255800,19.18,19.19,18.94,19.0,1.0,19.19,18.94,0,7255800,15293,138156129.0,1,02,010,BRBRAPACNPR2,148,PN      N1,BRADESPAR
2024-11-12,BRAP4,BRAP4,19.0,19.0,18.55,18.56,18.56,8219600,19.0,19.0,18.55,18.56,1.0,19.0,18.55,0,8219600,18334,153701552.0,1,02,010,BRBRAPACNPR2,148,PN      N1,BRADESPAR
2024-11-13,BRAP4,BRAP4,17.75,17.91,17.6,17.62,17.62,10250000,17.75,17.91,17.6,17.62,1.0,17.91,17.6,0,10250000,24662,181518935.0,1,02,010,BRBRAPACNPR2,149,PN  EJ  N1,BRADESPAR
2024-11-14,BRAP4,BRAP4,17.61,17.76,17.54,17.62,17.62,7233000,17.61,17.76,17.54,17.62,1.0,17.76,17.54,0,7233000,13051,127531986.0,1,02,010,BRBRAPACNPR2,149,PN  EJ  N1,BRADESPAR
2024-11-18,BRAP4,BRAP4,17.67,17.85,17.54,17.78,17.78,4961000,17.67,17.85,17.54,17.78,1.0,17.85,17.54,0,4961000,8361,88016458.0,1,02,010,BRBRAPACNPR2,149,PN  EJ  N1,BRADESPAR
2024-11-19,BRAP4,BRAP4,17.87,17.94,17.74,17.85,17.85,3794900,17.87,17.94,17.74,17.85,1.0,17.94,17.74,0,3794900,7395,67749543.0,1,02,010,BRBRAPACNPR2,149,PN  EJ  N1,BRADESPAR
2024-11-21,BRAP4,BRAP4,17.74,17.87,17.71,17.78,17.78,8568600,17.74,17.87,17.71,17.78,1.0,17.87,17.71,0,8568600,10014,152377538.0,1,02,010,BRBRAPACNPR2,149,PN  EJ  N1,BRADESPAR
2024-11-22,BRAP4,BRAP4,17.8,18.05,17.67,18.05,18.05,6669400,17.8,18.05,17.67,18.05,1.0,18.05,17.67,0,6669400,8749,119224019.0,1,02,010,BRBRAPACNPR2,149,PN  EJ  N1,BRADESPAR
2024-11-25,BRAP4,BRAP4,17.97,18.19,17.95,18.06,18.06,5144700,17.97,18.19,17.95,18.06,1.0,18.19,17.95,0,5144700,8095,92988488.0,1,02,010,BRBRAPACNPR2,149,PN  EJ  N1,BRADESPAR
2024-11-26,BRAP4,BRAP4,18.18,18.24,17.89,17.99,17.99,4756500,18.18,18.24,17.89,17.99,1.0,18.24,17.89,0,4756500,9693,85532474.0,1,02,010,BRBRAPACNPR2,149,PN  EJ  N1,BRADESPAR
2024-11-27,BRAP4,BRAP4,18.05,18.26,18.04,18.24,18.24,4669700,18.05,18.26,18.04,18.24,1.0,18.26,18.04,0,4669700,10317,84878485.0,1,02,010,BRBRAPACNPR2,149,PN      N1,BRADESPAR
2024-11-28,BRAP4,BRAP4,18.21,18.34,17.88,18.04,18.04,3328300,18.21,18.34,17.88,18.04,1.0,18.34,17.88,0,3328300,7877,60343400.0,1,02,010,BRBRAPACNPR2,149,PN      N1,BRADESPAR
2024-11-29,BRAP4,BRAP4,18.21,18.47,18.09,18.45,18.45,5293900,18.21,18.47,18.09,18.45,1.0,18.47,18.09,0,5293900,10120,96960606.0,1,02,010,BRBRAPACNPR2,149,PN      N1,BRADESPAR
2024-12-02,BRAP4,BRAP4,18.51,18.52,18.33,18.38,18.38,3460400,18.51,18.52,18.33,18.38,1.0,18.52,18.33,0,3460400,8840,63650846.0,1,02,010,BRBRAPACNPR2,149,PN      N1,BRADESPAR
2024-12-03,BRAP4,BRAP4,18.4,18.47,18.13,18.15,18.15,3512300,18.4,18.47,18.13,18.15,1.0,18.47,18.13,0,3512300,7839,63997662.0,1,02,010,BRBRAPACNPR2,149,PN      N1,BRADESPAR
2024-12-04,BRAP4,BRAP4,18.09,18.13,17.62,17.65,17.65,4777900,18.09,18.13,17.62,17.65,1.0,18.13,17.62,0,4777900,8159,85007447.0,1,02,010,BRBRAPACNPR2,149,PN      N1,BRADESPAR
2024-12-05,BRAP4,BRAP4,17.8,17.82,17.62,17.8,17.8,3774100,17.8,17.82,17.62,17.8,1.0,17.82,17.62,0,3774100,6953,66861086.0,1,02,010,BRBRAPACNPR2,149,PN      N1,BRADESPAR
2024-12-06,BRAP4,BRAP4,17.71,17.77,17.42,17.48,17.48,3437300,17.71,17.77,17.42,17.48,1.0,17.77,17.42,0,3437300,8824,60305491.0,1,02,010,BRBRAPACNPR2,149,PN      N1,BRADESPAR
2024-12-09,BRAP4,BRAP4,17.94,18.46,17.92,18.35,18.35,7336000,17.94,18.46,17.92,18.35,1.0,18.46,17.92,0,7336000,9313,134396673.0,1,02,010,BRBRAPACNPR2,149,PN      N1,BRADESPAR
2024-12-10,BRAP4,BRAP4,18.4,18.42,18.22,18.38,18.38,2909200,18.4,18.42,18.22,18.38,1.0,18.42,18.22,0,2909200,4929,53317447.0,1,02,010,BRBRAPACNPR2,149,PN      N1,BRADESPAR
2024-12-11,BRAP4,BRAP4,18.37,18.44,18.02,18.3,18.3,5898400,18.37,18.44,18.02,18.3,1.0,18.44,18.02,0,5898400,9582,107635360.0,1,02,010,BRBRAPACNPR2,149,PN      N1,BRADESPAR
2024-12-12,BRAP4,BRAP4,18.08,18.21,17.61,17.88,17.88,4935000,18.08,18.21,17.61,17.88,1.0,18.21,17.61,0,4935000,10222,87802641.0,1,02,010,BRBRAPACNPR2,149,PN      N1,BRADESPAR
2024-12-13,BRAP4,BRAP4,17.79,17.83,17.5,17.51,17.51,2707800,17.79,17.83,17.5,17.51,1.0,17.83,17.5,0,2707800,5830,47681604.0,1,02,010,BRBRAPACNPR2,149,PN      N1,BRADESPAR
2024-12-16,BRAP4,BRAP4,17.53,17.65,17.35,17.36,17.36,3850600,17.53,17.65,17.35,17.36,1.0,17.65,17.35,0,3850600,7370,67256943.0,1,02,010,BRBRAPACNPR2,149,PN      N1,BRADESPAR
2024-12-17,BRAP4,BRAP4,17.42,17.82,17.38,17.48,17.48,6219500,17.42,17.82,17.38,17.48,1.0,17.82,17.38,0,6219500,14478,109564427.0,1,02,010,BRBRAPACNPR2,149,PN      N1,BRADESPAR
2024-12-18,BRAP4,BRAP4,17.45,17.46,17.06,17.2,17.2,4104500,17.45,17.46,17.06,17.2,1.0,17.46,17.06,0,4104500,11301,70648767.0,1,02,010,BRBRAPACNPR2,149,PN      N1,BRADESPAR
2024-12-19,BRAP4,BRAP4,17.21,17.29,16.94,17.07,17.07,3148400,17.21,17.29,16.94,17.07,1.0,17.29,16.94,0,3148400,6846,53769548.0,1,02,010,BRBRAPACNPR2,149,PN      N1,BRADESPAR
2024-12-20,BRAP4,BRAP4,16.87,16.95,16.6,16.86,16.86,5344300,16.87,16.95,16.6,16.86,1.0,16.95,16.6,0,5344300,9429,89837527.0,1,02,010,BRBRAPACNPR2,150,PN  EJ  N1,BRADESPAR
2024-12-23,BRAP4,BRAP4,16.9,17.02,16.74,16.74,16.74,2653700,16.9,17.02,16.74,16.74,1.0,17.02,16.74,0,2653700,7077,44750911.0,1,02,010,BRBRAPACNPR2,150,PN  EJ  N1,BRADESPAR
2024-12-26,BRAP4,BRAP4,16.72,16.9,16.57,16.72,16.72,2473000,16.72,16.9,16.57,16.72,1.0,16.9,16.57,0,2473000,6117,41390243.0,1,02,010,BRBRAPACNPR2,150,PN  EJ  N1,BRADESPAR
2024-12-27,BRAP4,BRAP4,16.71,16.73,16.52,16.61,16.61,2438300,16.71,16.73,16.52,16.61,1.0,16.73,16.52,0,2438300,7240,40539350.0,1,02,010,BRBRAPACNPR2,150,PN  EJ  N1,BRADESPAR
2024-12-30,BRAP4,BRAP4,16.66,16.76,16.58,16.58,16.58,1699200,16.66,16.76,16.58,16.58,1.0,16.76,16.58,0,1699200,5694,28285185.0,1,02,010,BRBRAPACNPR2,150,PN  EJ  N1,BRADESPAR
2025-01-02,BRAP4,BRAP4,16.58,16.61,16.38,16.49,16.49,2552900,16.58,16.61,16.38,16.49,1.0,16.61,16.38,0,2552900,8183,42069715.0,1,02,010,BRBRAPACNPR2,150,PN  EJ  N1,BRADESPAR
2025-01-03,BRAP4,BRAP4,16.39,16.42,16.0,16.02,16.02,4169800,16.39,16.42,16.0,16.02,1.0,16.42,16.0,0,4169800,9776,67276586.0,1,02,010,BRBRAPACNPR2,150,PN  EJ  N1,BRADESPAR
2025-01-06,BRAP4,BRAP4,16.15,16.29,16.01,16.07,16.07,3461400,16.15,16.29,16.01,16.07,1.0,16.29,16.01,0,3461400,8080,55837803.0,1,02,010,BRBRAPACNPR2,150,PN  EJ  N1,BRADESPAR
2025-01-07,BRAP4,BRAP4,16.11,16.17,15.83,15.91,15.91,3012000,16.11,16.17,15.83,15.91,1.0,16.17,15.83,0,3012000,7190,48101225.0,1,02,010,BRBRAPACNPR2,150,PN      N1,BRADESPAR
2025-01-08,BRAP4,BRAP4,15.86,15.89,15.64,15.64,15.64,3096900,15.86,15.89,15.64,15.64,1.0,15.89,15.64,0,3096900,9096,48674964.0,1,02,010,BRBRAPACNPR2,150,PN      N1,BRADESPAR
2025-01-09,BRAP4,BRAP4,15.7,15.82,15.56,15.6,15.6,2284400,15.7,15.82,15.56,15.6,1.0,15.82,15.56,0,2284400,6161,35894817.0,1,02,010,BRBRAPACNPR2,150,PN      N1,BRADESPAR
2025-01-10,BRAP4,BRAP4,15.65,15.91,15.56,15.73,15.73,2935000,15.65,15.91,15.56,15.73,1.0,15.91,15.56,0,2935000,8854,46180065.0,1,02,010,BRBRAPACNPR2,150,PN      N1,BRADESPAR
2025-01-13,BRAP4,BRAP4,15.75,15.81,15.48,15.53,15.53,3301700,15.75,15.81,15.48,15.53,1.0,15.81,15.48,0,3301700,6205,51467804.0,1,02,010,BRBRAPACNPR2,150,PN      N1,BRADESPAR
2025-01-14,BRAP4,BRAP4,15.61,15.79,15.57,15.71,15.71,3630700,15.61,15.79,15.57,15.71,1.0,15.79,15.57,0,3630700,6953,57004361.0,1,02,010,BRBRAPACNPR2,150,PN      N1,BRADESPAR
2025-01-15,BRAP4,BRAP4,15.82,16.14,15.73,16.02,16.02,4262000,15.82,16.14,15.73,16.02,1.0,16.14,15.73,0,4262000,10956,67768538.0,1,02,010,BRBRAPACNPR2,150,PN      N1,BRADESPAR
2025-01-16,BRAP4,BRAP4,15.86,16.34,15.51,16.24,16.24,7254100,15.86,16.34,15.51,16.24,1.0,16.34,15.51,0,7254100,10425,116486502.0,1,02,010,BRBRAPACNPR2,150,PN      N1,BRADESPAR
2025-01-17,BRAP4,BRAP4,16.39,16.7,16.34,16.68,16.68,4079500,16.39,16.7,16.34,16.68,1.0,16.7,16.34,0,4079500,7978,67636097.0,1,02,010,BRBRAPACNPR2,150,PN      N1,BRADESPAR
2025-01-20,BRAP4,BRAP4,16.67,16.72,16.49,16.7,16.7,2506500,16.67,16.72,16.49,16.7,1.0,16.72,16.49,0,2506500,5942,41662091.0,1,02,010,BRBRAPACNPR2,150,PN      N1,BRADESPAR
2025-01-21,BRAP4,BRAP4,16.74,16.79,16.48,16.66,16.66,4305900,16.74,16.79,16.48,16.66,1.0,16.79,16.48,0,4305900,5164,71699709.0,1,02,010,BRBRAPACNPR2,150,PN      N1,BRADESPAR
2025-01-22,BRAP4,BRAP4,16.75,16.76,16.23,16.32,16.32,3208200,16.75,16.76,16.23,16.32,1.0,16.76,16.23,0,3208200,7318,52678650.0,1,02,010,BRBRAPACNPR2,150,PN      N1,BRADESPAR
2025-01-23,BRAP4,BRAP4,16.34,16.43,16.15,16.23,16.23,3052800,16.34,16.43,16.15,16.23,1.0,16.43,16.15,0,3052800,7431,49546762.0,1,02,010,BRBRAPACNPR2,150,PN      N1,BRADESPAR
2025-01-24,BRAP4,BRAP4,16.33,16.44,16.24,16.3,16.3,2082200,16.33,16.44,16.24,16.3,1.0,16.44,16.24,0,2082200,4770,34008535.0,1,02,010,BRBRAPACNPR2,150,PN      N1,BRADESPAR
2025-01-27,BRAP4,BRAP4,16.23,16.53,16.19,16.48,16.48,3267100,16.23,16.53,16.19,16.48,1.0,16.53,16.19,0,3267100,6073,53770810.0,1,02,010,BRBRAPACNPR2,150,PN      N1,BRADESPAR
2025-01-28,BRAP4,BRAP4,16.47,16.47,16.13,16.2,16.2,2776500,16.47,16.47,16.13,16.2,1.0,16.47,16.13,0,2776500,4576,45093873.0,1,02,010,BRBRAPACNPR2,150,PN      N1,BRADESPAR
2025-01-29,BRAP4,BRAP4,16.31,16.41,16.19,16.3,16.3,1836200,16.31,16.41,16.19,16.3,1.0,16.41,16.19,0,1836200,3885,29972301.0,1,02,010,BRBRAPACNPR2,150,PN      N1,BRADESPAR
2025-01-30,BRAP4,BRAP4,16.33,17.1,16.33,16.93,16.93,2478100,16.33,17.1,16.33,16.93,1.0,17.1,16.33,0,2478100,6962,41820072.0,1,02,010,BRBRAPACNPR2,150,PN      N1,BRADESPAR
2025-01-31,BRAP4,BRAP4,16.93,16.99,16.61,16.65,16.65,3068100,16.93,16.99,16.61,16.65,1.0,16.99,16.61,0,3068100,7008,51408523.0,1,02,010,BRBRAPACNPR2,150,PN      N1,BRADESPAR
2025-02-03,BRAP4,BRAP4,16.55,16.73,16.52,16.64,16.64,2006700,16.55,16.73,16.52,16.64,1.0,16.73,16.52,0,2006700,6203,33342419.0,1,02,010,BRBRAPACNPR2,150,PN      N1,BRADESPAR
2025-02-04,BRAP4,BRAP4,16.55,16.7,16.46,16.54,16.54,1744200,16.55,16.7,16.46,16.54,1.0,16.7,16.46,0,1744200,4729,28843153.0,1,02,010,BRBRAPACNPR2,150,PN      N1,BRADESPAR
2025-02-05,BRAP4,BRAP4,16.5,16.64,16.42,16.55,16.55,3377500,16.5,16.64,16.42,16.55,1.0,16.64,16.42,0,3377500,4837,55895959.0,1,02,010,BRBRAPACNPR2,150,PN      N1,BRADESPAR
2025-02-06,BRAP4,BRAP4,16.76,16.92,16.72,16.83,16.83,3502400,16.76,16.92,16.72,16.83,1.0,16.92,16.72,0,3502400,8576,58947825.0,1,02,010,BRBRAPACNPR2,150,PN      N1,BRADESPAR
2025-02-07,BRAP4,BRAP4,16.83,16.95,16.61,16.75,16.75,2983100,16.83,16.95,16.61,16.75,1.0,16.95,16.61,0,2983100,4663,49892755.0,1,02,010,BRBRAPACNPR2,150,PN      N1,BRADESPAR
2025-02-10,BRAP4,BRAP4,16.81,16.85,16.68,16.79,16.79,3112000,16.81,16.85,16.68,16.79,1.0,16.85,16.68,0,3112000,4815,52135668.0,1,02,010,BRBRAPACNPR2,150,PN      N1,BRADESPAR
2025-02-11,BRAP4,BRAP4,16.68,16.88,16.5,16.84,16.84,3009900,16.68,16.88,16.5,16.84,1.0,16.88,16.5,0,3009900,8058,50404324.0,1,02,010,BRBRAPACNPR2,150,PN      N1,BRADESPAR
2025-02-12,BRAP4,BRAP4,16.72,16.8,16.6,16.62,16.62,3505800,16.72,16.8,16.6,16.62,1.0,16.8,16.6,0,3505800,8604,58500366.0,1,02,010,BRBRAPACNPR2,150,PN      N1,BRADESPAR
2025-02-13,BRAP4,BRAP4,16.62,16.7,16.48,16.7,16.7,2648400,16.62,16.7,16.48,16.7,1.0,16.7,16.48,0,2648400,7098,44025784.0,1,02,010,BRBRAPACNPR2,150,PN      N1,BRADESPAR
2025-02-14,BRAP4,BRAP4,16.78,17.03,16.77,16.93,16.93,2584500,16.78,17.03,16.77,16.93,1.0,17.03,16.77,0,2584500,6467,43645833.0,1,02,010,BRBRAPACNPR2,150,PN      N1,BRADESPAR
2025-02-17,BRAP4,BRAP4,16.9,17.03,16.83,16.84,16.84,1594300,16.9,17.03,16.83,16.84,1.0,17.03,16.83,0,1594300,4538,26967970.0,1,02,010,BRBRAPACNPR2,150,PN      N1,BRADESPAR
2025-02-18,BRAP4,BRAP4,16.95,17.08,16.88,16.88,16.88,1646700,16.95,17.08,16.88,16.88,1.0,17.08,16.88,0,1646700,4253,27951797.0,1,02,010,BRBRAPACNPR2,150,PN      N1,BRADESPAR
2025-02-19,BRAP4,BRAP4,16.8,16.9,16.63,16.85,16.85,2730200,16.8,16.9,16.63,16.85,1.0,16.9,16.63,0,2730200,5191,45854639.0,1,02,010,BRBRAPACNPR2,150,PN      N1,BRADESPAR
2025-02-20,BRAP4,BRAP4,17.12,17.53,17.05,17.29,17.29,5186200,17.12,17.53,17.05,17.29,1.0,17.53,17.05,0,5186200,8621,89465753.0,1,02,010,BRBRAPACNPR2,150,PN      N1,BRADESPAR
2025-02-21,BRAP4,BRAP4,17.29,17.51,17.24,17.46,17.46,3855900,17.29,17.51,17.24,17.46,1.0,17.51,17.24,0,3855900,7381,67176424.0,1,02,010,BRBRAPACNPR2,150,PN      N1,BRADESPAR
2025-02-24,BRAP4,BRAP4,17.39,17.62,17.25,17.33,17.33,2344700,17.39,17.62,17.25,17.33,1.0,17.62,17.25,0,2344700,6386,40796113.0,1,02,010,BRBRAPACNPR2,150,PN      N1,BRADESPAR
2025-02-25,BRAP4,BRAP4,17.24,17.28,17.12,17.17,17.17,1794400,17.24,17.28,17.12,17.17,1.0,17.28,17.12,0,1794400,6006,30854388.0,1,02,010,BRBRAPACNPR2,150,PN      N1,BRADESPAR
2025-02-26,BRAP4,BRAP4,17.28,17.34,17.09,17.12,17.12,1637800,17.28,17.34,17.09,17.12,1.0,17.34,17.09,0,1637800,4005,28191667.0,1,02,010,BRBRAPACNPR2,150,PN      N1,BRADESPAR
2025-02-27,BRAP4,BRAP4,17.13,17.27,16.78,16.95,16.95,3836700,17.13,17.27,16.78,16.95,1.0,17.27,16.78,0,3836700,8033,65233300.0,1,02,010,BRBRAPACNPR2,150,PN      N1,BRADESPAR
2025-02-28,BRAP4,BRAP4,16.79,16.9,16.57,16.6,16.6,2433500,16.79,16.9,16.57,16.6,1.0,16.9,16.57,0,2433500,7661,40608404.0,1,02,010,BRBRAPACNPR2,150,PN      N1,BRADESPAR
2025-03-05,BRAP4,BRAP4,16.61,16.82,16.61,16.76,16.76,2347900,16.61,16.82,16.61,16.76,1.0,16.82,16.61,0,2347900,5194,39258474.0,1,02,010,BRBRAPACNPR2,150,PN      N1,BRADESPAR
2025-03-06,BRAP4,BRAP4,16.76,16.98,16.68,16.85,16.85,4711700,16.76,16.98,16.68,16.85,1.0,16.98,16.68,0,4711700,9608,79172335.0,1,02,010,BRBRAPACNPR2,150,PN      N1,BRADESPAR
2025-03-07,BRAP4,BRAP4,16.8,17.19,16.61,17.14,17.14,3340100,16.8,17.19,16.61,17.14,1.0,17.19,16.61,0,3340100,9313,56783900.0,1,02,010,BRBRAPACNPR2,150,PN      N1,BRADESPAR
2025-03-10,BRAP4,BRAP4,16.85,16.97,16.64,16.86,16.86,4078800,16.85,16.97,16.64,16.86,1.0,16.97,16.64,0,4078800,9256,68523184.0,1,02,010,BRBRAPACNPR2,150,PN      N1,BRADESPAR
2025-03-11,BRAP4,BRAP4,16.91,16.99,16.66,16.97,16.97,2167600,16.91,16.99,16.66,16.97,1.0,16.99,16.66,0,2167600,6756,36512447.0,1,02,010,BRBRAPACNPR2,150,PN      N1,BRADESPAR
2025-03-12,BRAP4,BRAP4,16.96,16.96,16.6,16.72,16.72,1910900,16.96,16.96,16.6,16.72,1.0,16.96,16.6,0,1910900,5783,31914621.0,1,02,010,BRBRAPACNPR2,150,PN      N1,BRADESPAR
2025-03-13,BRAP4,BRAP4,16.75,17.19,16.69,17.03,17.03,2056800,16.75,17.19,16.69,17.03,1.0,17.19,16.69,0,2056800,4916,35029722.0,1,02,010,BRBRAPACNPR2,150,PN      N1,BRADESPAR
2025-03-14,BRAP4,BRAP4,17.19,17.62,17.1,17.5,17.5,3754000,17.19,17.62,17.1,17.5,1.0,17.62,17.1,0,3754000,11722,65581596.0,1,02,010,BRBRAPACNPR2,150,PN      N1,BRADESPAR
2025-03-17,BRAP4,BRAP4,17.58,17.83,17.42,17.75,17.75,2752500,17.58,17.83,17.42,17.75,1.0,17.83,17.42,0,2752500,6200,48744525.0,1,02,010,BRBRAPACNPR2,150,PN      N1,BRADESPAR
2025-03-18,BRAP4,BRAP4,17.85,17.86,17.59,17.8,17.8,1647300,17.85,17.86,17.59,17.8,1.0,17.86,17.59,0,1647300,5054,29245043.0,1,02,010,BRBRAPACNPR2,150,PN      N1,BRADESPAR
2025-03-19,BRAP4,BRAP4,17.76,17.92,17.66,17.74,17.74,4479000,17.76,17.92,17.66,17.74,1.0,17.92,17.66,0,4479000,9839,79536296.0,1,02,010,BRBRAPACNPR2,150,PN      N1,BRADESPAR
2025-03-20,BRAP4,BRAP4,17.64,17.86,17.51,17.76,17.76,4144800,17.64,17.86,17.51,17.76,1.0,17.86,17.51,0,4144800,10860,73536442.0,1,02,010,BRBRAPACNPR2,150,PN      N1,BRADESPAR
2025-03-21,BRAP4,BRAP4,18.02,18.13,17.75,17.93,17.93,7533900,18.02,18.13,17.75,17.93,1.0,18.13,17.75,0,7533900,8835,135014866.0,1,02,010,BRBRAPACNPR2,150,PN      N1,BRADESPAR
2025-03-24,BRAP4,BRAP4,18.2,18.29,17.98,18.06,18.06,3647200,18.2,18.29,17.98,18.06,1.0,18.29,17.98,0,3647200,6868,65999518.0,1,02,010,BRBRAPACNPR2,150,PN      N1,BRADESPAR
2025-03-25,BRAP4,BRAP4,18.04,18.3,18.01,18.13,18.13,3823900,18.04,18.3,18.01,18.13,1.0,18.3,18.01,0,3823900,9186,69520963.0,1,02,010,BRBRAPACNPR2,150,PN      N1,BRADESPAR
2025-03-26,BRAP4,BRAP4,18.05,18.39,18.04,18.24,18.24,3638300,18.05,18.39,18.04,18.24,1.0,18.39,18.04,0,3638300,8753,66460388.0,1,02,010,BRBRAPACNPR2,150,PN      N1,BRADESPAR
2025-03-27,BRAP4,BRAP4,18.4,18.52,18.28,18.38,18.38,2742500,18.4,18.52,18.28,18.38,1.0,18.52,18.28,0,2742500,5990,50554320.0,1,02,010,BRBRAPACNPR2,150,PN      N1,BRADESPAR
2025-03-28,BRAP4,BRAP4,18.4,18.45,18.17,18.23,18.23,2703100,18.4,18.45,18.17,18.23,1.0,18.45,18.17,0,2703100,6204,49398522.0,1,02,010,BRBRAPACNPR2,150,PN      N1,BRADESPAR
2025-03-31,BRAP4,BRAP4,18.05,18.09,17.81,17.91,17.91,3400400,18.05,18.09,17.81,17.91,1.0,18.09,17.81,0,3400400,6619,61045202.0,1,02,010,BRBRAPACNPR2,150,PN      N1,BRADESPAR
2025-04-01,BRAP4,BRAP4,17.98,18.4,17.91,18.05,18.05,7367700,17.98,18.4,17.91,18.05,1.0,18.4,17.91,0,7367700,9217,134114318.0,1,02,010,BRBRAPACNPR2,150,PN      N1,BRADESPAR
2025-04-02,BRAP4,BRAP4,18.05,18.12,17.84,17.87,17.87,3779600,18.05,18.12,17.84,17.87,1.0,18.12,17.84,0,3779600,8515,67706025.0,1,02,010,BRBRAPACNPR2,150,PN      N1,BRADESPAR
2025-04-03,BRAP4,BRAP4,17.54,17.63,17.3,17.33,17.33,6464000,17.54,17.63,17.3,17.33,1.0,17.63,17.3,0,6464000,12821,112625232.0,1,02,010,BRBRAPACNPR2,150,PN      N1,BRADESPAR
2025-04-04,BRAP4,BRAP4,16.87,16.99,16.44,16.71,16.71,8749800,16.87,16.99,16.44,16.71,1.0,16.99,16.44,0,8749800,13237,146458102.0,1,02,010,BRBRAPACNPR2,150,PN      N1,BRADESPAR
2025-04-07,BRAP4,BRAP4,16.36,17.01,16.32,16.52,16.52,5273500,16.36,17.01,16.32,16.52,1.0,17.01,16.32,0,5273500,12520,87497373.0,1,02,010,BRBRAPACNPR2,150,PN      N1,BRADESPAR
2025-04-08,BRAP4,BRAP4,16.67,16.86,15.89,15.9,15.9,9151600,16.67,16.86,15.89,15.9,1.0,16.86,15.89,0,9151600,12867,147670567.0,1,02,010,BRBRAPACNPR2,150,PN      N1,BRADESPAR
2025-04-09,BRAP4,BRAP4,15.87,16.87,15.76,16.72,16.72,10636100,15.87,16.87,15.76,16.72,1.0,16.87,15.76,0,10636100,16957,174221537.0,1,02,010,BRBRAPACNPR2,150,PN      N1,BRADESPAR
2025-04-10,BRAP4,BRAP4,16.79,16.98,16.64,16.9,16.9,4973900,16.79,16.98,16.64,16.9,1.0,16.98,16.64,0,4973900,6004,83696529.0,1,02,010,BRBRAPACNPR2,150,PN      N1,BRADESPAR
2025-04-11,BRAP4,BRAP4,16.94,17.3,16.81,17.17,17.17,4019900,16.94,17.3,16.81,17.17,1.0,17.3,16.81,0,4019900,7471,68573504.0,1,02,010,BRBRAPACNPR2,150,PN      N1,BRADESPAR
2025-04-14,BRAP4,BRAP4,17.41,17.56,17.36,17.44,17.44,3564000,17.41,17.56,17.36,17.44,1.0,17.56,17.36,0,3564000,14013,62212986.0,1,02,010,BRBRAPACNPR2,150,PN      N1,BRADESPAR
2025-04-15,BRAP4,BRAP4,17.42,17.47,17.03,17.12,17.12,3723400,17.42,17.47,17.03,17.12,1.0,17.47,17.03,0,3723400,6430,63861610.0,1,02,010,BRBRAPACNPR2,150,PN      N1,BRADESPAR
2025-04-16,BRAP4,BRAP4,17.04,17.07,16.72,16.82,16.82,4048000,17.04,17.07,16.72,16.82,1.0,17.07,16.72,0,4048000,8359,68103348.0,1,02,010,BRBRAPACNPR2,150,PN      N1,BRADESPAR
2025-04-17,BRAP4,BRAP4,16.81,17.16,16.67,17.0,17.0,5175800,16.81,17.16,16.67,17.0,1.0,17.16,16.67,0,5175800,6134,87882170.0,1,02,010,BRBRAPACNPR2,150,PN      N1,BRADESPAR
2025-04-22,BRAP4,BRAP4,17.06,17.4,16.95,17.27,17.27,5332600,17.06,17.4,16.95,17.27,1.0,17.4,16.95,0,5332600,8460,91695769.0,1,02,010,BRBRAPACNPR2,150,PN      N1,BRADESPAR
2025-04-23,BRAP4,BRAP4,17.51,17.87,17.51,17.55,17.55,8383000,17.51,17.87,17.51,17.55,1.0,17.87,17.51,0,8383000,9723,148165440.0,1,02,010,BRBRAPACNPR2,150,PN      N1,BRADESPAR
2025-04-24,BRAP4,BRAP4,17.64,17.99,17.57,17.93,17.93,5732300,17.64,17.99,17.57,17.93,1.0,17.99,17.57,0,5732300,8655,102372243.0,1,02,010,BRBRAPACNPR2,150,PN      N1,BRADESPAR
2025-04-25,BRAP4,BRAP4,17.75,17.84,17.51,17.59,17.59,8768100,17.75,17.84,17.51,17.59,1.0,17.84,17.51,0,8768100,11887,154431357.0,1,02,010,BRBRAPACNPR2,150,PN      N1,BRADESPAR
2025-04-28,BRAP4,BRAP4,16.51,16.62,16.39,16.62,16.62,8293900,16.51,16.62,16.39,16.62,1.0,16.62,16.39,0,8293900,12532,137051547.0,1,02,010,BRBRAPACNPR2,151,PN  ED  N1,BRADESPAR
2025-04-29,BRAP4,BRAP4,16.64,16.7,16.48,16.53,16.53,4342400,16.64,16.7,16.48,16.53,1.0,16.7,16.48,0,4342400,7910,71888563.0,1,02,010,BRBRAPACNPR2,151,PN  ED  N1,BRADESPAR
2025-04-30,BRAP4,BRAP4,16.3,16.33,16.09,16.19,16.19,4921400,16.3,16.33,16.09,16.19,1.0,16.33,16.09,0,4921400,10240,79751342.0,1,02,010,BRBRAPACNPR2,151,PN  ED  N1,BRADESPAR
2025-05-02,BRAP4,BRAP4,16.29,16.42,16.15,16.23,16.23,3362500,16.29,16.42,16.15,16.23,1.0,16.42,16.15,0,3362500,5796,54676750.0,1,02,010,BRBRAPACNPR2,151,PN  ED  N1,BRADESPAR
2025-05-05,BRAP4,BRAP4,16.28,16.28,16.06,16.15,16.15,3016000,16.28,16.28,16.06,16.15,1.0,16.28,16.06,0,3016000,5560,48644223.0,1,02,010,BRBRAPACNPR2,151,PN  ED  N1,BRADESPAR
2025-05-06,BRAP4,BRAP4,16.18,16.26,16.05,16.11,16.11,2903200,16.18,16.26,16.05,16.11,1.0,16.26,16.05,0,2903200,6282,46904336.0,1,02,010,BRBRAPACNPR2,151,PN  ED  N1,BRADESPAR
2025-05-07,BRAP4,BRAP4,16.2,16.2,16.0,16.05,16.05,3479800,16.2,16.2,16.0,16.05,1.0,16.2,16.0,0,3479800,5629,55997714.0,1,02,010,BRBRAPACNPR2,151,PN  ED  N1,BRADESPAR
2025-05-08,BRAP4,BRAP4,16.14,16.16,15.99,16.08,16.08,2758600,16.14,16.16,15.99,16.08,1.0,16.16,15.99,0,2758600,5512,44344437.0,1,02,010,BRBRAPACNPR2,151,PN  ED  N1,BRADESPAR
2025-05-09,BRAP4,BRAP4,16.08,16.18,16.03,16.17,16.17,2744500,16.08,16.18,16.03,16.17,1.0,16.18,16.03,0,2744500,4360,44233358.0,1,02,010,BRBRAPACNPR2,151,PN      N1,BRADESPAR
2025-05-12,BRAP4,BRAP4,16.56,16.72,16.5,16.61,16.61,5744500,16.56,16.72,16.5,16.61,1.0,16.72,16.5,0,5744500,10075,95465854.0,1,02,010,BRBRAPACNPR2,151,PN      N1,BRADESPAR
2025-05-13,BRAP4,BRAP4,16.66,16.82,16.54,16.76,16.76,3673900,16.66,16.82,16.54,16.76,1.0,16.82,16.54,0,3673900,8233,61360117.0,1,02,010,BRBRAPACNPR2,151,PN      N1,BRADESPAR
2025-05-14,BRAP4,BRAP4,16.82,16.97,16.7,16.8,16.8,2496900,16.82,16.97,16.7,16.8,1.0,16.97,16.7,0,2496900,7044,41945002.0,1,02,010,BRBRAPACNPR2,151,PN      N1,BRADESPAR
2025-05-15,BRAP4,BRAP4,16.8,16.97,16.8,16.87,16.87,2857300,16.8,16.97,16.8,16.87,1.0,16.97,16.8,0,2857300,5019,48224619.0,1,02,010,BRBRAPACNPR2,151,PN      N1,BRADESPAR
2025-05-16,BRAP4,BRAP4,16.82,17.03,16.75,16.96,16.96,2962900,16.82,17.03,16.75,16.96,1.0,17.03,16.75,0,2962900,5802,50102659.0,1,02,010,BRBRAPACNPR2,151,PN      N1,BRADESPAR
2025-05-19,BRAP4,BRAP4,16.84,16.99,16.84,16.92,16.92,1902300,16.84,16.99,16.84,16.92,1.0,16.99,16.84,0,1902300,3204,32195466.0,1,02,010,BRBRAPACNPR2,151,PN      N1,BRADESPAR
2025-05-20,BRAP4,BRAP4,16.85,16.92,16.78,16.92,16.92,2210300,16.85,16.92,16.78,16.92,1.0,16.92,16.78,0,2210300,5985,37258634.0,1,02,010,BRBRAPACNPR2,151,PN      N1,BRADESPAR
2025-05-21,BRAP4,BRAP4,16.88,16.89,16.54,16.67,16.67,3755200,16.88,16.89,16.54,16.67,1.0,16.89,16.54,0,3755200,4290,62687692.0,1,02,010,BRBRAPACNPR2,151,PN      N1,BRADESPAR
2025-05-22,BRAP4,BRAP4,16.63,16.66,16.1,16.13,16.13,8501000,16.63,16.66,16.1,16.13,1.0,16.66,16.1,0,8501000,13758,138323583.0,1,02,010,BRBRAPACNPR2,151,PN      N1,BRADESPAR
2025-05-23,BRAP4,BRAP4,16.02,16.17,15.91,16.1,16.1,5155200,16.02,16.17,15.91,16.1,1.0,16.17,15.91,0,5155200,8816,82722380.0,1,02,010,BRBRAPACNPR2,151,PN      N1,BRADESPAR
2025-05-26,BRAP4,BRAP4,16.08,16.08,15.82,15.92,15.92,3861000,16.08,16.08,15.82,15.92,1.0,16.08,15.82,0,3861000,9245,61330636.0,1,02,010,BRBRAPACNPR2,151,PN      N1,BRADESPAR
2025-05-27,BRAP4,BRAP4,15.95,15.95,15.5,15.83,15.83,11558200,15.95,15.95,15.5,15.83,1.0,15.95,15.5,0,11558200,12582,181585602.0,1,02,010,BRBRAPACNPR2,151,PN      N1,BRADESPAR
2025-05-28,BRAP4,BRAP4,15.8,15.88,15.63,15.82,15.82,4117900,15.8,15.88,15.63,15.82,1.0,15.88,15.63,0,4117900,8366,64891582.0,1,02,010,BRBRAPACNPR2,151,PN      N1,BRADESPAR
2025-05-29,BRAP4,BRAP4,15.86,16.03,15.78,15.96,15.96,4014700,15.86,16.03,15.78,15.96,1.0,16.03,15.78,0,4014700,6983,64088129.0,1,02,010,BRBRAPACNPR2,151,PN      N1,BRADESPAR
2025-05-30,BRAP4,BRAP4,15.96,16.04,15.6,15.6,15.6,3986200,15.96,16.04,15.6,15.6,1.0,16.04,15.6,0,3986200,9105,62609520.0,1,02,010,BRBRAPACNPR2,151,PN      N1,BRADESPAR
2025-06-02,BRAP4,BRAP4,15.71,15.73,15.56,15.65,15.65,3439000,15.71,15.73,15.56,15.65,1.0,15.73,15.56,0,3439000,6941,53763971.0,1,02,010,BRBRAPACNPR2,151,PN      N1,BRADESPAR
2025-06-03,BRAP4,BRAP4,15.64,15.77,15.56,15.65,15.65,2612800,15.64,15.77,15.56,15.65,1.0,15.77,15.56,0,2612800,7337,40926909.0,1,02,010,BRBRAPACNPR2,151,PN      N1,BRADESPAR
2025-06-04,BRAP4,BRAP4,15.7,15.94,15.67,15.75,15.75,3330800,15.7,15.94,15.67,15.75,1.0,15.94,15.67,0,3330800,5058,52534568.0,1,02,010,BRBRAPACNPR2,151,PN      N1,BRADESPAR
2025-06-05,BRAP4,BRAP4,15.77,16.0,15.74,15.74,15.74,2482700,15.77,16.0,15.74,15.74,1.0,16.0,15.74,0,2482700,4411,39365606.0,1,02,010,BRBRAPACNPR2,151,PN      N1,BRADESPAR
2025-06-06,BRAP4,BRAP4,15.78,15.9,15.72,15.87,15.87,2712300,15.78,15.9,15.72,15.87,1.0,15.9,15.72,0,2712300,5202,42935734.0,1,02,010,BRBRAPACNPR2,151,PN      N1,BRADESPAR
2025-06-09,BRAP4,BRAP4,15.8,15.92,15.68,15.87,15.87,2765400,15.8,15.92,15.68,15.87,1.0,15.92,15.68,0,2765400,6793,43710274.0,1,02,010,BRBRAPACNPR2,151,PN      N1,BRADESPAR
2025-06-10,BRAP4,BRAP4,15.91,16.08,15.86,15.93,15.93,4171300,15.91,16.08,15.86,15.93,1.0,16.08,15.86,0,4171300,6722,66573804.0,1,02,010,BRBRAPACNPR2,151,PN      N1,BRADESPAR
2025-06-11,BRAP4,BRAP4,15.97,15.97,15.72,15.85,15.85,3122000,15.97,15.97,15.72,15.85,1.0,15.97,15.72,0,3122000,4826,49465943.0,1,02,010,BRBRAPACNPR2,151,PN      N1,BRADESPAR
2025-06-12,BRAP4,BRAP4,15.77,15.87,15.67,15.87,15.87,3810900,15.77,15.87,15.67,15.87,1.0,15.87,15.67,0,3810900,5397,60199000.0,1,02,010,BRBRAPACNPR2,151,PN      N1,BRADESPAR
2025-06-13,BRAP4,BRAP4,15.7,15.78,15.58,15.61,15.61,4586800,15.7,15.78,15.58,15.61,1.0,15.78,15.58,0,4586800,9176,71931362.0,1,02,010,BRBRAPACNPR2,151,PN      N1,BRADESPAR
2025-06-16,BRAP4,BRAP4,15.68,16.1,15.65,15.98,15.98,6132000,15.68,16.1,15.65,15.98,1.0,16.1,15.65,0,6132000,8428,97738163.0,1,02,010,BRBRAPACNPR2,151,PN      N1,BRADESPAR
2025-06-17,BRAP4,BRAP4,15.97,16.04,15.38,15.5,15.5,7915900,15.97,16.04,15.38,15.5,1.0,16.04,15.38,0,7915900,10947,123124961.0,1,02,010,BRBRAPACNPR2,151,PN      N1,BRADESPAR
2025-06-18,BRAP4,BRAP4,15.5,15.52,15.3,15.32,15.32,4624000,15.5,15.52,15.3,15.32,1.0,15.52,15.3,0,4624000,10595,71311528.0,1,02,010,BRBRAPACNPR2,151,PN      N1,BRADESPAR
2025-06-20,BRAP4,BRAP4,15.32,15.39,15.02,15.07,15.07,6588800,15.32,15.39,15.02,15.07,1.0,15.39,15.02,0,6588800,7425,99644059.0,1,02,010,BRBRAPACNPR2,151,PN      N1,BRADESPAR
2025-06-23,BRAP4,BRAP4,15.09,15.16,14.99,15.14,15.14,4823200,15.09,15.16,14.99,15.14,1.0,15.16,14.99,0,4823200,9597,72749258.0,1,02,010,BRBRAPACNPR2,151,PN      N1,BRADESPAR
2025-06-24,BRAP4,BRAP4,15.2,15.29,15.11,15.17,15.17,3976200,15.2,15.29,15.11,15.17,1.0,15.29,15.11,0,3976200,6498,60532455.0,1,02,010,BRBRAPACNPR2,151,PN      N1,BRADESPAR
2025-06-25,BRAP4,BRAP4,15.15,15.19,14.94,15.1,15.1,2969600,15.15,15.19,14.94,15.1,1.0,15.19,14.94,0,2969600,5667,44737144.0,1,02,010,BRBRAPACNPR2,151,PN      N1,BRADESPAR
2025-06-26,BRAP4,BRAP4,15.19,15.55,15.17,15.45,15.45,3828800,15.19,15.55,15.17,15.45,1.0,15.55,15.17,0,3828800,9256,59184403.0,1,02,010,BRBRAPACNPR2,151,PN      N1,BRADESPAR
2025-06-27,BRAP4,BRAP4,15.48,15.68,15.41,15.61,15.61,4591300,15.48,15.68,15.41,15.61,1.0,15.68,15.41,0,4591300,8309,71584512.0,1,02,010,BRBRAPACNPR2,151,PN      N1,BRADESPAR
2025-06-30,BRAP4,BRAP4,15.6,15.75,15.5,15.7,15.7,3954300,15.6,15.75,15.5,15.7,1.0,15.75,15.5,0,3954300,7365,61903132.0,1,02,010,BRBRAPACNPR2,151,PN      N1,BRADESPAR
2025-07-01,BRAP4,BRAP4,15.71,15.97,15.67,15.89,15.89,2701200,15.71,15.97,15.67,15.89,1.0,15.97,15.67,0,2701200,6518,42873253.0,1,02,010,BRBRAPACNPR2,151,PN      N1,BRADESPAR
2025-07-02,BRAP4,BRAP4,15.98,16.5,15.97,16.48,16.48,5016600,15.98,16.5,15.97,16.48,1.0,16.5,15.97,0,5016600,9622,82195811.0,1,02,010,BRBRAPACNPR2,151,PN      N1,BRADESPAR
2025-07-03,BRAP4,BRAP4,16.48,16.61,16.41,16.47,16.47,2589000,16.48,16.61,16.41,16.47,1.0,16.61,16.41,0,2589000,3723,42691790.0,1,02,010,BRBRAPACNPR2,151,PN      N1,BRADESPAR
2025-07-04,BRAP4,BRAP4,16.41,16.5,16.31,16.49,16.49,1146000,16.41,16.5,16.31,16.49,1.0,16.5,16.31,0,1146000,3140,18844418.0,1,02,010,BRBRAPACNPR2,151,PN      N1,BRADESPAR
2025-07-07,BRAP4,BRAP4,16.48,16.5,16.21,16.33,16.33,2066000,16.48,16.5,16.21,16.33,1.0,16.5,16.21,0,2066000,5234,33683208.0,1,02,010,BRBRAPACNPR2,151,PN      N1,BRADESPAR
2025-07-08,BRAP4,BRAP4,16.26,16.54,16.26,16.35,16.35,1965000,16.26,16.54,16.26,16.35,1.0,16.54,16.26,0,1965000,5043,32189303.0,1,02,010,BRBRAPACNPR2,151,PN      N1,BRADESPAR
2025-07-09,BRAP4,BRAP4,16.29,16.34,16.09,16.16,16.16,1927700,16.29,16.34,16.09,16.16,1.0,16.34,16.09,0,1927700,6545,31178421.0,1,02,010,BRBRAPACNPR2,151,PN      N1,BRADESPAR
2025-07-10,BRAP4,BRAP4,16.3,16.98,16.25,16.55,16.55,6926600,16.3,16.98,16.25,16.55,1.0,16.98,16.25,0,6926600,13432,115540953.0,1,02,010,BRBRAPACNPR2,151,PN      N1,BRADESPAR
2025-07-11,BRAP4,BRAP4,16.46,16.71,16.45,16.66,16.66,2067300,16.46,16.71,16.45,16.66,1.0,16.71,16.45,0,2067300,4187,34346225.0,1,02,010,BRBRAPACNPR2,151,PN      N1,BRADESPAR
2025-07-14,BRAP4,BRAP4,16.67,16.67,16.35,16.45,16.45,1869400,16.67,16.67,16.35,16.45,1.0,16.67,16.35,0,1869400,4869,30732608.0,1,02,010,BRBRAPACNPR2,151,PN      N1,BRADESPAR
2025-07-15,BRAP4,BRAP4,16.39,16.41,15.94,16.06,16.06,4711700,16.39,16.41,15.94,16.06,1.0,16.41,15.94,0,4711700,12854,75801183.0,1,02,010,BRBRAPACNPR2,151,PN      N1,BRADESPAR
2025-07-16,BRAP4,BRAP4,16.11,16.24,15.99,16.13,16.13,2197900,16.11,16.24,15.99,16.13,1.0,16.24,15.99,0,2197900,6085,35445460.0,1,02,010,BRBRAPACNPR2,151,PN      N1,BRADESPAR
2025-07-17,BRAP4,BRAP4,16.18,16.26,16.1,16.13,16.13,4742200,16.18,16.26,16.1,16.13,1.0,16.26,16.1,0,4742200,11193,76677917.0,1,02,010,BRBRAPACNPR2,151,PN      N1,BRADESPAR
2025-07-18,BRAP4,BRAP4,16.0,16.23,15.99,16.19,16.19,2403500,16.0,16.23,15.99,16.19,1.0,16.23,15.99,0,2403500,8914,38847997.0,1,02,010,BRBRAPACNPR2,151,PN      N1,BRADESPAR
2025-07-21,BRAP4,BRAP4,16.43,16.79,16.4,16.58,16.58,3725400,16.43,16.79,16.4,16.58,1.0,16.79,16.4,0,3725400,9543,61898609.0,1,02,010,BRBRAPACNPR2,151,PN      N1,BRADESPAR
2025-07-22,BRAP4,BRAP4,16.73,17.19,16.67,16.94,16.94,5224300,16.73,17.19,16.67,16.94,1.0,17.19,16.67,0,5224300,10457,88827216.0,1,02,010,BRBRAPACNPR2,151,PN      N1,BRADESPAR
2025-07-23,BRAP4,BRAP4,16.91,17.04,16.75,16.98,16.98,3214600,16.91,17.04,16.75,16.98,1.0,17.04,16.75,0,3214600,6071,54529363.0,1,02,010,BRBRAPACNPR2,151,PN      N1,BRADESPAR
2025-07-24,BRAP4,BRAP4,16.89,16.92,16.73,16.77,16.77,2364500,16.89,16.92,16.73,16.77,1.0,16.92,16.73,0,2364500,5965,39701557.0,1,02,010,BRBRAPACNPR2,151,PN      N1,BRADESPAR
2025-07-25,BRAP4,BRAP4,16.77,16.78,16.37,16.52,16.52,2648600,16.77,16.78,16.37,16.52,1.0,16.78,16.37,0,2648600,5105,43618316.0,1,02,010,BRBRAPACNPR2,151,PN      N1,BRADESPAR
2025-07-28,BRAP4,BRAP4,16.27,16.42,16.14,16.26,16.26,3293700,16.27,16.42,16.14,16.26,1.0,16.42,16.14,0,3293700,8001,53447463.0,1,02,010,BRBRAPACNPR2,151,PN      N1,BRADESPAR
2025-07-29,BRAP4,BRAP4,16.3,16.39,16.19,16.2,16.2,1938200,16.3,16.39,16.19,16.2,1.0,16.39,16.19,0,1938200,5393,31494056.0,1,02,010,BRBRAPACNPR2,151,PN      N1,BRADESPAR
2025-07-30,BRAP4,BRAP4,16.14,16.2,15.78,15.9,15.9,4264500,16.14,16.2,15.78,15.9,1.0,16.2,15.78,0,4264500,10257,68006523.0,1,02,010,BRBRAPACNPR2,151,PN      N1,BRADESPAR
2025-07-31,BRAP4,BRAP4,15.7,15.79,15.46,15.74,15.74,5034600,15.7,15.79,15.46,15.74,1.0,15.79,15.46,0,5034600,10581,78896541.0,1,02,010,BRBRAPACNPR2,151,PN      N1,BRADESPAR
2025-08-01,BRAP4,BRAP4,15.94,16.06,15.63,15.7,15.7,6447900,15.94,16.06,15.63,15.7,1.0,16.06,15.63,0,6447900,12319,102054169.0,1,02,010,BRBRAPACNPR2,151,PN      N1,BRADESPAR
2025-08-04,BRAP4,BRAP4,15.85,15.94,15.7,15.86,15.86,3637500,15.85,15.94,15.7,15.86,1.0,15.94,15.7,0,3637500,6433,57542212.0,1,02,010,BRBRAPACNPR2,151,PN      N1,BRADESPAR
2025-08-05,BRAP4,BRAP4,15.87,16.01,15.75,15.81,15.81,3909100,15.87,16.01,15.75,15.81,1.0,16.01,15.75,0,3909100,8920,61932822.0,1,02,010,BRBRAPACNPR2,151,PN      N1,BRADESPAR
2025-08-06,BRAP4,BRAP4,15.9,15.94,15.61,15.68,15.68,1912600,15.9,15.94,15.61,15.68,1.0,15.94,15.61,0,1912600,3929,30128252.0,1,02,010,BRBRAPACNPR2,151,PN      N1,BRADESPAR
2025-08-07,BRAP4,BRAP4,15.69,15.84,15.67,15.77,15.77,2456100,15.69,15.84,15.67,15.77,1.0,15.84,15.67,0,2456100,6870,38744403.0,1,02,010,BRBRAPACNPR2,151,PN      N1,BRADESPAR
2025-08-08,BRAP4,BRAP4,15.77,16.23,15.75,16.01,16.01,3966000,15.77,16.23,15.75,16.01,1.0,16.23,15.75,0,3966000,6470,63710697.0,1,02,010,BRBRAPACNPR2,151,PN      N1,BRADESPAR
2025-08-11,BRAP4,BRAP4,16.1,16.29,16.0,16.04,16.04,1781500,16.1,16.29,16.0,16.04,1.0,16.29,16.0,0,1781500,5200,28667749.0,1,02,010,BRBRAPACNPR2,151,PN      N1,BRADESPAR
2025-08-12,BRAP4,BRAP4,16.12,16.48,16.12,16.34,16.34,4857100,16.12,16.48,16.12,16.34,1.0,16.48,16.12,0,4857100,10786,79587043.0,1,02,010,BRBRAPACNPR2,151,PN      N1,BRADESPAR
2025-08-13,BRAP4,BRAP4,16.23,16.41,16.07,16.15,16.15,6924400,16.23,16.41,16.07,16.15,1.0,16.41,16.07,0,6924400,11324,112200622.0,1,02,010,BRBRAPACNPR2,151,PN      N1,BRADESPAR
2025-08-14,BRAP4,BRAP4,16.0,16.01,15.77,15.81,15.81,2363200,16.0,16.01,15.77,15.81,1.0,16.01,15.77,0,2363200,7155,37434946.0,1,02,010,BRBRAPACNPR2,151,PN      N1,BRADESPAR
2025-08-15,BRAP4,BRAP4,15.85,15.92,15.71,15.82,15.82,2407100,15.85,15.92,15.71,15.82,1.0,15.92,15.71,0,2407100,6825,38012550.0,1,02,010,BRBRAPACNPR2,151,PN      N1,BRADESPAR
2025-08-18,BRAP4,BRAP4,15.81,16.0,15.79,15.88,15.88,1933100,15.81,16.0,15.79,15.88,1.0,16.0,15.79,0,1933100,4894,30792315.0,1,02,010,BRBRAPACNPR2,151,PN      N1,BRADESPAR
2025-08-19,BRAP4,BRAP4,15.9,15.95,15.69,15.82,15.82,2910100,15.9,15.95,15.69,15.82,1.0,15.95,15.69,0,2910100,6331,45939842.0,1,02,010,BRBRAPACNPR2,151,PN      N1,BRADESPAR
2025-08-20,BRAP4,BRAP4,15.77,15.88,15.68,15.7,15.7,2402300,15.77,15.88,15.68,15.7,1.0,15.88,15.68,0,2402300,6755,37855282.0,1,02,010,BRBRAPACNPR2,151,PN      N1,BRADESPAR
2025-08-21,BRAP4,BRAP4,15.67,15.89,15.67,15.79,15.79,3657700,15.67,15.89,15.67,15.79,1.0,15.89,15.67,0,3657700,5981,57779517.0,1,02,010,BRBRAPACNPR2,151,PN      N1,BRADESPAR
2025-08-22,BRAP4,BRAP4,15.79,16.24,15.79,16.13,16.13,2110700,15.79,16.24,15.79,16.13,1.0,16.24,15.79,0,2110700,4817,34055330.0,1,02,010,BRBRAPACNPR2,151,PN      N1,BRADESPAR
2025-08-25,BRAP4,BRAP4,16.31,16.37,16.0,16.06,16.06,2915600,16.31,16.37,16.0,16.06,1.0,16.37,16.0,0,2915600,4784,46941063.0,1,02,010,BRBRAPACNPR2,151,PN      N1,BRADESPAR
2025-08-26,BRAP4,BRAP4,16.12,16.2,15.98,16.17,16.17,3394100,16.12,16.2,15.98,16.17,1.0,16.2,15.98,0,3394100,4029,54718299.0,1,02,010,BRBRAPACNPR2,151,PN      N1,BRADESPAR
2025-08-27,BRAP4,BRAP4,16.1,16.29,16.1,16.27,16.27,3596900,16.1,16.29,16.1,16.27,1.0,16.29,16.1,0,3596900,3952,58274860.0,1,02,010,BRBRAPACNPR2,151,PN      N1,BRADESPAR
2025-08-28,BRAP4,BRAP4,16.4,16.57,16.35,16.35,16.35,4422600,16.4,16.57,16.35,16.35,1.0,16.57,16.35,0,4422600,6172,72769927.0,1,02,010,BRBRAPACNPR2,151,PN      N1,BRADESPAR
2025-08-29,BRAP4,BRAP4,16.43,16.45,16.33,16.38,16.38,2173300,16.43,16.45,16.33,16.38,1.0,16.45,16.33,0,2173300,5489,35594908.0,1,02,010,BRBRAPACNPR2,151,PN      N1,BRADESPAR
2025-09-01,BRAP4,BRAP4,16.34,16.44,16.24,16.44,16.44,2946600,16.34,16.44,16.24,16.44,1.0,16.44,16.24,0,2946600,1950,47952872.0,1,02,010,BRBRAPACNPR2,151,PN      N1,BRADESPAR
2025-09-02,BRAP4,BRAP4,16.31,16.45,16.15,16.34,16.34,2727500,16.31,16.45,16.15,16.34,1.0,16.45,16.15,0,2727500,6464,44493698.0,1,02,010,BRBRAPACNPR2,151,PN      N1,BRADESPAR
2025-09-03,BRAP4,BRAP4,16.32,16.58,16.27,16.34,16.34,1682700,16.32,16.58,16.27,16.34,1.0,16.58,16.27,0,1682700,3323,27503085.0,1,02,010,BRBRAPACNPR2,151,PN      N1,BRADESPAR
2025-09-04,BRAP4,BRAP4,16.34,16.58,16.34,16.49,16.49,2370700,16.34,16.58,16.34,16.49,1.0,16.58,16.34,0,2370700,5202,39153524.0,1,02,010,BRBRAPACNPR2,151,PN      N1,BRADESPAR
2025-09-05,BRAP4,BRAP4,16.6,16.73,16.55,16.6,16.6,1614400,16.6,16.73,16.55,16.6,1.0,16.73,16.55,0,1614400,3364,26875137.0,1,02,010,BRBRAPACNPR2,151,PN      N1,BRADESPAR
2025-09-08,BRAP4,BRAP4,16.61,16.76,16.57,16.76,16.76,2747100,16.61,16.76,16.57,16.76,1.0,16.76,16.57,0,2747100,5206,45779457.0,1,02,010,BRBRAPACNPR2,151,PN      N1,BRADESPAR
2025-09-09,BRAP4,BRAP4,16.82,17.14,16.63,16.68,16.68,3318700,16.82,17.14,16.63,16.68,1.0,17.14,16.63,0,3318700,11251,56015824.0,1,02,010,BRBRAPACNPR2,151,PN      N1,BRADESPAR
2025-09-10,BRAP4,BRAP4,16.79,16.94,16.65,16.65,16.65,1600400,16.79,16.94,16.65,16.65,1.0,16.94,16.65,0,1600400,3274,26822571.0,1,02,010,BRBRAPACNPR2,151,PN      N1,BRADESPAR
2025-09-11,BRAP4,BRAP4,16.63,16.87,16.6,16.78,16.78,3013300,16.63,16.87,16.6,16.78,1.0,16.87,16.6,0,3013300,4872,50584452.0,1,02,010,BRBRAPACNPR2,151,PN      N1,BRADESPAR
2025-09-12,BRAP4,BRAP4,16.71,16.91,16.71,16.86,16.86,2093600,16.71,16.91,16.71,16.86,1.0,16.91,16.71,0,2093600,4224,35277333.0,1,02,010,BRBRAPACNPR2,151,PN      N1,BRADESPAR
2025-09-15,BRAP4,BRAP4,16.96,17.03,16.83,16.89,16.89,2183200,16.96,17.03,16.83,16.89,1.0,17.03,16.83,0,2183200,4388,36978757.0,1,02,010,BRBRAPACNPR2,151,PN      N1,BRADESPAR
2025-09-16,BRAP4,BRAP4,16.98,17.09,16.86,16.98,16.98,2273000,16.98,17.09,16.86,16.98,1.0,17.09,16.86,0,2273000,4645,38501004.0,1,02,010,BRBRAPACNPR2,151,PN      N1,BRADESPAR
2025-09-17,BRAP4,BRAP4,16.97,17.17,16.87,17.07,17.07,2031200,16.97,17.17,16.87,17.07,1.0,17.17,16.87,0,2031200,5437,34600278.0,1,02,010,BRBRAPACNPR2,151,PN      N1,BRADESPAR
2025-09-18,BRAP4,BRAP4,17.05,17.16,16.99,17.12,17.12,1885700,17.05,17.16,16.99,17.12,1.0,17.16,16.99,0,1885700,2822,32188558.0,1,02,010,BRBRAPACNPR2,151,PN      N1,BRADESPAR
2025-09-19,BRAP4,BRAP4,17.12,17.23,17.03,17.08,17.08,4316300,17.12,17.23,17.03,17.08,1.0,17.23,17.03,0,4316300,3133,73750361.0,1,02,010,BRBRAPACNPR2,151,PN      N1,BRADESPAR
2025-09-22,BRAP4,BRAP4,17.08,17.21,17.03,17.09,17.09,2753400,17.08,17.21,17.03,17.09,1.0,17.21,17.03,0,2753400,5693,47065937.0,1,02,010,BRBRAPACNPR2,151,PN      N1,BRADESPAR
2025-09-23,BRAP4,BRAP4,17.17,17.2,17.0,17.15,17.15,1540700,17.17,17.2,17.0,17.15,1.0,17.2,17.0,0,1540700,5081,26394040.0,1,02,010,BRBRAPACNPR2,151,PN      N1,BRADESPAR
2025-09-24,BRAP4,BRAP4,17.15,17.2,17.07,17.08,17.08,1353800,17.15,17.2,17.07,17.08,1.0,17.2,17.07,0,1353800,4914,23168992.0,1,02,010,BRBRAPACNPR2,151,PN      N1,BRADESPAR
2025-09-25,BRAP4,BRAP4,17.09,17.3,17.09,17.17,17.17,2250500,17.09,17.3,17.09,17.17,1.0,17.3,17.09,0,2250500,4927,38651161.0,1,02,010,BRBRAPACNPR2,151,PN      N1,BRADESPAR
2025-09-26,BRAP4,BRAP4,17.09,17.12,16.73,16.91,16.91,2180900,17.09,17.12,16.73,16.91,1.0,17.12,16.73,0,2180900,4018,36785825.0,1,02,010,BRBRAPACNPR2,151,PN      N1,BRADESPAR
2025-09-29,BRAP4,BRAP4,17.0,17.08,16.92,16.97,16.97,1705500,17.0,17.08,16.92,16.97,1.0,17.08,16.92,0,1705500,3806,29010739.0,1,02,010,BRBRAPACNPR2,151,PN      N1,BRADESPAR
2025-09-30,BRAP4,BRAP4,17.06,17.07,16.87,16.93,16.93,3183200,17.06,17.07,16.87,16.93,1.0,17.07,16.87,0,3183200,5765,53934161.0,1,02,010,BRBRAPACNPR2,151,PN      N1,BRADESPAR
2025-10-01,BRAP4,BRAP4,16.97,17.24,16.97,17.02,17.02,2504900,16.97,17.24,16.97,17.02,1.0,17.24,16.97,0,2504900,6309,42783496.0,1,02,010,BRBRAPACNPR2,151,PN      N1,BRADESPAR
2025-10-02,BRAP4,BRAP4,17.03,17.2,17.01,17.16,17.16,1297600,17.03,17.2,17.01,17.16,1.0,17.2,17.01,0,1297600,2814,22216341.0,1,02,010,BRBRAPACNPR2,151,PN      N1,BRADESPAR
2025-10-03,BRAP4,BRAP4,17.16,17.29,17.07,17.16,17.16,1030900,17.16,17.29,17.07,17.16,1.0,17.29,17.07,0,1030900,3546,17737439.0,1,02,010,BRBRAPACNPR2,151,PN      N1,BRADESPAR
2025-10-06,BRAP4,BRAP4,17.21,17.45,17.15,17.38,17.38,2906900,17.21,17.45,17.15,17.38,1.0,17.45,17.15,0,2906900,4193,50493545.0,1,02,010,BRBRAPACNPR2,151,PN      N1,BRADESPAR
2025-10-07,BRAP4,BRAP4,17.3,17.37,17.1,17.15,17.15,1194300,17.3,17.37,17.1,17.15,1.0,17.37,17.1,0,1194300,3404,20558139.0,1,02,010,BRBRAPACNPR2,151,PN      N1,BRADESPAR
2025-10-08,BRAP4,BRAP4,17.15,17.32,17.14,17.14,17.14,4231700,17.15,17.32,17.14,17.14,1.0,17.32,17.14,0,4231700,4802,72738016.0,1,02,010,BRBRAPACNPR2,151,PN      N1,BRADESPAR
2025-10-09,BRAP4,BRAP4,17.3,17.52,17.06,17.06,17.06,2669400,17.3,17.52,17.06,17.06,1.0,17.52,17.06,0,2669400,4907,46107488.0,1,02,010,BRBRAPACNPR2,151,PN      N1,BRADESPAR
2025-10-10,BRAP4,BRAP4,17.14,17.29,16.99,17.1,17.1,2199700,17.14,17.29,16.99,17.1,1.0,17.29,16.99,0,2199700,6657,37629912.0,1,02,010,BRBRAPACNPR2,151,PN      N1,BRADESPAR
2025-10-13,BRAP4,BRAP4,17.32,17.39,17.22,17.31,17.31,1004200,17.32,17.39,17.22,17.31,1.0,17.39,17.22,0,1004200,2702,17399473.0,1,02,010,BRBRAPACNPR2,151,PN      N1,BRADESPAR
2025-10-14,BRAP4,BRAP4,17.18,17.37,17.13,17.22,17.22,1023000,17.18,17.37,17.13,17.22,1.0,17.37,17.13,0,1023000,2749,17657373.0,1,02,010,BRBRAPACNPR2,151,PN      N1,BRADESPAR
2025-10-15,BRAP4,BRAP4,17.11,17.42,17.11,17.31,17.31,2915900,17.11,17.42,17.11,17.31,1.0,17.42,17.11,0,2915900,6101,50489133.0,1,02,010,BRBRAPACNPR2,151,PN      N1,BRADESPAR
2025-10-16,BRAP4,BRAP4,17.26,17.35,17.17,17.24,17.24,1554600,17.26,17.35,17.17,17.24,1.0,17.35,17.17,0,1554600,3611,26799997.0,1,02,010,BRBRAPACNPR2,151,PN      N1,BRADESPAR
2025-10-17,BRAP4,BRAP4,17.2,17.29,17.14,17.23,17.23,957700,17.2,17.29,17.14,17.23,1.0,17.29,17.14,0,957700,1932,16490177.0,1,02,010,BRBRAPACNPR2,151,PN      N1,BRADESPAR
2025-10-20,BRAP4,BRAP4,17.23,17.73,17.23,17.58,17.58,2724000,17.23,17.73,17.23,17.58,1.0,17.73,17.23,0,2724000,5305,47958306.0,1,02,010,BRBRAPACNPR2,151,PN      N1,BRADESPAR
2025-10-21,BRAP4,BRAP4,17.58,17.66,17.48,17.5,17.5,1061700,17.58,17.66,17.48,17.5,1.0,17.66,17.48,0,1061700,2442,18624153.0,1,02,010,BRBRAPACNPR2,151,PN      N1,BRADESPAR
2025-10-22,BRAP4,BRAP4,17.65,17.8,17.56,17.68,17.68,1273100,17.65,17.8,17.56,17.68,1.0,17.8,17.56,0,1273100,3399,22543837.0,1,02,010,BRBRAPACNPR2,151,PN      N1,BRADESPAR
2025-10-23,BRAP4,BRAP4,17.75,17.81,17.58,17.58,17.58,1046400,17.75,17.81,17.58,17.58,1.0,17.81,17.58,0,1046400,2973,18480038.0,1,02,010,BRBRAPACNPR2,151,PN      N1,BRADESPAR
2025-10-24,BRAP4,BRAP4,17.63,17.77,17.59,17.63,17.63,1306300,17.63,17.77,17.59,17.63,1.0,17.77,17.59,0,1306300,4735,23080653.0,1,02,010,BRBRAPACNPR2,151,PN      N1,BRADESPAR
2025-10-27,BRAP4,BRAP4,17.72,17.85,17.65,17.75,17.75,1970800,17.72,17.85,17.65,17.75,1.0,17.85,17.65,0,1970800,5409,35004516.0,1,02,010,BRBRAPACNPR2,151,PN      N1,BRADESPAR
2025-10-28,BRAP4,BRAP4,17.73,17.96,17.71,17.85,17.85,2317300,17.73,17.96,17.71,17.85,1.0,17.96,17.71,0,2317300,4592,41364301.0,1,02,010,BRBRAPACNPR2,151,PN      N1,BRADESPAR
2025-10-29,BRAP4,BRAP4,17.96,18.29,17.96,18.15,18.15,3581800,17.96,18.29,17.96,18.15,1.0,18.29,17.96,0,3581800,12582,65001924.0,1,02,010,BRBRAPACNPR2,151,PN      N1,BRADESPAR
2025-10-30,BRAP4,BRAP4,18.11,18.29,18.02,18.2,18.2,1655000,18.11,18.29,18.02,18.2,1.0,18.29,18.02,0,1655000,7314,30110570.0,1,02,010,BRBRAPACNPR2,151,PN      N1,BRADESPAR
2025-10-31,BRAP4,BRAP4,18.3,18.61,18.27,18.54,18.54,6153800,18.3,18.61,18.27,18.54,1.0,18.61,18.27,0,6153800,8548,113352837.0,1,02,010,BRBRAPACNPR2,151,PN      N1,BRADESPAR
2025-11-03,BRAP4,BRAP4,18.65,19.04,18.52,19.04,19.04,16227400,18.65,19.04,18.52,19.04,1.0,19.04,18.52,0,16227400,28576,306528936.0,1,02,010,BRBRAPACNPR2,151,PN      N1,BRADESPAR
2025-11-04,BRAP4,BRAP4,18.89,19.01,18.76,18.89,18.89,4432700,18.89,19.01,18.76,18.89,1.0,19.01,18.76,0,4432700,12177,83706231.0,1,02,010,BRBRAPACNPR2,151,PN      N1,BRADESPAR
2025-11-05,BRAP4,BRAP4,18.88,19.33,18.83,19.17,19.17,10164700,18.88,19.33,18.83,19.17,1.0,19.33,18.83,0,10164700,12113,195225986.0,1,02,010,BRBRAPACNPR2,151,PN      N1,BRADESPAR
2025-11-06,BRAP4,BRAP4,19.17,19.25,19.1,19.18,19.18,4464600,19.17,19.25,19.1,19.18,1.0,19.25,19.1,0,4464600,4588,85612947.0,1,02,010,BRBRAPACNPR2,151,PN      N1,BRADESPAR
2025-11-07,BRAP4,BRAP4,19.08,19.1,18.78,18.78,18.78,2904400,19.08,19.1,18.78,18.78,1.0,19.1,18.78,0,2904400,9606,54842824.0,1,02,010,BRBRAPACNPR2,151,PN      N1,BRADESPAR
2025-11-10,BRAP4,BRAP4,18.92,19.14,18.86,18.9,18.9,8893500,18.92,19.14,18.86,18.9,1.0,19.14,18.86,0,8893500,6467,168479304.0,1,02,010,BRBRAPACNPR2,151,PN      N1,BRADESPAR
2025-11-11,BRAP4,BRAP4,19.0,19.12,18.88,18.92,18.92,3954500,19.0,19.12,18.88,18.92,1.0,19.12,18.88,0,3954500,8469,75047121.0,1,02,010,BRBRAPACNPR2,151,PN      N1,BRADESPAR
2025-11-12,BRAP4,BRAP4,18.96,19.19,18.88,19.17,19.17,4414900,18.96,19.19,18.88,19.17,1.0,19.19,18.88,0,4414900,13202,84421723.0,1,02,010,BRBRAPACNPR2,151,PN      N1,BRADESPAR
2025-11-13,BRAP4,BRAP4,18.43,18.47,18.14,18.25,18.25,3702400,18.43,18.47,18.14,18.25,1.0,18.47,18.14,0,3702400,6791,67820954.0,1,02,010,BRBRAPACNPR2,152,PN  EJ  N1,BRADESPAR
2025-11-14,BRAP4,BRAP4,17.98,18.33,17.89,18.25,18.25,3304000,17.98,18.33,17.89,18.25,1.0,18.33,17.89,0,3304000,8061,59722737.0,1,02,010,BRBRAPACNPR2,152,PN  EJ  N1,BRADESPAR
2025-11-17,BRAP4,BRAP4,18.25,18.49,18.23,18.36,18.36,6593400,18.25,18.49,18.23,18.36,1.0,18.49,18.23,0,6593400,6228,120648383.0,1,02,010,BRBRAPACNPR2,152,PN  EJ  N1,BRADESPAR
2025-11-18,BRAP4,BRAP4,18.25,18.46,18.15,18.38,18.38,2283900,18.25,18.46,18.15,18.38,1.0,18.46,18.15,0,2283900,6037,41887180.0,1,02,010,BRBRAPACNPR2,152,PN  EJ  N1,BRADESPAR
2025-11-19,BRAP4,BRAP4,18.32,18.45,18.24,18.24,18.24,1634800,18.32,18.45,18.24,18.24,1.0,18.45,18.24,0,1634800,3868,29956801.0,1,02,010,BRBRAPACNPR2,152,PN  EJ  N1,BRADESPAR
2025-11-21,BRAP4,BRAP4,18.2,18.3,18.06,18.29,18.29,7225500,18.2,18.3,18.06,18.29,1.0,18.3,18.06,0,7225500,5107,131553018.0,1,02,010,BRBRAPACNPR2,152,PN  EJ  N1,BRADESPAR
2025-11-24,BRAP4,BRAP4,18.27,18.55,18.23,18.47,18.47,2630100,18.27,18.55,18.23,18.47,1.0,18.55,18.23,0,2630100,5171,48542363.0,1,02,010,BRBRAPACNPR2,152,PN  EJ  N1,BRADESPAR
2025-11-25,BRAP4,BRAP4,18.5,18.72,18.41,18.66,18.66,2720100,18.5,18.72,18.41,18.66,1.0,18.72,18.41,0,2720100,5680,50561664.0,1,02,010,BRBRAPACNPR2,152,PN  EJ  N1,BRADESPAR
2025-11-26,BRAP4,BRAP4,18.71,19.16,18.71,19.15,19.15,3418300,18.71,19.16,18.71,19.15,1.0,19.16,18.71,0,3418300,7906,65038469.0,1,02,010,BRBRAPACNPR2,152,PN      N1,BRADESPAR
2025-11-27,BRAP4,BRAP4,19.15,19.19,19.0,19.06,19.06,2100700,19.15,19.19,19.0,19.06,1.0,19.19,19.0,0,2100700,4113,40040046.0,1,02,010,BRBRAPACNPR2,152,PN      N1,BRADESPAR
2025-11-28,BRAP4,BRAP4,19.2,19.56,19.11,19.43,19.43,3501400,19.2,19.56,19.11,19.43,1.0,19.56,19.11,0,3501400,7435,67711770.0,1,02,010,BRBRAPACNPR2,152,PN      N1,BRADESPAR
2025-12-01,BRAP4,BRAP4,19.51,19.76,19.36,19.63,19.63,3102200,19.51,19.76,19.36,19.63,1.0,19.76,19.36,0,3102200,6554,60635607.0,1,02,010,BRBRAPACNPR2,152,PN      N1,BRADESPAR
2025-12-02,BRAP4,BRAP4,19.75,20.0,19.52,19.97,19.97,3561900,19.75,20.0,19.52,19.97,1.0,20.0,19.52,0,3561900,8182,70516506.0,1,02,010,BRBRAPACNPR2,152,PN      N1,BRADESPAR
2025-12-03,BRAP4,BRAP4,20.0,20.45,19.92,20.34,20.34,4799700,20.0,20.45,19.92,20.34,1.0,20.45,19.92,0,4799700,11459,97263847.0,1,02,010,BRBRAPACNPR2,152,PN      N1,BRADESPAR
2025-12-04,BRAP4,BRAP4,20.37,20.79,20.35,20.72,20.72,4363900,20.37,20.79,20.35,20.72,1.0,20.79,20.35,0,4363900,9396,89906973.0,1,02,010,BRBRAPACNPR2,152,PN      N1,BRADESPAR
2025-12-05,BRAP4,BRAP4,20.7,20.91,19.99,20.13,20.13,4446800,20.7,20.91,19.99,20.13,1.0,20.91,19.99,0,4446800,10075,90686534.0,1,02,010,BRBRAPACNPR2,152,PN      N1,BRADESPAR
2025-12-08,BRAP4,BRAP4,20.19,20.5,19.99,20.11,20.11,4571100,20.19,20.5,19.99,20.11,1.0,20.5,19.99,0,4571100,11668,92312288.0,1,02,010,BRBRAPACNPR2,152,PN      N1,BRADESPAR
2025-12-09,BRAP4,BRAP4,19.95,20.44,19.79,20.21,20.21,4075800,19.95,20.44,19.79,20.21,1.0,20.44,19.79,0,4075800,9562,82257580.0,1,02,010,BRBRAPACNPR2,152,PN      N1,BRADESPAR
2025-12-10,BRAP4,BRAP4,20.25,20.63,20.21,20.59,20.59,3503000,20.25,20.63,20.21,20.59,1.0,20.63,20.21,0,3503000,6298,71708725.0,1,02,010,BRBRAPACNPR2,152,PN      N1,BRADESPAR
2025-12-11,BRAP4,BRAP4,20.49,20.87,20.39,20.77,20.77,4051700,20.49,20.87,20.39,20.77,1.0,20.87,20.39,0,4051700,7544,83819918.0,1,02,010,BRBRAPACNPR2,152,PN      N1,BRADESPAR
2025-12-12,BRAP4,BRAP4,20.8,20.95,20.63,20.9,20.9,4684100,20.8,20.95,20.63,20.9,1.0,20.95,20.63,0,4684100,10390,97478574.0,1,02,010,BRBRAPACNPR2,152,PN      N1,BRADESPAR
2025-12-15,BRAP4,BRAP4,21.01,21.73,21.01,21.4,21.4,24007700,21.01,21.73,21.01,21.4,1.0,21.73,21.01,0,24007700,18894,515315654.0,1,02,010,BRBRAPACNPR2,152,PN      N1,BRADESPAR
2025-12-16,BRAP4,BRAP4,21.41,21.67,21.14,21.41,21.41,10175500,21.41,21.67,21.14,21.41,1.0,21.67,21.14,0,10175500,17827,218581811.0,1,02,010,BRBRAPACNPR2,152,PN      N1,BRADESPAR
2025-12-17,BRAP4,BRAP4,21.41,21.79,21.34,21.7,21.7,5491200,21.41,21.79,21.34,21.7,1.0,21.79,21.34,0,5491200,16752,118852020.0,1,02,010,BRBRAPACNPR2,152,PN      N1,BRADESPAR
2025-12-18,BRAP4,BRAP4,20.26,20.5,20.05,20.27,20.27,5274600,20.26,20.5,20.05,20.27,1.0,20.5,20.05,0,5274600,11246,106969118.0,1,02,010,BRBRAPACNPR2,153,PN  EDJ N1,BRADESPAR
2025-12-19,BRAP4,BRAP4,20.3,20.52,20.22,20.22,20.22,6152400,20.3,20.52,20.22,20.22,1.0,20.52,20.22,0,6152400,5901,124958631.0,1,02,010,BRBRAPACNPR2,153,PN  EDJ N1,BRADESPAR
2025-12-22,BRAP4,BRAP4,20.25,20.83,20.24,20.59,20.59,9101300,20.25,20.83,20.24,20.59,1.0,20.83,20.24,0,9101300,11370,188211706.0,1,02,010,BRBRAPACNPR2,153,PN  EDJ N1,BRADESPAR
2025-12-23,BRAP4,BRAP4,20.59,20.85,20.3,20.3,20.3,9048200,20.59,20.85,20.3,20.3,1.0,20.85,20.3,0,9048200,10121,184860323.0,1,02,010,BRBRAPACNPR2,153,PN  EDJ N1,BRADESPAR
2025-12-26,BRAP4,BRAP4,20.3,20.49,20.25,20.49,20.49,2029300,20.3,20.49,20.25,20.49,1.0,20.49,20.25,0,2029300,5614,41337681.0,1,02,010,BRBRAPACNPR2,153,PN  EDJ N1,BRADESPAR
2025-12-29,BRAP4,BRAP4,20.59,20.61,19.96,20.0,20.0,2676200,20.59,20.61,19.96,20.0,1.0,20.61,19.96,0,2676200,4960,53987130.0,1,02,010,BRBRAPACNPR2,153,PN  EDJ N1,BRADESPAR
2025-12-30,BRAP4,BRAP4,20.11,20.22,19.89,19.9,19.9,2983900,20.11,20.22,19.89,19.9,1.0,20.22,19.89,0,2983900,6027,59665204.0,1,02,010,BRBRAPACNPR2,153,PN  EDJ N1,BRADESPAR
2026-01-02,BRAP4,BRAP4,19.9,20.08,19.86,20.08,20.08,2851300,19.9,20.08,19.86,20.08,1.0,20.08,19.86,0,2851300,6549,56958683.0,1,02,010,BRBRAPACNPR2,153,PN  EDJ N1,BRADESPAR
2026-01-05,BRAP4,BRAP4,20.09,20.38,20.0,20.37,20.37,3554900,20.09,20.38,20.0,20.37,1.0,20.38,20.0,0,3554900,8725,72026911.0,1,02,010,BRBRAPACNPR2,153,PN      N1,BRADESPAR
2026-01-06,BRAP4,BRAP4,20.5,21.15,20.28,21.15,21.15,3719100,20.5,21.15,20.28,21.15,1.0,21.15,20.28,0,3719100,9347,77828531.0,1,02,010,BRBRAPACNPR2,153,PN      N1,BRADESPAR
2026-01-07,BRAP4,BRAP4,21.13,21.44,21.04,21.37,21.37,4599300,21.13,21.44,21.04,21.37,1.0,21.44,21.04,0,4599300,10628,97864357.0,1,02,010,BRBRAPACNPR2,153,PN      N1,BRADESPAR
2026-01-08,BRAP4,BRAP4,21.19,21.19,20.84,21.16,21.16,2905300,21.19,21.19,20.84,21.16,1.0,21.19,20.84,0,2905300,9628,61144661.0,1,02,010,BRBRAPACNPR2,153,PN      N1,BRADESPAR
2026-01-09,BRAP4,BRAP4,21.05,21.25,20.7,21.02,21.02,3394000,21.05,21.25,20.7,21.02,1.0,21.25,20.7,0,3394000,9910,71510869.0,1,02,010,BRBRAPACNPR2,153,PN      N1,BRADESPAR
2026-01-12,BRAP4,BRAP4,21.1,21.23,20.99,21.14,21.14,2063800,21.1,21.23,20.99,21.14,1.0,21.23,20.99,0,2063800,6953,43650542.0,1,02,010,BRBRAPACNPR2,153,PN      N1,BRADESPAR
2026-01-13,BRAP4,BRAP4,21.01,21.43,20.99,21.32,21.32,2340700,21.01,21.43,20.99,21.32,1.0,21.43,20.99,0,2340700,8351,49847416.0,1,02,010,BRBRAPACNPR2,153,PN      N1,BRADESPAR
2026-01-14,BRAP4,BRAP4,21.45,22.35,21.27,22.24,22.24,3598000,21.45,22.35,21.27,22.24,1.0,22.35,21.27,0,3598000,10901,78982359.0,1,02,010,BRBRAPACNPR2,153,PN      N1,BRADESPAR
2026-01-15,BRAP4,BRAP4,22.2,22.47,22.14,22.21,22.21,3163400,22.2,22.47,22.14,22.21,1.0,22.47,22.14,0,3163400,7458,70419272.0,1,02,010,BRBRAPACNPR2,153,PN      N1,BRADESPAR
2026-01-16,BRAP4,BRAP4,22.26,22.29,21.9,22.19,22.19,1864700,22.26,22.29,21.9,22.19,1.0,22.29,21.9,0,1864700,5329,41122852.0,1,02,010,BRBRAPACNPR2,153,PN      N1,BRADESPAR
2026-01-19,BRAP4,BRAP4,22.15,22.35,22.05,22.11,22.11,1916100,22.15,22.35,22.05,22.11,1.0,22.35,22.05,0,1916100,5355,42401438.0,1,02,010,BRBRAPACNPR2,153,PN      N1,BRADESPAR
2026-01-20,BRAP4,BRAP4,21.95,22.5,21.72,22.4,22.4,2075300,21.95,22.5,21.72,22.4,1.0,22.5,21.72,0,2075300,5376,46133928.0,1,02,010,BRBRAPACNPR2,153,PN      N1,BRADESPAR
2026-01-21,BRAP4,BRAP4,22.55,23.29,22.54,23.11,23.11,3111100,22.55,23.29,22.54,23.11,1.0,23.29,22.54,0,3111100,8344,71585721.0,1,02,010,BRBRAPACNPR2,153,PN      N1,BRADESPAR
2026-01-22,BRAP4,BRAP4,23.11,23.78,23.09,23.38,23.38,4069000,23.11,23.78,23.09,23.38,1.0,23.78,23.09,0,4069000,14850,95484031.0,1,02,010,BRBRAPACNPR2,153,PN      N1,BRADESPAR
2026-01-23,BRAP4,BRAP4,23.5,24.19,23.5,23.98,23.98,2971100,23.5,24.19,23.5,23.98,1.0,24.19,23.5,0,2971100,10103,70913064.0,1,02,010,BRBRAPACNPR2,153,PN      N1,BRADESPAR
2026-01-26,BRAP4,BRAP4,24.09,24.28,23.37,23.56,23.56,6524300,24.09,24.28,23.37,23.56,1.0,24.28,23.37,0,6524300,11359,154628352.0,1,02,010,BRBRAPACNPR2,153,PN      N1,BRADESPAR
2026-01-27,BRAP4,BRAP4,23.69,24.48,23.65,24.21,24.21,4850100,23.69,24.48,23.65,24.21,1.0,24.48,23.65,0,4850100,14269,117352192.0,1,02,010,BRBRAPACNPR2,153,PN      N1,BRADESPAR
2026-01-28,BRAP4,BRAP4,24.22,24.9,24.04,24.81,24.81,3551200,24.22,24.9,24.04,24.81,1.0,24.9,24.04,0,3551200,12045,87547511.0,1,02,010,BRBRAPACNPR2,153,PN      N1,BRADESPAR
2026-01-29,BRAP4,BRAP4,24.97,25.46,24.61,24.61,24.61,6171800,24.97,25.46,24.61,24.61,1.0,25.46,24.61,0,6171800,13403,154310939.0,1,02,010,BRBRAPACNPR2,153,PN      N1,BRADESPAR
2026-01-30,BRAP4,BRAP4,24.19,24.67,23.69,23.81,23.81,3383600,24.19,24.67,23.69,23.81,1.0,24.67,23.69,0,3383600,9412,81315522.0,1,02,010,BRBRAPACNPR2,153,PN      N1,BRADESPAR
2026-02-02,BRAP4,BRAP4,23.8,24.2,23.67,24.02,24.02,2590700,23.8,24.2,23.67,24.02,1.0,24.2,23.67,0,2590700,8790,62148070.0,1,02,010,BRBRAPACNPR2,153,PN      N1,BRADESPAR
2026-02-03,BRAP4,BRAP4,24.32,25.2,24.27,25.18,25.18,3439400,24.32,25.2,24.27,25.18,1.0,25.2,24.27,0,3439400,10633,85702205.0,1,02,010,BRBRAPACNPR2,153,PN      N1,BRADESPAR
2026-02-04,BRAP4,BRAP4,25.02,25.4,24.74,25.29,25.29,4704100,25.02,25.4,24.74,25.29,1.0,25.4,24.74,0,4704100,11552,118221488.0,1,02,010,BRBRAPACNPR2,153,PN      N1,BRADESPAR
2026-02-05,BRAP4,BRAP4,25.05,25.13,24.46,24.46,24.46,3595100,25.05,25.13,24.46,24.46,1.0,25.13,24.46,0,3595100,9711,88953660.0,1,02,010,BRBRAPACNPR2,153,PN      N1,BRADESPAR
2026-02-06,BRAP4,BRAP4,24.4,24.73,24.09,24.23,24.23,2887400,24.4,24.73,24.09,24.23,1.0,24.73,24.09,0,2887400,7961,70141805.0,1,02,010,BRBRAPACNPR2,153,PN      N1,BRADESPAR
2026-02-09,BRAP4,BRAP4,24.42,24.71,24.01,24.58,24.58,9606800,24.42,24.71,24.01,24.58,1.0,24.71,24.01,0,9606800,11172,234513979.0,1,02,010,BRBRAPACNPR2,153,PN      N1,BRADESPAR
2026-02-10,BRAP4,BRAP4,24.4,24.55,24.24,24.3,24.3,2071900,24.4,24.55,24.24,24.3,1.0,24.55,24.24,0,2071900,3698,50459828.0,1,02,010,BRBRAPACNPR2,153,PN      N1,BRADESPAR
2026-02-11,BRAP4,BRAP4,24.59,25.03,24.59,24.98,24.98,2244700,24.59,25.03,24.59,24.98,1.0,25.03,24.59,0,2244700,8033,55863883.0,1,02,010,BRBRAPACNPR2,153,PN      N1,BRADESPAR
2026-02-12,BRAP4,BRAP4,24.87,25.2,24.53,24.65,24.65,2595500,24.87,25.2,24.53,24.65,1.0,25.2,24.53,0,2595500,8015,64400801.0,1,02,010,BRBRAPACNPR2,153,PN      N1,BRADESPAR
2026-02-13,BRAP4,BRAP4,24.13,24.19,23.59,23.89,23.89,2681800,24.13,24.19,23.59,23.89,1.0,24.19,23.59,0,2681800,7114,63974429.0,1,02,010,BRBRAPACNPR2,153,PN      N1,BRADESPAR
2026-02-18,BRAP4,BRAP4,23.6,23.68,23.07,23.37,23.37,2941800,23.6,23.68,23.07,23.37,1.0,23.68,23.07,0,2941800,8789,68420284.0,1,02,010,BRBRAPACNPR2,153,PN      N1,BRADESPAR
2026-02-19,BRAP4,BRAP4,23.18,23.29,22.62,23.29,23.29,4319200,23.18,23.29,22.62,23.29,1.0,23.29,22.62,0,4319200,9218,99408165.0,1,02,010,BRBRAPACNPR2,153,PN      N1,BRADESPAR
2026-02-20,BRAP4,BRAP4,23.1,23.76,22.88,23.76,23.76,4415300,23.1,23.76,22.88,23.76,1.0,23.76,22.88,0,4415300,8231,103486033.0,1,02,010,BRBRAPACNPR2,153,PN      N1,BRADESPAR
2026-02-23,BRAP4,BRAP4,23.7,24.3,23.6,24.27,24.27,3413900,23.7,24.3,23.6,24.27,1.0,24.3,23.6,0,3413900,7012,82291829.0,1,02,010,BRBRAPACNPR2,153,PN      N1,BRADESPAR
2026-02-24,BRAP4,BRAP4,24.32,24.62,24.16,24.48,24.48,2376700,24.32,24.62,24.16,24.48,1.0,24.62,24.16,0,2376700,7061,58172857.0,1,02,010,BRBRAPACNPR2,153,PN      N1,BRADESPAR
2026-02-25,BRAP4,BRAP4,24.75,25.36,24.69,25.28,25.28,4604000,24.75,25.36,24.69,25.28,1.0,25.36,24.69,0,4604000,10258,115819149.0,1,02,010,BRBRAPACNPR2,153,PN      N1,BRADESPAR
2026-02-26,BRAP4,BRAP4,25.08,25.16,24.62,24.93,24.93,2477900,25.08,25.16,24.62,24.93,1.0,25.16,24.62,0,2477900,8293,61518786.0,1,02,010,BRBRAPACNPR2,153,PN      N1,BRADESPAR
2026-02-27,BRAP4,BRAP4,24.79,25.1,24.66,24.83,24.83,2464300,24.79,25.1,24.66,24.83,1.0,25.1,24.66,0,2464300,6140,61203313.0,1,02,010,BRBRAPACNPR2,153,PN      N1,BRADESPAR
2026-03-02,BRAP4,BRAP4,24.5,24.96,24.33,24.83,24.83,2530500,24.5,24.96,24.33,24.83,1.0,24.96,24.33,0,2530500,6386,62619500.0,1,02,010,BRBRAPACNPR2,153,PN      N1,BRADESPAR
2026-03-03,BRAP4,BRAP4,24.02,24.04,23.15,23.38,23.38,5295500,24.02,24.04,23.15,23.38,1.0,24.04,23.15,0,5295500,16696,123784830.0,1,02,010,BRBRAPACNPR2,153,PN      N1,BRADESPAR
2026-03-04,BRAP4,BRAP4,23.66,23.78,23.05,23.57,23.57,2516600,23.66,23.78,23.05,23.57,1.0,23.78,23.05,0,2516600,6799,59209269.0,1,02,010,BRBRAPACNPR2,153,PN      N1,BRADESPAR
2026-03-05,BRAP4,BRAP4,23.5,23.5,22.94,23.03,23.03,6930200,23.5,23.5,22.94,23.03,1.0,23.5,22.94,0,6930200,13559,160242589.0,1,02,010,BRBRAPACNPR2,153,PN      N1,BRADESPAR
2026-03-06,BRAP4,BRAP4,23.0,23.02,22.19,22.42,22.42,3417100,23.0,23.02,22.19,22.42,1.0,23.02,22.19,0,3417100,8807,76881399.0,1,02,010,BRBRAPACNPR2,153,PN      N1,BRADESPAR
2026-03-09,BRAP4,BRAP4,22.21,22.92,21.87,22.7,22.7,3912200,22.21,22.92,21.87,22.7,1.0,22.92,21.87,0,3912200,10752,87824816.0,1,02,010,BRBRAPACNPR2,153,PN      N1,BRADESPAR
2026-03-10,BRAP4,BRAP4,23.03,23.16,22.76,22.79,22.79,2846400,23.03,23.16,22.76,22.79,1.0,23.16,22.76,0,2846400,7211,65225227.0,1,02,010,BRBRAPACNPR2,153,PN      N1,BRADESPAR
2026-03-11,BRAP4,BRAP4,22.64,23.1,22.4,22.65,22.65,2285600,22.64,23.1,22.4,22.65,1.0,23.1,22.4,0,2285600,8279,51625143.0,1,02,010,BRBRAPACNPR2,153,PN      N1,BRADESPAR
2026-03-12,BRAP4,BRAP4,22.6,22.6,22.1,22.55,22.55,3206300,22.6,22.6,22.1,22.55,1.0,22.6,22.1,0,3206300,8302,71660963.0,1,02,010,BRBRAPACNPR2,153,PN      N1,BRADESPAR
2026-03-13,BRAP4,BRAP4,22.55,22.7,21.99,22.1,22.1,1928400,22.55,22.7,21.99,22.1,1.0,22.7,21.99,0,1928400,6117,42888116.0,1,02,010,BRBRAPACNPR2,153,PN      N1,BRADESPAR
2026-03-16,BRAP4,BRAP4,22.49,22.71,22.39,22.45,22.45,1865200,22.49,22.71,22.39,22.45,1.0,22.71,22.39,0,1865200,5373,41971884.0,1,02,010,BRBRAPACNPR2,153,PN      N1,BRADESPAR
2026-03-17,BRAP4,BRAP4,22.55,22.74,22.37,22.46,22.46,992300,22.55,22.74,22.37,22.46,1.0,22.74,22.37,0,992300,3974,22361639.0,1,02,010,BRBRAPACNPR2,153,PN      N1,BRADESPAR
2026-03-18,BRAP4,BRAP4,22.32,22.36,21.9,22.0,22.0,2579800,22.32,22.36,21.9,22.0,1.0,22.36,21.9,0,2579800,8526,56948748.0,1,02,010,BRBRAPACNPR2,153,PN      N1,BRADESPAR
2026-03-19,BRAP4,BRAP4,21.68,21.86,21.18,21.79,21.79,3412600,21.68,21.86,21.18,21.79,1.0,21.86,21.18,0,3412600,9845,73480852.0,1,02,010,BRBRAPACNPR2,153,PN      N1,BRADESPAR
2026-03-20,BRAP4,BRAP4,21.67,21.69,21.2,21.36,21.36,3461400,21.67,21.69,21.2,21.36,1.0,21.69,21.2,0,3461400,5279,74222740.0,1,02,010,BRBRAPACNPR2,153,PN      N1,BRADESPAR
2026-03-23,BRAP4,BRAP4,21.72,22.26,21.6,22.02,22.02,1669000,21.72,22.26,21.6,22.02,1.0,22.26,21.6,0,1669000,5081,36720476.0,1,02,010,BRBRAPACNPR2,153,PN      N1,BRADESPAR
2026-03-24,BRAP4,BRAP4,21.85,22.24,21.72,22.24,22.24,1148100,21.85,22.24,21.72,22.24,1.0,22.24,21.72,0,1148100,3863,25349643.0,1,02,010,BRBRAPACNPR2,153,PN      N1,BRADESPAR
2026-03-25,BRAP4,BRAP4,22.58,22.78,22.39,22.48,22.48,1384200,22.58,22.78,22.39,22.48,1.0,22.78,22.39,0,1384200,5237,31226037.0,1,02,010,BRBRAPACNPR2,153,PN      N1,BRADESPAR
2026-03-26,BRAP4,BRAP4,22.32,22.44,22.07,22.26,22.26,1317000,22.32,22.44,22.07,22.26,1.0,22.44,22.07,0,1317000,3276,29266375.0,1,02,010,BRBRAPACNPR2,153,PN      N1,BRADESPAR
2026-03-27,BRAP4,BRAP4,22.16,22.5,21.9,22.15,22.15,2133800,22.16,22.5,21.9,22.15,1.0,22.5,21.9,0,2133800,4760,47354613.0,1,02,010,BRBRAPACNPR2,153,PN      N1,BRADESPAR
2026-03-30,BRAP4,BRAP4,22.41,22.64,22.19,22.35,22.35,1671200,22.41,22.64,22.19,22.35,1.0,22.64,22.19,0,1671200,4486,37377257.0,1,02,010,BRBRAPACNPR2,153,PN      N1,BRADESPAR
2026-03-31,BRAP4,BRAP4,22.74,23.31,22.6,23.06,23.06,2638800,22.74,23.31,22.6,23.06,1.0,23.31,22.6,0,2638800,7983,60810539.0,1,02,010,BRBRAPACNPR2,153,PN      N1,BRADESPAR
2026-04-01,BRAP4,BRAP4,23.19,23.63,23.19,23.25,23.25,2129800,23.19,23.63,23.19,23.25,1.0,23.63,23.19,0,2129800,6852,49721734.0,1,02,010,BRBRAPACNPR2,153,PN      N1,BRADESPAR
2026-04-02,BRAP4,BRAP4,22.76,23.52,22.72,23.38,23.38,2258400,22.76,23.52,22.72,23.38,1.0,23.52,22.72,0,2258400,6948,52412227.0,1,02,010,BRBRAPACNPR2,153,PN      N1,BRADESPAR
2026-04-06,BRAP4,BRAP4,23.51,23.53,23.26,23.46,23.46,1511300,23.51,23.53,23.26,23.46,1.0,23.53,23.26,0,1511300,4472,35369418.0,1,02,010,BRBRAPACNPR2,153,PN      N1,BRADESPAR
2026-04-07,BRAP4,BRAP4,23.38,23.64,23.2,23.64,23.64,2189300,23.38,23.64,23.2,23.64,1.0,23.64,23.2,0,2189300,6014,51408329.0,1,02,010,BRBRAPACNPR2,153,PN      N1,BRADESPAR
2026-04-08,BRAP4,BRAP4,24.41,24.56,24.14,24.28,24.28,4769500,24.41,24.56,24.14,24.28,1.0,24.56,24.14,0,4769500,14140,116102422.0,1,02,010,BRBRAPACNPR2,153,PN      N1,BRADESPAR
2026-04-09,BRAP4,BRAP4,24.14,24.44,24.0,24.33,24.33,2383400,24.14,24.44,24.0,24.33,1.0,24.44,24.0,0,2383400,9204,57907114.0,1,02,010,BRBRAPACNPR2,153,PN      N1,BRADESPAR
2026-04-10,BRAP4,BRAP4,24.48,24.78,24.39,24.58,24.58,2956200,24.48,24.78,24.39,24.58,1.0,24.78,24.39,0,2956200,6506,72537056.0,1,02,010,BRBRAPACNPR2,153,PN      N1,BRADESPAR
2026-04-13,BRAP4,BRAP4,24.5,24.88,24.43,24.88,24.88,2339500,24.5,24.88,24.43,24.88,1.0,24.88,24.43,0,2339500,5850,57985275.0,1,02,010,BRBRAPACNPR2,153,PN      N1,BRADESPAR
2026-04-14,BRAP4,BRAP4,24.9,25.4,24.86,25.4,25.4,2694600,24.9,25.4,24.86,25.4,1.0,25.4,24.86,0,2694600,8238,67891843.0,1,02,010,BRBRAPACNPR2,153,PN      N1,BRADESPAR
2026-04-15,BRAP4,BRAP4,25.4,25.49,25.13,25.3,25.3,1677400,25.4,25.49,25.13,25.3,1.0,25.49,25.13,0,1677400,5392,42408093.0,1,02,010,BRBRAPACNPR2,153,PN      N1,BRADESPAR
2026-04-16,BRAP4,BRAP4,25.41,25.63,25.02,25.05,25.05,1532700,25.41,25.63,25.02,25.05,1.0,25.63,25.02,0,1532700,5246,38614568.0,1,02,010,BRBRAPACNPR2,153,PN      N1,BRADESPAR
2026-04-17,BRAP4,BRAP4,25.28,25.55,25.27,25.49,25.49,2421700,25.28,25.55,25.27,25.49,1.0,25.55,25.27,0,2421700,10322,61603617.0,1,02,010,BRBRAPACNPR2,153,PN      N1,BRADESPAR
2026-04-20,BRAP4,BRAP4,25.28,25.49,24.94,25.18,25.18,1748500,25.28,25.49,24.94,25.18,1.0,25.49,24.94,0,1748500,6512,44042362.0,1,02,010,BRBRAPACNPR2,153,PN      N1,BRADESPAR
2026-04-22,BRAP4,BRAP4,24.85,25.05,24.51,24.58,24.58,3190400,24.85,25.05,24.51,24.58,1.0,25.05,24.51,0,3190400,9023,78850465.0,1,02,010,BRBRAPACNPR2,153,PN      N1,BRADESPAR
2026-04-23,BRAP4,BRAP4,24.59,24.6,24.01,24.06,24.06,1961300,24.59,24.6,24.01,24.06,1.0,24.6,24.01,0,1961300,7618,47509333.0,1,02,010,BRBRAPACNPR2,153,PN      N1,BRADESPAR
2026-04-24,BRAP4,BRAP4,24.07,24.24,23.84,23.95,23.95,2314100,24.07,24.24,23.84,23.95,1.0,24.24,23.84,0,2314100,7710,55520281.0,1,02,010,BRBRAPACNPR2,153,PN      N1,BRADESPAR
2026-04-27,BRAP4,BRAP4,23.95,24.18,23.73,23.85,23.85,1154400,23.95,24.18,23.73,23.85,1.0,24.18,23.73,0,1154400,4429,27542161.0,1,02,010,BRBRAPACNPR2,153,PN      N1,BRADESPAR
2026-04-28,BRAP4,BRAP4,23.69,23.8,23.49,23.71,23.71,1099000,23.69,23.8,23.49,23.71,1.0,23.8,23.49,0,1099000,3180,26000979.0,1,02,010,BRBRAPACNPR2,153,PN      N1,BRADESPAR
2026-04-29,BRAP4,BRAP4,23.4,23.45,22.51,22.61,22.61,3225000,23.4,23.45,22.51,22.61,1.0,23.45,22.51,0,3225000,8181,73334061.0,1,02,010,BRBRAPACNPR2,153,PN      N1,BRADESPAR
2026-04-30,BRAP4,BRAP4,22.85,23.17,22.75,22.94,22.94,1764000,22.85,23.17,22.75,22.94,1.0,23.17,22.75,0,1764000,4621,40560016.0,1,02,010,BRBRAPACNPR2,153,PN      N1,BRADESPAR
2026-05-04,BRAP4,BRAP4,22.82,22.94,22.27,22.53,22.53,2279200,22.82,22.94,22.27,22.53,1.0,22.94,22.27,0,2279200,7241,51217621.0,1,02,010,BRBRAPACNPR2,153,PN      N1,BRADESPAR
2026-05-05,BRAP4,BRAP4,22.69,22.72,22.24,22.34,22.34,1761700,22.69,22.72,22.24,22.34,1.0,22.72,22.24,0,1761700,5993,39389500.0,1,02,010,BRBRAPACNPR2,153,PN      N1,BRADESPAR
2026-05-06,BRAP4,BRAP4,22.94,23.23,22.81,22.88,22.88,2310800,22.94,23.23,22.81,22.88,1.0,23.23,22.81,0,2310800,7486,53085948.0,1,02,010,BRBRAPACNPR2,153,PN      N1,BRADESPAR
2026-05-07,BRAP4,BRAP4,22.81,23.02,22.46,22.71,22.71,1877300,22.81,23.02,22.46,22.71,1.0,23.02,22.46,0,1877300,8183,42525614.0,1,02,010,BRBRAPACNPR2,153,PN      N1,BRADESPAR
2026-05-08,BRAP4,BRAP4,22.97,23.24,22.83,23.01,23.01,4040400,22.97,23.24,22.83,23.01,1.0,23.24,22.83,0,4040400,6335,92980395.0,1,02,010,BRBRAPACNPR2,153,PN      N1,BRADESPAR
2026-05-11,BRAP4,BRAP4,23.01,23.58,22.91,23.45,23.45,1805200,23.01,23.58,22.91,23.45,1.0,23.58,22.91,0,1805200,5064,42233216.0,1,02,010,BRBRAPACNPR2,153,PN      N1,BRADESPAR
2026-05-12,BRAP4,BRAP4,23.36,23.49,22.86,23.32,23.32,2066800,23.36,23.49,22.86,23.32,1.0,23.49,22.86,0,2066800,7311,47944960.0,1,02,010,BRBRAPACNPR2,153,PN      N1,BRADESPAR
2026-05-13,BRAP4,BRAP4,23.12,23.73,23.09,23.25,23.25,2787100,23.12,23.73,23.09,23.25,1.0,23.73,23.09,0,2787100,8379,65077194.0,1,02,010,BRBRAPACNPR2,153,PN      N1,BRADESPAR
2026-05-14,BRAP4,BRAP4,23.6,23.66,22.77,22.85,22.85,4280600,23.6,23.66,22.77,22.85,1.0,23.66,22.77,0,4280600,8710,98507788.0,1,02,010,BRBRAPACNPR2,153,PN      N1,BRADESPAR
2026-05-15,BRAP4,BRAP4,22.12,23.05,21.9,22.99,22.99,2892600,22.12,23.05,21.9,22.99,1.0,23.05,21.9,0,2892600,9983,65121385.0,1,02,010,BRBRAPACNPR2,153,PN      N1,BRADESPAR
2026-05-18,BRAP4,BRAP4,22.93,23.02,22.44,22.66,22.66,1246900,22.93,23.02,22.44,22.66,1.0,23.02,22.44,0,1246900,4356,28244702.0,1,02,010,BRBRAPACNPR2,153,PN      N1,BRADESPAR
2026-05-19,BRAP4,BRAP4,22.34,22.53,22.18,22.4,22.4,1210800,22.34,22.53,22.18,22.4,1.0,22.53,22.18,0,1210800,4747,27061183.0,1,02,010,BRBRAPACNPR2,153,PN      N1,BRADESPAR
2026-05-20,BRAP4,BRAP4,22.52,23.11,22.48,23.03,23.03,2045100,22.52,23.11,22.48,23.03,1.0,23.11,22.48,0,2045100,7691,46787314.0,1,02,010,BRBRAPACNPR2,153,PN      N1,BRADESPAR
2026-05-21,BRAP4,BRAP4,22.89,23.25,22.68,23.08,23.08,1150500,22.89,23.25,22.68,23.08,1.0,23.25,22.68,0,1150500,4282,26446886.0,1,02,010,BRBRAPACNPR2,153,PN      N1,BRADESPAR
2026-05-22,BRAP4,BRAP4,22.9,23.24,22.85,23.17,23.17,831600,22.9,23.24,22.85,23.17,1.0,23.24,22.85,0,831600,3872,19203843.0,1,02,010,BRBRAPACNPR2,153,PN      N1,BRADESPAR
2026-05-25,BRAP4,BRAP4,23.17,23.34,22.87,23.19,23.19,1016800,23.17,23.34,22.87,23.19,1.0,23.34,22.87,0,1016800,4139,23481732.0,1,02,010,BRBRAPACNPR2,153,PN      N1,BRADESPAR
2026-05-26,BRAP4,BRAP4,23.2,23.38,22.94,23.08,23.08,827700,23.2,23.38,22.94,23.08,1.0,23.38,22.94,0,827700,3799,19098897.0,1,02,010,BRBRAPACNPR2,153,PN      N1,BRADESPAR
2026-05-27,BRAP4,BRAP4,23.2,23.37,22.94,23.29,23.29,1465200,23.2,23.37,22.94,23.29,1.0,23.37,22.94,0,1465200,4825,34075397.0,1,02,010,BRBRAPACNPR2,153,PN      N1,BRADESPAR
2026-05-28,BRAP4,BRAP4,23.29,23.68,23.1,23.35,23.35,1189900,23.29,23.68,23.1,23.35,1.0,23.68,23.1,0,1189900,3835,27889509.0,1,02,010,BRBRAPACNPR2,153,PN      N1,BRADESPAR
2026-05-29,BRAP4,BRAP4,23.36,23.5,23.01,23.25,23.25,2760400,23.36,23.5,23.01,23.25,1.0,23.5,23.01,0,2760400,5586,63984642.0,1,02,010,BRBRAPACNPR2,153,PN      N1,BRADESPAR
2026-06-01,BRAP4,BRAP4,23.09,23.09,22.41,22.87,22.87,4015100,23.09,23.09,22.41,22.87,1.0,23.09,22.41,0,4015100,6147,91972774.0,1,02,010,BRBRAPACNPR2,153,PN      N1,BRADESPAR
2026-06-02,BRAP4,BRAP4,22.92,23.76,22.92,23.61,23.61,1759000,22.92,23.76,22.92,23.61,1.0,23.76,22.92,0,1759000,5228,41470485.0,1,02,010,BRBRAPACNPR2,153,PN      N1,BRADESPAR
2026-06-03,BRAP4,BRAP4,23.16,23.28,22.6,22.78,22.78,2011000,23.16,23.28,22.6,22.78,1.0,23.28,22.6,0,2011000,6609,45803039.0,1,02,010,BRBRAPACNPR2,153,PN      N1,BRADESPAR
2026-06-05,BRAP4,BRAP4,22.59,22.59,21.72,21.88,21.88,1692900,22.59,22.59,21.72,21.88,1.0,22.59,21.72,0,1692900,5588,37206650.0,1,02,010,BRBRAPACNPR2,153,PN      N1,BRADESPAR
2026-06-08,BRAP4,BRAP4,21.95,21.97,21.49,21.59,21.59,3153500,21.95,21.97,21.49,21.59,1.0,21.97,21.49,0,3153500,6372,68090074.0,1,02,010,BRBRAPACNPR2,153,PN      N1,BRADESPAR
2026-06-09,BRAP4,BRAP4,21.76,21.87,21.34,21.84,21.84,1772400,21.76,21.87,21.34,21.84,1.0,21.87,21.34,0,1772400,6461,38471171.0,1,02,010,BRBRAPACNPR2,153,PN      N1,BRADESPAR
2026-06-10,BRAP4,BRAP4,21.72,21.82,21.56,21.69,21.69,1446000,21.72,21.82,21.56,21.69,1.0,21.82,21.56,0,1446000,5265,31395529.0,1,02,010,BRBRAPACNPR2,153,PN      N1,BRADESPAR
2026-06-11,BRAP4,BRAP4,21.75,22.26,21.59,22.02,22.02,2540800,21.75,22.26,21.59,22.02,1.0,22.26,21.59,0,2540800,7906,55762687.0,1,02,010,BRBRAPACNPR2,153,PN      N1,BRADESPAR
2026-06-12,BRAP4,BRAP4,21.98,22.6,21.95,22.42,22.42,3603800,21.98,22.6,21.95,22.42,1.0,22.6,21.95,0,3603800,6388,80709743.0,1,02,010,BRBRAPACNPR2,153,PN      N1,BRADESPAR
2026-06-15,BRAP4,BRAP4,22.75,23.47,22.69,23.03,23.03,3070900,22.75,23.47,22.69,23.03,1.0,23.47,22.69,0,3070900,9304,71130334.0,1,02,010,BRBRAPACNPR2,153,PN      N1,BRADESPAR
2026-06-16,BRAP4,BRAP4,22.95,23.23,22.87,22.98,22.98,1121200,22.95,23.23,22.87,22.98,1.0,23.23,22.87,0,1121200,4203,25868173.0,1,02,010,BRBRAPACNPR2,153,PN      N1,BRADESPAR
2026-06-17,BRAP4,BRAP4,22.79,23.24,22.45,22.56,22.56,2211800,22.79,23.24,22.45,22.56,1.0,23.24,22.45,0,2211800,6279,50380396.0,1,02,010,BRBRAPACNPR2,153,PN      N1,BRADESPAR
2026-06-18,BRAP4,BRAP4,22.5,22.82,22.32,22.65,22.65,1689900,22.5,22.82,22.32,22.65,1.0,22.82,22.32,0,1689900,4537,38226754.0,1,02,010,BRBRAPACNPR2,153,PN      N1,BRADESPAR
2026-06-19,BRAP4,BRAP4,22.64,23.03,22.6,22.68,22.68,1192400,22.64,23.03,22.6,22.68,1.0,23.03,22.6,0,1192400,2880,27149336.0,1,02,010,BRBRAPACNPR2,153,PN      N1,BRADESPAR
2026-06-22,BRAP4,BRAP4,22.73,23.0,22.7,22.74,22.74,1038800,22.73,23.0,22.7,22.74,1.0,23.0,22.7,0,1038800,4236,23740101.0,1,02,010,BRBRAPACNPR2,153,PN      N1,BRADESPAR
2026-06-23,BRAP4,BRAP4,22.42,22.76,22.24,22.62,22.62,1894100,22.42,22.76,22.24,22.62,1.0,22.76,22.24,0,1894100,5519,42751321.0,1,02,010,BRBRAPACNPR2,153,PN      N1,BRADESPAR
2026-06-24,BRAP4,BRAP4,22.38,22.45,21.94,22.11,22.11,2029000,22.38,22.45,21.94,22.11,1.0,22.45,21.94,0,2029000,6003,44858260.0,1,02,010,BRBRAPACNPR2,153,PN      N1,BRADESPAR
2026-06-25,BRAP4,BRAP4,22.29,22.55,22.1,22.31,22.31,1437100,22.29,22.55,22.1,22.31,1.0,22.55,22.1,0,1437100,4472,32145842.0,1,02,010,BRBRAPACNPR2,153,PN      N1,BRADESPAR
2026-06-26,BRAP4,BRAP4,22.27,22.41,22.1,22.21,22.21,1148200,22.27,22.41,22.1,22.21,1.0,22.41,22.1,0,1148200,3589,25543330.0,1,02,010,BRBRAPACNPR2,153,PN      N1,BRADESPAR
2026-06-29,BRAP4,BRAP4,22.09,22.33,21.88,22.25,22.25,1419900,22.09,22.33,21.88,22.25,1.0,22.33,21.88,0,1419900,2440,31431726.0,1,02,010,BRBRAPACNPR2,153,PN      N1,BRADESPAR
2026-06-30,BRAP4,BRAP4,22.05,22.23,21.94,22.08,22.08,1195500,22.05,22.23,21.94,22.08,1.0,22.23,21.94,0,1195500,3901,26388138.0,1,02,010,BRBRAPACNPR2,153,PN      N1,BRADESPAR
2026-07-01,BRAP4,BRAP4,21.86,22.4,21.79,22.29,22.29,2271100,21.86,22.4,21.79,22.29,1.0,22.4,21.79,0,2271100,7114,50546915.0,1,02,010,BRBRAPACNPR2,153,PN      N1,BRADESPAR
2026-07-02,BRAP4,BRAP4,22.41,22.76,22.26,22.37,22.37,1095700,22.41,22.76,22.26,22.37,1.0,22.76,22.26,0,1095700,4227,24574744.0,1,02,010,BRBRAPACNPR2,153,PN      N1,BRADESPAR
2026-07-03,BRAP4,BRAP4,22.38,22.55,22.35,22.43,22.43,876500,22.38,22.55,22.35,22.43,1.0,22.55,22.35,0,876500,2730,19679690.0,1,02,010,BRBRAPACNPR2,153,PN      N1,BRADESPAR
2026-07-06,BRAP4,BRAP4,22.29,22.52,22.15,22.24,22.24,1010000,22.29,22.52,22.15,22.24,1.0,22.52,22.15,0,1010000,2644,22515148.0,1,02,010,BRBRAPACNPR2,153,PN      N1,BRADESPAR
2026-07-07,BRAP4,BRAP4,22.24,22.26,21.68,21.79,21.79,1635500,22.24,22.26,21.68,21.79,1.0,22.26,21.68,0,1635500,4672,35719161.0,1,02,010,BRBRAPACNPR2,153,PN      N1,BRADESPAR
2026-07-08,BRAP4,BRAP4,21.5,21.55,20.77,20.93,20.93,3462700,21.5,21.55,20.77,20.93,1.0,21.55,20.77,0,3462700,7311,72727873.0,1,02,010,BRBRAPACNPR2,153,PN      N1,BRADESPAR
2026-07-09,BRAP4,BRAP4,21.03,21.22,20.82,21.22,21.22,2299300,21.03,21.22,20.82,21.22,1.0,21.22,20.82,0,2299300,7058,48522426.0,1,02,010,BRBRAPACNPR2,153,PN      N1,BRADESPAR
2026-07-10,BRAP4,BRAP4,21.5,21.84,21.26,21.7,21.7,3739700,21.5,21.84,21.26,21.7,1.0,21.84,21.26,0,3739700,8636,81079401.0,1,02,010,BRBRAPACNPR2,153,PN      N1,BRADESPAR
2026-07-13,BRAP4,BRAP4,21.7,21.72,21.14,21.29,21.29,1532200,21.7,21.72,21.14,21.29,1.0,21.72,21.14,0,1532200,4297,32671943.0,1,02,010,BRBRAPACNPR2,153,PN      N1,BRADESPAR
2026-07-14,BRAP4,BRAP4,21.45,21.74,21.34,21.56,21.56,1701200,21.45,21.74,21.34,21.56,1.0,21.74,21.34,0,1701200,4319,36716059.0,1,02,010,BRBRAPACNPR2,153,PN      N1,BRADESPAR
2026-07-15,BRAP4,BRAP4,21.62,21.98,21.5,21.77,21.77,2064200,21.62,21.98,21.5,21.77,1.0,21.98,21.5,0,2064200,6242,44996317.0,1,02,010,BRBRAPACNPR2,153,PN      N1,BRADESPAR
2026-07-16,BRAP4,BRAP4,21.62,21.7,21.04,21.31,21.31,2445600,21.62,21.7,21.04,21.31,1.0,21.7,21.04,0,2445600,4691,52136192.0,1,02,010,BRBRAPACNPR2,153,PN      N1,BRADESPAR
2026-07-17,BRAP4,BRAP4,21.24,21.3,21.04,21.19,21.19,1054200,21.24,21.3,21.04,21.19,1.0,21.3,21.04,0,1054200,3127,22339667.0,1,02,010,BRBRAPACNPR2,153,PN      N1,BRADESPAR
2026-07-20,BRAP4,BRAP4,21.21,21.34,20.69,20.81,20.81,1561000,21.21,21.34,20.69,20.81,1.0,21.34,20.69,0,1561000,4683,32596216.0,1,02,010,BRBRAPACNPR2,153,PN      N1,BRADESPAR
2026-07-21,BRAP4,BRAP4,20.85,21.02,20.61,20.8,20.8,1787900,20.85,21.02,20.61,20.8,1.0,21.02,20.61,0,1787900,5025,37213473.0,1,02,010,BRBRAPACNPR2,153,PN      N1,BRADESPAR
2026-07-22,BRAP4,BRAP4,21.1,21.7,21.03,21.64,21.64,1679700,21.1,21.7,21.03,21.64,1.0,21.7,21.03,0,1679700,5476,36141610.0,1,02,010,BRBRAPACNPR2,153,PN      N1,BRADESPAR
2026-07-23,BRAP4,BRAP4,21.55,22.2,21.45,21.85,21.85,2110100,21.55,22.2,21.45,21.85,1.0,22.2,21.45,0,2110100,5687,46215018.0,1,02,010,BRBRAPACNPR2,153,PN      N1,BRADESPAR
2026-07-24,BRAP4,BRAP4,21.72,21.72,21.54,21.6,21.6,1028300,21.72,21.72,21.54,21.6,1.0,21.72,21.54,0,1028300,3335,22256714.0,1,02,010,BRBRAPACNPR2,153,PN      N1,BRADESPAR
2026-07-27,BRAP4,BRAP4,21.55,21.77,21.32,21.75,21.75,880200,21.55,21.77,21.32,21.75,1.0,21.77,21.32,0,880200,3329,19004492.0,1,02,010,BRBRAPACNPR2,153,PN      N1,BRADESPAR
2026-07-28,BRAP4,BRAP4,21.88,22.06,21.51,21.76,21.76,1206100,21.88,22.06,21.51,21.76,1.0,22.06,21.51,0,1206100,4099,26176435.0,1,02,010,BRBRAPACNPR2,153,PN      N1,BRADESPAR
2026-07-29,BRAP4,BRAP4,21.82,22.22,21.55,21.66,21.66,956400,21.82,22.22,21.55,21.66,1.0,22.22,21.55,0,956400,2997,20788270.0,1,02,010,BRBRAPACNPR2,153,PN      N1,BRADESPAR
2026-07-30,BRAP4,BRAP4,21.83,22.1,21.63,21.73,21.73,1445700,21.83,22.1,21.63,21.73,1.0,22.1,21.63,0,1445700,3523,31477534.0,1,02,010,BRBRAPACNPR2,153,PN      N1,BRADESPAR
2026-07-31,BRAP4,BRAP4,21.74,22.09,21.65,22.0,22.0,1656100,21.74,22.09,21.65,22.0,1.0,22.09,21.65,0,1656100,5129,36305844.0,1,02,010,BRBRAPACNPR2,153,PN      N1,BRADESPAR
2026-08-03,BRAP4,BRAP4,21.97,21.97,21.36,21.5,21.5,2671000,21.97,21.97,21.36,21.5,1.0,21.97,21.36,0,2671000,5769,57449170.0,1,02,010,BRBRAPACNPR2,153,PN      N1,BRADESPAR
2026-08-04,BRAP4,BRAP4,21.85,22.16,21.8,21.87,21.87,1765600,21.85,22.16,21.8,21.87,1.0,22.16,21.8,0,1765600,4940,38803657.0,1,02,010,BRBRAPACNPR2,153,PN      N1,BRADESPAR
2026-08-05,BRAP4,BRAP4,22.0,22.06,21.67,22.0,22.0,1229600,22.0,22.06,21.67,22.0,1.0,22.06,21.67,0,1229600,3527,26963250.0,1,02,010,BRBRAPACNPR2,153,PN      N1,BRADESPAR
2026-08-06,BRAP4,BRAP4,21.87,21.98,21.6,21.66,21.66,1214800,21.87,21.98,21.6,21.66,1.0,21.98,21.6,0,1214800,5064,26402636.0,1,02,010,BRBRAPACNPR2,153,PN      N1,BRADESPAR
2026-08-07,BRAP4,BRAP4,21.66,21.86,21.16,21.35,21.35,2940100,21.66,21.86,21.16,21.35,1.0,21.86,21.16,0,2940100,7543,63117859.0,1,02,010,BRBRAPACNPR2,153,PN      N1,BRADESPAR
2026-08-10,BRAP4,BRAP4,21.33,21.69,21.23,21.65,21.65,2006800,21.33,21.69,21.23,21.65,1.0,21.69,21.23,0,2006800,5717,43142483.0,1,02,010,BRBRAPACNPR2,153,PN      N1,BRADESPAR
