date,ticker,source_symbol,open,high,low,close,adj_close,volume,raw_open,raw_high,raw_low,raw_close,adjustment_factor,source_high,source_low,ohlc_repaired
2000-01-03,PETR4,PETR4,5.7625,5.9125,5.72525,5.874625000000001,5.874625000000001,11060800,5.7625,5.9125,5.72525,5.874625000000001,1.0,5.9125,5.72525,0
2000-01-04,PETR4,PETR4,5.75,5.75,5.5125,5.525,5.525,9019200,5.75,5.75,5.5125,5.525,1.0,5.75,5.5125,0
2000-01-05,PETR4,PETR4,5.512625,5.625,5.3125,5.4937499999999995,5.4937499999999995,13448000,5.512625,5.625,5.3125,5.4937499999999995,1.0,5.625,5.3125,0
2000-01-06,PETR4,PETR4,5.4624999999999995,5.61875,5.425,5.475,5.475,10642400,5.4624999999999995,5.61875,5.425,5.475,1.0,5.61875,5.425,0
2000-01-07,PETR4,PETR4,5.5625,5.6625,5.5,5.5,5.5,6535200,5.5625,5.6625,5.5,5.5,1.0,5.6625,5.5,0
2000-01-10,PETR4,PETR4,5.61875,5.6875,5.6,5.6126249999999995,5.6126249999999995,6113600,5.61875,5.6875,5.6,5.6126249999999995,1.0,5.6875,5.6,0
2000-01-11,PETR4,PETR4,5.675,5.7,5.475,5.475249999999999,5.475249999999999,7496000,5.675,5.7,5.475,5.475249999999999,1.0,5.7,5.475,0
2000-01-12,PETR4,PETR4,5.5,5.537375,5.375,5.375,5.375,7284000,5.5,5.537375,5.375,5.375,1.0,5.537375,5.375,0
2000-01-13,PETR4,PETR4,5.625,5.625,5.3,5.325,5.325,8244800,5.625,5.625,5.3,5.325,1.0,5.625,5.3,0
2000-01-14,PETR4,PETR4,5.375,5.525,5.3,5.3999999999999995,5.3999999999999995,5205600,5.375,5.525,5.3,5.3999999999999995,1.0,5.525,5.3,0
2000-01-17,PETR4,PETR4,5.406375,5.4251249999999995,5.3001249999999995,5.3374999999999995,5.3374999999999995,5179200,5.406375,5.4251249999999995,5.3001249999999995,5.3374999999999995,1.0,5.4251249999999995,5.3001249999999995,0
2000-01-18,PETR4,PETR4,5.375,5.3999999999999995,5.250625,5.3625,5.3625,5601600,5.375,5.3999999999999995,5.250625,5.3625,1.0,5.3999999999999995,5.250625,0
2000-01-19,PETR4,PETR4,5.3625,5.612375,5.325,5.325,5.325,12151200,5.3625,5.612375,5.325,5.325,1.0,5.612375,5.325,0
2000-01-20,PETR4,PETR4,5.3875,5.3875,5.25,5.262499999999999,5.262499999999999,8208800,5.3875,5.3875,5.25,5.262499999999999,1.0,5.3875,5.25,0
2000-01-21,PETR4,PETR4,5.262499999999999,5.337375000000001,5.15725,5.199999999999999,5.199999999999999,5472800,5.262499999999999,5.337375000000001,5.15725,5.199999999999999,1.0,5.337375000000001,5.15725,0
2000-01-24,PETR4,PETR4,5.199999999999999,5.262499999999999,5.1625,5.1625,5.1625,5745600,5.199999999999999,5.262499999999999,5.1625,5.1625,1.0,5.262499999999999,5.1625,0
2000-01-26,PETR4,PETR4,5.1625,5.25625,5.125,5.225,5.225,8099200,5.1625,5.25625,5.125,5.225,1.0,5.25625,5.125,0
2000-01-27,PETR4,PETR4,5.265,5.375,5.1725,5.2124999999999995,5.2124999999999995,11993600,5.265,5.375,5.1725,5.2124999999999995,1.0,5.375,5.1725,0
2000-01-28,PETR4,PETR4,5.25,5.25,5.137499999999999,5.137499999999999,5.137499999999999,5592000,5.25,5.25,5.137499999999999,5.137499999999999,1.0,5.25,5.137499999999999,0
2000-01-31,PETR4,PETR4,5.12625,5.1875,5.0625,5.1,5.1,10083200,5.12625,5.1875,5.0625,5.1,1.0,5.1875,5.0625,0
2000-02-01,PETR4,PETR4,5.1,5.225,5.1,5.199999999999999,5.199999999999999,7397600,5.1,5.225,5.1,5.199999999999999,1.0,5.225,5.1,0
2000-02-02,PETR4,PETR4,5.265375,5.3125,5.225,5.3,5.3,5433600,5.265375,5.3125,5.225,5.3,1.0,5.3125,5.225,0
2000-02-03,PETR4,PETR4,5.325,5.5375,5.325,5.525,5.525,8109600,5.325,5.5375,5.325,5.525,1.0,5.5375,5.325,0
2000-02-04,PETR4,PETR4,5.525,5.6625,5.525,5.5875,5.5875,6624800,5.525,5.6625,5.525,5.5875,1.0,5.6625,5.525,0
2000-02-07,PETR4,PETR4,5.587625,5.675,5.55,5.675,5.675,6441600,5.587625,5.675,5.55,5.675,1.0,5.675,5.55,0
2000-02-08,PETR4,PETR4,5.687625,5.8125,5.687625,5.75,5.75,9843200,5.687625,5.8125,5.687625,5.75,1.0,5.8125,5.687625,0
2000-02-09,PETR4,PETR4,5.8125,5.8125,5.53125,5.625,5.625,4875200,5.8125,5.8125,5.53125,5.625,1.0,5.8125,5.53125,0
2000-02-10,PETR4,PETR4,5.6125,5.625,5.425,5.5,5.5,5812800,5.6125,5.625,5.425,5.5,1.0,5.625,5.425,0
2000-02-11,PETR4,PETR4,5.525,5.575,5.0874999999999995,5.199999999999999,5.199999999999999,7905600,5.525,5.575,5.0874999999999995,5.199999999999999,1.0,5.575,5.0874999999999995,0
2000-02-14,PETR4,PETR4,5.25,5.3125,5.1625,5.1875,5.1875,3164800,5.25,5.3125,5.1625,5.1875,1.0,5.3125,5.1625,0
2000-02-15,PETR4,PETR4,5.25,5.375,5.2375,5.35,5.35,10484800,5.25,5.375,5.2375,5.35,1.0,5.375,5.2375,0
2000-02-16,PETR4,PETR4,5.3999999999999995,5.775,5.3999999999999995,5.6875,5.6875,22992800,5.3999999999999995,5.775,5.3999999999999995,5.6875,1.0,5.775,5.3999999999999995,0
2000-02-17,PETR4,PETR4,5.65,5.75,5.59375,5.625,5.625,6691200,5.65,5.75,5.59375,5.625,1.0,5.75,5.59375,0
2000-02-18,PETR4,PETR4,5.5625,5.6125,5.5,5.55625,5.55625,7026400,5.5625,5.6125,5.5,5.55625,1.0,5.6125,5.5,0
2000-02-21,PETR4,PETR4,5.55,5.675,5.475,5.54975,5.54975,5837600,5.55,5.675,5.475,5.54975,1.0,5.675,5.475,0
2000-02-22,PETR4,PETR4,5.7375,5.7375,5.5125,5.525,5.525,7027200,5.7375,5.7375,5.5125,5.525,1.0,5.7375,5.5125,0
2000-02-23,PETR4,PETR4,5.5625,5.6625,5.5375,5.562625,5.562625,6354400,5.5625,5.6625,5.5375,5.562625,1.0,5.6625,5.5375,0
2000-02-24,PETR4,PETR4,5.625,5.712624999999999,5.525,5.712624999999999,5.712624999999999,10294400,5.625,5.712624999999999,5.525,5.712624999999999,1.0,5.712624999999999,5.525,0
2000-02-25,PETR4,PETR4,5.712375,5.8999999999999995,5.68125,5.8626249999999995,5.8626249999999995,11549600,5.712375,5.8999999999999995,5.68125,5.8626249999999995,1.0,5.8999999999999995,5.68125,0
2000-02-28,PETR4,PETR4,5.8125,5.8125,5.687625,5.7375,5.7375,3801600,5.8125,5.8125,5.687625,5.7375,1.0,5.8125,5.687625,0
2000-02-29,PETR4,PETR4,5.806125,5.80625,5.7375,5.75,5.75,7822400,5.806125,5.80625,5.7375,5.75,1.0,5.80625,5.7375,0
2000-03-01,PETR4,PETR4,5.75,5.912375,5.7375,5.912375,5.912375,8318400,5.75,5.912375,5.7375,5.912375,1.0,5.912375,5.7375,0
2000-03-02,PETR4,PETR4,5.8999999999999995,6.000125,5.7375,5.7375,5.7375,8066400,5.8999999999999995,6.000125,5.7375,5.7375,1.0,6.000125,5.7375,0
2000-03-03,PETR4,PETR4,5.7875000000000005,6.0375,5.7625,6.0375,6.0375,4130400,5.7875000000000005,6.0375,5.7625,6.0375,1.0,6.0375,5.7625,0
2000-03-08,PETR4,PETR4,6.0,6.2,5.874999999999999,6.1812499999999995,6.1812499999999995,2605600,6.0,6.2,5.874999999999999,6.1812499999999995,1.0,6.2,5.874999999999999,0
2000-03-09,PETR4,PETR4,6.2375,6.45,6.2375,6.39875,6.39875,6748800,6.2375,6.45,6.2375,6.39875,1.0,6.45,6.2375,0
2000-03-10,PETR4,PETR4,6.375,6.3875,6.125,6.2124999999999995,6.2124999999999995,4614400,6.375,6.3875,6.125,6.2124999999999995,1.0,6.3875,6.125,0
2000-03-13,PETR4,PETR4,6.186125,6.186125,5.925,5.975,5.975,6446400,6.186125,6.186125,5.925,5.975,1.0,6.186125,5.925,0
2000-03-14,PETR4,PETR4,6.0249999999999995,6.0249999999999995,5.775,5.8125,5.8125,8949600,6.0249999999999995,6.0249999999999995,5.775,5.8125,1.0,6.0249999999999995,5.775,0
2000-03-15,PETR4,PETR4,5.8125,5.9375,5.74975,5.9375,5.9375,8276000,5.8125,5.9375,5.74975,5.9375,1.0,5.9375,5.74975,0
2000-03-16,PETR4,PETR4,5.975,5.9875,5.887499999999999,5.925,5.925,7280800,5.975,5.9875,5.887499999999999,5.925,1.0,5.9875,5.887499999999999,0
2000-03-17,PETR4,PETR4,5.8999999999999995,5.9125,5.8625,5.8625,5.8625,5764800,5.8999999999999995,5.9125,5.8625,5.8625,1.0,5.9125,5.8625,0
2000-03-20,PETR4,PETR4,5.8625,5.8999999999999995,5.6875,5.6875,5.6875,5004000,5.8625,5.8999999999999995,5.6875,5.6875,1.0,5.8999999999999995,5.6875,0
2000-03-21,PETR4,PETR4,5.7125,5.8375,5.7,5.8,5.8,8004800,5.7125,5.8375,5.7,5.8,1.0,5.8375,5.7,0
2000-03-22,PETR4,PETR4,5.874999999999999,5.875125,5.8001249999999995,5.81375,5.81375,7848800,5.874999999999999,5.875125,5.8001249999999995,5.81375,1.0,5.875125,5.8001249999999995,0
2000-03-23,PETR4,PETR4,5.8,5.874999999999999,5.78725,5.78725,5.78725,8264800,5.8,5.874999999999999,5.78725,5.78725,1.0,5.874999999999999,5.78725,0
2000-03-24,PETR4,PETR4,5.782875,5.8625,5.775,5.8125,5.8125,4765600,5.782875,5.8625,5.775,5.8125,1.0,5.8625,5.775,0
2000-03-27,PETR4,PETR4,5.8125,6.25,5.8125,6.25,6.25,7108800,5.8125,6.25,5.8125,6.25,1.0,6.25,5.8125,0
2000-03-28,PETR4,PETR4,6.125,6.1375,5.9624999999999995,5.9875,5.9875,5291200,6.125,6.1375,5.9624999999999995,5.9875,1.0,6.1375,5.9624999999999995,0
2000-03-29,PETR4,PETR4,6.062375,6.0874999999999995,5.8125,5.962625,5.962625,6808800,6.062375,6.0874999999999995,5.8125,5.962625,1.0,6.0874999999999995,5.8125,0
2000-03-30,PETR4,PETR4,5.812749999999999,5.925,5.775,5.825,5.825,5135200,5.812749999999999,5.925,5.775,5.825,1.0,5.925,5.775,0
2000-03-31,PETR4,PETR4,5.874999999999999,6.000125,5.862375,5.8999999999999995,5.8999999999999995,6456800,5.874999999999999,6.000125,5.862375,5.8999999999999995,1.0,6.000125,5.862375,0
2000-04-03,PETR4,PETR4,5.874999999999999,5.874999999999999,5.75,5.850124999999999,5.850124999999999,5652000,5.874999999999999,5.874999999999999,5.75,5.850124999999999,1.0,5.874999999999999,5.75,0
2000-04-04,PETR4,PETR4,5.874999999999999,5.937375,5.625,5.8187500000000005,5.8187500000000005,10377600,5.874999999999999,5.937375,5.625,5.8187500000000005,1.0,5.937375,5.625,0
2000-04-05,PETR4,PETR4,5.770625,6.249874999999999,5.75,6.0625,6.0625,12580800,5.770625,6.249874999999999,5.75,6.0625,1.0,6.249874999999999,5.75,0
2000-04-06,PETR4,PETR4,6.125,6.2375,6.1125,6.1499999999999995,6.1499999999999995,7805600,6.125,6.2375,6.1125,6.1499999999999995,1.0,6.2375,6.1125,0
2000-04-07,PETR4,PETR4,6.2375,6.249874999999999,6.0625,6.2,6.2,5988000,6.2375,6.249874999999999,6.0625,6.2,1.0,6.249874999999999,6.0625,0
2000-04-10,PETR4,PETR4,6.1375,6.1375,6.0,6.05,6.05,4123200,6.1375,6.1375,6.0,6.05,1.0,6.1375,6.0,0
2000-04-11,PETR4,PETR4,6.0,6.0625,5.75,5.900125,5.900125,6836000,6.0,6.0625,5.75,5.900125,1.0,6.0625,5.75,0
2000-04-12,PETR4,PETR4,5.9375,6.125,5.9125,6.0249999999999995,6.0249999999999995,14258400,5.9375,6.125,5.9125,6.0249999999999995,1.0,6.125,5.9125,0
2000-04-13,PETR4,PETR4,6.0,6.1875,5.874999999999999,5.89975,5.89975,12582400,6.0,6.1875,5.874999999999999,5.89975,1.0,6.1875,5.874999999999999,0
2000-04-14,PETR4,PETR4,5.7125,5.874999999999999,5.5125,5.5737499999999995,5.5737499999999995,13196000,5.7125,5.874999999999999,5.5125,5.5737499999999995,1.0,5.874999999999999,5.5125,0
2000-04-17,PETR4,PETR4,5.5,5.5875,4.999875,5.3625,5.3625,20765600,5.5,5.5875,4.999875,5.3625,1.0,5.5875,4.999875,0
2000-04-18,PETR4,PETR4,5.3625,5.3999999999999995,5.1625,5.325374999999999,5.325374999999999,15906400,5.3625,5.3999999999999995,5.1625,5.325374999999999,1.0,5.3999999999999995,5.1625,0
2000-04-19,PETR4,PETR4,5.4125,5.4375,5.075,5.0874999999999995,5.0874999999999995,12126400,5.4125,5.4375,5.075,5.0874999999999995,1.0,5.4375,5.075,0
2000-04-20,PETR4,PETR4,5.1,5.1499999999999995,5.05625,5.1,5.1,5592800,5.1,5.1499999999999995,5.05625,5.1,1.0,5.1499999999999995,5.05625,0
2000-04-24,PETR4,PETR4,5.125,5.125,4.999875,5.0,5.0,6452800,5.125,5.125,4.999875,5.0,1.0,5.125,4.999875,0
2000-04-25,PETR4,PETR4,5.1875,5.4875,5.1875,5.45,5.45,11964000,5.1875,5.4875,5.1875,5.45,1.0,5.4875,5.1875,0
2000-04-26,PETR4,PETR4,5.4875,5.5,5.35625,5.375,5.375,7072000,5.4875,5.5,5.35625,5.375,1.0,5.5,5.35625,0
2000-04-27,PETR4,PETR4,5.2749999999999995,5.4125,5.2124999999999995,5.375,5.375,13748800,5.2749999999999995,5.4125,5.2124999999999995,5.375,1.0,5.4125,5.2124999999999995,0
2000-04-28,PETR4,PETR4,5.412375,5.45,5.3313749999999995,5.376250000000001,5.376250000000001,8106400,5.412375,5.45,5.3313749999999995,5.376250000000001,1.0,5.45,5.3313749999999995,0
2000-05-02,PETR4,PETR4,5.425,5.574875,5.3625,5.5125,5.5125,6244000,5.425,5.574875,5.3625,5.5125,1.0,5.574875,5.3625,0
2000-05-03,PETR4,PETR4,5.475,5.5,5.425,5.4875,5.4875,6380000,5.475,5.5,5.425,5.4875,1.0,5.5,5.425,0
2000-05-04,PETR4,PETR4,5.5,5.525,5.4125,5.5,5.5,6716800,5.5,5.525,5.4125,5.5,1.0,5.525,5.4125,0
2000-05-05,PETR4,PETR4,5.3999999999999995,5.5625,5.3999999999999995,5.4875,5.4875,5511200,5.3999999999999995,5.5625,5.3999999999999995,5.4875,1.0,5.5625,5.3999999999999995,0
2000-05-08,PETR4,PETR4,5.473749999999999,5.5125,5.375,5.4937499999999995,5.4937499999999995,5484800,5.473749999999999,5.5125,5.375,5.4937499999999995,1.0,5.5125,5.375,0
2000-05-09,PETR4,PETR4,5.5,5.5125,5.43825,5.498749999999999,5.498749999999999,8320000,5.5,5.5125,5.43825,5.498749999999999,1.0,5.5125,5.43825,0
2000-05-10,PETR4,PETR4,5.375,5.475,5.375,5.3999999999999995,5.3999999999999995,8388000,5.375,5.475,5.375,5.3999999999999995,1.0,5.475,5.375,0
2000-05-11,PETR4,PETR4,5.4125,5.44375,5.25,5.27025,5.27025,11263200,5.4125,5.44375,5.25,5.27025,1.0,5.44375,5.25,0
2000-05-12,PETR4,PETR4,5.325,5.362374999999999,5.225,5.3062499999999995,5.3062499999999995,8300000,5.325,5.362374999999999,5.225,5.3062499999999995,1.0,5.362374999999999,5.225,0
2000-05-15,PETR4,PETR4,5.325,5.45,5.3,5.3999999999999995,5.3999999999999995,4128800,5.325,5.45,5.3,5.3999999999999995,1.0,5.45,5.3,0
2000-05-16,PETR4,PETR4,5.5,5.6,5.475,5.575,5.575,8748000,5.5,5.6,5.475,5.575,1.0,5.6,5.475,0
2000-05-17,PETR4,PETR4,5.55,5.6,5.4375,5.518875,5.518875,4052000,5.55,5.6,5.4375,5.518875,1.0,5.6,5.4375,0
2000-05-18,PETR4,PETR4,5.525,5.60625,5.51875,5.5375,5.5375,7391200,5.525,5.60625,5.51875,5.5375,1.0,5.60625,5.51875,0
2000-05-19,PETR4,PETR4,5.5,5.5,5.3625,5.4125,5.4125,7392000,5.5,5.5,5.3625,5.4125,1.0,5.5,5.3625,0
2000-05-22,PETR4,PETR4,5.400125,5.4125,5.2375,5.25625,5.25625,6260800,5.400125,5.4125,5.2375,5.25625,1.0,5.4125,5.2375,0
2000-05-23,PETR4,PETR4,5.25,5.3625,5.25,5.29125,5.29125,7675200,5.25,5.3625,5.25,5.29125,1.0,5.3625,5.25,0
2000-05-24,PETR4,PETR4,5.375,5.3875,5.175,5.225,5.225,12206400,5.375,5.3875,5.175,5.225,1.0,5.3875,5.175,0
2000-05-25,PETR4,PETR4,5.25,5.5,5.2124999999999995,5.3125,5.3125,12024000,5.25,5.5,5.2124999999999995,5.3125,1.0,5.5,5.2124999999999995,0
2000-05-26,PETR4,PETR4,5.325,5.3374999999999995,5.225,5.251250000000001,5.251250000000001,8145600,5.325,5.3374999999999995,5.225,5.251250000000001,1.0,5.3374999999999995,5.225,0
2000-05-29,PETR4,PETR4,5.29375,5.35,5.287375,5.3,5.3,3472800,5.29375,5.35,5.287375,5.3,1.0,5.35,5.287375,0
2000-05-30,PETR4,PETR4,5.35,5.3875,5.25,5.31625,5.31625,7397600,5.35,5.3875,5.25,5.31625,1.0,5.3875,5.25,0
2000-05-31,PETR4,PETR4,5.325125,5.4125,5.2375,5.2375,5.2375,8176000,5.325125,5.4125,5.2375,5.2375,1.0,5.4125,5.2375,0
2000-06-01,PETR4,PETR4,5.3001249999999995,5.5,5.287625,5.487625,5.487625,8488800,5.3001249999999995,5.5,5.287625,5.487625,1.0,5.5,5.287625,0
2000-06-02,PETR4,PETR4,5.5375,5.812875,5.5375,5.812875,5.812875,16258400,5.5375,5.812875,5.5375,5.812875,1.0,5.812875,5.5375,0
2000-06-05,PETR4,PETR4,5.70625,5.8625,5.6875,5.812375,5.812375,7078400,5.70625,5.8625,5.6875,5.812375,1.0,5.8625,5.6875,0
2000-06-06,PETR4,PETR4,5.75,6.05,5.74975,6.01875,6.01875,14000000,5.75,6.05,5.74975,6.01875,1.0,6.05,5.74975,0
2000-06-07,PETR4,PETR4,6.01875,6.250125,5.9375,6.249750000000001,6.249750000000001,7415200,6.01875,6.250125,5.9375,6.249750000000001,1.0,6.250125,5.9375,0
2000-06-08,PETR4,PETR4,6.225,6.3625,6.2124999999999995,6.275875,6.275875,9061600,6.225,6.3625,6.2124999999999995,6.275875,1.0,6.3625,6.2124999999999995,0
2000-06-09,PETR4,PETR4,6.2757499999999995,6.375,6.25,6.2749999999999995,6.2749999999999995,3380800,6.2757499999999995,6.375,6.25,6.2749999999999995,1.0,6.375,6.25,0
2000-06-12,PETR4,PETR4,6.2625,6.2875,6.225,6.2375,6.2375,2135200,6.2625,6.2875,6.225,6.2375,1.0,6.2875,6.225,0
2000-06-13,PETR4,PETR4,6.2,6.3125,6.187625,6.2625,6.2625,6739200,6.2,6.3125,6.187625,6.2625,1.0,6.3125,6.187625,0
2000-06-14,PETR4,PETR4,6.27125,6.3,6.012499999999999,6.1625,6.1625,8626400,6.27125,6.3,6.012499999999999,6.1625,1.0,6.3,6.012499999999999,0
2000-06-15,PETR4,PETR4,6.125,6.2437499999999995,6.0874999999999995,6.1375,6.1375,6812800,6.125,6.2437499999999995,6.0874999999999995,6.1375,1.0,6.2437499999999995,6.0874999999999995,0
2000-06-16,PETR4,PETR4,6.175,6.3875,6.1375,6.312375,6.312375,11523200,6.175,6.3875,6.1375,6.312375,1.0,6.3875,6.1375,0
2000-06-19,PETR4,PETR4,6.3125,6.4498750000000005,6.2625,6.3,6.3,21275200,6.3125,6.4498750000000005,6.2625,6.3,1.0,6.4498750000000005,6.2625,0
2000-06-20,PETR4,PETR4,6.425,6.425,6.25,6.3625,6.3625,5416000,6.425,6.425,6.25,6.3625,1.0,6.425,6.25,0
2000-06-21,PETR4,PETR4,6.4,6.5125,6.3625,6.4375,6.4375,11941600,6.4,6.5125,6.3625,6.4375,1.0,6.5125,6.3625,0
2000-06-23,PETR4,PETR4,6.45,6.5375,6.3875,6.43875,6.43875,7018400,6.45,6.5375,6.3875,6.43875,1.0,6.5375,6.3875,0
2000-06-26,PETR4,PETR4,6.4525,6.55,6.4,6.45,6.45,5807200,6.4525,6.55,6.4,6.45,1.0,6.55,6.4,0
2000-06-27,PETR4,PETR4,6.5,6.81,6.375,6.65,6.65,7228800,6.5,6.81,6.375,6.65,1.0,6.81,6.375,0
2000-06-28,PETR4,PETR4,6.75,6.9,6.75,6.8125,6.8125,6303200,6.75,6.9,6.75,6.8125,1.0,6.9,6.75,0
2000-06-29,PETR4,PETR4,6.8125,6.8125,6.62625,6.65,6.65,3848800,6.8125,6.8125,6.62625,6.65,1.0,6.8125,6.62625,0
2000-06-30,PETR4,PETR4,6.75,6.875,6.75,6.8125,6.8125,3990400,6.75,6.875,6.75,6.8125,1.0,6.875,6.75,0
2000-07-03,PETR4,PETR4,6.9875,7.025,6.91375,6.96875,6.96875,5677600,6.9875,7.025,6.91375,6.96875,1.0,7.025,6.91375,0
2000-07-04,PETR4,PETR4,7.0,7.175,6.975,7.15,7.15,5293600,7.0,7.175,6.975,7.15,1.0,7.175,6.975,0
2000-07-05,PETR4,PETR4,7.1375,7.2375,6.9625,6.975,6.975,10080000,7.1375,7.2375,6.9625,6.975,1.0,7.2375,6.9625,0
2000-07-06,PETR4,PETR4,7.11125,7.11125,6.875,6.97625,6.97625,7474400,7.11125,7.11125,6.875,6.97625,1.0,7.11125,6.875,0
2000-07-07,PETR4,PETR4,7.00125,7.025,6.70625,6.70625,6.70625,12194400,7.00125,7.025,6.70625,6.70625,1.0,7.025,6.70625,0
2000-07-10,PETR4,PETR4,6.84875,6.86125,6.73125,6.73125,6.73125,6689600,6.84875,6.86125,6.73125,6.73125,1.0,6.86125,6.73125,0
2000-07-11,PETR4,PETR4,6.7625,6.7625,6.225,6.33875,6.33875,13996000,6.7625,6.7625,6.225,6.33875,1.0,6.7625,6.225,0
2000-07-12,PETR4,PETR4,6.375,6.4875,6.1125,6.2275,6.2275,12064000,6.375,6.4875,6.1125,6.2275,1.0,6.4875,6.1125,0
2000-07-13,PETR4,PETR4,6.3125,6.3375,6.05625,6.05625,6.05625,7054400,6.3125,6.3375,6.05625,6.05625,1.0,6.3375,6.05625,0
2000-07-14,PETR4,PETR4,6.125,6.3125,6.1,6.25,6.25,7016800,6.125,6.3125,6.1,6.25,1.0,6.3125,6.1,0
2000-07-17,PETR4,PETR4,6.25,6.39875,6.05,6.16125,6.16125,19541600,6.25,6.39875,6.05,6.16125,1.0,6.39875,6.05,0
2000-07-18,PETR4,PETR4,6.225,6.225,6.0625,6.125,6.125,9258400,6.225,6.225,6.0625,6.125,1.0,6.225,6.0625,0
2000-07-19,PETR4,PETR4,6.0625,6.2125,6.0625,6.175,6.175,7744800,6.0625,6.2125,6.0625,6.175,1.0,6.2125,6.0625,0
2000-07-20,PETR4,PETR4,6.20125,6.55,6.20125,6.50125,6.50125,9286400,6.20125,6.55,6.20125,6.50125,1.0,6.55,6.20125,0
2000-07-21,PETR4,PETR4,6.5,6.5625,6.3825,6.4625,6.4625,13262400,6.5,6.5625,6.3825,6.4625,1.0,6.5625,6.3825,0
2000-07-24,PETR4,PETR4,6.4975,6.525,6.2375,6.3125,6.3125,6702400,6.4975,6.525,6.2375,6.3125,1.0,6.525,6.2375,0
2000-07-25,PETR4,PETR4,6.375,6.375,5.95,6.05625,6.05625,14990400,6.375,6.375,5.95,6.05625,1.0,6.375,5.95,0
2000-07-26,PETR4,PETR4,6.125,6.1875,5.9875,6.1075,6.1075,9981600,6.125,6.1875,5.9875,6.1075,1.0,6.1875,5.9875,0
2000-07-27,PETR4,PETR4,6.125,6.1875,5.92625,5.99875,5.99875,11908000,6.125,6.1875,5.92625,5.99875,1.0,6.1875,5.92625,0
2000-07-28,PETR4,PETR4,6.02375,6.06,5.8,5.83125,5.83125,9089600,6.02375,6.06,5.8,5.83125,1.0,6.06,5.8,0
2000-07-31,PETR4,PETR4,6.0625,6.0625,5.85,5.8525,5.8525,5512000,6.0625,6.0625,5.85,5.8525,1.0,6.0625,5.85,0
2000-08-01,PETR4,PETR4,5.875,6.025,5.6125,5.67,5.67,19457600,5.875,6.025,5.6125,5.67,1.0,6.025,5.6125,0
2000-08-02,PETR4,PETR4,5.75,5.8125,5.65625,5.78875,5.78875,16543200,5.75,5.8125,5.65625,5.78875,1.0,5.8125,5.65625,0
2000-08-03,PETR4,PETR4,5.75,6.02375,5.625,5.83,5.83,12130400,5.75,6.02375,5.625,5.83,1.0,6.02375,5.625,0
2000-08-04,PETR4,PETR4,5.875,5.95,5.6875,5.75,5.75,41246400,5.875,5.95,5.6875,5.75,1.0,5.95,5.6875,0
2000-08-07,PETR4,PETR4,5.97375,5.975,5.7,5.9425,5.9425,17418400,5.97375,5.975,5.7,5.9425,1.0,5.975,5.7,0
2000-08-08,PETR4,PETR4,5.8625,5.875,5.68625,5.725,5.725,50800000,5.8625,5.875,5.68625,5.725,1.0,5.875,5.68625,0
2000-08-09,PETR4,PETR4,5.8,5.81375,5.5625,5.6425,5.6425,34448800,5.8,5.81375,5.5625,5.6425,1.0,5.81375,5.5625,0
2000-08-10,PETR4,PETR4,5.6375,6.2375,5.625,6.2375,6.2375,54558400,5.6375,6.2375,5.625,6.2375,1.0,6.2375,5.625,0
2000-08-11,PETR4,PETR4,6.225,6.31125,6.05,6.2375,6.2375,23484000,6.225,6.31125,6.05,6.2375,1.0,6.31125,6.05,0
2000-08-14,PETR4,PETR4,6.275,6.2875,6.15,6.2125,6.2125,11436800,6.275,6.2875,6.15,6.2125,1.0,6.2875,6.15,0
2000-08-15,PETR4,PETR4,6.2125,6.4625,6.2,6.3,6.3,12084800,6.2125,6.4625,6.2,6.3,1.0,6.4625,6.2,0
2000-08-16,PETR4,PETR4,6.375,6.5,6.2875,6.425,6.425,16750400,6.375,6.5,6.2875,6.425,1.0,6.5,6.2875,0
2000-08-17,PETR4,PETR4,6.425,6.7375,6.4,6.6525,6.6525,13919200,6.425,6.7375,6.4,6.6525,1.0,6.7375,6.4,0
2000-08-18,PETR4,PETR4,6.6625,6.6875,6.3875,6.475,6.475,10790400,6.6625,6.6875,6.3875,6.475,1.0,6.6875,6.3875,0
2000-08-21,PETR4,PETR4,6.5,6.5375,6.35,6.36875,6.36875,11692800,6.5,6.5375,6.35,6.36875,1.0,6.5375,6.35,0
2000-08-22,PETR4,PETR4,6.4375,6.5375,6.38125,6.4375,6.4375,10572800,6.4375,6.5375,6.38125,6.4375,1.0,6.5375,6.38125,0
2000-08-23,PETR4,PETR4,6.45375,6.6,6.38875,6.58625,6.58625,13542400,6.45375,6.6,6.38875,6.58625,1.0,6.6,6.38875,0
2000-08-24,PETR4,PETR4,6.55,6.5875,6.5,6.5625,6.5625,7378400,6.55,6.5875,6.5,6.5625,1.0,6.5875,6.5,0
2000-08-25,PETR4,PETR4,6.5625,6.6875,6.56125,6.6875,6.6875,9423200,6.5625,6.6875,6.56125,6.6875,1.0,6.6875,6.56125,0
2000-08-28,PETR4,PETR4,6.68875,6.68875,6.58125,6.62625,6.62625,7252800,6.68875,6.68875,6.58125,6.62625,1.0,6.68875,6.58125,0
2000-08-29,PETR4,PETR4,6.5625,6.8125,6.5625,6.78125,6.78125,13451200,6.5625,6.8125,6.5625,6.78125,1.0,6.8125,6.5625,0
2000-08-30,PETR4,PETR4,6.81,7.1375,6.78125,7.05,7.05,22877600,6.81,7.1375,6.78125,7.05,1.0,7.1375,6.78125,0
2000-08-31,PETR4,PETR4,7.00125,7.1,6.8875,6.8875,6.8875,12304000,7.00125,7.1,6.8875,6.8875,1.0,7.1,6.8875,0
2000-09-01,PETR4,PETR4,7.0,7.0375,6.8625,6.90625,6.90625,8507200,7.0,7.0375,6.8625,6.90625,1.0,7.0375,6.8625,0
2000-09-04,PETR4,PETR4,6.8875,6.9525,6.875,6.895,6.895,4479200,6.8875,6.9525,6.875,6.895,1.0,6.9525,6.875,0
2000-09-05,PETR4,PETR4,6.8925,6.8925,6.8125,6.85125,6.85125,7192000,6.8925,6.8925,6.8125,6.85125,1.0,6.8925,6.8125,0
2000-09-06,PETR4,PETR4,6.875,7.2,6.87375,7.1125,7.1125,9584000,6.875,7.2,6.87375,7.1125,1.0,7.2,6.87375,0
2000-09-08,PETR4,PETR4,7.23625,7.23625,6.875,7.0625,7.0625,5286400,7.23625,7.23625,6.875,7.0625,1.0,7.23625,6.875,0
2000-09-11,PETR4,PETR4,7.0125,7.275,7.0,7.2125,7.2125,9768800,7.0125,7.275,7.0,7.2125,1.0,7.275,7.0,0
2000-09-12,PETR4,PETR4,7.25,7.2875,7.0375,7.08125,7.08125,8668800,7.25,7.2875,7.0375,7.08125,1.0,7.2875,7.0375,0
2000-09-13,PETR4,PETR4,7.0,7.1,6.89875,6.89875,6.89875,11385600,7.0,7.1,6.89875,6.89875,1.0,7.1,6.89875,0
2000-09-14,PETR4,PETR4,7.0,7.0,6.7125,6.74875,6.74875,9899200,7.0,7.0,6.7125,6.74875,1.0,7.0,6.7125,0
2000-09-15,PETR4,PETR4,6.75,6.925,6.7,6.7875,6.7875,6874400,6.75,6.925,6.7,6.7875,1.0,6.925,6.7,0
2000-09-18,PETR4,PETR4,6.8875,6.8875,6.60625,6.6125,6.6125,7924800,6.8875,6.8875,6.60625,6.6125,1.0,6.8875,6.60625,0
2000-09-19,PETR4,PETR4,6.6875,6.72375,6.5625,6.5775,6.5775,10758400,6.6875,6.72375,6.5625,6.5775,1.0,6.72375,6.5625,0
2000-09-20,PETR4,PETR4,6.625,6.74875,6.6,6.68875,6.68875,9994400,6.625,6.74875,6.6,6.68875,1.0,6.74875,6.6,0
2000-09-21,PETR4,PETR4,6.625,6.6875,6.475,6.56375,6.56375,7125600,6.625,6.6875,6.475,6.56375,1.0,6.6875,6.475,0
2000-09-22,PETR4,PETR4,6.425,6.525,6.3625,6.47375,6.47375,9944800,6.425,6.525,6.3625,6.47375,1.0,6.525,6.3625,0
2000-09-25,PETR4,PETR4,6.5875,6.5875,6.375,6.5,6.5,8732800,6.5875,6.5875,6.375,6.5,1.0,6.5875,6.375,0
2000-09-26,PETR4,PETR4,6.51125,6.75,6.5,6.65125,6.65125,8616800,6.51125,6.75,6.5,6.65125,1.0,6.75,6.5,0
2000-09-27,PETR4,PETR4,6.725,6.8125,6.625,6.64375,6.64375,15595200,6.725,6.8125,6.625,6.64375,1.0,6.8125,6.625,0
2000-09-28,PETR4,PETR4,6.6,6.725,6.5875,6.6125,6.6125,5513600,6.6,6.725,6.5875,6.6125,1.0,6.725,6.5875,0
2000-09-29,PETR4,PETR4,6.625,6.675,6.50125,6.5875,6.5875,7163200,6.625,6.675,6.50125,6.5875,1.0,6.675,6.50125,0
2000-10-02,PETR4,PETR4,6.625,6.625,6.5375,6.545,6.545,6134400,6.625,6.625,6.5375,6.545,1.0,6.625,6.5375,0
2000-10-03,PETR4,PETR4,6.5875,6.65,6.55,6.575,6.575,6490400,6.5875,6.65,6.55,6.575,1.0,6.65,6.55,0
2000-10-04,PETR4,PETR4,6.62375,6.6375,6.5375,6.625,6.625,5483200,6.62375,6.6375,6.5375,6.625,1.0,6.6375,6.5375,0
2000-10-05,PETR4,PETR4,6.6125,6.6875,6.6,6.655,6.655,4535200,6.6125,6.6875,6.6,6.655,1.0,6.6875,6.6,0
2000-10-06,PETR4,PETR4,6.65,6.7,6.425,6.475,6.475,9330400,6.65,6.7,6.425,6.475,1.0,6.7,6.425,0
2000-10-09,PETR4,PETR4,6.5,6.5,6.35,6.4625,6.4625,6587200,6.5,6.5,6.35,6.4625,1.0,6.5,6.35,0
2000-10-10,PETR4,PETR4,6.5725,6.68125,6.4375,6.60625,6.60625,10041600,6.5725,6.68125,6.4375,6.60625,1.0,6.68125,6.4375,0
2000-10-11,PETR4,PETR4,6.60625,6.675,6.575,6.625,6.625,7742400,6.60625,6.675,6.575,6.625,1.0,6.675,6.575,0
2000-10-13,PETR4,PETR4,6.775,6.8125,6.65,6.705,6.705,8452000,6.775,6.8125,6.65,6.705,1.0,6.8125,6.65,0
2000-10-16,PETR4,PETR4,6.725,6.7375,6.4375,6.4875,6.4875,15434400,6.725,6.7375,6.4375,6.4875,1.0,6.7375,6.4375,0
2000-10-17,PETR4,PETR4,6.5,6.5375,6.1875,6.1875,6.1875,7754400,6.5,6.5375,6.1875,6.1875,1.0,6.5375,6.1875,0
2000-10-18,PETR4,PETR4,6.12,6.25,5.925,6.25,6.25,24450400,6.12,6.25,5.925,6.25,1.0,6.25,5.925,0
2000-10-19,PETR4,PETR4,6.475,6.475,6.26375,6.3625,6.3625,14327200,6.475,6.475,6.26375,6.3625,1.0,6.475,6.26375,0
2000-10-20,PETR4,PETR4,6.35,6.4125,6.2375,6.25,6.25,6924800,6.35,6.4125,6.2375,6.25,1.0,6.4125,6.2375,0
2000-10-23,PETR4,PETR4,6.1875,6.225,5.975,5.99375,5.99375,9752000,6.1875,6.225,5.975,5.99375,1.0,6.225,5.975,0
2000-10-24,PETR4,PETR4,6.0625,6.0875,5.7375,5.7475,5.7475,11919200,6.0625,6.0875,5.7375,5.7475,1.0,6.0875,5.7375,0
2000-10-25,PETR4,PETR4,5.6625,5.8125,5.5875,5.725,5.725,13650400,5.6625,5.8125,5.5875,5.725,1.0,5.8125,5.5875,0
2000-10-26,PETR4,PETR4,5.7875,6.125,5.7,6.1125,6.1125,12062400,5.7875,6.125,5.7,6.1125,1.0,6.125,5.7,0
2000-10-27,PETR4,PETR4,6.125,6.225,6.0125,6.17125,6.17125,11380000,6.125,6.225,6.0125,6.17125,1.0,6.225,6.0125,0
2000-10-30,PETR4,PETR4,6.1375,6.375,6.06875,6.33875,6.33875,6476000,6.1375,6.375,6.06875,6.33875,1.0,6.375,6.06875,0
2000-10-31,PETR4,PETR4,6.37375,6.4375,6.3,6.32625,6.32625,11097600,6.37375,6.4375,6.3,6.32625,1.0,6.4375,6.3,0
2000-11-01,PETR4,PETR4,6.3,6.4125,6.225,6.3975,6.3975,7767200,6.3,6.4125,6.225,6.3975,1.0,6.4125,6.225,0
2000-11-03,PETR4,PETR4,6.385,6.4375,6.2,6.2625,6.2625,7867200,6.385,6.4375,6.2,6.2625,1.0,6.4375,6.2,0
2000-11-06,PETR4,PETR4,6.2625,6.4,6.2375,6.39875,6.39875,6590400,6.2625,6.4,6.2375,6.39875,1.0,6.4,6.2375,0
2000-11-07,PETR4,PETR4,6.375,6.525,6.25,6.525,6.525,8360000,6.375,6.525,6.25,6.525,1.0,6.525,6.25,0
2000-11-08,PETR4,PETR4,6.5375,6.6125,6.4125,6.41375,6.41375,8719200,6.5375,6.6125,6.4125,6.41375,1.0,6.6125,6.4125,0
2000-11-09,PETR4,PETR4,6.425,6.4625,6.2,6.25,6.25,13175200,6.425,6.4625,6.2,6.25,1.0,6.4625,6.2,0
2000-11-10,PETR4,PETR4,6.3125,6.37375,6.1625,6.28875,6.28875,8380000,6.3125,6.37375,6.1625,6.28875,1.0,6.37375,6.1625,0
2000-11-13,PETR4,PETR4,6.25,6.35375,6.1875,6.35,6.35,7573600,6.25,6.35375,6.1875,6.35,1.0,6.35375,6.1875,0
2000-11-14,PETR4,PETR4,6.4075,6.4975,6.375,6.375,6.375,6817600,6.4075,6.4975,6.375,6.375,1.0,6.4975,6.375,0
2000-11-16,PETR4,PETR4,6.41375,6.5,6.3625,6.475,6.475,5898400,6.41375,6.5,6.3625,6.475,1.0,6.5,6.3625,0
2000-11-17,PETR4,PETR4,6.5625,6.575,6.4375,6.4875,6.4875,6184800,6.5625,6.575,6.4375,6.4875,1.0,6.575,6.4375,0
2000-11-20,PETR4,PETR4,6.375,6.4875,6.36625,6.45125,6.45125,4551200,6.375,6.4875,6.36625,6.45125,1.0,6.4875,6.36625,0
2000-11-21,PETR4,PETR4,6.4625,6.575,6.45,6.525,6.525,7377600,6.4625,6.575,6.45,6.525,1.0,6.575,6.45,0
2000-11-22,PETR4,PETR4,6.55625,6.6125,6.5125,6.5125,6.5125,11716000,6.55625,6.6125,6.5125,6.5125,1.0,6.6125,6.5125,0
2000-11-23,PETR4,PETR4,6.5,6.5125,6.3,6.375,6.375,10450400,6.5,6.5125,6.3,6.375,1.0,6.5125,6.3,0
2000-11-24,PETR4,PETR4,6.4375,6.4375,6.25,6.31375,6.31375,6504000,6.4375,6.4375,6.25,6.31375,1.0,6.4375,6.25,0
2000-11-27,PETR4,PETR4,6.35875,6.37375,6.075,6.095,6.095,10194400,6.35875,6.37375,6.075,6.095,1.0,6.37375,6.075,0
2000-11-28,PETR4,PETR4,6.075,6.1625,6.0375,6.05,6.05,10294400,6.075,6.1625,6.0375,6.05,1.0,6.1625,6.0375,0
2000-11-29,PETR4,PETR4,6.075,6.1625,6.0375,6.0475,6.0475,9368000,6.075,6.1625,6.0375,6.0475,1.0,6.1625,6.0375,0
2000-11-30,PETR4,PETR4,6.025,6.0625,5.9,5.9375,5.9375,9044800,6.025,6.0625,5.9,5.9375,1.0,6.0625,5.9,0
2000-12-01,PETR4,PETR4,5.99875,6.0125,5.875,5.9,5.9,5316800,5.99875,6.0125,5.875,5.9,1.0,6.0125,5.875,0
2000-12-04,PETR4,PETR4,5.87625,5.93625,5.825,5.8875,5.8875,3280800,5.87625,5.93625,5.825,5.8875,1.0,5.93625,5.825,0
2000-12-05,PETR4,PETR4,6.0625,6.0875,5.9625,5.97375,5.97375,5886400,6.0625,6.0875,5.9625,5.97375,1.0,6.0875,5.9625,0
2000-12-06,PETR4,PETR4,5.9725,6.0,5.575,5.575,5.575,17482400,5.9725,6.0,5.575,5.575,1.0,6.0,5.575,0
2000-12-07,PETR4,PETR4,5.62625,5.7,5.5,5.64875,5.64875,19452000,5.62625,5.7,5.5,5.64875,1.0,5.7,5.5,0
2000-12-08,PETR4,PETR4,5.7125,5.8125,5.6375,5.65,5.65,14946400,5.7125,5.8125,5.6375,5.65,1.0,5.8125,5.6375,0
2000-12-11,PETR4,PETR4,5.8125,5.8125,5.575,5.61875,5.61875,11952800,5.8125,5.8125,5.575,5.61875,1.0,5.8125,5.575,0
2000-12-12,PETR4,PETR4,5.625,5.7125,5.5875,5.6,5.6,10940000,5.625,5.7125,5.5875,5.6,1.0,5.7125,5.5875,0
2000-12-13,PETR4,PETR4,5.675,5.9125,5.6275,5.875,5.875,13873600,5.675,5.9125,5.6275,5.875,1.0,5.9125,5.6275,0
2000-12-14,PETR4,PETR4,5.8625,6.0,5.8125,5.9375,5.9375,14247200,5.8625,6.0,5.8125,5.9375,1.0,6.0,5.8125,0
2000-12-15,PETR4,PETR4,5.91375,5.9625,5.81875,5.91125,5.91125,7398400,5.91375,5.9625,5.81875,5.91125,1.0,5.9625,5.81875,0
2000-12-18,PETR4,PETR4,5.975,5.98625,5.7875,5.835,5.835,17139200,5.975,5.98625,5.7875,5.835,1.0,5.98625,5.7875,0
2000-12-19,PETR4,PETR4,5.84375,5.875,5.775,5.79,5.79,9058400,5.84375,5.875,5.775,5.79,1.0,5.875,5.775,0
2000-12-20,PETR4,PETR4,5.79875,5.79875,5.6575,5.67625,5.67625,9059200,5.79875,5.79875,5.6575,5.67625,1.0,5.79875,5.6575,0
2000-12-21,PETR4,PETR4,5.75,5.75,5.56375,5.5875,5.5875,10844000,5.75,5.75,5.56375,5.5875,1.0,5.75,5.56375,0
2000-12-22,PETR4,PETR4,5.5875,5.725,5.5625,5.625,5.625,6952800,5.5875,5.725,5.5625,5.625,1.0,5.725,5.5625,0
2000-12-26,PETR4,PETR4,5.625,5.69375,5.5875,5.5875,5.5875,2684000,5.625,5.69375,5.5875,5.5875,1.0,5.69375,5.5875,0
2000-12-27,PETR4,PETR4,5.61875,5.7,5.57625,5.65,5.65,4704000,5.61875,5.7,5.57625,5.65,1.0,5.7,5.57625,0
2000-12-28,PETR4,PETR4,5.6375,5.75,5.6375,5.7225,5.7225,4042400,5.6375,5.75,5.6375,5.7225,1.0,5.75,5.6375,0
2001-01-02,PETR4,PETR4,5.725,5.97125,5.725,5.88625,5.88625,8130400,5.725,5.97125,5.725,5.88625,1.0,5.97125,5.725,0
2001-01-03,PETR4,PETR4,5.8875,6.2125,5.825,6.20625,6.20625,15184000,5.8875,6.2125,5.825,6.20625,1.0,6.2125,5.825,0
2001-01-04,PETR4,PETR4,6.21625,6.26875,6.19625,6.25,6.25,11534400,6.21625,6.26875,6.19625,6.25,1.0,6.26875,6.19625,0
2001-01-05,PETR4,PETR4,6.25,6.3875,6.1625,6.19125,6.19125,10341600,6.25,6.3875,6.1625,6.19125,1.0,6.3875,6.1625,0
2001-01-08,PETR4,PETR4,6.25,6.2875,6.1375,6.17375,6.17375,8992000,6.25,6.2875,6.1375,6.17375,1.0,6.2875,6.1375,0
2001-01-09,PETR4,PETR4,6.25,6.3375,6.2,6.30375,6.30375,10871200,6.25,6.3375,6.2,6.30375,1.0,6.3375,6.2,0
2001-01-10,PETR4,PETR4,6.2875,6.3375,6.2,6.26125,6.26125,9816800,6.2875,6.3375,6.2,6.26125,1.0,6.3375,6.2,0
2001-01-11,PETR4,PETR4,6.2625,6.38625,6.25,6.35,6.35,8627200,6.2625,6.38625,6.25,6.35,1.0,6.38625,6.25,0
2001-01-12,PETR4,PETR4,6.38125,6.475,6.3625,6.4125,6.4125,9696000,6.38125,6.475,6.3625,6.4125,1.0,6.475,6.3625,0
2001-01-15,PETR4,PETR4,6.4375,6.4625,6.375,6.4125,6.4125,2376800,6.4375,6.4625,6.375,6.4125,1.0,6.4625,6.375,0
2001-01-16,PETR4,PETR4,6.4125,6.6,6.4125,6.55375,6.55375,12148800,6.4125,6.6,6.4125,6.55375,1.0,6.6,6.4125,0
2001-01-17,PETR4,PETR4,6.61875,6.85,6.615,6.6725,6.6725,18775200,6.61875,6.85,6.615,6.6725,1.0,6.85,6.615,0
2001-01-18,PETR4,PETR4,6.66875,6.8,6.625,6.7625,6.7625,9850400,6.66875,6.8,6.625,6.7625,1.0,6.8,6.625,0
2001-01-19,PETR4,PETR4,6.8125,6.93625,6.575,6.90875,6.90875,15052000,6.8125,6.93625,6.575,6.90875,1.0,6.93625,6.575,0
2001-01-22,PETR4,PETR4,6.875,6.9,6.8,6.825,6.825,7867200,6.875,6.9,6.8,6.825,1.0,6.9,6.8,0
2001-01-23,PETR4,PETR4,6.8625,7.025,6.85,6.97625,6.97625,11168000,6.8625,7.025,6.85,6.97625,1.0,7.025,6.85,0
2001-01-24,PETR4,PETR4,6.97625,7.0375,6.875,6.8875,6.8875,9759200,6.97625,7.0375,6.875,6.8875,1.0,7.0375,6.875,0
2001-01-26,PETR4,PETR4,6.875,6.875,6.7125,6.79375,6.79375,6519200,6.875,6.875,6.7125,6.79375,1.0,6.875,6.7125,0
2001-01-29,PETR4,PETR4,6.9375,6.9375,6.7,6.8,6.8,6639200,6.9375,6.9375,6.7,6.8,1.0,6.9375,6.7,0
2001-01-30,PETR4,PETR4,6.8,6.8625,6.74875,6.80625,6.80625,6292800,6.8,6.8625,6.74875,6.80625,1.0,6.8625,6.74875,0
2001-01-31,PETR4,PETR4,6.80625,6.92375,6.775,6.81375,6.81375,8700000,6.80625,6.92375,6.775,6.81375,1.0,6.92375,6.775,0
2001-02-01,PETR4,PETR4,6.8125,6.85,6.675,6.725,6.725,10925600,6.8125,6.85,6.675,6.725,1.0,6.85,6.675,0
2001-02-02,PETR4,PETR4,6.6625,6.79375,6.6625,6.725,6.725,4385600,6.6625,6.79375,6.6625,6.725,1.0,6.79375,6.6625,0
2001-02-05,PETR4,PETR4,6.725,6.75,6.6625,6.7,6.7,5471200,6.725,6.75,6.6625,6.7,1.0,6.75,6.6625,0
2001-02-06,PETR4,PETR4,6.7875,6.875,6.7,6.77625,6.77625,6379200,6.7875,6.875,6.7,6.77625,1.0,6.875,6.7,0
2001-02-07,PETR4,PETR4,6.76875,6.8125,6.625,6.76375,6.76375,7288800,6.76875,6.8125,6.625,6.76375,1.0,6.8125,6.625,0
2001-02-08,PETR4,PETR4,6.8625,6.975,6.8125,6.96375,6.96375,7028800,6.8625,6.975,6.8125,6.96375,1.0,6.975,6.8125,0
2001-02-09,PETR4,PETR4,6.96375,7.03125,6.9125,7.00125,7.00125,5884000,6.96375,7.03125,6.9125,7.00125,1.0,7.03125,6.9125,0
2001-02-12,PETR4,PETR4,7.0,7.0875,6.9375,6.965,6.965,4557600,7.0,7.0875,6.9375,6.965,1.0,7.0875,6.9375,0
2001-02-13,PETR4,PETR4,6.96875,7.125,6.9375,7.125,7.125,6670400,6.96875,7.125,6.9375,7.125,1.0,7.125,6.9375,0
2001-02-14,PETR4,PETR4,7.075,7.2875,7.05,7.27625,7.27625,10618400,7.075,7.2875,7.05,7.27625,1.0,7.2875,7.05,0
2001-02-15,PETR4,PETR4,7.125,7.34875,7.125,7.23875,7.23875,9415200,7.125,7.34875,7.125,7.23875,1.0,7.34875,7.125,0
2001-02-16,PETR4,PETR4,7.225,7.2625,6.94,7.05125,7.05125,12122400,7.225,7.2625,6.94,7.05125,1.0,7.2625,6.94,0
2001-02-19,PETR4,PETR4,7.05,7.075,6.915,6.95625,6.95625,8362400,7.05,7.075,6.915,6.95625,1.0,7.075,6.915,0
2001-02-20,PETR4,PETR4,6.9625,7.125,6.93875,7.125,7.125,8083200,6.9625,7.125,6.93875,7.125,1.0,7.125,6.93875,0
2001-02-21,PETR4,PETR4,7.09875,7.1125,6.875,6.98125,6.98125,6833600,7.09875,7.1125,6.875,6.98125,1.0,7.1125,6.875,0
2001-02-22,PETR4,PETR4,7.0,7.025,6.9,7.0,7.0,8200800,7.0,7.025,6.9,7.0,1.0,7.025,6.9,0
2001-02-23,PETR4,PETR4,6.99375,7.0125,6.875,6.9625,6.9625,5604000,6.99375,7.0125,6.875,6.9625,1.0,7.0125,6.875,0
2001-02-28,PETR4,PETR4,7.25,7.25,6.85,6.86375,6.86375,6449600,7.25,7.25,6.85,6.86375,1.0,7.25,6.85,0
2001-03-01,PETR4,PETR4,6.86875,7.025,6.8025,6.9875,6.9875,4888000,6.86875,7.025,6.8025,6.9875,1.0,7.025,6.8025,0
2001-03-02,PETR4,PETR4,6.95625,7.125,6.9125,7.0625,7.0625,5422400,6.95625,7.125,6.9125,7.0625,1.0,7.125,6.9125,0
2001-03-05,PETR4,PETR4,7.075,7.16875,7.025,7.1125,7.1125,5148000,7.075,7.16875,7.025,7.1125,1.0,7.16875,7.025,0
2001-03-06,PETR4,PETR4,7.1125,7.2,7.00125,7.11875,7.11875,6567200,7.1125,7.2,7.00125,7.11875,1.0,7.2,7.00125,0
2001-03-07,PETR4,PETR4,7.1875,7.2,7.0625,7.1625,7.1625,4420800,7.1875,7.2,7.0625,7.1625,1.0,7.2,7.0625,0
2001-03-08,PETR4,PETR4,7.1625,7.225,7.0625,7.1625,7.1625,7952000,7.1625,7.225,7.0625,7.1625,1.0,7.225,7.0625,0
2001-03-09,PETR4,PETR4,7.1475,7.1625,7.06125,7.1375,7.1375,4816800,7.1475,7.1625,7.06125,7.1375,1.0,7.1625,7.06125,0
2001-03-12,PETR4,PETR4,7.1375,7.1375,6.815,6.815,6.815,5143200,7.1375,7.1375,6.815,6.815,1.0,7.1375,6.815,0
2001-03-13,PETR4,PETR4,6.85,6.925,6.8125,6.875,6.875,8265600,6.85,6.925,6.8125,6.875,1.0,6.925,6.8125,0
2001-03-14,PETR4,PETR4,6.8625,6.8875,6.65,6.75,6.75,8186400,6.8625,6.8875,6.65,6.75,1.0,6.8875,6.65,0
2001-03-15,PETR4,PETR4,6.81125,6.8125,6.225,6.29375,6.29375,25620000,6.81125,6.8125,6.225,6.29375,1.0,6.8125,6.225,0
2001-03-16,PETR4,PETR4,6.24625,6.525,6.15,6.38375,6.38375,15505600,6.24625,6.525,6.15,6.38375,1.0,6.525,6.15,0
2001-03-19,PETR4,PETR4,6.4625,6.47375,6.25,6.38625,6.38625,7831200,6.4625,6.47375,6.25,6.38625,1.0,6.47375,6.25,0
2001-03-20,PETR4,PETR4,6.4125,6.4375,6.2,6.2375,6.2375,16489600,6.4125,6.4375,6.2,6.2375,1.0,6.4375,6.2,0
2001-03-21,PETR4,PETR4,6.2125,6.4375,6.175,6.3625,6.3625,11412800,6.2125,6.4375,6.175,6.3625,1.0,6.4375,6.175,0
2001-03-22,PETR4,PETR4,6.25,6.25125,5.85,5.9875,5.9875,16327200,6.25,6.25125,5.85,5.9875,1.0,6.25125,5.85,0
2001-03-23,PETR4,PETR4,6.0125,6.125,5.75125,6.06125,6.06125,11787200,6.0125,6.125,5.75125,6.06125,1.0,6.125,5.75125,0
2001-03-26,PETR4,PETR4,6.0,6.0,5.85,5.9375,5.9375,8926400,6.0,6.0,5.85,5.9375,1.0,6.0,5.85,0
2001-03-27,PETR4,PETR4,5.96375,6.1225,5.875,6.07375,6.07375,8134400,5.96375,6.1225,5.875,6.07375,1.0,6.1225,5.875,0
2001-03-28,PETR4,PETR4,6.06,6.18625,6.0125,6.03875,6.03875,4018400,6.06,6.18625,6.0125,6.03875,1.0,6.18625,6.0125,0
2001-03-29,PETR4,PETR4,6.03875,6.1125,5.8125,5.875,5.875,5515200,6.03875,6.1125,5.8125,5.875,1.0,6.1125,5.8125,0
2001-03-30,PETR4,PETR4,5.88875,5.88875,5.7,5.87125,5.87125,8272800,5.88875,5.88875,5.7,5.87125,1.0,5.88875,5.7,0
2001-04-02,PETR4,PETR4,5.89875,5.89875,5.575,5.61875,5.61875,7832800,5.89875,5.89875,5.575,5.61875,1.0,5.89875,5.575,0
2001-04-03,PETR4,PETR4,5.6375,5.65,5.575,5.61875,5.61875,5240800,5.6375,5.65,5.575,5.61875,1.0,5.65,5.575,0
2001-04-04,PETR4,PETR4,5.65,5.8375,5.65,5.7875,5.7875,7969600,5.65,5.8375,5.65,5.7875,1.0,5.8375,5.65,0
2001-04-05,PETR4,PETR4,5.93625,6.125,5.925,6.125,6.125,10669600,5.93625,6.125,5.925,6.125,1.0,6.125,5.925,0
2001-04-06,PETR4,PETR4,6.1,6.35,6.0875,6.35,6.35,7110400,6.1,6.35,6.0875,6.35,1.0,6.35,6.0875,0
2001-04-09,PETR4,PETR4,6.37375,6.5,6.3375,6.39,6.39,4857600,6.37375,6.5,6.3375,6.39,1.0,6.5,6.3375,0
2001-04-10,PETR4,PETR4,6.3925,6.525,6.3625,6.43125,6.43125,6797600,6.3925,6.525,6.3625,6.43125,1.0,6.525,6.3625,0
2001-04-11,PETR4,PETR4,6.43875,6.5375,6.25,6.33125,6.33125,5432000,6.43875,6.5375,6.25,6.33125,1.0,6.5375,6.25,0
2001-04-12,PETR4,PETR4,6.18625,6.225,6.0375,6.1875,6.1875,11567200,6.18625,6.225,6.0375,6.1875,1.0,6.225,6.0375,0
2001-04-16,PETR4,PETR4,6.25,6.25,6.00125,6.07375,6.07375,7483200,6.25,6.25,6.00125,6.07375,1.0,6.25,6.00125,0
2001-04-17,PETR4,PETR4,6.075,6.1875,6.04375,6.16875,6.16875,7120800,6.075,6.1875,6.04375,6.16875,1.0,6.1875,6.04375,0
2001-04-18,PETR4,PETR4,6.1875,6.475,6.1875,6.475,6.475,10995200,6.1875,6.475,6.1875,6.475,1.0,6.475,6.1875,0
2001-04-19,PETR4,PETR4,6.375,6.4375,6.25,6.25,6.25,8266400,6.375,6.4375,6.25,6.25,1.0,6.4375,6.25,0
2001-04-20,PETR4,PETR4,6.075,6.1375,5.9375,6.0375,6.0375,8684800,6.075,6.1375,5.9375,6.0375,1.0,6.1375,5.9375,0
2001-04-23,PETR4,PETR4,6.125,6.3375,5.9375,6.31125,6.31125,7086400,6.125,6.3375,5.9375,6.31125,1.0,6.3375,5.9375,0
2001-04-24,PETR4,PETR4,6.36125,6.5125,6.2875,6.4775,6.4775,8246400,6.36125,6.5125,6.2875,6.4775,1.0,6.5125,6.2875,0
2001-04-25,PETR4,PETR4,6.42375,6.6875,6.375,6.625,6.625,15596000,6.42375,6.6875,6.375,6.625,1.0,6.6875,6.375,0
2001-04-26,PETR4,PETR4,6.6875,6.825,6.625,6.725,6.725,11642400,6.6875,6.825,6.625,6.725,1.0,6.825,6.625,0
2001-04-27,PETR4,PETR4,6.8125,6.8125,6.675,6.67625,6.67625,7855200,6.8125,6.8125,6.675,6.67625,1.0,6.8125,6.675,0
2001-04-30,PETR4,PETR4,6.6775,6.75,6.575,6.675,6.675,6150400,6.6775,6.75,6.575,6.675,1.0,6.75,6.575,0
2001-05-02,PETR4,PETR4,6.675,6.7475,6.5625,6.7475,6.7475,9932000,6.675,6.7475,6.5625,6.7475,1.0,6.7475,6.5625,0
2001-05-03,PETR4,PETR4,6.75,6.9625,6.6875,6.9625,6.9625,11796800,6.75,6.9625,6.6875,6.9625,1.0,6.9625,6.6875,0
2001-05-04,PETR4,PETR4,6.93625,7.0375,6.87375,6.9375,6.9375,8108000,6.93625,7.0375,6.87375,6.9375,1.0,7.0375,6.87375,0
2001-05-07,PETR4,PETR4,6.9,7.0,6.725,6.725,6.725,3400000,6.9,7.0,6.725,6.725,1.0,7.0,6.725,0
2001-05-08,PETR4,PETR4,6.725,6.8,6.625,6.75,6.75,5591200,6.725,6.8,6.625,6.75,1.0,6.8,6.625,0
2001-05-09,PETR4,PETR4,6.7375,6.9875,6.6625,6.95,6.95,10311200,6.7375,6.9875,6.6625,6.95,1.0,6.9875,6.6625,0
2001-05-10,PETR4,PETR4,6.95,7.18625,6.95,7.1625,7.1625,12483200,6.95,7.18625,6.95,7.1625,1.0,7.18625,6.95,0
2001-05-11,PETR4,PETR4,7.175,7.175,6.9375,7.0625,7.0625,6635200,7.175,7.175,6.9375,7.0625,1.0,7.175,6.9375,0
2001-05-14,PETR4,PETR4,7.125,7.125,6.875,6.975,6.975,5608000,7.125,7.125,6.875,6.975,1.0,7.125,6.875,0
2001-05-15,PETR4,PETR4,6.99875,7.0625,6.9375,6.95,6.95,6165600,6.99875,7.0625,6.9375,6.95,1.0,7.0625,6.9375,0
2001-05-16,PETR4,PETR4,6.95,7.0875,6.9,7.0625,7.0625,6172000,6.95,7.0875,6.9,7.0625,1.0,7.0875,6.9,0
2001-05-17,PETR4,PETR4,7.0625,7.2625,7.0625,7.11125,7.11125,5178400,7.0625,7.2625,7.0625,7.11125,1.0,7.2625,7.0625,0
2001-05-18,PETR4,PETR4,7.125,7.29375,7.125,7.24875,7.24875,7679200,7.125,7.29375,7.125,7.24875,1.0,7.29375,7.125,0
2001-05-21,PETR4,PETR4,7.2375,7.375,7.1875,7.33875,7.33875,6661600,7.2375,7.375,7.1875,7.33875,1.0,7.375,7.1875,0
2001-05-22,PETR4,PETR4,7.36,7.5,7.3,7.4375,7.4375,9217600,7.36,7.5,7.3,7.4375,1.0,7.5,7.3,0
2001-05-23,PETR4,PETR4,7.3875,7.5625,7.3375,7.4625,7.4625,10220000,7.3875,7.5625,7.3375,7.4625,1.0,7.5625,7.3375,0
2001-05-24,PETR4,PETR4,7.475,7.5625,7.225,7.375,7.375,5857600,7.475,7.5625,7.225,7.375,1.0,7.5625,7.225,0
2001-05-25,PETR4,PETR4,7.375,7.4,7.1525,7.2375,7.2375,3584800,7.375,7.4,7.1525,7.2375,1.0,7.4,7.1525,0
2001-05-28,PETR4,PETR4,7.25375,7.29875,7.05,7.2,7.2,1932000,7.25375,7.29875,7.05,7.2,1.0,7.29875,7.05,0
2001-05-29,PETR4,PETR4,7.15,7.3,7.15,7.2125,7.2125,6379200,7.15,7.3,7.15,7.2125,1.0,7.3,7.15,0
2001-05-30,PETR4,PETR4,7.225,7.31125,7.125,7.2875,7.2875,4479200,7.225,7.31125,7.125,7.2875,1.0,7.31125,7.125,0
2001-05-31,PETR4,PETR4,7.3125,7.4875,7.25125,7.475,7.475,6559200,7.3125,7.4875,7.25125,7.475,1.0,7.4875,7.25125,0
2001-06-01,PETR4,PETR4,7.475,7.5375,7.375,7.53125,7.53125,5726400,7.475,7.5375,7.375,7.53125,1.0,7.5375,7.375,0
2001-06-04,PETR4,PETR4,7.55,7.86,7.55,7.8,7.8,7377600,7.55,7.86,7.55,7.8,1.0,7.86,7.55,0
2001-06-05,PETR4,PETR4,7.81125,7.81125,7.5625,7.625,7.625,6992000,7.81125,7.81125,7.5625,7.625,1.0,7.81125,7.5625,0
2001-06-06,PETR4,PETR4,7.625,7.7125,7.35,7.38875,7.38875,9509600,7.625,7.7125,7.35,7.38875,1.0,7.7125,7.35,0
2001-06-07,PETR4,PETR4,7.3775,7.525,7.3125,7.3125,7.3125,8248000,7.3775,7.525,7.3125,7.3125,1.0,7.525,7.3125,0
2001-06-08,PETR4,PETR4,7.325,7.4375,7.15,7.2125,7.2125,4290400,7.325,7.4375,7.15,7.2125,1.0,7.4375,7.15,0
2001-06-11,PETR4,PETR4,7.2,7.34875,7.2,7.3125,7.3125,3604000,7.2,7.34875,7.2,7.3125,1.0,7.34875,7.2,0
2001-06-12,PETR4,PETR4,7.25125,7.37375,7.1075,7.2125,7.2125,13497600,7.25125,7.37375,7.1075,7.2125,1.0,7.37375,7.1075,0
2001-06-13,PETR4,PETR4,7.2125,7.51875,7.1575,7.27625,7.27625,9772800,7.2125,7.51875,7.1575,7.27625,1.0,7.51875,7.1575,0
2001-06-15,PETR4,PETR4,7.3125,7.3475,7.025,7.08875,7.08875,4539200,7.3125,7.3475,7.025,7.08875,1.0,7.3475,7.025,0
2001-06-18,PETR4,PETR4,7.1,7.1,6.9,7.05,7.05,7396000,7.1,7.1,6.9,7.05,1.0,7.1,6.9,0
2001-06-19,PETR4,PETR4,7.04875,7.175,7.04875,7.1375,7.1375,8614400,7.04875,7.175,7.04875,7.1375,1.0,7.175,7.04875,0
2001-06-20,PETR4,PETR4,7.175,7.3375,7.175,7.29375,7.29375,4618400,7.175,7.3375,7.175,7.29375,1.0,7.3375,7.175,0
2001-06-21,PETR4,PETR4,7.1875,7.375,7.1875,7.33625,7.33625,6452000,7.1875,7.375,7.1875,7.33625,1.0,7.375,7.1875,0
2001-06-22,PETR4,PETR4,7.38625,7.425,7.1,7.15,7.15,6400800,7.38625,7.425,7.1,7.15,1.0,7.425,7.1,0
2001-06-25,PETR4,PETR4,7.25,7.31125,6.9375,6.9875,6.9875,5804800,7.25,7.31125,6.9375,6.9875,1.0,7.31125,6.9375,0
2001-06-26,PETR4,PETR4,6.94,7.0375,6.8875,6.925,6.925,6098400,6.94,7.0375,6.8875,6.925,1.0,7.0375,6.8875,0
2001-06-27,PETR4,PETR4,6.93625,7.0375,6.6875,6.70125,6.70125,5336800,6.93625,7.0375,6.6875,6.70125,1.0,7.0375,6.6875,0
2001-06-28,PETR4,PETR4,6.71875,6.75,6.4875,6.61625,6.61625,9887200,6.71875,6.75,6.4875,6.61625,1.0,6.75,6.4875,0
2001-06-29,PETR4,PETR4,6.68625,6.8125,6.525,6.74875,6.74875,8835200,6.68625,6.8125,6.525,6.74875,1.0,6.8125,6.525,0
2001-07-02,PETR4,PETR4,6.75,6.75,6.5625,6.575,6.575,5839200,6.75,6.75,6.5625,6.575,1.0,6.75,6.5625,0
2001-07-03,PETR4,PETR4,6.6,6.625,6.375,6.46875,6.46875,6103200,6.6,6.625,6.375,6.46875,1.0,6.625,6.375,0
2001-07-04,PETR4,PETR4,6.43875,6.5625,6.3875,6.4125,6.4125,8097600,6.43875,6.5625,6.3875,6.4125,1.0,6.5625,6.3875,0
2001-07-05,PETR4,PETR4,6.525,6.6125,6.375,6.5,6.5,12313600,6.525,6.6125,6.375,6.5,1.0,6.6125,6.375,0
2001-07-06,PETR4,PETR4,6.5,6.625,6.45625,6.525,6.525,6460800,6.5,6.625,6.45625,6.525,1.0,6.625,6.45625,0
2001-07-10,PETR4,PETR4,6.6,6.7375,6.5875,6.695,6.695,9668800,6.6,6.7375,6.5875,6.695,1.0,6.7375,6.5875,0
2001-07-11,PETR4,PETR4,6.625,6.8125,6.6125,6.8125,6.8125,8130400,6.625,6.8125,6.6125,6.8125,1.0,6.8125,6.6125,0
2001-07-12,PETR4,PETR4,6.8125,6.85,6.7125,6.78125,6.78125,4999200,6.8125,6.85,6.7125,6.78125,1.0,6.85,6.7125,0
2001-07-13,PETR4,PETR4,6.7375,6.81125,6.625,6.725,6.725,3424000,6.7375,6.81125,6.625,6.725,1.0,6.81125,6.625,0
2001-07-16,PETR4,PETR4,6.75,6.8,6.5,6.525,6.525,7211200,6.75,6.8,6.5,6.525,1.0,6.8,6.5,0
2001-07-17,PETR4,PETR4,6.55,6.625,6.375,6.4875,6.4875,19524800,6.55,6.625,6.375,6.4875,1.0,6.625,6.375,0
2001-07-18,PETR4,PETR4,6.5625,6.5625,6.25,6.30125,6.30125,24611200,6.5625,6.5625,6.25,6.30125,1.0,6.5625,6.25,0
2001-07-19,PETR4,PETR4,6.5,6.5625,6.25,6.3625,6.3625,26582400,6.5,6.5625,6.25,6.3625,1.0,6.5625,6.25,0
2001-07-20,PETR4,PETR4,6.4,6.625,6.275,6.625,6.625,6736000,6.4,6.625,6.275,6.625,1.0,6.625,6.275,0
2001-07-23,PETR4,PETR4,6.6625,6.8125,6.62625,6.75625,6.75625,9744000,6.6625,6.8125,6.62625,6.75625,1.0,6.8125,6.62625,0
2001-07-24,PETR4,PETR4,6.75,6.8125,6.6375,6.6875,6.6875,8991200,6.75,6.8125,6.6375,6.6875,1.0,6.8125,6.6375,0
2001-07-25,PETR4,PETR4,6.6875,6.7875,6.6875,6.7625,6.7625,7472000,6.6875,6.7875,6.6875,6.7625,1.0,6.7875,6.6875,0
2001-07-26,PETR4,PETR4,6.825,6.84875,6.6725,6.6725,6.6725,5924000,6.825,6.84875,6.6725,6.6725,1.0,6.84875,6.6725,0
2001-07-27,PETR4,PETR4,6.74375,6.775,6.6375,6.6875,6.6875,4398400,6.74375,6.775,6.6375,6.6875,1.0,6.775,6.6375,0
2001-07-30,PETR4,PETR4,6.75,6.81125,6.70625,6.725,6.725,5424000,6.75,6.81125,6.70625,6.725,1.0,6.81125,6.70625,0
2001-07-31,PETR4,PETR4,6.75,6.78125,6.6875,6.775,6.775,5293600,6.75,6.78125,6.6875,6.775,1.0,6.78125,6.6875,0
2001-08-01,PETR4,PETR4,6.775,6.775,6.6375,6.65875,6.65875,4103200,6.775,6.775,6.6375,6.65875,1.0,6.775,6.6375,0
2001-08-02,PETR4,PETR4,6.725,6.725,6.425,6.48625,6.48625,6057600,6.725,6.725,6.425,6.48625,1.0,6.725,6.425,0
2001-08-03,PETR4,PETR4,6.5625,6.6225,6.50625,6.615,6.615,5401600,6.5625,6.6225,6.50625,6.615,1.0,6.6225,6.50625,0
2001-08-06,PETR4,PETR4,6.675,6.74875,6.62625,6.6875,6.6875,4708800,6.675,6.74875,6.62625,6.6875,1.0,6.74875,6.62625,0
2001-08-07,PETR4,PETR4,6.6875,6.6875,6.6,6.62375,6.62375,5981600,6.6875,6.6875,6.6,6.62375,1.0,6.6875,6.6,0
2001-08-08,PETR4,PETR4,6.6625,6.7,6.5875,6.6125,6.6125,7246400,6.6625,6.7,6.5875,6.6125,1.0,6.7,6.5875,0
2001-08-09,PETR4,PETR4,6.6375,6.65,6.5625,6.625,6.625,7001600,6.6375,6.65,6.5625,6.625,1.0,6.65,6.5625,0
2001-08-10,PETR4,PETR4,6.68625,6.68625,6.6125,6.67375,6.67375,6035200,6.68625,6.68625,6.6125,6.67375,1.0,6.68625,6.6125,0
2001-08-13,PETR4,PETR4,6.67375,6.6875,6.625,6.6375,6.6375,5373600,6.67375,6.6875,6.625,6.6375,1.0,6.6875,6.625,0
2001-08-14,PETR4,PETR4,6.625,6.75,6.6,6.725,6.725,6628000,6.625,6.75,6.6,6.725,1.0,6.75,6.6,0
2001-08-15,PETR4,PETR4,6.69125,6.8375,6.69125,6.78875,6.78875,10705600,6.69125,6.8375,6.69125,6.78875,1.0,6.8375,6.69125,0
2001-08-16,PETR4,PETR4,6.8375,6.8375,6.725,6.78625,6.78625,6239200,6.8375,6.8375,6.725,6.78625,1.0,6.8375,6.725,0
2001-08-17,PETR4,PETR4,6.74375,6.79875,6.52875,6.575,6.575,9072800,6.74375,6.79875,6.52875,6.575,1.0,6.79875,6.52875,0
2001-08-20,PETR4,PETR4,6.575,6.60625,6.4375,6.53125,6.53125,9686400,6.575,6.60625,6.4375,6.53125,1.0,6.60625,6.4375,0
2001-08-21,PETR4,PETR4,6.53125,6.625,6.48875,6.5275,6.5275,7368800,6.53125,6.625,6.48875,6.5275,1.0,6.625,6.48875,0
2001-08-22,PETR4,PETR4,6.60625,6.6625,6.6,6.65625,6.65625,8940000,6.60625,6.6625,6.6,6.65625,1.0,6.6625,6.6,0
2001-08-23,PETR4,PETR4,6.65625,6.675,6.55625,6.62625,6.62625,7264800,6.65625,6.675,6.55625,6.62625,1.0,6.675,6.55625,0
2001-08-24,PETR4,PETR4,6.65,6.9825,6.62375,6.9825,6.9825,9384800,6.65,6.9825,6.62375,6.9825,1.0,6.9825,6.62375,0
2001-08-27,PETR4,PETR4,6.95,7.075,6.8875,7.00625,7.00625,6483200,6.95,7.075,6.8875,7.00625,1.0,7.075,6.8875,0
2001-08-28,PETR4,PETR4,7.0,7.035,6.9375,7.0,7.0,4548800,7.0,7.035,6.9375,7.0,1.0,7.035,6.9375,0
2001-08-29,PETR4,PETR4,7.0,7.125,6.9625,6.9875,6.9875,3644000,7.0,7.125,6.9625,6.9875,1.0,7.125,6.9625,0
2001-08-30,PETR4,PETR4,7.0125,7.025,6.9,6.95,6.95,4569600,7.0125,7.025,6.9,6.95,1.0,7.025,6.9,0
2001-08-31,PETR4,PETR4,6.925,6.925,6.7875,6.875,6.875,7480000,6.925,6.925,6.7875,6.875,1.0,6.925,6.7875,0
2001-09-03,PETR4,PETR4,6.85,6.8625,6.7625,6.85,6.85,3698400,6.85,6.8625,6.7625,6.85,1.0,6.8625,6.7625,0
2001-09-04,PETR4,PETR4,6.85,7.1,6.83125,7.0875,7.0875,5794400,6.85,7.1,6.83125,7.0875,1.0,7.1,6.83125,0
2001-09-05,PETR4,PETR4,6.9375,7.29375,6.9375,7.25,7.25,10709600,6.9375,7.29375,6.9375,7.25,1.0,7.29375,6.9375,0
2001-09-06,PETR4,PETR4,7.225,7.225,6.945,6.97625,6.97625,4041600,7.225,7.225,6.945,6.97625,1.0,7.225,6.945,0
2001-09-10,PETR4,PETR4,6.87625,6.975,6.85,6.8625,6.8625,6260000,6.87625,6.975,6.85,6.8625,1.0,6.975,6.85,0
2001-09-11,PETR4,PETR4,6.85,7.375,6.5,6.75,6.75,12922400,6.85,7.375,6.5,6.75,1.0,7.375,6.5,0
2001-09-12,PETR4,PETR4,6.76875,6.99875,6.75,6.9125,6.9125,8144000,6.76875,6.99875,6.75,6.9125,1.0,6.99875,6.75,0
2001-09-13,PETR4,PETR4,6.90625,6.9125,6.4,6.5,6.5,7688800,6.90625,6.9125,6.4,6.5,1.0,6.9125,6.4,0
2001-09-14,PETR4,PETR4,6.4625,6.475,6.0,6.375,6.375,7319200,6.4625,6.475,6.0,6.375,1.0,6.475,6.0,0
2001-09-17,PETR4,PETR4,6.3625,6.9125,6.3625,6.9125,6.9125,8954400,6.3625,6.9125,6.3625,6.9125,1.0,6.9125,6.3625,0
2001-09-18,PETR4,PETR4,6.875,7.1125,6.6875,7.0625,7.0625,10236800,6.875,7.1125,6.6875,7.0625,1.0,7.1125,6.6875,0
2001-09-19,PETR4,PETR4,7.0375,7.1,6.8625,7.0125,7.0125,13643200,7.0375,7.1,6.8625,7.0125,1.0,7.1,6.8625,0
2001-09-20,PETR4,PETR4,6.95,6.95,6.625,6.725,6.725,11212000,6.95,6.95,6.625,6.725,1.0,6.95,6.625,0
2001-09-21,PETR4,PETR4,6.25,6.68625,6.25,6.63875,6.63875,16208000,6.25,6.68625,6.25,6.63875,1.0,6.68625,6.25,0
2001-09-24,PETR4,PETR4,6.59375,6.60125,6.275,6.31875,6.31875,14120800,6.59375,6.60125,6.275,6.31875,1.0,6.60125,6.275,0
2001-09-25,PETR4,PETR4,6.375,6.3875,6.03875,6.15,6.15,19320800,6.375,6.3875,6.03875,6.15,1.0,6.3875,6.03875,0
2001-09-26,PETR4,PETR4,6.2,6.225,6.0425,6.1,6.1,10447200,6.2,6.225,6.0425,6.1,1.0,6.225,6.0425,0
2001-09-27,PETR4,PETR4,6.1,6.375,6.025,6.3,6.3,7850400,6.1,6.375,6.025,6.3,1.0,6.375,6.025,0
2001-09-28,PETR4,PETR4,6.41375,6.475,6.3375,6.4125,6.4125,8791200,6.41375,6.475,6.3375,6.4125,1.0,6.475,6.3375,0
2001-10-01,PETR4,PETR4,6.39875,6.39875,6.1625,6.18125,6.18125,5873600,6.39875,6.39875,6.1625,6.18125,1.0,6.39875,6.1625,0
2001-10-02,PETR4,PETR4,6.1875,6.2,6.08125,6.15,6.15,5812000,6.1875,6.2,6.08125,6.15,1.0,6.2,6.08125,0
2001-10-03,PETR4,PETR4,6.0875,6.185,6.0075,6.175,6.175,7904800,6.0875,6.185,6.0075,6.175,1.0,6.185,6.0075,0
2001-10-04,PETR4,PETR4,6.2,6.3375,6.2,6.275,6.275,9580800,6.2,6.3375,6.2,6.275,1.0,6.3375,6.2,0
2001-10-05,PETR4,PETR4,6.2625,6.325,6.225,6.28125,6.28125,6120000,6.2625,6.325,6.225,6.28125,1.0,6.325,6.225,0
2001-10-08,PETR4,PETR4,6.1875,6.325,6.18125,6.26375,6.26375,3547200,6.1875,6.325,6.18125,6.26375,1.0,6.325,6.18125,0
2001-10-09,PETR4,PETR4,6.3125,6.39375,6.25125,6.36125,6.36125,6084800,6.3125,6.39375,6.25125,6.36125,1.0,6.39375,6.25125,0
2001-10-10,PETR4,PETR4,6.36125,6.575,6.36125,6.5625,6.5625,4788000,6.36125,6.575,6.36125,6.5625,1.0,6.575,6.36125,0
2001-10-11,PETR4,PETR4,6.56375,6.6875,6.56375,6.6875,6.6875,7575200,6.56375,6.6875,6.56375,6.6875,1.0,6.6875,6.56375,0
2001-10-15,PETR4,PETR4,6.8125,6.9125,6.725,6.87625,6.87625,14309600,6.8125,6.9125,6.725,6.87625,1.0,6.9125,6.725,0
2001-10-16,PETR4,PETR4,6.88125,6.9,6.755,6.755,6.755,8368000,6.88125,6.9,6.755,6.755,1.0,6.9,6.755,0
2001-10-17,PETR4,PETR4,6.81375,6.88125,6.71875,6.71875,6.71875,11099200,6.81375,6.88125,6.71875,6.71875,1.0,6.88125,6.71875,0
2001-10-18,PETR4,PETR4,6.68125,6.6875,6.475,6.54,6.54,9023200,6.68125,6.6875,6.475,6.54,1.0,6.6875,6.475,0
2001-10-19,PETR4,PETR4,6.5,6.5625,6.4,6.5125,6.5125,13216800,6.5,6.5625,6.4,6.5125,1.0,6.5625,6.4,0
2001-10-22,PETR4,PETR4,6.52625,6.6875,6.45,6.66875,6.66875,9792000,6.52625,6.6875,6.45,6.66875,1.0,6.6875,6.45,0
2001-10-23,PETR4,PETR4,6.7375,6.74875,6.65,6.7,6.7,9171200,6.7375,6.74875,6.65,6.7,1.0,6.74875,6.65,0
2001-10-24,PETR4,PETR4,6.67375,6.7125,6.575,6.6225,6.6225,6809600,6.67375,6.7125,6.575,6.6225,1.0,6.7125,6.575,0
2001-10-25,PETR4,PETR4,6.6125,6.65,6.4625,6.5875,6.5875,6556800,6.6125,6.65,6.4625,6.5875,1.0,6.65,6.4625,0
2001-10-26,PETR4,PETR4,6.6,6.7125,6.52625,6.5875,6.5875,8397600,6.6,6.7125,6.52625,6.5875,1.0,6.7125,6.52625,0
2001-10-29,PETR4,PETR4,6.58875,6.69375,6.43875,6.4625,6.4625,7407200,6.58875,6.69375,6.43875,6.4625,1.0,6.69375,6.43875,0
2001-10-30,PETR4,PETR4,6.45625,6.48625,6.3375,6.35625,6.35625,5098400,6.45625,6.48625,6.3375,6.35625,1.0,6.48625,6.3375,0
2001-10-31,PETR4,PETR4,6.4375,6.56125,6.325,6.4875,6.4875,9174400,6.4375,6.56125,6.325,6.4875,1.0,6.56125,6.325,0
2001-11-01,PETR4,PETR4,6.4875,6.4875,6.2875,6.3625,6.3625,9057600,6.4875,6.4875,6.2875,6.3625,1.0,6.4875,6.2875,0
2001-11-05,PETR4,PETR4,6.475,6.5625,6.325,6.3375,6.3375,10036800,6.475,6.5625,6.325,6.3375,1.0,6.5625,6.325,0
2001-11-06,PETR4,PETR4,6.38625,6.4625,6.18125,6.18125,6.18125,17684800,6.38625,6.4625,6.18125,6.18125,1.0,6.4625,6.18125,0
2001-11-07,PETR4,PETR4,6.1875,6.2875,6.1625,6.25,6.25,14344800,6.1875,6.2875,6.1625,6.25,1.0,6.2875,6.1625,0
2001-11-08,PETR4,PETR4,6.33125,6.5875,6.3125,6.45625,6.45625,14079200,6.33125,6.5875,6.3125,6.45625,1.0,6.5875,6.3125,0
2001-11-09,PETR4,PETR4,6.5,6.8,6.5,6.76125,6.76125,13832000,6.5,6.8,6.5,6.76125,1.0,6.8,6.5,0
2001-11-12,PETR4,PETR4,6.725,6.725,6.425,6.43875,6.43875,9541600,6.725,6.725,6.425,6.43875,1.0,6.725,6.425,0
2001-11-13,PETR4,PETR4,6.5125,6.575,6.35,6.4525,6.4525,17500800,6.5125,6.575,6.35,6.4525,1.0,6.575,6.35,0
2001-11-14,PETR4,PETR4,6.35625,6.35625,6.16875,6.17625,6.17625,18247200,6.35625,6.35625,6.16875,6.17625,1.0,6.35625,6.16875,0
2001-11-16,PETR4,PETR4,5.875,5.9375,5.70875,5.725,5.725,23606400,5.875,5.9375,5.70875,5.725,1.0,5.9375,5.70875,0
2001-11-19,PETR4,PETR4,5.7625,5.9625,5.75,5.84875,5.84875,15992800,5.7625,5.9625,5.75,5.84875,1.0,5.9625,5.75,0
2001-11-20,PETR4,PETR4,5.8875,6.0425,5.875,5.9625,5.9625,11577600,5.8875,6.0425,5.875,5.9625,1.0,6.0425,5.875,0
2001-11-21,PETR4,PETR4,6.04875,6.12375,6.01375,6.1,6.1,6466400,6.04875,6.12375,6.01375,6.1,1.0,6.12375,6.01375,0
2001-11-22,PETR4,PETR4,6.2625,6.35875,6.21375,6.3575,6.3575,8922400,6.2625,6.35875,6.21375,6.3575,1.0,6.35875,6.21375,0
2001-11-23,PETR4,PETR4,6.18875,6.275,6.12625,6.2375,6.2375,9192800,6.18875,6.275,6.12625,6.2375,1.0,6.275,6.12625,0
2001-11-26,PETR4,PETR4,6.23875,6.24375,6.1275,6.15,6.15,10532000,6.23875,6.24375,6.1275,6.15,1.0,6.24375,6.1275,0
2001-11-27,PETR4,PETR4,6.25375,6.25875,6.1,6.17375,6.17375,9151200,6.25375,6.25875,6.1,6.17375,1.0,6.25875,6.1,0
2001-11-28,PETR4,PETR4,6.125,6.1375,6.0125,6.05,6.05,14337600,6.125,6.1375,6.0125,6.05,1.0,6.1375,6.0125,0
2001-11-29,PETR4,PETR4,6.1,6.15,6.0025,6.05125,6.05125,9831200,6.1,6.15,6.0025,6.05125,1.0,6.15,6.0025,0
2001-11-30,PETR4,PETR4,6.0375,6.23125,6.01375,6.1375,6.1375,9663200,6.0375,6.23125,6.01375,6.1375,1.0,6.23125,6.01375,0
2001-12-03,PETR4,PETR4,6.08625,6.3875,6.08625,6.385,6.385,10439200,6.08625,6.3875,6.08625,6.385,1.0,6.3875,6.08625,0
2001-12-04,PETR4,PETR4,6.425,6.4875,6.275,6.3325,6.3325,12768800,6.425,6.4875,6.275,6.3325,1.0,6.4875,6.275,0
2001-12-05,PETR4,PETR4,6.48125,6.5125,6.39375,6.50625,6.50625,13363200,6.48125,6.5125,6.39375,6.50625,1.0,6.5125,6.39375,0
2001-12-06,PETR4,PETR4,6.45,6.5,6.31125,6.35625,6.35625,5197600,6.45,6.5,6.31125,6.35625,1.0,6.5,6.31125,0
2001-12-07,PETR4,PETR4,6.35125,6.35625,6.1625,6.20625,6.20625,4917600,6.35125,6.35625,6.1625,6.20625,1.0,6.35625,6.1625,0
2001-12-10,PETR4,PETR4,6.1375,6.15,6.06375,6.13125,6.13125,7888000,6.1375,6.15,6.06375,6.13125,1.0,6.15,6.06375,0
2001-12-11,PETR4,PETR4,6.17375,6.2125,6.06375,6.08125,6.08125,8973600,6.17375,6.2125,6.06375,6.08125,1.0,6.2125,6.06375,0
2001-12-12,PETR4,PETR4,6.125,6.125,6.00625,6.0375,6.0375,12385600,6.125,6.125,6.00625,6.0375,1.0,6.125,6.00625,0
2001-12-13,PETR4,PETR4,6.04375,6.0625,5.91875,5.91875,5.91875,6927200,6.04375,6.0625,5.91875,5.91875,1.0,6.0625,5.91875,0
2001-12-14,PETR4,PETR4,5.9625,5.9625,5.875,5.9375,5.9375,8064800,5.9625,5.9625,5.875,5.9375,1.0,5.9625,5.875,0
2001-12-17,PETR4,PETR4,5.97125,6.025,5.8725,5.8875,5.8875,9840800,5.97125,6.025,5.8725,5.8875,1.0,6.025,5.8725,0
2001-12-18,PETR4,PETR4,5.96125,6.0875,5.925,6.025,6.025,7115200,5.96125,6.0875,5.925,6.025,1.0,6.0875,5.925,0
2001-12-19,PETR4,PETR4,6.0375,6.18625,5.925,6.125,6.125,9193600,6.0375,6.18625,5.925,6.125,1.0,6.18625,5.925,0
2001-12-20,PETR4,PETR4,6.0625,6.1,5.9275,5.98625,5.98625,9500800,6.0625,6.1,5.9275,5.98625,1.0,6.1,5.9275,0
2001-12-21,PETR4,PETR4,6.0875,6.0875,5.975,6.03375,6.03375,6157600,6.0875,6.0875,5.975,6.03375,1.0,6.0875,5.975,0
2001-12-26,PETR4,PETR4,6.03375,6.175,6.03375,6.15,6.15,4824800,6.03375,6.175,6.03375,6.15,1.0,6.175,6.03375,0
2001-12-27,PETR4,PETR4,6.275,6.3625,6.25,6.3375,6.3375,8304000,6.275,6.3625,6.25,6.3375,1.0,6.3625,6.25,0
2001-12-28,PETR4,PETR4,6.37625,6.4375,6.325,6.39375,6.39375,5332000,6.37625,6.4375,6.325,6.39375,1.0,6.4375,6.325,0
2002-01-02,PETR4,PETR4,6.41125,6.49,6.39375,6.40625,6.40625,5980000,6.41125,6.49,6.39375,6.40625,1.0,6.49,6.39375,0
2002-01-03,PETR4,PETR4,6.4375,6.5,6.425,6.45,6.45,9760800,6.4375,6.5,6.425,6.45,1.0,6.5,6.425,0
2002-01-04,PETR4,PETR4,6.45,6.45,6.325,6.41,6.41,5375200,6.45,6.45,6.325,6.41,1.0,6.45,6.325,0
2002-01-07,PETR4,PETR4,6.3875,6.6,6.375,6.55,6.55,10101600,6.3875,6.6,6.375,6.55,1.0,6.6,6.375,0
2002-01-08,PETR4,PETR4,6.5375,6.55,6.46375,6.4975,6.4975,8601600,6.5375,6.55,6.46375,6.4975,1.0,6.55,6.46375,0
2002-01-09,PETR4,PETR4,6.47,6.5,6.35,6.4125,6.4125,5985600,6.47,6.5,6.35,6.4125,1.0,6.5,6.35,0
2002-01-10,PETR4,PETR4,6.3375,6.40625,6.3125,6.37125,6.37125,7193600,6.3375,6.40625,6.3125,6.37125,1.0,6.40625,6.3125,0
2002-01-11,PETR4,PETR4,6.36875,6.4375,6.25,6.275,6.275,4694400,6.36875,6.4375,6.25,6.275,1.0,6.4375,6.25,0
2002-01-14,PETR4,PETR4,6.29625,6.29625,5.99875,6.04375,6.04375,5364000,6.29625,6.29625,5.99875,6.04375,1.0,6.29625,5.99875,0
2002-01-15,PETR4,PETR4,6.10125,6.1625,5.98125,6.0075,6.0075,5805600,6.10125,6.1625,5.98125,6.0075,1.0,6.1625,5.98125,0
2002-01-16,PETR4,PETR4,6.0025,6.0625,5.9375,6.0125,6.0125,5172800,6.0025,6.0625,5.9375,6.0125,1.0,6.0625,5.9375,0
2002-01-17,PETR4,PETR4,6.0375,6.1375,6.025,6.1,6.1,4971200,6.0375,6.1375,6.025,6.1,1.0,6.1375,6.025,0
2002-01-18,PETR4,PETR4,6.125,6.1375,6.0625,6.11625,6.11625,1923200,6.125,6.1375,6.0625,6.11625,1.0,6.1375,6.0625,0
2002-01-21,PETR4,PETR4,6.09375,6.09375,6.0125,6.0375,6.0375,1253600,6.09375,6.09375,6.0125,6.0375,1.0,6.09375,6.0125,0
2002-01-22,PETR4,PETR4,6.05625,6.125,5.98875,6.0,6.0,4627200,6.05625,6.125,5.98875,6.0,1.0,6.125,5.98875,0
2002-01-23,PETR4,PETR4,6.0625,6.0625,5.9625,5.9625,5.9625,4292000,6.0625,6.0625,5.9625,5.9625,1.0,6.0625,5.9625,0
2002-01-24,PETR4,PETR4,6.0,6.0625,5.7875,5.87125,5.87125,9856000,6.0,6.0625,5.7875,5.87125,1.0,6.0625,5.7875,0
2002-01-28,PETR4,PETR4,5.9875,6.09375,5.95,6.08,6.08,8469600,5.9875,6.09375,5.95,6.08,1.0,6.09375,5.95,0
2002-01-29,PETR4,PETR4,6.075,6.11875,5.91875,5.96375,5.96375,6735200,6.075,6.11875,5.91875,5.96375,1.0,6.11875,5.91875,0
2002-01-30,PETR4,PETR4,5.96375,6.0,5.9,5.95,5.95,5205600,5.96375,6.0,5.9,5.95,1.0,6.0,5.9,0
2002-01-31,PETR4,PETR4,6.0,6.0625,5.9125,6.0125,6.0125,10239200,6.0,6.0625,5.9125,6.0125,1.0,6.0625,5.9125,0
2002-02-01,PETR4,PETR4,6.02,6.0875,5.98125,6.025,6.025,9825600,6.02,6.0875,5.98125,6.025,1.0,6.0875,5.98125,0
2002-02-04,PETR4,PETR4,6.025,6.025,5.9375,5.9875,5.9875,5931200,6.025,6.025,5.9375,5.9875,1.0,6.025,5.9375,0
2002-02-05,PETR4,PETR4,5.99875,6.0,5.91875,5.985,5.985,6442400,5.99875,6.0,5.91875,5.985,1.0,6.0,5.91875,0
2002-02-06,PETR4,PETR4,5.98875,6.0875,5.9625,6.0875,6.0875,6336000,5.98875,6.0875,5.9625,6.0875,1.0,6.0875,5.9625,0
2002-02-07,PETR4,PETR4,6.0625,6.0875,6.0125,6.0375,6.0375,4736800,6.0625,6.0875,6.0125,6.0375,1.0,6.0875,6.0125,0
2002-02-08,PETR4,PETR4,6.0625,6.125,5.94375,5.945,5.945,2955200,6.0625,6.125,5.94375,5.945,1.0,6.125,5.94375,0
2002-02-13,PETR4,PETR4,6.06,6.21125,6.06,6.2,6.2,9191200,6.06,6.21125,6.06,6.2,1.0,6.21125,6.06,0
2002-02-14,PETR4,PETR4,6.175,6.2625,6.15,6.25,6.25,7946400,6.175,6.2625,6.15,6.25,1.0,6.2625,6.15,0
2002-02-15,PETR4,PETR4,6.25,6.3,6.23125,6.29375,6.29375,6254400,6.25,6.3,6.23125,6.29375,1.0,6.3,6.23125,0
2002-02-18,PETR4,PETR4,6.27375,6.275,6.1625,6.225,6.225,9548000,6.27375,6.275,6.1625,6.225,1.0,6.275,6.1625,0
2002-02-19,PETR4,PETR4,6.225,6.315,6.16875,6.225,6.225,7604000,6.225,6.315,6.16875,6.225,1.0,6.315,6.16875,0
2002-02-20,PETR4,PETR4,6.21375,6.2725,6.175,6.26875,6.26875,6885600,6.21375,6.2725,6.175,6.26875,1.0,6.2725,6.175,0
2002-02-21,PETR4,PETR4,6.3125,6.4125,6.3025,6.38125,6.38125,8088800,6.3125,6.4125,6.3025,6.38125,1.0,6.4125,6.3025,0
2002-02-22,PETR4,PETR4,6.35625,6.525,6.3375,6.4875,6.4875,13653600,6.35625,6.525,6.3375,6.4875,1.0,6.525,6.3375,0
2002-02-25,PETR4,PETR4,6.5525,6.65,6.5125,6.6325,6.6325,8900800,6.5525,6.65,6.5125,6.6325,1.0,6.65,6.5125,0
2002-02-26,PETR4,PETR4,6.6375,6.7625,6.6125,6.725,6.725,11673600,6.6375,6.7625,6.6125,6.725,1.0,6.7625,6.6125,0
2002-02-27,PETR4,PETR4,6.73875,6.92375,6.73875,6.92375,6.92375,12281600,6.73875,6.92375,6.73875,6.92375,1.0,6.92375,6.73875,0
2002-02-28,PETR4,PETR4,6.9375,7.125,6.8375,7.0125,7.0125,14156800,6.9375,7.125,6.8375,7.0125,1.0,7.125,6.8375,0
2002-03-01,PETR4,PETR4,7.05,7.25,7.05,7.2375,7.2375,12451200,7.05,7.25,7.05,7.2375,1.0,7.25,7.05,0
2002-03-04,PETR4,PETR4,7.125,7.3,7.1,7.3,7.3,10064000,7.125,7.3,7.1,7.3,1.0,7.3,7.1,0
2002-03-05,PETR4,PETR4,7.25,7.3375,7.1125,7.125,7.125,11889600,7.25,7.3375,7.1125,7.125,1.0,7.3375,7.1125,0
2002-03-06,PETR4,PETR4,7.1125,7.1125,6.9,7.025,7.025,11740800,7.1125,7.1125,6.9,7.025,1.0,7.1125,6.9,0
2002-03-07,PETR4,PETR4,7.025,7.175,7.0,7.0625,7.0625,9108800,7.025,7.175,7.0,7.0625,1.0,7.175,7.0,0
2002-03-08,PETR4,PETR4,7.07,7.1,6.975,7.03625,7.03625,6051200,7.07,7.1,6.975,7.03625,1.0,7.1,6.975,0
2002-03-11,PETR4,PETR4,7.075,7.16375,7.05,7.13875,7.13875,6919200,7.075,7.16375,7.05,7.13875,1.0,7.16375,7.05,0
2002-03-12,PETR4,PETR4,7.125,7.3,7.125,7.20625,7.20625,14960800,7.125,7.3,7.125,7.20625,1.0,7.3,7.125,0
2002-03-13,PETR4,PETR4,7.23,7.2875,7.1625,7.2625,7.2625,7524000,7.23,7.2875,7.1625,7.2625,1.0,7.2875,7.1625,0
2002-03-14,PETR4,PETR4,7.2625,7.34875,7.2375,7.34875,7.34875,8502400,7.2625,7.34875,7.2375,7.34875,1.0,7.34875,7.2375,0
2002-03-15,PETR4,PETR4,7.34375,7.55,7.34375,7.50125,7.50125,14163200,7.34375,7.55,7.34375,7.50125,1.0,7.55,7.34375,0
2002-03-18,PETR4,PETR4,7.5,7.59875,7.5,7.5375,7.5375,7161600,7.5,7.59875,7.5,7.5375,1.0,7.59875,7.5,0
2002-03-19,PETR4,PETR4,7.54375,7.56875,7.48125,7.5375,7.5375,5960000,7.54375,7.56875,7.48125,7.5375,1.0,7.56875,7.48125,0
2002-03-20,PETR4,PETR4,7.53875,7.56125,7.4625,7.475,7.475,6526400,7.53875,7.56125,7.4625,7.475,1.0,7.56125,7.4625,0
2002-03-21,PETR4,PETR4,7.375,7.475,7.325,7.35,7.35,6928800,7.375,7.475,7.325,7.35,1.0,7.475,7.325,0
2002-03-22,PETR4,PETR4,7.3625,7.4,7.25,7.3,7.3,8339200,7.3625,7.4,7.25,7.3,1.0,7.4,7.25,0
2002-03-25,PETR4,PETR4,7.09875,7.11125,6.9425,7.0875,7.0875,6653600,7.09875,7.11125,6.9425,7.0875,1.0,7.11125,6.9425,0
2002-03-26,PETR4,PETR4,7.1,7.2125,7.0875,7.18125,7.18125,6095200,7.1,7.2125,7.0875,7.18125,1.0,7.2125,7.0875,0
2002-03-27,PETR4,PETR4,7.175,7.35,7.175,7.2625,7.2625,6600800,7.175,7.35,7.175,7.2625,1.0,7.35,7.175,0
2002-03-28,PETR4,PETR4,7.325,7.325,7.1875,7.21875,7.21875,4712000,7.325,7.325,7.1875,7.21875,1.0,7.325,7.1875,0
2002-04-01,PETR4,PETR4,7.2625,7.4375,7.2625,7.37625,7.37625,9010400,7.2625,7.4375,7.2625,7.37625,1.0,7.4375,7.2625,0
2002-04-02,PETR4,PETR4,7.4375,7.4375,7.275,7.2875,7.2875,8801600,7.4375,7.4375,7.275,7.2875,1.0,7.4375,7.275,0
2002-04-03,PETR4,PETR4,7.25,7.2625,7.0625,7.225,7.225,10624800,7.25,7.2625,7.0625,7.225,1.0,7.2625,7.0625,0
2002-04-04,PETR4,PETR4,7.18625,7.3375,7.18625,7.25,7.25,6776800,7.18625,7.3375,7.18625,7.25,1.0,7.3375,7.18625,0
2002-04-05,PETR4,PETR4,7.23875,7.23875,7.1,7.15,7.15,8584800,7.23875,7.23875,7.1,7.15,1.0,7.23875,7.1,0
2002-04-08,PETR4,PETR4,7.2,7.2875,7.19375,7.225,7.225,4084800,7.2,7.2875,7.19375,7.225,1.0,7.2875,7.19375,0
2002-04-09,PETR4,PETR4,7.1875,7.1875,6.93875,6.98375,6.98375,11784800,7.1875,7.1875,6.93875,6.98375,1.0,7.1875,6.93875,0
2002-04-10,PETR4,PETR4,7.0,7.025,6.87625,7.0,7.0,5808800,7.0,7.025,6.87625,7.0,1.0,7.025,6.87625,0
2002-04-11,PETR4,PETR4,7.0,7.075,6.92,6.9625,6.9625,5877600,7.0,7.075,6.92,6.9625,1.0,7.075,6.92,0
2002-04-12,PETR4,PETR4,6.96125,6.975,6.84,6.9025,6.9025,8244800,6.96125,6.975,6.84,6.9025,1.0,6.975,6.84,0
2002-04-15,PETR4,PETR4,7.0,7.05,6.94375,6.96375,6.96375,16275200,7.0,7.05,6.94375,6.96375,1.0,7.05,6.94375,0
2002-04-16,PETR4,PETR4,7.0375,7.03875,6.9375,7.01375,7.01375,8975200,7.0375,7.03875,6.9375,7.01375,1.0,7.03875,6.9375,0
2002-04-17,PETR4,PETR4,7.015,7.1375,7.015,7.1125,7.1125,11435200,7.015,7.1375,7.015,7.1125,1.0,7.1375,7.015,0
2002-04-18,PETR4,PETR4,7.075,7.0875,7.0,7.0525,7.0525,7577600,7.075,7.0875,7.0,7.0525,1.0,7.0875,7.0,0
2002-04-19,PETR4,PETR4,7.075,7.075,6.97625,6.99,6.99,3719200,7.075,7.075,6.97625,6.99,1.0,7.075,6.97625,0
2002-04-22,PETR4,PETR4,6.97625,7.0,6.875,6.9625,6.9625,7060000,6.97625,7.0,6.875,6.9625,1.0,7.0,6.875,0
2002-04-23,PETR4,PETR4,6.9125,7.06,6.875,7.0,7.0,7031200,6.9125,7.06,6.875,7.0,1.0,7.06,6.875,0
2002-04-24,PETR4,PETR4,6.95,7.0625,6.95,7.0375,7.0375,4388800,6.95,7.0625,6.95,7.0375,1.0,7.0625,6.95,0
2002-04-25,PETR4,PETR4,7.00125,7.00125,6.8375,6.91875,6.91875,6989600,7.00125,7.00125,6.8375,6.91875,1.0,7.00125,6.8375,0
2002-04-26,PETR4,PETR4,6.93875,6.94,6.7,6.7725,6.7725,13404000,6.93875,6.94,6.7,6.7725,1.0,6.94,6.7,0
2002-04-29,PETR4,PETR4,6.7625,6.9,6.75,6.875,6.875,6234400,6.7625,6.9,6.75,6.875,1.0,6.9,6.75,0
2002-04-30,PETR4,PETR4,6.8625,6.9125,6.83125,6.865,6.865,8432800,6.8625,6.9125,6.83125,6.865,1.0,6.9125,6.83125,0
2002-05-02,PETR4,PETR4,6.84875,6.88125,6.60875,6.64875,6.64875,9729600,6.84875,6.88125,6.60875,6.64875,1.0,6.88125,6.60875,0
2002-05-03,PETR4,PETR4,6.75,6.7725,6.575,6.7725,6.7725,8997600,6.75,6.7725,6.575,6.7725,1.0,6.7725,6.575,0
2002-05-06,PETR4,PETR4,6.7,6.725,6.5875,6.6375,6.6375,5282400,6.7,6.725,6.5875,6.6375,1.0,6.725,6.5875,0
2002-05-07,PETR4,PETR4,6.7875,6.7875,6.5875,6.625,6.625,5416800,6.7875,6.7875,6.5875,6.625,1.0,6.7875,6.5875,0
2002-05-08,PETR4,PETR4,6.625,6.83125,6.625,6.825,6.825,7228800,6.625,6.83125,6.625,6.825,1.0,6.83125,6.625,0
2002-05-09,PETR4,PETR4,6.75,6.7875,6.645,6.70125,6.70125,5090400,6.75,6.7875,6.645,6.70125,1.0,6.7875,6.645,0
2002-05-10,PETR4,PETR4,6.7125,6.7225,6.57375,6.62375,6.62375,7669600,6.7125,6.7225,6.57375,6.62375,1.0,6.7225,6.57375,0
2002-05-13,PETR4,PETR4,6.5025,6.5025,6.38625,6.46,6.46,6334400,6.5025,6.5025,6.38625,6.46,1.0,6.5025,6.38625,0
2002-05-14,PETR4,PETR4,6.46375,6.6125,6.46375,6.55,6.55,6916000,6.46375,6.6125,6.46375,6.55,1.0,6.6125,6.46375,0
2002-05-15,PETR4,PETR4,6.5,6.5625,6.4625,6.5,6.5,8721600,6.5,6.5625,6.4625,6.5,1.0,6.5625,6.4625,0
2002-05-16,PETR4,PETR4,6.6,6.75,6.5525,6.75,6.75,5656800,6.6,6.75,6.5525,6.75,1.0,6.75,6.5525,0
2002-05-17,PETR4,PETR4,6.6875,6.77125,6.675,6.7625,6.7625,6750400,6.6875,6.77125,6.675,6.7625,1.0,6.77125,6.675,0
2002-05-20,PETR4,PETR4,6.75,6.88125,6.75,6.875,6.875,4924000,6.75,6.88125,6.75,6.875,1.0,6.88125,6.75,0
2002-05-21,PETR4,PETR4,6.9,6.925,6.875,6.925,6.925,4924800,6.9,6.925,6.875,6.925,1.0,6.925,6.875,0
2002-05-22,PETR4,PETR4,6.925,6.9875,6.8875,6.9,6.9,7287200,6.925,6.9875,6.8875,6.9,1.0,6.9875,6.8875,0
2002-05-23,PETR4,PETR4,6.8875,7.0375,6.875,7.0375,7.0375,6319200,6.8875,7.0375,6.875,7.0375,1.0,7.0375,6.875,0
2002-05-24,PETR4,PETR4,7.0,7.0875,6.9375,7.0125,7.0125,6384000,7.0,7.0875,6.9375,7.0125,1.0,7.0875,6.9375,0
2002-05-27,PETR4,PETR4,6.8875,6.9875,6.8875,6.9875,6.9875,2132800,6.8875,6.9875,6.8875,6.9875,1.0,6.9875,6.8875,0
2002-05-28,PETR4,PETR4,7.03125,7.0375,6.9375,6.975,6.975,7169600,7.03125,7.0375,6.9375,6.975,1.0,7.0375,6.9375,0
2002-05-29,PETR4,PETR4,6.9375,6.95,6.89875,6.915,6.915,3931200,6.9375,6.95,6.89875,6.915,1.0,6.95,6.89875,0
2002-05-31,PETR4,PETR4,6.9125,6.925,6.815,6.815,6.815,4767200,6.9125,6.925,6.815,6.815,1.0,6.925,6.815,0
2002-06-03,PETR4,PETR4,6.875,6.8775,6.78875,6.8125,6.8125,3196000,6.875,6.8775,6.78875,6.8125,1.0,6.8775,6.78875,0
2002-06-04,PETR4,PETR4,6.7875,6.9375,6.775,6.9375,6.9375,3424800,6.7875,6.9375,6.775,6.9375,1.0,6.9375,6.775,0
2002-06-05,PETR4,PETR4,6.95,6.9625,6.875,6.925,6.925,6783200,6.95,6.9625,6.875,6.925,1.0,6.9625,6.875,0
2002-06-06,PETR4,PETR4,6.87625,6.90125,6.73125,6.775,6.775,4337600,6.87625,6.90125,6.73125,6.775,1.0,6.90125,6.73125,0
2002-06-07,PETR4,PETR4,6.75,6.75625,6.625,6.67375,6.67375,7308000,6.75,6.75625,6.625,6.67375,1.0,6.75625,6.625,0
2002-06-10,PETR4,PETR4,6.65125,6.75,6.65125,6.725,6.725,3107200,6.65125,6.75,6.65125,6.725,1.0,6.75,6.65125,0
2002-06-11,PETR4,PETR4,6.73125,6.75,6.525,6.625,6.625,5528000,6.73125,6.75,6.525,6.625,1.0,6.75,6.525,0
2002-06-12,PETR4,PETR4,6.62625,6.62625,6.5125,6.51875,6.51875,5869600,6.62625,6.62625,6.5125,6.51875,1.0,6.62625,6.5125,0
2002-06-13,PETR4,PETR4,6.625,6.65,6.3825,6.39375,6.39375,7358400,6.625,6.65,6.3825,6.39375,1.0,6.65,6.3825,0
2002-06-14,PETR4,PETR4,6.53875,6.53875,6.075,6.16625,6.16625,12668000,6.53875,6.53875,6.075,6.16625,1.0,6.53875,6.075,0
2002-06-17,PETR4,PETR4,6.24875,6.275,6.18125,6.20875,6.20875,7215200,6.24875,6.275,6.18125,6.20875,1.0,6.275,6.18125,0
2002-06-18,PETR4,PETR4,6.22625,6.2375,6.1125,6.15625,6.15625,8498400,6.22625,6.2375,6.1125,6.15625,1.0,6.2375,6.1125,0
2002-06-19,PETR4,PETR4,6.1575,6.16,6.025,6.0625,6.0625,6529600,6.1575,6.16,6.025,6.0625,1.0,6.16,6.025,0
2002-06-20,PETR4,PETR4,6.10625,6.10625,5.65,5.725,5.725,13644800,6.10625,6.10625,5.65,5.725,1.0,6.10625,5.65,0
2002-06-21,PETR4,PETR4,5.75,5.81125,5.1,5.275,5.275,19834400,5.75,5.81125,5.1,5.275,1.0,5.81125,5.1,0
2002-06-24,PETR4,PETR4,5.4375,5.5625,5.21125,5.47625,5.47625,16102400,5.4375,5.5625,5.21125,5.47625,1.0,5.5625,5.21125,0
2002-06-25,PETR4,PETR4,5.555,5.775,5.5125,5.7125,5.7125,14287200,5.555,5.775,5.5125,5.7125,1.0,5.775,5.5125,0
2002-06-26,PETR4,PETR4,5.8375,6.1075,5.6875,6.08125,6.08125,9568000,5.8375,6.1075,5.6875,6.08125,1.0,6.1075,5.6875,0
2002-06-27,PETR4,PETR4,6.0625,6.2125,6.0625,6.19875,6.19875,9966400,6.0625,6.2125,6.0625,6.19875,1.0,6.2125,6.0625,0
2002-06-28,PETR4,PETR4,6.18125,6.22875,6.065,6.1375,6.1375,6035200,6.18125,6.22875,6.065,6.1375,1.0,6.22875,6.065,0
2002-07-01,PETR4,PETR4,6.1875,6.1875,5.9675,6.0,6.0,4912800,6.1875,6.1875,5.9675,6.0,1.0,6.1875,5.9675,0
2002-07-02,PETR4,PETR4,6.0,6.0,5.8225,5.91125,5.91125,7076800,6.0,6.0,5.8225,5.91125,1.0,6.0,5.8225,0
2002-07-03,PETR4,PETR4,5.9225,6.0625,5.775,5.85125,5.85125,7345600,5.9225,6.0625,5.775,5.85125,1.0,6.0625,5.775,0
2002-07-04,PETR4,PETR4,5.88625,5.88625,5.8,5.86875,5.86875,2413600,5.88625,5.88625,5.8,5.86875,1.0,5.88625,5.8,0
2002-07-05,PETR4,PETR4,5.8125,5.8225,5.7125,5.80375,5.80375,3108800,5.8125,5.8225,5.7125,5.80375,1.0,5.8225,5.7125,0
2002-07-08,PETR4,PETR4,5.82375,5.82375,5.6875,5.72875,5.72875,5048800,5.82375,5.82375,5.6875,5.72875,1.0,5.82375,5.6875,0
2002-07-10,PETR4,PETR4,5.7625,5.85,5.6,5.6,5.6,5139200,5.7625,5.85,5.6,5.6,1.0,5.85,5.6,0
2002-07-11,PETR4,PETR4,5.58125,5.65,5.525,5.625,5.625,7996000,5.58125,5.65,5.525,5.625,1.0,5.65,5.525,0
2002-07-12,PETR4,PETR4,5.7625,5.7625,5.5625,5.67,5.67,5296000,5.7625,5.7625,5.5625,5.67,1.0,5.7625,5.5625,0
2002-07-15,PETR4,PETR4,5.6875,5.6875,5.49375,5.55,5.55,5072000,5.6875,5.6875,5.49375,5.55,1.0,5.6875,5.49375,0
2002-07-16,PETR4,PETR4,5.5875,5.625,5.50125,5.625,5.625,7435200,5.5875,5.625,5.50125,5.625,1.0,5.625,5.50125,0
2002-07-17,PETR4,PETR4,5.6725,5.7625,5.66875,5.715,5.715,5297600,5.6725,5.7625,5.66875,5.715,1.0,5.7625,5.66875,0
2002-07-18,PETR4,PETR4,5.75,5.8,5.5875,5.5875,5.5875,6284800,5.75,5.8,5.5875,5.5875,1.0,5.8,5.5875,0
2002-07-19,PETR4,PETR4,5.5875,5.5875,5.4625,5.5075,5.5075,4771200,5.5875,5.5875,5.4625,5.5075,1.0,5.5875,5.4625,0
2002-07-22,PETR4,PETR4,5.33,5.35,5.125,5.125,5.125,18588800,5.33,5.35,5.125,5.125,1.0,5.35,5.125,0
2002-07-23,PETR4,PETR4,5.25,5.27375,4.9875,5.0,5.0,11540000,5.25,5.27375,4.9875,5.0,1.0,5.27375,4.9875,0
2002-07-24,PETR4,PETR4,4.875,5.275,4.85,5.24875,5.24875,16361600,4.875,5.275,4.85,5.24875,1.0,5.275,4.85,0
2002-07-25,PETR4,PETR4,5.12625,5.1625,4.99875,5.08125,5.08125,13592000,5.12625,5.1625,4.99875,5.08125,1.0,5.1625,4.99875,0
2002-07-26,PETR4,PETR4,5.08125,5.2125,4.8625,4.87,4.87,11688800,5.08125,5.2125,4.8625,4.87,1.0,5.2125,4.8625,0
2002-07-29,PETR4,PETR4,5.00375,5.03125,4.8125,4.8125,4.8125,16657600,5.00375,5.03125,4.8125,4.8125,1.0,5.03125,4.8125,0
2002-07-30,PETR4,PETR4,4.85,4.9875,4.74875,4.8875,4.8875,18491200,4.85,4.9875,4.74875,4.8875,1.0,4.9875,4.74875,0
2002-07-31,PETR4,PETR4,4.99875,5.2125,4.9875,5.11375,5.11375,25456000,4.99875,5.2125,4.9875,5.11375,1.0,5.2125,4.9875,0
2002-08-01,PETR4,PETR4,5.1675,5.25625,4.97125,5.2375,5.2375,13543200,5.1675,5.25625,4.97125,5.2375,1.0,5.25625,4.97125,0
2002-08-02,PETR4,PETR4,5.2875,5.45625,5.275,5.4125,5.4125,11920000,5.2875,5.45625,5.275,5.4125,1.0,5.45625,5.275,0
2002-08-05,PETR4,PETR4,5.4075,5.4075,5.1125,5.15375,5.15375,8980000,5.4075,5.4075,5.1125,5.15375,1.0,5.4075,5.1125,0
2002-08-06,PETR4,PETR4,5.125,5.2,5.0875,5.1625,5.1625,8284800,5.125,5.2,5.0875,5.1625,1.0,5.2,5.0875,0
2002-08-07,PETR4,PETR4,5.2375,5.2375,5.1125,5.175,5.175,9855200,5.2375,5.2375,5.1125,5.175,1.0,5.2375,5.1125,0
2002-08-08,PETR4,PETR4,5.4375,5.575,5.35,5.5125,5.5125,15212800,5.4375,5.575,5.35,5.5125,1.0,5.575,5.35,0
2002-08-09,PETR4,PETR4,5.47375,5.775,5.4375,5.625,5.625,21374400,5.47375,5.775,5.4375,5.625,1.0,5.775,5.4375,0
2002-08-12,PETR4,PETR4,5.62375,5.62375,5.35,5.39125,5.39125,4638400,5.62375,5.62375,5.35,5.39125,1.0,5.62375,5.35,0
2002-08-13,PETR4,PETR4,5.3625,5.3625,5.0625,5.08625,5.08625,11294400,5.3625,5.3625,5.0625,5.08625,1.0,5.3625,5.0625,0
2002-08-14,PETR4,PETR4,5.15,5.2,4.95,5.05,5.05,13917600,5.15,5.2,4.95,5.05,1.0,5.2,4.95,0
2002-08-15,PETR4,PETR4,5.15,5.15,5.00125,5.10625,5.10625,5422400,5.15,5.15,5.00125,5.10625,1.0,5.15,5.00125,0
2002-08-16,PETR4,PETR4,5.0625,5.1875,4.92625,5.09375,5.09375,8722400,5.0625,5.1875,4.92625,5.09375,1.0,5.1875,4.92625,0
2002-08-19,PETR4,PETR4,5.08875,5.15,4.95625,4.9875,4.9875,10020000,5.08875,5.15,4.95625,4.9875,1.0,5.15,4.95625,0
2002-08-20,PETR4,PETR4,5.0625,5.0625,4.90125,4.925,4.925,6974400,5.0625,5.0625,4.90125,4.925,1.0,5.0625,4.90125,0
2002-08-21,PETR4,PETR4,5.00125,5.075,4.9625,5.0,5.0,10979200,5.00125,5.075,4.9625,5.0,1.0,5.075,4.9625,0
2002-08-22,PETR4,PETR4,5.01375,5.175,4.95,5.13875,5.13875,8321600,5.01375,5.175,4.95,5.13875,1.0,5.175,4.95,0
2002-08-23,PETR4,PETR4,5.17375,5.22875,5.1025,5.1625,5.1625,4639200,5.17375,5.22875,5.1025,5.1625,1.0,5.22875,5.1025,0
2002-08-26,PETR4,PETR4,5.1875,5.35625,5.1875,5.3375,5.3375,6964800,5.1875,5.35625,5.1875,5.3375,1.0,5.35625,5.1875,0
2002-08-27,PETR4,PETR4,5.37625,5.5125,5.37625,5.48125,5.48125,10888800,5.37625,5.5125,5.37625,5.48125,1.0,5.5125,5.37625,0
2002-08-28,PETR4,PETR4,5.5,5.53,5.40875,5.46875,5.46875,7290400,5.5,5.53,5.40875,5.46875,1.0,5.53,5.40875,0
2002-08-29,PETR4,PETR4,5.4375,5.46875,5.31875,5.45,5.45,7500800,5.4375,5.46875,5.31875,5.45,1.0,5.46875,5.31875,0
2002-08-30,PETR4,PETR4,5.49875,5.55,5.45,5.5,5.5,10891200,5.49875,5.55,5.45,5.5,1.0,5.55,5.45,0
2002-09-02,PETR4,PETR4,5.5,5.525,5.4625,5.51375,5.51375,2241600,5.5,5.525,5.4625,5.51375,1.0,5.525,5.4625,0
2002-09-03,PETR4,PETR4,5.48,5.65,5.4125,5.5875,5.5875,12496000,5.48,5.65,5.4125,5.5875,1.0,5.65,5.4125,0
2002-09-04,PETR4,PETR4,5.54875,5.7,5.5,5.6625,5.6625,15319200,5.54875,5.7,5.5,5.6625,1.0,5.7,5.5,0
2002-09-05,PETR4,PETR4,5.5625,5.74375,5.55,5.625,5.625,6311200,5.5625,5.74375,5.55,5.625,1.0,5.74375,5.55,0
2002-09-06,PETR4,PETR4,5.6875,5.8,5.65,5.67875,5.67875,7740000,5.6875,5.8,5.65,5.67875,1.0,5.8,5.65,0
2002-09-09,PETR4,PETR4,5.725,5.76125,5.6275,5.725,5.725,5543200,5.725,5.76125,5.6275,5.725,1.0,5.76125,5.6275,0
2002-09-10,PETR4,PETR4,5.7375,5.89375,5.7125,5.8625,5.8625,13322400,5.7375,5.89375,5.7125,5.8625,1.0,5.89375,5.7125,0
2002-09-11,PETR4,PETR4,5.875,5.96875,5.83125,5.92875,5.92875,5812000,5.875,5.96875,5.83125,5.92875,1.0,5.96875,5.83125,0
2002-09-12,PETR4,PETR4,5.8775,5.9625,5.8775,5.925,5.925,5582400,5.8775,5.9625,5.8775,5.925,1.0,5.9625,5.8775,0
2002-09-13,PETR4,PETR4,5.9225,6.04875,5.85625,6.01375,6.01375,5939200,5.9225,6.04875,5.85625,6.01375,1.0,6.04875,5.85625,0
2002-09-16,PETR4,PETR4,6.0,6.05,5.86375,5.9,5.9,6911200,6.0,6.05,5.86375,5.9,1.0,6.05,5.86375,0
2002-09-17,PETR4,PETR4,5.79875,5.8125,5.5875,5.6275,5.6275,7400000,5.79875,5.8125,5.5875,5.6275,1.0,5.8125,5.5875,0
2002-09-18,PETR4,PETR4,5.6125,5.6125,5.45,5.5625,5.5625,8832800,5.6125,5.6125,5.45,5.5625,1.0,5.6125,5.45,0
2002-09-19,PETR4,PETR4,5.5625,5.6875,5.30625,5.325,5.325,19092800,5.5625,5.6875,5.30625,5.325,1.0,5.6875,5.30625,0
2002-09-20,PETR4,PETR4,5.3625,5.525,5.2375,5.4625,5.4625,15573600,5.3625,5.525,5.2375,5.4625,1.0,5.525,5.2375,0
2002-09-23,PETR4,PETR4,5.3625,5.3625,5.2125,5.28625,5.28625,7972800,5.3625,5.3625,5.2125,5.28625,1.0,5.3625,5.2125,0
2002-09-24,PETR4,PETR4,5.225,5.25625,5.05,5.15625,5.15625,12029600,5.225,5.25625,5.05,5.15625,1.0,5.25625,5.05,0
2002-09-25,PETR4,PETR4,5.225,5.26875,4.9375,4.98125,4.98125,15084000,5.225,5.26875,4.9375,4.98125,1.0,5.26875,4.9375,0
2002-09-26,PETR4,PETR4,5.03125,5.15,4.9,4.9625,4.9625,10649600,5.03125,5.15,4.9,4.9625,1.0,5.15,4.9,0
2002-09-27,PETR4,PETR4,4.9975,4.9975,4.49875,4.49875,4.49875,29392000,4.9975,4.9975,4.49875,4.49875,1.0,4.9975,4.49875,0
2002-09-30,PETR4,PETR4,4.5,4.775,4.3,4.6125,4.6125,14871200,4.5,4.775,4.3,4.6125,1.0,4.775,4.3,0
2002-10-01,PETR4,PETR4,4.695,5.075,4.63875,4.95875,4.95875,14895200,4.695,5.075,4.63875,4.95875,1.0,5.075,4.63875,0
2002-10-02,PETR4,PETR4,5.01875,5.1125,4.8775,4.95,4.95,10951200,5.01875,5.1125,4.8775,4.95,1.0,5.1125,4.8775,0
2002-10-03,PETR4,PETR4,4.96875,5.175,4.9,5.08625,5.08625,7330400,4.96875,5.175,4.9,5.08625,1.0,5.175,4.9,0
2002-10-04,PETR4,PETR4,5.12625,5.16875,5.07125,5.08125,5.08125,5480000,5.12625,5.16875,5.07125,5.08125,1.0,5.16875,5.07125,0
2002-10-07,PETR4,PETR4,5.125,5.175,4.8625,4.88125,4.88125,7316000,5.125,5.175,4.8625,4.88125,1.0,5.175,4.8625,0
2002-10-08,PETR4,PETR4,4.89625,4.9375,4.69,4.9375,4.9375,11355200,4.89625,4.9375,4.69,4.9375,1.0,4.9375,4.69,0
2002-10-09,PETR4,PETR4,4.84375,4.9,4.7525,4.9,4.9,8875200,4.84375,4.9,4.7525,4.9,1.0,4.9,4.7525,0
2002-10-10,PETR4,PETR4,4.85625,4.9875,4.75125,4.79875,4.79875,11963200,4.85625,4.9875,4.75125,4.79875,1.0,4.9875,4.75125,0
2002-10-11,PETR4,PETR4,4.87,4.9,4.63125,4.63125,4.63125,11789600,4.87,4.9,4.63125,4.63125,1.0,4.9,4.63125,0
2002-10-14,PETR4,PETR4,4.4875,4.55125,4.39375,4.39375,4.39375,13572000,4.4875,4.55125,4.39375,4.39375,1.0,4.55125,4.39375,0
2002-10-15,PETR4,PETR4,4.5375,4.56,4.395,4.395,4.395,7689600,4.5375,4.56,4.395,4.395,1.0,4.56,4.395,0
2002-10-16,PETR4,PETR4,4.435,4.44875,4.3375,4.4,4.4,11692000,4.435,4.44875,4.3375,4.4,1.0,4.44875,4.3375,0
2002-10-17,PETR4,PETR4,4.48125,4.7875,4.48125,4.7875,4.7875,12162400,4.48125,4.7875,4.48125,4.7875,1.0,4.7875,4.48125,0
2002-10-18,PETR4,PETR4,4.78125,4.925,4.7125,4.875,4.875,7991200,4.78125,4.925,4.7125,4.875,1.0,4.925,4.7125,0
2002-10-21,PETR4,PETR4,4.875,4.91875,4.73125,4.90625,4.90625,11063200,4.875,4.91875,4.73125,4.90625,1.0,4.91875,4.73125,0
2002-10-22,PETR4,PETR4,4.8225,4.9875,4.76375,4.9875,4.9875,8935200,4.8225,4.9875,4.76375,4.9875,1.0,4.9875,4.76375,0
2002-10-23,PETR4,PETR4,4.99375,5.275,4.875,5.275,5.275,14510400,4.99375,5.275,4.875,5.275,1.0,5.275,4.875,0
2002-10-24,PETR4,PETR4,5.28125,5.6,5.1925,5.38625,5.38625,19602400,5.28125,5.6,5.1925,5.38625,1.0,5.6,5.1925,0
2002-10-25,PETR4,PETR4,5.35625,5.54875,5.2625,5.42625,5.42625,10005600,5.35625,5.54875,5.2625,5.42625,1.0,5.54875,5.2625,0
2002-10-28,PETR4,PETR4,5.4275,5.475,5.2275,5.25,5.25,9696000,5.4275,5.475,5.2275,5.25,1.0,5.475,5.2275,0
2002-10-29,PETR4,PETR4,5.24625,5.3,5.15,5.175,5.175,11141600,5.24625,5.3,5.15,5.175,1.0,5.3,5.15,0
2002-10-30,PETR4,PETR4,5.36875,5.44375,5.25,5.4375,5.4375,13585600,5.36875,5.44375,5.25,5.4375,1.0,5.44375,5.25,0
2002-10-31,PETR4,PETR4,5.4625,5.56125,5.3875,5.5375,5.5375,9200000,5.4625,5.56125,5.3875,5.5375,1.0,5.56125,5.3875,0
2002-11-01,PETR4,PETR4,5.55,5.68625,5.44375,5.52375,5.52375,10424000,5.55,5.68625,5.44375,5.52375,1.0,5.68625,5.44375,0
2002-11-04,PETR4,PETR4,5.625,5.6875,5.35,5.35125,5.35125,9900800,5.625,5.6875,5.35,5.35125,1.0,5.6875,5.35,0
2002-11-05,PETR4,PETR4,5.40625,5.4375,5.2625,5.275,5.275,5996000,5.40625,5.4375,5.2625,5.275,1.0,5.4375,5.2625,0
2002-11-06,PETR4,PETR4,5.225,5.31,5.075,5.21125,5.21125,7116800,5.225,5.31,5.075,5.21125,1.0,5.31,5.075,0
2002-11-07,PETR4,PETR4,5.2875,5.3875,5.1125,5.375,5.375,8333600,5.2875,5.3875,5.1125,5.375,1.0,5.3875,5.1125,0
2002-11-08,PETR4,PETR4,5.475,5.525,5.39375,5.45,5.45,6657600,5.475,5.525,5.39375,5.45,1.0,5.525,5.39375,0
2002-11-11,PETR4,PETR4,5.4875,5.525,5.45125,5.4925,5.4925,2956800,5.4875,5.525,5.45125,5.4925,1.0,5.525,5.45125,0
2002-11-12,PETR4,PETR4,5.4875,5.4875,5.345,5.39,5.39,6518400,5.4875,5.4875,5.345,5.39,1.0,5.4875,5.345,0
2002-11-13,PETR4,PETR4,5.26875,5.335,5.2,5.28875,5.28875,3345600,5.26875,5.335,5.2,5.28875,1.0,5.335,5.2,0
2002-11-14,PETR4,PETR4,5.3125,5.43125,5.26875,5.43125,5.43125,3256800,5.3125,5.43125,5.26875,5.43125,1.0,5.43125,5.26875,0
2002-11-18,PETR4,PETR4,5.43125,5.5625,5.43125,5.5125,5.5125,6796800,5.43125,5.5625,5.43125,5.5125,1.0,5.5625,5.43125,0
2002-11-19,PETR4,PETR4,5.5,5.6,5.45,5.46875,5.46875,9700000,5.5,5.6,5.45,5.46875,1.0,5.6,5.45,0
2002-11-20,PETR4,PETR4,5.5,5.61125,5.4125,5.5925,5.5925,11124000,5.5,5.61125,5.4125,5.5925,1.0,5.61125,5.4125,0
2002-11-21,PETR4,PETR4,5.625,5.7375,5.5,5.73625,5.73625,10177600,5.625,5.7375,5.5,5.73625,1.0,5.7375,5.5,0
2002-11-22,PETR4,PETR4,5.65125,5.7,5.6,5.6625,5.6625,5852000,5.65125,5.7,5.6,5.6625,1.0,5.7,5.6,0
2002-11-25,PETR4,PETR4,5.65625,5.775,5.48875,5.52,5.52,6072000,5.65625,5.775,5.48875,5.52,1.0,5.775,5.48875,0
2002-11-26,PETR4,PETR4,5.5625,5.575,5.38,5.41,5.41,9607200,5.5625,5.575,5.38,5.41,1.0,5.575,5.38,0
2002-11-27,PETR4,PETR4,5.43875,5.5125,5.35,5.3875,5.3875,5992800,5.43875,5.5125,5.35,5.3875,1.0,5.5125,5.35,0
2002-11-28,PETR4,PETR4,5.3875,5.4,5.3375,5.375,5.375,1887200,5.3875,5.4,5.3375,5.375,1.0,5.4,5.3375,0
2002-11-29,PETR4,PETR4,5.38875,5.55625,5.38875,5.55625,5.55625,4867200,5.38875,5.55625,5.38875,5.55625,1.0,5.55625,5.38875,0
2002-12-02,PETR4,PETR4,5.5625,5.65,5.53125,5.6,5.6,6909600,5.5625,5.65,5.53125,5.6,1.0,5.65,5.53125,0
2002-12-03,PETR4,PETR4,5.5375,5.6375,5.51375,5.63625,5.63625,4925600,5.5375,5.6375,5.51375,5.63625,1.0,5.6375,5.51375,0
2002-12-04,PETR4,PETR4,5.625,5.625,5.545,5.625,5.625,4019200,5.625,5.625,5.545,5.625,1.0,5.625,5.545,0
2002-12-05,PETR4,PETR4,5.625,5.625,5.5,5.5625,5.5625,5854400,5.625,5.625,5.5,5.5625,1.0,5.625,5.5,0
2002-12-06,PETR4,PETR4,5.55,5.60625,5.525,5.56125,5.56125,4364800,5.55,5.60625,5.525,5.56125,1.0,5.60625,5.525,0
2002-12-09,PETR4,PETR4,5.5375,5.5375,5.44875,5.475,5.475,3902400,5.5375,5.5375,5.44875,5.475,1.0,5.5375,5.44875,0
2002-12-10,PETR4,PETR4,5.5,5.5625,5.4,5.425,5.425,4641600,5.5,5.5625,5.4,5.425,1.0,5.5625,5.4,0
2002-12-11,PETR4,PETR4,5.4625,5.61,5.4625,5.525,5.525,6147200,5.4625,5.61,5.4625,5.525,1.0,5.61,5.4625,0
2002-12-12,PETR4,PETR4,5.575,5.69375,5.5375,5.65,5.65,8724800,5.575,5.69375,5.5375,5.65,1.0,5.69375,5.5375,0
2002-12-13,PETR4,PETR4,5.65,5.6625,5.56375,5.6375,5.6375,6861600,5.65,5.6625,5.56375,5.6375,1.0,5.6625,5.56375,0
2002-12-16,PETR4,PETR4,5.665,5.6875,5.60625,5.63125,5.63125,13408000,5.665,5.6875,5.60625,5.63125,1.0,5.6875,5.60625,0
2002-12-17,PETR4,PETR4,5.67375,5.74375,5.6325,5.63875,5.63875,11533600,5.67375,5.74375,5.6325,5.63875,1.0,5.74375,5.6325,0
2002-12-18,PETR4,PETR4,5.6875,5.6875,5.5625,5.64,5.64,12406400,5.6875,5.6875,5.5625,5.64,1.0,5.6875,5.5625,0
2002-12-19,PETR4,PETR4,5.65,5.925,5.5625,5.9,5.9,17683200,5.65,5.925,5.5625,5.9,1.0,5.925,5.5625,0
2002-12-20,PETR4,PETR4,5.97625,6.225,5.97625,6.0875,6.0875,23808800,5.97625,6.225,5.97625,6.0875,1.0,6.225,5.97625,0
2002-12-23,PETR4,PETR4,6.0875,6.2625,6.0125,6.095,6.095,7077600,6.0875,6.2625,6.0125,6.095,1.0,6.2625,6.0125,0
2002-12-26,PETR4,PETR4,6.0875,6.0875,5.9625,5.9925,5.9925,3174400,6.0875,6.0875,5.9625,5.9925,1.0,6.0875,5.9625,0
2002-12-27,PETR4,PETR4,5.975,5.9875,5.83125,5.83125,5.83125,2869600,5.975,5.9875,5.83125,5.83125,1.0,5.9875,5.83125,0
2002-12-30,PETR4,PETR4,5.8375,5.93125,5.8,5.8,5.8,2171200,5.8375,5.93125,5.8,5.8,1.0,5.93125,5.8,0
2003-01-02,PETR4,PETR4,5.82,5.975,5.81875,5.8875,5.8875,2475200,5.82,5.975,5.81875,5.8875,1.0,5.975,5.81875,0
2003-01-03,PETR4,PETR4,5.92,5.9875,5.84875,5.8625,5.8625,2839200,5.92,5.9875,5.84875,5.8625,1.0,5.9875,5.84875,0
2003-01-06,PETR4,PETR4,5.9125,6.175,5.9125,6.125,6.125,11302400,5.9125,6.175,5.9125,6.125,1.0,6.175,5.9125,0
2003-01-07,PETR4,PETR4,6.0625,6.09875,5.9375,6.01375,6.01375,8746400,6.0625,6.09875,5.9375,6.01375,1.0,6.09875,5.9375,0
2003-01-08,PETR4,PETR4,6.025,6.06875,5.975,6.025,6.025,4539200,6.025,6.06875,5.975,6.025,1.0,6.06875,5.975,0
2003-01-09,PETR4,PETR4,6.0375,6.2875,6.0375,6.26875,6.26875,13816800,6.0375,6.2875,6.0375,6.26875,1.0,6.2875,6.0375,0
2003-01-10,PETR4,PETR4,6.3425,6.56375,6.3425,6.56375,6.56375,15039200,6.3425,6.56375,6.3425,6.56375,1.0,6.56375,6.3425,0
2003-01-13,PETR4,PETR4,6.5875,6.6375,6.48,6.54375,6.54375,9218400,6.5875,6.6375,6.48,6.54375,1.0,6.6375,6.48,0
2003-01-14,PETR4,PETR4,6.5625,6.61125,6.4375,6.575,6.575,9138400,6.5625,6.61125,6.4375,6.575,1.0,6.61125,6.4375,0
2003-01-15,PETR4,PETR4,6.53625,6.5375,6.4125,6.5375,6.5375,9865600,6.53625,6.5375,6.4125,6.5375,1.0,6.5375,6.4125,0
2003-01-16,PETR4,PETR4,6.5625,6.64375,6.525,6.5875,6.5875,8022400,6.5625,6.64375,6.525,6.5875,1.0,6.64375,6.525,0
2003-01-17,PETR4,PETR4,6.5125,6.525,6.31875,6.325,6.325,13167200,6.5125,6.525,6.31875,6.325,1.0,6.525,6.31875,0
2003-01-20,PETR4,PETR4,6.32625,6.3375,6.2125,6.2875,6.2875,3863200,6.32625,6.3375,6.2125,6.2875,1.0,6.3375,6.2125,0
2003-01-21,PETR4,PETR4,6.25,6.3,6.1875,6.23125,6.23125,10484000,6.25,6.3,6.1875,6.23125,1.0,6.3,6.1875,0
2003-01-22,PETR4,PETR4,6.17,6.1875,5.90625,5.90625,5.90625,13051200,6.17,6.1875,5.90625,5.90625,1.0,6.1875,5.90625,0
2003-01-23,PETR4,PETR4,5.95,5.955,5.825,5.9275,5.9275,15450400,5.95,5.955,5.825,5.9275,1.0,5.955,5.825,0
2003-01-24,PETR4,PETR4,5.925,5.925,5.63875,5.63875,5.63875,8100800,5.925,5.925,5.63875,5.63875,1.0,5.925,5.63875,0
2003-01-27,PETR4,PETR4,5.5875,5.6875,5.5125,5.65625,5.65625,18116800,5.5875,5.6875,5.5125,5.65625,1.0,5.6875,5.5125,0
2003-01-28,PETR4,PETR4,5.675,5.68125,5.51375,5.58125,5.58125,12537600,5.675,5.68125,5.51375,5.58125,1.0,5.68125,5.51375,0
2003-01-29,PETR4,PETR4,5.59375,5.875,5.565,5.875,5.875,11893600,5.59375,5.875,5.565,5.875,1.0,5.875,5.565,0
2003-01-30,PETR4,PETR4,5.94125,5.95,5.81375,5.9225,5.9225,7618400,5.94125,5.95,5.81375,5.9225,1.0,5.95,5.81375,0
2003-01-31,PETR4,PETR4,5.9,6.01875,5.85625,5.93875,5.93875,8118400,5.9,6.01875,5.85625,5.93875,1.0,6.01875,5.85625,0
2003-02-03,PETR4,PETR4,6.0,6.0375,5.92625,6.01,6.01,5833600,6.0,6.0375,5.92625,6.01,1.0,6.0375,5.92625,0
2003-02-04,PETR4,PETR4,5.95,5.9625,5.83875,5.8625,5.8625,8542400,5.95,5.9625,5.83875,5.8625,1.0,5.9625,5.83875,0
2003-02-05,PETR4,PETR4,5.8625,5.9375,5.77625,5.85625,5.85625,8533600,5.8625,5.9375,5.77625,5.85625,1.0,5.9375,5.77625,0
2003-02-06,PETR4,PETR4,5.85,5.85,5.6375,5.68125,5.68125,7926400,5.85,5.85,5.6375,5.68125,1.0,5.85,5.6375,0
2003-02-07,PETR4,PETR4,5.7075,5.86,5.53375,5.625,5.625,8227200,5.7075,5.86,5.53375,5.625,1.0,5.86,5.53375,0
2003-02-10,PETR4,PETR4,5.625,5.89375,5.6,5.875,5.875,11214400,5.625,5.89375,5.6,5.875,1.0,5.89375,5.6,0
2003-02-11,PETR4,PETR4,5.89375,5.9875,5.8,5.8,5.8,7379200,5.89375,5.9875,5.8,5.8,1.0,5.9875,5.8,0
2003-02-12,PETR4,PETR4,5.8375,5.8875,5.7375,5.85625,5.85625,10330400,5.8375,5.8875,5.7375,5.85625,1.0,5.8875,5.7375,0
2003-02-13,PETR4,PETR4,5.85,5.85,5.73125,5.775,5.775,6512000,5.85,5.85,5.73125,5.775,1.0,5.85,5.73125,0
2003-02-14,PETR4,PETR4,5.75125,5.8125,5.695,5.73375,5.73375,3850400,5.75125,5.8125,5.695,5.73375,1.0,5.8125,5.695,0
2003-02-17,PETR4,PETR4,5.7825,5.8375,5.7525,5.775,5.775,7489600,5.7825,5.8375,5.7525,5.775,1.0,5.8375,5.7525,0
2003-02-18,PETR4,PETR4,5.625,5.78125,5.56375,5.74,5.74,15586400,5.625,5.78125,5.56375,5.74,1.0,5.78125,5.56375,0
2003-02-19,PETR4,PETR4,5.6875,5.725,5.6125,5.68125,5.68125,7364000,5.6875,5.725,5.6125,5.68125,1.0,5.725,5.6125,0
2003-02-20,PETR4,PETR4,5.6625,5.6625,5.53625,5.5625,5.5625,9884800,5.6625,5.6625,5.53625,5.5625,1.0,5.6625,5.53625,0
2003-02-21,PETR4,PETR4,5.58125,5.64875,5.5375,5.6375,5.6375,5129600,5.58125,5.64875,5.5375,5.6375,1.0,5.64875,5.5375,0
2003-02-24,PETR4,PETR4,5.66875,5.66875,5.44375,5.45,5.45,5567200,5.66875,5.66875,5.44375,5.45,1.0,5.66875,5.44375,0
2003-02-25,PETR4,PETR4,5.375,5.4,5.295,5.32625,5.32625,10857600,5.375,5.4,5.295,5.32625,1.0,5.4,5.295,0
2003-02-26,PETR4,PETR4,5.3125,5.42375,5.1875,5.20625,5.20625,7515200,5.3125,5.42375,5.1875,5.20625,1.0,5.42375,5.1875,0
2003-02-27,PETR4,PETR4,5.25,5.26875,5.11375,5.2375,5.2375,9698400,5.25,5.26875,5.11375,5.2375,1.0,5.26875,5.11375,0
2003-02-28,PETR4,PETR4,5.25,5.3375,5.25,5.33625,5.33625,5473600,5.25,5.3375,5.25,5.33625,1.0,5.3375,5.25,0
2003-03-05,PETR4,PETR4,5.25,5.275,5.2,5.20125,5.20125,4369600,5.25,5.275,5.2,5.20125,1.0,5.275,5.2,0
2003-03-06,PETR4,PETR4,5.23125,5.37375,5.21875,5.37375,5.37375,9869600,5.23125,5.37375,5.21875,5.37375,1.0,5.37375,5.21875,0
2003-03-07,PETR4,PETR4,5.30625,5.53625,5.29125,5.5125,5.5125,7469600,5.30625,5.53625,5.29125,5.5125,1.0,5.53625,5.29125,0
2003-03-10,PETR4,PETR4,5.4375,5.4675,5.375,5.4,5.4,9696000,5.4375,5.4675,5.375,5.4,1.0,5.4675,5.375,0
2003-03-11,PETR4,PETR4,5.45625,5.75,5.3625,5.625,5.625,11322400,5.45625,5.75,5.3625,5.625,1.0,5.75,5.3625,0
2003-03-12,PETR4,PETR4,5.6,5.79875,5.6,5.7875,5.7875,11624000,5.6,5.79875,5.6,5.7875,1.0,5.79875,5.6,0
2003-03-13,PETR4,PETR4,5.74875,5.825,5.625,5.73125,5.73125,12179200,5.74875,5.825,5.625,5.73125,1.0,5.825,5.625,0
2003-03-14,PETR4,PETR4,5.7475,5.86125,5.715,5.7625,5.7625,7739200,5.7475,5.86125,5.715,5.7625,1.0,5.86125,5.715,0
2003-03-17,PETR4,PETR4,5.625,5.81875,5.6,5.7375,5.7375,14883200,5.625,5.81875,5.6,5.7375,1.0,5.81875,5.6,0
2003-03-18,PETR4,PETR4,5.7375,5.95,5.69375,5.95,5.95,16255200,5.7375,5.95,5.69375,5.95,1.0,5.95,5.69375,0
2003-03-19,PETR4,PETR4,5.89375,6.025,5.875,5.975,5.975,10171200,5.89375,6.025,5.875,5.975,1.0,6.025,5.875,0
2003-03-20,PETR4,PETR4,5.9775,6.1125,5.8375,6.0875,6.0875,10569600,5.9775,6.1125,5.8375,6.0875,1.0,6.1125,5.8375,0
2003-03-21,PETR4,PETR4,6.1125,6.2125,6.0,6.025,6.025,8493600,6.1125,6.2125,6.0,6.025,1.0,6.2125,6.0,0
2003-03-24,PETR4,PETR4,5.9125,6.025,5.85125,5.86625,5.86625,5579200,5.9125,6.025,5.85125,5.86625,1.0,6.025,5.85125,0
2003-03-25,PETR4,PETR4,5.86375,5.9975,5.85,5.98125,5.98125,5232800,5.86375,5.9975,5.85,5.98125,1.0,5.9975,5.85,0
2003-03-26,PETR4,PETR4,6.0,6.0225,5.90625,5.9125,5.9125,7361600,6.0,6.0225,5.90625,5.9125,1.0,6.0225,5.90625,0
2003-03-27,PETR4,PETR4,5.86125,5.925,5.7875,5.925,5.925,9108800,5.86125,5.925,5.7875,5.925,1.0,5.925,5.7875,0
2003-03-28,PETR4,PETR4,5.8125,5.8975,5.7375,5.8125,5.8125,6137600,5.8125,5.8975,5.7375,5.8125,1.0,5.8975,5.7375,0
2003-03-31,PETR4,PETR4,5.75,5.8,5.72875,5.8,5.8,4845600,5.75,5.8,5.72875,5.8,1.0,5.8,5.72875,0
2003-04-01,PETR4,PETR4,5.825,5.98625,5.825,5.95,5.95,11840800,5.825,5.98625,5.825,5.95,1.0,5.98625,5.825,0
2003-04-02,PETR4,PETR4,6.0,6.09375,6.0,6.03625,6.03625,11492000,6.0,6.09375,6.0,6.03625,1.0,6.09375,6.0,0
2003-04-03,PETR4,PETR4,6.06375,6.1875,6.05,6.1125,6.1125,8910400,6.06375,6.1875,6.05,6.1125,1.0,6.1875,6.05,0
2003-04-04,PETR4,PETR4,6.125,6.15625,6.03625,6.13,6.13,8884800,6.125,6.15625,6.03625,6.13,1.0,6.15625,6.03625,0
2003-04-07,PETR4,PETR4,6.25,6.30625,5.97625,5.97625,5.97625,13174400,6.25,6.30625,5.97625,5.97625,1.0,6.30625,5.97625,0
2003-04-08,PETR4,PETR4,5.995,6.0125,5.725,5.725,5.725,11724000,5.995,6.0125,5.725,5.725,1.0,6.0125,5.725,0
2003-04-09,PETR4,PETR4,5.77125,5.8125,5.6875,5.7625,5.7625,7841600,5.77125,5.8125,5.6875,5.7625,1.0,5.8125,5.6875,0
2003-04-10,PETR4,PETR4,5.8,5.875,5.7625,5.775,5.775,10932800,5.8,5.875,5.7625,5.775,1.0,5.875,5.7625,0
2003-04-11,PETR4,PETR4,5.7875,5.85,5.74875,5.79375,5.79375,6474400,5.7875,5.85,5.74875,5.79375,1.0,5.85,5.74875,0
2003-04-14,PETR4,PETR4,5.8125,5.875,5.775,5.78125,5.78125,6771200,5.8125,5.875,5.775,5.78125,1.0,5.875,5.775,0
2003-04-15,PETR4,PETR4,5.8075,5.84375,5.73,5.8375,5.8375,5299200,5.8075,5.84375,5.73,5.8375,1.0,5.84375,5.73,0
2003-04-16,PETR4,PETR4,5.8625,5.9,5.8,5.8,5.8,9988800,5.8625,5.9,5.8,5.8,1.0,5.9,5.8,0
2003-04-17,PETR4,PETR4,5.875,5.9675,5.84875,5.9375,5.9375,6743200,5.875,5.9675,5.84875,5.9375,1.0,5.9675,5.84875,0
2003-04-22,PETR4,PETR4,5.875,6.025,5.86875,6.025,6.025,9972800,5.875,6.025,5.86875,6.025,1.0,6.025,5.86875,0
2003-04-23,PETR4,PETR4,6.0,6.1,5.9275,6.0825,6.0825,9720800,6.0,6.1,5.9275,6.0825,1.0,6.1,5.9275,0
2003-04-24,PETR4,PETR4,6.06125,6.125,5.975,5.99375,5.99375,7399200,6.06125,6.125,5.975,5.99375,1.0,6.125,5.975,0
2003-04-25,PETR4,PETR4,6.0,6.03125,5.925,5.925,5.925,6740000,6.0,6.03125,5.925,5.925,1.0,6.03125,5.925,0
2003-04-28,PETR4,PETR4,5.9375,6.0125,5.88125,5.9825,5.9825,4408800,5.9375,6.0125,5.88125,5.9825,1.0,6.0125,5.88125,0
2003-04-29,PETR4,PETR4,6.065,6.15,6.0375,6.1125,6.1125,12184000,6.065,6.15,6.0375,6.1125,1.0,6.15,6.0375,0
2003-04-30,PETR4,PETR4,6.2,6.24375,6.15125,6.23625,6.23625,10724800,6.2,6.24375,6.15125,6.23625,1.0,6.24375,6.15125,0
2003-05-02,PETR4,PETR4,6.23625,6.35,6.1875,6.3375,6.3375,6724000,6.23625,6.35,6.1875,6.3375,1.0,6.35,6.1875,0
2003-05-05,PETR4,PETR4,6.33,6.45,6.275,6.45,6.45,7756800,6.33,6.45,6.275,6.45,1.0,6.45,6.275,0
2003-05-06,PETR4,PETR4,6.4175,6.4875,6.375,6.425,6.425,11316800,6.4175,6.4875,6.375,6.425,1.0,6.4875,6.375,0
2003-05-07,PETR4,PETR4,6.4125,6.54375,6.4,6.5125,6.5125,14764000,6.4125,6.54375,6.4,6.5125,1.0,6.54375,6.4,0
2003-05-08,PETR4,PETR4,6.5,6.5125,6.375,6.39,6.39,10792000,6.5,6.5125,6.375,6.39,1.0,6.5125,6.375,0
2003-05-09,PETR4,PETR4,6.4125,6.5875,6.3875,6.56125,6.56125,11462400,6.4125,6.5875,6.3875,6.56125,1.0,6.5875,6.3875,0
2003-05-12,PETR4,PETR4,6.5625,6.69625,6.525,6.6875,6.6875,8722400,6.5625,6.69625,6.525,6.6875,1.0,6.69625,6.525,0
2003-05-13,PETR4,PETR4,6.6875,6.8375,6.67125,6.79375,6.79375,12624000,6.6875,6.8375,6.67125,6.79375,1.0,6.8375,6.67125,0
2003-05-14,PETR4,PETR4,6.86125,6.86125,6.71875,6.73875,6.73875,9401600,6.86125,6.86125,6.71875,6.73875,1.0,6.86125,6.71875,0
2003-05-15,PETR4,PETR4,6.75125,6.8125,6.65875,6.8125,6.8125,10954400,6.75125,6.8125,6.65875,6.8125,1.0,6.8125,6.65875,0
2003-05-16,PETR4,PETR4,6.97625,7.03375,6.7,6.78125,6.78125,17596000,6.97625,7.03375,6.7,6.78125,1.0,7.03375,6.7,0
2003-05-19,PETR4,PETR4,6.68875,6.7375,6.5625,6.5625,6.5625,10956000,6.68875,6.7375,6.5625,6.5625,1.0,6.7375,6.5625,0
2003-05-20,PETR4,PETR4,6.59125,6.6375,6.45625,6.6375,6.6375,10267200,6.59125,6.6375,6.45625,6.6375,1.0,6.6375,6.45625,0
2003-05-21,PETR4,PETR4,6.60375,6.75,6.5625,6.68125,6.68125,6815200,6.60375,6.75,6.5625,6.68125,1.0,6.75,6.5625,0
2003-05-22,PETR4,PETR4,6.68625,6.755,6.6125,6.725,6.725,10308800,6.68625,6.755,6.6125,6.725,1.0,6.755,6.6125,0
2003-05-23,PETR4,PETR4,6.65125,6.7375,6.59375,6.625,6.625,7677600,6.65125,6.7375,6.59375,6.625,1.0,6.7375,6.59375,0
2003-05-26,PETR4,PETR4,6.6875,6.6875,6.50625,6.50625,6.50625,4459200,6.6875,6.6875,6.50625,6.50625,1.0,6.6875,6.50625,0
2003-05-27,PETR4,PETR4,6.525,6.675,6.5,6.66125,6.66125,8832800,6.525,6.675,6.5,6.66125,1.0,6.675,6.5,0
2003-05-28,PETR4,PETR4,6.65,6.7575,6.65,6.70125,6.70125,7169600,6.65,6.7575,6.65,6.70125,1.0,6.7575,6.65,0
2003-05-29,PETR4,PETR4,6.71875,6.7375,6.59,6.59,6.59,12332800,6.71875,6.7375,6.59,6.59,1.0,6.7375,6.59,0
2003-05-30,PETR4,PETR4,6.62375,6.62375,6.5375,6.59875,6.59875,8681600,6.62375,6.62375,6.5375,6.59875,1.0,6.62375,6.5375,0
2003-06-02,PETR4,PETR4,6.5825,6.675,6.545,6.55625,6.55625,7484000,6.5825,6.675,6.545,6.55625,1.0,6.675,6.545,0
2003-06-03,PETR4,PETR4,6.5625,6.565,6.5,6.55,6.55,6336000,6.5625,6.565,6.5,6.55,1.0,6.565,6.5,0
2003-06-04,PETR4,PETR4,6.625,6.78125,6.575,6.75,6.75,9752800,6.625,6.78125,6.575,6.75,1.0,6.78125,6.575,0
2003-06-05,PETR4,PETR4,6.725,6.81125,6.7125,6.7375,6.7375,10426400,6.725,6.81125,6.7125,6.7375,1.0,6.81125,6.7125,0
2003-06-06,PETR4,PETR4,6.78125,6.875,6.77,6.7875,6.7875,7208000,6.78125,6.875,6.77,6.7875,1.0,6.875,6.77,0
2003-06-09,PETR4,PETR4,6.75,6.8375,6.7,6.73125,6.73125,4822400,6.75,6.8375,6.7,6.73125,1.0,6.8375,6.7,0
2003-06-10,PETR4,PETR4,6.78625,6.79375,6.575,6.5875,6.5875,13584800,6.78625,6.79375,6.575,6.5875,1.0,6.79375,6.575,0
2003-06-11,PETR4,PETR4,6.62375,6.70375,6.525,6.69375,6.69375,6804000,6.62375,6.70375,6.525,6.69375,1.0,6.70375,6.525,0
2003-06-12,PETR4,PETR4,6.7,6.8,6.6375,6.79375,6.79375,9249600,6.7,6.8,6.6375,6.79375,1.0,6.8,6.6375,0
2003-06-13,PETR4,PETR4,6.79375,6.85625,6.7375,6.765,6.765,8280000,6.79375,6.85625,6.7375,6.765,1.0,6.85625,6.7375,0
2003-06-16,PETR4,PETR4,6.75,6.85,6.75,6.78125,6.78125,14012000,6.75,6.85,6.75,6.78125,1.0,6.85,6.75,0
2003-06-17,PETR4,PETR4,6.7825,6.85,6.7825,6.7875,6.7875,4732800,6.7825,6.85,6.7825,6.7875,1.0,6.85,6.7825,0
2003-06-18,PETR4,PETR4,6.8125,6.81875,6.6,6.68875,6.68875,8995200,6.8125,6.81875,6.6,6.68875,1.0,6.81875,6.6,0
2003-06-20,PETR4,PETR4,6.6625,6.6625,6.3575,6.3875,6.3875,10539200,6.6625,6.6625,6.3575,6.3875,1.0,6.6625,6.3575,0
2003-06-23,PETR4,PETR4,6.4375,6.49375,6.20125,6.20125,6.20125,10952000,6.4375,6.49375,6.20125,6.20125,1.0,6.49375,6.20125,0
2003-06-24,PETR4,PETR4,6.2625,6.32125,6.2375,6.32125,6.32125,10333600,6.2625,6.32125,6.2375,6.32125,1.0,6.32125,6.2375,0
2003-06-25,PETR4,PETR4,6.32,6.41875,6.2625,6.265,6.265,12069600,6.32,6.41875,6.2625,6.265,1.0,6.41875,6.2625,0
2003-06-26,PETR4,PETR4,6.2625,6.3125,6.2375,6.26875,6.26875,5506400,6.2625,6.3125,6.2375,6.26875,1.0,6.3125,6.2375,0
2003-06-27,PETR4,PETR4,6.26875,6.3425,6.2625,6.3425,6.3425,4898400,6.26875,6.3425,6.2625,6.3425,1.0,6.3425,6.2625,0
2003-06-30,PETR4,PETR4,6.30125,6.435,6.2875,6.3625,6.3625,9260800,6.30125,6.435,6.2875,6.3625,1.0,6.435,6.2875,0
2003-07-01,PETR4,PETR4,6.3875,6.45625,6.3375,6.42375,6.42375,6828000,6.3875,6.45625,6.3375,6.42375,1.0,6.45625,6.3375,0
2003-07-02,PETR4,PETR4,6.425,6.475,6.3375,6.46375,6.46375,7268000,6.425,6.475,6.3375,6.46375,1.0,6.475,6.3375,0
2003-07-03,PETR4,PETR4,6.45,6.5375,6.41375,6.47375,6.47375,3694400,6.45,6.5375,6.41375,6.47375,1.0,6.5375,6.41375,0
2003-07-04,PETR4,PETR4,6.475,6.62375,6.42125,6.62375,6.62375,3888800,6.475,6.62375,6.42125,6.62375,1.0,6.62375,6.42125,0
2003-07-07,PETR4,PETR4,6.62625,6.7875,6.62625,6.7875,6.7875,14028000,6.62625,6.7875,6.62625,6.7875,1.0,6.7875,6.62625,0
2003-07-08,PETR4,PETR4,6.7475,6.85,6.74375,6.85,6.85,11236800,6.7475,6.85,6.74375,6.85,1.0,6.85,6.74375,0
2003-07-10,PETR4,PETR4,6.75,6.9,6.74375,6.8875,6.8875,10343200,6.75,6.9,6.74375,6.8875,1.0,6.9,6.74375,0
2003-07-11,PETR4,PETR4,6.8375,6.9,6.77625,6.79125,6.79125,7140000,6.8375,6.9,6.77625,6.79125,1.0,6.9,6.77625,0
2003-07-14,PETR4,PETR4,6.815,6.9125,6.815,6.88125,6.88125,6824000,6.815,6.9125,6.815,6.88125,1.0,6.9125,6.815,0
2003-07-15,PETR4,PETR4,6.8875,7.05625,6.8375,7.025,7.025,9782400,6.8875,7.05625,6.8375,7.025,1.0,7.05625,6.8375,0
2003-07-16,PETR4,PETR4,7.0,7.0625,6.925,6.99125,6.99125,7963200,7.0,7.0625,6.925,6.99125,1.0,7.0625,6.925,0
2003-07-17,PETR4,PETR4,6.9375,7.03125,6.90625,7.025,7.025,9599200,6.9375,7.03125,6.90625,7.025,1.0,7.03125,6.90625,0
2003-07-18,PETR4,PETR4,7.05,7.18125,7.025,7.15625,7.15625,11258400,7.05,7.18125,7.025,7.15625,1.0,7.18125,7.025,0
2003-07-21,PETR4,PETR4,7.13875,7.225,7.13875,7.16125,7.16125,10188000,7.13875,7.225,7.13875,7.16125,1.0,7.225,7.13875,0
2003-07-22,PETR4,PETR4,7.125,7.23125,7.125,7.2,7.2,5479200,7.125,7.23125,7.125,7.2,1.0,7.23125,7.125,0
2003-07-23,PETR4,PETR4,7.22375,7.26,7.125,7.165,7.165,8912800,7.22375,7.26,7.125,7.165,1.0,7.26,7.125,0
2003-07-24,PETR4,PETR4,7.15625,7.23125,7.05,7.05,7.05,6150400,7.15625,7.23125,7.05,7.05,1.0,7.23125,7.05,0
2003-07-25,PETR4,PETR4,7.0625,7.1125,6.975,7.0,7.0,6168800,7.0625,7.1125,6.975,7.0,1.0,7.1125,6.975,0
2003-07-28,PETR4,PETR4,6.99875,7.0625,6.94375,7.0625,7.0625,6228800,6.99875,7.0625,6.94375,7.0625,1.0,7.0625,6.94375,0
2003-07-29,PETR4,PETR4,7.075,7.175,7.00125,7.1,7.1,7592800,7.075,7.175,7.00125,7.1,1.0,7.175,7.00125,0
2003-07-30,PETR4,PETR4,7.125,7.175,7.03875,7.03875,7.03875,6132000,7.125,7.175,7.03875,7.03875,1.0,7.175,7.03875,0
2003-07-31,PETR4,PETR4,7.075,7.125,7.00125,7.0625,7.0625,8780000,7.075,7.125,7.00125,7.0625,1.0,7.125,7.00125,0
2003-08-01,PETR4,PETR4,7.0625,7.0625,6.725,6.725,6.725,8909600,7.0625,7.0625,6.725,6.725,1.0,7.0625,6.725,0
2003-08-04,PETR4,PETR4,6.72375,6.75,6.6625,6.70625,6.70625,9122400,6.72375,6.75,6.6625,6.70625,1.0,6.75,6.6625,0
2003-08-05,PETR4,PETR4,6.75,6.86875,6.75,6.8375,6.8375,10856000,6.75,6.86875,6.75,6.8375,1.0,6.86875,6.75,0
2003-08-06,PETR4,PETR4,6.875,6.9125,6.7375,6.8125,6.8125,6656000,6.875,6.9125,6.7375,6.8125,1.0,6.9125,6.7375,0
2003-08-07,PETR4,PETR4,6.8375,7.05,6.8375,7.03125,7.03125,10069600,6.8375,7.05,6.8375,7.03125,1.0,7.05,6.8375,0
2003-08-08,PETR4,PETR4,7.0575,7.21875,7.0575,7.21875,7.21875,6810400,7.0575,7.21875,7.0575,7.21875,1.0,7.21875,7.0575,0
2003-08-11,PETR4,PETR4,7.15,7.28625,7.15,7.2525,7.2525,6357600,7.15,7.28625,7.15,7.2525,1.0,7.28625,7.15,0
2003-08-12,PETR4,PETR4,7.2525,7.37125,7.225,7.28125,7.28125,5554400,7.2525,7.37125,7.225,7.28125,1.0,7.37125,7.225,0
2003-08-13,PETR4,PETR4,7.26875,7.33125,7.2375,7.275,7.275,10558400,7.26875,7.33125,7.2375,7.275,1.0,7.33125,7.2375,0
2003-08-14,PETR4,PETR4,7.28125,7.4675,7.28125,7.4375,7.4375,10753600,7.28125,7.4675,7.28125,7.4375,1.0,7.4675,7.28125,0
2003-08-15,PETR4,PETR4,7.25,7.35625,7.2125,7.28875,7.28875,12609600,7.25,7.35625,7.2125,7.28875,1.0,7.35625,7.2125,0
2003-08-18,PETR4,PETR4,7.30125,7.4175,7.3,7.37,7.37,15929600,7.30125,7.4175,7.3,7.37,1.0,7.4175,7.3,0
2003-08-19,PETR4,PETR4,7.40625,7.41875,7.1625,7.20375,7.20375,12829600,7.40625,7.41875,7.1625,7.20375,1.0,7.41875,7.1625,0
2003-08-20,PETR4,PETR4,7.2,7.26875,7.10625,7.20625,7.20625,14258400,7.2,7.26875,7.10625,7.20625,1.0,7.26875,7.10625,0
2003-08-21,PETR4,PETR4,7.21625,7.3125,7.15,7.25625,7.25625,14034400,7.21625,7.3125,7.15,7.25625,1.0,7.3125,7.15,0
2003-08-22,PETR4,PETR4,7.26375,7.33625,7.1775,7.2375,7.2375,6532800,7.26375,7.33625,7.1775,7.2375,1.0,7.33625,7.1775,0
2003-08-25,PETR4,PETR4,7.25,7.275,7.12625,7.14,7.14,5150400,7.25,7.275,7.12625,7.14,1.0,7.275,7.12625,0
2003-08-26,PETR4,PETR4,7.16875,7.25,7.09375,7.21375,7.21375,9405600,7.16875,7.25,7.09375,7.21375,1.0,7.25,7.09375,0
2003-08-27,PETR4,PETR4,7.25,7.40625,7.225,7.40625,7.40625,7972000,7.25,7.40625,7.225,7.40625,1.0,7.40625,7.225,0
2003-08-28,PETR4,PETR4,7.4075,7.4875,7.3375,7.40625,7.40625,8220800,7.4075,7.4875,7.3375,7.40625,1.0,7.4875,7.3375,0
2003-08-29,PETR4,PETR4,7.3125,7.61,7.28625,7.6,7.6,10634400,7.3125,7.61,7.28625,7.6,1.0,7.61,7.28625,0
2003-09-01,PETR4,PETR4,7.55,7.625,7.46875,7.5125,7.5125,5509600,7.55,7.625,7.46875,7.5125,1.0,7.625,7.46875,0
2003-09-02,PETR4,PETR4,7.5125,7.575,7.48875,7.5,7.5,7440000,7.5125,7.575,7.48875,7.5,1.0,7.575,7.48875,0
2003-09-03,PETR4,PETR4,7.52375,7.705,7.4825,7.69375,7.69375,10282400,7.52375,7.705,7.4825,7.69375,1.0,7.705,7.4825,0
2003-09-04,PETR4,PETR4,7.75,8.00625,7.7,7.96125,7.96125,19226400,7.75,8.00625,7.7,7.96125,1.0,8.00625,7.7,0
2003-09-05,PETR4,PETR4,7.99625,8.125,7.925,8.1025,8.1025,12772000,7.99625,8.125,7.925,8.1025,1.0,8.125,7.925,0
2003-09-08,PETR4,PETR4,8.125,8.25,8.0875,8.0875,8.0875,9108000,8.125,8.25,8.0875,8.0875,1.0,8.25,8.0875,0
2003-09-09,PETR4,PETR4,8.0625,8.125,7.8625,7.88,7.88,15084800,8.0625,8.125,7.8625,7.88,1.0,8.125,7.8625,0
2003-09-10,PETR4,PETR4,7.875,8.04375,7.75125,8.0125,8.0125,10132000,7.875,8.04375,7.75125,8.0125,1.0,8.04375,7.75125,0
2003-09-11,PETR4,PETR4,8.07875,8.125,8.0,8.05,8.05,10019200,8.07875,8.125,8.0,8.05,1.0,8.125,8.0,0
2003-09-12,PETR4,PETR4,8.0,8.105,7.9375,8.0375,8.0375,9112000,8.0,8.105,7.9375,8.0375,1.0,8.105,7.9375,0
2003-09-15,PETR4,PETR4,8.0375,8.0875,7.825,7.8625,7.8625,13700000,8.0375,8.0875,7.825,7.8625,1.0,8.0875,7.825,0
2003-09-16,PETR4,PETR4,7.9125,7.96125,7.85625,7.90625,7.90625,7399200,7.9125,7.96125,7.85625,7.90625,1.0,7.96125,7.85625,0
2003-09-17,PETR4,PETR4,7.9375,7.9375,7.8,7.875,7.875,9766400,7.9375,7.9375,7.8,7.875,1.0,7.9375,7.8,0
2003-09-18,PETR4,PETR4,7.875,7.9375,7.80625,7.8875,7.8875,10961600,7.875,7.9375,7.80625,7.8875,1.0,7.9375,7.80625,0
2003-09-19,PETR4,PETR4,7.93625,8.05625,7.825,7.85,7.85,11756000,7.93625,8.05625,7.825,7.85,1.0,8.05625,7.825,0
2003-09-22,PETR4,PETR4,7.81125,7.81125,7.66875,7.71125,7.71125,9576800,7.81125,7.81125,7.66875,7.71125,1.0,7.81125,7.66875,0
2003-09-23,PETR4,PETR4,7.75,7.7725,7.53125,7.59375,7.59375,9914400,7.75,7.7725,7.53125,7.59375,1.0,7.7725,7.53125,0
2003-09-24,PETR4,PETR4,7.65,7.75,7.625,7.66375,7.66375,13494400,7.65,7.75,7.625,7.66375,1.0,7.75,7.625,0
2003-09-25,PETR4,PETR4,7.675,7.73625,7.5125,7.53125,7.53125,10411200,7.675,7.73625,7.5125,7.53125,1.0,7.73625,7.5125,0
2003-09-26,PETR4,PETR4,7.545,7.6375,7.505,7.54375,7.54375,8060800,7.545,7.6375,7.505,7.54375,1.0,7.6375,7.505,0
2003-09-29,PETR4,PETR4,7.625,7.625,7.4625,7.625,7.625,6217600,7.625,7.625,7.4625,7.625,1.0,7.625,7.4625,0
2003-09-30,PETR4,PETR4,7.65,7.75,7.475,7.58125,7.58125,9845600,7.65,7.75,7.475,7.58125,1.0,7.75,7.475,0
2003-10-01,PETR4,PETR4,7.625,7.8125,7.625,7.8125,7.8125,8588800,7.625,7.8125,7.625,7.8125,1.0,7.8125,7.625,0
2003-10-02,PETR4,PETR4,7.8625,8.0875,7.79375,8.0825,8.0825,12231200,7.8625,8.0875,7.79375,8.0825,1.0,8.0875,7.79375,0
2003-10-03,PETR4,PETR4,8.15625,8.295,8.15,8.225,8.225,17054400,8.15625,8.295,8.15,8.225,1.0,8.295,8.15,0
2003-10-06,PETR4,PETR4,8.1875,8.35,8.1625,8.275,8.275,9265600,8.1875,8.35,8.1625,8.275,1.0,8.35,8.1625,0
2003-10-07,PETR4,PETR4,8.25,8.3,8.18875,8.25,8.25,7762400,8.25,8.3,8.18875,8.25,1.0,8.3,8.18875,0
2003-10-08,PETR4,PETR4,8.3125,8.3875,8.25,8.325,8.325,10716800,8.3125,8.3875,8.25,8.325,1.0,8.3875,8.25,0
2003-10-09,PETR4,PETR4,8.3,8.45,8.2625,8.3625,8.3625,13517600,8.3,8.45,8.2625,8.3625,1.0,8.45,8.2625,0
2003-10-10,PETR4,PETR4,8.3125,8.39375,8.28875,8.31375,8.31375,6201600,8.3125,8.39375,8.28875,8.31375,1.0,8.39375,8.28875,0
2003-10-13,PETR4,PETR4,8.29875,8.53625,8.29875,8.53625,8.53625,5878400,8.29875,8.53625,8.29875,8.53625,1.0,8.53625,8.29875,0
2003-10-14,PETR4,PETR4,8.55,8.55,8.37875,8.38125,8.38125,12431200,8.55,8.55,8.37875,8.38125,1.0,8.55,8.37875,0
2003-10-15,PETR4,PETR4,8.41875,8.45,8.14125,8.2375,8.2375,12104800,8.41875,8.45,8.14125,8.2375,1.0,8.45,8.14125,0
2003-10-16,PETR4,PETR4,8.25,8.31125,8.01875,8.195,8.195,8588000,8.25,8.31125,8.01875,8.195,1.0,8.31125,8.01875,0
2003-10-17,PETR4,PETR4,8.2125,8.2125,8.05,8.075,8.075,4268800,8.2125,8.2125,8.05,8.075,1.0,8.2125,8.05,0
2003-10-20,PETR4,PETR4,8.06875,8.1125,7.9525,8.08625,8.08625,16212000,8.06875,8.1125,7.9525,8.08625,1.0,8.1125,7.9525,0
2003-10-21,PETR4,PETR4,8.125,8.1875,8.08875,8.09125,8.09125,8693600,8.125,8.1875,8.08875,8.09125,1.0,8.1875,8.08875,0
2003-10-22,PETR4,PETR4,8.09125,8.09125,7.9625,7.9625,7.9625,7432800,8.09125,8.09125,7.9625,7.9625,1.0,8.09125,7.9625,0
2003-10-23,PETR4,PETR4,7.875,7.89375,7.775,7.8375,7.8375,9559200,7.875,7.89375,7.775,7.8375,1.0,7.89375,7.775,0
2003-10-24,PETR4,PETR4,7.78,8.05125,7.75,7.94375,7.94375,7898400,7.78,8.05125,7.75,7.94375,1.0,8.05125,7.75,0
2003-10-27,PETR4,PETR4,8.0475,8.075,7.95625,7.9875,7.9875,9780000,8.0475,8.075,7.95625,7.9875,1.0,8.075,7.95625,0
2003-10-28,PETR4,PETR4,8.00625,8.10625,7.98125,8.10625,8.10625,6536000,8.00625,8.10625,7.98125,8.10625,1.0,8.10625,7.98125,0
2003-10-29,PETR4,PETR4,8.155,8.24625,8.0375,8.0375,8.0375,10828800,8.155,8.24625,8.0375,8.0375,1.0,8.24625,8.0375,0
2003-10-30,PETR4,PETR4,8.0625,8.125,7.87625,7.93875,7.93875,7803200,8.0625,8.125,7.87625,7.93875,1.0,8.125,7.87625,0
2003-10-31,PETR4,PETR4,8.0,8.06125,7.875,7.875,7.875,10990400,8.0,8.06125,7.875,7.875,1.0,8.06125,7.875,0
2003-11-03,PETR4,PETR4,7.93125,8.1125,7.93125,8.1125,8.1125,9030400,7.93125,8.1125,7.93125,8.1125,1.0,8.1125,7.93125,0
2003-11-04,PETR4,PETR4,8.11875,8.3125,8.025,8.08,8.08,11299200,8.11875,8.3125,8.025,8.08,1.0,8.3125,8.025,0
2003-11-05,PETR4,PETR4,8.075,8.075,7.8775,7.89375,7.89375,6889600,8.075,8.075,7.8775,7.89375,1.0,8.075,7.8775,0
2003-11-06,PETR4,PETR4,7.98375,8.15,7.92625,8.15,8.15,5802400,7.98375,8.15,7.92625,8.15,1.0,8.15,7.92625,0
2003-11-07,PETR4,PETR4,8.175,8.225,8.13125,8.1625,8.1625,4196000,8.175,8.225,8.13125,8.1625,1.0,8.225,8.13125,0
2003-11-10,PETR4,PETR4,8.1875,8.1875,8.065,8.0775,8.0775,3571200,8.1875,8.1875,8.065,8.0775,1.0,8.1875,8.065,0
2003-11-11,PETR4,PETR4,8.075,8.20625,8.0,8.18125,8.18125,11108000,8.075,8.20625,8.0,8.18125,1.0,8.20625,8.0,0
2003-11-12,PETR4,PETR4,8.215,8.38125,8.1875,8.3375,8.3375,14877600,8.215,8.38125,8.1875,8.3375,1.0,8.38125,8.1875,0
2003-11-13,PETR4,PETR4,8.3875,8.425,8.3,8.4075,8.4075,10765600,8.3875,8.425,8.3,8.4075,1.0,8.425,8.3,0
2003-11-14,PETR4,PETR4,8.54875,8.62,8.47375,8.5875,8.5875,14568000,8.54875,8.62,8.47375,8.5875,1.0,8.62,8.47375,0
2003-11-17,PETR4,PETR4,8.525,8.5375,8.4075,8.41875,8.41875,10965600,8.525,8.5375,8.4075,8.41875,1.0,8.5375,8.4075,0
2003-11-18,PETR4,PETR4,8.475,8.56125,8.4525,8.55,8.55,6520000,8.475,8.56125,8.4525,8.55,1.0,8.56125,8.4525,0
2003-11-19,PETR4,PETR4,8.58375,8.59375,8.47,8.59375,8.59375,8039200,8.58375,8.59375,8.47,8.59375,1.0,8.59375,8.47,0
2003-11-20,PETR4,PETR4,8.64125,8.68125,8.5625,8.6075,8.6075,6424000,8.64125,8.68125,8.5625,8.6075,1.0,8.68125,8.5625,0
2003-11-21,PETR4,PETR4,8.575,8.64375,8.55,8.58125,8.58125,8351200,8.575,8.64375,8.55,8.58125,1.0,8.64375,8.55,0
2003-11-24,PETR4,PETR4,8.67125,8.7125,8.58125,8.58125,8.58125,9641600,8.67125,8.7125,8.58125,8.58125,1.0,8.7125,8.58125,0
2003-11-25,PETR4,PETR4,8.65125,8.70625,8.62875,8.69,8.69,10364800,8.65125,8.70625,8.62875,8.69,1.0,8.70625,8.62875,0
2003-11-26,PETR4,PETR4,8.4,8.4,8.225,8.25,8.25,12090400,8.4,8.4,8.225,8.25,1.0,8.4,8.225,0
2003-11-27,PETR4,PETR4,8.2875,8.3375,8.25,8.33125,8.33125,3833600,8.2875,8.3375,8.25,8.33125,1.0,8.3375,8.25,0
2003-11-28,PETR4,PETR4,8.3375,8.37375,8.275,8.36,8.36,6207200,8.3375,8.37375,8.275,8.36,1.0,8.37375,8.275,0
2003-12-01,PETR4,PETR4,8.37625,8.5125,8.34375,8.5125,8.5125,5960800,8.37625,8.5125,8.34375,8.5125,1.0,8.5125,8.34375,0
2003-12-02,PETR4,PETR4,8.4875,8.6125,8.4875,8.58125,8.58125,8420800,8.4875,8.6125,8.4875,8.58125,1.0,8.6125,8.4875,0
2003-12-03,PETR4,PETR4,8.5875,8.61125,8.5,8.5,8.5,7801600,8.5875,8.61125,8.5,8.5,1.0,8.61125,8.5,0
2003-12-04,PETR4,PETR4,8.5,8.55625,8.4375,8.535,8.535,8161600,8.5,8.55625,8.4375,8.535,1.0,8.55625,8.4375,0
2003-12-05,PETR4,PETR4,8.51875,8.60625,8.51875,8.575,8.575,9986400,8.51875,8.60625,8.51875,8.575,1.0,8.60625,8.51875,0
2003-12-08,PETR4,PETR4,8.56875,8.59375,8.5,8.59375,8.59375,7435200,8.56875,8.59375,8.5,8.59375,1.0,8.59375,8.5,0
2003-12-09,PETR4,PETR4,8.62,8.95375,8.62,8.91875,8.91875,20119200,8.62,8.95375,8.62,8.91875,1.0,8.95375,8.62,0
2003-12-10,PETR4,PETR4,8.9,9.0375,8.8775,8.89375,8.89375,13116000,8.9,9.0375,8.8775,8.89375,1.0,9.0375,8.8775,0
2003-12-11,PETR4,PETR4,8.9125,9.2375,8.9,9.13,9.13,10149600,8.9125,9.2375,8.9,9.13,1.0,9.2375,8.9,0
2003-12-12,PETR4,PETR4,9.17625,9.24375,8.97375,9.0325,9.0325,8404800,9.17625,9.24375,8.97375,9.0325,1.0,9.24375,8.97375,0
2003-12-15,PETR4,PETR4,9.125,9.18125,8.93875,8.96,8.96,11848800,9.125,9.18125,8.93875,8.96,1.0,9.18125,8.93875,0
2003-12-16,PETR4,PETR4,8.97625,9.1125,8.89375,9.045,9.045,6990400,8.97625,9.1125,8.89375,9.045,1.0,9.1125,8.89375,0
2003-12-17,PETR4,PETR4,9.065,9.33125,9.0625,9.2625,9.2625,10095200,9.065,9.33125,9.0625,9.2625,1.0,9.33125,9.0625,0
2003-12-18,PETR4,PETR4,9.25,9.4325,9.21,9.4325,9.4325,7050400,9.25,9.4325,9.21,9.4325,1.0,9.4325,9.21,0
2003-12-19,PETR4,PETR4,9.3875,9.55625,9.3875,9.4625,9.4625,7842400,9.3875,9.55625,9.3875,9.4625,1.0,9.55625,9.3875,0
2003-12-22,PETR4,PETR4,9.46,9.68625,9.4,9.68625,9.68625,6375200,9.46,9.68625,9.4,9.68625,1.0,9.68625,9.4,0
2003-12-23,PETR4,PETR4,9.68875,9.8625,9.4625,9.4875,9.4875,6741600,9.68875,9.8625,9.4625,9.4875,1.0,9.8625,9.4625,0
2003-12-26,PETR4,PETR4,9.50125,9.57375,9.3125,9.365,9.365,4528000,9.50125,9.57375,9.3125,9.365,1.0,9.57375,9.3125,0
2003-12-29,PETR4,PETR4,9.4,9.555,9.4,9.555,9.555,8016000,9.4,9.555,9.4,9.555,1.0,9.555,9.4,0
2003-12-30,PETR4,PETR4,9.615,9.675,9.55,9.55,9.55,5283200,9.615,9.675,9.55,9.55,1.0,9.675,9.55,0
2004-01-02,PETR4,PETR4,9.55,9.9,9.55,9.9,9.9,5901600,9.55,9.9,9.55,9.9,1.0,9.9,9.55,0
2004-01-05,PETR4,PETR4,9.98625,10.49875,9.98125,10.48,10.48,11224000,9.98625,10.49875,9.98125,10.48,1.0,10.49875,9.98125,0
2004-01-06,PETR4,PETR4,10.62625,11.025,10.4625,11.025,11.025,19303200,10.62625,11.025,10.4625,11.025,1.0,11.025,10.4625,0
2004-01-07,PETR4,PETR4,11.0,11.5625,10.9,10.90875,10.90875,17772800,11.0,11.5625,10.9,10.90875,1.0,11.5625,10.9,0
2004-01-08,PETR4,PETR4,11.125,11.125,10.625,10.84375,10.84375,13835200,11.125,11.125,10.625,10.84375,1.0,11.125,10.625,0
2004-01-09,PETR4,PETR4,10.9025,10.95625,10.6875,10.725,10.725,10755200,10.9025,10.95625,10.6875,10.725,1.0,10.95625,10.6875,0
2004-01-12,PETR4,PETR4,10.75375,11.0125,10.7,10.7375,10.7375,12226400,10.75375,11.0125,10.7,10.7375,1.0,11.0125,10.7,0
2004-01-13,PETR4,PETR4,10.8375,10.9925,10.775,10.85,10.85,11720000,10.8375,10.9925,10.775,10.85,1.0,10.9925,10.775,0
2004-01-14,PETR4,PETR4,10.89875,10.89875,10.3375,10.52125,10.52125,18059200,10.89875,10.89875,10.3375,10.52125,1.0,10.89875,10.3375,0
2004-01-15,PETR4,PETR4,10.37625,10.46875,10.25125,10.3125,10.3125,9410400,10.37625,10.46875,10.25125,10.3125,1.0,10.46875,10.25125,0
2004-01-16,PETR4,PETR4,10.26875,10.5,10.1125,10.5,10.5,12000800,10.26875,10.5,10.1125,10.5,1.0,10.5,10.1125,0
2004-01-19,PETR4,PETR4,10.5,10.77,10.5,10.77,10.77,9621600,10.5,10.77,10.5,10.77,1.0,10.77,10.5,0
2004-01-20,PETR4,PETR4,10.7625,11.05625,10.6875,10.9875,10.9875,14576800,10.7625,11.05625,10.6875,10.9875,1.0,11.05625,10.6875,0
2004-01-21,PETR4,PETR4,10.96875,11.0,10.7575,10.78875,10.78875,13252000,10.96875,11.0,10.7575,10.78875,1.0,11.0,10.7575,0
2004-01-22,PETR4,PETR4,10.49375,10.7625,10.425,10.60375,10.60375,12458400,10.49375,10.7625,10.425,10.60375,1.0,10.7625,10.425,0
2004-01-23,PETR4,PETR4,10.58625,10.6875,10.4875,10.63875,10.63875,7614400,10.58625,10.6875,10.4875,10.63875,1.0,10.6875,10.4875,0
2004-01-26,PETR4,PETR4,10.73125,10.925,10.6375,10.85,10.85,7728800,10.73125,10.925,10.6375,10.85,1.0,10.925,10.6375,0
2004-01-27,PETR4,PETR4,10.85,10.9125,10.63125,10.7875,10.7875,6368000,10.85,10.9125,10.63125,10.7875,1.0,10.9125,10.63125,0
2004-01-28,PETR4,PETR4,10.70125,10.925,10.70125,10.75,10.75,6764800,10.70125,10.925,10.70125,10.75,1.0,10.925,10.70125,0
2004-01-29,PETR4,PETR4,10.64375,10.74875,10.025,10.125,10.125,13335200,10.64375,10.74875,10.025,10.125,1.0,10.74875,10.025,0
2004-01-30,PETR4,PETR4,10.025,10.1625,9.75,9.78625,9.78625,13470400,10.025,10.1625,9.75,9.78625,1.0,10.1625,9.75,0
2004-02-02,PETR4,PETR4,9.8125,9.8375,9.5125,9.8,9.8,13080800,9.8125,9.8375,9.5125,9.8,1.0,9.8375,9.5125,0
2004-02-03,PETR4,PETR4,9.97375,10.075,9.85125,10.0,10.0,21160800,9.97375,10.075,9.85125,10.0,1.0,10.075,9.85125,0
2004-02-04,PETR4,PETR4,10.175,10.24625,9.76875,9.78625,9.78625,9840000,10.175,10.24625,9.76875,9.78625,1.0,10.24625,9.76875,0
2004-02-05,PETR4,PETR4,9.875,10.025,9.63125,9.725,9.725,12552000,9.875,10.025,9.63125,9.725,1.0,10.025,9.63125,0
2004-02-06,PETR4,PETR4,9.72375,10.2025,9.54125,10.2025,10.2025,11928800,9.72375,10.2025,9.54125,10.2025,1.0,10.2025,9.54125,0
2004-02-09,PETR4,PETR4,10.275,10.3875,10.1875,10.1875,10.1875,9386400,10.275,10.3875,10.1875,10.1875,1.0,10.3875,10.1875,0
2004-02-10,PETR4,PETR4,10.13875,10.49375,10.1375,10.4875,10.4875,9140800,10.13875,10.49375,10.1375,10.4875,1.0,10.49375,10.1375,0
2004-02-11,PETR4,PETR4,10.6,10.925,10.5375,10.8975,10.8975,14200000,10.6,10.925,10.5375,10.8975,1.0,10.925,10.5375,0
2004-02-12,PETR4,PETR4,10.95,10.9625,10.64125,10.89375,10.89375,10975200,10.95,10.9625,10.64125,10.89375,1.0,10.9625,10.64125,0
2004-02-13,PETR4,PETR4,10.9125,11.06125,10.625,10.72375,10.72375,12738400,10.9125,11.06125,10.625,10.72375,1.0,11.06125,10.625,0
2004-02-16,PETR4,PETR4,10.64625,10.68625,10.4875,10.54125,10.54125,13488800,10.64625,10.68625,10.4875,10.54125,1.0,10.68625,10.4875,0
2004-02-17,PETR4,PETR4,10.65125,10.7,10.44375,10.6625,10.6625,14411200,10.65125,10.7,10.44375,10.6625,1.0,10.7,10.44375,0
2004-02-18,PETR4,PETR4,10.70125,10.7875,10.5125,10.5875,10.5875,15922400,10.70125,10.7875,10.5125,10.5875,1.0,10.7875,10.5125,0
2004-02-19,PETR4,PETR4,10.45625,10.45625,10.105,10.105,10.105,13113600,10.45625,10.45625,10.105,10.105,1.0,10.45625,10.105,0
2004-02-20,PETR4,PETR4,9.75,10.12375,9.6,10.1125,10.1125,14806400,9.75,10.12375,9.6,10.1125,1.0,10.12375,9.6,0
2004-02-25,PETR4,PETR4,10.15,10.4225,10.15,10.2875,10.2875,5753600,10.15,10.4225,10.15,10.2875,1.0,10.4225,10.15,0
2004-02-26,PETR4,PETR4,10.2625,10.275,10.14,10.14,10.14,5623200,10.2625,10.275,10.14,10.14,1.0,10.275,10.14,0
2004-02-27,PETR4,PETR4,10.19875,10.25,10.15375,10.25,10.25,6592800,10.19875,10.25,10.15375,10.25,1.0,10.25,10.15375,0
2004-03-01,PETR4,PETR4,10.32625,10.7125,10.32625,10.65,10.65,9514400,10.32625,10.7125,10.32625,10.65,1.0,10.7125,10.32625,0
2004-03-02,PETR4,PETR4,10.375,10.775,10.3625,10.6275,10.6275,10685600,10.375,10.775,10.3625,10.6275,1.0,10.775,10.3625,0
2004-03-03,PETR4,PETR4,10.75,10.78875,10.625,10.75,10.75,6556000,10.75,10.78875,10.625,10.75,1.0,10.78875,10.625,0
2004-03-04,PETR4,PETR4,10.6875,10.80625,10.6,10.61875,10.61875,6064000,10.6875,10.80625,10.6,10.61875,1.0,10.80625,10.6,0
2004-03-05,PETR4,PETR4,10.74375,10.8,10.6,10.71,10.71,7555200,10.74375,10.8,10.6,10.71,1.0,10.8,10.6,0
2004-03-08,PETR4,PETR4,10.78375,10.85,10.75,10.7875,10.7875,6592800,10.78375,10.85,10.75,10.7875,1.0,10.85,10.75,0
2004-03-09,PETR4,PETR4,10.8,10.975,10.7275,10.8,10.8,8548800,10.8,10.975,10.7275,10.8,1.0,10.975,10.7275,0
2004-03-10,PETR4,PETR4,10.79875,10.8625,10.3375,10.3375,10.3375,7842400,10.79875,10.8625,10.3375,10.3375,1.0,10.8625,10.3375,0
2004-03-11,PETR4,PETR4,10.23625,10.475,10.0625,10.1625,10.1625,10296000,10.23625,10.475,10.0625,10.1625,1.0,10.475,10.0625,0
2004-03-12,PETR4,PETR4,10.3125,10.55,10.3125,10.43375,10.43375,8276800,10.3125,10.55,10.3125,10.43375,1.0,10.55,10.3125,0
2004-03-15,PETR4,PETR4,10.4375,10.4375,10.045,10.1,10.1,7305600,10.4375,10.4375,10.045,10.1,1.0,10.4375,10.045,0
2004-03-16,PETR4,PETR4,10.23375,10.3125,10.0025,10.15125,10.15125,8160800,10.23375,10.3125,10.0025,10.15125,1.0,10.3125,10.0025,0
2004-03-17,PETR4,PETR4,10.275,10.33125,10.1375,10.33125,10.33125,7379200,10.275,10.33125,10.1375,10.33125,1.0,10.33125,10.1375,0
2004-03-18,PETR4,PETR4,10.35,10.7875,10.2625,10.7375,10.7375,12231200,10.35,10.7875,10.2625,10.7375,1.0,10.7875,10.2625,0
2004-03-19,PETR4,PETR4,10.79,10.85,10.415,10.47375,10.47375,8356000,10.79,10.85,10.415,10.47375,1.0,10.85,10.415,0
2004-03-22,PETR4,PETR4,10.27375,10.4125,10.2375,10.35,10.35,6224800,10.27375,10.4125,10.2375,10.35,1.0,10.4125,10.2375,0
2004-03-23,PETR4,PETR4,10.4625,10.475,10.15,10.225,10.225,6988800,10.4625,10.475,10.15,10.225,1.0,10.475,10.15,0
2004-03-24,PETR4,PETR4,10.2375,10.43625,10.13125,10.20125,10.20125,10602400,10.2375,10.43625,10.13125,10.20125,1.0,10.43625,10.13125,0
2004-03-25,PETR4,PETR4,10.25,10.34875,10.10625,10.2625,10.2625,7178400,10.25,10.34875,10.10625,10.2625,1.0,10.34875,10.10625,0
2004-03-26,PETR4,PETR4,10.275,10.39375,10.25625,10.33625,10.33625,8139200,10.275,10.39375,10.25625,10.33625,1.0,10.39375,10.25625,0
2004-03-29,PETR4,PETR4,10.40375,10.475,10.275,10.33125,10.33125,6117600,10.40375,10.475,10.275,10.33125,1.0,10.475,10.275,0
2004-03-30,PETR4,PETR4,10.175,10.4125,10.11875,10.405,10.405,8748800,10.175,10.4125,10.11875,10.405,1.0,10.4125,10.11875,0
2004-03-31,PETR4,PETR4,10.4125,10.6875,10.375,10.6875,10.6875,13077600,10.4125,10.6875,10.375,10.6875,1.0,10.6875,10.375,0
2004-04-01,PETR4,PETR4,10.75,10.8625,10.565,10.655,10.655,10511200,10.75,10.8625,10.565,10.655,1.0,10.8625,10.565,0
2004-04-02,PETR4,PETR4,10.65625,10.83125,10.575,10.8125,10.8125,9500800,10.65625,10.83125,10.575,10.8125,1.0,10.83125,10.575,0
2004-04-05,PETR4,PETR4,10.7375,10.79375,10.625,10.67375,10.67375,6921600,10.7375,10.79375,10.625,10.67375,1.0,10.79375,10.625,0
2004-04-06,PETR4,PETR4,10.6875,10.785,10.5625,10.725,10.725,6041600,10.6875,10.785,10.5625,10.725,1.0,10.785,10.5625,0
2004-04-07,PETR4,PETR4,10.625,10.71875,10.45,10.675,10.675,9156800,10.625,10.71875,10.45,10.675,1.0,10.71875,10.45,0
2004-04-08,PETR4,PETR4,10.7125,10.90625,10.625,10.87375,10.87375,8184000,10.7125,10.90625,10.625,10.87375,1.0,10.90625,10.625,0
2004-04-12,PETR4,PETR4,10.875,11.11125,10.875,11.0625,11.0625,8348800,10.875,11.11125,10.875,11.0625,1.0,11.11125,10.875,0
2004-04-13,PETR4,PETR4,11.05,11.18625,10.93625,10.93625,10.93625,10780800,11.05,11.18625,10.93625,10.93625,1.0,11.18625,10.93625,0
2004-04-14,PETR4,PETR4,10.91875,10.91875,10.7125,10.745,10.745,8738400,10.91875,10.91875,10.7125,10.745,1.0,10.91875,10.7125,0
2004-04-15,PETR4,PETR4,10.675,10.73125,10.5175,10.625,10.625,7518400,10.675,10.73125,10.5175,10.625,1.0,10.73125,10.5175,0
2004-04-16,PETR4,PETR4,10.5625,10.74375,10.525,10.58125,10.58125,6420000,10.5625,10.74375,10.525,10.58125,1.0,10.74375,10.525,0
2004-04-19,PETR4,PETR4,10.6,10.68625,10.43875,10.4875,10.4875,12817600,10.6,10.68625,10.43875,10.4875,1.0,10.68625,10.43875,0
2004-04-20,PETR4,PETR4,10.49875,10.5175,10.15,10.15,10.15,14752800,10.49875,10.5175,10.15,10.15,1.0,10.5175,10.15,0
2004-04-22,PETR4,PETR4,10.0125,10.25,10.0125,10.1125,10.1125,14956000,10.0125,10.25,10.0125,10.1125,1.0,10.25,10.0125,0
2004-04-23,PETR4,PETR4,10.14875,10.26125,9.875,10.2225,10.2225,5031200,10.14875,10.26125,9.875,10.2225,1.0,10.26125,9.875,0
2004-04-26,PETR4,PETR4,10.25,10.3625,10.00625,10.025,10.025,6872800,10.25,10.3625,10.00625,10.025,1.0,10.3625,10.00625,0
2004-04-27,PETR4,PETR4,10.07625,10.26125,10.0625,10.15,10.15,7177600,10.07625,10.26125,10.0625,10.15,1.0,10.26125,10.0625,0
2004-04-28,PETR4,PETR4,10.15,10.20625,9.825,9.88,9.88,9778400,10.15,10.20625,9.825,9.88,1.0,10.20625,9.825,0
2004-04-29,PETR4,PETR4,9.87375,10.01875,9.175,9.375,9.375,20242400,9.87375,10.01875,9.175,9.375,1.0,10.01875,9.175,0
2004-04-30,PETR4,PETR4,9.5625,9.58125,9.13125,9.3375,9.3375,15998400,9.5625,9.58125,9.13125,9.3375,1.0,9.58125,9.13125,0
2004-05-03,PETR4,PETR4,9.28875,9.44375,9.1125,9.425,9.425,10373600,9.28875,9.44375,9.1125,9.425,1.0,9.44375,9.1125,0
2004-05-04,PETR4,PETR4,9.5,9.7625,9.45,9.7625,9.7625,14229600,9.5,9.7625,9.45,9.7625,1.0,9.7625,9.45,0
2004-05-05,PETR4,PETR4,9.84875,9.9875,9.66625,9.9375,9.9375,9595200,9.84875,9.9875,9.66625,9.9375,1.0,9.9875,9.66625,0
2004-05-06,PETR4,PETR4,9.76125,9.8375,9.27625,9.27625,9.27625,13375200,9.76125,9.8375,9.27625,9.27625,1.0,9.8375,9.27625,0
2004-05-07,PETR4,PETR4,9.0975,9.225,8.7775,8.95,8.95,14382400,9.0975,9.225,8.7775,8.95,1.0,9.225,8.7775,0
2004-05-10,PETR4,PETR4,8.63625,8.775,8.5,8.6125,8.6125,14112000,8.63625,8.775,8.5,8.6125,1.0,8.775,8.5,0
2004-05-11,PETR4,PETR4,8.7525,9.3,8.7525,9.28875,9.28875,13947200,8.7525,9.3,8.7525,9.28875,1.0,9.3,8.7525,0
2004-05-12,PETR4,PETR4,9.375,9.37625,9.06375,9.26375,9.26375,12464800,9.375,9.37625,9.06375,9.26375,1.0,9.37625,9.06375,0
2004-05-13,PETR4,PETR4,9.15625,9.4125,9.03,9.4,9.4,10118400,9.15625,9.4125,9.03,9.4,1.0,9.4125,9.03,0
2004-05-14,PETR4,PETR4,9.5625,9.62375,9.1375,9.15,9.15,11352800,9.5625,9.62375,9.1375,9.15,1.0,9.62375,9.1375,0
2004-05-17,PETR4,PETR4,8.75,8.9875,8.7125,8.83125,8.83125,9712000,8.75,8.9875,8.7125,8.83125,1.0,8.9875,8.7125,0
2004-05-18,PETR4,PETR4,9.0625,9.08875,8.75375,8.9,8.9,9644800,9.0625,9.08875,8.75375,8.9,1.0,9.08875,8.75375,0
2004-05-19,PETR4,PETR4,9.105,9.10625,8.85,8.90875,8.90875,12992000,9.105,9.10625,8.85,8.90875,1.0,9.10625,8.85,0
2004-05-20,PETR4,PETR4,8.85,8.8875,8.6375,8.6375,8.6375,12454400,8.85,8.8875,8.6375,8.6375,1.0,8.8875,8.6375,0
2004-05-21,PETR4,PETR4,8.75,8.75,8.38,8.40125,8.40125,16783200,8.75,8.75,8.38,8.40125,1.0,8.75,8.38,0
2004-05-24,PETR4,PETR4,8.6375,8.925,8.5,8.925,8.925,12115200,8.6375,8.925,8.5,8.925,1.0,8.925,8.5,0
2004-05-25,PETR4,PETR4,8.9375,8.9625,8.775,8.8125,8.8125,7676000,8.9375,8.9625,8.775,8.8125,1.0,8.9625,8.775,0
2004-05-26,PETR4,PETR4,8.875,8.875,8.7375,8.7925,8.7925,9357600,8.875,8.875,8.7375,8.7925,1.0,8.875,8.7375,0
2004-05-27,PETR4,PETR4,8.8125,9.0325,8.77625,9.02375,9.02375,10336800,8.8125,9.0325,8.77625,9.02375,1.0,9.0325,8.77625,0
2004-05-28,PETR4,PETR4,9.07,9.15,8.815,8.875,8.875,13609600,9.07,9.15,8.815,8.875,1.0,9.15,8.815,0
2004-05-31,PETR4,PETR4,8.94375,8.99875,8.8375,8.9725,8.9725,4836000,8.94375,8.99875,8.8375,8.9725,1.0,8.99875,8.8375,0
2004-06-01,PETR4,PETR4,8.9375,9.225,8.875,9.225,9.225,10601600,8.9375,9.225,8.875,9.225,1.0,9.225,8.875,0
2004-06-02,PETR4,PETR4,9.26875,9.4,9.15,9.2125,9.2125,15484800,9.26875,9.4,9.15,9.2125,1.0,9.4,9.15,0
2004-06-03,PETR4,PETR4,9.25,9.25,9.0125,9.0875,9.0875,4956800,9.25,9.25,9.0125,9.0875,1.0,9.25,9.0125,0
2004-06-04,PETR4,PETR4,9.18875,9.225,9.0625,9.09875,9.09875,4924000,9.18875,9.225,9.0625,9.09875,1.0,9.225,9.0625,0
2004-06-07,PETR4,PETR4,9.13875,9.3075,9.125,9.3075,9.3075,6905600,9.13875,9.3075,9.125,9.3075,1.0,9.3075,9.125,0
2004-06-08,PETR4,PETR4,9.2925,9.37375,9.125,9.1625,9.1625,9828000,9.2925,9.37375,9.125,9.1625,1.0,9.37375,9.125,0
2004-06-09,PETR4,PETR4,9.19375,9.19375,8.975,9.05,9.05,12436800,9.19375,9.19375,8.975,9.05,1.0,9.19375,8.975,0
2004-06-11,PETR4,PETR4,9.1,9.1,8.97625,9.05,9.05,2825600,9.1,9.1,8.97625,9.05,1.0,9.1,8.97625,0
2004-06-14,PETR4,PETR4,8.9925,9.075,8.8125,9.075,9.075,15756000,8.9925,9.075,8.8125,9.075,1.0,9.075,8.8125,0
2004-06-15,PETR4,PETR4,9.27375,9.375,9.18875,9.33125,9.33125,15788800,9.27375,9.375,9.18875,9.33125,1.0,9.375,9.18875,0
2004-06-16,PETR4,PETR4,9.375,9.4125,9.2125,9.36875,9.36875,12023200,9.375,9.4125,9.2125,9.36875,1.0,9.4125,9.2125,0
2004-06-17,PETR4,PETR4,9.305,9.4125,9.27375,9.41125,9.41125,11792800,9.305,9.4125,9.27375,9.41125,1.0,9.4125,9.27375,0
2004-06-18,PETR4,PETR4,9.325,9.4725,9.275,9.3625,9.3625,5800000,9.325,9.4725,9.275,9.3625,1.0,9.4725,9.275,0
2004-06-21,PETR4,PETR4,9.35125,9.4125,9.20625,9.24375,9.24375,13584800,9.35125,9.4125,9.20625,9.24375,1.0,9.4125,9.20625,0
2004-06-22,PETR4,PETR4,9.23125,9.36125,9.1625,9.34875,9.34875,9226400,9.23125,9.36125,9.1625,9.34875,1.0,9.36125,9.1625,0
2004-06-23,PETR4,PETR4,9.3375,9.7125,9.3375,9.7125,9.7125,24471200,9.3375,9.7125,9.3375,9.7125,1.0,9.7125,9.3375,0
2004-06-24,PETR4,PETR4,9.71875,9.8,9.6125,9.7,9.7,8308800,9.71875,9.8,9.6125,9.7,1.0,9.8,9.6125,0
2004-06-25,PETR4,PETR4,9.6875,9.6875,9.46125,9.5125,9.5125,6345600,9.6875,9.6875,9.46125,9.5125,1.0,9.6875,9.46125,0
2004-06-28,PETR4,PETR4,9.5875,9.5875,9.35,9.375,9.375,6292800,9.5875,9.5875,9.35,9.375,1.0,9.5875,9.35,0
2004-06-29,PETR4,PETR4,9.375,9.49875,9.25,9.45625,9.45625,5972000,9.375,9.49875,9.25,9.45625,1.0,9.49875,9.25,0
2004-06-30,PETR4,PETR4,9.4375,9.66375,9.375,9.66375,9.66375,11309600,9.4375,9.66375,9.375,9.66375,1.0,9.66375,9.375,0
2004-07-01,PETR4,PETR4,9.625,9.6625,9.5375,9.6125,9.6125,9650400,9.625,9.6625,9.5375,9.6125,1.0,9.6625,9.5375,0
2004-07-02,PETR4,PETR4,9.63125,9.685,9.585,9.6,9.6,6107200,9.63125,9.685,9.585,9.6,1.0,9.685,9.585,0
2004-07-05,PETR4,PETR4,9.625,9.65,9.5125,9.545,9.545,3901600,9.625,9.65,9.5125,9.545,1.0,9.65,9.5125,0
2004-07-06,PETR4,PETR4,9.56125,9.6375,9.40625,9.43,9.43,7938400,9.56125,9.6375,9.40625,9.43,1.0,9.6375,9.40625,0
2004-07-07,PETR4,PETR4,9.5,9.5875,9.2875,9.2875,9.2875,9026400,9.5,9.5875,9.2875,9.2875,1.0,9.5875,9.2875,0
2004-07-08,PETR4,PETR4,9.3,9.38125,9.2125,9.2625,9.2625,6850400,9.3,9.38125,9.2125,9.2625,1.0,9.38125,9.2125,0
2004-07-12,PETR4,PETR4,9.26375,9.375,9.225,9.3375,9.3375,7933600,9.26375,9.375,9.225,9.3375,1.0,9.375,9.225,0
2004-07-13,PETR4,PETR4,9.365,9.41125,9.26875,9.2875,9.2875,7276800,9.365,9.41125,9.26875,9.2875,1.0,9.41125,9.26875,0
2004-07-14,PETR4,PETR4,9.275,9.37375,9.2375,9.26875,9.26875,10142400,9.275,9.37375,9.2375,9.26875,1.0,9.37375,9.2375,0
2004-07-15,PETR4,PETR4,9.3725,9.6625,9.3625,9.575,9.575,13149600,9.3725,9.6625,9.3625,9.575,1.0,9.6625,9.3625,0
2004-07-16,PETR4,PETR4,9.695,9.825,9.69375,9.7975,9.7975,11588800,9.695,9.825,9.69375,9.7975,1.0,9.825,9.69375,0
2004-07-19,PETR4,PETR4,9.795,9.87375,9.575,9.67375,9.67375,10876000,9.795,9.87375,9.575,9.67375,1.0,9.87375,9.575,0
2004-07-20,PETR4,PETR4,9.68125,9.73625,9.585,9.6,9.6,8135200,9.68125,9.73625,9.585,9.6,1.0,9.73625,9.585,0
2004-07-21,PETR4,PETR4,9.68125,9.73625,9.54375,9.54375,9.54375,10406400,9.68125,9.73625,9.54375,9.54375,1.0,9.73625,9.54375,0
2004-07-22,PETR4,PETR4,9.56375,9.6,9.365,9.37625,9.37625,8685600,9.56375,9.6,9.365,9.37625,1.0,9.6,9.365,0
2004-07-23,PETR4,PETR4,9.37625,9.45,9.30125,9.35,9.35,8135200,9.37625,9.45,9.30125,9.35,1.0,9.45,9.30125,0
2004-07-26,PETR4,PETR4,9.40125,9.5125,9.2,9.25,9.25,7856800,9.40125,9.5125,9.2,9.25,1.0,9.5125,9.2,0
2004-07-27,PETR4,PETR4,9.2875,9.46875,9.27,9.4625,9.4625,8535200,9.2875,9.46875,9.27,9.4625,1.0,9.46875,9.27,0
2004-07-28,PETR4,PETR4,9.45625,9.66125,9.4525,9.6375,9.6375,11202400,9.45625,9.66125,9.4525,9.6375,1.0,9.66125,9.4525,0
2004-07-29,PETR4,PETR4,9.65,9.80375,9.61875,9.80375,9.80375,9580800,9.65,9.80375,9.61875,9.80375,1.0,9.80375,9.61875,0
2004-07-30,PETR4,PETR4,9.7525,9.9,9.6875,9.7625,9.7625,11346400,9.7525,9.9,9.6875,9.7625,1.0,9.9,9.6875,0
2004-08-02,PETR4,PETR4,9.7025,9.7625,9.6125,9.7425,9.7425,6396000,9.7025,9.7625,9.6125,9.7425,1.0,9.7625,9.6125,0
2004-08-03,PETR4,PETR4,9.7425,9.775,9.65125,9.7125,9.7125,7067200,9.7425,9.775,9.65125,9.7125,1.0,9.775,9.65125,0
2004-08-04,PETR4,PETR4,9.71875,9.86875,9.6375,9.825,9.825,12088000,9.71875,9.86875,9.6375,9.825,1.0,9.86875,9.6375,0
2004-08-05,PETR4,PETR4,9.87375,9.9375,9.5625,9.6425,9.6425,10033600,9.87375,9.9375,9.5625,9.6425,1.0,9.9375,9.5625,0
2004-08-06,PETR4,PETR4,9.70125,9.775,9.575,9.775,9.775,10253600,9.70125,9.775,9.575,9.775,1.0,9.775,9.575,0
2004-08-09,PETR4,PETR4,9.7625,9.8375,9.7,9.7625,9.7625,7216800,9.7625,9.8375,9.7,9.7625,1.0,9.8375,9.7,0
2004-08-10,PETR4,PETR4,9.7875,9.95,9.775,9.95,9.95,8244800,9.7875,9.95,9.775,9.95,1.0,9.95,9.775,0
2004-08-11,PETR4,PETR4,9.875,10.11375,9.875,9.96875,9.96875,18203200,9.875,10.11375,9.875,9.96875,1.0,10.11375,9.875,0
2004-08-12,PETR4,PETR4,9.9925,10.0875,9.9625,10.04875,10.04875,13156800,9.9925,10.0875,9.9625,10.04875,1.0,10.0875,9.9625,0
2004-08-13,PETR4,PETR4,10.04875,10.0875,9.8775,9.9375,9.9375,5578400,10.04875,10.0875,9.8775,9.9375,1.0,10.0875,9.8775,0
2004-08-16,PETR4,PETR4,9.91875,10.03625,9.8875,9.99375,9.99375,16432800,9.91875,10.03625,9.8875,9.99375,1.0,10.03625,9.8875,0
2004-08-17,PETR4,PETR4,10.025,10.07375,9.965,9.9875,9.9875,6328000,10.025,10.07375,9.965,9.9875,1.0,10.07375,9.965,0
2004-08-18,PETR4,PETR4,9.9875,10.1,9.95,10.09375,10.09375,11383200,9.9875,10.1,9.95,10.09375,1.0,10.1,9.95,0
2004-08-19,PETR4,PETR4,10.125,10.3125,10.125,10.25,10.25,8962400,10.125,10.3125,10.125,10.25,1.0,10.3125,10.125,0
2004-08-20,PETR4,PETR4,10.24875,10.60625,10.24875,10.58125,10.58125,14384800,10.24875,10.60625,10.24875,10.58125,1.0,10.60625,10.24875,0
2004-08-23,PETR4,PETR4,10.53875,10.6625,10.45125,10.49,10.49,8802400,10.53875,10.6625,10.45125,10.49,1.0,10.6625,10.45125,0
2004-08-24,PETR4,PETR4,10.56875,10.58875,10.35,10.45625,10.45625,9329600,10.56875,10.58875,10.35,10.45625,1.0,10.58875,10.35,0
2004-08-25,PETR4,PETR4,10.5625,10.5625,10.425,10.53125,10.53125,8904800,10.5625,10.5625,10.425,10.53125,1.0,10.5625,10.425,0
2004-08-26,PETR4,PETR4,10.465,10.49,10.2875,10.3275,10.3275,5875200,10.465,10.49,10.2875,10.3275,1.0,10.49,10.2875,0
2004-08-27,PETR4,PETR4,10.3875,10.3875,10.3,10.34125,10.34125,4078400,10.3875,10.3875,10.3,10.34125,1.0,10.3875,10.3,0
2004-08-30,PETR4,PETR4,10.3125,10.3125,10.225,10.25,10.25,6408000,10.3125,10.3125,10.225,10.25,1.0,10.3125,10.225,0
2004-08-31,PETR4,PETR4,10.3725,10.3725,10.20125,10.25,10.25,7256800,10.3725,10.3725,10.20125,10.25,1.0,10.3725,10.20125,0
2004-09-01,PETR4,PETR4,10.25,10.3625,10.20375,10.26,10.26,5716000,10.25,10.3625,10.20375,10.26,1.0,10.3625,10.20375,0
2004-09-02,PETR4,PETR4,10.275,10.4375,10.18875,10.4125,10.4125,5950400,10.275,10.4375,10.18875,10.4125,1.0,10.4375,10.18875,0
2004-09-03,PETR4,PETR4,10.4125,10.45,10.3625,10.4,10.4,2649600,10.4125,10.45,10.3625,10.4,1.0,10.45,10.3625,0
2004-09-06,PETR4,PETR4,10.4375,10.45,10.3375,10.40875,10.40875,831200,10.4375,10.45,10.3375,10.40875,1.0,10.45,10.3375,0
2004-09-08,PETR4,PETR4,10.40875,10.575,10.40875,10.53125,10.53125,7790400,10.40875,10.575,10.40875,10.53125,1.0,10.575,10.40875,0
2004-09-09,PETR4,PETR4,10.5375,10.6175,10.40125,10.57125,10.57125,7884000,10.5375,10.6175,10.40125,10.57125,1.0,10.6175,10.40125,0
2004-09-10,PETR4,PETR4,10.56375,10.56375,10.46375,10.50125,10.50125,5404800,10.56375,10.56375,10.46375,10.50125,1.0,10.56375,10.46375,0
2004-09-13,PETR4,PETR4,10.49875,10.5875,10.45,10.5,10.5,5930400,10.49875,10.5875,10.45,10.5,1.0,10.5875,10.45,0
2004-09-14,PETR4,PETR4,10.5025,10.71,10.50125,10.65,10.65,11495200,10.5025,10.71,10.50125,10.65,1.0,10.71,10.50125,0
2004-09-15,PETR4,PETR4,10.6375,10.7425,10.575,10.64625,10.64625,7895200,10.6375,10.7425,10.575,10.64625,1.0,10.7425,10.575,0
2004-09-16,PETR4,PETR4,10.63875,10.775,10.63875,10.775,10.775,5573600,10.63875,10.775,10.63875,10.775,1.0,10.775,10.63875,0
2004-09-17,PETR4,PETR4,10.7875,10.9125,10.75,10.91,10.91,5917600,10.7875,10.9125,10.75,10.91,1.0,10.9125,10.75,0
2004-09-20,PETR4,PETR4,11.01875,11.1025,10.9525,10.9525,10.9525,10481600,11.01875,11.1025,10.9525,10.9525,1.0,11.1025,10.9525,0
2004-09-21,PETR4,PETR4,11.00125,11.21625,10.9375,11.11875,11.11875,9970400,11.00125,11.21625,10.9375,11.11875,1.0,11.21625,10.9375,0
2004-09-22,PETR4,PETR4,11.13875,11.29125,11.05,11.05875,11.05875,9330400,11.13875,11.29125,11.05,11.05875,1.0,11.29125,11.05,0
2004-09-23,PETR4,PETR4,11.10125,11.375,11.10125,11.3725,11.3725,9364000,11.10125,11.375,11.10125,11.3725,1.0,11.375,11.10125,0
2004-09-24,PETR4,PETR4,11.325,11.58,11.325,11.5175,11.5175,7355200,11.325,11.58,11.325,11.5175,1.0,11.58,11.325,0
2004-09-27,PETR4,PETR4,11.56375,11.69375,11.4825,11.61875,11.61875,8952000,11.56375,11.69375,11.4825,11.61875,1.0,11.69375,11.4825,0
2004-09-28,PETR4,PETR4,11.6125,11.73,11.56375,11.73,11.73,10677600,11.6125,11.73,11.56375,11.73,1.0,11.73,11.56375,0
2004-09-29,PETR4,PETR4,11.7875,11.7875,11.63125,11.7075,11.7075,8852000,11.7875,11.7875,11.63125,11.7075,1.0,11.7875,11.63125,0
2004-09-30,PETR4,PETR4,11.75,11.805,11.70625,11.73,11.73,9162400,11.75,11.805,11.70625,11.73,1.0,11.805,11.70625,0
2004-10-01,PETR4,PETR4,11.4125,11.79375,11.41,11.75,11.75,10854400,11.4125,11.79375,11.41,11.75,1.0,11.79375,11.41,0
2004-10-04,PETR4,PETR4,11.7875,11.87375,11.75,11.8125,11.8125,6787200,11.7875,11.87375,11.75,11.8125,1.0,11.87375,11.75,0
2004-10-05,PETR4,PETR4,11.8,12.05,11.75125,12.05,12.05,8332800,11.8,12.05,11.75125,12.05,1.0,12.05,11.75125,0
2004-10-06,PETR4,PETR4,12.0375,12.2125,11.9,12.07,12.07,11682400,12.0375,12.2125,11.9,12.07,1.0,12.2125,11.9,0
2004-10-07,PETR4,PETR4,12.11125,12.1875,12.0,12.14375,12.14375,13036800,12.11125,12.1875,12.0,12.14375,1.0,12.1875,12.0,0
2004-10-08,PETR4,PETR4,12.225,12.25,12.0625,12.1,12.1,11375200,12.225,12.25,12.0625,12.1,1.0,12.25,12.0625,0
2004-10-11,PETR4,PETR4,12.05625,12.2125,11.89,11.95625,11.95625,2011200,12.05625,12.2125,11.89,11.95625,1.0,12.2125,11.89,0
2004-10-13,PETR4,PETR4,11.8625,11.8625,11.13625,11.4875,11.4875,20114400,11.8625,11.8625,11.13625,11.4875,1.0,11.8625,11.13625,0
2004-10-14,PETR4,PETR4,11.425,11.47625,11.025,11.40625,11.40625,14972800,11.425,11.47625,11.025,11.40625,1.0,11.47625,11.025,0
2004-10-15,PETR4,PETR4,11.4125,11.6275,11.4125,11.6275,11.6275,9475200,11.4125,11.6275,11.4125,11.6275,1.0,11.6275,11.4125,0
2004-10-18,PETR4,PETR4,11.63875,11.88125,11.58125,11.8625,11.8625,17608800,11.63875,11.88125,11.58125,11.8625,1.0,11.88125,11.58125,0
2004-10-19,PETR4,PETR4,11.88875,12.0,11.5625,11.5625,11.5625,10202400,11.88875,12.0,11.5625,11.5625,1.0,12.0,11.5625,0
2004-10-20,PETR4,PETR4,11.5625,11.7125,11.40125,11.61125,11.61125,8877600,11.5625,11.7125,11.40125,11.61125,1.0,11.7125,11.40125,0
2004-10-21,PETR4,PETR4,11.5125,11.8375,11.5125,11.78875,11.78875,9628800,11.5125,11.8375,11.5125,11.78875,1.0,11.8375,11.5125,0
2004-10-22,PETR4,PETR4,11.875,11.95625,11.76625,11.85,11.85,8059200,11.875,11.95625,11.76625,11.85,1.0,11.95625,11.76625,0
2004-10-25,PETR4,PETR4,11.8125,11.91,11.75,11.86375,11.86375,5551200,11.8125,11.91,11.75,11.86375,1.0,11.91,11.75,0
2004-10-26,PETR4,PETR4,11.875,11.9,11.5875,11.70625,11.70625,10251200,11.875,11.9,11.5875,11.70625,1.0,11.9,11.5875,0
2004-10-27,PETR4,PETR4,11.7125,11.855,11.7125,11.78625,11.78625,6719200,11.7125,11.855,11.7125,11.78625,1.0,11.855,11.7125,0
2004-10-28,PETR4,PETR4,11.78625,11.7875,11.5875,11.62375,11.62375,4427200,11.78625,11.7875,11.5875,11.62375,1.0,11.7875,11.5875,0
2004-10-29,PETR4,PETR4,11.6875,11.7475,11.565,11.68125,11.68125,10166400,11.6875,11.7475,11.565,11.68125,1.0,11.7475,11.565,0
2004-11-01,PETR4,PETR4,11.6875,11.79625,11.62625,11.735,11.735,2011200,11.6875,11.79625,11.62625,11.735,1.0,11.79625,11.62625,0
2004-11-03,PETR4,PETR4,11.7625,11.88125,11.6625,11.70625,11.70625,7816800,11.7625,11.88125,11.6625,11.70625,1.0,11.88125,11.6625,0
2004-11-04,PETR4,PETR4,11.80625,11.85625,11.76375,11.775,11.775,8707200,11.80625,11.85625,11.76375,11.775,1.0,11.85625,11.76375,0
2004-11-05,PETR4,PETR4,11.8475,12.01875,11.8125,11.975,11.975,7748800,11.8475,12.01875,11.8125,11.975,1.0,12.01875,11.8125,0
2004-11-08,PETR4,PETR4,12.0,12.0625,11.73875,11.825,11.825,7781600,12.0,12.0625,11.73875,11.825,1.0,12.0625,11.73875,0
2004-11-09,PETR4,PETR4,11.8725,11.89375,11.6,11.73125,11.73125,5516000,11.8725,11.89375,11.6,11.73125,1.0,11.89375,11.6,0
2004-11-10,PETR4,PETR4,11.79,11.9,11.79,11.9,11.9,4461600,11.79,11.9,11.79,11.9,1.0,11.9,11.79,0
2004-11-11,PETR4,PETR4,11.91125,11.94375,11.8,11.94375,11.94375,3588800,11.91125,11.94375,11.8,11.94375,1.0,11.94375,11.8,0
2004-11-12,PETR4,PETR4,11.97375,12.05625,11.9375,11.975,11.975,7703200,11.97375,12.05625,11.9375,11.975,1.0,12.05625,11.9375,0
2004-11-16,PETR4,PETR4,11.875,11.875,11.4125,11.4125,11.4125,19788800,11.875,11.875,11.4125,11.4125,1.0,11.875,11.4125,0
2004-11-17,PETR4,PETR4,11.475,11.62375,11.475,11.505,11.505,9152000,11.475,11.62375,11.475,11.505,1.0,11.62375,11.475,0
2004-11-18,PETR4,PETR4,11.6225,11.62375,11.28875,11.3625,11.3625,9336000,11.6225,11.62375,11.28875,11.3625,1.0,11.62375,11.28875,0
2004-11-19,PETR4,PETR4,11.4375,11.5375,11.23875,11.3125,11.3125,7222400,11.4375,11.5375,11.23875,11.3125,1.0,11.5375,11.23875,0
2004-11-22,PETR4,PETR4,11.29875,11.5175,11.29875,11.46125,11.46125,6532000,11.29875,11.5175,11.29875,11.46125,1.0,11.5175,11.29875,0
2004-11-23,PETR4,PETR4,11.5,11.56875,11.2125,11.2625,11.2625,8259200,11.5,11.56875,11.2125,11.2625,1.0,11.56875,11.2125,0
2004-11-24,PETR4,PETR4,11.3125,11.37625,11.1875,11.2,11.2,9019200,11.3125,11.37625,11.1875,11.2,1.0,11.37625,11.1875,0
2004-11-25,PETR4,PETR4,11.625,11.8,11.565,11.8,11.8,12631200,11.625,11.8,11.565,11.8,1.0,11.8,11.565,0
2004-11-26,PETR4,PETR4,11.725,11.7475,11.625,11.7275,11.7275,6048800,11.725,11.7475,11.625,11.7275,1.0,11.7475,11.625,0
2004-11-29,PETR4,PETR4,11.725,11.73625,11.5,11.53125,11.53125,7697600,11.725,11.73625,11.5,11.53125,1.0,11.73625,11.5,0
2004-11-30,PETR4,PETR4,11.55125,11.65625,11.46875,11.6125,11.6125,8384000,11.55125,11.65625,11.46875,11.6125,1.0,11.65625,11.46875,0
2004-12-01,PETR4,PETR4,11.6875,12.0125,11.625,11.9625,11.9625,10946400,11.6875,12.0125,11.625,11.9625,1.0,12.0125,11.625,0
2004-12-02,PETR4,PETR4,11.91875,12.0,11.6375,11.7375,11.7375,7101600,11.91875,12.0,11.6375,11.7375,1.0,12.0,11.6375,0
2004-12-03,PETR4,PETR4,11.825,11.8375,11.65,11.66375,11.66375,7645600,11.825,11.8375,11.65,11.66375,1.0,11.8375,11.65,0
2004-12-06,PETR4,PETR4,11.6875,11.86125,11.6875,11.76875,11.76875,5800000,11.6875,11.86125,11.6875,11.76875,1.0,11.86125,11.6875,0
2004-12-07,PETR4,PETR4,11.725,11.74875,11.5375,11.6125,11.6125,6473600,11.725,11.74875,11.5375,11.6125,1.0,11.74875,11.5375,0
2004-12-08,PETR4,PETR4,11.6125,11.65,11.48125,11.6175,11.6175,6624000,11.6125,11.65,11.48125,11.6175,1.0,11.65,11.48125,0
2004-12-09,PETR4,PETR4,11.62625,11.65,11.30125,11.30125,11.30125,6532000,11.62625,11.65,11.30125,11.30125,1.0,11.65,11.30125,0
2004-12-10,PETR4,PETR4,11.375,11.55,11.31375,11.4875,11.4875,7205600,11.375,11.55,11.31375,11.4875,1.0,11.55,11.31375,0
2004-12-13,PETR4,PETR4,11.5125,11.575,11.475,11.5625,11.5625,5728000,11.5125,11.575,11.475,11.5625,1.0,11.575,11.475,0
2004-12-14,PETR4,PETR4,11.59625,11.68125,11.5775,11.66125,11.66125,7236000,11.59625,11.68125,11.5775,11.66125,1.0,11.68125,11.5775,0
2004-12-15,PETR4,PETR4,11.64,11.7375,11.4875,11.725,11.725,17920800,11.64,11.7375,11.4875,11.725,1.0,11.7375,11.4875,0
2004-12-16,PETR4,PETR4,11.65,11.95,11.64875,11.95,11.95,15651200,11.65,11.95,11.64875,11.95,1.0,11.95,11.64875,0
2004-12-17,PETR4,PETR4,11.9625,12.025,11.7875,11.84,11.84,6804800,11.9625,12.025,11.7875,11.84,1.0,12.025,11.7875,0
2004-12-20,PETR4,PETR4,11.85,11.93625,11.7775,11.825,11.825,17501600,11.85,11.93625,11.7775,11.825,1.0,11.93625,11.7775,0
2004-12-21,PETR4,PETR4,11.81,12.1225,11.81,12.09375,12.09375,9658400,11.81,12.1225,11.81,12.09375,1.0,12.1225,11.81,0
2004-12-22,PETR4,PETR4,12.1,12.15625,11.89375,11.9125,11.9125,9436800,12.1,12.15625,11.89375,11.9125,1.0,12.15625,11.89375,0
2004-12-23,PETR4,PETR4,11.93125,12.1125,11.85125,12.08125,12.08125,8132800,11.93125,12.1125,11.85125,12.08125,1.0,12.1125,11.85125,0
2004-12-27,PETR4,PETR4,12.0,12.15,11.975,12.095,12.095,18760800,12.0,12.15,11.975,12.095,1.0,12.15,11.975,0
2004-12-28,PETR4,PETR4,12.0625,12.125,11.89375,12.1125,12.1125,3812000,12.0625,12.125,11.89375,12.1125,1.0,12.125,11.89375,0
2004-12-29,PETR4,PETR4,12.125,12.235,12.125,12.235,12.235,4349600,12.125,12.235,12.125,12.235,1.0,12.235,12.125,0
2004-12-30,PETR4,PETR4,12.23375,12.24375,12.14,12.14375,12.14375,2998400,12.23375,12.24375,12.14,12.14375,1.0,12.24375,12.14,0
2005-01-03,PETR4,PETR4,12.1875,12.2375,11.77375,11.775,11.775,7524000,12.1875,12.2375,11.77375,11.775,1.0,12.2375,11.77375,0
2005-01-04,PETR4,PETR4,11.87375,11.95,11.625,11.635,11.635,9446400,11.87375,11.95,11.625,11.635,1.0,11.95,11.625,0
2005-01-05,PETR4,PETR4,11.6625,11.7725,11.475,11.59,11.59,7736800,11.6625,11.7725,11.475,11.59,1.0,11.7725,11.475,0
2005-01-06,PETR4,PETR4,11.6525,11.6875,11.4875,11.625,11.625,7076000,11.6525,11.6875,11.4875,11.625,1.0,11.6875,11.4875,0
2005-01-07,PETR4,PETR4,11.64875,11.7875,11.56375,11.67625,11.67625,6544800,11.64875,11.7875,11.56375,11.67625,1.0,11.7875,11.56375,0
2005-01-10,PETR4,PETR4,11.75,11.80625,11.47,11.525,11.525,8705600,11.75,11.80625,11.47,11.525,1.0,11.80625,11.47,0
2005-01-11,PETR4,PETR4,11.5625,11.7475,11.475,11.65,11.65,6978400,11.5625,11.7475,11.475,11.65,1.0,11.7475,11.475,0
2005-01-12,PETR4,PETR4,11.66375,11.7475,11.35875,11.5875,11.5875,8595200,11.66375,11.7475,11.35875,11.5875,1.0,11.7475,11.35875,0
2005-01-13,PETR4,PETR4,11.66125,11.725,11.55,11.70125,11.70125,13629600,11.66125,11.725,11.55,11.70125,1.0,11.725,11.55,0
2005-01-14,PETR4,PETR4,11.7,11.7875,11.5875,11.7625,11.7625,11132000,11.7,11.7875,11.5875,11.7625,1.0,11.7875,11.5875,0
2005-01-17,PETR4,PETR4,11.75,11.84375,11.68625,11.6875,11.6875,8936000,11.75,11.84375,11.68625,11.6875,1.0,11.84375,11.68625,0
2005-01-18,PETR4,PETR4,11.57125,11.6325,11.47625,11.5625,11.5625,6872000,11.57125,11.6325,11.47625,11.5625,1.0,11.6325,11.47625,0
2005-01-19,PETR4,PETR4,11.59375,11.65625,11.52625,11.63125,11.63125,11067200,11.59375,11.65625,11.52625,11.63125,1.0,11.65625,11.52625,0
2005-01-20,PETR4,PETR4,11.5625,11.5625,11.33125,11.36875,11.36875,7404000,11.5625,11.5625,11.33125,11.36875,1.0,11.5625,11.33125,0
2005-01-21,PETR4,PETR4,11.4125,11.5125,11.28875,11.3875,11.3875,6493600,11.4125,11.5125,11.28875,11.3875,1.0,11.5125,11.28875,0
2005-01-24,PETR4,PETR4,11.37625,11.61625,11.375,11.53625,11.53625,3603200,11.37625,11.61625,11.375,11.53625,1.0,11.61625,11.375,0
2005-01-26,PETR4,PETR4,11.6625,11.81125,11.6625,11.775,11.775,8740800,11.6625,11.81125,11.6625,11.775,1.0,11.81125,11.6625,0
2005-01-27,PETR4,PETR4,11.735,11.8625,11.63125,11.75,11.75,9832000,11.735,11.8625,11.63125,11.75,1.0,11.8625,11.63125,0
2005-01-28,PETR4,PETR4,11.725,11.7375,11.5375,11.6,11.6,6960000,11.725,11.7375,11.5375,11.6,1.0,11.7375,11.5375,0
2005-01-31,PETR4,PETR4,11.69375,11.7875,11.6125,11.7875,11.7875,5068800,11.69375,11.7875,11.6125,11.7875,1.0,11.7875,11.6125,0
2005-02-01,PETR4,PETR4,11.78625,11.8,11.6625,11.725,11.725,9956000,11.78625,11.8,11.6625,11.725,1.0,11.8,11.6625,0
2005-02-02,PETR4,PETR4,11.75,11.9375,11.725,11.9,11.9,7910400,11.75,11.9375,11.725,11.9,1.0,11.9375,11.725,0
2005-02-03,PETR4,PETR4,11.9125,12.025,11.81875,12.025,12.025,7952800,11.9125,12.025,11.81875,12.025,1.0,12.025,11.81875,0
2005-02-04,PETR4,PETR4,11.6125,12.2375,11.545,12.1625,12.1625,21795200,11.6125,12.2375,11.545,12.1625,1.0,12.2375,11.545,0
2005-02-09,PETR4,PETR4,12.75,12.9375,12.50125,12.70125,12.70125,17368800,12.75,12.9375,12.50125,12.70125,1.0,12.9375,12.50125,0
2005-02-10,PETR4,PETR4,12.525,12.6625,12.44375,12.64375,12.64375,7822400,12.525,12.6625,12.44375,12.64375,1.0,12.6625,12.44375,0
2005-02-11,PETR4,PETR4,12.625,12.98375,12.625,12.84875,12.84875,12754400,12.625,12.98375,12.625,12.84875,1.0,12.98375,12.625,0
2005-02-14,PETR4,PETR4,12.76375,12.8125,12.69,12.73125,12.73125,7512800,12.76375,12.8125,12.69,12.73125,1.0,12.8125,12.69,0
2005-02-15,PETR4,PETR4,12.55375,12.7125,12.5125,12.63125,12.63125,11057600,12.55375,12.7125,12.5125,12.63125,1.0,12.7125,12.5125,0
2005-02-16,PETR4,PETR4,12.66875,12.82,12.54375,12.8125,12.8125,22790400,12.66875,12.82,12.54375,12.8125,1.0,12.82,12.54375,0
2005-02-17,PETR4,PETR4,12.8825,13.05375,12.8375,12.8375,12.8375,14132800,12.8825,13.05375,12.8375,12.8375,1.0,13.05375,12.8375,0
2005-02-18,PETR4,PETR4,12.875,12.8875,12.70125,12.8375,12.8375,7160000,12.875,12.8875,12.70125,12.8375,1.0,12.8875,12.70125,0
2005-02-21,PETR4,PETR4,12.86875,13.025,12.85,13.0,13.0,10397600,12.86875,13.025,12.85,13.0,1.0,13.025,12.85,0
2005-02-22,PETR4,PETR4,13.05,13.35,12.9625,13.1,13.1,11423200,13.05,13.35,12.9625,13.1,1.0,13.35,12.9625,0
2005-02-23,PETR4,PETR4,13.25,13.38625,13.1875,13.375,13.375,11903200,13.25,13.38625,13.1875,13.375,1.0,13.38625,13.1875,0
2005-02-24,PETR4,PETR4,13.56125,13.8475,13.56125,13.825,13.825,12477600,13.56125,13.8475,13.56125,13.825,1.0,13.8475,13.56125,0
2005-02-25,PETR4,PETR4,13.78625,14.2,13.725,14.13125,14.13125,12979200,13.78625,14.2,13.725,14.13125,1.0,14.2,13.725,0
2005-02-28,PETR4,PETR4,14.0,14.18125,13.515,13.90375,13.90375,12994400,14.0,14.18125,13.515,13.90375,1.0,14.18125,13.515,0
2005-03-01,PETR4,PETR4,13.6775,13.67875,13.23875,13.3325,13.3325,14491200,13.6775,13.67875,13.23875,13.3325,1.0,13.67875,13.23875,0
2005-03-02,PETR4,PETR4,13.32,13.7625,13.21125,13.7125,13.7125,12018400,13.32,13.7625,13.21125,13.7125,1.0,13.7625,13.21125,0
2005-03-03,PETR4,PETR4,13.92375,14.2,13.9,14.1875,14.1875,14554400,13.92375,14.2,13.9,14.1875,1.0,14.2,13.9,0
2005-03-04,PETR4,PETR4,14.265,14.4875,14.265,14.4125,14.4125,8479200,14.265,14.4875,14.265,14.4125,1.0,14.4875,14.265,0
2005-03-07,PETR4,PETR4,14.4375,14.6125,14.2125,14.46875,14.46875,6610400,14.4375,14.6125,14.2125,14.46875,1.0,14.6125,14.2125,0
2005-03-08,PETR4,PETR4,14.34375,14.34375,14.2125,14.3,14.3,7828000,14.34375,14.34375,14.2125,14.3,1.0,14.34375,14.2125,0
2005-03-09,PETR4,PETR4,14.1775,14.48125,14.0,14.05,14.05,7209600,14.1775,14.48125,14.0,14.05,1.0,14.48125,14.0,0
2005-03-10,PETR4,PETR4,14.0625,14.15,13.5875,13.675,13.675,9740000,14.0625,14.15,13.5875,13.675,1.0,14.15,13.5875,0
2005-03-11,PETR4,PETR4,13.79875,13.875,13.4,13.45,13.45,8628000,13.79875,13.875,13.4,13.45,1.0,13.875,13.4,0
2005-03-14,PETR4,PETR4,13.475,13.5425,13.125,13.35,13.35,10594400,13.475,13.5425,13.125,13.35,1.0,13.5425,13.125,0
2005-03-15,PETR4,PETR4,13.4125,13.4875,12.9875,13.0,13.0,11868000,13.4125,13.4875,12.9875,13.0,1.0,13.4875,12.9875,0
2005-03-16,PETR4,PETR4,12.84375,13.3,12.75,13.275,13.275,12544000,12.84375,13.3,12.75,13.275,1.0,13.3,12.75,0
2005-03-17,PETR4,PETR4,13.05,13.46125,13.05,13.41125,13.41125,8646400,13.05,13.46125,13.05,13.41125,1.0,13.46125,13.05,0
2005-03-18,PETR4,PETR4,13.41125,13.4475,13.075,13.25,13.25,7693600,13.41125,13.4475,13.075,13.25,1.0,13.4475,13.075,0
2005-03-21,PETR4,PETR4,13.255,13.2875,13.11875,13.2125,13.2125,12267200,13.255,13.2875,13.11875,13.2125,1.0,13.2875,13.11875,0
2005-03-22,PETR4,PETR4,13.25125,13.3125,12.75,12.85125,12.85125,12608800,13.25125,13.3125,12.75,12.85125,1.0,13.3125,12.75,0
2005-03-23,PETR4,PETR4,12.9,12.9125,12.625,12.6625,12.6625,12380000,12.9,12.9125,12.625,12.6625,1.0,12.9125,12.625,0
2005-03-24,PETR4,PETR4,12.87625,12.95,12.67625,12.825,12.825,5578400,12.87625,12.95,12.67625,12.825,1.0,12.95,12.67625,0
2005-03-28,PETR4,PETR4,12.775,12.82375,12.59375,12.59375,12.59375,5016000,12.775,12.82375,12.59375,12.59375,1.0,12.82375,12.59375,0
2005-03-29,PETR4,PETR4,12.675,12.84375,12.325,12.4,12.4,7905600,12.675,12.84375,12.325,12.4,1.0,12.84375,12.325,0
2005-03-30,PETR4,PETR4,12.4625,12.7125,12.3525,12.675,12.675,8618400,12.4625,12.7125,12.3525,12.675,1.0,12.7125,12.3525,0
2005-03-31,PETR4,PETR4,12.79875,12.975,12.6875,12.89375,12.89375,8289600,12.79875,12.975,12.6875,12.89375,1.0,12.975,12.6875,0
2005-04-01,PETR4,PETR4,12.99375,13.1,12.8125,12.9875,12.9875,10147200,12.99375,13.1,12.8125,12.9875,1.0,13.1,12.8125,0
2005-04-04,PETR4,PETR4,13.0,13.22,12.875,12.9875,12.9875,7673600,13.0,13.22,12.875,12.9875,1.0,13.22,12.875,0
2005-04-05,PETR4,PETR4,13.0,13.15,12.625,12.66375,12.66375,7292800,13.0,13.15,12.625,12.66375,1.0,13.15,12.625,0
2005-04-06,PETR4,PETR4,12.75,12.87375,12.5,12.65,12.65,8916000,12.75,12.87375,12.5,12.65,1.0,12.87375,12.5,0
2005-04-07,PETR4,PETR4,12.83625,12.83625,12.45,12.68,12.68,8384000,12.83625,12.83625,12.45,12.68,1.0,12.83625,12.45,0
2005-04-08,PETR4,PETR4,12.75,12.75,12.4625,12.5,12.5,5064800,12.75,12.75,12.4625,12.5,1.0,12.75,12.4625,0
2005-04-11,PETR4,PETR4,12.49875,12.65625,12.44125,12.5625,12.5625,5584800,12.49875,12.65625,12.44125,12.5625,1.0,12.65625,12.44125,0
2005-04-12,PETR4,PETR4,12.5625,12.58,12.31375,12.5,12.5,8901600,12.5625,12.58,12.31375,12.5,1.0,12.58,12.31375,0
2005-04-13,PETR4,PETR4,12.625,12.65,12.25,12.25,12.25,13574400,12.625,12.65,12.25,12.25,1.0,12.65,12.25,0
2005-04-14,PETR4,PETR4,12.24875,12.525,11.85,11.92125,11.92125,9358400,12.24875,12.525,11.85,11.92125,1.0,12.525,11.85,0
2005-04-15,PETR4,PETR4,11.7525,12.00125,11.6875,11.725,11.725,7350400,11.7525,12.00125,11.6875,11.725,1.0,12.00125,11.6875,0
2005-04-18,PETR4,PETR4,11.875,11.875,11.525,11.61125,11.61125,9694400,11.875,11.875,11.525,11.61125,1.0,11.875,11.525,0
2005-04-19,PETR4,PETR4,11.75,11.99875,11.67625,11.99875,11.99875,8976800,11.75,11.99875,11.67625,11.99875,1.0,11.99875,11.67625,0
2005-04-20,PETR4,PETR4,12.0,12.10125,11.84375,11.84375,11.84375,5556000,12.0,12.10125,11.84375,11.84375,1.0,12.10125,11.84375,0
2005-04-22,PETR4,PETR4,11.9125,12.11125,11.63,11.6375,11.6375,3949600,11.9125,12.11125,11.63,11.6375,1.0,12.11125,11.63,0
2005-04-25,PETR4,PETR4,11.65,12.07375,11.65,11.98625,11.98625,5624000,11.65,12.07375,11.65,11.98625,1.0,12.07375,11.65,0
2005-04-26,PETR4,PETR4,11.94375,12.175,11.9,12.1125,12.1125,7291200,11.94375,12.175,11.9,12.1125,1.0,12.175,11.9,0
2005-04-27,PETR4,PETR4,12.025,12.1125,11.775,11.775,11.775,7394400,12.025,12.1125,11.775,11.775,1.0,12.1125,11.775,0
2005-04-28,PETR4,PETR4,11.735,11.735,11.4125,11.4875,11.4875,8148000,11.735,11.735,11.4125,11.4875,1.0,11.735,11.4125,0
2005-04-29,PETR4,PETR4,11.7,11.8125,11.475,11.8125,11.8125,7074400,11.7,11.8125,11.475,11.8125,1.0,11.8125,11.475,0
2005-05-02,PETR4,PETR4,11.81125,11.81125,11.475,11.775,11.775,4764000,11.81125,11.81125,11.475,11.775,1.0,11.81125,11.475,0
2005-05-03,PETR4,PETR4,11.775,11.825,11.56875,11.7275,11.7275,5704000,11.775,11.825,11.56875,11.7275,1.0,11.825,11.56875,0
2005-05-04,PETR4,PETR4,11.75,11.97125,11.75,11.90375,11.90375,6830400,11.75,11.97125,11.75,11.90375,1.0,11.97125,11.75,0
2005-05-05,PETR4,PETR4,12.0,12.125,11.925,12.125,12.125,7922400,12.0,12.125,11.925,12.125,1.0,12.125,11.925,0
2005-05-06,PETR4,PETR4,12.18875,12.475,12.1875,12.34125,12.34125,7302400,12.18875,12.475,12.1875,12.34125,1.0,12.475,12.1875,0
2005-05-09,PETR4,PETR4,12.375,12.40375,12.25,12.3625,12.3625,4064000,12.375,12.40375,12.25,12.3625,1.0,12.40375,12.25,0
2005-05-10,PETR4,PETR4,12.375,12.37625,12.0875,12.0875,12.0875,6292000,12.375,12.37625,12.0875,12.0875,1.0,12.37625,12.0875,0
2005-05-11,PETR4,PETR4,12.13875,12.21625,11.96375,12.1125,12.1125,7111200,12.13875,12.21625,11.96375,12.1125,1.0,12.21625,11.96375,0
2005-05-12,PETR4,PETR4,12.15,12.25,11.8,11.875,11.875,9916800,12.15,12.25,11.8,11.875,1.0,12.25,11.8,0
2005-05-13,PETR4,PETR4,11.8725,11.8875,11.50125,11.5625,11.5625,10393600,11.8725,11.8875,11.50125,11.5625,1.0,11.8875,11.50125,0
2005-05-16,PETR4,PETR4,11.6625,11.725,11.5375,11.72,11.72,10196000,11.6625,11.725,11.5375,11.72,1.0,11.725,11.5375,0
2005-05-17,PETR4,PETR4,11.72,12.0625,11.6275,12.01875,12.01875,6272000,11.72,12.0625,11.6275,12.01875,1.0,12.0625,11.6275,0
2005-05-18,PETR4,PETR4,12.11875,12.25,12.025,12.1375,12.1375,8558400,12.11875,12.25,12.025,12.1375,1.0,12.25,12.025,0
2005-05-19,PETR4,PETR4,12.0625,12.25125,11.99375,12.25125,12.25125,5004800,12.0625,12.25125,11.99375,12.25125,1.0,12.25125,11.99375,0
2005-05-20,PETR4,PETR4,12.25,12.3625,12.2,12.275,12.275,4031200,12.25,12.3625,12.2,12.275,1.0,12.3625,12.2,0
2005-05-23,PETR4,PETR4,12.275,12.275,12.01875,12.01875,12.01875,3468800,12.275,12.275,12.01875,12.01875,1.0,12.275,12.01875,0
2005-05-24,PETR4,PETR4,11.9625,12.25,11.90125,12.2375,12.2375,4142400,11.9625,12.25,11.90125,12.2375,1.0,12.25,11.90125,0
2005-05-25,PETR4,PETR4,12.25625,12.39375,12.225,12.33125,12.33125,5889600,12.25625,12.39375,12.225,12.33125,1.0,12.39375,12.225,0
2005-05-27,PETR4,PETR4,12.42125,12.6225,12.4125,12.6,12.6,5080800,12.42125,12.6225,12.4125,12.6,1.0,12.6225,12.4125,0
2005-05-30,PETR4,PETR4,12.50625,12.7375,12.50625,12.6625,12.6625,3672000,12.50625,12.7375,12.50625,12.6625,1.0,12.7375,12.50625,0
2005-05-31,PETR4,PETR4,12.675,12.705,12.53875,12.56875,12.56875,10466400,12.675,12.705,12.53875,12.56875,1.0,12.705,12.53875,0
2005-06-01,PETR4,PETR4,12.6,12.9625,12.6,12.95,12.95,8766400,12.6,12.9625,12.6,12.95,1.0,12.9625,12.6,0
2005-06-02,PETR4,PETR4,12.94875,13.0875,12.90625,13.0125,13.0125,9120800,12.94875,13.0875,12.90625,13.0125,1.0,13.0875,12.90625,0
2005-06-03,PETR4,PETR4,13.0125,13.025,12.7875,12.9975,12.9975,5627200,13.0125,13.025,12.7875,12.9975,1.0,13.025,12.7875,0
2005-06-06,PETR4,PETR4,12.78125,12.9125,12.64,12.85625,12.85625,9485600,12.78125,12.9125,12.64,12.85625,1.0,12.9125,12.64,0
2005-06-07,PETR4,PETR4,12.7375,12.7375,12.51375,12.525,12.525,10879200,12.7375,12.7375,12.51375,12.525,1.0,12.7375,12.51375,0
2005-06-08,PETR4,PETR4,12.6875,12.725,12.48875,12.5375,12.5375,10372000,12.6875,12.725,12.48875,12.5375,1.0,12.725,12.48875,0
2005-06-09,PETR4,PETR4,12.4875,12.70875,12.3625,12.65,12.65,8215200,12.4875,12.70875,12.3625,12.65,1.0,12.70875,12.3625,0
2005-06-10,PETR4,PETR4,12.65,12.8375,12.65,12.7125,12.7125,4932000,12.65,12.8375,12.65,12.7125,1.0,12.8375,12.65,0
2005-06-13,PETR4,PETR4,12.75,12.83875,12.62625,12.645,12.645,4906400,12.75,12.83875,12.62625,12.645,1.0,12.83875,12.62625,0
2005-06-14,PETR4,PETR4,12.625,12.8975,12.6175,12.875,12.875,12184800,12.625,12.8975,12.6175,12.875,1.0,12.8975,12.6175,0
2005-06-15,PETR4,PETR4,12.835,13.0,12.68875,12.99375,12.99375,9567200,12.835,13.0,12.68875,12.99375,1.0,13.0,12.68875,0
2005-06-16,PETR4,PETR4,13.0625,13.22875,12.93875,13.1875,13.1875,9844800,13.0625,13.22875,12.93875,13.1875,1.0,13.22875,12.93875,0
2005-06-17,PETR4,PETR4,13.375,13.4625,13.25625,13.4625,13.4625,12335200,13.375,13.4625,13.25625,13.4625,1.0,13.4625,13.25625,0
2005-06-20,PETR4,PETR4,13.4875,13.725,13.45,13.6625,13.6625,17334400,13.4875,13.725,13.45,13.6625,1.0,13.725,13.45,0
2005-06-21,PETR4,PETR4,13.6875,13.7,13.55,13.61125,13.61125,9823200,13.6875,13.7,13.55,13.61125,1.0,13.7,13.55,0
2005-06-22,PETR4,PETR4,13.64375,13.75,13.475,13.75,13.75,8570400,13.64375,13.75,13.475,13.75,1.0,13.75,13.475,0
2005-06-23,PETR4,PETR4,13.7,13.8125,13.49875,13.52375,13.52375,12801600,13.7,13.8125,13.49875,13.52375,1.0,13.8125,13.49875,0
2005-06-24,PETR4,PETR4,13.5,13.6375,13.22375,13.3125,13.3125,10429600,13.5,13.6375,13.22375,13.3125,1.0,13.6375,13.22375,0
2005-06-27,PETR4,PETR4,13.16625,13.87125,13.16625,13.85,13.85,10457600,13.16625,13.87125,13.16625,13.85,1.0,13.87125,13.16625,0
2005-06-28,PETR4,PETR4,13.85,13.8625,13.6375,13.6875,13.6875,8871200,13.85,13.8625,13.6375,13.6875,1.0,13.8625,13.6375,0
2005-06-29,PETR4,PETR4,13.68625,13.78125,13.525,13.57625,13.57625,5496000,13.68625,13.78125,13.525,13.57625,1.0,13.78125,13.525,0
2005-06-30,PETR4,PETR4,13.625,13.70625,13.4125,13.4125,13.4125,5974400,13.625,13.70625,13.4125,13.4125,1.0,13.70625,13.4125,0
2005-07-01,PETR4,PETR4,13.3625,13.57125,13.20125,13.52375,13.52375,5780000,13.3625,13.57125,13.20125,13.52375,1.0,13.57125,13.20125,0
2005-07-04,PETR4,PETR4,13.4125,13.52375,13.34,13.5125,13.5125,2338400,13.4125,13.52375,13.34,13.5125,1.0,13.52375,13.34,0
2005-07-05,PETR4,PETR4,13.5,13.8375,13.4375,13.6625,13.6625,10977600,13.5,13.8375,13.4375,13.6625,1.0,13.8375,13.4375,0
2005-07-06,PETR4,PETR4,13.575,13.8,13.575,13.61375,13.61375,10092800,13.575,13.8,13.575,13.61375,1.0,13.8,13.575,0
2005-07-07,PETR4,PETR4,13.375,13.5625,13.27625,13.325,13.325,12176800,13.375,13.5625,13.27625,13.325,1.0,13.5625,13.27625,0
2005-07-08,PETR4,PETR4,13.38125,13.6625,13.38125,13.56375,13.56375,9754400,13.38125,13.6625,13.38125,13.56375,1.0,13.6625,13.38125,0
2005-07-11,PETR4,PETR4,13.525,13.6025,13.45,13.49875,13.49875,11314400,13.525,13.6025,13.45,13.49875,1.0,13.6025,13.45,0
2005-07-12,PETR4,PETR4,13.5625,13.7725,13.51125,13.75,13.75,10711200,13.5625,13.7725,13.51125,13.75,1.0,13.7725,13.51125,0
2005-07-13,PETR4,PETR4,13.7275,13.8625,13.675,13.7275,13.7275,7443200,13.7275,13.8625,13.675,13.7275,1.0,13.8625,13.675,0
2005-07-14,PETR4,PETR4,13.81125,13.81125,13.33125,13.5,13.5,10535200,13.81125,13.81125,13.33125,13.5,1.0,13.81125,13.33125,0
2005-07-15,PETR4,PETR4,13.425,13.425,13.1,13.1,13.1,7136800,13.425,13.425,13.1,13.1,1.0,13.425,13.1,0
2005-07-18,PETR4,PETR4,13.05625,13.15,12.95,13.0125,13.0125,9478400,13.05625,13.15,12.95,13.0125,1.0,13.15,12.95,0
2005-07-19,PETR4,PETR4,13.0025,13.0875,12.9,13.0625,13.0625,7248000,13.0025,13.0875,12.9,13.0625,1.0,13.0875,12.9,0
2005-07-20,PETR4,PETR4,12.975,13.225,12.95,13.125,13.125,7890400,12.975,13.225,12.95,13.125,1.0,13.225,12.95,0
2005-07-21,PETR4,PETR4,13.1875,13.34375,13.06875,13.29375,13.29375,5134400,13.1875,13.34375,13.06875,13.29375,1.0,13.34375,13.06875,0
2005-07-22,PETR4,PETR4,13.29375,13.50625,13.15375,13.4875,13.4875,10342400,13.29375,13.50625,13.15375,13.4875,1.0,13.50625,13.15375,0
2005-07-25,PETR4,PETR4,13.25,13.3125,13.0875,13.2,13.2,19826400,13.25,13.3125,13.0875,13.2,1.0,13.3125,13.0875,0
2005-07-26,PETR4,PETR4,13.0625,13.3125,13.025,13.24375,13.24375,5940800,13.0625,13.3125,13.025,13.24375,1.0,13.3125,13.025,0
2005-07-27,PETR4,PETR4,13.25,13.5825,13.25,13.5825,13.5825,7755200,13.25,13.5825,13.25,13.5825,1.0,13.5825,13.25,0
2005-07-28,PETR4,PETR4,13.625,13.89875,13.55,13.8,13.8,9593600,13.625,13.89875,13.55,13.8,1.0,13.89875,13.55,0
2005-07-29,PETR4,PETR4,13.7625,13.8725,13.575,13.6225,13.6225,6000800,13.7625,13.8725,13.575,13.6225,1.0,13.8725,13.575,0
2005-08-01,PETR4,PETR4,13.6125,13.9875,13.5375,13.905,13.905,10324800,13.6125,13.9875,13.5375,13.905,1.0,13.9875,13.5375,0
2005-08-02,PETR4,PETR4,13.94375,14.225,13.94375,14.215,14.215,8158400,13.94375,14.225,13.94375,14.215,1.0,14.225,13.94375,0
2005-08-03,PETR4,PETR4,14.265,14.49875,14.2625,14.3,14.3,10164000,14.265,14.49875,14.2625,14.3,1.0,14.49875,14.2625,0
2005-08-04,PETR4,PETR4,14.1875,14.32375,14.11375,14.15,14.15,6393600,14.1875,14.32375,14.11375,14.15,1.0,14.32375,14.11375,0
2005-08-05,PETR4,PETR4,14.25,14.34875,14.1775,14.275,14.275,6220000,14.25,14.34875,14.1775,14.275,1.0,14.34875,14.1775,0
2005-08-08,PETR4,PETR4,14.2925,14.59375,14.2925,14.54375,14.54375,6576000,14.2925,14.59375,14.2925,14.54375,1.0,14.59375,14.2925,0
2005-08-09,PETR4,PETR4,14.61375,14.78125,14.5625,14.77625,14.77625,8952000,14.61375,14.78125,14.5625,14.77625,1.0,14.78125,14.5625,0
2005-08-10,PETR4,PETR4,14.875,14.9875,14.75,14.85,14.85,10104000,14.875,14.9875,14.75,14.85,1.0,14.9875,14.75,0
2005-08-11,PETR4,PETR4,14.97375,15.24875,14.83625,15.025,15.025,11583200,14.97375,15.24875,14.83625,15.025,1.0,15.24875,14.83625,0
2005-08-12,PETR4,PETR4,14.6875,15.3,14.575,15.3,15.3,13581600,14.6875,15.3,14.575,15.3,1.0,15.3,14.575,0
2005-08-15,PETR4,PETR4,15.48,15.5,15.02,15.37375,15.37375,17119200,15.48,15.5,15.02,15.37375,1.0,15.5,15.02,0
2005-08-16,PETR4,PETR4,15.31125,15.4375,15.0725,15.1,15.1,7820000,15.31125,15.4375,15.0725,15.1,1.0,15.4375,15.0725,0
2005-08-17,PETR4,PETR4,15.12375,15.225,14.7625,14.7625,14.7625,14913600,15.12375,15.225,14.7625,14.7625,1.0,15.225,14.7625,0
2005-08-18,PETR4,PETR4,14.78125,15.04125,14.7,14.76875,14.76875,8772800,14.78125,15.04125,14.7,14.76875,1.0,15.04125,14.7,0
2005-08-19,PETR4,PETR4,14.8,15.02875,14.5,14.975,14.975,15396800,14.8,15.02875,14.5,14.975,1.0,15.02875,14.5,0
2005-08-22,PETR4,PETR4,15.1,15.3925,15.02625,15.275,15.275,8823200,15.1,15.3925,15.02625,15.275,1.0,15.3925,15.02625,0
2005-08-23,PETR4,PETR4,15.2375,15.3625,15.01625,15.03875,15.03875,5652000,15.2375,15.3625,15.01625,15.03875,1.0,15.3625,15.01625,0
2005-08-24,PETR4,PETR4,14.9875,15.4625,14.9,15.4625,15.4625,9732000,14.9875,15.4625,14.9,15.4625,1.0,15.4625,14.9,0
2005-08-25,PETR4,PETR4,15.54375,15.65,15.40125,15.525,15.525,9527200,15.54375,15.65,15.40125,15.525,1.0,15.65,15.40125,0
2005-08-26,PETR4,PETR4,15.5,15.55,15.15,15.22625,15.22625,6490400,15.5,15.55,15.15,15.22625,1.0,15.55,15.15,0
2005-08-29,PETR4,PETR4,15.5125,15.6,15.4,15.5625,15.5625,6177600,15.5125,15.6,15.4,15.5625,1.0,15.6,15.4,0
2005-08-30,PETR4,PETR4,15.59,15.86875,15.5875,15.86875,15.86875,9166400,15.59,15.86875,15.5875,15.86875,1.0,15.86875,15.5875,0
2005-08-31,PETR4,PETR4,15.86875,16.25,15.86875,16.25,16.25,14175200,15.86875,16.25,15.86875,16.25,1.0,16.25,15.86875,0
2005-09-01,PETR4,PETR4,16.255,16.455,16.105,16.15,16.15,10062800,16.255,16.455,16.105,16.15,1.0,16.455,16.105,0
2005-09-02,PETR4,PETR4,16.26,16.3,15.915,16.05,16.05,11883000,16.26,16.3,15.915,16.05,1.0,16.3,15.915,0
2005-09-05,PETR4,PETR4,16.105,16.35,15.985,16.245,16.245,4754600,16.105,16.35,15.985,16.245,1.0,16.35,15.985,0
2005-09-06,PETR4,PETR4,16.27,16.415,16.175,16.365,16.365,10618400,16.27,16.415,16.175,16.365,1.0,16.415,16.175,0
2005-09-08,PETR4,PETR4,16.325,16.425,16.25,16.355,16.355,5904000,16.325,16.425,16.25,16.355,1.0,16.425,16.25,0
2005-09-09,PETR4,PETR4,16.425,16.985,16.415,16.925,16.925,9623200,16.425,16.985,16.415,16.925,1.0,16.985,16.415,0
2005-09-12,PETR4,PETR4,17.2,17.25,16.95,17.0,17.0,10115000,17.2,17.25,16.95,17.0,1.0,17.25,16.95,0
2005-09-13,PETR4,PETR4,17.05,17.15,16.825,16.825,16.825,5301400,17.05,17.15,16.825,16.825,1.0,17.15,16.825,0
2005-09-14,PETR4,PETR4,16.83,17.1,16.83,17.09,17.09,6429400,16.83,17.1,16.83,17.09,1.0,17.1,16.83,0
2005-09-15,PETR4,PETR4,17.245,17.35,17.145,17.16,17.16,8826000,17.245,17.35,17.145,17.16,1.0,17.35,17.145,0
2005-09-16,PETR4,PETR4,17.215,17.445,17.05,17.385,17.385,7578400,17.215,17.445,17.05,17.385,1.0,17.445,17.05,0
2005-09-19,PETR4,PETR4,17.305,17.83,17.2,17.825,17.825,10933000,17.305,17.83,17.2,17.825,1.0,17.83,17.2,0
2005-09-20,PETR4,PETR4,17.83,17.9,17.675,17.835,17.835,7729200,17.83,17.9,17.675,17.835,1.0,17.9,17.675,0
2005-09-21,PETR4,PETR4,17.795,18.505,17.705,18.505,18.505,11445600,17.795,18.505,17.705,18.505,1.0,18.505,17.705,0
2005-09-22,PETR4,PETR4,18.57,18.745,17.855,18.02,18.02,14208000,18.57,18.745,17.855,18.02,1.0,18.745,17.855,0
2005-09-23,PETR4,PETR4,18.24,18.245,17.765,17.89,17.89,11067600,18.24,18.245,17.765,17.89,1.0,18.245,17.765,0
2005-09-26,PETR4,PETR4,17.845,17.845,17.255,17.6,17.6,11114200,17.845,17.845,17.255,17.6,1.0,17.845,17.255,0
2005-09-27,PETR4,PETR4,17.545,17.99,17.33,17.99,17.99,9084400,17.545,17.99,17.33,17.99,1.0,17.99,17.33,0
2005-09-28,PETR4,PETR4,18.13,18.325,18.015,18.21,18.21,7763600,18.13,18.325,18.015,18.21,1.0,18.325,18.015,0
2005-09-29,PETR4,PETR4,18.37,18.37,17.755,17.77,17.77,9731400,18.37,18.37,17.755,17.77,1.0,18.37,17.755,0
2005-09-30,PETR4,PETR4,17.805,17.875,17.555,17.825,17.825,6944600,17.805,17.875,17.555,17.825,1.0,17.875,17.555,0
2005-10-03,PETR4,PETR4,17.85,18.055,17.71,18.0,18.0,6609800,17.85,18.055,17.71,18.0,1.0,18.055,17.71,0
2005-10-04,PETR4,PETR4,18.0,18.05,17.275,17.3,17.3,13114400,18.0,18.05,17.275,17.3,1.0,18.05,17.275,0
2005-10-05,PETR4,PETR4,17.295,17.34,16.375,16.375,16.375,14749800,17.295,17.34,16.375,16.375,1.0,17.34,16.375,0
2005-10-06,PETR4,PETR4,16.42,16.42,15.375,15.75,15.75,23331000,16.42,16.42,15.375,15.75,1.0,16.42,15.375,0
2005-10-07,PETR4,PETR4,16.25,16.25,15.8,15.85,15.85,14678800,16.25,16.25,15.8,15.85,1.0,16.25,15.8,0
2005-10-10,PETR4,PETR4,16.075,16.195,15.65,15.75,15.75,10198600,16.075,16.195,15.65,15.75,1.0,16.195,15.65,0
2005-10-11,PETR4,PETR4,16.1,16.29,15.9,16.05,16.05,14073400,16.1,16.29,15.9,16.05,1.0,16.29,15.9,0
2005-10-13,PETR4,PETR4,15.645,15.875,15.275,15.7,15.7,12883200,15.645,15.875,15.275,15.7,1.0,15.875,15.275,0
2005-10-14,PETR4,PETR4,16.0,16.0,15.2,15.59,15.59,12537400,16.0,16.0,15.2,15.59,1.0,16.0,15.2,0
2005-10-17,PETR4,PETR4,15.8,16.07,15.675,16.07,16.07,13894000,15.8,16.07,15.675,16.07,1.0,16.07,15.675,0
2005-10-18,PETR4,PETR4,16.1,16.25,15.2,15.2,15.2,12731800,16.1,16.25,15.2,15.2,1.0,16.25,15.2,0
2005-10-19,PETR4,PETR4,15.2,15.785,14.95,15.5,15.5,14594200,15.2,15.785,14.95,15.5,1.0,15.785,14.95,0
2005-10-20,PETR4,PETR4,15.8,15.92,14.625,14.73,14.73,14857200,15.8,15.92,14.625,14.73,1.0,15.92,14.625,0
2005-10-21,PETR4,PETR4,14.99,15.34,14.855,15.29,15.29,8512200,14.99,15.34,14.855,15.29,1.0,15.34,14.855,0
2005-10-24,PETR4,PETR4,15.225,16.135,15.225,16.135,16.135,8390200,15.225,16.135,15.225,16.135,1.0,16.135,15.225,0
2005-10-25,PETR4,PETR4,16.0,16.35,15.765,16.06,16.06,7880000,16.0,16.35,15.765,16.06,1.0,16.35,15.765,0
2005-10-26,PETR4,PETR4,15.875,16.32,15.65,16.0,16.0,6852400,15.875,16.32,15.65,16.0,1.0,16.32,15.65,0
2005-10-27,PETR4,PETR4,16.1,16.225,15.505,15.53,15.53,6493600,16.1,16.225,15.505,15.53,1.0,16.225,15.505,0
2005-10-28,PETR4,PETR4,15.825,15.9,15.575,15.575,15.575,7610200,15.825,15.9,15.575,15.575,1.0,15.9,15.575,0
2005-10-31,PETR4,PETR4,15.755,16.105,15.575,16.105,16.105,7273800,15.755,16.105,15.575,16.105,1.0,16.105,15.575,0
2005-11-01,PETR4,PETR4,16.195,16.675,16.0,16.36,16.36,14807000,16.195,16.675,16.0,16.36,1.0,16.675,16.0,0
2005-11-03,PETR4,PETR4,16.5,16.85,16.41,16.8,16.8,11648800,16.5,16.85,16.41,16.8,1.0,16.85,16.41,0
2005-11-04,PETR4,PETR4,16.675,16.945,16.205,16.325,16.325,12502600,16.675,16.945,16.205,16.325,1.0,16.945,16.205,0
2005-11-07,PETR4,PETR4,16.5,16.65,15.955,16.175,16.175,9819200,16.5,16.65,15.955,16.175,1.0,16.65,15.955,0
2005-11-08,PETR4,PETR4,16.275,16.465,15.955,16.45,16.45,7743000,16.275,16.465,15.955,16.45,1.0,16.465,15.955,0
2005-11-09,PETR4,PETR4,16.595,16.635,16.03,16.42,16.42,10744800,16.595,16.635,16.03,16.42,1.0,16.635,16.03,0
2005-11-10,PETR4,PETR4,16.275,16.49,15.655,15.895,15.895,16270800,16.275,16.49,15.655,15.895,1.0,16.49,15.655,0
2005-11-11,PETR4,PETR4,15.8,16.005,15.255,15.425,15.425,15317400,15.8,16.005,15.255,15.425,1.0,16.005,15.255,0
2005-11-14,PETR4,PETR4,15.255,15.75,14.99,15.545,15.545,5813000,15.255,15.75,14.99,15.545,1.0,15.75,14.99,0
2005-11-16,PETR4,PETR4,15.47,16.0,15.425,16.0,16.0,7075400,15.47,16.0,15.425,16.0,1.0,16.0,15.425,0
2005-11-17,PETR4,PETR4,16.255,16.46,16.105,16.255,16.255,10317800,16.255,16.46,16.105,16.255,1.0,16.46,16.105,0
2005-11-18,PETR4,PETR4,16.305,16.375,16.09,16.35,16.35,7579800,16.305,16.375,16.09,16.35,1.0,16.375,16.09,0
2005-11-21,PETR4,PETR4,16.49,16.525,16.28,16.52,16.52,8554800,16.49,16.525,16.28,16.52,1.0,16.525,16.28,0
2005-11-22,PETR4,PETR4,16.37,17.1,16.255,17.1,17.1,13915400,16.37,17.1,16.255,17.1,1.0,17.1,16.255,0
2005-11-23,PETR4,PETR4,17.1,17.29,16.975,17.275,17.275,10156200,17.1,17.29,16.975,17.275,1.0,17.29,16.975,0
2005-11-24,PETR4,PETR4,17.175,17.31,17.01,17.125,17.125,4934000,17.175,17.31,17.01,17.125,1.0,17.31,17.01,0
2005-11-25,PETR4,PETR4,17.2,17.25,17.11,17.135,17.135,4938600,17.2,17.25,17.11,17.135,1.0,17.25,17.11,0
2005-11-28,PETR4,PETR4,17.205,17.345,16.5,16.505,16.505,8702200,17.205,17.345,16.5,16.505,1.0,17.345,16.5,0
2005-11-29,PETR4,PETR4,16.585,16.84,16.35,16.825,16.825,7994600,16.585,16.84,16.35,16.825,1.0,16.84,16.35,0
2005-11-30,PETR4,PETR4,16.725,17.125,16.525,17.125,17.125,10202000,16.725,17.125,16.525,17.125,1.0,17.125,16.525,0
2005-12-01,PETR4,PETR4,17.22,17.55,17.075,17.5,17.5,10482000,17.22,17.55,17.075,17.5,1.0,17.55,17.075,0
2005-12-02,PETR4,PETR4,17.675,17.94,17.65,17.79,17.79,11421600,17.675,17.94,17.65,17.79,1.0,17.94,17.65,0
2005-12-05,PETR4,PETR4,17.85,18.0,17.675,17.745,17.745,6852000,17.85,18.0,17.675,17.745,1.0,18.0,17.675,0
2005-12-06,PETR4,PETR4,17.85,18.05,17.475,17.95,17.95,12094200,17.85,18.05,17.475,17.95,1.0,18.05,17.475,0
2005-12-07,PETR4,PETR4,17.95,18.14,17.775,17.815,17.815,8729600,17.95,18.14,17.775,17.815,1.0,18.14,17.775,0
2005-12-08,PETR4,PETR4,17.825,18.2,17.67,17.97,17.97,9704600,17.825,18.2,17.67,17.97,1.0,18.2,17.67,0
2005-12-09,PETR4,PETR4,18.05,18.125,17.92,18.05,18.05,5065400,18.05,18.125,17.92,18.05,1.0,18.125,17.92,0
2005-12-12,PETR4,PETR4,18.15,18.445,18.025,18.145,18.145,7835200,18.15,18.445,18.025,18.145,1.0,18.445,18.025,0
2005-12-13,PETR4,PETR4,18.1,18.375,17.855,18.27,18.27,8344800,18.1,18.375,17.855,18.27,1.0,18.375,17.855,0
2005-12-14,PETR4,PETR4,18.25,18.475,18.25,18.425,18.425,8384800,18.25,18.475,18.25,18.425,1.0,18.475,18.25,0
2005-12-15,PETR4,PETR4,18.345,18.475,18.125,18.15,18.15,6135800,18.345,18.475,18.125,18.15,1.0,18.475,18.125,0
2005-12-16,PETR4,PETR4,18.2,18.39,18.145,18.15,18.15,7769400,18.2,18.39,18.145,18.15,1.0,18.39,18.145,0
2005-12-19,PETR4,PETR4,18.13,18.35,18.025,18.145,18.145,12959800,18.13,18.35,18.025,18.145,1.0,18.35,18.025,0
2005-12-20,PETR4,PETR4,18.05,18.25,17.97,18.15,18.15,5057600,18.05,18.25,17.97,18.15,1.0,18.25,17.97,0
2005-12-21,PETR4,PETR4,18.35,18.54,18.25,18.405,18.405,5782000,18.35,18.54,18.25,18.405,1.0,18.54,18.25,0
2005-12-22,PETR4,PETR4,18.4,18.6,18.37,18.45,18.45,4710600,18.4,18.6,18.37,18.45,1.0,18.6,18.37,0
2005-12-23,PETR4,PETR4,18.545,18.575,18.2,18.325,18.325,4432000,18.545,18.575,18.2,18.325,1.0,18.575,18.2,0
2005-12-26,PETR4,PETR4,18.345,18.4,18.22,18.27,18.27,1668000,18.345,18.4,18.22,18.27,1.0,18.4,18.22,0
2005-12-27,PETR4,PETR4,18.285,18.425,18.055,18.15,18.15,5725600,18.285,18.425,18.055,18.15,1.0,18.425,18.055,0
2005-12-28,PETR4,PETR4,18.4,18.485,18.31,18.45,18.45,7272800,18.4,18.485,18.31,18.45,1.0,18.485,18.31,0
2005-12-29,PETR4,PETR4,18.46,18.74,18.46,18.605,18.605,5867000,18.46,18.74,18.46,18.605,1.0,18.74,18.46,0
2006-01-02,PETR4,PETR4,18.41,19.045,18.365,19.045,19.045,5251800,18.41,19.045,18.365,19.045,1.0,19.045,18.365,0
2006-01-03,PETR4,PETR4,19.16,19.665,19.15,19.645,19.645,11311200,19.16,19.665,19.15,19.645,1.0,19.665,19.15,0
2006-01-04,PETR4,PETR4,19.645,19.795,19.53,19.74,19.74,9079800,19.645,19.795,19.53,19.74,1.0,19.795,19.53,0
2006-01-05,PETR4,PETR4,19.505,19.885,19.505,19.7,19.7,8110200,19.505,19.885,19.505,19.7,1.0,19.885,19.505,0
2006-01-06,PETR4,PETR4,19.77,20.445,19.77,20.425,20.425,12021400,19.77,20.445,19.77,20.425,1.0,20.445,19.77,0
2006-01-09,PETR4,PETR4,20.345,20.65,20.18,20.42,20.42,8861800,20.345,20.65,20.18,20.42,1.0,20.65,20.18,0
2006-01-10,PETR4,PETR4,20.325,20.625,20.225,20.455,20.455,13595400,20.325,20.625,20.225,20.455,1.0,20.625,20.225,0
2006-01-11,PETR4,PETR4,20.625,21.225,20.605,21.15,21.15,15159600,20.625,21.225,20.605,21.15,1.0,21.225,20.605,0
2006-01-12,PETR4,PETR4,21.145,21.795,20.95,21.325,21.325,16281000,21.145,21.795,20.95,21.325,1.0,21.795,20.95,0
2006-01-13,PETR4,PETR4,21.425,21.62,21.08,21.3,21.3,7973000,21.425,21.62,21.08,21.3,1.0,21.62,21.08,0
2006-01-16,PETR4,PETR4,21.305,21.895,21.305,21.725,21.725,10431200,21.305,21.895,21.305,21.725,1.0,21.895,21.305,0
2006-01-17,PETR4,PETR4,21.595,22.005,21.125,21.4,21.4,12386200,21.595,22.005,21.125,21.4,1.0,22.005,21.125,0
2006-01-18,PETR4,PETR4,21.1,21.325,20.86,21.19,21.19,9941200,21.1,21.325,20.86,21.19,1.0,21.325,20.86,0
2006-01-19,PETR4,PETR4,21.75,21.99,21.6,21.85,21.85,10657400,21.75,21.99,21.6,21.85,1.0,21.99,21.6,0
2006-01-20,PETR4,PETR4,21.705,22.14,21.705,22.125,22.125,6892600,21.705,22.14,21.705,22.125,1.0,22.14,21.705,0
2006-01-23,PETR4,PETR4,22.0,22.375,21.9,22.35,22.35,7952600,22.0,22.375,21.9,22.35,1.0,22.375,21.9,0
2006-01-24,PETR4,PETR4,22.475,23.04,22.475,22.775,22.775,10833600,22.475,23.04,22.475,22.775,1.0,23.04,22.475,0
2006-01-26,PETR4,PETR4,22.625,22.805,22.385,22.75,22.75,12630800,22.625,22.805,22.385,22.75,1.0,22.805,22.385,0
2006-01-27,PETR4,PETR4,23.15,23.2,22.435,22.495,22.495,13660400,23.15,23.2,22.435,22.495,1.0,23.2,22.435,0
2006-01-30,PETR4,PETR4,22.6,23.2,22.4,23.165,23.165,10466800,22.6,23.2,22.4,23.165,1.0,23.2,22.4,0
2006-01-31,PETR4,PETR4,23.15,23.5,22.975,23.5,23.5,13442400,23.15,23.5,22.975,23.5,1.0,23.5,22.975,0
2006-02-01,PETR4,PETR4,23.5,23.65,23.25,23.375,23.375,12197600,23.5,23.65,23.25,23.375,1.0,23.65,23.25,0
2006-02-02,PETR4,PETR4,23.25,23.4,21.9,22.35,22.35,16894600,23.25,23.4,21.9,22.35,1.0,23.4,21.9,0
2006-02-03,PETR4,PETR4,22.56,22.725,21.755,22.095,22.095,12238200,22.56,22.725,21.755,22.095,1.0,22.725,21.755,0
2006-02-06,PETR4,PETR4,22.195,22.725,22.15,22.675,22.675,10541200,22.195,22.725,22.15,22.675,1.0,22.725,22.15,0
2006-02-07,PETR4,PETR4,22.575,22.65,21.675,21.69,21.69,10162600,22.575,22.65,21.675,21.69,1.0,22.65,21.675,0
2006-02-08,PETR4,PETR4,21.75,21.75,21.055,21.265,21.265,16374400,21.75,21.75,21.055,21.265,1.0,21.75,21.055,0
2006-02-09,PETR4,PETR4,21.55,21.725,21.02,21.1,21.1,12736200,21.55,21.725,21.02,21.1,1.0,21.725,21.02,0
2006-02-10,PETR4,PETR4,21.745,21.745,20.505,20.68,20.68,21518600,21.745,21.745,20.505,20.68,1.0,21.745,20.505,0
2006-02-13,PETR4,PETR4,20.645,21.08,20.35,20.4,20.4,13226400,20.645,21.08,20.35,20.4,1.0,21.08,20.35,0
2006-02-14,PETR4,PETR4,20.5,20.72,20.06,20.45,20.45,17863200,20.5,20.72,20.06,20.45,1.0,20.72,20.06,0
2006-02-15,PETR4,PETR4,20.5,21.0,20.405,20.575,20.575,17285200,20.5,21.0,20.405,20.575,1.0,21.0,20.405,0
2006-02-16,PETR4,PETR4,20.85,21.65,20.64,21.56,21.56,23270400,20.85,21.65,20.64,21.56,1.0,21.65,20.64,0
2006-02-17,PETR4,PETR4,22.025,22.425,21.725,22.0,22.0,17147200,22.025,22.425,21.725,22.0,1.0,22.425,21.725,0
2006-02-20,PETR4,PETR4,22.3,22.72,21.94,22.355,22.355,18543600,22.3,22.72,21.94,22.355,1.0,22.72,21.94,0
2006-02-21,PETR4,PETR4,22.65,22.84,22.03,22.03,22.03,11954600,22.65,22.84,22.03,22.03,1.0,22.84,22.03,0
2006-02-22,PETR4,PETR4,22.06,22.35,21.45,21.775,21.775,12832800,22.06,22.35,21.45,21.775,1.0,22.35,21.45,0
2006-02-23,PETR4,PETR4,21.65,22.025,21.41,21.995,21.995,9669600,21.65,22.025,21.41,21.995,1.0,22.025,21.41,0
2006-02-24,PETR4,PETR4,22.25,22.505,22.055,22.375,22.375,7306800,22.25,22.505,22.055,22.375,1.0,22.505,22.055,0
2006-03-01,PETR4,PETR4,21.725,22.6,21.72,22.565,22.565,9723400,21.725,22.6,21.72,22.565,1.0,22.6,21.72,0
2006-03-02,PETR4,PETR4,22.575,22.73,22.36,22.6,22.6,10224200,22.575,22.73,22.36,22.6,1.0,22.73,22.36,0
2006-03-03,PETR4,PETR4,22.505,22.8,22.265,22.75,22.75,9572000,22.505,22.8,22.265,22.75,1.0,22.8,22.265,0
2006-03-06,PETR4,PETR4,22.8,22.81,22.125,22.125,22.125,10605400,22.8,22.81,22.125,22.125,1.0,22.81,22.125,0
2006-03-07,PETR4,PETR4,21.95,21.95,21.05,21.175,21.175,19869800,21.95,21.95,21.05,21.175,1.0,21.95,21.05,0
2006-03-08,PETR4,PETR4,20.975,21.35,20.31,21.04,21.04,21145000,20.975,21.35,20.31,21.04,1.0,21.35,20.31,0
2006-03-09,PETR4,PETR4,21.325,21.6,20.35,20.45,20.45,13726400,21.325,21.6,20.35,20.45,1.0,21.6,20.35,0
2006-03-10,PETR4,PETR4,20.58,20.97,20.31,20.605,20.605,12016600,20.58,20.97,20.31,20.605,1.0,20.97,20.31,0
2006-03-13,PETR4,PETR4,20.725,21.075,20.575,20.84,20.84,9890600,20.725,21.075,20.575,20.84,1.0,21.075,20.575,0
2006-03-14,PETR4,PETR4,20.7,21.76,20.45,21.76,21.76,15010600,20.7,21.76,20.45,21.76,1.0,21.76,20.45,0
2006-03-15,PETR4,PETR4,21.8,22.25,21.665,22.035,22.035,12667200,21.8,22.25,21.665,22.035,1.0,22.25,21.665,0
2006-03-16,PETR4,PETR4,22.08,22.2,21.56,21.85,21.85,12599800,22.08,22.2,21.56,21.85,1.0,22.2,21.56,0
2006-03-17,PETR4,PETR4,21.7,21.95,21.275,21.4,21.4,11020200,21.7,21.95,21.275,21.4,1.0,21.95,21.275,0
2006-03-20,PETR4,PETR4,21.495,21.925,21.455,21.725,21.725,17796200,21.495,21.925,21.455,21.725,1.0,21.925,21.455,0
2006-03-21,PETR4,PETR4,21.575,21.8,21.305,21.385,21.385,10144200,21.575,21.8,21.305,21.385,1.0,21.8,21.305,0
2006-03-22,PETR4,PETR4,21.275,21.55,20.875,21.035,21.035,20301400,21.275,21.55,20.875,21.035,1.0,21.55,20.875,0
2006-03-23,PETR4,PETR4,21.25,21.44,20.925,21.2,21.2,10036000,21.25,21.44,20.925,21.2,1.0,21.44,20.925,0
2006-03-24,PETR4,PETR4,21.23,21.415,21.13,21.225,21.225,7097200,21.23,21.415,21.13,21.225,1.0,21.415,21.13,0
2006-03-27,PETR4,PETR4,20.97,21.335,20.925,21.3,21.3,12917200,20.97,21.335,20.925,21.3,1.0,21.335,20.925,0
2006-03-28,PETR4,PETR4,21.125,21.425,20.86,20.86,20.86,12885400,21.125,21.425,20.86,20.86,1.0,21.425,20.86,0
2006-03-29,PETR4,PETR4,21.01,21.575,20.965,21.455,21.455,12280000,21.01,21.575,20.965,21.455,1.0,21.575,20.965,0
2006-03-30,PETR4,PETR4,21.525,21.735,21.515,21.575,21.575,9499600,21.525,21.735,21.515,21.575,1.0,21.735,21.515,0
2006-03-31,PETR4,PETR4,21.615,21.63,21.26,21.57,21.57,8238000,21.615,21.63,21.26,21.57,1.0,21.63,21.26,0
2006-04-03,PETR4,PETR4,21.655,22.185,21.475,22.125,22.125,12402400,21.655,22.185,21.475,22.125,1.0,22.185,21.475,0
2006-04-04,PETR4,PETR4,21.985,22.0,21.61,21.645,21.645,7567200,21.985,22.0,21.61,21.645,1.0,22.0,21.61,0
2006-04-05,PETR4,PETR4,21.725,22.05,21.475,22.05,22.05,11812200,21.725,22.05,21.475,22.05,1.0,22.05,21.475,0
2006-04-06,PETR4,PETR4,22.15,22.245,21.935,22.2,22.2,8999800,22.15,22.245,21.935,22.2,1.0,22.245,21.935,0
2006-04-07,PETR4,PETR4,22.225,22.225,21.815,21.915,21.915,10862600,22.225,22.225,21.815,21.915,1.0,22.225,21.815,0
2006-04-10,PETR4,PETR4,21.895,22.125,21.72,21.95,21.95,8951400,21.895,22.125,21.72,21.95,1.0,22.125,21.72,0
2006-04-11,PETR4,PETR4,22.1,22.195,21.645,21.725,21.725,12467600,22.1,22.195,21.645,21.725,1.0,22.195,21.645,0
2006-04-12,PETR4,PETR4,21.765,21.875,21.465,21.7,21.7,12558000,21.765,21.875,21.465,21.7,1.0,21.875,21.465,0
2006-04-13,PETR4,PETR4,21.65,21.75,21.45,21.675,21.675,7020200,21.65,21.75,21.45,21.675,1.0,21.75,21.45,0
2006-04-17,PETR4,PETR4,21.695,22.035,21.695,22.015,22.015,12765400,21.695,22.035,21.695,22.015,1.0,22.035,21.695,0
2006-04-18,PETR4,PETR4,22.2,23.055,22.2,23.055,23.055,19526600,22.2,23.055,22.2,23.055,1.0,23.055,22.2,0
2006-04-19,PETR4,PETR4,23.265,23.4,22.905,23.345,23.345,13095400,23.265,23.4,22.905,23.345,1.0,23.4,22.905,0
2006-04-20,PETR4,PETR4,23.2,23.545,22.88,23.155,23.155,14975600,23.2,23.545,22.88,23.155,1.0,23.545,22.88,0
2006-04-24,PETR4,PETR4,23.5,23.55,23.0,23.0,23.0,8740600,23.5,23.55,23.0,23.0,1.0,23.55,23.0,0
2006-04-25,PETR4,PETR4,23.075,23.245,22.775,22.995,22.995,8265200,23.075,23.245,22.775,22.995,1.0,23.245,22.775,0
2006-04-26,PETR4,PETR4,22.995,23.485,22.815,23.175,23.175,12198000,22.995,23.485,22.815,23.175,1.0,23.485,22.815,0
2006-04-27,PETR4,PETR4,22.9,23.15,22.5,22.7,22.7,10527800,22.9,23.15,22.5,22.7,1.0,23.15,22.5,0
2006-04-28,PETR4,PETR4,22.74,23.295,22.74,23.115,23.115,9521600,22.74,23.295,22.74,23.115,1.0,23.295,22.74,0
2006-05-02,PETR4,PETR4,22.8,23.55,22.8,23.525,23.525,17376200,22.8,23.55,22.8,23.525,1.0,23.55,22.8,0
2006-05-03,PETR4,PETR4,23.505,23.505,22.96,23.475,23.475,12844800,23.505,23.505,22.96,23.475,1.0,23.505,22.96,0
2006-05-04,PETR4,PETR4,23.35,23.7,23.155,23.25,23.25,13923000,23.35,23.7,23.155,23.25,1.0,23.7,23.155,0
2006-05-05,PETR4,PETR4,23.205,23.8,23.205,23.74,23.74,14464600,23.205,23.8,23.205,23.74,1.0,23.8,23.205,0
2006-05-08,PETR4,PETR4,23.55,23.85,23.425,23.78,23.78,11458200,23.55,23.85,23.425,23.78,1.0,23.85,23.425,0
2006-05-09,PETR4,PETR4,23.68,24.115,23.68,24.075,24.075,13590600,23.68,24.115,23.68,24.075,1.0,24.115,23.68,0
2006-05-10,PETR4,PETR4,24.0,24.05,23.76,23.98,23.98,9829400,24.0,24.05,23.76,23.98,1.0,24.05,23.76,0
2006-05-11,PETR4,PETR4,24.095,24.195,23.66,23.68,23.68,14181600,24.095,24.195,23.66,23.68,1.0,24.195,23.66,0
2006-05-12,PETR4,PETR4,23.325,23.6,23.25,23.45,23.45,13911000,23.325,23.6,23.25,23.45,1.0,23.6,23.25,0
2006-05-15,PETR4,PETR4,23.25,23.495,22.4,22.85,22.85,29099800,23.25,23.495,22.4,22.85,1.0,23.495,22.4,0
2006-05-16,PETR4,PETR4,23.125,23.295,22.605,23.0,23.0,14620800,23.125,23.295,22.605,23.0,1.0,23.295,22.605,0
2006-05-17,PETR4,PETR4,22.725,23.075,22.005,22.325,22.325,13386600,22.725,23.075,22.005,22.325,1.0,23.075,22.005,0
2006-05-18,PETR4,PETR4,22.495,22.495,21.655,21.745,21.745,17706000,22.495,22.495,21.655,21.745,1.0,22.495,21.655,0
2006-05-19,PETR4,PETR4,22.03,22.15,21.11,21.64,21.64,14053400,22.03,22.15,21.11,21.64,1.0,22.15,21.11,0
2006-05-22,PETR4,PETR4,21.005,21.6,20.6,21.495,21.495,15697000,21.005,21.6,20.6,21.495,1.0,21.6,20.6,0
2006-05-23,PETR4,PETR4,21.705,22.25,21.25,21.25,21.25,17195000,21.705,22.25,21.25,21.25,1.0,22.25,21.25,0
2006-05-24,PETR4,PETR4,21.35,21.7,20.88,21.45,21.45,18254200,21.35,21.7,20.88,21.45,1.0,21.7,20.88,0
2006-05-25,PETR4,PETR4,21.73,21.82,21.3,21.715,21.715,17272200,21.73,21.82,21.3,21.715,1.0,21.82,21.3,0
2006-05-26,PETR4,PETR4,22.0,22.55,21.775,22.5,22.5,14897200,22.0,22.55,21.775,22.5,1.0,22.55,21.775,0
2006-05-29,PETR4,PETR4,22.5,22.75,22.3,22.375,22.375,4748200,22.5,22.75,22.3,22.375,1.0,22.75,22.3,0
2006-05-30,PETR4,PETR4,22.2,22.3,21.66,21.8,21.8,13556400,22.2,22.3,21.66,21.8,1.0,22.3,21.66,0
2006-05-31,PETR4,PETR4,21.825,22.15,21.72,22.0,22.0,17603800,21.825,22.15,21.72,22.0,1.0,22.15,21.72,0
2006-06-01,PETR4,PETR4,22.03,22.145,21.675,22.095,22.095,14028000,22.03,22.145,21.675,22.095,1.0,22.145,21.675,0
2006-06-02,PETR4,PETR4,22.4,22.565,22.05,22.34,22.34,16107600,22.4,22.565,22.05,22.34,1.0,22.565,22.05,0
2006-06-05,PETR4,PETR4,22.44,22.45,21.45,21.505,21.505,9927600,22.44,22.45,21.45,21.505,1.0,22.45,21.45,0
2006-06-06,PETR4,PETR4,21.4,21.58,20.855,21.275,21.275,14114600,21.4,21.58,20.855,21.275,1.0,21.58,20.855,0
2006-06-07,PETR4,PETR4,21.375,21.375,20.275,20.275,20.275,16898600,21.375,21.375,20.275,20.275,1.0,21.375,20.275,0
2006-06-08,PETR4,PETR4,20.24,20.35,19.325,20.145,20.145,18245000,20.24,20.35,19.325,20.145,1.0,20.35,19.325,0
2006-06-09,PETR4,PETR4,20.59,20.695,19.69,19.69,19.69,16315000,20.59,20.695,19.69,19.69,1.0,20.695,19.69,0
2006-06-12,PETR4,PETR4,19.905,20.0,19.0,19.0,19.0,14813200,19.905,20.0,19.0,19.0,1.0,20.0,19.0,0
2006-06-13,PETR4,PETR4,18.75,19.0,18.16,18.25,18.25,22309000,18.75,19.0,18.16,18.25,1.0,19.0,18.16,0
2006-06-14,PETR4,PETR4,18.425,19.05,18.205,19.05,19.05,23875600,18.425,19.05,18.205,19.05,1.0,19.05,18.205,0
2006-06-16,PETR4,PETR4,19.805,20.365,19.475,20.15,20.15,16167400,19.805,20.365,19.475,20.15,1.0,20.365,19.475,0
2006-06-19,PETR4,PETR4,20.25,20.3,19.37,19.66,19.66,17530000,20.25,20.3,19.37,19.66,1.0,20.3,19.37,0
2006-06-20,PETR4,PETR4,19.67,20.035,19.525,19.65,19.65,10302200,19.67,20.035,19.525,19.65,1.0,20.035,19.525,0
2006-06-21,PETR4,PETR4,19.75,20.42,19.45,20.21,20.21,11455200,19.75,20.42,19.45,20.21,1.0,20.42,19.45,0
2006-06-22,PETR4,PETR4,20.25,20.46,20.0,20.18,20.18,6414600,20.25,20.46,20.0,20.18,1.0,20.46,20.0,0
2006-06-23,PETR4,PETR4,20.105,20.775,19.835,20.525,20.525,11010400,20.105,20.775,19.835,20.525,1.0,20.775,19.835,0
2006-06-26,PETR4,PETR4,20.575,20.645,20.355,20.52,20.52,8040400,20.575,20.645,20.355,20.52,1.0,20.645,20.355,0
2006-06-27,PETR4,PETR4,20.52,20.825,20.305,20.305,20.305,6157600,20.52,20.825,20.305,20.305,1.0,20.825,20.305,0
2006-06-28,PETR4,PETR4,20.4,20.71,20.4,20.7,20.7,9521600,20.4,20.71,20.4,20.7,1.0,20.71,20.4,0
2006-06-29,PETR4,PETR4,20.815,21.5,20.8,21.5,21.5,14817400,20.815,21.5,20.8,21.5,1.0,21.5,20.8,0
2006-06-30,PETR4,PETR4,21.625,21.925,21.41,21.59,21.59,13608800,21.625,21.925,21.41,21.59,1.0,21.925,21.41,0
2006-07-03,PETR4,PETR4,21.5,21.945,21.225,21.8,21.8,13713600,21.5,21.945,21.225,21.8,1.0,21.945,21.225,0
2006-07-04,PETR4,PETR4,21.8,21.95,21.575,21.705,21.705,5262000,21.8,21.95,21.575,21.705,1.0,21.95,21.575,0
2006-07-05,PETR4,PETR4,21.4,21.615,21.055,21.4,21.4,12801600,21.4,21.615,21.055,21.4,1.0,21.615,21.055,0
2006-07-06,PETR4,PETR4,21.55,21.7,21.425,21.575,21.575,13034600,21.55,21.7,21.425,21.575,1.0,21.7,21.425,0
2006-07-07,PETR4,PETR4,21.725,21.725,21.26,21.4,21.4,11973800,21.725,21.725,21.26,21.4,1.0,21.725,21.26,0
2006-07-10,PETR4,PETR4,21.41,21.475,21.11,21.31,21.31,7535800,21.41,21.475,21.11,21.31,1.0,21.475,21.11,0
2006-07-11,PETR4,PETR4,21.3,21.935,21.1,21.895,21.895,15022400,21.3,21.935,21.1,21.895,1.0,21.935,21.1,0
2006-07-12,PETR4,PETR4,21.875,22.17,21.825,21.905,21.905,12508000,21.875,22.17,21.825,21.905,1.0,22.17,21.825,0
2006-07-13,PETR4,PETR4,21.75,21.9,21.6,21.8,21.8,9147800,21.75,21.9,21.6,21.8,1.0,21.9,21.6,0
2006-07-14,PETR4,PETR4,21.885,22.16,21.85,22.12,22.12,12502200,21.885,22.16,21.85,22.12,1.0,22.16,21.85,0
2006-07-17,PETR4,PETR4,21.97,22.145,21.075,21.15,21.15,17597400,21.97,22.145,21.075,21.15,1.0,22.145,21.075,0
2006-07-18,PETR4,PETR4,21.31,21.545,20.65,21.175,21.175,11801600,21.31,21.545,20.65,21.175,1.0,21.545,20.65,0
2006-07-19,PETR4,PETR4,21.25,21.825,21.055,21.825,21.825,13684400,21.25,21.825,21.055,21.825,1.0,21.825,21.055,0
2006-07-20,PETR4,PETR4,21.86,22.065,21.175,21.175,21.175,8809800,21.86,22.065,21.175,21.175,1.0,22.065,21.175,0
2006-07-21,PETR4,PETR4,21.31,21.45,20.95,21.0,21.0,6862800,21.31,21.45,20.95,21.0,1.0,21.45,20.95,0
2006-07-24,PETR4,PETR4,21.275,21.86,21.0,21.785,21.785,7343200,21.275,21.86,21.0,21.785,1.0,21.86,21.0,0
2006-07-25,PETR4,PETR4,21.75,22.075,21.555,22.0,22.0,9546400,21.75,22.075,21.555,22.0,1.0,22.075,21.555,0
2006-07-26,PETR4,PETR4,21.95,22.25,21.86,22.105,22.105,6667800,21.95,22.25,21.86,22.105,1.0,22.25,21.86,0
2006-07-27,PETR4,PETR4,22.23,22.5,22.13,22.37,22.37,8336000,22.23,22.5,22.13,22.37,1.0,22.5,22.13,0
2006-07-28,PETR4,PETR4,22.45,22.635,22.275,22.55,22.55,7741200,22.45,22.635,22.275,22.55,1.0,22.635,22.275,0
2006-07-31,PETR4,PETR4,22.43,22.57,22.4,22.45,22.45,5389600,22.43,22.57,22.4,22.45,1.0,22.57,22.4,0
2006-08-01,PETR4,PETR4,22.3,22.61,22.2,22.505,22.505,15448800,22.3,22.61,22.2,22.505,1.0,22.61,22.2,0
2006-08-02,PETR4,PETR4,22.575,22.915,22.56,22.85,22.85,9695400,22.575,22.915,22.56,22.85,1.0,22.915,22.56,0
2006-08-03,PETR4,PETR4,22.75,23.115,22.61,22.96,22.96,8987000,22.75,23.115,22.61,22.96,1.0,23.115,22.61,0
2006-08-04,PETR4,PETR4,23.18,23.29,22.725,22.845,22.845,11537000,23.18,23.29,22.725,22.845,1.0,23.29,22.725,0
2006-08-07,PETR4,PETR4,22.925,23.2,22.735,23.125,23.125,7236600,22.925,23.2,22.735,23.125,1.0,23.2,22.735,0
2006-08-08,PETR4,PETR4,23.135,23.265,22.975,23.1,23.1,8545800,23.135,23.265,22.975,23.1,1.0,23.265,22.975,0
2006-08-09,PETR4,PETR4,23.25,23.32,22.85,22.925,22.925,11012200,23.25,23.32,22.85,22.925,1.0,23.32,22.85,0
2006-08-10,PETR4,PETR4,22.78,22.995,22.65,22.865,22.865,8898600,22.78,22.995,22.65,22.865,1.0,22.995,22.65,0
2006-08-11,PETR4,PETR4,22.93,23.075,22.605,22.7,22.7,8018400,22.93,23.075,22.605,22.7,1.0,23.075,22.605,0
2006-08-14,PETR4,PETR4,22.7,22.8,22.125,22.155,22.155,10039600,22.7,22.8,22.125,22.155,1.0,22.8,22.125,0
2006-08-15,PETR4,PETR4,22.35,22.85,22.205,22.6,22.6,11908600,22.35,22.85,22.205,22.6,1.0,22.85,22.205,0
2006-08-16,PETR4,PETR4,22.745,22.815,22.525,22.645,22.645,14294400,22.745,22.815,22.525,22.645,1.0,22.815,22.525,0
2006-08-17,PETR4,PETR4,22.6,22.65,22.055,22.175,22.175,11531200,22.6,22.65,22.055,22.175,1.0,22.65,22.055,0
2006-08-18,PETR4,PETR4,22.195,22.445,22.015,22.445,22.445,9521000,22.195,22.445,22.015,22.445,1.0,22.445,22.015,0
2006-08-21,PETR4,PETR4,22.39,22.525,22.175,22.175,22.175,12154000,22.39,22.525,22.175,22.175,1.0,22.525,22.175,0
2006-08-22,PETR4,PETR4,22.23,22.35,22.025,22.125,22.125,10591600,22.23,22.35,22.025,22.125,1.0,22.35,22.025,0
2006-08-23,PETR4,PETR4,22.1,22.15,21.4,21.425,21.425,10782000,22.1,22.15,21.4,21.425,1.0,22.15,21.4,0
2006-08-24,PETR4,PETR4,21.515,21.85,21.165,21.65,21.65,12873600,21.515,21.85,21.165,21.65,1.0,21.85,21.165,0
2006-08-25,PETR4,PETR4,21.85,21.95,21.675,21.95,21.95,7366000,21.85,21.95,21.675,21.95,1.0,21.95,21.675,0
2006-08-28,PETR4,PETR4,21.75,21.875,21.63,21.825,21.825,9293000,21.75,21.875,21.63,21.825,1.0,21.875,21.63,0
2006-08-29,PETR4,PETR4,21.83,21.99,21.41,21.575,21.575,7459800,21.83,21.99,21.41,21.575,1.0,21.99,21.41,0
2006-08-30,PETR4,PETR4,21.65,21.725,21.18,21.55,21.55,10222800,21.65,21.725,21.18,21.55,1.0,21.725,21.18,0
2006-08-31,PETR4,PETR4,21.745,21.83,21.355,21.5,21.5,11574400,21.745,21.83,21.355,21.5,1.0,21.83,21.355,0
2006-09-01,PETR4,PETR4,21.65,22.05,21.525,21.94,21.94,10368600,21.65,22.05,21.525,21.94,1.0,22.05,21.525,0
2006-09-04,PETR4,PETR4,22.0,22.2,21.805,22.085,22.085,7580800,22.0,22.2,21.805,22.085,1.0,22.2,21.805,0
2006-09-05,PETR4,PETR4,21.975,22.045,21.75,21.805,21.805,9385800,21.975,22.045,21.75,21.805,1.0,22.045,21.75,0
2006-09-06,PETR4,PETR4,21.7,21.725,21.175,21.18,21.18,12070600,21.7,21.725,21.175,21.18,1.0,21.725,21.175,0
2006-09-08,PETR4,PETR4,21.05,21.13,20.525,20.6,20.6,12943000,21.05,21.13,20.525,20.6,1.0,21.13,20.525,0
2006-09-11,PETR4,PETR4,20.365,20.365,19.655,19.78,19.78,22262600,20.365,20.365,19.655,19.78,1.0,20.365,19.655,0
2006-09-12,PETR4,PETR4,19.95,20.09,19.475,19.8,19.8,20999600,19.95,20.09,19.475,19.8,1.0,20.09,19.475,0
2006-09-13,PETR4,PETR4,20.0,20.595,19.71,20.355,20.355,21189000,20.0,20.595,19.71,20.355,1.0,20.595,19.71,0
2006-09-14,PETR4,PETR4,20.35,20.505,19.765,19.765,19.765,13457800,20.35,20.505,19.765,19.765,1.0,20.505,19.765,0
2006-09-15,PETR4,PETR4,19.95,20.05,19.35,19.625,19.625,20027600,19.95,20.05,19.35,19.625,1.0,20.05,19.35,0
2006-09-18,PETR4,PETR4,19.825,20.335,19.7,20.325,20.325,19540000,19.825,20.335,19.7,20.325,1.0,20.335,19.7,0
2006-09-19,PETR4,PETR4,20.275,20.42,19.79,19.905,19.905,16813600,20.275,20.42,19.79,19.905,1.0,20.42,19.79,0
2006-09-20,PETR4,PETR4,19.9,20.055,19.125,19.335,19.335,17928200,19.9,20.055,19.125,19.335,1.0,20.055,19.125,0
2006-09-21,PETR4,PETR4,19.405,19.59,19.1,19.33,19.33,19905200,19.405,19.59,19.1,19.33,1.0,19.59,19.1,0
2006-09-22,PETR4,PETR4,19.25,19.525,19.05,19.07,19.07,12842400,19.25,19.525,19.05,19.07,1.0,19.525,19.05,0
2006-09-25,PETR4,PETR4,19.05,19.245,18.575,19.15,19.15,20018800,19.05,19.245,18.575,19.15,1.0,19.245,18.575,0
2006-09-26,PETR4,PETR4,19.225,19.675,19.2,19.55,19.55,18582600,19.225,19.675,19.2,19.55,1.0,19.675,19.2,0
2006-09-27,PETR4,PETR4,19.6,20.05,19.425,20.05,20.05,18235000,19.6,20.05,19.425,20.05,1.0,20.05,19.425,0
2006-09-28,PETR4,PETR4,19.97,20.49,19.97,20.3,20.3,15924800,19.97,20.49,19.97,20.3,1.0,20.49,19.97,0
2006-09-29,PETR4,PETR4,20.36,20.375,20.115,20.295,20.295,10472600,20.36,20.375,20.115,20.295,1.0,20.375,20.115,0
2006-10-02,PETR4,PETR4,20.5,20.675,20.235,20.255,20.255,14063600,20.5,20.675,20.235,20.255,1.0,20.675,20.235,0
2006-10-03,PETR4,PETR4,20.075,20.125,19.38,19.4,19.4,17937000,20.075,20.125,19.38,19.4,1.0,20.125,19.38,0
2006-10-04,PETR4,PETR4,19.52,20.055,19.16,20.055,20.055,26126400,19.52,20.055,19.16,20.055,1.0,20.055,19.16,0
2006-10-05,PETR4,PETR4,20.35,20.48,19.875,20.05,20.05,19953200,20.35,20.48,19.875,20.05,1.0,20.48,19.875,0
2006-10-06,PETR4,PETR4,19.87,20.145,19.76,20.1,20.1,12535000,19.87,20.145,19.76,20.1,1.0,20.145,19.76,0
2006-10-09,PETR4,PETR4,20.0,20.725,19.945,20.425,20.425,19412600,20.0,20.725,19.945,20.425,1.0,20.725,19.945,0
2006-10-10,PETR4,PETR4,20.375,20.585,20.26,20.55,20.55,14158600,20.375,20.585,20.26,20.55,1.0,20.585,20.26,0
2006-10-11,PETR4,PETR4,20.425,20.525,20.255,20.34,20.34,12950800,20.425,20.525,20.255,20.34,1.0,20.525,20.255,0
2006-10-13,PETR4,PETR4,20.75,20.905,20.61,20.825,20.825,12384200,20.75,20.905,20.61,20.825,1.0,20.905,20.61,0
2006-10-16,PETR4,PETR4,20.82,21.055,20.61,21.05,21.05,20038800,20.82,21.055,20.61,21.05,1.0,21.055,20.61,0
2006-10-17,PETR4,PETR4,20.975,21.04,20.67,20.67,20.67,11841600,20.975,21.04,20.67,20.67,1.0,21.04,20.67,0
2006-10-18,PETR4,PETR4,20.875,20.975,20.435,20.495,20.495,14129200,20.875,20.975,20.435,20.495,1.0,20.975,20.435,0
2006-10-19,PETR4,PETR4,20.65,20.91,20.285,20.895,20.895,12212200,20.65,20.91,20.285,20.895,1.0,20.91,20.285,0
2006-10-20,PETR4,PETR4,20.9,20.96,20.4,20.55,20.55,13027200,20.9,20.96,20.4,20.55,1.0,20.96,20.4,0
2006-10-23,PETR4,PETR4,20.425,20.475,20.15,20.46,20.46,15726000,20.425,20.475,20.15,20.46,1.0,20.475,20.15,0
2006-10-24,PETR4,PETR4,20.465,20.995,20.375,20.95,20.95,14468200,20.465,20.995,20.375,20.95,1.0,20.995,20.375,0
2006-10-25,PETR4,PETR4,20.965,21.68,20.9,21.65,21.65,19901600,20.965,21.68,20.9,21.65,1.0,21.68,20.9,0
2006-10-26,PETR4,PETR4,21.7,21.9,21.41,21.65,21.65,14350000,21.7,21.9,21.41,21.65,1.0,21.9,21.41,0
2006-10-27,PETR4,PETR4,21.575,21.875,21.5,21.53,21.53,10344200,21.575,21.875,21.5,21.53,1.0,21.875,21.5,0
2006-10-30,PETR4,PETR4,21.475,21.53,21.21,21.25,21.25,10516400,21.475,21.53,21.21,21.25,1.0,21.53,21.21,0
2006-10-31,PETR4,PETR4,21.395,21.545,21.13,21.5,21.5,12480000,21.395,21.545,21.13,21.5,1.0,21.545,21.13,0
2006-11-01,PETR4,PETR4,21.2,21.45,21.05,21.225,21.225,13337800,21.2,21.45,21.05,21.225,1.0,21.45,21.05,0
2006-11-03,PETR4,PETR4,21.25,21.6,21.215,21.6,21.6,11002800,21.25,21.6,21.215,21.6,1.0,21.6,21.215,0
2006-11-06,PETR4,PETR4,21.675,22.05,21.6,22.05,22.05,12666200,21.675,22.05,21.6,22.05,1.0,22.05,21.6,0
2006-11-07,PETR4,PETR4,21.95,22.215,21.8,21.89,21.89,12313200,21.95,22.215,21.8,21.89,1.0,22.215,21.8,0
2006-11-08,PETR4,PETR4,21.725,22.33,21.605,22.33,22.33,13851000,21.725,22.33,21.605,22.33,1.0,22.33,21.605,0
2006-11-09,PETR4,PETR4,22.51,22.75,22.2,22.35,22.35,20211600,22.51,22.75,22.2,22.35,1.0,22.75,22.2,0
2006-11-10,PETR4,PETR4,22.4,22.725,22.125,22.675,22.675,14801400,22.4,22.725,22.125,22.675,1.0,22.725,22.125,0
2006-11-13,PETR4,PETR4,22.2,22.335,21.975,22.05,22.05,15906600,22.2,22.335,21.975,22.05,1.0,22.335,21.975,0
2006-11-14,PETR4,PETR4,22.13,22.475,21.965,22.275,22.275,16421000,22.13,22.475,21.965,22.275,1.0,22.475,21.965,0
2006-11-16,PETR4,PETR4,22.44,22.54,21.895,21.9,21.9,18142000,22.44,22.54,21.895,21.9,1.0,22.54,21.895,0
2006-11-17,PETR4,PETR4,21.58,21.75,21.425,21.75,21.75,19650400,21.58,21.75,21.425,21.75,1.0,21.75,21.425,0
2006-11-21,PETR4,PETR4,21.8,22.215,21.69,22.215,22.215,20529400,21.8,22.215,21.69,22.215,1.0,22.215,21.69,0
2006-11-22,PETR4,PETR4,22.325,22.45,21.83,22.225,22.225,14634800,22.325,22.45,21.83,22.225,1.0,22.45,21.83,0
2006-11-23,PETR4,PETR4,22.39,22.39,22.06,22.1,22.1,6336000,22.39,22.39,22.06,22.1,1.0,22.39,22.06,0
2006-11-24,PETR4,PETR4,21.95,22.32,21.925,22.15,22.15,10380000,21.95,22.32,21.925,22.15,1.0,22.32,21.925,0
2006-11-27,PETR4,PETR4,22.055,22.3,21.8,21.965,21.965,12197200,22.055,22.3,21.8,21.965,1.0,22.3,21.8,0
2006-11-28,PETR4,PETR4,22.0,22.185,21.75,22.08,22.08,12359800,22.0,22.185,21.75,22.08,1.0,22.185,21.75,0
2006-11-29,PETR4,PETR4,22.2,22.8,22.2,22.8,22.8,22273600,22.2,22.8,22.2,22.8,1.0,22.8,22.2,0
2006-11-30,PETR4,PETR4,22.785,23.075,22.72,22.915,22.915,14441200,22.785,23.075,22.72,22.915,1.0,23.075,22.72,0
2006-12-01,PETR4,PETR4,22.81,22.875,22.5,22.65,22.65,11316200,22.81,22.875,22.5,22.65,1.0,22.875,22.5,0
2006-12-04,PETR4,PETR4,22.52,23.075,22.5,23.07,23.07,11676800,22.52,23.075,22.5,23.07,1.0,23.075,22.5,0
2006-12-05,PETR4,PETR4,23.15,23.5,23.15,23.325,23.325,18832200,23.15,23.5,23.15,23.325,1.0,23.5,23.15,0
2006-12-06,PETR4,PETR4,23.15,23.545,23.15,23.3,23.3,13825000,23.15,23.545,23.15,23.3,1.0,23.545,23.15,0
2006-12-07,PETR4,PETR4,23.445,23.525,23.1,23.38,23.38,12783000,23.445,23.525,23.1,23.38,1.0,23.525,23.1,0
2006-12-08,PETR4,PETR4,23.35,23.695,23.28,23.585,23.585,15085600,23.35,23.695,23.28,23.585,1.0,23.695,23.28,0
2006-12-11,PETR4,PETR4,23.65,23.725,23.475,23.55,23.55,7732000,23.65,23.725,23.475,23.55,1.0,23.725,23.475,0
2006-12-12,PETR4,PETR4,23.5,23.665,23.35,23.44,23.44,10283400,23.5,23.665,23.35,23.44,1.0,23.665,23.35,0
2006-12-13,PETR4,PETR4,23.54,23.55,23.18,23.4,23.4,20643400,23.54,23.55,23.18,23.4,1.0,23.55,23.18,0
2006-12-14,PETR4,PETR4,23.575,23.7,23.505,23.61,23.61,15638600,23.575,23.7,23.505,23.61,1.0,23.7,23.505,0
2006-12-15,PETR4,PETR4,23.67,23.855,23.5,23.625,23.625,16986600,23.67,23.855,23.5,23.625,1.0,23.855,23.5,0
2006-12-18,PETR4,PETR4,23.805,24.175,23.625,23.7,23.7,23094000,23.805,24.175,23.625,23.7,1.0,24.175,23.625,0
2006-12-19,PETR4,PETR4,23.625,23.875,23.38,23.875,23.875,15041000,23.625,23.875,23.38,23.875,1.0,23.875,23.38,0
2006-12-20,PETR4,PETR4,24.125,24.345,24.0,24.225,24.225,13677600,24.125,24.345,24.0,24.225,1.0,24.345,24.0,0
2006-12-21,PETR4,PETR4,24.08,24.325,23.91,24.15,24.15,9701600,24.08,24.325,23.91,24.15,1.0,24.325,23.91,0
2006-12-22,PETR4,PETR4,24.24,24.275,24.01,24.085,24.085,6057800,24.24,24.275,24.01,24.085,1.0,24.275,24.01,0
2006-12-26,PETR4,PETR4,24.155,24.295,24.11,24.29,24.29,6912600,24.155,24.295,24.11,24.29,1.0,24.295,24.11,0
2006-12-27,PETR4,PETR4,24.325,24.75,24.25,24.75,24.75,11191000,24.325,24.75,24.25,24.75,1.0,24.75,24.25,0
2006-12-28,PETR4,PETR4,24.7,24.98,24.625,24.9,24.9,8705400,24.7,24.98,24.625,24.9,1.0,24.98,24.625,0
2007-01-02,PETR4,PETR4,25.0,25.225,24.88,25.225,25.225,10244800,25.0,25.225,24.88,25.225,1.0,25.225,24.88,0
2007-01-03,PETR4,PETR4,25.08,25.2,24.005,24.35,24.35,19898600,25.08,25.2,24.005,24.35,1.0,25.2,24.005,0
2007-01-04,PETR4,PETR4,24.25,24.375,23.7,23.825,23.825,21060200,24.25,24.375,23.7,23.825,1.0,24.375,23.7,0
2007-01-05,PETR4,PETR4,23.6,23.995,22.55,23.095,23.095,24864000,23.6,23.995,22.55,23.095,1.0,23.995,22.55,0
2007-01-08,PETR4,PETR4,23.25,23.57,22.9,23.295,23.295,19440200,23.25,23.57,22.9,23.295,1.0,23.57,22.9,0
2007-01-09,PETR4,PETR4,22.985,23.195,22.305,22.76,22.76,25883600,22.985,23.195,22.305,22.76,1.0,23.195,22.305,0
2007-01-10,PETR4,PETR4,22.255,22.63,22.15,22.625,22.625,20994400,22.255,22.63,22.15,22.625,1.0,22.63,22.15,0
2007-01-11,PETR4,PETR4,22.45,23.215,22.38,22.605,22.605,23840800,22.45,23.215,22.38,22.605,1.0,23.215,22.38,0
2007-01-12,PETR4,PETR4,22.65,22.805,22.4,22.575,22.575,21208000,22.65,22.805,22.4,22.575,1.0,22.805,22.4,0
2007-01-15,PETR4,PETR4,22.805,22.925,22.445,22.445,22.445,13957200,22.805,22.925,22.445,22.445,1.0,22.925,22.445,0
2007-01-16,PETR4,PETR4,22.265,22.33,22.0,22.1,22.1,17589000,22.265,22.33,22.0,22.1,1.0,22.33,22.0,0
2007-01-17,PETR4,PETR4,22.125,22.25,21.8,22.03,22.03,22298800,22.125,22.25,21.8,22.03,1.0,22.25,21.8,0
2007-01-18,PETR4,PETR4,22.24,22.375,21.6,21.675,21.675,25254200,22.24,22.375,21.6,21.675,1.0,22.375,21.6,0
2007-01-19,PETR4,PETR4,21.865,22.59,21.775,22.59,22.59,18708200,21.865,22.59,21.775,22.59,1.0,22.59,21.775,0
2007-01-22,PETR4,PETR4,22.75,22.895,22.415,22.625,22.625,15277800,22.75,22.895,22.415,22.625,1.0,22.895,22.415,0
2007-01-23,PETR4,PETR4,22.65,23.4,22.56,23.35,23.35,17789200,22.65,23.4,22.56,23.35,1.0,23.4,22.56,0
2007-01-24,PETR4,PETR4,23.45,23.605,23.025,23.55,23.55,16759800,23.45,23.605,23.025,23.55,1.0,23.605,23.025,0
2007-01-26,PETR4,PETR4,23.105,23.305,23.02,23.25,23.25,11790800,23.105,23.305,23.02,23.25,1.0,23.305,23.02,0
2007-01-29,PETR4,PETR4,23.25,23.25,22.635,22.635,22.635,8907600,23.25,23.25,22.635,22.635,1.0,23.25,22.635,0
2007-01-30,PETR4,PETR4,22.75,23.25,22.555,23.155,23.155,16854400,22.75,23.25,22.555,23.155,1.0,23.25,22.555,0
2007-01-31,PETR4,PETR4,23.05,23.435,22.86,23.435,23.435,18327400,23.05,23.435,22.86,23.435,1.0,23.435,22.86,0
2007-02-01,PETR4,PETR4,23.595,23.63,23.285,23.37,23.37,14544400,23.595,23.63,23.285,23.37,1.0,23.63,23.285,0
2007-02-02,PETR4,PETR4,23.395,23.725,23.225,23.65,23.65,15806800,23.395,23.725,23.225,23.65,1.0,23.725,23.225,0
2007-02-05,PETR4,PETR4,23.595,23.8,23.435,23.5,23.5,11740400,23.595,23.8,23.435,23.5,1.0,23.8,23.435,0
2007-02-06,PETR4,PETR4,23.685,23.69,22.975,23.13,23.13,21785000,23.685,23.69,22.975,23.13,1.0,23.69,22.975,0
2007-02-07,PETR4,PETR4,23.175,23.175,22.33,22.455,22.455,29076000,23.175,23.175,22.33,22.455,1.0,23.175,22.33,0
2007-02-08,PETR4,PETR4,22.375,22.85,22.18,22.8,22.8,19428600,22.375,22.85,22.18,22.8,1.0,22.85,22.18,0
2007-02-09,PETR4,PETR4,22.8,22.95,22.34,22.4,22.4,20353800,22.8,22.95,22.34,22.4,1.0,22.95,22.34,0
2007-02-12,PETR4,PETR4,22.5,22.5,22.035,22.125,22.125,23734400,22.5,22.5,22.035,22.125,1.0,22.5,22.035,0
2007-02-13,PETR4,PETR4,22.1,22.53,22.005,22.53,22.53,21831400,22.1,22.53,22.005,22.53,1.0,22.53,22.005,0
2007-02-14,PETR4,PETR4,22.75,22.87,22.23,22.375,22.375,31486600,22.75,22.87,22.23,22.375,1.0,22.87,22.23,0
2007-02-15,PETR4,PETR4,22.355,22.64,22.075,22.12,22.12,18078400,22.355,22.64,22.075,22.12,1.0,22.64,22.075,0
2007-02-16,PETR4,PETR4,22.12,22.245,21.905,22.165,22.165,10370400,22.12,22.245,21.905,22.165,1.0,22.245,21.905,0
2007-02-21,PETR4,PETR4,21.995,22.15,21.8,22.15,22.15,12567400,21.995,22.15,21.8,22.15,1.0,22.15,21.8,0
2007-02-22,PETR4,PETR4,22.35,22.6,22.225,22.525,22.525,17494000,22.35,22.6,22.225,22.525,1.0,22.6,22.225,0
2007-02-23,PETR4,PETR4,22.65,22.94,22.645,22.715,22.715,20213200,22.65,22.94,22.645,22.715,1.0,22.94,22.645,0
2007-02-26,PETR4,PETR4,22.955,22.995,22.725,22.805,22.805,14866800,22.955,22.995,22.725,22.805,1.0,22.995,22.725,0
2007-02-27,PETR4,PETR4,21.85,22.125,21.25,21.3,21.3,27969800,21.85,22.125,21.25,21.3,1.0,22.125,21.25,0
2007-02-28,PETR4,PETR4,21.5,21.75,21.26,21.44,21.44,23184800,21.5,21.75,21.26,21.44,1.0,21.75,21.26,0
2007-03-01,PETR4,PETR4,21.075,21.325,20.45,21.175,21.175,30218200,21.075,21.325,20.45,21.175,1.0,21.325,20.45,0
2007-03-02,PETR4,PETR4,20.99,21.15,20.51,20.53,20.53,24024600,20.99,21.15,20.51,20.53,1.0,21.15,20.51,0
2007-03-05,PETR4,PETR4,20.03,20.325,19.855,20.085,20.085,19784200,20.03,20.325,19.855,20.085,1.0,20.325,19.855,0
2007-03-06,PETR4,PETR4,20.735,20.97,20.55,20.85,20.85,17531000,20.735,20.97,20.55,20.85,1.0,20.97,20.55,0
2007-03-07,PETR4,PETR4,20.945,21.2,20.6,20.625,20.625,23547400,20.945,21.2,20.6,20.625,1.0,21.2,20.6,0
2007-03-08,PETR4,PETR4,21.025,21.25,20.95,21.175,21.175,16144400,21.025,21.25,20.95,21.175,1.0,21.25,20.95,0
2007-03-09,PETR4,PETR4,21.35,21.5,21.0,21.255,21.255,14648200,21.35,21.5,21.0,21.255,1.0,21.5,21.0,0
2007-03-12,PETR4,PETR4,21.05,21.2,20.915,20.95,20.95,12035600,21.05,21.2,20.915,20.95,1.0,21.2,20.915,0
2007-03-13,PETR4,PETR4,20.775,21.045,20.55,20.615,20.615,21958200,20.775,21.045,20.55,20.615,1.0,21.045,20.55,0
2007-03-14,PETR4,PETR4,20.5,20.75,20.125,20.675,20.675,19467400,20.5,20.75,20.125,20.675,1.0,20.75,20.125,0
2007-03-15,PETR4,PETR4,20.61,20.745,20.35,20.475,20.475,18463800,20.61,20.745,20.35,20.475,1.0,20.745,20.35,0
2007-03-16,PETR4,PETR4,20.445,20.79,20.11,20.11,20.11,15259400,20.445,20.79,20.11,20.11,1.0,20.79,20.11,0
2007-03-19,PETR4,PETR4,20.3,20.62,20.285,20.55,20.55,13864400,20.3,20.62,20.285,20.55,1.0,20.62,20.285,0
2007-03-20,PETR4,PETR4,20.6,21.035,20.565,21.035,21.035,16377800,20.6,21.035,20.565,21.035,1.0,21.035,20.565,0
2007-03-21,PETR4,PETR4,21.05,21.7,21.05,21.65,21.65,22809400,21.05,21.7,21.05,21.65,1.0,21.7,21.05,0
2007-03-22,PETR4,PETR4,21.805,22.225,21.805,21.95,21.95,18773000,21.805,22.225,21.805,21.95,1.0,22.225,21.805,0
2007-03-23,PETR4,PETR4,22.075,22.245,21.825,22.04,22.04,11947000,22.075,22.245,21.825,22.04,1.0,22.245,21.825,0
2007-03-26,PETR4,PETR4,22.175,22.36,21.915,22.3,22.3,14424000,22.175,22.36,21.915,22.3,1.0,22.36,21.915,0
2007-03-27,PETR4,PETR4,22.26,22.345,22.01,22.08,22.08,11266400,22.26,22.345,22.01,22.08,1.0,22.345,22.01,0
2007-03-28,PETR4,PETR4,22.145,22.385,22.0,22.0,22.0,18023000,22.145,22.385,22.0,22.0,1.0,22.385,22.0,0
2007-03-29,PETR4,PETR4,22.25,23.245,22.25,23.05,23.05,44293400,22.25,23.245,22.25,23.05,1.0,23.245,22.25,0
2007-03-30,PETR4,PETR4,23.155,23.4,22.8,23.07,23.07,26706000,23.155,23.4,22.8,23.07,1.0,23.4,22.8,0
2007-04-02,PETR4,PETR4,22.995,23.12,22.85,23.01,23.01,12582400,22.995,23.12,22.85,23.01,1.0,23.12,22.85,0
2007-04-03,PETR4,PETR4,23.0,23.075,22.61,22.71,22.71,21303000,23.0,23.075,22.61,22.71,1.0,23.075,22.61,0
2007-04-04,PETR4,PETR4,22.7,23.09,22.49,23.0,23.0,21618600,22.7,23.09,22.49,23.0,1.0,23.09,22.49,0
2007-04-05,PETR4,PETR4,22.92,23.235,22.855,23.1,23.1,12523200,22.92,23.235,22.855,23.1,1.0,23.235,22.855,0
2007-04-09,PETR4,PETR4,23.25,23.425,23.03,23.03,23.03,20327200,23.25,23.425,23.03,23.03,1.0,23.425,23.03,0
2007-04-10,PETR4,PETR4,23.04,23.375,22.9,23.375,23.375,17817000,23.04,23.375,22.9,23.375,1.0,23.375,22.9,0
2007-04-11,PETR4,PETR4,23.43,23.595,22.9,23.045,23.045,17109400,23.43,23.595,22.9,23.045,1.0,23.595,22.9,0
2007-04-12,PETR4,PETR4,22.975,23.47,22.925,23.35,23.35,17256400,22.975,23.47,22.925,23.35,1.0,23.47,22.925,0
2007-04-13,PETR4,PETR4,23.5,24.005,23.43,23.855,23.855,26665800,23.5,24.005,23.43,23.855,1.0,24.005,23.43,0
2007-04-16,PETR4,PETR4,24.005,24.395,24.005,24.325,24.325,23514200,24.005,24.395,24.005,24.325,1.0,24.395,24.005,0
2007-04-17,PETR4,PETR4,24.375,24.5,23.755,23.875,23.875,18939400,24.375,24.5,23.755,23.875,1.0,24.5,23.755,0
2007-04-18,PETR4,PETR4,23.75,23.995,23.625,23.64,23.64,20463600,23.75,23.995,23.625,23.64,1.0,23.995,23.625,0
2007-04-19,PETR4,PETR4,23.255,23.415,23.15,23.275,23.275,18209200,23.255,23.415,23.15,23.275,1.0,23.415,23.15,0
2007-04-20,PETR4,PETR4,23.65,23.7,23.175,23.5,23.5,19975400,23.65,23.7,23.175,23.5,1.0,23.7,23.175,0
2007-04-23,PETR4,PETR4,23.55,23.55,23.265,23.315,23.315,10421800,23.55,23.55,23.265,23.315,1.0,23.55,23.265,0
2007-04-24,PETR4,PETR4,23.35,23.375,22.935,23.26,23.26,14271200,23.35,23.375,22.935,23.26,1.0,23.375,22.935,0
2007-04-25,PETR4,PETR4,23.475,23.97,23.245,23.75,23.75,18216000,23.475,23.97,23.245,23.75,1.0,23.97,23.245,0
2007-04-26,PETR4,PETR4,23.9,23.95,23.22,23.22,23.22,16566400,23.9,23.95,23.22,23.22,1.0,23.95,23.22,0
2007-04-27,PETR4,PETR4,23.05,23.145,22.79,23.05,23.05,16703800,23.05,23.145,22.79,23.05,1.0,23.145,22.79,0
2007-04-30,PETR4,PETR4,23.2,23.3,22.6,22.6,22.6,13510600,23.2,23.3,22.6,22.6,1.0,23.3,22.6,0
2007-05-02,PETR4,PETR4,22.9,22.9,22.63,22.805,22.805,17975200,22.9,22.9,22.63,22.805,1.0,22.9,22.63,0
2007-05-03,PETR4,PETR4,22.93,23.23,22.855,23.1,23.1,18045200,22.93,23.23,22.855,23.1,1.0,23.23,22.855,0
2007-05-04,PETR4,PETR4,23.275,23.425,22.905,23.01,23.01,15909600,23.275,23.425,22.905,23.01,1.0,23.425,22.905,0
2007-05-07,PETR4,PETR4,22.95,22.95,22.5,22.51,22.51,15329000,22.95,22.95,22.5,22.51,1.0,22.95,22.5,0
2007-05-08,PETR4,PETR4,22.44,22.75,22.075,22.55,22.55,25086600,22.44,22.75,22.075,22.55,1.0,22.75,22.075,0
2007-05-09,PETR4,PETR4,22.65,22.75,22.35,22.595,22.595,21288200,22.65,22.75,22.35,22.595,1.0,22.75,22.35,0
2007-05-10,PETR4,PETR4,22.65,22.75,22.14,22.18,22.18,21519000,22.65,22.75,22.14,22.18,1.0,22.75,22.14,0
2007-05-11,PETR4,PETR4,22.4,22.9,22.305,22.615,22.615,16502000,22.4,22.9,22.305,22.615,1.0,22.9,22.305,0
2007-05-14,PETR4,PETR4,22.275,22.805,22.275,22.675,22.675,20119600,22.275,22.805,22.275,22.675,1.0,22.805,22.275,0
2007-05-15,PETR4,PETR4,22.69,22.775,22.45,22.56,22.56,16376200,22.69,22.775,22.45,22.56,1.0,22.775,22.45,0
2007-05-16,PETR4,PETR4,22.6,23.095,22.465,23.0,23.0,19845600,22.6,23.095,22.465,23.0,1.0,23.095,22.465,0
2007-05-17,PETR4,PETR4,23.085,23.3,22.855,23.025,23.025,23432400,23.085,23.3,22.855,23.025,1.0,23.3,22.855,0
2007-05-18,PETR4,PETR4,23.18,23.3,22.93,23.25,23.25,20230200,23.18,23.3,22.93,23.25,1.0,23.3,22.93,0
2007-05-21,PETR4,PETR4,23.32,23.64,23.085,23.475,23.475,26753600,23.32,23.64,23.085,23.475,1.0,23.64,23.085,0
2007-05-22,PETR4,PETR4,23.465,23.56,23.3,23.45,23.45,14061400,23.465,23.56,23.3,23.45,1.0,23.56,23.3,0
2007-05-23,PETR4,PETR4,23.55,23.85,23.475,23.6,23.6,24293600,23.55,23.85,23.475,23.6,1.0,23.85,23.475,0
2007-05-24,PETR4,PETR4,23.58,23.895,22.9,23.055,23.055,23879800,23.58,23.895,22.9,23.055,1.0,23.895,22.9,0
2007-05-25,PETR4,PETR4,23.275,23.435,23.1,23.35,23.35,11769800,23.275,23.435,23.1,23.35,1.0,23.435,23.1,0
2007-05-28,PETR4,PETR4,23.355,23.555,23.3,23.425,23.425,5787600,23.355,23.555,23.3,23.425,1.0,23.555,23.3,0
2007-05-29,PETR4,PETR4,23.5,23.58,23.0,23.025,23.025,16254400,23.5,23.58,23.0,23.025,1.0,23.58,23.0,0
2007-05-30,PETR4,PETR4,22.65,23.35,22.55,23.35,23.35,18217000,22.65,23.35,22.55,23.35,1.0,23.35,22.55,0
2007-05-31,PETR4,PETR4,23.4,23.49,22.97,22.97,22.97,15828000,23.4,23.49,22.97,22.97,1.0,23.49,22.97,0
2007-06-01,PETR4,PETR4,23.25,23.585,23.13,23.55,23.55,15547200,23.25,23.585,23.13,23.55,1.0,23.585,23.13,0
2007-06-04,PETR4,PETR4,23.325,23.9,23.25,23.84,23.84,21481000,23.325,23.9,23.25,23.84,1.0,23.9,23.25,0
2007-06-05,PETR4,PETR4,23.79,24.145,23.75,23.995,23.995,20596200,23.79,24.145,23.75,23.995,1.0,24.145,23.75,0
2007-06-06,PETR4,PETR4,23.85,23.89,23.455,23.455,23.455,14871400,23.85,23.89,23.455,23.455,1.0,23.89,23.455,0
2007-06-08,PETR4,PETR4,23.15,23.85,23.125,23.7,23.7,15221200,23.15,23.85,23.125,23.7,1.0,23.85,23.125,0
2007-06-11,PETR4,PETR4,23.85,24.1,23.65,24.0,24.0,19975000,23.85,24.1,23.65,24.0,1.0,24.1,23.65,0
2007-06-12,PETR4,PETR4,23.945,24.375,23.8,24.06,24.06,26795600,23.945,24.375,23.8,24.06,1.0,24.375,23.8,0
2007-06-13,PETR4,PETR4,24.245,24.75,24.15,24.59,24.59,31040000,24.245,24.75,24.15,24.59,1.0,24.75,24.15,0
2007-06-14,PETR4,PETR4,24.74,25.09,24.65,25.0,25.0,31804800,24.74,25.09,24.65,25.0,1.0,25.09,24.65,0
2007-06-15,PETR4,PETR4,25.3,25.5,25.125,25.375,25.375,30075000,25.3,25.5,25.125,25.375,1.0,25.5,25.125,0
2007-06-18,PETR4,PETR4,25.495,25.595,25.325,25.48,25.48,25349200,25.495,25.595,25.325,25.48,1.0,25.595,25.325,0
2007-06-19,PETR4,PETR4,25.395,25.975,25.34,25.82,25.82,14632600,25.395,25.975,25.34,25.82,1.0,25.975,25.34,0
2007-06-20,PETR4,PETR4,25.945,26.05,25.395,25.395,25.395,24466600,25.945,26.05,25.395,25.395,1.0,26.05,25.395,0
2007-06-21,PETR4,PETR4,25.5,25.8,25.4,25.65,25.65,14508200,25.5,25.8,25.4,25.65,1.0,25.8,25.4,0
2007-06-22,PETR4,PETR4,25.655,25.75,25.45,25.655,25.655,12251400,25.655,25.75,25.45,25.655,1.0,25.75,25.45,0
2007-06-25,PETR4,PETR4,25.64,25.8,25.15,25.6,25.6,18375000,25.64,25.8,25.15,25.6,1.0,25.8,25.15,0
2007-06-26,PETR4,PETR4,25.64,25.75,25.325,25.355,25.355,11775200,25.64,25.75,25.325,25.355,1.0,25.75,25.325,0
2007-06-27,PETR4,PETR4,25.25,25.64,25.15,25.605,25.605,15079600,25.25,25.64,25.15,25.605,1.0,25.64,25.15,0
2007-06-28,PETR4,PETR4,25.65,25.89,25.525,25.6,25.6,13309400,25.65,25.89,25.525,25.6,1.0,25.89,25.525,0
2007-06-29,PETR4,PETR4,25.745,26.025,25.505,25.82,25.82,13811400,25.745,26.025,25.505,25.82,1.0,26.025,25.505,0
2007-07-02,PETR4,PETR4,25.9,26.4,25.805,26.4,26.4,12811800,25.9,26.4,25.805,26.4,1.0,26.4,25.805,0
2007-07-03,PETR4,PETR4,26.45,26.89,26.45,26.85,26.85,14062800,26.45,26.89,26.45,26.85,1.0,26.89,26.45,0
2007-07-04,PETR4,PETR4,26.875,27.2,26.765,26.975,26.975,8298600,26.875,27.2,26.765,26.975,1.0,27.2,26.765,0
2007-07-05,PETR4,PETR4,26.865,27.19,26.865,27.12,27.12,16373600,26.865,27.19,26.865,27.12,1.0,27.19,26.865,0
2007-07-06,PETR4,PETR4,27.18,27.42,27.18,27.37,27.37,12786200,27.18,27.42,27.18,27.37,1.0,27.42,27.18,0
2007-07-10,PETR4,PETR4,27.375,27.49,26.805,26.925,26.925,18849200,27.375,27.49,26.805,26.925,1.0,27.49,26.805,0
2007-07-11,PETR4,PETR4,26.99,27.24,26.8,27.135,27.135,13937600,26.99,27.24,26.8,27.135,1.0,27.24,26.8,0
2007-07-12,PETR4,PETR4,27.325,27.825,27.175,27.75,27.75,16478400,27.325,27.825,27.175,27.75,1.0,27.825,27.175,0
2007-07-13,PETR4,PETR4,27.625,28.245,27.5,27.92,27.92,19155000,27.625,28.245,27.5,27.92,1.0,28.245,27.5,0
2007-07-16,PETR4,PETR4,27.92,27.92,27.4,27.655,27.655,17848800,27.92,27.92,27.4,27.655,1.0,27.92,27.4,0
2007-07-17,PETR4,PETR4,27.55,28.155,27.5,28.15,28.15,15420600,27.55,28.155,27.5,28.15,1.0,28.155,27.5,0
2007-07-18,PETR4,PETR4,27.9,28.24,27.865,28.08,28.08,12838000,27.9,28.24,27.865,28.08,1.0,28.24,27.865,0
2007-07-19,PETR4,PETR4,28.4,28.57,28.3,28.485,28.485,9557200,28.4,28.57,28.3,28.485,1.0,28.57,28.3,0
2007-07-20,PETR4,PETR4,28.5,28.5,28.0,28.29,28.29,9250200,28.5,28.5,28.0,28.29,1.0,28.5,28.0,0
2007-07-23,PETR4,PETR4,28.38,28.75,28.1,28.75,28.75,10985800,28.38,28.75,28.1,28.75,1.0,28.75,28.1,0
2007-07-24,PETR4,PETR4,28.4,28.55,26.75,27.135,27.135,21104600,28.4,28.55,26.75,27.135,1.0,28.55,26.75,0
2007-07-25,PETR4,PETR4,27.47,27.675,26.35,27.525,27.525,24394800,27.47,27.675,26.35,27.525,1.0,27.675,26.35,0
2007-07-26,PETR4,PETR4,26.875,27.145,25.575,26.25,26.25,26557600,26.875,27.145,25.575,26.25,1.0,27.145,25.575,0
2007-07-27,PETR4,PETR4,26.0,26.745,25.53,25.53,25.53,17588000,26.0,26.745,25.53,25.53,1.0,26.745,25.53,0
2007-07-30,PETR4,PETR4,25.805,26.74,25.71,26.695,26.695,17602400,25.805,26.74,25.71,26.695,1.0,26.74,25.71,0
2007-07-31,PETR4,PETR4,27.165,27.375,26.355,26.355,26.355,17973400,27.165,27.375,26.355,26.355,1.0,27.375,26.355,0
2007-08-01,PETR4,PETR4,26.145,26.415,25.63,26.19,26.19,22682000,26.145,26.415,25.63,26.19,1.0,26.415,25.63,0
2007-08-02,PETR4,PETR4,26.51,26.6,26.1,26.375,26.375,9394200,26.51,26.6,26.1,26.375,1.0,26.6,26.1,0
2007-08-03,PETR4,PETR4,26.35,26.4,25.1,25.25,25.25,17488200,26.35,26.4,25.1,25.25,1.0,26.4,25.1,0
2007-08-06,PETR4,PETR4,25.475,25.475,24.4,25.27,25.27,18776600,25.475,25.475,24.4,25.27,1.0,25.475,24.4,0
2007-08-07,PETR4,PETR4,25.25,25.695,24.925,25.375,25.375,19708800,25.25,25.695,24.925,25.375,1.0,25.695,24.925,0
2007-08-08,PETR4,PETR4,25.695,26.43,25.55,26.325,26.325,20164600,25.695,26.43,25.55,26.325,1.0,26.43,25.55,0
2007-08-09,PETR4,PETR4,25.5,25.845,25.255,25.3,25.3,21961000,25.5,25.845,25.255,25.3,1.0,25.845,25.255,0
2007-08-10,PETR4,PETR4,24.675,25.2,24.505,24.75,24.75,21996000,24.675,25.2,24.505,24.75,1.0,25.2,24.505,0
2007-08-13,PETR4,PETR4,25.25,25.555,24.68,24.955,24.955,16369400,25.25,25.555,24.68,24.955,1.0,25.555,24.68,0
2007-08-14,PETR4,PETR4,25.55,25.6,24.72,24.72,24.72,27509800,25.55,25.6,24.72,24.72,1.0,25.6,24.72,0
2007-08-15,PETR4,PETR4,24.5,25.31,24.01,24.22,24.22,38552800,24.5,25.31,24.01,24.22,1.0,25.31,24.01,0
2007-08-16,PETR4,PETR4,23.35,23.645,21.81,23.5,23.5,41375200,23.35,23.645,21.81,23.5,1.0,23.645,21.81,0
2007-08-17,PETR4,PETR4,24.25,24.25,22.76,23.2,23.2,27930600,24.25,24.25,22.76,23.2,1.0,24.25,22.76,0
2007-08-20,PETR4,PETR4,23.34,23.395,22.8,23.135,23.135,24738000,23.34,23.395,22.8,23.135,1.0,23.395,22.8,0
2007-08-21,PETR4,PETR4,23.225,23.275,22.72,23.085,23.085,22305000,23.225,23.275,22.72,23.085,1.0,23.275,22.72,0
2007-08-22,PETR4,PETR4,23.505,24.555,23.375,24.37,24.37,22102600,23.505,24.555,23.375,24.37,1.0,24.555,23.375,0
2007-08-23,PETR4,PETR4,24.6,24.825,24.005,24.45,24.45,21376000,24.6,24.825,24.005,24.45,1.0,24.825,24.005,0
2007-08-24,PETR4,PETR4,24.35,24.965,24.155,24.875,24.875,16383400,24.35,24.965,24.155,24.875,1.0,24.965,24.155,0
2007-08-27,PETR4,PETR4,24.75,25.16,24.56,24.78,24.78,9402000,24.75,25.16,24.56,24.78,1.0,25.16,24.56,0
2007-08-28,PETR4,PETR4,24.495,24.65,24.125,24.275,24.275,15575600,24.495,24.65,24.125,24.275,1.0,24.65,24.125,0
2007-08-29,PETR4,PETR4,24.505,24.845,24.375,24.8,24.8,13409400,24.505,24.845,24.375,24.8,1.0,24.845,24.375,0
2007-08-30,PETR4,PETR4,24.73,25.45,24.52,25.145,25.145,20269800,24.73,25.45,24.52,25.145,1.0,25.45,24.52,0
2007-08-31,PETR4,PETR4,25.555,26.275,25.555,26.1,26.1,24793800,25.555,26.275,25.555,26.1,1.0,26.275,25.555,0
2007-09-03,PETR4,PETR4,26.1,26.43,26.06,26.22,26.22,7673600,26.1,26.43,26.06,26.22,1.0,26.43,26.06,0
2007-09-04,PETR4,PETR4,26.22,27.195,26.075,26.86,26.86,20260000,26.22,27.195,26.075,26.86,1.0,27.195,26.075,0
2007-09-05,PETR4,PETR4,26.425,26.91,26.41,26.745,26.745,17173200,26.425,26.91,26.41,26.745,1.0,26.91,26.41,0
2007-09-06,PETR4,PETR4,27.2,27.475,26.94,27.04,27.04,16007800,27.2,27.475,26.94,27.04,1.0,27.475,26.94,0
2007-09-10,PETR4,PETR4,26.575,26.725,26.08,26.4,26.4,20290800,26.575,26.725,26.08,26.4,1.0,26.725,26.08,0
2007-09-11,PETR4,PETR4,26.86,27.34,26.56,27.15,27.15,20857400,26.86,27.34,26.56,27.15,1.0,27.34,26.56,0
2007-09-12,PETR4,PETR4,27.1,27.825,26.875,27.355,27.355,20480000,27.1,27.825,26.875,27.355,1.0,27.825,26.875,0
2007-09-13,PETR4,PETR4,27.555,27.825,27.5,27.675,27.675,15724200,27.555,27.825,27.5,27.675,1.0,27.825,27.5,0
2007-09-14,PETR4,PETR4,27.45,27.8,26.95,27.15,27.15,15749600,27.45,27.8,26.95,27.15,1.0,27.8,26.95,0
2007-09-17,PETR4,PETR4,27.0,27.305,26.685,27.245,27.245,17998800,27.0,27.305,26.685,27.245,1.0,27.305,26.685,0
2007-09-18,PETR4,PETR4,27.5,28.625,27.38,28.425,28.425,22130800,27.5,28.625,27.38,28.425,1.0,28.625,27.38,0
2007-09-19,PETR4,PETR4,28.95,29.11,28.185,28.355,28.355,26854200,28.95,29.11,28.185,28.355,1.0,29.11,28.185,0
2007-09-20,PETR4,PETR4,28.5,28.625,28.075,28.4,28.4,14703000,28.5,28.625,28.075,28.4,1.0,28.625,28.075,0
2007-09-21,PETR4,PETR4,28.92,29.25,28.705,29.25,29.25,18418200,28.92,29.25,28.705,29.25,1.0,29.25,28.705,0
2007-09-24,PETR4,PETR4,29.465,30.0,29.3,30.0,30.0,19086200,29.465,30.0,29.3,30.0,1.0,30.0,29.3,0
2007-09-25,PETR4,PETR4,29.745,29.8,29.37,29.555,29.555,24224600,29.745,29.8,29.37,29.555,1.0,29.8,29.37,0
2007-09-26,PETR4,PETR4,29.755,30.05,29.225,29.925,29.925,18645600,29.755,30.05,29.225,29.925,1.0,30.05,29.225,0
2007-09-27,PETR4,PETR4,30.25,30.25,29.77,30.175,30.175,18320200,30.25,30.25,29.77,30.175,1.0,30.25,29.77,0
2007-09-28,PETR4,PETR4,29.925,30.23,29.335,29.6,29.6,18131400,29.925,30.23,29.335,29.6,1.0,30.23,29.335,0
2007-10-01,PETR4,PETR4,29.54,30.225,29.525,30.175,30.175,21579200,29.54,30.225,29.525,30.175,1.0,30.225,29.525,0
2007-10-02,PETR4,PETR4,30.005,30.54,29.725,30.355,30.355,22048000,30.005,30.54,29.725,30.355,1.0,30.54,29.725,0
2007-10-03,PETR4,PETR4,30.055,30.485,29.35,29.35,29.35,19606800,30.055,30.485,29.35,29.35,1.0,30.485,29.35,0
2007-10-04,PETR4,PETR4,29.505,29.955,28.65,29.6,29.6,20091200,29.505,29.955,28.65,29.6,1.0,29.955,28.65,0
2007-10-05,PETR4,PETR4,30.2,31.0,30.005,30.825,30.825,21783400,30.2,31.0,30.005,30.825,1.0,31.0,30.005,0
2007-10-08,PETR4,PETR4,30.485,31.045,30.35,30.92,30.92,20989400,30.485,31.045,30.35,30.92,1.0,31.045,30.35,0
2007-10-09,PETR4,PETR4,31.175,31.625,31.125,31.57,31.57,20588600,31.175,31.625,31.125,31.57,1.0,31.625,31.125,0
2007-10-10,PETR4,PETR4,31.4,32.695,31.275,32.575,32.575,29760000,31.4,32.695,31.275,32.575,1.0,32.695,31.275,0
2007-10-11,PETR4,PETR4,33.245,33.45,31.745,32.37,32.37,23159600,33.245,33.45,31.745,32.37,1.0,33.45,31.745,0
2007-10-15,PETR4,PETR4,33.025,33.68,32.95,33.55,33.55,33857000,33.025,33.68,32.95,33.55,1.0,33.68,32.95,0
2007-10-16,PETR4,PETR4,33.245,34.05,33.235,33.255,33.255,23238000,33.245,34.05,33.235,33.255,1.0,34.05,33.235,0
2007-10-17,PETR4,PETR4,33.775,33.965,32.675,33.77,33.77,26905800,33.775,33.965,32.675,33.77,1.0,33.965,32.675,0
2007-10-18,PETR4,PETR4,33.105,33.71,32.925,33.5,33.5,20502200,33.105,33.71,32.925,33.5,1.0,33.71,32.925,0
2007-10-19,PETR4,PETR4,33.55,33.65,31.5,31.5,31.5,22152200,33.55,33.65,31.5,31.5,1.0,33.65,31.5,0
2007-10-22,PETR4,PETR4,30.55,31.625,30.3,31.305,31.305,23109200,30.55,31.625,30.3,31.305,1.0,31.625,30.3,0
2007-10-23,PETR4,PETR4,31.87,32.365,31.635,32.245,32.245,14815400,31.87,32.365,31.635,32.245,1.0,32.365,31.635,0
2007-10-24,PETR4,PETR4,31.8,33.74,31.8,33.6,33.6,26349400,31.8,33.74,31.8,33.6,1.0,33.74,31.8,0
2007-10-25,PETR4,PETR4,33.7,34.175,33.315,34.05,34.05,29738800,33.7,34.175,33.315,34.05,1.0,34.175,33.315,0
2007-10-26,PETR4,PETR4,34.95,35.625,34.61,35.55,35.55,18867000,34.95,35.625,34.61,35.55,1.0,35.625,34.61,0
2007-10-29,PETR4,PETR4,35.76,37.0,35.76,36.415,36.415,32064200,35.76,37.0,35.76,36.415,1.0,37.0,35.76,0
2007-10-30,PETR4,PETR4,36.145,36.75,34.83,35.01,35.01,29133400,36.145,36.75,34.83,35.01,1.0,36.75,34.83,0
2007-10-31,PETR4,PETR4,35.55,36.85,35.15,36.01,36.01,22890600,35.55,36.85,35.15,36.01,1.0,36.85,35.15,0
2007-11-01,PETR4,PETR4,35.5,36.025,34.97,35.725,35.725,23244800,35.5,36.025,34.97,35.725,1.0,36.025,34.97,0
2007-11-05,PETR4,PETR4,35.0,35.175,33.95,34.05,34.05,30378800,35.0,35.175,33.95,34.05,1.0,35.175,33.95,0
2007-11-06,PETR4,PETR4,35.0,35.195,34.375,35.0,35.0,21580800,35.0,35.195,34.375,35.0,1.0,35.195,34.375,0
2007-11-07,PETR4,PETR4,34.75,35.95,34.6,35.125,35.125,27039400,34.75,35.95,34.6,35.125,1.0,35.95,34.6,0
2007-11-08,PETR4,PETR4,36.85,42.0,36.5,40.1,40.1,86248000,36.85,42.0,36.5,40.1,1.0,42.0,36.5,0
2007-11-09,PETR4,PETR4,45.0,45.445,38.58,40.825,40.825,65370400,45.0,45.445,38.58,40.825,1.0,45.445,38.58,0
2007-11-12,PETR4,PETR4,38.875,40.23,37.86,38.17,38.17,41502400,38.875,40.23,37.86,38.17,1.0,40.23,37.86,0
2007-11-13,PETR4,PETR4,38.445,39.195,36.615,38.85,38.85,37075400,38.445,39.195,36.615,38.85,1.0,39.195,36.615,0
2007-11-14,PETR4,PETR4,39.25,40.595,39.25,39.565,39.565,32544800,39.25,40.595,39.25,39.565,1.0,40.595,39.25,0
2007-11-16,PETR4,PETR4,38.7,39.73,38.5,39.4,39.4,27237400,38.7,39.73,38.5,39.4,1.0,39.73,38.5,0
2007-11-19,PETR4,PETR4,39.295,39.295,38.35,38.65,38.65,25743800,39.295,39.295,38.35,38.65,1.0,39.295,38.35,0
2007-11-21,PETR4,PETR4,38.925,39.75,37.755,37.925,37.925,28488400,38.925,39.75,37.755,37.925,1.0,39.75,37.755,0
2007-11-22,PETR4,PETR4,37.99,38.49,37.62,38.075,38.075,10266000,37.99,38.49,37.62,38.075,1.0,38.49,37.62,0
2007-11-23,PETR4,PETR4,38.355,38.755,38.0,38.25,38.25,13890200,38.355,38.755,38.0,38.25,1.0,38.755,38.0,0
2007-11-26,PETR4,PETR4,38.5,38.925,37.375,37.44,37.44,20315600,38.5,38.925,37.375,37.44,1.0,38.925,37.375,0
2007-11-27,PETR4,PETR4,36.5,37.5,35.955,37.0,37.0,21105000,36.5,37.5,35.955,37.0,1.0,37.5,35.955,0
2007-11-28,PETR4,PETR4,37.6,37.995,36.6,36.945,36.945,25419200,37.6,37.995,36.6,36.945,1.0,37.995,36.6,0
2007-11-29,PETR4,PETR4,37.35,37.6,36.265,36.7,36.7,28843600,37.35,37.6,36.265,36.7,1.0,37.6,36.265,0
2007-11-30,PETR4,PETR4,37.0,37.25,35.95,35.95,35.95,24220000,37.0,37.25,35.95,35.95,1.0,37.25,35.95,0
2007-12-03,PETR4,PETR4,36.375,36.81,35.75,36.6,36.6,15397600,36.375,36.81,35.75,36.6,1.0,36.81,35.75,0
2007-12-04,PETR4,PETR4,36.345,37.5,36.055,37.25,37.25,15930000,36.345,37.5,36.055,37.25,1.0,37.5,36.055,0
2007-12-05,PETR4,PETR4,38.075,39.39,37.9,39.25,39.25,27300200,38.075,39.39,37.9,39.25,1.0,39.39,37.9,0
2007-12-06,PETR4,PETR4,39.32,40.325,39.32,40.325,40.325,22784000,39.32,40.325,39.32,40.325,1.0,40.325,39.32,0
2007-12-07,PETR4,PETR4,41.5,42.26,39.995,40.025,40.025,24380800,41.5,42.26,39.995,40.025,1.0,42.26,39.995,0
2007-12-10,PETR4,PETR4,40.47,40.47,39.05,39.85,39.85,13131000,40.47,40.47,39.05,39.85,1.0,40.47,39.05,0
2007-12-11,PETR4,PETR4,40.05,41.345,39.85,40.45,40.45,26589600,40.05,41.345,39.85,40.45,1.0,41.345,39.85,0
2007-12-12,PETR4,PETR4,40.675,42.945,40.375,42.495,42.495,42114200,40.675,42.945,40.375,42.495,1.0,42.945,40.375,0
2007-12-13,PETR4,PETR4,41.25,42.495,40.98,41.15,41.15,23804000,41.25,42.495,40.98,41.15,1.0,42.495,40.98,0
2007-12-14,PETR4,PETR4,41.75,42.25,40.6,40.6,40.6,19645800,41.75,42.25,40.6,40.6,1.0,42.25,40.6,0
2007-12-17,PETR4,PETR4,39.975,40.25,38.475,38.475,38.475,31566000,39.975,40.25,38.475,38.475,1.0,40.25,38.475,0
2007-12-18,PETR4,PETR4,39.505,39.775,38.36,39.4,39.4,26789800,39.505,39.775,38.36,39.4,1.0,39.775,38.36,0
2007-12-19,PETR4,PETR4,39.675,40.665,39.4,40.665,40.665,21279200,39.675,40.665,39.4,40.665,1.0,40.665,39.4,0
2007-12-20,PETR4,PETR4,40.85,41.925,40.5,41.2,41.2,23440800,40.85,41.925,40.5,41.2,1.0,41.925,40.5,0
2007-12-21,PETR4,PETR4,43.05,43.24,42.25,42.515,42.515,18418600,43.05,43.24,42.25,42.515,1.0,43.24,42.25,0
2007-12-26,PETR4,PETR4,43.3,43.65,42.655,43.65,43.65,17589400,43.3,43.65,42.655,43.65,1.0,43.65,42.655,0
2007-12-27,PETR4,PETR4,43.75,43.945,42.735,43.17,43.17,15403000,43.75,43.945,42.735,43.17,1.0,43.945,42.735,0
2007-12-28,PETR4,PETR4,43.1,44.2,42.935,44.2,44.2,26339200,43.1,44.2,42.935,44.2,1.0,44.2,42.935,0
2008-01-02,PETR4,PETR4,43.495,43.87,42.955,43.5,43.5,16329000,43.495,43.87,42.955,43.5,1.0,43.87,42.955,0
2008-01-03,PETR4,PETR4,43.35,43.625,42.795,42.8,42.8,14744200,43.35,43.625,42.795,42.8,1.0,43.625,42.795,0
2008-01-04,PETR4,PETR4,42.825,43.175,40.45,40.7,40.7,25744400,42.825,43.175,40.45,40.7,1.0,43.175,40.45,0
2008-01-07,PETR4,PETR4,40.73,40.85,39.31,39.505,39.505,20791200,40.73,40.85,39.31,39.505,1.0,40.85,39.31,0
2008-01-08,PETR4,PETR4,40.15,42.305,40.125,41.675,41.675,22104800,40.15,42.305,40.125,41.675,1.0,42.305,40.125,0
2008-01-09,PETR4,PETR4,41.55,42.46,41.125,42.46,42.46,24443000,41.55,42.46,41.125,42.46,1.0,42.46,41.125,0
2008-01-10,PETR4,PETR4,42.49,42.735,41.18,42.05,42.05,23540000,42.49,42.735,41.18,42.05,1.0,42.735,41.18,0
2008-01-11,PETR4,PETR4,41.605,42.14,40.78,40.78,40.78,15914000,41.605,42.14,40.78,40.78,1.0,42.14,40.78,0
2008-01-14,PETR4,PETR4,41.055,41.2,40.195,40.545,40.545,14947400,41.055,41.2,40.195,40.545,1.0,41.2,40.195,0
2008-01-15,PETR4,PETR4,40.0,40.19,38.6,38.76,38.76,24539000,40.0,40.19,38.6,38.76,1.0,40.19,38.6,0
2008-01-16,PETR4,PETR4,38.125,38.85,36.575,37.3,37.3,34083600,38.125,38.85,36.575,37.3,1.0,38.85,36.575,0
2008-01-17,PETR4,PETR4,37.295,37.8,35.255,35.425,35.425,33813600,37.295,37.8,35.255,35.425,1.0,37.8,35.255,0
2008-01-18,PETR4,PETR4,36.195,36.575,34.575,35.9,35.9,26453600,36.195,36.575,34.575,35.9,1.0,36.575,34.575,0
2008-01-21,PETR4,PETR4,33.85,34.05,33.1,33.235,33.235,27096600,33.85,34.05,33.1,33.235,1.0,34.05,33.1,0
2008-01-22,PETR4,PETR4,34.25,36.605,33.65,36.48,36.48,39735200,34.25,36.605,33.65,36.48,1.0,36.605,33.65,0
2008-01-23,PETR4,PETR4,35.72,36.05,34.355,35.855,35.855,27943600,35.72,36.05,34.355,35.855,1.0,36.05,34.355,0
2008-01-24,PETR4,PETR4,37.25,38.475,36.575,38.37,38.37,27057400,37.25,38.475,36.575,38.37,1.0,38.475,36.575,0
2008-01-28,PETR4,PETR4,37.51,40.435,37.505,40.435,40.435,28571600,37.51,40.435,37.505,40.435,1.0,40.435,37.505,0
2008-01-29,PETR4,PETR4,40.825,41.2,39.805,40.4,40.4,23925400,40.825,41.2,39.805,40.4,1.0,41.2,39.805,0
2008-01-30,PETR4,PETR4,39.9,41.315,39.775,41.315,41.315,17465000,39.9,41.315,39.775,41.315,1.0,41.315,39.775,0
2008-01-31,PETR4,PETR4,40.05,40.25,39.155,40.2,40.2,34162000,40.05,40.25,39.155,40.2,1.0,40.25,39.155,0
2008-02-01,PETR4,PETR4,41.225,41.25,39.9,40.85,40.85,20569000,41.225,41.25,39.9,40.85,1.0,41.25,39.9,0
2008-02-06,PETR4,PETR4,39.475,39.84,39.2,39.4,39.4,14356200,39.475,39.84,39.2,39.4,1.0,39.84,39.2,0
2008-02-07,PETR4,PETR4,39.36,41.05,39.175,40.625,40.625,26302200,39.36,41.05,39.175,40.625,1.0,41.05,39.175,0
2008-02-08,PETR4,PETR4,40.65,41.35,40.475,40.9,40.9,23124200,40.65,41.35,40.475,40.9,1.0,41.35,40.475,0
2008-02-11,PETR4,PETR4,41.295,41.935,41.04,41.585,41.585,19867400,41.295,41.935,41.04,41.585,1.0,41.935,41.04,0
2008-02-12,PETR4,PETR4,42.2,42.565,41.6,41.67,41.67,27855000,42.2,42.565,41.6,41.67,1.0,42.565,41.6,0
2008-02-13,PETR4,PETR4,41.9,42.475,41.605,42.28,42.28,24618600,41.9,42.475,41.605,42.28,1.0,42.475,41.605,0
2008-02-14,PETR4,PETR4,42.65,42.81,41.675,41.765,41.765,17853400,42.65,42.81,41.675,41.765,1.0,42.81,41.675,0
2008-02-15,PETR4,PETR4,41.42,41.715,40.99,41.4,41.4,13602600,41.42,41.715,40.99,41.4,1.0,41.715,40.99,0
2008-02-18,PETR4,PETR4,42.15,42.48,41.755,42.475,42.475,16488200,42.15,42.48,41.755,42.475,1.0,42.48,41.755,0
2008-02-19,PETR4,PETR4,42.76,43.2,42.405,42.65,42.65,22030000,42.76,43.2,42.405,42.65,1.0,43.2,42.405,0
2008-02-20,PETR4,PETR4,42.155,42.995,42.155,42.75,42.75,24715400,42.155,42.995,42.155,42.75,1.0,42.995,42.155,0
2008-02-21,PETR4,PETR4,43.15,43.15,41.975,42.005,42.005,19791200,43.15,43.15,41.975,42.005,1.0,43.15,41.975,0
2008-02-22,PETR4,PETR4,42.4,42.46,41.23,42.15,42.15,15061600,42.4,42.46,41.23,42.15,1.0,42.46,41.23,0
2008-02-25,PETR4,PETR4,42.0,42.195,41.525,42.125,42.125,12491400,42.0,42.195,41.525,42.125,1.0,42.195,41.525,0
2008-02-26,PETR4,PETR4,41.875,42.74,41.445,42.2,42.2,27498800,41.875,42.74,41.445,42.2,1.0,42.74,41.445,0
2008-02-27,PETR4,PETR4,42.0,43.165,41.8,42.85,42.85,28231800,42.0,43.165,41.8,42.85,1.0,43.165,41.8,0
2008-02-28,PETR4,PETR4,42.995,43.225,42.625,43.075,43.075,13541200,42.995,43.225,42.625,43.075,1.0,43.225,42.625,0
2008-02-29,PETR4,PETR4,42.495,42.75,40.725,40.725,40.725,22109200,42.495,42.75,40.725,40.725,1.0,42.75,40.725,0
2008-03-03,PETR4,PETR4,40.9,41.35,39.65,40.45,40.45,24620000,40.9,41.35,39.65,40.45,1.0,41.35,39.65,0
2008-03-04,PETR4,PETR4,39.915,40.25,38.905,39.325,39.325,29250000,39.915,40.25,38.905,39.325,1.0,40.25,38.905,0
2008-03-05,PETR4,PETR4,39.805,40.585,39.455,40.3,40.3,22956400,39.805,40.585,39.455,40.3,1.0,40.585,39.455,0
2008-03-06,PETR4,PETR4,40.25,40.725,39.505,39.505,39.505,20812600,40.25,40.725,39.505,39.505,1.0,40.725,39.505,0
2008-03-07,PETR4,PETR4,39.055,39.75,38.65,39.08,39.08,22360800,39.055,39.75,38.65,39.08,1.0,39.75,38.65,0
2008-03-10,PETR4,PETR4,39.085,39.445,38.29,38.35,38.35,17031000,39.085,39.445,38.29,38.35,1.0,39.445,38.29,0
2008-03-11,PETR4,PETR4,39.42,39.89,38.555,39.855,39.855,17754800,39.42,39.89,38.555,39.855,1.0,39.89,38.555,0
2008-03-12,PETR4,PETR4,39.95,40.25,39.445,39.66,39.66,15746800,39.95,40.25,39.445,39.66,1.0,40.25,39.445,0
2008-03-13,PETR4,PETR4,39.0,39.25,38.25,39.14,39.14,25087800,39.0,39.25,38.25,39.14,1.0,39.25,38.25,0
2008-03-14,PETR4,PETR4,39.5,39.55,38.0,38.37,38.37,22669200,39.5,39.55,38.0,38.37,1.0,39.55,38.0,0
2008-03-17,PETR4,PETR4,37.05,37.51,36.33,36.915,36.915,33181600,37.05,37.51,36.33,36.915,1.0,37.51,36.33,0
2008-03-18,PETR4,PETR4,37.51,37.775,36.905,37.475,37.475,22237400,37.51,37.775,36.905,37.475,1.0,37.775,36.905,0
2008-03-19,PETR4,PETR4,37.445,37.81,34.7,34.7,34.7,36028200,37.445,37.81,34.7,34.7,1.0,37.81,34.7,0
2008-03-20,PETR4,PETR4,34.345,34.9,33.75,34.7,34.7,22990000,34.345,34.9,33.75,34.7,1.0,34.9,33.75,0
2008-03-24,PETR4,PETR4,34.95,35.91,34.675,35.0,35.0,21801400,34.95,35.91,34.675,35.0,1.0,35.91,34.675,0
2008-03-25,PETR4,PETR4,35.75,37.0,35.3,36.85,36.85,24530600,35.75,37.0,35.3,36.85,1.0,37.0,35.3,0
2008-03-26,PETR4,PETR4,37.1,37.765,36.33,37.45,37.45,19597600,37.1,37.765,36.33,37.45,1.0,37.765,36.33,0
2008-03-27,PETR4,PETR4,37.62,37.915,36.35,36.555,36.555,12600600,37.62,37.915,36.35,36.555,1.0,37.915,36.35,0
2008-03-28,PETR4,PETR4,36.65,37.01,36.125,36.305,36.305,15922400,36.65,37.01,36.125,36.305,1.0,37.01,36.125,0
2008-03-31,PETR4,PETR4,36.8,37.245,36.1,36.995,36.995,16241200,36.8,37.245,36.1,36.995,1.0,37.245,36.1,0
2008-04-01,PETR4,PETR4,37.495,37.88,36.76,37.88,37.88,21661000,37.495,37.88,36.76,37.88,1.0,37.88,36.76,0
2008-04-02,PETR4,PETR4,37.975,39.145,37.75,38.885,38.885,24529800,37.975,39.145,37.75,38.885,1.0,39.145,37.75,0
2008-04-03,PETR4,PETR4,38.725,40.05,38.51,39.35,39.35,23257000,38.725,40.05,38.51,39.35,1.0,40.05,38.51,0
2008-04-04,PETR4,PETR4,39.45,40.14,39.275,39.5,39.5,22071000,39.45,40.14,39.275,39.5,1.0,40.14,39.275,0
2008-04-07,PETR4,PETR4,39.79,40.32,38.86,39.25,39.25,14991200,39.79,40.32,38.86,39.25,1.0,40.32,38.86,0
2008-04-08,PETR4,PETR4,38.96,40.0,38.675,39.995,39.995,16531600,38.96,40.0,38.675,39.995,1.0,40.0,38.675,0
2008-04-09,PETR4,PETR4,39.78,40.475,39.61,40.02,40.02,21668000,39.78,40.475,39.61,40.02,1.0,40.475,39.61,0
2008-04-10,PETR4,PETR4,40.09,40.4,39.51,40.165,40.165,18487800,40.09,40.4,39.51,40.165,1.0,40.4,39.51,0
2008-04-11,PETR4,PETR4,39.8,39.94,39.16,39.275,39.275,14181200,39.8,39.94,39.16,39.275,1.0,39.94,39.16,0
2008-04-14,PETR4,PETR4,39.0,42.25,38.51,41.485,41.485,54823200,39.0,42.25,38.51,41.485,1.0,42.25,38.51,0
2008-04-15,PETR4,PETR4,41.3,42.345,40.87,41.97,41.97,37643800,41.3,42.345,40.87,41.97,1.0,42.345,40.87,0
2008-04-16,PETR4,PETR4,42.035,42.5,41.115,41.7,41.7,38697600,42.035,42.5,41.115,41.7,1.0,42.5,41.115,0
2008-04-17,PETR4,PETR4,41.325,42.55,41.255,42.55,42.55,31896400,41.325,42.55,41.255,42.55,1.0,42.55,41.255,0
2008-04-18,PETR4,PETR4,42.75,42.97,41.955,42.65,42.65,26927800,42.75,42.97,41.955,42.65,1.0,42.97,41.955,0
2008-04-22,PETR4,PETR4,43.25,43.72,42.875,43.1,43.1,24702800,43.25,43.72,42.875,43.1,1.0,43.72,42.875,0
2008-04-23,PETR4,PETR4,43.15,43.495,42.375,42.51,42.51,20478400,43.15,43.495,42.375,42.51,1.0,43.495,42.375,0
2008-04-24,PETR4,PETR4,42.45,42.64,41.3,41.6,41.6,36653800,42.45,42.64,41.3,41.6,1.0,42.64,41.3,0
2008-04-25,PETR4,PETR4,42.0,42.435,41.465,42.15,42.15,24319800,42.0,42.435,41.465,42.15,1.0,42.435,41.465,0
2008-04-28,PETR4,PETR4,42.58,42.96,42.15,42.59,42.59,19032300,42.58,42.96,42.15,42.59,1.0,42.96,42.15,0
2008-04-29,PETR4,PETR4,42.56,42.56,40.72,40.9,40.9,23597900,42.56,42.56,40.72,40.9,1.0,42.56,40.72,0
2008-04-30,PETR4,PETR4,41.35,43.2,40.5,42.2,42.2,37808400,41.35,43.2,40.5,42.2,1.0,43.2,40.5,0
2008-05-02,PETR4,PETR4,44.2,44.2,42.45,43.0,43.0,26861800,44.2,44.2,42.45,43.0,1.0,44.2,42.45,0
2008-05-05,PETR4,PETR4,43.2,44.0,42.81,43.85,43.85,22361900,43.2,44.0,42.81,43.85,1.0,44.0,42.81,0
2008-05-06,PETR4,PETR4,43.64,45.0,43.4,45.0,45.0,23005100,43.64,45.0,43.4,45.0,1.0,45.0,43.4,0
2008-05-07,PETR4,PETR4,45.1,45.6,44.39,44.85,44.85,26074500,45.1,45.6,44.39,44.85,1.0,45.6,44.39,0
2008-05-08,PETR4,PETR4,45.0,45.4,44.3,45.0,45.0,17862600,45.0,45.4,44.3,45.0,1.0,45.4,44.3,0
2008-05-09,PETR4,PETR4,44.75,45.67,44.35,45.67,45.67,17095600,44.75,45.67,44.35,45.67,1.0,45.67,44.35,0
2008-05-12,PETR4,PETR4,45.78,46.05,45.02,45.75,45.75,22817700,45.78,46.05,45.02,45.75,1.0,46.05,45.02,0
2008-05-13,PETR4,PETR4,47.18,47.19,46.6,46.95,46.95,28963500,47.18,47.19,46.6,46.95,1.0,47.19,46.6,0
2008-05-14,PETR4,PETR4,46.8,47.2,46.21,46.3,46.3,24197100,46.8,47.2,46.21,46.3,1.0,47.2,46.21,0
2008-05-15,PETR4,PETR4,46.5,47.12,46.08,47.11,47.11,24004600,46.5,47.12,46.08,47.11,1.0,47.12,46.08,0
2008-05-16,PETR4,PETR4,47.53,48.2,47.32,48.15,48.15,19533000,47.53,48.2,47.32,48.15,1.0,48.2,47.32,0
2008-05-19,PETR4,PETR4,48.29,50.09,48.16,50.0,50.0,31901900,48.29,50.09,48.16,50.0,1.0,50.09,48.16,0
2008-05-20,PETR4,PETR4,49.49,51.66,49.3,51.66,51.66,28076400,49.49,51.66,49.3,51.66,1.0,51.66,49.3,0
2008-05-21,PETR4,PETR4,52.58,53.68,51.95,52.51,52.51,34259600,52.58,53.68,51.95,52.51,1.0,53.68,51.95,0
2008-05-23,PETR4,PETR4,51.11,51.4,50.1,50.56,50.56,26399600,51.11,51.4,50.1,50.56,1.0,51.4,50.1,0
2008-05-26,PETR4,PETR4,51.01,51.85,50.75,51.57,51.57,8766900,51.01,51.85,50.75,51.57,1.0,51.85,50.75,0
2008-05-27,PETR4,PETR4,51.68,51.7,49.45,49.9,49.9,26901800,51.68,51.7,49.45,49.9,1.0,51.7,49.45,0
2008-05-28,PETR4,PETR4,50.0,51.0,48.9,50.99,50.99,23291600,50.0,51.0,48.9,50.99,1.0,51.0,48.9,0
2008-05-29,PETR4,PETR4,50.84,51.51,49.34,49.34,49.34,29887100,50.84,51.51,49.34,49.34,1.0,51.51,49.34,0
2008-05-30,PETR4,PETR4,50.97,50.97,49.0,49.0,49.0,23614200,50.97,50.97,49.0,49.0,1.0,50.97,49.0,0
2008-06-02,PETR4,PETR4,48.9,50.27,48.3,49.79,49.79,19462200,48.9,50.27,48.3,49.79,1.0,50.27,48.3,0
2008-06-03,PETR4,PETR4,49.7,49.7,47.37,47.45,47.45,27075900,49.7,49.7,47.37,47.45,1.0,49.7,47.37,0
2008-06-04,PETR4,PETR4,47.0,47.05,44.87,45.28,45.28,40127000,47.0,47.05,44.87,45.28,1.0,47.05,44.87,0
2008-06-05,PETR4,PETR4,45.97,47.56,45.37,47.56,47.56,24299500,45.97,47.56,45.37,47.56,1.0,47.56,45.37,0
2008-06-06,PETR4,PETR4,47.95,49.1,47.0,47.59,47.59,30025200,47.95,49.1,47.0,47.59,1.0,49.1,47.0,0
2008-06-09,PETR4,PETR4,48.0,48.1,46.72,47.48,47.48,12864700,48.0,48.1,46.72,47.48,1.0,48.1,46.72,0
2008-06-10,PETR4,PETR4,46.8,47.3,45.21,46.0,46.0,22480600,46.8,47.3,45.21,46.0,1.0,47.3,45.21,0
2008-06-11,PETR4,PETR4,46.0,46.57,45.4,45.4,45.4,22503600,46.0,46.57,45.4,45.4,1.0,46.57,45.4,0
2008-06-12,PETR4,PETR4,45.7,46.3,44.8,45.18,45.18,26285100,45.7,46.3,44.8,45.18,1.0,46.3,44.8,0
2008-06-13,PETR4,PETR4,45.89,46.35,45.46,45.9,45.9,22891800,45.89,46.35,45.46,45.9,1.0,46.35,45.46,0
2008-06-16,PETR4,PETR4,46.04,46.6,45.7,45.8,45.8,27743500,46.04,46.6,45.7,45.8,1.0,46.6,45.7,0
2008-06-17,PETR4,PETR4,46.35,46.6,45.81,46.25,46.25,21041100,46.35,46.6,45.81,46.25,1.0,46.6,45.81,0
2008-06-18,PETR4,PETR4,45.87,46.1,45.04,45.4,45.4,19633200,45.87,46.1,45.04,45.4,1.0,46.1,45.04,0
2008-06-19,PETR4,PETR4,45.41,45.45,43.7,43.9,43.9,27180600,45.41,45.45,43.7,43.9,1.0,45.45,43.7,0
2008-06-20,PETR4,PETR4,43.9,44.3,43.0,43.13,43.13,19180600,43.9,44.3,43.0,43.13,1.0,44.3,43.0,0
2008-06-23,PETR4,PETR4,43.3,44.4,43.14,43.89,43.89,13300500,43.3,44.4,43.14,43.89,1.0,44.4,43.14,0
2008-06-24,PETR4,PETR4,43.66,44.7,43.55,43.77,43.77,15955100,43.66,44.7,43.55,43.77,1.0,44.7,43.55,0
2008-06-25,PETR4,PETR4,44.11,45.3,43.15,44.95,44.95,25648500,44.11,45.3,43.15,44.95,1.0,45.3,43.15,0
2008-06-26,PETR4,PETR4,44.0,45.19,43.75,44.9,44.9,17986500,44.0,45.19,43.75,44.9,1.0,45.19,43.75,0
2008-06-27,PETR4,PETR4,45.09,45.5,44.45,45.3,45.3,15576200,45.09,45.5,44.45,45.3,1.0,45.5,44.45,0
2008-06-30,PETR4,PETR4,45.7,46.62,45.52,46.21,46.21,16999700,45.7,46.62,45.52,46.21,1.0,46.62,45.52,0
2008-07-01,PETR4,PETR4,45.5,46.77,45.38,46.09,46.09,18403800,45.5,46.77,45.38,46.09,1.0,46.77,45.38,0
2008-07-02,PETR4,PETR4,46.34,46.84,43.8,43.98,43.98,21358400,46.34,46.84,43.8,43.98,1.0,46.84,43.8,0
2008-07-03,PETR4,PETR4,44.26,44.7,42.28,42.55,42.55,17018100,44.26,44.7,42.28,42.55,1.0,44.7,42.28,0
2008-07-04,PETR4,PETR4,42.45,43.49,42.0,43.2,43.2,9316300,42.45,43.49,42.0,43.2,1.0,43.49,42.0,0
2008-07-07,PETR4,PETR4,43.79,43.97,41.81,41.93,41.93,18057100,43.79,43.97,41.81,41.93,1.0,43.97,41.81,0
2008-07-08,PETR4,PETR4,41.6,41.93,40.0,40.61,40.61,25528600,41.6,41.93,40.0,40.61,1.0,41.93,40.0,0
2008-07-10,PETR4,PETR4,39.89,40.45,39.02,40.05,40.05,29678100,39.89,40.45,39.02,40.05,1.0,40.45,39.02,0
2008-07-11,PETR4,PETR4,40.15,41.26,39.99,40.6,40.6,20879000,40.15,41.26,39.99,40.6,1.0,41.26,39.99,0
2008-07-14,PETR4,PETR4,41.1,41.19,40.7,40.88,40.88,13150800,41.1,41.19,40.7,40.88,1.0,41.19,40.7,0
2008-07-15,PETR4,PETR4,40.5,40.95,39.56,40.55,40.55,20967500,40.5,40.95,39.56,40.55,1.0,40.95,39.56,0
2008-07-16,PETR4,PETR4,40.99,40.99,39.21,39.77,39.77,21666700,40.99,40.99,39.21,39.77,1.0,40.99,39.21,0
2008-07-17,PETR4,PETR4,39.99,40.18,37.5,37.8,37.8,33228900,39.99,40.18,37.5,37.8,1.0,40.18,37.5,0
2008-07-18,PETR4,PETR4,37.99,38.75,37.4,38.2,38.2,16176100,37.99,38.75,37.4,38.2,1.0,38.75,37.4,0
2008-07-21,PETR4,PETR4,38.7,38.98,38.07,38.76,38.76,20025100,38.7,38.98,38.07,38.76,1.0,38.98,38.07,0
2008-07-22,PETR4,PETR4,38.2,38.49,37.2,37.43,37.43,17976200,38.2,38.49,37.2,37.43,1.0,38.49,37.2,0
2008-07-23,PETR4,PETR4,37.38,37.6,36.04,36.1,36.1,26373800,37.38,37.6,36.04,36.1,1.0,37.6,36.04,0
2008-07-24,PETR4,PETR4,36.1,36.5,34.37,34.5,34.5,29662300,36.1,36.5,34.37,34.5,1.0,36.5,34.37,0
2008-07-25,PETR4,PETR4,34.4,34.93,33.59,34.5,34.5,19998600,34.4,34.93,33.59,34.5,1.0,34.93,33.59,0
2008-07-28,PETR4,PETR4,35.17,35.78,34.85,34.85,34.85,16497800,35.17,35.78,34.85,34.85,1.0,35.78,34.85,0
2008-07-29,PETR4,PETR4,35.16,35.6,34.24,34.8,34.8,19839200,35.16,35.6,34.24,34.8,1.0,35.6,34.24,0
2008-07-30,PETR4,PETR4,35.1,36.58,34.71,36.5,36.5,28352600,35.1,36.58,34.71,36.5,1.0,36.58,34.71,0
2008-07-31,PETR4,PETR4,36.2,36.88,35.53,35.9,35.9,16659000,36.2,36.88,35.53,35.9,1.0,36.88,35.53,0
2008-08-01,PETR4,PETR4,35.75,36.07,34.38,34.51,34.51,14408100,35.75,36.07,34.38,34.51,1.0,36.07,34.38,0
2008-08-04,PETR4,PETR4,34.5,34.55,32.56,32.89,32.89,19984500,34.5,34.55,32.56,32.89,1.0,34.55,32.56,0
2008-08-05,PETR4,PETR4,33.3,33.43,31.8,32.2,32.2,23997500,33.3,33.43,31.8,32.2,1.0,33.43,31.8,0
2008-08-06,PETR4,PETR4,32.88,33.88,32.4,33.3,33.3,19206800,32.88,33.88,32.4,33.3,1.0,33.88,32.4,0
2008-08-07,PETR4,PETR4,33.99,34.88,33.39,33.86,33.86,22672600,33.99,34.88,33.39,33.86,1.0,34.88,33.39,0
2008-08-08,PETR4,PETR4,33.65,34.15,32.76,33.55,33.55,16409700,33.65,34.15,32.76,33.55,1.0,34.15,32.76,0
2008-08-11,PETR4,PETR4,33.8,34.12,32.35,32.7,32.7,16158800,33.8,34.12,32.35,32.7,1.0,34.12,32.35,0
2008-08-12,PETR4,PETR4,33.2,33.8,32.79,33.07,33.07,20705700,33.2,33.8,32.79,33.07,1.0,33.8,32.79,0
2008-08-13,PETR4,PETR4,32.3,34.41,32.03,33.75,33.75,29480100,32.3,34.41,32.03,33.75,1.0,34.41,32.03,0
2008-08-14,PETR4,PETR4,34.2,34.2,33.01,33.44,33.44,16278600,34.2,34.2,33.01,33.44,1.0,34.2,33.01,0
2008-08-15,PETR4,PETR4,32.99,33.25,32.3,32.67,32.67,13909200,32.99,33.25,32.3,32.67,1.0,33.25,32.3,0
2008-08-18,PETR4,PETR4,32.8,33.14,31.56,31.68,31.68,18123100,32.8,33.14,31.56,31.68,1.0,33.14,31.56,0
2008-08-19,PETR4,PETR4,31.0,33.2,30.81,32.63,32.63,21379900,31.0,33.2,30.81,32.63,1.0,33.2,30.81,0
2008-08-20,PETR4,PETR4,33.25,34.4,33.06,34.21,34.21,22064100,33.25,34.4,33.06,34.21,1.0,34.4,33.06,0
2008-08-21,PETR4,PETR4,34.5,35.7,34.5,35.39,35.39,19200900,34.5,35.7,34.5,35.39,1.0,35.7,34.5,0
2008-08-22,PETR4,PETR4,35.39,35.92,34.46,35.29,35.29,14600600,35.39,35.92,34.46,35.29,1.0,35.92,34.46,0
2008-08-25,PETR4,PETR4,34.8,35.19,33.81,33.81,33.81,13612900,34.8,35.19,33.81,33.81,1.0,35.19,33.81,0
2008-08-26,PETR4,PETR4,33.75,34.71,33.47,34.19,34.19,15257700,33.75,34.71,33.47,34.19,1.0,34.71,33.47,0
2008-08-27,PETR4,PETR4,34.98,35.38,34.7,35.2,35.2,14070300,34.98,35.38,34.7,35.2,1.0,35.38,34.7,0
2008-08-28,PETR4,PETR4,35.92,36.01,34.86,35.35,35.35,15115900,35.92,36.01,34.86,35.35,1.0,36.01,34.86,0
2008-08-29,PETR4,PETR4,35.85,35.94,34.9,34.9,34.9,15270500,35.85,35.94,34.9,34.9,1.0,35.94,34.9,0
2008-09-01,PETR4,PETR4,34.79,34.79,33.91,34.21,34.21,8115300,34.79,34.79,33.91,34.21,1.0,34.79,33.91,0
2008-09-02,PETR4,PETR4,33.31,33.95,32.9,33.11,33.11,19264400,33.31,33.95,32.9,33.11,1.0,33.95,32.9,0
2008-09-03,PETR4,PETR4,33.35,33.6,32.0,32.6,32.6,19625700,33.35,33.6,32.0,32.6,1.0,33.6,32.0,0
2008-09-04,PETR4,PETR4,32.8,33.03,31.1,31.45,31.45,20426300,32.8,33.03,31.1,31.45,1.0,33.03,31.1,0
2008-09-05,PETR4,PETR4,30.76,31.86,30.25,31.86,31.86,22173000,30.76,31.86,30.25,31.86,1.0,31.86,30.25,0
2008-09-08,PETR4,PETR4,33.0,33.2,30.26,30.26,30.26,24633000,33.0,33.2,30.26,30.26,1.0,33.2,30.26,0
2008-09-09,PETR4,PETR4,29.76,30.07,28.32,28.35,28.35,26850800,29.76,30.07,28.32,28.35,1.0,30.07,28.32,0
2008-09-10,PETR4,PETR4,29.2,29.25,26.86,28.68,28.68,53914100,29.2,29.25,26.86,28.68,1.0,29.25,26.86,0
2008-09-11,PETR4,PETR4,29.0,31.4,28.5,31.4,31.4,37347700,29.0,31.4,28.5,31.4,1.0,31.4,28.5,0
2008-09-12,PETR4,PETR4,31.67,33.16,31.2,33.0,33.0,28534200,31.67,33.16,31.2,33.0,1.0,33.16,31.2,0
2008-09-15,PETR4,PETR4,30.59,31.68,29.8,29.8,29.8,36252200,30.59,31.68,29.8,29.8,1.0,31.68,29.8,0
2008-09-16,PETR4,PETR4,28.5,31.42,27.91,31.3,31.3,34792900,28.5,31.42,27.91,31.3,1.0,31.42,27.91,0
2008-09-17,PETR4,PETR4,31.1,31.73,29.6,29.8,29.8,35258500,31.1,31.73,29.6,29.8,1.0,31.73,29.6,0
2008-09-18,PETR4,PETR4,31.0,32.98,30.12,32.2,32.2,41205900,31.0,32.98,30.12,32.2,1.0,32.98,30.12,0
2008-09-19,PETR4,PETR4,34.7,35.49,33.0,34.98,34.98,35487400,34.7,35.49,33.0,34.98,1.0,35.49,33.0,0
2008-09-22,PETR4,PETR4,35.38,36.38,34.62,34.9,34.9,28858300,35.38,36.38,34.62,34.9,1.0,36.38,34.62,0
2008-09-23,PETR4,PETR4,34.5,35.24,32.56,33.25,33.25,29457800,34.5,35.24,32.56,33.25,1.0,35.24,32.56,0
2008-09-24,PETR4,PETR4,34.1,35.05,33.89,34.49,34.49,21067800,34.1,35.05,33.89,34.49,1.0,35.05,33.89,0
2008-09-25,PETR4,PETR4,35.2,36.08,34.92,36.05,36.05,20407500,35.2,36.08,34.92,36.05,1.0,36.08,34.92,0
2008-09-26,PETR4,PETR4,34.9,35.54,34.34,35.43,35.43,20113900,34.9,35.54,34.34,35.43,1.0,35.54,34.34,0
2008-09-29,PETR4,PETR4,34.0,34.67,30.0,32.75,32.75,31852200,34.0,34.67,30.0,32.75,1.0,34.67,30.0,0
2008-09-30,PETR4,PETR4,33.13,35.1,32.15,35.1,35.1,22126600,33.13,35.1,32.15,35.1,1.0,35.1,32.15,0
2008-10-01,PETR4,PETR4,35.0,35.28,33.3,34.9,34.9,24818700,35.0,35.28,33.3,34.9,1.0,35.28,33.3,0
2008-10-02,PETR4,PETR4,33.95,34.6,31.31,32.05,32.05,25763400,33.95,34.6,31.31,32.05,1.0,34.6,31.31,0
2008-10-03,PETR4,PETR4,32.8,34.0,30.6,31.0,31.0,25446000,32.8,34.0,30.6,31.0,1.0,34.0,30.6,0
2008-10-06,PETR4,PETR4,28.39,30.35,25.0,30.0,30.0,36678000,28.39,30.35,25.0,30.0,1.0,30.35,25.0,0
2008-10-07,PETR4,PETR4,29.7,30.95,27.3,28.3,28.3,33625700,29.7,30.95,27.3,28.3,1.0,30.95,27.3,0
2008-10-08,PETR4,PETR4,26.7,29.0,25.89,26.7,26.7,53697400,26.7,29.0,25.89,26.7,1.0,29.0,25.89,0
2008-10-09,PETR4,PETR4,28.4,28.5,25.61,25.88,25.88,43621800,28.4,28.5,25.61,25.88,1.0,28.5,25.61,0
2008-10-10,PETR4,PETR4,23.01,25.05,22.9,24.0,24.0,48646500,23.01,25.05,22.9,24.0,1.0,25.05,22.9,0
2008-10-13,PETR4,PETR4,26.3,26.9,24.82,26.9,26.9,40125500,26.3,26.9,24.82,26.9,1.0,26.9,24.82,0
2008-10-14,PETR4,PETR4,28.4,29.0,26.33,27.3,27.3,47082800,28.4,29.0,26.33,27.3,1.0,29.0,26.33,0
2008-10-15,PETR4,PETR4,26.0,26.2,22.91,24.0,24.0,53150400,26.0,26.2,22.91,24.0,1.0,26.2,22.91,0
2008-10-16,PETR4,PETR4,24.02,24.2,21.11,22.2,22.2,54332100,24.02,24.2,21.11,22.2,1.0,24.2,21.11,0
2008-10-17,PETR4,PETR4,22.44,24.11,21.5,22.99,22.99,38546000,22.44,24.11,21.5,22.99,1.0,24.11,21.5,0
2008-10-20,PETR4,PETR4,23.59,25.6,23.51,25.39,25.39,36516600,23.59,25.6,23.51,25.39,1.0,25.6,23.51,0
2008-10-21,PETR4,PETR4,24.78,25.81,24.13,25.0,25.0,31632900,24.78,25.81,24.13,25.0,1.0,25.81,24.13,0
2008-10-22,PETR4,PETR4,23.6,24.34,22.81,23.2,23.2,33078900,23.6,24.34,22.81,23.2,1.0,24.34,22.81,0
2008-10-23,PETR4,PETR4,22.88,23.69,21.8,22.7,22.7,35915600,22.88,23.69,21.8,22.7,1.0,23.69,21.8,0
2008-10-24,PETR4,PETR4,20.74,22.0,20.01,20.4,20.4,40704300,20.74,22.0,20.01,20.4,1.0,22.0,20.01,0
2008-10-27,PETR4,PETR4,20.07,20.13,18.11,18.11,18.11,32645800,20.07,20.13,18.11,18.11,1.0,20.13,18.11,0
2008-10-28,PETR4,PETR4,19.5,20.05,17.8,20.05,20.05,50722300,19.5,20.05,17.8,20.05,1.0,20.05,17.8,0
2008-10-29,PETR4,PETR4,20.52,21.99,20.14,21.4,21.4,47968000,20.52,21.99,20.14,21.4,1.0,21.99,20.14,0
2008-10-30,PETR4,PETR4,22.3,22.97,22.0,22.85,22.85,40478100,22.3,22.97,22.0,22.85,1.0,22.97,22.0,0
2008-10-31,PETR4,PETR4,22.25,23.89,21.86,23.31,23.31,33757100,22.25,23.89,21.86,23.31,1.0,23.89,21.86,0
2008-11-03,PETR4,PETR4,23.7,23.93,22.85,23.14,23.14,20723200,23.7,23.93,22.85,23.14,1.0,23.93,22.85,0
2008-11-04,PETR4,PETR4,23.8,25.53,23.51,25.1,25.1,40373000,23.8,25.53,23.51,25.1,1.0,25.53,23.51,0
2008-11-05,PETR4,PETR4,24.99,25.68,24.02,24.25,24.25,28978900,24.99,25.68,24.02,24.25,1.0,25.68,24.02,0
2008-11-06,PETR4,PETR4,23.45,24.15,22.22,22.9,22.9,32135800,23.45,24.15,22.22,22.9,1.0,24.15,22.22,0
2008-11-07,PETR4,PETR4,23.4,23.98,22.69,23.26,23.26,28515200,23.4,23.98,22.69,23.26,1.0,23.98,22.69,0
2008-11-10,PETR4,PETR4,24.6,24.99,23.46,23.95,23.95,28104000,24.6,24.99,23.46,23.95,1.0,24.99,23.46,0
2008-11-11,PETR4,PETR4,23.3,24.2,22.94,23.91,23.91,26907200,23.3,24.2,22.94,23.91,1.0,24.2,22.94,0
2008-11-12,PETR4,PETR4,22.8,23.15,20.62,20.62,20.62,58557500,22.8,23.15,20.62,20.62,1.0,23.15,20.62,0
2008-11-13,PETR4,PETR4,20.7,21.59,19.87,21.1,21.1,39688100,20.7,21.59,19.87,21.1,1.0,21.59,19.87,0
2008-11-14,PETR4,PETR4,21.59,21.72,20.28,20.76,20.76,26886700,21.59,21.72,20.28,20.76,1.0,21.72,20.28,0
2008-11-17,PETR4,PETR4,20.0,20.8,19.81,20.45,20.45,28328500,20.0,20.8,19.81,20.45,1.0,20.8,19.81,0
2008-11-18,PETR4,PETR4,19.9,20.45,19.0,19.25,19.25,33148700,19.9,20.45,19.0,19.25,1.0,20.45,19.0,0
2008-11-19,PETR4,PETR4,19.2,19.67,18.5,18.5,18.5,26124500,19.2,19.67,18.5,18.5,1.0,19.67,18.5,0
2008-11-21,PETR4,PETR4,17.27,17.98,16.75,16.89,16.89,42063000,17.27,17.98,16.75,16.89,1.0,17.98,16.75,0
2008-11-24,PETR4,PETR4,18.01,19.34,17.85,19.23,19.23,41619300,18.01,19.34,17.85,19.23,1.0,19.34,17.85,0
2008-11-25,PETR4,PETR4,18.85,19.98,18.61,19.36,19.36,41689000,18.85,19.98,18.61,19.36,1.0,19.98,18.61,0
2008-11-26,PETR4,PETR4,18.89,20.77,18.81,20.52,20.52,39655400,18.89,20.77,18.81,20.52,1.0,20.77,18.81,0
2008-11-27,PETR4,PETR4,20.17,20.77,19.95,19.95,19.95,17343500,20.17,20.77,19.95,19.95,1.0,20.77,19.95,0
2008-11-28,PETR4,PETR4,19.8,20.55,19.37,20.06,20.06,27777100,19.8,20.55,19.37,20.06,1.0,20.55,19.37,0
2008-12-01,PETR4,PETR4,19.23,19.48,18.4,18.4,18.4,26405000,19.23,19.48,18.4,18.4,1.0,19.48,18.4,0
2008-12-02,PETR4,PETR4,18.7,18.96,18.1,18.3,18.3,27492600,18.7,18.96,18.1,18.3,1.0,18.96,18.1,0
2008-12-03,PETR4,PETR4,18.3,19.43,17.72,19.31,19.31,39037300,18.3,19.43,17.72,19.31,1.0,19.43,17.72,0
2008-12-04,PETR4,PETR4,19.6,19.6,18.6,18.6,18.6,24097600,19.6,19.6,18.6,18.6,1.0,19.6,18.6,0
2008-12-05,PETR4,PETR4,18.19,18.36,17.35,18.16,18.16,37071800,18.19,18.36,17.35,18.16,1.0,18.36,17.35,0
2008-12-08,PETR4,PETR4,19.15,20.3,19.06,20.21,20.21,43774400,19.15,20.3,19.06,20.21,1.0,20.3,19.06,0
2008-12-09,PETR4,PETR4,20.19,20.95,19.94,20.11,20.11,34684200,20.19,20.95,19.94,20.11,1.0,20.95,19.94,0
2008-12-10,PETR4,PETR4,20.69,22.13,20.65,21.94,21.94,50058600,20.69,22.13,20.65,21.94,1.0,22.13,20.65,0
2008-12-11,PETR4,PETR4,22.2,23.48,22.05,22.33,22.33,50083300,22.2,23.48,22.05,22.33,1.0,23.48,22.05,0
2008-12-12,PETR4,PETR4,21.2,22.77,21.1,22.6,22.6,37299000,21.2,22.77,21.1,22.6,1.0,22.77,21.1,0
2008-12-15,PETR4,PETR4,23.13,23.95,22.61,22.9,22.9,34520300,23.13,23.95,22.61,22.9,1.0,23.95,22.61,0
2008-12-16,PETR4,PETR4,23.67,23.93,23.42,23.8,23.8,28080900,23.67,23.93,23.42,23.8,1.0,23.93,23.42,0
2008-12-17,PETR4,PETR4,23.98,24.75,23.65,24.35,24.35,40605800,23.98,24.75,23.65,24.35,1.0,24.75,23.65,0
2008-12-18,PETR4,PETR4,24.5,24.69,23.25,23.5,23.5,30964600,24.5,24.69,23.25,23.5,1.0,24.69,23.25,0
2008-12-19,PETR4,PETR4,23.05,23.68,22.83,23.35,23.35,24183600,23.05,23.68,22.83,23.35,1.0,23.68,22.83,0
2008-12-22,PETR4,PETR4,23.5,23.81,22.13,22.14,22.14,19676500,23.5,23.81,22.13,22.14,1.0,23.81,22.13,0
2008-12-23,PETR4,PETR4,22.25,22.6,21.84,22.0,22.0,14036300,22.25,22.6,21.84,22.0,1.0,22.6,21.84,0
2008-12-26,PETR4,PETR4,22.48,22.8,22.19,22.8,22.8,10097900,22.48,22.8,22.19,22.8,1.0,22.8,22.19,0
2008-12-29,PETR4,PETR4,22.95,23.0,22.1,22.52,22.52,14595000,22.95,23.0,22.1,22.52,1.0,23.0,22.1,0
2008-12-30,PETR4,PETR4,22.7,23.1,22.24,22.84,22.84,16228400,22.7,23.1,22.24,22.84,1.0,23.1,22.24,0
2009-01-02,PETR4,PETR4,23.27,24.57,23.2,24.54,24.54,17814600,23.27,24.57,23.2,24.54,1.0,24.57,23.2,0
2009-01-05,PETR4,PETR4,24.38,25.5,24.03,25.1,25.1,26838300,24.38,25.5,24.03,25.1,1.0,25.5,24.03,0
2009-01-06,PETR4,PETR4,25.51,25.89,25.06,25.45,25.45,24555900,25.51,25.89,25.06,25.45,1.0,25.89,25.06,0
2009-01-07,PETR4,PETR4,24.8,24.99,24.13,24.45,24.45,20987100,24.8,24.99,24.13,24.45,1.0,24.99,24.13,0
2009-01-08,PETR4,PETR4,24.35,25.5,23.84,25.5,25.5,24488200,24.35,25.5,23.84,25.5,1.0,25.5,23.84,0
2009-01-09,PETR4,PETR4,25.3,25.98,25.1,25.4,25.4,18771800,25.3,25.98,25.1,25.4,1.0,25.98,25.1,0
2009-01-12,PETR4,PETR4,24.74,24.94,23.71,23.75,23.75,25909600,24.74,24.94,23.71,23.75,1.0,24.94,23.71,0
2009-01-13,PETR4,PETR4,23.35,24.67,23.12,23.95,23.95,25842800,23.35,24.67,23.12,23.95,1.0,24.67,23.12,0
2009-01-14,PETR4,PETR4,23.71,24.27,23.02,23.3,23.3,28567700,23.71,24.27,23.02,23.3,1.0,24.27,23.02,0
2009-01-15,PETR4,PETR4,23.35,24.1,22.52,24.1,24.1,33785200,23.35,24.1,22.52,24.1,1.0,24.1,22.52,0
2009-01-16,PETR4,PETR4,24.71,24.75,23.8,24.28,24.28,24868000,24.71,24.75,23.8,24.28,1.0,24.75,23.8,0
2009-01-19,PETR4,PETR4,24.34,24.46,23.65,23.83,23.83,13052800,24.34,24.46,23.65,23.83,1.0,24.46,23.65,0
2009-01-20,PETR4,PETR4,23.65,24.1,23.06,23.06,23.06,17879100,23.65,24.1,23.06,23.06,1.0,24.1,23.06,0
2009-01-21,PETR4,PETR4,23.21,24.26,23.21,24.26,24.26,22237400,23.21,24.26,23.21,24.26,1.0,24.26,23.21,0
2009-01-22,PETR4,PETR4,24.46,24.55,23.25,23.64,23.64,25141100,24.46,24.55,23.25,23.64,1.0,24.55,23.25,0
2009-01-23,PETR4,PETR4,23.0,24.17,22.73,23.59,23.59,24264200,23.0,24.17,22.73,23.59,1.0,24.17,22.73,0
2009-01-26,PETR4,PETR4,23.5,24.29,23.25,23.8,23.8,24718800,23.5,24.29,23.25,23.8,1.0,24.29,23.25,0
2009-01-27,PETR4,PETR4,23.81,24.09,23.66,23.9,23.9,18568000,23.81,24.09,23.66,23.9,1.0,24.09,23.66,0
2009-01-28,PETR4,PETR4,24.39,25.35,24.35,25.2,25.2,34524100,24.39,25.35,24.35,25.2,1.0,25.35,24.35,0
2009-01-29,PETR4,PETR4,24.88,25.24,24.71,25.03,25.03,15933900,24.88,25.24,24.71,25.03,1.0,25.24,24.71,0
2009-01-30,PETR4,PETR4,24.8,25.79,24.75,25.03,25.03,22241300,24.8,25.79,24.75,25.03,1.0,25.79,24.75,0
2009-02-02,PETR4,PETR4,24.55,25.18,24.51,24.69,24.69,18214200,24.55,25.18,24.51,24.69,1.0,25.18,24.51,0
2009-02-03,PETR4,PETR4,24.9,25.6,24.8,25.58,25.58,20246000,24.9,25.6,24.8,25.58,1.0,25.6,24.8,0
2009-02-04,PETR4,PETR4,25.87,26.56,25.56,25.7,25.7,33923300,25.87,26.56,25.56,25.7,1.0,26.56,25.56,0
2009-02-05,PETR4,PETR4,25.65,26.35,25.29,26.0,26.0,27414100,25.65,26.35,25.29,26.0,1.0,26.35,25.29,0
2009-02-06,PETR4,PETR4,26.3,27.29,26.06,27.1,27.1,30874100,26.3,27.29,26.06,27.1,1.0,27.29,26.06,0
2009-02-09,PETR4,PETR4,27.01,28.15,26.9,27.39,27.39,32549100,27.01,28.15,26.9,27.39,1.0,28.15,26.9,0
2009-02-10,PETR4,PETR4,27.8,28.15,26.9,27.05,27.05,33054100,27.8,28.15,26.9,27.05,1.0,28.15,26.9,0
2009-02-11,PETR4,PETR4,27.07,27.68,26.4,26.9,26.9,26165700,27.07,27.68,26.4,26.9,1.0,27.68,26.4,0
2009-02-12,PETR4,PETR4,26.6,27.23,26.08,26.79,26.79,23307400,26.6,27.23,26.08,26.79,1.0,27.23,26.08,0
2009-02-13,PETR4,PETR4,27.63,27.78,27.0,27.6,27.6,21964000,27.63,27.78,27.0,27.6,1.0,27.78,27.0,0
2009-02-16,PETR4,PETR4,27.4,27.92,27.2,27.92,27.92,16200300,27.4,27.92,27.2,27.92,1.0,27.92,27.2,0
2009-02-17,PETR4,PETR4,27.0,27.2,26.34,26.4,26.4,24970700,27.0,27.2,26.34,26.4,1.0,27.2,26.34,0
2009-02-18,PETR4,PETR4,26.72,26.96,25.53,25.89,25.89,29321600,26.72,26.96,25.53,25.89,1.0,26.96,25.53,0
2009-02-19,PETR4,PETR4,26.2,26.62,26.05,26.3,26.3,20756900,26.2,26.62,26.05,26.3,1.0,26.62,26.05,0
2009-02-20,PETR4,PETR4,25.55,26.08,25.23,25.78,25.78,24791300,25.55,26.08,25.23,25.78,1.0,26.08,25.23,0
2009-02-25,PETR4,PETR4,25.3,26.78,25.3,26.25,26.25,17116400,25.3,26.78,25.3,26.25,1.0,26.78,25.3,0
2009-02-26,PETR4,PETR4,26.8,27.3,26.52,26.52,26.52,22179800,26.8,27.3,26.52,26.52,1.0,27.3,26.52,0
2009-02-27,PETR4,PETR4,26.0,27.34,25.76,26.4,26.4,28673400,26.0,27.34,25.76,26.4,1.0,27.34,25.76,0
2009-03-02,PETR4,PETR4,25.95,26.25,24.9,25.02,25.02,27365000,25.95,26.25,24.9,25.02,1.0,26.25,24.9,0
2009-03-03,PETR4,PETR4,25.45,25.5,24.25,24.8,24.8,30148200,25.45,25.5,24.25,24.8,1.0,25.5,24.25,0
2009-03-04,PETR4,PETR4,25.9,26.62,25.65,26.37,26.37,38485700,25.9,26.62,25.65,26.37,1.0,26.62,25.65,0
2009-03-05,PETR4,PETR4,25.8,26.65,25.62,26.0,26.0,24675800,25.8,26.65,25.62,26.0,1.0,26.65,25.62,0
2009-03-06,PETR4,PETR4,26.26,26.89,24.93,25.67,25.67,32552300,26.26,26.89,24.93,25.67,1.0,26.89,24.93,0
2009-03-09,PETR4,PETR4,25.15,26.4,25.11,25.7,25.7,26942800,25.15,26.4,25.11,25.7,1.0,26.4,25.11,0
2009-03-10,PETR4,PETR4,26.37,27.2,26.17,27.07,27.07,34319800,26.37,27.2,26.17,27.07,1.0,27.2,26.17,0
2009-03-11,PETR4,PETR4,27.3,27.57,26.66,27.21,27.21,25208600,27.3,27.57,26.66,27.21,1.0,27.57,26.66,0
2009-03-12,PETR4,PETR4,27.28,27.65,26.82,27.55,27.55,30397100,27.28,27.65,26.82,27.55,1.0,27.65,26.82,0
2009-03-13,PETR4,PETR4,27.89,27.99,27.45,27.7,27.7,25260200,27.89,27.99,27.45,27.7,1.0,27.99,27.45,0
2009-03-16,PETR4,PETR4,27.86,27.96,26.93,27.19,27.19,30274000,27.86,27.96,26.93,27.19,1.0,27.96,26.93,0
2009-03-17,PETR4,PETR4,27.19,28.04,26.8,27.98,27.98,22358100,27.19,28.04,26.8,27.98,1.0,28.04,26.8,0
2009-03-18,PETR4,PETR4,27.62,28.57,27.27,28.3,28.3,27260100,27.62,28.57,27.27,28.3,1.0,28.57,27.27,0
2009-03-19,PETR4,PETR4,28.73,29.53,28.72,29.25,29.25,30640300,28.73,29.53,28.72,29.25,1.0,29.53,28.72,0
2009-03-20,PETR4,PETR4,29.25,30.22,28.77,29.1,29.1,28159400,29.25,30.22,28.77,29.1,1.0,30.22,28.77,0
2009-03-23,PETR4,PETR4,29.92,31.04,29.92,30.86,30.86,30633700,29.92,31.04,29.92,30.86,1.0,31.04,29.92,0
2009-03-24,PETR4,PETR4,30.55,30.83,29.97,30.35,30.35,24477100,30.55,30.83,29.97,30.35,1.0,30.83,29.97,0
2009-03-25,PETR4,PETR4,30.42,30.87,29.68,30.43,30.43,22576100,30.42,30.87,29.68,30.43,1.0,30.87,29.68,0
2009-03-26,PETR4,PETR4,30.85,31.05,30.11,30.37,30.37,23062100,30.85,31.05,30.11,30.37,1.0,31.05,30.11,0
2009-03-27,PETR4,PETR4,29.8,29.85,29.28,29.6,29.6,19261200,29.8,29.85,29.28,29.6,1.0,29.85,29.28,0
2009-03-30,PETR4,PETR4,28.85,28.92,28.36,28.78,28.78,17030200,28.85,28.92,28.36,28.78,1.0,28.92,28.36,0
2009-03-31,PETR4,PETR4,29.1,29.2,28.42,28.55,28.55,23535800,29.1,29.2,28.42,28.55,1.0,29.2,28.42,0
2009-04-01,PETR4,PETR4,28.1,29.4,27.95,29.4,29.4,26142800,28.1,29.4,27.95,29.4,1.0,29.4,27.95,0
2009-04-02,PETR4,PETR4,30.25,30.88,30.16,30.5,30.5,28507300,30.25,30.88,30.16,30.5,1.0,30.88,30.16,0
2009-04-03,PETR4,PETR4,30.4,30.63,29.93,30.4,30.4,23822000,30.4,30.63,29.93,30.4,1.0,30.63,29.93,0
2009-04-06,PETR4,PETR4,30.14,30.3,29.9,30.29,30.29,15852200,30.14,30.3,29.9,30.29,1.0,30.3,29.9,0
2009-04-07,PETR4,PETR4,29.9,30.42,29.86,29.97,29.97,19236400,29.9,30.42,29.86,29.97,1.0,30.42,29.86,0
2009-04-08,PETR4,PETR4,30.05,30.14,29.51,29.88,29.88,23332700,30.05,30.14,29.51,29.88,1.0,30.14,29.51,0
2009-04-09,PETR4,PETR4,30.5,30.9,30.22,30.84,30.84,25669300,30.5,30.9,30.22,30.84,1.0,30.9,30.22,0
2009-04-13,PETR4,PETR4,30.5,30.99,30.37,30.79,30.79,19782200,30.5,30.99,30.37,30.79,1.0,30.99,30.37,0
2009-04-14,PETR4,PETR4,30.6,31.32,30.32,30.5,30.5,25256700,30.6,31.32,30.32,30.5,1.0,31.32,30.32,0
2009-04-15,PETR4,PETR4,30.45,30.49,29.47,29.98,29.98,27757600,30.45,30.49,29.47,29.98,1.0,30.49,29.47,0
2009-04-16,PETR4,PETR4,30.14,30.25,29.78,30.0,30.0,21666300,30.14,30.25,29.78,30.0,1.0,30.25,29.78,0
2009-04-17,PETR4,PETR4,29.89,30.1,29.52,29.52,29.52,16154100,29.89,30.1,29.52,29.52,1.0,30.1,29.52,0
2009-04-20,PETR4,PETR4,29.0,29.18,28.54,28.8,28.8,20639400,29.0,29.18,28.54,28.8,1.0,29.18,28.54,0
2009-04-22,PETR4,PETR4,28.81,29.09,28.46,28.61,28.61,19446200,28.81,29.09,28.46,28.61,1.0,29.09,28.46,0
2009-04-23,PETR4,PETR4,28.82,29.27,28.72,29.27,29.27,18183900,28.82,29.27,28.72,29.27,1.0,29.27,28.72,0
2009-04-24,PETR4,PETR4,29.66,29.69,29.08,29.31,29.31,20325800,29.66,29.69,29.08,29.31,1.0,29.69,29.08,0
2009-04-27,PETR4,PETR4,28.98,29.05,28.52,28.69,28.69,19437900,28.98,29.05,28.52,28.69,1.0,29.05,28.52,0
2009-04-28,PETR4,PETR4,28.45,28.91,28.15,28.83,28.83,20550100,28.45,28.91,28.15,28.83,1.0,28.91,28.15,0
2009-04-29,PETR4,PETR4,29.2,29.91,29.08,29.74,29.74,22918200,29.2,29.91,29.08,29.74,1.0,29.91,29.08,0
2009-04-30,PETR4,PETR4,30.08,30.27,29.48,29.54,29.54,23019900,30.08,30.27,29.48,29.54,1.0,30.27,29.48,0
2009-05-04,PETR4,PETR4,30.28,31.63,30.15,31.63,31.63,38336200,30.28,31.63,30.15,31.63,1.0,31.63,30.15,0
2009-05-05,PETR4,PETR4,31.5,32.25,31.36,32.08,32.08,25801900,31.5,32.25,31.36,32.08,1.0,32.25,31.36,0
2009-05-06,PETR4,PETR4,32.38,33.04,32.29,32.55,32.55,34279400,32.38,33.04,32.29,32.55,1.0,33.04,32.29,0
2009-05-07,PETR4,PETR4,33.0,33.04,31.7,31.98,31.98,23268000,33.0,33.04,31.7,31.98,1.0,33.04,31.7,0
2009-05-08,PETR4,PETR4,32.99,33.0,32.2,33.0,33.0,19556300,32.99,33.0,32.2,33.0,1.0,33.0,32.2,0
2009-05-11,PETR4,PETR4,32.35,32.95,32.08,32.87,32.87,18280800,32.35,32.95,32.08,32.87,1.0,32.95,32.08,0
2009-05-12,PETR4,PETR4,33.36,33.41,32.18,32.35,32.35,23193300,33.36,33.41,32.18,32.35,1.0,33.41,32.18,0
2009-05-13,PETR4,PETR4,31.5,31.88,31.4,31.48,31.48,21330100,31.5,31.88,31.4,31.48,1.0,31.88,31.4,0
2009-05-14,PETR4,PETR4,31.43,31.84,31.31,31.74,31.74,17415300,31.43,31.84,31.31,31.74,1.0,31.84,31.31,0
2009-05-15,PETR4,PETR4,31.65,31.66,31.03,31.3,31.3,18623400,31.65,31.66,31.03,31.3,1.0,31.66,31.03,0
2009-05-18,PETR4,PETR4,31.4,32.71,31.16,32.71,32.71,28135200,31.4,32.71,31.16,32.71,1.0,32.71,31.16,0
2009-05-19,PETR4,PETR4,32.71,33.14,32.45,32.72,32.72,19166800,32.71,33.14,32.45,32.72,1.0,33.14,32.45,0
2009-05-20,PETR4,PETR4,32.9,33.65,32.9,33.15,33.15,24228900,32.9,33.65,32.9,33.15,1.0,33.65,32.9,0
2009-05-21,PETR4,PETR4,32.7,32.8,32.16,32.5,32.5,17521200,32.7,32.8,32.16,32.5,1.0,32.8,32.16,0
2009-05-22,PETR4,PETR4,32.8,33.25,32.59,32.87,32.87,14837200,32.8,33.25,32.59,32.87,1.0,33.25,32.59,0
2009-05-25,PETR4,PETR4,32.78,33.3,32.78,32.95,32.95,5651400,32.78,33.3,32.78,32.95,1.0,33.3,32.78,0
2009-05-26,PETR4,PETR4,32.7,33.74,32.62,33.74,33.74,21175500,32.7,33.74,32.62,33.74,1.0,33.74,32.62,0
2009-05-27,PETR4,PETR4,33.8,34.39,33.61,33.74,33.74,20687400,33.8,34.39,33.61,33.74,1.0,34.39,33.61,0
2009-05-28,PETR4,PETR4,34.1,34.7,33.92,34.65,34.65,21326300,34.1,34.7,33.92,34.65,1.0,34.7,33.92,0
2009-05-29,PETR4,PETR4,35.0,35.2,34.07,34.45,34.45,28877600,35.0,35.2,34.07,34.45,1.0,35.2,34.07,0
2009-06-01,PETR4,PETR4,35.25,35.4,34.9,35.24,35.24,21131400,35.25,35.4,34.9,35.24,1.0,35.4,34.9,0
2009-06-02,PETR4,PETR4,34.8,35.24,34.45,34.55,34.55,24186200,34.8,35.24,34.45,34.55,1.0,35.24,34.45,0
2009-06-03,PETR4,PETR4,34.3,34.34,32.85,33.15,33.15,28495300,34.3,34.34,32.85,33.15,1.0,34.34,32.85,0
2009-06-04,PETR4,PETR4,33.55,34.15,33.1,34.09,34.09,17969200,33.55,34.15,33.1,34.09,1.0,34.15,33.1,0
2009-06-05,PETR4,PETR4,34.85,34.87,33.8,33.98,33.98,20406600,34.85,34.87,33.8,33.98,1.0,34.87,33.8,0
2009-06-08,PETR4,PETR4,33.56,34.22,33.3,33.88,33.88,17198400,33.56,34.22,33.3,33.88,1.0,34.22,33.3,0
2009-06-09,PETR4,PETR4,33.89,34.05,33.34,33.51,33.51,16072100,33.89,34.05,33.34,33.51,1.0,34.05,33.34,0
2009-06-10,PETR4,PETR4,33.94,34.1,33.55,33.88,33.88,20204400,33.94,34.1,33.55,33.88,1.0,34.1,33.55,0
2009-06-12,PETR4,PETR4,34.15,34.33,33.88,33.95,33.95,17004500,34.15,34.33,33.88,33.95,1.0,34.33,33.88,0
2009-06-15,PETR4,PETR4,33.5,33.67,32.81,33.3,33.3,24495200,33.5,33.67,32.81,33.3,1.0,33.67,32.81,0
2009-06-16,PETR4,PETR4,33.7,33.7,32.46,32.55,32.55,16785500,33.7,33.7,32.46,32.55,1.0,33.7,32.46,0
2009-06-17,PETR4,PETR4,32.24,32.42,31.83,32.05,32.05,20694000,32.24,32.42,31.83,32.05,1.0,32.42,31.83,0
2009-06-18,PETR4,PETR4,32.15,32.26,31.73,31.76,31.76,14034300,32.15,32.26,31.73,31.76,1.0,32.26,31.73,0
2009-06-19,PETR4,PETR4,32.17,32.38,31.9,31.95,31.95,12229500,32.17,32.38,31.9,31.95,1.0,32.38,31.9,0
2009-06-22,PETR4,PETR4,31.7,31.75,30.61,30.86,30.86,20043500,31.7,31.75,30.61,30.86,1.0,31.75,30.61,0
2009-06-23,PETR4,PETR4,31.0,31.4,30.77,31.4,31.4,19468300,31.0,31.4,30.77,31.4,1.0,31.4,30.77,0
2009-06-24,PETR4,PETR4,31.7,31.87,30.95,31.0,31.0,17200900,31.7,31.87,30.95,31.0,1.0,31.87,30.95,0
2009-06-25,PETR4,PETR4,30.8,32.25,30.75,32.25,32.25,18676600,30.8,32.25,30.75,32.25,1.0,32.25,30.75,0
2009-06-26,PETR4,PETR4,32.0,32.55,31.91,32.25,32.25,16662500,32.0,32.55,31.91,32.25,1.0,32.55,31.91,0
2009-06-29,PETR4,PETR4,32.6,33.07,32.55,33.05,33.05,14704100,32.6,33.07,32.55,33.05,1.0,33.07,32.55,0
2009-06-30,PETR4,PETR4,33.19,33.32,32.34,32.45,32.45,18366900,33.19,33.32,32.34,32.45,1.0,33.32,32.34,0
2009-07-01,PETR4,PETR4,32.91,32.99,31.8,31.8,31.8,18363100,32.91,32.99,31.8,31.8,1.0,32.99,31.8,0
2009-07-02,PETR4,PETR4,31.4,31.44,31.01,31.24,31.24,16244300,31.4,31.44,31.01,31.24,1.0,31.44,31.01,0
2009-07-03,PETR4,PETR4,31.3,31.35,30.9,31.01,31.01,6010700,31.3,31.35,30.9,31.01,1.0,31.35,30.9,0
2009-07-06,PETR4,PETR4,30.29,30.39,29.65,30.04,30.04,20013800,30.29,30.39,29.65,30.04,1.0,30.39,29.65,0
2009-07-07,PETR4,PETR4,30.03,30.1,29.29,29.35,29.35,21523300,30.03,30.1,29.29,29.35,1.0,30.1,29.29,0
2009-07-08,PETR4,PETR4,28.99,29.65,28.5,29.11,29.11,21778800,28.99,29.65,28.5,29.11,1.0,29.65,28.5,0
2009-07-10,PETR4,PETR4,29.29,29.67,28.9,29.67,29.67,12849500,29.29,29.67,28.9,29.67,1.0,29.67,28.9,0
2009-07-13,PETR4,PETR4,29.9,29.92,28.95,29.79,29.79,13092900,29.9,29.92,28.95,29.79,1.0,29.92,28.95,0
2009-07-14,PETR4,PETR4,29.89,30.17,29.38,29.59,29.59,18059100,29.89,30.17,29.38,29.59,1.0,30.17,29.38,0
2009-07-15,PETR4,PETR4,30.15,30.92,29.95,30.76,30.76,20726500,30.15,30.92,29.95,30.76,1.0,30.92,29.95,0
2009-07-16,PETR4,PETR4,30.5,31.37,30.25,30.95,30.95,15715200,30.5,31.37,30.25,30.95,1.0,31.37,30.25,0
2009-07-17,PETR4,PETR4,30.95,31.62,30.87,31.5,31.5,15273900,30.95,31.62,30.87,31.5,1.0,31.62,30.87,0
2009-07-20,PETR4,PETR4,32.0,32.15,31.82,31.9,31.9,24654300,32.0,32.15,31.82,31.9,1.0,32.15,31.82,0
2009-07-21,PETR4,PETR4,32.25,32.35,31.62,31.82,31.82,19298100,32.25,32.35,31.62,31.82,1.0,32.35,31.62,0
2009-07-22,PETR4,PETR4,31.55,31.99,31.5,31.69,31.69,16520200,31.55,31.99,31.5,31.69,1.0,31.99,31.5,0
2009-07-23,PETR4,PETR4,31.9,32.67,31.6,32.4,32.4,23971900,31.9,32.67,31.6,32.4,1.0,32.67,31.6,0
2009-07-24,PETR4,PETR4,32.28,32.6,32.18,32.5,32.5,10329300,32.28,32.6,32.18,32.5,1.0,32.6,32.18,0
2009-07-27,PETR4,PETR4,32.55,32.66,31.96,32.45,32.45,11491400,32.55,32.66,31.96,32.45,1.0,32.66,31.96,0
2009-07-28,PETR4,PETR4,31.99,32.16,31.48,31.75,31.75,23443600,31.99,32.16,31.48,31.75,1.0,32.16,31.48,0
2009-07-29,PETR4,PETR4,31.5,31.5,30.8,30.9,30.9,17954300,31.5,31.5,30.8,30.9,1.0,31.5,30.8,0
2009-07-30,PETR4,PETR4,31.45,31.76,31.22,31.22,31.22,14457200,31.45,31.76,31.22,31.22,1.0,31.76,31.22,0
2009-07-31,PETR4,PETR4,31.22,31.72,31.13,31.47,31.47,14055700,31.22,31.72,31.13,31.47,1.0,31.72,31.13,0
2009-08-03,PETR4,PETR4,31.95,32.55,31.9,32.55,32.55,15884100,31.95,32.55,31.9,32.55,1.0,32.55,31.9,0
2009-08-04,PETR4,PETR4,32.36,32.79,32.02,32.12,32.12,16697800,32.36,32.79,32.02,32.12,1.0,32.79,32.02,0
2009-08-05,PETR4,PETR4,32.25,32.36,31.79,32.32,32.32,13288500,32.25,32.36,31.79,32.32,1.0,32.36,31.79,0
2009-08-06,PETR4,PETR4,32.43,32.68,31.77,31.9,31.9,15151400,32.43,32.68,31.77,31.9,1.0,32.68,31.77,0
2009-08-07,PETR4,PETR4,32.22,32.39,31.86,32.0,32.0,13008600,32.22,32.39,31.86,32.0,1.0,32.39,31.86,0
2009-08-10,PETR4,PETR4,31.9,32.15,31.8,32.1,32.1,10609300,31.9,32.15,31.8,32.1,1.0,32.15,31.8,0
2009-08-11,PETR4,PETR4,31.89,31.99,31.22,31.22,31.22,15405600,31.89,31.99,31.22,31.22,1.0,31.99,31.22,0
2009-08-12,PETR4,PETR4,31.34,31.93,31.31,31.89,31.89,17589800,31.34,31.93,31.31,31.89,1.0,31.93,31.31,0
2009-08-13,PETR4,PETR4,32.17,32.49,31.99,32.49,32.49,18801300,32.17,32.49,31.99,32.49,1.0,32.49,31.99,0
2009-08-14,PETR4,PETR4,32.5,32.59,32.08,32.35,32.35,17479100,32.5,32.59,32.08,32.35,1.0,32.59,32.08,0
2009-08-17,PETR4,PETR4,31.83,32.0,31.64,32.0,32.0,23670000,31.83,32.0,31.64,32.0,1.0,32.0,31.64,0
2009-08-18,PETR4,PETR4,32.2,32.49,32.15,32.32,32.32,15738700,32.2,32.49,32.15,32.32,1.0,32.49,32.15,0
2009-08-19,PETR4,PETR4,31.9,32.82,31.79,32.8,32.8,19950500,31.9,32.82,31.79,32.8,1.0,32.82,31.79,0
2009-08-20,PETR4,PETR4,32.9,33.19,32.76,33.05,33.05,13915800,32.9,33.19,32.76,33.05,1.0,33.19,32.76,0
2009-08-21,PETR4,PETR4,33.45,33.75,33.43,33.63,33.63,19350400,33.45,33.75,33.43,33.63,1.0,33.75,33.43,0
2009-08-24,PETR4,PETR4,33.75,34.2,33.2,33.4,33.4,23397100,33.75,34.2,33.2,33.4,1.0,34.2,33.2,0
2009-08-25,PETR4,PETR4,33.55,33.82,33.19,33.23,33.23,13869300,33.55,33.82,33.19,33.23,1.0,33.82,33.19,0
2009-08-26,PETR4,PETR4,33.2,33.47,32.95,33.17,33.17,14887600,33.2,33.47,32.95,33.17,1.0,33.47,32.95,0
2009-08-27,PETR4,PETR4,33.1,33.15,32.35,32.86,32.86,20490000,33.1,33.15,32.35,32.86,1.0,33.15,32.35,0
2009-08-28,PETR4,PETR4,32.88,32.94,32.17,32.55,32.55,21740000,32.88,32.94,32.17,32.55,1.0,32.94,32.17,0
2009-08-31,PETR4,PETR4,32.16,32.16,30.85,31.38,31.38,35434300,32.16,32.16,30.85,31.38,1.0,32.16,30.85,0
2009-09-01,PETR4,PETR4,31.75,32.07,31.4,31.6,31.6,24157800,31.75,32.07,31.4,31.6,1.0,32.07,31.4,0
2009-09-02,PETR4,PETR4,31.66,32.58,31.66,32.15,32.15,25081900,31.66,32.58,31.66,32.15,1.0,32.58,31.66,0
2009-09-03,PETR4,PETR4,32.47,32.68,32.02,32.19,32.19,18212500,32.47,32.68,32.02,32.19,1.0,32.68,32.02,0
2009-09-04,PETR4,PETR4,32.3,32.68,31.87,32.51,32.51,14924300,32.3,32.68,31.87,32.51,1.0,32.68,31.87,0
2009-09-08,PETR4,PETR4,32.99,33.1,32.61,32.88,32.88,13474700,32.99,33.1,32.61,32.88,1.0,33.1,32.61,0
2009-09-09,PETR4,PETR4,33.15,33.18,32.87,33.0,33.0,14936400,33.15,33.18,32.87,33.0,1.0,33.18,32.87,0
2009-09-10,PETR4,PETR4,32.91,33.37,32.85,33.34,33.34,16243300,32.91,33.37,32.85,33.34,1.0,33.37,32.85,0
2009-09-11,PETR4,PETR4,33.4,33.5,33.07,33.14,33.14,11341000,33.4,33.5,33.07,33.14,1.0,33.5,33.07,0
2009-09-14,PETR4,PETR4,32.9,33.33,32.66,33.24,33.24,13706700,32.9,33.33,32.66,33.24,1.0,33.33,32.66,0
2009-09-15,PETR4,PETR4,33.39,33.58,33.25,33.4,33.4,13693500,33.39,33.58,33.25,33.4,1.0,33.58,33.25,0
2009-09-16,PETR4,PETR4,33.53,34.38,33.46,34.35,34.35,28433000,33.53,34.38,33.46,34.35,1.0,34.38,33.46,0
2009-09-17,PETR4,PETR4,34.18,34.78,34.15,34.3,34.3,20856100,34.18,34.78,34.15,34.3,1.0,34.78,34.15,0
2009-09-18,PETR4,PETR4,34.24,34.65,34.24,34.65,34.65,11578800,34.24,34.65,34.24,34.65,1.0,34.65,34.24,0
2009-09-21,PETR4,PETR4,34.38,34.78,34.11,34.6,34.6,19147900,34.38,34.78,34.11,34.6,1.0,34.78,34.11,0
2009-09-22,PETR4,PETR4,34.89,35.08,34.74,34.83,34.83,16990100,34.89,35.08,34.74,34.83,1.0,35.08,34.74,0
2009-09-23,PETR4,PETR4,34.88,34.98,34.26,34.26,34.26,20841000,34.88,34.98,34.26,34.26,1.0,34.98,34.26,0
2009-09-24,PETR4,PETR4,34.4,34.56,33.75,33.8,33.8,16584300,34.4,34.56,33.75,33.8,1.0,34.56,33.75,0
2009-09-25,PETR4,PETR4,33.72,34.34,33.7,34.11,34.11,10973600,33.72,34.34,33.7,34.11,1.0,34.34,33.7,0
2009-09-28,PETR4,PETR4,34.25,34.94,34.18,34.89,34.89,12152500,34.25,34.94,34.18,34.89,1.0,34.94,34.18,0
2009-09-29,PETR4,PETR4,34.98,34.99,34.34,34.77,34.77,11873800,34.98,34.99,34.34,34.77,1.0,34.99,34.34,0
2009-09-30,PETR4,PETR4,35.06,35.19,34.61,35.0,35.0,19212900,35.06,35.19,34.61,35.0,1.0,35.19,34.61,0
2009-10-01,PETR4,PETR4,34.65,34.9,34.03,34.05,34.05,14624000,34.65,34.9,34.03,34.05,1.0,34.9,34.03,0
2009-10-02,PETR4,PETR4,33.78,34.28,33.55,34.16,34.16,19374400,33.78,34.28,33.55,34.16,1.0,34.28,33.55,0
2009-10-05,PETR4,PETR4,34.3,34.55,33.9,34.45,34.45,12834800,34.3,34.55,33.9,34.45,1.0,34.55,33.9,0
2009-10-06,PETR4,PETR4,34.87,34.97,34.32,34.49,34.49,13606600,34.87,34.97,34.32,34.49,1.0,34.97,34.32,0
2009-10-07,PETR4,PETR4,34.42,34.85,34.3,34.66,34.66,12828600,34.42,34.85,34.3,34.66,1.0,34.85,34.3,0
2009-10-08,PETR4,PETR4,35.0,35.5,34.75,35.45,35.45,18158200,35.0,35.5,34.75,35.45,1.0,35.5,34.75,0
2009-10-09,PETR4,PETR4,35.4,35.79,35.31,35.64,35.64,12054200,35.4,35.79,35.31,35.64,1.0,35.79,35.31,0
2009-10-13,PETR4,PETR4,35.9,35.95,35.65,35.82,35.82,9984700,35.9,35.95,35.65,35.82,1.0,35.95,35.65,0
2009-10-14,PETR4,PETR4,36.2,36.33,36.0,36.15,36.15,21990300,36.2,36.33,36.0,36.15,1.0,36.33,36.0,0
2009-10-15,PETR4,PETR4,36.05,36.6,36.01,36.6,36.6,19474700,36.05,36.6,36.01,36.6,1.0,36.6,36.01,0
2009-10-16,PETR4,PETR4,36.05,36.75,36.02,36.4,36.4,14317700,36.05,36.75,36.02,36.4,1.0,36.75,36.02,0
2009-10-19,PETR4,PETR4,36.6,37.49,36.5,37.36,37.36,22769100,36.6,37.49,36.5,37.36,1.0,37.49,36.5,0
2009-10-20,PETR4,PETR4,36.5,37.06,36.02,36.5,36.5,21146000,36.5,37.06,36.02,36.5,1.0,37.06,36.02,0
2009-10-21,PETR4,PETR4,36.51,37.7,36.51,36.7,36.7,18649200,36.51,37.7,36.51,36.7,1.0,37.7,36.51,0
2009-10-22,PETR4,PETR4,37.0,37.38,36.69,37.0,37.0,12474700,37.0,37.38,36.69,37.0,1.0,37.38,36.69,0
2009-10-23,PETR4,PETR4,37.35,37.56,36.45,36.5,36.5,15823200,37.35,37.56,36.45,36.5,1.0,37.56,36.45,0
2009-10-26,PETR4,PETR4,36.6,37.22,36.43,36.7,36.7,16231400,36.6,37.22,36.43,36.7,1.0,37.22,36.43,0
2009-10-27,PETR4,PETR4,36.91,37.09,35.95,35.95,35.95,16695000,36.91,37.09,35.95,35.95,1.0,37.09,35.95,0
2009-10-28,PETR4,PETR4,36.05,36.29,34.24,34.24,34.24,25439300,36.05,36.29,34.24,34.24,1.0,36.29,34.24,0
2009-10-29,PETR4,PETR4,35.28,36.12,34.83,36.06,36.06,17686300,35.28,36.12,34.83,36.06,1.0,36.12,34.83,0
2009-10-30,PETR4,PETR4,36.0,36.39,34.5,35.04,35.04,20404100,36.0,36.39,34.5,35.04,1.0,36.39,34.5,0
2009-11-03,PETR4,PETR4,34.75,35.93,34.48,35.55,35.55,13641500,34.75,35.93,34.48,35.55,1.0,35.93,34.48,0
2009-11-04,PETR4,PETR4,36.1,36.25,35.51,35.7,35.7,12709400,36.1,36.25,35.51,35.7,1.0,36.25,35.51,0
2009-11-05,PETR4,PETR4,35.69,36.4,35.62,36.4,36.4,13567500,35.69,36.4,35.62,36.4,1.0,36.4,35.62,0
2009-11-06,PETR4,PETR4,36.59,36.74,35.89,36.05,36.05,14220100,36.59,36.74,35.89,36.05,1.0,36.74,35.89,0
2009-11-09,PETR4,PETR4,36.7,37.08,36.55,37.08,37.08,14694500,36.7,37.08,36.55,37.08,1.0,37.08,36.55,0
2009-11-10,PETR4,PETR4,36.99,37.6,36.8,37.41,37.41,20283200,36.99,37.6,36.8,37.41,1.0,37.6,36.8,0
2009-11-11,PETR4,PETR4,37.8,38.0,37.51,37.6,37.6,22387400,37.8,38.0,37.51,37.6,1.0,38.0,37.51,0
2009-11-12,PETR4,PETR4,37.54,37.89,36.8,36.85,36.85,20283100,37.54,37.89,36.8,36.85,1.0,37.89,36.8,0
2009-11-13,PETR4,PETR4,37.07,37.5,36.85,37.13,37.13,16754700,37.07,37.5,36.85,37.13,1.0,37.5,36.85,0
2009-11-16,PETR4,PETR4,37.64,37.85,37.31,37.38,37.38,22169000,37.64,37.85,37.31,37.38,1.0,37.85,37.31,0
2009-11-17,PETR4,PETR4,37.48,38.48,37.27,38.4,38.4,35286100,37.48,38.48,37.27,38.4,1.0,38.48,37.27,0
2009-11-18,PETR4,PETR4,38.69,39.2,38.2,38.2,38.2,21017500,38.69,39.2,38.2,38.2,1.0,39.2,38.2,0
2009-11-19,PETR4,PETR4,37.91,38.9,37.91,38.5,38.5,21725300,37.91,38.9,37.91,38.5,1.0,38.9,37.91,0
2009-11-23,PETR4,PETR4,38.9,39.16,38.6,38.85,38.85,14866800,38.9,39.16,38.6,38.85,1.0,39.16,38.6,0
2009-11-24,PETR4,PETR4,38.76,39.15,38.38,39.15,39.15,16157300,38.76,39.15,38.38,39.15,1.0,39.15,38.38,0
2009-11-25,PETR4,PETR4,39.3,39.65,39.0,39.45,39.45,16011700,39.3,39.65,39.0,39.45,1.0,39.65,39.0,0
2009-11-26,PETR4,PETR4,38.95,39.09,38.45,38.45,38.45,10750100,38.95,39.09,38.45,38.45,1.0,39.09,38.45,0
2009-11-27,PETR4,PETR4,38.2,38.94,38.09,38.9,38.9,14464600,38.2,38.94,38.09,38.9,1.0,38.94,38.09,0
2009-11-30,PETR4,PETR4,38.91,39.18,38.73,38.8,38.8,16486100,38.91,39.18,38.73,38.8,1.0,39.18,38.73,0
2009-12-01,PETR4,PETR4,39.25,39.85,39.15,39.79,39.79,15100900,39.25,39.85,39.15,39.79,1.0,39.85,39.15,0
2009-12-02,PETR4,PETR4,39.75,40.09,39.41,39.41,39.41,14914400,39.75,40.09,39.41,39.41,1.0,40.09,39.41,0
2009-12-03,PETR4,PETR4,39.9,39.99,39.3,39.3,39.3,13229000,39.9,39.99,39.3,39.3,1.0,39.99,39.3,0
2009-12-04,PETR4,PETR4,39.2,39.82,38.2,38.4,38.4,18986000,39.2,39.82,38.2,38.4,1.0,39.82,38.2,0
2009-12-07,PETR4,PETR4,38.78,38.89,38.15,38.4,38.4,16039700,38.78,38.89,38.15,38.4,1.0,38.89,38.15,0
2009-12-08,PETR4,PETR4,38.19,38.2,37.5,37.59,37.59,18004100,38.19,38.2,37.5,37.59,1.0,38.2,37.5,0
2009-12-09,PETR4,PETR4,38.0,38.07,37.27,37.59,37.59,16076200,38.0,38.07,37.27,37.59,1.0,38.07,37.27,0
2009-12-10,PETR4,PETR4,37.81,38.0,37.45,37.76,37.76,16851800,37.81,38.0,37.45,37.76,1.0,38.0,37.45,0
2009-12-11,PETR4,PETR4,38.05,38.26,37.75,37.8,37.8,17496400,38.05,38.26,37.75,37.8,1.0,38.26,37.75,0
2009-12-14,PETR4,PETR4,38.02,38.1,37.85,37.9,37.9,13028600,38.02,38.1,37.85,37.9,1.0,38.1,37.85,0
2009-12-15,PETR4,PETR4,37.71,38.16,37.68,38.0,38.0,11933400,37.71,38.16,37.68,38.0,1.0,38.16,37.68,0
2009-12-16,PETR4,PETR4,38.11,38.45,37.85,37.86,37.86,17197700,38.11,38.45,37.85,37.86,1.0,38.45,37.85,0
2009-12-17,PETR4,PETR4,37.65,37.8,36.87,36.87,36.87,17834000,37.65,37.8,36.87,36.87,1.0,37.8,36.87,0
2009-12-18,PETR4,PETR4,37.09,37.2,36.47,36.58,36.58,16435000,37.09,37.2,36.47,36.58,1.0,37.2,36.47,0
2009-12-21,PETR4,PETR4,36.8,36.85,35.2,35.2,35.2,21543800,36.8,36.85,35.2,35.2,1.0,36.85,35.2,0
2009-12-22,PETR4,PETR4,35.73,36.34,35.6,36.34,36.34,15234600,35.73,36.34,35.6,36.34,1.0,36.34,35.6,0
2009-12-23,PETR4,PETR4,36.5,36.76,36.15,36.7,36.7,11212700,36.5,36.76,36.15,36.7,1.0,36.76,36.15,0
2009-12-28,PETR4,PETR4,36.91,37.0,36.63,36.75,36.75,9271800,36.91,37.0,36.63,36.75,1.0,37.0,36.63,0
2009-12-29,PETR4,PETR4,36.89,36.94,36.65,36.8,36.8,5464100,36.89,36.94,36.65,36.8,1.0,36.94,36.65,0
2009-12-30,PETR4,PETR4,36.57,36.69,36.35,36.69,36.69,14111600,36.57,36.69,36.35,36.69,1.0,36.69,36.35,0
2010-01-04,PETR4,PETR4,36.95,37.32,36.82,37.32,37.32,13508000,36.95,37.32,36.82,37.32,1.0,37.32,36.82,0
2010-01-05,PETR4,PETR4,37.38,37.43,36.8,37.0,37.0,21728900,37.38,37.43,36.8,37.0,1.0,37.43,36.8,0
2010-01-06,PETR4,PETR4,36.8,37.5,36.8,37.5,37.5,18884900,36.8,37.5,36.8,37.5,1.0,37.5,36.8,0
2010-01-07,PETR4,PETR4,37.27,37.45,37.07,37.15,37.15,11208900,37.27,37.45,37.07,37.15,1.0,37.45,37.07,0
2010-01-08,PETR4,PETR4,37.16,37.39,36.86,36.95,36.95,14866500,37.16,37.39,36.86,36.95,1.0,37.39,36.86,0
2010-01-11,PETR4,PETR4,37.21,37.34,36.62,36.83,36.83,15865000,37.21,37.34,36.62,36.83,1.0,37.34,36.62,0
2010-01-12,PETR4,PETR4,36.59,36.68,36.04,36.36,36.36,15156600,36.59,36.68,36.04,36.36,1.0,36.68,36.04,0
2010-01-13,PETR4,PETR4,36.56,36.74,35.84,36.3,36.3,23668100,36.56,36.74,35.84,36.3,1.0,36.74,35.84,0
2010-01-14,PETR4,PETR4,36.28,36.46,35.56,35.67,35.67,20965300,36.28,36.46,35.56,35.67,1.0,36.46,35.56,0
2010-01-15,PETR4,PETR4,35.57,36.1,35.51,35.75,35.75,21387100,35.57,36.1,35.51,35.75,1.0,36.1,35.51,0
2010-01-18,PETR4,PETR4,35.9,36.67,35.77,36.55,36.55,23278300,35.9,36.67,35.77,36.55,1.0,36.67,35.77,0
2010-01-19,PETR4,PETR4,36.45,36.65,36.24,36.38,36.38,17228600,36.45,36.65,36.24,36.38,1.0,36.65,36.24,0
2010-01-20,PETR4,PETR4,36.1,36.15,35.26,35.45,35.45,19192400,36.1,36.15,35.26,35.45,1.0,36.15,35.26,0
2010-01-21,PETR4,PETR4,35.58,35.7,34.29,34.33,34.33,24947300,35.58,35.7,34.29,34.33,1.0,35.7,34.29,0
2010-01-22,PETR4,PETR4,34.11,34.8,34.06,34.75,34.75,19267500,34.11,34.8,34.06,34.75,1.0,34.8,34.06,0
2010-01-26,PETR4,PETR4,34.29,34.34,33.65,33.9,33.9,20742200,34.29,34.34,33.65,33.9,1.0,34.34,33.65,0
2010-01-27,PETR4,PETR4,33.9,34.29,33.51,34.11,34.11,20195100,33.9,34.29,33.51,34.11,1.0,34.29,33.51,0
2010-01-28,PETR4,PETR4,34.6,34.69,33.87,34.61,34.61,13932800,34.6,34.69,33.87,34.61,1.0,34.69,33.87,0
2010-01-29,PETR4,PETR4,34.78,35.05,33.93,34.17,34.17,16362100,34.78,35.05,33.93,34.17,1.0,35.05,33.93,0
2010-02-01,PETR4,PETR4,34.29,34.49,33.9,34.3,34.3,16406100,34.29,34.49,33.9,34.3,1.0,34.49,33.9,0
2010-02-02,PETR4,PETR4,34.51,34.67,34.06,34.1,34.1,15526400,34.51,34.67,34.06,34.1,1.0,34.67,34.06,0
2010-02-03,PETR4,PETR4,34.05,34.18,33.73,34.04,34.04,16331200,34.05,34.18,33.73,34.04,1.0,34.18,33.73,0
2010-02-04,PETR4,PETR4,33.84,33.94,32.12,32.3,32.3,24822600,33.84,33.94,32.12,32.3,1.0,33.94,32.12,0
2010-02-05,PETR4,PETR4,31.8,32.27,30.72,31.52,31.52,29866200,31.8,32.27,30.72,31.52,1.0,32.27,30.72,0
2010-02-08,PETR4,PETR4,31.8,32.26,31.42,31.74,31.74,19117800,31.8,32.26,31.42,31.74,1.0,32.26,31.42,0
2010-02-09,PETR4,PETR4,32.2,32.68,32.1,32.24,32.24,18306700,32.2,32.68,32.1,32.24,1.0,32.68,32.1,0
2010-02-10,PETR4,PETR4,32.33,32.73,31.77,32.64,32.64,22116200,32.33,32.73,31.77,32.64,1.0,32.73,31.77,0
2010-02-11,PETR4,PETR4,32.89,33.47,32.73,33.36,33.36,24573700,32.89,33.47,32.73,33.36,1.0,33.47,32.73,0
2010-02-12,PETR4,PETR4,33.0,34.02,32.95,33.8,33.8,19276400,33.0,34.02,32.95,33.8,1.0,34.02,32.95,0
2010-02-17,PETR4,PETR4,34.39,34.5,34.03,34.25,34.25,16766700,34.39,34.5,34.03,34.25,1.0,34.5,34.03,0
2010-02-18,PETR4,PETR4,34.24,34.69,33.82,34.69,34.69,17307500,34.24,34.69,33.82,34.69,1.0,34.69,33.82,0
2010-02-19,PETR4,PETR4,34.42,34.65,34.16,34.35,34.35,12002700,34.42,34.65,34.16,34.35,1.0,34.65,34.16,0
2010-02-22,PETR4,PETR4,34.5,34.89,34.41,34.65,34.65,19936000,34.5,34.89,34.41,34.65,1.0,34.89,34.41,0
2010-02-23,PETR4,PETR4,34.41,34.65,34.0,34.19,34.19,17024000,34.41,34.65,34.0,34.19,1.0,34.65,34.0,0
2010-02-24,PETR4,PETR4,34.29,34.35,33.64,33.94,33.94,13733800,34.29,34.35,33.64,33.94,1.0,34.35,33.64,0
2010-02-25,PETR4,PETR4,33.48,34.5,33.26,34.38,34.38,18715500,33.48,34.5,33.26,34.38,1.0,34.5,33.26,0
2010-02-26,PETR4,PETR4,34.59,34.75,34.21,34.61,34.61,17960800,34.59,34.75,34.21,34.61,1.0,34.75,34.21,0
2010-03-01,PETR4,PETR4,34.82,35.05,34.42,34.93,34.93,17065000,34.82,35.05,34.42,34.93,1.0,35.05,34.42,0
2010-03-02,PETR4,PETR4,35.25,35.52,35.12,35.12,35.12,17393900,35.25,35.52,35.12,35.12,1.0,35.52,35.12,0
2010-03-03,PETR4,PETR4,35.28,35.82,35.05,35.15,35.15,20065300,35.28,35.82,35.05,35.15,1.0,35.82,35.05,0
2010-03-04,PETR4,PETR4,35.39,35.49,34.81,35.2,35.2,14150500,35.39,35.49,34.81,35.2,1.0,35.49,34.81,0
2010-03-05,PETR4,PETR4,35.69,35.92,35.4,35.81,35.81,28313100,35.69,35.92,35.4,35.81,1.0,35.92,35.4,0
2010-03-08,PETR4,PETR4,35.94,35.99,35.41,35.7,35.7,16054600,35.94,35.99,35.41,35.7,1.0,35.99,35.41,0
2010-03-09,PETR4,PETR4,35.5,36.85,35.46,36.5,36.5,68835300,35.5,36.85,35.46,36.5,1.0,36.85,35.46,0
2010-03-10,PETR4,PETR4,36.88,37.16,36.65,37.0,37.0,32280900,36.88,37.16,36.65,37.0,1.0,37.16,36.65,0
2010-03-11,PETR4,PETR4,36.93,37.47,36.81,37.05,37.05,19656800,36.93,37.47,36.81,37.05,1.0,37.47,36.81,0
2010-03-12,PETR4,PETR4,37.2,37.41,37.06,37.06,37.06,14053000,37.2,37.41,37.06,37.06,1.0,37.41,37.06,0
2010-03-15,PETR4,PETR4,36.76,37.23,36.47,36.77,36.77,20119700,36.76,37.23,36.47,36.77,1.0,37.23,36.47,0
2010-03-16,PETR4,PETR4,36.93,37.21,36.7,37.21,37.21,12978800,36.93,37.21,36.7,37.21,1.0,37.21,36.7,0
2010-03-17,PETR4,PETR4,37.43,37.48,36.93,37.15,37.15,10365000,37.43,37.48,36.93,37.15,1.0,37.48,36.93,0
2010-03-18,PETR4,PETR4,37.14,37.4,36.76,37.02,37.02,12149600,37.14,37.4,36.76,37.02,1.0,37.4,36.76,0
2010-03-19,PETR4,PETR4,37.0,37.09,36.16,36.23,36.23,24573400,37.0,37.09,36.16,36.23,1.0,37.09,36.16,0
2010-03-22,PETR4,PETR4,35.61,36.36,35.5,36.24,36.24,13585300,35.61,36.36,35.5,36.24,1.0,36.36,35.5,0
2010-03-23,PETR4,PETR4,36.38,36.42,35.71,35.82,35.82,17350300,36.38,36.42,35.71,35.82,1.0,36.42,35.71,0
2010-03-24,PETR4,PETR4,35.8,36.57,35.6,36.09,36.09,18794600,35.8,36.57,35.6,36.09,1.0,36.57,35.6,0
2010-03-25,PETR4,PETR4,36.33,36.43,35.2,35.2,35.2,18020200,36.33,36.43,35.2,35.2,1.0,36.43,35.2,0
2010-03-26,PETR4,PETR4,35.41,35.55,34.3,34.5,34.5,29108300,35.41,35.55,34.3,34.5,1.0,35.55,34.3,0
2010-03-29,PETR4,PETR4,34.74,35.2,34.12,34.9,34.9,19509300,34.74,35.2,34.12,34.9,1.0,35.2,34.12,0
2010-03-30,PETR4,PETR4,35.09,35.3,34.76,34.8,34.8,12516800,35.09,35.3,34.76,34.8,1.0,35.3,34.76,0
2010-03-31,PETR4,PETR4,34.6,35.39,34.51,35.39,35.39,16925700,34.6,35.39,34.51,35.39,1.0,35.39,34.51,0
2010-04-01,PETR4,PETR4,35.66,35.9,35.55,35.75,35.75,13876400,35.66,35.9,35.55,35.75,1.0,35.9,35.55,0
2010-04-05,PETR4,PETR4,35.95,36.25,35.82,36.01,36.01,12312800,35.95,36.25,35.82,36.01,1.0,36.25,35.82,0
2010-04-06,PETR4,PETR4,35.92,36.41,35.83,36.08,36.08,13566200,35.92,36.41,35.83,36.08,1.0,36.41,35.83,0
2010-04-07,PETR4,PETR4,35.94,36.24,35.59,35.8,35.8,15443100,35.94,36.24,35.59,35.8,1.0,36.24,35.59,0
2010-04-08,PETR4,PETR4,35.58,35.9,35.46,35.81,35.81,13691400,35.58,35.9,35.46,35.81,1.0,35.9,35.46,0
2010-04-09,PETR4,PETR4,35.8,36.09,35.23,35.23,35.23,17383900,35.8,36.09,35.23,35.23,1.0,36.09,35.23,0
2010-04-12,PETR4,PETR4,35.25,35.43,34.28,34.39,34.39,30286800,35.25,35.43,34.28,34.39,1.0,35.43,34.28,0
2010-04-13,PETR4,PETR4,34.47,34.59,33.9,34.19,34.19,19972800,34.47,34.59,33.9,34.19,1.0,34.59,33.9,0
2010-04-14,PETR4,PETR4,34.3,34.49,34.05,34.25,34.25,17848800,34.3,34.49,34.05,34.25,1.0,34.49,34.05,0
2010-04-15,PETR4,PETR4,34.28,34.45,33.54,33.6,33.6,43846100,34.28,34.45,33.54,33.6,1.0,34.45,33.54,0
2010-04-16,PETR4,PETR4,33.5,33.58,32.72,32.95,32.95,49371300,33.5,33.58,32.72,32.95,1.0,33.58,32.72,0
2010-04-19,PETR4,PETR4,32.6,33.55,32.51,33.55,33.55,24363800,32.6,33.55,32.51,33.55,1.0,33.55,32.51,0
2010-04-20,PETR4,PETR4,33.8,34.3,33.8,34.3,34.3,22387800,33.8,34.3,33.8,34.3,1.0,34.3,33.8,0
2010-04-22,PETR4,PETR4,33.9,34.04,33.41,33.86,33.86,20179200,33.9,34.04,33.41,33.86,1.0,34.04,33.41,0
2010-04-23,PETR4,PETR4,33.57,34.0,33.54,34.0,34.0,12433300,33.57,34.0,33.54,34.0,1.0,34.0,33.54,0
2010-04-26,PETR4,PETR4,34.1,34.18,33.31,33.31,33.31,14058700,34.1,34.18,33.31,33.31,1.0,34.18,33.31,0
2010-04-27,PETR4,PETR4,33.07,33.1,32.1,32.1,32.1,23728800,33.07,33.1,32.1,32.1,1.0,33.1,32.1,0
2010-04-28,PETR4,PETR4,32.32,33.0,31.9,32.39,32.39,17715200,32.32,33.0,31.9,32.39,1.0,33.0,31.9,0
2010-04-29,PETR4,PETR4,32.84,33.1,32.52,33.02,33.02,12151400,32.84,33.1,32.52,33.02,1.0,33.1,32.52,0
2010-04-30,PETR4,PETR4,32.81,33.2,32.56,32.8,32.8,16724300,32.81,33.2,32.56,32.8,1.0,33.2,32.56,0
2010-05-03,PETR4,PETR4,32.55,32.63,31.46,31.5,31.5,29301200,32.55,32.63,31.46,31.5,1.0,32.63,31.46,0
2010-05-04,PETR4,PETR4,31.2,31.27,29.91,30.44,30.44,39552800,31.2,31.27,29.91,30.44,1.0,31.27,29.91,0
2010-05-05,PETR4,PETR4,30.0,30.81,29.76,30.21,30.21,29816000,30.0,30.81,29.76,30.21,1.0,30.81,29.76,0
2010-05-06,PETR4,PETR4,30.09,30.78,28.3,29.81,29.81,32398400,30.09,30.78,28.3,29.81,1.0,30.78,28.3,0
2010-05-07,PETR4,PETR4,29.99,30.31,29.14,29.75,29.75,25177600,29.99,30.31,29.14,29.75,1.0,30.31,29.14,0
2010-05-10,PETR4,PETR4,31.0,31.1,30.15,30.15,30.15,21519600,31.0,31.1,30.15,30.15,1.0,31.1,30.15,0
2010-05-11,PETR4,PETR4,29.82,30.28,29.6,29.62,29.62,17693900,29.82,30.28,29.6,29.62,1.0,30.28,29.6,0
2010-05-12,PETR4,PETR4,29.95,30.0,29.67,29.9,29.9,16096800,29.95,30.0,29.67,29.9,1.0,30.0,29.67,0
2010-05-13,PETR4,PETR4,30.2,30.41,29.95,30.0,30.0,16447300,30.2,30.41,29.95,30.0,1.0,30.41,29.95,0
2010-05-14,PETR4,PETR4,29.79,30.1,29.31,30.09,30.09,24773400,29.79,30.1,29.31,30.09,1.0,30.1,29.31,0
2010-05-17,PETR4,PETR4,30.2,30.39,29.56,29.85,29.85,26756600,30.2,30.39,29.56,29.85,1.0,30.39,29.56,0
2010-05-18,PETR4,PETR4,30.12,30.14,29.17,29.22,29.22,18217700,30.12,30.14,29.17,29.22,1.0,30.14,29.17,0
2010-05-19,PETR4,PETR4,28.91,29.47,28.55,28.55,28.55,25459200,28.91,29.47,28.55,28.55,1.0,29.47,28.55,0
2010-05-20,PETR4,PETR4,28.0,28.1,27.43,27.43,27.43,26089300,28.0,28.1,27.43,27.43,1.0,28.1,27.43,0
2010-05-21,PETR4,PETR4,27.48,28.05,27.13,27.58,27.58,29143100,27.48,28.05,27.13,27.58,1.0,28.05,27.13,0
2010-05-24,PETR4,PETR4,27.4,27.78,27.1,27.15,27.15,15311300,27.4,27.78,27.1,27.15,1.0,27.78,27.1,0
2010-05-25,PETR4,PETR4,26.3,26.72,26.0,26.55,26.55,24868900,26.3,26.72,26.0,26.55,1.0,26.72,26.0,0
2010-05-26,PETR4,PETR4,27.02,27.42,26.63,27.05,27.05,20726300,27.02,27.42,26.63,27.05,1.0,27.42,26.63,0
2010-05-27,PETR4,PETR4,27.5,27.92,27.4,27.81,27.81,18678900,27.5,27.92,27.4,27.81,1.0,27.92,27.4,0
2010-05-28,PETR4,PETR4,27.86,28.2,27.66,28.2,28.2,20529600,27.86,28.2,27.66,28.2,1.0,28.2,27.66,0
2010-05-31,PETR4,PETR4,28.21,29.6,28.21,29.6,29.6,14600400,28.21,29.6,28.21,29.6,1.0,29.6,28.21,0
2010-06-01,PETR4,PETR4,29.0,29.69,28.48,28.65,28.65,31323200,29.0,29.69,28.48,28.65,1.0,29.69,28.48,0
2010-06-02,PETR4,PETR4,28.64,29.35,28.64,29.1,29.1,14179500,28.64,29.35,28.64,29.1,1.0,29.35,28.64,0
2010-06-04,PETR4,PETR4,28.87,29.68,28.75,29.25,29.25,15383200,28.87,29.68,28.75,29.25,1.0,29.68,28.75,0
2010-06-07,PETR4,PETR4,29.45,30.08,29.33,29.52,29.52,16673900,29.45,30.08,29.33,29.52,1.0,30.08,29.33,0
2010-06-08,PETR4,PETR4,29.76,30.03,29.44,29.66,29.66,16280600,29.76,30.03,29.44,29.66,1.0,30.03,29.44,0
2010-06-09,PETR4,PETR4,29.9,30.38,29.55,29.55,29.55,20465300,29.9,30.38,29.55,29.55,1.0,30.38,29.55,0
2010-06-10,PETR4,PETR4,30.0,30.25,29.76,29.9,29.9,18059800,30.0,30.25,29.76,29.9,1.0,30.25,29.76,0
2010-06-11,PETR4,PETR4,29.69,29.82,29.42,29.62,29.62,11864100,29.69,29.82,29.42,29.62,1.0,29.82,29.42,0
2010-06-14,PETR4,PETR4,29.9,29.94,29.02,29.05,29.05,15467300,29.9,29.94,29.02,29.05,1.0,29.94,29.02,0
2010-06-15,PETR4,PETR4,29.1,29.24,28.73,29.0,29.0,12760600,29.1,29.24,28.73,29.0,1.0,29.24,28.73,0
2010-06-16,PETR4,PETR4,28.85,29.8,28.8,29.65,29.65,24699400,28.85,29.8,28.8,29.65,1.0,29.8,28.8,0
2010-06-17,PETR4,PETR4,29.7,29.85,29.32,29.52,29.52,15728700,29.7,29.85,29.32,29.52,1.0,29.85,29.32,0
2010-06-18,PETR4,PETR4,29.5,29.66,29.25,29.49,29.49,12546000,29.5,29.66,29.25,29.49,1.0,29.66,29.25,0
2010-06-21,PETR4,PETR4,29.71,29.97,29.38,29.4,29.4,24144800,29.71,29.97,29.38,29.4,1.0,29.97,29.38,0
2010-06-22,PETR4,PETR4,29.39,29.62,29.01,29.11,29.11,19892000,29.39,29.62,29.01,29.11,1.0,29.62,29.01,0
2010-06-23,PETR4,PETR4,29.2,29.33,28.36,28.5,28.5,24413200,29.2,29.33,28.36,28.5,1.0,29.33,28.36,0
2010-06-24,PETR4,PETR4,28.45,28.45,27.49,27.49,27.49,22261100,28.45,28.45,27.49,27.49,1.0,28.45,27.49,0
2010-06-25,PETR4,PETR4,27.35,28.05,27.31,27.91,27.91,10883700,27.35,28.05,27.31,27.91,1.0,28.05,27.31,0
2010-06-28,PETR4,PETR4,27.92,28.06,27.34,27.42,27.42,7487600,27.92,28.06,27.34,27.42,1.0,28.06,27.34,0
2010-06-29,PETR4,PETR4,27.0,27.1,26.71,26.83,26.83,16691400,27.0,27.1,26.71,26.83,1.0,27.1,26.71,0
2010-06-30,PETR4,PETR4,26.96,27.5,26.82,26.86,26.86,18341300,26.96,27.5,26.82,26.86,1.0,27.5,26.82,0
2010-07-01,PETR4,PETR4,27.11,27.21,26.31,26.45,26.45,18941100,27.11,27.21,26.31,26.45,1.0,27.21,26.31,0
2010-07-02,PETR4,PETR4,26.72,26.99,26.52,26.77,26.77,10200700,26.72,26.99,26.52,26.77,1.0,26.99,26.52,0
2010-07-05,PETR4,PETR4,26.78,27.05,26.54,26.54,26.54,7025100,26.78,27.05,26.54,26.54,1.0,27.05,26.54,0
2010-07-06,PETR4,PETR4,27.0,27.3,26.76,27.05,27.05,16082400,27.0,27.3,26.76,27.05,1.0,27.3,26.76,0
2010-07-07,PETR4,PETR4,27.05,27.52,26.78,27.4,27.4,16798000,27.05,27.52,26.78,27.4,1.0,27.52,26.78,0
2010-07-08,PETR4,PETR4,27.48,27.64,27.21,27.58,27.58,10725100,27.48,27.64,27.21,27.58,1.0,27.64,27.21,0
2010-07-12,PETR4,PETR4,27.62,27.74,27.18,27.23,27.23,9485200,27.62,27.74,27.18,27.23,1.0,27.74,27.18,0
2010-07-13,PETR4,PETR4,27.4,27.49,27.07,27.3,27.3,12860000,27.4,27.49,27.07,27.3,1.0,27.49,27.07,0
2010-07-14,PETR4,PETR4,27.05,27.4,26.93,27.3,27.3,11170800,27.05,27.4,26.93,27.3,1.0,27.4,26.93,0
2010-07-15,PETR4,PETR4,27.3,27.3,26.87,27.11,27.11,8000900,27.3,27.3,26.87,27.11,1.0,27.3,26.87,0
2010-07-16,PETR4,PETR4,27.04,27.09,26.71,26.84,26.84,9928700,27.04,27.09,26.71,26.84,1.0,27.09,26.71,0
2010-07-19,PETR4,PETR4,26.85,27.06,26.68,26.95,26.95,12727600,26.85,27.06,26.68,26.95,1.0,27.06,26.68,0
2010-07-20,PETR4,PETR4,26.77,27.82,26.71,27.65,27.65,16180500,26.77,27.82,26.71,27.65,1.0,27.82,26.71,0
2010-07-21,PETR4,PETR4,27.83,28.05,27.39,27.5,27.5,11932400,27.83,28.05,27.39,27.5,1.0,28.05,27.39,0
2010-07-22,PETR4,PETR4,27.84,28.28,27.68,27.98,27.98,13514100,27.84,28.28,27.68,27.98,1.0,28.28,27.68,0
2010-07-23,PETR4,PETR4,27.99,28.05,27.59,27.79,27.79,12996600,27.99,28.05,27.59,27.79,1.0,28.05,27.59,0
2010-07-26,PETR4,PETR4,27.79,28.04,27.7,27.9,27.9,7744400,27.79,28.04,27.7,27.9,1.0,28.04,27.7,0
2010-07-27,PETR4,PETR4,28.0,28.16,27.86,27.98,27.98,10457400,28.0,28.16,27.86,27.98,1.0,28.16,27.86,0
2010-07-28,PETR4,PETR4,27.95,28.05,27.73,27.8,27.8,11562400,27.95,28.05,27.73,27.8,1.0,28.05,27.73,0
2010-07-29,PETR4,PETR4,27.84,27.95,27.63,27.74,27.74,10456600,27.84,27.95,27.63,27.74,1.0,27.95,27.63,0
2010-07-30,PETR4,PETR4,27.66,27.93,27.45,27.85,27.85,13148500,27.66,27.93,27.45,27.85,1.0,27.93,27.45,0
2010-08-02,PETR4,PETR4,27.97,28.56,27.95,28.44,28.44,17937400,27.97,28.56,27.95,28.44,1.0,28.56,27.95,0
2010-08-03,PETR4,PETR4,28.4,29.53,28.2,29.08,29.08,24261500,28.4,29.53,28.2,29.08,1.0,29.53,28.2,0
2010-08-04,PETR4,PETR4,29.36,29.54,29.06,29.34,29.34,21094800,29.36,29.54,29.06,29.34,1.0,29.54,29.06,0
2010-08-05,PETR4,PETR4,29.27,29.48,29.1,29.43,29.43,11212400,29.27,29.48,29.1,29.43,1.0,29.48,29.1,0
2010-08-06,PETR4,PETR4,29.2,29.45,28.94,29.09,29.09,11323500,29.2,29.45,28.94,29.09,1.0,29.45,28.94,0
2010-08-09,PETR4,PETR4,29.35,29.35,28.8,28.83,28.83,10565200,29.35,29.35,28.8,28.83,1.0,29.35,28.8,0
2010-08-10,PETR4,PETR4,28.62,28.62,28.18,28.41,28.41,16559900,28.62,28.62,28.18,28.41,1.0,28.62,28.18,0
2010-08-11,PETR4,PETR4,28.04,28.16,27.5,27.5,27.5,17436300,28.04,28.16,27.5,27.5,1.0,28.16,27.5,0
2010-08-12,PETR4,PETR4,27.38,27.86,27.2,27.53,27.53,13790000,27.38,27.86,27.2,27.53,1.0,27.86,27.2,0
2010-08-13,PETR4,PETR4,27.65,27.82,27.5,27.66,27.66,12547700,27.65,27.82,27.5,27.66,1.0,27.82,27.5,0
2010-08-16,PETR4,PETR4,27.61,27.8,27.59,27.61,27.61,15413000,27.61,27.8,27.59,27.61,1.0,27.8,27.59,0
2010-08-17,PETR4,PETR4,27.76,28.55,27.76,28.3,28.3,15734800,27.76,28.55,27.76,28.3,1.0,28.55,27.76,0
2010-08-18,PETR4,PETR4,28.29,28.35,27.61,27.68,27.68,20793400,28.29,28.35,27.61,27.68,1.0,28.35,27.61,0
2010-08-19,PETR4,PETR4,26.91,27.39,26.71,26.78,26.78,26790900,26.91,27.39,26.71,26.78,1.0,27.39,26.71,0
2010-08-20,PETR4,PETR4,26.75,27.08,26.56,26.78,26.78,17413200,26.75,27.08,26.56,26.78,1.0,27.08,26.56,0
2010-08-23,PETR4,PETR4,26.92,27.19,26.66,26.66,26.66,10606800,26.92,27.19,26.66,26.66,1.0,27.19,26.66,0
2010-08-24,PETR4,PETR4,26.5,26.85,26.14,26.14,26.14,16035100,26.5,26.85,26.14,26.14,1.0,26.85,26.14,0
2010-08-25,PETR4,PETR4,26.07,26.29,25.5,26.08,26.08,22364300,26.07,26.29,25.5,26.08,1.0,26.29,25.5,0
2010-08-26,PETR4,PETR4,26.7,26.7,25.7,25.7,25.7,22560500,26.7,26.7,25.7,25.7,1.0,26.7,25.7,0
2010-08-27,PETR4,PETR4,25.95,26.59,25.62,26.56,26.56,15105800,25.95,26.59,25.62,26.56,1.0,26.59,25.62,0
2010-08-30,PETR4,PETR4,26.35,26.43,25.45,25.45,25.45,22897800,26.35,26.43,25.45,25.45,1.0,26.43,25.45,0
2010-08-31,PETR4,PETR4,25.52,26.06,25.52,26.06,26.06,16321200,25.52,26.06,25.52,26.06,1.0,26.06,25.52,0
2010-09-01,PETR4,PETR4,26.3,27.19,26.15,27.03,27.03,20049100,26.3,27.19,26.15,27.03,1.0,27.19,26.15,0
2010-09-02,PETR4,PETR4,26.89,28.15,26.74,27.6,27.6,27113400,26.89,28.15,26.74,27.6,1.0,28.15,26.74,0
2010-09-03,PETR4,PETR4,28.3,28.92,28.05,28.8,28.8,46602000,28.3,28.92,28.05,28.8,1.0,28.92,28.05,0
2010-09-06,PETR4,PETR4,29.18,29.29,28.63,29.09,29.09,19904200,29.18,29.29,28.63,29.09,1.0,29.29,28.63,0
2010-09-08,PETR4,PETR4,28.31,28.48,27.79,27.83,27.83,32824900,28.31,28.48,27.79,27.83,1.0,28.48,27.79,0
2010-09-09,PETR4,PETR4,28.05,28.14,27.19,27.6,27.6,20362800,28.05,28.14,27.19,27.6,1.0,28.14,27.19,0
2010-09-10,PETR4,PETR4,27.5,27.94,27.41,27.52,27.52,16828300,27.5,27.94,27.41,27.52,1.0,27.94,27.41,0
2010-09-13,PETR4,PETR4,27.75,28.32,27.55,28.3,28.3,24690300,27.75,28.32,27.55,28.3,1.0,28.32,27.55,0
2010-09-14,PETR4,PETR4,28.19,28.57,26.85,26.85,26.85,39881200,28.19,28.57,26.85,26.85,1.0,28.57,26.85,0
2010-09-15,PETR4,PETR4,26.0,26.6,25.75,26.45,26.45,41260500,26.0,26.6,25.75,26.45,1.0,26.6,25.75,0
2010-09-16,PETR4,PETR4,26.11,26.68,26.05,26.36,26.36,20564600,26.11,26.68,26.05,26.36,1.0,26.68,26.05,0
2010-09-17,PETR4,PETR4,26.13,26.54,26.1,26.44,26.44,18168500,26.13,26.54,26.1,26.44,1.0,26.54,26.1,0
2010-09-20,PETR4,PETR4,26.42,27.43,26.2,27.1,27.1,27062200,26.42,27.43,26.2,27.1,1.0,27.43,26.2,0
2010-09-21,PETR4,PETR4,27.12,27.25,26.35,26.35,26.35,28914000,27.12,27.25,26.35,26.35,1.0,27.25,26.35,0
2010-09-22,PETR4,PETR4,26.09,26.43,25.82,25.98,25.98,44099000,26.09,26.43,25.82,25.98,1.0,26.43,25.82,0
2010-09-23,PETR4,PETR4,25.92,27.46,25.92,26.8,26.8,55981600,25.92,27.46,25.92,26.8,1.0,27.46,25.92,0
2010-09-24,PETR4,PETR4,27.05,27.09,26.3,26.3,26.3,86771600,27.05,27.09,26.3,26.3,1.0,27.09,26.3,0
2010-09-27,PETR4,PETR4,26.34,26.69,26.05,26.5,26.5,58685600,26.34,26.69,26.05,26.5,1.0,26.69,26.05,0
2010-09-28,PETR4,PETR4,26.76,26.89,26.45,26.7,26.7,35019600,26.76,26.89,26.45,26.7,1.0,26.89,26.45,0
2010-09-29,PETR4,PETR4,26.6,27.5,26.54,27.5,27.5,78613600,26.6,27.5,26.54,27.5,1.0,27.5,26.54,0
2010-09-30,PETR4,PETR4,27.65,27.95,27.22,27.29,27.29,36020000,27.65,27.95,27.22,27.29,1.0,27.95,27.22,0
2010-10-01,PETR4,PETR4,27.58,27.7,27.31,27.5,27.5,22761800,27.58,27.7,27.31,27.5,1.0,27.7,27.31,0
2010-10-04,PETR4,PETR4,27.48,27.85,27.35,27.38,27.38,25454800,27.48,27.85,27.35,27.38,1.0,27.85,27.35,0
2010-10-05,PETR4,PETR4,27.59,27.6,26.76,26.98,26.98,42853700,27.59,27.6,26.76,26.98,1.0,27.6,26.76,0
2010-10-06,PETR4,PETR4,26.8,26.89,25.59,25.86,25.86,69075800,26.8,26.89,25.59,25.86,1.0,26.89,25.59,0
2010-10-07,PETR4,PETR4,26.05,26.05,24.64,25.3,25.3,59690300,26.05,26.05,24.64,25.3,1.0,26.05,24.64,0
2010-10-08,PETR4,PETR4,25.21,26.0,24.88,26.0,26.0,32995500,25.21,26.0,24.88,26.0,1.0,26.0,24.88,0
2010-10-11,PETR4,PETR4,26.1,26.21,25.78,25.85,25.85,14583900,26.1,26.21,25.78,25.85,1.0,26.21,25.78,0
2010-10-13,PETR4,PETR4,26.02,26.09,25.58,25.71,25.71,30493400,26.02,26.09,25.58,25.71,1.0,26.09,25.58,0
2010-10-14,PETR4,PETR4,25.66,26.44,25.44,26.44,26.44,40777400,25.66,26.44,25.44,26.44,1.0,26.44,25.44,0
2010-10-15,PETR4,PETR4,26.53,26.64,26.18,26.29,26.29,26975100,26.53,26.64,26.18,26.29,1.0,26.64,26.18,0
2010-10-18,PETR4,PETR4,26.15,26.5,25.97,26.4,26.4,28400900,26.15,26.5,25.97,26.4,1.0,26.5,25.97,0
2010-10-19,PETR4,PETR4,25.94,26.12,25.28,25.28,25.28,32105300,25.94,26.12,25.28,25.28,1.0,26.12,25.28,0
2010-10-20,PETR4,PETR4,25.47,25.63,24.99,24.99,24.99,31155800,25.47,25.63,24.99,24.99,1.0,25.63,24.99,0
2010-10-21,PETR4,PETR4,25.05,25.23,24.1,24.16,24.16,45003300,25.05,25.23,24.1,24.16,1.0,25.23,24.1,0
2010-10-22,PETR4,PETR4,24.46,24.71,23.9,24.21,24.21,29051000,24.46,24.71,23.9,24.21,1.0,24.71,23.9,0
2010-10-25,PETR4,PETR4,24.45,24.79,24.35,24.57,24.57,21879000,24.45,24.79,24.35,24.57,1.0,24.79,24.35,0
2010-10-26,PETR4,PETR4,24.52,26.25,24.45,25.85,25.85,47016000,24.52,26.25,24.45,25.85,1.0,26.25,24.45,0
2010-10-27,PETR4,PETR4,25.7,27.05,25.24,26.19,26.19,57029400,25.7,27.05,25.24,26.19,1.0,27.05,25.24,0
2010-10-28,PETR4,PETR4,26.49,26.84,25.87,26.26,26.26,37172600,26.49,26.84,25.87,26.26,1.0,26.84,25.87,0
2010-10-29,PETR4,PETR4,26.59,26.59,25.85,25.85,25.85,31991000,26.59,26.59,25.85,25.85,1.0,26.59,25.85,0
2010-11-01,PETR4,PETR4,26.05,26.67,25.93,26.49,26.49,22258800,26.05,26.67,25.93,26.49,1.0,26.67,25.93,0
2010-11-03,PETR4,PETR4,26.7,27.11,26.5,27.0,27.0,36493500,26.7,27.11,26.5,27.0,1.0,27.11,26.5,0
2010-11-04,PETR4,PETR4,27.35,27.64,27.21,27.5,27.5,32639900,27.35,27.64,27.21,27.5,1.0,27.64,27.21,0
2010-11-05,PETR4,PETR4,27.42,27.65,27.25,27.25,27.25,17003600,27.42,27.65,27.25,27.25,1.0,27.65,27.25,0
2010-11-08,PETR4,PETR4,27.11,27.58,27.1,27.53,27.53,25141000,27.11,27.58,27.1,27.53,1.0,27.58,27.1,0
2010-11-09,PETR4,PETR4,27.62,27.77,27.12,27.12,27.12,21410500,27.62,27.77,27.12,27.12,1.0,27.77,27.12,0
2010-11-10,PETR4,PETR4,27.11,27.25,26.87,27.13,27.13,21488300,27.11,27.25,26.87,27.13,1.0,27.25,26.87,0
2010-11-11,PETR4,PETR4,27.07,27.11,26.65,26.72,26.72,27523900,27.07,27.11,26.65,26.72,1.0,27.11,26.65,0
2010-11-12,PETR4,PETR4,26.24,26.39,25.82,25.85,25.85,41817900,26.24,26.39,25.82,25.85,1.0,26.39,25.82,0
2010-11-16,PETR4,PETR4,25.85,25.91,25.13,25.4,25.4,32537400,25.85,25.91,25.13,25.4,1.0,25.91,25.13,0
2010-11-17,PETR4,PETR4,25.49,25.69,25.28,25.45,25.45,17020800,25.49,25.69,25.28,25.45,1.0,25.69,25.28,0
2010-11-18,PETR4,PETR4,25.85,26.09,25.71,25.9,25.9,24863600,25.85,26.09,25.71,25.9,1.0,26.09,25.71,0
2010-11-19,PETR4,PETR4,25.7,25.75,25.42,25.7,25.7,16693200,25.7,25.75,25.42,25.7,1.0,25.75,25.42,0
2010-11-22,PETR4,PETR4,25.64,25.67,24.95,25.06,25.06,19555600,25.64,25.67,24.95,25.06,1.0,25.67,24.95,0
2010-11-23,PETR4,PETR4,24.69,24.93,24.52,24.65,24.65,27788000,24.69,24.93,24.52,24.65,1.0,24.93,24.52,0
2010-11-24,PETR4,PETR4,24.9,25.37,24.75,25.24,25.24,24119000,24.9,25.37,24.75,25.24,1.0,25.37,24.75,0
2010-11-25,PETR4,PETR4,25.35,25.35,24.85,24.85,24.85,9039600,25.35,25.35,24.85,24.85,1.0,25.35,24.85,0
2010-11-26,PETR4,PETR4,24.66,24.83,24.43,24.6,24.6,17187900,24.66,24.83,24.43,24.6,1.0,24.83,24.43,0
2010-11-29,PETR4,PETR4,24.55,24.94,24.46,24.7,24.7,18906800,24.55,24.94,24.46,24.7,1.0,24.94,24.46,0
2010-11-30,PETR4,PETR4,24.69,25.1,24.51,24.59,24.59,29062400,24.69,25.1,24.51,24.59,1.0,25.1,24.51,0
2010-12-01,PETR4,PETR4,25.03,25.34,24.97,25.26,25.26,22563100,25.03,25.34,24.97,25.26,1.0,25.34,24.97,0
2010-12-02,PETR4,PETR4,25.45,25.69,25.3,25.4,25.4,19287600,25.45,25.69,25.3,25.4,1.0,25.69,25.3,0
2010-12-03,PETR4,PETR4,25.45,25.7,25.23,25.7,25.7,16086800,25.45,25.7,25.23,25.7,1.0,25.7,25.23,0
2010-12-06,PETR4,PETR4,25.76,26.04,25.71,25.86,25.86,17996600,25.76,26.04,25.71,25.86,1.0,26.04,25.71,0
2010-12-07,PETR4,PETR4,26.2,26.29,25.35,25.35,25.35,27573300,26.2,26.29,25.35,25.35,1.0,26.29,25.35,0
2010-12-08,PETR4,PETR4,25.38,25.5,25.0,25.0,25.0,21901800,25.38,25.5,25.0,25.0,1.0,25.5,25.0,0
2010-12-09,PETR4,PETR4,25.17,25.5,25.09,25.4,25.4,21574700,25.17,25.5,25.09,25.4,1.0,25.5,25.09,0
2010-12-10,PETR4,PETR4,25.6,25.74,25.45,25.7,25.7,14226800,25.6,25.74,25.45,25.7,1.0,25.74,25.45,0
2010-12-13,PETR4,PETR4,25.89,26.09,25.88,25.91,25.91,17155600,25.89,26.09,25.88,25.91,1.0,26.09,25.88,0
2010-12-14,PETR4,PETR4,25.83,26.04,25.72,25.83,25.83,15802600,25.83,26.04,25.72,25.83,1.0,26.04,25.72,0
2010-12-15,PETR4,PETR4,25.59,25.71,25.37,25.37,25.37,23737900,25.59,25.71,25.37,25.37,1.0,25.71,25.37,0
2010-12-16,PETR4,PETR4,25.5,25.65,25.26,25.35,25.35,15837000,25.5,25.65,25.26,25.35,1.0,25.65,25.26,0
2010-12-17,PETR4,PETR4,25.23,25.94,25.04,25.94,25.94,18283400,25.23,25.94,25.04,25.94,1.0,25.94,25.04,0
2010-12-20,PETR4,PETR4,25.94,26.06,25.57,25.57,25.57,32232600,25.94,26.06,25.57,25.57,1.0,26.06,25.57,0
2010-12-21,PETR4,PETR4,25.84,25.93,25.71,25.77,25.77,16292900,25.84,25.93,25.71,25.77,1.0,25.93,25.71,0
2010-12-22,PETR4,PETR4,25.56,25.72,25.47,25.72,25.72,11981500,25.56,25.72,25.47,25.72,1.0,25.72,25.47,0
2010-12-23,PETR4,PETR4,25.64,25.87,25.56,25.75,25.75,12479800,25.64,25.87,25.56,25.75,1.0,25.87,25.56,0
2010-12-27,PETR4,PETR4,25.56,26.09,25.52,26.05,26.05,12185700,25.56,26.09,25.52,26.05,1.0,26.09,25.52,0
2010-12-28,PETR4,PETR4,26.3,26.71,26.21,26.66,26.66,21786800,26.3,26.71,26.21,26.66,1.0,26.71,26.21,0
2010-12-29,PETR4,PETR4,26.78,27.17,26.78,26.97,26.97,20481500,26.78,27.17,26.78,26.97,1.0,27.17,26.78,0
2010-12-30,PETR4,PETR4,27.29,27.44,27.09,27.29,27.29,29937100,27.29,27.44,27.09,27.29,1.0,27.44,27.09,0
2011-01-03,PETR4,PETR4,27.5,27.58,26.91,27.0,27.0,22944300,27.5,27.58,26.91,27.0,1.0,27.58,26.91,0
2011-01-04,PETR4,PETR4,27.01,27.06,26.4,26.9,26.9,31244500,27.01,27.06,26.4,26.9,1.0,27.06,26.4,0
2011-01-05,PETR4,PETR4,26.68,27.35,26.58,27.22,27.22,24920600,26.68,27.35,26.58,27.22,1.0,27.35,26.58,0
2011-01-06,PETR4,PETR4,27.2,27.46,27.01,27.11,27.11,24494600,27.2,27.46,27.01,27.11,1.0,27.46,27.01,0
2011-01-07,PETR4,PETR4,27.02,27.18,26.73,26.73,26.73,17544900,27.02,27.18,26.73,26.73,1.0,27.18,26.73,0
2011-01-10,PETR4,PETR4,26.65,27.02,26.58,26.98,26.98,14542500,26.65,27.02,26.58,26.98,1.0,27.02,26.58,0
2011-01-11,PETR4,PETR4,27.1,27.4,27.07,27.15,27.15,23393500,27.1,27.4,27.07,27.15,1.0,27.4,27.07,0
2011-01-12,PETR4,PETR4,27.38,27.98,27.32,27.9,27.9,39717400,27.38,27.98,27.32,27.9,1.0,27.98,27.32,0
2011-01-13,PETR4,PETR4,28.0,28.12,27.31,27.31,27.31,32394100,28.0,28.12,27.31,27.31,1.0,28.12,27.31,0
2011-01-14,PETR4,PETR4,27.27,27.71,27.25,27.55,27.55,20484700,27.27,27.71,27.25,27.55,1.0,27.71,27.25,0
2011-01-17,PETR4,PETR4,27.42,27.77,27.36,27.45,27.45,19447600,27.42,27.77,27.36,27.45,1.0,27.77,27.36,0
2011-01-18,PETR4,PETR4,27.65,27.76,27.4,27.72,27.72,22558600,27.65,27.76,27.4,27.72,1.0,27.76,27.4,0
2011-01-19,PETR4,PETR4,27.8,27.95,27.25,27.3,27.3,22793300,27.8,27.95,27.25,27.3,1.0,27.95,27.25,0
2011-01-20,PETR4,PETR4,27.15,27.52,26.96,27.27,27.27,21680800,27.15,27.52,26.96,27.27,1.0,27.52,26.96,0
2011-01-21,PETR4,PETR4,27.41,27.51,27.05,27.05,27.05,18372000,27.41,27.51,27.05,27.05,1.0,27.51,27.05,0
2011-01-24,PETR4,PETR4,27.08,27.25,26.81,27.0,27.0,11222700,27.08,27.25,26.81,27.0,1.0,27.25,26.81,0
2011-01-26,PETR4,PETR4,27.09,27.33,26.71,26.83,26.83,21691600,27.09,27.33,26.71,26.83,1.0,27.33,26.71,0
2011-01-27,PETR4,PETR4,26.95,27.15,26.71,26.87,26.87,18836100,26.95,27.15,26.71,26.87,1.0,27.15,26.71,0
2011-01-28,PETR4,PETR4,27.05,27.08,26.25,26.67,26.67,28335700,27.05,27.08,26.25,26.67,1.0,27.08,26.25,0
2011-01-31,PETR4,PETR4,26.86,27.25,26.66,27.09,27.09,34548200,26.86,27.25,26.66,27.09,1.0,27.25,26.66,0
2011-02-01,PETR4,PETR4,27.3,27.72,27.11,27.64,27.64,28953900,27.3,27.72,27.11,27.64,1.0,27.72,27.11,0
2011-02-02,PETR4,PETR4,27.6,27.98,27.5,27.8,27.8,33465300,27.6,27.98,27.5,27.8,1.0,27.98,27.5,0
2011-02-03,PETR4,PETR4,27.76,28.12,27.7,28.03,28.03,27912600,27.76,28.12,27.7,28.03,1.0,28.12,27.7,0
2011-02-04,PETR4,PETR4,28.04,28.22,27.56,27.62,27.62,27923500,28.04,28.22,27.56,27.62,1.0,28.22,27.56,0
2011-02-07,PETR4,PETR4,27.8,27.87,27.11,27.22,27.22,24286000,27.8,27.87,27.11,27.22,1.0,27.87,27.11,0
2011-02-08,PETR4,PETR4,27.03,27.34,26.82,26.96,26.96,31642000,27.03,27.34,26.82,26.96,1.0,27.34,26.82,0
2011-02-09,PETR4,PETR4,26.86,26.97,26.11,26.18,26.18,32944200,26.86,26.97,26.11,26.18,1.0,26.97,26.11,0
2011-02-10,PETR4,PETR4,26.2,26.74,26.16,26.27,26.27,18873400,26.2,26.74,26.16,26.27,1.0,26.74,26.16,0
2011-02-11,PETR4,PETR4,26.45,26.7,26.3,26.4,26.4,19733400,26.45,26.7,26.3,26.4,1.0,26.7,26.3,0
2011-02-14,PETR4,PETR4,26.41,26.91,26.24,26.75,26.75,18441000,26.41,26.91,26.24,26.75,1.0,26.91,26.24,0
2011-02-15,PETR4,PETR4,26.67,27.32,26.63,26.97,26.97,28220800,26.67,27.32,26.63,26.97,1.0,27.32,26.63,0
2011-02-16,PETR4,PETR4,27.2,27.45,27.07,27.31,27.31,24641400,27.2,27.45,27.07,27.31,1.0,27.45,27.07,0
2011-02-17,PETR4,PETR4,27.4,27.44,27.04,27.25,27.25,19288400,27.4,27.44,27.04,27.25,1.0,27.44,27.04,0
2011-02-18,PETR4,PETR4,27.16,27.44,27.11,27.37,27.37,16848900,27.16,27.44,27.11,27.37,1.0,27.44,27.11,0
2011-02-21,PETR4,PETR4,27.47,27.65,27.25,27.4,27.4,22345800,27.47,27.65,27.25,27.4,1.0,27.65,27.25,0
2011-02-22,PETR4,PETR4,27.46,27.95,27.45,27.77,27.77,36693800,27.46,27.95,27.45,27.77,1.0,27.95,27.45,0
2011-02-23,PETR4,PETR4,27.91,28.9,27.8,28.71,28.71,62794200,27.91,28.9,27.8,28.71,1.0,28.9,27.8,0
2011-02-24,PETR4,PETR4,29.05,29.26,28.36,28.37,28.37,50691000,29.05,29.26,28.36,28.37,1.0,29.26,28.36,0
2011-02-25,PETR4,PETR4,28.41,28.75,28.15,28.6,28.6,27404100,28.41,28.75,28.15,28.6,1.0,28.75,28.15,0
2011-02-28,PETR4,PETR4,28.44,28.68,28.16,28.58,28.58,29145400,28.44,28.68,28.16,28.58,1.0,28.68,28.16,0
2011-03-01,PETR4,PETR4,28.5,28.79,28.19,28.29,28.29,26752100,28.5,28.79,28.19,28.29,1.0,28.79,28.19,0
2011-03-02,PETR4,PETR4,28.3,28.96,28.17,28.9,28.9,26004400,28.3,28.96,28.17,28.9,1.0,28.96,28.17,0
2011-03-03,PETR4,PETR4,28.92,28.97,28.6,28.96,28.96,17416300,28.92,28.97,28.6,28.96,1.0,28.97,28.6,0
2011-03-04,PETR4,PETR4,29.0,29.17,28.72,29.08,29.08,21089200,29.0,29.17,28.72,29.08,1.0,29.17,28.72,0
2011-03-09,PETR4,PETR4,28.83,28.87,28.52,28.55,28.55,15976000,28.83,28.87,28.52,28.55,1.0,28.87,28.52,0
2011-03-10,PETR4,PETR4,28.4,28.43,27.88,28.12,28.12,22852900,28.4,28.43,27.88,28.12,1.0,28.43,27.88,0
2011-03-11,PETR4,PETR4,27.95,28.4,27.67,28.17,28.17,20871600,27.95,28.4,27.67,28.17,1.0,28.4,27.67,0
2011-03-14,PETR4,PETR4,28.0,28.42,27.87,28.28,28.28,13686200,28.0,28.42,27.87,28.28,1.0,28.42,27.87,0
2011-03-15,PETR4,PETR4,27.45,28.17,27.45,28.04,28.04,22622900,27.45,28.17,27.45,28.04,1.0,28.17,27.45,0
2011-03-16,PETR4,PETR4,28.16,28.41,27.61,27.78,27.78,33780100,28.16,28.41,27.61,27.78,1.0,28.41,27.61,0
2011-03-17,PETR4,PETR4,28.14,28.2,27.88,28.08,28.08,16655100,28.14,28.2,27.88,28.08,1.0,28.2,27.88,0
2011-03-18,PETR4,PETR4,28.2,28.22,27.82,27.9,27.9,22149700,28.2,28.22,27.82,27.9,1.0,28.22,27.82,0
2011-03-21,PETR4,PETR4,28.16,28.35,27.98,28.13,28.13,28819000,28.16,28.35,27.98,28.13,1.0,28.35,27.98,0
2011-03-22,PETR4,PETR4,28.05,28.54,28.02,28.33,28.33,23839500,28.05,28.54,28.02,28.33,1.0,28.54,28.02,0
2011-03-23,PETR4,PETR4,28.3,28.68,28.23,28.62,28.62,20559600,28.3,28.68,28.23,28.62,1.0,28.68,28.23,0
2011-03-24,PETR4,PETR4,28.66,28.78,28.35,28.43,28.43,12375400,28.66,28.78,28.35,28.43,1.0,28.78,28.35,0
2011-03-25,PETR4,PETR4,28.5,28.79,28.41,28.64,28.64,16453600,28.5,28.79,28.41,28.64,1.0,28.79,28.41,0
2011-03-28,PETR4,PETR4,28.56,28.8,28.35,28.35,28.35,11537000,28.56,28.8,28.35,28.35,1.0,28.8,28.35,0
2011-03-29,PETR4,PETR4,28.4,28.6,28.26,28.35,28.35,12156000,28.4,28.6,28.26,28.35,1.0,28.6,28.26,0
2011-03-30,PETR4,PETR4,28.52,28.55,28.3,28.37,28.37,13949000,28.52,28.55,28.3,28.37,1.0,28.55,28.3,0
2011-03-31,PETR4,PETR4,28.41,28.65,28.38,28.51,28.51,14046500,28.41,28.65,28.38,28.51,1.0,28.65,28.38,0
2011-04-01,PETR4,PETR4,28.62,28.74,28.52,28.74,28.74,15386400,28.62,28.74,28.52,28.74,1.0,28.74,28.52,0
2011-04-04,PETR4,PETR4,28.8,28.85,28.56,28.61,28.61,13714800,28.8,28.85,28.56,28.61,1.0,28.85,28.56,0
2011-04-05,PETR4,PETR4,28.55,28.57,28.24,28.37,28.37,19872600,28.55,28.57,28.24,28.37,1.0,28.57,28.24,0
2011-04-06,PETR4,PETR4,28.35,28.42,28.07,28.17,28.17,14767200,28.35,28.42,28.07,28.17,1.0,28.42,28.07,0
2011-04-07,PETR4,PETR4,28.13,28.25,27.72,28.0,28.0,21938400,28.13,28.25,27.72,28.0,1.0,28.25,27.72,0
2011-04-08,PETR4,PETR4,28.05,28.14,27.78,28.01,28.01,17628200,28.05,28.14,27.78,28.01,1.0,28.14,27.78,0
2011-04-11,PETR4,PETR4,27.99,27.99,27.42,27.49,27.49,19694800,27.99,27.99,27.42,27.49,1.0,27.99,27.42,0
2011-04-12,PETR4,PETR4,27.32,27.4,26.56,26.65,26.65,33744000,27.32,27.4,26.56,26.65,1.0,27.4,26.56,0
2011-04-13,PETR4,PETR4,26.8,26.8,26.05,26.15,26.15,30272400,26.8,26.8,26.05,26.15,1.0,26.8,26.05,0
2011-04-14,PETR4,PETR4,26.1,26.43,25.93,25.98,25.98,27791500,26.1,26.43,25.93,25.98,1.0,26.43,25.93,0
2011-04-15,PETR4,PETR4,26.08,26.56,26.05,26.53,26.53,28127500,26.08,26.56,26.05,26.53,1.0,26.56,26.05,0
2011-04-18,PETR4,PETR4,26.31,26.31,25.48,25.49,25.49,36334400,26.31,26.31,25.48,25.49,1.0,26.31,25.48,0
2011-04-19,PETR4,PETR4,25.75,26.02,25.57,25.73,25.73,19530400,25.75,26.02,25.57,25.73,1.0,26.02,25.57,0
2011-04-20,PETR4,PETR4,26.21,26.29,25.9,26.29,26.29,23773500,26.21,26.29,25.9,26.29,1.0,26.29,25.9,0
2011-04-25,PETR4,PETR4,26.31,26.43,26.02,26.18,26.18,12993200,26.31,26.43,26.02,26.18,1.0,26.43,26.02,0
2011-04-26,PETR4,PETR4,26.2,26.33,25.95,26.2,26.2,12168000,26.2,26.33,25.95,26.2,1.0,26.33,25.95,0
2011-04-27,PETR4,PETR4,26.22,26.22,25.69,25.74,25.74,17024000,26.22,26.22,25.69,25.74,1.0,26.22,25.69,0
2011-04-28,PETR4,PETR4,25.65,25.66,25.26,25.45,25.45,24043100,25.65,25.66,25.26,25.45,1.0,25.66,25.26,0
2011-04-29,PETR4,PETR4,25.34,25.67,25.27,25.6,25.6,16043300,25.34,25.67,25.27,25.6,1.0,25.67,25.27,0
2011-05-02,PETR4,PETR4,25.71,25.89,25.5,25.73,25.73,21020700,25.71,25.89,25.5,25.73,1.0,25.89,25.5,0
2011-05-03,PETR4,PETR4,25.7,25.78,25.43,25.45,25.45,17980300,25.7,25.78,25.43,25.45,1.0,25.78,25.43,0
2011-05-04,PETR4,PETR4,25.59,25.63,25.2,25.32,25.32,25688400,25.59,25.63,25.2,25.32,1.0,25.63,25.2,0
2011-05-05,PETR4,PETR4,25.19,25.34,24.24,24.47,24.47,31253900,25.19,25.34,24.24,24.47,1.0,25.34,24.24,0
2011-05-06,PETR4,PETR4,24.8,24.89,24.14,24.21,24.21,23280800,24.8,24.89,24.14,24.21,1.0,24.89,24.14,0
2011-05-09,PETR4,PETR4,24.24,24.69,24.2,24.6,24.6,18694500,24.24,24.69,24.2,24.6,1.0,24.69,24.2,0
2011-05-10,PETR4,PETR4,24.72,24.86,24.51,24.68,24.68,12702200,24.72,24.86,24.51,24.68,1.0,24.86,24.51,0
2011-05-11,PETR4,PETR4,24.55,24.58,24.01,24.01,24.01,22334100,24.55,24.58,24.01,24.01,1.0,24.58,24.01,0
2011-05-12,PETR4,PETR4,23.6,23.92,23.43,23.68,23.68,23662900,23.6,23.92,23.43,23.68,1.0,23.92,23.43,0
2011-05-13,PETR4,PETR4,23.77,23.85,23.48,23.52,23.52,20289800,23.77,23.85,23.48,23.52,1.0,23.85,23.48,0
2011-05-16,PETR4,PETR4,23.43,24.29,23.33,23.94,23.94,30213200,23.43,24.29,23.33,23.94,1.0,24.29,23.33,0
2011-05-17,PETR4,PETR4,23.99,24.47,23.75,24.4,24.4,20387700,23.99,24.47,23.75,24.4,1.0,24.47,23.75,0
2011-05-18,PETR4,PETR4,24.47,24.68,24.1,24.1,24.1,18894100,24.47,24.68,24.1,24.1,1.0,24.68,24.1,0
2011-05-19,PETR4,PETR4,24.25,24.39,23.64,23.64,23.64,17884500,24.25,24.39,23.64,23.64,1.0,24.39,23.64,0
2011-05-20,PETR4,PETR4,23.66,24.15,23.48,23.99,23.99,14281200,23.66,24.15,23.48,23.99,1.0,24.15,23.48,0
2011-05-23,PETR4,PETR4,23.5,23.7,23.41,23.6,23.6,15012900,23.5,23.7,23.41,23.6,1.0,23.7,23.41,0
2011-05-24,PETR4,PETR4,23.86,24.08,23.74,23.85,23.85,12869400,23.86,24.08,23.74,23.85,1.0,24.08,23.74,0
2011-05-25,PETR4,PETR4,23.83,24.21,23.65,23.9,23.9,12527700,23.83,24.21,23.65,23.9,1.0,24.21,23.65,0
2011-05-26,PETR4,PETR4,24.0,24.2,23.76,24.2,24.2,17095000,24.0,24.2,23.76,24.2,1.0,24.2,23.76,0
2011-05-27,PETR4,PETR4,24.32,24.44,24.14,24.29,24.29,13852100,24.32,24.44,24.14,24.29,1.0,24.44,24.14,0
2011-05-30,PETR4,PETR4,24.32,24.32,24.05,24.08,24.08,3620300,24.32,24.32,24.05,24.08,1.0,24.32,24.05,0
2011-05-31,PETR4,PETR4,24.3,24.35,23.88,24.09,24.09,16422500,24.3,24.35,23.88,24.09,1.0,24.35,23.88,0
2011-06-01,PETR4,PETR4,24.0,24.14,23.83,24.0,24.0,18037000,24.0,24.14,23.83,24.0,1.0,24.14,23.83,0
2011-06-02,PETR4,PETR4,24.07,24.07,23.73,23.95,23.95,15873600,24.07,24.07,23.73,23.95,1.0,24.07,23.73,0
2011-06-03,PETR4,PETR4,23.78,24.16,23.67,23.78,23.78,15507400,23.78,24.16,23.67,23.78,1.0,24.16,23.67,0
2011-06-06,PETR4,PETR4,23.87,23.93,23.15,23.2,23.2,22251700,23.87,23.93,23.15,23.2,1.0,23.93,23.15,0
2011-06-07,PETR4,PETR4,23.36,23.37,22.94,23.0,23.0,23513100,23.36,23.37,22.94,23.0,1.0,23.37,22.94,0
2011-06-08,PETR4,PETR4,22.95,23.45,22.85,23.2,23.2,21850500,22.95,23.45,22.85,23.2,1.0,23.45,22.85,0
2011-06-09,PETR4,PETR4,23.24,23.94,23.09,23.7,23.7,24699200,23.24,23.94,23.09,23.7,1.0,23.94,23.09,0
2011-06-10,PETR4,PETR4,23.78,23.84,23.54,23.72,23.72,17671800,23.78,23.84,23.54,23.72,1.0,23.84,23.54,0
2011-06-13,PETR4,PETR4,23.77,23.82,23.26,23.33,23.33,12211800,23.77,23.82,23.26,23.33,1.0,23.82,23.26,0
2011-06-14,PETR4,PETR4,23.42,23.69,23.42,23.6,23.6,13596500,23.42,23.69,23.42,23.6,1.0,23.69,23.42,0
2011-06-15,PETR4,PETR4,23.29,23.55,23.15,23.3,23.3,20752500,23.29,23.55,23.15,23.3,1.0,23.55,23.15,0
2011-06-16,PETR4,PETR4,23.29,23.75,23.09,23.29,23.29,20338200,23.29,23.75,23.09,23.29,1.0,23.75,23.09,0
2011-06-17,PETR4,PETR4,23.47,23.48,23.19,23.24,23.24,14758300,23.47,23.48,23.19,23.24,1.0,23.48,23.19,0
2011-06-20,PETR4,PETR4,23.2,23.44,23.06,23.1,23.1,19238100,23.2,23.44,23.06,23.1,1.0,23.44,23.06,0
2011-06-21,PETR4,PETR4,23.2,23.3,23.04,23.24,23.24,13598100,23.2,23.3,23.04,23.24,1.0,23.3,23.04,0
2011-06-22,PETR4,PETR4,23.2,23.67,23.17,23.26,23.26,18852900,23.2,23.67,23.17,23.26,1.0,23.67,23.17,0
2011-06-24,PETR4,PETR4,23.17,23.21,22.85,22.87,22.87,16274600,23.17,23.21,22.85,22.87,1.0,23.21,22.85,0
2011-06-27,PETR4,PETR4,23.0,23.19,22.87,23.08,23.08,15130000,23.0,23.19,22.87,23.08,1.0,23.19,22.87,0
2011-06-28,PETR4,PETR4,23.17,23.45,23.1,23.45,23.45,15956100,23.17,23.45,23.1,23.45,1.0,23.45,23.1,0
2011-06-29,PETR4,PETR4,23.5,23.54,23.2,23.38,23.38,14488100,23.5,23.54,23.2,23.38,1.0,23.54,23.2,0
2011-06-30,PETR4,PETR4,23.59,23.72,23.5,23.72,23.72,16270400,23.59,23.72,23.5,23.72,1.0,23.72,23.5,0
2011-07-01,PETR4,PETR4,23.65,23.89,23.47,23.75,23.75,18366500,23.65,23.89,23.47,23.75,1.0,23.89,23.47,0
2011-07-04,PETR4,PETR4,23.72,23.85,23.71,23.8,23.8,5781200,23.72,23.85,23.71,23.8,1.0,23.85,23.71,0
2011-07-05,PETR4,PETR4,23.8,23.98,23.51,23.56,23.56,13092300,23.8,23.98,23.51,23.56,1.0,23.98,23.51,0
2011-07-06,PETR4,PETR4,23.45,23.65,23.29,23.51,23.51,13209000,23.45,23.65,23.29,23.51,1.0,23.65,23.29,0
2011-07-07,PETR4,PETR4,23.7,23.79,23.55,23.63,23.63,15490000,23.7,23.79,23.55,23.63,1.0,23.79,23.55,0
2011-07-08,PETR4,PETR4,23.5,23.63,23.4,23.44,23.44,13668400,23.5,23.63,23.4,23.44,1.0,23.63,23.4,0
2011-07-11,PETR4,PETR4,23.2,23.32,23.06,23.15,23.15,16727400,23.2,23.32,23.06,23.15,1.0,23.32,23.06,0
2011-07-12,PETR4,PETR4,23.02,23.3,22.93,23.12,23.12,11935800,23.02,23.3,22.93,23.12,1.0,23.3,22.93,0
2011-07-13,PETR4,PETR4,23.29,23.44,23.13,23.39,23.39,15875200,23.29,23.44,23.13,23.39,1.0,23.44,23.13,0
2011-07-14,PETR4,PETR4,23.27,23.36,22.86,22.95,22.95,17339400,23.27,23.36,22.86,22.95,1.0,23.36,22.86,0
2011-07-15,PETR4,PETR4,23.0,23.11,22.86,22.99,22.99,15883300,23.0,23.11,22.86,22.99,1.0,23.11,22.86,0
2011-07-18,PETR4,PETR4,22.81,23.0,22.53,22.76,22.76,19203100,22.81,23.0,22.53,22.76,1.0,23.0,22.53,0
2011-07-19,PETR4,PETR4,22.87,22.97,22.56,22.65,22.65,17192000,22.87,22.97,22.56,22.65,1.0,22.97,22.56,0
2011-07-20,PETR4,PETR4,22.75,22.81,22.38,22.38,22.38,19159700,22.75,22.81,22.38,22.38,1.0,22.81,22.38,0
2011-07-21,PETR4,PETR4,22.48,23.11,22.43,23.0,23.0,19191400,22.48,23.11,22.43,23.0,1.0,23.11,22.43,0
2011-07-22,PETR4,PETR4,23.02,23.27,22.85,22.97,22.97,13562200,23.02,23.27,22.85,22.97,1.0,23.27,22.85,0
2011-07-25,PETR4,PETR4,23.09,23.6,23.05,23.5,23.5,26839800,23.09,23.6,23.05,23.5,1.0,23.6,23.05,0
2011-07-26,PETR4,PETR4,23.59,23.92,23.48,23.66,23.66,25506200,23.59,23.92,23.48,23.66,1.0,23.92,23.48,0
2011-07-27,PETR4,PETR4,23.59,23.78,23.41,23.59,23.59,22341600,23.59,23.78,23.41,23.59,1.0,23.78,23.41,0
2011-07-28,PETR4,PETR4,23.69,23.74,23.44,23.5,23.5,17345900,23.69,23.74,23.44,23.5,1.0,23.74,23.44,0
2011-07-29,PETR4,PETR4,23.18,23.54,23.17,23.5,23.5,13860700,23.18,23.54,23.17,23.5,1.0,23.54,23.17,0
2011-08-01,PETR4,PETR4,23.66,23.75,23.42,23.5,23.5,15338500,23.66,23.75,23.42,23.5,1.0,23.75,23.42,0
2011-08-02,PETR4,PETR4,23.49,23.63,23.09,23.17,23.17,14724100,23.49,23.63,23.09,23.17,1.0,23.63,23.09,0
2011-08-03,PETR4,PETR4,23.05,23.08,22.25,22.29,22.29,25689600,23.05,23.08,22.25,22.29,1.0,23.08,22.25,0
2011-08-04,PETR4,PETR4,21.9,21.99,20.65,20.65,20.65,43304300,21.9,21.99,20.65,20.65,1.0,21.99,20.65,0
2011-08-05,PETR4,PETR4,20.62,20.98,19.73,20.18,20.18,40521700,20.62,20.98,19.73,20.18,1.0,20.98,19.73,0
2011-08-08,PETR4,PETR4,19.22,19.48,18.37,18.65,18.65,40892900,19.22,19.48,18.37,18.65,1.0,19.48,18.37,0
2011-08-09,PETR4,PETR4,18.83,19.67,18.62,19.15,19.15,45861600,18.83,19.67,18.62,19.15,1.0,19.67,18.62,0
2011-08-10,PETR4,PETR4,19.01,19.85,18.81,19.73,19.73,38704600,19.01,19.85,18.81,19.73,1.0,19.85,18.81,0
2011-08-11,PETR4,PETR4,19.95,20.47,19.42,20.21,20.21,38902900,19.95,20.47,19.42,20.21,1.0,20.47,19.42,0
2011-08-12,PETR4,PETR4,20.23,20.52,20.09,20.3,20.3,33304600,20.23,20.52,20.09,20.3,1.0,20.52,20.09,0
2011-08-15,PETR4,PETR4,20.5,20.99,20.47,20.99,20.99,22024800,20.5,20.99,20.47,20.99,1.0,20.99,20.47,0
2011-08-16,PETR4,PETR4,20.77,20.84,20.48,20.76,20.76,19708400,20.77,20.84,20.48,20.76,1.0,20.84,20.48,0
2011-08-17,PETR4,PETR4,20.8,20.96,20.54,20.87,20.87,18924000,20.8,20.96,20.54,20.87,1.0,20.96,20.54,0
2011-08-18,PETR4,PETR4,20.35,20.37,19.77,20.3,20.3,26004800,20.35,20.37,19.77,20.3,1.0,20.37,19.77,0
2011-08-19,PETR4,PETR4,19.93,20.35,19.7,19.7,19.7,23904600,19.93,20.35,19.7,19.7,1.0,20.35,19.7,0
2011-08-22,PETR4,PETR4,20.1,20.27,19.64,19.65,19.65,17308500,20.1,20.27,19.64,19.65,1.0,20.27,19.64,0
2011-08-23,PETR4,PETR4,19.8,20.3,19.51,20.16,20.16,21993300,19.8,20.3,19.51,20.16,1.0,20.3,19.51,0
2011-08-24,PETR4,PETR4,20.12,20.35,19.99,20.23,20.23,18533000,20.12,20.35,19.99,20.23,1.0,20.35,19.99,0
2011-08-25,PETR4,PETR4,20.15,20.29,19.78,19.86,19.86,19441700,20.15,20.29,19.78,19.86,1.0,20.29,19.78,0
2011-08-26,PETR4,PETR4,19.71,20.07,19.58,19.9,19.9,17807900,19.71,20.07,19.58,19.9,1.0,20.07,19.58,0
2011-08-29,PETR4,PETR4,20.18,20.63,20.17,20.49,20.49,16494600,20.18,20.63,20.17,20.49,1.0,20.63,20.17,0
2011-08-30,PETR4,PETR4,20.38,20.73,20.3,20.55,20.55,17125800,20.38,20.73,20.3,20.55,1.0,20.73,20.3,0
2011-08-31,PETR4,PETR4,20.76,20.87,20.43,20.8,20.8,29636500,20.76,20.87,20.43,20.8,1.0,20.87,20.43,0
2011-09-01,PETR4,PETR4,21.12,21.14,20.85,21.04,21.04,21846300,21.12,21.14,20.85,21.04,1.0,21.14,20.85,0
2011-09-02,PETR4,PETR4,20.66,20.76,20.03,20.37,20.37,25920200,20.66,20.76,20.03,20.37,1.0,20.76,20.03,0
2011-09-05,PETR4,PETR4,19.9,20.1,19.85,20.03,20.03,9570700,19.9,20.1,19.85,20.03,1.0,20.1,19.85,0
2011-09-06,PETR4,PETR4,19.73,20.54,19.68,20.47,20.47,21896900,19.73,20.54,19.68,20.47,1.0,20.54,19.68,0
2011-09-08,PETR4,PETR4,20.75,20.88,20.57,20.66,20.66,16232900,20.75,20.88,20.57,20.66,1.0,20.88,20.57,0
2011-09-09,PETR4,PETR4,20.5,20.6,20.07,20.15,20.15,19972700,20.5,20.6,20.07,20.15,1.0,20.6,20.07,0
2011-09-12,PETR4,PETR4,19.8,20.34,19.72,20.34,20.34,16870000,19.8,20.34,19.72,20.34,1.0,20.34,19.72,0
2011-09-13,PETR4,PETR4,20.4,20.45,20.15,20.32,20.32,15103100,20.4,20.45,20.15,20.32,1.0,20.45,20.15,0
2011-09-14,PETR4,PETR4,20.35,20.82,20.18,20.52,20.52,19861300,20.35,20.82,20.18,20.52,1.0,20.82,20.18,0
2011-09-15,PETR4,PETR4,20.7,20.78,20.47,20.55,20.55,13208700,20.7,20.78,20.47,20.55,1.0,20.78,20.47,0
2011-09-16,PETR4,PETR4,20.55,20.67,20.4,20.65,20.65,13203900,20.55,20.67,20.4,20.65,1.0,20.67,20.4,0
2011-09-19,PETR4,PETR4,20.33,20.82,20.32,20.8,20.8,20335700,20.33,20.82,20.32,20.8,1.0,20.82,20.32,0
2011-09-20,PETR4,PETR4,20.78,21.08,20.58,20.6,20.6,15087900,20.78,21.08,20.58,20.6,1.0,21.08,20.58,0
2011-09-21,PETR4,PETR4,20.75,21.06,20.55,20.6,20.6,19603300,20.75,21.06,20.55,20.6,1.0,21.06,20.55,0
2011-09-22,PETR4,PETR4,20.02,20.17,19.3,19.5,19.5,31748700,20.02,20.17,19.3,19.5,1.0,20.17,19.3,0
2011-09-23,PETR4,PETR4,19.51,19.73,19.12,19.16,19.16,18073000,19.51,19.73,19.12,19.16,1.0,19.73,19.12,0
2011-09-26,PETR4,PETR4,19.35,19.78,18.97,19.78,19.78,17688400,19.35,19.78,18.97,19.78,1.0,19.78,18.97,0
2011-09-27,PETR4,PETR4,20.09,20.1,19.52,19.55,19.55,15586500,20.09,20.1,19.52,19.55,1.0,20.1,19.52,0
2011-09-28,PETR4,PETR4,19.58,19.7,19.33,19.35,19.35,15857700,19.58,19.7,19.33,19.35,1.0,19.7,19.33,0
2011-09-29,PETR4,PETR4,19.48,19.58,19.23,19.4,19.4,15369500,19.48,19.58,19.23,19.4,1.0,19.58,19.23,0
2011-09-30,PETR4,PETR4,19.18,19.38,18.93,19.1,19.1,20583700,19.18,19.38,18.93,19.1,1.0,19.38,18.93,0
2011-10-03,PETR4,PETR4,18.96,19.07,18.41,18.41,18.41,28800500,18.96,19.07,18.41,18.41,1.0,19.07,18.41,0
2011-10-04,PETR4,PETR4,18.25,18.55,17.9,18.55,18.55,30289100,18.25,18.55,17.9,18.55,1.0,18.55,17.9,0
2011-10-05,PETR4,PETR4,18.4,18.75,18.05,18.21,18.21,20748600,18.4,18.75,18.05,18.21,1.0,18.75,18.05,0
2011-10-06,PETR4,PETR4,18.49,19.09,18.35,18.85,18.85,27420600,18.49,19.09,18.35,18.85,1.0,19.09,18.35,0
2011-10-07,PETR4,PETR4,19.07,19.07,18.21,18.3,18.3,21701500,19.07,19.07,18.21,18.3,1.0,19.07,18.21,0
2011-10-10,PETR4,PETR4,18.5,18.98,18.35,18.91,18.91,17804500,18.5,18.98,18.35,18.91,1.0,18.98,18.35,0
2011-10-11,PETR4,PETR4,18.7,19.21,18.55,19.16,19.16,29877800,18.7,19.21,18.55,19.16,1.0,19.21,18.55,0
2011-10-13,PETR4,PETR4,19.4,19.54,18.98,19.39,19.39,27201400,19.4,19.54,18.98,19.39,1.0,19.54,18.98,0
2011-10-14,PETR4,PETR4,19.55,19.7,19.31,19.64,19.64,21037000,19.55,19.7,19.31,19.64,1.0,19.7,19.31,0
2011-10-17,PETR4,PETR4,19.45,19.7,18.98,19.3,19.3,22940100,19.45,19.7,18.98,19.3,1.0,19.7,18.98,0
2011-10-18,PETR4,PETR4,19.2,19.53,19.01,19.45,19.45,22415500,19.2,19.53,19.01,19.45,1.0,19.53,19.01,0
2011-10-19,PETR4,PETR4,19.44,19.49,19.07,19.23,19.23,16457100,19.44,19.49,19.07,19.23,1.0,19.49,19.07,0
2011-10-20,PETR4,PETR4,19.18,19.18,18.62,18.82,18.82,17432400,19.18,19.18,18.62,18.82,1.0,19.18,18.62,0
2011-10-21,PETR4,PETR4,18.96,19.38,18.93,19.27,19.27,18838000,18.96,19.38,18.93,19.27,1.0,19.38,18.93,0
2011-10-24,PETR4,PETR4,19.4,19.89,19.24,19.78,19.78,21882000,19.4,19.89,19.24,19.78,1.0,19.89,19.24,0
2011-10-25,PETR4,PETR4,19.65,20.13,19.54,19.93,19.93,21919800,19.65,20.13,19.54,19.93,1.0,20.13,19.54,0
2011-10-26,PETR4,PETR4,20.15,20.25,19.86,20.08,20.08,15860200,20.15,20.25,19.86,20.08,1.0,20.25,19.86,0
2011-10-27,PETR4,PETR4,20.67,21.24,20.55,20.94,20.94,39189100,20.67,21.24,20.55,20.94,1.0,21.24,20.55,0
2011-10-28,PETR4,PETR4,20.85,21.58,20.78,21.58,21.58,30889300,20.85,21.58,20.78,21.58,1.0,21.58,20.78,0
2011-10-31,PETR4,PETR4,21.65,21.98,21.26,21.32,21.32,31224100,21.65,21.98,21.26,21.32,1.0,21.98,21.26,0
2011-11-01,PETR4,PETR4,20.4,21.25,20.4,21.13,21.13,28048400,20.4,21.25,20.4,21.13,1.0,21.25,20.4,0
2011-11-03,PETR4,PETR4,21.56,21.97,21.32,21.92,21.92,24221300,21.56,21.97,21.32,21.92,1.0,21.97,21.32,0
2011-11-04,PETR4,PETR4,21.73,22.18,21.71,22.1,22.1,19253700,21.73,22.18,21.71,22.1,1.0,22.18,21.71,0
2011-11-07,PETR4,PETR4,22.05,22.78,21.97,22.68,22.68,25594800,22.05,22.78,21.97,22.68,1.0,22.78,21.97,0
2011-11-08,PETR4,PETR4,22.8,22.94,22.32,22.41,22.41,22335000,22.8,22.94,22.32,22.41,1.0,22.94,22.32,0
2011-11-09,PETR4,PETR4,22.01,22.19,21.44,21.46,21.46,28020500,22.01,22.19,21.44,21.46,1.0,22.19,21.44,0
2011-11-10,PETR4,PETR4,21.75,21.9,21.51,21.51,21.51,15587300,21.75,21.9,21.51,21.51,1.0,21.9,21.51,0
2011-11-11,PETR4,PETR4,21.89,22.15,21.79,21.96,21.96,16763900,21.89,22.15,21.79,21.96,1.0,22.15,21.79,0
2011-11-14,PETR4,PETR4,21.86,22.05,21.63,21.92,21.92,12978800,21.86,22.05,21.63,21.92,1.0,22.05,21.63,0
2011-11-16,PETR4,PETR4,21.96,22.22,21.72,22.11,22.11,21053600,21.96,22.22,21.72,22.11,1.0,22.22,21.72,0
2011-11-17,PETR4,PETR4,21.96,22.12,21.49,21.52,21.52,22650300,21.96,22.12,21.49,21.52,1.0,22.12,21.49,0
2011-11-18,PETR4,PETR4,21.7,21.87,21.47,21.75,21.75,20200300,21.7,21.87,21.47,21.75,1.0,21.87,21.47,0
2011-11-21,PETR4,PETR4,21.41,21.85,21.31,21.8,21.8,33185200,21.41,21.85,21.31,21.8,1.0,21.85,21.31,0
2011-11-22,PETR4,PETR4,21.74,21.98,21.62,21.68,21.68,19948100,21.74,21.98,21.62,21.68,1.0,21.98,21.62,0
2011-11-23,PETR4,PETR4,21.49,21.68,21.44,21.57,21.57,16934200,21.49,21.68,21.44,21.57,1.0,21.68,21.44,0
2011-11-24,PETR4,PETR4,21.74,21.8,21.53,21.67,21.67,10295600,21.74,21.8,21.53,21.67,1.0,21.8,21.53,0
2011-11-25,PETR4,PETR4,21.48,21.65,21.01,21.01,21.01,19944000,21.48,21.65,21.01,21.01,1.0,21.65,21.01,0
2011-11-28,PETR4,PETR4,21.51,21.68,21.36,21.5,21.5,15103100,21.51,21.68,21.36,21.5,1.0,21.68,21.36,0
2011-11-29,PETR4,PETR4,21.52,21.89,21.32,21.41,21.41,21842100,21.52,21.89,21.32,21.41,1.0,21.89,21.32,0
2011-11-30,PETR4,PETR4,21.8,22.22,21.68,22.05,22.05,29761500,21.8,22.22,21.68,22.05,1.0,22.22,21.68,0
2011-12-01,PETR4,PETR4,22.33,22.53,22.13,22.52,22.52,22397400,22.33,22.53,22.13,22.52,1.0,22.53,22.13,0
2011-12-02,PETR4,PETR4,22.62,22.73,22.35,22.53,22.53,17623500,22.62,22.73,22.35,22.53,1.0,22.73,22.35,0
2011-12-05,PETR4,PETR4,22.74,23.12,22.64,22.97,22.97,19158100,22.74,23.12,22.64,22.97,1.0,23.12,22.64,0
2011-12-06,PETR4,PETR4,22.82,23.36,22.82,23.32,23.32,17290500,22.82,23.36,22.82,23.32,1.0,23.36,22.82,0
2011-12-07,PETR4,PETR4,23.34,23.47,23.01,23.29,23.29,18770300,23.34,23.47,23.01,23.29,1.0,23.47,23.01,0
2011-12-08,PETR4,PETR4,23.35,23.45,22.37,22.52,22.52,25606500,23.35,23.45,22.37,22.52,1.0,23.45,22.37,0
2011-12-09,PETR4,PETR4,22.71,23.15,22.6,23.02,23.02,17701900,22.71,23.15,22.6,23.02,1.0,23.15,22.6,0
2011-12-12,PETR4,PETR4,22.76,22.85,22.18,22.42,22.42,16037300,22.76,22.85,22.18,22.42,1.0,22.85,22.18,0
2011-12-13,PETR4,PETR4,22.59,22.8,22.37,22.42,22.42,23332200,22.59,22.8,22.37,22.42,1.0,22.8,22.37,0
2011-12-14,PETR4,PETR4,22.35,22.45,21.82,21.82,21.82,32981100,22.35,22.45,21.82,21.82,1.0,22.45,21.82,0
2011-12-15,PETR4,PETR4,22.05,22.3,21.47,21.51,21.51,25003300,22.05,22.3,21.47,21.51,1.0,22.3,21.47,0
2011-12-16,PETR4,PETR4,21.6,21.71,21.3,21.3,21.3,21365800,21.6,21.71,21.3,21.3,1.0,21.71,21.3,0
2011-12-19,PETR4,PETR4,21.37,21.62,21.12,21.12,21.12,19364400,21.37,21.62,21.12,21.12,1.0,21.62,21.12,0
2011-12-20,PETR4,PETR4,21.4,22.1,21.31,22.1,22.1,24966900,21.4,22.1,21.31,22.1,1.0,22.1,21.31,0
2011-12-21,PETR4,PETR4,21.9,21.99,21.52,21.92,21.92,18759600,21.9,21.99,21.52,21.92,1.0,21.99,21.52,0
2011-12-22,PETR4,PETR4,22.08,22.3,21.92,22.15,22.15,14156800,22.08,22.3,21.92,22.15,1.0,22.3,21.92,0
2011-12-23,PETR4,PETR4,22.27,22.39,22.17,22.22,22.22,9359400,22.27,22.39,22.17,22.22,1.0,22.39,22.17,0
2011-12-26,PETR4,PETR4,22.3,22.34,22.17,22.17,22.17,2872900,22.3,22.34,22.17,22.17,1.0,22.34,22.17,0
2011-12-27,PETR4,PETR4,22.17,22.32,22.14,22.2,22.2,9349300,22.17,22.32,22.14,22.2,1.0,22.32,22.14,0
2011-12-28,PETR4,PETR4,22.24,22.24,21.42,21.43,21.43,15949100,22.24,22.24,21.42,21.43,1.0,22.24,21.42,0
2011-12-29,PETR4,PETR4,21.59,21.59,21.0,21.49,21.49,21993300,21.59,21.59,21.0,21.49,1.0,21.59,21.0,0
2012-01-02,PETR4,PETR4,21.51,22.12,21.26,21.73,21.73,20482400,21.51,22.12,21.26,21.73,1.0,22.12,21.26,0
2012-01-03,PETR4,PETR4,21.83,22.41,21.81,22.41,22.41,23089200,21.83,22.41,21.81,22.41,1.0,22.41,21.81,0
2012-01-04,PETR4,PETR4,22.18,22.58,21.98,22.57,22.57,19026800,22.18,22.58,21.98,22.57,1.0,22.58,21.98,0
2012-01-05,PETR4,PETR4,22.39,22.61,22.15,22.31,22.31,19589900,22.39,22.61,22.15,22.31,1.0,22.61,22.15,0
2012-01-06,PETR4,PETR4,22.47,22.58,22.25,22.33,22.33,14046800,22.47,22.58,22.25,22.33,1.0,22.58,22.25,0
2012-01-09,PETR4,PETR4,22.44,22.63,22.28,22.63,22.63,15062000,22.44,22.63,22.28,22.63,1.0,22.63,22.28,0
2012-01-10,PETR4,PETR4,22.94,23.02,22.79,22.9,22.9,21242400,22.94,23.02,22.79,22.9,1.0,23.02,22.79,0
2012-01-11,PETR4,PETR4,22.89,23.0,22.65,22.91,22.91,19957300,22.89,23.0,22.65,22.91,1.0,23.0,22.65,0
2012-01-12,PETR4,PETR4,22.99,23.27,22.78,23.08,23.08,28912700,22.99,23.27,22.78,23.08,1.0,23.27,22.78,0
2012-01-13,PETR4,PETR4,22.95,23.1,22.85,23.05,23.05,27233000,22.95,23.1,22.85,23.05,1.0,23.1,22.85,0
2012-01-16,PETR4,PETR4,23.05,23.7,23.02,23.65,23.65,30224700,23.05,23.7,23.02,23.65,1.0,23.7,23.02,0
2012-01-17,PETR4,PETR4,23.97,24.13,23.7,23.8,23.8,27158500,23.97,24.13,23.7,23.8,1.0,24.13,23.7,0
2012-01-18,PETR4,PETR4,23.82,24.46,23.82,24.37,24.37,25905300,23.82,24.46,23.82,24.37,1.0,24.46,23.82,0
2012-01-19,PETR4,PETR4,24.4,24.54,24.21,24.21,24.21,23022600,24.4,24.54,24.21,24.21,1.0,24.54,24.21,0
2012-01-20,PETR4,PETR4,24.1,24.22,23.88,24.22,24.22,16757000,24.1,24.22,23.88,24.22,1.0,24.22,23.88,0
2012-01-23,PETR4,PETR4,24.09,25.49,24.04,25.13,25.13,36685800,24.09,25.49,24.04,25.13,1.0,25.49,24.04,0
2012-01-24,PETR4,PETR4,25.05,25.78,24.95,25.4,25.4,37321300,25.05,25.78,24.95,25.4,1.0,25.78,24.95,0
2012-01-26,PETR4,PETR4,25.73,25.89,24.92,24.92,24.92,30730100,25.73,25.89,24.92,24.92,1.0,25.89,24.92,0
2012-01-27,PETR4,PETR4,25.08,25.15,24.62,24.67,24.67,17821000,25.08,25.15,24.62,24.67,1.0,25.15,24.62,0
2012-01-30,PETR4,PETR4,24.43,24.63,24.35,24.57,24.57,17107300,24.43,24.63,24.35,24.57,1.0,24.63,24.35,0
2012-01-31,PETR4,PETR4,24.75,24.94,24.33,24.57,24.57,29338900,24.75,24.94,24.33,24.57,1.0,24.94,24.33,0
2012-02-01,PETR4,PETR4,24.7,25.17,24.63,24.95,24.95,24547000,24.7,25.17,24.63,24.95,1.0,25.17,24.63,0
2012-02-02,PETR4,PETR4,24.88,25.22,24.45,24.53,24.53,26863500,24.88,25.22,24.45,24.53,1.0,25.22,24.45,0
2012-02-03,PETR4,PETR4,24.47,24.93,24.37,24.61,24.61,20422300,24.47,24.93,24.37,24.61,1.0,24.93,24.37,0
2012-02-06,PETR4,PETR4,24.49,24.86,24.4,24.86,24.86,14563700,24.49,24.86,24.4,24.86,1.0,24.86,24.4,0
2012-02-07,PETR4,PETR4,24.72,25.64,24.72,25.6,25.6,29665500,24.72,25.64,24.72,25.6,1.0,25.64,24.72,0
2012-02-08,PETR4,PETR4,25.65,25.88,25.3,25.43,25.43,24910100,25.65,25.88,25.3,25.43,1.0,25.88,25.3,0
2012-02-09,PETR4,PETR4,25.48,25.74,25.17,25.5,25.5,23841700,25.48,25.74,25.17,25.5,1.0,25.74,25.17,0
2012-02-10,PETR4,PETR4,24.24,24.55,23.5,23.5,23.5,88749600,24.24,24.55,23.5,23.5,1.0,24.55,23.5,0
2012-02-13,PETR4,PETR4,23.8,24.54,23.62,24.36,24.36,46944400,23.8,24.54,23.62,24.36,1.0,24.54,23.62,0
2012-02-14,PETR4,PETR4,24.36,24.36,23.1,23.21,23.21,42587500,24.36,24.36,23.1,23.21,1.0,24.36,23.1,0
2012-02-15,PETR4,PETR4,23.49,23.59,22.71,23.1,23.1,40330300,23.49,23.59,22.71,23.1,1.0,23.59,22.71,0
2012-02-16,PETR4,PETR4,22.95,23.93,22.83,23.88,23.88,36945200,22.95,23.93,22.83,23.88,1.0,23.93,22.83,0
2012-02-17,PETR4,PETR4,24.1,24.15,23.65,24.05,24.05,24413200,24.1,24.15,23.65,24.05,1.0,24.15,23.65,0
2012-02-22,PETR4,PETR4,23.92,24.13,23.74,23.89,23.89,17320400,23.92,24.13,23.74,23.89,1.0,24.13,23.74,0
2012-02-23,PETR4,PETR4,23.68,24.09,23.67,23.92,23.92,21128600,23.68,24.09,23.67,23.92,1.0,24.09,23.67,0
2012-02-24,PETR4,PETR4,24.15,24.59,24.11,24.48,24.48,23858900,24.15,24.59,24.11,24.48,1.0,24.59,24.11,0
2012-02-27,PETR4,PETR4,24.65,24.92,24.29,24.35,24.35,30353700,24.65,24.92,24.29,24.35,1.0,24.92,24.29,0
2012-02-28,PETR4,PETR4,24.51,24.69,24.33,24.33,24.33,23612300,24.51,24.69,24.33,24.33,1.0,24.69,24.33,0
2012-02-29,PETR4,PETR4,24.5,24.64,24.24,24.31,24.31,23821100,24.5,24.64,24.24,24.31,1.0,24.64,24.24,0
2012-03-01,PETR4,PETR4,24.51,24.88,24.46,24.88,24.88,18818000,24.51,24.88,24.46,24.88,1.0,24.88,24.46,0
2012-03-02,PETR4,PETR4,24.94,25.3,24.86,25.3,25.3,20182200,24.94,25.3,24.86,25.3,1.0,25.3,24.86,0
2012-03-05,PETR4,PETR4,25.15,25.24,24.45,24.59,24.59,22848700,25.15,25.24,24.45,24.59,1.0,25.24,24.45,0
2012-03-06,PETR4,PETR4,24.1,24.13,23.59,23.75,23.75,25331400,24.1,24.13,23.59,23.75,1.0,24.13,23.59,0
2012-03-07,PETR4,PETR4,24.05,24.15,23.76,23.98,23.98,16509700,24.05,24.15,23.76,23.98,1.0,24.15,23.76,0
2012-03-08,PETR4,PETR4,24.42,24.45,23.91,24.09,24.09,13942400,24.42,24.45,23.91,24.09,1.0,24.45,23.91,0
2012-03-09,PETR4,PETR4,24.1,24.25,23.71,23.71,23.71,15027400,24.1,24.25,23.71,23.71,1.0,24.25,23.71,0
2012-03-12,PETR4,PETR4,23.55,23.76,23.36,23.43,23.43,14008500,23.55,23.76,23.36,23.43,1.0,23.76,23.36,0
2012-03-13,PETR4,PETR4,23.65,24.43,23.48,24.43,24.43,27353600,23.65,24.43,23.48,24.43,1.0,24.43,23.48,0
2012-03-14,PETR4,PETR4,24.4,25.08,24.28,24.83,24.83,34939400,24.4,25.08,24.28,24.83,1.0,25.08,24.28,0
2012-03-15,PETR4,PETR4,24.68,24.99,24.17,24.22,24.22,26950600,24.68,24.99,24.17,24.22,1.0,24.99,24.17,0
2012-03-16,PETR4,PETR4,24.25,24.45,23.62,24.35,24.35,38884000,24.25,24.45,23.62,24.35,1.0,24.45,23.62,0
2012-03-19,PETR4,PETR4,24.27,24.67,24.02,24.51,24.51,37953900,24.27,24.67,24.02,24.51,1.0,24.67,24.02,0
2012-03-20,PETR4,PETR4,24.01,24.31,23.97,24.27,24.27,17688400,24.01,24.31,23.97,24.27,1.0,24.31,23.97,0
2012-03-21,PETR4,PETR4,24.21,24.4,24.07,24.11,24.11,12555000,24.21,24.4,24.07,24.11,1.0,24.4,24.07,0
2012-03-22,PETR4,PETR4,23.99,24.05,23.7,23.8,23.8,16599000,23.99,24.05,23.7,23.8,1.0,24.05,23.7,0
2012-03-23,PETR4,PETR4,23.93,24.1,23.67,23.7,23.7,16273300,23.93,24.1,23.67,23.7,1.0,24.1,23.67,0
2012-03-26,PETR4,PETR4,23.94,24.28,23.86,24.21,24.21,14842000,23.94,24.28,23.86,24.21,1.0,24.28,23.86,0
2012-03-27,PETR4,PETR4,24.21,24.29,23.8,23.8,23.8,20774200,24.21,24.29,23.8,23.8,1.0,24.29,23.8,0
2012-03-28,PETR4,PETR4,23.79,23.8,23.21,23.39,23.39,19867300,23.79,23.8,23.21,23.39,1.0,23.8,23.21,0
2012-03-29,PETR4,PETR4,23.21,23.4,22.93,23.32,23.32,23639300,23.21,23.4,22.93,23.32,1.0,23.4,22.93,0
2012-03-30,PETR4,PETR4,23.5,23.54,23.11,23.35,23.35,17821100,23.5,23.54,23.11,23.35,1.0,23.54,23.11,0
2012-04-02,PETR4,PETR4,23.28,23.6,23.02,23.23,23.23,18106300,23.28,23.6,23.02,23.23,1.0,23.6,23.02,0
2012-04-03,PETR4,PETR4,23.22,23.3,22.52,22.55,22.55,20918200,23.22,23.3,22.52,22.55,1.0,23.3,22.52,0
2012-04-04,PETR4,PETR4,22.26,22.36,21.76,21.76,21.76,24181800,22.26,22.36,21.76,21.76,1.0,22.36,21.76,0
2012-04-05,PETR4,PETR4,21.82,22.18,21.66,22.0,22.0,20454400,21.82,22.18,21.66,22.0,1.0,22.18,21.66,0
2012-04-09,PETR4,PETR4,21.76,21.87,21.51,21.59,21.59,14499100,21.76,21.87,21.51,21.59,1.0,21.87,21.51,0
2012-04-10,PETR4,PETR4,21.5,21.71,21.01,21.19,21.19,19889700,21.5,21.71,21.01,21.19,1.0,21.71,21.01,0
2012-04-11,PETR4,PETR4,21.45,21.59,21.27,21.35,21.35,24860000,21.45,21.59,21.27,21.35,1.0,21.59,21.27,0
2012-04-12,PETR4,PETR4,21.51,22.08,21.38,22.01,22.01,19349100,21.51,22.08,21.38,22.01,1.0,22.08,21.38,0
2012-04-13,PETR4,PETR4,21.88,22.05,21.55,21.67,21.67,19721500,21.88,22.05,21.55,21.67,1.0,22.05,21.55,0
2012-04-16,PETR4,PETR4,21.83,21.93,21.35,21.51,21.51,16286500,21.83,21.93,21.35,21.51,1.0,21.93,21.35,0
2012-04-17,PETR4,PETR4,21.78,21.78,21.38,21.58,21.58,16589200,21.78,21.78,21.38,21.58,1.0,21.78,21.38,0
2012-04-18,PETR4,PETR4,21.55,21.86,21.27,21.76,21.76,23277400,21.55,21.86,21.27,21.76,1.0,21.86,21.27,0
2012-04-19,PETR4,PETR4,21.63,21.9,21.45,21.45,21.45,11811000,21.63,21.9,21.45,21.45,1.0,21.9,21.45,0
2012-04-20,PETR4,PETR4,21.62,21.79,21.46,21.46,21.46,8777600,21.62,21.79,21.46,21.46,1.0,21.79,21.46,0
2012-04-23,PETR4,PETR4,21.21,21.3,21.05,21.28,21.28,15627100,21.21,21.3,21.05,21.28,1.0,21.3,21.05,0
2012-04-24,PETR4,PETR4,21.33,21.39,21.11,21.24,21.24,13745200,21.33,21.39,21.11,21.24,1.0,21.39,21.11,0
2012-04-25,PETR4,PETR4,21.38,21.49,20.81,21.13,21.13,26864800,21.38,21.49,20.81,21.13,1.0,21.49,20.81,0
2012-04-26,PETR4,PETR4,20.9,21.33,20.83,21.24,21.24,22569700,20.9,21.33,20.83,21.24,1.0,21.33,20.83,0
2012-04-27,PETR4,PETR4,21.35,21.35,20.87,20.93,20.93,14901400,21.35,21.35,20.87,20.93,1.0,21.35,20.87,0
2012-04-30,PETR4,PETR4,20.97,21.29,20.88,21.29,21.29,16348200,20.97,21.29,20.88,21.29,1.0,21.29,20.88,0
2012-05-02,PETR4,PETR4,21.26,22.06,21.21,22.0,22.0,27461700,21.26,22.06,21.21,22.0,1.0,22.06,21.21,0
2012-05-03,PETR4,PETR4,21.99,22.25,21.33,21.4,21.4,22620200,21.99,22.25,21.33,21.4,1.0,22.25,21.33,0
2012-05-04,PETR4,PETR4,21.26,21.37,20.2,20.48,20.48,39076400,21.26,21.37,20.2,20.48,1.0,21.37,20.2,0
2012-05-07,PETR4,PETR4,20.45,20.72,20.1,20.58,20.58,23360600,20.45,20.72,20.1,20.58,1.0,20.72,20.1,0
2012-05-08,PETR4,PETR4,20.4,20.49,20.01,20.26,20.26,23563800,20.4,20.49,20.01,20.26,1.0,20.49,20.01,0
2012-05-09,PETR4,PETR4,20.05,20.25,19.78,20.16,20.16,24728100,20.05,20.25,19.78,20.16,1.0,20.25,19.78,0
2012-05-10,PETR4,PETR4,20.3,20.5,19.92,19.92,19.92,19727200,20.3,20.5,19.92,19.92,1.0,20.5,19.92,0
2012-05-11,PETR4,PETR4,19.71,20.05,19.53,19.53,19.53,22670600,19.71,20.05,19.53,19.53,1.0,20.05,19.53,0
2012-05-14,PETR4,PETR4,19.08,19.25,18.9,18.9,18.9,26353600,19.08,19.25,18.9,18.9,1.0,19.25,18.9,0
2012-05-15,PETR4,PETR4,19.0,19.27,18.49,18.49,18.49,32154700,19.0,19.27,18.49,18.49,1.0,19.27,18.49,0
2012-05-16,PETR4,PETR4,19.27,19.6,18.95,19.29,19.29,53760000,19.27,19.6,18.95,19.29,1.0,19.6,18.95,0
2012-05-17,PETR4,PETR4,19.44,19.44,18.43,18.43,18.43,32657400,19.44,19.44,18.43,18.43,1.0,19.44,18.43,0
2012-05-18,PETR4,PETR4,18.6,19.21,18.43,19.07,19.07,30899500,18.6,19.21,18.43,19.07,1.0,19.21,18.43,0
2012-05-21,PETR4,PETR4,19.19,20.4,19.14,20.4,20.4,40505100,19.19,20.4,19.14,20.4,1.0,20.4,19.14,0
2012-05-22,PETR4,PETR4,20.32,20.5,19.7,19.71,19.71,25787300,20.32,20.5,19.7,19.71,1.0,20.5,19.7,0
2012-05-23,PETR4,PETR4,19.66,19.79,18.9,19.23,19.23,26478900,19.66,19.79,18.9,19.23,1.0,19.79,18.9,0
2012-05-24,PETR4,PETR4,19.34,19.56,18.56,18.7,18.7,25024300,19.34,19.56,18.56,18.7,1.0,19.56,18.56,0
2012-05-25,PETR4,PETR4,18.72,19.1,18.53,18.64,18.64,18919100,18.72,19.1,18.53,18.64,1.0,19.1,18.53,0
2012-05-28,PETR4,PETR4,18.95,19.15,18.78,18.79,18.79,9005400,18.95,19.15,18.78,18.79,1.0,19.15,18.78,0
2012-05-29,PETR4,PETR4,18.91,19.22,18.7,18.85,18.85,23428000,18.91,19.22,18.7,18.85,1.0,19.22,18.7,0
2012-05-30,PETR4,PETR4,18.56,18.68,18.32,18.35,18.35,23592700,18.56,18.68,18.32,18.35,1.0,18.68,18.32,0
2012-05-31,PETR4,PETR4,18.48,19.13,18.08,19.13,19.13,30629300,18.48,19.13,18.08,19.13,1.0,19.13,18.08,0
2012-06-01,PETR4,PETR4,18.53,19.02,18.39,18.8,18.8,30781700,18.53,19.02,18.39,18.8,1.0,19.02,18.39,0
2012-06-04,PETR4,PETR4,18.84,19.26,18.68,19.11,19.11,23407000,18.84,19.26,18.68,19.11,1.0,19.26,18.68,0
2012-06-05,PETR4,PETR4,19.21,19.32,18.74,18.8,18.8,20804800,19.21,19.32,18.74,18.8,1.0,19.32,18.74,0
2012-06-06,PETR4,PETR4,19.05,19.32,18.96,19.09,19.09,28786000,19.05,19.32,18.96,19.09,1.0,19.32,18.96,0
2012-06-08,PETR4,PETR4,19.05,19.2,18.66,18.88,18.88,22282100,19.05,19.2,18.66,18.88,1.0,19.2,18.66,0
2012-06-11,PETR4,PETR4,19.11,19.19,18.39,18.39,18.39,23222900,19.11,19.19,18.39,18.39,1.0,19.19,18.39,0
2012-06-12,PETR4,PETR4,18.45,18.67,18.32,18.6,18.6,24686800,18.45,18.67,18.32,18.6,1.0,18.67,18.32,0
2012-06-13,PETR4,PETR4,18.53,18.92,18.4,18.9,18.9,28500800,18.53,18.92,18.4,18.9,1.0,18.92,18.4,0
2012-06-14,PETR4,PETR4,18.55,18.78,18.15,18.17,18.17,41159000,18.55,18.78,18.15,18.17,1.0,18.78,18.15,0
2012-06-15,PETR4,PETR4,18.27,18.55,17.83,18.55,18.55,29502000,18.27,18.55,17.83,18.55,1.0,18.55,17.83,0
2012-06-18,PETR4,PETR4,18.43,19.04,18.21,18.9,18.9,34299500,18.43,19.04,18.21,18.9,1.0,19.04,18.21,0
2012-06-19,PETR4,PETR4,19.0,19.99,18.95,19.65,19.65,49445100,19.0,19.99,18.95,19.65,1.0,19.99,18.95,0
2012-06-20,PETR4,PETR4,19.73,20.15,19.65,19.9,19.9,31445100,19.73,20.15,19.65,19.9,1.0,20.15,19.65,0
2012-06-21,PETR4,PETR4,20.01,20.07,19.27,19.27,19.27,27829700,20.01,20.07,19.27,19.27,1.0,20.07,19.27,0
2012-06-22,PETR4,PETR4,19.4,19.66,19.06,19.55,19.55,21640300,19.4,19.66,19.06,19.55,1.0,19.66,19.06,0
2012-06-25,PETR4,PETR4,18.7,18.89,17.8,17.8,17.8,49359400,18.7,18.89,17.8,17.8,1.0,18.89,17.8,0
2012-06-26,PETR4,PETR4,18.04,18.25,17.76,18.0,18.0,37181900,18.04,18.25,17.76,18.0,1.0,18.25,17.76,0
2012-06-27,PETR4,PETR4,18.0,18.21,17.62,17.64,17.64,21274000,18.0,18.21,17.62,17.64,1.0,18.21,17.62,0
2012-06-28,PETR4,PETR4,17.6,18.0,17.42,17.7,17.7,21559200,17.6,18.0,17.42,17.7,1.0,18.0,17.42,0
2012-06-29,PETR4,PETR4,18.24,18.33,17.97,18.25,18.25,23294800,18.24,18.33,17.97,18.25,1.0,18.33,17.97,0
2012-07-02,PETR4,PETR4,18.1,18.49,17.97,18.36,18.36,19825000,18.1,18.49,17.97,18.36,1.0,18.49,17.97,0
2012-07-03,PETR4,PETR4,18.52,19.13,18.4,18.99,18.99,29707700,18.52,19.13,18.4,18.99,1.0,19.13,18.4,0
2012-07-04,PETR4,PETR4,18.89,19.22,18.79,18.95,18.95,12285300,18.89,19.22,18.79,18.95,1.0,19.22,18.79,0
2012-07-05,PETR4,PETR4,19.1,19.79,19.05,19.6,19.6,36300600,19.1,19.79,19.05,19.6,1.0,19.79,19.05,0
2012-07-06,PETR4,PETR4,19.35,19.5,19.1,19.2,19.2,21405600,19.35,19.5,19.1,19.2,1.0,19.5,19.1,0
2012-07-10,PETR4,PETR4,19.1,19.18,18.35,18.39,18.39,30982800,19.1,19.18,18.35,18.39,1.0,19.18,18.35,0
2012-07-11,PETR4,PETR4,18.51,18.8,18.21,18.54,18.54,21830500,18.51,18.8,18.21,18.54,1.0,18.8,18.21,0
2012-07-12,PETR4,PETR4,18.3,18.73,18.04,18.58,18.58,26022600,18.3,18.73,18.04,18.58,1.0,18.73,18.04,0
2012-07-13,PETR4,PETR4,19.55,19.64,19.33,19.55,19.55,51693100,19.55,19.64,19.33,19.55,1.0,19.64,19.33,0
2012-07-16,PETR4,PETR4,19.55,19.76,19.16,19.35,19.35,26758800,19.55,19.76,19.16,19.35,1.0,19.76,19.16,0
2012-07-17,PETR4,PETR4,19.43,19.59,19.12,19.25,19.25,16671500,19.43,19.59,19.12,19.25,1.0,19.59,19.12,0
2012-07-18,PETR4,PETR4,19.15,19.33,18.98,19.33,19.33,17524000,19.15,19.33,18.98,19.33,1.0,19.33,18.98,0
2012-07-19,PETR4,PETR4,19.33,19.77,19.33,19.62,19.62,21019500,19.33,19.77,19.33,19.62,1.0,19.77,19.33,0
2012-07-20,PETR4,PETR4,19.38,19.56,19.11,19.18,19.18,19137600,19.38,19.56,19.11,19.18,1.0,19.56,19.11,0
2012-07-23,PETR4,PETR4,18.87,19.04,18.41,18.96,18.96,21467200,18.87,19.04,18.41,18.96,1.0,19.04,18.41,0
2012-07-24,PETR4,PETR4,19.05,19.2,18.63,18.79,18.79,19658900,19.05,19.2,18.63,18.79,1.0,19.2,18.63,0
2012-07-25,PETR4,PETR4,19.0,19.21,18.75,19.0,19.0,17864700,19.0,19.21,18.75,19.0,1.0,19.21,18.75,0
2012-07-26,PETR4,PETR4,19.26,19.41,19.0,19.26,19.26,20760100,19.26,19.41,19.0,19.26,1.0,19.41,19.0,0
2012-07-27,PETR4,PETR4,19.45,20.18,19.31,20.17,20.17,37845000,19.45,20.18,19.31,20.17,1.0,20.18,19.31,0
2012-07-30,PETR4,PETR4,20.06,20.31,19.81,20.31,20.31,22984100,20.06,20.31,19.81,20.31,1.0,20.31,19.81,0
2012-07-31,PETR4,PETR4,20.31,20.31,19.43,19.5,19.5,38325700,20.31,20.31,19.43,19.5,1.0,20.31,19.43,0
2012-08-01,PETR4,PETR4,19.5,19.92,19.1,19.82,19.82,27806000,19.5,19.92,19.1,19.82,1.0,19.92,19.1,0
2012-08-02,PETR4,PETR4,19.55,20.04,19.41,19.6,19.6,25484300,19.55,20.04,19.41,19.6,1.0,20.04,19.41,0
2012-08-03,PETR4,PETR4,19.98,20.27,19.86,19.94,19.94,31142800,19.98,20.27,19.86,19.94,1.0,20.27,19.86,0
2012-08-06,PETR4,PETR4,19.02,20.26,18.83,19.92,19.92,55640100,19.02,20.26,18.83,19.92,1.0,20.26,18.83,0
2012-08-07,PETR4,PETR4,20.15,20.64,20.07,20.25,20.25,35973400,20.15,20.64,20.07,20.25,1.0,20.64,20.07,0
2012-08-08,PETR4,PETR4,20.39,21.2,20.25,21.18,21.18,41283400,20.39,21.2,20.25,21.18,1.0,21.2,20.25,0
2012-08-09,PETR4,PETR4,20.91,21.13,20.7,21.0,21.0,23966200,20.91,21.13,20.7,21.0,1.0,21.13,20.7,0
2012-08-10,PETR4,PETR4,20.82,21.19,20.75,21.07,21.07,18934600,20.82,21.19,20.75,21.07,1.0,21.19,20.75,0
2012-08-13,PETR4,PETR4,21.02,21.29,20.91,21.03,21.03,19625700,21.02,21.29,20.91,21.03,1.0,21.29,20.91,0
2012-08-14,PETR4,PETR4,21.15,21.35,20.81,20.84,20.84,20059200,21.15,21.35,20.81,20.84,1.0,21.35,20.81,0
2012-08-15,PETR4,PETR4,20.78,21.11,20.74,21.05,21.05,27729200,20.78,21.11,20.74,21.05,1.0,21.11,20.74,0
2012-08-16,PETR4,PETR4,21.3,21.53,21.14,21.46,21.46,21906500,21.3,21.53,21.14,21.46,1.0,21.53,21.14,0
2012-08-17,PETR4,PETR4,21.57,21.6,21.32,21.55,21.55,17723400,21.57,21.6,21.32,21.55,1.0,21.6,21.32,0
2012-08-20,PETR4,PETR4,21.49,21.71,21.4,21.58,21.58,31775700,21.49,21.71,21.4,21.58,1.0,21.71,21.4,0
2012-08-21,PETR4,PETR4,21.86,21.88,21.16,21.24,21.24,30343800,21.86,21.88,21.16,21.24,1.0,21.88,21.16,0
2012-08-22,PETR4,PETR4,21.12,21.53,21.03,21.49,21.49,21066100,21.12,21.53,21.03,21.49,1.0,21.53,21.03,0
2012-08-23,PETR4,PETR4,21.4,21.51,21.14,21.28,21.28,17024700,21.4,21.51,21.14,21.28,1.0,21.51,21.14,0
2012-08-24,PETR4,PETR4,21.1,21.49,21.05,21.23,21.23,23325800,21.1,21.49,21.05,21.23,1.0,21.49,21.05,0
2012-08-27,PETR4,PETR4,21.27,21.39,21.03,21.37,21.37,14738800,21.27,21.39,21.03,21.37,1.0,21.39,21.03,0
2012-08-28,PETR4,PETR4,21.26,21.49,21.26,21.34,21.34,12603500,21.26,21.49,21.26,21.34,1.0,21.49,21.26,0
2012-08-29,PETR4,PETR4,21.49,21.52,21.1,21.21,21.21,19397900,21.49,21.52,21.1,21.21,1.0,21.52,21.1,0
2012-08-30,PETR4,PETR4,21.09,21.26,20.9,21.04,21.04,15423600,21.09,21.26,20.9,21.04,1.0,21.26,20.9,0
2012-08-31,PETR4,PETR4,21.15,21.21,20.75,20.75,20.75,24108200,21.15,21.21,20.75,20.75,1.0,21.21,20.75,0
2012-09-03,PETR4,PETR4,20.77,20.87,20.5,20.68,20.68,10039200,20.77,20.87,20.5,20.68,1.0,20.87,20.5,0
2012-09-04,PETR4,PETR4,20.63,20.74,20.38,20.43,20.43,14169700,20.63,20.74,20.38,20.43,1.0,20.74,20.38,0
2012-09-05,PETR4,PETR4,20.55,20.7,20.28,20.59,20.59,13349500,20.55,20.7,20.28,20.59,1.0,20.7,20.28,0
2012-09-06,PETR4,PETR4,20.67,21.14,20.6,21.0,21.0,18712100,20.67,21.14,20.6,21.0,1.0,21.14,20.6,0
2012-09-10,PETR4,PETR4,21.44,21.54,21.14,21.23,21.23,22839000,21.44,21.54,21.14,21.23,1.0,21.54,21.14,0
2012-09-11,PETR4,PETR4,21.27,21.76,21.25,21.72,21.72,19003800,21.27,21.76,21.25,21.72,1.0,21.76,21.25,0
2012-09-12,PETR4,PETR4,21.81,22.07,21.68,21.99,21.99,27500100,21.81,22.07,21.68,21.99,1.0,22.07,21.68,0
2012-09-13,PETR4,PETR4,21.94,23.06,21.81,22.9,22.9,40284100,21.94,23.06,21.81,22.9,1.0,23.06,21.81,0
2012-09-14,PETR4,PETR4,23.07,23.84,23.05,23.3,23.3,46463700,23.07,23.84,23.05,23.3,1.0,23.84,23.05,0
2012-09-17,PETR4,PETR4,23.17,23.69,22.86,23.25,23.25,30364400,23.17,23.69,22.86,23.25,1.0,23.69,22.86,0
2012-09-18,PETR4,PETR4,23.34,23.44,23.05,23.2,23.2,16679700,23.34,23.44,23.05,23.2,1.0,23.44,23.05,0
2012-09-19,PETR4,PETR4,23.15,23.34,22.65,22.67,22.67,29538000,23.15,23.34,22.65,22.67,1.0,23.34,22.65,0
2012-09-20,PETR4,PETR4,22.54,23.2,22.42,22.93,22.93,21080000,22.54,23.2,22.42,22.93,1.0,23.2,22.42,0
2012-09-21,PETR4,PETR4,23.15,23.25,22.7,22.7,22.7,18749000,23.15,23.25,22.7,22.7,1.0,23.25,22.7,0
2012-09-24,PETR4,PETR4,22.66,22.96,22.55,22.96,22.96,18096300,22.66,22.96,22.55,22.96,1.0,22.96,22.55,0
2012-09-25,PETR4,PETR4,22.96,23.1,22.6,22.74,22.74,25164100,22.96,23.1,22.6,22.74,1.0,23.1,22.6,0
2012-09-26,PETR4,PETR4,22.52,22.82,22.46,22.77,22.77,18642400,22.52,22.82,22.46,22.77,1.0,22.82,22.46,0
2012-09-27,PETR4,PETR4,22.9,22.99,22.69,22.71,22.71,18272300,22.9,22.99,22.69,22.71,1.0,22.99,22.69,0
2012-09-28,PETR4,PETR4,22.55,22.65,22.2,22.37,22.37,18677900,22.55,22.65,22.2,22.37,1.0,22.65,22.2,0
2012-10-01,PETR4,PETR4,22.33,22.84,22.31,22.51,22.51,15591000,22.33,22.84,22.31,22.51,1.0,22.84,22.31,0
2012-10-02,PETR4,PETR4,22.67,22.8,22.34,22.7,22.7,15707300,22.67,22.8,22.34,22.7,1.0,22.8,22.34,0
2012-10-03,PETR4,PETR4,22.76,22.88,22.28,22.34,22.34,22533600,22.76,22.88,22.28,22.34,1.0,22.88,22.28,0
2012-10-04,PETR4,PETR4,22.36,22.57,22.02,22.4,22.4,22375300,22.36,22.57,22.02,22.4,1.0,22.57,22.02,0
2012-10-05,PETR4,PETR4,22.68,22.68,22.2,22.25,22.25,14671700,22.68,22.68,22.2,22.25,1.0,22.68,22.2,0
2012-10-08,PETR4,PETR4,22.1,22.49,22.1,22.41,22.41,13292600,22.1,22.49,22.1,22.41,1.0,22.49,22.1,0
2012-10-09,PETR4,PETR4,22.45,22.6,22.19,22.22,22.22,17104100,22.45,22.6,22.19,22.22,1.0,22.6,22.19,0
2012-10-10,PETR4,PETR4,22.27,22.4,22.11,22.12,22.12,16053900,22.27,22.4,22.11,22.12,1.0,22.4,22.11,0
2012-10-11,PETR4,PETR4,22.27,22.6,22.2,22.5,22.5,22054600,22.27,22.6,22.2,22.5,1.0,22.6,22.2,0
2012-10-15,PETR4,PETR4,22.55,22.81,22.43,22.8,22.8,23171500,22.55,22.81,22.43,22.8,1.0,22.81,22.43,0
2012-10-16,PETR4,PETR4,22.94,23.1,22.54,22.8,22.8,21716400,22.94,23.1,22.54,22.8,1.0,23.1,22.54,0
2012-10-17,PETR4,PETR4,22.74,22.88,22.55,22.62,22.62,27176000,22.74,22.88,22.55,22.62,1.0,22.88,22.55,0
2012-10-18,PETR4,PETR4,22.55,22.65,22.3,22.5,22.5,30325000,22.55,22.65,22.3,22.5,1.0,22.65,22.3,0
2012-10-19,PETR4,PETR4,22.53,22.6,22.25,22.25,22.25,19987600,22.53,22.6,22.25,22.25,1.0,22.6,22.25,0
2012-10-22,PETR4,PETR4,22.33,22.55,22.01,22.05,22.05,19212700,22.33,22.55,22.01,22.05,1.0,22.55,22.01,0
2012-10-23,PETR4,PETR4,21.94,21.97,21.5,21.67,21.67,25921300,21.94,21.97,21.5,21.67,1.0,21.97,21.5,0
2012-10-24,PETR4,PETR4,21.73,21.81,21.54,21.54,21.54,10921300,21.73,21.81,21.54,21.54,1.0,21.81,21.54,0
2012-10-25,PETR4,PETR4,21.71,22.03,21.64,21.75,21.75,11681200,21.71,22.03,21.64,21.75,1.0,22.03,21.64,0
2012-10-26,PETR4,PETR4,21.69,22.41,21.61,22.1,22.1,25747300,21.69,22.41,21.61,22.1,1.0,22.41,21.61,0
2012-10-29,PETR4,PETR4,21.5,21.6,21.17,21.35,21.35,20295900,21.5,21.6,21.17,21.35,1.0,21.6,21.17,0
2012-10-30,PETR4,PETR4,21.4,21.68,21.4,21.53,21.53,8471800,21.4,21.68,21.4,21.53,1.0,21.68,21.4,0
2012-10-31,PETR4,PETR4,21.63,21.72,20.8,20.8,20.8,29805900,21.63,21.72,20.8,20.8,1.0,21.72,20.8,0
2012-11-01,PETR4,PETR4,20.92,21.06,20.68,20.85,20.85,22638800,20.92,21.06,20.68,20.85,1.0,21.06,20.68,0
2012-11-05,PETR4,PETR4,20.63,21.25,20.43,21.24,21.24,22746700,20.63,21.25,20.43,21.24,1.0,21.25,20.43,0
2012-11-06,PETR4,PETR4,21.44,21.8,21.27,21.68,21.68,21288700,21.44,21.8,21.27,21.68,1.0,21.8,21.27,0
2012-11-07,PETR4,PETR4,21.62,21.72,21.04,21.18,21.18,23550600,21.62,21.72,21.04,21.18,1.0,21.72,21.04,0
2012-11-08,PETR4,PETR4,21.2,21.35,20.57,20.61,20.61,22964500,21.2,21.35,20.57,20.61,1.0,21.35,20.57,0
2012-11-09,PETR4,PETR4,20.55,21.11,20.52,20.78,20.78,20890300,20.55,21.11,20.52,20.78,1.0,21.11,20.52,0
2012-11-12,PETR4,PETR4,20.83,20.96,20.44,20.44,20.44,16826600,20.83,20.96,20.44,20.44,1.0,20.96,20.44,0
2012-11-13,PETR4,PETR4,20.44,20.67,20.28,20.47,20.47,25631500,20.44,20.67,20.28,20.47,1.0,20.67,20.28,0
2012-11-14,PETR4,PETR4,20.29,20.54,19.66,19.8,19.8,28280900,20.29,20.54,19.66,19.8,1.0,20.54,19.66,0
2012-11-16,PETR4,PETR4,19.67,19.8,18.84,19.03,19.03,33874400,19.67,19.8,18.84,19.03,1.0,19.8,18.84,0
2012-11-19,PETR4,PETR4,19.44,19.62,19.13,19.13,19.13,22436000,19.44,19.62,19.13,19.13,1.0,19.62,19.13,0
2012-11-21,PETR4,PETR4,19.47,19.56,18.62,18.62,18.62,32393400,19.47,19.56,18.62,18.62,1.0,19.56,18.62,0
2012-11-22,PETR4,PETR4,18.81,18.95,18.45,18.65,18.65,16757000,18.81,18.95,18.45,18.65,1.0,18.95,18.45,0
2012-11-23,PETR4,PETR4,18.65,19.18,18.5,19.17,19.17,19514100,18.65,19.18,18.5,19.17,1.0,19.18,18.5,0
2012-11-26,PETR4,PETR4,19.13,19.13,18.7,18.82,18.82,18004000,19.13,19.13,18.7,18.82,1.0,19.13,18.7,0
2012-11-27,PETR4,PETR4,18.92,19.29,18.48,18.51,18.51,31833300,18.92,19.29,18.48,18.51,1.0,19.29,18.48,0
2012-11-28,PETR4,PETR4,18.44,18.83,18.35,18.65,18.65,25941300,18.44,18.83,18.35,18.65,1.0,18.83,18.35,0
2012-11-29,PETR4,PETR4,19.0,19.15,18.74,19.15,19.15,26702100,19.0,19.15,18.74,19.15,1.0,19.15,18.74,0
2012-11-30,PETR4,PETR4,19.09,19.28,18.51,18.66,18.66,37179700,19.09,19.28,18.51,18.66,1.0,19.28,18.51,0
2012-12-03,PETR4,PETR4,18.88,19.04,18.71,19.0,19.0,21174100,18.88,19.04,18.71,19.0,1.0,19.04,18.71,0
2012-12-04,PETR4,PETR4,19.04,19.14,18.76,18.82,18.82,24541800,19.04,19.14,18.76,18.82,1.0,19.14,18.76,0
2012-12-05,PETR4,PETR4,19.0,19.01,18.74,18.94,18.94,16822600,19.0,19.01,18.74,18.94,1.0,19.01,18.74,0
2012-12-06,PETR4,PETR4,18.92,18.98,18.7,18.7,18.7,21476900,18.92,18.98,18.7,18.7,1.0,18.98,18.7,0
2012-12-07,PETR4,PETR4,18.77,19.1,18.66,19.08,19.08,17573000,18.77,19.1,18.66,19.08,1.0,19.1,18.66,0
2012-12-10,PETR4,PETR4,19.04,19.57,18.94,19.57,19.57,23131600,19.04,19.57,18.94,19.57,1.0,19.57,18.94,0
2012-12-11,PETR4,PETR4,19.67,19.99,19.61,19.99,19.99,27429800,19.67,19.99,19.61,19.99,1.0,19.99,19.61,0
2012-12-12,PETR4,PETR4,19.93,20.05,19.68,19.85,19.85,34706800,19.93,20.05,19.68,19.85,1.0,20.05,19.68,0
2012-12-13,PETR4,PETR4,19.73,19.83,19.5,19.57,19.57,32701400,19.73,19.83,19.5,19.57,1.0,19.83,19.5,0
2012-12-14,PETR4,PETR4,19.59,20.28,19.53,20.21,20.21,44756300,19.59,20.28,19.53,20.21,1.0,20.28,19.53,0
2012-12-17,PETR4,PETR4,20.08,20.14,19.8,19.92,19.92,28421900,20.08,20.14,19.8,19.92,1.0,20.14,19.8,0
2012-12-18,PETR4,PETR4,19.86,20.26,19.85,20.17,20.17,24685000,19.86,20.26,19.85,20.17,1.0,20.26,19.85,0
2012-12-19,PETR4,PETR4,20.4,20.99,20.4,20.93,20.93,48430400,20.4,20.99,20.4,20.93,1.0,20.99,20.4,0
2012-12-20,PETR4,PETR4,20.87,21.09,20.63,21.05,21.05,25639600,20.87,21.09,20.63,21.05,1.0,21.09,20.63,0
2012-12-21,PETR4,PETR4,20.66,20.74,20.39,20.69,20.69,29390200,20.66,20.74,20.39,20.69,1.0,20.74,20.39,0
2012-12-26,PETR4,PETR4,20.54,20.68,20.06,20.06,20.06,24075000,20.54,20.68,20.06,20.06,1.0,20.68,20.06,0
2012-12-27,PETR4,PETR4,20.06,20.17,19.35,19.41,19.41,29297000,20.06,20.17,19.35,19.41,1.0,20.17,19.35,0
2012-12-28,PETR4,PETR4,19.5,19.63,19.3,19.52,19.52,28368600,19.5,19.63,19.3,19.52,1.0,19.63,19.3,0
2013-01-02,PETR4,PETR4,19.99,20.21,19.69,19.69,19.69,30182600,19.99,20.21,19.69,19.69,1.0,20.21,19.69,0
2013-01-03,PETR4,PETR4,19.81,20.4,19.7,20.4,20.4,30552600,19.81,20.4,19.7,20.4,1.0,20.4,19.7,0
2013-01-04,PETR4,PETR4,20.33,20.62,20.17,20.48,20.48,36141000,20.33,20.62,20.17,20.48,1.0,20.62,20.17,0
2013-01-07,PETR4,PETR4,20.48,20.67,19.95,20.08,20.08,28069600,20.48,20.67,19.95,20.08,1.0,20.67,19.95,0
2013-01-08,PETR4,PETR4,20.11,20.23,19.46,19.5,19.5,29091300,20.11,20.23,19.46,19.5,1.0,20.23,19.46,0
2013-01-09,PETR4,PETR4,19.64,19.87,19.46,19.68,19.68,24361100,19.64,19.87,19.46,19.68,1.0,19.87,19.46,0
2013-01-10,PETR4,PETR4,19.77,19.88,19.54,19.83,19.83,17526200,19.77,19.88,19.54,19.83,1.0,19.88,19.54,0
2013-01-11,PETR4,PETR4,19.85,20.04,19.7,19.88,19.88,18221600,19.85,20.04,19.7,19.88,1.0,20.04,19.7,0
2013-01-14,PETR4,PETR4,20.01,20.24,19.76,19.85,19.85,28302400,20.01,20.24,19.76,19.85,1.0,20.24,19.76,0
2013-01-15,PETR4,PETR4,20.11,20.15,19.78,19.82,19.82,29633900,20.11,20.15,19.78,19.82,1.0,20.15,19.78,0
2013-01-16,PETR4,PETR4,19.89,19.89,19.6,19.84,19.84,16787800,19.89,19.89,19.6,19.84,1.0,19.89,19.6,0
2013-01-17,PETR4,PETR4,19.86,19.93,19.69,19.71,19.71,19719600,19.86,19.93,19.69,19.71,1.0,19.93,19.69,0
2013-01-18,PETR4,PETR4,19.8,19.89,19.58,19.58,19.58,18913900,19.8,19.89,19.58,19.58,1.0,19.89,19.58,0
2013-01-21,PETR4,PETR4,19.57,19.6,19.27,19.39,19.39,18084200,19.57,19.6,19.27,19.39,1.0,19.6,19.27,0
2013-01-22,PETR4,PETR4,19.42,19.58,19.23,19.58,19.58,23535100,19.42,19.58,19.23,19.58,1.0,19.58,19.23,0
2013-01-23,PETR4,PETR4,19.5,19.63,19.43,19.55,19.55,17200800,19.5,19.63,19.43,19.55,1.0,19.63,19.43,0
2013-01-24,PETR4,PETR4,19.37,19.73,19.37,19.61,19.61,19612600,19.37,19.73,19.37,19.61,1.0,19.73,19.37,0
2013-01-28,PETR4,PETR4,19.73,19.81,19.3,19.37,19.37,20122600,19.73,19.81,19.3,19.37,1.0,19.81,19.3,0
2013-01-29,PETR4,PETR4,19.35,19.37,18.84,19.11,19.11,27097800,19.35,19.37,18.84,19.11,1.0,19.37,18.84,0
2013-01-30,PETR4,PETR4,18.99,18.99,18.17,18.2,18.2,66973800,18.99,18.99,18.17,18.2,1.0,18.99,18.17,0
2013-01-31,PETR4,PETR4,18.26,18.33,17.9,18.08,18.08,33241400,18.26,18.33,17.9,18.08,1.0,18.33,17.9,0
2013-02-01,PETR4,PETR4,18.14,18.65,18.12,18.46,18.46,28860200,18.14,18.65,18.12,18.46,1.0,18.65,18.12,0
2013-02-04,PETR4,PETR4,18.16,18.35,17.89,18.0,18.0,32294300,18.16,18.35,17.89,18.0,1.0,18.35,17.89,0
2013-02-05,PETR4,PETR4,17.28,18.29,17.26,18.08,18.08,77332500,17.28,18.29,17.26,18.08,1.0,18.29,17.26,0
2013-02-06,PETR4,PETR4,17.93,18.0,17.53,17.6,17.6,30886100,17.93,18.0,17.53,17.6,1.0,18.0,17.53,0
2013-02-07,PETR4,PETR4,17.75,17.98,17.32,17.5,17.5,37065900,17.75,17.98,17.32,17.5,1.0,17.98,17.32,0
2013-02-08,PETR4,PETR4,17.55,17.74,17.38,17.74,17.74,31068000,17.55,17.74,17.38,17.74,1.0,17.74,17.38,0
2013-02-13,PETR4,PETR4,17.95,18.0,17.73,17.8,17.8,22328200,17.95,18.0,17.73,17.8,1.0,18.0,17.73,0
2013-02-14,PETR4,PETR4,17.79,17.9,17.58,17.67,17.67,25902900,17.79,17.9,17.58,17.67,1.0,17.9,17.58,0
2013-02-15,PETR4,PETR4,17.61,17.79,17.53,17.63,17.63,25001600,17.61,17.79,17.53,17.63,1.0,17.79,17.53,0
2013-02-18,PETR4,PETR4,17.64,17.9,17.52,17.9,17.9,20291600,17.64,17.9,17.52,17.9,1.0,17.9,17.52,0
2013-02-19,PETR4,PETR4,17.91,18.18,17.89,18.1,18.1,28822000,17.91,18.18,17.89,18.1,1.0,18.18,17.89,0
2013-02-20,PETR4,PETR4,18.1,18.1,17.59,17.62,17.62,25939500,18.1,18.1,17.59,17.62,1.0,18.1,17.59,0
2013-02-21,PETR4,PETR4,17.47,17.57,17.2,17.32,17.32,30380300,17.47,17.57,17.2,17.32,1.0,17.57,17.2,0
2013-02-22,PETR4,PETR4,17.51,17.51,17.01,17.15,17.15,30901800,17.51,17.51,17.01,17.15,1.0,17.51,17.01,0
2013-02-25,PETR4,PETR4,17.05,17.1,16.85,16.95,16.95,30504000,17.05,17.1,16.85,16.95,1.0,17.1,16.85,0
2013-02-26,PETR4,PETR4,16.78,16.86,16.53,16.74,16.74,33403100,16.78,16.86,16.53,16.74,1.0,16.86,16.53,0
2013-02-27,PETR4,PETR4,16.79,16.98,16.64,16.81,16.81,28607500,16.79,16.98,16.64,16.81,1.0,16.98,16.64,0
2013-02-28,PETR4,PETR4,16.76,16.85,16.55,16.61,16.61,27829200,16.76,16.85,16.55,16.61,1.0,16.85,16.55,0
2013-03-01,PETR4,PETR4,16.5,17.02,16.4,16.9,16.9,31519900,16.5,17.02,16.4,16.9,1.0,17.02,16.4,0
2013-03-04,PETR4,PETR4,16.82,17.1,16.5,16.5,16.5,35542300,16.82,17.1,16.5,16.5,1.0,17.1,16.5,0
2013-03-05,PETR4,PETR4,16.63,16.76,16.47,16.56,16.56,31669900,16.63,16.76,16.47,16.56,1.0,16.76,16.47,0
2013-03-06,PETR4,PETR4,17.6,18.27,17.22,18.05,18.05,73898000,17.6,18.27,17.22,18.05,1.0,18.27,17.22,0
2013-03-07,PETR4,PETR4,18.31,19.58,18.31,18.95,18.95,62409400,18.31,19.58,18.31,18.95,1.0,19.58,18.31,0
2013-03-08,PETR4,PETR4,18.79,19.32,18.16,18.37,18.37,30589700,18.79,19.32,18.16,18.37,1.0,19.32,18.16,0
2013-03-11,PETR4,PETR4,18.29,18.97,17.92,18.93,18.93,25088800,18.29,18.97,17.92,18.93,1.0,18.97,17.92,0
2013-03-12,PETR4,PETR4,18.85,19.14,18.63,18.74,18.74,26135700,18.85,19.14,18.63,18.74,1.0,19.14,18.63,0
2013-03-13,PETR4,PETR4,18.81,19.2,18.75,18.76,18.76,31665300,18.81,19.2,18.75,18.76,1.0,19.2,18.75,0
2013-03-14,PETR4,PETR4,18.98,19.38,18.6,19.38,19.38,27172500,18.98,19.38,18.6,19.38,1.0,19.38,18.6,0
2013-03-15,PETR4,PETR4,19.4,19.55,19.01,19.09,19.09,43819400,19.4,19.55,19.01,19.09,1.0,19.55,19.01,0
2013-03-18,PETR4,PETR4,18.9,19.35,18.84,19.2,19.2,40451100,18.9,19.35,18.84,19.2,1.0,19.35,18.84,0
2013-03-19,PETR4,PETR4,19.15,19.32,18.83,19.1,19.1,33822900,19.15,19.32,18.83,19.1,1.0,19.32,18.83,0
2013-03-20,PETR4,PETR4,19.05,19.16,18.68,18.85,18.85,27636600,19.05,19.16,18.68,18.85,1.0,19.16,18.68,0
2013-03-21,PETR4,PETR4,18.72,18.86,18.53,18.53,18.53,21978600,18.72,18.86,18.53,18.53,1.0,18.86,18.53,0
2013-03-22,PETR4,PETR4,18.55,18.71,18.46,18.63,18.63,16137700,18.55,18.71,18.46,18.63,1.0,18.71,18.46,0
2013-03-25,PETR4,PETR4,18.73,18.82,18.42,18.63,18.63,24340200,18.73,18.82,18.42,18.63,1.0,18.82,18.42,0
2013-03-26,PETR4,PETR4,18.73,18.88,18.48,18.59,18.59,15781800,18.73,18.88,18.48,18.59,1.0,18.88,18.48,0
2013-03-27,PETR4,PETR4,18.6,18.61,18.35,18.42,18.42,13305100,18.6,18.61,18.35,18.42,1.0,18.61,18.35,0
2013-03-28,PETR4,PETR4,18.41,18.53,18.22,18.35,18.35,15709100,18.41,18.53,18.22,18.35,1.0,18.53,18.22,0
2013-04-01,PETR4,PETR4,18.27,18.38,18.04,18.04,18.04,15544900,18.27,18.38,18.04,18.04,1.0,18.38,18.04,0
2013-04-02,PETR4,PETR4,18.11,18.2,17.7,17.7,17.7,20565900,18.11,18.2,17.7,17.7,1.0,18.2,17.7,0
2013-04-03,PETR4,PETR4,17.68,18.0,17.68,18.0,18.0,15685100,17.68,18.0,17.68,18.0,1.0,18.0,17.68,0
2013-04-04,PETR4,PETR4,17.95,18.21,17.71,17.72,17.72,19446600,17.95,18.21,17.71,17.72,1.0,18.21,17.71,0
2013-04-05,PETR4,PETR4,17.58,17.91,17.55,17.8,17.8,17060000,17.58,17.91,17.55,17.8,1.0,17.91,17.55,0
2013-04-08,PETR4,PETR4,17.86,17.91,17.34,17.41,17.41,21977500,17.86,17.91,17.34,17.41,1.0,17.91,17.34,0
2013-04-09,PETR4,PETR4,17.48,18.25,17.48,18.15,18.15,30757500,17.48,18.25,17.48,18.15,1.0,18.25,17.48,0
2013-04-10,PETR4,PETR4,18.21,18.65,18.17,18.42,18.42,31780200,18.21,18.65,18.17,18.42,1.0,18.65,18.17,0
2013-04-11,PETR4,PETR4,18.47,18.53,17.87,17.99,17.99,22208500,18.47,18.53,17.87,17.99,1.0,18.53,17.87,0
2013-04-12,PETR4,PETR4,17.94,18.08,17.53,17.96,17.96,27398100,17.94,18.08,17.53,17.96,1.0,18.08,17.53,0
2013-04-15,PETR4,PETR4,17.7,17.83,17.23,17.23,17.23,35788600,17.7,17.83,17.23,17.23,1.0,17.83,17.23,0
2013-04-16,PETR4,PETR4,17.47,17.75,17.43,17.7,17.7,23747400,17.47,17.75,17.43,17.7,1.0,17.75,17.43,0
2013-04-17,PETR4,PETR4,17.44,17.6,16.98,17.17,17.17,39388400,17.44,17.6,16.98,17.17,1.0,17.6,16.98,0
2013-04-18,PETR4,PETR4,17.32,17.94,17.12,17.82,17.82,28503000,17.32,17.94,17.12,17.82,1.0,17.94,17.12,0
2013-04-19,PETR4,PETR4,18.15,18.48,17.95,18.48,18.48,38352400,18.15,18.48,17.95,18.48,1.0,18.48,17.95,0
2013-04-22,PETR4,PETR4,18.37,18.78,18.17,18.77,18.77,24193600,18.37,18.78,18.17,18.77,1.0,18.78,18.17,0
2013-04-23,PETR4,PETR4,18.71,19.52,18.66,19.18,19.18,34735500,18.71,19.52,18.66,19.18,1.0,19.52,18.66,0
2013-04-24,PETR4,PETR4,19.06,19.66,19.01,19.45,19.45,33313000,19.06,19.66,19.01,19.45,1.0,19.66,19.01,0
2013-04-25,PETR4,PETR4,19.47,19.69,19.14,19.2,19.2,35164600,19.47,19.69,19.14,19.2,1.0,19.69,19.14,0
2013-04-26,PETR4,PETR4,19.1,19.52,19.1,19.29,19.29,27492600,19.1,19.52,19.1,19.29,1.0,19.52,19.1,0
2013-04-29,PETR4,PETR4,20.0,20.58,19.94,20.35,20.35,70739800,20.0,20.58,19.94,20.35,1.0,20.58,19.94,0
2013-04-30,PETR4,PETR4,19.65,20.09,19.44,20.09,20.09,45900400,19.65,20.09,19.44,20.09,1.0,20.09,19.44,0
2013-05-02,PETR4,PETR4,19.85,20.63,19.85,20.25,20.25,33746700,19.85,20.63,19.85,20.25,1.0,20.63,19.85,0
2013-05-03,PETR4,PETR4,20.49,20.66,19.89,20.0,20.0,43006300,20.49,20.66,19.89,20.0,1.0,20.66,19.89,0
2013-05-06,PETR4,PETR4,20.01,20.35,19.82,20.35,20.35,31141800,20.01,20.35,19.82,20.35,1.0,20.35,19.82,0
2013-05-07,PETR4,PETR4,20.4,20.74,20.28,20.62,20.62,26392200,20.4,20.74,20.28,20.62,1.0,20.74,20.28,0
2013-05-08,PETR4,PETR4,20.75,20.82,20.22,20.29,20.29,24409000,20.75,20.82,20.22,20.29,1.0,20.82,20.22,0
2013-05-09,PETR4,PETR4,20.25,20.52,20.09,20.24,20.24,22864300,20.25,20.52,20.09,20.24,1.0,20.52,20.09,0
2013-05-10,PETR4,PETR4,20.16,20.39,19.71,19.95,19.95,22031200,20.16,20.39,19.71,19.95,1.0,20.39,19.71,0
2013-05-13,PETR4,PETR4,19.81,19.85,19.39,19.39,19.39,21577600,19.81,19.85,19.39,19.39,1.0,19.85,19.39,0
2013-05-14,PETR4,PETR4,19.53,19.68,19.25,19.55,19.55,30643700,19.53,19.68,19.25,19.55,1.0,19.68,19.25,0
2013-05-15,PETR4,PETR4,19.5,19.64,19.33,19.57,19.57,21869300,19.5,19.64,19.33,19.57,1.0,19.64,19.33,0
2013-05-16,PETR4,PETR4,19.52,20.08,19.46,19.75,19.75,25067200,19.52,20.08,19.46,19.75,1.0,20.08,19.46,0
2013-05-17,PETR4,PETR4,19.91,20.05,19.79,19.95,19.95,19040100,19.91,20.05,19.79,19.95,1.0,20.05,19.79,0
2013-05-20,PETR4,PETR4,19.9,20.25,19.56,20.2,20.2,30571700,19.9,20.25,19.56,20.2,1.0,20.25,19.56,0
2013-05-21,PETR4,PETR4,20.19,20.38,19.98,20.24,20.24,23442000,20.19,20.38,19.98,20.24,1.0,20.38,19.98,0
2013-05-22,PETR4,PETR4,20.27,20.4,19.68,19.92,19.92,35008900,20.27,20.4,19.68,19.92,1.0,20.4,19.68,0
2013-05-23,PETR4,PETR4,19.55,19.86,19.48,19.86,19.86,33324000,19.55,19.86,19.48,19.86,1.0,19.86,19.48,0
2013-05-24,PETR4,PETR4,19.89,20.16,19.79,20.05,20.05,37019600,19.89,20.16,19.79,20.05,1.0,20.16,19.79,0
2013-05-27,PETR4,PETR4,20.01,20.15,19.94,19.94,19.94,5829800,20.01,20.15,19.94,19.94,1.0,20.15,19.94,0
2013-05-28,PETR4,PETR4,20.16,20.34,20.01,20.07,20.07,27705200,20.16,20.34,20.01,20.07,1.0,20.34,20.01,0
2013-05-29,PETR4,PETR4,19.92,20.07,19.85,19.85,19.85,24961000,19.92,20.07,19.85,19.85,1.0,20.07,19.85,0
2013-05-31,PETR4,PETR4,19.87,20.36,19.8,20.05,20.05,35298900,19.87,20.36,19.8,20.05,1.0,20.36,19.8,0
2013-06-03,PETR4,PETR4,20.11,20.44,19.94,20.29,20.29,30659400,20.11,20.44,19.94,20.29,1.0,20.44,19.94,0
2013-06-04,PETR4,PETR4,20.46,20.47,19.96,20.07,20.07,24447600,20.46,20.47,19.96,20.07,1.0,20.47,19.96,0
2013-06-05,PETR4,PETR4,20.0,20.13,19.37,19.42,19.42,32247700,20.0,20.13,19.37,19.42,1.0,20.13,19.37,0
2013-06-06,PETR4,PETR4,19.46,19.55,19.21,19.46,19.46,27173200,19.46,19.55,19.21,19.46,1.0,19.55,19.21,0
2013-06-07,PETR4,PETR4,18.95,19.27,18.72,18.84,18.84,38700300,18.95,19.27,18.72,18.84,1.0,19.27,18.72,0
2013-06-10,PETR4,PETR4,18.84,19.12,18.83,18.88,18.88,20083800,18.84,19.12,18.83,18.88,1.0,19.12,18.83,0
2013-06-11,PETR4,PETR4,18.65,18.79,18.23,18.53,18.53,32153800,18.65,18.79,18.23,18.53,1.0,18.79,18.23,0
2013-06-12,PETR4,PETR4,18.67,18.8,18.06,18.12,18.12,37220900,18.67,18.8,18.06,18.12,1.0,18.8,18.06,0
2013-06-13,PETR4,PETR4,18.1,19.02,17.94,18.8,18.8,31233400,18.1,19.02,17.94,18.8,1.0,19.02,17.94,0
2013-06-14,PETR4,PETR4,18.65,18.86,18.06,18.06,18.06,38201000,18.65,18.86,18.06,18.06,1.0,18.86,18.06,0
2013-06-17,PETR4,PETR4,18.45,18.53,18.02,18.09,18.09,24946300,18.45,18.53,18.02,18.09,1.0,18.53,18.02,0
2013-06-18,PETR4,PETR4,17.95,18.08,17.62,17.83,17.83,31790400,17.95,18.08,17.62,17.83,1.0,18.08,17.62,0
2013-06-19,PETR4,PETR4,17.89,17.95,17.15,17.2,17.2,39085200,17.89,17.95,17.15,17.2,1.0,17.95,17.15,0
2013-06-20,PETR4,PETR4,16.9,17.27,16.5,17.02,17.02,63934700,16.9,17.27,16.5,17.02,1.0,17.27,16.5,0
2013-06-21,PETR4,PETR4,16.93,16.93,16.46,16.46,16.46,42577100,16.93,16.93,16.46,16.46,1.0,16.93,16.46,0
2013-06-24,PETR4,PETR4,15.97,16.25,15.57,15.91,15.91,40535500,15.97,16.25,15.57,15.91,1.0,16.25,15.57,0
2013-06-25,PETR4,PETR4,16.1,16.39,15.87,16.0,16.0,32074100,16.1,16.39,15.87,16.0,1.0,16.39,15.87,0
2013-06-26,PETR4,PETR4,16.14,16.44,16.08,16.15,16.15,29858400,16.14,16.44,16.08,16.15,1.0,16.44,16.08,0
2013-06-27,PETR4,PETR4,16.22,16.47,16.17,16.38,16.38,26451400,16.22,16.47,16.17,16.38,1.0,16.47,16.17,0
2013-06-28,PETR4,PETR4,16.35,16.35,15.94,16.18,16.18,33968700,16.35,16.35,15.94,16.18,1.0,16.35,15.94,0
2013-07-01,PETR4,PETR4,16.2,16.32,15.94,16.16,16.16,22732600,16.2,16.32,15.94,16.16,1.0,16.32,15.94,0
2013-07-02,PETR4,PETR4,16.05,16.25,15.11,15.39,15.39,55953200,16.05,16.25,15.11,15.39,1.0,16.25,15.11,0
2013-07-03,PETR4,PETR4,15.24,15.98,15.15,15.9,15.9,50191800,15.24,15.98,15.15,15.9,1.0,15.98,15.15,0
2013-07-04,PETR4,PETR4,16.1,16.17,15.88,15.96,15.96,23818500,16.1,16.17,15.88,15.96,1.0,16.17,15.88,0
2013-07-05,PETR4,PETR4,15.81,15.82,14.94,15.15,15.15,49067400,15.81,15.82,14.94,15.15,1.0,15.82,14.94,0
2013-07-08,PETR4,PETR4,15.2,15.35,14.97,14.98,14.98,22430900,15.2,15.35,14.97,14.98,1.0,15.35,14.97,0
2013-07-10,PETR4,PETR4,15.18,15.44,15.06,15.21,15.21,20890800,15.18,15.44,15.06,15.21,1.0,15.44,15.06,0
2013-07-11,PETR4,PETR4,15.52,15.82,15.25,15.8,15.8,34049700,15.52,15.82,15.25,15.8,1.0,15.82,15.25,0
2013-07-12,PETR4,PETR4,15.66,15.92,15.43,15.43,15.43,23796600,15.66,15.92,15.43,15.43,1.0,15.92,15.43,0
2013-07-15,PETR4,PETR4,15.45,15.69,15.35,15.54,15.54,20392700,15.45,15.69,15.35,15.54,1.0,15.69,15.35,0
2013-07-16,PETR4,PETR4,15.64,15.79,15.47,15.75,15.75,21047000,15.64,15.79,15.47,15.75,1.0,15.79,15.47,0
2013-07-17,PETR4,PETR4,15.91,16.2,15.87,16.06,16.06,29311200,15.91,16.2,15.87,16.06,1.0,16.2,15.87,0
2013-07-18,PETR4,PETR4,16.0,16.29,15.91,16.1,16.1,23440300,16.0,16.29,15.91,16.1,1.0,16.29,15.91,0
2013-07-19,PETR4,PETR4,16.07,16.1,15.85,15.88,15.88,18711400,16.07,16.1,15.85,15.88,1.0,16.1,15.85,0
2013-07-22,PETR4,PETR4,15.97,16.49,15.9,16.3,16.3,25517000,15.97,16.49,15.9,16.3,1.0,16.49,15.9,0
2013-07-23,PETR4,PETR4,16.41,16.66,16.38,16.41,16.41,25271000,16.41,16.66,16.38,16.41,1.0,16.66,16.38,0
2013-07-24,PETR4,PETR4,16.37,16.55,16.15,16.39,16.39,24012400,16.37,16.55,16.15,16.39,1.0,16.55,16.15,0
2013-07-25,PETR4,PETR4,16.24,16.88,16.21,16.84,16.84,37212500,16.24,16.88,16.21,16.84,1.0,16.88,16.21,0
2013-07-26,PETR4,PETR4,16.74,17.09,16.71,16.95,16.95,22419200,16.74,17.09,16.71,16.95,1.0,17.09,16.71,0
2013-07-29,PETR4,PETR4,16.99,17.06,16.63,16.68,16.68,17729600,16.99,17.06,16.63,16.68,1.0,17.06,16.63,0
2013-07-30,PETR4,PETR4,16.78,16.82,16.36,16.46,16.46,22635200,16.78,16.82,16.36,16.46,1.0,16.82,16.36,0
2013-07-31,PETR4,PETR4,16.33,16.5,16.17,16.29,16.29,23703200,16.33,16.5,16.17,16.29,1.0,16.5,16.17,0
2013-08-01,PETR4,PETR4,16.7,17.04,16.6,16.94,16.94,31759700,16.7,17.04,16.6,16.94,1.0,17.04,16.6,0
2013-08-02,PETR4,PETR4,16.87,17.04,16.69,16.81,16.81,17726400,16.87,17.04,16.69,16.81,1.0,17.04,16.69,0
2013-08-05,PETR4,PETR4,16.77,16.87,16.54,16.65,16.65,15018300,16.77,16.87,16.54,16.65,1.0,16.87,16.54,0
2013-08-06,PETR4,PETR4,16.68,16.7,16.17,16.28,16.28,25592100,16.68,16.7,16.17,16.28,1.0,16.7,16.17,0
2013-08-07,PETR4,PETR4,16.27,16.46,16.1,16.25,16.25,17681900,16.27,16.46,16.1,16.25,1.0,16.46,16.1,0
2013-08-08,PETR4,PETR4,16.35,16.85,16.2,16.65,16.65,25830400,16.35,16.85,16.2,16.65,1.0,16.85,16.2,0
2013-08-09,PETR4,PETR4,16.74,17.12,16.52,17.08,17.08,31884100,16.74,17.12,16.52,17.08,1.0,17.12,16.52,0
2013-08-12,PETR4,PETR4,17.3,17.66,16.47,16.53,16.53,54624200,17.3,17.66,16.47,16.53,1.0,17.66,16.47,0
2013-08-13,PETR4,PETR4,16.65,16.66,16.17,16.37,16.37,34946200,16.65,16.66,16.17,16.37,1.0,16.66,16.17,0
2013-08-14,PETR4,PETR4,16.36,17.0,16.29,16.95,16.95,53853000,16.36,17.0,16.29,16.95,1.0,17.0,16.29,0
2013-08-15,PETR4,PETR4,16.7,17.96,16.67,17.83,17.83,81143700,16.7,17.96,16.67,17.83,1.0,17.96,16.67,0
2013-08-16,PETR4,PETR4,17.76,18.06,17.42,17.78,17.78,37711200,17.76,18.06,17.42,17.78,1.0,18.06,17.42,0
2013-08-19,PETR4,PETR4,17.45,18.03,17.36,17.83,17.83,49861800,17.45,18.03,17.36,17.83,1.0,18.03,17.36,0
2013-08-20,PETR4,PETR4,17.71,17.85,17.11,17.13,17.13,30368900,17.71,17.85,17.11,17.13,1.0,17.85,17.11,0
2013-08-21,PETR4,PETR4,17.07,17.78,17.04,17.34,17.34,43315900,17.07,17.78,17.04,17.34,1.0,17.78,17.04,0
2013-08-22,PETR4,PETR4,17.8,18.37,17.63,18.26,18.26,52679300,17.8,18.37,17.63,18.26,1.0,18.37,17.63,0
2013-08-23,PETR4,PETR4,18.12,18.59,18.12,18.55,18.55,32500500,18.12,18.59,18.12,18.55,1.0,18.59,18.12,0
2013-08-26,PETR4,PETR4,18.5,18.69,18.17,18.19,18.19,17906800,18.5,18.69,18.17,18.19,1.0,18.69,18.17,0
2013-08-27,PETR4,PETR4,17.95,18.05,17.45,17.45,17.45,29023800,17.95,18.05,17.45,17.45,1.0,18.05,17.45,0
2013-08-28,PETR4,PETR4,17.51,17.75,17.09,17.16,17.16,30051100,17.51,17.75,17.09,17.16,1.0,17.75,17.09,0
2013-08-29,PETR4,PETR4,17.32,17.48,16.85,16.9,16.9,24162000,17.32,17.48,16.85,16.9,1.0,17.48,16.85,0
2013-08-30,PETR4,PETR4,17.01,17.05,16.52,16.8,16.8,38933500,17.01,17.05,16.52,16.8,1.0,17.05,16.52,0
2013-09-02,PETR4,PETR4,17.15,17.23,16.86,16.94,16.94,19051300,17.15,17.23,16.86,16.94,1.0,17.23,16.86,0
2013-09-03,PETR4,PETR4,16.89,17.13,16.68,16.78,16.78,31474500,16.89,17.13,16.68,16.78,1.0,17.13,16.68,0
2013-09-04,PETR4,PETR4,16.63,16.94,16.56,16.85,16.85,36993600,16.63,16.94,16.56,16.85,1.0,16.94,16.56,0
2013-09-05,PETR4,PETR4,16.86,17.81,16.84,17.54,17.54,47992900,16.86,17.81,16.84,17.54,1.0,17.81,16.84,0
2013-09-06,PETR4,PETR4,17.8,18.0,17.46,17.76,17.76,30863700,17.8,18.0,17.46,17.76,1.0,18.0,17.46,0
2013-09-09,PETR4,PETR4,17.77,18.21,17.77,18.17,18.17,29932300,17.77,18.21,17.77,18.17,1.0,18.21,17.77,0
2013-09-10,PETR4,PETR4,18.25,18.54,18.17,18.34,18.34,29063300,18.25,18.54,18.17,18.34,1.0,18.54,18.17,0
2013-09-11,PETR4,PETR4,18.29,18.54,18.07,18.25,18.25,27324600,18.29,18.54,18.07,18.25,1.0,18.54,18.07,0
2013-09-12,PETR4,PETR4,18.17,18.4,17.75,17.85,17.85,47880700,18.17,18.4,17.75,17.85,1.0,18.4,17.75,0
2013-09-13,PETR4,PETR4,17.85,18.27,17.8,18.13,18.13,18359900,17.85,18.27,17.8,18.13,1.0,18.27,17.8,0
2013-09-16,PETR4,PETR4,18.43,18.72,18.17,18.45,18.45,33961100,18.43,18.72,18.17,18.45,1.0,18.72,18.17,0
2013-09-17,PETR4,PETR4,18.59,18.6,18.3,18.53,18.53,18948400,18.59,18.6,18.3,18.53,1.0,18.6,18.3,0
2013-09-18,PETR4,PETR4,18.41,19.0,18.16,18.9,18.9,30957700,18.41,19.0,18.16,18.9,1.0,19.0,18.16,0
2013-09-19,PETR4,PETR4,18.96,19.31,18.76,19.16,19.16,24470200,18.96,19.31,18.76,19.16,1.0,19.31,18.76,0
2013-09-20,PETR4,PETR4,19.09,19.18,18.78,18.94,18.94,18955300,19.09,19.18,18.78,18.94,1.0,19.18,18.78,0
2013-09-23,PETR4,PETR4,19.0,19.22,18.91,19.12,19.12,13990200,19.0,19.22,18.91,19.12,1.0,19.22,18.91,0
2013-09-24,PETR4,PETR4,19.18,19.18,18.77,18.77,18.77,18969200,19.18,19.18,18.77,18.77,1.0,19.18,18.77,0
2013-09-25,PETR4,PETR4,18.73,18.91,18.62,18.8,18.8,17152400,18.73,18.91,18.62,18.8,1.0,18.91,18.62,0
2013-09-26,PETR4,PETR4,18.82,18.82,18.52,18.59,18.59,18168900,18.82,18.82,18.52,18.59,1.0,18.82,18.52,0
2013-09-27,PETR4,PETR4,18.57,18.82,18.44,18.5,18.5,19065700,18.57,18.82,18.44,18.5,1.0,18.82,18.44,0
2013-09-30,PETR4,PETR4,18.42,19.04,18.34,18.36,18.36,32326800,18.42,19.04,18.34,18.36,1.0,19.04,18.34,0
2013-10-01,PETR4,PETR4,18.53,18.69,18.37,18.67,18.67,15455100,18.53,18.69,18.37,18.67,1.0,18.69,18.37,0
2013-10-02,PETR4,PETR4,18.58,18.84,18.54,18.78,18.78,10870500,18.58,18.84,18.54,18.78,1.0,18.84,18.54,0
2013-10-03,PETR4,PETR4,18.8,18.83,18.43,18.54,18.54,18453900,18.8,18.83,18.43,18.54,1.0,18.83,18.43,0
2013-10-04,PETR4,PETR4,18.39,18.68,18.07,18.67,18.67,27996700,18.39,18.68,18.07,18.67,1.0,18.68,18.07,0
2013-10-07,PETR4,PETR4,18.57,18.83,18.5,18.62,18.62,18500000,18.57,18.83,18.5,18.62,1.0,18.83,18.5,0
2013-10-08,PETR4,PETR4,18.66,18.77,18.2,18.31,18.31,23379200,18.66,18.77,18.2,18.31,1.0,18.77,18.2,0
2013-10-09,PETR4,PETR4,18.4,18.46,17.97,18.07,18.07,19516400,18.4,18.46,17.97,18.07,1.0,18.46,17.97,0
2013-10-10,PETR4,PETR4,18.26,18.35,18.01,18.15,18.15,22821900,18.26,18.35,18.01,18.15,1.0,18.35,18.01,0
2013-10-11,PETR4,PETR4,18.15,18.31,17.99,18.1,18.1,18833200,18.15,18.31,17.99,18.1,1.0,18.31,17.99,0
2013-10-14,PETR4,PETR4,18.06,18.32,17.94,18.27,18.27,21569300,18.06,18.32,17.94,18.27,1.0,18.32,17.94,0
2013-10-15,PETR4,PETR4,18.34,18.48,18.18,18.42,18.42,27224300,18.34,18.48,18.18,18.42,1.0,18.48,18.18,0
2013-10-16,PETR4,PETR4,18.47,18.65,18.16,18.35,18.35,35018800,18.47,18.65,18.16,18.35,1.0,18.65,18.16,0
2013-10-17,PETR4,PETR4,18.27,18.53,18.16,18.21,18.21,26905100,18.27,18.53,18.16,18.21,1.0,18.53,18.16,0
2013-10-18,PETR4,PETR4,18.22,18.39,17.83,17.93,17.93,28111800,18.22,18.39,17.83,17.93,1.0,18.39,17.83,0
2013-10-21,PETR4,PETR4,17.99,18.98,17.71,18.88,18.88,51907400,17.99,18.98,17.71,18.88,1.0,18.98,17.71,0
2013-10-22,PETR4,PETR4,18.96,19.06,18.51,18.55,18.55,32733500,18.96,19.06,18.51,18.55,1.0,19.06,18.51,0
2013-10-23,PETR4,PETR4,18.55,18.85,18.33,18.33,18.33,21433300,18.55,18.85,18.33,18.33,1.0,18.85,18.33,0
2013-10-24,PETR4,PETR4,18.36,18.57,18.04,18.24,18.24,22513200,18.36,18.57,18.04,18.24,1.0,18.57,18.04,0
2013-10-25,PETR4,PETR4,18.23,18.73,18.2,18.49,18.49,30298000,18.23,18.73,18.2,18.49,1.0,18.73,18.2,0
2013-10-28,PETR4,PETR4,19.42,19.89,19.01,19.89,19.89,73626100,19.42,19.89,19.01,19.89,1.0,19.89,19.01,0
2013-10-29,PETR4,PETR4,19.71,19.96,19.33,19.7,19.7,33394100,19.71,19.96,19.33,19.7,1.0,19.96,19.33,0
2013-10-30,PETR4,PETR4,19.83,20.0,19.16,19.95,19.95,54345800,19.83,20.0,19.16,19.95,1.0,20.0,19.16,0
2013-10-31,PETR4,PETR4,19.96,20.56,19.85,20.43,20.43,41785200,19.96,20.56,19.85,20.43,1.0,20.56,19.85,0
2013-11-01,PETR4,PETR4,20.12,20.35,19.82,19.86,19.86,43494000,20.12,20.35,19.82,19.86,1.0,20.35,19.82,0
2013-11-04,PETR4,PETR4,19.99,20.28,19.95,20.22,20.22,20508100,19.99,20.28,19.95,20.22,1.0,20.28,19.95,0
2013-11-05,PETR4,PETR4,20.29,20.41,20.05,20.25,20.25,30093900,20.29,20.41,20.05,20.25,1.0,20.41,20.05,0
2013-11-06,PETR4,PETR4,20.29,20.41,20.08,20.41,20.41,21824900,20.29,20.41,20.08,20.41,1.0,20.41,20.08,0
2013-11-07,PETR4,PETR4,20.27,20.63,19.95,20.0,20.0,20998800,20.27,20.63,19.95,20.0,1.0,20.63,19.95,0
2013-11-08,PETR4,PETR4,19.95,20.07,19.6,19.64,19.64,28408100,19.95,20.07,19.6,19.64,1.0,20.07,19.6,0
2013-11-11,PETR4,PETR4,19.66,20.09,19.5,20.09,20.09,22190300,19.66,20.09,19.5,20.09,1.0,20.09,19.5,0
2013-11-12,PETR4,PETR4,20.06,20.25,19.53,19.55,19.55,24586900,20.06,20.25,19.53,19.55,1.0,20.25,19.53,0
2013-11-13,PETR4,PETR4,19.55,19.99,19.25,19.94,19.94,31361100,19.55,19.99,19.25,19.94,1.0,19.99,19.25,0
2013-11-14,PETR4,PETR4,20.0,20.49,19.96,20.45,20.45,24679800,20.0,20.49,19.96,20.45,1.0,20.49,19.96,0
2013-11-18,PETR4,PETR4,20.5,21.44,20.46,21.44,21.44,45214900,20.5,21.44,20.46,21.44,1.0,21.44,20.46,0
2013-11-19,PETR4,PETR4,21.3,21.37,20.86,21.11,21.11,42654300,21.3,21.37,20.86,21.11,1.0,21.37,20.86,0
2013-11-21,PETR4,PETR4,20.5,21.13,20.39,20.9,20.9,35845800,20.5,21.13,20.39,20.9,1.0,21.13,20.39,0
2013-11-22,PETR4,PETR4,20.75,21.2,20.67,20.67,20.67,23810600,20.75,21.2,20.67,20.67,1.0,21.2,20.67,0
2013-11-25,PETR4,PETR4,20.83,20.95,20.36,20.36,20.36,17132300,20.83,20.95,20.36,20.36,1.0,20.95,20.36,0
2013-11-26,PETR4,PETR4,19.9,20.04,19.08,19.08,19.08,38515500,19.9,20.04,19.08,19.08,1.0,20.04,19.08,0
2013-11-27,PETR4,PETR4,19.21,19.36,18.81,18.97,18.97,29298900,19.21,19.36,18.81,18.97,1.0,19.36,18.81,0
2013-11-28,PETR4,PETR4,18.95,19.22,18.55,18.66,18.66,28872500,18.95,19.22,18.55,18.66,1.0,19.22,18.55,0
2013-11-29,PETR4,PETR4,18.89,19.39,18.77,19.12,19.12,37804300,18.89,19.39,18.77,19.12,1.0,19.39,18.77,0
2013-12-02,PETR4,PETR4,17.86,18.07,17.36,17.36,17.36,78353000,17.86,18.07,17.36,17.36,1.0,18.07,17.36,0
2013-12-03,PETR4,PETR4,17.45,17.88,17.05,17.51,17.51,45735400,17.45,17.88,17.05,17.51,1.0,17.88,17.05,0
2013-12-04,PETR4,PETR4,17.76,17.76,17.37,17.4,17.4,27512500,17.76,17.76,17.37,17.4,1.0,17.76,17.37,0
2013-12-05,PETR4,PETR4,17.52,17.83,17.46,17.63,17.63,25337400,17.52,17.83,17.46,17.63,1.0,17.83,17.46,0
2013-12-06,PETR4,PETR4,17.73,17.78,17.18,17.23,17.23,32578300,17.73,17.78,17.18,17.23,1.0,17.78,17.18,0
2013-12-09,PETR4,PETR4,17.32,17.47,17.12,17.25,17.25,13696800,17.32,17.47,17.12,17.25,1.0,17.47,17.12,0
2013-12-10,PETR4,PETR4,17.36,17.46,17.26,17.3,17.3,14608900,17.36,17.46,17.26,17.3,1.0,17.46,17.26,0
2013-12-11,PETR4,PETR4,17.28,17.34,16.78,16.78,16.78,21615100,17.28,17.34,16.78,16.78,1.0,17.34,16.78,0
2013-12-12,PETR4,PETR4,16.85,17.02,16.69,16.86,16.86,21980300,16.85,17.02,16.69,16.86,1.0,17.02,16.69,0
2013-12-13,PETR4,PETR4,16.99,17.15,16.91,17.03,17.03,28058000,16.99,17.15,16.91,17.03,1.0,17.15,16.91,0
2013-12-16,PETR4,PETR4,17.25,17.5,17.08,17.34,17.34,32498700,17.25,17.5,17.08,17.34,1.0,17.5,17.08,0
2013-12-17,PETR4,PETR4,17.21,17.35,16.8,16.8,16.8,29001000,17.21,17.35,16.8,16.8,1.0,17.35,16.8,0
2013-12-18,PETR4,PETR4,16.95,17.04,16.83,16.84,16.84,22817200,16.95,17.04,16.83,16.84,1.0,17.04,16.83,0
2013-12-19,PETR4,PETR4,17.12,17.29,16.87,17.25,17.25,17906300,17.12,17.29,16.87,17.25,1.0,17.29,16.87,0
2013-12-20,PETR4,PETR4,17.25,17.29,16.8,16.91,16.91,26875500,17.25,17.29,16.8,16.91,1.0,17.29,16.8,0
2013-12-23,PETR4,PETR4,17.02,17.17,16.87,17.06,17.06,11520400,17.02,17.17,16.87,17.06,1.0,17.17,16.87,0
2013-12-26,PETR4,PETR4,17.15,17.19,16.89,16.92,16.92,15294800,17.15,17.19,16.89,16.92,1.0,17.19,16.89,0
2013-12-27,PETR4,PETR4,17.0,17.02,16.82,16.93,16.93,15114200,17.0,17.02,16.82,16.93,1.0,17.02,16.82,0
2013-12-30,PETR4,PETR4,16.95,17.25,16.95,17.08,17.08,10598500,16.95,17.25,16.95,17.08,1.0,17.25,16.95,0
2014-01-02,PETR4,PETR4,17.15,17.2,16.65,16.75,16.75,17284800,17.15,17.2,16.65,16.75,1.0,17.2,16.65,0
2014-01-03,PETR4,PETR4,16.74,16.78,16.42,16.42,16.42,17837600,16.74,16.78,16.42,16.42,1.0,16.78,16.42,0
2014-01-06,PETR4,PETR4,16.45,16.64,16.16,16.62,16.62,20526500,16.45,16.64,16.16,16.62,1.0,16.64,16.16,0
2014-01-07,PETR4,PETR4,16.65,16.83,16.16,16.16,16.16,19052500,16.65,16.83,16.16,16.16,1.0,16.83,16.16,0
2014-01-08,PETR4,PETR4,16.27,16.39,16.15,16.19,16.19,15874600,16.27,16.39,16.15,16.19,1.0,16.39,16.15,0
2014-01-09,PETR4,PETR4,16.19,16.29,15.65,15.7,15.7,25871700,16.19,16.29,15.65,15.7,1.0,16.29,15.65,0
2014-01-10,PETR4,PETR4,15.76,16.3,15.66,15.97,15.97,30221300,15.76,16.3,15.66,15.97,1.0,16.3,15.66,0
2014-01-13,PETR4,PETR4,16.01,16.11,15.66,15.77,15.77,21660900,16.01,16.11,15.66,15.77,1.0,16.11,15.66,0
2014-01-14,PETR4,PETR4,15.71,15.87,15.62,15.7,15.7,16339200,15.71,15.87,15.62,15.7,1.0,15.87,15.62,0
2014-01-15,PETR4,PETR4,15.79,16.15,15.69,16.04,16.04,25748600,15.79,16.15,15.69,16.04,1.0,16.15,15.69,0
2014-01-16,PETR4,PETR4,16.04,16.19,15.57,15.59,15.59,32946000,16.04,16.19,15.57,15.59,1.0,16.19,15.57,0
2014-01-17,PETR4,PETR4,15.72,15.77,15.45,15.51,15.51,22865900,15.72,15.77,15.45,15.51,1.0,15.77,15.45,0
2014-01-20,PETR4,PETR4,15.45,15.61,15.15,15.18,15.18,17725000,15.45,15.61,15.15,15.18,1.0,15.61,15.15,0
2014-01-21,PETR4,PETR4,15.22,15.5,15.2,15.34,15.34,19893400,15.22,15.5,15.2,15.34,1.0,15.5,15.2,0
2014-01-22,PETR4,PETR4,15.42,15.87,15.27,15.84,15.84,44870600,15.42,15.87,15.27,15.84,1.0,15.87,15.27,0
2014-01-23,PETR4,PETR4,15.67,15.91,15.47,15.47,15.47,24150400,15.67,15.91,15.47,15.47,1.0,15.91,15.47,0
2014-01-24,PETR4,PETR4,15.38,15.44,14.98,15.1,15.1,27964100,15.38,15.44,14.98,15.1,1.0,15.44,14.98,0
2014-01-27,PETR4,PETR4,15.21,15.29,15.04,15.11,15.11,20818700,15.21,15.29,15.04,15.11,1.0,15.29,15.04,0
2014-01-28,PETR4,PETR4,15.36,15.44,15.02,15.05,15.05,22373700,15.36,15.44,15.02,15.05,1.0,15.44,15.02,0
2014-01-29,PETR4,PETR4,15.06,15.14,14.77,14.8,14.8,25561100,15.06,15.14,14.77,14.8,1.0,15.14,14.77,0
2014-01-30,PETR4,PETR4,14.88,15.1,14.63,14.7,14.7,25607800,14.88,15.1,14.63,14.7,1.0,15.1,14.63,0
2014-01-31,PETR4,PETR4,14.64,15.07,14.55,14.7,14.7,49314200,14.64,15.07,14.55,14.7,1.0,15.07,14.55,0
2014-02-03,PETR4,PETR4,14.59,14.63,13.84,13.85,13.85,51667600,14.59,14.63,13.84,13.85,1.0,14.63,13.84,0
2014-02-04,PETR4,PETR4,14.04,14.22,13.77,14.09,14.09,36400300,14.04,14.22,13.77,14.09,1.0,14.22,13.77,0
2014-02-05,PETR4,PETR4,14.15,14.28,13.56,13.83,13.83,39232600,14.15,14.28,13.56,13.83,1.0,14.28,13.56,0
2014-02-06,PETR4,PETR4,13.94,14.36,13.88,14.21,14.21,32126900,13.94,14.36,13.88,14.21,1.0,14.36,13.88,0
2014-02-07,PETR4,PETR4,14.27,14.55,14.16,14.45,14.45,34263100,14.27,14.55,14.16,14.45,1.0,14.55,14.16,0
2014-02-10,PETR4,PETR4,14.36,14.7,14.33,14.61,14.61,29123100,14.36,14.7,14.33,14.61,1.0,14.7,14.33,0
2014-02-11,PETR4,PETR4,14.71,15.07,14.64,14.96,14.96,28992000,14.71,15.07,14.64,14.96,1.0,15.07,14.64,0
2014-02-12,PETR4,PETR4,15.08,15.1,14.85,14.96,14.96,23713700,15.08,15.1,14.85,14.96,1.0,15.1,14.85,0
2014-02-13,PETR4,PETR4,14.78,14.83,14.44,14.61,14.61,28201900,14.78,14.83,14.44,14.61,1.0,14.83,14.44,0
2014-02-14,PETR4,PETR4,14.71,14.71,14.47,14.58,14.58,27084100,14.71,14.71,14.47,14.58,1.0,14.71,14.47,0
2014-02-17,PETR4,PETR4,14.65,14.7,14.33,14.43,14.43,13181700,14.65,14.7,14.33,14.43,1.0,14.7,14.33,0
2014-02-18,PETR4,PETR4,14.42,14.58,14.11,14.11,14.11,31555400,14.42,14.58,14.11,14.11,1.0,14.58,14.11,0
2014-02-19,PETR4,PETR4,14.02,14.2,13.88,14.2,14.2,28362700,14.02,14.2,13.88,14.2,1.0,14.2,13.88,0
2014-02-20,PETR4,PETR4,14.06,14.34,13.98,14.16,14.16,24473700,14.06,14.34,13.98,14.16,1.0,14.34,13.98,0
2014-02-21,PETR4,PETR4,14.2,14.32,14.07,14.15,14.15,18689200,14.2,14.32,14.07,14.15,1.0,14.32,14.07,0
2014-02-24,PETR4,PETR4,14.11,14.57,14.01,14.5,14.5,20993900,14.11,14.57,14.01,14.5,1.0,14.57,14.01,0
2014-02-25,PETR4,PETR4,14.45,14.67,14.12,14.18,14.18,35828100,14.45,14.67,14.12,14.18,1.0,14.67,14.12,0
2014-02-26,PETR4,PETR4,14.2,14.25,13.68,13.68,13.68,45181500,14.2,14.25,13.68,13.68,1.0,14.25,13.68,0
2014-02-27,PETR4,PETR4,13.82,14.09,13.65,14.04,14.04,23575900,13.82,14.09,13.65,14.04,1.0,14.09,13.65,0
2014-02-28,PETR4,PETR4,14.1,14.15,13.59,13.59,13.59,28318200,14.1,14.15,13.59,13.59,1.0,14.15,13.59,0
2014-03-05,PETR4,PETR4,13.7,13.73,13.29,13.29,13.29,15287200,13.7,13.73,13.29,13.29,1.0,13.73,13.29,0
2014-03-06,PETR4,PETR4,13.42,13.72,13.31,13.43,13.43,29223600,13.42,13.72,13.31,13.43,1.0,13.72,13.31,0
2014-03-07,PETR4,PETR4,13.43,13.62,13.21,13.32,13.32,33482800,13.43,13.62,13.21,13.32,1.0,13.62,13.21,0
2014-03-10,PETR4,PETR4,13.27,13.37,12.9,13.01,13.01,39540700,13.27,13.37,12.9,13.01,1.0,13.37,12.9,0
2014-03-11,PETR4,PETR4,13.06,13.17,12.96,13.11,13.11,37605100,13.06,13.17,12.96,13.11,1.0,13.17,12.96,0
2014-03-12,PETR4,PETR4,13.11,13.46,13.08,13.32,13.32,42963100,13.11,13.46,13.08,13.32,1.0,13.46,13.08,0
2014-03-13,PETR4,PETR4,13.39,13.48,13.06,13.11,13.11,22769800,13.39,13.48,13.06,13.11,1.0,13.48,13.06,0
2014-03-14,PETR4,PETR4,13.08,13.12,12.77,12.78,12.78,34674800,13.08,13.12,12.77,12.78,1.0,13.12,12.77,0
2014-03-17,PETR4,PETR4,12.88,12.96,12.57,12.57,12.57,39457400,12.88,12.96,12.57,12.57,1.0,12.96,12.57,0
2014-03-18,PETR4,PETR4,12.64,13.05,12.57,12.97,12.97,45126500,12.64,13.05,12.57,12.97,1.0,13.05,12.57,0
2014-03-19,PETR4,PETR4,12.95,13.53,12.93,13.34,13.34,51670900,12.95,13.53,12.93,13.34,1.0,13.53,12.93,0
2014-03-20,PETR4,PETR4,13.23,14.04,13.16,13.99,13.99,58253000,13.23,14.04,13.16,13.99,1.0,14.04,13.16,0
2014-03-21,PETR4,PETR4,13.45,14.15,13.45,14.02,14.02,49269400,13.45,14.15,13.45,14.02,1.0,14.15,13.45,0
2014-03-24,PETR4,PETR4,14.17,14.43,13.87,14.4,14.4,34293400,14.17,14.43,13.87,14.4,1.0,14.43,13.87,0
2014-03-25,PETR4,PETR4,14.26,14.6,14.13,14.48,14.48,40256700,14.26,14.6,14.13,14.48,1.0,14.6,14.13,0
2014-03-26,PETR4,PETR4,14.55,14.69,14.35,14.4,14.4,29664700,14.55,14.69,14.35,14.4,1.0,14.69,14.35,0
2014-03-27,PETR4,PETR4,14.39,15.57,14.32,15.57,15.57,77808100,14.39,15.57,14.32,15.57,1.0,15.57,14.32,0
2014-03-28,PETR4,PETR4,15.57,15.77,15.2,15.66,15.66,42344400,15.57,15.77,15.2,15.66,1.0,15.77,15.2,0
2014-03-31,PETR4,PETR4,15.71,15.78,15.5,15.78,15.78,28288900,15.71,15.78,15.5,15.78,1.0,15.78,15.5,0
2014-04-01,PETR4,PETR4,15.72,15.83,15.48,15.81,15.81,36206100,15.72,15.83,15.48,15.81,1.0,15.83,15.48,0
2014-04-02,PETR4,PETR4,15.71,16.6,15.7,16.56,16.56,66007000,15.71,16.6,15.7,16.56,1.0,16.6,15.7,0
2014-04-03,PETR4,PETR4,15.53,15.65,15.12,15.4,15.4,56189100,15.53,15.65,15.12,15.4,1.0,15.65,15.12,0
2014-04-04,PETR4,PETR4,15.62,15.71,15.35,15.44,15.44,33173500,15.62,15.71,15.35,15.44,1.0,15.71,15.35,0
2014-04-07,PETR4,PETR4,15.7,16.46,15.7,16.46,16.46,50400200,15.7,16.46,15.7,16.46,1.0,16.46,15.7,0
2014-04-08,PETR4,PETR4,16.8,17.07,15.72,15.99,15.99,69307600,16.8,17.07,15.72,15.99,1.0,17.07,15.72,0
2014-04-09,PETR4,PETR4,15.91,15.94,15.42,15.85,15.85,41775400,15.91,15.94,15.42,15.85,1.0,15.94,15.42,0
2014-04-10,PETR4,PETR4,15.66,16.05,15.55,15.68,15.68,27907900,15.66,16.05,15.55,15.68,1.0,16.05,15.55,0
2014-04-11,PETR4,PETR4,15.53,16.19,15.41,16.19,16.19,42898300,15.53,16.19,15.41,16.19,1.0,16.19,15.41,0
2014-04-14,PETR4,PETR4,16.28,16.36,15.83,15.93,15.93,26799700,16.28,16.36,15.83,15.93,1.0,16.36,15.83,0
2014-04-15,PETR4,PETR4,15.76,16.09,15.13,15.32,15.32,35870400,15.76,16.09,15.13,15.32,1.0,16.09,15.13,0
2014-04-16,PETR4,PETR4,15.59,15.78,15.24,15.78,15.78,28674000,15.59,15.78,15.24,15.78,1.0,15.78,15.24,0
2014-04-17,PETR4,PETR4,15.9,16.6,15.54,16.38,16.38,44689200,15.9,16.6,15.54,16.38,1.0,16.6,15.54,0
2014-04-22,PETR4,PETR4,16.31,16.67,15.84,15.96,15.96,44896500,16.31,16.67,15.84,15.96,1.0,16.67,15.84,0
2014-04-23,PETR4,PETR4,15.97,16.07,15.75,16.03,16.03,22259300,15.97,16.07,15.75,16.03,1.0,16.07,15.75,0
2014-04-24,PETR4,PETR4,16.2,16.33,15.87,16.13,16.13,30473600,16.2,16.33,15.87,16.13,1.0,16.33,15.87,0
2014-04-25,PETR4,PETR4,15.95,16.06,15.65,16.03,16.03,31426800,15.95,16.06,15.65,16.03,1.0,16.06,15.65,0
2014-04-28,PETR4,PETR4,15.95,16.56,15.77,16.56,16.56,31782200,15.95,16.56,15.77,16.56,1.0,16.56,15.77,0
2014-04-29,PETR4,PETR4,16.68,17.1,16.51,16.69,16.69,42027100,16.68,17.1,16.51,16.69,1.0,17.1,16.51,0
2014-04-30,PETR4,PETR4,16.6,16.74,16.39,16.57,16.57,27166100,16.6,16.74,16.39,16.57,1.0,16.74,16.39,0
2014-05-02,PETR4,PETR4,16.55,17.6,16.51,17.6,17.6,52627500,16.55,17.6,16.51,17.6,1.0,17.6,16.51,0
2014-05-05,PETR4,PETR4,17.65,17.77,17.31,17.57,17.57,35540000,17.65,17.77,17.31,17.57,1.0,17.77,17.31,0
2014-05-06,PETR4,PETR4,17.43,18.48,17.31,18.24,18.24,48256400,17.43,18.48,17.31,18.24,1.0,18.48,17.31,0
2014-05-07,PETR4,PETR4,18.14,18.85,18.07,18.58,18.58,44239500,18.14,18.85,18.07,18.58,1.0,18.85,18.07,0
2014-05-08,PETR4,PETR4,18.6,18.8,17.75,17.88,17.88,53471600,18.6,18.8,17.75,17.88,1.0,18.8,17.75,0
2014-05-09,PETR4,PETR4,18.05,18.24,17.6,17.67,17.67,34395600,18.05,18.24,17.6,17.67,1.0,18.24,17.6,0
2014-05-12,PETR4,PETR4,17.95,18.1,17.77,18.03,18.03,20657400,17.95,18.1,17.77,18.03,1.0,18.1,17.77,0
2014-05-13,PETR4,PETR4,18.0,18.4,17.86,17.96,17.96,27465400,18.0,18.4,17.86,17.96,1.0,18.4,17.86,0
2014-05-14,PETR4,PETR4,17.96,18.34,17.85,18.29,18.29,23462900,17.96,18.34,17.85,18.29,1.0,18.34,17.85,0
2014-05-15,PETR4,PETR4,18.17,18.23,17.93,18.03,18.03,20492100,18.17,18.23,17.93,18.03,1.0,18.23,17.93,0
2014-05-16,PETR4,PETR4,18.0,18.37,17.91,18.05,18.05,26139800,18.0,18.37,17.91,18.05,1.0,18.37,17.91,0
2014-05-19,PETR4,PETR4,17.98,18.04,17.82,17.94,17.94,25935900,17.98,18.04,17.82,17.94,1.0,18.04,17.82,0
2014-05-20,PETR4,PETR4,17.9,18.38,17.1,17.3,17.3,54506300,17.9,18.38,17.1,17.3,1.0,18.38,17.1,0
2014-05-21,PETR4,PETR4,17.46,17.82,17.1,17.46,17.46,40672100,17.46,17.82,17.1,17.46,1.0,17.82,17.1,0
2014-05-22,PETR4,PETR4,17.51,17.77,17.34,17.65,17.65,32321300,17.51,17.77,17.34,17.65,1.0,17.77,17.34,0
2014-05-23,PETR4,PETR4,17.58,17.83,17.55,17.7,17.7,18155800,17.58,17.83,17.55,17.7,1.0,17.83,17.55,0
2014-05-26,PETR4,PETR4,17.8,17.9,17.71,17.86,17.86,7387500,17.8,17.9,17.71,17.86,1.0,17.9,17.71,0
2014-05-27,PETR4,PETR4,17.93,18.03,17.41,17.49,17.49,23285500,17.93,18.03,17.41,17.49,1.0,18.03,17.41,0
2014-05-28,PETR4,PETR4,17.55,17.79,17.26,17.7,17.7,22457200,17.55,17.79,17.26,17.7,1.0,17.79,17.26,0
2014-05-29,PETR4,PETR4,17.75,17.8,17.3,17.3,17.3,19559700,17.75,17.8,17.3,17.3,1.0,17.8,17.3,0
2014-05-30,PETR4,PETR4,17.18,17.25,16.69,16.69,16.69,25975000,17.18,17.25,16.69,16.69,1.0,17.25,16.69,0
2014-06-02,PETR4,PETR4,16.8,16.87,16.38,16.6,16.6,26475500,16.8,16.87,16.38,16.6,1.0,16.87,16.38,0
2014-06-03,PETR4,PETR4,16.53,16.96,16.47,16.9,16.9,20600300,16.53,16.96,16.47,16.9,1.0,16.96,16.47,0
2014-06-04,PETR4,PETR4,16.85,16.93,16.52,16.6,16.6,20905900,16.85,16.93,16.52,16.6,1.0,16.93,16.52,0
2014-06-05,PETR4,PETR4,16.71,16.83,16.29,16.32,16.32,23391100,16.71,16.83,16.29,16.32,1.0,16.83,16.29,0
2014-06-06,PETR4,PETR4,17.38,17.68,17.11,17.68,17.68,55365700,17.38,17.68,17.11,17.68,1.0,17.68,17.11,0
2014-06-09,PETR4,PETR4,17.57,18.24,17.38,18.07,18.07,47362400,17.57,18.24,17.38,18.07,1.0,18.24,17.38,0
2014-06-10,PETR4,PETR4,18.04,18.35,17.81,18.34,18.34,35832900,18.04,18.35,17.81,18.34,1.0,18.35,17.81,0
2014-06-11,PETR4,PETR4,18.7,18.96,18.3,18.88,18.88,48370800,18.7,18.96,18.3,18.88,1.0,18.96,18.3,0
2014-06-13,PETR4,PETR4,18.63,19.07,18.61,18.99,18.99,28004000,18.63,19.07,18.61,18.99,1.0,19.07,18.61,0
2014-06-16,PETR4,PETR4,19.0,19.13,18.64,18.74,18.74,30910300,19.0,19.13,18.64,18.74,1.0,19.13,18.64,0
2014-06-17,PETR4,PETR4,18.65,18.68,18.2,18.32,18.32,18040600,18.65,18.68,18.2,18.32,1.0,18.68,18.2,0
2014-06-18,PETR4,PETR4,18.41,19.03,18.25,19.0,19.0,43019700,18.41,19.03,18.25,19.0,1.0,19.03,18.25,0
2014-06-20,PETR4,PETR4,18.65,18.99,18.58,18.7,18.7,22486300,18.65,18.99,18.58,18.7,1.0,18.99,18.58,0
2014-06-23,PETR4,PETR4,18.75,18.75,18.3,18.3,18.3,14243200,18.75,18.75,18.3,18.3,1.0,18.75,18.3,0
2014-06-24,PETR4,PETR4,18.29,18.89,17.49,17.64,17.64,53971000,18.29,18.89,17.49,17.64,1.0,18.89,17.49,0
2014-06-25,PETR4,PETR4,17.2,17.77,17.13,17.29,17.29,48346300,17.2,17.77,17.13,17.29,1.0,17.77,17.13,0
2014-06-26,PETR4,PETR4,17.47,17.57,17.01,17.32,17.32,23470100,17.47,17.57,17.01,17.32,1.0,17.57,17.01,0
2014-06-27,PETR4,PETR4,17.25,17.39,17.1,17.2,17.2,16716300,17.25,17.39,17.1,17.2,1.0,17.39,17.1,0
2014-06-30,PETR4,PETR4,17.36,17.55,17.04,17.29,17.29,20962900,17.36,17.55,17.04,17.29,1.0,17.55,17.04,0
2014-07-01,PETR4,PETR4,17.35,17.45,16.92,17.19,17.19,22945200,17.35,17.45,16.92,17.19,1.0,17.45,16.92,0
2014-07-02,PETR4,PETR4,17.19,17.33,16.97,17.12,17.12,28670600,17.19,17.33,16.97,17.12,1.0,17.33,16.97,0
2014-07-03,PETR4,PETR4,16.9,17.5,16.85,17.5,17.5,26634700,16.9,17.5,16.85,17.5,1.0,17.5,16.85,0
2014-07-04,PETR4,PETR4,17.43,17.55,17.35,17.5,17.5,9431900,17.43,17.55,17.35,17.5,1.0,17.55,17.35,0
2014-07-07,PETR4,PETR4,17.41,17.44,17.14,17.28,17.28,18701200,17.41,17.44,17.14,17.28,1.0,17.44,17.14,0
2014-07-08,PETR4,PETR4,17.36,17.42,17.17,17.33,17.33,11504900,17.36,17.42,17.17,17.33,1.0,17.42,17.17,0
2014-07-10,PETR4,PETR4,17.78,18.17,17.62,18.11,18.11,35913600,17.78,18.17,17.62,18.11,1.0,18.17,17.62,0
2014-07-11,PETR4,PETR4,18.07,18.32,17.8,18.28,18.28,20928900,18.07,18.32,17.8,18.28,1.0,18.32,17.8,0
2014-07-14,PETR4,PETR4,18.48,19.18,18.42,19.1,19.1,70399100,18.48,19.18,18.42,19.1,1.0,19.18,18.42,0
2014-07-15,PETR4,PETR4,19.1,19.37,18.83,19.26,19.26,43433200,19.1,19.37,18.83,19.26,1.0,19.37,18.83,0
2014-07-16,PETR4,PETR4,19.35,19.39,19.08,19.31,19.31,27591400,19.35,19.39,19.08,19.31,1.0,19.39,19.08,0
2014-07-17,PETR4,PETR4,19.2,19.92,19.12,19.56,19.56,57411200,19.2,19.92,19.12,19.56,1.0,19.92,19.12,0
2014-07-18,PETR4,PETR4,20.81,20.87,20.15,20.52,20.52,90435000,20.81,20.87,20.15,20.52,1.0,20.87,20.15,0
2014-07-21,PETR4,PETR4,20.43,21.02,20.26,20.9,20.9,44723800,20.43,21.02,20.26,20.9,1.0,21.02,20.26,0
2014-07-22,PETR4,PETR4,20.9,21.23,20.56,21.05,21.05,62443400,20.9,21.23,20.56,21.05,1.0,21.23,20.56,0
2014-07-23,PETR4,PETR4,20.56,20.74,20.17,20.26,20.26,42981200,20.56,20.74,20.17,20.26,1.0,20.74,20.17,0
2014-07-24,PETR4,PETR4,20.36,20.44,19.95,20.31,20.31,37644700,20.36,20.44,19.95,20.31,1.0,20.44,19.95,0
2014-07-25,PETR4,PETR4,20.41,20.57,20.28,20.49,20.49,25149900,20.41,20.57,20.28,20.49,1.0,20.57,20.28,0
2014-07-28,PETR4,PETR4,20.57,20.6,20.09,20.15,20.15,24552600,20.57,20.6,20.09,20.15,1.0,20.6,20.09,0
2014-07-29,PETR4,PETR4,20.1,20.12,19.57,19.62,19.62,38234000,20.1,20.12,19.57,19.62,1.0,20.12,19.57,0
2014-07-30,PETR4,PETR4,19.7,20.05,19.63,19.85,19.85,28062900,19.7,20.05,19.63,19.85,1.0,20.05,19.63,0
2014-07-31,PETR4,PETR4,19.6,19.65,19.01,19.1,19.1,36467700,19.6,19.65,19.01,19.1,1.0,19.65,19.01,0
2014-08-01,PETR4,PETR4,19.01,19.21,18.72,19.01,19.01,30658500,19.01,19.21,18.72,19.01,1.0,19.21,18.72,0
2014-08-04,PETR4,PETR4,19.15,19.45,18.87,19.45,19.45,22501200,19.15,19.45,18.87,19.45,1.0,19.45,18.87,0
2014-08-05,PETR4,PETR4,19.46,20.09,19.3,19.7,19.7,53674100,19.46,20.09,19.3,19.7,1.0,20.09,19.3,0
2014-08-06,PETR4,PETR4,19.84,20.54,19.67,20.31,20.31,72879400,19.84,20.54,19.67,20.31,1.0,20.54,19.67,0
2014-08-07,PETR4,PETR4,20.6,20.69,19.88,20.15,20.15,54256300,20.6,20.69,19.88,20.15,1.0,20.69,19.88,0
2014-08-08,PETR4,PETR4,19.8,19.86,19.31,19.31,19.31,41930500,19.8,19.86,19.31,19.31,1.0,19.86,19.31,0
2014-08-11,PETR4,PETR4,19.37,20.2,19.22,20.14,20.14,35596700,19.37,20.2,19.22,20.14,1.0,20.2,19.22,0
2014-08-12,PETR4,PETR4,20.09,20.29,19.57,19.67,19.67,30507300,20.09,20.29,19.57,19.67,1.0,20.29,19.57,0
2014-08-13,PETR4,PETR4,19.75,19.93,18.5,18.69,18.69,100212700,19.75,19.93,18.5,18.69,1.0,19.93,18.5,0
2014-08-14,PETR4,PETR4,18.68,19.05,18.33,18.6,18.6,45332400,18.68,19.05,18.33,18.6,1.0,19.05,18.33,0
2014-08-15,PETR4,PETR4,18.9,20.1,18.9,20.06,20.06,63042700,18.9,20.1,18.9,20.06,1.0,20.1,18.9,0
2014-08-18,PETR4,PETR4,20.55,20.73,19.82,20.4,20.4,66860700,20.55,20.73,19.82,20.4,1.0,20.73,19.82,0
2014-08-19,PETR4,PETR4,20.21,20.99,20.17,20.91,20.91,43132900,20.21,20.99,20.17,20.91,1.0,20.99,20.17,0
2014-08-20,PETR4,PETR4,20.8,21.49,20.71,21.36,21.36,54453400,20.8,21.49,20.71,21.36,1.0,21.49,20.71,0
2014-08-21,PETR4,PETR4,21.25,21.67,21.07,21.3,21.3,40823700,21.25,21.67,21.07,21.3,1.0,21.67,21.07,0
2014-08-22,PETR4,PETR4,21.14,21.32,20.73,20.92,20.92,34438300,21.14,21.32,20.73,20.92,1.0,21.32,20.73,0
2014-08-25,PETR4,PETR4,21.22,22.05,21.12,22.04,22.04,45475600,21.22,22.05,21.12,22.04,1.0,22.05,21.12,0
2014-08-26,PETR4,PETR4,22.03,22.52,21.78,21.84,21.84,52291300,22.03,22.52,21.78,21.84,1.0,22.52,21.78,0
2014-08-27,PETR4,PETR4,22.15,23.21,21.9,22.84,22.84,73536500,22.15,23.21,21.9,22.84,1.0,23.21,21.9,0
2014-08-28,PETR4,PETR4,22.69,23.33,22.55,22.8,22.8,57631800,22.69,23.33,22.55,22.8,1.0,23.33,22.55,0
2014-08-29,PETR4,PETR4,23.15,23.59,22.6,23.35,23.35,56848900,23.15,23.59,22.6,23.35,1.0,23.59,22.6,0
2014-09-01,PETR4,PETR4,23.95,24.59,23.81,23.83,23.83,40238800,23.95,24.59,23.81,23.83,1.0,24.59,23.81,0
2014-09-02,PETR4,PETR4,24.0,24.9,23.4,24.56,24.56,67713100,24.0,24.9,23.4,24.56,1.0,24.9,23.4,0
2014-09-03,PETR4,PETR4,24.84,24.88,23.6,23.95,23.95,60151400,24.84,24.88,23.6,23.95,1.0,24.88,23.6,0
2014-09-04,PETR4,PETR4,23.09,24.0,22.79,22.79,22.79,66914600,23.09,24.0,22.79,22.79,1.0,24.0,22.79,0
2014-09-05,PETR4,PETR4,22.75,23.3,22.43,22.82,22.82,54256100,22.75,23.3,22.43,22.82,1.0,23.3,22.43,0
2014-09-08,PETR4,PETR4,23.42,23.68,21.7,21.7,21.7,79759300,23.42,23.68,21.7,21.7,1.0,23.68,21.7,0
2014-09-09,PETR4,PETR4,21.51,22.19,21.12,21.48,21.48,71764400,21.51,22.19,21.12,21.48,1.0,22.19,21.12,0
2014-09-10,PETR4,PETR4,21.16,21.48,20.6,20.95,20.95,61903500,21.16,21.48,20.6,20.95,1.0,21.48,20.6,0
2014-09-11,PETR4,PETR4,21.18,21.73,21.0,21.21,21.21,51526700,21.18,21.73,21.0,21.21,1.0,21.73,21.0,0
2014-09-12,PETR4,PETR4,20.87,21.0,19.85,20.14,20.14,82475400,20.87,21.0,19.85,20.14,1.0,21.0,19.85,0
2014-09-15,PETR4,PETR4,20.25,20.66,20.06,20.55,20.55,53328400,20.25,20.66,20.06,20.55,1.0,20.66,20.06,0
2014-09-16,PETR4,PETR4,20.76,22.38,20.7,21.55,21.55,99328900,20.76,22.38,20.7,21.55,1.0,22.38,20.7,0
2014-09-17,PETR4,PETR4,22.33,22.53,21.86,22.12,22.12,54823000,22.33,22.53,21.86,22.12,1.0,22.53,21.86,0
2014-09-18,PETR4,PETR4,21.85,22.12,21.18,21.29,21.29,57148100,21.85,22.12,21.18,21.29,1.0,22.12,21.18,0
2014-09-19,PETR4,PETR4,21.0,21.38,20.69,20.91,20.91,37077100,21.0,21.38,20.69,20.91,1.0,21.38,20.69,0
2014-09-22,PETR4,PETR4,20.45,20.59,19.68,20.59,20.59,66535200,20.45,20.59,19.68,20.59,1.0,20.59,19.68,0
2014-09-23,PETR4,PETR4,20.1,21.0,19.9,20.13,20.13,54737800,20.1,21.0,19.9,20.13,1.0,21.0,19.9,0
2014-09-24,PETR4,PETR4,19.95,20.61,19.84,20.23,20.23,38247100,19.95,20.61,19.84,20.23,1.0,20.61,19.84,0
2014-09-25,PETR4,PETR4,20.29,20.4,19.84,19.84,19.84,26626600,20.29,20.4,19.84,19.84,1.0,20.4,19.84,0
2014-09-26,PETR4,PETR4,19.9,21.24,19.8,20.94,20.94,43234500,19.9,21.24,19.8,20.94,1.0,21.24,19.8,0
2014-09-29,PETR4,PETR4,19.02,19.25,18.6,18.6,18.6,94418600,19.02,19.25,18.6,18.6,1.0,19.25,18.6,0
2014-09-30,PETR4,PETR4,18.49,18.65,17.75,18.09,18.09,81971800,18.49,18.65,17.75,18.09,1.0,18.65,17.75,0
2014-10-01,PETR4,PETR4,17.7,17.86,17.09,17.09,17.09,79170700,17.7,17.86,17.09,17.09,1.0,17.86,17.09,0
2014-10-02,PETR4,PETR4,17.4,17.72,16.86,17.3,17.3,65399500,17.4,17.72,16.86,17.3,1.0,17.72,16.86,0
2014-10-03,PETR4,PETR4,17.6,18.52,17.24,18.35,18.35,61990800,17.6,18.52,17.24,18.35,1.0,18.52,17.24,0
2014-10-06,PETR4,PETR4,21.5,21.5,20.09,20.39,20.39,114738800,21.5,21.5,20.09,20.39,1.0,21.5,20.09,0
2014-10-07,PETR4,PETR4,20.85,21.79,20.64,21.21,21.21,87446800,20.85,21.79,20.64,21.21,1.0,21.79,20.64,0
2014-10-08,PETR4,PETR4,21.8,21.85,20.01,20.85,20.85,104638500,21.8,21.85,20.01,20.85,1.0,21.85,20.01,0
2014-10-09,PETR4,PETR4,21.29,21.9,21.2,21.2,21.2,82449700,21.29,21.9,21.2,21.2,1.0,21.9,21.2,0
2014-10-10,PETR4,PETR4,20.9,21.14,20.02,20.02,20.02,64882800,20.9,21.14,20.02,20.02,1.0,21.14,20.02,0
2014-10-13,PETR4,PETR4,21.36,22.42,21.11,22.13,22.13,85183400,21.36,22.42,21.11,22.13,1.0,22.42,21.11,0
2014-10-14,PETR4,PETR4,21.82,22.53,21.4,21.65,21.65,80664400,21.82,22.53,21.4,21.65,1.0,22.53,21.4,0
2014-10-15,PETR4,PETR4,20.6,20.88,19.62,20.15,20.15,120546300,20.6,20.88,19.62,20.15,1.0,20.88,19.62,0
2014-10-16,PETR4,PETR4,19.01,19.5,18.65,18.65,18.65,97275600,19.01,19.5,18.65,18.65,1.0,19.5,18.65,0
2014-10-17,PETR4,PETR4,19.37,19.53,18.65,19.09,19.09,69545700,19.37,19.53,18.65,19.09,1.0,19.53,18.65,0
2014-10-20,PETR4,PETR4,18.92,18.99,17.87,17.92,17.92,70794900,18.92,18.99,17.87,17.92,1.0,18.99,17.87,0
2014-10-21,PETR4,PETR4,16.74,17.35,16.4,16.68,16.68,105185600,16.74,17.35,16.4,16.68,1.0,17.35,16.4,0
2014-10-22,PETR4,PETR4,16.81,17.25,16.38,16.61,16.61,62049400,16.81,17.25,16.38,16.61,1.0,17.25,16.38,0
2014-10-23,PETR4,PETR4,16.37,16.45,15.41,15.41,15.41,110386000,16.37,16.45,15.41,15.41,1.0,16.45,15.41,0
2014-10-24,PETR4,PETR4,15.8,16.89,15.52,16.3,16.3,100322000,15.8,16.89,15.52,16.3,1.0,16.89,15.52,0
2014-10-27,PETR4,PETR4,14.0,14.59,13.76,14.29,14.29,215531900,14.0,14.59,13.76,14.29,1.0,14.59,13.76,0
2014-10-28,PETR4,PETR4,14.9,15.08,14.63,15.03,15.03,95132900,14.9,15.08,14.63,15.03,1.0,15.08,14.63,0
2014-10-29,PETR4,PETR4,14.77,14.79,14.01,14.02,14.02,89851000,14.77,14.79,14.01,14.02,1.0,14.79,14.01,0
2014-10-30,PETR4,PETR4,14.6,14.69,14.01,14.32,14.32,75048900,14.6,14.69,14.01,14.32,1.0,14.69,14.01,0
2014-10-31,PETR4,PETR4,14.58,15.28,14.37,15.28,15.28,47932500,14.58,15.28,14.37,15.28,1.0,15.28,14.37,0
2014-11-03,PETR4,PETR4,14.96,15.1,14.55,14.85,14.85,44102700,14.96,15.1,14.55,14.85,1.0,15.1,14.55,0
2014-11-04,PETR4,PETR4,15.0,15.03,14.37,14.82,14.82,45408900,15.0,15.03,14.37,14.82,1.0,15.03,14.37,0
2014-11-05,PETR4,PETR4,14.5,14.62,14.33,14.4,14.4,37011900,14.5,14.62,14.33,14.4,1.0,14.62,14.33,0
2014-11-06,PETR4,PETR4,14.28,14.28,13.78,14.06,14.06,55337600,14.28,14.28,13.78,14.06,1.0,14.28,13.78,0
2014-11-07,PETR4,PETR4,14.25,14.63,13.52,14.27,14.27,77503900,14.25,14.63,13.52,14.27,1.0,14.63,13.52,0
2014-11-10,PETR4,PETR4,14.3,14.37,13.92,13.98,13.98,35611800,14.3,14.37,13.92,13.98,1.0,14.37,13.92,0
2014-11-11,PETR4,PETR4,13.81,14.0,13.67,14.0,14.0,24268300,13.81,14.0,13.67,14.0,1.0,14.0,13.67,0
2014-11-12,PETR4,PETR4,13.97,14.49,13.83,14.11,14.11,30597500,13.97,14.49,13.83,14.11,1.0,14.49,13.83,0
2014-11-13,PETR4,PETR4,14.32,14.37,13.6,13.6,13.6,36046700,14.32,14.37,13.6,13.6,1.0,14.37,13.6,0
2014-11-14,PETR4,PETR4,12.9,13.33,12.85,13.2,13.2,52848800,12.9,13.33,12.85,13.2,1.0,13.33,12.85,0
2014-11-17,PETR4,PETR4,13.07,13.25,12.52,12.6,12.6,47504600,13.07,13.25,12.52,12.6,1.0,13.25,12.52,0
2014-11-18,PETR4,PETR4,12.76,12.85,12.0,12.45,12.45,60893000,12.76,12.85,12.0,12.45,1.0,12.85,12.0,0
2014-11-19,PETR4,PETR4,12.4,12.97,12.31,12.78,12.78,48829400,12.4,12.97,12.31,12.78,1.0,12.97,12.31,0
2014-11-21,PETR4,PETR4,13.01,14.31,13.01,14.3,14.3,66584900,13.01,14.31,13.01,14.3,1.0,14.31,13.01,0
2014-11-24,PETR4,PETR4,14.62,15.26,14.1,14.21,14.21,70349100,14.62,15.26,14.1,14.21,1.0,15.26,14.1,0
2014-11-25,PETR4,PETR4,14.44,14.93,13.85,14.15,14.15,82863900,14.44,14.93,13.85,14.15,1.0,14.93,13.85,0
2014-11-26,PETR4,PETR4,14.44,14.53,13.96,14.1,14.1,35478700,14.44,14.53,13.96,14.1,1.0,14.53,13.96,0
2014-11-27,PETR4,PETR4,14.2,14.62,13.33,13.44,13.44,54672700,14.2,14.62,13.33,13.44,1.0,14.62,13.33,0
2014-11-28,PETR4,PETR4,13.45,13.56,12.8,12.8,12.8,46109000,13.45,13.56,12.8,12.8,1.0,13.56,12.8,0
2014-12-01,PETR4,PETR4,12.61,12.69,12.21,12.32,12.32,56418300,12.61,12.69,12.21,12.32,1.0,12.69,12.21,0
2014-12-02,PETR4,PETR4,12.5,12.56,12.09,12.13,12.13,39294700,12.5,12.56,12.09,12.13,1.0,12.56,12.09,0
2014-12-03,PETR4,PETR4,12.26,12.8,12.21,12.73,12.73,39296400,12.26,12.8,12.21,12.73,1.0,12.8,12.21,0
2014-12-04,PETR4,PETR4,12.79,12.79,12.17,12.23,12.23,35829500,12.79,12.79,12.17,12.23,1.0,12.79,12.17,0
2014-12-05,PETR4,PETR4,12.32,12.37,12.05,12.26,12.26,29848900,12.32,12.37,12.05,12.26,1.0,12.37,12.05,0
2014-12-08,PETR4,PETR4,12.15,12.15,11.41,11.5,11.5,43629700,12.15,12.15,11.41,11.5,1.0,12.15,11.41,0
2014-12-09,PETR4,PETR4,11.1,11.39,10.81,11.36,11.36,67900300,11.1,11.39,10.81,11.36,1.0,11.39,10.81,0
2014-12-10,PETR4,PETR4,11.35,11.36,10.82,10.83,10.83,50329300,11.35,11.36,10.82,10.83,1.0,11.36,10.82,0
2014-12-11,PETR4,PETR4,10.9,11.04,10.32,10.82,10.82,63596700,10.9,11.04,10.32,10.82,1.0,11.04,10.32,0
2014-12-12,PETR4,PETR4,10.65,10.69,10.11,10.11,10.11,45358700,10.65,10.69,10.11,10.11,1.0,10.69,10.11,0
2014-12-15,PETR4,PETR4,10.21,10.29,9.18,9.18,9.18,98863900,10.21,10.29,9.18,9.18,1.0,10.29,9.18,0
2014-12-16,PETR4,PETR4,8.6,9.92,8.56,9.38,9.38,90069600,8.6,9.92,8.56,9.38,1.0,9.92,8.56,0
2014-12-17,PETR4,PETR4,9.5,9.86,9.37,9.66,9.66,90329100,9.5,9.86,9.37,9.66,1.0,9.86,9.37,0
2014-12-18,PETR4,PETR4,9.89,10.35,9.38,9.46,9.46,87291900,9.89,10.35,9.38,9.46,1.0,10.35,9.38,0
2014-12-19,PETR4,PETR4,9.95,9.98,9.57,9.83,9.83,64103300,9.95,9.98,9.57,9.83,1.0,9.98,9.57,0
2014-12-22,PETR4,PETR4,9.9,10.32,9.71,10.32,10.32,52899900,9.9,10.32,9.71,10.32,1.0,10.32,9.71,0
2014-12-23,PETR4,PETR4,10.37,10.99,10.19,10.97,10.97,44200200,10.37,10.99,10.19,10.97,1.0,10.99,10.19,0
2014-12-26,PETR4,PETR4,10.87,10.88,10.21,10.3,10.3,26848600,10.87,10.88,10.21,10.3,1.0,10.88,10.21,0
2014-12-29,PETR4,PETR4,10.15,10.54,10.06,10.28,10.28,24392000,10.15,10.54,10.06,10.28,1.0,10.54,10.06,0
2014-12-30,PETR4,PETR4,10.16,10.35,10.02,10.02,10.02,27384800,10.16,10.35,10.02,10.02,1.0,10.35,10.02,0
2015-01-02,PETR4,PETR4,9.99,9.99,9.36,9.36,9.36,48837200,9.99,9.99,9.36,9.36,1.0,9.99,9.36,0
2015-01-05,PETR4,PETR4,9.14,9.19,8.58,8.61,8.61,77077300,9.14,9.19,8.58,8.61,1.0,9.19,8.58,0
2015-01-06,PETR4,PETR4,8.71,8.83,8.04,8.33,8.33,84023400,8.71,8.83,8.04,8.33,1.0,8.83,8.04,0
2015-01-07,PETR4,PETR4,8.56,8.73,8.36,8.67,8.67,85531000,8.56,8.73,8.36,8.67,1.0,8.73,8.36,0
2015-01-08,PETR4,PETR4,8.79,9.39,8.74,9.18,9.18,82735700,8.79,9.39,8.74,9.18,1.0,9.39,8.74,0
2015-01-09,PETR4,PETR4,9.2,9.4,8.93,9.4,9.4,50414800,9.2,9.4,8.93,9.4,1.0,9.4,8.93,0
2015-01-12,PETR4,PETR4,9.27,9.58,8.79,8.91,8.91,57881600,9.27,9.58,8.79,8.91,1.0,9.58,8.79,0
2015-01-13,PETR4,PETR4,8.9,9.39,8.85,9.0,9.0,64019500,8.9,9.39,8.85,9.0,1.0,9.39,8.85,0
2015-01-14,PETR4,PETR4,8.88,8.96,8.64,8.74,8.74,55155200,8.88,8.96,8.64,8.74,1.0,8.96,8.64,0
2015-01-15,PETR4,PETR4,9.0,9.39,8.87,9.34,9.34,80771000,9.0,9.39,8.87,9.34,1.0,9.39,8.87,0
2015-01-16,PETR4,PETR4,9.46,9.63,9.24,9.44,9.44,56978300,9.46,9.63,9.24,9.44,1.0,9.63,9.24,0
2015-01-19,PETR4,PETR4,9.35,9.54,9.15,9.19,9.19,30745600,9.35,9.54,9.15,9.19,1.0,9.54,9.15,0
2015-01-20,PETR4,PETR4,9.6,9.85,9.15,9.32,9.32,72326700,9.6,9.85,9.15,9.32,1.0,9.85,9.15,0
2015-01-21,PETR4,PETR4,9.45,9.83,9.32,9.82,9.82,48069900,9.45,9.83,9.32,9.82,1.0,9.83,9.32,0
2015-01-22,PETR4,PETR4,10.1,10.46,9.97,10.25,10.25,73699200,10.1,10.46,9.97,10.25,1.0,10.46,9.97,0
2015-01-23,PETR4,PETR4,10.11,10.41,9.88,10.0,10.0,43440800,10.11,10.41,9.88,10.0,1.0,10.41,9.88,0
2015-01-26,PETR4,PETR4,9.79,9.97,9.66,9.91,9.91,32972000,9.79,9.97,9.66,9.91,1.0,9.97,9.66,0
2015-01-27,PETR4,PETR4,9.72,10.37,9.53,10.17,10.17,58600900,9.72,10.37,9.53,10.17,1.0,10.37,9.53,0
2015-01-28,PETR4,PETR4,9.43,9.54,8.95,9.03,9.03,105199900,9.43,9.54,8.95,9.03,1.0,9.54,8.95,0
2015-01-29,PETR4,PETR4,9.05,9.08,8.34,8.75,8.75,110780300,9.05,9.08,8.34,8.75,1.0,9.08,8.34,0
2015-01-30,PETR4,PETR4,8.2,8.34,8.08,8.18,8.18,86357400,8.2,8.34,8.08,8.18,1.0,8.34,8.08,0
2015-02-02,PETR4,PETR4,8.46,8.68,8.13,8.66,8.66,56348600,8.46,8.68,8.13,8.66,1.0,8.68,8.13,0
2015-02-03,PETR4,PETR4,9.01,10.0,9.01,10.0,10.0,96885200,9.01,10.0,9.01,10.0,1.0,10.0,9.01,0
2015-02-04,PETR4,PETR4,10.3,10.78,9.56,10.02,10.02,117595000,10.3,10.78,9.56,10.02,1.0,10.78,9.56,0
2015-02-05,PETR4,PETR4,9.86,10.29,9.7,9.8,9.8,77584400,9.86,10.29,9.7,9.8,1.0,10.29,9.7,0
2015-02-06,PETR4,PETR4,9.8,9.81,8.87,9.12,9.12,117747100,9.8,9.81,8.87,9.12,1.0,9.81,8.87,0
2015-02-09,PETR4,PETR4,8.8,9.47,8.72,9.28,9.28,71514400,8.8,9.47,8.72,9.28,1.0,9.47,8.72,0
2015-02-10,PETR4,PETR4,9.22,9.8,8.92,8.92,8.92,74824500,9.22,9.8,8.92,8.92,1.0,9.8,8.92,0
2015-02-11,PETR4,PETR4,8.94,9.19,8.81,9.03,9.03,48276300,8.94,9.19,8.81,9.03,1.0,9.19,8.81,0
2015-02-12,PETR4,PETR4,9.35,9.54,9.27,9.5,9.5,61300600,9.35,9.54,9.27,9.5,1.0,9.54,9.27,0
2015-02-13,PETR4,PETR4,9.68,10.1,9.66,9.99,9.99,71330100,9.68,10.1,9.66,9.99,1.0,10.1,9.66,0
2015-02-18,PETR4,PETR4,10.16,10.34,10.04,10.12,10.12,42573800,10.16,10.34,10.04,10.12,1.0,10.34,10.04,0
2015-02-19,PETR4,PETR4,9.96,9.97,9.65,9.75,9.75,38125300,9.96,9.97,9.65,9.75,1.0,9.97,9.65,0
2015-02-20,PETR4,PETR4,9.82,9.9,9.53,9.67,9.67,34889900,9.82,9.9,9.53,9.67,1.0,9.9,9.53,0
2015-02-23,PETR4,PETR4,9.55,9.59,9.39,9.49,9.49,40638000,9.55,9.59,9.39,9.49,1.0,9.59,9.39,0
2015-02-24,PETR4,PETR4,9.65,9.89,9.59,9.86,9.86,47705600,9.65,9.89,9.59,9.86,1.0,9.89,9.59,0
2015-02-25,PETR4,PETR4,9.1,9.39,9.0,9.38,9.38,95251900,9.1,9.39,9.0,9.38,1.0,9.39,9.0,0
2015-02-26,PETR4,PETR4,9.4,9.52,9.16,9.27,9.27,42874100,9.4,9.52,9.16,9.27,1.0,9.52,9.16,0
2015-02-27,PETR4,PETR4,9.3,9.64,9.1,9.57,9.57,45644200,9.3,9.64,9.1,9.57,1.0,9.64,9.1,0
2015-03-02,PETR4,PETR4,9.44,9.71,9.27,9.4,9.4,37562300,9.44,9.71,9.27,9.4,1.0,9.71,9.27,0
2015-03-03,PETR4,PETR4,9.69,9.8,9.52,9.6,9.6,41841000,9.69,9.8,9.52,9.6,1.0,9.8,9.52,0
2015-03-04,PETR4,PETR4,9.41,9.45,9.21,9.21,9.21,47594500,9.41,9.45,9.21,9.21,1.0,9.45,9.21,0
2015-03-05,PETR4,PETR4,9.31,9.38,9.16,9.28,9.28,26322900,9.31,9.38,9.16,9.28,1.0,9.38,9.16,0
2015-03-06,PETR4,PETR4,9.2,9.35,9.17,9.24,9.24,26993200,9.2,9.35,9.17,9.24,1.0,9.35,9.17,0
2015-03-09,PETR4,PETR4,9.13,9.18,8.9,8.91,8.91,35764600,9.13,9.18,8.9,8.91,1.0,9.18,8.9,0
2015-03-10,PETR4,PETR4,8.83,8.98,8.51,8.55,8.55,71232500,8.83,8.98,8.51,8.55,1.0,8.98,8.51,0
2015-03-11,PETR4,PETR4,8.67,8.83,8.58,8.79,8.79,43696800,8.67,8.83,8.58,8.79,1.0,8.83,8.58,0
2015-03-12,PETR4,PETR4,8.97,9.08,8.44,8.5,8.5,61921500,8.97,9.08,8.44,8.5,1.0,9.08,8.44,0
2015-03-13,PETR4,PETR4,8.25,8.39,8.16,8.3,8.3,71861500,8.25,8.39,8.16,8.3,1.0,8.39,8.16,0
2015-03-16,PETR4,PETR4,8.49,8.5,8.19,8.46,8.46,53078600,8.49,8.5,8.19,8.46,1.0,8.5,8.19,0
2015-03-17,PETR4,PETR4,8.35,8.93,8.32,8.89,8.89,62937200,8.35,8.93,8.32,8.89,1.0,8.93,8.32,0
2015-03-18,PETR4,PETR4,8.85,9.29,8.67,9.27,9.27,64677400,8.85,9.29,8.67,9.27,1.0,9.29,8.67,0
2015-03-19,PETR4,PETR4,9.18,9.23,8.85,8.9,8.9,42956000,9.18,9.23,8.85,8.9,1.0,9.23,8.85,0
2015-03-20,PETR4,PETR4,9.08,9.35,8.96,9.35,9.35,58736900,9.08,9.35,8.96,9.35,1.0,9.35,8.96,0
2015-03-23,PETR4,PETR4,9.3,9.44,9.2,9.35,9.35,33536500,9.3,9.44,9.2,9.35,1.0,9.44,9.2,0
2015-03-24,PETR4,PETR4,9.37,9.45,9.22,9.39,9.39,35737300,9.37,9.45,9.22,9.39,1.0,9.45,9.22,0
2015-03-25,PETR4,PETR4,9.65,9.89,9.53,9.84,9.84,82912600,9.65,9.89,9.53,9.84,1.0,9.89,9.53,0
2015-03-26,PETR4,PETR4,9.92,9.96,9.32,9.35,9.35,58997600,9.92,9.96,9.32,9.35,1.0,9.96,9.32,0
2015-03-27,PETR4,PETR4,9.3,9.61,9.17,9.38,9.38,50526700,9.3,9.61,9.17,9.38,1.0,9.61,9.17,0
2015-03-30,PETR4,PETR4,9.5,9.75,9.42,9.72,9.72,32965300,9.5,9.75,9.42,9.72,1.0,9.75,9.42,0
2015-03-31,PETR4,PETR4,9.58,9.92,9.47,9.73,9.73,46076500,9.58,9.92,9.47,9.73,1.0,9.92,9.47,0
2015-04-01,PETR4,PETR4,9.93,10.37,9.87,10.21,10.21,58328200,9.93,10.37,9.87,10.21,1.0,10.37,9.87,0
2015-04-02,PETR4,PETR4,10.17,10.72,10.17,10.72,10.72,68012000,10.17,10.72,10.17,10.72,1.0,10.72,10.17,0
2015-04-06,PETR4,PETR4,10.8,10.99,10.69,10.69,10.69,44874900,10.8,10.99,10.69,10.69,1.0,10.99,10.69,0
2015-04-07,PETR4,PETR4,10.6,10.96,10.46,10.89,10.89,60326400,10.6,10.96,10.46,10.89,1.0,10.96,10.46,0
2015-04-08,PETR4,PETR4,11.1,11.33,10.49,10.6,10.6,72431900,11.1,11.33,10.49,10.6,1.0,11.33,10.49,0
2015-04-09,PETR4,PETR4,10.7,11.57,10.58,11.56,11.56,78282800,10.7,11.57,10.58,11.56,1.0,11.57,10.58,0
2015-04-10,PETR4,PETR4,11.52,11.93,11.27,11.82,11.82,69037200,11.52,11.93,11.27,11.82,1.0,11.93,11.27,0
2015-04-13,PETR4,PETR4,11.97,12.75,11.9,12.27,12.27,104809600,11.97,12.75,11.9,12.27,1.0,12.75,11.9,0
2015-04-14,PETR4,PETR4,12.67,12.74,11.97,12.49,12.49,86527200,12.67,12.74,11.97,12.49,1.0,12.74,11.97,0
2015-04-15,PETR4,PETR4,12.7,13.38,12.47,13.33,13.33,101695400,12.7,13.38,12.47,13.33,1.0,13.38,12.47,0
2015-04-16,PETR4,PETR4,13.25,13.33,12.52,12.93,12.93,107589800,13.25,13.33,12.52,12.93,1.0,13.33,12.52,0
2015-04-17,PETR4,PETR4,12.61,13.24,12.52,13.01,13.01,70065200,12.61,13.24,12.52,13.01,1.0,13.24,12.52,0
2015-04-20,PETR4,PETR4,13.23,13.38,13.02,13.09,13.09,51885900,13.23,13.38,13.02,13.09,1.0,13.38,13.02,0
2015-04-22,PETR4,PETR4,13.19,13.29,12.66,13.12,13.12,65355500,13.19,13.29,12.66,13.12,1.0,13.29,12.66,0
2015-04-23,PETR4,PETR4,12.3,13.26,11.89,12.92,12.92,179382600,12.3,13.26,11.89,12.92,1.0,13.26,11.89,0
2015-04-24,PETR4,PETR4,13.19,13.78,13.18,13.26,13.26,104845200,13.19,13.78,13.18,13.26,1.0,13.78,13.18,0
2015-04-27,PETR4,PETR4,12.95,13.12,12.57,12.58,12.58,51797800,12.95,13.12,12.57,12.58,1.0,13.12,12.57,0
2015-04-28,PETR4,PETR4,12.76,12.87,12.25,12.78,12.78,59716300,12.76,12.87,12.25,12.78,1.0,12.87,12.25,0
2015-04-29,PETR4,PETR4,12.58,12.93,12.53,12.82,12.82,35821900,12.58,12.93,12.53,12.82,1.0,12.93,12.53,0
2015-04-30,PETR4,PETR4,12.83,13.15,12.8,13.05,13.05,47801000,12.83,13.15,12.8,13.05,1.0,13.15,12.8,0
2015-05-04,PETR4,PETR4,13.31,13.85,13.3,13.8,13.8,54744800,13.31,13.85,13.3,13.8,1.0,13.85,13.3,0
2015-05-05,PETR4,PETR4,13.7,14.61,13.67,14.38,14.38,74144700,13.7,14.61,13.67,14.38,1.0,14.61,13.67,0
2015-05-06,PETR4,PETR4,14.75,14.95,13.57,13.64,13.64,70597700,14.75,14.95,13.57,13.64,1.0,14.95,13.57,0
2015-05-07,PETR4,PETR4,13.8,14.05,13.33,13.7,13.7,44398800,13.8,14.05,13.33,13.7,1.0,14.05,13.33,0
2015-05-08,PETR4,PETR4,14.04,14.09,13.36,13.52,13.52,42525400,14.04,14.09,13.36,13.52,1.0,14.09,13.36,0
2015-05-11,PETR4,PETR4,13.68,13.83,13.43,13.72,13.72,27602700,13.68,13.83,13.43,13.72,1.0,13.83,13.43,0
2015-05-12,PETR4,PETR4,13.7,14.06,13.63,13.79,13.79,30520400,13.7,14.06,13.63,13.79,1.0,14.06,13.63,0
2015-05-13,PETR4,PETR4,13.87,14.13,13.75,13.97,13.97,44607400,13.87,14.13,13.75,13.97,1.0,14.13,13.75,0
2015-05-14,PETR4,PETR4,14.1,14.23,13.76,13.89,13.89,48194600,14.1,14.23,13.76,13.89,1.0,14.23,13.76,0
2015-05-15,PETR4,PETR4,13.92,14.12,13.61,14.06,14.06,53372500,13.92,14.12,13.61,14.06,1.0,14.12,13.61,0
2015-05-18,PETR4,PETR4,14.64,14.65,13.52,13.78,13.78,79952500,14.64,14.65,13.52,13.78,1.0,14.65,13.52,0
2015-05-19,PETR4,PETR4,13.55,13.59,12.79,12.91,12.91,69238200,13.55,13.59,12.79,12.91,1.0,13.59,12.79,0
2015-05-20,PETR4,PETR4,12.76,13.12,12.63,12.89,12.89,42665900,12.76,13.12,12.63,12.89,1.0,13.12,12.63,0
2015-05-21,PETR4,PETR4,12.86,13.52,12.86,13.45,13.45,52653400,12.86,13.52,12.86,13.45,1.0,13.52,12.86,0
2015-05-22,PETR4,PETR4,13.52,13.65,12.92,13.08,13.08,52795800,13.52,13.65,12.92,13.08,1.0,13.65,12.92,0
2015-05-25,PETR4,PETR4,12.98,13.01,12.72,12.8,12.8,23048500,12.98,13.01,12.72,12.8,1.0,13.01,12.72,0
2015-05-26,PETR4,PETR4,12.8,12.86,12.39,12.39,12.39,43915500,12.8,12.86,12.39,12.39,1.0,12.86,12.39,0
2015-05-27,PETR4,PETR4,12.5,12.66,12.29,12.55,12.55,46449400,12.5,12.66,12.29,12.55,1.0,12.66,12.29,0
2015-05-28,PETR4,PETR4,12.47,12.82,12.4,12.67,12.67,58201800,12.47,12.82,12.4,12.67,1.0,12.82,12.4,0
2015-05-29,PETR4,PETR4,12.71,12.78,12.33,12.33,12.33,72593400,12.71,12.78,12.33,12.33,1.0,12.78,12.33,0
2015-06-01,PETR4,PETR4,12.43,12.65,12.25,12.37,12.37,39690600,12.43,12.65,12.25,12.37,1.0,12.65,12.25,0
2015-06-02,PETR4,PETR4,12.55,12.95,12.47,12.84,12.84,45953600,12.55,12.95,12.47,12.84,1.0,12.95,12.47,0
2015-06-03,PETR4,PETR4,12.96,13.1,12.72,12.83,12.83,48879500,12.96,13.1,12.72,12.83,1.0,13.1,12.72,0
2015-06-05,PETR4,PETR4,12.58,12.78,12.42,12.56,12.56,36139500,12.58,12.78,12.42,12.56,1.0,12.78,12.42,0
2015-06-08,PETR4,PETR4,12.61,12.77,12.47,12.57,12.57,23667600,12.61,12.77,12.47,12.57,1.0,12.77,12.47,0
2015-06-09,PETR4,PETR4,12.61,13.17,12.57,12.97,12.97,43818800,12.61,13.17,12.57,12.97,1.0,13.17,12.57,0
2015-06-10,PETR4,PETR4,13.3,13.44,12.92,13.05,13.05,44555800,13.3,13.44,12.92,13.05,1.0,13.44,12.92,0
2015-06-11,PETR4,PETR4,13.13,13.14,12.85,13.05,13.05,34802000,13.13,13.14,12.85,13.05,1.0,13.14,12.85,0
2015-06-12,PETR4,PETR4,12.86,13.04,12.83,13.02,13.02,30067700,12.86,13.04,12.83,13.02,1.0,13.04,12.83,0
2015-06-15,PETR4,PETR4,12.97,13.09,12.9,12.99,12.99,31125900,12.97,13.09,12.9,12.99,1.0,13.09,12.9,0
2015-06-16,PETR4,PETR4,13.04,13.48,12.91,13.35,13.35,48604900,13.04,13.48,12.91,13.35,1.0,13.48,12.91,0
2015-06-17,PETR4,PETR4,13.5,13.59,13.12,13.19,13.19,40246300,13.5,13.59,13.12,13.19,1.0,13.59,13.12,0
2015-06-18,PETR4,PETR4,13.28,13.44,13.15,13.44,13.44,26393400,13.28,13.44,13.15,13.44,1.0,13.44,13.15,0
2015-06-19,PETR4,PETR4,13.31,13.44,13.1,13.17,13.17,34840700,13.31,13.44,13.1,13.17,1.0,13.44,13.1,0
2015-06-22,PETR4,PETR4,13.3,13.37,13.13,13.2,13.2,22431100,13.3,13.37,13.13,13.2,1.0,13.37,13.13,0
2015-06-23,PETR4,PETR4,13.27,13.43,12.95,12.97,12.97,48007400,13.27,13.43,12.95,12.97,1.0,13.43,12.95,0
2015-06-24,PETR4,PETR4,13.06,13.35,13.05,13.2,13.2,39209100,13.06,13.35,13.05,13.2,1.0,13.35,13.05,0
2015-06-25,PETR4,PETR4,13.23,13.24,12.52,12.6,12.6,48369000,13.23,13.24,12.52,12.6,1.0,13.24,12.52,0
2015-06-26,PETR4,PETR4,12.66,13.21,12.64,13.21,13.21,34536800,12.66,13.21,12.64,13.21,1.0,13.21,12.64,0
2015-06-29,PETR4,PETR4,13.0,13.59,12.62,12.75,12.75,62350800,13.0,13.59,12.62,12.75,1.0,13.59,12.62,0
2015-06-30,PETR4,PETR4,12.9,12.99,12.65,12.71,12.71,32232000,12.9,12.99,12.65,12.71,1.0,12.99,12.65,0
2015-07-01,PETR4,PETR4,12.8,12.85,12.01,12.18,12.18,61400500,12.8,12.85,12.01,12.18,1.0,12.85,12.01,0
2015-07-02,PETR4,PETR4,12.35,12.53,12.16,12.3,12.3,36420700,12.35,12.53,12.16,12.3,1.0,12.53,12.16,0
2015-07-03,PETR4,PETR4,12.25,12.31,11.68,11.73,11.73,31421300,12.25,12.31,11.68,11.73,1.0,12.31,11.68,0
2015-07-06,PETR4,PETR4,11.51,11.73,11.28,11.48,11.48,50263300,11.51,11.73,11.28,11.48,1.0,11.73,11.28,0
2015-07-07,PETR4,PETR4,11.36,11.81,10.82,11.78,11.78,70965600,11.36,11.81,10.82,11.78,1.0,11.81,10.82,0
2015-07-08,PETR4,PETR4,11.62,11.99,11.33,11.55,11.55,42788200,11.62,11.99,11.33,11.55,1.0,11.99,11.33,0
2015-07-10,PETR4,PETR4,11.9,11.98,11.75,11.79,11.79,30104300,11.9,11.98,11.75,11.79,1.0,11.98,11.75,0
2015-07-13,PETR4,PETR4,11.87,11.93,11.58,11.82,11.82,26054400,11.87,11.93,11.58,11.82,1.0,11.93,11.58,0
2015-07-14,PETR4,PETR4,11.69,12.08,11.58,12.0,12.0,36245600,11.69,12.08,11.58,12.0,1.0,12.08,11.58,0
2015-07-15,PETR4,PETR4,11.96,12.06,11.72,11.8,11.8,32408000,11.96,12.06,11.72,11.8,1.0,12.06,11.72,0
2015-07-16,PETR4,PETR4,11.89,11.99,11.82,11.92,11.92,25422300,11.89,11.99,11.82,11.92,1.0,11.99,11.82,0
2015-07-17,PETR4,PETR4,11.82,11.9,11.39,11.4,11.4,38921800,11.82,11.9,11.39,11.4,1.0,11.9,11.39,0
2015-07-20,PETR4,PETR4,11.46,11.54,10.75,10.79,10.79,48763200,11.46,11.54,10.75,10.79,1.0,11.54,10.75,0
2015-07-21,PETR4,PETR4,10.91,11.24,10.6,10.77,10.77,38726300,10.91,11.24,10.6,10.77,1.0,11.24,10.6,0
2015-07-22,PETR4,PETR4,10.61,10.72,10.33,10.36,10.36,30155200,10.61,10.72,10.33,10.36,1.0,10.72,10.33,0
2015-07-23,PETR4,PETR4,10.22,10.56,10.12,10.17,10.17,49586400,10.22,10.56,10.12,10.17,1.0,10.56,10.12,0
2015-07-24,PETR4,PETR4,10.17,10.23,9.76,10.04,10.04,44452100,10.17,10.23,9.76,10.04,1.0,10.23,9.76,0
2015-07-27,PETR4,PETR4,9.96,9.99,9.51,9.51,9.51,52483500,9.96,9.99,9.51,9.51,1.0,9.99,9.51,0
2015-07-28,PETR4,PETR4,9.69,10.22,9.61,9.97,9.97,70641800,9.69,10.22,9.61,9.97,1.0,10.22,9.61,0
2015-07-29,PETR4,PETR4,10.01,10.72,9.91,10.72,10.72,85654200,10.01,10.72,9.91,10.72,1.0,10.72,9.91,0
2015-07-30,PETR4,PETR4,10.83,10.93,10.24,10.47,10.47,46950600,10.83,10.93,10.24,10.47,1.0,10.93,10.24,0
2015-07-31,PETR4,PETR4,10.48,10.7,10.32,10.5,10.5,36615500,10.48,10.7,10.32,10.5,1.0,10.7,10.32,0
2015-08-03,PETR4,PETR4,10.36,10.41,9.95,10.02,10.02,40335300,10.36,10.41,9.95,10.02,1.0,10.41,9.95,0
2015-08-04,PETR4,PETR4,10.14,10.45,10.1,10.18,10.18,30497300,10.14,10.45,10.1,10.18,1.0,10.45,10.1,0
2015-08-05,PETR4,PETR4,10.41,10.55,10.01,10.01,10.01,43759700,10.41,10.55,10.01,10.01,1.0,10.55,10.01,0
2015-08-06,PETR4,PETR4,9.86,10.39,9.74,10.32,10.32,59527400,9.86,10.39,9.74,10.32,1.0,10.39,9.74,0
2015-08-07,PETR4,PETR4,10.25,10.55,9.69,9.69,9.69,64657900,10.25,10.55,9.69,9.69,1.0,10.55,9.69,0
2015-08-10,PETR4,PETR4,9.81,10.03,9.57,9.95,9.95,49877900,9.81,10.03,9.57,9.95,1.0,10.03,9.57,0
2015-08-11,PETR4,PETR4,9.79,9.86,9.47,9.83,9.83,43935700,9.79,9.86,9.47,9.83,1.0,9.86,9.47,0
2015-08-12,PETR4,PETR4,9.8,10.01,9.67,9.88,9.88,39146400,9.8,10.01,9.67,9.88,1.0,10.01,9.67,0
2015-08-13,PETR4,PETR4,9.91,9.97,9.51,9.51,9.51,30917800,9.91,9.97,9.51,9.51,1.0,9.97,9.51,0
2015-08-14,PETR4,PETR4,9.61,9.68,9.3,9.3,9.3,28018600,9.61,9.68,9.3,9.3,1.0,9.68,9.3,0
2015-08-17,PETR4,PETR4,9.2,9.36,9.12,9.12,9.12,32725700,9.2,9.36,9.12,9.12,1.0,9.36,9.12,0
2015-08-18,PETR4,PETR4,9.06,9.2,8.82,9.0,9.0,37491800,9.06,9.2,8.82,9.0,1.0,9.2,8.82,0
2015-08-19,PETR4,PETR4,8.95,9.05,8.63,8.79,8.79,36157100,8.95,9.05,8.63,8.79,1.0,9.05,8.63,0
2015-08-20,PETR4,PETR4,8.64,8.96,8.56,8.73,8.73,38200100,8.64,8.96,8.56,8.73,1.0,8.96,8.56,0
2015-08-21,PETR4,PETR4,8.6,8.64,8.3,8.3,8.3,39261100,8.6,8.64,8.3,8.3,1.0,8.64,8.3,0
2015-08-24,PETR4,PETR4,7.76,8.17,7.53,7.76,7.76,70703800,7.76,8.17,7.53,7.76,1.0,8.17,7.53,0
2015-08-25,PETR4,PETR4,8.1,8.23,7.88,7.9,7.9,57879500,8.1,8.23,7.88,7.9,1.0,8.23,7.88,0
2015-08-26,PETR4,PETR4,8.07,8.13,7.85,8.11,8.11,43884700,8.07,8.13,7.85,8.11,1.0,8.13,7.85,0
2015-08-27,PETR4,PETR4,8.25,8.89,8.23,8.89,8.89,65944100,8.25,8.89,8.23,8.89,1.0,8.89,8.23,0
2015-08-28,PETR4,PETR4,8.67,9.39,8.61,9.0,9.0,72971300,8.67,9.39,8.61,9.0,1.0,9.39,8.61,0
2015-08-31,PETR4,PETR4,8.71,9.29,8.52,9.19,9.19,76576400,8.71,9.29,8.52,9.19,1.0,9.29,8.52,0
2015-09-01,PETR4,PETR4,8.75,9.09,8.54,8.59,8.59,52756400,8.75,9.09,8.54,8.59,1.0,9.09,8.54,0
2015-09-02,PETR4,PETR4,8.75,8.84,8.33,8.82,8.82,56050600,8.75,8.84,8.33,8.82,1.0,8.84,8.33,0
2015-09-03,PETR4,PETR4,8.93,9.21,8.54,8.76,8.76,56645400,8.93,9.21,8.54,8.76,1.0,9.21,8.54,0
2015-09-04,PETR4,PETR4,8.6,8.76,8.51,8.51,8.51,35463400,8.6,8.76,8.51,8.51,1.0,8.76,8.51,0
2015-09-08,PETR4,PETR4,8.7,8.79,8.58,8.64,8.64,29383000,8.7,8.79,8.58,8.64,1.0,8.79,8.58,0
2015-09-09,PETR4,PETR4,8.81,8.9,8.36,8.39,8.39,38706300,8.81,8.9,8.36,8.39,1.0,8.9,8.36,0
2015-09-10,PETR4,PETR4,7.9,8.15,7.81,7.97,7.97,62858700,7.9,8.15,7.81,7.97,1.0,8.15,7.81,0
2015-09-11,PETR4,PETR4,7.94,7.99,7.59,7.66,7.66,53647300,7.94,7.99,7.59,7.66,1.0,7.99,7.59,0
2015-09-14,PETR4,PETR4,7.7,7.82,7.46,7.72,7.72,52851400,7.7,7.82,7.46,7.72,1.0,7.82,7.46,0
2015-09-15,PETR4,PETR4,7.65,7.87,7.54,7.65,7.65,35102900,7.65,7.87,7.54,7.65,1.0,7.87,7.54,0
2015-09-16,PETR4,PETR4,7.77,8.24,7.74,8.14,8.14,66613400,7.77,8.24,7.74,8.14,1.0,8.24,7.74,0
2015-09-17,PETR4,PETR4,8.05,8.11,7.86,7.86,7.86,72887600,8.05,8.11,7.86,7.86,1.0,8.11,7.86,0
2015-09-18,PETR4,PETR4,7.75,7.76,7.5,7.6,7.6,68097000,7.75,7.76,7.5,7.6,1.0,7.76,7.5,0
2015-09-21,PETR4,PETR4,7.66,7.68,7.3,7.3,7.3,41063600,7.66,7.68,7.3,7.3,1.0,7.68,7.3,0
2015-09-22,PETR4,PETR4,7.24,7.24,6.81,6.97,6.97,66720700,7.24,7.24,6.81,6.97,1.0,7.24,6.81,0
2015-09-23,PETR4,PETR4,6.96,7.16,6.7,6.82,6.82,64774800,6.96,7.16,6.7,6.82,1.0,7.16,6.7,0
2015-09-24,PETR4,PETR4,6.61,7.14,6.6,6.96,6.96,56577300,6.61,7.14,6.6,6.96,1.0,7.14,6.6,0
2015-09-25,PETR4,PETR4,7.12,7.22,6.77,6.82,6.82,44843100,7.12,7.22,6.77,6.82,1.0,7.22,6.77,0
2015-09-28,PETR4,PETR4,6.74,6.75,6.44,6.44,6.44,37466900,6.74,6.75,6.44,6.44,1.0,6.75,6.44,0
2015-09-29,PETR4,PETR4,6.54,6.79,6.5,6.59,6.59,52387600,6.54,6.79,6.5,6.59,1.0,6.79,6.5,0
2015-09-30,PETR4,PETR4,7.25,7.26,6.97,7.24,7.24,107779500,7.25,7.26,6.97,7.24,1.0,7.26,6.97,0
2015-10-01,PETR4,PETR4,7.31,7.46,6.99,7.02,7.02,69296500,7.31,7.46,6.99,7.02,1.0,7.46,6.99,0
2015-10-02,PETR4,PETR4,6.99,7.83,6.9,7.77,7.77,88891400,6.99,7.83,6.9,7.77,1.0,7.83,6.9,0
2015-10-05,PETR4,PETR4,7.9,8.14,7.75,7.82,7.82,68350300,7.9,8.14,7.75,7.82,1.0,8.14,7.75,0
2015-10-06,PETR4,PETR4,7.86,8.34,7.84,8.19,8.19,81259300,7.86,8.34,7.84,8.19,1.0,8.34,7.84,0
2015-10-07,PETR4,PETR4,8.51,8.9,8.27,8.47,8.47,116610600,8.51,8.9,8.27,8.47,1.0,8.9,8.27,0
2015-10-08,PETR4,PETR4,8.46,8.84,8.28,8.75,8.75,68670000,8.46,8.84,8.28,8.75,1.0,8.84,8.28,0
2015-10-09,PETR4,PETR4,9.02,9.07,8.58,8.8,8.8,71885200,9.02,9.07,8.58,8.8,1.0,9.07,8.58,0
2015-10-13,PETR4,PETR4,8.36,8.47,8.07,8.13,8.13,56100600,8.36,8.47,8.07,8.13,1.0,8.47,8.07,0
2015-10-14,PETR4,PETR4,8.07,8.23,7.89,7.96,7.96,75339100,8.07,8.23,7.89,7.96,1.0,8.23,7.89,0
2015-10-15,PETR4,PETR4,8.0,8.07,7.67,8.0,8.0,61444100,8.0,8.07,7.67,8.0,1.0,8.07,7.67,0
2015-10-16,PETR4,PETR4,7.99,8.08,7.81,7.95,7.95,42963800,7.99,8.08,7.81,7.95,1.0,8.08,7.81,0
2015-10-19,PETR4,PETR4,7.9,7.96,7.76,7.95,7.95,40096200,7.9,7.96,7.76,7.95,1.0,7.96,7.76,0
2015-10-20,PETR4,PETR4,8.0,8.19,7.97,8.05,8.05,47938700,8.0,8.19,7.97,8.05,1.0,8.19,7.97,0
2015-10-21,PETR4,PETR4,7.95,8.06,7.71,7.75,7.75,45394400,7.95,8.06,7.71,7.75,1.0,8.06,7.71,0
2015-10-22,PETR4,PETR4,7.82,8.11,7.81,8.02,8.02,46174500,7.82,8.11,7.81,8.02,1.0,8.11,7.81,0
2015-10-23,PETR4,PETR4,8.26,8.28,7.94,7.99,7.99,45715300,8.26,8.28,7.94,7.99,1.0,8.28,7.94,0
2015-10-26,PETR4,PETR4,8.05,8.13,7.8,7.85,7.85,35069500,8.05,8.13,7.8,7.85,1.0,8.13,7.8,0
2015-10-27,PETR4,PETR4,7.86,7.86,7.55,7.6,7.6,44085700,7.86,7.86,7.55,7.6,1.0,7.86,7.55,0
2015-10-28,PETR4,PETR4,7.61,7.95,7.52,7.7,7.7,56685500,7.61,7.95,7.52,7.7,1.0,7.95,7.52,0
2015-10-29,PETR4,PETR4,7.57,7.93,7.57,7.61,7.61,41336300,7.57,7.93,7.57,7.61,1.0,7.93,7.57,0
2015-10-30,PETR4,PETR4,7.6,7.78,7.54,7.71,7.71,36951300,7.6,7.78,7.54,7.71,1.0,7.78,7.54,0
2015-11-03,PETR4,PETR4,7.84,8.48,7.77,8.48,8.48,60306200,7.84,8.48,7.77,8.48,1.0,8.48,7.77,0
2015-11-04,PETR4,PETR4,8.58,8.65,8.02,8.08,8.08,55661500,8.58,8.65,8.02,8.08,1.0,8.65,8.02,0
2015-11-05,PETR4,PETR4,8.08,8.17,7.87,8.11,8.11,92690300,8.08,8.17,7.87,8.11,1.0,8.17,7.87,0
2015-11-06,PETR4,PETR4,8.04,8.08,7.73,7.82,7.82,39680600,8.04,8.08,7.73,7.82,1.0,8.08,7.73,0
2015-11-09,PETR4,PETR4,7.83,7.93,7.59,7.64,7.64,36340400,7.83,7.93,7.59,7.64,1.0,7.93,7.59,0
2015-11-10,PETR4,PETR4,7.6,7.69,7.51,7.61,7.61,34554300,7.6,7.69,7.51,7.61,1.0,7.69,7.51,0
2015-11-11,PETR4,PETR4,7.71,7.83,7.64,7.72,7.72,44596400,7.71,7.83,7.64,7.72,1.0,7.83,7.64,0
2015-11-12,PETR4,PETR4,7.72,7.74,7.53,7.58,7.58,41641400,7.72,7.74,7.53,7.58,1.0,7.74,7.53,0
2015-11-13,PETR4,PETR4,7.5,7.56,7.23,7.27,7.27,67000600,7.5,7.56,7.23,7.27,1.0,7.56,7.23,0
2015-11-16,PETR4,PETR4,7.31,7.7,7.31,7.7,7.7,56587800,7.31,7.7,7.31,7.7,1.0,7.7,7.31,0
2015-11-17,PETR4,PETR4,7.8,7.86,7.64,7.76,7.76,52072800,7.8,7.86,7.64,7.76,1.0,7.86,7.64,0
2015-11-18,PETR4,PETR4,7.81,8.03,7.79,7.82,7.82,38137700,7.81,8.03,7.79,7.82,1.0,8.03,7.79,0
2015-11-19,PETR4,PETR4,7.96,7.98,7.62,7.84,7.84,51878600,7.96,7.98,7.62,7.84,1.0,7.98,7.62,0
2015-11-23,PETR4,PETR4,7.9,8.1,7.85,8.08,8.08,47415800,7.9,8.1,7.85,8.08,1.0,8.1,7.85,0
2015-11-24,PETR4,PETR4,8.05,8.5,7.95,8.5,8.5,63001700,8.05,8.5,7.95,8.5,1.0,8.5,7.95,0
2015-11-25,PETR4,PETR4,8.28,8.35,7.9,7.9,7.9,54732800,8.28,8.35,7.9,7.9,1.0,8.35,7.9,0
2015-11-26,PETR4,PETR4,7.95,8.04,7.82,7.92,7.92,21697100,7.95,8.04,7.82,7.92,1.0,8.04,7.82,0
2015-11-27,PETR4,PETR4,7.81,7.86,7.57,7.6,7.6,38334200,7.81,7.86,7.57,7.6,1.0,7.86,7.57,0
2015-11-30,PETR4,PETR4,7.54,7.84,7.42,7.67,7.67,72764300,7.54,7.84,7.42,7.67,1.0,7.84,7.42,0
2015-12-01,PETR4,PETR4,7.67,7.76,7.45,7.49,7.49,35878600,7.67,7.76,7.45,7.49,1.0,7.76,7.45,0
2015-12-02,PETR4,PETR4,7.54,7.59,7.35,7.52,7.52,47713500,7.54,7.59,7.35,7.52,1.0,7.59,7.35,0
2015-12-03,PETR4,PETR4,7.99,8.17,7.79,7.98,7.98,76680900,7.99,8.17,7.79,7.98,1.0,8.17,7.79,0
2015-12-04,PETR4,PETR4,7.97,7.97,7.42,7.52,7.52,63662600,7.97,7.97,7.42,7.52,1.0,7.97,7.42,0
2015-12-07,PETR4,PETR4,7.6,7.61,7.15,7.19,7.19,47395000,7.6,7.61,7.15,7.19,1.0,7.61,7.15,0
2015-12-08,PETR4,PETR4,7.2,7.2,6.95,7.13,7.13,46590500,7.2,7.2,6.95,7.13,1.0,7.2,6.95,0
2015-12-09,PETR4,PETR4,7.34,7.82,7.27,7.65,7.65,82102800,7.34,7.82,7.27,7.65,1.0,7.82,7.27,0
2015-12-10,PETR4,PETR4,7.51,7.57,7.31,7.45,7.45,43458400,7.51,7.57,7.31,7.45,1.0,7.57,7.31,0
2015-12-11,PETR4,PETR4,7.26,7.53,7.21,7.25,7.25,50750600,7.26,7.53,7.21,7.25,1.0,7.53,7.21,0
2015-12-14,PETR4,PETR4,7.15,7.23,7.07,7.21,7.21,33538000,7.15,7.23,7.07,7.21,1.0,7.23,7.07,0
2015-12-15,PETR4,PETR4,7.34,7.47,7.3,7.42,7.42,34188900,7.34,7.47,7.3,7.42,1.0,7.47,7.3,0
2015-12-16,PETR4,PETR4,7.28,7.36,7.09,7.29,7.29,39840300,7.28,7.36,7.09,7.29,1.0,7.36,7.09,0
2015-12-17,PETR4,PETR4,7.35,7.52,7.19,7.2,7.2,43791600,7.35,7.52,7.19,7.2,1.0,7.52,7.19,0
2015-12-18,PETR4,PETR4,7.02,7.1,6.92,7.02,7.02,60061600,7.02,7.1,6.92,7.02,1.0,7.1,6.92,0
2015-12-21,PETR4,PETR4,7.06,7.09,6.62,6.64,6.64,54032100,7.06,7.09,6.62,6.64,1.0,7.09,6.62,0
2015-12-22,PETR4,PETR4,6.76,6.82,6.62,6.79,6.79,40463400,6.76,6.82,6.62,6.79,1.0,6.82,6.62,0
2015-12-23,PETR4,PETR4,6.91,7.04,6.87,6.93,6.93,38789700,6.91,7.04,6.87,6.93,1.0,7.04,6.87,0
2015-12-28,PETR4,PETR4,6.9,6.9,6.65,6.7,6.7,28617600,6.9,6.9,6.65,6.7,1.0,6.9,6.65,0
2015-12-29,PETR4,PETR4,6.81,6.87,6.68,6.69,6.69,22441300,6.81,6.87,6.68,6.69,1.0,6.87,6.68,0
2015-12-30,PETR4,PETR4,6.66,6.76,6.52,6.7,6.7,30041600,6.66,6.76,6.52,6.7,1.0,6.76,6.52,0
2016-01-04,PETR4,PETR4,6.57,7.03,6.55,6.87,6.87,45962100,6.57,7.03,6.55,6.87,1.0,7.03,6.55,0
2016-01-05,PETR4,PETR4,6.92,7.0,6.62,6.68,6.68,29446700,6.92,7.0,6.62,6.68,1.0,7.0,6.62,0
2016-01-06,PETR4,PETR4,6.53,6.54,6.4,6.4,6.4,67507200,6.53,6.54,6.4,6.4,1.0,6.54,6.4,0
2016-01-07,PETR4,PETR4,6.19,6.43,6.08,6.26,6.26,57387900,6.19,6.43,6.08,6.26,1.0,6.43,6.08,0
2016-01-08,PETR4,PETR4,6.38,6.45,6.13,6.27,6.27,52100300,6.38,6.45,6.13,6.27,1.0,6.45,6.13,0
2016-01-11,PETR4,PETR4,6.27,6.3,6.05,6.09,6.09,51334000,6.27,6.3,6.05,6.09,1.0,6.3,6.05,0
2016-01-12,PETR4,PETR4,6.12,6.12,5.51,5.53,5.53,81627800,6.12,6.12,5.51,5.53,1.0,6.12,5.51,0
2016-01-13,PETR4,PETR4,5.7,5.74,5.25,5.27,5.27,70874300,5.7,5.74,5.25,5.27,1.0,5.74,5.25,0
2016-01-14,PETR4,PETR4,5.31,5.69,5.13,5.69,5.69,76854200,5.31,5.69,5.13,5.69,1.0,5.69,5.13,0
2016-01-15,PETR4,PETR4,5.35,5.44,5.16,5.17,5.17,75571500,5.35,5.44,5.16,5.17,1.0,5.44,5.16,0
2016-01-18,PETR4,PETR4,5.19,5.21,4.8,4.8,4.8,46407200,5.19,5.21,4.8,4.8,1.0,5.21,4.8,0
2016-01-19,PETR4,PETR4,5.03,5.05,4.64,4.66,4.66,66529300,5.03,5.05,4.64,4.66,1.0,5.05,4.64,0
2016-01-20,PETR4,PETR4,4.5,4.5,4.26,4.43,4.43,92914100,4.5,4.5,4.26,4.43,1.0,4.5,4.26,0
2016-01-21,PETR4,PETR4,4.37,4.67,4.36,4.5,4.5,87455300,4.37,4.67,4.36,4.5,1.0,4.67,4.36,0
2016-01-22,PETR4,PETR4,4.73,4.77,4.4,4.41,4.41,100576600,4.73,4.77,4.4,4.41,1.0,4.77,4.4,0
2016-01-26,PETR4,PETR4,4.23,4.31,4.12,4.2,4.2,71933300,4.23,4.31,4.12,4.2,1.0,4.31,4.12,0
2016-01-27,PETR4,PETR4,4.22,4.64,4.16,4.57,4.57,79437900,4.22,4.64,4.16,4.57,1.0,4.64,4.16,0
2016-01-28,PETR4,PETR4,4.67,5.13,4.35,4.6,4.6,131960900,4.67,5.13,4.35,4.6,1.0,5.13,4.35,0
2016-01-29,PETR4,PETR4,4.7,4.86,4.52,4.84,4.84,93013900,4.7,4.86,4.52,4.84,1.0,4.86,4.52,0
2016-02-01,PETR4,PETR4,4.74,4.86,4.66,4.72,4.72,51910300,4.74,4.86,4.66,4.72,1.0,4.86,4.66,0
2016-02-02,PETR4,PETR4,4.56,4.65,4.3,4.3,4.3,53610300,4.56,4.65,4.3,4.3,1.0,4.65,4.3,0
2016-02-03,PETR4,PETR4,4.42,4.52,4.22,4.49,4.49,73786400,4.42,4.52,4.22,4.49,1.0,4.52,4.22,0
2016-02-04,PETR4,PETR4,4.56,4.94,4.36,4.73,4.73,91974200,4.56,4.94,4.36,4.73,1.0,4.94,4.36,0
2016-02-05,PETR4,PETR4,4.73,4.78,4.53,4.54,4.54,52704500,4.73,4.78,4.53,4.54,1.0,4.78,4.53,0
2016-02-10,PETR4,PETR4,4.3,4.41,4.28,4.31,4.31,45747400,4.3,4.41,4.28,4.31,1.0,4.41,4.28,0
2016-02-11,PETR4,PETR4,4.2,4.27,4.12,4.23,4.23,59451500,4.2,4.27,4.12,4.23,1.0,4.27,4.12,0
2016-02-12,PETR4,PETR4,4.37,4.51,4.3,4.45,4.45,64027200,4.37,4.51,4.3,4.45,1.0,4.51,4.3,0
2016-02-15,PETR4,PETR4,4.56,4.6,4.52,4.52,4.52,28490400,4.56,4.6,4.52,4.52,1.0,4.6,4.52,0
2016-02-16,PETR4,PETR4,4.5,4.64,4.42,4.44,4.44,80343900,4.5,4.64,4.42,4.44,1.0,4.64,4.42,0
2016-02-17,PETR4,PETR4,4.54,4.82,4.51,4.68,4.68,84473100,4.54,4.82,4.51,4.68,1.0,4.82,4.51,0
2016-02-18,PETR4,PETR4,4.69,4.87,4.55,4.59,4.59,65026900,4.69,4.87,4.55,4.59,1.0,4.87,4.55,0
2016-02-19,PETR4,PETR4,4.5,4.57,4.4,4.46,4.46,56031000,4.5,4.57,4.4,4.46,1.0,4.57,4.4,0
2016-02-22,PETR4,PETR4,4.67,5.04,4.63,5.04,5.04,80150300,4.67,5.04,4.63,5.04,1.0,5.04,4.63,0
2016-02-23,PETR4,PETR4,4.95,5.28,4.82,4.92,4.92,85037400,4.95,5.28,4.82,4.92,1.0,5.28,4.82,0
2016-02-24,PETR4,PETR4,4.77,4.93,4.65,4.87,4.87,75039700,4.77,4.93,4.65,4.87,1.0,4.93,4.65,0
2016-02-25,PETR4,PETR4,4.81,5.08,4.79,4.89,4.89,70393700,4.81,5.08,4.79,4.89,1.0,5.08,4.79,0
2016-02-26,PETR4,PETR4,5.02,5.1,4.83,4.87,4.87,61396800,5.02,5.1,4.83,4.87,1.0,5.1,4.83,0
2016-02-29,PETR4,PETR4,5.08,5.23,4.98,5.14,5.14,84165000,5.08,5.23,4.98,5.14,1.0,5.23,4.98,0
2016-03-01,PETR4,PETR4,5.31,5.37,5.1,5.31,5.31,80939200,5.31,5.37,5.1,5.31,1.0,5.37,5.1,0
2016-03-02,PETR4,PETR4,5.21,5.65,5.15,5.65,5.65,88545800,5.21,5.65,5.15,5.65,1.0,5.65,5.15,0
2016-03-03,PETR4,PETR4,5.85,6.8,5.8,6.57,6.57,186772500,5.85,6.8,5.8,6.57,1.0,6.8,5.8,0
2016-03-04,PETR4,PETR4,7.9,7.9,6.9,7.22,7.22,175922100,7.9,7.9,6.9,7.22,1.0,7.9,6.9,0
2016-03-07,PETR4,PETR4,7.25,7.53,6.95,7.37,7.37,85041400,7.25,7.53,6.95,7.37,1.0,7.53,6.95,0
2016-03-08,PETR4,PETR4,7.37,7.84,7.08,7.47,7.47,137169400,7.37,7.84,7.08,7.47,1.0,7.84,7.08,0
2016-03-09,PETR4,PETR4,7.7,7.78,7.36,7.6,7.6,84821900,7.7,7.78,7.36,7.6,1.0,7.78,7.36,0
2016-03-10,PETR4,PETR4,7.8,7.96,7.31,7.95,7.95,117672300,7.8,7.96,7.31,7.95,1.0,7.96,7.31,0
2016-03-11,PETR4,PETR4,7.94,8.22,7.67,8.09,8.09,92331300,7.94,8.22,7.67,8.09,1.0,8.22,7.67,0
2016-03-14,PETR4,PETR4,8.13,8.2,7.4,7.4,7.4,86084700,8.13,8.2,7.4,7.4,1.0,8.2,7.4,0
2016-03-15,PETR4,PETR4,6.83,6.96,6.56,6.61,6.61,104913200,6.83,6.96,6.56,6.61,1.0,6.96,6.56,0
2016-03-16,PETR4,PETR4,6.51,7.23,6.41,7.23,7.23,85533000,6.51,7.23,6.41,7.23,1.0,7.23,6.41,0
2016-03-17,PETR4,PETR4,8.15,8.19,7.71,8.1,8.1,118294200,8.15,8.19,7.71,8.1,1.0,8.19,7.71,0
2016-03-18,PETR4,PETR4,8.09,8.17,7.72,8.12,8.12,77182400,8.09,8.17,7.72,8.12,1.0,8.17,7.72,0
2016-03-21,PETR4,PETR4,8.08,8.27,7.93,8.06,8.06,65837300,8.08,8.27,7.93,8.06,1.0,8.27,7.93,0
2016-03-22,PETR4,PETR4,7.85,8.18,7.73,8.11,8.11,84549700,7.85,8.18,7.73,8.11,1.0,8.18,7.73,0
2016-03-23,PETR4,PETR4,7.88,7.96,7.66,7.78,7.78,61437900,7.88,7.96,7.66,7.78,1.0,7.96,7.66,0
2016-03-24,PETR4,PETR4,7.53,8.0,7.32,7.81,7.81,52343300,7.53,8.0,7.32,7.81,1.0,8.0,7.32,0
2016-03-28,PETR4,PETR4,8.15,8.48,7.91,8.44,8.44,69818700,8.15,8.48,7.91,8.44,1.0,8.48,7.91,0
2016-03-29,PETR4,PETR4,8.34,8.85,8.19,8.49,8.49,89050200,8.34,8.85,8.19,8.49,1.0,8.85,8.19,0
2016-03-30,PETR4,PETR4,8.7,9.0,8.28,8.44,8.44,90059600,8.7,9.0,8.28,8.44,1.0,9.0,8.28,0
2016-03-31,PETR4,PETR4,8.36,8.63,8.19,8.35,8.35,70267600,8.36,8.63,8.19,8.35,1.0,8.63,8.19,0
2016-04-01,PETR4,PETR4,8.05,8.41,7.94,8.36,8.36,74255000,8.05,8.41,7.94,8.36,1.0,8.41,7.94,0
2016-04-04,PETR4,PETR4,8.0,8.18,7.53,7.58,7.58,70727200,8.0,8.18,7.53,7.58,1.0,8.18,7.53,0
2016-04-05,PETR4,PETR4,7.55,8.05,7.41,7.83,7.83,75660400,7.55,8.05,7.41,7.83,1.0,8.05,7.41,0
2016-04-06,PETR4,PETR4,7.77,7.96,7.58,7.58,7.58,70548400,7.77,7.96,7.58,7.58,1.0,7.96,7.58,0
2016-04-07,PETR4,PETR4,7.79,7.85,7.6,7.7,7.7,46486700,7.79,7.85,7.6,7.7,1.0,7.85,7.6,0
2016-04-08,PETR4,PETR4,8.13,8.34,8.04,8.26,8.26,84448200,8.13,8.34,8.04,8.26,1.0,8.34,8.04,0
2016-04-11,PETR4,PETR4,8.43,8.58,8.34,8.39,8.39,61351400,8.43,8.58,8.34,8.39,1.0,8.58,8.34,0
2016-04-12,PETR4,PETR4,8.55,9.15,8.49,9.03,9.03,86545800,8.55,9.15,8.49,9.03,1.0,9.15,8.49,0
2016-04-13,PETR4,PETR4,9.41,9.74,9.29,9.51,9.51,106644800,9.41,9.74,9.29,9.51,1.0,9.74,9.29,0
2016-04-14,PETR4,PETR4,9.73,9.77,9.12,9.16,9.16,77355500,9.73,9.77,9.12,9.16,1.0,9.77,9.12,0
2016-04-15,PETR4,PETR4,9.25,9.83,9.07,9.69,9.69,95590000,9.25,9.83,9.07,9.69,1.0,9.83,9.07,0
2016-04-18,PETR4,PETR4,9.65,9.72,8.89,9.24,9.24,88873100,9.65,9.72,8.89,9.24,1.0,9.72,8.89,0
2016-04-19,PETR4,PETR4,9.48,9.67,9.34,9.62,9.62,57321100,9.48,9.67,9.34,9.62,1.0,9.67,9.34,0
2016-04-20,PETR4,PETR4,9.4,9.64,9.34,9.48,9.48,53295800,9.4,9.64,9.34,9.48,1.0,9.64,9.34,0
2016-04-22,PETR4,PETR4,9.32,9.93,9.29,9.75,9.75,63322900,9.32,9.93,9.29,9.75,1.0,9.93,9.29,0
2016-04-25,PETR4,PETR4,9.71,9.9,9.33,9.33,9.33,56585400,9.71,9.9,9.33,9.33,1.0,9.9,9.33,0
2016-04-26,PETR4,PETR4,9.48,9.74,9.34,9.67,9.67,40460400,9.48,9.74,9.34,9.67,1.0,9.74,9.34,0
2016-04-27,PETR4,PETR4,9.85,10.3,9.77,10.25,10.25,86397900,9.85,10.3,9.77,10.25,1.0,10.3,9.77,0
2016-04-28,PETR4,PETR4,10.23,10.54,10.08,10.23,10.23,57741500,10.23,10.54,10.08,10.23,1.0,10.54,10.08,0
2016-04-29,PETR4,PETR4,10.41,10.49,10.01,10.23,10.23,53931300,10.41,10.49,10.01,10.23,1.0,10.49,10.01,0
2016-05-02,PETR4,PETR4,10.25,10.36,9.93,10.17,10.17,48618800,10.25,10.36,9.93,10.17,1.0,10.36,9.93,0
2016-05-03,PETR4,PETR4,10.01,10.09,9.71,9.78,9.78,47074700,10.01,10.09,9.71,9.78,1.0,10.09,9.71,0
2016-05-04,PETR4,PETR4,9.85,10.15,9.85,9.92,9.92,43389500,9.85,10.15,9.85,9.92,1.0,10.15,9.85,0
2016-05-05,PETR4,PETR4,10.28,10.3,9.6,9.81,9.81,65074500,10.28,10.3,9.6,9.81,1.0,10.3,9.6,0
2016-05-06,PETR4,PETR4,9.63,10.13,9.58,10.08,10.08,45330900,9.63,10.13,9.58,10.08,1.0,10.13,9.58,0
2016-05-09,PETR4,PETR4,10.01,10.05,8.84,9.48,9.48,94688100,10.01,10.05,8.84,9.48,1.0,10.05,8.84,0
2016-05-10,PETR4,PETR4,9.82,10.21,9.72,10.21,10.21,53055800,9.82,10.21,9.72,10.21,1.0,10.21,9.72,0
2016-05-11,PETR4,PETR4,10.39,10.5,9.99,10.25,10.25,74542300,10.39,10.5,9.99,10.25,1.0,10.5,9.99,0
2016-05-12,PETR4,PETR4,10.4,10.47,9.79,9.79,9.79,67229100,10.4,10.47,9.79,9.79,1.0,10.47,9.79,0
2016-05-13,PETR4,PETR4,9.93,10.06,9.39,9.46,9.46,70472200,9.93,10.06,9.39,9.46,1.0,10.06,9.39,0
2016-05-16,PETR4,PETR4,9.55,9.85,9.52,9.75,9.75,61487700,9.55,9.85,9.52,9.75,1.0,9.85,9.52,0
2016-05-17,PETR4,PETR4,9.83,9.88,9.46,9.5,9.5,46379500,9.83,9.88,9.46,9.5,1.0,9.88,9.46,0
2016-05-18,PETR4,PETR4,9.31,9.65,9.27,9.32,9.32,51929100,9.31,9.65,9.27,9.32,1.0,9.65,9.27,0
2016-05-19,PETR4,PETR4,9.25,9.25,8.65,8.96,8.96,75430200,9.25,9.25,8.65,8.96,1.0,9.25,8.65,0
2016-05-20,PETR4,PETR4,9.2,9.46,8.9,8.9,8.9,65173100,9.2,9.46,8.9,8.9,1.0,9.46,8.9,0
2016-05-23,PETR4,PETR4,8.55,8.67,8.42,8.5,8.5,51330000,8.55,8.67,8.42,8.5,1.0,8.67,8.42,0
2016-05-24,PETR4,PETR4,8.69,8.85,8.45,8.53,8.53,44823400,8.69,8.85,8.45,8.53,1.0,8.85,8.45,0
2016-05-25,PETR4,PETR4,8.68,8.94,8.59,8.67,8.67,45512600,8.68,8.94,8.59,8.67,1.0,8.94,8.59,0
2016-05-27,PETR4,PETR4,8.5,8.57,8.23,8.23,8.23,47488600,8.5,8.57,8.23,8.23,1.0,8.57,8.23,0
2016-05-30,PETR4,PETR4,8.18,8.62,8.06,8.38,8.38,32281900,8.18,8.62,8.06,8.38,1.0,8.62,8.06,0
2016-05-31,PETR4,PETR4,8.36,8.57,8.04,8.04,8.04,58662600,8.36,8.57,8.04,8.04,1.0,8.57,8.04,0
2016-06-01,PETR4,PETR4,8.09,8.25,7.86,8.18,8.18,45884400,8.09,8.25,7.86,8.18,1.0,8.25,7.86,0
2016-06-02,PETR4,PETR4,8.19,8.41,8.03,8.4,8.4,52835100,8.19,8.41,8.03,8.4,1.0,8.41,8.03,0
2016-06-03,PETR4,PETR4,8.51,8.67,8.45,8.57,8.57,45595300,8.51,8.67,8.45,8.57,1.0,8.67,8.45,0
2016-06-06,PETR4,PETR4,8.7,8.78,8.45,8.46,8.46,37117600,8.7,8.78,8.45,8.46,1.0,8.78,8.45,0
2016-06-07,PETR4,PETR4,8.42,8.72,8.39,8.62,8.62,34401600,8.42,8.72,8.39,8.62,1.0,8.72,8.39,0
2016-06-08,PETR4,PETR4,8.8,9.41,8.8,9.39,9.39,77194700,8.8,9.41,8.8,9.39,1.0,9.41,8.8,0
2016-06-09,PETR4,PETR4,9.28,9.38,9.05,9.18,9.18,46539900,9.28,9.38,9.05,9.18,1.0,9.38,9.05,0
2016-06-10,PETR4,PETR4,8.97,8.99,8.78,8.78,8.78,38859900,8.97,8.99,8.78,8.78,1.0,8.99,8.78,0
2016-06-13,PETR4,PETR4,8.58,8.84,8.52,8.62,8.62,37094100,8.58,8.84,8.52,8.62,1.0,8.84,8.52,0
2016-06-14,PETR4,PETR4,8.6,8.77,8.25,8.3,8.3,66180300,8.6,8.77,8.25,8.3,1.0,8.77,8.25,0
2016-06-15,PETR4,PETR4,8.3,8.69,8.27,8.51,8.51,84556900,8.3,8.69,8.27,8.51,1.0,8.69,8.27,0
2016-06-16,PETR4,PETR4,8.41,8.54,8.28,8.5,8.5,46834500,8.41,8.54,8.28,8.5,1.0,8.54,8.28,0
2016-06-17,PETR4,PETR4,8.75,8.95,8.73,8.95,8.95,63144100,8.75,8.95,8.73,8.95,1.0,8.95,8.73,0
2016-06-20,PETR4,PETR4,9.22,9.37,9.12,9.18,9.18,63791500,9.22,9.37,9.12,9.18,1.0,9.37,9.12,0
2016-06-21,PETR4,PETR4,9.09,9.54,8.94,9.53,9.53,53703900,9.09,9.54,8.94,9.53,1.0,9.54,8.94,0
2016-06-22,PETR4,PETR4,9.61,9.75,9.34,9.34,9.34,61983000,9.61,9.75,9.34,9.34,1.0,9.75,9.34,0
2016-06-23,PETR4,PETR4,9.59,9.7,9.51,9.67,9.67,48031300,9.59,9.7,9.51,9.67,1.0,9.7,9.51,0
2016-06-24,PETR4,PETR4,9.0,9.33,8.92,9.25,9.25,75974900,9.0,9.33,8.92,9.25,1.0,9.33,8.92,0
2016-06-27,PETR4,PETR4,9.22,9.34,8.78,8.78,8.78,58818400,9.22,9.34,8.78,8.78,1.0,9.34,8.78,0
2016-06-28,PETR4,PETR4,9.1,9.28,9.07,9.2,9.2,45291700,9.1,9.28,9.07,9.2,1.0,9.28,9.07,0
2016-06-29,PETR4,PETR4,9.43,9.57,9.32,9.5,9.5,56093600,9.43,9.57,9.32,9.5,1.0,9.57,9.32,0
2016-06-30,PETR4,PETR4,9.42,9.49,9.24,9.42,9.42,43741300,9.42,9.49,9.24,9.42,1.0,9.49,9.24,0
2016-07-01,PETR4,PETR4,9.48,9.85,9.37,9.82,9.82,49290800,9.48,9.85,9.37,9.82,1.0,9.85,9.37,0
2016-07-04,PETR4,PETR4,9.95,10.05,9.79,9.87,9.87,24505100,9.95,10.05,9.79,9.87,1.0,10.05,9.79,0
2016-07-05,PETR4,PETR4,9.65,9.67,9.23,9.29,9.29,69691200,9.65,9.67,9.23,9.29,1.0,9.67,9.23,0
2016-07-06,PETR4,PETR4,9.09,9.52,8.95,9.5,9.5,68781500,9.09,9.52,8.95,9.5,1.0,9.52,8.95,0
2016-07-07,PETR4,PETR4,9.66,9.98,9.52,9.56,9.56,81610300,9.66,9.98,9.52,9.56,1.0,9.98,9.52,0
2016-07-08,PETR4,PETR4,9.85,9.94,9.67,9.84,9.84,42647600,9.85,9.94,9.67,9.84,1.0,9.94,9.67,0
2016-07-11,PETR4,PETR4,10.0,10.37,9.98,10.36,10.36,66717300,10.0,10.37,9.98,10.36,1.0,10.37,9.98,0
2016-07-12,PETR4,PETR4,10.61,10.8,10.58,10.65,10.65,58174200,10.61,10.8,10.58,10.65,1.0,10.8,10.58,0
2016-07-13,PETR4,PETR4,10.47,10.63,10.21,10.63,10.63,64252100,10.47,10.63,10.21,10.63,1.0,10.63,10.21,0
2016-07-14,PETR4,PETR4,10.92,10.98,10.66,10.93,10.93,53059500,10.92,10.98,10.66,10.93,1.0,10.98,10.66,0
2016-07-15,PETR4,PETR4,10.91,11.06,10.82,11.02,11.02,51223500,10.91,11.06,10.82,11.02,1.0,11.06,10.82,0
2016-07-18,PETR4,PETR4,10.97,11.74,10.87,11.55,11.55,77358900,10.97,11.74,10.87,11.55,1.0,11.74,10.87,0
2016-07-19,PETR4,PETR4,11.51,11.97,11.5,11.78,11.78,53692000,11.51,11.97,11.5,11.78,1.0,11.97,11.5,0
2016-07-20,PETR4,PETR4,11.82,11.9,11.54,11.82,11.82,49261200,11.82,11.9,11.54,11.82,1.0,11.9,11.54,0
2016-07-21,PETR4,PETR4,11.77,11.99,11.73,11.85,11.85,37748600,11.77,11.99,11.73,11.85,1.0,11.99,11.73,0
2016-07-22,PETR4,PETR4,11.84,11.97,11.72,11.94,11.94,33938400,11.84,11.97,11.72,11.94,1.0,11.97,11.72,0
2016-07-25,PETR4,PETR4,11.98,12.25,11.91,12.03,12.03,47192000,11.98,12.25,11.91,12.03,1.0,12.25,11.91,0
2016-07-26,PETR4,PETR4,11.95,12.07,11.85,11.88,11.88,38304800,11.95,12.07,11.85,11.88,1.0,12.07,11.85,0
2016-07-27,PETR4,PETR4,11.99,12.04,11.51,11.51,11.51,51952100,11.99,12.04,11.51,11.51,1.0,12.04,11.51,0
2016-07-28,PETR4,PETR4,11.4,11.55,11.15,11.44,11.44,40663100,11.4,11.55,11.15,11.44,1.0,11.55,11.15,0
2016-07-29,PETR4,PETR4,11.76,11.98,11.61,11.87,11.87,60740000,11.76,11.98,11.61,11.87,1.0,11.98,11.61,0
2016-08-01,PETR4,PETR4,11.93,11.97,11.22,11.25,11.25,52012300,11.93,11.97,11.22,11.25,1.0,11.97,11.22,0
2016-08-02,PETR4,PETR4,11.33,11.62,11.1,11.36,11.36,49134600,11.33,11.62,11.1,11.36,1.0,11.62,11.1,0
2016-08-03,PETR4,PETR4,11.58,11.9,11.33,11.9,11.9,55695500,11.58,11.9,11.33,11.9,1.0,11.9,11.33,0
2016-08-04,PETR4,PETR4,11.93,12.12,11.87,12.01,12.01,63207500,11.93,12.12,11.87,12.01,1.0,12.12,11.87,0
2016-08-05,PETR4,PETR4,12.12,12.17,11.65,11.65,11.65,54225900,12.12,12.17,11.65,11.65,1.0,12.17,11.65,0
2016-08-08,PETR4,PETR4,11.79,11.97,11.7,11.91,11.91,41552000,11.79,11.97,11.7,11.91,1.0,11.97,11.7,0
2016-08-09,PETR4,PETR4,11.92,12.07,11.75,11.88,11.88,33596200,11.92,12.07,11.75,11.88,1.0,12.07,11.75,0
2016-08-10,PETR4,PETR4,11.95,11.97,11.56,11.56,11.56,41638400,11.95,11.97,11.56,11.56,1.0,11.97,11.56,0
2016-08-11,PETR4,PETR4,11.63,12.1,11.6,12.1,12.1,55881500,11.63,12.1,11.6,12.1,1.0,12.1,11.6,0
2016-08-12,PETR4,PETR4,12.05,12.44,11.98,12.0,12.0,71281300,12.05,12.44,11.98,12.0,1.0,12.44,11.98,0
2016-08-15,PETR4,PETR4,12.19,12.37,12.07,12.31,12.31,53568000,12.19,12.37,12.07,12.31,1.0,12.37,12.07,0
2016-08-16,PETR4,PETR4,12.31,12.56,12.14,12.49,12.49,48218700,12.31,12.56,12.14,12.49,1.0,12.56,12.14,0
2016-08-17,PETR4,PETR4,12.47,12.76,12.32,12.76,12.76,46809100,12.47,12.76,12.32,12.76,1.0,12.76,12.32,0
2016-08-18,PETR4,PETR4,12.8,13.03,12.78,12.88,12.88,44941100,12.8,13.03,12.78,12.88,1.0,13.03,12.78,0
2016-08-19,PETR4,PETR4,12.82,12.92,12.7,12.79,12.79,33360000,12.82,12.92,12.7,12.79,1.0,12.92,12.7,0
2016-08-22,PETR4,PETR4,12.63,12.63,12.3,12.35,12.35,43258900,12.63,12.63,12.3,12.35,1.0,12.63,12.3,0
2016-08-23,PETR4,PETR4,12.48,12.86,12.42,12.67,12.67,61048000,12.48,12.86,12.42,12.67,1.0,12.86,12.42,0
2016-08-24,PETR4,PETR4,12.5,12.71,12.37,12.4,12.4,44694700,12.5,12.71,12.37,12.4,1.0,12.71,12.37,0
2016-08-25,PETR4,PETR4,12.42,12.64,12.35,12.53,12.53,40290500,12.42,12.64,12.35,12.53,1.0,12.64,12.35,0
2016-08-26,PETR4,PETR4,12.69,12.9,12.45,12.55,12.55,50650500,12.69,12.9,12.45,12.55,1.0,12.9,12.45,0
2016-08-29,PETR4,PETR4,12.5,12.96,12.45,12.87,12.87,36990100,12.5,12.96,12.45,12.87,1.0,12.96,12.45,0
2016-08-30,PETR4,PETR4,13.04,13.23,12.97,13.09,13.09,51893700,13.04,13.23,12.97,13.09,1.0,13.23,12.97,0
2016-08-31,PETR4,PETR4,13.13,13.22,12.71,12.85,12.85,61016100,13.13,13.22,12.71,12.85,1.0,13.22,12.71,0
2016-09-01,PETR4,PETR4,12.97,13.09,12.76,13.0,13.0,45370000,12.97,13.09,12.76,13.0,1.0,13.09,12.76,0
2016-09-02,PETR4,PETR4,13.22,13.58,13.15,13.57,13.57,57017000,13.22,13.58,13.15,13.57,1.0,13.58,13.15,0
2016-09-05,PETR4,PETR4,13.79,13.93,13.73,13.83,13.83,26292200,13.79,13.93,13.73,13.83,1.0,13.93,13.73,0
2016-09-06,PETR4,PETR4,13.69,13.98,13.53,13.98,13.98,42086900,13.69,13.98,13.53,13.98,1.0,13.98,13.53,0
2016-09-08,PETR4,PETR4,14.07,14.29,13.96,14.22,14.22,42797300,14.07,14.29,13.96,14.22,1.0,14.29,13.96,0
2016-09-09,PETR4,PETR4,13.96,14.02,13.51,13.51,13.51,43155300,13.96,14.02,13.51,13.51,1.0,14.02,13.51,0
2016-09-12,PETR4,PETR4,13.32,13.95,13.27,13.95,13.95,44141000,13.32,13.95,13.27,13.95,1.0,13.95,13.27,0
2016-09-13,PETR4,PETR4,13.7,13.85,12.94,13.01,13.01,64134000,13.7,13.85,12.94,13.01,1.0,13.85,12.94,0
2016-09-14,PETR4,PETR4,13.15,13.36,12.97,13.11,13.11,43932500,13.15,13.36,12.97,13.11,1.0,13.36,12.97,0
2016-09-15,PETR4,PETR4,13.21,13.56,13.16,13.51,13.51,42169100,13.21,13.56,13.16,13.51,1.0,13.56,13.16,0
2016-09-16,PETR4,PETR4,13.34,13.42,13.16,13.16,13.16,44651900,13.34,13.42,13.16,13.16,1.0,13.42,13.16,0
2016-09-19,PETR4,PETR4,13.42,13.54,13.02,13.05,13.05,51105500,13.42,13.54,13.02,13.05,1.0,13.54,13.02,0
2016-09-20,PETR4,PETR4,13.45,13.63,13.33,13.5,13.5,52063100,13.45,13.63,13.33,13.5,1.0,13.63,13.33,0
2016-09-21,PETR4,PETR4,13.6,13.69,13.4,13.66,13.66,61094100,13.6,13.69,13.4,13.66,1.0,13.69,13.4,0
2016-09-22,PETR4,PETR4,13.89,14.09,13.84,14.0,14.0,47574500,13.89,14.09,13.84,14.0,1.0,14.09,13.84,0
2016-09-23,PETR4,PETR4,13.98,13.98,13.54,13.69,13.69,53264300,13.98,13.98,13.54,13.69,1.0,13.98,13.54,0
2016-09-26,PETR4,PETR4,13.59,13.69,13.39,13.4,13.4,35545800,13.59,13.69,13.39,13.4,1.0,13.69,13.39,0
2016-09-27,PETR4,PETR4,13.4,13.4,12.87,13.12,13.12,58098200,13.4,13.4,12.87,13.12,1.0,13.4,12.87,0
2016-09-28,PETR4,PETR4,13.3,13.85,13.12,13.85,13.85,69032100,13.3,13.85,13.12,13.85,1.0,13.85,13.12,0
2016-09-29,PETR4,PETR4,13.8,13.9,13.43,13.43,13.43,53143200,13.8,13.9,13.43,13.43,1.0,13.9,13.43,0
2016-09-30,PETR4,PETR4,13.53,13.77,13.44,13.57,13.57,39275000,13.53,13.77,13.44,13.57,1.0,13.77,13.44,0
2016-10-03,PETR4,PETR4,13.67,13.97,13.62,13.97,13.97,34444500,13.67,13.97,13.62,13.97,1.0,13.97,13.62,0
2016-10-04,PETR4,PETR4,13.98,14.12,13.83,14.02,14.02,39717400,13.98,14.12,13.83,14.02,1.0,14.12,13.83,0
2016-10-05,PETR4,PETR4,14.19,14.64,14.16,14.58,14.58,65242200,14.19,14.64,14.16,14.58,1.0,14.64,14.16,0
2016-10-06,PETR4,PETR4,14.71,15.1,14.62,15.1,15.1,77003800,14.71,15.1,14.62,15.1,1.0,15.1,14.62,0
2016-10-07,PETR4,PETR4,15.23,15.38,14.97,15.26,15.26,71691000,15.23,15.38,14.97,15.26,1.0,15.38,14.97,0
2016-10-10,PETR4,PETR4,15.52,15.77,15.51,15.73,15.73,38724300,15.52,15.77,15.51,15.73,1.0,15.77,15.51,0
2016-10-11,PETR4,PETR4,15.61,15.66,15.29,15.39,15.39,69314500,15.61,15.66,15.29,15.39,1.0,15.66,15.29,0
2016-10-13,PETR4,PETR4,15.19,15.82,15.03,15.76,15.76,58212500,15.19,15.82,15.03,15.76,1.0,15.82,15.03,0
2016-10-14,PETR4,PETR4,16.01,16.29,15.98,16.26,16.26,66150000,16.01,16.29,15.98,16.26,1.0,16.29,15.98,0
2016-10-17,PETR4,PETR4,16.24,16.9,16.07,16.9,16.9,75002000,16.24,16.9,16.07,16.9,1.0,16.9,16.07,0
2016-10-18,PETR4,PETR4,17.21,17.64,17.18,17.42,17.42,76995000,17.21,17.64,17.18,17.42,1.0,17.64,17.18,0
2016-10-19,PETR4,PETR4,17.72,17.79,17.34,17.62,17.62,65212400,17.72,17.79,17.34,17.62,1.0,17.79,17.34,0
2016-10-20,PETR4,PETR4,17.31,17.74,17.22,17.74,17.74,62901500,17.31,17.74,17.22,17.74,1.0,17.74,17.22,0
2016-10-21,PETR4,PETR4,17.65,18.09,17.48,17.95,17.95,47961800,17.65,18.09,17.48,17.95,1.0,18.09,17.48,0
2016-10-24,PETR4,PETR4,18.26,18.43,18.0,18.2,18.2,51678900,18.26,18.43,18.0,18.2,1.0,18.43,18.0,0
2016-10-25,PETR4,PETR4,18.22,18.29,17.71,18.0,18.0,57674100,18.22,18.29,17.71,18.0,1.0,18.29,17.71,0
2016-10-26,PETR4,PETR4,17.7,18.25,17.61,18.1,18.1,51424400,17.7,18.25,17.61,18.1,1.0,18.25,17.61,0
2016-10-27,PETR4,PETR4,18.11,18.49,18.09,18.09,18.09,43645900,18.11,18.49,18.09,18.09,1.0,18.49,18.09,0
2016-10-28,PETR4,PETR4,17.99,18.29,17.95,18.09,18.09,37689700,17.99,18.29,17.95,18.09,1.0,18.29,17.95,0
2016-10-31,PETR4,PETR4,18.03,18.17,17.61,17.69,17.69,42059100,18.03,18.17,17.61,17.69,1.0,18.17,17.61,0
2016-11-01,PETR4,PETR4,17.88,17.88,16.56,16.86,16.86,68718800,17.88,17.88,16.56,16.86,1.0,17.88,16.56,0
2016-11-03,PETR4,PETR4,16.63,17.03,16.13,16.13,16.13,56998700,16.63,17.03,16.13,16.13,1.0,17.03,16.13,0
2016-11-04,PETR4,PETR4,16.47,16.58,15.91,15.99,15.99,61347700,16.47,16.58,15.91,15.99,1.0,16.58,15.91,0
2016-11-07,PETR4,PETR4,16.71,17.21,16.71,17.21,17.21,51625300,16.71,17.21,16.71,17.21,1.0,17.21,16.71,0
2016-11-08,PETR4,PETR4,17.1,17.48,16.73,17.04,17.04,56241000,17.1,17.48,16.73,17.04,1.0,17.48,16.73,0
2016-11-09,PETR4,PETR4,15.85,17.1,15.81,16.65,16.65,111417100,15.85,17.1,15.81,16.65,1.0,17.1,15.81,0
2016-11-10,PETR4,PETR4,17.1,17.18,15.5,15.5,15.5,94683900,17.1,17.18,15.5,15.5,1.0,17.18,15.5,0
2016-11-11,PETR4,PETR4,15.18,15.46,13.94,14.01,14.01,129811400,15.18,15.46,13.94,14.01,1.0,15.46,13.94,0
2016-11-14,PETR4,PETR4,13.8,14.18,13.33,14.0,14.0,86623000,13.8,14.18,13.33,14.0,1.0,14.18,13.33,0
2016-11-16,PETR4,PETR4,14.55,14.96,14.18,14.74,14.74,77406600,14.55,14.96,14.18,14.74,1.0,14.96,14.18,0
2016-11-17,PETR4,PETR4,15.15,15.32,14.29,14.29,14.29,51535300,15.15,15.32,14.29,14.29,1.0,15.32,14.29,0
2016-11-18,PETR4,PETR4,14.37,14.69,14.21,14.52,14.52,55041300,14.37,14.69,14.21,14.52,1.0,14.69,14.21,0
2016-11-21,PETR4,PETR4,15.05,15.58,14.88,15.58,15.58,59122000,15.05,15.58,14.88,15.58,1.0,15.58,14.88,0
2016-11-22,PETR4,PETR4,15.93,16.08,15.25,15.93,15.93,58636100,15.93,16.08,15.25,15.93,1.0,16.08,15.25,0
2016-11-23,PETR4,PETR4,15.72,15.99,15.53,15.85,15.85,42490100,15.72,15.99,15.53,15.85,1.0,15.99,15.53,0
2016-11-24,PETR4,PETR4,15.9,15.9,15.58,15.58,15.58,14725000,15.9,15.9,15.58,15.58,1.0,15.9,15.58,0
2016-11-25,PETR4,PETR4,15.25,15.52,15.05,15.3,15.3,47630600,15.25,15.52,15.05,15.3,1.0,15.52,15.05,0
2016-11-28,PETR4,PETR4,15.2,15.56,15.2,15.46,15.46,38747500,15.2,15.56,15.2,15.46,1.0,15.56,15.2,0
2016-11-29,PETR4,PETR4,15.3,15.38,14.59,14.66,14.66,54075900,15.3,15.38,14.59,14.66,1.0,15.38,14.59,0
2016-11-30,PETR4,PETR4,15.9,16.19,15.61,16.0,16.0,82547300,15.9,16.19,15.61,16.0,1.0,16.19,15.61,0
2016-12-01,PETR4,PETR4,16.0,16.35,15.33,15.44,15.44,66775400,16.0,16.35,15.33,15.44,1.0,16.35,15.33,0
2016-12-02,PETR4,PETR4,15.12,15.91,14.75,15.83,15.83,58381500,15.12,15.91,14.75,15.83,1.0,15.91,14.75,0
2016-12-05,PETR4,PETR4,16.01,16.09,15.55,15.66,15.66,47586500,16.01,16.09,15.55,15.66,1.0,16.09,15.55,0
2016-12-06,PETR4,PETR4,16.0,16.2,15.74,16.15,16.15,63916700,16.0,16.2,15.74,16.15,1.0,16.2,15.74,0
2016-12-07,PETR4,PETR4,16.3,16.33,15.77,15.86,15.86,50247400,16.3,16.33,15.77,15.86,1.0,16.33,15.77,0
2016-12-08,PETR4,PETR4,15.97,16.0,15.52,15.7,15.7,41104800,15.97,16.0,15.52,15.7,1.0,16.0,15.52,0
2016-12-09,PETR4,PETR4,15.88,15.9,15.52,15.58,15.58,37161200,15.88,15.9,15.52,15.58,1.0,15.9,15.52,0
2016-12-12,PETR4,PETR4,15.79,15.95,15.48,15.6,15.6,35436700,15.79,15.95,15.48,15.6,1.0,15.95,15.48,0
2016-12-13,PETR4,PETR4,15.55,15.69,15.38,15.45,15.45,33455000,15.55,15.69,15.38,15.45,1.0,15.69,15.38,0
2016-12-14,PETR4,PETR4,15.43,15.47,14.74,14.74,14.74,44215700,15.43,15.47,14.74,14.74,1.0,15.47,14.74,0
2016-12-15,PETR4,PETR4,14.78,14.91,14.33,14.85,14.85,43338800,14.78,14.91,14.33,14.85,1.0,14.91,14.33,0
2016-12-16,PETR4,PETR4,14.9,15.14,14.76,14.76,14.76,37876200,14.9,15.14,14.76,14.76,1.0,15.14,14.76,0
2016-12-19,PETR4,PETR4,14.88,14.89,14.35,14.36,14.36,39128600,14.88,14.89,14.35,14.36,1.0,14.89,14.35,0
2016-12-20,PETR4,PETR4,14.46,14.59,14.1,14.35,14.35,31810000,14.46,14.59,14.1,14.35,1.0,14.59,14.1,0
2016-12-21,PETR4,PETR4,14.45,14.48,14.04,14.34,14.34,32856800,14.45,14.48,14.04,14.34,1.0,14.48,14.04,0
2016-12-22,PETR4,PETR4,14.46,14.46,14.01,14.01,14.01,42240500,14.46,14.46,14.01,14.01,1.0,14.46,14.01,0
2016-12-23,PETR4,PETR4,14.05,14.35,14.01,14.24,14.24,21776900,14.05,14.35,14.01,14.24,1.0,14.35,14.01,0
2016-12-26,PETR4,PETR4,14.32,14.45,14.27,14.42,14.42,5734300,14.32,14.45,14.27,14.42,1.0,14.45,14.27,0
2016-12-27,PETR4,PETR4,14.5,14.55,14.26,14.41,14.41,14949200,14.5,14.55,14.26,14.41,1.0,14.55,14.26,0
2016-12-28,PETR4,PETR4,14.43,14.81,14.36,14.78,14.78,18979900,14.43,14.81,14.36,14.78,1.0,14.81,14.36,0
2016-12-29,PETR4,PETR4,14.85,14.88,14.52,14.87,14.87,18090600,14.85,14.88,14.52,14.87,1.0,14.88,14.52,0
2017-01-02,PETR4,PETR4,14.64,14.7,14.6,14.66,14.66,7525700,14.64,14.7,14.6,14.66,1.0,14.7,14.6,0
2017-01-03,PETR4,PETR4,14.95,15.65,14.95,15.5,15.5,39947800,14.95,15.65,14.95,15.5,1.0,15.65,14.95,0
2017-01-04,PETR4,PETR4,15.45,15.68,15.31,15.5,15.5,37071700,15.45,15.68,15.31,15.5,1.0,15.68,15.31,0
2017-01-05,PETR4,PETR4,15.7,15.91,15.62,15.75,15.75,47586300,15.7,15.91,15.62,15.75,1.0,15.91,15.62,0
2017-01-06,PETR4,PETR4,15.78,15.92,15.5,15.66,15.66,25592000,15.78,15.92,15.5,15.66,1.0,15.92,15.5,0
2017-01-09,PETR4,PETR4,15.5,15.6,15.33,15.33,15.33,25599000,15.5,15.6,15.33,15.33,1.0,15.6,15.33,0
2017-01-10,PETR4,PETR4,15.6,15.68,15.39,15.48,15.48,26239900,15.6,15.68,15.39,15.48,1.0,15.68,15.39,0
2017-01-11,PETR4,PETR4,15.64,15.68,15.27,15.66,15.66,34399300,15.64,15.68,15.27,15.66,1.0,15.68,15.27,0
2017-01-12,PETR4,PETR4,16.15,16.25,15.9,15.9,15.9,49890300,16.15,16.25,15.9,15.9,1.0,16.25,15.9,0
2017-01-13,PETR4,PETR4,15.77,15.95,15.57,15.68,15.68,34450000,15.77,15.95,15.57,15.68,1.0,15.95,15.57,0
2017-01-16,PETR4,PETR4,15.7,15.75,15.58,15.75,15.75,20069600,15.7,15.75,15.58,15.75,1.0,15.75,15.58,0
2017-01-17,PETR4,PETR4,15.73,15.97,15.72,15.82,15.82,28663300,15.73,15.97,15.72,15.82,1.0,15.97,15.72,0
2017-01-18,PETR4,PETR4,15.8,15.93,15.71,15.79,15.79,24725200,15.8,15.93,15.71,15.79,1.0,15.93,15.71,0
2017-01-19,PETR4,PETR4,15.82,15.88,15.58,15.77,15.77,21677600,15.82,15.88,15.58,15.77,1.0,15.88,15.58,0
2017-01-20,PETR4,PETR4,15.84,16.19,15.81,16.0,16.0,34863500,15.84,16.19,15.81,16.0,1.0,16.19,15.81,0
2017-01-23,PETR4,PETR4,15.94,16.09,15.79,15.99,15.99,25139100,15.94,16.09,15.79,15.99,1.0,16.09,15.79,0
2017-01-24,PETR4,PETR4,16.12,16.43,15.97,16.04,16.04,49710600,16.12,16.43,15.97,16.04,1.0,16.43,15.97,0
2017-01-26,PETR4,PETR4,16.15,16.19,15.8,15.8,15.8,37391900,16.15,16.19,15.8,15.8,1.0,16.19,15.8,0
2017-01-27,PETR4,PETR4,15.73,15.87,15.54,15.62,15.62,23275300,15.73,15.87,15.54,15.62,1.0,15.87,15.54,0
2017-01-30,PETR4,PETR4,15.51,15.53,14.84,14.84,14.84,26779500,15.51,15.53,14.84,14.84,1.0,15.53,14.84,0
2017-01-31,PETR4,PETR4,14.99,15.37,14.9,15.02,15.02,30807200,14.99,15.37,14.9,15.02,1.0,15.37,14.9,0
2017-02-01,PETR4,PETR4,15.26,15.41,14.91,15.02,15.02,35977000,15.26,15.41,14.91,15.02,1.0,15.41,14.91,0
2017-02-02,PETR4,PETR4,14.99,15.28,14.86,14.89,14.89,39306700,14.99,15.28,14.86,14.89,1.0,15.28,14.86,0
2017-02-03,PETR4,PETR4,14.92,15.34,14.77,15.34,15.34,40213400,14.92,15.34,14.77,15.34,1.0,15.34,14.77,0
2017-02-06,PETR4,PETR4,15.38,15.47,14.95,14.96,14.96,29686500,15.38,15.47,14.95,14.96,1.0,15.47,14.95,0
2017-02-07,PETR4,PETR4,15.1,15.16,14.7,14.7,14.7,29163900,15.1,15.16,14.7,14.7,1.0,15.16,14.7,0
2017-02-08,PETR4,PETR4,14.77,15.1,14.27,15.1,15.1,58912900,14.77,15.1,14.27,15.1,1.0,15.1,14.27,0
2017-02-09,PETR4,PETR4,15.18,15.24,14.96,15.05,15.05,33910300,15.18,15.24,14.96,15.05,1.0,15.24,14.96,0
2017-02-10,PETR4,PETR4,15.2,15.63,15.14,15.58,15.58,44467000,15.2,15.63,15.14,15.58,1.0,15.63,15.14,0
2017-02-13,PETR4,PETR4,15.77,15.91,15.55,15.62,15.62,36439100,15.77,15.91,15.55,15.62,1.0,15.91,15.55,0
2017-02-14,PETR4,PETR4,15.74,15.95,15.56,15.82,15.82,34417400,15.74,15.95,15.56,15.82,1.0,15.95,15.56,0
2017-02-15,PETR4,PETR4,15.91,16.05,15.78,15.84,15.84,47953300,15.91,16.05,15.78,15.84,1.0,16.05,15.78,0
2017-02-16,PETR4,PETR4,15.84,16.07,15.75,15.86,15.86,37276900,15.84,16.07,15.75,15.86,1.0,16.07,15.75,0
2017-02-17,PETR4,PETR4,15.74,15.9,15.6,15.61,15.61,24866600,15.74,15.9,15.6,15.61,1.0,15.9,15.6,0
2017-02-20,PETR4,PETR4,15.74,15.98,15.65,15.92,15.92,33514000,15.74,15.98,15.65,15.92,1.0,15.98,15.65,0
2017-02-21,PETR4,PETR4,16.1,16.23,16.04,16.09,16.09,33685800,16.1,16.23,16.04,16.09,1.0,16.23,16.04,0
2017-02-22,PETR4,PETR4,16.0,16.02,15.57,15.7,15.7,45255400,16.0,16.02,15.57,15.7,1.0,16.02,15.57,0
2017-02-23,PETR4,PETR4,15.94,16.1,15.48,15.56,15.56,41208700,15.94,16.1,15.48,15.56,1.0,16.1,15.48,0
2017-02-24,PETR4,PETR4,15.35,15.47,15.1,15.18,15.18,30412200,15.35,15.47,15.1,15.18,1.0,15.47,15.1,0
2017-03-01,PETR4,PETR4,15.51,15.55,15.32,15.52,15.52,25661000,15.51,15.55,15.32,15.52,1.0,15.55,15.32,0
2017-03-02,PETR4,PETR4,15.44,15.45,14.99,15.11,15.11,38490800,15.44,15.45,14.99,15.11,1.0,15.45,14.99,0
2017-03-03,PETR4,PETR4,15.22,15.34,15.04,15.32,15.32,24516800,15.22,15.34,15.04,15.32,1.0,15.34,15.04,0
2017-03-06,PETR4,PETR4,15.11,15.47,15.04,15.1,15.1,23325000,15.11,15.47,15.04,15.1,1.0,15.47,15.04,0
2017-03-07,PETR4,PETR4,15.18,15.38,15.12,15.18,15.18,30927300,15.18,15.38,15.12,15.18,1.0,15.38,15.12,0
2017-03-08,PETR4,PETR4,15.16,15.18,14.55,14.55,14.55,49300700,15.16,15.18,14.55,14.55,1.0,15.18,14.55,0
2017-03-09,PETR4,PETR4,14.34,14.59,14.17,14.5,14.5,46467600,14.34,14.59,14.17,14.5,1.0,14.59,14.17,0
2017-03-10,PETR4,PETR4,14.72,14.88,14.24,14.31,14.31,42454600,14.72,14.88,14.24,14.31,1.0,14.88,14.24,0
2017-03-13,PETR4,PETR4,14.33,14.4,14.16,14.37,14.37,28295100,14.33,14.4,14.16,14.37,1.0,14.4,14.16,0
2017-03-14,PETR4,PETR4,14.07,14.1,13.59,13.59,13.59,67172700,14.07,14.1,13.59,13.59,1.0,14.1,13.59,0
2017-03-15,PETR4,PETR4,13.86,14.2,13.55,14.2,14.2,55593200,13.86,14.2,13.55,14.2,1.0,14.2,13.55,0
2017-03-16,PETR4,PETR4,14.26,14.32,13.68,13.71,13.71,35362300,14.26,14.32,13.68,13.71,1.0,14.32,13.68,0
2017-03-17,PETR4,PETR4,13.81,13.88,13.05,13.16,13.16,81797400,13.81,13.88,13.05,13.16,1.0,13.88,13.05,0
2017-03-20,PETR4,PETR4,12.98,13.67,12.91,13.6,13.6,52351600,12.98,13.67,12.91,13.6,1.0,13.67,12.91,0
2017-03-21,PETR4,PETR4,13.61,13.63,12.82,13.0,13.0,46384300,13.61,13.63,12.82,13.0,1.0,13.63,12.82,0
2017-03-22,PETR4,PETR4,13.2,13.72,13.03,13.66,13.66,62807700,13.2,13.72,13.03,13.66,1.0,13.72,13.03,0
2017-03-23,PETR4,PETR4,13.48,13.82,13.42,13.57,13.57,36467200,13.48,13.82,13.42,13.57,1.0,13.82,13.42,0
2017-03-24,PETR4,PETR4,13.7,13.77,13.34,13.48,13.48,30084700,13.7,13.77,13.34,13.48,1.0,13.77,13.34,0
2017-03-27,PETR4,PETR4,13.24,13.79,13.02,13.77,13.77,32021200,13.24,13.79,13.02,13.77,1.0,13.79,13.02,0
2017-03-28,PETR4,PETR4,13.9,14.11,13.77,13.95,13.95,44850600,13.9,14.11,13.77,13.95,1.0,14.11,13.77,0
2017-03-29,PETR4,PETR4,14.04,14.49,13.93,14.45,14.45,43051400,14.04,14.49,13.93,14.45,1.0,14.49,13.93,0
2017-03-30,PETR4,PETR4,14.55,14.64,14.35,14.45,14.45,32928600,14.55,14.64,14.35,14.45,1.0,14.64,14.35,0
2017-03-31,PETR4,PETR4,14.36,14.65,14.26,14.49,14.49,33553000,14.36,14.65,14.26,14.49,1.0,14.65,14.26,0
2017-04-03,PETR4,PETR4,14.54,14.75,14.53,14.67,14.67,39427200,14.54,14.75,14.53,14.67,1.0,14.75,14.53,0
2017-04-04,PETR4,PETR4,14.67,14.89,14.57,14.85,14.85,24132000,14.67,14.89,14.57,14.85,1.0,14.89,14.57,0
2017-04-05,PETR4,PETR4,15.05,15.16,14.5,14.57,14.57,49920900,15.05,15.16,14.5,14.57,1.0,15.16,14.5,0
2017-04-06,PETR4,PETR4,14.62,14.87,14.42,14.53,14.53,34602700,14.62,14.87,14.42,14.53,1.0,14.87,14.42,0
2017-04-07,PETR4,PETR4,14.61,14.9,14.6,14.7,14.7,33024900,14.61,14.9,14.6,14.7,1.0,14.9,14.6,0
2017-04-10,PETR4,PETR4,14.9,14.94,14.7,14.94,14.94,37906000,14.9,14.94,14.7,14.94,1.0,14.94,14.7,0
2017-04-11,PETR4,PETR4,14.97,14.99,14.55,14.68,14.68,38593200,14.97,14.99,14.55,14.68,1.0,14.99,14.55,0
2017-04-12,PETR4,PETR4,14.6,14.83,14.58,14.65,14.65,42628900,14.6,14.83,14.58,14.65,1.0,14.83,14.58,0
2017-04-13,PETR4,PETR4,14.65,14.69,14.08,14.08,14.08,44572600,14.65,14.69,14.08,14.08,1.0,14.69,14.08,0
2017-04-17,PETR4,PETR4,14.14,14.35,13.97,14.28,14.28,46459500,14.14,14.35,13.97,14.28,1.0,14.35,13.97,0
2017-04-18,PETR4,PETR4,14.15,14.37,13.95,14.1,14.1,45349800,14.15,14.37,13.95,14.1,1.0,14.37,13.95,0
2017-04-19,PETR4,PETR4,14.24,14.28,13.55,13.6,13.6,41014100,14.24,14.28,13.55,13.6,1.0,14.28,13.55,0
2017-04-20,PETR4,PETR4,13.8,13.9,13.63,13.88,13.88,28227600,13.8,13.9,13.63,13.88,1.0,13.9,13.63,0
2017-04-24,PETR4,PETR4,14.13,14.16,13.92,14.03,14.03,27546200,14.13,14.16,13.92,14.03,1.0,14.16,13.92,0
2017-04-25,PETR4,PETR4,13.9,14.34,13.8,14.34,14.34,32268100,13.9,14.34,13.8,14.34,1.0,14.34,13.8,0
2017-04-26,PETR4,PETR4,14.16,14.49,14.0,14.0,14.0,37045000,14.16,14.49,14.0,14.0,1.0,14.49,14.0,0
2017-04-27,PETR4,PETR4,13.99,14.03,13.56,13.73,13.73,29078500,13.99,14.03,13.56,13.73,1.0,14.03,13.56,0
2017-04-28,PETR4,PETR4,13.85,14.1,13.69,13.97,13.97,31061200,13.85,14.1,13.69,13.97,1.0,14.1,13.69,0
2017-05-02,PETR4,PETR4,14.06,14.34,13.85,13.99,13.99,37830100,14.06,14.34,13.85,13.99,1.0,14.34,13.85,0
2017-05-03,PETR4,PETR4,14.04,14.25,13.95,14.16,14.16,38357600,14.04,14.25,13.95,14.16,1.0,14.25,13.95,0
2017-05-04,PETR4,PETR4,14.0,14.0,13.58,13.6,13.6,37695400,14.0,14.0,13.58,13.6,1.0,14.0,13.58,0
2017-05-05,PETR4,PETR4,13.69,14.21,13.66,14.21,14.21,32788100,13.69,14.21,13.66,14.21,1.0,14.21,13.66,0
2017-05-08,PETR4,PETR4,14.13,14.35,13.98,14.08,14.08,36464300,14.13,14.35,13.98,14.08,1.0,14.35,13.98,0
2017-05-09,PETR4,PETR4,14.15,14.24,14.04,14.14,14.14,28008600,14.15,14.24,14.04,14.14,1.0,14.24,14.04,0
2017-05-10,PETR4,PETR4,14.34,14.75,14.31,14.73,14.73,46271700,14.34,14.75,14.31,14.73,1.0,14.75,14.31,0
2017-05-11,PETR4,PETR4,14.88,14.92,14.64,14.82,14.82,29318000,14.88,14.92,14.64,14.82,1.0,14.92,14.64,0
2017-05-12,PETR4,PETR4,15.5,15.58,15.35,15.45,15.45,83518200,15.5,15.58,15.35,15.45,1.0,15.58,15.35,0
2017-05-15,PETR4,PETR4,15.77,15.87,15.65,15.68,15.68,46914700,15.77,15.87,15.65,15.68,1.0,15.87,15.65,0
2017-05-16,PETR4,PETR4,15.77,15.78,15.52,15.7,15.7,34469300,15.77,15.78,15.52,15.7,1.0,15.78,15.52,0
2017-05-17,PETR4,PETR4,15.56,15.72,15.51,15.61,15.61,30023400,15.56,15.72,15.51,15.61,1.0,15.72,15.51,0
2017-05-18,PETR4,PETR4,12.45,14.0,12.45,13.15,13.15,142924900,12.45,14.0,12.45,13.15,1.0,14.0,12.45,0
2017-05-19,PETR4,PETR4,13.75,13.9,13.46,13.62,13.62,70983900,13.75,13.9,13.46,13.62,1.0,13.9,13.46,0
2017-05-22,PETR4,PETR4,13.35,13.51,13.0,13.4,13.4,55014900,13.35,13.51,13.0,13.4,1.0,13.51,13.0,0
2017-05-23,PETR4,PETR4,13.45,13.6,13.38,13.49,13.49,48520100,13.45,13.6,13.38,13.49,1.0,13.6,13.38,0
2017-05-24,PETR4,PETR4,13.75,14.09,13.69,13.94,13.94,54065800,13.75,14.09,13.69,13.94,1.0,14.09,13.69,0
2017-05-25,PETR4,PETR4,13.97,14.19,13.63,13.74,13.74,45030800,13.97,14.19,13.63,13.74,1.0,14.19,13.63,0
2017-05-26,PETR4,PETR4,13.47,13.79,13.4,13.68,13.68,63326900,13.47,13.79,13.4,13.68,1.0,13.79,13.4,0
2017-05-29,PETR4,PETR4,13.59,13.77,13.55,13.57,13.57,16139200,13.59,13.77,13.55,13.57,1.0,13.77,13.55,0
2017-05-30,PETR4,PETR4,13.55,13.64,13.36,13.36,13.36,34663800,13.55,13.64,13.36,13.36,1.0,13.64,13.36,0
2017-05-31,PETR4,PETR4,13.21,13.31,12.95,12.96,12.96,45628800,13.21,13.31,12.95,12.96,1.0,13.31,12.95,0
2017-06-01,PETR4,PETR4,13.16,13.29,12.82,12.82,12.82,42873400,13.16,13.29,12.82,12.82,1.0,13.29,12.82,0
2017-06-02,PETR4,PETR4,12.79,13.05,12.68,13.05,13.05,43192600,12.79,13.05,12.68,13.05,1.0,13.05,12.68,0
2017-06-05,PETR4,PETR4,12.96,13.24,12.92,13.18,13.18,31419400,12.96,13.24,12.92,13.18,1.0,13.24,12.92,0
2017-06-06,PETR4,PETR4,13.23,13.33,13.03,13.18,13.18,35558700,13.23,13.33,13.03,13.18,1.0,13.33,13.03,0
2017-06-07,PETR4,PETR4,13.28,13.34,12.81,12.87,12.87,44355600,13.28,13.34,12.81,12.87,1.0,13.34,12.81,0
2017-06-08,PETR4,PETR4,12.78,12.96,12.71,12.84,12.84,27749200,12.78,12.96,12.71,12.84,1.0,12.96,12.71,0
2017-06-09,PETR4,PETR4,12.96,13.1,12.83,12.85,12.85,30382100,12.96,13.1,12.83,12.85,1.0,13.1,12.83,0
2017-06-12,PETR4,PETR4,12.97,13.03,12.77,12.9,12.9,30680700,12.97,13.03,12.77,12.9,1.0,13.03,12.77,0
2017-06-13,PETR4,PETR4,12.95,13.02,12.77,12.94,12.94,22891000,12.95,13.02,12.77,12.94,1.0,13.02,12.77,0
2017-06-14,PETR4,PETR4,12.94,13.04,12.61,12.62,12.62,67382800,12.94,13.04,12.61,12.62,1.0,13.04,12.61,0
2017-06-16,PETR4,PETR4,12.58,12.59,12.21,12.28,12.28,73551400,12.58,12.59,12.21,12.28,1.0,12.59,12.21,0
2017-06-19,PETR4,PETR4,12.31,12.47,12.22,12.29,12.29,45926200,12.31,12.47,12.22,12.29,1.0,12.47,12.22,0
2017-06-20,PETR4,PETR4,12.12,12.13,11.76,11.86,11.86,54014700,12.12,12.13,11.76,11.86,1.0,12.13,11.76,0
2017-06-21,PETR4,PETR4,11.95,12.12,11.59,11.64,11.64,58778300,11.95,12.12,11.59,11.64,1.0,12.12,11.59,0
2017-06-22,PETR4,PETR4,11.76,12.04,11.72,12.04,12.04,42284600,11.76,12.04,11.72,12.04,1.0,12.04,11.72,0
2017-06-23,PETR4,PETR4,12.11,12.15,11.87,11.93,11.93,33601000,12.11,12.15,11.87,11.93,1.0,12.15,11.87,0
2017-06-26,PETR4,PETR4,12.1,12.3,12.04,12.27,12.27,42731300,12.1,12.3,12.04,12.27,1.0,12.3,12.04,0
2017-06-27,PETR4,PETR4,12.34,12.48,12.13,12.21,12.21,45097600,12.34,12.48,12.13,12.21,1.0,12.48,12.13,0
2017-06-28,PETR4,PETR4,12.27,12.32,12.01,12.08,12.08,32077400,12.27,12.32,12.01,12.08,1.0,12.32,12.01,0
2017-06-29,PETR4,PETR4,12.26,12.3,12.09,12.18,12.18,24380300,12.26,12.3,12.09,12.18,1.0,12.3,12.09,0
2017-06-30,PETR4,PETR4,12.25,12.48,12.19,12.37,12.37,29687600,12.25,12.48,12.19,12.37,1.0,12.48,12.19,0
2017-07-03,PETR4,PETR4,12.28,12.41,12.22,12.36,12.36,31542500,12.28,12.41,12.22,12.36,1.0,12.41,12.22,0
2017-07-04,PETR4,PETR4,12.34,12.43,12.32,12.43,12.43,12523500,12.34,12.43,12.32,12.43,1.0,12.43,12.32,0
2017-07-05,PETR4,PETR4,12.38,12.52,12.12,12.21,12.21,41958400,12.38,12.52,12.12,12.21,1.0,12.52,12.12,0
2017-07-06,PETR4,PETR4,12.28,12.36,12.08,12.17,12.17,51976900,12.28,12.36,12.08,12.17,1.0,12.36,12.08,0
2017-07-07,PETR4,PETR4,12.13,12.17,11.85,11.93,11.93,42677000,12.13,12.17,11.85,11.93,1.0,12.17,11.85,0
2017-07-10,PETR4,PETR4,11.83,12.01,11.74,11.98,11.98,21748800,11.83,12.01,11.74,11.98,1.0,12.01,11.74,0
2017-07-11,PETR4,PETR4,11.95,12.45,11.9,12.33,12.33,45500900,11.95,12.45,11.9,12.33,1.0,12.45,11.9,0
2017-07-12,PETR4,PETR4,12.64,12.99,12.51,12.94,12.94,66332200,12.64,12.99,12.51,12.94,1.0,12.99,12.51,0
2017-07-13,PETR4,PETR4,12.96,13.04,12.8,12.87,12.87,32983300,12.96,13.04,12.8,12.87,1.0,13.04,12.8,0
2017-07-14,PETR4,PETR4,12.96,13.06,12.91,13.05,13.05,35977500,12.96,13.06,12.91,13.05,1.0,13.06,12.91,0
2017-07-17,PETR4,PETR4,13.03,13.05,12.87,12.89,12.89,28118700,13.03,13.05,12.87,12.89,1.0,13.05,12.87,0
2017-07-18,PETR4,PETR4,13.0,13.02,12.83,12.94,12.94,19300700,13.0,13.02,12.83,12.94,1.0,13.02,12.83,0
2017-07-19,PETR4,PETR4,13.0,13.27,12.97,13.23,13.23,36513700,13.0,13.27,12.97,13.23,1.0,13.27,12.97,0
2017-07-20,PETR4,PETR4,13.29,13.35,13.03,13.1,13.1,30114300,13.29,13.35,13.03,13.1,1.0,13.35,13.03,0
2017-07-21,PETR4,PETR4,13.0,13.04,12.67,12.69,12.69,38738300,13.0,13.04,12.67,12.69,1.0,13.04,12.67,0
2017-07-24,PETR4,PETR4,12.83,12.92,12.77,12.88,12.88,16250400,12.83,12.92,12.77,12.88,1.0,12.92,12.77,0
2017-07-25,PETR4,PETR4,13.01,13.25,13.01,13.22,13.22,29930100,13.01,13.25,13.01,13.22,1.0,13.25,13.01,0
2017-07-26,PETR4,PETR4,13.3,13.34,12.98,12.98,12.98,29333000,13.3,13.34,12.98,12.98,1.0,13.34,12.98,0
2017-07-27,PETR4,PETR4,13.05,13.17,13.0,13.0,13.0,21825900,13.05,13.17,13.0,13.0,1.0,13.17,13.0,0
2017-07-28,PETR4,PETR4,12.98,13.13,12.91,13.13,13.13,20980200,12.98,13.13,12.91,13.13,1.0,13.13,12.91,0
2017-07-31,PETR4,PETR4,13.22,13.31,13.07,13.29,13.29,31397700,13.22,13.31,13.07,13.29,1.0,13.31,13.07,0
2017-08-01,PETR4,PETR4,13.3,13.32,13.08,13.12,13.12,22999400,13.3,13.32,13.08,13.12,1.0,13.32,13.08,0
2017-08-02,PETR4,PETR4,13.13,13.61,13.08,13.51,13.51,46342000,13.13,13.61,13.08,13.51,1.0,13.61,13.08,0
2017-08-03,PETR4,PETR4,13.57,13.66,13.31,13.31,13.31,31300700,13.57,13.66,13.31,13.31,1.0,13.66,13.31,0
2017-08-04,PETR4,PETR4,13.41,13.48,13.26,13.4,13.4,21560500,13.41,13.48,13.26,13.4,1.0,13.48,13.26,0
2017-08-07,PETR4,PETR4,13.35,13.62,13.33,13.55,13.55,29832200,13.35,13.62,13.33,13.55,1.0,13.62,13.33,0
2017-08-08,PETR4,PETR4,13.5,13.69,13.46,13.49,13.49,28907900,13.5,13.69,13.46,13.49,1.0,13.69,13.46,0
2017-08-09,PETR4,PETR4,13.51,13.61,13.44,13.52,13.52,26980300,13.51,13.61,13.44,13.52,1.0,13.61,13.44,0
2017-08-10,PETR4,PETR4,13.6,13.66,13.15,13.19,13.19,56194400,13.6,13.66,13.15,13.19,1.0,13.66,13.15,0
2017-08-11,PETR4,PETR4,13.14,13.2,12.94,12.95,12.95,43025100,13.14,13.2,12.94,12.95,1.0,13.2,12.94,0
2017-08-14,PETR4,PETR4,12.98,13.22,12.91,13.08,13.08,31607400,12.98,13.22,12.91,13.08,1.0,13.22,12.91,0
2017-08-15,PETR4,PETR4,13.08,13.24,13.05,13.15,13.15,24737300,13.08,13.24,13.05,13.15,1.0,13.24,13.05,0
2017-08-16,PETR4,PETR4,13.3,13.38,13.1,13.13,13.13,44946600,13.3,13.38,13.1,13.13,1.0,13.38,13.1,0
2017-08-17,PETR4,PETR4,13.12,13.26,13.02,13.05,13.05,23503300,13.12,13.26,13.02,13.05,1.0,13.26,13.02,0
2017-08-18,PETR4,PETR4,13.16,13.6,13.16,13.6,13.6,66263500,13.16,13.6,13.16,13.6,1.0,13.6,13.16,0
2017-08-21,PETR4,PETR4,13.64,13.66,13.28,13.34,13.34,40485900,13.64,13.66,13.28,13.34,1.0,13.66,13.28,0
2017-08-22,PETR4,PETR4,13.7,13.87,13.64,13.79,13.79,55240700,13.7,13.87,13.64,13.79,1.0,13.87,13.64,0
2017-08-23,PETR4,PETR4,13.78,13.93,13.65,13.76,13.76,47679700,13.78,13.93,13.65,13.76,1.0,13.93,13.65,0
2017-08-24,PETR4,PETR4,13.78,13.89,13.68,13.8,13.8,32300600,13.78,13.89,13.68,13.8,1.0,13.89,13.68,0
2017-08-25,PETR4,PETR4,13.87,13.94,13.81,13.88,13.88,24185600,13.87,13.94,13.81,13.88,1.0,13.94,13.81,0
2017-08-28,PETR4,PETR4,13.93,14.03,13.76,13.87,13.87,27208100,13.93,14.03,13.76,13.87,1.0,14.03,13.76,0
2017-08-29,PETR4,PETR4,13.76,13.85,13.68,13.85,13.85,27306400,13.76,13.85,13.68,13.85,1.0,13.85,13.68,0
2017-08-30,PETR4,PETR4,13.79,13.9,13.44,13.45,13.45,58871700,13.79,13.9,13.44,13.45,1.0,13.9,13.44,0
2017-08-31,PETR4,PETR4,13.53,13.77,13.47,13.65,13.65,82909400,13.53,13.77,13.47,13.65,1.0,13.77,13.47,0
2017-09-01,PETR4,PETR4,13.85,14.19,13.82,14.02,14.02,60260300,13.85,14.19,13.82,14.02,1.0,14.19,13.82,0
2017-09-04,PETR4,PETR4,13.96,14.18,13.94,14.17,14.17,18139300,13.96,14.18,13.94,14.17,1.0,14.18,13.94,0
2017-09-05,PETR4,PETR4,14.57,14.65,14.23,14.41,14.41,56476800,14.57,14.65,14.23,14.41,1.0,14.65,14.23,0
2017-09-06,PETR4,PETR4,14.65,15.02,14.51,15.02,15.02,68418200,14.65,15.02,14.51,15.02,1.0,15.02,14.51,0
2017-09-08,PETR4,PETR4,15.1,15.15,14.69,14.71,14.71,36337400,15.1,15.15,14.69,14.71,1.0,15.15,14.69,0
2017-09-11,PETR4,PETR4,14.88,15.05,14.81,14.99,14.99,34915900,14.88,15.05,14.81,14.99,1.0,15.05,14.81,0
2017-09-12,PETR4,PETR4,14.98,15.16,14.86,14.87,14.87,49702800,14.98,15.16,14.86,14.87,1.0,15.16,14.86,0
2017-09-13,PETR4,PETR4,14.94,15.1,14.81,15.03,15.03,37010200,14.94,15.1,14.81,15.03,1.0,15.1,14.81,0
2017-09-14,PETR4,PETR4,15.03,15.26,15.02,15.04,15.04,34413800,15.03,15.26,15.02,15.04,1.0,15.26,15.02,0
2017-09-15,PETR4,PETR4,15.07,15.17,14.99,15.04,15.04,47784700,15.07,15.17,14.99,15.04,1.0,15.17,14.99,0
2017-09-18,PETR4,PETR4,15.02,15.19,14.98,15.04,15.04,47601200,15.02,15.19,14.98,15.04,1.0,15.19,14.98,0
2017-09-19,PETR4,PETR4,15.1,15.17,14.92,15.14,15.14,35822100,15.1,15.17,14.92,15.14,1.0,15.17,14.92,0
2017-09-20,PETR4,PETR4,15.25,15.88,15.07,15.87,15.87,80267000,15.25,15.88,15.07,15.87,1.0,15.88,15.07,0
2017-09-21,PETR4,PETR4,15.85,15.96,15.58,15.67,15.67,46258800,15.85,15.96,15.58,15.67,1.0,15.96,15.58,0
2017-09-22,PETR4,PETR4,15.6,15.8,15.43,15.69,15.69,40928300,15.6,15.8,15.43,15.69,1.0,15.8,15.43,0
2017-09-25,PETR4,PETR4,15.79,15.96,15.7,15.84,15.84,36733200,15.79,15.96,15.7,15.84,1.0,15.96,15.7,0
2017-09-26,PETR4,PETR4,15.86,15.9,15.56,15.56,15.56,37874200,15.86,15.9,15.56,15.56,1.0,15.9,15.56,0
2017-09-27,PETR4,PETR4,15.7,15.72,15.11,15.31,15.31,41819300,15.7,15.72,15.11,15.31,1.0,15.72,15.11,0
2017-09-28,PETR4,PETR4,15.37,15.5,15.22,15.34,15.34,33829000,15.37,15.5,15.22,15.34,1.0,15.5,15.22,0
2017-09-29,PETR4,PETR4,15.5,15.52,15.3,15.3,15.3,28638300,15.5,15.52,15.3,15.3,1.0,15.52,15.3,0
2017-10-02,PETR4,PETR4,15.19,15.4,15.06,15.4,15.4,29826200,15.19,15.4,15.06,15.4,1.0,15.4,15.06,0
2017-10-03,PETR4,PETR4,15.6,15.98,15.52,15.98,15.98,50636700,15.6,15.98,15.52,15.98,1.0,15.98,15.52,0
2017-10-04,PETR4,PETR4,15.9,15.94,15.65,15.66,15.66,47798600,15.9,15.94,15.65,15.66,1.0,15.94,15.65,0
2017-10-05,PETR4,PETR4,15.88,16.11,15.85,15.9,15.9,55361300,15.88,16.11,15.85,15.9,1.0,16.11,15.85,0
2017-10-06,PETR4,PETR4,15.66,15.77,15.54,15.69,15.69,41741300,15.66,15.77,15.54,15.69,1.0,15.77,15.54,0
2017-10-09,PETR4,PETR4,15.61,15.89,15.59,15.89,15.89,27904700,15.61,15.89,15.59,15.89,1.0,15.89,15.59,0
2017-10-10,PETR4,PETR4,16.13,16.19,16.01,16.19,16.19,47066600,16.13,16.19,16.01,16.19,1.0,16.19,16.01,0
2017-10-11,PETR4,PETR4,16.17,16.25,16.01,16.08,16.08,40422100,16.17,16.25,16.01,16.08,1.0,16.25,16.01,0
2017-10-13,PETR4,PETR4,16.23,16.29,16.06,16.08,16.08,24210000,16.23,16.29,16.06,16.08,1.0,16.29,16.06,0
2017-10-16,PETR4,PETR4,16.16,16.26,16.0,16.12,16.12,44699700,16.16,16.26,16.0,16.12,1.0,16.26,16.0,0
2017-10-17,PETR4,PETR4,16.14,16.22,16.07,16.13,16.13,25524800,16.14,16.22,16.07,16.13,1.0,16.22,16.07,0
2017-10-18,PETR4,PETR4,16.22,16.28,16.13,16.16,16.16,25706200,16.22,16.28,16.13,16.16,1.0,16.28,16.13,0
2017-10-19,PETR4,PETR4,16.0,16.16,15.9,16.15,16.15,24672800,16.0,16.16,15.9,16.15,1.0,16.16,15.9,0
2017-10-20,PETR4,PETR4,16.19,16.39,16.17,16.22,16.22,32417500,16.19,16.39,16.17,16.22,1.0,16.39,16.17,0
2017-10-23,PETR4,PETR4,16.29,16.29,16.12,16.2,16.2,29389900,16.29,16.29,16.12,16.2,1.0,16.29,16.12,0
2017-10-24,PETR4,PETR4,16.28,16.51,16.17,16.51,16.51,46249500,16.28,16.51,16.17,16.51,1.0,16.51,16.17,0
2017-10-25,PETR4,PETR4,16.53,16.73,16.45,16.72,16.72,37608200,16.53,16.73,16.45,16.72,1.0,16.73,16.45,0
2017-10-26,PETR4,PETR4,16.78,16.89,16.66,16.73,16.73,37848300,16.78,16.89,16.66,16.73,1.0,16.89,16.66,0
2017-10-27,PETR4,PETR4,16.77,17.09,16.65,17.03,17.03,45640100,16.77,17.09,16.65,17.03,1.0,17.09,16.65,0
2017-10-30,PETR4,PETR4,16.97,17.17,16.74,16.78,16.78,55355600,16.97,17.17,16.74,16.78,1.0,17.17,16.74,0
2017-10-31,PETR4,PETR4,16.9,16.95,16.72,16.77,16.77,32249000,16.9,16.95,16.72,16.77,1.0,16.95,16.72,0
2017-11-01,PETR4,PETR4,16.99,17.1,16.88,16.9,16.9,38876600,16.99,17.1,16.88,16.9,1.0,17.1,16.88,0
2017-11-03,PETR4,PETR4,16.96,17.01,16.68,16.94,16.94,32605400,16.96,17.01,16.68,16.94,1.0,17.01,16.68,0
2017-11-06,PETR4,PETR4,17.05,17.44,16.98,17.43,17.43,46056100,17.05,17.44,16.98,17.43,1.0,17.44,16.98,0
2017-11-07,PETR4,PETR4,17.31,17.35,16.5,16.5,16.5,61098400,17.31,17.35,16.5,16.5,1.0,17.35,16.5,0
2017-11-08,PETR4,PETR4,16.69,16.95,16.51,16.95,16.95,41179600,16.69,16.95,16.51,16.95,1.0,16.95,16.51,0
2017-11-09,PETR4,PETR4,16.89,16.94,16.72,16.72,16.72,29399400,16.89,16.94,16.72,16.72,1.0,16.94,16.72,0
2017-11-10,PETR4,PETR4,16.71,16.81,16.51,16.72,16.72,35959400,16.71,16.81,16.51,16.72,1.0,16.81,16.51,0
2017-11-13,PETR4,PETR4,16.69,16.77,16.39,16.64,16.64,28697700,16.69,16.77,16.39,16.64,1.0,16.77,16.39,0
2017-11-14,PETR4,PETR4,16.5,16.52,15.28,15.35,15.35,88765600,16.5,16.52,15.28,15.35,1.0,16.52,15.28,0
2017-11-16,PETR4,PETR4,15.62,16.04,15.48,15.81,15.81,42703800,15.62,16.04,15.48,15.81,1.0,16.04,15.48,0
2017-11-17,PETR4,PETR4,15.92,16.12,15.81,16.02,16.02,38376900,15.92,16.12,15.81,16.02,1.0,16.12,15.81,0
2017-11-21,PETR4,PETR4,16.15,16.31,15.85,15.9,15.9,45817800,16.15,16.31,15.85,15.9,1.0,16.31,15.85,0
2017-11-22,PETR4,PETR4,16.09,16.24,15.93,16.11,16.11,37444900,16.09,16.24,15.93,16.11,1.0,16.24,15.93,0
2017-11-23,PETR4,PETR4,15.98,16.26,15.94,16.19,16.19,15403600,15.98,16.26,15.94,16.19,1.0,16.26,15.94,0
2017-11-24,PETR4,PETR4,16.25,16.37,16.04,16.1,16.1,18790700,16.25,16.37,16.04,16.1,1.0,16.37,16.04,0
2017-11-27,PETR4,PETR4,16.01,16.02,15.78,15.87,15.87,28445800,16.01,16.02,15.78,15.87,1.0,16.02,15.78,0
2017-11-28,PETR4,PETR4,15.93,16.04,15.81,15.84,15.84,30429600,15.93,16.04,15.81,15.84,1.0,16.04,15.81,0
2017-11-29,PETR4,PETR4,15.87,15.92,15.32,15.33,15.33,45847400,15.87,15.92,15.32,15.33,1.0,15.92,15.32,0
2017-11-30,PETR4,PETR4,15.3,15.47,14.99,15.38,15.38,52811400,15.3,15.47,14.99,15.38,1.0,15.47,14.99,0
2017-12-01,PETR4,PETR4,15.34,15.77,15.26,15.61,15.61,42703800,15.34,15.77,15.26,15.61,1.0,15.77,15.26,0
2017-12-04,PETR4,PETR4,15.65,15.8,15.46,15.48,15.48,43821500,15.65,15.8,15.46,15.48,1.0,15.8,15.46,0
2017-12-05,PETR4,PETR4,15.5,15.83,15.21,15.31,15.31,30228000,15.5,15.83,15.21,15.31,1.0,15.83,15.21,0
2017-12-06,PETR4,PETR4,15.22,15.7,15.14,15.52,15.52,39238500,15.22,15.7,15.14,15.52,1.0,15.7,15.14,0
2017-12-07,PETR4,PETR4,15.3,15.49,15.07,15.26,15.26,37281400,15.3,15.49,15.07,15.26,1.0,15.49,15.07,0
2017-12-08,PETR4,PETR4,15.51,15.68,15.35,15.35,15.35,39584500,15.51,15.68,15.35,15.35,1.0,15.68,15.35,0
2017-12-11,PETR4,PETR4,15.48,15.57,15.37,15.38,15.38,21281600,15.48,15.57,15.37,15.38,1.0,15.57,15.37,0
2017-12-12,PETR4,PETR4,15.36,15.49,15.18,15.49,15.49,36201200,15.36,15.49,15.18,15.49,1.0,15.49,15.18,0
2017-12-13,PETR4,PETR4,15.65,15.68,15.11,15.18,15.18,46828900,15.65,15.68,15.11,15.18,1.0,15.68,15.11,0
2017-12-14,PETR4,PETR4,15.1,15.31,15.0,15.01,15.01,37177300,15.1,15.31,15.0,15.01,1.0,15.31,15.0,0
2017-12-15,PETR4,PETR4,15.05,15.24,14.95,14.95,14.95,55668300,15.05,15.24,14.95,14.95,1.0,15.24,14.95,0
2017-12-18,PETR4,PETR4,15.16,15.33,15.13,15.22,15.22,42760400,15.16,15.33,15.13,15.22,1.0,15.33,15.13,0
2017-12-19,PETR4,PETR4,15.18,15.25,15.06,15.14,15.14,22639700,15.18,15.25,15.06,15.14,1.0,15.25,15.06,0
2017-12-20,PETR4,PETR4,15.21,15.3,15.17,15.24,15.24,20149700,15.21,15.3,15.17,15.24,1.0,15.3,15.17,0
2017-12-21,PETR4,PETR4,15.31,15.87,15.3,15.86,15.86,47219400,15.31,15.87,15.3,15.86,1.0,15.87,15.3,0
2017-12-22,PETR4,PETR4,15.75,15.89,15.69,15.75,15.75,18708500,15.75,15.89,15.69,15.75,1.0,15.89,15.69,0
2017-12-26,PETR4,PETR4,15.75,15.99,15.69,15.97,15.97,22173100,15.75,15.99,15.69,15.97,1.0,15.99,15.69,0
2017-12-27,PETR4,PETR4,15.99,16.14,15.98,16.05,16.05,23552200,15.99,16.14,15.98,16.05,1.0,16.14,15.98,0
2017-12-28,PETR4,PETR4,16.1,16.13,16.0,16.1,16.1,19011500,16.1,16.13,16.0,16.1,1.0,16.13,16.0,0
2018-01-02,PETR4,PETR4,16.19,16.55,16.19,16.55,16.55,33461800,16.19,16.55,16.19,16.55,1.0,16.55,16.19,0
2018-01-03,PETR4,PETR4,16.49,16.72,16.37,16.7,16.7,55940900,16.49,16.72,16.37,16.7,1.0,16.72,16.37,0
2018-01-04,PETR4,PETR4,16.78,16.96,16.62,16.73,16.73,37064900,16.78,16.96,16.62,16.73,1.0,16.96,16.62,0
2018-01-05,PETR4,PETR4,16.7,16.86,16.57,16.83,16.83,26958200,16.7,16.86,16.57,16.83,1.0,16.86,16.57,0
2018-01-08,PETR4,PETR4,16.74,17.03,16.71,17.03,17.03,28400000,16.74,17.03,16.71,17.03,1.0,17.03,16.71,0
2018-01-09,PETR4,PETR4,17.03,17.16,16.96,17.03,17.03,35070900,17.03,17.16,16.96,17.03,1.0,17.16,16.96,0
2018-01-10,PETR4,PETR4,16.92,17.05,16.77,16.8,16.8,28547700,16.92,17.05,16.77,16.8,1.0,17.05,16.77,0
2018-01-11,PETR4,PETR4,16.88,17.3,16.84,17.25,17.25,37921500,16.88,17.3,16.84,17.25,1.0,17.3,16.84,0
2018-01-12,PETR4,PETR4,17.04,17.41,17.02,17.3,17.3,45912100,17.04,17.41,17.02,17.3,1.0,17.41,17.02,0
2018-01-15,PETR4,PETR4,17.32,17.44,17.15,17.35,17.35,28945400,17.32,17.44,17.15,17.35,1.0,17.44,17.15,0
2018-01-16,PETR4,PETR4,17.35,17.84,17.3,17.65,17.65,58618300,17.35,17.84,17.3,17.65,1.0,17.84,17.3,0
2018-01-17,PETR4,PETR4,17.92,18.36,17.81,18.36,18.36,58488900,17.92,18.36,17.81,18.36,1.0,18.36,17.81,0
2018-01-18,PETR4,PETR4,18.35,18.53,17.93,18.22,18.22,48575800,18.35,18.53,17.93,18.22,1.0,18.53,17.93,0
2018-01-19,PETR4,PETR4,18.31,18.42,18.03,18.26,18.26,33470200,18.31,18.42,18.03,18.26,1.0,18.42,18.03,0
2018-01-22,PETR4,PETR4,18.26,18.47,18.09,18.47,18.47,33920000,18.26,18.47,18.09,18.47,1.0,18.47,18.09,0
2018-01-23,PETR4,PETR4,18.4,18.46,18.0,18.29,18.29,39832200,18.4,18.46,18.0,18.29,1.0,18.46,18.0,0
2018-01-24,PETR4,PETR4,18.42,19.63,18.42,19.34,19.34,89768200,18.42,19.63,18.42,19.34,1.0,19.63,18.42,0
2018-01-26,PETR4,PETR4,19.62,19.98,19.1,19.93,19.93,81989500,19.62,19.98,19.1,19.93,1.0,19.98,19.1,0
2018-01-29,PETR4,PETR4,19.67,20.05,19.57,19.85,19.85,55726200,19.67,20.05,19.57,19.85,1.0,20.05,19.57,0
2018-01-30,PETR4,PETR4,19.77,19.77,19.36,19.49,19.49,46203000,19.77,19.77,19.36,19.49,1.0,19.77,19.36,0
2018-01-31,PETR4,PETR4,19.74,19.93,19.68,19.7,19.7,41576600,19.74,19.93,19.68,19.7,1.0,19.93,19.68,0
2018-02-01,PETR4,PETR4,19.76,20.62,19.76,20.52,20.52,51950200,19.76,20.62,19.76,20.52,1.0,20.62,19.76,0
2018-02-02,PETR4,PETR4,20.3,20.42,19.85,19.97,19.97,50657800,20.3,20.42,19.85,19.97,1.0,20.42,19.85,0
2018-02-05,PETR4,PETR4,19.65,19.97,19.04,19.04,19.04,62268600,19.65,19.97,19.04,19.04,1.0,19.97,19.04,0
2018-02-06,PETR4,PETR4,18.66,19.99,18.62,19.99,19.99,74146500,18.66,19.99,18.62,19.99,1.0,19.99,18.62,0
2018-02-07,PETR4,PETR4,19.97,20.22,19.36,19.44,19.44,61910300,19.97,20.22,19.36,19.44,1.0,20.22,19.36,0
2018-02-08,PETR4,PETR4,19.55,19.74,18.8,19.05,19.05,51115100,19.55,19.74,18.8,19.05,1.0,19.74,18.8,0
2018-02-09,PETR4,PETR4,19.03,19.39,18.51,18.77,18.77,68727600,19.03,19.39,18.51,18.77,1.0,19.39,18.51,0
2018-02-14,PETR4,PETR4,19.01,19.36,18.96,19.25,19.25,43402800,19.01,19.36,18.96,19.25,1.0,19.36,18.96,0
2018-02-15,PETR4,PETR4,19.5,19.54,19.17,19.4,19.4,31978000,19.5,19.54,19.17,19.4,1.0,19.54,19.17,0
2018-02-16,PETR4,PETR4,19.46,19.58,19.31,19.42,19.42,34736300,19.46,19.58,19.31,19.42,1.0,19.58,19.31,0
2018-02-19,PETR4,PETR4,19.55,20.1,19.55,20.05,20.05,40925500,19.55,20.1,19.55,20.05,1.0,20.1,19.55,0
2018-02-20,PETR4,PETR4,19.88,20.82,19.82,20.44,20.44,67418700,19.88,20.82,19.82,20.44,1.0,20.82,19.82,0
2018-02-21,PETR4,PETR4,20.59,20.88,20.25,20.25,20.25,55678400,20.59,20.88,20.25,20.25,1.0,20.88,20.25,0
2018-02-22,PETR4,PETR4,20.59,20.82,20.54,20.74,20.74,38170900,20.59,20.82,20.54,20.74,1.0,20.82,20.54,0
2018-02-23,PETR4,PETR4,20.95,21.14,20.62,21.12,21.12,55755600,20.95,21.14,20.62,21.12,1.0,21.14,20.62,0
2018-02-26,PETR4,PETR4,21.4,21.69,21.38,21.52,21.52,48160500,21.4,21.69,21.38,21.52,1.0,21.69,21.38,0
2018-02-27,PETR4,PETR4,21.47,21.85,21.34,21.5,21.5,42912500,21.47,21.85,21.34,21.5,1.0,21.85,21.34,0
2018-02-28,PETR4,PETR4,21.63,21.77,21.18,21.46,21.46,66229400,21.63,21.77,21.18,21.46,1.0,21.77,21.18,0
2018-03-01,PETR4,PETR4,21.4,21.46,20.76,21.03,21.03,66380900,21.4,21.46,20.76,21.03,1.0,21.46,20.76,0
2018-03-02,PETR4,PETR4,20.7,21.51,20.51,21.51,21.51,52682300,20.7,21.51,20.51,21.51,1.0,21.51,20.51,0
2018-03-05,PETR4,PETR4,21.49,22.17,21.36,22.12,22.12,54242600,21.49,22.17,21.36,22.12,1.0,22.17,21.36,0
2018-03-06,PETR4,PETR4,22.5,22.63,21.86,21.9,21.9,57240800,22.5,22.63,21.86,21.9,1.0,22.63,21.86,0
2018-03-07,PETR4,PETR4,21.69,21.97,21.37,21.67,21.67,50956600,21.69,21.97,21.37,21.67,1.0,21.97,21.37,0
2018-03-08,PETR4,PETR4,21.85,21.88,21.32,21.7,21.7,36156800,21.85,21.88,21.32,21.7,1.0,21.88,21.32,0
2018-03-09,PETR4,PETR4,21.78,22.39,21.59,22.39,22.39,45560000,21.78,22.39,21.59,22.39,1.0,22.39,21.59,0
2018-03-12,PETR4,PETR4,22.54,22.59,22.23,22.33,22.33,32363900,22.54,22.59,22.23,22.33,1.0,22.59,22.23,0
2018-03-13,PETR4,PETR4,22.45,22.54,22.06,22.11,22.11,34732800,22.45,22.54,22.06,22.11,1.0,22.54,22.06,0
2018-03-14,PETR4,PETR4,22.3,22.44,22.09,22.38,22.38,31947600,22.3,22.44,22.09,22.38,1.0,22.44,22.09,0
2018-03-15,PETR4,PETR4,22.05,22.18,21.31,21.31,21.31,81097800,22.05,22.18,21.31,21.31,1.0,22.18,21.31,0
2018-03-16,PETR4,PETR4,21.47,21.74,21.23,21.43,21.43,57891900,21.47,21.74,21.23,21.43,1.0,21.74,21.23,0
2018-03-19,PETR4,PETR4,21.27,21.36,20.86,20.93,20.93,42218400,21.27,21.36,20.86,20.93,1.0,21.36,20.86,0
2018-03-20,PETR4,PETR4,21.18,21.41,21.11,21.16,21.16,30106800,21.18,21.41,21.11,21.16,1.0,21.41,21.11,0
2018-03-21,PETR4,PETR4,21.25,22.09,21.2,22.05,22.05,53106300,21.25,22.09,21.2,22.05,1.0,22.09,21.2,0
2018-03-22,PETR4,PETR4,21.86,22.04,21.58,21.72,21.72,50033300,21.86,22.04,21.58,21.72,1.0,22.04,21.58,0
2018-03-23,PETR4,PETR4,21.61,22.11,21.53,21.75,21.75,52815800,21.61,22.11,21.53,21.75,1.0,22.11,21.53,0
2018-03-26,PETR4,PETR4,22.07,22.2,21.84,22.03,22.03,30174900,22.07,22.2,21.84,22.03,1.0,22.2,21.84,0
2018-03-27,PETR4,PETR4,22.14,22.18,21.37,21.44,21.44,43568100,22.14,22.18,21.37,21.44,1.0,22.18,21.37,0
2018-03-28,PETR4,PETR4,21.26,21.41,20.99,21.2,21.2,38539300,21.26,21.41,20.99,21.2,1.0,21.41,20.99,0
2018-03-29,PETR4,PETR4,21.26,21.56,21.23,21.41,21.41,34318800,21.26,21.56,21.23,21.41,1.0,21.56,21.23,0
2018-04-02,PETR4,PETR4,21.36,21.46,20.77,20.9,20.9,37275000,21.36,21.46,20.77,20.9,1.0,21.46,20.77,0
2018-04-03,PETR4,PETR4,21.11,21.19,20.66,20.71,20.71,39245800,21.11,21.19,20.66,20.71,1.0,21.19,20.66,0
2018-04-04,PETR4,PETR4,20.31,20.6,20.11,20.38,20.38,58475700,20.31,20.6,20.11,20.38,1.0,20.6,20.11,0
2018-04-05,PETR4,PETR4,21.15,21.33,21.03,21.15,21.15,88599000,21.15,21.33,21.03,21.15,1.0,21.33,21.03,0
2018-04-06,PETR4,PETR4,20.98,21.28,20.83,21.28,21.28,47908900,20.98,21.28,20.83,21.28,1.0,21.28,20.83,0
2018-04-09,PETR4,PETR4,21.43,21.44,20.53,20.53,20.53,44248900,21.43,21.44,20.53,20.53,1.0,21.44,20.53,0
2018-04-10,PETR4,PETR4,20.91,21.51,20.76,21.4,21.4,58545100,20.91,21.51,20.76,21.4,1.0,21.51,20.76,0
2018-04-11,PETR4,PETR4,21.35,21.9,21.33,21.8,21.8,62378300,21.35,21.9,21.33,21.8,1.0,21.9,21.33,0
2018-04-12,PETR4,PETR4,21.79,21.94,21.68,21.68,21.68,36238700,21.79,21.94,21.68,21.68,1.0,21.94,21.68,0
2018-04-13,PETR4,PETR4,21.64,21.74,21.06,21.2,21.2,43347800,21.64,21.74,21.06,21.2,1.0,21.74,21.06,0
2018-04-16,PETR4,PETR4,21.05,21.24,20.6,20.62,20.62,48474200,21.05,21.24,20.6,20.62,1.0,21.24,20.6,0
2018-04-17,PETR4,PETR4,20.7,21.08,20.62,21.03,21.03,36570400,20.7,21.08,20.62,21.03,1.0,21.08,20.62,0
2018-04-18,PETR4,PETR4,21.35,21.87,21.31,21.8,21.8,65237400,21.35,21.87,21.31,21.8,1.0,21.87,21.31,0
2018-04-19,PETR4,PETR4,22.07,22.4,21.93,22.2,22.2,62475200,22.07,22.4,21.93,22.2,1.0,22.4,21.93,0
2018-04-20,PETR4,PETR4,22.06,22.46,21.9,22.36,22.36,61494800,22.06,22.46,21.9,22.36,1.0,22.46,21.9,0
2018-04-23,PETR4,PETR4,22.09,22.48,21.94,22.48,22.48,37023300,22.09,22.48,21.94,22.48,1.0,22.48,21.94,0
2018-04-24,PETR4,PETR4,22.6,22.77,22.23,22.4,22.4,46710300,22.6,22.77,22.23,22.4,1.0,22.77,22.23,0
2018-04-25,PETR4,PETR4,22.01,22.13,21.67,21.73,21.73,68160600,22.01,22.13,21.67,21.73,1.0,22.13,21.67,0
2018-04-26,PETR4,PETR4,22.0,22.63,21.97,22.63,22.63,56674700,22.0,22.63,21.97,22.63,1.0,22.63,21.97,0
2018-04-27,PETR4,PETR4,22.84,22.93,22.66,22.71,22.71,37858300,22.84,22.93,22.66,22.71,1.0,22.93,22.66,0
2018-04-30,PETR4,PETR4,22.73,23.02,22.63,22.97,22.97,23681500,22.73,23.02,22.63,22.97,1.0,23.02,22.63,0
2018-05-02,PETR4,PETR4,22.67,22.93,22.51,22.6,22.6,31778100,22.67,22.93,22.51,22.6,1.0,22.93,22.51,0
2018-05-03,PETR4,PETR4,22.54,22.64,21.97,22.45,22.45,48855700,22.54,22.64,21.97,22.45,1.0,22.64,21.97,0
2018-05-04,PETR4,PETR4,22.45,22.64,22.27,22.27,22.27,33599400,22.45,22.64,22.27,22.27,1.0,22.64,22.27,0
2018-05-07,PETR4,PETR4,22.57,23.17,22.49,22.65,22.65,47815100,22.57,23.17,22.49,22.65,1.0,23.17,22.49,0
2018-05-08,PETR4,PETR4,23.06,23.15,22.52,22.91,22.91,81198700,23.06,23.15,22.52,22.91,1.0,23.15,22.52,0
2018-05-09,PETR4,PETR4,23.3,24.8,23.22,24.78,24.78,118032300,23.3,24.8,23.22,24.78,1.0,24.8,23.22,0
2018-05-10,PETR4,PETR4,25.14,26.49,24.92,25.75,25.75,126907200,25.14,26.49,24.92,25.75,1.0,26.49,24.92,0
2018-05-11,PETR4,PETR4,25.83,26.31,25.42,25.44,25.44,72996400,25.83,26.31,25.42,25.44,1.0,26.31,25.42,0
2018-05-14,PETR4,PETR4,25.85,26.48,25.81,26.24,26.24,66938700,25.85,26.48,25.81,26.24,1.0,26.48,25.81,0
2018-05-15,PETR4,PETR4,26.35,26.9,25.89,26.79,26.79,75230200,26.35,26.9,25.89,26.79,1.0,26.9,25.89,0
2018-05-16,PETR4,PETR4,26.87,27.53,26.84,27.39,27.39,64486500,26.87,27.53,26.84,27.39,1.0,27.53,26.84,0
2018-05-17,PETR4,PETR4,27.35,27.6,25.47,25.95,25.95,112487000,27.35,27.6,25.47,25.95,1.0,27.6,25.47,0
2018-05-18,PETR4,PETR4,25.01,26.17,24.96,25.65,25.65,83206900,25.01,26.17,24.96,25.65,1.0,26.17,24.96,0
2018-05-21,PETR4,PETR4,26.1,26.29,24.94,25.05,25.05,75971900,26.1,26.29,24.94,25.05,1.0,26.29,24.94,0
2018-05-22,PETR4,PETR4,24.81,25.29,24.15,24.71,24.71,88109900,24.81,25.29,24.15,24.71,1.0,25.29,24.15,0
2018-05-23,PETR4,PETR4,24.23,24.48,23.27,23.27,23.27,74622500,24.23,24.48,23.27,23.27,1.0,24.48,23.27,0
2018-05-24,PETR4,PETR4,20.05,20.75,19.65,20.08,20.08,240343800,20.05,20.75,19.65,20.08,1.0,20.75,19.65,0
2018-05-25,PETR4,PETR4,20.65,21.27,19.66,19.8,19.8,131188100,20.65,21.27,19.66,19.8,1.0,21.27,19.66,0
2018-05-28,PETR4,PETR4,19.2,19.2,16.91,16.91,16.91,134504900,19.2,19.2,16.91,16.91,1.0,19.2,16.91,0
2018-05-29,PETR4,PETR4,18.0,19.44,17.6,19.3,19.3,181509800,18.0,19.44,17.6,19.3,1.0,19.44,17.6,0
2018-05-30,PETR4,PETR4,18.39,19.97,18.13,18.98,18.98,125430000,18.39,19.97,18.13,18.98,1.0,19.97,18.13,0
2018-06-01,PETR4,PETR4,19.56,19.75,14.9,16.16,16.16,216954700,19.56,19.75,14.9,16.16,1.0,19.75,14.9,0
2018-06-04,PETR4,PETR4,17.29,17.64,17.05,17.53,17.53,93547600,17.29,17.64,17.05,17.53,1.0,17.64,17.05,0
2018-06-05,PETR4,PETR4,17.36,17.8,16.59,16.59,16.59,67006400,17.36,17.8,16.59,16.59,1.0,17.8,16.59,0
2018-06-06,PETR4,PETR4,16.47,16.68,15.87,16.33,16.33,69496800,16.47,16.68,15.87,16.33,1.0,16.68,15.87,0
2018-06-07,PETR4,PETR4,16.0,16.16,14.93,15.76,15.76,118752700,16.0,16.16,14.93,15.76,1.0,16.16,14.93,0
2018-06-08,PETR4,PETR4,15.81,16.19,15.06,15.25,15.25,91461500,15.81,16.19,15.06,15.25,1.0,16.19,15.06,0
2018-06-11,PETR4,PETR4,15.5,15.8,15.13,15.41,15.41,44872500,15.5,15.8,15.13,15.41,1.0,15.8,15.13,0
2018-06-12,PETR4,PETR4,15.48,15.68,15.24,15.46,15.46,69592600,15.48,15.68,15.24,15.46,1.0,15.68,15.24,0
2018-06-13,PETR4,PETR4,15.42,15.5,14.74,15.17,15.17,72301200,15.42,15.5,14.74,15.17,1.0,15.5,14.74,0
2018-06-14,PETR4,PETR4,15.33,15.55,15.05,15.1,15.1,57324600,15.33,15.55,15.05,15.1,1.0,15.55,15.05,0
2018-06-15,PETR4,PETR4,15.03,15.07,14.47,14.97,14.97,75239300,15.03,15.07,14.47,14.97,1.0,15.07,14.47,0
2018-06-18,PETR4,PETR4,14.77,14.89,14.5,14.5,14.5,47363800,14.77,14.89,14.5,14.5,1.0,14.89,14.5,0
2018-06-19,PETR4,PETR4,14.26,15.72,14.17,15.42,15.42,97301500,14.26,15.72,14.17,15.42,1.0,15.72,14.17,0
2018-06-20,PETR4,PETR4,15.84,16.48,15.8,16.21,16.21,88397300,15.84,16.48,15.8,16.21,1.0,16.48,15.8,0
2018-06-21,PETR4,PETR4,16.09,16.32,15.1,15.1,15.1,67884300,16.09,16.32,15.1,15.1,1.0,16.32,15.1,0
2018-06-22,PETR4,PETR4,15.41,15.68,15.01,15.11,15.11,52184500,15.41,15.68,15.01,15.11,1.0,15.68,15.01,0
2018-06-25,PETR4,PETR4,15.2,15.79,15.06,15.7,15.7,60347200,15.2,15.79,15.06,15.7,1.0,15.79,15.06,0
2018-06-26,PETR4,PETR4,15.9,16.12,15.53,16.04,16.04,59595900,15.9,16.12,15.53,16.04,1.0,16.12,15.53,0
2018-06-27,PETR4,PETR4,16.1,16.98,16.06,16.55,16.55,78095000,16.1,16.98,16.06,16.55,1.0,16.98,16.06,0
2018-06-28,PETR4,PETR4,16.72,17.07,16.33,16.6,16.6,94960700,16.72,17.07,16.33,16.6,1.0,17.07,16.33,0
2018-06-29,PETR4,PETR4,16.85,17.19,16.73,17.19,17.19,75735100,16.85,17.19,16.73,17.19,1.0,17.19,16.73,0
2018-07-02,PETR4,PETR4,16.99,17.48,16.9,17.47,17.47,54545600,16.99,17.48,16.9,17.47,1.0,17.48,16.9,0
2018-07-03,PETR4,PETR4,17.74,17.89,17.46,17.5,17.5,57456700,17.74,17.89,17.46,17.5,1.0,17.89,17.46,0
2018-07-04,PETR4,PETR4,17.38,18.45,17.24,18.45,18.45,54211000,17.38,18.45,17.24,18.45,1.0,18.45,17.24,0
2018-07-05,PETR4,PETR4,18.6,18.8,17.65,17.86,17.86,76084700,18.6,18.8,17.65,17.86,1.0,18.8,17.65,0
2018-07-06,PETR4,PETR4,17.97,18.09,17.65,17.94,17.94,33878700,17.97,18.09,17.65,17.94,1.0,18.09,17.65,0
2018-07-10,PETR4,PETR4,18.34,18.35,17.55,17.75,17.75,70886200,18.34,18.35,17.55,17.75,1.0,18.35,17.55,0
2018-07-11,PETR4,PETR4,17.49,18.08,17.3,17.41,17.41,85806300,17.49,18.08,17.3,17.41,1.0,18.08,17.3,0
2018-07-12,PETR4,PETR4,17.62,18.02,17.52,17.95,17.95,49397900,17.62,18.02,17.52,17.95,1.0,18.02,17.52,0
2018-07-13,PETR4,PETR4,17.99,18.18,17.78,18.11,18.11,44951900,17.99,18.18,17.78,18.11,1.0,18.18,17.78,0
2018-07-16,PETR4,PETR4,17.95,17.98,17.6,17.88,17.88,62798900,17.95,17.98,17.6,17.88,1.0,17.98,17.6,0
2018-07-17,PETR4,PETR4,17.79,18.4,17.71,18.29,18.29,40884300,17.79,18.4,17.71,18.29,1.0,18.4,17.71,0
2018-07-18,PETR4,PETR4,18.25,18.4,17.94,18.05,18.05,40643800,18.25,18.4,17.94,18.05,1.0,18.4,17.94,0
2018-07-19,PETR4,PETR4,17.84,18.4,17.74,18.4,18.4,60404900,17.84,18.4,17.74,18.4,1.0,18.4,17.74,0
2018-07-20,PETR4,PETR4,19.17,19.48,18.93,19.29,19.29,98035200,19.17,19.48,18.93,19.29,1.0,19.48,18.93,0
2018-07-23,PETR4,PETR4,19.3,19.47,19.21,19.26,19.26,35231500,19.3,19.47,19.21,19.26,1.0,19.47,19.21,0
2018-07-24,PETR4,PETR4,19.57,19.87,19.53,19.66,19.66,39934600,19.57,19.87,19.53,19.66,1.0,19.87,19.53,0
2018-07-25,PETR4,PETR4,19.8,20.0,19.61,19.96,19.96,48759900,19.8,20.0,19.61,19.96,1.0,20.0,19.61,0
2018-07-26,PETR4,PETR4,19.95,19.95,19.37,19.41,19.41,48144300,19.95,19.95,19.37,19.41,1.0,19.95,19.37,0
2018-07-27,PETR4,PETR4,19.6,19.81,19.55,19.77,19.77,36509400,19.6,19.81,19.55,19.77,1.0,19.81,19.55,0
2018-07-30,PETR4,PETR4,19.95,20.1,19.7,19.89,19.89,37053900,19.95,20.1,19.7,19.89,1.0,20.1,19.7,0
2018-07-31,PETR4,PETR4,19.62,19.79,19.47,19.72,19.72,38641200,19.62,19.79,19.47,19.72,1.0,19.79,19.47,0
2018-08-01,PETR4,PETR4,19.59,20.01,19.54,20.01,20.01,39141700,19.59,20.01,19.54,20.01,1.0,20.01,19.54,0
2018-08-02,PETR4,PETR4,19.99,20.78,19.95,20.41,20.41,69008900,19.99,20.78,19.95,20.41,1.0,20.78,19.95,0
2018-08-03,PETR4,PETR4,21.4,21.55,21.09,21.11,21.11,86908000,21.4,21.55,21.09,21.11,1.0,21.55,21.09,0
2018-08-06,PETR4,PETR4,21.15,21.47,20.98,21.04,21.04,44528300,21.15,21.47,20.98,21.04,1.0,21.47,20.98,0
2018-08-07,PETR4,PETR4,21.33,21.46,20.57,20.71,20.71,69136700,21.33,21.46,20.57,20.71,1.0,21.46,20.57,0
2018-08-08,PETR4,PETR4,20.81,21.07,20.12,20.14,20.14,58211500,20.81,21.07,20.12,20.14,1.0,21.07,20.12,0
2018-08-09,PETR4,PETR4,20.26,20.35,19.8,20.34,20.34,51253100,20.26,20.35,19.8,20.34,1.0,20.35,19.8,0
2018-08-10,PETR4,PETR4,20.1,20.15,19.36,19.59,19.59,61789800,20.1,20.15,19.36,19.59,1.0,20.15,19.36,0
2018-08-13,PETR4,PETR4,19.5,20.04,19.27,20.04,20.04,58306700,19.5,20.04,19.27,20.04,1.0,20.04,19.27,0
2018-08-14,PETR4,PETR4,20.28,20.31,19.73,19.98,19.98,55180600,20.28,20.31,19.73,19.98,1.0,20.31,19.73,0
2018-08-15,PETR4,PETR4,19.64,19.67,19.05,19.05,19.05,65651700,19.64,19.67,19.05,19.05,1.0,19.67,19.05,0
2018-08-16,PETR4,PETR4,19.32,19.35,18.77,18.95,18.95,51201600,19.32,19.35,18.77,18.95,1.0,19.35,18.77,0
2018-08-17,PETR4,PETR4,18.75,18.86,18.4,18.46,18.46,68328400,18.75,18.86,18.4,18.46,1.0,18.86,18.4,0
2018-08-20,PETR4,PETR4,18.37,18.51,18.09,18.36,18.36,56315600,18.37,18.51,18.09,18.36,1.0,18.51,18.09,0
2018-08-21,PETR4,PETR4,18.27,18.53,17.65,17.72,17.72,68735300,18.27,18.53,17.65,17.72,1.0,18.53,17.65,0
2018-08-22,PETR4,PETR4,17.7,18.38,17.65,18.35,18.35,56623700,17.7,18.38,17.65,18.35,1.0,18.38,17.65,0
2018-08-23,PETR4,PETR4,18.35,18.52,17.88,17.95,17.95,56284100,18.35,18.52,17.88,17.95,1.0,18.52,17.88,0
2018-08-24,PETR4,PETR4,18.35,18.44,18.05,18.3,18.3,37893000,18.35,18.44,18.05,18.3,1.0,18.44,18.05,0
2018-08-27,PETR4,PETR4,18.41,18.76,18.3,18.71,18.71,35428000,18.41,18.76,18.3,18.71,1.0,18.76,18.3,0
2018-08-28,PETR4,PETR4,18.76,18.85,18.34,18.35,18.35,38079200,18.76,18.85,18.34,18.35,1.0,18.85,18.34,0
2018-08-29,PETR4,PETR4,18.5,19.31,18.45,19.3,19.3,71434300,18.5,19.31,18.45,19.3,1.0,19.31,18.45,0
2018-08-30,PETR4,PETR4,19.15,19.54,18.68,18.8,18.8,63981900,19.15,19.54,18.68,18.8,1.0,19.54,18.68,0
2018-08-31,PETR4,PETR4,18.95,19.43,18.91,19.26,19.26,75767400,18.95,19.43,18.91,19.26,1.0,19.43,18.91,0
2018-09-03,PETR4,PETR4,18.99,19.13,18.76,19.0,19.0,25401600,18.99,19.13,18.76,19.0,1.0,19.13,18.76,0
2018-09-04,PETR4,PETR4,19.13,19.19,18.62,18.65,18.65,39759800,19.13,19.19,18.62,18.65,1.0,19.19,18.62,0
2018-09-05,PETR4,PETR4,18.56,18.8,18.23,18.65,18.65,53967300,18.56,18.8,18.23,18.65,1.0,18.8,18.23,0
2018-09-06,PETR4,PETR4,18.99,19.02,18.48,18.99,18.99,54304300,18.99,19.02,18.48,18.99,1.0,19.02,18.48,0
2018-09-10,PETR4,PETR4,19.36,19.6,19.05,19.26,19.26,58578100,19.36,19.6,19.05,19.26,1.0,19.6,19.05,0
2018-09-11,PETR4,PETR4,18.87,18.89,18.43,18.5,18.5,56495200,18.87,18.89,18.43,18.5,1.0,18.89,18.43,0
2018-09-12,PETR4,PETR4,18.81,19.22,18.64,18.95,18.95,59695700,18.81,19.22,18.64,18.95,1.0,19.22,18.64,0
2018-09-13,PETR4,PETR4,19.03,19.13,18.62,18.71,18.71,36808700,19.03,19.13,18.62,18.71,1.0,19.13,18.62,0
2018-09-14,PETR4,PETR4,18.8,18.96,18.48,18.79,18.79,55756300,18.8,18.96,18.48,18.79,1.0,18.96,18.48,0
2018-09-17,PETR4,PETR4,18.63,19.49,18.63,19.4,19.4,71289500,18.63,19.49,18.63,19.4,1.0,19.49,18.63,0
2018-09-18,PETR4,PETR4,19.5,20.25,19.47,20.25,20.25,72959100,19.5,20.25,19.47,20.25,1.0,20.25,19.47,0
2018-09-19,PETR4,PETR4,19.93,20.46,19.83,19.98,19.98,60563700,19.93,20.46,19.83,19.98,1.0,20.46,19.83,0
2018-09-20,PETR4,PETR4,20.26,20.35,19.75,19.87,19.87,56206900,20.26,20.35,19.75,19.87,1.0,20.35,19.75,0
2018-09-21,PETR4,PETR4,20.15,20.3,19.95,20.14,20.14,58517300,20.15,20.3,19.95,20.14,1.0,20.3,19.95,0
2018-09-24,PETR4,PETR4,20.2,20.41,19.92,20.0,20.0,54332900,20.2,20.41,19.92,20.0,1.0,20.41,19.92,0
2018-09-25,PETR4,PETR4,19.7,20.15,19.53,20.08,20.08,54462300,19.7,20.15,19.53,20.08,1.0,20.15,19.53,0
2018-09-26,PETR4,PETR4,20.24,20.3,19.97,20.19,20.19,60060800,20.24,20.3,19.97,20.19,1.0,20.3,19.97,0
2018-09-27,PETR4,PETR4,20.5,21.46,20.47,21.46,21.46,104177300,20.5,21.46,20.47,21.46,1.0,21.46,20.47,0
2018-09-28,PETR4,PETR4,21.13,21.94,21.02,21.09,21.09,91254600,21.13,21.94,21.02,21.09,1.0,21.94,21.02,0
2018-10-01,PETR4,PETR4,21.25,21.36,20.8,21.0,21.0,56540400,21.25,21.36,20.8,21.0,1.0,21.36,20.8,0
2018-10-02,PETR4,PETR4,22.0,22.82,21.9,22.82,22.82,127231800,22.0,22.82,21.9,22.82,1.0,22.82,21.9,0
2018-10-03,PETR4,PETR4,25.25,25.42,23.46,23.79,23.79,152189200,25.25,25.42,23.46,23.79,1.0,25.42,23.46,0
2018-10-04,PETR4,PETR4,23.45,24.52,23.21,24.02,24.02,99743300,23.45,24.52,23.21,24.02,1.0,24.52,23.21,0
2018-10-05,PETR4,PETR4,24.49,24.59,23.66,23.96,23.96,104693400,24.49,24.59,23.66,23.96,1.0,24.59,23.66,0
2018-10-08,PETR4,PETR4,26.94,26.97,25.75,26.6,26.6,188109000,26.94,26.97,25.75,26.6,1.0,26.97,25.75,0
2018-10-09,PETR4,PETR4,26.48,27.0,26.28,26.82,26.82,90128800,26.48,27.0,26.28,26.82,1.0,27.0,26.28,0
2018-10-10,PETR4,PETR4,26.31,26.39,25.65,26.05,26.05,82688000,26.31,26.39,25.65,26.05,1.0,26.39,25.65,0
2018-10-11,PETR4,PETR4,26.55,26.75,25.06,25.29,25.29,119307500,26.55,26.75,25.06,25.29,1.0,26.75,25.06,0
2018-10-15,PETR4,PETR4,25.9,26.12,25.55,25.77,25.77,92331900,25.9,26.12,25.55,25.77,1.0,26.12,25.55,0
2018-10-16,PETR4,PETR4,26.2,26.73,26.09,26.73,26.73,74144800,26.2,26.73,26.09,26.73,1.0,26.73,26.09,0
2018-10-17,PETR4,PETR4,26.44,26.63,26.26,26.45,26.45,80990300,26.44,26.63,26.26,26.45,1.0,26.63,26.26,0
2018-10-18,PETR4,PETR4,26.29,26.34,25.7,25.7,25.7,56268900,26.29,26.34,25.7,25.7,1.0,26.34,25.7,0
2018-10-19,PETR4,PETR4,26.15,26.3,25.72,25.92,25.92,61858300,26.15,26.3,25.72,25.92,1.0,26.3,25.72,0
2018-10-22,PETR4,PETR4,26.27,26.6,26.27,26.53,26.53,63678000,26.27,26.6,26.27,26.53,1.0,26.6,26.27,0
2018-10-23,PETR4,PETR4,26.15,26.48,25.81,26.2,26.2,77457300,26.15,26.48,25.81,26.2,1.0,26.48,25.81,0
2018-10-24,PETR4,PETR4,26.41,26.99,25.68,25.68,25.68,93377100,26.41,26.99,25.68,25.68,1.0,26.99,25.68,0
2018-10-25,PETR4,PETR4,26.18,26.64,25.69,26.32,26.32,79732200,26.18,26.64,25.69,26.32,1.0,26.64,25.69,0
2018-10-26,PETR4,PETR4,26.65,27.6,26.12,27.6,27.6,110184900,26.65,27.6,26.12,27.6,1.0,27.6,26.12,0
2018-10-29,PETR4,PETR4,28.73,28.74,25.97,26.42,26.42,160890100,28.73,28.74,25.97,26.42,1.0,28.74,25.97,0
2018-10-30,PETR4,PETR4,26.7,28.0,26.42,28.0,28.0,107525500,26.7,28.0,26.42,28.0,1.0,28.0,26.42,0
2018-10-31,PETR4,PETR4,28.26,28.33,27.3,27.62,27.62,84131500,28.26,28.33,27.3,27.62,1.0,28.33,27.3,0
2018-11-01,PETR4,PETR4,27.76,28.02,27.11,27.32,27.32,98037100,27.76,28.02,27.11,27.32,1.0,28.02,27.11,0
2018-11-05,PETR4,PETR4,27.5,28.16,27.41,28.16,28.16,60389900,27.5,28.16,27.41,28.16,1.0,28.16,27.41,0
2018-11-06,PETR4,PETR4,27.3,28.3,26.99,27.19,27.19,95344400,27.3,28.3,26.99,27.19,1.0,28.3,26.99,0
2018-11-07,PETR4,PETR4,27.61,27.65,26.26,26.3,26.3,95817100,27.61,27.65,26.26,26.3,1.0,27.65,26.26,0
2018-11-08,PETR4,PETR4,26.8,27.03,25.35,25.35,25.35,119096300,26.8,27.03,25.35,25.35,1.0,27.03,25.35,0
2018-11-09,PETR4,PETR4,25.2,25.72,24.68,25.46,25.46,94206400,25.2,25.72,24.68,25.46,1.0,25.72,24.68,0
2018-11-12,PETR4,PETR4,25.54,25.92,25.29,25.33,25.33,63162600,25.54,25.92,25.29,25.33,1.0,25.92,25.29,0
2018-11-13,PETR4,PETR4,25.32,25.32,23.95,24.24,24.24,112776300,25.32,25.32,23.95,24.24,1.0,25.32,23.95,0
2018-11-14,PETR4,PETR4,24.24,25.19,23.91,25.1,25.1,104423900,24.24,25.19,23.91,25.1,1.0,25.19,23.91,0
2018-11-16,PETR4,PETR4,25.39,26.04,25.17,25.8,25.8,100628900,25.39,26.04,25.17,25.8,1.0,26.04,25.17,0
2018-11-19,PETR4,PETR4,25.56,26.29,25.43,26.0,26.0,79946400,25.56,26.29,25.43,26.0,1.0,26.29,25.43,0
2018-11-21,PETR4,PETR4,25.1,25.48,25.01,25.17,25.17,77228100,25.1,25.48,25.01,25.17,1.0,25.48,25.01,0
2018-11-22,PETR4,PETR4,25.28,25.36,25.07,25.15,25.15,31253600,25.28,25.36,25.07,25.15,1.0,25.36,25.07,0
2018-11-23,PETR4,PETR4,24.65,24.8,24.01,24.37,24.37,77961200,24.65,24.8,24.01,24.37,1.0,24.8,24.01,0
2018-11-26,PETR4,PETR4,24.8,24.99,24.05,24.25,24.25,62111600,24.8,24.99,24.05,24.25,1.0,24.99,24.05,0
2018-11-27,PETR4,PETR4,24.37,25.7,24.27,25.53,25.53,90759000,24.37,25.7,24.27,25.53,1.0,25.7,24.27,0
2018-11-28,PETR4,PETR4,25.5,25.87,25.05,25.38,25.38,92811300,25.5,25.87,25.05,25.38,1.0,25.87,25.05,0
2018-11-29,PETR4,PETR4,24.96,25.5,24.88,25.17,25.17,65584300,24.96,25.5,24.88,25.17,1.0,25.5,24.88,0
2018-11-30,PETR4,PETR4,25.11,25.56,25.07,25.46,25.46,90874500,25.11,25.56,25.07,25.46,1.0,25.56,25.07,0
2018-12-03,PETR4,PETR4,26.3,26.53,25.8,25.94,25.94,90530000,26.3,26.53,25.8,25.94,1.0,26.53,25.8,0
2018-12-04,PETR4,PETR4,26.25,26.33,25.34,25.34,25.34,66867500,26.25,26.33,25.34,25.34,1.0,26.33,25.34,0
2018-12-05,PETR4,PETR4,25.47,25.72,24.95,25.56,25.56,54183300,25.47,25.72,24.95,25.56,1.0,25.72,24.95,0
2018-12-06,PETR4,PETR4,24.99,25.12,24.31,24.59,24.59,99037200,24.99,25.12,24.31,24.59,1.0,25.12,24.31,0
2018-12-07,PETR4,PETR4,24.52,25.47,24.45,24.77,24.77,87994700,24.52,25.47,24.45,24.77,1.0,25.47,24.45,0
2018-12-10,PETR4,PETR4,24.77,24.9,23.44,23.44,23.44,73871100,24.77,24.9,23.44,23.44,1.0,24.9,23.44,0
2018-12-11,PETR4,PETR4,23.92,24.07,23.07,23.29,23.29,64017600,23.92,24.07,23.07,23.29,1.0,24.07,23.07,0
2018-12-12,PETR4,PETR4,23.74,23.9,23.2,23.3,23.3,63296400,23.74,23.9,23.2,23.3,1.0,23.9,23.2,0
2018-12-13,PETR4,PETR4,23.29,23.45,22.96,23.36,23.36,61946100,23.29,23.45,22.96,23.36,1.0,23.45,22.96,0
2018-12-14,PETR4,PETR4,23.08,23.33,22.96,23.05,23.05,45231700,23.08,23.33,22.96,23.05,1.0,23.33,22.96,0
2018-12-17,PETR4,PETR4,23.22,23.27,22.8,22.87,22.87,53832000,23.22,23.27,22.8,22.87,1.0,23.27,22.8,0
2018-12-18,PETR4,PETR4,22.78,22.8,22.0,22.0,22.0,74740000,22.78,22.8,22.0,22.0,1.0,22.8,22.0,0
2018-12-19,PETR4,PETR4,22.5,23.05,22.06,22.25,22.25,171157500,22.5,23.05,22.06,22.25,1.0,23.05,22.06,0
2018-12-20,PETR4,PETR4,22.31,22.32,21.35,21.49,21.49,141767000,22.31,22.32,21.35,21.49,1.0,22.32,21.35,0
2018-12-21,PETR4,PETR4,21.4,21.98,21.25,21.55,21.55,90384300,21.4,21.98,21.25,21.55,1.0,21.98,21.25,0
2018-12-26,PETR4,PETR4,20.59,21.68,20.42,21.68,21.68,77104200,20.59,21.68,20.42,21.68,1.0,21.68,20.42,0
2018-12-27,PETR4,PETR4,21.52,21.98,21.28,21.67,21.67,74083700,21.52,21.98,21.28,21.67,1.0,21.98,21.28,0
2018-12-28,PETR4,PETR4,22.11,22.83,22.08,22.68,22.68,61634700,22.11,22.83,22.08,22.68,1.0,22.83,22.08,0
2019-01-02,PETR4,PETR4,22.55,24.2,22.28,24.06,24.06,104534800,22.55,24.2,22.28,24.06,1.0,24.2,22.28,0
2019-01-03,PETR4,PETR4,23.96,24.82,23.8,24.65,24.65,95206400,23.96,24.82,23.8,24.65,1.0,24.82,23.8,0
2019-01-04,PETR4,PETR4,24.85,24.94,24.47,24.72,24.72,72119800,24.85,24.94,24.47,24.72,1.0,24.94,24.47,0
2019-01-07,PETR4,PETR4,24.85,25.92,24.7,25.11,25.11,121711900,24.85,25.92,24.7,25.11,1.0,25.92,24.7,0
2019-01-08,PETR4,PETR4,25.4,25.42,24.77,24.96,24.96,68761800,25.4,25.42,24.77,24.96,1.0,25.42,24.77,0
2019-01-09,PETR4,PETR4,25.3,25.5,25.15,25.48,25.48,70177600,25.3,25.5,25.15,25.48,1.0,25.5,25.15,0
2019-01-10,PETR4,PETR4,25.26,25.41,25.07,25.26,25.26,54763700,25.26,25.41,25.07,25.26,1.0,25.41,25.07,0
2019-01-11,PETR4,PETR4,25.15,25.19,24.84,24.99,24.99,53980700,25.15,25.19,24.84,24.99,1.0,25.19,24.84,0
2019-01-14,PETR4,PETR4,24.82,25.09,24.66,24.85,24.85,46577300,24.82,25.09,24.66,24.85,1.0,25.09,24.66,0
2019-01-15,PETR4,PETR4,24.83,25.12,24.7,24.83,24.83,53731500,24.83,25.12,24.7,24.83,1.0,25.12,24.7,0
2019-01-16,PETR4,PETR4,24.8,24.9,24.66,24.82,24.82,40425000,24.8,24.9,24.66,24.82,1.0,24.9,24.66,0
2019-01-17,PETR4,PETR4,24.75,25.3,24.68,25.16,25.16,50359400,24.75,25.3,24.68,25.16,1.0,25.3,24.68,0
2019-01-18,PETR4,PETR4,25.44,25.56,25.28,25.4,25.4,67021300,25.44,25.56,25.28,25.4,1.0,25.56,25.28,0
2019-01-21,PETR4,PETR4,25.31,25.53,25.1,25.53,25.53,45336500,25.31,25.53,25.1,25.53,1.0,25.53,25.1,0
2019-01-22,PETR4,PETR4,25.26,25.5,25.02,25.13,25.13,61307000,25.26,25.5,25.02,25.13,1.0,25.5,25.02,0
2019-01-23,PETR4,PETR4,25.33,25.54,25.16,25.43,25.43,52931600,25.33,25.54,25.16,25.43,1.0,25.54,25.16,0
2019-01-24,PETR4,PETR4,25.4,25.54,25.32,25.54,25.54,40109000,25.4,25.54,25.32,25.54,1.0,25.54,25.32,0
2019-01-28,PETR4,PETR4,25.29,25.53,24.74,24.77,24.77,65079900,25.29,25.53,24.74,24.77,1.0,25.53,24.74,0
2019-01-29,PETR4,PETR4,25.25,25.56,25.11,25.37,25.37,59419200,25.25,25.56,25.11,25.37,1.0,25.56,25.11,0
2019-01-30,PETR4,PETR4,25.81,25.93,25.47,25.62,25.62,62607500,25.81,25.93,25.47,25.62,1.0,25.93,25.47,0
2019-01-31,PETR4,PETR4,25.87,25.96,25.56,25.58,25.58,63253600,25.87,25.96,25.56,25.58,1.0,25.96,25.56,0
2019-02-01,PETR4,PETR4,25.5,25.85,25.37,25.8,25.8,47957400,25.5,25.85,25.37,25.8,1.0,25.85,25.37,0
2019-02-04,PETR4,PETR4,25.84,26.12,25.6,26.03,26.03,53874900,25.84,26.12,25.6,26.03,1.0,26.12,25.6,0
2019-02-05,PETR4,PETR4,25.91,26.1,25.81,26.05,26.05,40989100,25.91,26.1,25.81,26.05,1.0,26.1,25.81,0
2019-02-06,PETR4,PETR4,25.8,25.84,25.32,25.49,25.49,64527000,25.8,25.84,25.32,25.49,1.0,25.84,25.32,0
2019-02-07,PETR4,PETR4,25.6,25.85,24.66,25.09,25.09,55614100,25.6,25.85,24.66,25.09,1.0,25.85,24.66,0
2019-02-08,PETR4,PETR4,24.8,25.28,24.73,25.13,25.13,40153900,24.8,25.28,24.73,25.13,1.0,25.28,24.73,0
2019-02-11,PETR4,PETR4,25.17,25.17,24.54,24.84,24.84,39617300,25.17,25.17,24.54,24.84,1.0,25.17,24.54,0
2019-02-12,PETR4,PETR4,25.32,25.85,25.23,25.72,25.72,72467200,25.32,25.85,25.23,25.72,1.0,25.85,25.23,0
2019-02-13,PETR4,PETR4,26.02,26.21,25.85,26.05,26.05,69042200,26.02,26.21,25.85,26.05,1.0,26.21,25.85,0
2019-02-14,PETR4,PETR4,26.17,26.95,26.0,26.95,26.95,81125500,26.17,26.95,26.0,26.95,1.0,26.95,26.0,0
2019-02-15,PETR4,PETR4,26.86,27.02,26.71,26.84,26.84,63841800,26.86,27.02,26.71,26.84,1.0,27.02,26.71,0
2019-02-18,PETR4,PETR4,26.59,26.79,26.41,26.76,26.76,43379000,26.59,26.79,26.41,26.76,1.0,26.79,26.41,0
2019-02-19,PETR4,PETR4,26.86,27.4,26.84,27.38,27.38,58041900,26.86,27.4,26.84,27.38,1.0,27.4,26.84,0
2019-02-20,PETR4,PETR4,27.5,27.66,26.87,27.04,27.04,55114500,27.5,27.66,26.87,27.04,1.0,27.66,26.87,0
2019-02-21,PETR4,PETR4,27.18,27.49,26.82,27.4,27.4,46559400,27.18,27.49,26.82,27.4,1.0,27.49,26.82,0
2019-02-22,PETR4,PETR4,27.55,27.7,27.13,27.13,27.13,36602000,27.55,27.7,27.13,27.13,1.0,27.7,27.13,0
2019-02-25,PETR4,PETR4,27.0,27.03,26.63,26.7,26.7,54190800,27.0,27.03,26.63,26.7,1.0,27.03,26.63,0
2019-02-26,PETR4,PETR4,26.76,27.14,26.57,26.58,26.58,46504200,26.76,27.14,26.57,26.58,1.0,27.14,26.57,0
2019-02-27,PETR4,PETR4,26.84,27.25,26.63,27.08,27.08,49131400,26.84,27.25,26.63,27.08,1.0,27.25,26.63,0
2019-02-28,PETR4,PETR4,27.72,27.75,26.6,27.06,27.06,93065100,27.72,27.75,26.6,27.06,1.0,27.75,26.6,0
2019-03-01,PETR4,PETR4,27.14,27.25,26.63,26.7,26.7,41978700,27.14,27.25,26.63,26.7,1.0,27.25,26.63,0
2019-03-06,PETR4,PETR4,26.55,26.76,26.47,26.76,26.76,18423400,26.55,26.76,26.47,26.76,1.0,26.76,26.47,0
2019-03-07,PETR4,PETR4,26.8,26.91,26.49,26.77,26.77,32835300,26.8,26.91,26.49,26.77,1.0,26.91,26.49,0
2019-03-08,PETR4,PETR4,26.49,26.75,26.22,26.67,26.67,49564400,26.49,26.75,26.22,26.67,1.0,26.75,26.22,0
2019-03-11,PETR4,PETR4,27.02,27.78,27.01,27.75,27.75,66740300,27.02,27.78,27.01,27.75,1.0,27.78,27.01,0
2019-03-12,PETR4,PETR4,27.79,27.96,27.25,27.5,27.5,64287300,27.79,27.96,27.25,27.5,1.0,27.96,27.25,0
2019-03-13,PETR4,PETR4,27.59,28.13,27.52,28.1,28.1,61057200,27.59,28.13,27.52,28.1,1.0,28.13,27.52,0
2019-03-14,PETR4,PETR4,28.15,28.2,27.91,28.19,28.19,42777800,28.15,28.2,27.91,28.19,1.0,28.2,27.91,0
2019-03-15,PETR4,PETR4,28.16,28.39,28.11,28.25,28.25,61041100,28.16,28.39,28.11,28.25,1.0,28.39,28.11,0
2019-03-18,PETR4,PETR4,28.35,28.79,28.26,28.74,28.74,91920600,28.35,28.79,28.26,28.74,1.0,28.79,28.26,0
2019-03-19,PETR4,PETR4,28.85,29.5,28.6,29.2,29.2,69423600,28.85,29.5,28.6,29.2,1.0,29.5,28.6,0
2019-03-20,PETR4,PETR4,29.2,29.6,28.9,28.97,28.97,68878000,29.2,29.6,28.9,28.97,1.0,29.6,28.9,0
2019-03-21,PETR4,PETR4,28.84,28.97,27.92,28.56,28.56,80121300,28.84,28.97,27.92,28.56,1.0,28.97,27.92,0
2019-03-22,PETR4,PETR4,27.94,28.14,27.0,27.0,27.0,104731100,27.94,28.14,27.0,27.0,1.0,28.14,27.0,0
2019-03-25,PETR4,PETR4,26.83,27.59,26.82,27.34,27.34,104772900,26.83,27.59,26.82,27.34,1.0,27.59,26.82,0
2019-03-26,PETR4,PETR4,27.74,28.68,27.72,28.63,28.63,91549100,27.74,28.68,27.72,28.63,1.0,28.68,27.72,0
2019-03-27,PETR4,PETR4,28.21,28.21,27.34,27.34,27.34,66415400,28.21,28.21,27.34,27.34,1.0,28.21,27.34,0
2019-03-28,PETR4,PETR4,27.25,28.06,26.95,28.06,28.06,69412700,27.25,28.06,26.95,28.06,1.0,28.06,26.95,0
2019-03-29,PETR4,PETR4,28.45,28.53,27.74,28.06,28.06,51587400,28.45,28.53,27.74,28.06,1.0,28.53,27.74,0
2019-04-01,PETR4,PETR4,28.4,28.42,27.87,28.0,28.0,42289800,28.4,28.42,27.87,28.0,1.0,28.42,27.87,0
2019-04-02,PETR4,PETR4,28.14,28.3,27.86,28.29,28.29,38460600,28.14,28.3,27.86,28.29,1.0,28.3,27.86,0
2019-04-03,PETR4,PETR4,28.53,28.56,27.54,27.54,27.54,55120900,28.53,28.56,27.54,27.54,1.0,28.56,27.54,0
2019-04-04,PETR4,PETR4,27.77,28.47,27.37,28.47,28.47,52248100,27.77,28.47,27.37,28.47,1.0,28.47,27.37,0
2019-04-05,PETR4,PETR4,28.54,28.89,28.21,28.78,28.78,54708900,28.54,28.89,28.21,28.78,1.0,28.89,28.21,0
2019-04-08,PETR4,PETR4,29.06,29.39,28.98,29.25,29.25,55270000,29.06,29.39,28.98,29.25,1.0,29.39,28.98,0
2019-04-09,PETR4,PETR4,29.03,29.24,28.67,29.16,29.16,43863700,29.03,29.24,28.67,29.16,1.0,29.24,28.67,0
2019-04-10,PETR4,PETR4,29.55,29.57,28.78,28.78,28.78,62005200,29.55,29.57,28.78,28.78,1.0,29.57,28.78,0
2019-04-11,PETR4,PETR4,28.7,28.7,27.87,28.0,28.0,56126400,28.7,28.7,27.87,28.0,1.0,28.7,27.87,0
2019-04-12,PETR4,PETR4,26.47,26.97,25.57,25.83,25.83,227307600,26.47,26.97,25.57,25.83,1.0,26.97,25.57,0
2019-04-15,PETR4,PETR4,26.35,26.58,25.55,25.93,25.93,117567200,26.35,26.58,25.55,25.93,1.0,26.58,25.55,0
2019-04-16,PETR4,PETR4,25.95,27.06,25.63,26.72,26.72,95149300,25.95,27.06,25.63,26.72,1.0,27.06,25.63,0
2019-04-17,PETR4,PETR4,27.12,27.34,26.22,26.75,26.75,103988400,27.12,27.34,26.22,26.75,1.0,27.34,26.22,0
2019-04-18,PETR4,PETR4,27.36,27.89,27.25,27.6,27.6,100942100,27.36,27.89,27.25,27.6,1.0,27.89,27.25,0
2019-04-22,PETR4,PETR4,27.69,27.89,27.32,27.44,27.44,45321900,27.69,27.89,27.32,27.44,1.0,27.89,27.32,0
2019-04-23,PETR4,PETR4,27.72,28.0,27.68,27.68,27.68,52199500,27.72,28.0,27.68,27.68,1.0,28.0,27.68,0
2019-04-24,PETR4,PETR4,27.72,27.89,27.21,27.6,27.6,57704700,27.72,27.89,27.21,27.6,1.0,27.89,27.21,0
2019-04-25,PETR4,PETR4,27.45,28.07,27.43,27.8,27.8,55201700,27.45,28.07,27.43,27.8,1.0,28.07,27.43,0
2019-04-26,PETR4,PETR4,27.68,27.77,27.06,27.25,27.25,52616600,27.68,27.77,27.06,27.25,1.0,27.77,27.06,0
2019-04-29,PETR4,PETR4,27.55,27.62,27.34,27.37,27.37,27689800,27.55,27.62,27.34,27.37,1.0,27.62,27.34,0
2019-04-30,PETR4,PETR4,27.52,27.66,26.98,27.11,27.11,39570700,27.52,27.66,26.98,27.11,1.0,27.66,26.98,0
2019-05-02,PETR4,PETR4,26.8,26.82,26.52,26.73,26.73,37820300,26.8,26.82,26.52,26.73,1.0,26.82,26.52,0
2019-05-03,PETR4,PETR4,26.9,27.07,26.85,26.85,26.85,33334800,26.9,27.07,26.85,26.85,1.0,27.07,26.85,0
2019-05-06,PETR4,PETR4,26.39,26.77,26.36,26.77,26.77,31715900,26.39,26.77,26.36,26.77,1.0,26.77,26.36,0
2019-05-07,PETR4,PETR4,26.65,26.66,26.12,26.35,26.35,52454400,26.65,26.66,26.12,26.35,1.0,26.66,26.12,0
2019-05-08,PETR4,PETR4,26.31,27.47,26.29,27.37,27.37,71780300,26.31,27.47,26.29,27.37,1.0,27.47,26.29,0
2019-05-09,PETR4,PETR4,27.1,27.12,26.64,26.83,26.83,46663300,27.1,27.12,26.64,26.83,1.0,27.12,26.64,0
2019-05-10,PETR4,PETR4,26.87,26.92,26.42,26.68,26.68,33336000,26.87,26.92,26.42,26.68,1.0,26.92,26.42,0
2019-05-13,PETR4,PETR4,26.21,26.47,25.82,25.9,25.9,43146100,26.21,26.47,25.82,25.9,1.0,26.47,25.82,0
2019-05-14,PETR4,PETR4,26.17,26.23,25.85,26.0,26.0,34968600,26.17,26.23,25.85,26.0,1.0,26.23,25.85,0
2019-05-15,PETR4,PETR4,25.74,25.89,25.66,25.88,25.88,37053900,25.74,25.89,25.66,25.88,1.0,25.89,25.66,0
2019-05-16,PETR4,PETR4,25.77,26.04,25.24,25.27,25.27,46502200,25.77,26.04,25.24,25.27,1.0,26.04,25.24,0
2019-05-17,PETR4,PETR4,25.05,25.42,24.47,24.68,24.68,67291200,25.05,25.42,24.47,24.68,1.0,25.42,24.47,0
2019-05-20,PETR4,PETR4,24.68,25.52,24.64,25.52,25.52,54472000,24.68,25.52,24.64,25.52,1.0,25.52,24.64,0
2019-05-21,PETR4,PETR4,25.7,26.49,25.42,26.49,26.49,57846700,25.7,26.49,25.42,26.49,1.0,26.49,25.42,0
2019-05-22,PETR4,PETR4,26.34,26.47,25.96,26.29,26.29,48439300,26.34,26.47,25.96,26.29,1.0,26.47,25.96,0
2019-05-23,PETR4,PETR4,25.9,25.92,25.52,25.84,25.84,49527400,25.9,25.92,25.52,25.84,1.0,25.92,25.52,0
2019-05-24,PETR4,PETR4,26.15,26.36,25.93,26.09,26.09,35915100,26.15,26.36,25.93,26.09,1.0,26.36,25.93,0
2019-05-27,PETR4,PETR4,26.3,26.54,26.17,26.24,26.24,33892000,26.3,26.54,26.17,26.24,1.0,26.54,26.17,0
2019-05-28,PETR4,PETR4,26.13,26.8,26.13,26.8,26.8,60774600,26.13,26.8,26.13,26.8,1.0,26.8,26.13,0
2019-05-29,PETR4,PETR4,26.49,26.71,26.26,26.5,26.5,43124400,26.49,26.71,26.26,26.5,1.0,26.71,26.26,0
2019-05-30,PETR4,PETR4,26.51,26.86,25.99,26.15,26.15,71847200,26.51,26.86,25.99,26.15,1.0,26.86,25.99,0
2019-05-31,PETR4,PETR4,25.79,26.27,25.42,25.55,25.55,63137200,25.79,26.27,25.42,25.55,1.0,26.27,25.42,0
2019-06-03,PETR4,PETR4,25.88,26.32,25.85,25.99,25.99,53470600,25.88,26.32,25.85,25.99,1.0,26.32,25.85,0
2019-06-04,PETR4,PETR4,26.29,26.37,26.03,26.2,26.2,37331100,26.29,26.37,26.03,26.2,1.0,26.37,26.03,0
2019-06-05,PETR4,PETR4,26.18,26.29,25.56,25.86,25.86,65282100,26.18,26.29,25.56,25.86,1.0,26.29,25.56,0
2019-06-06,PETR4,PETR4,26.17,26.63,25.72,26.28,26.28,87836900,26.17,26.63,25.72,26.28,1.0,26.63,25.72,0
2019-06-07,PETR4,PETR4,26.69,26.83,26.37,26.76,26.76,52235500,26.69,26.83,26.37,26.76,1.0,26.83,26.37,0
2019-06-10,PETR4,PETR4,26.6,26.89,26.52,26.65,26.65,39666800,26.6,26.89,26.52,26.65,1.0,26.89,26.52,0
2019-06-11,PETR4,PETR4,26.89,27.29,26.71,27.16,27.16,52437000,26.89,27.29,26.71,27.16,1.0,27.29,26.71,0
2019-06-12,PETR4,PETR4,27.02,27.12,26.64,26.85,26.85,43392200,27.02,27.12,26.64,26.85,1.0,27.12,26.64,0
2019-06-13,PETR4,PETR4,27.15,27.39,27.08,27.18,27.18,48981600,27.15,27.39,27.08,27.18,1.0,27.39,27.08,0
2019-06-14,PETR4,PETR4,27.2,27.25,26.9,27.06,27.06,42802400,27.2,27.25,26.9,27.06,1.0,27.25,26.9,0
2019-06-17,PETR4,PETR4,27.08,27.43,26.96,27.11,27.11,49290000,27.08,27.43,26.96,27.11,1.0,27.43,26.96,0
2019-06-18,PETR4,PETR4,27.3,27.52,27.25,27.45,27.45,31332800,27.3,27.52,27.25,27.45,1.0,27.52,27.25,0
2019-06-19,PETR4,PETR4,27.35,27.59,27.22,27.52,27.52,33286300,27.35,27.59,27.22,27.52,1.0,27.59,27.22,0
2019-06-21,PETR4,PETR4,27.95,28.39,27.95,28.28,28.28,58424700,27.95,28.39,27.95,28.28,1.0,28.39,27.95,0
2019-06-24,PETR4,PETR4,28.32,28.38,28.12,28.25,28.25,27365000,28.32,28.38,28.12,28.25,1.0,28.38,28.12,0
2019-06-25,PETR4,PETR4,28.14,28.16,27.38,27.51,27.51,56472100,28.14,28.16,27.38,27.51,1.0,28.16,27.38,0
2019-06-26,PETR4,PETR4,27.55,27.93,27.52,27.67,27.67,48901500,27.55,27.93,27.52,27.67,1.0,27.93,27.52,0
2019-06-27,PETR4,PETR4,27.44,27.55,27.01,27.23,27.23,55219200,27.44,27.55,27.01,27.23,1.0,27.55,27.01,0
2019-06-28,PETR4,PETR4,27.45,27.61,27.11,27.41,27.41,40262000,27.45,27.61,27.11,27.41,1.0,27.61,27.11,0
2019-07-01,PETR4,PETR4,27.84,28.03,27.21,27.26,27.26,46759100,27.84,28.03,27.21,27.26,1.0,28.03,27.21,0
2019-07-02,PETR4,PETR4,27.26,27.26,26.65,26.82,26.82,57954200,27.26,27.26,26.65,26.82,1.0,27.26,26.65,0
2019-07-03,PETR4,PETR4,27.04,27.2,26.89,27.13,27.13,33975800,27.04,27.2,26.89,27.13,1.0,27.2,26.89,0
2019-07-04,PETR4,PETR4,27.38,27.58,27.32,27.39,27.39,28577400,27.38,27.58,27.32,27.39,1.0,27.58,27.32,0
2019-07-05,PETR4,PETR4,27.27,27.59,27.13,27.4,27.4,27414700,27.27,27.59,27.13,27.4,1.0,27.59,27.13,0
2019-07-08,PETR4,PETR4,27.5,27.72,27.44,27.65,27.65,25318200,27.5,27.72,27.44,27.65,1.0,27.72,27.44,0
2019-07-10,PETR4,PETR4,28.0,28.27,27.97,28.07,28.07,50715800,28.0,28.27,27.97,28.07,1.0,28.27,27.97,0
2019-07-11,PETR4,PETR4,28.2,28.51,28.16,28.4,28.4,48206900,28.2,28.51,28.16,28.4,1.0,28.51,28.16,0
2019-07-12,PETR4,PETR4,28.54,28.74,28.41,28.53,28.53,40908900,28.54,28.74,28.41,28.53,1.0,28.74,28.41,0
2019-07-15,PETR4,PETR4,28.59,28.65,28.18,28.18,28.18,36592400,28.59,28.65,28.18,28.18,1.0,28.65,28.18,0
2019-07-16,PETR4,PETR4,28.28,28.33,27.6,27.83,27.83,54789300,28.28,28.33,27.6,27.83,1.0,28.33,27.6,0
2019-07-17,PETR4,PETR4,27.99,28.0,27.64,27.68,27.68,28923500,27.99,28.0,27.64,27.68,1.0,28.0,27.64,0
2019-07-18,PETR4,PETR4,27.76,27.81,27.43,27.51,27.51,35830700,27.76,27.81,27.43,27.51,1.0,27.81,27.43,0
2019-07-19,PETR4,PETR4,27.5,27.6,27.37,27.44,27.44,28418900,27.5,27.6,27.37,27.44,1.0,27.6,27.37,0
2019-07-22,PETR4,PETR4,27.62,27.75,27.36,27.49,27.49,22304400,27.62,27.75,27.36,27.49,1.0,27.75,27.36,0
2019-07-23,PETR4,PETR4,27.51,27.63,27.4,27.52,27.52,21124400,27.51,27.63,27.4,27.52,1.0,27.63,27.4,0
2019-07-24,PETR4,PETR4,27.59,27.64,27.3,27.35,27.35,27939600,27.59,27.64,27.3,27.35,1.0,27.64,27.3,0
2019-07-25,PETR4,PETR4,27.47,27.5,26.81,26.89,26.89,26892300,27.47,27.5,26.81,26.89,1.0,27.5,26.81,0
2019-07-26,PETR4,PETR4,26.8,26.8,26.1,26.14,26.14,75644000,26.8,26.8,26.1,26.14,1.0,26.8,26.1,0
2019-07-29,PETR4,PETR4,26.22,26.44,25.96,26.38,26.38,26493300,26.22,26.44,25.96,26.38,1.0,26.44,25.96,0
2019-07-30,PETR4,PETR4,26.35,26.49,26.18,26.24,26.24,38201600,26.35,26.49,26.18,26.24,1.0,26.49,26.18,0
2019-07-31,PETR4,PETR4,26.39,26.5,26.02,26.08,26.08,39890200,26.39,26.5,26.02,26.08,1.0,26.5,26.02,0
2019-08-01,PETR4,PETR4,26.3,26.56,25.16,25.6,25.6,91345800,26.3,26.56,25.16,25.6,1.0,26.56,25.16,0
2019-08-02,PETR4,PETR4,26.37,26.89,26.28,26.52,26.52,64112900,26.37,26.89,26.28,26.52,1.0,26.89,26.28,0
2019-08-05,PETR4,PETR4,25.8,26.13,25.52,25.55,25.55,48277000,25.8,26.13,25.52,25.55,1.0,26.13,25.52,0
2019-08-06,PETR4,PETR4,25.9,26.22,25.68,25.88,25.88,44208100,25.9,26.22,25.68,25.88,1.0,26.22,25.68,0
2019-08-07,PETR4,PETR4,25.44,25.73,25.0,25.6,25.6,67698500,25.44,25.73,25.0,25.6,1.0,25.73,25.0,0
2019-08-08,PETR4,PETR4,26.1,26.35,25.86,26.35,26.35,50256700,26.1,26.35,25.86,26.35,1.0,26.35,25.86,0
2019-08-09,PETR4,PETR4,26.3,26.69,26.1,26.28,26.28,36641500,26.3,26.69,26.1,26.28,1.0,26.69,26.1,0
2019-08-12,PETR4,PETR4,25.92,25.92,25.54,25.65,25.65,36122000,25.92,25.92,25.54,25.65,1.0,25.92,25.54,0
2019-08-13,PETR4,PETR4,25.36,26.13,25.23,25.79,25.79,45330500,25.36,26.13,25.23,25.79,1.0,26.13,25.23,0
2019-08-14,PETR4,PETR4,25.26,25.38,24.78,24.92,24.92,54401100,25.26,25.38,24.78,24.92,1.0,25.38,24.78,0
2019-08-15,PETR4,PETR4,24.99,25.0,24.14,24.23,24.23,53894500,24.99,25.0,24.14,24.23,1.0,25.0,24.14,0
2019-08-16,PETR4,PETR4,24.72,24.77,23.89,23.91,23.91,56782000,24.72,24.77,23.89,23.91,1.0,24.77,23.89,0
2019-08-19,PETR4,PETR4,24.3,24.5,23.85,24.03,24.03,50699300,24.3,24.5,23.85,24.03,1.0,24.5,23.85,0
2019-08-20,PETR4,PETR4,23.91,24.19,23.68,24.02,24.02,37141700,23.91,24.19,23.68,24.02,1.0,24.19,23.68,0
2019-08-21,PETR4,PETR4,24.35,25.99,24.18,25.45,25.45,87840800,24.35,25.99,24.18,25.45,1.0,25.99,24.18,0
2019-08-22,PETR4,PETR4,25.5,25.72,25.16,25.22,25.22,40808800,25.5,25.72,25.16,25.22,1.0,25.72,25.16,0
2019-08-23,PETR4,PETR4,24.78,25.37,24.23,24.28,24.28,58032300,24.78,25.37,24.23,24.28,1.0,25.37,24.23,0
2019-08-26,PETR4,PETR4,24.58,24.68,23.77,23.96,23.96,39688800,24.58,24.68,23.77,23.96,1.0,24.68,23.77,0
2019-08-27,PETR4,PETR4,24.17,24.82,23.81,24.34,24.34,70475200,24.17,24.82,23.81,24.34,1.0,24.82,23.81,0
2019-08-28,PETR4,PETR4,24.2,24.7,24.12,24.59,24.59,41981500,24.2,24.7,24.12,24.59,1.0,24.7,24.12,0
2019-08-29,PETR4,PETR4,24.9,25.5,24.68,25.5,25.5,61008800,24.9,25.5,24.68,25.5,1.0,25.5,24.68,0
2019-08-30,PETR4,PETR4,25.53,25.69,25.17,25.5,25.5,54958200,25.53,25.69,25.17,25.5,1.0,25.69,25.17,0
2019-09-02,PETR4,PETR4,25.39,25.58,25.25,25.3,25.3,19049900,25.39,25.58,25.25,25.3,1.0,25.58,25.25,0
2019-09-03,PETR4,PETR4,25.11,25.66,25.03,25.6,25.6,47829600,25.11,25.66,25.03,25.6,1.0,25.66,25.03,0
2019-09-04,PETR4,PETR4,26.16,26.37,26.0,26.26,26.26,56179000,26.16,26.37,26.0,26.26,1.0,26.37,26.0,0
2019-09-05,PETR4,PETR4,26.6,26.79,26.34,26.39,26.39,48586800,26.6,26.79,26.34,26.39,1.0,26.79,26.34,0
2019-09-06,PETR4,PETR4,26.4,26.86,26.2,26.52,26.52,48502200,26.4,26.86,26.2,26.52,1.0,26.86,26.2,0
2019-09-09,PETR4,PETR4,26.75,27.02,26.7,26.93,26.93,37303000,26.75,27.02,26.7,26.93,1.0,27.02,26.7,0
2019-09-10,PETR4,PETR4,27.05,27.35,26.78,27.1,27.1,44109400,27.05,27.35,26.78,27.1,1.0,27.35,26.78,0
2019-09-11,PETR4,PETR4,27.35,27.35,26.83,26.87,26.87,51540400,27.35,27.35,26.83,26.87,1.0,27.35,26.83,0
2019-09-12,PETR4,PETR4,26.86,27.14,26.64,27.06,27.06,41028300,26.86,27.14,26.64,27.06,1.0,27.14,26.64,0
2019-09-13,PETR4,PETR4,27.12,27.2,26.82,26.88,26.88,24709400,27.12,27.2,26.82,26.88,1.0,27.2,26.82,0
2019-09-16,PETR4,PETR4,28.12,28.24,27.69,28.06,28.06,167634600,28.12,28.24,27.69,28.06,1.0,28.24,27.69,0
2019-09-17,PETR4,PETR4,27.66,27.75,27.16,27.69,27.69,67414800,27.66,27.75,27.16,27.69,1.0,27.75,27.16,0
2019-09-18,PETR4,PETR4,27.37,27.49,27.22,27.22,27.22,40567100,27.37,27.49,27.22,27.22,1.0,27.49,27.22,0
2019-09-19,PETR4,PETR4,27.83,27.85,27.22,27.29,27.29,42155100,27.83,27.85,27.22,27.29,1.0,27.85,27.22,0
2019-09-20,PETR4,PETR4,27.35,27.43,27.0,27.0,27.0,51946900,27.35,27.43,27.0,27.0,1.0,27.43,27.0,0
2019-09-23,PETR4,PETR4,27.0,27.49,26.92,27.48,27.48,32643100,27.0,27.49,26.92,27.48,1.0,27.49,26.92,0
2019-09-24,PETR4,PETR4,27.42,27.54,27.15,27.27,27.27,36643400,27.42,27.54,27.15,27.27,1.0,27.54,27.15,0
2019-09-25,PETR4,PETR4,27.03,27.35,26.78,27.34,27.34,29038400,27.03,27.35,26.78,27.34,1.0,27.35,26.78,0
2019-09-26,PETR4,PETR4,27.4,27.7,27.23,27.7,27.7,33705900,27.4,27.7,27.23,27.7,1.0,27.7,27.23,0
2019-09-27,PETR4,PETR4,27.55,27.95,27.52,27.66,27.66,31886800,27.55,27.95,27.52,27.66,1.0,27.95,27.52,0
2019-09-30,PETR4,PETR4,27.56,27.64,27.4,27.55,27.55,23143400,27.56,27.64,27.4,27.55,1.0,27.64,27.4,0
2019-10-01,PETR4,PETR4,27.6,27.73,27.36,27.51,27.51,32423200,27.6,27.73,27.36,27.51,1.0,27.73,27.36,0
2019-10-02,PETR4,PETR4,27.22,27.26,26.61,26.72,26.72,51261200,27.22,27.26,26.61,26.72,1.0,27.26,26.61,0
2019-10-03,PETR4,PETR4,26.75,26.81,26.28,26.74,26.74,46076300,26.75,26.81,26.28,26.74,1.0,26.81,26.28,0
2019-10-04,PETR4,PETR4,26.85,26.92,26.27,26.51,26.51,47951600,26.85,26.92,26.27,26.51,1.0,26.92,26.27,0
2019-10-07,PETR4,PETR4,26.37,26.6,26.1,26.17,26.17,26252500,26.37,26.6,26.1,26.17,1.0,26.6,26.1,0
2019-10-08,PETR4,PETR4,26.17,26.44,25.95,26.02,26.02,30418900,26.17,26.44,25.95,26.02,1.0,26.44,25.95,0
2019-10-09,PETR4,PETR4,26.35,26.71,26.15,26.52,26.52,35141400,26.35,26.71,26.15,26.52,1.0,26.71,26.15,0
2019-10-10,PETR4,PETR4,26.59,26.88,26.54,26.74,26.74,31056500,26.59,26.88,26.54,26.74,1.0,26.88,26.54,0
2019-10-11,PETR4,PETR4,26.93,27.36,26.93,27.26,27.26,37055300,26.93,27.36,26.93,27.26,1.0,27.36,26.93,0
2019-10-14,PETR4,PETR4,27.04,27.33,26.94,27.31,27.31,20809900,27.04,27.33,26.94,27.31,1.0,27.33,26.94,0
2019-10-15,PETR4,PETR4,27.31,27.88,27.31,27.6,27.6,30455300,27.31,27.88,27.31,27.6,1.0,27.88,27.31,0
2019-10-16,PETR4,PETR4,27.55,27.97,27.36,27.93,27.93,31381300,27.55,27.97,27.36,27.93,1.0,27.97,27.36,0
2019-10-17,PETR4,PETR4,27.93,28.0,27.59,27.66,27.66,31405400,27.93,28.0,27.59,27.66,1.0,28.0,27.59,0
2019-10-18,PETR4,PETR4,27.89,27.99,27.6,27.6,27.6,36070900,27.89,27.99,27.6,27.6,1.0,27.99,27.6,0
2019-10-21,PETR4,PETR4,27.75,27.81,27.6,27.77,27.77,43337700,27.75,27.81,27.6,27.77,1.0,27.81,27.6,0
2019-10-22,PETR4,PETR4,27.8,28.68,27.77,28.57,28.57,64228700,27.8,28.68,27.77,28.57,1.0,28.68,27.77,0
2019-10-23,PETR4,PETR4,28.53,29.08,28.45,28.95,28.95,45930600,28.53,29.08,28.45,28.95,1.0,29.08,28.45,0
2019-10-24,PETR4,PETR4,29.15,29.25,28.23,28.32,28.32,60529900,29.15,29.25,28.23,28.32,1.0,29.25,28.23,0
2019-10-25,PETR4,PETR4,29.2,29.55,29.01,29.25,29.25,74476900,29.2,29.55,29.01,29.25,1.0,29.55,29.01,0
2019-10-28,PETR4,PETR4,29.22,29.66,29.12,29.6,29.6,37461800,29.22,29.66,29.12,29.6,1.0,29.66,29.12,0
2019-10-29,PETR4,PETR4,29.4,29.94,29.26,29.82,29.82,49994200,29.4,29.94,29.26,29.82,1.0,29.94,29.26,0
2019-10-30,PETR4,PETR4,29.77,30.09,29.47,30.08,30.08,63001200,29.77,30.09,29.47,30.08,1.0,30.09,29.47,0
2019-10-31,PETR4,PETR4,29.86,30.46,29.64,30.39,30.39,67070400,29.86,30.46,29.64,30.39,1.0,30.46,29.64,0
2019-11-01,PETR4,PETR4,30.59,31.23,29.84,30.43,30.43,101210200,30.59,31.23,29.84,30.43,1.0,31.23,29.84,0
2019-11-04,PETR4,PETR4,30.89,31.22,29.96,30.36,30.36,81023400,30.89,31.22,29.96,30.36,1.0,31.22,29.96,0
2019-11-05,PETR4,PETR4,30.41,30.6,29.58,29.65,29.65,92980900,30.41,30.6,29.58,29.65,1.0,30.6,29.58,0
2019-11-06,PETR4,PETR4,30.05,30.7,28.1,29.71,29.71,154003100,30.05,30.7,28.1,29.71,1.0,30.7,28.1,0
2019-11-07,PETR4,PETR4,30.0,31.07,29.54,30.9,30.9,96329000,30.0,31.07,29.54,30.9,1.0,31.07,29.54,0
2019-11-08,PETR4,PETR4,30.45,30.79,29.93,30.02,30.02,61567700,30.45,30.79,29.93,30.02,1.0,30.79,29.93,0
2019-11-11,PETR4,PETR4,29.85,30.45,29.79,30.45,30.45,30570500,29.85,30.45,29.79,30.45,1.0,30.45,29.79,0
2019-11-12,PETR4,PETR4,30.04,30.61,30.01,30.02,30.02,41655600,30.04,30.61,30.01,30.02,1.0,30.61,30.01,0
2019-11-13,PETR4,PETR4,29.95,30.13,29.61,29.9,29.9,41827700,29.95,30.13,29.61,29.9,1.0,30.13,29.61,0
2019-11-14,PETR4,PETR4,29.88,30.1,29.27,29.3,29.3,44595200,29.88,30.1,29.27,29.3,1.0,30.1,29.27,0
2019-11-18,PETR4,PETR4,29.7,29.85,29.07,29.08,29.08,54468100,29.7,29.85,29.07,29.08,1.0,29.85,29.07,0
2019-11-19,PETR4,PETR4,29.25,29.49,28.73,28.78,28.78,33740200,29.25,29.49,28.73,28.78,1.0,29.49,28.73,0
2019-11-21,PETR4,PETR4,28.93,29.85,28.88,29.85,29.85,53033100,28.93,29.85,28.88,29.85,1.0,29.85,28.88,0
2019-11-22,PETR4,PETR4,29.76,30.34,29.56,29.98,29.98,34786000,29.76,30.34,29.56,29.98,1.0,30.34,29.56,0
2019-11-25,PETR4,PETR4,29.92,30.1,29.63,29.73,29.73,29868400,29.92,30.1,29.63,29.73,1.0,30.1,29.63,0
2019-11-26,PETR4,PETR4,29.62,29.73,29.1,29.19,29.19,54147800,29.62,29.73,29.1,29.19,1.0,29.73,29.1,0
2019-11-27,PETR4,PETR4,29.35,29.65,29.14,29.33,29.33,33072500,29.35,29.65,29.14,29.33,1.0,29.65,29.14,0
2019-11-28,PETR4,PETR4,29.32,29.54,28.81,29.53,29.53,46602800,29.32,29.54,28.81,29.53,1.0,29.54,28.81,0
2019-11-29,PETR4,PETR4,29.49,29.56,29.01,29.15,29.15,37699000,29.49,29.56,29.01,29.15,1.0,29.56,29.01,0
2019-12-02,PETR4,PETR4,29.4,29.5,29.07,29.07,29.07,31353600,29.4,29.5,29.07,29.07,1.0,29.5,29.07,0
2019-12-03,PETR4,PETR4,29.17,29.19,28.73,28.98,28.98,29194000,29.17,29.19,28.73,28.98,1.0,29.19,28.73,0
2019-12-04,PETR4,PETR4,29.26,29.66,29.11,29.66,29.66,44960000,29.26,29.66,29.11,29.66,1.0,29.66,29.11,0
2019-12-05,PETR4,PETR4,29.64,30.39,29.52,30.05,30.05,50447000,29.64,30.39,29.52,30.05,1.0,30.39,29.52,0
2019-12-06,PETR4,PETR4,30.15,30.59,30.13,30.35,30.35,44348600,30.15,30.59,30.13,30.35,1.0,30.59,30.13,0
2019-12-09,PETR4,PETR4,30.3,30.48,30.12,30.21,30.21,34694100,30.3,30.48,30.12,30.21,1.0,30.48,30.12,0
2019-12-10,PETR4,PETR4,30.1,30.44,29.9,30.44,30.44,27532700,30.1,30.44,29.9,30.44,1.0,30.44,29.9,0
2019-12-11,PETR4,PETR4,30.51,30.71,30.26,30.4,30.4,38458300,30.51,30.71,30.26,30.4,1.0,30.71,30.26,0
2019-12-12,PETR4,PETR4,30.64,31.05,30.48,30.97,30.97,47797800,30.64,31.05,30.48,30.97,1.0,31.05,30.48,0
2019-12-13,PETR4,PETR4,30.89,30.97,29.87,29.98,29.98,105004400,30.89,30.97,29.87,29.98,1.0,30.97,29.87,0
2019-12-16,PETR4,PETR4,30.05,30.17,29.41,29.41,29.41,68871000,30.05,30.17,29.41,29.41,1.0,30.17,29.41,0
2019-12-17,PETR4,PETR4,29.64,29.9,29.43,29.85,29.85,40679900,29.64,29.9,29.43,29.85,1.0,29.9,29.43,0
2019-12-18,PETR4,PETR4,29.75,30.57,29.7,30.54,30.54,64201600,29.75,30.57,29.7,30.54,1.0,30.57,29.7,0
2019-12-19,PETR4,PETR4,30.45,30.75,30.42,30.61,30.61,39696000,30.45,30.75,30.42,30.61,1.0,30.75,30.42,0
2019-12-20,PETR4,PETR4,30.6,30.6,30.02,30.26,30.26,93064900,30.6,30.6,30.02,30.26,1.0,30.6,30.02,0
2019-12-23,PETR4,PETR4,30.19,30.5,30.03,30.5,30.5,21970200,30.19,30.5,30.03,30.5,1.0,30.5,30.03,0
2019-12-26,PETR4,PETR4,30.59,30.93,30.5,30.91,30.91,24810500,30.59,30.93,30.5,30.91,1.0,30.93,30.5,0
2019-12-27,PETR4,PETR4,30.69,30.92,30.29,30.52,30.52,24995100,30.69,30.92,30.29,30.52,1.0,30.92,30.29,0
2019-12-30,PETR4,PETR4,30.55,30.71,30.15,30.18,30.18,22111600,30.55,30.71,30.15,30.18,1.0,30.71,30.15,0
2020-01-02,PETR4,PETR4,30.51,30.7,30.31,30.7,30.7,37774500,30.51,30.7,30.31,30.7,1.0,30.7,30.31,0
2020-01-03,PETR4,PETR4,30.88,31.24,30.45,30.45,30.45,71595600,30.88,31.24,30.45,30.45,1.0,31.24,30.45,0
2020-01-06,PETR4,PETR4,30.43,30.94,29.95,30.81,30.81,81844000,30.43,30.94,29.95,30.81,1.0,30.94,29.95,0
2020-01-07,PETR4,PETR4,30.82,30.88,30.47,30.69,30.69,32822000,30.82,30.88,30.47,30.69,1.0,30.88,30.47,0
2020-01-08,PETR4,PETR4,30.69,30.77,30.24,30.5,30.5,48215600,30.69,30.77,30.24,30.5,1.0,30.77,30.24,0
2020-01-09,PETR4,PETR4,30.47,30.62,30.25,30.4,30.4,36102700,30.47,30.62,30.25,30.4,1.0,30.62,30.25,0
2020-01-10,PETR4,PETR4,30.39,30.44,30.13,30.27,30.27,25397500,30.39,30.44,30.13,30.27,1.0,30.44,30.13,0
2020-01-13,PETR4,PETR4,30.35,30.43,30.21,30.33,30.33,30676800,30.35,30.43,30.21,30.33,1.0,30.43,30.21,0
2020-01-14,PETR4,PETR4,30.23,30.27,29.77,30.0,30.0,39796500,30.23,30.27,29.77,30.0,1.0,30.27,29.77,0
2020-01-15,PETR4,PETR4,29.9,29.93,29.54,29.55,29.55,34405700,29.9,29.93,29.54,29.55,1.0,29.93,29.54,0
2020-01-16,PETR4,PETR4,29.6,29.7,29.33,29.52,29.52,28997400,29.6,29.7,29.33,29.52,1.0,29.7,29.33,0
2020-01-17,PETR4,PETR4,29.72,29.85,29.54,29.85,29.85,34908000,29.72,29.85,29.54,29.85,1.0,29.85,29.54,0
2020-01-20,PETR4,PETR4,29.7,30.1,29.65,30.0,30.0,31241400,29.7,30.1,29.65,30.0,1.0,30.1,29.65,0
2020-01-21,PETR4,PETR4,29.8,29.94,29.55,29.62,29.62,28577400,29.8,29.94,29.55,29.62,1.0,29.94,29.55,0
2020-01-22,PETR4,PETR4,29.73,29.81,29.27,29.29,29.29,32491500,29.73,29.81,29.27,29.29,1.0,29.81,29.27,0
2020-01-23,PETR4,PETR4,29.09,29.76,28.82,29.6,29.6,53752100,29.09,29.76,28.82,29.6,1.0,29.76,28.82,0
2020-01-24,PETR4,PETR4,29.56,29.78,29.14,29.3,29.3,36898700,29.56,29.78,29.14,29.3,1.0,29.78,29.14,0
2020-01-27,PETR4,PETR4,28.63,28.64,27.67,28.03,28.03,66105300,28.63,28.64,27.67,28.03,1.0,28.64,27.67,0
2020-01-28,PETR4,PETR4,28.43,29.14,28.42,28.8,28.8,47259100,28.43,29.14,28.42,28.8,1.0,29.14,28.42,0
2020-01-29,PETR4,PETR4,29.0,29.08,28.67,28.85,28.85,42297500,29.0,29.08,28.67,28.85,1.0,29.08,28.67,0
2020-01-30,PETR4,PETR4,28.28,29.04,28.18,28.94,28.94,44266800,28.28,29.04,28.18,28.94,1.0,29.04,28.18,0
2020-01-31,PETR4,PETR4,28.63,28.84,28.31,28.45,28.45,55446700,28.63,28.84,28.31,28.45,1.0,28.84,28.31,0
2020-02-03,PETR4,PETR4,28.52,28.73,28.16,28.18,28.18,39452800,28.52,28.73,28.16,28.18,1.0,28.73,28.16,0
2020-02-04,PETR4,PETR4,28.65,29.04,28.56,28.63,28.63,57658400,28.65,29.04,28.56,28.63,1.0,29.04,28.56,0
2020-02-05,PETR4,PETR4,29.05,29.22,28.39,28.39,28.39,67994500,29.05,29.22,28.39,28.39,1.0,29.22,28.39,0
2020-02-06,PETR4,PETR4,28.7,29.51,28.12,29.18,29.18,126114000,28.7,29.51,28.12,29.18,1.0,29.51,28.12,0
2020-02-07,PETR4,PETR4,29.0,29.35,28.73,28.93,28.93,54514600,29.0,29.35,28.73,28.93,1.0,29.35,28.73,0
2020-02-10,PETR4,PETR4,28.89,29.13,28.64,29.13,29.13,45328100,28.89,29.13,28.64,29.13,1.0,29.13,28.64,0
2020-02-11,PETR4,PETR4,29.4,29.63,29.26,29.48,29.48,37518200,29.4,29.63,29.26,29.48,1.0,29.63,29.26,0
2020-02-12,PETR4,PETR4,29.64,30.28,29.63,30.13,30.13,64851000,29.64,30.28,29.63,30.13,1.0,30.28,29.63,0
2020-02-13,PETR4,PETR4,29.77,30.21,29.64,29.72,29.72,55277100,29.77,30.21,29.64,29.72,1.0,30.21,29.64,0
2020-02-14,PETR4,PETR4,29.86,29.96,29.34,29.42,29.42,30399900,29.86,29.96,29.34,29.42,1.0,29.96,29.34,0
2020-02-17,PETR4,PETR4,29.63,29.77,29.31,29.36,29.36,38684900,29.63,29.77,29.31,29.36,1.0,29.77,29.31,0
2020-02-18,PETR4,PETR4,29.06,29.77,28.95,29.75,29.75,33890900,29.06,29.77,28.95,29.75,1.0,29.77,28.95,0
2020-02-19,PETR4,PETR4,29.87,30.55,29.76,30.55,30.55,44181800,29.87,30.55,29.76,30.55,1.0,30.55,29.76,0
2020-02-20,PETR4,PETR4,30.8,30.89,29.75,29.92,29.92,73522900,30.8,30.89,29.75,29.92,1.0,30.89,29.75,0
2020-02-21,PETR4,PETR4,29.51,29.68,29.03,29.14,29.14,47805100,29.51,29.68,29.03,29.14,1.0,29.68,29.03,0
2020-02-26,PETR4,PETR4,27.04,27.39,26.03,26.21,26.21,89207100,27.04,27.39,26.03,26.21,1.0,27.39,26.03,0
2020-02-27,PETR4,PETR4,25.72,26.53,24.89,25.3,25.3,100112100,25.72,26.53,24.89,25.3,1.0,26.53,24.89,0
2020-02-28,PETR4,PETR4,25.16,25.56,24.62,25.34,25.34,89095300,25.16,25.56,24.62,25.34,1.0,25.56,24.62,0
2020-03-02,PETR4,PETR4,25.5,26.75,25.48,26.53,26.53,71596400,25.5,26.75,25.48,26.53,1.0,26.75,25.48,0
2020-03-03,PETR4,PETR4,26.57,27.48,25.76,26.05,26.05,86855700,26.57,27.48,25.76,26.05,1.0,27.48,25.76,0
2020-03-04,PETR4,PETR4,26.91,26.94,26.24,26.89,26.89,42320500,26.91,26.94,26.24,26.89,1.0,26.94,26.24,0
2020-03-05,PETR4,PETR4,26.33,26.67,24.71,25.29,25.29,69722300,26.33,26.67,24.71,25.29,1.0,26.67,24.71,0
2020-03-06,PETR4,PETR4,24.1,24.13,22.55,22.83,22.83,138597600,24.1,24.13,22.55,22.83,1.0,24.13,22.55,0
2020-03-09,PETR4,PETR4,17.81,18.23,15.41,16.05,16.05,254813800,17.81,18.23,15.41,16.05,1.0,18.23,15.41,0
2020-03-10,PETR4,PETR4,18.65,18.65,16.37,17.56,17.56,170478000,18.65,18.65,16.37,17.56,1.0,18.65,16.37,0
2020-03-11,PETR4,PETR4,16.7,17.13,15.0,15.85,15.85,132482400,16.7,17.13,15.0,15.85,1.0,17.13,15.0,0
2020-03-12,PETR4,PETR4,13.66,13.86,11.08,12.6,12.6,151535900,13.66,13.86,11.08,12.6,1.0,13.86,11.08,0
2020-03-13,PETR4,PETR4,15.1,15.4,12.7,15.4,15.4,174972600,15.1,15.4,12.7,15.4,1.0,15.4,12.7,0
2020-03-16,PETR4,PETR4,12.91,14.1,12.55,13.09,13.09,126432800,12.91,14.1,12.55,13.09,1.0,14.1,12.55,0
2020-03-17,PETR4,PETR4,13.6,13.84,13.0,13.0,13.0,149228500,13.6,13.84,13.0,13.0,1.0,13.84,13.0,0
2020-03-18,PETR4,PETR4,11.79,12.29,10.87,11.29,11.29,162515200,11.79,12.29,10.87,11.29,1.0,12.29,10.87,0
2020-03-19,PETR4,PETR4,11.07,13.07,10.85,12.21,12.21,157065200,11.07,13.07,10.85,12.21,1.0,13.07,10.85,0
2020-03-20,PETR4,PETR4,13.11,13.5,11.83,12.0,12.0,149029900,13.11,13.5,11.83,12.0,1.0,13.5,11.83,0
2020-03-23,PETR4,PETR4,12.11,12.18,11.28,11.5,11.5,107092400,12.11,12.18,11.28,11.5,1.0,12.18,11.28,0
2020-03-24,PETR4,PETR4,12.57,13.54,12.28,13.25,13.25,114259200,12.57,13.54,12.28,13.25,1.0,13.54,12.28,0
2020-03-25,PETR4,PETR4,13.24,14.79,12.83,14.32,14.32,158286200,13.24,14.79,12.83,14.32,1.0,14.79,12.83,0
2020-03-26,PETR4,PETR4,14.4,15.19,13.81,14.39,14.39,130618400,14.4,15.19,13.81,14.39,1.0,15.19,13.81,0
2020-03-27,PETR4,PETR4,13.3,13.69,13.25,13.3,13.3,101405900,13.3,13.69,13.25,13.3,1.0,13.69,13.25,0
2020-03-30,PETR4,PETR4,13.15,13.74,12.83,13.38,13.38,110947200,13.15,13.74,12.83,13.38,1.0,13.74,12.83,0
2020-03-31,PETR4,PETR4,13.6,14.54,13.6,13.99,13.99,156116500,13.6,14.54,13.6,13.99,1.0,14.54,13.6,0
2020-04-01,PETR4,PETR4,13.45,14.55,13.32,14.3,14.3,114455000,13.45,14.55,13.32,14.3,1.0,14.55,13.32,0
2020-04-02,PETR4,PETR4,15.4,16.55,15.01,15.51,15.51,234951200,15.4,16.55,15.01,15.51,1.0,16.55,15.01,0
2020-04-03,PETR4,PETR4,16.3,16.36,14.93,15.34,15.34,142898700,16.3,16.36,14.93,15.34,1.0,16.36,14.93,0
2020-04-06,PETR4,PETR4,16.05,16.1,15.18,15.77,15.77,123934200,16.05,16.1,15.18,15.77,1.0,16.1,15.18,0
2020-04-07,PETR4,PETR4,16.61,17.07,16.34,16.4,16.4,140498900,16.61,17.07,16.34,16.4,1.0,17.07,16.34,0
2020-04-08,PETR4,PETR4,16.5,17.53,16.4,17.32,17.32,116151600,16.5,17.53,16.4,17.32,1.0,17.53,16.4,0
2020-04-09,PETR4,PETR4,17.94,18.69,16.5,16.82,16.82,185771300,17.94,18.69,16.5,16.82,1.0,18.69,16.5,0
2020-04-13,PETR4,PETR4,16.82,17.09,16.33,16.93,16.93,93724000,16.82,17.09,16.33,16.93,1.0,17.09,16.33,0
2020-04-14,PETR4,PETR4,17.02,17.3,16.61,16.73,16.73,91017200,17.02,17.3,16.61,16.73,1.0,17.3,16.61,0
2020-04-15,PETR4,PETR4,16.04,16.47,15.86,16.38,16.38,86749600,16.04,16.47,15.86,16.38,1.0,16.47,15.86,0
2020-04-16,PETR4,PETR4,16.67,16.76,15.53,15.72,15.72,115633300,16.67,16.76,15.53,15.72,1.0,16.76,15.53,0
2020-04-17,PETR4,PETR4,15.75,16.13,15.56,16.13,16.13,116733000,15.75,16.13,15.56,16.13,1.0,16.13,15.56,0
2020-04-20,PETR4,PETR4,15.48,16.33,15.34,15.95,15.95,133739400,15.48,16.33,15.34,15.95,1.0,16.33,15.34,0
2020-04-22,PETR4,PETR4,15.85,16.75,15.78,16.75,16.75,114967100,15.85,16.75,15.78,16.75,1.0,16.75,15.78,0
2020-04-23,PETR4,PETR4,17.2,17.43,16.62,16.95,16.95,94759000,17.2,17.43,16.62,16.95,1.0,17.43,16.62,0
2020-04-24,PETR4,PETR4,16.69,16.79,15.28,15.95,15.95,161188800,16.69,16.79,15.28,15.95,1.0,16.79,15.28,0
2020-04-27,PETR4,PETR4,16.14,16.53,15.78,16.45,16.45,85944900,16.14,16.53,15.78,16.45,1.0,16.53,15.78,0
2020-04-28,PETR4,PETR4,17.04,17.25,16.63,17.25,17.25,91613600,17.04,17.25,16.63,17.25,1.0,17.25,16.63,0
2020-04-29,PETR4,PETR4,17.8,18.48,17.53,18.2,18.2,94528400,17.8,18.48,17.53,18.2,1.0,18.48,17.53,0
2020-04-30,PETR4,PETR4,17.98,18.42,17.7,18.05,18.05,80263900,17.98,18.42,17.7,18.05,1.0,18.42,17.7,0
2020-05-04,PETR4,PETR4,17.43,17.62,17.18,17.38,17.38,60268400,17.43,17.62,17.18,17.38,1.0,17.62,17.18,0
2020-05-05,PETR4,PETR4,17.9,18.48,17.87,17.94,17.94,75043400,17.9,18.48,17.87,17.94,1.0,18.48,17.87,0
2020-05-06,PETR4,PETR4,17.87,18.06,17.28,17.28,17.28,67937500,17.87,18.06,17.28,17.28,1.0,18.06,17.28,0
2020-05-07,PETR4,PETR4,17.75,17.87,17.35,17.44,17.44,81265100,17.75,17.87,17.35,17.44,1.0,17.87,17.35,0
2020-05-08,PETR4,PETR4,17.74,18.58,17.71,18.48,18.48,83232700,17.74,18.58,17.71,18.48,1.0,18.58,17.71,0
2020-05-11,PETR4,PETR4,18.3,18.93,18.11,18.15,18.15,65061500,18.3,18.93,18.11,18.15,1.0,18.93,18.11,0
2020-05-12,PETR4,PETR4,18.53,18.83,18.13,18.14,18.14,71837200,18.53,18.83,18.13,18.14,1.0,18.83,18.13,0
2020-05-13,PETR4,PETR4,18.26,18.35,17.52,17.59,17.59,87222300,18.26,18.35,17.52,17.59,1.0,18.35,17.52,0
2020-05-14,PETR4,PETR4,17.4,17.47,16.72,17.4,17.4,119653200,17.4,17.47,16.72,17.4,1.0,17.47,16.72,0
2020-05-15,PETR4,PETR4,17.99,18.19,17.15,17.15,17.15,133733100,17.99,18.19,17.15,17.15,1.0,18.19,17.15,0
2020-05-18,PETR4,PETR4,18.1,18.54,17.92,18.54,18.54,116999500,18.1,18.54,17.92,18.54,1.0,18.54,17.92,0
2020-05-19,PETR4,PETR4,18.51,18.93,18.41,18.68,18.68,80131600,18.51,18.93,18.41,18.68,1.0,18.93,18.41,0
2020-05-20,PETR4,PETR4,19.09,19.44,19.06,19.3,19.3,74595100,19.09,19.44,19.06,19.3,1.0,19.44,19.06,0
2020-05-21,PETR4,PETR4,19.5,19.77,19.07,19.19,19.19,81327000,19.5,19.77,19.07,19.19,1.0,19.77,19.07,0
2020-05-22,PETR4,PETR4,18.8,18.9,18.35,18.67,18.67,71259400,18.8,18.9,18.35,18.67,1.0,18.9,18.35,0
2020-05-25,PETR4,PETR4,19.48,19.56,19.26,19.48,19.48,38033000,19.48,19.56,19.26,19.48,1.0,19.56,19.26,0
2020-05-26,PETR4,PETR4,19.98,20.09,19.33,19.67,19.67,68716900,19.98,20.09,19.33,19.67,1.0,20.09,19.33,0
2020-05-27,PETR4,PETR4,19.8,19.93,19.15,19.93,19.93,74790800,19.8,19.93,19.15,19.93,1.0,19.93,19.15,0
2020-05-28,PETR4,PETR4,19.69,20.08,19.45,19.77,19.77,65023000,19.69,20.08,19.45,19.77,1.0,20.08,19.45,0
2020-05-29,PETR4,PETR4,19.55,20.34,19.3,20.34,20.34,128832600,19.55,20.34,19.3,20.34,1.0,20.34,19.3,0
2020-06-01,PETR4,PETR4,20.15,20.56,20.0,20.33,20.33,86579500,20.15,20.56,20.0,20.33,1.0,20.56,20.0,0
2020-06-02,PETR4,PETR4,20.75,21.4,20.6,21.4,21.4,77235100,20.75,21.4,20.6,21.4,1.0,21.4,20.6,0
2020-06-03,PETR4,PETR4,21.86,21.91,21.41,21.47,21.47,86219700,21.86,21.91,21.41,21.47,1.0,21.91,21.41,0
2020-06-04,PETR4,PETR4,21.39,21.78,21.04,21.43,21.43,107401400,21.39,21.78,21.04,21.43,1.0,21.78,21.04,0
2020-06-05,PETR4,PETR4,22.29,23.03,22.06,22.1,22.1,114137700,22.29,23.03,22.06,22.1,1.0,23.03,22.06,0
2020-06-08,PETR4,PETR4,22.55,22.59,22.01,22.53,22.53,82444400,22.55,22.59,22.01,22.53,1.0,22.59,22.01,0
2020-06-09,PETR4,PETR4,22.03,22.04,21.64,21.72,21.72,96488300,22.03,22.04,21.64,21.72,1.0,22.04,21.64,0
2020-06-10,PETR4,PETR4,21.89,21.9,21.0,21.4,21.4,102551100,21.89,21.9,21.0,21.4,1.0,21.9,21.0,0
2020-06-12,PETR4,PETR4,20.62,21.17,20.1,20.6,20.6,116746700,20.62,21.17,20.1,20.6,1.0,21.17,20.1,0
2020-06-15,PETR4,PETR4,19.81,21.09,19.54,20.7,20.7,99931000,19.81,21.09,19.54,20.7,1.0,21.09,19.54,0
2020-06-16,PETR4,PETR4,21.56,21.91,21.17,21.37,21.37,94510600,21.56,21.91,21.17,21.37,1.0,21.91,21.17,0
2020-06-17,PETR4,PETR4,21.48,21.85,21.15,21.44,21.44,63268700,21.48,21.85,21.15,21.44,1.0,21.85,21.15,0
2020-06-18,PETR4,PETR4,21.18,21.77,21.08,21.6,21.6,56893300,21.18,21.77,21.08,21.6,1.0,21.77,21.08,0
2020-06-19,PETR4,PETR4,22.0,22.22,21.22,21.47,21.47,91139800,22.0,22.22,21.22,21.47,1.0,22.22,21.22,0
2020-06-22,PETR4,PETR4,21.6,21.6,20.9,20.95,20.95,45419000,21.6,21.6,20.9,20.95,1.0,21.6,20.9,0
2020-06-23,PETR4,PETR4,21.22,22.07,21.14,21.65,21.65,78950900,21.22,22.07,21.14,21.65,1.0,22.07,21.14,0
2020-06-24,PETR4,PETR4,21.49,21.56,20.71,21.0,21.0,65162400,21.49,21.56,20.71,21.0,1.0,21.56,20.71,0
2020-06-25,PETR4,PETR4,20.91,21.47,20.73,21.47,21.47,47263500,20.91,21.47,20.73,21.47,1.0,21.47,20.73,0
2020-06-26,PETR4,PETR4,21.21,21.47,20.78,20.84,20.84,55499300,21.21,21.47,20.78,20.84,1.0,21.47,20.78,0
2020-06-29,PETR4,PETR4,21.1,21.66,20.93,21.66,21.66,59809600,21.1,21.66,20.93,21.66,1.0,21.66,20.93,0
2020-06-30,PETR4,PETR4,21.34,21.8,21.09,21.55,21.55,65010600,21.34,21.8,21.09,21.55,1.0,21.8,21.09,0
2020-07-01,PETR4,PETR4,21.75,22.25,21.52,21.71,21.71,78983900,21.75,22.25,21.52,21.71,1.0,22.25,21.52,0
2020-07-02,PETR4,PETR4,22.1,22.21,21.86,22.06,22.06,56345900,22.1,22.21,21.86,22.06,1.0,22.21,21.86,0
2020-07-03,PETR4,PETR4,21.95,22.18,21.8,21.98,21.98,24060000,21.95,22.18,21.8,21.98,1.0,22.18,21.8,0
2020-07-06,PETR4,PETR4,22.39,22.86,22.31,22.51,22.51,58070900,22.39,22.86,22.31,22.51,1.0,22.86,22.31,0
2020-07-07,PETR4,PETR4,22.34,22.47,22.14,22.23,22.23,46591300,22.34,22.47,22.14,22.23,1.0,22.47,22.14,0
2020-07-08,PETR4,PETR4,22.45,22.76,22.4,22.65,22.65,49136300,22.45,22.76,22.4,22.65,1.0,22.76,22.4,0
2020-07-09,PETR4,PETR4,22.78,22.81,22.06,22.14,22.14,57151500,22.78,22.81,22.06,22.14,1.0,22.81,22.06,0
2020-07-10,PETR4,PETR4,22.19,22.65,22.06,22.51,22.51,57428300,22.19,22.65,22.06,22.51,1.0,22.65,22.06,0
2020-07-13,PETR4,PETR4,22.61,22.65,22.16,22.16,22.16,55425500,22.61,22.65,22.16,22.16,1.0,22.65,22.16,0
2020-07-14,PETR4,PETR4,22.13,22.96,21.86,22.9,22.9,89380500,22.13,22.96,21.86,22.9,1.0,22.96,21.86,0
2020-07-15,PETR4,PETR4,23.2,23.43,22.85,23.34,23.34,58390600,23.2,23.43,22.85,23.34,1.0,23.43,22.85,0
2020-07-16,PETR4,PETR4,23.16,23.28,22.52,22.72,22.72,69698700,23.16,23.28,22.52,22.72,1.0,23.28,22.52,0
2020-07-17,PETR4,PETR4,22.83,23.03,22.58,22.74,22.74,49927600,22.83,23.03,22.58,22.74,1.0,23.03,22.58,0
2020-07-20,PETR4,PETR4,22.7,22.91,22.52,22.74,22.74,48679800,22.7,22.91,22.52,22.74,1.0,22.91,22.52,0
2020-07-21,PETR4,PETR4,23.15,23.6,23.14,23.37,23.37,101769600,23.15,23.6,23.14,23.37,1.0,23.6,23.14,0
2020-07-22,PETR4,PETR4,23.3,23.41,23.01,23.05,23.05,43085500,23.3,23.41,23.01,23.05,1.0,23.41,23.01,0
2020-07-23,PETR4,PETR4,23.16,23.23,22.54,22.57,22.57,64072100,23.16,23.23,22.54,22.57,1.0,23.23,22.54,0
2020-07-24,PETR4,PETR4,22.54,23.06,22.42,22.73,22.73,43380300,22.54,23.06,22.42,22.73,1.0,23.06,22.42,0
2020-07-27,PETR4,PETR4,22.87,23.25,22.45,23.2,23.2,56539600,22.87,23.25,22.45,23.2,1.0,23.25,22.45,0
2020-07-28,PETR4,PETR4,23.04,23.32,22.8,22.8,22.8,48353000,23.04,23.32,22.8,22.8,1.0,23.32,22.8,0
2020-07-29,PETR4,PETR4,23.03,23.25,22.92,23.17,23.17,44011500,23.03,23.25,22.92,23.17,1.0,23.25,22.92,0
2020-07-30,PETR4,PETR4,22.92,22.92,22.5,22.82,22.82,57859000,22.92,22.92,22.5,22.82,1.0,22.92,22.5,0
2020-07-31,PETR4,PETR4,22.92,23.14,22.16,22.2,22.2,75397300,22.92,23.14,22.16,22.2,1.0,23.14,22.16,0
2020-08-03,PETR4,PETR4,22.54,22.55,21.72,21.8,21.8,63598500,22.54,22.55,21.72,21.8,1.0,22.55,21.72,0
2020-08-04,PETR4,PETR4,21.46,22.05,21.25,21.78,21.78,63011900,21.46,22.05,21.25,21.78,1.0,22.05,21.25,0
2020-08-05,PETR4,PETR4,22.23,23.28,22.23,23.18,23.18,137214700,22.23,23.28,22.23,23.18,1.0,23.28,22.23,0
2020-08-06,PETR4,PETR4,23.28,23.53,23.01,23.22,23.22,56375100,23.28,23.53,23.01,23.22,1.0,23.53,23.01,0
2020-08-07,PETR4,PETR4,22.86,22.91,22.55,22.79,22.79,56040200,22.86,22.91,22.55,22.79,1.0,22.91,22.55,0
2020-08-10,PETR4,PETR4,22.9,23.45,22.64,23.45,23.45,52390100,22.9,23.45,22.64,23.45,1.0,23.45,22.64,0
2020-08-11,PETR4,PETR4,23.71,23.88,23.06,23.08,23.08,66342300,23.71,23.88,23.06,23.08,1.0,23.88,23.06,0
2020-08-12,PETR4,PETR4,23.36,23.68,23.08,23.48,23.48,67008500,23.36,23.68,23.08,23.48,1.0,23.68,23.08,0
2020-08-13,PETR4,PETR4,23.45,23.58,22.71,22.84,22.84,44588200,23.45,23.58,22.71,22.84,1.0,23.58,22.71,0
2020-08-14,PETR4,PETR4,22.77,22.98,22.53,22.67,22.67,38422000,22.77,22.98,22.53,22.67,1.0,22.98,22.53,0
2020-08-17,PETR4,PETR4,22.68,22.84,22.15,22.6,22.6,52064300,22.68,22.84,22.15,22.6,1.0,22.84,22.15,0
2020-08-18,PETR4,PETR4,22.93,23.24,22.77,23.02,23.02,49361300,22.93,23.24,22.77,23.02,1.0,23.24,22.77,0
2020-08-19,PETR4,PETR4,22.95,23.32,22.75,22.89,22.89,51982100,22.95,23.32,22.75,22.89,1.0,23.32,22.75,0
2020-08-20,PETR4,PETR4,22.52,22.87,22.35,22.73,22.73,55251700,22.52,22.87,22.35,22.73,1.0,22.87,22.35,0
2020-08-21,PETR4,PETR4,22.54,22.63,22.35,22.56,22.56,38668300,22.54,22.63,22.35,22.56,1.0,22.63,22.35,0
2020-08-24,PETR4,PETR4,22.86,23.13,22.8,22.97,22.97,51841900,22.86,23.13,22.8,22.97,1.0,23.13,22.8,0
2020-08-25,PETR4,PETR4,23.09,23.15,22.69,22.87,22.87,37981400,23.09,23.15,22.69,22.87,1.0,23.15,22.69,0
2020-08-26,PETR4,PETR4,22.78,22.9,22.04,22.22,22.22,69925300,22.78,22.9,22.04,22.22,1.0,22.9,22.04,0
2020-08-27,PETR4,PETR4,22.32,22.47,22.04,22.15,22.15,35489800,22.32,22.47,22.04,22.15,1.0,22.47,22.04,0
2020-08-28,PETR4,PETR4,22.25,22.54,22.06,22.54,22.54,31071000,22.25,22.54,22.06,22.54,1.0,22.54,22.06,0
2020-08-31,PETR4,PETR4,22.32,22.43,21.89,21.89,21.89,48539700,22.32,22.43,21.89,21.89,1.0,22.43,21.89,0
2020-09-01,PETR4,PETR4,22.2,22.89,22.12,22.87,22.87,66299700,22.2,22.89,22.12,22.87,1.0,22.89,22.12,0
2020-09-02,PETR4,PETR4,22.93,23.1,22.52,22.8,22.8,53618000,22.93,23.1,22.52,22.8,1.0,23.1,22.52,0
2020-09-03,PETR4,PETR4,22.61,23.12,22.57,22.88,22.88,87642400,22.61,23.12,22.57,22.88,1.0,23.12,22.57,0
2020-09-04,PETR4,PETR4,23.0,23.03,22.58,22.92,22.92,52351100,23.0,23.03,22.58,22.92,1.0,23.03,22.58,0
2020-09-08,PETR4,PETR4,22.5,22.5,21.91,22.26,22.26,74490200,22.5,22.5,21.91,22.26,1.0,22.5,21.91,0
2020-09-09,PETR4,PETR4,22.49,22.77,22.49,22.73,22.73,42171500,22.49,22.77,22.49,22.73,1.0,22.77,22.49,0
2020-09-10,PETR4,PETR4,22.58,22.58,22.11,22.12,22.12,58350000,22.58,22.58,22.11,22.12,1.0,22.58,22.11,0
2020-09-11,PETR4,PETR4,22.12,22.26,21.75,21.88,21.88,71013700,22.12,22.26,21.75,21.88,1.0,22.26,21.75,0
2020-09-14,PETR4,PETR4,21.94,21.98,21.43,21.68,21.68,46453300,21.94,21.98,21.43,21.68,1.0,21.98,21.43,0
2020-09-15,PETR4,PETR4,21.98,22.08,21.55,21.67,21.67,58546700,21.98,22.08,21.55,21.67,1.0,22.08,21.55,0
2020-09-16,PETR4,PETR4,21.85,21.99,21.6,21.73,21.73,50379500,21.85,21.99,21.6,21.73,1.0,21.99,21.6,0
2020-09-17,PETR4,PETR4,21.51,22.17,21.46,22.15,22.15,60432200,21.51,22.17,21.46,22.15,1.0,22.17,21.46,0
2020-09-18,PETR4,PETR4,21.99,22.15,21.55,21.65,21.65,64243500,21.99,22.15,21.55,21.65,1.0,22.15,21.55,0
2020-09-21,PETR4,PETR4,21.29,21.46,20.81,20.9,20.9,73300000,21.29,21.46,20.81,20.9,1.0,21.46,20.81,0
2020-09-22,PETR4,PETR4,20.96,21.35,20.75,20.8,20.8,47207700,20.96,21.35,20.75,20.8,1.0,21.35,20.75,0
2020-09-23,PETR4,PETR4,20.8,20.96,20.2,20.23,20.23,57106300,20.8,20.96,20.2,20.23,1.0,20.96,20.2,0
2020-09-24,PETR4,PETR4,20.24,20.71,20.06,20.4,20.4,76310000,20.24,20.71,20.06,20.4,1.0,20.71,20.06,0
2020-09-25,PETR4,PETR4,20.15,20.26,19.87,20.13,20.13,40150400,20.15,20.26,19.87,20.13,1.0,20.26,19.87,0
2020-09-28,PETR4,PETR4,20.33,20.56,19.63,19.63,19.63,48824300,20.33,20.56,19.63,19.63,1.0,20.56,19.63,0
2020-09-29,PETR4,PETR4,19.63,19.86,19.25,19.31,19.31,52878100,19.63,19.86,19.25,19.31,1.0,19.86,19.25,0
2020-09-30,PETR4,PETR4,19.5,20.04,19.43,19.61,19.61,69505000,19.5,20.04,19.43,19.61,1.0,20.04,19.43,0
2020-10-01,PETR4,PETR4,19.64,20.06,19.13,19.85,19.85,77537300,19.64,20.06,19.13,19.85,1.0,20.06,19.13,0
2020-10-02,PETR4,PETR4,19.73,19.74,19.02,19.02,19.02,85306000,19.73,19.74,19.02,19.02,1.0,19.74,19.02,0
2020-10-05,PETR4,PETR4,19.36,20.16,19.24,20.03,20.03,73288500,19.36,20.16,19.24,20.03,1.0,20.16,19.24,0
2020-10-06,PETR4,PETR4,20.47,20.7,19.93,19.93,19.93,77064600,20.47,20.7,19.93,19.93,1.0,20.7,19.93,0
2020-10-07,PETR4,PETR4,20.0,20.05,19.56,19.79,19.79,53521000,20.0,20.05,19.56,19.79,1.0,20.05,19.56,0
2020-10-08,PETR4,PETR4,20.04,20.59,19.86,20.44,20.44,78070400,20.04,20.59,19.86,20.44,1.0,20.59,19.86,0
2020-10-09,PETR4,PETR4,20.34,20.39,19.8,19.8,19.8,67962300,20.34,20.39,19.8,19.8,1.0,20.39,19.8,0
2020-10-13,PETR4,PETR4,19.91,20.13,19.73,20.13,20.13,55330600,19.91,20.13,19.73,20.13,1.0,20.13,19.73,0
2020-10-14,PETR4,PETR4,20.09,20.37,19.97,19.97,19.97,44584300,20.09,20.37,19.97,19.97,1.0,20.37,19.97,0
2020-10-15,PETR4,PETR4,19.62,19.77,19.44,19.75,19.75,56952100,19.62,19.77,19.44,19.75,1.0,19.77,19.44,0
2020-10-16,PETR4,PETR4,19.67,19.71,19.32,19.33,19.33,49929000,19.67,19.71,19.32,19.33,1.0,19.71,19.32,0
2020-10-19,PETR4,PETR4,19.41,19.94,19.25,19.52,19.52,107419300,19.41,19.94,19.25,19.52,1.0,19.94,19.25,0
2020-10-20,PETR4,PETR4,19.67,20.27,19.59,20.18,20.18,68407700,19.67,20.27,19.59,20.18,1.0,20.27,19.59,0
2020-10-21,PETR4,PETR4,20.16,20.33,19.83,20.16,20.16,60594900,20.16,20.33,19.83,20.16,1.0,20.33,19.83,0
2020-10-22,PETR4,PETR4,20.1,20.84,20.05,20.84,20.84,98926900,20.1,20.84,20.05,20.84,1.0,20.84,20.05,0
2020-10-23,PETR4,PETR4,20.94,21.14,20.54,20.57,20.57,61711200,20.94,21.14,20.54,20.57,1.0,21.14,20.54,0
2020-10-26,PETR4,PETR4,20.33,20.53,20.03,20.25,20.25,58229100,20.33,20.53,20.03,20.25,1.0,20.53,20.03,0
2020-10-27,PETR4,PETR4,20.26,20.37,19.81,19.88,19.88,48978400,20.26,20.37,19.81,19.88,1.0,20.37,19.81,0
2020-10-28,PETR4,PETR4,19.35,19.44,18.67,18.67,18.67,79247400,19.35,19.44,18.67,18.67,1.0,19.44,18.67,0
2020-10-29,PETR4,PETR4,18.43,19.37,17.74,19.29,19.29,86794800,18.43,19.37,17.74,19.29,1.0,19.37,17.74,0
2020-10-30,PETR4,PETR4,19.14,19.54,18.87,18.94,18.94,64185100,19.14,19.54,18.87,18.94,1.0,19.54,18.87,0
2020-11-03,PETR4,PETR4,19.51,19.9,19.33,19.65,19.65,66292400,19.51,19.9,19.33,19.65,1.0,19.9,19.33,0
2020-11-04,PETR4,PETR4,20.01,20.07,19.27,19.72,19.72,65777600,20.01,20.07,19.27,19.72,1.0,20.07,19.27,0
2020-11-05,PETR4,PETR4,19.95,19.99,19.72,19.89,19.89,40874800,19.95,19.99,19.72,19.89,1.0,19.99,19.72,0
2020-11-06,PETR4,PETR4,19.55,19.95,19.54,19.75,19.75,37273300,19.55,19.95,19.54,19.75,1.0,19.95,19.54,0
2020-11-09,PETR4,PETR4,21.11,22.69,21.04,21.61,21.61,164904100,21.11,22.69,21.04,21.61,1.0,22.69,21.04,0
2020-11-10,PETR4,PETR4,21.89,23.15,21.81,23.08,23.08,163732600,21.89,23.15,21.81,23.08,1.0,23.15,21.81,0
2020-11-11,PETR4,PETR4,23.35,23.36,22.4,22.88,22.88,93072900,23.35,23.36,22.4,22.88,1.0,23.36,22.4,0
2020-11-12,PETR4,PETR4,22.74,22.82,21.77,21.91,21.91,77275000,22.74,22.82,21.77,21.91,1.0,22.82,21.77,0
2020-11-13,PETR4,PETR4,22.02,22.8,21.89,22.63,22.63,66065200,22.02,22.8,21.89,22.63,1.0,22.8,21.89,0
2020-11-16,PETR4,PETR4,23.2,23.63,23.13,23.29,23.29,101583300,23.2,23.63,23.13,23.29,1.0,23.63,23.13,0
2020-11-17,PETR4,PETR4,23.05,24.14,22.98,23.69,23.69,94082100,23.05,24.14,22.98,23.69,1.0,24.14,22.98,0
2020-11-18,PETR4,PETR4,23.99,24.13,23.55,23.55,23.55,68540400,23.99,24.13,23.55,23.55,1.0,24.13,23.55,0
2020-11-19,PETR4,PETR4,23.55,23.94,23.37,23.82,23.82,65382100,23.55,23.94,23.37,23.82,1.0,23.94,23.37,0
2020-11-20,PETR4,PETR4,23.84,23.99,23.47,23.65,23.65,38137700,23.84,23.99,23.47,23.65,1.0,23.99,23.47,0
2020-11-23,PETR4,PETR4,24.05,25.1,24.04,25.1,25.1,125649000,24.05,25.1,24.04,25.1,1.0,25.1,24.04,0
2020-11-24,PETR4,PETR4,25.64,26.67,25.64,26.22,26.22,153293500,25.64,26.67,25.64,26.22,1.0,26.67,25.64,0
2020-11-25,PETR4,PETR4,26.2,26.5,25.67,26.25,26.25,73971200,26.2,26.5,25.67,26.25,1.0,26.5,25.67,0
2020-11-26,PETR4,PETR4,25.94,25.95,25.56,25.82,25.82,41935900,25.94,25.95,25.56,25.82,1.0,25.95,25.56,0
2020-11-27,PETR4,PETR4,25.92,26.06,25.45,25.5,25.5,49863500,25.92,26.06,25.45,25.5,1.0,26.06,25.45,0
2020-11-30,PETR4,PETR4,25.26,25.88,24.84,24.9,24.9,90207700,25.26,25.88,24.84,24.9,1.0,25.88,24.84,0
2020-12-01,PETR4,PETR4,25.4,25.77,25.29,25.6,25.6,58866000,25.4,25.77,25.29,25.6,1.0,25.77,25.29,0
2020-12-02,PETR4,PETR4,25.6,26.5,25.33,25.91,25.91,88093300,25.6,26.5,25.33,25.91,1.0,26.5,25.33,0
2020-12-03,PETR4,PETR4,26.15,26.89,26.05,26.64,26.64,62424500,26.15,26.89,26.05,26.64,1.0,26.89,26.05,0
2020-12-04,PETR4,PETR4,27.19,27.57,27.06,27.53,27.53,61652400,27.19,27.57,27.06,27.53,1.0,27.57,27.06,0
2020-12-07,PETR4,PETR4,27.27,27.79,26.67,27.0,27.0,72664200,27.27,27.79,26.67,27.0,1.0,27.79,26.67,0
2020-12-08,PETR4,PETR4,26.81,27.14,26.46,26.66,26.66,46276700,26.81,27.14,26.46,26.66,1.0,27.14,26.46,0
2020-12-09,PETR4,PETR4,26.63,26.97,26.4,26.94,26.94,52448300,26.63,26.97,26.4,26.94,1.0,26.97,26.4,0
2020-12-10,PETR4,PETR4,27.19,28.2,27.13,27.82,27.82,97537100,27.19,28.2,27.13,27.82,1.0,28.2,27.13,0
2020-12-11,PETR4,PETR4,27.49,27.84,27.28,27.57,27.57,48334300,27.49,27.84,27.28,27.57,1.0,27.84,27.28,0
2020-12-14,PETR4,PETR4,28.03,28.27,27.62,27.62,27.62,53159500,28.03,28.27,27.62,27.62,1.0,28.27,27.62,0
2020-12-15,PETR4,PETR4,27.8,27.99,27.64,27.85,27.85,47208200,27.8,27.99,27.64,27.85,1.0,27.99,27.64,0
2020-12-16,PETR4,PETR4,27.85,28.24,27.47,28.19,28.19,59399200,27.85,28.24,27.47,28.19,1.0,28.24,27.47,0
2020-12-17,PETR4,PETR4,28.3,28.39,28.07,28.24,28.24,39297700,28.3,28.39,28.07,28.24,1.0,28.39,28.07,0
2020-12-18,PETR4,PETR4,28.1,28.32,28.02,28.1,28.1,44707900,28.1,28.32,28.02,28.1,1.0,28.32,28.02,0
2020-12-21,PETR4,PETR4,27.19,27.49,26.52,27.02,27.02,99988800,27.19,27.49,26.52,27.02,1.0,27.49,26.52,0
2020-12-22,PETR4,PETR4,27.2,27.47,27.05,27.28,27.28,46513200,27.2,27.47,27.05,27.28,1.0,27.47,27.05,0
2020-12-23,PETR4,PETR4,27.43,28.25,27.35,27.95,27.95,49038900,27.43,28.25,27.35,27.95,1.0,28.25,27.35,0
2020-12-28,PETR4,PETR4,28.36,28.52,28.18,28.18,28.18,36313300,28.36,28.52,28.18,28.18,1.0,28.52,28.18,0
2020-12-29,PETR4,PETR4,28.38,28.43,27.99,28.27,28.27,29891100,28.38,28.43,27.99,28.27,1.0,28.43,27.99,0
2020-12-30,PETR4,PETR4,28.35,28.49,28.2,28.34,28.34,36968200,28.35,28.49,28.2,28.34,1.0,28.49,28.2,0
2021-01-04,PETR4,PETR4,28.65,29.18,28.53,28.91,28.91,74719700,28.65,29.18,28.53,28.91,1.0,29.18,28.53,0
2021-01-05,PETR4,PETR4,28.9,30.18,28.24,30.04,30.04,95181100,28.9,30.18,28.24,30.04,1.0,30.18,28.24,0
2021-01-06,PETR4,PETR4,30.16,30.9,30.05,30.07,30.07,96562500,30.16,30.9,30.05,30.07,1.0,30.9,30.05,0
2021-01-07,PETR4,PETR4,30.34,31.15,30.34,31.0,31.0,56171300,30.34,31.15,30.34,31.0,1.0,31.15,30.34,0
2021-01-08,PETR4,PETR4,31.46,31.76,30.35,31.12,31.12,67136300,31.46,31.76,30.35,31.12,1.0,31.76,30.35,0
2021-01-11,PETR4,PETR4,30.61,31.06,30.4,30.86,30.86,48744700,30.61,31.06,30.4,30.86,1.0,31.06,30.4,0
2021-01-12,PETR4,PETR4,31.12,31.56,30.63,30.63,30.63,65691900,31.12,31.56,30.63,30.63,1.0,31.56,30.63,0
2021-01-13,PETR4,PETR4,30.68,30.86,29.0,29.15,29.15,93826600,30.68,30.86,29.0,29.15,1.0,30.86,29.0,0
2021-01-14,PETR4,PETR4,29.17,29.67,28.72,29.45,29.45,50745400,29.17,29.67,28.72,29.45,1.0,29.67,28.72,0
2021-01-15,PETR4,PETR4,29.05,29.08,28.03,28.12,28.12,80673300,29.05,29.08,28.03,28.12,1.0,29.08,28.03,0
2021-01-18,PETR4,PETR4,28.31,28.85,28.01,28.07,28.07,68855700,28.31,28.85,28.01,28.07,1.0,28.85,28.01,0
2021-01-19,PETR4,PETR4,28.48,28.86,27.64,28.69,28.69,61656000,28.48,28.86,27.64,28.69,1.0,28.86,27.64,0
2021-01-20,PETR4,PETR4,28.95,29.12,28.11,28.21,28.21,60306200,28.95,29.12,28.11,28.21,1.0,29.12,28.11,0
2021-01-21,PETR4,PETR4,28.02,28.4,27.51,27.55,27.55,41284900,28.02,28.4,27.51,27.55,1.0,28.4,27.51,0
2021-01-22,PETR4,PETR4,26.93,27.24,26.56,27.09,27.09,51181900,26.93,27.24,26.56,27.09,1.0,27.24,26.56,0
2021-01-26,PETR4,PETR4,27.25,27.97,26.82,27.0,27.0,64514600,27.25,27.97,26.82,27.0,1.0,27.97,26.82,0
2021-01-27,PETR4,PETR4,26.81,28.17,26.53,27.38,27.38,68337800,26.81,28.17,26.53,27.38,1.0,28.17,26.53,0
2021-01-28,PETR4,PETR4,27.32,28.45,27.31,27.76,27.76,67827000,27.32,28.45,27.31,27.76,1.0,28.45,27.31,0
2021-01-29,PETR4,PETR4,27.52,27.68,26.69,26.69,26.69,67555300,27.52,27.68,26.69,26.69,1.0,27.68,26.69,0
2021-02-01,PETR4,PETR4,27.26,27.68,26.83,27.53,27.53,44449500,27.26,27.68,26.83,27.53,1.0,27.68,26.83,0
2021-02-02,PETR4,PETR4,28.4,29.14,28.2,28.66,28.66,91663000,28.4,29.14,28.2,28.66,1.0,29.14,28.2,0
2021-02-03,PETR4,PETR4,28.98,29.14,28.66,28.85,28.85,47486800,28.98,29.14,28.66,28.85,1.0,29.14,28.66,0
2021-02-04,PETR4,PETR4,28.83,28.99,28.21,28.82,28.82,41444100,28.83,28.99,28.21,28.82,1.0,28.99,28.21,0
2021-02-05,PETR4,PETR4,28.98,30.09,28.32,29.02,29.02,121098700,28.98,30.09,28.32,29.02,1.0,30.09,28.32,0
2021-02-08,PETR4,PETR4,28.51,29.3,27.8,28.11,28.11,98821700,28.51,29.3,27.8,28.11,1.0,29.3,27.8,0
2021-02-09,PETR4,PETR4,28.05,28.37,27.38,27.54,27.54,63662200,28.05,28.37,27.38,27.54,1.0,28.37,27.38,0
2021-02-10,PETR4,PETR4,27.74,28.04,27.12,27.8,27.8,52949900,27.74,28.04,27.12,27.8,1.0,28.04,27.12,0
2021-02-11,PETR4,PETR4,28.14,28.5,27.87,28.08,28.08,61158600,28.14,28.5,27.87,28.08,1.0,28.5,27.87,0
2021-02-12,PETR4,PETR4,27.81,28.49,27.61,28.44,28.44,47801100,27.81,28.49,27.61,28.44,1.0,28.49,27.61,0
2021-02-17,PETR4,PETR4,28.52,29.6,28.13,29.59,29.59,54973400,28.52,29.6,28.13,29.59,1.0,29.6,28.13,0
2021-02-18,PETR4,PETR4,30.38,30.92,29.04,29.27,29.27,105539200,30.38,30.92,29.04,29.27,1.0,30.92,29.04,0
2021-02-19,PETR4,PETR4,28.03,28.49,27.17,27.33,27.33,215834800,28.03,28.49,27.17,27.33,1.0,28.49,27.17,0
2021-02-22,PETR4,PETR4,22.8,23.2,21.4,21.45,21.45,490230400,22.8,23.2,21.4,21.45,1.0,23.2,21.4,0
2021-02-23,PETR4,PETR4,23.05,24.26,22.71,24.06,24.06,293503100,23.05,24.26,22.71,24.06,1.0,24.26,22.71,0
2021-02-24,PETR4,PETR4,24.55,25.0,24.01,24.4,24.4,155246400,24.55,25.0,24.01,24.4,1.0,25.0,24.01,0
2021-02-25,PETR4,PETR4,25.0,25.25,23.1,23.19,23.19,170233000,25.0,25.25,23.1,23.19,1.0,25.25,23.1,0
2021-02-26,PETR4,PETR4,23.2,23.42,21.97,22.24,22.24,159881000,23.2,23.42,21.97,22.24,1.0,23.42,21.97,0
2021-03-01,PETR4,PETR4,22.8,23.04,21.92,22.0,22.0,90330100,22.8,23.04,21.92,22.0,1.0,23.04,21.92,0
2021-03-02,PETR4,PETR4,21.84,22.33,20.67,21.99,21.99,147772300,21.84,22.33,20.67,21.99,1.0,22.33,20.67,0
2021-03-03,PETR4,PETR4,21.8,21.89,20.48,21.19,21.19,185688500,21.8,21.89,20.48,21.19,1.0,21.89,20.48,0
2021-03-04,PETR4,PETR4,21.3,22.4,21.12,22.22,22.22,127843200,21.3,22.4,21.12,22.22,1.0,22.4,21.12,0
2021-03-05,PETR4,PETR4,22.44,23.22,22.29,22.39,22.39,126306300,22.44,23.22,22.29,22.39,1.0,23.22,22.29,0
2021-03-08,PETR4,PETR4,21.94,22.28,20.96,21.1,21.1,141142800,21.94,22.28,20.96,21.1,1.0,22.28,20.96,0
2021-03-09,PETR4,PETR4,21.36,21.95,20.86,21.59,21.59,122648000,21.36,21.95,20.86,21.59,1.0,21.95,20.86,0
2021-03-10,PETR4,PETR4,21.94,22.34,21.58,22.34,22.34,111744100,21.94,22.34,21.58,22.34,1.0,22.34,21.58,0
2021-03-11,PETR4,PETR4,22.62,23.49,22.61,23.29,23.29,130577500,22.62,23.49,22.61,23.29,1.0,23.49,22.61,0
2021-03-12,PETR4,PETR4,23.15,23.38,22.86,23.17,23.17,68123200,23.15,23.38,22.86,23.17,1.0,23.38,22.86,0
2021-03-15,PETR4,PETR4,23.11,23.67,23.1,23.65,23.65,68295000,23.11,23.67,23.1,23.65,1.0,23.67,23.1,0
2021-03-16,PETR4,PETR4,23.63,23.68,23.23,23.28,23.28,43407900,23.63,23.68,23.23,23.28,1.0,23.68,23.23,0
2021-03-17,PETR4,PETR4,23.14,24.13,23.11,24.08,24.08,77966400,23.14,24.13,23.11,24.08,1.0,24.13,23.11,0
2021-03-18,PETR4,PETR4,23.88,23.9,23.07,23.24,23.24,77198900,23.88,23.9,23.07,23.24,1.0,23.9,23.07,0
2021-03-19,PETR4,PETR4,23.27,24.04,23.18,24.0,24.0,90244500,23.27,24.04,23.18,24.0,1.0,24.04,23.18,0
2021-03-22,PETR4,PETR4,23.69,23.78,23.23,23.52,23.52,44129300,23.69,23.78,23.23,23.52,1.0,23.78,23.23,0
2021-03-23,PETR4,PETR4,23.17,23.63,22.8,22.8,22.8,57124700,23.17,23.63,22.8,22.8,1.0,23.63,22.8,0
2021-03-24,PETR4,PETR4,23.19,23.54,22.82,22.82,22.82,63338300,23.19,23.54,22.82,22.82,1.0,23.54,22.82,0
2021-03-25,PETR4,PETR4,22.7,23.3,22.16,23.2,23.2,79214500,22.7,23.3,22.16,23.2,1.0,23.3,22.16,0
2021-03-26,PETR4,PETR4,23.48,23.88,23.11,23.46,23.46,60918600,23.48,23.88,23.11,23.46,1.0,23.88,23.11,0
2021-03-29,PETR4,PETR4,23.34,23.83,23.28,23.83,23.83,50099700,23.34,23.83,23.28,23.83,1.0,23.83,23.28,0
2021-03-30,PETR4,PETR4,23.64,23.99,23.57,23.83,23.83,41959100,23.64,23.99,23.57,23.83,1.0,23.99,23.57,0
2021-03-31,PETR4,PETR4,23.8,24.23,23.78,24.1,24.1,68609400,23.8,24.23,23.78,24.1,1.0,24.23,23.78,0
2021-04-01,PETR4,PETR4,24.29,24.39,23.78,23.89,23.89,47232900,24.29,24.39,23.78,23.89,1.0,24.39,23.78,0
2021-04-05,PETR4,PETR4,24.13,24.2,23.68,24.04,24.04,40454400,24.13,24.2,23.68,24.04,1.0,24.2,23.68,0
2021-04-06,PETR4,PETR4,24.18,24.37,23.91,24.02,24.02,45934300,24.18,24.37,23.91,24.02,1.0,24.37,23.91,0
2021-04-07,PETR4,PETR4,23.94,24.34,23.93,24.0,24.0,55892200,23.94,24.34,23.93,24.0,1.0,24.34,23.93,0
2021-04-08,PETR4,PETR4,23.98,24.04,23.37,23.7,23.7,63231300,23.98,24.04,23.37,23.7,1.0,24.04,23.37,0
2021-04-09,PETR4,PETR4,23.5,23.78,23.37,23.65,23.65,47494400,23.5,23.78,23.37,23.65,1.0,23.78,23.37,0
2021-04-12,PETR4,PETR4,23.96,24.37,23.78,23.89,23.89,50592900,23.96,24.37,23.78,23.89,1.0,24.37,23.78,0
2021-04-13,PETR4,PETR4,23.98,24.11,23.69,23.97,23.97,53612300,23.98,24.11,23.69,23.97,1.0,24.11,23.69,0
2021-04-14,PETR4,PETR4,24.2,24.58,23.98,24.35,24.35,90836500,24.2,24.58,23.98,24.35,1.0,24.58,23.98,0
2021-04-15,PETR4,PETR4,23.7,23.83,23.02,23.09,23.09,64193600,23.7,23.83,23.02,23.09,1.0,23.83,23.02,0
2021-04-16,PETR4,PETR4,23.13,23.24,22.81,22.95,22.95,59567300,23.13,23.24,22.81,22.95,1.0,23.24,22.81,0
2021-04-19,PETR4,PETR4,22.95,24.89,22.77,24.28,24.28,196519100,22.95,24.89,22.77,24.28,1.0,24.89,22.77,0
2021-04-20,PETR4,PETR4,24.33,24.59,23.76,23.82,23.82,94965400,24.33,24.59,23.76,23.82,1.0,24.59,23.76,0
2021-04-22,PETR4,PETR4,24.14,24.19,23.65,23.71,23.71,46600100,24.14,24.19,23.65,23.71,1.0,24.19,23.65,0
2021-04-23,PETR4,PETR4,23.88,23.94,23.51,23.69,23.69,60341000,23.88,23.94,23.51,23.69,1.0,23.94,23.51,0
2021-04-26,PETR4,PETR4,23.85,24.05,23.61,23.78,23.78,33281000,23.85,24.05,23.61,23.78,1.0,24.05,23.61,0
2021-04-27,PETR4,PETR4,23.82,24.17,23.1,23.1,23.1,76684900,23.82,24.17,23.1,23.1,1.0,24.17,23.1,0
2021-04-28,PETR4,PETR4,23.4,24.09,23.36,23.94,23.94,66374200,23.4,24.09,23.36,23.94,1.0,24.09,23.36,0
2021-04-29,PETR4,PETR4,24.12,24.29,23.42,23.62,23.62,49775900,24.12,24.29,23.42,23.62,1.0,24.29,23.42,0
2021-04-30,PETR4,PETR4,23.4,23.93,23.28,23.62,23.62,61039200,23.4,23.93,23.28,23.62,1.0,23.93,23.28,0
2021-05-03,PETR4,PETR4,23.8,23.81,23.3,23.43,23.43,49039900,23.8,23.81,23.3,23.43,1.0,23.81,23.3,0
2021-05-04,PETR4,PETR4,23.54,23.64,22.88,22.89,22.89,44765000,23.54,23.64,22.88,22.89,1.0,23.64,22.88,0
2021-05-05,PETR4,PETR4,23.17,23.95,23.12,23.83,23.83,75611900,23.17,23.95,23.12,23.83,1.0,23.95,23.12,0
2021-05-06,PETR4,PETR4,23.71,23.85,23.4,23.5,23.5,54091600,23.71,23.85,23.4,23.5,1.0,23.85,23.4,0
2021-05-07,PETR4,PETR4,23.64,24.45,23.46,24.38,24.38,74118200,23.64,24.45,23.46,24.38,1.0,24.45,23.46,0
2021-05-10,PETR4,PETR4,24.8,24.98,24.58,24.7,24.7,73804500,24.8,24.98,24.58,24.7,1.0,24.98,24.58,0
2021-05-11,PETR4,PETR4,24.44,25.17,24.32,25.15,25.15,73729900,24.44,25.17,24.32,25.15,1.0,25.17,24.32,0
2021-05-12,PETR4,PETR4,24.95,25.53,24.69,24.78,24.78,89980700,24.95,25.53,24.69,24.78,1.0,25.53,24.69,0
2021-05-13,PETR4,PETR4,24.76,25.1,24.43,24.99,24.99,77282100,24.76,25.1,24.43,24.99,1.0,25.1,24.43,0
2021-05-14,PETR4,PETR4,25.8,26.38,25.55,26.28,26.28,196135500,25.8,26.38,25.55,26.28,1.0,26.38,25.55,0
2021-05-17,PETR4,PETR4,26.3,26.66,26.2,26.66,26.66,83512600,26.3,26.66,26.2,26.66,1.0,26.66,26.2,0
2021-05-18,PETR4,PETR4,26.7,26.8,26.27,26.35,26.35,63510600,26.7,26.8,26.27,26.35,1.0,26.8,26.27,0
2021-05-19,PETR4,PETR4,25.85,26.35,25.8,26.15,26.15,84700500,25.85,26.35,25.8,26.15,1.0,26.35,25.8,0
2021-05-20,PETR4,PETR4,26.15,26.28,25.72,25.93,25.93,71371100,26.15,26.28,25.72,25.93,1.0,26.28,25.72,0
2021-05-21,PETR4,PETR4,26.08,26.31,25.94,25.95,25.95,82884500,26.08,26.31,25.94,25.95,1.0,26.31,25.94,0
2021-05-24,PETR4,PETR4,26.28,26.52,25.99,26.39,26.39,63029600,26.28,26.52,25.99,26.39,1.0,26.52,25.99,0
2021-05-25,PETR4,PETR4,26.48,26.62,25.78,25.84,25.84,63672000,26.48,26.62,25.78,25.84,1.0,26.62,25.78,0
2021-05-26,PETR4,PETR4,25.91,26.18,25.65,26.09,26.09,46646900,25.91,26.18,25.65,26.09,1.0,26.18,25.65,0
2021-05-27,PETR4,PETR4,26.08,26.25,25.77,25.91,25.91,48877800,26.08,26.25,25.77,25.91,1.0,26.25,25.77,0
2021-05-28,PETR4,PETR4,26.2,27.02,26.15,26.99,26.99,129526400,26.2,27.02,26.15,26.99,1.0,27.02,26.15,0
2021-05-31,PETR4,PETR4,26.96,27.2,26.78,26.87,26.87,46298900,26.96,27.2,26.78,26.87,1.0,27.2,26.78,0
2021-06-01,PETR4,PETR4,27.4,27.7,27.01,27.29,27.29,90744900,27.4,27.7,27.01,27.29,1.0,27.7,27.01,0
2021-06-02,PETR4,PETR4,27.35,28.07,27.26,28.06,28.06,103985100,27.35,28.07,27.26,28.06,1.0,28.07,27.26,0
2021-06-04,PETR4,PETR4,28.06,28.62,27.92,28.5,28.5,102757300,28.06,28.62,27.92,28.5,1.0,28.62,27.92,0
2021-06-07,PETR4,PETR4,28.5,28.55,28.01,28.29,28.29,74548900,28.5,28.55,28.01,28.29,1.0,28.55,28.01,0
2021-06-08,PETR4,PETR4,28.17,28.8,27.96,28.66,28.66,88398600,28.17,28.8,27.96,28.66,1.0,28.8,27.96,0
2021-06-09,PETR4,PETR4,28.72,29.08,28.52,28.66,28.66,60724200,28.72,29.08,28.52,28.66,1.0,29.08,28.52,0
2021-06-10,PETR4,PETR4,28.83,29.03,28.57,28.68,28.68,35544200,28.83,29.03,28.57,28.68,1.0,29.03,28.57,0
2021-06-11,PETR4,PETR4,28.8,28.85,28.26,28.57,28.57,54894400,28.8,28.85,28.26,28.57,1.0,28.85,28.26,0
2021-06-14,PETR4,PETR4,28.9,29.35,28.61,28.75,28.75,64286600,28.9,29.35,28.61,28.75,1.0,29.35,28.61,0
2021-06-15,PETR4,PETR4,28.96,29.06,28.63,29.03,29.03,42597100,28.96,29.06,28.63,29.03,1.0,29.06,28.63,0
2021-06-16,PETR4,PETR4,29.08,29.29,28.77,29.14,29.14,77432900,29.08,29.29,28.77,29.14,1.0,29.29,28.77,0
2021-06-17,PETR4,PETR4,29.01,29.2,27.91,28.13,28.13,95264600,29.01,29.2,27.91,28.13,1.0,29.2,27.91,0
2021-06-18,PETR4,PETR4,28.0,28.42,27.64,28.32,28.32,115250700,28.0,28.42,27.64,28.32,1.0,28.42,27.64,0
2021-06-21,PETR4,PETR4,28.4,29.0,28.4,28.95,28.95,50709600,28.4,29.0,28.4,28.95,1.0,29.0,28.4,0
2021-06-22,PETR4,PETR4,29.0,29.27,28.67,29.1,29.1,41602700,29.0,29.27,28.67,29.1,1.0,29.27,28.67,0
2021-06-23,PETR4,PETR4,29.25,29.52,29.0,29.3,29.3,57278500,29.25,29.52,29.0,29.3,1.0,29.52,29.0,0
2021-06-24,PETR4,PETR4,29.49,29.65,29.22,29.65,29.65,51447000,29.49,29.65,29.22,29.65,1.0,29.65,29.22,0
2021-06-25,PETR4,PETR4,29.69,29.79,28.95,29.1,29.1,84950900,29.69,29.79,28.95,29.1,1.0,29.79,28.95,0
2021-06-28,PETR4,PETR4,29.18,29.27,28.67,29.05,29.05,40341200,29.18,29.27,28.67,29.05,1.0,29.27,28.67,0
2021-06-29,PETR4,PETR4,29.09,29.18,28.74,29.18,29.18,43215200,29.09,29.18,28.74,29.18,1.0,29.18,28.74,0
2021-06-30,PETR4,PETR4,29.03,29.57,28.92,29.43,29.43,71367600,29.03,29.57,28.92,29.43,1.0,29.57,28.92,0
2021-07-01,PETR4,PETR4,29.74,29.88,28.92,29.06,29.06,65084000,29.74,29.88,28.92,29.06,1.0,29.88,28.92,0
2021-07-02,PETR4,PETR4,29.3,29.38,28.73,29.18,29.18,37336700,29.3,29.38,28.73,29.18,1.0,29.38,28.73,0
2021-07-05,PETR4,PETR4,29.01,29.16,28.37,28.85,28.85,56028600,29.01,29.16,28.37,28.85,1.0,29.16,28.37,0
2021-07-06,PETR4,PETR4,28.7,28.8,27.67,27.67,27.67,97839700,28.7,28.8,27.67,27.67,1.0,28.8,27.67,0
2021-07-07,PETR4,PETR4,28.15,28.15,27.41,28.05,28.05,73793500,28.15,28.15,27.41,28.05,1.0,28.15,27.41,0
2021-07-08,PETR4,PETR4,27.4,27.68,27.27,27.49,27.49,80574200,27.4,27.68,27.27,27.49,1.0,27.68,27.27,0
2021-07-12,PETR4,PETR4,27.58,27.78,27.28,27.73,27.73,53001200,27.58,27.78,27.28,27.73,1.0,27.78,27.28,0
2021-07-13,PETR4,PETR4,27.56,27.97,27.38,27.9,27.9,41594300,27.56,27.97,27.38,27.9,1.0,27.97,27.38,0
2021-07-14,PETR4,PETR4,28.1,28.2,27.54,27.67,27.67,51654600,28.1,28.2,27.54,27.67,1.0,28.2,27.54,0
2021-07-15,PETR4,PETR4,27.49,27.63,26.92,27.08,27.08,67982600,27.49,27.63,26.92,27.08,1.0,27.63,26.92,0
2021-07-16,PETR4,PETR4,27.23,27.38,26.58,26.68,26.68,69024100,27.23,27.38,26.58,26.68,1.0,27.38,26.58,0
2021-07-19,PETR4,PETR4,25.97,26.45,25.86,26.24,26.24,80087700,25.97,26.45,25.86,26.24,1.0,26.45,25.86,0
2021-07-20,PETR4,PETR4,26.19,26.94,25.9,26.59,26.59,63408800,26.19,26.94,25.9,26.59,1.0,26.94,25.9,0
2021-07-21,PETR4,PETR4,26.79,27.24,26.59,26.96,26.96,51116600,26.79,27.24,26.59,26.96,1.0,27.24,26.59,0
2021-07-22,PETR4,PETR4,27.0,27.22,26.71,26.9,26.9,37736500,27.0,27.22,26.71,26.9,1.0,27.22,26.71,0
2021-07-23,PETR4,PETR4,27.1,27.17,26.68,26.74,26.74,34025500,27.1,27.17,26.68,26.74,1.0,27.17,26.68,0
2021-07-26,PETR4,PETR4,26.74,27.47,26.72,27.47,27.47,46802600,26.74,27.47,26.72,27.47,1.0,27.47,26.72,0
2021-07-27,PETR4,PETR4,27.35,27.4,26.9,27.15,27.15,51901800,27.35,27.4,26.9,27.15,1.0,27.4,26.9,0
2021-07-28,PETR4,PETR4,27.43,27.9,27.2,27.71,27.71,46727100,27.43,27.9,27.2,27.71,1.0,27.9,27.2,0
2021-07-29,PETR4,PETR4,27.8,27.92,27.5,27.81,27.81,43916600,27.8,27.92,27.5,27.81,1.0,27.92,27.5,0
2021-07-30,PETR4,PETR4,27.6,27.83,26.83,26.91,26.91,74150400,27.6,27.83,26.83,26.91,1.0,27.83,26.83,0
2021-08-02,PETR4,PETR4,27.2,27.41,26.37,26.41,26.41,70528800,27.2,27.41,26.37,26.41,1.0,27.41,26.37,0
2021-08-03,PETR4,PETR4,26.36,26.87,25.79,26.85,26.85,71850400,26.36,26.87,25.79,26.85,1.0,26.87,25.79,0
2021-08-04,PETR4,PETR4,26.55,26.77,25.95,26.28,26.28,87970600,26.55,26.77,25.95,26.28,1.0,26.77,25.95,0
2021-08-05,PETR4,PETR4,28.75,28.98,28.06,28.35,28.35,223915900,28.75,28.98,28.06,28.35,1.0,28.98,28.06,0
2021-08-06,PETR4,PETR4,28.5,28.54,28.02,28.39,28.39,51106100,28.5,28.54,28.02,28.39,1.0,28.54,28.02,0
2021-08-09,PETR4,PETR4,27.95,28.21,27.67,28.19,28.19,75381900,27.95,28.21,27.67,28.19,1.0,28.21,27.67,0
2021-08-10,PETR4,PETR4,28.3,28.78,28.24,28.28,28.28,84380900,28.3,28.78,28.24,28.28,1.0,28.78,28.24,0
2021-08-11,PETR4,PETR4,28.16,28.99,27.97,28.67,28.67,97863500,28.16,28.99,27.97,28.67,1.0,28.99,27.97,0
2021-08-12,PETR4,PETR4,28.66,29.19,28.5,29.1,29.1,95319300,28.66,29.19,28.5,29.1,1.0,29.19,28.5,0
2021-08-13,PETR4,PETR4,29.06,29.61,29.02,29.35,29.35,85201800,29.06,29.61,29.02,29.35,1.0,29.61,29.02,0
2021-08-16,PETR4,PETR4,29.2,29.24,28.24,28.64,28.64,101262100,29.2,29.24,28.24,28.64,1.0,29.24,28.24,0
2021-08-17,PETR4,PETR4,26.84,27.63,26.45,27.03,27.03,93623700,26.84,27.63,26.45,27.03,1.0,27.63,26.45,0
2021-08-18,PETR4,PETR4,27.03,27.31,26.65,26.79,26.79,86103100,27.03,27.31,26.65,26.79,1.0,27.31,26.65,0
2021-08-19,PETR4,PETR4,26.26,26.87,26.13,26.64,26.64,80808200,26.26,26.87,26.13,26.64,1.0,26.87,26.13,0
2021-08-20,PETR4,PETR4,26.4,26.63,26.17,26.6,26.6,88445600,26.4,26.63,26.17,26.6,1.0,26.63,26.17,0
2021-08-23,PETR4,PETR4,26.94,27.31,26.77,27.02,27.02,70161500,26.94,27.31,26.77,27.02,1.0,27.31,26.77,0
2021-08-24,PETR4,PETR4,27.29,27.63,27.24,27.58,27.58,49831400,27.29,27.63,27.24,27.58,1.0,27.63,27.24,0
2021-08-25,PETR4,PETR4,27.63,27.83,27.38,27.73,27.73,46031200,27.63,27.83,27.38,27.73,1.0,27.83,27.38,0
2021-08-26,PETR4,PETR4,27.58,27.88,27.47,27.49,27.49,41061300,27.58,27.88,27.47,27.49,1.0,27.88,27.47,0
2021-08-27,PETR4,PETR4,27.7,28.49,27.67,28.49,28.49,76465300,27.7,28.49,27.67,28.49,1.0,28.49,27.67,0
2021-08-30,PETR4,PETR4,28.4,28.71,28.26,28.3,28.3,61054000,28.4,28.71,28.26,28.3,1.0,28.71,28.26,0
2021-08-31,PETR4,PETR4,28.2,28.23,26.99,27.19,27.19,110574300,28.2,28.23,26.99,27.19,1.0,28.23,26.99,0
2021-09-01,PETR4,PETR4,27.32,27.34,26.33,27.04,27.04,69430400,27.32,27.34,26.33,27.04,1.0,27.34,26.33,0
2021-09-02,PETR4,PETR4,27.0,27.35,26.46,26.6,26.6,56052000,27.0,27.35,26.46,26.6,1.0,27.35,26.46,0
2021-09-03,PETR4,PETR4,26.65,26.78,26.1,26.33,26.33,58182700,26.65,26.78,26.1,26.33,1.0,26.78,26.1,0
2021-09-06,PETR4,PETR4,26.21,26.71,26.15,26.46,26.46,26758900,26.21,26.71,26.15,26.46,1.0,26.71,26.15,0
2021-09-08,PETR4,PETR4,26.29,26.35,24.79,24.97,24.97,80378400,26.29,26.35,24.79,24.97,1.0,26.35,24.79,0
2021-09-09,PETR4,PETR4,25.08,25.88,24.14,25.5,25.5,156617100,25.08,25.88,24.14,25.5,1.0,25.88,24.14,0
2021-09-10,PETR4,PETR4,26.02,26.14,25.33,25.34,25.34,78379900,26.02,26.14,25.33,25.34,1.0,26.14,25.33,0
2021-09-13,PETR4,PETR4,25.8,26.39,25.64,26.23,26.23,63317900,25.8,26.39,25.64,26.23,1.0,26.39,25.64,0
2021-09-14,PETR4,PETR4,25.95,26.25,25.72,25.88,25.88,65497300,25.95,26.25,25.72,25.88,1.0,26.25,25.72,0
2021-09-15,PETR4,PETR4,26.0,26.46,25.87,26.33,26.33,67274100,26.0,26.46,25.87,26.33,1.0,26.46,25.87,0
2021-09-16,PETR4,PETR4,26.08,26.24,25.51,26.1,26.1,65567700,26.08,26.24,25.51,26.1,1.0,26.24,25.51,0
2021-09-17,PETR4,PETR4,25.97,26.02,24.77,24.93,24.93,131694100,25.97,26.02,24.77,24.93,1.0,26.02,24.77,0
2021-09-20,PETR4,PETR4,24.08,24.65,23.79,24.65,24.65,80260600,24.08,24.65,23.79,24.65,1.0,24.65,23.79,0
2021-09-21,PETR4,PETR4,25.08,25.29,24.53,25.21,25.21,64570200,25.08,25.29,24.53,25.21,1.0,25.29,24.53,0
2021-09-22,PETR4,PETR4,25.53,26.22,25.52,25.85,25.85,70231800,25.53,26.22,25.52,25.85,1.0,26.22,25.52,0
2021-09-23,PETR4,PETR4,25.95,26.95,25.91,26.84,26.84,84480600,25.95,26.95,25.91,26.84,1.0,26.95,25.91,0
2021-09-24,PETR4,PETR4,26.55,27.06,26.47,26.9,26.9,44821500,26.55,27.06,26.47,26.9,1.0,27.06,26.47,0
2021-09-27,PETR4,PETR4,27.14,27.46,26.5,27.14,27.14,89178700,27.14,27.46,26.5,27.14,1.0,27.46,26.5,0
2021-09-28,PETR4,PETR4,27.19,27.89,26.72,26.96,26.96,117874300,27.19,27.89,26.72,26.96,1.0,27.89,26.72,0
2021-09-29,PETR4,PETR4,27.21,27.53,26.82,27.39,27.39,58731700,27.21,27.53,26.82,27.39,1.0,27.53,26.82,0
2021-09-30,PETR4,PETR4,27.53,27.58,27.17,27.23,27.23,65744000,27.53,27.58,27.17,27.23,1.0,27.58,27.17,0
2021-10-01,PETR4,PETR4,27.12,28.0,27.07,28.0,28.0,60983200,27.12,28.0,27.07,28.0,1.0,28.0,27.07,0
2021-10-04,PETR4,PETR4,27.76,28.81,27.72,28.79,28.79,106937000,27.76,28.81,27.72,28.79,1.0,28.81,27.72,0
2021-10-05,PETR4,PETR4,29.0,29.47,28.9,29.42,29.42,100469100,29.0,29.47,28.9,29.42,1.0,29.47,28.9,0
2021-10-06,PETR4,PETR4,28.95,29.17,28.47,28.64,28.64,84599400,28.95,29.17,28.47,28.64,1.0,29.17,28.47,0
2021-10-07,PETR4,PETR4,28.7,28.98,28.25,28.6,28.6,60551100,28.7,28.98,28.25,28.6,1.0,28.98,28.25,0
2021-10-08,PETR4,PETR4,29.0,29.61,28.71,29.12,29.12,84170500,29.0,29.61,28.71,29.12,1.0,29.61,28.71,0
2021-10-11,PETR4,PETR4,29.5,29.85,29.15,29.32,29.32,76466700,29.5,29.85,29.15,29.32,1.0,29.85,29.15,0
2021-10-13,PETR4,PETR4,29.17,29.7,29.08,29.63,29.63,55605400,29.17,29.7,29.08,29.63,1.0,29.7,29.08,0
2021-10-14,PETR4,PETR4,29.86,30.22,29.5,29.68,29.68,76172700,29.86,30.22,29.5,29.68,1.0,30.22,29.5,0
2021-10-15,PETR4,PETR4,29.8,29.84,29.51,29.6,29.6,72479900,29.8,29.84,29.51,29.6,1.0,29.84,29.51,0
2021-10-18,PETR4,PETR4,29.4,29.64,28.99,29.45,29.45,68971300,29.4,29.64,28.99,29.45,1.0,29.64,28.99,0
2021-10-19,PETR4,PETR4,29.24,29.32,27.86,28.01,28.01,111484000,29.24,29.32,27.86,28.01,1.0,29.32,27.86,0
2021-10-20,PETR4,PETR4,28.27,28.8,27.95,28.41,28.41,56063300,28.27,28.8,27.95,28.41,1.0,28.8,27.95,0
2021-10-21,PETR4,PETR4,27.86,28.18,26.92,27.45,27.45,101567700,27.86,28.18,26.92,27.45,1.0,28.18,26.92,0
2021-10-22,PETR4,PETR4,27.1,27.76,25.77,27.18,27.18,138384700,27.1,27.76,25.77,27.18,1.0,27.76,25.77,0
2021-10-25,PETR4,PETR4,27.76,29.31,27.65,29.04,29.04,135830600,27.76,29.31,27.65,29.04,1.0,29.31,27.65,0
2021-10-26,PETR4,PETR4,28.8,29.23,28.6,28.76,28.76,57865600,28.8,29.23,28.6,28.76,1.0,29.23,28.6,0
2021-10-27,PETR4,PETR4,28.83,29.06,28.47,28.69,28.69,57579200,28.83,29.06,28.47,28.69,1.0,29.06,28.47,0
2021-10-28,PETR4,PETR4,28.53,29.25,28.25,28.96,28.96,89578000,28.53,29.25,28.25,28.96,1.0,29.25,28.25,0
2021-10-29,PETR4,PETR4,29.13,29.19,26.97,27.25,27.25,157340000,29.13,29.19,26.97,27.25,1.0,29.19,26.97,0
2021-11-01,PETR4,PETR4,27.71,28.32,27.37,28.0,28.0,102157200,27.71,28.32,27.37,28.0,1.0,28.32,27.37,0
2021-11-03,PETR4,PETR4,27.71,27.85,26.8,26.85,26.85,83475800,27.71,27.85,26.8,26.85,1.0,27.85,26.8,0
2021-11-04,PETR4,PETR4,27.02,27.24,25.85,26.0,26.0,92603400,27.02,27.24,25.85,26.0,1.0,27.24,25.85,0
2021-11-05,PETR4,PETR4,26.29,26.54,25.78,25.85,25.85,86264000,26.29,26.54,25.78,25.85,1.0,26.54,25.78,0
2021-11-08,PETR4,PETR4,25.81,26.66,25.72,26.12,26.12,59704100,25.81,26.66,25.72,26.12,1.0,26.66,25.72,0
2021-11-09,PETR4,PETR4,26.2,26.95,26.2,26.64,26.64,73021700,26.2,26.95,26.2,26.64,1.0,26.95,26.2,0
2021-11-10,PETR4,PETR4,26.6,26.93,26.16,26.43,26.43,68176300,26.6,26.93,26.16,26.43,1.0,26.93,26.16,0
2021-11-11,PETR4,PETR4,26.88,26.88,26.24,26.45,26.45,60848900,26.88,26.88,26.24,26.45,1.0,26.88,26.24,0
2021-11-12,PETR4,PETR4,26.31,27.16,26.0,26.99,26.99,85962500,26.31,27.16,26.0,26.99,1.0,27.16,26.0,0
2021-11-16,PETR4,PETR4,27.26,27.56,26.63,27.27,27.27,60978200,27.26,27.56,26.63,27.27,1.0,27.56,26.63,0
2021-11-17,PETR4,PETR4,27.39,27.44,26.49,26.58,26.58,82106800,27.39,27.44,26.49,26.58,1.0,27.44,26.49,0
2021-11-18,PETR4,PETR4,26.69,26.75,26.05,26.54,26.54,63993000,26.69,26.75,26.05,26.54,1.0,26.75,26.05,0
2021-11-19,PETR4,PETR4,26.1,26.28,25.78,26.1,26.1,85893800,26.1,26.28,25.78,26.1,1.0,26.28,25.78,0
2021-11-22,PETR4,PETR4,26.3,27.13,26.29,26.36,26.36,59195200,26.3,27.13,26.29,26.36,1.0,27.13,26.29,0
2021-11-23,PETR4,PETR4,26.61,28.05,26.5,27.8,27.8,108382300,26.61,28.05,26.5,27.8,1.0,28.05,26.5,0
2021-11-24,PETR4,PETR4,27.78,28.44,27.51,28.37,28.37,64263300,27.78,28.44,27.51,28.37,1.0,28.44,27.51,0
2021-11-25,PETR4,PETR4,29.05,29.79,28.56,29.62,29.62,104052200,29.05,29.79,28.56,29.62,1.0,29.79,28.56,0
2021-11-26,PETR4,PETR4,28.39,29.16,28.07,28.47,28.47,108871800,28.39,29.16,28.07,28.47,1.0,29.16,28.07,0
2021-11-29,PETR4,PETR4,29.36,29.82,28.81,29.47,29.47,84672200,29.36,29.82,28.81,29.47,1.0,29.82,28.81,0
2021-11-30,PETR4,PETR4,29.3,29.64,28.86,29.43,29.43,129384600,29.3,29.64,28.86,29.43,1.0,29.64,28.86,0
2021-12-01,PETR4,PETR4,29.84,30.67,29.48,29.6,29.6,135078600,29.84,30.67,29.48,29.6,1.0,30.67,29.48,0
2021-12-02,PETR4,PETR4,26.99,28.49,26.2,28.36,28.36,191410300,26.99,28.49,26.2,28.36,1.0,28.49,26.2,0
2021-12-03,PETR4,PETR4,28.48,28.94,28.22,28.76,28.76,105133000,28.48,28.94,28.22,28.76,1.0,28.94,28.22,0
2021-12-06,PETR4,PETR4,28.78,29.27,28.68,28.89,28.89,66142300,28.78,29.27,28.68,28.89,1.0,29.27,28.68,0
2021-12-07,PETR4,PETR4,29.28,29.57,28.8,29.36,29.36,98989300,29.28,29.57,28.8,29.36,1.0,29.57,28.8,0
2021-12-08,PETR4,PETR4,29.36,30.07,29.22,29.35,29.35,71167700,29.36,30.07,29.22,29.35,1.0,30.07,29.22,0
2021-12-09,PETR4,PETR4,29.1,29.49,28.79,29.29,29.29,67668200,29.1,29.49,28.79,29.29,1.0,29.49,28.79,0
2021-12-10,PETR4,PETR4,29.5,30.1,29.48,29.65,29.65,38517500,29.5,30.1,29.48,29.65,1.0,30.1,29.48,0
2021-12-13,PETR4,PETR4,29.67,30.05,29.29,29.47,29.47,45448700,29.67,30.05,29.29,29.47,1.0,30.05,29.29,0
2021-12-14,PETR4,PETR4,29.61,29.85,29.01,29.12,29.12,56833800,29.61,29.85,29.01,29.12,1.0,29.85,29.01,0
2021-12-15,PETR4,PETR4,29.1,29.3,28.59,29.3,29.3,55085100,29.1,29.3,28.59,29.3,1.0,29.3,28.59,0
2021-12-16,PETR4,PETR4,29.62,29.98,29.5,29.69,29.69,56545700,29.62,29.98,29.5,29.69,1.0,29.98,29.5,0
2021-12-17,PETR4,PETR4,29.32,29.64,28.78,28.99,28.99,93593700,29.32,29.64,28.78,28.99,1.0,29.64,28.78,0
2021-12-20,PETR4,PETR4,28.44,28.55,27.68,28.16,28.16,106282500,28.44,28.55,27.68,28.16,1.0,28.55,27.68,0
2021-12-21,PETR4,PETR4,28.55,28.72,28.12,28.2,28.2,40454500,28.55,28.72,28.12,28.2,1.0,28.72,28.12,0
2021-12-22,PETR4,PETR4,28.4,28.4,27.97,28.16,28.16,33734500,28.4,28.4,27.97,28.16,1.0,28.4,27.97,0
2021-12-23,PETR4,PETR4,28.33,28.42,28.15,28.33,28.33,28713600,28.33,28.42,28.15,28.33,1.0,28.42,28.15,0
2021-12-27,PETR4,PETR4,28.32,28.78,28.15,28.75,28.75,44227900,28.32,28.78,28.15,28.75,1.0,28.78,28.15,0
2021-12-28,PETR4,PETR4,29.01,29.28,28.7,28.78,28.78,30688100,29.01,29.28,28.7,28.78,1.0,29.28,28.7,0
2021-12-29,PETR4,PETR4,28.7,28.9,28.42,28.54,28.54,35508400,28.7,28.9,28.42,28.54,1.0,28.9,28.42,0
2021-12-30,PETR4,PETR4,28.55,28.7,28.39,28.45,28.45,43229100,28.55,28.7,28.39,28.45,1.0,28.7,28.39,0
2022-01-03,PETR4,PETR4,28.54,29.22,28.53,29.09,29.09,52704700,28.54,29.22,28.53,29.09,1.0,29.22,28.53,0
2022-01-04,PETR4,PETR4,29.16,29.4,28.91,29.2,29.2,51739200,29.16,29.4,28.91,29.2,1.0,29.4,28.91,0
2022-01-05,PETR4,PETR4,29.19,29.27,27.94,28.07,28.07,78459800,29.19,29.27,27.94,28.07,1.0,29.27,27.94,0
2022-01-06,PETR4,PETR4,28.29,28.65,27.84,28.05,28.05,61163100,28.29,28.65,27.84,28.05,1.0,28.65,27.84,0
2022-01-07,PETR4,PETR4,28.11,28.29,27.82,28.18,28.18,47507600,28.11,28.29,27.82,28.18,1.0,28.29,27.82,0
2022-01-10,PETR4,PETR4,27.99,28.24,27.72,28.01,28.01,37455200,27.99,28.24,27.72,28.01,1.0,28.24,27.72,0
2022-01-11,PETR4,PETR4,28.1,29.07,27.85,28.84,28.84,73623800,28.1,29.07,27.85,28.84,1.0,29.07,27.85,0
2022-01-12,PETR4,PETR4,28.95,29.91,28.95,29.72,29.72,81378200,28.95,29.91,28.95,29.72,1.0,29.91,28.95,0
2022-01-13,PETR4,PETR4,29.53,30.63,29.5,30.32,30.32,76717500,29.53,30.63,29.5,30.32,1.0,30.63,29.5,0
2022-01-14,PETR4,PETR4,30.28,31.6,30.24,31.45,31.45,96458800,30.28,31.6,30.24,31.45,1.0,31.6,30.24,0
2022-01-17,PETR4,PETR4,31.4,31.81,31.25,31.5,31.5,35675900,31.4,31.81,31.25,31.5,1.0,31.81,31.25,0
2022-01-18,PETR4,PETR4,31.56,31.98,30.97,31.64,31.64,78198800,31.56,31.98,30.97,31.64,1.0,31.98,30.97,0
2022-01-19,PETR4,PETR4,31.9,32.21,31.44,31.49,31.49,77480200,31.9,32.21,31.44,31.49,1.0,32.21,31.44,0
2022-01-20,PETR4,PETR4,31.5,32.0,31.11,31.72,31.72,85353100,31.5,32.0,31.11,31.72,1.0,32.0,31.11,0
2022-01-21,PETR4,PETR4,31.57,31.88,31.53,31.77,31.77,61345400,31.57,31.88,31.53,31.77,1.0,31.88,31.53,0
2022-01-24,PETR4,PETR4,31.69,32.25,31.04,31.95,31.95,79117100,31.69,32.25,31.04,31.95,1.0,32.25,31.04,0
2022-01-25,PETR4,PETR4,31.7,33.23,31.58,32.99,32.99,98358500,31.7,33.23,31.58,32.99,1.0,33.23,31.58,0
2022-01-26,PETR4,PETR4,33.3,34.27,33.3,33.87,33.87,98679900,33.3,34.27,33.3,33.87,1.0,34.27,33.3,0
2022-01-27,PETR4,PETR4,34.25,34.64,33.17,33.88,33.88,90631000,34.25,34.64,33.17,33.88,1.0,34.64,33.17,0
2022-01-28,PETR4,PETR4,33.8,34.35,32.2,32.54,32.54,117400500,33.8,34.35,32.2,32.54,1.0,34.35,32.2,0
2022-01-31,PETR4,PETR4,32.5,33.0,32.07,32.35,32.35,62450300,32.5,33.0,32.07,32.35,1.0,33.0,32.07,0
2022-02-01,PETR4,PETR4,32.35,33.32,31.95,33.0,33.0,57315200,32.35,33.32,31.95,33.0,1.0,33.32,31.95,0
2022-02-02,PETR4,PETR4,33.41,33.49,32.36,32.52,32.52,36271700,33.41,33.49,32.36,32.52,1.0,33.49,32.36,0
2022-02-03,PETR4,PETR4,32.35,32.92,31.62,32.07,32.07,51087800,32.35,32.92,31.62,32.07,1.0,32.92,31.62,0
2022-02-04,PETR4,PETR4,32.41,33.23,31.88,32.63,32.63,59346800,32.41,33.23,31.88,32.63,1.0,33.23,31.88,0
2022-02-07,PETR4,PETR4,32.55,32.78,32.13,32.15,32.15,48868100,32.55,32.78,32.13,32.15,1.0,32.78,32.13,0
2022-02-08,PETR4,PETR4,31.9,31.95,31.26,31.83,31.83,62590000,31.9,31.95,31.26,31.83,1.0,31.95,31.26,0
2022-02-09,PETR4,PETR4,31.74,32.69,31.65,31.95,31.95,50960500,31.74,32.69,31.65,31.95,1.0,32.69,31.65,0
2022-02-10,PETR4,PETR4,32.3,32.9,31.94,32.44,32.44,49534600,32.3,32.9,31.94,32.44,1.0,32.9,31.94,0
2022-02-11,PETR4,PETR4,32.77,33.91,32.63,33.76,33.76,88013400,32.77,33.91,32.63,33.76,1.0,33.91,32.63,0
2022-02-14,PETR4,PETR4,33.86,33.94,32.82,33.0,33.0,55687000,33.86,33.94,32.82,33.0,1.0,33.94,32.82,0
2022-02-15,PETR4,PETR4,32.66,32.68,31.89,32.48,32.48,65689000,32.66,32.68,31.89,32.48,1.0,32.68,31.89,0
2022-02-16,PETR4,PETR4,32.83,33.7,32.77,32.93,32.93,65811600,32.83,33.7,32.77,32.93,1.0,33.7,32.77,0
2022-02-17,PETR4,PETR4,32.85,33.29,32.55,32.8,32.8,43255200,32.85,33.29,32.55,32.8,1.0,33.29,32.55,0
2022-02-18,PETR4,PETR4,32.57,33.09,32.27,33.0,33.0,60304700,32.57,33.09,32.27,33.0,1.0,33.09,32.27,0
2022-02-21,PETR4,PETR4,33.05,34.0,33.0,33.85,33.85,51263800,33.05,34.0,33.0,33.85,1.0,34.0,33.0,0
2022-02-22,PETR4,PETR4,34.22,34.68,33.21,33.74,33.74,80206700,34.22,34.68,33.21,33.74,1.0,34.68,33.21,0
2022-02-23,PETR4,PETR4,34.18,34.6,33.8,34.22,34.22,86530100,34.18,34.6,33.8,34.22,1.0,34.6,33.8,0
2022-02-24,PETR4,PETR4,34.8,35.29,32.68,33.39,33.39,139674100,34.8,35.29,32.68,33.39,1.0,35.29,32.68,0
2022-02-25,PETR4,PETR4,33.45,34.0,32.9,34.0,34.0,86189100,33.45,34.0,32.9,34.0,1.0,34.0,32.9,0
2022-03-02,PETR4,PETR4,35.26,35.29,34.39,34.67,34.67,58071800,35.26,35.29,34.39,34.67,1.0,35.29,34.39,0
2022-03-03,PETR4,PETR4,34.82,34.93,34.16,34.24,34.24,69237400,34.82,34.93,34.16,34.24,1.0,34.93,34.16,0
2022-03-04,PETR4,PETR4,34.08,34.68,33.82,34.23,34.23,55418000,34.08,34.68,33.82,34.23,1.0,34.68,33.82,0
2022-03-07,PETR4,PETR4,34.5,34.6,31.63,31.8,31.8,110339900,34.5,34.6,31.63,31.8,1.0,34.6,31.63,0
2022-03-08,PETR4,PETR4,32.0,32.97,31.51,32.46,32.46,111633500,32.0,32.97,31.51,32.46,1.0,32.97,31.51,0
2022-03-09,PETR4,PETR4,32.6,32.82,31.74,32.56,32.56,87779300,32.6,32.82,31.74,32.56,1.0,32.82,31.74,0
2022-03-10,PETR4,PETR4,32.6,34.6,32.52,33.7,33.7,136437700,32.6,34.6,32.52,33.7,1.0,34.6,32.52,0
2022-03-11,PETR4,PETR4,33.91,34.38,32.07,32.49,32.49,92153700,33.91,34.38,32.07,32.49,1.0,34.38,32.07,0
2022-03-14,PETR4,PETR4,32.43,32.89,31.52,31.87,31.87,52274100,32.43,32.89,31.52,31.87,1.0,32.89,31.52,0
2022-03-15,PETR4,PETR4,31.14,31.54,30.47,31.1,31.1,66272000,31.14,31.54,30.47,31.1,1.0,31.54,30.47,0
2022-03-16,PETR4,PETR4,31.5,31.54,30.37,30.83,30.83,72034900,31.5,31.54,30.37,30.83,1.0,31.54,30.37,0
2022-03-17,PETR4,PETR4,31.25,31.4,29.5,30.01,30.01,178319300,31.25,31.4,29.5,30.01,1.0,31.4,29.5,0
2022-03-18,PETR4,PETR4,30.09,30.82,29.86,30.61,30.61,93097100,30.09,30.82,29.86,30.61,1.0,30.82,29.86,0
2022-03-21,PETR4,PETR4,30.91,32.09,30.64,31.76,31.76,67700800,30.91,32.09,30.64,31.76,1.0,32.09,30.64,0
2022-03-22,PETR4,PETR4,31.99,32.1,31.35,31.62,31.62,56128600,31.99,32.1,31.35,31.62,1.0,32.1,31.35,0
2022-03-23,PETR4,PETR4,31.93,32.47,31.69,32.05,32.05,52956100,31.93,32.47,31.69,32.05,1.0,32.47,31.69,0
2022-03-24,PETR4,PETR4,32.05,32.6,31.67,32.42,32.42,49402800,32.05,32.6,31.67,32.42,1.0,32.6,31.67,0
2022-03-25,PETR4,PETR4,32.15,32.55,31.92,32.3,32.3,51780100,32.15,32.55,31.92,32.3,1.0,32.55,31.92,0
2022-03-28,PETR4,PETR4,32.06,32.08,30.98,31.6,31.6,68610500,32.06,32.08,30.98,31.6,1.0,32.08,30.98,0
2022-03-29,PETR4,PETR4,32.13,32.76,31.92,32.3,32.3,93809000,32.13,32.76,31.92,32.3,1.0,32.76,31.92,0
2022-03-30,PETR4,PETR4,32.5,32.99,32.38,32.99,32.99,69648400,32.5,32.99,32.38,32.99,1.0,32.99,32.38,0
2022-03-31,PETR4,PETR4,32.57,33.57,32.5,33.45,33.45,94269500,32.57,33.57,32.5,33.45,1.0,33.57,32.5,0
2022-04-01,PETR4,PETR4,33.55,33.79,32.91,33.01,33.01,72545400,33.55,33.79,32.91,33.01,1.0,33.79,32.91,0
2022-04-04,PETR4,PETR4,32.9,32.9,32.25,32.7,32.7,56053000,32.9,32.9,32.25,32.7,1.0,32.9,32.25,0
2022-04-05,PETR4,PETR4,32.66,33.06,32.39,32.39,32.39,45847200,32.66,33.06,32.39,32.39,1.0,33.06,32.39,0
2022-04-06,PETR4,PETR4,32.6,32.78,32.04,32.36,32.36,56947100,32.6,32.78,32.04,32.36,1.0,32.78,32.04,0
2022-04-07,PETR4,PETR4,32.64,34.06,32.5,34.04,34.04,118469400,32.64,34.06,32.5,34.04,1.0,34.06,32.5,0
2022-04-08,PETR4,PETR4,34.07,34.41,33.85,34.21,34.21,60772700,34.07,34.41,33.85,34.21,1.0,34.41,33.85,0
2022-04-11,PETR4,PETR4,33.9,34.1,33.78,33.95,33.95,48125400,33.9,34.1,33.78,33.95,1.0,34.1,33.78,0
2022-04-12,PETR4,PETR4,34.4,34.68,33.8,33.85,33.85,68522800,34.4,34.68,33.8,33.85,1.0,34.68,33.8,0
2022-04-13,PETR4,PETR4,34.37,34.8,34.1,34.57,34.57,101438800,34.37,34.8,34.1,34.57,1.0,34.8,34.1,0
2022-04-14,PETR4,PETR4,31.6,32.07,31.16,31.27,31.27,119382100,31.6,32.07,31.16,31.27,1.0,32.07,31.16,0
2022-04-18,PETR4,PETR4,31.16,31.39,30.47,30.72,30.72,76350600,31.16,31.39,30.47,30.72,1.0,31.39,30.47,0
2022-04-19,PETR4,PETR4,31.16,32.0,31.12,31.65,31.65,88494100,31.16,32.0,31.12,31.65,1.0,32.0,31.12,0
2022-04-20,PETR4,PETR4,31.65,31.95,31.33,31.8,31.8,34694700,31.65,31.95,31.33,31.8,1.0,31.95,31.33,0
2022-04-22,PETR4,PETR4,31.05,31.3,30.32,30.56,30.56,74560900,31.05,31.3,30.32,30.56,1.0,31.3,30.32,0
2022-04-25,PETR4,PETR4,29.97,30.44,29.54,30.11,30.11,66413900,29.97,30.44,29.54,30.11,1.0,30.44,29.54,0
2022-04-26,PETR4,PETR4,30.11,30.58,29.89,30.06,30.06,48764100,30.11,30.58,29.89,30.06,1.0,30.58,29.89,0
2022-04-27,PETR4,PETR4,30.37,30.56,29.95,30.06,30.06,41881300,30.37,30.56,29.95,30.06,1.0,30.56,29.95,0
2022-04-28,PETR4,PETR4,30.45,30.62,30.25,30.26,30.26,43298500,30.45,30.62,30.25,30.26,1.0,30.62,30.25,0
2022-04-29,PETR4,PETR4,30.75,31.59,30.28,30.28,30.28,76243900,30.75,31.59,30.28,30.28,1.0,31.59,30.28,0
2022-05-02,PETR4,PETR4,30.17,30.33,29.33,29.98,29.98,72456200,30.17,30.33,29.33,29.98,1.0,30.33,29.33,0
2022-05-03,PETR4,PETR4,30.12,30.39,29.82,30.25,30.25,52531000,30.12,30.39,29.82,30.25,1.0,30.39,29.82,0
2022-05-04,PETR4,PETR4,30.6,32.17,30.4,32.07,32.07,109417000,30.6,32.17,30.4,32.07,1.0,32.17,30.4,0
2022-05-05,PETR4,PETR4,31.81,32.5,31.02,32.01,32.01,99439900,31.81,32.5,31.02,32.01,1.0,32.5,31.02,0
2022-05-06,PETR4,PETR4,32.69,33.12,31.9,33.06,33.06,129570200,32.69,33.12,31.9,33.06,1.0,33.12,31.9,0
2022-05-09,PETR4,PETR4,32.7,33.04,32.06,32.16,32.16,92314500,32.7,33.04,32.06,32.16,1.0,33.04,32.06,0
2022-05-10,PETR4,PETR4,32.36,32.85,32.2,32.44,32.44,60330600,32.36,32.85,32.2,32.44,1.0,32.85,32.2,0
2022-05-11,PETR4,PETR4,32.78,33.91,32.69,33.57,33.57,108895400,32.78,33.91,32.69,33.57,1.0,33.91,32.69,0
2022-05-12,PETR4,PETR4,33.26,34.08,33.26,33.83,33.83,114415900,33.26,34.08,33.26,33.83,1.0,34.08,33.26,0
2022-05-13,PETR4,PETR4,34.1,34.44,33.9,34.27,34.27,67000100,34.1,34.44,33.9,34.27,1.0,34.44,33.9,0
2022-05-16,PETR4,PETR4,34.25,34.88,34.01,34.61,34.61,92075300,34.25,34.88,34.01,34.61,1.0,34.88,34.01,0
2022-05-17,PETR4,PETR4,35.0,35.14,34.14,34.16,34.16,90914700,35.0,35.14,34.14,34.16,1.0,35.14,34.14,0
2022-05-18,PETR4,PETR4,34.18,34.56,33.43,33.6,33.6,80986200,34.18,34.56,33.43,33.6,1.0,34.56,33.43,0
2022-05-19,PETR4,PETR4,33.52,34.29,33.33,34.17,34.17,63983100,33.52,34.29,33.33,34.17,1.0,34.29,33.33,0
2022-05-20,PETR4,PETR4,34.59,34.83,34.25,34.83,34.83,79589900,34.59,34.83,34.25,34.83,1.0,34.83,34.25,0
2022-05-23,PETR4,PETR4,35.18,36.31,35.15,36.2,36.2,93807400,35.18,36.31,35.15,36.2,1.0,36.31,35.15,0
2022-05-24,PETR4,PETR4,31.2,32.09,30.71,31.6,31.6,154453100,31.2,32.09,30.71,31.6,1.0,32.09,30.71,0
2022-05-25,PETR4,PETR4,31.7,32.28,31.26,32.05,32.05,69991900,31.7,32.28,31.26,32.05,1.0,32.28,31.26,0
2022-05-26,PETR4,PETR4,32.02,32.56,31.95,32.13,32.13,78303600,32.02,32.56,31.95,32.13,1.0,32.56,31.95,0
2022-05-27,PETR4,PETR4,32.15,32.15,30.57,30.6,30.6,118295600,32.15,32.15,30.57,30.6,1.0,32.15,30.57,0
2022-05-30,PETR4,PETR4,30.84,30.87,29.12,29.99,29.99,98110100,30.84,30.87,29.12,29.99,1.0,30.87,29.12,0
2022-05-31,PETR4,PETR4,30.41,30.62,29.81,30.06,30.06,83598000,30.41,30.62,29.81,30.06,1.0,30.62,29.81,0
2022-06-01,PETR4,PETR4,29.9,30.33,29.85,30.02,30.02,46353200,29.9,30.33,29.85,30.02,1.0,30.33,29.85,0
2022-06-02,PETR4,PETR4,29.97,30.05,29.55,29.76,29.76,50738300,29.97,30.05,29.55,29.76,1.0,30.05,29.55,0
2022-06-03,PETR4,PETR4,29.71,30.44,29.53,30.28,30.28,60396900,29.71,30.44,29.53,30.28,1.0,30.44,29.53,0
2022-06-06,PETR4,PETR4,30.5,30.53,29.91,30.3,30.3,39213900,30.5,30.53,29.91,30.3,1.0,30.53,29.91,0
2022-06-07,PETR4,PETR4,30.19,31.3,30.16,30.66,30.66,80333700,30.19,31.3,30.16,30.66,1.0,31.3,30.16,0
2022-06-08,PETR4,PETR4,30.42,31.15,30.33,30.51,30.51,65923900,30.42,31.15,30.33,30.51,1.0,31.15,30.33,0
2022-06-09,PETR4,PETR4,30.51,30.66,29.98,30.07,30.07,53879000,30.51,30.66,29.98,30.07,1.0,30.66,29.98,0
2022-06-10,PETR4,PETR4,30.01,30.01,29.06,29.65,29.65,63101700,30.01,30.01,29.06,29.65,1.0,30.01,29.06,0
2022-06-13,PETR4,PETR4,29.02,29.58,28.67,29.27,29.27,64507100,29.02,29.58,28.67,29.27,1.0,29.58,28.67,0
2022-06-14,PETR4,PETR4,29.66,30.25,29.24,29.6,29.6,68816900,29.66,30.25,29.24,29.6,1.0,30.25,29.24,0
2022-06-15,PETR4,PETR4,30.0,30.02,28.84,29.08,29.08,72785700,30.0,30.02,28.84,29.08,1.0,30.02,28.84,0
2022-06-17,PETR4,PETR4,28.17,28.45,26.13,27.31,27.31,184606500,28.17,28.45,26.13,27.31,1.0,28.45,26.13,0
2022-06-20,PETR4,PETR4,26.02,28.25,25.91,27.62,27.62,92581800,26.02,28.25,25.91,27.62,1.0,28.25,25.91,0
2022-06-21,PETR4,PETR4,27.8,28.16,26.69,27.07,27.07,85179500,27.8,28.16,26.69,27.07,1.0,28.16,26.69,0
2022-06-22,PETR4,PETR4,26.58,27.55,26.39,26.99,26.99,57874700,26.58,27.55,26.39,26.99,1.0,27.55,26.39,0
2022-06-23,PETR4,PETR4,26.98,27.38,26.12,26.49,26.49,69262300,26.98,27.38,26.12,26.49,1.0,27.38,26.12,0
2022-06-24,PETR4,PETR4,26.76,27.09,26.18,26.29,26.29,53413400,26.76,27.09,26.18,26.29,1.0,27.09,26.18,0
2022-06-27,PETR4,PETR4,26.82,28.07,26.66,27.98,27.98,90417700,26.82,28.07,26.66,27.98,1.0,28.07,26.66,0
2022-06-28,PETR4,PETR4,28.58,28.83,28.02,28.33,28.33,51388000,28.58,28.83,28.02,28.33,1.0,28.83,28.02,0
2022-06-29,PETR4,PETR4,28.48,28.82,27.84,28.08,28.08,52048800,28.48,28.82,27.84,28.08,1.0,28.82,27.84,0
2022-06-30,PETR4,PETR4,27.65,28.06,27.4,27.93,27.93,49910100,27.65,28.06,27.4,27.93,1.0,28.06,27.4,0
2022-07-01,PETR4,PETR4,28.08,28.85,27.52,28.53,28.53,64948200,28.08,28.85,27.52,28.53,1.0,28.85,27.52,0
2022-07-04,PETR4,PETR4,28.54,29.28,28.54,29.14,29.14,37324200,28.54,29.28,28.54,29.14,1.0,29.28,28.54,0
2022-07-05,PETR4,PETR4,28.9,28.95,27.55,28.03,28.03,78428500,28.9,28.95,27.55,28.03,1.0,28.95,27.55,0
2022-07-06,PETR4,PETR4,28.16,28.48,26.91,27.67,27.67,57617200,28.16,28.48,26.91,27.67,1.0,28.48,26.91,0
2022-07-07,PETR4,PETR4,28.0,28.92,28.0,28.48,28.48,52147300,28.0,28.92,28.0,28.48,1.0,28.92,28.0,0
2022-07-08,PETR4,PETR4,28.53,28.97,28.37,28.8,28.8,43097800,28.53,28.97,28.37,28.8,1.0,28.97,28.37,0
2022-07-11,PETR4,PETR4,28.32,28.79,28.25,28.66,28.66,39577600,28.32,28.79,28.25,28.66,1.0,28.79,28.25,0
2022-07-12,PETR4,PETR4,28.3,28.43,27.97,28.23,28.23,46462000,28.3,28.43,27.97,28.23,1.0,28.43,27.97,0
2022-07-13,PETR4,PETR4,28.13,28.48,27.98,28.25,28.25,35497200,28.13,28.48,27.98,28.25,1.0,28.48,27.98,0
2022-07-14,PETR4,PETR4,28.0,28.0,27.24,27.49,27.49,47151000,28.0,28.0,27.24,27.49,1.0,28.0,27.24,0
2022-07-15,PETR4,PETR4,27.7,28.05,27.49,27.96,27.96,38610800,27.7,28.05,27.49,27.96,1.0,28.05,27.49,0
2022-07-18,PETR4,PETR4,28.39,28.69,28.3,28.6,28.6,46782300,28.39,28.69,28.3,28.6,1.0,28.69,28.3,0
2022-07-19,PETR4,PETR4,28.55,29.24,28.4,29.18,29.18,48562300,28.55,29.24,28.4,29.18,1.0,29.24,28.4,0
2022-07-20,PETR4,PETR4,29.07,29.22,28.83,29.17,29.17,43520800,29.07,29.22,28.83,29.17,1.0,29.22,28.83,0
2022-07-21,PETR4,PETR4,28.98,29.13,28.2,29.02,29.02,58843200,28.98,29.13,28.2,29.02,1.0,29.13,28.2,0
2022-07-22,PETR4,PETR4,29.04,29.47,28.85,29.33,29.33,55676200,29.04,29.47,28.85,29.33,1.0,29.47,28.85,0
2022-07-25,PETR4,PETR4,29.61,30.75,29.61,30.7,30.7,79106600,29.61,30.75,29.61,30.7,1.0,30.75,29.61,0
2022-07-26,PETR4,PETR4,31.2,31.62,30.59,31.01,31.01,78360100,31.2,31.62,30.59,31.01,1.0,31.62,30.59,0
2022-07-27,PETR4,PETR4,31.3,31.47,30.62,31.35,31.35,56097200,31.3,31.47,30.62,31.35,1.0,31.47,30.62,0
2022-07-28,PETR4,PETR4,31.59,32.63,31.43,32.29,32.29,114996500,31.59,32.63,31.43,32.29,1.0,32.63,31.43,0
2022-07-29,PETR4,PETR4,33.6,34.66,32.83,34.15,34.15,181480600,33.6,34.66,32.83,34.15,1.0,34.66,32.83,0
2022-08-01,PETR4,PETR4,34.0,34.15,33.22,33.68,33.68,81365100,34.0,34.15,33.22,33.68,1.0,34.15,33.22,0
2022-08-02,PETR4,PETR4,33.77,34.5,33.48,33.83,33.83,69147100,33.77,34.5,33.48,33.83,1.0,34.5,33.48,0
2022-08-03,PETR4,PETR4,34.01,34.16,33.56,33.88,33.88,65544500,34.01,34.16,33.56,33.88,1.0,34.16,33.56,0
2022-08-04,PETR4,PETR4,34.08,34.4,33.58,34.21,34.21,54387500,34.08,34.4,33.58,34.21,1.0,34.4,33.58,0
2022-08-05,PETR4,PETR4,34.15,35.06,34.12,34.87,34.87,77882600,34.15,35.06,34.12,34.87,1.0,35.06,34.12,0
2022-08-08,PETR4,PETR4,35.14,36.77,35.13,36.63,36.63,109484600,35.14,36.77,35.13,36.63,1.0,36.77,35.13,0
2022-08-09,PETR4,PETR4,37.01,37.46,36.85,37.23,37.23,79051200,37.01,37.46,36.85,37.23,1.0,37.46,36.85,0
2022-08-10,PETR4,PETR4,37.65,37.65,36.61,37.11,37.11,78369600,37.65,37.65,36.61,37.11,1.0,37.65,36.61,0
2022-08-11,PETR4,PETR4,37.45,37.86,36.25,36.25,36.25,128896500,37.45,37.86,36.25,36.25,1.0,37.86,36.25,0
2022-08-12,PETR4,PETR4,29.1,31.83,29.08,31.71,31.71,171288300,29.1,31.83,29.08,31.71,1.0,31.83,29.08,0
2022-08-15,PETR4,PETR4,30.88,32.23,30.55,31.72,31.72,96759000,30.88,32.23,30.55,31.72,1.0,32.23,30.55,0
2022-08-16,PETR4,PETR4,31.72,32.07,31.5,32.01,32.01,64218800,31.72,32.07,31.5,32.01,1.0,32.07,31.5,0
2022-08-17,PETR4,PETR4,31.65,32.82,31.6,32.76,32.76,72924700,31.65,32.82,31.6,32.76,1.0,32.82,31.6,0
2022-08-18,PETR4,PETR4,33.1,33.66,32.87,33.42,33.42,84552500,33.1,33.66,32.87,33.42,1.0,33.66,32.87,0
2022-08-19,PETR4,PETR4,32.92,33.15,31.33,31.73,31.73,125178200,32.92,33.15,31.33,31.73,1.0,33.15,31.33,0
2022-08-22,PETR4,PETR4,31.74,32.58,30.48,32.41,32.41,92400300,31.74,32.58,30.48,32.41,1.0,32.58,30.48,0
2022-08-23,PETR4,PETR4,32.63,33.5,32.62,33.44,33.44,73215800,32.63,33.5,32.62,33.44,1.0,33.5,32.62,0
2022-08-24,PETR4,PETR4,33.54,34.12,33.25,33.64,33.64,61067900,33.54,34.12,33.25,33.64,1.0,34.12,33.25,0
2022-08-25,PETR4,PETR4,34.1,34.36,32.67,33.28,33.28,99511600,34.1,34.36,32.67,33.28,1.0,34.36,32.67,0
2022-08-26,PETR4,PETR4,33.28,33.67,32.57,33.64,33.64,63545400,33.28,33.67,32.57,33.64,1.0,33.67,32.57,0
2022-08-29,PETR4,PETR4,33.55,35.08,33.45,34.48,34.48,73339500,33.55,35.08,33.45,34.48,1.0,35.08,33.45,0
2022-08-30,PETR4,PETR4,34.0,34.22,32.27,32.43,32.43,99361100,34.0,34.22,32.27,32.43,1.0,34.22,32.27,0
2022-08-31,PETR4,PETR4,32.07,33.44,31.82,33.23,33.23,114235400,32.07,33.44,31.82,33.23,1.0,33.44,31.82,0
2022-09-01,PETR4,PETR4,33.36,33.95,32.76,33.85,33.85,69184700,33.36,33.95,32.76,33.85,1.0,33.95,32.76,0
2022-09-02,PETR4,PETR4,34.44,34.57,33.26,33.42,33.42,81792300,34.44,34.57,33.26,33.42,1.0,34.57,33.26,0
2022-09-05,PETR4,PETR4,33.85,34.11,33.15,33.33,33.33,76337600,33.85,34.11,33.15,33.33,1.0,34.11,33.15,0
2022-09-06,PETR4,PETR4,32.27,32.59,31.51,32.1,32.1,111813500,32.27,32.59,31.51,32.1,1.0,32.59,31.51,0
2022-09-08,PETR4,PETR4,32.31,32.78,31.4,31.8,31.8,63159800,32.31,32.78,31.4,31.8,1.0,32.78,31.4,0
2022-09-09,PETR4,PETR4,32.49,32.67,31.7,31.79,31.79,49871900,32.49,32.67,31.7,31.79,1.0,32.67,31.7,0
2022-09-12,PETR4,PETR4,32.15,32.73,31.46,31.58,31.58,71374500,32.15,32.73,31.46,31.58,1.0,32.73,31.46,0
2022-09-13,PETR4,PETR4,30.94,31.44,30.52,30.65,30.65,88327800,30.94,31.44,30.52,30.65,1.0,31.44,30.52,0
2022-09-14,PETR4,PETR4,30.75,31.43,30.63,31.12,31.12,49039700,30.75,31.43,30.63,31.12,1.0,31.43,30.63,0
2022-09-15,PETR4,PETR4,30.92,31.23,30.8,31.06,31.06,45553200,30.92,31.23,30.8,31.06,1.0,31.23,30.8,0
2022-09-16,PETR4,PETR4,30.86,30.95,30.34,30.78,30.78,107303600,30.86,30.95,30.34,30.78,1.0,30.95,30.34,0
2022-09-19,PETR4,PETR4,30.5,31.38,29.88,31.27,31.27,65559900,30.5,31.38,29.88,31.27,1.0,31.38,29.88,0
2022-09-20,PETR4,PETR4,31.42,31.6,30.84,31.09,31.09,67798200,31.42,31.6,30.84,31.09,1.0,31.6,30.84,0
2022-09-21,PETR4,PETR4,31.35,31.47,30.89,31.17,31.17,58812200,31.35,31.47,30.89,31.17,1.0,31.47,30.89,0
2022-09-22,PETR4,PETR4,31.48,32.08,31.03,31.94,31.94,69764300,31.48,32.08,31.03,31.94,1.0,32.08,31.03,0
2022-09-23,PETR4,PETR4,31.32,31.39,29.77,29.94,29.94,138630800,31.32,31.39,29.77,29.94,1.0,31.39,29.77,0
2022-09-26,PETR4,PETR4,29.72,30.08,29.21,29.46,29.46,80026100,29.72,30.08,29.21,29.46,1.0,30.08,29.21,0
2022-09-27,PETR4,PETR4,29.9,30.2,29.51,29.67,29.67,71087600,29.9,30.2,29.51,29.67,1.0,30.2,29.51,0
2022-09-28,PETR4,PETR4,29.67,29.82,28.58,29.27,29.27,104670700,29.67,29.82,28.58,29.27,1.0,29.82,28.58,0
2022-09-29,PETR4,PETR4,28.99,29.4,28.6,29.31,29.31,87536500,28.99,29.4,28.6,29.31,1.0,29.4,28.6,0
2022-09-30,PETR4,PETR4,29.22,30.49,29.0,29.8,29.8,121637100,29.22,30.49,29.0,29.8,1.0,30.49,29.0,0
2022-10-03,PETR4,PETR4,31.91,32.64,31.66,32.18,32.18,179694100,31.91,32.64,31.66,32.18,1.0,32.64,31.66,0
2022-10-04,PETR4,PETR4,32.9,32.98,31.07,31.37,31.37,115917200,32.9,32.98,31.07,31.37,1.0,32.98,31.07,0
2022-10-05,PETR4,PETR4,31.41,32.82,31.2,32.55,32.55,92893700,31.41,32.82,31.2,32.55,1.0,32.82,31.2,0
2022-10-06,PETR4,PETR4,33.0,33.79,32.44,33.66,33.66,82671900,33.0,33.79,32.44,33.66,1.0,33.79,32.44,0
2022-10-07,PETR4,PETR4,33.58,34.32,33.22,33.63,33.63,73500100,33.58,34.32,33.22,33.63,1.0,34.32,33.22,0
2022-10-10,PETR4,PETR4,33.65,33.89,33.0,33.25,33.25,52222600,33.65,33.89,33.0,33.25,1.0,33.89,33.0,0
2022-10-11,PETR4,PETR4,32.89,33.33,32.61,33.0,33.0,58332400,32.89,33.33,32.61,33.0,1.0,33.33,32.61,0
2022-10-13,PETR4,PETR4,32.5,34.49,32.41,33.94,33.94,91143900,32.5,34.49,32.41,33.94,1.0,34.49,32.41,0
2022-10-14,PETR4,PETR4,33.97,34.14,33.3,33.42,33.42,62246100,33.97,34.14,33.3,33.42,1.0,34.14,33.3,0
2022-10-17,PETR4,PETR4,33.24,34.15,32.84,33.39,33.39,100936400,33.24,34.15,32.84,33.39,1.0,34.15,32.84,0
2022-10-18,PETR4,PETR4,33.9,34.23,33.16,34.21,34.21,82313200,33.9,34.23,33.16,34.21,1.0,34.23,33.16,0
2022-10-19,PETR4,PETR4,34.13,35.56,34.02,35.42,35.42,113700900,34.13,35.56,34.02,35.42,1.0,35.56,34.02,0
2022-10-20,PETR4,PETR4,36.1,36.55,35.77,36.47,36.47,114347400,36.1,36.55,35.77,36.47,1.0,36.55,35.77,0
2022-10-21,PETR4,PETR4,36.45,38.39,36.39,37.72,37.72,139601400,36.45,38.39,36.39,37.72,1.0,38.39,36.39,0
2022-10-24,PETR4,PETR4,36.5,36.82,34.23,34.25,34.25,142110900,36.5,36.82,34.23,34.25,1.0,36.82,34.23,0
2022-10-25,PETR4,PETR4,34.04,34.5,33.21,33.53,33.53,113161200,34.04,34.5,33.21,33.53,1.0,34.5,33.21,0
2022-10-26,PETR4,PETR4,32.6,33.53,31.9,32.71,32.71,121334800,32.6,33.53,31.9,32.71,1.0,33.53,31.9,0
2022-10-27,PETR4,PETR4,32.81,33.54,32.67,32.96,32.96,111008800,32.81,33.54,32.67,32.96,1.0,33.54,32.67,0
2022-10-28,PETR4,PETR4,32.7,33.12,31.86,32.57,32.57,129745400,32.7,33.12,31.86,32.57,1.0,33.12,31.86,0
2022-10-31,PETR4,PETR4,30.61,31.6,29.16,29.81,29.81,262409400,30.61,31.6,29.16,29.81,1.0,31.6,29.16,0
2022-11-01,PETR4,PETR4,30.57,30.67,29.56,29.86,29.86,115944200,30.57,30.67,29.56,29.86,1.0,30.67,29.56,0
2022-11-03,PETR4,PETR4,29.8,30.39,29.44,29.95,29.95,139062100,29.8,30.39,29.44,29.95,1.0,30.39,29.44,0
2022-11-04,PETR4,PETR4,30.8,30.9,28.18,28.3,28.3,195361000,30.8,30.9,28.18,28.3,1.0,30.9,28.18,0
2022-11-07,PETR4,PETR4,27.96,28.3,27.07,27.15,27.15,117206600,27.96,28.3,27.07,27.15,1.0,28.3,27.07,0
2022-11-08,PETR4,PETR4,27.06,27.53,26.75,27.35,27.35,94745400,27.06,27.53,26.75,27.35,1.0,27.53,26.75,0
2022-11-09,PETR4,PETR4,27.15,27.95,26.64,26.9,26.9,103303500,27.15,27.95,26.64,26.9,1.0,27.95,26.64,0
2022-11-10,PETR4,PETR4,26.08,26.89,25.61,26.12,26.12,145470100,26.08,26.89,25.61,26.12,1.0,26.89,25.61,0
2022-11-11,PETR4,PETR4,25.8,27.36,25.7,26.99,26.99,146365800,25.8,27.36,25.7,26.99,1.0,27.36,25.7,0
2022-11-14,PETR4,PETR4,27.26,28.18,27.09,27.7,27.7,66639500,27.26,28.18,27.09,27.7,1.0,28.18,27.09,0
2022-11-16,PETR4,PETR4,27.81,28.11,26.93,27.15,27.15,85549900,27.81,28.11,26.93,27.15,1.0,28.11,26.93,0
2022-11-17,PETR4,PETR4,27.0,27.3,26.55,27.16,27.16,101525800,27.0,27.3,26.55,27.16,1.0,27.3,26.55,0
2022-11-18,PETR4,PETR4,27.4,27.6,26.22,26.7,26.7,127683500,27.4,27.6,26.22,26.7,1.0,27.6,26.22,0
2022-11-21,PETR4,PETR4,27.12,27.57,26.05,26.78,26.78,164898100,27.12,27.57,26.05,26.78,1.0,27.57,26.05,0
2022-11-22,PETR4,PETR4,23.0,23.43,22.3,23.33,23.33,164261300,23.0,23.43,22.3,23.33,1.0,23.43,22.3,0
2022-11-23,PETR4,PETR4,23.0,23.65,22.8,23.44,23.44,77317300,23.0,23.65,22.8,23.44,1.0,23.65,22.8,0
2022-11-24,PETR4,PETR4,23.52,24.63,23.25,24.25,24.25,94233800,23.52,24.63,23.25,24.25,1.0,24.63,23.25,0
2022-11-25,PETR4,PETR4,24.26,24.33,23.6,23.86,23.86,58635900,24.26,24.33,23.6,23.86,1.0,24.33,23.6,0
2022-11-28,PETR4,PETR4,23.65,24.55,23.54,24.36,24.36,56067400,23.65,24.55,23.54,24.36,1.0,24.55,23.54,0
2022-11-29,PETR4,PETR4,24.6,25.88,24.48,25.38,25.38,96151500,24.6,25.88,24.48,25.38,1.0,25.88,24.48,0
2022-11-30,PETR4,PETR4,25.6,26.66,25.5,26.66,26.66,120774700,25.6,26.66,25.5,26.66,1.0,26.66,25.5,0
2022-12-01,PETR4,PETR4,26.58,26.79,25.56,25.59,25.59,71259400,26.58,26.79,25.56,25.59,1.0,26.79,25.56,0
2022-12-02,PETR4,PETR4,25.69,26.45,25.31,25.91,25.91,66301000,25.69,26.45,25.31,25.91,1.0,26.45,25.31,0
2022-12-05,PETR4,PETR4,26.0,26.58,25.55,25.62,25.62,56065400,26.0,26.58,25.55,25.62,1.0,26.58,25.55,0
2022-12-06,PETR4,PETR4,25.82,26.39,25.42,25.64,25.64,74991200,25.82,26.39,25.42,25.64,1.0,26.39,25.42,0
2022-12-07,PETR4,PETR4,25.34,26.07,25.27,25.35,25.35,57008400,25.34,26.07,25.27,25.35,1.0,26.07,25.27,0
2022-12-08,PETR4,PETR4,25.55,25.79,24.64,24.78,24.78,55567700,25.55,25.79,24.64,24.78,1.0,25.79,24.64,0
2022-12-09,PETR4,PETR4,24.99,25.05,24.49,24.71,24.71,61586200,24.99,25.05,24.49,24.71,1.0,25.05,24.49,0
2022-12-12,PETR4,PETR4,24.58,24.66,23.13,23.91,23.91,111293100,24.58,24.66,23.13,23.91,1.0,24.66,23.13,0
2022-12-13,PETR4,PETR4,24.1,24.2,23.31,23.32,23.32,102533100,24.1,24.2,23.31,23.32,1.0,24.2,23.31,0
2022-12-14,PETR4,PETR4,22.5,22.6,20.77,21.47,21.47,319501600,22.5,22.6,20.77,21.47,1.0,22.6,20.77,0
2022-12-15,PETR4,PETR4,21.0,22.37,20.83,22.04,22.04,132385600,21.0,22.37,20.83,22.04,1.0,22.37,20.83,0
2022-12-16,PETR4,PETR4,21.96,22.11,21.51,22.05,22.05,90767300,21.96,22.11,21.51,22.05,1.0,22.11,21.51,0
2022-12-19,PETR4,PETR4,22.1,22.51,21.64,22.38,22.38,63074100,22.1,22.51,21.64,22.38,1.0,22.51,21.64,0
2022-12-20,PETR4,PETR4,22.39,23.24,22.21,23.07,23.07,71875500,22.39,23.24,22.21,23.07,1.0,23.24,22.21,0
2022-12-21,PETR4,PETR4,23.5,23.72,22.85,23.57,23.57,74252800,23.5,23.72,22.85,23.57,1.0,23.72,22.85,0
2022-12-22,PETR4,PETR4,23.9,24.56,23.7,23.99,23.99,81894800,23.9,24.56,23.7,23.99,1.0,24.56,23.7,0
2022-12-23,PETR4,PETR4,24.13,25.22,24.13,25.12,25.12,68387900,24.13,25.22,24.13,25.12,1.0,25.22,24.13,0
2022-12-26,PETR4,PETR4,25.12,25.3,24.82,24.94,24.94,28765200,25.12,25.3,24.82,24.94,1.0,25.3,24.82,0
2022-12-27,PETR4,PETR4,25.25,25.31,24.55,25.11,25.11,50803200,25.25,25.31,24.55,25.11,1.0,25.31,24.55,0
2022-12-28,PETR4,PETR4,25.1,25.32,24.75,24.8,24.8,57293500,25.1,25.32,24.75,24.8,1.0,25.32,24.75,0
2022-12-29,PETR4,PETR4,24.99,25.05,24.43,24.5,24.5,57901800,24.99,25.05,24.43,24.5,1.0,25.05,24.43,0
2023-01-02,PETR4,PETR4,23.54,23.81,22.8,22.92,22.92,78424700,23.54,23.81,22.8,22.92,1.0,23.81,22.8,0
2023-01-03,PETR4,PETR4,22.94,23.1,22.13,22.34,22.34,96750300,22.94,23.1,22.13,22.34,1.0,23.1,22.13,0
2023-01-04,PETR4,PETR4,21.96,23.6,21.83,23.05,23.05,129504000,21.96,23.6,21.83,23.05,1.0,23.6,21.83,0
2023-01-05,PETR4,PETR4,23.34,24.04,23.15,23.88,23.88,73886000,23.34,24.04,23.15,23.88,1.0,24.04,23.15,0
2023-01-06,PETR4,PETR4,23.94,24.32,23.55,23.74,23.74,51851500,23.94,24.32,23.55,23.74,1.0,24.32,23.55,0
2023-01-09,PETR4,PETR4,23.5,24.0,23.25,23.87,23.87,46385200,23.5,24.0,23.25,23.87,1.0,24.0,23.25,0
2023-01-10,PETR4,PETR4,23.95,24.11,23.37,24.09,24.09,52741100,23.95,24.11,23.37,24.09,1.0,24.11,23.37,0
2023-01-11,PETR4,PETR4,24.15,24.62,24.05,24.28,24.28,53536500,24.15,24.62,24.05,24.28,1.0,24.62,24.05,0
2023-01-12,PETR4,PETR4,24.29,24.65,24.11,24.63,24.63,58130000,24.29,24.65,24.11,24.63,1.0,24.65,24.11,0
2023-01-13,PETR4,PETR4,24.44,24.66,24.25,24.57,24.57,40002700,24.44,24.66,24.25,24.57,1.0,24.66,24.25,0
2023-01-16,PETR4,PETR4,24.41,24.5,23.83,24.04,24.04,31973700,24.41,24.5,23.83,24.04,1.0,24.5,23.83,0
2023-01-17,PETR4,PETR4,24.11,25.62,24.11,25.52,25.52,91797500,24.11,25.62,24.11,25.52,1.0,25.62,24.11,0
2023-01-18,PETR4,PETR4,25.84,26.03,25.0,25.07,25.07,69692900,25.84,26.03,25.0,25.07,1.0,26.03,25.0,0
2023-01-19,PETR4,PETR4,25.0,25.95,24.79,25.83,25.83,75553300,25.0,25.95,24.79,25.83,1.0,25.95,24.79,0
2023-01-20,PETR4,PETR4,25.89,26.6,25.42,26.37,26.37,114219500,25.89,26.6,25.42,26.37,1.0,26.6,25.42,0
2023-01-23,PETR4,PETR4,26.27,27.6,26.13,26.79,26.79,87678100,26.27,27.6,26.13,26.79,1.0,27.6,26.13,0
2023-01-24,PETR4,PETR4,27.47,27.53,26.37,26.6,26.6,65794000,27.47,27.53,26.37,26.6,1.0,27.53,26.37,0
2023-01-25,PETR4,PETR4,26.55,27.08,26.01,26.94,26.94,51832900,26.55,27.08,26.01,26.94,1.0,27.08,26.01,0
2023-01-26,PETR4,PETR4,27.09,27.2,25.8,26.2,26.2,73344800,27.09,27.2,25.8,26.2,1.0,27.2,25.8,0
2023-01-27,PETR4,PETR4,26.18,26.23,25.44,25.62,25.62,47681900,26.18,26.23,25.44,25.62,1.0,26.23,25.44,0
2023-01-30,PETR4,PETR4,25.85,26.07,25.51,25.75,25.75,40683200,25.85,26.07,25.51,25.75,1.0,26.07,25.51,0
2023-01-31,PETR4,PETR4,25.63,26.21,25.52,26.07,26.07,54048900,25.63,26.21,25.52,26.07,1.0,26.21,25.52,0
2023-02-01,PETR4,PETR4,26.07,26.48,25.45,25.71,25.71,56349200,26.07,26.48,25.45,25.71,1.0,26.48,25.45,0
2023-02-02,PETR4,PETR4,25.51,25.81,24.42,24.52,24.52,83823000,25.51,25.81,24.42,24.52,1.0,25.81,24.42,0
2023-02-03,PETR4,PETR4,24.54,25.38,24.42,24.79,24.79,71170700,24.54,25.38,24.42,24.79,1.0,25.38,24.42,0
2023-02-06,PETR4,PETR4,24.87,25.87,24.75,25.78,25.78,82794500,24.87,25.87,24.75,25.78,1.0,25.87,24.75,0
2023-02-07,PETR4,PETR4,25.91,26.14,25.46,25.62,25.62,55311800,25.91,26.14,25.46,25.62,1.0,26.14,25.46,0
2023-02-08,PETR4,PETR4,25.8,26.15,25.56,26.05,26.05,48713100,25.8,26.15,25.56,26.05,1.0,26.15,25.56,0
2023-02-09,PETR4,PETR4,26.05,26.32,25.79,25.93,25.93,38198300,26.05,26.32,25.79,25.93,1.0,26.32,25.79,0
2023-02-10,PETR4,PETR4,25.98,26.79,25.93,26.72,26.72,54683100,25.98,26.79,25.93,26.72,1.0,26.79,25.93,0
2023-02-13,PETR4,PETR4,26.69,26.89,26.37,26.8,26.8,36726900,26.69,26.89,26.37,26.8,1.0,26.89,26.37,0
2023-02-14,PETR4,PETR4,26.85,27.06,26.6,26.7,26.7,35839000,26.85,27.06,26.6,26.7,1.0,27.06,26.6,0
2023-02-15,PETR4,PETR4,26.58,26.8,26.3,26.74,26.74,72554100,26.58,26.8,26.3,26.74,1.0,26.8,26.3,0
2023-02-16,PETR4,PETR4,26.6,26.95,26.49,26.85,26.85,44115700,26.6,26.95,26.49,26.85,1.0,26.95,26.49,0
2023-02-17,PETR4,PETR4,26.67,26.67,26.37,26.44,26.44,61085700,26.67,26.67,26.37,26.44,1.0,26.67,26.37,0
2023-02-22,PETR4,PETR4,26.0,26.11,25.69,25.76,25.76,38608500,26.0,26.11,25.69,25.76,1.0,26.11,25.69,0
2023-02-23,PETR4,PETR4,25.77,26.79,25.77,26.55,26.55,73913400,25.77,26.79,25.77,26.55,1.0,26.79,25.77,0
2023-02-24,PETR4,PETR4,26.67,26.7,25.87,25.97,25.97,64409100,26.67,26.7,25.87,25.97,1.0,26.7,25.87,0
2023-02-27,PETR4,PETR4,25.84,26.74,25.81,26.15,26.15,76250600,25.84,26.74,25.81,26.15,1.0,26.74,25.81,0
2023-02-28,PETR4,PETR4,26.21,26.92,25.24,25.24,25.24,130248100,26.21,26.92,25.24,25.24,1.0,26.92,25.24,0
2023-03-01,PETR4,PETR4,25.31,25.43,24.19,25.3,25.3,109257700,25.31,25.43,24.19,25.3,1.0,25.43,24.19,0
2023-03-02,PETR4,PETR4,25.42,25.67,24.37,24.64,24.64,124516200,25.42,25.67,24.37,24.64,1.0,25.67,24.37,0
2023-03-03,PETR4,PETR4,24.83,25.74,24.45,25.7,25.7,87591800,24.83,25.74,24.45,25.7,1.0,25.74,24.45,0
2023-03-06,PETR4,PETR4,25.7,26.12,25.37,25.96,25.96,50227400,25.7,26.12,25.37,25.96,1.0,26.12,25.37,0
2023-03-07,PETR4,PETR4,25.72,25.78,24.93,25.1,25.1,59052500,25.72,25.78,24.93,25.1,1.0,25.78,24.93,0
2023-03-08,PETR4,PETR4,25.15,25.92,25.13,25.42,25.42,66220400,25.15,25.92,25.13,25.42,1.0,25.92,25.13,0
2023-03-09,PETR4,PETR4,25.35,26.23,25.28,25.31,25.31,68042300,25.35,26.23,25.28,25.31,1.0,26.23,25.28,0
2023-03-10,PETR4,PETR4,25.16,25.58,24.94,24.98,24.98,48118600,25.16,25.58,24.94,24.98,1.0,25.58,24.94,0
2023-03-13,PETR4,PETR4,24.55,24.86,24.1,24.19,24.19,58605500,24.55,24.86,24.1,24.19,1.0,24.86,24.1,0
2023-03-14,PETR4,PETR4,24.28,24.73,23.6,23.76,23.76,58916700,24.28,24.73,23.6,23.76,1.0,24.73,23.6,0
2023-03-15,PETR4,PETR4,23.33,23.48,22.8,23.34,23.34,93708800,23.33,23.48,22.8,23.34,1.0,23.48,22.8,0
2023-03-16,PETR4,PETR4,23.4,23.52,22.97,23.26,23.26,66821000,23.4,23.52,22.97,23.26,1.0,23.52,22.97,0
2023-03-17,PETR4,PETR4,23.1,23.51,22.86,23.51,23.51,93502700,23.1,23.51,22.86,23.51,1.0,23.51,22.86,0
2023-03-20,PETR4,PETR4,23.51,23.65,22.89,22.93,22.93,57575200,23.51,23.65,22.89,22.93,1.0,23.65,22.89,0
2023-03-21,PETR4,PETR4,23.2,23.6,23.08,23.4,23.4,43391200,23.2,23.6,23.08,23.4,1.0,23.6,23.08,0
2023-03-22,PETR4,PETR4,23.39,23.62,23.04,23.33,23.33,46435600,23.39,23.62,23.04,23.33,1.0,23.62,23.04,0
2023-03-23,PETR4,PETR4,23.37,23.67,22.59,22.8,22.8,74711200,23.37,23.67,22.59,22.8,1.0,23.67,22.59,0
2023-03-24,PETR4,PETR4,22.71,23.13,22.48,22.79,22.79,52556800,22.71,23.13,22.48,22.79,1.0,23.13,22.48,0
2023-03-27,PETR4,PETR4,23.11,23.36,22.83,23.18,23.18,39148700,23.11,23.36,22.83,23.18,1.0,23.36,22.83,0
2023-03-28,PETR4,PETR4,23.22,23.64,23.15,23.59,23.59,29091100,23.22,23.64,23.15,23.59,1.0,23.64,23.15,0
2023-03-29,PETR4,PETR4,23.71,24.04,23.47,23.9,23.9,49148600,23.71,24.04,23.47,23.9,1.0,24.04,23.47,0
2023-03-30,PETR4,PETR4,24.25,24.28,23.68,23.97,23.97,56116900,24.25,24.28,23.68,23.97,1.0,24.28,23.68,0
2023-03-31,PETR4,PETR4,24.0,24.22,23.21,23.45,23.45,59547800,24.0,24.22,23.21,23.45,1.0,24.22,23.21,0
2023-04-03,PETR4,PETR4,24.09,24.5,23.8,24.49,24.49,73931200,24.09,24.5,23.8,24.49,1.0,24.5,23.8,0
2023-04-04,PETR4,PETR4,24.63,24.76,24.1,24.27,24.27,57505700,24.63,24.76,24.1,24.27,1.0,24.76,24.1,0
2023-04-05,PETR4,PETR4,24.19,24.53,23.27,24.35,24.35,93626400,24.19,24.53,23.27,24.35,1.0,24.53,23.27,0
2023-04-06,PETR4,PETR4,24.34,24.42,23.95,24.0,24.0,29565400,24.34,24.42,23.95,24.0,1.0,24.42,23.95,0
2023-04-10,PETR4,PETR4,24.03,24.66,24.03,24.51,24.51,41455900,24.03,24.66,24.03,24.51,1.0,24.66,24.03,0
2023-04-11,PETR4,PETR4,24.7,25.7,24.63,25.66,25.66,80565000,24.7,25.7,24.63,25.66,1.0,25.7,24.63,0
2023-04-12,PETR4,PETR4,25.98,26.15,25.18,25.85,25.85,71563400,25.98,26.15,25.18,25.85,1.0,26.15,25.18,0
2023-04-13,PETR4,PETR4,25.85,26.09,25.8,26.03,26.03,38852800,25.85,26.09,25.8,26.03,1.0,26.09,25.8,0
2023-04-14,PETR4,PETR4,25.8,26.4,25.72,26.3,26.3,38421100,25.8,26.4,25.72,26.3,1.0,26.4,25.72,0
2023-04-17,PETR4,PETR4,26.24,26.8,26.21,26.71,26.71,49427100,26.24,26.8,26.21,26.71,1.0,26.8,26.21,0
2023-04-18,PETR4,PETR4,26.71,27.62,26.52,27.39,27.39,99478800,26.71,27.62,26.52,27.39,1.0,27.62,26.52,0
2023-04-19,PETR4,PETR4,27.16,27.31,26.45,26.51,26.51,73217800,27.16,27.31,26.45,26.51,1.0,27.31,26.45,0
2023-04-20,PETR4,PETR4,26.52,26.98,26.29,26.69,26.69,54738400,26.52,26.98,26.29,26.69,1.0,26.98,26.29,0
2023-04-24,PETR4,PETR4,26.6,27.26,26.5,27.2,27.2,43820900,26.6,27.26,26.5,27.2,1.0,27.26,26.5,0
2023-04-25,PETR4,PETR4,27.16,27.5,26.72,27.09,27.09,53854100,27.16,27.5,26.72,27.09,1.0,27.5,26.72,0
2023-04-26,PETR4,PETR4,27.12,27.22,26.75,26.75,26.75,40249400,27.12,27.22,26.75,26.75,1.0,27.22,26.75,0
2023-04-27,PETR4,PETR4,26.85,27.18,25.91,26.1,26.1,115632700,26.85,27.18,25.91,26.1,1.0,27.18,25.91,0
2023-04-28,PETR4,PETR4,23.6,24.05,23.15,23.7,23.7,81138500,23.6,24.05,23.15,23.7,1.0,24.05,23.15,0
2023-05-02,PETR4,PETR4,23.7,23.74,22.64,22.74,22.74,67911100,23.7,23.74,22.64,22.74,1.0,23.74,22.64,0
2023-05-03,PETR4,PETR4,22.6,22.99,22.42,22.66,22.66,51133700,22.6,22.99,22.42,22.66,1.0,22.99,22.42,0
2023-05-04,PETR4,PETR4,22.89,23.38,22.61,23.02,23.02,57854400,22.89,23.38,22.61,23.02,1.0,23.38,22.61,0
2023-05-05,PETR4,PETR4,23.3,24.17,23.18,24.0,24.0,83365200,23.3,24.17,23.18,24.0,1.0,24.17,23.18,0
2023-05-08,PETR4,PETR4,24.45,24.63,24.21,24.51,24.51,59352300,24.45,24.63,24.21,24.51,1.0,24.63,24.21,0
2023-05-09,PETR4,PETR4,24.41,24.8,24.24,24.59,24.59,33978200,24.41,24.8,24.24,24.59,1.0,24.8,24.24,0
2023-05-10,PETR4,PETR4,24.59,24.82,24.33,24.53,24.53,41500700,24.59,24.82,24.33,24.53,1.0,24.82,24.33,0
2023-05-11,PETR4,PETR4,24.13,25.48,23.93,25.43,25.43,136878100,24.13,25.48,23.93,25.43,1.0,25.48,23.93,0
2023-05-12,PETR4,PETR4,25.58,26.74,25.48,26.25,26.25,117237500,25.58,26.74,25.48,26.25,1.0,26.74,25.48,0
2023-05-15,PETR4,PETR4,26.06,26.15,25.4,25.66,25.66,81996700,26.06,26.15,25.4,25.66,1.0,26.15,25.4,0
2023-05-16,PETR4,PETR4,26.11,27.03,26.08,26.3,26.3,117782700,26.11,27.03,26.08,26.3,1.0,27.03,26.08,0
2023-05-17,PETR4,PETR4,26.6,26.76,25.51,25.66,25.66,107129200,26.6,26.76,25.51,25.66,1.0,26.76,25.51,0
2023-05-18,PETR4,PETR4,25.59,25.85,25.35,25.81,25.81,63010500,25.59,25.85,25.35,25.81,1.0,25.85,25.35,0
2023-05-19,PETR4,PETR4,26.08,26.18,25.64,25.92,25.92,68493800,26.08,26.18,25.64,25.92,1.0,26.18,25.64,0
2023-05-22,PETR4,PETR4,25.88,26.01,25.5,25.62,25.62,38010200,25.88,26.01,25.5,25.62,1.0,26.01,25.5,0
2023-05-23,PETR4,PETR4,25.65,26.43,25.52,26.25,26.25,58285300,25.65,26.43,25.52,26.25,1.0,26.43,25.52,0
2023-05-24,PETR4,PETR4,26.25,26.9,26.05,26.65,26.65,54796400,26.25,26.9,26.05,26.65,1.0,26.9,26.05,0
2023-05-25,PETR4,PETR4,26.8,26.84,26.19,26.45,26.45,49182700,26.8,26.84,26.19,26.45,1.0,26.84,26.19,0
2023-05-26,PETR4,PETR4,26.81,26.91,26.53,26.8,26.8,39866600,26.81,26.91,26.53,26.8,1.0,26.91,26.53,0
2023-05-29,PETR4,PETR4,26.75,26.82,26.56,26.69,26.69,17977100,26.75,26.82,26.56,26.69,1.0,26.82,26.56,0
2023-05-30,PETR4,PETR4,26.72,26.8,26.26,26.39,26.39,45736700,26.72,26.8,26.26,26.39,1.0,26.8,26.26,0
2023-05-31,PETR4,PETR4,26.27,26.36,25.87,26.12,26.12,49207600,26.27,26.36,25.87,26.12,1.0,26.36,25.87,0
2023-06-01,PETR4,PETR4,26.3,27.0,26.16,26.96,26.96,63148200,26.3,27.0,26.16,26.96,1.0,27.0,26.16,0
2023-06-02,PETR4,PETR4,27.43,27.6,27.11,27.18,27.18,39919300,27.43,27.6,27.11,27.18,1.0,27.6,27.11,0
2023-06-05,PETR4,PETR4,27.54,27.56,27.23,27.47,27.47,39321700,27.54,27.56,27.23,27.47,1.0,27.56,27.23,0
2023-06-06,PETR4,PETR4,27.45,28.25,27.21,28.05,28.05,75426600,27.45,28.25,27.21,28.05,1.0,28.25,27.21,0
2023-06-07,PETR4,PETR4,28.65,29.06,28.43,28.87,28.87,82330400,28.65,29.06,28.43,28.87,1.0,29.06,28.43,0
2023-06-09,PETR4,PETR4,29.1,30.39,29.02,30.28,30.28,80442400,29.1,30.39,29.02,30.28,1.0,30.39,29.02,0
2023-06-12,PETR4,PETR4,30.22,30.99,30.04,30.81,30.81,119350400,30.22,30.99,30.04,30.81,1.0,30.99,30.04,0
2023-06-13,PETR4,PETR4,29.24,29.24,28.59,28.86,28.86,79174900,29.24,29.24,28.59,28.86,1.0,29.24,28.59,0
2023-06-14,PETR4,PETR4,28.94,30.1,28.88,30.1,30.1,98326000,28.94,30.1,28.88,30.1,1.0,30.1,28.88,0
2023-06-15,PETR4,PETR4,30.2,30.85,29.28,29.39,29.39,120579500,30.2,30.85,29.28,29.39,1.0,30.85,29.28,0
2023-06-16,PETR4,PETR4,29.23,29.92,29.04,29.64,29.64,94337700,29.23,29.92,29.04,29.64,1.0,29.92,29.04,0
2023-06-19,PETR4,PETR4,29.63,30.46,29.55,30.42,30.42,34573900,29.63,30.46,29.55,30.42,1.0,30.46,29.55,0
2023-06-20,PETR4,PETR4,30.3,30.75,29.9,30.57,30.57,55605300,30.3,30.75,29.9,30.57,1.0,30.75,29.9,0
2023-06-21,PETR4,PETR4,30.93,32.0,30.85,31.85,31.85,89294300,30.93,32.0,30.85,31.85,1.0,32.0,30.85,0
2023-06-22,PETR4,PETR4,31.46,31.69,31.08,31.45,31.45,43455800,31.46,31.69,31.08,31.45,1.0,31.69,31.08,0
2023-06-23,PETR4,PETR4,31.2,31.28,29.89,30.16,30.16,76023400,31.2,31.28,29.89,30.16,1.0,31.28,29.89,0
2023-06-26,PETR4,PETR4,30.12,31.05,30.12,30.84,30.84,53635000,30.12,31.05,30.12,30.84,1.0,31.05,30.12,0
2023-06-27,PETR4,PETR4,30.93,31.2,30.34,30.6,30.6,48399600,30.93,31.2,30.34,30.6,1.0,31.2,30.34,0
2023-06-28,PETR4,PETR4,30.58,31.18,30.55,30.89,30.89,36794600,30.58,31.18,30.55,30.89,1.0,31.18,30.55,0
2023-06-29,PETR4,PETR4,31.0,31.12,30.76,31.03,31.03,32124300,31.0,31.12,30.76,31.03,1.0,31.12,30.76,0
2023-06-30,PETR4,PETR4,31.0,31.08,29.32,29.53,29.53,104262900,31.0,31.08,29.32,29.53,1.0,31.08,29.32,0
2023-07-03,PETR4,PETR4,29.72,30.18,29.72,30.08,30.08,31266900,29.72,30.18,29.72,30.08,1.0,30.18,29.72,0
2023-07-04,PETR4,PETR4,29.96,30.39,29.96,30.15,30.15,18308000,29.96,30.39,29.96,30.15,1.0,30.39,29.96,0
2023-07-05,PETR4,PETR4,30.16,30.55,29.66,30.11,30.11,53565500,30.16,30.55,29.66,30.11,1.0,30.55,29.66,0
2023-07-06,PETR4,PETR4,29.85,30.0,29.15,29.65,29.65,47685700,29.85,30.0,29.15,29.65,1.0,30.0,29.15,0
2023-07-07,PETR4,PETR4,29.76,30.2,29.36,29.5,29.5,55533500,29.76,30.2,29.36,29.5,1.0,30.2,29.36,0
2023-07-10,PETR4,PETR4,29.11,29.67,29.01,29.55,29.55,25590200,29.11,29.67,29.01,29.55,1.0,29.67,29.01,0
2023-07-11,PETR4,PETR4,29.53,29.53,29.0,29.15,29.15,40877000,29.53,29.53,29.0,29.15,1.0,29.53,29.0,0
2023-07-12,PETR4,PETR4,29.2,29.77,29.14,29.17,29.17,40181800,29.2,29.77,29.14,29.17,1.0,29.77,29.14,0
2023-07-13,PETR4,PETR4,29.07,29.72,29.04,29.63,29.63,35886500,29.07,29.72,29.04,29.63,1.0,29.72,29.04,0
2023-07-14,PETR4,PETR4,29.5,29.58,28.86,29.05,29.05,34451100,29.5,29.58,28.86,29.05,1.0,29.58,28.86,0
2023-07-17,PETR4,PETR4,28.41,29.09,27.95,28.99,28.99,52160800,28.41,29.09,27.95,28.99,1.0,29.09,27.95,0
2023-07-18,PETR4,PETR4,29.0,29.2,28.71,28.83,28.83,35640400,29.0,29.2,28.71,28.83,1.0,29.2,28.71,0
2023-07-19,PETR4,PETR4,28.81,29.13,28.57,29.1,29.1,46517700,28.81,29.13,28.57,29.1,1.0,29.13,28.57,0
2023-07-20,PETR4,PETR4,29.07,29.35,28.88,29.13,29.13,33177100,29.07,29.35,28.88,29.13,1.0,29.35,28.88,0
2023-07-21,PETR4,PETR4,29.15,29.86,29.13,29.68,29.68,52027700,29.15,29.86,29.13,29.68,1.0,29.86,29.13,0
2023-07-24,PETR4,PETR4,29.8,30.41,29.76,30.3,30.3,45268100,29.8,30.41,29.76,30.3,1.0,30.41,29.76,0
2023-07-25,PETR4,PETR4,30.5,31.05,30.2,31.0,31.0,56261000,30.5,31.05,30.2,31.0,1.0,31.05,30.2,0
2023-07-26,PETR4,PETR4,30.95,31.22,30.63,31.0,31.0,45880200,30.95,31.22,30.63,31.0,1.0,31.22,30.63,0
2023-07-27,PETR4,PETR4,30.85,30.89,29.38,29.39,29.39,86471900,30.85,30.89,29.38,29.39,1.0,30.89,29.38,0
2023-07-28,PETR4,PETR4,29.43,29.95,29.32,29.76,29.76,43608600,29.43,29.95,29.32,29.76,1.0,29.95,29.32,0
2023-07-31,PETR4,PETR4,30.3,31.15,30.3,31.11,31.11,91290800,30.3,31.15,30.3,31.11,1.0,31.15,30.3,0
2023-08-01,PETR4,PETR4,31.09,31.09,29.95,30.6,30.6,75752400,31.09,31.09,29.95,30.6,1.0,31.09,29.95,0
2023-08-02,PETR4,PETR4,30.51,30.58,29.8,30.53,30.53,62068400,30.51,30.58,29.8,30.53,1.0,30.58,29.8,0
2023-08-03,PETR4,PETR4,30.93,31.13,30.62,30.92,30.92,57304400,30.93,31.13,30.62,30.92,1.0,31.13,30.62,0
2023-08-04,PETR4,PETR4,30.7,31.14,29.74,30.0,30.0,120685800,30.7,31.14,29.74,30.0,1.0,31.14,29.74,0
2023-08-07,PETR4,PETR4,29.86,30.5,29.86,30.19,30.19,44984900,29.86,30.5,29.86,30.19,1.0,30.5,29.86,0
2023-08-08,PETR4,PETR4,29.91,30.39,29.72,30.22,30.22,34771300,29.91,30.39,29.72,30.22,1.0,30.39,29.72,0
2023-08-09,PETR4,PETR4,30.21,30.72,30.16,30.46,30.46,48561500,30.21,30.72,30.16,30.46,1.0,30.72,30.16,0
2023-08-10,PETR4,PETR4,30.3,30.86,30.12,30.63,30.63,54020200,30.3,30.86,30.12,30.63,1.0,30.86,30.12,0
2023-08-11,PETR4,PETR4,30.61,31.04,30.16,30.56,30.56,39403200,30.61,31.04,30.16,30.56,1.0,31.04,30.16,0
2023-08-14,PETR4,PETR4,30.48,30.74,30.27,30.64,30.64,27992700,30.48,30.74,30.27,30.64,1.0,30.74,30.27,0
2023-08-15,PETR4,PETR4,32.05,32.15,30.85,30.86,30.86,87366200,32.05,32.15,30.85,30.86,1.0,32.15,30.85,0
2023-08-16,PETR4,PETR4,31.0,31.98,30.88,31.54,31.54,74461000,31.0,31.98,30.88,31.54,1.0,31.98,30.88,0
2023-08-17,PETR4,PETR4,31.75,32.19,31.31,31.44,31.44,57570600,31.75,32.19,31.31,31.44,1.0,32.19,31.31,0
2023-08-18,PETR4,PETR4,31.41,31.68,31.18,31.52,31.52,45271100,31.41,31.68,31.18,31.52,1.0,31.68,31.18,0
2023-08-21,PETR4,PETR4,31.7,32.03,30.97,31.3,31.3,42236900,31.7,32.03,30.97,31.3,1.0,32.03,30.97,0
2023-08-22,PETR4,PETR4,30.5,30.61,30.24,30.61,30.61,31372200,30.5,30.61,30.24,30.61,1.0,30.61,30.24,0
2023-08-23,PETR4,PETR4,31.2,32.24,31.09,32.24,32.24,95507400,31.2,32.24,31.09,32.24,1.0,32.24,31.09,0
2023-08-24,PETR4,PETR4,32.27,32.72,31.84,32.19,32.19,49332300,32.27,32.72,31.84,32.19,1.0,32.72,31.84,0
2023-08-25,PETR4,PETR4,32.38,32.47,31.8,31.97,31.97,34079000,32.38,32.47,31.8,31.97,1.0,32.47,31.8,0
2023-08-28,PETR4,PETR4,32.1,32.34,31.86,32.33,32.33,24956100,32.1,32.34,31.86,32.33,1.0,32.34,31.86,0
2023-08-29,PETR4,PETR4,32.4,32.5,31.99,32.4,32.4,40607500,32.4,32.5,31.99,32.4,1.0,32.5,31.99,0
2023-08-30,PETR4,PETR4,32.41,32.7,32.3,32.62,32.62,34637900,32.41,32.7,32.3,32.62,1.0,32.7,32.3,0
2023-08-31,PETR4,PETR4,32.71,32.79,31.88,31.94,31.94,48971500,32.71,32.79,31.88,31.94,1.0,32.79,31.88,0
2023-09-01,PETR4,PETR4,32.21,32.69,31.96,32.63,32.63,50089200,32.21,32.69,31.96,32.63,1.0,32.69,31.96,0
2023-09-04,PETR4,PETR4,32.68,32.72,32.21,32.29,32.29,21667400,32.68,32.72,32.21,32.29,1.0,32.72,32.21,0
2023-09-05,PETR4,PETR4,32.27,33.49,32.22,33.37,33.37,75082900,32.27,33.49,32.22,33.37,1.0,33.49,32.22,0
2023-09-06,PETR4,PETR4,33.35,33.8,33.22,33.52,33.52,57856500,33.35,33.8,33.22,33.52,1.0,33.8,33.22,0
2023-09-08,PETR4,PETR4,33.48,33.67,33.26,33.4,33.4,39074100,33.48,33.67,33.26,33.4,1.0,33.67,33.26,0
2023-09-11,PETR4,PETR4,33.47,33.69,33.33,33.37,33.37,30276200,33.47,33.69,33.33,33.37,1.0,33.69,33.33,0
2023-09-12,PETR4,PETR4,33.55,33.78,33.49,33.53,33.53,31963000,33.55,33.78,33.49,33.53,1.0,33.78,33.49,0
2023-09-13,PETR4,PETR4,33.65,33.7,33.03,33.03,33.03,47685700,33.65,33.7,33.03,33.03,1.0,33.7,33.03,0
2023-09-14,PETR4,PETR4,33.1,34.0,33.1,33.87,33.87,46502100,33.1,34.0,33.1,33.87,1.0,34.0,33.1,0
2023-09-15,PETR4,PETR4,33.87,33.99,33.61,33.89,33.89,54589500,33.87,33.99,33.61,33.89,1.0,33.99,33.61,0
2023-09-18,PETR4,PETR4,34.0,34.71,33.85,34.13,34.13,52363400,34.0,34.71,33.85,34.13,1.0,34.71,33.85,0
2023-09-19,PETR4,PETR4,34.21,34.62,34.07,34.21,34.21,43247200,34.21,34.62,34.07,34.21,1.0,34.62,34.07,0
2023-09-20,PETR4,PETR4,34.15,34.61,34.01,34.29,34.29,39102300,34.15,34.61,34.01,34.29,1.0,34.61,34.01,0
2023-09-21,PETR4,PETR4,34.0,34.29,33.63,33.76,33.76,60109400,34.0,34.29,33.63,33.76,1.0,34.29,33.63,0
2023-09-22,PETR4,PETR4,34.02,34.19,33.81,34.03,34.03,31020500,34.02,34.19,33.81,34.03,1.0,34.19,33.81,0
2023-09-25,PETR4,PETR4,33.95,34.33,33.93,34.25,34.25,26767200,33.95,34.33,33.93,34.25,1.0,34.33,33.93,0
2023-09-26,PETR4,PETR4,34.0,34.09,33.46,33.46,33.46,60687500,34.0,34.09,33.46,33.46,1.0,34.09,33.46,0
2023-09-27,PETR4,PETR4,33.86,34.52,33.78,34.52,34.52,53708700,33.86,34.52,33.78,34.52,1.0,34.52,33.78,0
2023-09-28,PETR4,PETR4,34.45,34.54,34.21,34.45,34.45,30765000,34.45,34.54,34.21,34.45,1.0,34.54,34.21,0
2023-09-29,PETR4,PETR4,34.5,34.69,34.25,34.64,34.64,40227600,34.5,34.69,34.25,34.64,1.0,34.69,34.25,0
2023-10-02,PETR4,PETR4,34.55,34.77,33.93,34.12,34.12,34403400,34.55,34.77,33.93,34.12,1.0,34.77,33.93,0
2023-10-03,PETR4,PETR4,33.97,34.23,33.63,33.97,33.97,37947300,33.97,34.23,33.63,33.97,1.0,34.23,33.63,0
2023-10-04,PETR4,PETR4,33.6,33.71,32.39,32.62,32.62,88895900,33.6,33.71,32.39,32.62,1.0,33.71,32.39,0
2023-10-05,PETR4,PETR4,32.51,32.94,32.29,32.73,32.73,35342000,32.51,32.94,32.29,32.73,1.0,32.94,32.29,0
2023-10-06,PETR4,PETR4,32.6,33.82,32.33,33.51,33.51,48132800,32.6,33.82,32.33,33.51,1.0,33.82,32.33,0
2023-10-09,PETR4,PETR4,34.15,35.08,34.1,34.95,34.95,77528400,34.15,35.08,34.1,34.95,1.0,35.08,34.1,0
2023-10-10,PETR4,PETR4,34.9,35.34,34.74,35.21,35.21,48326500,34.9,35.34,34.74,35.21,1.0,35.34,34.74,0
2023-10-11,PETR4,PETR4,35.14,35.25,34.49,35.12,35.12,41578500,35.14,35.25,34.49,35.12,1.0,35.25,34.49,0
2023-10-13,PETR4,PETR4,35.79,36.36,35.78,36.28,36.28,66943700,35.79,36.36,35.78,36.28,1.0,36.36,35.78,0
2023-10-16,PETR4,PETR4,36.4,36.8,35.96,36.68,36.68,49626600,36.4,36.8,35.96,36.68,1.0,36.8,35.96,0
2023-10-17,PETR4,PETR4,36.7,37.67,36.63,37.67,37.67,68814800,36.7,37.67,36.63,37.67,1.0,37.67,36.63,0
2023-10-18,PETR4,PETR4,37.99,38.61,37.91,38.52,38.52,85931700,37.99,38.61,37.91,38.52,1.0,38.61,37.91,0
2023-10-19,PETR4,PETR4,38.36,38.47,37.92,38.34,38.34,56016600,38.36,38.47,37.92,38.34,1.0,38.47,37.92,0
2023-10-20,PETR4,PETR4,38.69,38.86,37.39,37.85,37.85,66141700,38.69,38.86,37.39,37.85,1.0,38.86,37.39,0
2023-10-23,PETR4,PETR4,36.59,36.8,35.26,35.35,35.35,104499100,36.59,36.8,35.26,35.35,1.0,36.8,35.26,0
2023-10-24,PETR4,PETR4,35.65,36.19,35.17,35.88,35.88,78634900,35.65,36.19,35.17,35.88,1.0,36.19,35.17,0
2023-10-25,PETR4,PETR4,36.08,36.28,35.75,36.07,36.07,32846500,36.08,36.28,35.75,36.07,1.0,36.28,35.75,0
2023-10-26,PETR4,PETR4,35.85,35.93,35.15,35.7,35.7,47858600,35.85,35.93,35.15,35.7,1.0,35.93,35.15,0
2023-10-27,PETR4,PETR4,36.21,36.46,35.17,35.44,35.44,45843100,36.21,36.46,35.17,35.44,1.0,36.46,35.17,0
2023-10-30,PETR4,PETR4,35.58,35.72,34.86,35.08,35.08,31346900,35.58,35.72,34.86,35.08,1.0,35.72,34.86,0
2023-10-31,PETR4,PETR4,35.01,35.18,34.49,34.74,34.74,36965200,35.01,35.18,34.49,34.74,1.0,35.18,34.49,0
2023-11-01,PETR4,PETR4,35.02,35.54,34.9,35.12,35.12,46335300,35.02,35.54,34.9,35.12,1.0,35.54,34.9,0
2023-11-03,PETR4,PETR4,35.79,35.89,35.05,35.54,35.54,30959700,35.79,35.89,35.05,35.54,1.0,35.89,35.05,0
2023-11-06,PETR4,PETR4,35.74,36.13,35.51,35.51,35.51,33583600,35.74,36.13,35.51,35.51,1.0,36.13,35.51,0
2023-11-07,PETR4,PETR4,35.07,35.42,34.66,34.92,34.92,48919900,35.07,35.42,34.66,34.92,1.0,35.42,34.66,0
2023-11-08,PETR4,PETR4,34.6,34.8,33.91,34.17,34.17,59742900,34.6,34.8,33.91,34.17,1.0,34.8,33.91,0
2023-11-09,PETR4,PETR4,34.5,35.15,34.36,34.88,34.88,56231100,34.5,35.15,34.36,34.88,1.0,35.15,34.36,0
2023-11-10,PETR4,PETR4,34.66,35.06,34.51,34.72,34.72,40004800,34.66,35.06,34.51,34.72,1.0,35.06,34.51,0
2023-11-13,PETR4,PETR4,34.68,35.75,34.67,35.69,35.69,44120000,34.68,35.75,34.67,35.69,1.0,35.75,34.67,0
2023-11-14,PETR4,PETR4,35.69,36.24,35.49,36.18,36.18,50888600,35.69,36.24,35.49,36.18,1.0,36.24,35.49,0
2023-11-16,PETR4,PETR4,35.98,36.49,35.5,35.55,35.55,72361200,35.98,36.49,35.5,35.55,1.0,36.49,35.5,0
2023-11-17,PETR4,PETR4,35.83,36.92,35.82,36.71,36.71,85895400,35.83,36.92,35.82,36.71,1.0,36.92,35.82,0
2023-11-20,PETR4,PETR4,36.77,37.22,36.27,36.74,36.74,67796900,36.77,37.22,36.27,36.74,1.0,37.22,36.27,0
2023-11-21,PETR4,PETR4,36.54,36.54,35.91,36.5,36.5,49708700,36.54,36.54,35.91,36.5,1.0,36.54,35.91,0
2023-11-22,PETR4,PETR4,34.9,35.16,34.25,35.16,35.16,58578300,34.9,35.16,34.25,35.16,1.0,35.16,34.25,0
2023-11-23,PETR4,PETR4,35.13,35.25,34.81,35.17,35.17,24068100,35.13,35.25,34.81,35.17,1.0,35.25,34.81,0
2023-11-24,PETR4,PETR4,34.98,35.82,34.71,35.27,35.27,53455200,34.98,35.82,34.71,35.27,1.0,35.82,34.71,0
2023-11-27,PETR4,PETR4,35.0,35.4,34.75,35.07,35.07,36996000,35.0,35.4,34.75,35.07,1.0,35.4,34.75,0
2023-11-28,PETR4,PETR4,35.17,35.62,35.15,35.6,35.6,36875900,35.17,35.62,35.15,35.6,1.0,35.62,35.15,0
2023-11-29,PETR4,PETR4,35.9,36.03,34.94,35.23,35.23,37528600,35.9,36.03,34.94,35.23,1.0,36.03,34.94,0
2023-11-30,PETR4,PETR4,35.46,35.92,35.24,35.91,35.91,58808800,35.46,35.92,35.24,35.91,1.0,35.92,35.24,0
2023-12-01,PETR4,PETR4,35.72,36.0,35.53,35.67,35.67,36385500,35.72,36.0,35.53,35.67,1.0,36.0,35.53,0
2023-12-04,PETR4,PETR4,35.44,35.55,34.85,34.91,34.91,35601900,35.44,35.55,34.85,34.91,1.0,35.55,34.85,0
2023-12-05,PETR4,PETR4,34.92,35.17,34.68,34.75,34.75,43234200,34.92,35.17,34.68,34.75,1.0,35.17,34.68,0
2023-12-06,PETR4,PETR4,34.55,34.8,33.5,33.5,33.5,64179200,34.55,34.8,33.5,33.5,1.0,34.8,33.5,0
2023-12-07,PETR4,PETR4,33.65,34.18,33.04,33.42,33.42,64683000,33.65,34.18,33.04,33.42,1.0,34.18,33.04,0
2023-12-08,PETR4,PETR4,33.71,34.54,33.48,34.49,34.49,53290700,33.71,34.54,33.48,34.49,1.0,34.54,33.48,0
2023-12-11,PETR4,PETR4,34.46,34.69,34.24,34.36,34.36,30613300,34.46,34.69,34.24,34.36,1.0,34.69,34.24,0
2023-12-12,PETR4,PETR4,34.55,34.6,33.8,34.08,34.08,30371500,34.55,34.6,33.8,34.08,1.0,34.6,33.8,0
2023-12-13,PETR4,PETR4,34.21,34.62,34.14,34.57,34.57,38992900,34.21,34.62,34.14,34.57,1.0,34.62,34.14,0
2023-12-14,PETR4,PETR4,35.0,35.74,34.84,35.32,35.32,57919100,35.0,35.74,34.84,35.32,1.0,35.74,34.84,0
2023-12-15,PETR4,PETR4,35.28,35.79,35.0,35.4,35.4,56299400,35.28,35.79,35.0,35.4,1.0,35.79,35.0,0
2023-12-18,PETR4,PETR4,35.75,36.3,35.58,35.84,35.84,44474300,35.75,36.3,35.58,35.84,1.0,36.3,35.58,0
2023-12-19,PETR4,PETR4,35.96,36.25,35.81,36.25,36.25,32183000,35.96,36.25,35.81,36.25,1.0,36.25,35.81,0
2023-12-20,PETR4,PETR4,36.37,36.74,36.29,36.38,36.38,38947900,36.37,36.74,36.29,36.38,1.0,36.74,36.29,0
2023-12-21,PETR4,PETR4,36.67,36.68,36.07,36.39,36.39,30511900,36.67,36.68,36.07,36.39,1.0,36.68,36.07,0
2023-12-22,PETR4,PETR4,36.5,36.8,36.37,36.74,36.74,31234700,36.5,36.8,36.37,36.74,1.0,36.8,36.37,0
2023-12-26,PETR4,PETR4,36.86,37.37,36.83,37.33,37.33,23466800,36.86,37.37,36.83,37.33,1.0,37.37,36.83,0
2023-12-27,PETR4,PETR4,37.32,37.43,37.13,37.36,37.36,19588500,37.32,37.43,37.13,37.36,1.0,37.43,37.13,0
2023-12-28,PETR4,PETR4,37.23,37.36,37.04,37.24,37.24,21421900,37.23,37.36,37.04,37.24,1.0,37.36,37.04,0
2024-01-02,PETR4,PETR4,37.44,37.89,37.4,37.78,37.78,24043800,37.44,37.89,37.4,37.78,1.0,37.89,37.4,0
2024-01-03,PETR4,PETR4,37.8,39.12,37.67,38.96,38.96,52300200,37.8,39.12,37.67,38.96,1.0,39.12,37.67,0
2024-01-04,PETR4,PETR4,39.12,39.35,38.51,38.63,38.63,45344900,39.12,39.35,38.51,38.63,1.0,39.35,38.51,0
2024-01-05,PETR4,PETR4,38.87,39.14,38.41,38.72,38.72,35783700,38.87,39.14,38.41,38.72,1.0,39.14,38.41,0
2024-01-08,PETR4,PETR4,38.38,38.43,37.61,38.43,38.43,35158100,38.38,38.43,37.61,38.43,1.0,38.43,37.61,0
2024-01-09,PETR4,PETR4,38.67,38.75,38.03,38.1,38.1,27279000,38.67,38.75,38.03,38.1,1.0,38.75,38.03,0
2024-01-10,PETR4,PETR4,38.1,38.27,37.51,37.75,37.75,27382000,38.1,38.27,37.51,37.75,1.0,38.27,37.51,0
2024-01-11,PETR4,PETR4,37.98,38.15,37.7,38.07,38.07,26564400,37.98,38.15,37.7,38.07,1.0,38.15,37.7,0
2024-01-12,PETR4,PETR4,38.5,38.73,38.17,38.17,38.17,24479500,38.5,38.73,38.17,38.17,1.0,38.73,38.17,0
2024-01-15,PETR4,PETR4,37.99,38.62,37.86,38.58,38.58,13818300,37.99,38.62,37.86,38.58,1.0,38.62,37.86,0
2024-01-16,PETR4,PETR4,38.61,38.79,38.08,38.1,38.1,31277700,38.61,38.79,38.08,38.1,1.0,38.79,38.08,0
2024-01-17,PETR4,PETR4,37.97,38.15,37.82,37.88,37.88,27577300,37.97,38.15,37.82,37.88,1.0,38.15,37.82,0
2024-01-18,PETR4,PETR4,38.14,38.14,37.56,37.73,37.73,22987200,38.14,38.14,37.56,37.73,1.0,38.14,37.56,0
2024-01-19,PETR4,PETR4,37.81,37.9,37.23,37.53,37.53,30971400,37.81,37.9,37.23,37.53,1.0,37.9,37.23,0
2024-01-22,PETR4,PETR4,37.5,37.81,37.23,37.7,37.7,22753700,37.5,37.81,37.23,37.7,1.0,37.81,37.23,0
2024-01-23,PETR4,PETR4,37.84,38.37,37.43,38.17,38.17,32498500,37.84,38.37,37.43,38.17,1.0,38.37,37.43,0
2024-01-24,PETR4,PETR4,38.29,38.54,37.77,37.88,37.88,25415300,38.29,38.54,37.77,37.88,1.0,38.54,37.77,0
2024-01-25,PETR4,PETR4,38.26,39.28,38.13,39.28,39.28,48655300,38.26,39.28,38.13,39.28,1.0,39.28,38.13,0
2024-01-26,PETR4,PETR4,39.1,40.09,38.91,39.96,39.96,41378200,39.1,40.09,38.91,39.96,1.0,40.09,38.91,0
2024-01-29,PETR4,PETR4,40.0,40.59,39.83,40.57,40.57,30547000,40.0,40.59,39.83,40.57,1.0,40.59,39.83,0
2024-01-30,PETR4,PETR4,40.17,40.74,40.05,40.32,40.32,34829000,40.17,40.74,40.05,40.32,1.0,40.74,40.05,0
2024-01-31,PETR4,PETR4,40.23,41.24,40.18,40.45,40.45,58491900,40.23,41.24,40.18,40.45,1.0,41.24,40.18,0
2024-02-01,PETR4,PETR4,40.78,41.88,40.67,41.57,41.57,61629200,40.78,41.88,40.67,41.57,1.0,41.88,40.67,0
2024-02-02,PETR4,PETR4,41.58,41.78,41.02,41.03,41.03,36485600,41.58,41.78,41.02,41.03,1.0,41.78,41.02,0
2024-02-05,PETR4,PETR4,41.01,41.68,40.93,41.21,41.21,27503000,41.01,41.68,40.93,41.21,1.0,41.68,40.93,0
2024-02-06,PETR4,PETR4,41.45,42.35,41.27,41.59,41.59,35474600,41.45,42.35,41.27,41.59,1.0,42.35,41.27,0
2024-02-07,PETR4,PETR4,41.52,42.2,41.42,42.2,42.2,30648100,41.52,42.2,41.42,42.2,1.0,42.2,41.42,0
2024-02-08,PETR4,PETR4,42.3,42.45,41.86,41.86,41.86,25589100,42.3,42.45,41.86,41.86,1.0,42.45,41.86,0
2024-02-09,PETR4,PETR4,42.14,42.33,41.3,41.3,41.3,30351400,42.14,42.33,41.3,41.3,1.0,42.33,41.3,0
2024-02-14,PETR4,PETR4,41.1,41.4,40.86,40.99,40.99,18315300,41.1,41.4,40.86,40.99,1.0,41.4,40.86,0
2024-02-15,PETR4,PETR4,41.01,42.3,40.85,42.3,42.3,33246200,41.01,42.3,40.85,42.3,1.0,42.3,40.85,0
2024-02-16,PETR4,PETR4,42.09,42.89,42.06,42.69,42.69,37186100,42.09,42.89,42.06,42.69,1.0,42.89,42.06,0
2024-02-19,PETR4,PETR4,42.76,42.94,42.56,42.9,42.9,12826700,42.76,42.94,42.56,42.9,1.0,42.94,42.56,0
2024-02-20,PETR4,PETR4,42.77,42.82,42.1,42.45,42.45,42375400,42.77,42.82,42.1,42.45,1.0,42.82,42.1,0
2024-02-21,PETR4,PETR4,42.45,42.72,42.13,42.51,42.51,20873800,42.45,42.72,42.13,42.51,1.0,42.72,42.13,0
2024-02-22,PETR4,PETR4,42.67,42.68,41.8,42.19,42.19,32162800,42.67,42.68,41.8,42.19,1.0,42.68,41.8,0
2024-02-23,PETR4,PETR4,42.14,42.24,41.61,41.9,41.9,43887800,42.14,42.24,41.61,41.9,1.0,42.24,41.61,0
2024-02-26,PETR4,PETR4,41.9,42.73,41.83,42.69,42.69,25885700,41.9,42.73,41.83,42.69,1.0,42.73,41.83,0
2024-02-27,PETR4,PETR4,42.7,42.82,42.38,42.63,42.63,27678100,42.7,42.82,42.38,42.63,1.0,42.82,42.38,0
2024-02-28,PETR4,PETR4,42.52,42.94,39.83,40.43,40.43,112322000,42.52,42.94,39.83,40.43,1.0,42.94,39.83,0
2024-02-29,PETR4,PETR4,40.59,41.24,39.85,40.14,40.14,61899800,40.59,41.24,39.85,40.14,1.0,41.24,39.85,0
2024-03-01,PETR4,PETR4,40.35,40.85,40.14,40.18,40.18,31239900,40.35,40.85,40.14,40.18,1.0,40.85,40.14,0
2024-03-04,PETR4,PETR4,40.27,40.75,40.02,40.08,40.08,21988000,40.27,40.75,40.02,40.08,1.0,40.75,40.02,0
2024-03-05,PETR4,PETR4,40.1,40.37,39.61,39.96,39.96,30293200,40.1,40.37,39.61,39.96,1.0,40.37,39.61,0
2024-03-06,PETR4,PETR4,40.2,40.84,40.11,40.84,40.84,45481000,40.2,40.84,40.11,40.84,1.0,40.84,40.11,0
2024-03-07,PETR4,PETR4,40.64,40.94,40.28,40.39,40.39,50199800,40.64,40.94,40.28,40.39,1.0,40.94,40.28,0
2024-03-08,PETR4,PETR4,35.9,37.06,35.1,36.12,36.12,230367600,35.9,37.06,35.1,36.12,1.0,37.06,35.1,0
2024-03-11,PETR4,PETR4,35.67,37.74,35.3,35.65,35.65,127528700,35.67,37.74,35.3,35.65,1.0,37.74,35.3,0
2024-03-12,PETR4,PETR4,36.35,37.23,36.16,36.82,36.82,76139100,36.35,37.23,36.16,36.82,1.0,37.23,36.16,0
2024-03-13,PETR4,PETR4,36.9,37.33,36.31,36.38,36.38,45140600,36.9,37.33,36.31,36.38,1.0,37.33,36.31,0
2024-03-14,PETR4,PETR4,36.74,36.92,36.15,36.22,36.22,39983400,36.74,36.92,36.15,36.22,1.0,36.92,36.15,0
2024-03-15,PETR4,PETR4,36.3,36.45,35.94,36.32,36.32,59126000,36.3,36.45,35.94,36.32,1.0,36.45,35.94,0
2024-03-18,PETR4,PETR4,36.41,36.72,35.5,36.34,36.34,35326100,36.41,36.72,35.5,36.34,1.0,36.72,35.5,0
2024-03-19,PETR4,PETR4,36.39,36.85,35.56,36.07,36.07,48540800,36.39,36.85,35.56,36.07,1.0,36.85,35.56,0
2024-03-20,PETR4,PETR4,36.23,36.74,35.81,36.7,36.7,39017900,36.23,36.74,35.81,36.7,1.0,36.74,35.81,0
2024-03-21,PETR4,PETR4,36.85,37.06,35.68,35.7,35.7,47220200,36.85,37.06,35.68,35.7,1.0,37.06,35.68,0
2024-03-22,PETR4,PETR4,35.9,36.22,35.43,36.05,36.05,34426800,35.9,36.22,35.43,36.05,1.0,36.22,35.43,0
2024-03-25,PETR4,PETR4,36.18,36.83,36.16,36.6,36.6,26951500,36.18,36.83,36.16,36.6,1.0,36.83,36.16,0
2024-03-26,PETR4,PETR4,36.67,36.67,36.17,36.26,36.26,24837800,36.67,36.67,36.17,36.26,1.0,36.67,36.17,0
2024-03-27,PETR4,PETR4,36.28,36.66,36.12,36.55,36.55,19995700,36.28,36.66,36.12,36.55,1.0,36.66,36.12,0
2024-03-28,PETR4,PETR4,36.5,37.52,36.47,37.36,37.36,31958200,36.5,37.52,36.47,37.36,1.0,37.52,36.47,0
2024-04-01,PETR4,PETR4,37.5,37.71,37.21,37.65,37.65,23697800,37.5,37.71,37.21,37.65,1.0,37.71,37.21,0
2024-04-02,PETR4,PETR4,37.82,38.65,37.77,38.62,38.62,45930700,37.82,38.65,37.77,38.62,1.0,38.65,37.77,0
2024-04-03,PETR4,PETR4,38.7,39.01,38.22,38.42,38.42,31437200,38.7,39.01,38.22,38.42,1.0,39.01,38.22,0
2024-04-04,PETR4,PETR4,38.47,39.48,37.43,37.88,37.88,165566800,38.47,39.48,37.43,37.88,1.0,39.48,37.43,0
2024-04-05,PETR4,PETR4,37.9,38.57,37.17,38.1,38.1,65460400,37.9,38.57,37.17,38.1,1.0,38.57,37.17,0
2024-04-08,PETR4,PETR4,38.03,39.06,37.73,38.63,38.63,36384400,38.03,39.06,37.73,38.63,1.0,39.06,37.73,0
2024-04-09,PETR4,PETR4,38.9,39.14,38.06,38.73,38.73,36989300,38.9,39.14,38.06,38.73,1.0,39.14,38.06,0
2024-04-10,PETR4,PETR4,38.73,39.73,38.66,39.59,39.59,55821500,38.73,39.73,38.66,39.59,1.0,39.73,38.66,0
2024-04-11,PETR4,PETR4,39.6,39.76,39.2,39.3,39.3,33195300,39.6,39.76,39.2,39.3,1.0,39.76,39.2,0
2024-04-12,PETR4,PETR4,39.72,40.05,38.7,38.94,38.94,39605200,39.72,40.05,38.7,38.94,1.0,40.05,38.7,0
2024-04-15,PETR4,PETR4,38.94,39.45,38.63,39.31,39.31,28692000,38.94,39.45,38.63,39.31,1.0,39.45,38.63,0
2024-04-16,PETR4,PETR4,39.01,39.71,38.95,39.49,39.49,37303000,39.01,39.71,38.95,39.49,1.0,39.71,38.95,0
2024-04-17,PETR4,PETR4,39.49,39.95,39.34,39.78,39.78,39221700,39.49,39.95,39.34,39.78,1.0,39.95,39.34,0
2024-04-18,PETR4,PETR4,40.0,40.59,39.65,39.85,39.85,45078800,40.0,40.59,39.65,39.85,1.0,40.59,39.65,0
2024-04-19,PETR4,PETR4,40.05,41.07,39.84,40.53,40.53,80485500,40.05,41.07,39.84,40.53,1.0,41.07,39.84,0
2024-04-22,PETR4,PETR4,40.76,41.59,40.52,41.5,41.5,51775500,40.76,41.59,40.52,41.5,1.0,41.59,40.52,0
2024-04-23,PETR4,PETR4,41.4,41.63,40.96,41.42,41.42,35456900,41.4,41.63,40.96,41.42,1.0,41.63,40.96,0
2024-04-24,PETR4,PETR4,41.55,41.99,41.21,41.23,41.23,45388300,41.55,41.99,41.21,41.23,1.0,41.99,41.21,0
2024-04-25,PETR4,PETR4,41.4,42.48,41.08,42.22,42.22,66372400,41.4,42.48,41.08,42.22,1.0,42.48,41.08,0
2024-04-26,PETR4,PETR4,41.29,41.78,41.07,41.41,41.41,31887500,41.29,41.78,41.07,41.41,1.0,41.78,41.07,0
2024-04-29,PETR4,PETR4,41.48,42.15,41.32,42.15,42.15,27886000,41.48,42.15,41.32,42.15,1.0,42.15,41.32,0
2024-04-30,PETR4,PETR4,42.0,42.21,41.62,42.02,42.02,36635400,42.0,42.21,41.62,42.02,1.0,42.21,41.62,0
2024-05-02,PETR4,PETR4,42.25,42.38,41.84,42.18,42.18,33244700,42.25,42.38,41.84,42.18,1.0,42.38,41.84,0
2024-05-03,PETR4,PETR4,40.69,40.69,39.45,39.89,39.89,45092300,40.69,40.69,39.45,39.89,1.0,40.69,39.45,0
2024-05-06,PETR4,PETR4,39.87,40.36,39.72,40.16,40.16,22977200,39.87,40.36,39.72,40.16,1.0,40.36,39.72,0
2024-05-07,PETR4,PETR4,40.15,40.65,40.0,40.65,40.65,23808600,40.15,40.65,40.0,40.65,1.0,40.65,40.0,0
2024-05-08,PETR4,PETR4,40.35,41.33,40.31,41.27,41.27,25352000,40.35,41.33,40.31,41.27,1.0,41.33,40.31,0
2024-05-09,PETR4,PETR4,41.06,41.84,40.94,41.67,41.67,27206400,41.06,41.84,40.94,41.67,1.0,41.84,40.94,0
2024-05-10,PETR4,PETR4,41.84,42.09,41.5,41.58,41.58,27943300,41.84,42.09,41.5,41.58,1.0,42.09,41.5,0
2024-05-13,PETR4,PETR4,41.74,41.97,41.51,41.62,41.62,18394300,41.74,41.97,41.51,41.62,1.0,41.97,41.51,0
2024-05-14,PETR4,PETR4,40.76,41.3,40.16,40.87,40.87,53613200,40.76,41.3,40.16,40.87,1.0,41.3,40.16,0
2024-05-15,PETR4,PETR4,37.6,38.81,37.5,38.4,38.4,131281100,37.6,38.81,37.5,38.4,1.0,38.81,37.5,0
2024-05-16,PETR4,PETR4,38.3,38.65,37.24,37.31,37.31,83176900,38.3,38.65,37.24,37.31,1.0,38.65,37.24,0
2024-05-17,PETR4,PETR4,37.35,37.42,36.51,36.69,36.69,67195900,37.35,37.42,36.51,36.69,1.0,37.42,36.51,0
2024-05-20,PETR4,PETR4,36.73,37.24,36.63,36.75,36.75,40400400,36.73,37.24,36.63,36.75,1.0,37.24,36.63,0
2024-05-21,PETR4,PETR4,36.79,37.09,36.57,36.68,36.68,27967400,36.79,37.09,36.57,36.68,1.0,37.09,36.57,0
2024-05-22,PETR4,PETR4,36.5,37.46,36.41,37.18,37.18,36528800,36.5,37.46,36.41,37.18,1.0,37.46,36.41,0
2024-05-23,PETR4,PETR4,37.44,37.71,36.57,36.81,36.81,47987800,37.44,37.71,36.57,36.81,1.0,37.71,36.57,0
2024-05-24,PETR4,PETR4,37.07,37.19,36.57,36.61,36.61,23644400,37.07,37.19,36.57,36.61,1.0,37.19,36.57,0
2024-05-27,PETR4,PETR4,36.72,37.08,36.69,37.01,37.01,13623300,36.72,37.08,36.69,37.01,1.0,37.08,36.69,0
2024-05-28,PETR4,PETR4,37.44,38.29,37.41,37.8,37.8,46437700,37.44,38.29,37.41,37.8,1.0,38.29,37.41,0
2024-05-29,PETR4,PETR4,37.71,37.92,37.44,37.75,37.75,29246800,37.71,37.92,37.44,37.75,1.0,37.92,37.44,0
2024-05-31,PETR4,PETR4,37.93,38.89,37.9,38.79,38.79,53928200,37.93,38.89,37.9,38.79,1.0,38.89,37.9,0
2024-06-03,PETR4,PETR4,38.83,38.93,38.44,38.58,38.58,43454500,38.83,38.93,38.44,38.58,1.0,38.93,38.44,0
2024-06-04,PETR4,PETR4,38.4,38.43,37.7,38.15,38.15,34090200,38.4,38.43,37.7,38.15,1.0,38.43,37.7,0
2024-06-05,PETR4,PETR4,38.26,38.43,38.07,38.2,38.2,18627100,38.26,38.43,38.07,38.2,1.0,38.43,38.07,0
2024-06-06,PETR4,PETR4,38.28,38.72,38.27,38.38,38.38,25944100,38.28,38.72,38.27,38.38,1.0,38.72,38.27,0
2024-06-07,PETR4,PETR4,38.22,38.47,36.86,36.94,36.94,45945000,38.22,38.47,36.86,36.94,1.0,38.47,36.86,0
2024-06-10,PETR4,PETR4,37.19,38.06,37.12,37.5,37.5,32560900,37.19,38.06,37.12,37.5,1.0,38.06,37.12,0
2024-06-11,PETR4,PETR4,37.81,38.0,37.5,37.66,37.66,31130300,37.81,38.0,37.5,37.66,1.0,38.0,37.5,0
2024-06-12,PETR4,PETR4,36.95,37.05,35.61,35.82,35.82,52182400,36.95,37.05,35.61,35.82,1.0,37.05,35.61,0
2024-06-13,PETR4,PETR4,35.9,36.19,34.85,35.46,35.46,46233500,35.9,36.19,34.85,35.46,1.0,36.19,34.85,0
2024-06-14,PETR4,PETR4,35.49,35.5,34.15,34.68,34.68,53519200,35.49,35.5,34.15,34.68,1.0,35.5,34.15,0
2024-06-17,PETR4,PETR4,34.41,35.13,34.27,34.81,34.81,40941800,34.41,35.13,34.27,34.81,1.0,35.13,34.27,0
2024-06-18,PETR4,PETR4,34.89,36.14,34.82,35.9,35.9,36180700,34.89,36.14,34.82,35.9,1.0,36.14,34.82,0
2024-06-19,PETR4,PETR4,35.9,36.12,35.57,35.93,35.93,20776200,35.9,36.12,35.57,35.93,1.0,36.12,35.57,0
2024-06-20,PETR4,PETR4,36.22,36.89,36.2,36.5,36.5,39442900,36.22,36.89,36.2,36.5,1.0,36.89,36.2,0
2024-06-21,PETR4,PETR4,36.55,36.96,36.38,36.72,36.72,43326000,36.55,36.96,36.38,36.72,1.0,36.96,36.38,0
2024-06-24,PETR4,PETR4,36.84,37.06,36.48,37.06,37.06,24599400,36.84,37.06,36.48,37.06,1.0,37.06,36.48,0
2024-06-25,PETR4,PETR4,37.05,37.12,36.76,37.03,37.03,18572600,37.05,37.12,36.76,37.03,1.0,37.12,36.76,0
2024-06-26,PETR4,PETR4,36.8,37.12,36.71,37.09,37.09,25553200,36.8,37.12,36.71,37.09,1.0,37.12,36.71,0
2024-06-27,PETR4,PETR4,37.51,37.96,37.32,37.71,37.71,37731000,37.51,37.96,37.32,37.71,1.0,37.96,37.32,0
2024-06-28,PETR4,PETR4,37.8,38.17,37.71,38.05,38.05,22019700,37.8,38.17,37.71,38.05,1.0,38.17,37.71,0
2024-07-01,PETR4,PETR4,38.31,38.76,38.18,38.63,38.63,24963500,38.31,38.76,38.18,38.63,1.0,38.76,38.18,0
2024-07-02,PETR4,PETR4,38.83,39.1,38.44,38.51,38.51,33346200,38.83,39.1,38.44,38.51,1.0,39.1,38.44,0
2024-07-03,PETR4,PETR4,38.7,38.79,37.76,37.84,37.84,38509400,38.7,38.79,37.76,37.84,1.0,38.79,37.76,0
2024-07-04,PETR4,PETR4,37.9,37.96,37.12,37.32,37.32,32698800,37.9,37.96,37.12,37.32,1.0,37.96,37.12,0
2024-07-05,PETR4,PETR4,37.45,37.65,37.11,37.52,37.52,32758800,37.45,37.65,37.11,37.52,1.0,37.65,37.11,0
2024-07-08,PETR4,PETR4,37.48,38.52,37.29,38.44,38.44,48845900,37.48,38.52,37.29,38.44,1.0,38.52,37.29,0
2024-07-09,PETR4,PETR4,38.45,38.7,38.27,38.43,38.43,34832500,38.45,38.7,38.27,38.43,1.0,38.7,38.27,0
2024-07-10,PETR4,PETR4,38.49,38.56,37.98,38.07,38.07,32899700,38.49,38.56,37.98,38.07,1.0,38.56,37.98,0
2024-07-11,PETR4,PETR4,38.16,38.45,38.11,38.33,38.33,17229400,38.16,38.45,38.11,38.33,1.0,38.45,38.11,0
2024-07-12,PETR4,PETR4,38.43,38.51,38.14,38.15,38.15,15779100,38.43,38.51,38.14,38.15,1.0,38.51,38.14,0
2024-07-15,PETR4,PETR4,38.3,38.73,38.2,38.5,38.5,22969200,38.3,38.73,38.2,38.5,1.0,38.73,38.2,0
2024-07-16,PETR4,PETR4,38.35,38.5,38.11,38.4,38.4,19637000,38.35,38.5,38.11,38.4,1.0,38.5,38.11,0
2024-07-17,PETR4,PETR4,38.43,38.69,38.34,38.6,38.6,24606100,38.43,38.69,38.34,38.6,1.0,38.69,38.34,0
2024-07-18,PETR4,PETR4,38.5,38.66,38.35,38.53,38.53,21315500,38.5,38.66,38.35,38.53,1.0,38.66,38.35,0
2024-07-19,PETR4,PETR4,38.5,38.77,38.39,38.69,38.69,30593100,38.5,38.77,38.39,38.69,1.0,38.77,38.39,0
2024-07-22,PETR4,PETR4,38.59,38.59,37.88,37.92,37.92,25807800,38.59,38.59,37.88,37.92,1.0,38.59,37.88,0
2024-07-23,PETR4,PETR4,37.92,38.0,37.43,37.43,37.43,25284700,37.92,38.0,37.43,37.43,1.0,38.0,37.43,0
2024-07-24,PETR4,PETR4,37.66,38.0,37.5,37.73,37.73,23863800,37.66,38.0,37.5,37.73,1.0,38.0,37.5,0
2024-07-25,PETR4,PETR4,37.56,37.75,37.27,37.68,37.68,19562600,37.56,37.75,37.27,37.68,1.0,37.75,37.27,0
2024-07-26,PETR4,PETR4,37.67,38.13,37.42,37.64,37.64,32043200,37.67,38.13,37.42,37.64,1.0,38.13,37.42,0
2024-07-29,PETR4,PETR4,37.51,37.72,36.42,36.88,36.88,39790000,37.51,37.72,36.42,36.88,1.0,37.72,36.42,0
2024-07-30,PETR4,PETR4,36.51,36.77,36.39,36.65,36.65,16040700,36.51,36.77,36.39,36.65,1.0,36.77,36.39,0
2024-07-31,PETR4,PETR4,37.05,37.41,36.96,37.41,37.41,28561100,37.05,37.41,36.96,37.41,1.0,37.41,36.96,0
2024-08-01,PETR4,PETR4,37.75,37.83,36.79,36.84,36.84,29756300,37.75,37.83,36.79,36.84,1.0,37.83,36.79,0
2024-08-02,PETR4,PETR4,36.72,36.8,35.73,35.73,35.73,36472700,36.72,36.8,35.73,35.73,1.0,36.8,35.73,0
2024-08-05,PETR4,PETR4,34.8,35.7,34.6,35.7,35.7,44765900,34.8,35.7,34.6,35.7,1.0,35.7,34.6,0
2024-08-06,PETR4,PETR4,35.6,36.66,35.34,36.32,36.32,36009000,35.6,36.66,35.34,36.32,1.0,36.66,35.34,0
2024-08-07,PETR4,PETR4,36.7,36.75,36.0,36.27,36.27,25020500,36.7,36.75,36.0,36.27,1.0,36.75,36.0,0
2024-08-08,PETR4,PETR4,36.35,36.95,36.16,36.85,36.85,29870300,36.35,36.95,36.16,36.85,1.0,36.95,36.16,0
2024-08-09,PETR4,PETR4,36.13,36.95,35.58,36.51,36.51,66077900,36.13,36.95,35.58,36.51,1.0,36.95,35.58,0
2024-08-12,PETR4,PETR4,36.8,37.81,36.8,37.34,37.34,39655100,36.8,37.81,36.8,37.34,1.0,37.81,36.8,0
2024-08-13,PETR4,PETR4,37.53,37.63,36.97,37.11,37.11,28557200,37.53,37.63,36.97,37.11,1.0,37.63,36.97,0
2024-08-14,PETR4,PETR4,37.19,38.0,37.16,37.76,37.76,37955500,37.19,38.0,37.16,37.76,1.0,38.0,37.16,0
2024-08-15,PETR4,PETR4,38.05,38.56,38.0,38.34,38.34,33409000,38.05,38.56,38.0,38.34,1.0,38.56,38.0,0
2024-08-16,PETR4,PETR4,38.17,38.77,38.03,38.5,38.5,35471900,38.17,38.77,38.03,38.5,1.0,38.77,38.03,0
2024-08-19,PETR4,PETR4,38.6,38.79,38.4,38.44,38.44,28138200,38.6,38.79,38.4,38.44,1.0,38.79,38.4,0
2024-08-20,PETR4,PETR4,38.5,38.68,37.89,38.29,38.29,27322600,38.5,38.68,37.89,38.29,1.0,38.68,37.89,0
2024-08-21,PETR4,PETR4,38.68,38.79,37.94,38.06,38.06,38491900,38.68,38.79,37.94,38.06,1.0,38.79,37.94,0
2024-08-22,PETR4,PETR4,37.28,37.3,36.86,37.12,37.12,26334300,37.28,37.3,36.86,37.12,1.0,37.3,36.86,0
2024-08-23,PETR4,PETR4,37.37,37.53,36.89,36.89,36.89,29076400,37.37,37.53,36.89,36.89,1.0,37.53,36.89,0
2024-08-26,PETR4,PETR4,37.86,39.61,37.71,39.57,39.57,102270300,37.86,39.61,37.71,39.57,1.0,39.61,37.71,0
2024-08-27,PETR4,PETR4,39.25,39.37,38.95,39.04,39.04,34871100,39.25,39.37,38.95,39.04,1.0,39.37,38.95,0
2024-08-28,PETR4,PETR4,38.94,39.86,38.78,39.6,39.6,43284500,38.94,39.86,38.78,39.6,1.0,39.86,38.78,0
2024-08-29,PETR4,PETR4,39.65,39.83,39.28,39.33,39.33,25356600,39.65,39.83,39.28,39.33,1.0,39.83,39.28,0
2024-08-30,PETR4,PETR4,39.22,39.65,38.88,39.37,39.37,84437200,39.22,39.65,38.88,39.37,1.0,39.65,38.88,0
2024-09-02,PETR4,PETR4,39.33,39.4,38.89,39.0,39.0,15288400,39.33,39.4,38.89,39.0,1.0,39.4,38.89,0
2024-09-03,PETR4,PETR4,38.79,38.82,38.38,38.53,38.53,35866300,38.79,38.82,38.38,38.53,1.0,38.82,38.38,0
2024-09-04,PETR4,PETR4,38.74,38.92,38.52,38.54,38.54,28851300,38.74,38.92,38.52,38.54,1.0,38.92,38.52,0
2024-09-05,PETR4,PETR4,38.65,38.89,38.3,38.3,38.3,26206600,38.65,38.89,38.3,38.3,1.0,38.89,38.3,0
2024-09-06,PETR4,PETR4,38.37,38.45,37.47,37.55,37.55,32969400,38.37,38.45,37.47,37.55,1.0,38.45,37.47,0
2024-09-09,PETR4,PETR4,37.84,38.25,37.61,37.96,37.96,30521800,37.84,38.25,37.61,37.96,1.0,38.25,37.61,0
2024-09-10,PETR4,PETR4,37.92,37.92,37.0,37.33,37.33,37263500,37.92,37.92,37.0,37.33,1.0,37.92,37.0,0
2024-09-11,PETR4,PETR4,37.76,37.83,36.87,37.29,37.29,32907000,37.76,37.83,36.87,37.29,1.0,37.83,36.87,0
2024-09-12,PETR4,PETR4,37.29,37.32,36.75,36.87,36.87,22103300,37.29,37.32,36.75,36.87,1.0,37.32,36.75,0
2024-09-13,PETR4,PETR4,37.11,37.55,36.59,36.7,36.7,34729600,37.11,37.55,36.59,36.7,1.0,37.55,36.59,0
2024-09-16,PETR4,PETR4,37.24,37.72,37.16,37.21,37.21,22614800,37.24,37.72,37.16,37.21,1.0,37.72,37.16,0
2024-09-17,PETR4,PETR4,37.17,37.19,36.7,37.04,37.04,23443700,37.17,37.19,36.7,37.04,1.0,37.19,36.7,0
2024-09-18,PETR4,PETR4,36.91,36.93,36.15,36.15,36.15,38777000,36.91,36.93,36.15,36.15,1.0,36.93,36.15,0
2024-09-19,PETR4,PETR4,36.57,36.78,36.19,36.27,36.27,25059700,36.57,36.78,36.19,36.27,1.0,36.78,36.19,0
2024-09-20,PETR4,PETR4,36.27,36.4,36.07,36.26,36.26,48324300,36.27,36.4,36.07,36.26,1.0,36.4,36.07,0
2024-09-23,PETR4,PETR4,36.39,36.96,36.22,36.63,36.63,28218500,36.39,36.96,36.22,36.63,1.0,36.96,36.22,0
2024-09-24,PETR4,PETR4,37.23,37.31,36.72,36.78,36.78,35104100,37.23,37.31,36.72,36.78,1.0,37.31,36.72,0
2024-09-25,PETR4,PETR4,37.1,37.43,36.96,37.05,37.05,38655300,37.1,37.43,36.96,37.05,1.0,37.43,36.96,0
2024-09-26,PETR4,PETR4,36.92,36.92,35.97,36.25,36.25,58048200,36.92,36.92,35.97,36.25,1.0,36.92,35.97,0
2024-09-27,PETR4,PETR4,36.38,36.38,35.93,36.11,36.11,34537400,36.38,36.38,35.93,36.11,1.0,36.38,35.93,0
2024-09-30,PETR4,PETR4,36.16,36.28,35.92,36.01,36.01,21146300,36.16,36.28,35.92,36.01,1.0,36.28,35.92,0
2024-10-01,PETR4,PETR4,36.01,37.52,35.83,36.97,36.97,49748200,36.01,37.52,35.83,36.97,1.0,37.52,35.83,0
2024-10-02,PETR4,PETR4,37.75,37.93,37.35,37.48,37.48,32014500,37.75,37.93,37.35,37.48,1.0,37.93,37.35,0
2024-10-03,PETR4,PETR4,37.44,38.04,37.21,37.94,37.94,31033000,37.44,38.04,37.21,37.94,1.0,38.04,37.21,0
2024-10-04,PETR4,PETR4,38.15,38.2,37.67,37.84,37.84,22526200,38.15,38.2,37.67,37.84,1.0,38.2,37.67,0
2024-10-07,PETR4,PETR4,38.04,38.38,37.9,38.37,38.37,36418000,38.04,38.38,37.9,38.37,1.0,38.38,37.9,0
2024-10-08,PETR4,PETR4,37.8,37.87,37.31,37.6,37.6,34142000,37.8,37.87,37.31,37.6,1.0,37.87,37.31,0
2024-10-09,PETR4,PETR4,37.37,37.52,37.01,37.22,37.22,30789800,37.37,37.52,37.01,37.22,1.0,37.52,37.01,0
2024-10-10,PETR4,PETR4,37.4,37.74,37.32,37.65,37.65,20630100,37.4,37.74,37.32,37.65,1.0,37.74,37.32,0
2024-10-11,PETR4,PETR4,37.6,37.65,37.32,37.62,37.62,16335000,37.6,37.65,37.32,37.62,1.0,37.65,37.32,0
2024-10-14,PETR4,PETR4,37.47,37.9,37.35,37.71,37.71,22279000,37.47,37.9,37.35,37.71,1.0,37.9,37.35,0
2024-10-15,PETR4,PETR4,37.21,37.41,37.06,37.4,37.4,28204600,37.21,37.41,37.06,37.4,1.0,37.41,37.06,0
2024-10-16,PETR4,PETR4,37.55,37.58,37.19,37.21,37.21,23041200,37.55,37.58,37.19,37.21,1.0,37.58,37.19,0
2024-10-17,PETR4,PETR4,37.21,37.21,36.69,36.93,36.93,22174300,37.21,37.21,36.69,36.93,1.0,37.21,36.69,0
2024-10-18,PETR4,PETR4,36.98,37.07,36.41,36.83,36.83,31978400,36.98,37.07,36.41,36.83,1.0,37.07,36.41,0
2024-10-21,PETR4,PETR4,37.0,37.05,36.2,36.25,36.25,28390000,37.0,37.05,36.2,36.25,1.0,37.05,36.2,0
2024-10-22,PETR4,PETR4,36.2,36.3,35.99,36.11,36.11,29144300,36.2,36.3,35.99,36.11,1.0,36.3,35.99,0
2024-10-23,PETR4,PETR4,35.91,35.94,35.57,35.66,35.66,30769100,35.91,35.94,35.57,35.66,1.0,35.94,35.57,0
2024-10-24,PETR4,PETR4,35.85,36.03,35.56,35.9,35.9,23058900,35.85,36.03,35.56,35.9,1.0,36.03,35.56,0
2024-10-25,PETR4,PETR4,35.96,36.49,35.85,36.15,36.15,32567000,35.96,36.49,35.85,36.15,1.0,36.49,35.85,0
2024-10-28,PETR4,PETR4,35.49,36.13,35.34,36.09,36.09,27507100,35.49,36.13,35.34,36.09,1.0,36.13,35.34,0
2024-10-29,PETR4,PETR4,36.33,36.42,35.8,36.01,36.01,26090200,36.33,36.42,35.8,36.01,1.0,36.42,35.8,0
2024-10-30,PETR4,PETR4,36.12,36.37,35.85,35.85,35.85,26144700,36.12,36.37,35.85,35.85,1.0,36.37,35.85,0
2024-10-31,PETR4,PETR4,35.87,36.05,35.63,35.91,35.91,25597000,35.87,36.05,35.63,35.91,1.0,36.05,35.63,0
2024-11-01,PETR4,PETR4,36.2,36.37,35.3,35.42,35.42,30605300,36.2,36.37,35.3,35.42,1.0,36.37,35.3,0
2024-11-04,PETR4,PETR4,35.9,35.95,35.38,35.5,35.5,24003600,35.9,35.95,35.38,35.5,1.0,35.95,35.38,0
2024-11-05,PETR4,PETR4,35.5,35.6,35.03,35.39,35.39,23990600,35.5,35.6,35.03,35.39,1.0,35.6,35.03,0
2024-11-06,PETR4,PETR4,35.05,35.46,35.04,35.4,35.4,28440800,35.05,35.46,35.04,35.4,1.0,35.46,35.04,0
2024-11-07,PETR4,PETR4,35.49,35.89,35.27,35.51,35.51,34081200,35.49,35.89,35.27,35.51,1.0,35.89,35.27,0
2024-11-08,PETR4,PETR4,35.85,36.32,35.54,36.18,36.18,49792700,35.85,36.32,35.54,36.18,1.0,36.32,35.54,0
2024-11-11,PETR4,PETR4,35.99,36.42,35.9,36.25,36.25,21413600,35.99,36.42,35.9,36.25,1.0,36.42,35.9,0
2024-11-12,PETR4,PETR4,36.36,37.11,36.34,36.93,36.93,39412300,36.36,37.11,36.34,36.93,1.0,37.11,36.34,0
2024-11-13,PETR4,PETR4,36.95,37.07,36.53,36.88,36.88,34090000,36.95,37.07,36.53,36.88,1.0,37.07,36.53,0
2024-11-14,PETR4,PETR4,36.92,37.33,36.86,37.27,37.27,30060900,36.92,37.33,36.86,37.27,1.0,37.33,36.86,0
2024-11-18,PETR4,PETR4,37.2,38.3,37.2,38.2,38.2,39004100,37.2,38.3,37.2,38.2,1.0,38.3,37.2,0
2024-11-19,PETR4,PETR4,38.1,38.3,37.65,37.8,37.8,26002700,38.1,38.3,37.65,37.8,1.0,38.3,37.65,0
2024-11-21,PETR4,PETR4,37.97,38.13,37.55,37.91,37.91,36048400,37.97,38.13,37.55,37.91,1.0,38.13,37.55,0
2024-11-22,PETR4,PETR4,38.71,39.83,38.47,39.42,39.42,85203800,38.71,39.83,38.47,39.42,1.0,39.83,38.47,0
2024-11-25,PETR4,PETR4,39.38,39.86,39.15,39.18,39.18,41119500,39.38,39.86,39.15,39.18,1.0,39.86,39.15,0
2024-11-26,PETR4,PETR4,39.36,39.51,39.06,39.13,39.13,35188200,39.36,39.51,39.06,39.13,1.0,39.51,39.06,0
2024-11-27,PETR4,PETR4,39.2,39.36,38.75,38.99,38.99,30600700,39.2,39.36,38.75,38.99,1.0,39.36,38.75,0
2024-11-28,PETR4,PETR4,38.81,39.3,38.38,38.59,38.59,33113500,38.81,39.3,38.38,38.59,1.0,39.3,38.38,0
2024-11-29,PETR4,PETR4,38.5,39.22,38.41,38.9,38.9,43990100,38.5,39.22,38.41,38.9,1.0,39.22,38.41,0
2024-12-02,PETR4,PETR4,38.9,39.4,38.77,39.15,39.15,31711800,38.9,39.4,38.77,39.15,1.0,39.4,38.77,0
2024-12-03,PETR4,PETR4,39.4,39.5,39.08,39.5,39.5,22536200,39.4,39.5,39.08,39.5,1.0,39.5,39.08,0
2024-12-04,PETR4,PETR4,39.5,39.86,38.98,39.25,39.25,31584400,39.5,39.86,38.98,39.25,1.0,39.86,38.98,0
2024-12-05,PETR4,PETR4,39.39,39.81,39.21,39.64,39.64,25214200,39.39,39.81,39.21,39.64,1.0,39.81,39.21,0
2024-12-06,PETR4,PETR4,39.64,39.7,38.96,39.03,39.03,31004900,39.64,39.7,38.96,39.03,1.0,39.7,38.96,0
2024-12-09,PETR4,PETR4,39.38,40.17,39.36,40.04,40.04,28547300,39.38,40.17,39.36,40.04,1.0,40.17,39.36,0
2024-12-10,PETR4,PETR4,40.3,40.43,40.11,40.19,40.19,21837600,40.3,40.43,40.11,40.19,1.0,40.43,40.11,0
2024-12-11,PETR4,PETR4,40.35,40.76,39.95,40.59,40.59,46900900,40.35,40.76,39.95,40.59,1.0,40.76,39.95,0
2024-12-12,PETR4,PETR4,38.72,38.89,38.12,38.34,38.34,38310500,38.72,38.89,38.12,38.34,1.0,38.89,38.12,0
2024-12-13,PETR4,PETR4,38.6,38.73,37.92,38.1,38.1,23151200,38.6,38.73,37.92,38.1,1.0,38.73,37.92,0
2024-12-16,PETR4,PETR4,38.19,38.26,37.83,37.94,37.94,21349400,38.19,38.26,37.83,37.94,1.0,38.26,37.83,0
2024-12-17,PETR4,PETR4,37.94,38.49,37.83,38.3,38.3,39617200,37.94,38.49,37.83,38.3,1.0,38.49,37.83,0
2024-12-18,PETR4,PETR4,38.28,38.4,37.31,37.31,37.31,58099400,38.28,38.4,37.31,37.31,1.0,38.4,37.31,0
2024-12-19,PETR4,PETR4,37.66,37.93,36.98,37.16,37.16,43268400,37.66,37.93,36.98,37.16,1.0,37.93,36.98,0
2024-12-20,PETR4,PETR4,37.16,37.35,36.71,36.85,36.85,59155000,37.16,37.35,36.71,36.85,1.0,37.35,36.71,0
2024-12-23,PETR4,PETR4,37.0,37.05,36.72,36.86,36.86,43785600,37.0,37.05,36.72,36.86,1.0,37.05,36.72,0
2024-12-26,PETR4,PETR4,35.63,36.0,35.6,35.77,35.77,22920700,35.63,36.0,35.6,35.77,1.0,36.0,35.6,0
2024-12-27,PETR4,PETR4,36.0,36.0,35.61,35.66,35.66,24155900,36.0,36.0,35.61,35.66,1.0,36.0,35.61,0
2024-12-30,PETR4,PETR4,35.78,36.37,35.77,36.19,36.19,22355600,35.78,36.37,35.77,36.19,1.0,36.37,35.77,0
2025-01-02,PETR4,PETR4,36.42,37.09,36.19,36.77,36.77,30046800,36.42,37.09,36.19,36.77,1.0,37.09,36.19,0
2025-01-03,PETR4,PETR4,36.88,37.04,36.32,36.38,36.38,23274100,36.88,37.04,36.32,36.38,1.0,37.04,36.32,0
2025-01-06,PETR4,PETR4,36.6,36.69,36.06,36.21,36.21,23760200,36.6,36.69,36.06,36.21,1.0,36.69,36.06,0
2025-01-07,PETR4,PETR4,36.55,37.25,36.3,36.98,36.98,37753300,36.55,37.25,36.3,36.98,1.0,37.25,36.3,0
2025-01-08,PETR4,PETR4,36.99,37.12,36.43,36.68,36.68,24483500,36.99,37.12,36.43,36.68,1.0,37.12,36.43,0
2025-01-09,PETR4,PETR4,36.7,36.97,36.7,36.84,36.84,11526600,36.7,36.97,36.7,36.84,1.0,36.97,36.7,0
2025-01-10,PETR4,PETR4,37.25,37.52,36.9,36.94,36.94,40328800,37.25,37.52,36.9,36.94,1.0,37.52,36.9,0
2025-01-13,PETR4,PETR4,37.3,37.53,36.97,37.07,37.07,22897100,37.3,37.53,36.97,37.07,1.0,37.53,36.97,0
2025-01-14,PETR4,PETR4,37.11,37.13,36.58,36.82,36.82,29173100,37.11,37.13,36.58,36.82,1.0,37.13,36.58,0
2025-01-15,PETR4,PETR4,36.93,37.32,36.8,37.29,37.29,32512700,36.93,37.32,36.8,37.29,1.0,37.32,36.8,0
2025-01-16,PETR4,PETR4,37.21,37.24,36.77,37.05,37.05,26733200,37.21,37.24,36.77,37.05,1.0,37.24,36.77,0
2025-01-17,PETR4,PETR4,37.01,37.4,36.85,37.2,37.2,39941100,37.01,37.4,36.85,37.2,1.0,37.4,36.85,0
2025-01-20,PETR4,PETR4,37.22,37.43,37.11,37.29,37.29,13912800,37.22,37.43,37.11,37.29,1.0,37.43,37.11,0
2025-01-21,PETR4,PETR4,37.1,37.35,36.72,37.3,37.3,23612200,37.1,37.35,36.72,37.3,1.0,37.35,36.72,0
2025-01-22,PETR4,PETR4,37.36,37.63,37.03,37.09,37.09,21832200,37.36,37.63,37.03,37.09,1.0,37.63,37.03,0
2025-01-23,PETR4,PETR4,37.12,37.41,36.7,36.83,36.83,26725700,37.12,37.41,36.7,36.83,1.0,37.41,36.7,0
2025-01-24,PETR4,PETR4,36.88,36.9,36.4,36.64,36.64,16216500,36.88,36.9,36.4,36.64,1.0,36.9,36.4,0
2025-01-27,PETR4,PETR4,36.57,37.3,36.47,37.18,37.18,29809700,36.57,37.3,36.47,37.18,1.0,37.3,36.47,0
2025-01-28,PETR4,PETR4,37.4,37.49,36.88,37.13,37.13,27621700,37.4,37.49,36.88,37.13,1.0,37.49,36.88,0
2025-01-29,PETR4,PETR4,37.2,37.33,36.76,36.9,36.9,18204400,37.2,37.33,36.76,36.9,1.0,37.33,36.76,0
2025-01-30,PETR4,PETR4,37.04,37.51,36.8,37.39,37.39,30916000,37.04,37.51,36.8,37.39,1.0,37.51,36.8,0
2025-01-31,PETR4,PETR4,37.39,38.37,37.25,37.69,37.69,37044800,37.39,38.37,37.25,37.69,1.0,38.37,37.25,0
2025-02-03,PETR4,PETR4,37.76,37.81,37.38,37.5,37.5,24877600,37.76,37.81,37.38,37.5,1.0,37.81,37.38,0
2025-02-04,PETR4,PETR4,37.3,37.35,36.82,37.13,37.13,34290300,37.3,37.35,36.82,37.13,1.0,37.35,36.82,0
2025-02-05,PETR4,PETR4,37.05,37.07,36.75,36.86,36.86,20539800,37.05,37.07,36.75,36.86,1.0,37.07,36.75,0
2025-02-06,PETR4,PETR4,36.84,37.12,36.7,36.79,36.79,17512400,36.84,37.12,36.7,36.79,1.0,37.12,36.7,0
2025-02-07,PETR4,PETR4,36.86,37.03,36.37,36.58,36.58,21438700,36.86,37.03,36.37,36.58,1.0,37.03,36.37,0
2025-02-10,PETR4,PETR4,36.81,37.03,36.72,36.83,36.83,17483300,36.81,37.03,36.72,36.83,1.0,37.03,36.72,0
2025-02-11,PETR4,PETR4,37.01,37.09,36.68,36.83,36.83,16624300,37.01,37.09,36.68,36.83,1.0,37.09,36.68,0
2025-02-12,PETR4,PETR4,36.65,36.75,36.11,36.28,36.28,37364500,36.65,36.75,36.11,36.28,1.0,36.75,36.11,0
2025-02-13,PETR4,PETR4,36.2,36.33,36.02,36.32,36.32,15351300,36.2,36.33,36.02,36.32,1.0,36.33,36.02,0
2025-02-14,PETR4,PETR4,36.44,37.58,36.4,37.44,37.44,40322000,36.44,37.58,36.4,37.44,1.0,37.58,36.4,0
2025-02-17,PETR4,PETR4,37.64,37.92,37.47,37.67,37.67,22615200,37.64,37.92,37.47,37.67,1.0,37.92,37.47,0
2025-02-18,PETR4,PETR4,37.72,38.44,37.71,38.36,38.36,44062600,37.72,38.44,37.71,38.36,1.0,38.44,37.71,0
2025-02-19,PETR4,PETR4,38.11,38.66,37.87,38.44,38.44,32648200,38.11,38.66,37.87,38.44,1.0,38.66,37.87,0
2025-02-20,PETR4,PETR4,38.42,38.57,38.31,38.5,38.5,26641200,38.42,38.57,38.31,38.5,1.0,38.57,38.31,0
2025-02-21,PETR4,PETR4,38.53,38.53,38.17,38.39,38.39,30115200,38.53,38.53,38.17,38.39,1.0,38.53,38.17,0
2025-02-24,PETR4,PETR4,38.5,38.51,37.8,38.12,38.12,27830300,38.5,38.51,37.8,38.12,1.0,38.51,37.8,0
2025-02-25,PETR4,PETR4,38.12,38.44,37.83,37.95,37.95,31960900,38.12,38.44,37.83,37.95,1.0,38.44,37.83,0
2025-02-26,PETR4,PETR4,38.25,38.25,37.75,37.95,37.95,27420200,38.25,38.25,37.75,37.95,1.0,38.25,37.75,0
2025-02-27,PETR4,PETR4,36.36,36.74,35.48,36.61,36.61,129693500,36.36,36.74,35.48,36.61,1.0,36.74,35.48,0
2025-02-28,PETR4,PETR4,36.49,36.55,35.81,35.93,35.93,55476800,36.49,36.55,35.81,35.93,1.0,36.55,35.81,0
2025-03-05,PETR4,PETR4,35.02,35.11,34.55,34.62,34.62,48552000,35.02,35.11,34.55,34.62,1.0,35.11,34.55,0
2025-03-06,PETR4,PETR4,34.81,35.12,34.03,34.26,34.26,47749600,34.81,35.12,34.03,34.26,1.0,35.12,34.03,0
2025-03-07,PETR4,PETR4,34.29,34.93,34.23,34.63,34.63,28074700,34.29,34.93,34.23,34.63,1.0,34.93,34.23,0
2025-03-10,PETR4,PETR4,34.58,34.62,34.0,34.62,34.62,35037200,34.58,34.62,34.0,34.62,1.0,34.62,34.0,0
2025-03-11,PETR4,PETR4,34.75,34.9,33.91,34.1,34.1,28805400,34.75,34.9,33.91,34.1,1.0,34.9,33.91,0
2025-03-12,PETR4,PETR4,34.16,34.4,33.96,34.1,34.1,20149100,34.16,34.4,33.96,34.1,1.0,34.4,33.96,0
2025-03-13,PETR4,PETR4,34.18,34.54,34.04,34.44,34.44,19263600,34.18,34.54,34.04,34.44,1.0,34.54,34.04,0
2025-03-14,PETR4,PETR4,34.6,35.76,34.37,35.5,35.5,41510300,34.6,35.76,34.37,35.5,1.0,35.76,34.37,0
2025-03-17,PETR4,PETR4,35.61,36.41,35.6,36.16,36.16,31175900,35.61,36.41,35.6,36.16,1.0,36.41,35.6,0
2025-03-18,PETR4,PETR4,36.19,36.41,35.91,36.19,36.19,15086400,36.19,36.41,35.91,36.19,1.0,36.41,35.91,0
2025-03-19,PETR4,PETR4,36.27,36.33,36.03,36.16,36.16,21180500,36.27,36.33,36.03,36.16,1.0,36.33,36.03,0
2025-03-20,PETR4,PETR4,36.16,36.48,35.76,36.24,36.24,46921900,36.16,36.48,35.76,36.24,1.0,36.48,35.76,0
2025-03-21,PETR4,PETR4,36.22,37.03,36.18,36.8,36.8,61175700,36.22,37.03,36.18,36.8,1.0,37.03,36.18,0
2025-03-24,PETR4,PETR4,36.7,36.94,36.5,36.75,36.75,20348000,36.7,36.94,36.5,36.75,1.0,36.94,36.5,0
2025-03-25,PETR4,PETR4,36.85,37.52,36.63,37.04,37.04,28036100,36.85,37.52,36.63,37.04,1.0,37.52,36.63,0
2025-03-26,PETR4,PETR4,37.15,37.63,37.15,37.39,37.39,26870300,37.15,37.63,37.15,37.39,1.0,37.63,37.15,0
2025-03-27,PETR4,PETR4,37.43,37.97,37.39,37.67,37.67,28444400,37.43,37.97,37.39,37.67,1.0,37.97,37.39,0
2025-03-28,PETR4,PETR4,37.65,37.88,37.09,37.43,37.43,22053700,37.65,37.88,37.09,37.43,1.0,37.88,37.09,0
2025-03-31,PETR4,PETR4,37.35,37.64,37.08,37.16,37.16,26049400,37.35,37.64,37.08,37.16,1.0,37.64,37.08,0
2025-04-01,PETR4,PETR4,37.3,37.97,37.2,37.3,37.3,19075600,37.3,37.97,37.2,37.3,1.0,37.97,37.2,0
2025-04-02,PETR4,PETR4,37.27,37.3,36.83,37.2,37.2,16959200,37.27,37.3,36.83,37.2,1.0,37.3,36.83,0
2025-04-03,PETR4,PETR4,36.15,36.3,35.61,36.0,36.0,65896000,36.15,36.3,35.61,36.0,1.0,36.3,35.61,0
2025-04-04,PETR4,PETR4,34.74,35.01,33.81,34.55,34.55,87234700,34.74,35.01,33.81,34.55,1.0,35.01,33.81,0
2025-04-07,PETR4,PETR4,33.92,34.56,33.11,33.18,33.18,85724900,33.92,34.56,33.11,33.18,1.0,34.56,33.11,0
2025-04-08,PETR4,PETR4,33.7,33.94,31.88,32.0,32.0,62128500,33.7,33.94,31.88,32.0,1.0,33.94,31.88,0
2025-04-09,PETR4,PETR4,31.31,33.58,31.04,33.3,33.3,106391600,31.31,33.58,31.04,33.3,1.0,33.58,31.04,0
2025-04-10,PETR4,PETR4,33.0,33.02,31.2,31.23,31.23,71250600,33.0,33.02,31.2,31.23,1.0,33.02,31.2,0
2025-04-11,PETR4,PETR4,31.5,32.3,30.78,31.85,31.85,65323100,31.5,32.3,30.78,31.85,1.0,32.3,30.78,0
2025-04-14,PETR4,PETR4,32.6,32.88,31.44,31.73,31.73,56015200,32.6,32.88,31.44,31.73,1.0,32.88,31.44,0
2025-04-15,PETR4,PETR4,31.73,31.87,30.98,31.0,31.0,58276900,31.73,31.87,30.98,31.0,1.0,31.87,30.98,0
2025-04-16,PETR4,PETR4,31.29,31.47,30.85,31.0,31.0,73227700,31.29,31.47,30.85,31.0,1.0,31.47,30.85,0
2025-04-17,PETR4,PETR4,30.67,31.18,30.46,30.85,30.85,65743000,30.67,31.18,30.46,30.85,1.0,31.18,30.46,0
2025-04-22,PETR4,PETR4,30.8,31.25,30.33,30.92,30.92,41683900,30.8,31.25,30.33,30.92,1.0,31.25,30.33,0
2025-04-23,PETR4,PETR4,31.35,31.78,30.5,30.57,30.57,71566500,31.35,31.78,30.5,30.57,1.0,31.78,30.5,0
2025-04-24,PETR4,PETR4,30.81,30.84,30.06,30.43,30.43,61589200,30.81,30.84,30.06,30.43,1.0,30.84,30.06,0
2025-04-25,PETR4,PETR4,30.34,30.73,30.2,30.52,30.52,35579100,30.34,30.73,30.2,30.52,1.0,30.73,30.2,0
2025-04-28,PETR4,PETR4,30.56,30.78,30.25,30.4,30.4,27362000,30.56,30.78,30.25,30.4,1.0,30.78,30.25,0
2025-04-29,PETR4,PETR4,30.3,30.81,30.15,30.56,30.56,33041100,30.3,30.81,30.15,30.56,1.0,30.81,30.15,0
2025-04-30,PETR4,PETR4,30.41,30.58,29.96,29.99,29.99,52798300,30.41,30.58,29.96,29.99,1.0,30.58,29.96,0
2025-05-02,PETR4,PETR4,30.2,30.81,29.97,30.81,30.81,33146600,30.2,30.81,29.97,30.81,1.0,30.81,29.97,0
2025-05-05,PETR4,PETR4,30.57,30.62,29.66,29.66,29.66,59011700,30.57,30.62,29.66,29.66,1.0,30.62,29.66,0
2025-05-06,PETR4,PETR4,30.11,30.39,29.96,30.15,30.15,52751300,30.11,30.39,29.96,30.15,1.0,30.39,29.96,0
2025-05-07,PETR4,PETR4,30.3,30.3,29.9,30.29,30.29,35050400,30.3,30.3,29.9,30.29,1.0,30.3,29.9,0
2025-05-08,PETR4,PETR4,30.59,31.03,30.45,30.71,30.71,44665000,30.59,31.03,30.45,30.71,1.0,31.03,30.45,0
2025-05-09,PETR4,PETR4,31.1,31.18,30.64,30.91,30.91,25074200,31.1,31.18,30.64,30.91,1.0,31.18,30.64,0
2025-05-12,PETR4,PETR4,31.9,32.17,31.65,31.65,31.65,53493600,31.9,32.17,31.65,31.65,1.0,32.17,31.65,0
2025-05-13,PETR4,PETR4,31.77,32.25,31.35,32.13,32.13,56165300,31.77,32.25,31.35,32.13,1.0,32.25,31.35,0
2025-05-14,PETR4,PETR4,32.0,32.12,31.7,31.91,31.91,28060100,32.0,32.12,31.7,31.91,1.0,32.12,31.7,0
2025-05-15,PETR4,PETR4,31.7,32.09,31.59,31.87,31.87,32468300,31.7,32.09,31.59,31.87,1.0,32.09,31.59,0
2025-05-16,PETR4,PETR4,31.84,32.16,31.66,32.02,32.02,48080000,31.84,32.16,31.66,32.02,1.0,32.16,31.66,0
2025-05-19,PETR4,PETR4,31.84,32.13,31.7,31.98,31.98,30200500,31.84,32.13,31.7,31.98,1.0,32.13,31.7,0
2025-05-20,PETR4,PETR4,32.05,32.41,31.95,32.11,32.11,33485800,32.05,32.41,31.95,32.11,1.0,32.41,31.95,0
2025-05-21,PETR4,PETR4,32.21,32.39,31.69,31.75,31.75,28724100,32.21,32.39,31.69,31.75,1.0,32.39,31.69,0
2025-05-22,PETR4,PETR4,31.64,31.65,31.21,31.33,31.33,42207300,31.64,31.65,31.21,31.33,1.0,31.65,31.21,0
2025-05-23,PETR4,PETR4,31.09,31.4,30.87,31.4,31.4,25725100,31.09,31.4,30.87,31.4,1.0,31.4,30.87,0
2025-05-26,PETR4,PETR4,31.46,31.53,31.14,31.3,31.3,21277100,31.46,31.53,31.14,31.3,1.0,31.53,31.14,0
2025-05-27,PETR4,PETR4,31.52,31.67,31.36,31.53,31.53,34361500,31.52,31.67,31.36,31.53,1.0,31.67,31.36,0
2025-05-28,PETR4,PETR4,31.67,31.72,31.43,31.43,31.43,30516200,31.67,31.72,31.43,31.43,1.0,31.72,31.43,0
2025-05-29,PETR4,PETR4,31.48,31.5,31.05,31.24,31.24,20778800,31.48,31.5,31.05,31.24,1.0,31.5,31.05,0
2025-05-30,PETR4,PETR4,31.15,31.27,30.9,30.9,30.9,45127700,31.15,31.27,30.9,30.9,1.0,31.27,30.9,0
2025-06-02,PETR4,PETR4,31.64,31.65,31.01,31.08,31.08,35111000,31.64,31.65,31.01,31.08,1.0,31.65,31.01,0
2025-06-03,PETR4,PETR4,29.88,30.3,29.39,30.18,30.18,59828700,29.88,30.3,29.39,30.18,1.0,30.3,29.39,0
2025-06-04,PETR4,PETR4,30.24,30.45,29.27,29.35,29.35,41952900,30.24,30.45,29.27,29.35,1.0,30.45,29.27,0
2025-06-05,PETR4,PETR4,29.5,29.64,29.21,29.36,29.36,23774000,29.5,29.64,29.21,29.36,1.0,29.64,29.21,0
2025-06-06,PETR4,PETR4,29.45,29.83,29.36,29.63,29.63,28069200,29.45,29.83,29.36,29.63,1.0,29.83,29.36,0
2025-06-09,PETR4,PETR4,29.22,29.47,28.86,29.17,29.17,43834800,29.22,29.47,28.86,29.17,1.0,29.47,28.86,0
2025-06-10,PETR4,PETR4,29.41,30.22,29.35,30.05,30.05,46241800,29.41,30.22,29.35,30.05,1.0,30.22,29.35,0
2025-06-11,PETR4,PETR4,30.3,31.16,30.3,31.05,31.05,52432400,30.3,31.16,30.3,31.05,1.0,31.16,30.3,0
2025-06-12,PETR4,PETR4,30.8,31.91,30.73,31.75,31.75,51729500,30.8,31.91,30.73,31.75,1.0,31.91,30.73,0
2025-06-13,PETR4,PETR4,33.11,33.17,32.17,32.53,32.53,74896200,33.11,33.17,32.17,32.53,1.0,33.17,32.17,0
2025-06-16,PETR4,PETR4,32.53,32.93,32.07,32.21,32.21,45972200,32.53,32.93,32.07,32.21,1.0,32.93,32.07,0
2025-06-17,PETR4,PETR4,32.38,33.09,32.37,32.94,32.94,57633400,32.38,33.09,32.37,32.94,1.0,33.09,32.37,0
2025-06-18,PETR4,PETR4,32.96,33.21,32.49,32.91,32.91,49342900,32.96,33.21,32.49,32.91,1.0,33.21,32.49,0
2025-06-20,PETR4,PETR4,32.73,33.16,32.63,32.82,32.82,85057800,32.73,33.16,32.63,32.82,1.0,33.16,32.63,0
2025-06-23,PETR4,PETR4,33.29,33.34,31.81,32.0,32.0,54592400,33.29,33.34,31.81,32.0,1.0,33.34,31.81,0
2025-06-24,PETR4,PETR4,31.29,31.84,31.14,31.37,31.37,48728300,31.29,31.84,31.14,31.37,1.0,31.84,31.14,0
2025-06-25,PETR4,PETR4,31.32,31.54,31.21,31.21,31.21,23127700,31.32,31.54,31.21,31.21,1.0,31.54,31.21,0
2025-06-26,PETR4,PETR4,31.35,31.6,31.31,31.46,31.46,17227000,31.35,31.6,31.31,31.46,1.0,31.6,31.31,0
2025-06-27,PETR4,PETR4,31.39,31.45,31.14,31.21,31.21,16453700,31.39,31.45,31.14,31.21,1.0,31.45,31.14,0
2025-06-30,PETR4,PETR4,31.21,31.49,31.1,31.38,31.38,23091100,31.21,31.49,31.1,31.38,1.0,31.49,31.1,0
2025-07-01,PETR4,PETR4,31.45,31.57,31.26,31.49,31.49,17014100,31.45,31.57,31.26,31.49,1.0,31.57,31.26,0
2025-07-02,PETR4,PETR4,31.58,32.24,31.48,32.05,32.05,28311600,31.58,32.24,31.48,32.05,1.0,32.24,31.48,0
2025-07-03,PETR4,PETR4,32.0,32.39,31.94,32.16,32.16,14322300,32.0,32.39,31.94,32.16,1.0,32.39,31.94,0
2025-07-04,PETR4,PETR4,32.0,32.31,31.97,32.12,32.12,9354700,32.0,32.31,31.97,32.12,1.0,32.31,31.97,0
2025-07-07,PETR4,PETR4,32.12,32.26,31.9,32.06,32.06,17938800,32.12,32.26,31.9,32.06,1.0,32.26,31.9,0
2025-07-08,PETR4,PETR4,32.07,32.59,32.03,32.52,32.52,28778300,32.07,32.59,32.03,32.52,1.0,32.59,32.03,0
2025-07-09,PETR4,PETR4,32.57,32.63,32.06,32.32,32.32,22338900,32.57,32.63,32.06,32.32,1.0,32.63,32.06,0
2025-07-10,PETR4,PETR4,32.01,32.43,31.72,32.24,32.24,23102800,32.01,32.43,31.72,32.24,1.0,32.43,31.72,0
2025-07-11,PETR4,PETR4,32.2,32.7,32.15,32.63,32.63,23935700,32.2,32.7,32.15,32.63,1.0,32.7,32.15,0
2025-07-14,PETR4,PETR4,32.63,32.77,32.12,32.2,32.2,24106300,32.63,32.77,32.12,32.2,1.0,32.77,32.12,0
2025-07-15,PETR4,PETR4,32.24,32.38,31.81,31.95,31.95,18688300,32.24,32.38,31.81,31.95,1.0,32.38,31.81,0
2025-07-16,PETR4,PETR4,31.9,31.95,31.47,31.79,31.79,27588900,31.9,31.95,31.47,31.79,1.0,31.95,31.47,0
2025-07-17,PETR4,PETR4,31.77,31.77,31.4,31.47,31.47,27497600,31.77,31.77,31.4,31.47,1.0,31.77,31.4,0
2025-07-18,PETR4,PETR4,31.4,31.6,30.6,30.99,30.99,57628400,31.4,31.6,30.6,30.99,1.0,31.6,30.6,0
2025-07-21,PETR4,PETR4,30.89,31.28,30.77,31.05,31.05,16412000,30.89,31.28,30.77,31.05,1.0,31.28,30.77,0
2025-07-22,PETR4,PETR4,31.05,31.58,30.99,31.35,31.35,24557100,31.05,31.58,30.99,31.35,1.0,31.58,30.99,0
2025-07-23,PETR4,PETR4,31.35,32.03,31.3,31.99,31.99,27418600,31.35,32.03,31.3,31.99,1.0,32.03,31.3,0
2025-07-24,PETR4,PETR4,31.93,32.02,31.65,31.94,31.94,17856300,31.93,32.02,31.65,31.94,1.0,32.02,31.65,0
2025-07-25,PETR4,PETR4,31.99,32.18,31.91,31.98,31.98,13336700,31.99,32.18,31.91,31.98,1.0,32.18,31.91,0
2025-07-28,PETR4,PETR4,32.16,32.43,31.68,32.02,32.02,27972800,32.16,32.43,31.68,32.02,1.0,32.43,31.68,0
2025-07-29,PETR4,PETR4,32.19,32.6,31.99,32.44,32.44,33284000,32.19,32.6,31.99,32.44,1.0,32.6,31.99,0
2025-07-30,PETR4,PETR4,32.3,32.83,32.27,32.77,32.77,27110400,32.3,32.83,32.27,32.77,1.0,32.83,32.27,0
2025-07-31,PETR4,PETR4,32.45,32.75,32.42,32.64,32.64,23544900,32.45,32.75,32.42,32.64,1.0,32.75,32.42,0
2025-08-01,PETR4,PETR4,32.8,32.91,32.04,32.21,32.21,24191600,32.8,32.91,32.04,32.21,1.0,32.91,32.04,0
2025-08-04,PETR4,PETR4,32.21,32.27,31.96,32.16,32.16,15215600,32.21,32.27,31.96,32.16,1.0,32.27,31.96,0
2025-08-05,PETR4,PETR4,32.13,32.41,32.03,32.31,32.31,20635500,32.13,32.41,32.03,32.31,1.0,32.41,32.03,0
2025-08-06,PETR4,PETR4,32.6,32.94,32.19,32.35,32.35,32854600,32.6,32.94,32.19,32.35,1.0,32.94,32.19,0
2025-08-07,PETR4,PETR4,32.64,32.85,32.43,32.53,32.53,21111400,32.64,32.85,32.43,32.53,1.0,32.85,32.43,0
2025-08-08,PETR4,PETR4,31.5,32.05,30.53,30.53,30.53,107210500,31.5,32.05,30.53,30.53,1.0,32.05,30.53,0
2025-08-11,PETR4,PETR4,30.71,31.03,30.58,30.72,30.72,28045800,30.71,31.03,30.58,30.72,1.0,31.03,30.58,0
2025-08-12,PETR4,PETR4,30.79,31.27,30.65,30.8,30.8,37973300,30.79,31.27,30.65,30.8,1.0,31.27,30.65,0
2025-08-13,PETR4,PETR4,30.8,30.86,30.41,30.57,30.57,38340700,30.8,30.86,30.41,30.57,1.0,30.86,30.41,0
2025-08-14,PETR4,PETR4,30.73,30.73,30.02,30.18,30.18,43087500,30.73,30.73,30.02,30.18,1.0,30.73,30.02,0
2025-08-15,PETR4,PETR4,30.1,30.22,29.74,30.17,30.17,55400600,30.1,30.22,29.74,30.17,1.0,30.22,29.74,0
2025-08-18,PETR4,PETR4,30.25,30.55,30.02,30.36,30.36,31498100,30.25,30.55,30.02,30.36,1.0,30.55,30.02,0
2025-08-19,PETR4,PETR4,30.2,30.23,29.85,30.04,30.04,39294300,30.2,30.23,29.85,30.04,1.0,30.23,29.85,0
2025-08-20,PETR4,PETR4,30.12,30.36,30.1,30.22,30.22,23706600,30.12,30.36,30.1,30.22,1.0,30.36,30.1,0
2025-08-21,PETR4,PETR4,30.22,30.43,30.01,30.29,30.29,23327000,30.22,30.43,30.01,30.29,1.0,30.43,30.01,0
2025-08-22,PETR4,PETR4,29.89,30.47,29.8,30.47,30.47,49790900,29.89,30.47,29.8,30.47,1.0,30.47,29.8,0
2025-08-25,PETR4,PETR4,30.47,30.78,30.42,30.65,30.65,21075300,30.47,30.78,30.42,30.65,1.0,30.78,30.42,0
2025-08-26,PETR4,PETR4,30.48,30.58,30.23,30.43,30.43,21789700,30.48,30.58,30.23,30.43,1.0,30.58,30.23,0
2025-08-27,PETR4,PETR4,30.45,30.68,30.36,30.66,30.66,16349100,30.45,30.68,30.36,30.66,1.0,30.68,30.36,0
2025-08-28,PETR4,PETR4,30.78,31.13,30.71,30.93,30.93,25802500,30.78,31.13,30.71,30.93,1.0,31.13,30.71,0
2025-08-29,PETR4,PETR4,30.93,31.35,30.85,31.1,31.1,27713400,30.93,31.35,30.85,31.1,1.0,31.35,30.85,0
2025-09-01,PETR4,PETR4,31.2,31.37,31.05,31.17,31.17,9889700,31.2,31.37,31.05,31.17,1.0,31.37,31.05,0
2025-09-02,PETR4,PETR4,31.0,31.44,31.0,31.33,31.33,19812000,31.0,31.44,31.0,31.33,1.0,31.44,31.0,0
2025-09-03,PETR4,PETR4,31.12,31.35,30.92,31.06,31.06,29788800,31.12,31.35,30.92,31.06,1.0,31.35,30.92,0
2025-09-04,PETR4,PETR4,31.0,31.32,30.93,31.06,31.06,24816500,31.0,31.32,30.93,31.06,1.0,31.32,30.93,0
2025-09-05,PETR4,PETR4,31.08,31.09,30.19,30.59,30.59,46103300,31.08,31.09,30.19,30.59,1.0,31.09,30.19,0
2025-09-08,PETR4,PETR4,30.83,30.97,30.51,30.71,30.71,18164200,30.83,30.97,30.51,30.71,1.0,30.97,30.51,0
2025-09-09,PETR4,PETR4,30.86,31.15,30.81,30.95,30.95,31283900,30.86,31.15,30.81,30.95,1.0,31.15,30.81,0
2025-09-10,PETR4,PETR4,30.96,31.54,30.92,31.51,31.51,35949600,30.96,31.54,30.92,31.51,1.0,31.54,30.92,0
2025-09-11,PETR4,PETR4,31.3,31.48,31.27,31.39,31.39,17607900,31.3,31.48,31.27,31.39,1.0,31.48,31.27,0
2025-09-12,PETR4,PETR4,31.45,31.7,31.16,31.18,31.18,19314400,31.45,31.7,31.16,31.18,1.0,31.7,31.16,0
2025-09-15,PETR4,PETR4,31.3,31.55,31.06,31.45,31.45,21978400,31.3,31.55,31.06,31.45,1.0,31.55,31.06,0
2025-09-16,PETR4,PETR4,31.6,31.68,31.34,31.53,31.53,19154700,31.6,31.68,31.34,31.53,1.0,31.68,31.34,0
2025-09-17,PETR4,PETR4,31.54,31.79,31.46,31.72,31.72,29148100,31.54,31.79,31.46,31.72,1.0,31.79,31.46,0
2025-09-18,PETR4,PETR4,31.77,31.82,31.19,31.41,31.41,25702900,31.77,31.82,31.19,31.41,1.0,31.82,31.19,0
2025-09-19,PETR4,PETR4,31.43,31.45,30.91,31.06,31.06,48856000,31.43,31.45,30.91,31.06,1.0,31.45,30.91,0
2025-09-22,PETR4,PETR4,31.0,31.47,30.84,31.37,31.37,22016100,31.0,31.47,30.84,31.37,1.0,31.47,30.84,0
2025-09-23,PETR4,PETR4,31.49,32.09,31.46,31.9,31.9,39895300,31.49,32.09,31.46,31.9,1.0,32.09,31.46,0
2025-09-24,PETR4,PETR4,32.16,32.63,32.06,32.62,32.62,36414400,32.16,32.63,32.06,32.62,1.0,32.63,32.06,0
2025-09-25,PETR4,PETR4,32.7,32.8,32.24,32.36,32.36,29556300,32.7,32.8,32.24,32.36,1.0,32.8,32.24,0
2025-09-26,PETR4,PETR4,32.49,32.74,32.15,32.25,32.25,27817400,32.49,32.74,32.15,32.25,1.0,32.74,32.15,0
2025-09-29,PETR4,PETR4,32.26,32.54,31.73,31.81,31.81,35720000,32.26,32.54,31.73,31.81,1.0,32.54,31.73,0
2025-09-30,PETR4,PETR4,31.69,31.9,31.16,31.46,31.46,48611500,31.69,31.9,31.16,31.46,1.0,31.9,31.16,0
2025-10-01,PETR4,PETR4,31.45,31.55,31.3,31.38,31.38,24817000,31.45,31.55,31.3,31.38,1.0,31.55,31.3,0
2025-10-02,PETR4,PETR4,31.38,31.41,31.02,31.08,31.08,25497100,31.38,31.41,31.02,31.08,1.0,31.41,31.02,0
2025-10-03,PETR4,PETR4,31.16,31.33,31.0,31.0,31.0,19756400,31.16,31.33,31.0,31.0,1.0,31.33,31.0,0
2025-10-06,PETR4,PETR4,31.2,31.23,30.7,30.72,30.72,21245400,31.2,31.23,30.7,30.72,1.0,31.23,30.7,0
2025-10-07,PETR4,PETR4,30.72,30.86,30.35,30.83,30.83,29068800,30.72,30.86,30.35,30.83,1.0,30.86,30.35,0
2025-10-08,PETR4,PETR4,31.08,31.08,30.5,30.65,30.65,17687400,31.08,31.08,30.5,30.65,1.0,31.08,30.5,0
2025-10-09,PETR4,PETR4,30.66,30.84,30.19,30.21,30.21,22879700,30.66,30.84,30.19,30.21,1.0,30.84,30.19,0
2025-10-10,PETR4,PETR4,30.1,30.16,29.87,29.94,29.94,50214300,30.1,30.16,29.87,29.94,1.0,30.16,29.87,0
2025-10-13,PETR4,PETR4,30.15,30.27,29.97,30.23,30.23,13890500,30.15,30.27,29.97,30.23,1.0,30.27,29.97,0
2025-10-14,PETR4,PETR4,29.95,30.46,29.88,30.02,30.02,28138200,29.95,30.46,29.88,30.02,1.0,30.46,29.88,0
2025-10-15,PETR4,PETR4,30.05,30.17,29.67,29.75,29.75,40261000,30.05,30.17,29.67,29.75,1.0,30.17,29.67,0
2025-10-16,PETR4,PETR4,29.74,29.81,29.41,29.45,29.45,28660900,29.74,29.81,29.41,29.45,1.0,29.81,29.41,0
2025-10-17,PETR4,PETR4,29.5,29.95,29.31,29.73,29.73,36209000,29.5,29.95,29.31,29.73,1.0,29.95,29.31,0
2025-10-20,PETR4,PETR4,29.7,29.9,29.48,29.75,29.75,31442800,29.7,29.9,29.48,29.75,1.0,29.9,29.48,0
2025-10-21,PETR4,PETR4,29.96,29.99,29.47,29.51,29.51,25509900,29.96,29.99,29.47,29.51,1.0,29.99,29.47,0
2025-10-22,PETR4,PETR4,29.76,30.03,29.62,29.85,29.85,27088800,29.76,30.03,29.62,29.85,1.0,30.03,29.62,0
2025-10-23,PETR4,PETR4,30.52,30.72,30.11,30.19,30.19,40060800,30.52,30.72,30.11,30.19,1.0,30.72,30.11,0
2025-10-24,PETR4,PETR4,30.3,30.45,29.81,29.84,29.84,24357300,30.3,30.45,29.81,29.84,1.0,30.45,29.81,0
2025-10-27,PETR4,PETR4,30.16,30.16,29.69,30.0,30.0,24771400,30.16,30.16,29.69,30.0,1.0,30.16,29.69,0
2025-10-28,PETR4,PETR4,29.9,30.35,29.76,29.99,29.99,25324800,29.9,30.35,29.76,29.99,1.0,30.35,29.76,0
2025-10-29,PETR4,PETR4,30.09,30.16,29.8,30.02,30.02,24854900,30.09,30.16,29.8,30.02,1.0,30.16,29.8,0
2025-10-30,PETR4,PETR4,29.92,30.16,29.76,29.89,29.89,22657200,29.92,30.16,29.76,29.89,1.0,30.16,29.76,0
2025-10-31,PETR4,PETR4,30.0,30.09,29.55,29.75,29.75,29513100,30.0,30.09,29.55,29.75,1.0,30.09,29.55,0
2025-11-03,PETR4,PETR4,29.88,30.47,29.8,30.1,30.1,54977300,29.88,30.47,29.8,30.1,1.0,30.47,29.8,0
2025-11-04,PETR4,PETR4,30.0,30.26,29.91,30.25,30.25,35035200,30.0,30.26,29.91,30.25,1.0,30.26,29.91,0
2025-11-05,PETR4,PETR4,30.3,30.95,30.21,30.85,30.85,40375500,30.3,30.95,30.21,30.85,1.0,30.95,30.21,0
2025-11-06,PETR4,PETR4,30.98,31.28,30.9,31.01,31.01,43435700,30.98,31.28,30.9,31.01,1.0,31.28,30.9,0
2025-11-07,PETR4,PETR4,31.22,32.18,30.85,32.18,32.18,97151600,31.22,32.18,30.85,32.18,1.0,32.18,30.85,0
2025-11-10,PETR4,PETR4,32.3,32.55,31.93,32.36,32.36,41064200,32.3,32.55,31.93,32.36,1.0,32.55,31.93,0
2025-11-11,PETR4,PETR4,32.54,33.44,32.45,33.2,33.2,68221300,32.54,33.44,32.45,33.2,1.0,33.44,32.45,0
2025-11-12,PETR4,PETR4,33.26,33.26,32.08,32.35,32.35,67646400,33.26,33.26,32.08,32.35,1.0,33.26,32.08,0
2025-11-13,PETR4,PETR4,32.36,32.94,32.32,32.49,32.49,38517200,32.36,32.94,32.32,32.49,1.0,32.94,32.32,0
2025-11-14,PETR4,PETR4,32.6,33.17,32.58,32.7,32.7,27343600,32.6,33.17,32.58,32.7,1.0,33.17,32.58,0
2025-11-17,PETR4,PETR4,32.76,33.08,32.73,32.88,32.88,63708200,32.76,33.08,32.73,32.88,1.0,33.08,32.73,0
2025-11-18,PETR4,PETR4,32.7,33.17,32.67,32.99,32.99,26520500,32.7,33.17,32.67,32.99,1.0,33.17,32.67,0
2025-11-19,PETR4,PETR4,32.8,32.98,32.54,32.82,32.82,48719300,32.8,32.98,32.54,32.82,1.0,32.98,32.54,0
2025-11-21,PETR4,PETR4,32.56,32.74,32.36,32.57,32.57,40821500,32.56,32.74,32.36,32.57,1.0,32.74,32.36,0
2025-11-24,PETR4,PETR4,32.56,32.75,32.36,32.54,32.54,38665600,32.56,32.75,32.36,32.54,1.0,32.75,32.36,0
2025-11-25,PETR4,PETR4,32.35,32.44,32.09,32.28,32.28,28431100,32.35,32.44,32.09,32.28,1.0,32.44,32.09,0
2025-11-26,PETR4,PETR4,32.38,32.41,32.1,32.23,32.23,25042100,32.38,32.41,32.1,32.23,1.0,32.41,32.1,0
2025-11-27,PETR4,PETR4,32.28,32.4,32.2,32.4,32.4,16087400,32.28,32.4,32.2,32.4,1.0,32.4,32.2,0
2025-11-28,PETR4,PETR4,32.27,32.31,31.29,31.79,31.79,60395900,32.27,32.31,31.29,31.79,1.0,32.31,31.29,0
2025-12-01,PETR4,PETR4,31.95,32.17,31.57,31.85,31.85,29489100,31.95,32.17,31.57,31.85,1.0,32.17,31.57,0
2025-12-02,PETR4,PETR4,31.93,32.07,31.44,32.07,32.07,25524100,31.93,32.07,31.44,32.07,1.0,32.07,31.44,0
2025-12-03,PETR4,PETR4,32.15,32.5,32.15,32.31,32.31,36630000,32.15,32.5,32.15,32.31,1.0,32.5,32.15,0
2025-12-04,PETR4,PETR4,32.49,32.75,32.45,32.52,32.52,33009700,32.49,32.75,32.45,32.52,1.0,32.75,32.45,0
2025-12-05,PETR4,PETR4,32.5,32.91,31.37,31.37,31.37,74405500,32.5,32.91,31.37,31.37,1.0,32.91,31.37,0
2025-12-08,PETR4,PETR4,31.57,31.99,31.49,31.66,31.66,30271600,31.57,31.99,31.49,31.66,1.0,31.99,31.49,0
2025-12-09,PETR4,PETR4,31.61,31.9,31.33,31.86,31.86,23863000,31.61,31.9,31.33,31.86,1.0,31.9,31.33,0
2025-12-10,PETR4,PETR4,31.88,31.99,31.54,31.94,31.94,22123700,31.88,31.99,31.54,31.94,1.0,31.99,31.54,0
2025-12-11,PETR4,PETR4,31.88,31.9,31.25,31.26,31.26,65201500,31.88,31.9,31.25,31.26,1.0,31.9,31.25,0
2025-12-12,PETR4,PETR4,31.41,31.72,31.34,31.59,31.59,39642000,31.41,31.72,31.34,31.59,1.0,31.72,31.34,0
2025-12-15,PETR4,PETR4,31.68,31.9,31.59,31.7,31.7,31898900,31.68,31.9,31.59,31.7,1.0,31.9,31.59,0
2025-12-16,PETR4,PETR4,31.53,31.53,30.61,30.74,30.74,52661900,31.53,31.53,30.61,30.74,1.0,31.53,30.61,0
2025-12-17,PETR4,PETR4,30.86,31.08,30.82,31.08,31.08,39337100,30.86,31.08,30.82,31.08,1.0,31.08,30.82,0
2025-12-18,PETR4,PETR4,31.2,31.28,30.83,30.9,30.9,34311000,31.2,31.28,30.83,30.9,1.0,31.28,30.83,0
2025-12-19,PETR4,PETR4,31.07,31.24,30.97,31.01,31.01,45683500,31.07,31.24,30.97,31.01,1.0,31.24,30.97,0
2025-12-22,PETR4,PETR4,31.25,31.53,31.1,31.1,31.1,35896900,31.25,31.53,31.1,31.1,1.0,31.53,31.1,0
2025-12-23,PETR4,PETR4,30.55,30.57,30.2,30.31,30.31,35703900,30.55,30.57,30.2,30.31,1.0,30.57,30.2,0
2025-12-26,PETR4,PETR4,30.31,30.43,30.12,30.41,30.41,20178600,30.31,30.43,30.12,30.41,1.0,30.43,30.12,0
2025-12-29,PETR4,PETR4,30.56,30.81,30.52,30.73,30.73,20588100,30.56,30.81,30.52,30.73,1.0,30.81,30.52,0
2025-12-30,PETR4,PETR4,30.8,30.96,30.65,30.82,30.82,16880600,30.8,30.96,30.65,30.82,1.0,30.96,30.65,0
2026-01-02,PETR4,PETR4,30.96,30.96,30.36,30.71,30.71,21625200,30.96,30.96,30.36,30.71,1.0,30.96,30.36,0
2026-01-05,PETR4,PETR4,30.7,30.77,29.73,30.2,30.2,48211400,30.7,30.77,29.73,30.2,1.0,30.77,29.73,0
2026-01-06,PETR4,PETR4,30.37,30.43,29.62,29.64,29.64,38095000,30.37,30.43,29.62,29.64,1.0,30.43,29.62,0
2026-01-07,PETR4,PETR4,29.67,29.83,29.53,29.83,29.83,28132900,29.67,29.83,29.53,29.83,1.0,29.83,29.53,0
2026-01-08,PETR4,PETR4,29.91,30.34,29.79,30.2,30.2,34125800,29.91,30.34,29.79,30.2,1.0,30.34,29.79,0
2026-01-09,PETR4,PETR4,30.17,30.74,30.14,30.3,30.3,27982800,30.17,30.74,30.14,30.3,1.0,30.74,30.14,0
2026-01-12,PETR4,PETR4,30.3,30.57,30.21,30.36,30.36,18947400,30.3,30.57,30.21,30.36,1.0,30.57,30.21,0
2026-01-13,PETR4,PETR4,30.36,31.32,30.36,31.14,31.14,54097100,30.36,31.32,30.36,31.14,1.0,31.32,30.36,0
2026-01-14,PETR4,PETR4,31.35,32.53,31.2,31.99,31.99,82309300,31.35,32.53,31.2,31.99,1.0,32.53,31.2,0
2026-01-15,PETR4,PETR4,31.5,31.93,31.44,31.79,31.79,26456600,31.5,31.93,31.44,31.79,1.0,31.93,31.44,0
2026-01-16,PETR4,PETR4,31.95,32.2,31.88,32.04,32.04,70947300,31.95,32.2,31.88,32.04,1.0,32.2,31.88,0
2026-01-19,PETR4,PETR4,31.96,32.21,31.91,32.17,32.17,12852900,31.96,32.21,31.91,32.17,1.0,32.21,31.91,0
2026-01-20,PETR4,PETR4,32.17,32.52,31.94,32.29,32.29,26300000,32.17,32.52,31.94,32.29,1.0,32.52,31.94,0
2026-01-21,PETR4,PETR4,32.5,33.55,32.43,33.43,33.43,93270900,32.5,33.55,32.43,33.43,1.0,33.55,32.43,0
2026-01-22,PETR4,PETR4,33.38,34.13,33.26,33.58,33.58,71516300,33.38,34.13,33.26,33.58,1.0,34.13,33.26,0
2026-01-23,PETR4,PETR4,33.95,35.48,33.88,35.04,35.04,68642600,33.95,35.48,33.88,35.04,1.0,35.48,33.88,0
2026-01-26,PETR4,PETR4,35.37,35.7,35.04,35.36,35.36,39869600,35.37,35.7,35.04,35.36,1.0,35.7,35.04,0
2026-01-27,PETR4,PETR4,35.51,36.45,35.37,36.13,36.13,47265800,35.51,36.45,35.37,36.13,1.0,36.45,35.37,0
2026-01-28,PETR4,PETR4,36.55,37.44,36.5,37.34,37.34,46054700,36.55,37.44,36.5,37.34,1.0,37.44,36.5,0
2026-01-29,PETR4,PETR4,38.0,38.58,37.56,37.7,37.7,58722800,38.0,38.58,37.56,37.7,1.0,38.58,37.56,0
2026-01-30,PETR4,PETR4,37.23,37.98,37.02,37.76,37.76,45761300,37.23,37.98,37.02,37.76,1.0,37.98,37.02,0
2026-02-02,PETR4,PETR4,36.85,37.24,36.62,37.24,37.24,38505600,36.85,37.24,36.62,37.24,1.0,37.24,36.62,0
2026-02-03,PETR4,PETR4,37.51,38.32,37.14,37.58,37.58,57152800,37.51,38.32,37.14,37.58,1.0,38.32,37.14,0
2026-02-04,PETR4,PETR4,37.45,37.72,36.97,37.52,37.52,37955800,37.45,37.72,36.97,37.52,1.0,37.72,36.97,0
2026-02-05,PETR4,PETR4,37.4,37.61,36.9,37.0,37.0,35933100,37.4,37.61,36.9,37.0,1.0,37.61,36.9,0
2026-02-06,PETR4,PETR4,37.21,37.27,36.45,36.65,36.65,27658400,37.21,37.27,36.45,36.65,1.0,37.27,36.45,0
2026-02-09,PETR4,PETR4,36.66,37.45,36.55,37.32,37.32,27089800,36.66,37.45,36.55,37.32,1.0,37.45,36.55,0
2026-02-10,PETR4,PETR4,37.32,37.58,36.91,37.35,37.35,24585300,37.32,37.58,36.91,37.35,1.0,37.58,36.91,0
2026-02-11,PETR4,PETR4,37.73,38.46,37.69,38.08,38.08,55860700,37.73,38.46,37.69,38.08,1.0,38.46,37.69,0
2026-02-12,PETR4,PETR4,38.05,38.05,36.8,37.11,37.11,39856000,38.05,38.05,36.8,37.11,1.0,38.05,36.8,0
2026-02-13,PETR4,PETR4,37.16,37.16,36.53,36.89,36.89,27479800,37.16,37.16,36.53,36.89,1.0,37.16,36.53,0
2026-02-18,PETR4,PETR4,37.07,37.39,36.85,37.19,37.19,32276700,37.07,37.39,36.85,37.19,1.0,37.39,36.85,0
2026-02-19,PETR4,PETR4,37.5,38.24,37.44,37.81,37.81,48355000,37.5,38.24,37.44,37.81,1.0,38.24,37.44,0
2026-02-20,PETR4,PETR4,37.67,37.97,37.45,37.97,37.97,51949800,37.67,37.97,37.45,37.97,1.0,37.97,37.45,0
2026-02-23,PETR4,PETR4,37.97,39.25,37.85,38.59,38.59,55061500,37.97,39.25,37.85,38.59,1.0,39.25,37.85,0
2026-02-24,PETR4,PETR4,38.86,39.66,38.86,39.57,39.57,43263600,38.86,39.66,38.86,39.57,1.0,39.66,38.86,0
2026-02-25,PETR4,PETR4,39.94,39.97,39.03,39.57,39.57,26012300,39.94,39.97,39.03,39.57,1.0,39.97,39.03,0
2026-02-26,PETR4,PETR4,39.3,39.8,38.97,39.61,39.61,29919100,39.3,39.8,38.97,39.61,1.0,39.8,38.97,0
2026-02-27,PETR4,PETR4,39.92,40.27,39.33,39.33,39.33,38799000,39.92,40.27,39.33,39.33,1.0,40.27,39.33,0
2026-03-02,PETR4,PETR4,41.3,41.53,40.52,41.13,41.13,83817000,41.3,41.53,40.52,41.13,1.0,41.53,40.52,0
2026-03-03,PETR4,PETR4,41.7,42.0,40.75,40.95,40.95,93893800,41.7,42.0,40.75,40.95,1.0,42.0,40.75,0
2026-03-04,PETR4,PETR4,40.95,41.17,39.93,40.5,40.5,50915600,40.95,41.17,39.93,40.5,1.0,41.17,39.93,0
2026-03-05,PETR4,PETR4,40.53,40.77,39.98,40.69,40.69,53079000,40.53,40.77,39.98,40.69,1.0,40.77,39.98,0
2026-03-06,PETR4,PETR4,41.9,43.12,41.42,42.11,42.11,87228000,41.9,43.12,41.42,42.11,1.0,43.12,41.42,0
2026-03-09,PETR4,PETR4,43.25,44.27,42.67,43.16,43.16,107124400,43.25,44.27,42.67,43.16,1.0,44.27,42.67,0
2026-03-10,PETR4,PETR4,42.31,43.1,42.03,42.93,42.93,56706200,42.31,43.1,42.03,42.93,1.0,43.1,42.03,0
2026-03-11,PETR4,PETR4,43.25,44.88,43.23,44.8,44.8,73234300,43.25,44.88,43.23,44.8,1.0,44.88,43.23,0
2026-03-12,PETR4,PETR4,45.39,46.09,44.2,45.0,45.0,86124400,45.39,46.09,44.2,45.0,1.0,46.09,44.2,0
2026-03-13,PETR4,PETR4,44.61,45.34,44.29,44.67,44.67,42518400,44.61,45.34,44.29,44.67,1.0,45.34,44.29,0
2026-03-16,PETR4,PETR4,44.88,45.99,44.8,45.58,45.58,40474100,44.88,45.99,44.8,45.58,1.0,45.99,44.8,0
2026-03-17,PETR4,PETR4,45.85,47.26,45.8,46.38,46.38,51025600,45.85,47.26,45.8,46.38,1.0,47.26,45.8,0
2026-03-18,PETR4,PETR4,46.7,47.15,46.55,47.0,47.0,55074700,46.7,47.15,46.55,47.0,1.0,47.15,46.55,0
2026-03-19,PETR4,PETR4,47.2,48.13,46.69,46.78,46.78,84865000,47.2,48.13,46.69,46.78,1.0,48.13,46.69,0
2026-03-20,PETR4,PETR4,46.79,47.25,44.92,45.67,45.67,78115500,46.79,47.25,44.92,45.67,1.0,47.25,44.92,0
2026-03-23,PETR4,PETR4,44.42,46.18,44.32,46.03,46.03,65252400,44.42,46.18,44.32,46.03,1.0,46.18,44.32,0
2026-03-24,PETR4,PETR4,46.4,47.95,46.37,47.27,47.27,57455300,46.4,47.95,46.37,47.27,1.0,47.95,46.37,0
2026-03-25,PETR4,PETR4,46.5,47.55,46.3,47.5,47.5,40532900,46.5,47.55,46.3,47.5,1.0,47.55,46.3,0
2026-03-26,PETR4,PETR4,47.6,48.47,47.52,48.02,48.02,59986800,47.6,48.47,47.52,48.02,1.0,48.47,47.52,0
2026-03-27,PETR4,PETR4,48.5,49.44,48.13,49.41,49.41,54165000,48.5,49.44,48.13,49.41,1.0,49.44,48.13,0
2026-03-30,PETR4,PETR4,49.75,50.69,49.49,49.67,49.67,51454300,49.75,50.69,49.49,49.67,1.0,50.69,49.49,0
2026-03-31,PETR4,PETR4,50.07,50.55,47.65,48.67,48.67,78931700,50.07,50.55,47.65,48.67,1.0,50.55,47.65,0
2026-04-01,PETR4,PETR4,47.7,48.07,46.77,47.37,47.37,66488400,47.7,48.07,46.77,47.37,1.0,48.07,46.77,0
2026-04-02,PETR4,PETR4,49.3,49.46,47.94,48.15,48.15,38536900,49.3,49.46,47.94,48.15,1.0,49.46,47.94,0
2026-04-06,PETR4,PETR4,47.99,49.0,47.88,48.94,48.94,27848100,47.99,49.0,47.88,48.94,1.0,49.0,47.88,0
2026-04-07,PETR4,PETR4,49.09,49.56,48.4,48.51,48.51,33362800,49.09,49.56,48.4,48.51,1.0,49.56,48.4,0
2026-04-08,PETR4,PETR4,44.7,46.64,44.53,46.61,46.61,87580500,44.7,46.64,44.53,46.61,1.0,46.64,44.53,0
2026-04-09,PETR4,PETR4,47.54,48.55,47.03,47.9,47.9,58206500,47.54,48.55,47.03,47.9,1.0,48.55,47.03,0
2026-04-10,PETR4,PETR4,47.53,49.03,47.53,49.03,49.03,42840900,47.53,49.03,47.53,49.03,1.0,49.03,47.53,0
2026-04-13,PETR4,PETR4,49.75,50.24,49.25,49.78,49.78,60941100,49.75,50.24,49.25,49.78,1.0,50.24,49.25,0
2026-04-14,PETR4,PETR4,49.61,49.65,47.67,47.88,47.88,58646800,49.61,49.65,47.67,47.88,1.0,49.65,47.67,0
2026-04-15,PETR4,PETR4,47.95,48.1,46.73,46.89,46.89,61852100,47.95,48.1,46.73,46.89,1.0,48.1,46.73,0
2026-04-16,PETR4,PETR4,47.29,48.68,46.76,48.58,48.58,54484300,47.29,48.68,46.76,48.58,1.0,48.68,46.76,0
2026-04-17,PETR4,PETR4,46.5,46.55,44.87,46.22,46.22,105185600,46.5,46.55,44.87,46.22,1.0,46.55,44.87,0
2026-04-20,PETR4,PETR4,47.24,47.48,46.51,47.02,47.02,41904500,47.24,47.48,46.51,47.02,1.0,47.48,46.51,0
2026-04-22,PETR4,PETR4,47.64,47.98,47.25,47.67,47.67,51063000,47.64,47.98,47.25,47.67,1.0,47.98,47.25,0
2026-04-23,PETR4,PETR4,47.36,48.08,46.9,47.77,47.77,38666800,47.36,48.08,46.9,47.77,1.0,48.08,46.9,0
2026-04-24,PETR4,PETR4,47.5,47.52,46.45,47.16,47.16,34880200,47.5,47.52,46.45,47.16,1.0,47.52,46.45,0
2026-04-27,PETR4,PETR4,47.22,48.17,47.17,47.37,47.37,31543600,47.22,48.17,47.17,47.37,1.0,48.17,47.17,0
2026-04-28,PETR4,PETR4,47.65,48.04,47.46,47.52,47.52,29389700,47.65,48.04,47.46,47.52,1.0,48.04,47.46,0
2026-04-29,PETR4,PETR4,48.1,49.3,48.0,48.96,48.96,47685000,48.1,49.3,48.0,48.96,1.0,49.3,48.0,0
2026-04-30,PETR4,PETR4,48.81,49.38,48.29,49.08,49.08,36666100,48.81,49.38,48.29,49.08,1.0,49.38,48.29,0
2026-05-04,PETR4,PETR4,49.28,49.85,48.92,49.34,49.34,41319600,49.28,49.85,48.92,49.34,1.0,49.85,48.92,0
2026-05-05,PETR4,PETR4,48.88,49.03,48.33,48.66,48.66,28066500,48.88,49.03,48.33,48.66,1.0,49.03,48.33,0
2026-05-06,PETR4,PETR4,46.71,47.49,46.59,47.27,47.27,62009100,46.71,47.49,46.59,47.27,1.0,47.49,46.59,0
2026-05-07,PETR4,PETR4,46.4,46.65,45.2,46.22,46.22,71214500,46.4,46.65,45.2,46.22,1.0,46.65,45.2,0
2026-05-08,PETR4,PETR4,46.39,46.55,45.67,45.67,45.67,32910300,46.39,46.55,45.67,45.67,1.0,46.55,45.67,0
2026-05-11,PETR4,PETR4,46.21,46.51,45.65,46.43,46.43,50622200,46.21,46.51,45.65,46.43,1.0,46.51,45.65,0
2026-05-12,PETR4,PETR4,46.25,46.25,45.4,45.68,45.68,81072700,46.25,46.25,45.4,45.68,1.0,46.25,45.4,0
2026-05-13,PETR4,PETR4,45.77,45.83,44.36,44.57,44.57,57251900,45.77,45.83,44.36,44.57,1.0,45.83,44.36,0
2026-05-14,PETR4,PETR4,44.46,45.37,44.38,45.0,45.0,47760000,44.46,45.37,44.38,45.0,1.0,45.37,44.38,0
2026-05-15,PETR4,PETR4,45.39,45.54,44.98,45.47,45.47,59378500,45.39,45.54,44.98,45.47,1.0,45.54,44.98,0
2026-05-18,PETR4,PETR4,45.1,46.46,44.47,46.44,46.44,57388200,45.1,46.46,44.47,46.44,1.0,46.46,44.47,0
2026-05-19,PETR4,PETR4,45.99,46.3,45.59,46.09,46.09,40943000,45.99,46.3,45.59,46.09,1.0,46.3,45.59,0
2026-05-20,PETR4,PETR4,45.77,46.41,44.54,44.6,44.6,52780200,45.77,46.41,44.54,44.6,1.0,46.41,44.54,0
2026-05-21,PETR4,PETR4,45.1,45.65,44.5,44.95,44.95,57725900,45.1,45.65,44.5,44.95,1.0,45.65,44.5,0
2026-05-22,PETR4,PETR4,44.74,44.75,43.87,44.48,44.48,39634300,44.74,44.75,43.87,44.48,1.0,44.75,43.87,0
2026-05-25,PETR4,PETR4,43.49,43.82,42.97,43.4,43.4,26720900,43.49,43.82,42.97,43.4,1.0,43.82,42.97,0
2026-05-26,PETR4,PETR4,43.36,43.8,43.16,43.44,43.44,36040500,43.36,43.8,43.16,43.44,1.0,43.8,43.16,0
2026-05-27,PETR4,PETR4,42.25,43.19,42.15,42.82,42.82,53745400,42.25,43.19,42.15,42.82,1.0,43.19,42.15,0
2026-05-28,PETR4,PETR4,43.1,43.18,42.24,42.51,42.51,37534800,43.1,43.18,42.24,42.51,1.0,43.18,42.24,0
2026-05-29,PETR4,PETR4,42.2,42.35,41.82,42.0,42.0,73309200,42.2,42.35,41.82,42.0,1.0,42.35,41.82,0
2026-06-01,PETR4,PETR4,42.4,43.02,41.96,42.37,42.37,73925300,42.4,43.02,41.96,42.37,1.0,43.02,41.96,0
2026-06-02,PETR4,PETR4,41.9,41.98,41.44,41.57,41.57,27318300,41.9,41.98,41.44,41.57,1.0,41.98,41.44,0
2026-06-03,PETR4,PETR4,41.65,41.87,41.25,41.25,41.25,42895100,41.65,41.87,41.25,41.25,1.0,41.87,41.25,0
2026-06-05,PETR4,PETR4,41.03,41.43,40.65,40.89,40.89,34708600,41.03,41.43,40.65,40.89,1.0,41.43,40.65,0
2026-06-08,PETR4,PETR4,41.2,41.32,40.83,41.22,41.22,34043600,41.2,41.32,40.83,41.22,1.0,41.32,40.83,0
2026-06-09,PETR4,PETR4,40.88,41.37,40.7,41.17,41.17,56680400,40.88,41.37,40.7,41.17,1.0,41.37,40.7,0
2026-06-10,PETR4,PETR4,41.21,42.04,41.01,41.65,41.65,44953200,41.21,42.04,41.01,41.65,1.0,42.04,41.01,0
2026-06-11,PETR4,PETR4,41.65,42.15,41.16,41.76,41.76,52321500,41.65,42.15,41.16,41.76,1.0,42.15,41.16,0
2026-06-12,PETR4,PETR4,41.06,41.53,40.82,41.18,41.18,34081000,41.06,41.53,40.82,41.18,1.0,41.53,40.82,0
2026-06-15,PETR4,PETR4,39.84,39.92,39.06,39.06,39.06,54174000,39.84,39.92,39.06,39.06,1.0,39.92,39.06,0
2026-06-16,PETR4,PETR4,38.45,38.78,38.2,38.54,38.54,36250100,38.45,38.78,38.2,38.54,1.0,38.78,38.2,0
2026-06-17,PETR4,PETR4,38.71,38.86,38.27,38.57,38.57,66882000,38.71,38.86,38.27,38.57,1.0,38.86,38.27,0
2026-06-18,PETR4,PETR4,38.3,39.09,37.41,38.85,38.85,53332600,38.3,39.09,37.41,38.85,1.0,39.09,37.41,0
2026-06-19,PETR4,PETR4,38.86,39.11,38.62,38.8,38.8,44772000,38.86,39.11,38.62,38.8,1.0,39.11,38.62,0
2026-06-22,PETR4,PETR4,38.75,39.21,38.48,39.17,39.17,35488200,38.75,39.21,38.48,39.17,1.0,39.21,38.48,0
2026-06-23,PETR4,PETR4,38.96,39.57,38.84,39.33,39.33,27398600,38.96,39.57,38.84,39.33,1.0,39.57,38.84,0
2026-06-24,PETR4,PETR4,38.9,38.98,38.13,38.29,38.29,59191400,38.9,38.98,38.13,38.29,1.0,38.98,38.13,0
2026-06-25,PETR4,PETR4,38.12,38.67,37.92,38.45,38.45,25152300,38.12,38.67,37.92,38.45,1.0,38.67,37.92,0
2026-06-26,PETR4,PETR4,38.07,38.25,37.93,38.06,38.06,23383000,38.07,38.25,37.93,38.06,1.0,38.25,37.93,0
2026-06-29,PETR4,PETR4,38.2,38.37,37.92,38.14,38.14,14924800,38.2,38.37,37.92,38.14,1.0,38.37,37.92,0
2026-06-30,PETR4,PETR4,38.17,38.18,37.74,37.8,37.8,31974300,38.17,38.18,37.74,37.8,1.0,38.18,37.74,0
2026-07-01,PETR4,PETR4,37.5,37.84,37.4,37.83,37.83,21094300,37.5,37.84,37.4,37.83,1.0,37.84,37.4,0
2026-07-02,PETR4,PETR4,37.89,38.46,37.65,37.96,37.96,21888800,37.89,38.46,37.65,37.96,1.0,38.46,37.65,0
2026-07-03,PETR4,PETR4,38.07,38.25,37.86,38.25,38.25,10367300,38.07,38.25,37.86,38.25,1.0,38.25,37.86,0
2026-07-06,PETR4,PETR4,37.95,38.02,37.61,37.77,37.77,20811400,37.95,38.02,37.61,37.77,1.0,38.02,37.61,0
2026-07-07,PETR4,PETR4,38.0,38.77,37.92,38.44,38.44,39823600,38.0,38.77,37.92,38.44,1.0,38.77,37.92,0
2026-07-08,PETR4,PETR4,39.65,39.75,39.0,39.65,39.65,40215300,39.65,39.75,39.0,39.65,1.0,39.75,39.0,0
2026-07-09,PETR4,PETR4,39.74,39.98,38.89,39.21,39.21,33386500,39.74,39.98,38.89,39.21,1.0,39.98,38.89,0
2026-07-10,PETR4,PETR4,39.64,39.97,39.34,39.65,39.65,27313500,39.64,39.97,39.34,39.65,1.0,39.97,39.34,0
2026-07-13,PETR4,PETR4,40.51,40.92,40.24,40.66,40.66,43045700,40.51,40.92,40.24,40.66,1.0,40.92,40.24,0
2026-07-14,PETR4,PETR4,41.2,41.31,40.11,40.66,40.66,32649500,41.2,41.31,40.11,40.66,1.0,41.31,40.11,0
2026-07-15,PETR4,PETR4,40.41,40.8,40.23,40.59,40.59,25608800,40.41,40.8,40.23,40.59,1.0,40.8,40.23,0
2026-07-16,PETR4,PETR4,40.38,40.86,39.89,39.89,39.89,20551700,40.38,40.86,39.89,39.89,1.0,40.86,39.89,0
2026-07-17,PETR4,PETR4,40.41,41.11,40.41,40.9,40.9,32148200,40.41,41.11,40.41,40.9,1.0,41.11,40.41,0
2026-07-20,PETR4,PETR4,41.2,41.44,40.47,41.15,41.15,26987600,41.2,41.44,40.47,41.15,1.0,41.44,40.47,0
2026-07-21,PETR4,PETR4,41.21,41.7,41.13,41.66,41.66,38631400,41.21,41.7,41.13,41.66,1.0,41.7,41.13,0
2026-07-22,PETR4,PETR4,42.1,42.74,41.97,42.58,42.58,38292200,42.1,42.74,41.97,42.58,1.0,42.74,41.97,0
2026-07-23,PETR4,PETR4,43.4,43.49,42.86,42.95,42.95,25257900,43.4,43.49,42.86,42.95,1.0,43.49,42.86,0
2026-07-24,PETR4,PETR4,42.37,42.91,42.15,42.21,42.21,29151600,42.37,42.91,42.15,42.21,1.0,42.91,42.15,0
2026-07-27,PETR4,PETR4,41.2,41.48,40.82,41.01,41.01,32902600,41.2,41.48,40.82,41.01,1.0,41.48,40.82,0
2026-07-28,PETR4,PETR4,41.02,41.77,40.88,41.21,41.21,29946800,41.02,41.77,40.88,41.21,1.0,41.77,40.88,0
