date,ticker,source_symbol,open,high,low,close,adj_close,volume,raw_open,raw_high,raw_low,raw_close,adjustment_factor,source_high,source_low,ohlc_repaired,raw_volume,trades,financial_volume,quotation_factor,bdi_code,market_type,isin,distribution_number,specification,issuer_name,fractional_raw_volume,fractional_trades,fractional_financial_volume,volume_scope
2017-03-13,RAIL3,RAIL3,8.7,8.83,8.55,8.74,8.74,3027802,8.7,8.83,8.55,8.74,1.0,8.83,8.55,0,3027802,5764,26427800.34,1,02,010,BRRAILACNOR9,100,ON      NM,RUMO S.A.,3002,107,26262.34,consolidated_010_020
2017-03-14,RAIL3,RAIL3,8.73,8.85,8.36,8.66,8.66,3171420,8.73,8.85,8.36,8.66,1.0,8.85,8.36,0,3171420,6168,27388831.06,1,02,010,BRRAILACNOR9,100,ON      NM,RUMO S.A.,3120,87,26933.06,consolidated_010_020
2017-03-15,RAIL3,RAIL3,8.65,8.95,8.42,8.95,8.95,5941095,8.65,8.95,8.42,8.95,1.0,8.95,8.42,0,5941095,12250,52057248.94,1,02,010,BRRAILACNOR9,100,ON      NM,RUMO S.A.,3595,107,31352.94,consolidated_010_020
2017-03-16,RAIL3,RAIL3,9.0,9.06,8.73,8.88,8.88,5721991,9.0,9.06,8.73,8.88,1.0,9.06,8.73,0,5721991,6801,51217288.48,1,02,010,BRRAILACNOR9,100,ON      NM,RUMO S.A.,2191,79,19577.48,consolidated_010_020
2017-03-17,RAIL3,RAIL3,8.91,9.05,8.7,9.0,9.0,7053139,8.91,9.05,8.7,9.0,1.0,9.05,8.7,0,7053139,11775,63020556.74,1,02,010,BRRAILACNOR9,100,ON      NM,RUMO S.A.,1939,69,17221.74,consolidated_010_020
2017-03-20,RAIL3,RAIL3,8.91,9.13,8.83,8.91,8.91,13295972,8.91,9.13,8.83,8.91,1.0,9.13,8.83,0,13295972,11011,119774784.44,1,02,010,BRRAILACNOR9,100,ON      NM,RUMO S.A.,2972,113,26753.44,consolidated_010_020
2017-03-21,RAIL3,RAIL3,8.9,8.96,8.16,8.59,8.59,9495206,8.9,8.96,8.16,8.59,1.0,8.96,8.16,0,9495206,16615,80151689.12,1,02,010,BRRAILACNOR9,100,ON      NM,RUMO S.A.,3506,119,29729.12,consolidated_010_020
2017-03-22,RAIL3,RAIL3,8.5,8.84,8.41,8.75,8.75,6251386,8.5,8.84,8.41,8.75,1.0,8.84,8.41,0,6251386,10494,54101457.1,1,02,010,BRRAILACNOR9,100,ON      NM,RUMO S.A.,1986,64,17359.1,consolidated_010_020
2017-03-23,RAIL3,RAIL3,8.65,8.76,8.49,8.7,8.7,5031493,8.65,8.76,8.49,8.7,1.0,8.76,8.49,0,5031493,7737,43587791.14,1,02,010,BRRAILACNOR9,100,ON      NM,RUMO S.A.,1493,59,13087.14,consolidated_010_020
2017-03-24,RAIL3,RAIL3,8.61,8.79,8.49,8.55,8.55,5340297,8.61,8.79,8.49,8.55,1.0,8.79,8.49,0,5340297,8011,46014210.4,1,02,010,BRRAILACNOR9,100,ON      NM,RUMO S.A.,1197,56,10433.4,consolidated_010_020
2017-03-27,RAIL3,RAIL3,8.45,8.56,8.28,8.55,8.55,3590218,8.45,8.56,8.28,8.55,1.0,8.56,8.28,0,3590218,8405,30359910.44,1,02,010,BRRAILACNOR9,100,ON      NM,RUMO S.A.,1718,63,14541.44,consolidated_010_020
2017-03-28,RAIL3,RAIL3,8.55,8.55,8.44,8.55,8.55,2288022,8.55,8.55,8.44,8.55,1.0,8.55,8.44,0,2288022,4008,19505399.22,1,02,010,BRRAILACNOR9,100,ON      NM,RUMO S.A.,1322,54,11271.22,consolidated_010_020
2017-03-29,RAIL3,RAIL3,8.49,8.57,8.4,8.53,8.53,3917046,8.49,8.57,8.4,8.53,1.0,8.57,8.4,0,3917046,9440,33296565.57,1,02,010,BRRAILACNOR9,100,ON      NM,RUMO S.A.,1646,66,14051.57,consolidated_010_020
2017-03-30,RAIL3,RAIL3,8.56,8.6,8.44,8.55,8.55,3738766,8.56,8.6,8.44,8.55,1.0,8.6,8.44,0,3738766,6858,31857337.37,1,02,010,BRRAILACNOR9,100,ON      NM,RUMO S.A.,566,30,4822.37,consolidated_010_020
2017-03-31,RAIL3,RAIL3,8.55,8.59,8.49,8.55,8.55,3190468,8.55,8.59,8.49,8.55,1.0,8.59,8.49,0,3190468,5608,27273856.49,1,02,010,BRRAILACNOR9,100,ON      NM,RUMO S.A.,1868,65,16022.49,consolidated_010_020
2017-04-03,RAIL3,RAIL3,8.55,8.87,8.5,8.87,8.87,45378204,8.55,8.87,8.5,8.87,1.0,8.87,8.5,0,45378204,8895,393508623.72,1,02,010,BRRAILACNOR9,100,ON      NM,RUMO S.A.,3504,129,30553.72,consolidated_010_020
2017-04-04,RAIL3,RAIL3,8.88,9.0,8.79,8.96,8.96,7520480,8.88,9.0,8.79,8.96,1.0,9.0,8.79,0,7520480,11259,67120882.95,1,02,010,BRRAILACNOR9,100,ON      NM,RUMO S.A.,2980,114,26605.95,consolidated_010_020
2017-04-05,RAIL3,RAIL3,9.0,9.04,8.56,8.72,8.72,5941110,9.0,9.04,8.56,8.72,1.0,9.04,8.56,0,5941110,10148,52651288.31,1,02,010,BRRAILACNOR9,100,ON      NM,RUMO S.A.,4310,146,38000.31,consolidated_010_020
2017-04-06,RAIL3,RAIL3,8.71,8.8,8.46,8.6,8.6,6372415,8.71,8.8,8.46,8.6,1.0,8.8,8.46,0,6372415,12038,55172178.59,1,02,010,BRRAILACNOR9,100,ON      NM,RUMO S.A.,1515,57,13038.59,consolidated_010_020
2017-04-07,RAIL3,RAIL3,8.61,8.97,8.51,8.75,8.75,5444677,8.61,8.97,8.51,8.75,1.0,8.97,8.51,0,5444677,14768,47663226.42,1,02,010,BRRAILACNOR9,100,ON      NM,RUMO S.A.,1877,66,16435.42,consolidated_010_020
2017-04-10,RAIL3,RAIL3,8.82,8.91,8.7,8.81,8.81,3023818,8.82,8.91,8.7,8.81,1.0,8.91,8.7,0,3023818,7022,26586269.16,1,02,010,BRRAILACNOR9,100,ON      NM,RUMO S.A.,1718,65,15164.16,consolidated_010_020
2017-04-11,RAIL3,RAIL3,8.86,8.99,8.7,8.89,8.89,5168457,8.86,8.99,8.7,8.89,1.0,8.99,8.7,0,5168457,11071,45932410.95,1,02,010,BRRAILACNOR9,100,ON      NM,RUMO S.A.,2357,74,20938.95,consolidated_010_020
2017-04-12,RAIL3,RAIL3,8.83,8.93,8.77,8.85,8.85,7247452,8.83,8.93,8.77,8.85,1.0,8.93,8.77,0,7247452,10297,64181011.72,1,02,010,BRRAILACNOR9,100,ON      NM,RUMO S.A.,2352,85,20870.72,consolidated_010_020
2017-04-13,RAIL3,RAIL3,8.86,8.87,8.61,8.61,8.61,14433820,8.86,8.87,8.61,8.61,1.0,8.87,8.61,0,14433820,8676,126133047.73,1,02,010,BRRAILACNOR9,100,ON      NM,RUMO S.A.,2020,67,17596.73,consolidated_010_020
2017-04-17,RAIL3,RAIL3,8.65,8.85,8.56,8.85,8.85,4109315,8.65,8.85,8.56,8.85,1.0,8.85,8.56,0,4109315,8470,36016995.66,1,02,010,BRRAILACNOR9,100,ON      NM,RUMO S.A.,2715,86,23764.66,consolidated_010_020
2017-04-18,RAIL3,RAIL3,8.73,9.18,8.71,8.94,8.94,7694334,8.73,9.18,8.71,8.94,1.0,9.18,8.71,0,7694334,11840,68949443.23,1,02,010,BRRAILACNOR9,100,ON      NM,RUMO S.A.,3734,130,33420.23,consolidated_010_020
2017-04-19,RAIL3,RAIL3,9.07,9.13,8.75,8.85,8.85,5685939,9.07,9.13,8.75,8.85,1.0,9.13,8.75,0,5685939,10145,50578033.41,1,02,010,BRRAILACNOR9,100,ON      NM,RUMO S.A.,2839,89,25220.41,consolidated_010_020
2017-04-20,RAIL3,RAIL3,8.95,8.97,8.63,8.69,8.69,4458973,8.95,8.97,8.63,8.69,1.0,8.97,8.63,0,4458973,5630,39143017.74,1,02,010,BRRAILACNOR9,100,ON      NM,RUMO S.A.,2173,88,19200.74,consolidated_010_020
2017-04-24,RAIL3,RAIL3,8.87,8.89,8.62,8.62,8.62,5019283,8.87,8.89,8.62,8.62,1.0,8.89,8.62,0,5019283,9465,43832933.96,1,02,010,BRRAILACNOR9,100,ON      NM,RUMO S.A.,2683,97,23492.96,consolidated_010_020
2017-04-25,RAIL3,RAIL3,8.6,8.68,8.32,8.6,8.6,6702168,8.6,8.68,8.32,8.6,1.0,8.68,8.32,0,6702168,8591,57210832.11,1,02,010,BRRAILACNOR9,100,ON      NM,RUMO S.A.,2868,187,24484.11,consolidated_010_020
2017-04-26,RAIL3,RAIL3,8.58,8.65,8.41,8.58,8.58,5180720,8.58,8.65,8.41,8.58,1.0,8.65,8.41,0,5180720,8761,44203402.98,1,02,010,BRRAILACNOR9,100,ON      NM,RUMO S.A.,1920,69,16444.98,consolidated_010_020
2017-04-27,RAIL3,RAIL3,8.61,8.71,8.45,8.68,8.68,3105656,8.61,8.71,8.45,8.68,1.0,8.71,8.45,0,3105656,5947,26728831.98,1,02,010,BRRAILACNOR9,100,ON      NM,RUMO S.A.,1456,58,12542.98,consolidated_010_020
2017-04-28,RAIL3,RAIL3,8.63,8.78,8.55,8.73,8.73,5478727,8.63,8.78,8.55,8.73,1.0,8.78,8.55,0,5478727,6354,47618009.09,1,02,010,BRRAILACNOR9,100,ON      NM,RUMO S.A.,2027,75,17644.09,consolidated_010_020
2017-05-02,RAIL3,RAIL3,8.75,9.32,8.75,9.27,9.27,14709666,8.75,9.32,8.75,9.27,1.0,9.32,8.75,0,14709666,22972,134237770.3,1,02,010,BRRAILACNOR9,100,ON      NM,RUMO S.A.,4766,167,43423.3,consolidated_010_020
2017-05-03,RAIL3,RAIL3,9.25,9.38,9.1,9.38,9.38,5670841,9.25,9.38,9.1,9.38,1.0,9.38,9.1,0,5670841,17160,52502547.87,1,02,010,BRRAILACNOR9,100,ON      NM,RUMO S.A.,3441,122,31933.87,consolidated_010_020
2017-05-04,RAIL3,RAIL3,9.42,9.5,9.1,9.2,9.2,5184438,9.42,9.5,9.1,9.2,1.0,9.5,9.1,0,5184438,14279,48015186.12,1,02,010,BRRAILACNOR9,100,ON      NM,RUMO S.A.,2538,99,23494.12,consolidated_010_020
2017-05-05,RAIL3,RAIL3,9.29,9.3,9.05,9.23,9.23,2585342,9.29,9.3,9.05,9.23,1.0,9.3,9.05,0,2585342,6847,23744860.67,1,02,010,BRRAILACNOR9,100,ON      NM,RUMO S.A.,1942,83,17921.67,consolidated_010_020
2017-05-08,RAIL3,RAIL3,9.2,9.35,9.1,9.28,9.28,4149569,9.2,9.35,9.1,9.28,1.0,9.35,9.1,0,4149569,9699,38414322.59,1,02,010,BRRAILACNOR9,100,ON      NM,RUMO S.A.,2169,84,20077.59,consolidated_010_020
2017-05-09,RAIL3,RAIL3,9.35,9.74,9.32,9.7,9.7,6993635,9.35,9.74,9.32,9.7,1.0,9.74,9.32,0,6993635,14986,66815753.99,1,02,010,BRRAILACNOR9,100,ON      NM,RUMO S.A.,3235,100,30882.99,consolidated_010_020
2017-05-10,RAIL3,RAIL3,9.79,9.84,9.52,9.7,9.7,6496440,9.79,9.84,9.52,9.7,1.0,9.84,9.52,0,6496440,12046,63071061.4,1,02,010,BRRAILACNOR9,100,ON      NM,RUMO S.A.,3140,124,30492.4,consolidated_010_020
2017-05-11,RAIL3,RAIL3,9.7,9.98,9.66,9.91,9.91,12044094,9.7,9.98,9.66,9.91,1.0,9.98,9.66,0,12044094,13402,117992215.32,1,02,010,BRRAILACNOR9,100,ON      NM,RUMO S.A.,4094,134,40283.32,consolidated_010_020
2017-05-12,RAIL3,RAIL3,9.94,10.05,9.88,9.92,9.92,8363469,9.94,10.05,9.88,9.92,1.0,10.05,9.88,0,8363469,11955,83221036.81,1,02,010,BRRAILACNOR9,100,ON      NM,RUMO S.A.,3569,126,35526.81,consolidated_010_020
2017-05-15,RAIL3,RAIL3,9.85,10.19,9.82,10.13,10.13,7413152,9.85,10.19,9.82,10.13,1.0,10.19,9.82,0,7413152,8977,74343937.94,1,02,010,BRRAILACNOR9,100,ON      NM,RUMO S.A.,4652,161,46800.94,consolidated_010_020
2017-05-16,RAIL3,RAIL3,10.2,10.55,10.15,10.47,10.47,6998421,10.2,10.55,10.15,10.47,1.0,10.55,10.15,0,6998421,22202,72692300.97,1,02,010,BRRAILACNOR9,100,ON      NM,RUMO S.A.,5221,175,54089.97,consolidated_010_020
2017-05-17,RAIL3,RAIL3,10.31,10.44,10.02,10.33,10.33,7168707,10.31,10.44,10.02,10.33,1.0,10.44,10.02,0,7168707,18936,73571879.62,1,02,010,BRRAILACNOR9,100,ON      NM,RUMO S.A.,4007,161,41122.62,consolidated_010_020
2017-05-18,RAIL3,RAIL3,7.8,8.93,7.65,8.58,8.58,33279497,7.8,8.93,7.65,8.58,1.0,8.93,7.65,0,33279497,52087,284239798.16,1,02,010,BRRAILACNOR9,100,ON      NM,RUMO S.A.,11997,371,103306.16,consolidated_010_020
2017-05-19,RAIL3,RAIL3,9.0,9.15,8.7,8.87,8.87,23015416,9.0,9.15,8.7,8.87,1.0,9.15,8.7,0,23015416,28428,205175648.56,1,02,010,BRRAILACNOR9,100,ON      NM,RUMO S.A.,4916,171,43743.56,consolidated_010_020
2017-05-22,RAIL3,RAIL3,8.7,8.7,7.65,7.9,7.9,29016049,8.7,8.7,7.65,7.9,1.0,8.7,7.65,0,29016049,50634,230678114.59,1,02,010,BRRAILACNOR9,100,ON      NM,RUMO S.A.,8149,306,65511.59,consolidated_010_020
2017-05-23,RAIL3,RAIL3,7.99,8.1,7.81,7.99,7.99,17551006,7.99,8.1,7.81,7.99,1.0,8.1,7.81,0,17551006,25771,139538217.48,1,02,010,BRRAILACNOR9,100,ON      NM,RUMO S.A.,3806,129,30254.48,consolidated_010_020
2017-05-24,RAIL3,RAIL3,8.27,8.8,8.05,8.57,8.57,13562703,8.27,8.8,8.05,8.57,1.0,8.8,8.05,0,13562703,30144,115739917.8,1,02,010,BRRAILACNOR9,100,ON      NM,RUMO S.A.,4003,127,34074.8,consolidated_010_020
2017-05-25,RAIL3,RAIL3,8.61,8.87,8.3,8.72,8.72,18219959,8.61,8.87,8.3,8.72,1.0,8.87,8.3,0,18219959,16167,157271522.38,1,02,010,BRRAILACNOR9,100,ON      NM,RUMO S.A.,3959,125,34192.38,consolidated_010_020
2017-05-26,RAIL3,RAIL3,8.73,8.94,8.65,8.78,8.78,11199609,8.73,8.94,8.65,8.78,1.0,8.94,8.65,0,11199609,19604,99016507.36,1,02,010,BRRAILACNOR9,100,ON      NM,RUMO S.A.,2809,106,24808.36,consolidated_010_020
2017-05-29,RAIL3,RAIL3,8.7,8.73,8.51,8.65,8.65,3829387,8.7,8.73,8.51,8.65,1.0,8.73,8.51,0,3829387,8939,32928982.37,1,02,010,BRRAILACNOR9,100,ON      NM,RUMO S.A.,2087,74,17962.37,consolidated_010_020
2017-05-30,RAIL3,RAIL3,8.68,8.68,8.41,8.56,8.56,6105083,8.68,8.68,8.41,8.56,1.0,8.68,8.41,0,6105083,7133,52199688.85,1,02,010,BRRAILACNOR9,100,ON      NM,RUMO S.A.,2383,84,20370.85,consolidated_010_020
2017-05-31,RAIL3,RAIL3,8.53,8.64,8.2,8.48,8.48,11996769,8.53,8.64,8.2,8.48,1.0,8.64,8.2,0,11996769,18898,100599644.7,1,02,010,BRRAILACNOR9,100,ON      NM,RUMO S.A.,3469,123,29150.7,consolidated_010_020
2017-06-01,RAIL3,RAIL3,8.46,8.64,8.25,8.26,8.26,8399576,8.46,8.64,8.25,8.26,1.0,8.64,8.25,0,8399576,12184,71235649.25,1,02,010,BRRAILACNOR9,100,ON      NM,RUMO S.A.,3776,117,32159.25,consolidated_010_020
2017-06-02,RAIL3,RAIL3,8.34,8.42,8.05,8.18,8.18,7415255,8.34,8.42,8.05,8.18,1.0,8.42,8.05,0,7415255,13452,61002415.77,1,02,010,BRRAILACNOR9,100,ON      NM,RUMO S.A.,1755,58,14439.77,consolidated_010_020
2017-06-05,RAIL3,RAIL3,8.08,8.33,7.81,7.88,7.88,10377356,8.08,8.33,7.81,7.88,1.0,8.33,7.81,0,10377356,15972,83377988.76,1,02,010,BRRAILACNOR9,100,ON      NM,RUMO S.A.,2856,105,22870.76,consolidated_010_020
2017-06-06,RAIL3,RAIL3,7.95,8.02,7.68,7.78,7.78,13633314,7.95,8.02,7.68,7.78,1.0,8.02,7.68,0,13633314,13234,106088644.11,1,02,010,BRRAILACNOR9,100,ON      NM,RUMO S.A.,2914,112,22853.11,consolidated_010_020
2017-06-07,RAIL3,RAIL3,7.87,8.03,7.73,8.03,8.03,10260356,7.87,8.03,7.73,8.03,1.0,8.03,7.73,0,10260356,15975,80680289.86,1,02,010,BRRAILACNOR9,100,ON      NM,RUMO S.A.,1856,73,14611.86,consolidated_010_020
2017-06-08,RAIL3,RAIL3,8.0,8.0,7.81,7.92,7.92,6511091,8.0,8.0,7.81,7.92,1.0,8.0,7.81,0,6511091,17799,51385320.87,1,02,010,BRRAILACNOR9,100,ON      NM,RUMO S.A.,1391,50,10990.87,consolidated_010_020
2017-06-09,RAIL3,RAIL3,7.9,8.04,7.82,7.88,7.88,4522407,7.9,8.04,7.82,7.88,1.0,8.04,7.82,0,4522407,8105,35819428.41,1,02,010,BRRAILACNOR9,100,ON      NM,RUMO S.A.,1607,61,12760.41,consolidated_010_020
2017-06-12,RAIL3,RAIL3,7.9,7.91,7.5,7.74,7.74,9416819,7.9,7.91,7.5,7.74,1.0,7.91,7.5,0,9416819,14236,72652734.5,1,02,010,BRRAILACNOR9,100,ON      NM,RUMO S.A.,2119,89,16384.5,consolidated_010_020
2017-06-13,RAIL3,RAIL3,7.73,7.96,7.71,7.9,7.9,7957939,7.73,7.96,7.71,7.9,1.0,7.96,7.71,0,7957939,12658,62686590.59,1,02,010,BRRAILACNOR9,100,ON      NM,RUMO S.A.,1339,77,10507.59,consolidated_010_020
2017-06-14,RAIL3,RAIL3,8.01,8.14,7.93,8.11,8.11,8409604,8.01,8.14,7.93,8.11,1.0,8.14,7.93,0,8409604,11723,67767237.09,1,02,010,BRRAILACNOR9,100,ON      NM,RUMO S.A.,3304,118,26606.09,consolidated_010_020
2017-06-16,RAIL3,RAIL3,8.0,8.3,7.94,8.3,8.3,8116266,8.0,8.3,7.94,8.3,1.0,8.3,7.94,0,8116266,8582,66728636.05,1,02,010,BRRAILACNOR9,100,ON      NM,RUMO S.A.,2466,101,20138.05,consolidated_010_020
2017-06-19,RAIL3,RAIL3,8.25,8.38,8.12,8.34,8.34,5719496,8.25,8.38,8.12,8.34,1.0,8.38,8.12,0,5719496,10473,47305385.8,1,02,010,BRRAILACNOR9,100,ON      NM,RUMO S.A.,2696,83,22220.8,consolidated_010_020
2017-06-20,RAIL3,RAIL3,8.25,8.26,7.97,8.12,8.12,13022583,8.25,8.26,7.97,8.12,1.0,8.26,7.97,0,13022583,9576,105608249.07,1,02,010,BRRAILACNOR9,100,ON      NM,RUMO S.A.,1683,69,13657.07,consolidated_010_020
2017-06-21,RAIL3,RAIL3,8.15,8.2,7.97,8.13,8.13,4225767,8.15,8.2,7.97,8.13,1.0,8.2,7.97,0,4225767,9423,34123808.38,1,02,010,BRRAILACNOR9,100,ON      NM,RUMO S.A.,1467,52,11839.38,consolidated_010_020
2017-06-22,RAIL3,RAIL3,8.1,8.4,8.06,8.4,8.4,4979748,8.1,8.4,8.06,8.4,1.0,8.4,8.06,0,4979748,8603,41109946.42,1,02,010,BRRAILACNOR9,100,ON      NM,RUMO S.A.,1648,67,13628.42,consolidated_010_020
2017-06-23,RAIL3,RAIL3,8.4,8.45,8.16,8.25,8.25,3418515,8.4,8.45,8.16,8.25,1.0,8.45,8.16,0,3418515,7879,28324660.88,1,02,010,BRRAILACNOR9,100,ON      NM,RUMO S.A.,815,33,6769.88,consolidated_010_020
2017-06-26,RAIL3,RAIL3,8.28,8.42,8.1,8.36,8.36,6535997,8.28,8.42,8.1,8.36,1.0,8.42,8.1,0,6535997,12171,53931754.4,1,02,010,BRRAILACNOR9,100,ON      NM,RUMO S.A.,1297,43,10684.4,consolidated_010_020
2017-06-27,RAIL3,RAIL3,8.35,8.35,8.2,8.27,8.27,3022936,8.35,8.35,8.2,8.27,1.0,8.35,8.2,0,3022936,7796,24956534.49,1,02,010,BRRAILACNOR9,100,ON      NM,RUMO S.A.,1536,47,12682.49,consolidated_010_020
2017-06-28,RAIL3,RAIL3,8.35,8.35,8.14,8.27,8.27,4045200,8.35,8.35,8.14,8.27,1.0,8.35,8.14,0,4045200,12252,33278274.04,1,02,010,BRRAILACNOR9,100,ON      NM,RUMO S.A.,1100,36,9065.04,consolidated_010_020
2017-06-29,RAIL3,RAIL3,8.33,8.43,8.21,8.43,8.43,5333457,8.33,8.43,8.21,8.43,1.0,8.43,8.21,0,5333457,7435,44532128.82,1,02,010,BRRAILACNOR9,100,ON      NM,RUMO S.A.,1857,73,15513.82,consolidated_010_020
2017-06-30,RAIL3,RAIL3,8.44,8.65,8.44,8.65,8.65,6921432,8.44,8.65,8.44,8.65,1.0,8.65,8.44,0,6921432,11205,59228695.17,1,02,010,BRRAILACNOR9,100,ON      NM,RUMO S.A.,1932,70,16507.17,consolidated_010_020
2017-07-03,RAIL3,RAIL3,8.66,8.7,8.54,8.7,8.7,6846323,8.66,8.7,8.54,8.7,1.0,8.7,8.54,0,6846323,7081,59204873.66,1,02,010,BRRAILACNOR9,100,ON      NM,RUMO S.A.,2023,85,17442.66,consolidated_010_020
2017-07-04,RAIL3,RAIL3,8.65,8.86,8.6,8.75,8.75,2923792,8.65,8.86,8.6,8.75,1.0,8.86,8.6,0,2923792,9451,25609124.87,1,02,010,BRRAILACNOR9,100,ON      NM,RUMO S.A.,1692,70,14815.87,consolidated_010_020
2017-07-05,RAIL3,RAIL3,8.81,8.98,8.67,8.95,8.95,4436157,8.81,8.98,8.67,8.95,1.0,8.98,8.67,0,4436157,8705,39391642.24,1,02,010,BRRAILACNOR9,100,ON      NM,RUMO S.A.,2257,98,20056.24,consolidated_010_020
2017-07-06,RAIL3,RAIL3,8.97,9.0,8.82,8.91,8.91,4229953,8.97,9.0,8.82,8.91,1.0,9.0,8.82,0,4229953,8604,37681468.3,1,02,010,BRRAILACNOR9,100,ON      NM,RUMO S.A.,2153,91,19179.3,consolidated_010_020
2017-07-07,RAIL3,RAIL3,8.99,8.99,8.77,8.8,8.8,3385356,8.99,8.99,8.77,8.8,1.0,8.99,8.77,0,3385356,10476,29973471.07,1,02,010,BRRAILACNOR9,100,ON      NM,RUMO S.A.,1656,66,14682.07,consolidated_010_020
2017-07-10,RAIL3,RAIL3,8.82,8.93,8.67,8.81,8.81,3668198,8.82,8.93,8.67,8.81,1.0,8.93,8.67,0,3668198,10972,32334228.47,1,02,010,BRRAILACNOR9,100,ON      NM,RUMO S.A.,2698,90,23803.47,consolidated_010_020
2017-07-11,RAIL3,RAIL3,8.81,8.98,8.78,8.98,8.98,2819595,8.81,8.98,8.78,8.98,1.0,8.98,8.78,0,2819595,8940,25136027.52,1,02,010,BRRAILACNOR9,100,ON      NM,RUMO S.A.,1495,55,13310.52,consolidated_010_020
2017-07-12,RAIL3,RAIL3,9.07,9.24,9.02,9.06,9.06,9889337,9.07,9.24,9.02,9.06,1.0,9.24,9.02,0,9889337,17393,90031883.21,1,02,010,BRRAILACNOR9,100,ON      NM,RUMO S.A.,3537,143,32209.21,consolidated_010_020
2017-07-13,RAIL3,RAIL3,9.13,9.49,9.07,9.45,9.45,14338390,9.13,9.49,9.07,9.45,1.0,9.49,9.07,0,14338390,5951,133748961.11,1,02,010,BRRAILACNOR9,100,ON      NM,RUMO S.A.,2190,88,20439.11,consolidated_010_020
2017-07-14,RAIL3,RAIL3,9.5,9.68,9.49,9.59,9.59,6852362,9.5,9.68,9.49,9.59,1.0,9.68,9.49,0,6852362,10583,65624031.98,1,02,010,BRRAILACNOR9,100,ON      NM,RUMO S.A.,2262,77,21668.98,consolidated_010_020
2017-07-17,RAIL3,RAIL3,9.55,9.72,9.33,9.44,9.44,5270020,9.55,9.72,9.33,9.44,1.0,9.72,9.33,0,5270020,7888,50008497.57,1,02,010,BRRAILACNOR9,100,ON      NM,RUMO S.A.,1620,59,15354.57,consolidated_010_020
2017-07-18,RAIL3,RAIL3,9.44,9.6,9.32,9.6,9.6,4206415,9.44,9.6,9.32,9.6,1.0,9.6,9.32,0,4206415,6363,39758861.18,1,02,010,BRRAILACNOR9,100,ON      NM,RUMO S.A.,2215,66,20915.18,consolidated_010_020
2017-07-19,RAIL3,RAIL3,9.61,9.71,9.54,9.65,9.65,9655017,9.61,9.71,9.54,9.65,1.0,9.71,9.54,0,9655017,7257,92809200.02,1,02,010,BRRAILACNOR9,100,ON      NM,RUMO S.A.,2317,72,22286.02,consolidated_010_020
2017-07-20,RAIL3,RAIL3,9.61,9.71,9.54,9.65,9.65,3039146,9.61,9.71,9.54,9.65,1.0,9.71,9.54,0,3039146,6123,29277848.33,1,02,010,BRRAILACNOR9,100,ON      NM,RUMO S.A.,1946,68,18742.33,consolidated_010_020
2017-07-21,RAIL3,RAIL3,9.64,9.95,9.61,9.95,9.95,4600204,9.64,9.95,9.61,9.95,1.0,9.95,9.61,0,4600204,8065,45437551.35,1,02,010,BRRAILACNOR9,100,ON      NM,RUMO S.A.,2204,81,21705.35,consolidated_010_020
2017-07-24,RAIL3,RAIL3,9.97,10.17,9.87,10.16,10.16,8247021,9.97,10.17,9.87,10.16,1.0,10.17,9.87,0,8247021,9055,82958820.0,1,02,010,BRRAILACNOR9,100,ON      NM,RUMO S.A.,2221,85,22333.0,consolidated_010_020
2017-07-25,RAIL3,RAIL3,10.19,10.23,10.07,10.2,10.2,6319101,10.19,10.23,10.07,10.2,1.0,10.23,10.07,0,6319101,11594,64403537.92,1,02,010,BRRAILACNOR9,100,ON      NM,RUMO S.A.,2601,87,26442.92,consolidated_010_020
2017-07-26,RAIL3,RAIL3,10.18,10.23,9.89,10.08,10.08,5832735,10.18,10.23,9.89,10.08,1.0,10.23,9.89,0,5832735,11619,59013526.78,1,02,010,BRRAILACNOR9,100,ON      NM,RUMO S.A.,2035,74,20479.78,consolidated_010_020
2017-07-27,RAIL3,RAIL3,10.13,10.29,10.12,10.19,10.19,5770973,10.13,10.29,10.12,10.19,1.0,10.29,10.12,0,5770973,6746,58860027.37,1,02,010,BRRAILACNOR9,100,ON      NM,RUMO S.A.,1373,56,14025.37,consolidated_010_020
2017-07-28,RAIL3,RAIL3,10.26,10.42,10.16,10.42,10.42,6032020,10.26,10.42,10.16,10.42,1.0,10.42,10.16,0,6032020,9592,61997922.26,1,02,010,BRRAILACNOR9,100,ON      NM,RUMO S.A.,2320,80,23865.26,consolidated_010_020
2017-07-31,RAIL3,RAIL3,10.42,10.5,10.23,10.34,10.34,6894699,10.42,10.5,10.23,10.34,1.0,10.5,10.23,0,6894699,13747,71339012.96,1,02,010,BRRAILACNOR9,100,ON      NM,RUMO S.A.,4899,179,50785.96,consolidated_010_020
2017-08-01,RAIL3,RAIL3,10.3,10.39,10.13,10.3,10.3,11037778,10.3,10.39,10.13,10.3,1.0,10.39,10.13,0,11037778,13874,113256461.51,1,02,010,BRRAILACNOR9,100,ON      NM,RUMO S.A.,5778,180,59364.51,consolidated_010_020
2017-08-02,RAIL3,RAIL3,10.28,10.97,10.15,10.97,10.97,10943758,10.28,10.97,10.15,10.97,1.0,10.97,10.15,0,10943758,19556,116194909.85,1,02,010,BRRAILACNOR9,100,ON      NM,RUMO S.A.,5358,162,56446.85,consolidated_010_020
2017-08-03,RAIL3,RAIL3,10.92,10.94,10.56,10.82,10.82,8063932,10.92,10.94,10.56,10.82,1.0,10.94,10.56,0,8063932,18851,86777923.81,1,02,010,BRRAILACNOR9,100,ON      NM,RUMO S.A.,3132,112,33762.81,consolidated_010_020
2017-08-04,RAIL3,RAIL3,10.9,10.96,10.75,10.83,10.83,7851597,10.9,10.96,10.75,10.83,1.0,10.96,10.75,0,7851597,15270,85121261.71,1,02,010,BRRAILACNOR9,100,ON      NM,RUMO S.A.,1697,64,18405.71,consolidated_010_020
2017-08-07,RAIL3,RAIL3,10.84,10.95,10.84,10.88,10.88,6301973,10.84,10.95,10.84,10.88,1.0,10.95,10.84,0,6301973,10730,68601483.45,1,02,010,BRRAILACNOR9,100,ON      NM,RUMO S.A.,2973,97,32373.45,consolidated_010_020
2017-08-08,RAIL3,RAIL3,10.84,10.92,10.69,10.85,10.85,5640808,10.84,10.92,10.69,10.85,1.0,10.92,10.69,0,5640808,9128,61073778.88,1,02,010,BRRAILACNOR9,100,ON      NM,RUMO S.A.,1708,63,18471.88,consolidated_010_020
2017-08-09,RAIL3,RAIL3,10.75,10.85,10.67,10.74,10.74,3071339,10.75,10.85,10.67,10.74,1.0,10.85,10.67,0,3071339,10800,33002680.94,1,02,010,BRRAILACNOR9,100,ON      NM,RUMO S.A.,1539,52,16539.94,consolidated_010_020
2017-08-10,RAIL3,RAIL3,10.65,10.66,10.15,10.45,10.45,6990625,10.65,10.66,10.15,10.45,1.0,10.66,10.15,0,6990625,10531,73142354.8,1,02,010,BRRAILACNOR9,100,ON      NM,RUMO S.A.,2125,72,22384.8,consolidated_010_020
2017-08-11,RAIL3,RAIL3,10.31,10.6,10.31,10.38,10.38,5222868,10.31,10.6,10.31,10.38,1.0,10.6,10.31,0,5222868,11137,54555575.63,1,02,010,BRRAILACNOR9,100,ON      NM,RUMO S.A.,2268,67,23654.63,consolidated_010_020
2017-08-14,RAIL3,RAIL3,10.4,10.5,10.31,10.34,10.34,4584389,10.4,10.5,10.31,10.34,1.0,10.5,10.31,0,4584389,17128,47839280.7,1,02,010,BRRAILACNOR9,100,ON      NM,RUMO S.A.,2189,71,22830.7,consolidated_010_020
2017-08-15,RAIL3,RAIL3,10.38,10.41,10.01,10.07,10.07,5936899,10.38,10.41,10.01,10.07,1.0,10.41,10.01,0,5936899,18161,60422873.01,1,02,010,BRRAILACNOR9,100,ON      NM,RUMO S.A.,2599,104,26443.01,consolidated_010_020
2017-08-16,RAIL3,RAIL3,10.13,10.34,10.05,10.27,10.27,8955947,10.13,10.34,10.05,10.27,1.0,10.34,10.05,0,8955947,20777,91650115.06,1,02,010,BRRAILACNOR9,100,ON      NM,RUMO S.A.,2347,83,24013.06,consolidated_010_020
2017-08-17,RAIL3,RAIL3,10.3,10.39,10.06,10.1,10.1,5007359,10.3,10.39,10.06,10.1,1.0,10.39,10.06,0,5007359,17761,50808430.89,1,02,010,BRRAILACNOR9,100,ON      NM,RUMO S.A.,2659,99,27179.89,consolidated_010_020
2017-08-18,RAIL3,RAIL3,10.13,10.26,10.07,10.23,10.23,6002718,10.13,10.26,10.07,10.23,1.0,10.26,10.07,0,6002718,16158,61012384.19,1,02,010,BRRAILACNOR9,100,ON      NM,RUMO S.A.,1518,70,15356.19,consolidated_010_020
2017-08-21,RAIL3,RAIL3,10.25,10.3,9.82,10.08,10.08,7259095,10.25,10.3,9.82,10.08,1.0,10.3,9.82,0,7259095,20458,73127125.22,1,02,010,BRRAILACNOR9,100,ON      NM,RUMO S.A.,2595,127,26123.22,consolidated_010_020
2017-08-22,RAIL3,RAIL3,10.14,10.45,10.14,10.33,10.33,7551166,10.14,10.45,10.14,10.33,1.0,10.45,10.14,0,7551166,14456,77731592.67,1,02,010,BRRAILACNOR9,100,ON      NM,RUMO S.A.,2266,80,23353.67,consolidated_010_020
2017-08-23,RAIL3,RAIL3,10.34,10.52,10.24,10.42,10.42,4539305,10.34,10.52,10.24,10.42,1.0,10.52,10.24,0,4539305,7903,47213364.1,1,02,010,BRRAILACNOR9,100,ON      NM,RUMO S.A.,1805,60,18756.1,consolidated_010_020
2017-08-24,RAIL3,RAIL3,10.45,10.58,10.34,10.47,10.47,5422546,10.45,10.58,10.34,10.47,1.0,10.58,10.34,0,5422546,8733,56830995.69,1,02,010,BRRAILACNOR9,100,ON      NM,RUMO S.A.,1946,65,20372.69,consolidated_010_020
2017-08-25,RAIL3,RAIL3,10.49,10.53,10.26,10.32,10.32,5263774,10.49,10.53,10.26,10.32,1.0,10.53,10.26,0,5263774,12568,54331888.5,1,02,010,BRRAILACNOR9,100,ON      NM,RUMO S.A.,1674,57,17272.5,consolidated_010_020
2017-08-28,RAIL3,RAIL3,10.3,10.53,10.17,10.49,10.49,4708524,10.3,10.53,10.17,10.49,1.0,10.53,10.17,0,4708524,6682,49161093.38,1,02,010,BRRAILACNOR9,100,ON      NM,RUMO S.A.,1624,65,16928.38,consolidated_010_020
2017-08-29,RAIL3,RAIL3,10.41,10.53,10.22,10.5,10.5,4022157,10.41,10.53,10.22,10.5,1.0,10.53,10.22,0,4022157,6068,41994463.92,1,02,010,BRRAILACNOR9,100,ON      NM,RUMO S.A.,1757,55,18350.92,consolidated_010_020
2017-08-30,RAIL3,RAIL3,10.45,10.53,10.23,10.37,10.37,8380182,10.45,10.53,10.23,10.37,1.0,10.53,10.23,0,8380182,9343,86811217.9,1,02,010,BRRAILACNOR9,100,ON      NM,RUMO S.A.,1582,207,16397.9,consolidated_010_020
2017-08-31,RAIL3,RAIL3,10.4,10.47,10.24,10.33,10.33,6326448,10.4,10.47,10.24,10.33,1.0,10.47,10.24,0,6326448,7947,65153046.03,1,02,010,BRRAILACNOR9,100,ON      NM,RUMO S.A.,4348,153,45119.03,consolidated_010_020
2017-09-01,RAIL3,RAIL3,10.35,10.46,10.24,10.35,10.35,8300802,10.35,10.46,10.24,10.35,1.0,10.46,10.24,0,8300802,12969,85883158.42,1,02,010,BRRAILACNOR9,100,ON      NM,RUMO S.A.,5502,187,57143.42,consolidated_010_020
2017-09-04,RAIL3,RAIL3,10.31,10.37,10.02,10.1,10.1,7357465,10.31,10.37,10.02,10.1,1.0,10.37,10.02,0,7357465,15466,74494674.17,1,02,010,BRRAILACNOR9,100,ON      NM,RUMO S.A.,3765,122,38189.17,consolidated_010_020
2017-09-05,RAIL3,RAIL3,10.2,10.32,10.08,10.14,10.14,11876539,10.2,10.32,10.08,10.14,1.0,10.32,10.08,0,11876539,20357,120999359.06,1,02,010,BRRAILACNOR9,100,ON      NM,RUMO S.A.,3139,104,32036.06,consolidated_010_020
2017-09-06,RAIL3,RAIL3,9.8,9.93,9.35,9.75,9.75,29909852,9.8,9.93,9.35,9.75,1.0,9.93,9.35,0,29909852,35141,288616425.02,1,02,010,BRRAILACNOR9,100,ON      NM,RUMO S.A.,7152,379,68903.02,consolidated_010_020
2017-09-08,RAIL3,RAIL3,9.73,9.95,9.63,9.86,9.86,8688804,9.73,9.95,9.63,9.86,1.0,9.95,9.63,0,8688804,17985,85390894.91,1,02,010,BRRAILACNOR9,100,ON      NM,RUMO S.A.,1704,53,16690.91,consolidated_010_020
2017-09-11,RAIL3,RAIL3,9.87,10.04,9.75,9.9,9.9,7198248,9.87,10.04,9.75,9.9,1.0,10.04,9.75,0,7198248,11491,71350070.9,1,02,010,BRRAILACNOR9,100,ON      NM,RUMO S.A.,3648,109,36153.9,consolidated_010_020
2017-09-12,RAIL3,RAIL3,9.85,9.95,9.78,9.82,9.82,8027850,9.85,9.95,9.78,9.82,1.0,9.95,9.78,0,8027850,10136,79148562.89,1,02,010,BRRAILACNOR9,100,ON      NM,RUMO S.A.,1750,83,17278.89,consolidated_010_020
2017-09-13,RAIL3,RAIL3,9.8,9.88,9.73,9.84,9.84,5190253,9.8,9.88,9.73,9.84,1.0,9.88,9.73,0,5190253,11634,50927012.36,1,02,010,BRRAILACNOR9,100,ON      NM,RUMO S.A.,2553,90,25022.36,consolidated_010_020
2017-09-14,RAIL3,RAIL3,9.85,10.01,9.81,9.95,9.95,11579380,9.85,10.01,9.81,9.95,1.0,10.01,9.81,0,11579380,8578,114689132.61,1,02,010,BRRAILACNOR9,100,ON      NM,RUMO S.A.,2180,82,21616.61,consolidated_010_020
2017-09-15,RAIL3,RAIL3,9.99,10.25,9.97,10.2,10.2,10372331,9.99,10.25,9.97,10.2,1.0,10.25,9.97,0,10372331,16200,105302149.49,1,02,010,BRRAILACNOR9,100,ON      NM,RUMO S.A.,2631,102,26676.49,consolidated_010_020
2017-09-18,RAIL3,RAIL3,10.3,10.67,10.3,10.5,10.5,24412437,10.3,10.67,10.3,10.5,1.0,10.67,10.3,0,24412437,18805,256803110.57,1,02,010,BRRAILACNOR9,100,ON      NM,RUMO S.A.,3337,125,35084.57,consolidated_010_020
2017-09-19,RAIL3,RAIL3,10.55,10.64,10.36,10.57,10.57,17248173,10.55,10.64,10.36,10.57,1.0,10.64,10.36,0,17248173,16072,181728266.58,1,02,010,BRRAILACNOR9,100,ON      NM,RUMO S.A.,2473,83,26034.58,consolidated_010_020
2017-09-20,RAIL3,RAIL3,10.66,10.7,10.42,10.49,10.49,9326833,10.66,10.7,10.42,10.49,1.0,10.7,10.42,0,9326833,13421,98561549.23,1,02,010,BRRAILACNOR9,100,ON      NM,RUMO S.A.,5733,175,60692.23,consolidated_010_020
2017-09-21,RAIL3,RAIL3,10.45,10.47,10.11,10.39,10.39,15606209,10.45,10.47,10.11,10.39,1.0,10.47,10.11,0,15606209,25946,159568340.81,1,02,010,BRRAILACNOR9,100,ON      NM,RUMO S.A.,3409,165,34921.81,consolidated_010_020
2017-09-22,RAIL3,RAIL3,10.34,11.08,10.25,10.84,10.84,18662037,10.34,11.08,10.25,10.84,1.0,11.08,10.25,0,18662037,31750,202272499.81,1,02,010,BRRAILACNOR9,100,ON      NM,RUMO S.A.,4737,164,51449.81,consolidated_010_020
2017-09-25,RAIL3,RAIL3,10.85,11.2,10.85,11.14,11.14,25937340,10.85,11.2,10.85,11.14,1.0,11.2,10.85,0,25937340,26105,288196942.41,1,02,010,BRRAILACNOR9,100,ON      NM,RUMO S.A.,4440,132,49181.41,consolidated_010_020
2017-09-26,RAIL3,RAIL3,11.2,11.65,11.13,11.35,11.35,14325392,11.2,11.65,11.13,11.35,1.0,11.65,11.13,0,14325392,25521,164330307.56,1,02,010,BRRAILACNOR9,100,ON      NM,RUMO S.A.,4392,140,50270.56,consolidated_010_020
2017-09-27,RAIL3,RAIL3,11.45,11.61,11.28,11.59,11.59,18359320,11.45,11.61,11.28,11.59,1.0,11.61,11.28,0,18359320,16548,209657999.74,1,02,010,BRRAILACNOR9,100,ON      NM,RUMO S.A.,4220,133,48356.74,consolidated_010_020
2017-09-28,RAIL3,RAIL3,11.55,11.78,11.39,11.7,11.7,7844951,11.55,11.78,11.39,11.7,1.0,11.78,11.39,0,7844951,13280,90844856.53,1,02,010,BRRAILACNOR9,100,ON      NM,RUMO S.A.,4851,149,56459.53,consolidated_010_020
2017-09-29,RAIL3,RAIL3,11.77,12.14,11.62,12.09,12.09,11401245,11.77,12.14,11.62,12.09,1.0,12.14,11.62,0,11401245,13356,135272660.84,1,02,010,BRRAILACNOR9,100,ON      NM,RUMO S.A.,8445,277,99964.84,consolidated_010_020
2017-10-02,RAIL3,RAIL3,12.01,12.49,11.96,12.25,12.25,9196413,12.01,12.49,11.96,12.25,1.0,12.49,11.96,0,9196413,16640,112918443.12,1,02,010,BRRAILACNOR9,100,ON      NM,RUMO S.A.,7413,279,90857.12,consolidated_010_020
2017-10-03,RAIL3,RAIL3,12.3,12.95,12.17,12.8,12.8,12512527,12.3,12.95,12.17,12.8,1.0,12.95,12.17,0,12512527,22288,158387029.81,1,02,010,BRRAILACNOR9,100,ON      NM,RUMO S.A.,5227,151,66368.81,consolidated_010_020
2017-10-04,RAIL3,RAIL3,12.8,12.95,12.45,12.63,12.63,9772357,12.8,12.95,12.45,12.63,1.0,12.95,12.45,0,9772357,17000,124082551.92,1,02,010,BRRAILACNOR9,100,ON      NM,RUMO S.A.,4657,141,59244.92,consolidated_010_020
2017-10-05,RAIL3,RAIL3,12.8,12.8,12.21,12.28,12.28,26956575,12.8,12.8,12.21,12.28,1.0,12.8,12.21,0,26956575,35635,334174721.26,1,02,010,BRRAILACNOR9,100,ON      NM,RUMO S.A.,6375,199,78932.26,consolidated_010_020
2017-10-06,RAIL3,RAIL3,12.3,12.36,11.91,12.15,12.15,23278088,12.3,12.36,11.91,12.15,1.0,12.36,11.91,0,23278088,20993,281598810.2,1,02,010,BRRAILACNOR9,100,ON      NM,RUMO S.A.,5488,249,66499.2,consolidated_010_020
2017-10-09,RAIL3,RAIL3,12.2,12.49,12.12,12.49,12.49,8465176,12.2,12.49,12.12,12.49,1.0,12.49,12.12,0,8465176,14749,104328879.74,1,02,010,BRRAILACNOR9,100,ON      NM,RUMO S.A.,3876,122,47805.74,consolidated_010_020
2017-10-10,RAIL3,RAIL3,12.64,13.1,12.6,12.95,12.95,22618108,12.64,13.1,12.6,12.95,1.0,13.1,12.6,0,22618108,25843,290774631.16,1,02,010,BRRAILACNOR9,100,ON      NM,RUMO S.A.,7108,212,91799.16,consolidated_010_020
2017-10-11,RAIL3,RAIL3,12.96,13.15,12.54,13.05,13.05,38706355,12.96,13.15,12.54,13.05,1.0,13.15,12.54,0,38706355,26180,501016610.28,1,02,010,BRRAILACNOR9,100,ON      NM,RUMO S.A.,8255,266,106068.28,consolidated_010_020
2017-10-13,RAIL3,RAIL3,13.17,13.2,12.95,13.08,13.08,12897088,13.17,13.2,12.95,13.08,1.0,13.2,12.95,0,12897088,18273,168457877.07,1,02,010,BRRAILACNOR9,100,ON      NM,RUMO S.A.,4088,151,53386.07,consolidated_010_020
2017-10-16,RAIL3,RAIL3,13.12,13.35,13.05,13.3,13.3,11797907,13.12,13.35,13.05,13.3,1.0,13.35,13.05,0,11797907,21711,156294566.81,1,02,010,BRRAILACNOR9,100,ON      NM,RUMO S.A.,3607,125,47762.81,consolidated_010_020
2017-10-17,RAIL3,RAIL3,13.35,13.35,12.96,13.06,13.06,14577234,13.35,13.35,12.96,13.06,1.0,13.35,12.96,0,14577234,15389,190734728.47,1,02,010,BRRAILACNOR9,100,ON      NM,RUMO S.A.,3734,176,49007.47,consolidated_010_020
2017-10-18,RAIL3,RAIL3,13.2,13.27,12.9,13.27,13.27,14828850,13.2,13.27,12.9,13.27,1.0,13.27,12.9,0,14828850,16614,193751359.09,1,02,010,BRRAILACNOR9,100,ON      NM,RUMO S.A.,3350,104,43661.09,consolidated_010_020
2017-10-19,RAIL3,RAIL3,13.11,13.2,13.0,13.1,13.1,7743759,13.11,13.2,13.0,13.1,1.0,13.2,13.0,0,7743759,11848,101366490.19,1,02,010,BRRAILACNOR9,100,ON      NM,RUMO S.A.,2059,74,26948.19,consolidated_010_020
2017-10-20,RAIL3,RAIL3,13.06,13.55,13.05,13.52,13.52,11587911,13.06,13.55,13.05,13.52,1.0,13.55,13.05,0,11587911,13262,153861984.62,1,02,010,BRRAILACNOR9,100,ON      NM,RUMO S.A.,3011,189,40195.62,consolidated_010_020
2017-10-23,RAIL3,RAIL3,13.55,13.57,13.23,13.3,13.3,6947014,13.55,13.57,13.23,13.3,1.0,13.57,13.23,0,6947014,11045,92739258.67,1,02,010,BRRAILACNOR9,100,ON      NM,RUMO S.A.,3314,177,44309.67,consolidated_010_020
2017-10-24,RAIL3,RAIL3,13.35,13.48,13.22,13.35,13.35,7557916,13.35,13.48,13.22,13.35,1.0,13.48,13.22,0,7557916,11379,100725896.11,1,02,010,BRRAILACNOR9,100,ON      NM,RUMO S.A.,2516,84,33536.11,consolidated_010_020
2017-10-25,RAIL3,RAIL3,13.44,13.48,13.11,13.34,13.34,4230558,13.44,13.48,13.11,13.34,1.0,13.48,13.11,0,4230558,11532,56295387.57,1,02,010,BRRAILACNOR9,100,ON      NM,RUMO S.A.,2758,87,36680.57,consolidated_010_020
2017-10-26,RAIL3,RAIL3,13.4,13.44,13.01,13.02,13.02,7962481,13.4,13.44,13.01,13.02,1.0,13.44,13.01,0,7962481,13909,105479861.22,1,02,010,BRRAILACNOR9,100,ON      NM,RUMO S.A.,2781,100,36856.22,consolidated_010_020
2017-10-27,RAIL3,RAIL3,13.0,13.32,12.75,13.27,13.27,9513934,13.0,13.32,12.75,13.27,1.0,13.32,12.75,0,9513934,16952,125641216.32,1,02,010,BRRAILACNOR9,100,ON      NM,RUMO S.A.,3434,117,45217.32,consolidated_010_020
2017-10-30,RAIL3,RAIL3,13.27,13.27,12.4,12.8,12.8,13103526,13.27,13.27,12.4,12.8,1.0,13.27,12.4,0,13103526,24834,166513456.7,1,02,010,BRRAILACNOR9,100,ON      NM,RUMO S.A.,5126,264,65304.7,consolidated_010_020
2017-10-31,RAIL3,RAIL3,12.8,12.93,12.36,12.7,12.7,16682483,12.8,12.93,12.36,12.7,1.0,12.93,12.36,0,16682483,26808,210263326.64,1,02,010,BRRAILACNOR9,100,ON      NM,RUMO S.A.,4683,138,58875.64,consolidated_010_020
2017-11-01,RAIL3,RAIL3,12.78,12.8,12.23,12.25,12.25,8616371,12.78,12.8,12.23,12.25,1.0,12.8,12.23,0,8616371,21894,107495095.47,1,02,010,BRRAILACNOR9,100,ON      NM,RUMO S.A.,3271,212,40941.47,consolidated_010_020
2017-11-03,RAIL3,RAIL3,12.31,12.6,12.12,12.3,12.3,12239550,12.31,12.6,12.12,12.3,1.0,12.6,12.12,0,12239550,24357,150652649.99,1,02,010,BRRAILACNOR9,100,ON      NM,RUMO S.A.,3950,140,48694.99,consolidated_010_020
2017-11-06,RAIL3,RAIL3,12.3,12.4,12.16,12.31,12.31,6939617,12.3,12.4,12.16,12.31,1.0,12.4,12.16,0,6939617,10125,85238643.73,1,02,010,BRRAILACNOR9,100,ON      NM,RUMO S.A.,3017,100,36995.73,consolidated_010_020
2017-11-07,RAIL3,RAIL3,12.31,12.31,11.64,11.9,11.9,10052053,12.31,12.31,11.64,11.9,1.0,12.31,11.64,0,10052053,23893,120197912.98,1,02,010,BRRAILACNOR9,100,ON      NM,RUMO S.A.,9053,298,108545.98,consolidated_010_020
2017-11-08,RAIL3,RAIL3,11.98,12.64,11.9,12.6,12.6,5980794,11.98,12.64,11.9,12.6,1.0,12.64,11.9,0,5980794,17047,73166059.88,1,02,010,BRRAILACNOR9,100,ON      NM,RUMO S.A.,4294,149,52313.88,consolidated_010_020
2017-11-09,RAIL3,RAIL3,12.69,12.76,12.17,12.21,12.21,8682223,12.69,12.76,12.17,12.21,1.0,12.76,12.17,0,8682223,20710,108280643.27,1,02,010,BRRAILACNOR9,100,ON      NM,RUMO S.A.,3423,121,42752.27,consolidated_010_020
2017-11-10,RAIL3,RAIL3,12.24,12.24,11.45,11.45,11.45,7988904,12.24,12.24,11.45,11.45,1.0,12.24,11.45,0,7988904,18210,93609161.05,1,02,010,BRRAILACNOR9,100,ON      NM,RUMO S.A.,3804,204,44884.05,consolidated_010_020
2017-11-13,RAIL3,RAIL3,11.53,12.15,11.07,12.05,12.05,10864603,11.53,12.15,11.07,12.05,1.0,12.15,11.07,0,10864603,15457,128113395.52,1,02,010,BRRAILACNOR9,100,ON      NM,RUMO S.A.,4703,138,55015.52,consolidated_010_020
2017-11-14,RAIL3,RAIL3,12.01,12.28,11.64,11.75,11.75,7432256,12.01,12.28,11.64,11.75,1.0,12.28,11.64,0,7432256,14023,88311958.33,1,02,010,BRRAILACNOR9,100,ON      NM,RUMO S.A.,3356,110,39972.33,consolidated_010_020
2017-11-16,RAIL3,RAIL3,11.81,12.31,11.81,12.05,12.05,6269787,11.81,12.31,11.81,12.05,1.0,12.31,11.81,0,6269787,18691,75692271.41,1,02,010,BRRAILACNOR9,100,ON      NM,RUMO S.A.,3787,112,45881.41,consolidated_010_020
2017-11-17,RAIL3,RAIL3,12.1,12.54,12.05,12.25,12.25,6382510,12.1,12.54,12.05,12.25,1.0,12.54,12.05,0,6382510,18179,78484357.42,1,02,010,BRRAILACNOR9,100,ON      NM,RUMO S.A.,4210,182,51761.42,consolidated_010_020
2017-11-21,RAIL3,RAIL3,12.49,12.98,12.32,12.98,12.98,11238780,12.49,12.98,12.32,12.98,1.0,12.98,12.32,0,11238780,24425,143918614.43,1,02,010,BRRAILACNOR9,100,ON      NM,RUMO S.A.,4880,125,62254.43,consolidated_010_020
2017-11-22,RAIL3,RAIL3,12.95,13.35,12.83,13.35,13.35,13857885,12.95,13.35,12.83,13.35,1.0,13.35,12.83,0,13857885,19522,181704145.44,1,02,010,BRRAILACNOR9,100,ON      NM,RUMO S.A.,8885,256,116147.44,consolidated_010_020
2017-11-23,RAIL3,RAIL3,13.26,13.28,12.96,13.1,13.1,3852313,13.26,13.28,12.96,13.1,1.0,13.28,12.96,0,3852313,10452,50435248.58,1,02,010,BRRAILACNOR9,100,ON      NM,RUMO S.A.,2513,71,32891.58,consolidated_010_020
2017-11-24,RAIL3,RAIL3,13.04,13.18,12.73,12.89,12.89,3962239,13.04,13.18,12.73,12.89,1.0,13.18,12.73,0,3962239,9754,51152933.57,1,02,010,BRRAILACNOR9,100,ON      NM,RUMO S.A.,2639,156,34027.57,consolidated_010_020
2017-11-27,RAIL3,RAIL3,12.81,13.03,12.75,12.95,12.95,10336290,12.81,13.03,12.75,12.95,1.0,13.03,12.75,0,10336290,13265,133332903.49,1,02,010,BRRAILACNOR9,100,ON      NM,RUMO S.A.,2190,69,28220.49,consolidated_010_020
2017-11-28,RAIL3,RAIL3,12.98,13.2,12.98,13.09,13.09,5349187,12.98,13.2,12.98,13.09,1.0,13.2,12.98,0,5349187,13998,70063942.88,1,02,010,BRRAILACNOR9,100,ON      NM,RUMO S.A.,3087,156,40395.88,consolidated_010_020
2017-11-29,RAIL3,RAIL3,13.27,13.47,12.65,12.8,12.8,11199028,13.27,13.47,12.65,12.8,1.0,13.47,12.65,0,11199028,25202,146207225.54,1,02,010,BRRAILACNOR9,100,ON      NM,RUMO S.A.,3328,108,43441.54,consolidated_010_020
2017-11-30,RAIL3,RAIL3,12.83,13.02,12.47,13.02,13.02,12409556,12.83,13.02,12.47,13.02,1.0,13.02,12.47,0,12409556,34499,159116192.46,1,02,010,BRRAILACNOR9,100,ON      NM,RUMO S.A.,5756,198,73737.46,consolidated_010_020
2017-12-01,RAIL3,RAIL3,12.93,13.18,12.62,12.75,12.75,6961932,12.93,13.18,12.62,12.75,1.0,13.18,12.62,0,6961932,25460,89697227.24,1,02,010,BRRAILACNOR9,100,ON      NM,RUMO S.A.,5032,227,64947.24,consolidated_010_020
2017-12-04,RAIL3,RAIL3,12.89,13.0,12.8,12.8,12.8,6118073,12.89,13.0,12.8,12.8,1.0,13.0,12.8,0,6118073,12947,78986799.57,1,02,010,BRRAILACNOR9,100,ON      NM,RUMO S.A.,4473,129,57726.57,consolidated_010_020
2017-12-05,RAIL3,RAIL3,12.89,12.99,12.46,12.55,12.55,4566862,12.89,12.99,12.46,12.55,1.0,12.99,12.46,0,4566862,12231,58385857.02,1,02,010,BRRAILACNOR9,100,ON      NM,RUMO S.A.,4062,122,51891.02,consolidated_010_020
2017-12-06,RAIL3,RAIL3,12.55,12.93,12.46,12.86,12.86,8022631,12.55,12.93,12.46,12.86,1.0,12.93,12.46,0,8022631,18015,101680739.43,1,02,010,BRRAILACNOR9,100,ON      NM,RUMO S.A.,4031,114,51104.43,consolidated_010_020
2017-12-07,RAIL3,RAIL3,12.64,12.76,12.16,12.49,12.49,5900850,12.64,12.76,12.16,12.49,1.0,12.76,12.16,0,5900850,12333,74024959.56,1,02,010,BRRAILACNOR9,100,ON      NM,RUMO S.A.,4450,125,55860.56,consolidated_010_020
2017-12-08,RAIL3,RAIL3,12.65,12.74,12.31,12.48,12.48,4886191,12.65,12.74,12.31,12.48,1.0,12.74,12.31,0,4886191,14899,61041923.78,1,02,010,BRRAILACNOR9,100,ON      NM,RUMO S.A.,2691,118,33860.78,consolidated_010_020
2017-12-11,RAIL3,RAIL3,12.54,12.64,12.25,12.3,12.3,6111637,12.54,12.64,12.25,12.3,1.0,12.64,12.25,0,6111637,13733,76006886.97,1,02,010,BRRAILACNOR9,100,ON      NM,RUMO S.A.,3837,111,47667.97,consolidated_010_020
2017-12-12,RAIL3,RAIL3,12.21,12.24,11.84,12.06,12.06,10817356,12.21,12.24,11.84,12.06,1.0,12.24,11.84,0,10817356,18294,129600566.02,1,02,010,BRRAILACNOR9,100,ON      NM,RUMO S.A.,3956,121,47406.02,consolidated_010_020
2017-12-13,RAIL3,RAIL3,12.21,12.35,11.66,11.86,11.86,10480893,12.21,12.35,11.66,11.86,1.0,12.35,11.66,0,10480893,29383,125851156.96,1,02,010,BRRAILACNOR9,100,ON      NM,RUMO S.A.,4993,164,60448.96,consolidated_010_020
2017-12-14,RAIL3,RAIL3,11.8,11.8,11.42,11.57,11.57,8739505,11.8,11.8,11.42,11.57,1.0,11.8,11.42,0,8739505,18322,101263305.07,1,02,010,BRRAILACNOR9,100,ON      NM,RUMO S.A.,2605,117,30249.07,consolidated_010_020
2017-12-15,RAIL3,RAIL3,11.58,11.62,11.16,11.33,11.33,16953036,11.58,11.62,11.16,11.33,1.0,11.62,11.16,0,16953036,18812,191379147.33,1,02,010,BRRAILACNOR9,100,ON      NM,RUMO S.A.,4436,168,50183.33,consolidated_010_020
2017-12-18,RAIL3,RAIL3,11.39,12.01,11.39,12.01,12.01,12368339,11.39,12.01,11.39,12.01,1.0,12.01,11.39,0,12368339,23024,146423810.95,1,02,010,BRRAILACNOR9,100,ON      NM,RUMO S.A.,3739,120,44121.95,consolidated_010_020
2017-12-19,RAIL3,RAIL3,12.0,12.17,11.88,12.02,12.02,14523572,12.0,12.17,11.88,12.02,1.0,12.17,11.88,0,14523572,15177,174184903.91,1,02,010,BRRAILACNOR9,100,ON      NM,RUMO S.A.,2772,88,33376.91,consolidated_010_020
2017-12-20,RAIL3,RAIL3,12.09,12.24,12.09,12.24,12.24,3272094,12.09,12.24,12.09,12.24,1.0,12.24,12.09,0,3272094,6714,39905200.7,1,02,010,BRRAILACNOR9,100,ON      NM,RUMO S.A.,1894,149,23075.7,consolidated_010_020
2017-12-21,RAIL3,RAIL3,12.25,12.35,12.12,12.3,12.3,4267960,12.25,12.35,12.12,12.3,1.0,12.35,12.12,0,4267960,9624,52291099.83,1,02,010,BRRAILACNOR9,100,ON      NM,RUMO S.A.,2260,73,27669.83,consolidated_010_020
2017-12-22,RAIL3,RAIL3,12.27,12.4,12.21,12.32,12.32,1641757,12.27,12.4,12.21,12.32,1.0,12.4,12.21,0,1641757,3196,20211187.65,1,02,010,BRRAILACNOR9,100,ON      NM,RUMO S.A.,2657,101,32700.65,consolidated_010_020
2017-12-26,RAIL3,RAIL3,12.23,12.45,12.05,12.35,12.35,2323544,12.23,12.45,12.05,12.35,1.0,12.45,12.05,0,2323544,8203,28620650.24,1,02,010,BRRAILACNOR9,100,ON      NM,RUMO S.A.,2344,75,28894.24,consolidated_010_020
2017-12-27,RAIL3,RAIL3,12.35,12.65,12.35,12.62,12.62,3394686,12.35,12.65,12.35,12.62,1.0,12.65,12.35,0,3394686,6754,42566053.91,1,02,010,BRRAILACNOR9,100,ON      NM,RUMO S.A.,2586,87,32418.91,consolidated_010_020
2017-12-28,RAIL3,RAIL3,12.62,13.0,12.62,12.97,12.97,5949935,12.62,13.0,12.62,12.97,1.0,13.0,12.62,0,5949935,11697,76851622.1,1,02,010,BRRAILACNOR9,100,ON      NM,RUMO S.A.,2935,175,37080.1,consolidated_010_020
2018-01-02,RAIL3,RAIL3,12.97,13.15,12.88,12.99,12.99,10302558,12.97,13.15,12.88,12.99,1.0,13.15,12.88,0,10302558,15958,134769737.55,1,02,010,BRRAILACNOR9,100,ON      NM,RUMO S.A.,4058,157,52907.55,consolidated_010_020
2018-01-03,RAIL3,RAIL3,13.05,13.13,12.6,12.6,12.6,7140448,13.05,13.13,12.6,12.6,1.0,13.13,12.6,0,7140448,10579,92040843.15,1,02,010,BRRAILACNOR9,100,ON      NM,RUMO S.A.,4048,170,52206.15,consolidated_010_020
2018-01-04,RAIL3,RAIL3,12.7,12.98,12.57,12.62,12.62,5693199,12.7,12.98,12.57,12.62,1.0,12.98,12.57,0,5693199,15263,72651130.39,1,02,010,BRRAILACNOR9,100,ON      NM,RUMO S.A.,2599,91,33250.39,consolidated_010_020
2018-01-05,RAIL3,RAIL3,12.73,12.85,12.52,12.6,12.6,4034049,12.73,12.85,12.52,12.6,1.0,12.85,12.52,0,4034049,12059,51084341.76,1,02,010,BRRAILACNOR9,100,ON      NM,RUMO S.A.,3449,219,43700.76,consolidated_010_020
2018-01-08,RAIL3,RAIL3,12.6,12.94,12.4,12.76,12.76,3284125,12.6,12.94,12.4,12.76,1.0,12.94,12.4,0,3284125,9363,41695649.81,1,02,010,BRRAILACNOR9,100,ON      NM,RUMO S.A.,4625,149,58589.81,consolidated_010_020
2018-01-09,RAIL3,RAIL3,12.8,12.92,12.33,12.35,12.35,6628662,12.8,12.92,12.33,12.35,1.0,12.92,12.33,0,6628662,13482,82809057.04,1,02,010,BRRAILACNOR9,100,ON      NM,RUMO S.A.,3562,125,44752.04,consolidated_010_020
2018-01-10,RAIL3,RAIL3,12.35,12.45,12.1,12.32,12.32,3718392,12.35,12.45,12.1,12.32,1.0,12.45,12.1,0,3718392,9748,45658780.33,1,02,010,BRRAILACNOR9,100,ON      NM,RUMO S.A.,2392,77,29420.33,consolidated_010_020
2018-01-11,RAIL3,RAIL3,12.36,12.58,12.24,12.58,12.58,14835848,12.36,12.58,12.24,12.58,1.0,12.58,12.24,0,14835848,9671,183986025.18,1,02,010,BRRAILACNOR9,100,ON      NM,RUMO S.A.,3148,111,39312.18,consolidated_010_020
2018-01-12,RAIL3,RAIL3,12.45,12.67,12.34,12.63,12.63,4248437,12.45,12.67,12.34,12.63,1.0,12.67,12.34,0,4248437,8877,53202036.52,1,02,010,BRRAILACNOR9,100,ON      NM,RUMO S.A.,3337,119,41774.52,consolidated_010_020
2018-01-15,RAIL3,RAIL3,12.73,12.9,12.7,12.71,12.71,4117971,12.73,12.9,12.7,12.71,1.0,12.9,12.7,0,4117971,9736,52734702.87,1,02,010,BRRAILACNOR9,100,ON      NM,RUMO S.A.,5571,184,71344.87,consolidated_010_020
2018-01-16,RAIL3,RAIL3,12.8,12.9,12.72,12.8,12.8,3843399,12.8,12.9,12.72,12.8,1.0,12.9,12.72,0,3843399,11338,49234135.27,1,02,010,BRRAILACNOR9,100,ON      NM,RUMO S.A.,3899,138,49996.27,consolidated_010_020
2018-01-17,RAIL3,RAIL3,12.87,12.95,12.73,12.94,12.94,5197728,12.87,12.95,12.73,12.94,1.0,12.95,12.73,0,5197728,17652,66905686.74,1,02,010,BRRAILACNOR9,100,ON      NM,RUMO S.A.,4428,199,57033.74,consolidated_010_020
2018-01-18,RAIL3,RAIL3,12.96,13.09,12.75,12.89,12.89,6073506,12.96,13.09,12.75,12.89,1.0,13.09,12.75,0,6073506,12660,78148551.92,1,02,010,BRRAILACNOR9,100,ON      NM,RUMO S.A.,4406,242,56830.92,consolidated_010_020
2018-01-19,RAIL3,RAIL3,12.93,12.96,12.8,12.9,12.9,5561230,12.93,12.96,12.8,12.9,1.0,12.96,12.8,0,5561230,8048,71569108.56,1,02,010,BRRAILACNOR9,100,ON      NM,RUMO S.A.,2830,109,36453.56,consolidated_010_020
2018-01-22,RAIL3,RAIL3,12.94,12.94,12.61,12.75,12.75,5241063,12.94,12.94,12.61,12.75,1.0,12.94,12.61,0,5241063,12580,67147614.24,1,02,010,BRRAILACNOR9,100,ON      NM,RUMO S.A.,4463,158,57349.24,consolidated_010_020
2018-01-23,RAIL3,RAIL3,12.75,12.79,12.28,12.4,12.4,6842453,12.75,12.79,12.28,12.4,1.0,12.79,12.28,0,6842453,14515,85261392.29,1,02,010,BRRAILACNOR9,100,ON      NM,RUMO S.A.,8653,263,108086.29,consolidated_010_020
2018-01-24,RAIL3,RAIL3,12.5,13.31,12.5,13.23,13.23,16568967,12.5,13.31,12.5,13.23,1.0,13.31,12.5,0,16568967,22251,214569336.42,1,02,010,BRRAILACNOR9,100,ON      NM,RUMO S.A.,8067,248,104763.42,consolidated_010_020
2018-01-26,RAIL3,RAIL3,13.26,13.99,13.26,13.98,13.98,14481915,13.26,13.99,13.26,13.98,1.0,13.99,13.26,0,14481915,29478,199403363.51,1,02,010,BRRAILACNOR9,100,ON      NM,RUMO S.A.,11615,338,159635.51,consolidated_010_020
2018-01-29,RAIL3,RAIL3,13.98,13.98,13.54,13.7,13.7,10824370,13.98,13.98,13.54,13.7,1.0,13.98,13.54,0,10824370,13812,148156471.85,1,02,010,BRRAILACNOR9,100,ON      NM,RUMO S.A.,5370,178,73732.85,consolidated_010_020
2018-01-30,RAIL3,RAIL3,13.7,13.7,13.41,13.6,13.6,14018078,13.7,13.7,13.41,13.6,1.0,13.7,13.41,0,14018078,8897,190264985.29,1,02,010,BRRAILACNOR9,100,ON      NM,RUMO S.A.,3378,108,45801.29,consolidated_010_020
2018-01-31,RAIL3,RAIL3,13.79,14.34,13.75,14.27,14.27,19236727,13.79,14.34,13.75,14.27,1.0,14.34,13.75,0,19236727,24878,270624688.11,1,02,010,BRRAILACNOR9,100,ON      NM,RUMO S.A.,7127,228,100325.11,consolidated_010_020
2018-02-01,RAIL3,RAIL3,14.35,14.47,14.11,14.15,14.15,13468920,14.35,14.47,14.11,14.15,1.0,14.47,14.11,0,13468920,27297,191414635.74,1,02,010,BRRAILACNOR9,100,ON      NM,RUMO S.A.,9120,388,129892.74,consolidated_010_020
2018-02-02,RAIL3,RAIL3,13.98,14.04,13.6,13.75,13.75,6370472,13.98,14.04,13.6,13.75,1.0,14.04,13.6,0,6370472,13830,88028326.63,1,02,010,BRRAILACNOR9,100,ON      NM,RUMO S.A.,5272,262,73389.63,consolidated_010_020
2018-02-05,RAIL3,RAIL3,13.6,13.84,13.26,13.51,13.51,5156093,13.6,13.84,13.26,13.51,1.0,13.84,13.26,0,5156093,12511,70212275.21,1,02,010,BRRAILACNOR9,100,ON      NM,RUMO S.A.,6093,184,83082.21,consolidated_010_020
2018-02-06,RAIL3,RAIL3,13.21,13.68,12.91,13.68,13.68,19882302,13.21,13.68,12.91,13.68,1.0,13.68,12.91,0,19882302,24574,267559517.04,1,02,010,BRRAILACNOR9,100,ON      NM,RUMO S.A.,6002,171,79910.04,consolidated_010_020
2018-02-07,RAIL3,RAIL3,13.63,13.89,13.31,13.4,13.4,7918842,13.63,13.89,13.31,13.4,1.0,13.89,13.31,0,7918842,14104,107537723.42,1,02,010,BRRAILACNOR9,100,ON      NM,RUMO S.A.,4842,161,65672.42,consolidated_010_020
2018-02-08,RAIL3,RAIL3,13.41,13.64,12.9,13.0,13.0,7879165,13.41,13.64,12.9,13.0,1.0,13.64,12.9,0,7879165,14442,103961761.69,1,02,010,BRRAILACNOR9,100,ON      NM,RUMO S.A.,4165,127,55276.69,consolidated_010_020
2018-02-09,RAIL3,RAIL3,13.1,13.24,12.6,12.86,12.86,9302677,13.1,13.24,12.6,12.86,1.0,13.24,12.6,0,9302677,18010,119991055.99,1,02,010,BRRAILACNOR9,100,ON      NM,RUMO S.A.,4377,146,56753.99,consolidated_010_020
2018-02-14,RAIL3,RAIL3,12.93,13.3,12.93,13.18,13.18,11060962,12.93,13.3,12.93,13.18,1.0,13.3,12.93,0,11060962,19994,145863343.0,1,02,010,BRRAILACNOR9,100,ON      NM,RUMO S.A.,2562,96,33729.0,consolidated_010_020
2018-02-15,RAIL3,RAIL3,13.3,13.5,13.22,13.35,13.35,11157673,13.3,13.5,13.22,13.35,1.0,13.5,13.22,0,11157673,24190,149225078.59,1,02,010,BRRAILACNOR9,100,ON      NM,RUMO S.A.,4573,141,61233.59,consolidated_010_020
2018-02-16,RAIL3,RAIL3,13.39,13.44,13.11,13.33,13.33,6593798,13.39,13.44,13.11,13.33,1.0,13.44,13.11,0,6593798,19056,87405707.5,1,02,010,BRRAILACNOR9,100,ON      NM,RUMO S.A.,3498,129,46396.5,consolidated_010_020
2018-02-19,RAIL3,RAIL3,13.3,13.43,13.22,13.35,13.35,2385150,13.3,13.43,13.22,13.35,1.0,13.43,13.22,0,2385150,4712,31734904.31,1,02,010,BRRAILACNOR9,100,ON      NM,RUMO S.A.,2350,79,31271.31,consolidated_010_020
2018-02-20,RAIL3,RAIL3,13.28,13.45,13.03,13.36,13.36,4351968,13.28,13.45,13.03,13.36,1.0,13.45,13.03,0,4351968,13881,57952653.42,1,02,010,BRRAILACNOR9,100,ON      NM,RUMO S.A.,3668,118,48837.42,consolidated_010_020
2018-02-21,RAIL3,RAIL3,13.41,14.0,13.4,13.85,13.85,15657057,13.41,14.0,13.4,13.85,1.0,14.0,13.4,0,15657057,24072,216734761.52,1,02,010,BRRAILACNOR9,100,ON      NM,RUMO S.A.,6557,206,90390.52,consolidated_010_020
2018-02-22,RAIL3,RAIL3,14.0,14.08,13.66,13.75,13.75,6626732,14.0,14.08,13.66,13.75,1.0,14.08,13.66,0,6626732,14964,91725432.82,1,02,010,BRRAILACNOR9,100,ON      NM,RUMO S.A.,3332,117,46157.82,consolidated_010_020
2018-02-23,RAIL3,RAIL3,13.9,14.26,13.72,14.26,14.26,7063391,13.9,14.26,13.72,14.26,1.0,14.26,13.72,0,7063391,14794,98917610.82,1,02,010,BRRAILACNOR9,100,ON      NM,RUMO S.A.,5391,170,75284.82,consolidated_010_020
2018-02-26,RAIL3,RAIL3,14.3,14.36,14.06,14.36,14.36,7467433,14.3,14.36,14.06,14.36,1.0,14.36,14.06,0,7467433,20538,106373893.98,1,02,010,BRRAILACNOR9,100,ON      NM,RUMO S.A.,4833,163,68767.98,consolidated_010_020
2018-02-27,RAIL3,RAIL3,14.26,14.31,13.86,14.04,14.04,5591394,14.26,14.31,13.86,14.04,1.0,14.31,13.86,0,5591394,15723,78527694.46,1,02,010,BRRAILACNOR9,100,ON      NM,RUMO S.A.,3894,134,54774.46,consolidated_010_020
2018-02-28,RAIL3,RAIL3,14.09,14.27,13.9,14.24,14.24,11537291,14.09,14.27,13.9,14.24,1.0,14.27,13.9,0,11537291,13405,163811569.37,1,02,010,BRRAILACNOR9,100,ON      NM,RUMO S.A.,5591,172,79226.37,consolidated_010_020
2018-03-01,RAIL3,RAIL3,14.25,14.35,13.65,13.7,13.7,7441157,14.25,14.35,13.65,13.7,1.0,14.35,13.65,0,7441157,20058,103766145.11,1,02,010,BRRAILACNOR9,100,ON      NM,RUMO S.A.,8057,253,112649.11,consolidated_010_020
2018-03-02,RAIL3,RAIL3,13.6,13.8,13.07,13.8,13.8,9126421,13.6,13.8,13.07,13.8,1.0,13.8,13.07,0,9126421,22552,122308516.93,1,02,010,BRRAILACNOR9,100,ON      NM,RUMO S.A.,6421,200,86164.93,consolidated_010_020
2018-03-05,RAIL3,RAIL3,13.7,13.72,13.32,13.6,13.6,5369982,13.7,13.72,13.32,13.6,1.0,13.72,13.32,0,5369982,15969,72586938.24,1,02,010,BRRAILACNOR9,100,ON      NM,RUMO S.A.,3782,129,51172.24,consolidated_010_020
2018-03-06,RAIL3,RAIL3,13.7,13.75,13.22,13.25,13.25,5832256,13.7,13.75,13.22,13.25,1.0,13.75,13.22,0,5832256,16002,78526098.63,1,02,010,BRRAILACNOR9,100,ON      NM,RUMO S.A.,3856,108,52037.63,consolidated_010_020
2018-03-07,RAIL3,RAIL3,13.25,13.55,13.15,13.5,13.5,4558232,13.25,13.55,13.15,13.5,1.0,13.55,13.15,0,4558232,13934,60929940.7,1,02,010,BRRAILACNOR9,100,ON      NM,RUMO S.A.,2432,69,32486.7,consolidated_010_020
2018-03-08,RAIL3,RAIL3,13.6,13.63,13.22,13.33,13.33,3313666,13.6,13.63,13.22,13.33,1.0,13.63,13.22,0,3313666,8650,44271629.51,1,02,010,BRRAILACNOR9,100,ON      NM,RUMO S.A.,2666,76,35739.51,consolidated_010_020
2018-03-09,RAIL3,RAIL3,13.35,13.65,13.35,13.4,13.4,5873090,13.35,13.65,13.35,13.4,1.0,13.65,13.35,0,5873090,11178,79551037.35,1,02,010,BRRAILACNOR9,100,ON      NM,RUMO S.A.,3890,116,52628.35,consolidated_010_020
2018-03-12,RAIL3,RAIL3,13.55,13.63,13.35,13.56,13.56,3832172,13.55,13.63,13.35,13.56,1.0,13.63,13.35,0,3832172,9824,51821617.84,1,02,010,BRRAILACNOR9,100,ON      NM,RUMO S.A.,2972,92,40237.84,consolidated_010_020
2018-03-13,RAIL3,RAIL3,13.55,13.71,13.29,13.45,13.45,5469300,13.55,13.71,13.29,13.45,1.0,13.71,13.29,0,5469300,15782,73739234.83,1,02,010,BRRAILACNOR9,100,ON      NM,RUMO S.A.,3000,106,40516.83,consolidated_010_020
2018-03-14,RAIL3,RAIL3,13.55,13.64,13.35,13.58,13.58,4858020,13.55,13.64,13.35,13.58,1.0,13.64,13.35,0,4858020,9081,65583544.72,1,02,010,BRRAILACNOR9,100,ON      NM,RUMO S.A.,4420,125,59704.72,consolidated_010_020
2018-03-15,RAIL3,RAIL3,13.55,13.63,13.35,13.35,13.35,5328287,13.55,13.63,13.35,13.35,1.0,13.63,13.35,0,5328287,13451,71695140.51,1,02,010,BRRAILACNOR9,100,ON      NM,RUMO S.A.,2687,82,36181.51,consolidated_010_020
2018-03-16,RAIL3,RAIL3,13.31,13.5,13.25,13.42,13.42,11631398,13.31,13.5,13.25,13.42,1.0,13.5,13.25,0,11631398,6973,155934037.22,1,02,010,BRRAILACNOR9,100,ON      NM,RUMO S.A.,2498,81,33506.22,consolidated_010_020
2018-03-19,RAIL3,RAIL3,13.25,13.37,12.84,13.07,13.07,4760632,13.25,13.37,12.84,13.07,1.0,13.37,12.84,0,4760632,16859,62367339.87,1,02,010,BRRAILACNOR9,100,ON      NM,RUMO S.A.,3732,121,48610.87,consolidated_010_020
2018-03-20,RAIL3,RAIL3,13.12,13.19,13.05,13.09,13.09,4814179,13.12,13.19,13.05,13.09,1.0,13.19,13.05,0,4814179,8347,63195799.57,1,02,010,BRRAILACNOR9,100,ON      NM,RUMO S.A.,1879,65,24622.57,consolidated_010_020
2018-03-21,RAIL3,RAIL3,13.09,13.14,12.72,13.12,13.12,8715203,13.09,13.14,12.72,13.12,1.0,13.14,12.72,0,8715203,16967,113076899.2,1,02,010,BRRAILACNOR9,100,ON      NM,RUMO S.A.,2503,169,32430.2,consolidated_010_020
2018-03-22,RAIL3,RAIL3,13.13,13.37,12.91,13.06,13.06,6769936,13.13,13.37,12.91,13.06,1.0,13.37,12.91,0,6769936,15049,88608945.12,1,02,010,BRRAILACNOR9,100,ON      NM,RUMO S.A.,3236,86,42345.12,consolidated_010_020
2018-03-23,RAIL3,RAIL3,12.94,13.25,12.92,13.06,13.06,8822355,12.94,13.25,12.92,13.06,1.0,13.25,12.92,0,8822355,9578,115631263.24,1,02,010,BRRAILACNOR9,100,ON      NM,RUMO S.A.,2655,74,34701.24,consolidated_010_020
2018-03-26,RAIL3,RAIL3,13.23,13.26,13.09,13.23,13.23,3417091,13.23,13.26,13.09,13.23,1.0,13.26,13.09,0,3417091,6240,45041962.58,1,02,010,BRRAILACNOR9,100,ON      NM,RUMO S.A.,2091,63,27533.58,consolidated_010_020
2018-03-27,RAIL3,RAIL3,13.29,13.29,12.95,13.06,13.06,2904420,13.29,13.29,12.95,13.06,1.0,13.29,12.95,0,2904420,5715,38084648.18,1,02,010,BRRAILACNOR9,100,ON      NM,RUMO S.A.,1820,65,23783.18,consolidated_010_020
2018-03-28,RAIL3,RAIL3,12.96,13.0,12.61,12.73,12.73,5574566,12.96,13.0,12.61,12.73,1.0,13.0,12.61,0,5574566,11655,71025185.71,1,02,010,BRRAILACNOR9,100,ON      NM,RUMO S.A.,2466,73,31441.71,consolidated_010_020
2018-03-29,RAIL3,RAIL3,12.73,13.19,12.73,13.15,13.15,4689325,12.73,13.19,12.73,13.15,1.0,13.19,12.73,0,4689325,11757,61381483.29,1,02,010,BRRAILACNOR9,100,ON      NM,RUMO S.A.,2925,96,37959.29,consolidated_010_020
2018-04-02,RAIL3,RAIL3,13.03,13.18,12.75,12.8,12.8,4499399,13.03,13.18,12.75,12.8,1.0,13.18,12.75,0,4499399,9960,58382546.39,1,02,010,BRRAILACNOR9,100,ON      NM,RUMO S.A.,5699,185,73508.39,consolidated_010_020
2018-04-03,RAIL3,RAIL3,12.87,12.97,12.66,12.83,12.83,5282689,12.87,12.97,12.66,12.83,1.0,12.97,12.66,0,5282689,10741,67541806.37,1,02,010,BRRAILACNOR9,100,ON      NM,RUMO S.A.,3089,114,39509.37,consolidated_010_020
2018-04-04,RAIL3,RAIL3,12.61,12.79,12.26,12.44,12.44,8545350,12.61,12.79,12.26,12.44,1.0,12.79,12.26,0,8545350,16743,106460336.51,1,02,010,BRRAILACNOR9,100,ON      NM,RUMO S.A.,5550,166,69224.51,consolidated_010_020
2018-04-05,RAIL3,RAIL3,13.0,13.32,12.86,13.09,13.09,11690652,13.0,13.32,12.86,13.09,1.0,13.32,12.86,0,11690652,19499,153945163.43,1,02,010,BRRAILACNOR9,100,ON      NM,RUMO S.A.,4252,153,55919.43,consolidated_010_020
2018-04-06,RAIL3,RAIL3,13.15,13.6,13.04,13.6,13.6,9254069,13.15,13.6,13.04,13.6,1.0,13.6,13.04,0,9254069,14470,124227404.21,1,02,010,BRRAILACNOR9,100,ON      NM,RUMO S.A.,4869,136,65376.21,consolidated_010_020
2018-04-09,RAIL3,RAIL3,13.63,13.89,13.44,13.54,13.54,5694925,13.63,13.89,13.44,13.54,1.0,13.89,13.44,0,5694925,16356,77615905.89,1,02,010,BRRAILACNOR9,100,ON      NM,RUMO S.A.,4425,123,60511.89,consolidated_010_020
2018-04-10,RAIL3,RAIL3,13.7,13.8,13.48,13.75,13.75,5130270,13.7,13.8,13.48,13.75,1.0,13.8,13.48,0,5130270,12227,70220019.24,1,02,010,BRRAILACNOR9,100,ON      NM,RUMO S.A.,3670,114,50126.24,consolidated_010_020
2018-04-11,RAIL3,RAIL3,13.5,14.05,13.45,14.05,14.05,5631877,13.5,14.05,13.45,14.05,1.0,14.05,13.45,0,5631877,11093,78292552.37,1,02,010,BRRAILACNOR9,100,ON      NM,RUMO S.A.,5477,149,75812.37,consolidated_010_020
2018-04-12,RAIL3,RAIL3,14.03,14.15,13.94,14.09,14.09,4290653,14.03,14.15,13.94,14.09,1.0,14.15,13.94,0,4290653,7572,60297855.03,1,02,010,BRRAILACNOR9,100,ON      NM,RUMO S.A.,3453,111,48422.03,consolidated_010_020
2018-04-13,RAIL3,RAIL3,13.97,14.1,13.78,13.97,13.97,23248684,13.97,14.1,13.78,13.97,1.0,14.1,13.78,0,23248684,12650,324345826.16,1,02,010,BRRAILACNOR9,100,ON      NM,RUMO S.A.,3384,93,47145.16,consolidated_010_020
2018-04-16,RAIL3,RAIL3,13.9,14.07,13.68,13.85,13.85,3426144,13.9,14.07,13.68,13.85,1.0,14.07,13.68,0,3426144,8364,47377848.38,1,02,010,BRRAILACNOR9,100,ON      NM,RUMO S.A.,2244,81,31025.38,consolidated_010_020
2018-04-17,RAIL3,RAIL3,13.85,13.95,13.73,13.94,13.94,2507123,13.85,13.95,13.73,13.94,1.0,13.95,13.73,0,2507123,9194,34789788.18,1,02,010,BRRAILACNOR9,100,ON      NM,RUMO S.A.,7723,217,106701.18,consolidated_010_020
2018-04-18,RAIL3,RAIL3,13.95,14.15,13.94,14.15,14.15,6634630,13.95,14.15,13.94,14.15,1.0,14.15,13.94,0,6634630,14616,93390815.8,1,02,010,BRRAILACNOR9,100,ON      NM,RUMO S.A.,4030,126,56523.8,consolidated_010_020
2018-04-19,RAIL3,RAIL3,14.17,14.19,13.85,14.05,14.05,2281136,14.17,14.19,13.85,14.05,1.0,14.19,13.85,0,2281136,6469,31960560.59,1,02,010,BRRAILACNOR9,100,ON      NM,RUMO S.A.,1836,65,25740.59,consolidated_010_020
2018-04-20,RAIL3,RAIL3,13.98,14.29,13.86,14.29,14.29,2935241,13.98,14.29,13.86,14.29,1.0,14.29,13.86,0,2935241,7690,41432521.63,1,02,010,BRRAILACNOR9,100,ON      NM,RUMO S.A.,3441,96,48611.63,consolidated_010_020
2018-04-23,RAIL3,RAIL3,14.25,14.36,14.05,14.36,14.36,4117125,14.25,14.36,14.05,14.36,1.0,14.36,14.05,0,4117125,10361,58725027.86,1,02,010,BRRAILACNOR9,100,ON      NM,RUMO S.A.,3825,110,54393.86,consolidated_010_020
2018-04-24,RAIL3,RAIL3,14.4,14.4,14.01,14.18,14.18,3415028,14.4,14.4,14.01,14.18,1.0,14.4,14.01,0,3415028,10044,48345307.37,1,02,010,BRRAILACNOR9,100,ON      NM,RUMO S.A.,2628,82,37276.37,consolidated_010_020
2018-04-25,RAIL3,RAIL3,14.05,14.12,13.71,13.76,13.76,10608156,14.05,14.12,13.71,13.76,1.0,14.12,13.71,0,10608156,26556,147326975.15,1,02,010,BRRAILACNOR9,100,ON      NM,RUMO S.A.,1856,70,25803.15,consolidated_010_020
2018-04-26,RAIL3,RAIL3,13.72,14.16,13.72,14.12,14.12,6960226,13.72,14.16,13.72,14.12,1.0,14.16,13.72,0,6960226,15808,97933221.69,1,02,010,BRRAILACNOR9,100,ON      NM,RUMO S.A.,2526,73,35448.69,consolidated_010_020
2018-04-27,RAIL3,RAIL3,14.15,14.36,13.99,14.36,14.36,3861295,14.15,14.36,13.99,14.36,1.0,14.36,13.99,0,3861295,9353,54872564.71,1,02,010,BRRAILACNOR9,100,ON      NM,RUMO S.A.,2595,74,36714.71,consolidated_010_020
2018-04-30,RAIL3,RAIL3,14.35,14.92,14.27,14.85,14.85,7266419,14.35,14.92,14.27,14.85,1.0,14.92,14.27,0,7266419,11188,106300116.87,1,02,010,BRRAILACNOR9,100,ON      NM,RUMO S.A.,5019,141,73220.87,consolidated_010_020
2018-05-02,RAIL3,RAIL3,14.72,14.96,14.62,14.79,14.79,15590236,14.72,14.96,14.62,14.79,1.0,14.96,14.62,0,15590236,21393,231433342.83,1,02,010,BRRAILACNOR9,100,ON      NM,RUMO S.A.,5736,170,85083.83,consolidated_010_020
2018-05-03,RAIL3,RAIL3,14.7,14.88,14.51,14.71,14.71,6536053,14.7,14.88,14.51,14.71,1.0,14.88,14.51,0,6536053,13789,96143392.73,1,02,010,BRRAILACNOR9,100,ON      NM,RUMO S.A.,3753,125,55159.73,consolidated_010_020
2018-05-04,RAIL3,RAIL3,14.56,14.83,14.39,14.39,14.39,7967039,14.56,14.83,14.39,14.39,1.0,14.83,14.39,0,7967039,12140,116262903.71,1,02,010,BRRAILACNOR9,100,ON      NM,RUMO S.A.,2539,84,36664.71,consolidated_010_020
2018-05-07,RAIL3,RAIL3,14.38,14.89,14.38,14.62,14.62,4716401,14.38,14.89,14.38,14.62,1.0,14.89,14.38,0,4716401,14875,69062750.65,1,02,010,BRRAILACNOR9,100,ON      NM,RUMO S.A.,4601,138,67127.65,consolidated_010_020
2018-05-08,RAIL3,RAIL3,14.55,14.99,14.55,14.7,14.7,6208128,14.55,14.99,14.55,14.7,1.0,14.99,14.55,0,6208128,13168,91620964.01,1,02,010,BRRAILACNOR9,100,ON      NM,RUMO S.A.,5028,124,74000.01,consolidated_010_020
2018-05-09,RAIL3,RAIL3,14.8,14.84,14.43,14.7,14.7,4438095,14.8,14.84,14.43,14.7,1.0,14.84,14.43,0,4438095,16240,65307064.91,1,02,010,BRRAILACNOR9,100,ON      NM,RUMO S.A.,4095,112,60258.91,consolidated_010_020
2018-05-10,RAIL3,RAIL3,14.69,14.78,14.3,14.59,14.59,4731904,14.69,14.78,14.3,14.59,1.0,14.78,14.3,0,4731904,10394,68823411.23,1,02,010,BRRAILACNOR9,100,ON      NM,RUMO S.A.,2304,74,33626.23,consolidated_010_020
2018-05-11,RAIL3,RAIL3,14.5,14.62,14.09,14.54,14.54,4937697,14.5,14.62,14.09,14.54,1.0,14.62,14.09,0,4937697,10721,71245433.31,1,02,010,BRRAILACNOR9,100,ON      NM,RUMO S.A.,4397,119,63353.31,consolidated_010_020
2018-05-14,RAIL3,RAIL3,14.52,14.71,13.9,14.28,14.28,4709213,14.52,14.71,13.9,14.28,1.0,14.71,13.9,0,4709213,17145,67287886.5,1,02,010,BRRAILACNOR9,100,ON      NM,RUMO S.A.,3313,100,47513.5,consolidated_010_020
2018-05-15,RAIL3,RAIL3,14.01,14.12,13.73,14.06,14.06,6047407,14.01,14.12,13.73,14.06,1.0,14.12,13.73,0,6047407,19482,84224448.83,1,02,010,BRRAILACNOR9,100,ON      NM,RUMO S.A.,4307,110,60062.83,consolidated_010_020
2018-05-16,RAIL3,RAIL3,14.0,14.35,13.92,14.22,14.22,2842127,14.0,14.35,13.92,14.22,1.0,14.35,13.92,0,2842127,8603,40347497.23,1,02,010,BRRAILACNOR9,100,ON      NM,RUMO S.A.,2127,73,30121.23,consolidated_010_020
2018-05-17,RAIL3,RAIL3,14.07,14.08,13.76,13.97,13.97,9013030,14.07,14.08,13.76,13.97,1.0,14.08,13.76,0,9013030,24795,125750384.32,1,02,010,BRRAILACNOR9,100,ON      NM,RUMO S.A.,3530,105,49042.32,consolidated_010_020
2018-05-18,RAIL3,RAIL3,13.8,13.87,13.44,13.66,13.66,10899180,13.8,13.87,13.44,13.66,1.0,13.87,13.44,0,10899180,26248,148428866.4,1,02,010,BRRAILACNOR9,100,ON      NM,RUMO S.A.,3780,124,51511.4,consolidated_010_020
2018-05-21,RAIL3,RAIL3,13.74,13.92,13.53,13.92,13.92,5947521,13.74,13.92,13.53,13.92,1.0,13.92,13.53,0,5947521,15319,81683391.37,1,02,010,BRRAILACNOR9,100,ON      NM,RUMO S.A.,4021,124,55247.37,consolidated_010_020
2018-05-22,RAIL3,RAIL3,14.0,14.9,13.95,14.9,14.9,9816724,14.0,14.9,13.95,14.9,1.0,14.9,13.95,0,9816724,20142,143230910.83,1,02,010,BRRAILACNOR9,100,ON      NM,RUMO S.A.,4624,150,67333.83,consolidated_010_020
2018-05-23,RAIL3,RAIL3,14.59,14.66,14.31,14.32,14.32,6938836,14.59,14.66,14.31,14.32,1.0,14.66,14.31,0,6938836,18748,100164926.22,1,02,010,BRRAILACNOR9,100,ON      NM,RUMO S.A.,3936,102,56979.22,consolidated_010_020
2018-05-24,RAIL3,RAIL3,14.25,14.73,14.08,14.45,14.45,5200739,14.25,14.73,14.08,14.45,1.0,14.73,14.08,0,5200739,16238,75038024.8,1,02,010,BRRAILACNOR9,100,ON      NM,RUMO S.A.,3239,89,46557.8,consolidated_010_020
2018-05-25,RAIL3,RAIL3,14.35,14.58,14.04,14.22,14.22,4489499,14.35,14.58,14.04,14.22,1.0,14.58,14.04,0,4489499,10199,63984197.98,1,02,010,BRRAILACNOR9,100,ON      NM,RUMO S.A.,2399,74,34259.98,consolidated_010_020
2018-05-28,RAIL3,RAIL3,14.0,14.0,13.06,13.52,13.52,8654348,14.0,14.0,13.06,13.52,1.0,14.0,13.06,0,8654348,21009,116528411.52,1,02,010,BRRAILACNOR9,100,ON      NM,RUMO S.A.,5648,168,76073.52,consolidated_010_020
2018-05-29,RAIL3,RAIL3,13.55,13.9,13.41,13.74,13.74,5842288,13.55,13.9,13.41,13.74,1.0,13.9,13.41,0,5842288,19044,79665198.23,1,02,010,BRRAILACNOR9,100,ON      NM,RUMO S.A.,4588,138,62818.23,consolidated_010_020
2018-05-30,RAIL3,RAIL3,13.7,13.95,13.34,13.81,13.81,10306620,13.7,13.95,13.34,13.81,1.0,13.95,13.34,0,10306620,28273,141561113.57,1,02,010,BRRAILACNOR9,100,ON      NM,RUMO S.A.,3320,99,45658.57,consolidated_010_020
2018-06-01,RAIL3,RAIL3,14.0,14.34,13.71,13.94,13.94,7723765,14.0,14.34,13.71,13.94,1.0,14.34,13.71,0,7723765,17937,108277998.03,1,02,010,BRRAILACNOR9,100,ON      NM,RUMO S.A.,3465,111,48707.03,consolidated_010_020
2018-06-04,RAIL3,RAIL3,14.01,14.51,13.98,14.49,14.49,9841464,14.01,14.51,13.98,14.49,1.0,14.51,13.98,0,9841464,11800,141014634.36,1,02,010,BRRAILACNOR9,100,ON      NM,RUMO S.A.,4864,140,69587.36,consolidated_010_020
2018-06-05,RAIL3,RAIL3,14.3,14.7,13.7,13.86,13.86,6161173,14.3,14.7,13.7,13.86,1.0,14.7,13.7,0,6161173,18906,87570186.22,1,02,010,BRRAILACNOR9,100,ON      NM,RUMO S.A.,3973,175,56538.22,consolidated_010_020
2018-06-06,RAIL3,RAIL3,13.72,13.84,13.31,13.43,13.43,16501540,13.72,13.84,13.31,13.43,1.0,13.84,13.31,0,16501540,18590,223052484.88,1,02,010,BRRAILACNOR9,100,ON      NM,RUMO S.A.,3340,108,45138.88,consolidated_010_020
2018-06-07,RAIL3,RAIL3,13.25,13.25,11.93,12.8,12.8,16910504,13.25,13.25,11.93,12.8,1.0,13.25,11.93,0,16910504,32368,213460132.24,1,02,010,BRRAILACNOR9,100,ON      NM,RUMO S.A.,6404,184,80992.24,consolidated_010_020
2018-06-08,RAIL3,RAIL3,12.85,13.79,12.44,13.64,13.64,12974699,12.85,13.79,12.44,13.64,1.0,13.79,12.44,0,12974699,46568,171858803.77,1,02,010,BRRAILACNOR9,100,ON      NM,RUMO S.A.,5099,120,67516.77,consolidated_010_020
2018-06-11,RAIL3,RAIL3,13.64,13.75,13.12,13.32,13.32,5450620,13.64,13.75,13.12,13.32,1.0,13.75,13.12,0,5450620,18654,73339450.18,1,02,010,BRRAILACNOR9,100,ON      NM,RUMO S.A.,3520,120,47416.18,consolidated_010_020
2018-06-12,RAIL3,RAIL3,13.23,13.55,13.06,13.2,13.2,5351055,13.23,13.55,13.06,13.2,1.0,13.55,13.06,0,5351055,16211,70833565.88,1,02,010,BRRAILACNOR9,100,ON      NM,RUMO S.A.,2755,76,36603.88,consolidated_010_020
2018-06-13,RAIL3,RAIL3,13.27,13.44,13.08,13.35,13.35,4262954,13.27,13.44,13.08,13.35,1.0,13.44,13.08,0,4262954,13839,56567259.74,1,02,010,BRRAILACNOR9,100,ON      NM,RUMO S.A.,2854,90,37890.74,consolidated_010_020
2018-06-14,RAIL3,RAIL3,13.35,13.53,13.03,13.21,13.21,4955987,13.35,13.53,13.03,13.21,1.0,13.53,13.03,0,4955987,11903,65604336.58,1,02,010,BRRAILACNOR9,100,ON      NM,RUMO S.A.,2287,73,30331.58,consolidated_010_020
2018-06-15,RAIL3,RAIL3,13.07,13.2,12.72,13.03,13.03,12755353,13.07,13.2,12.72,13.03,1.0,13.2,12.72,0,12755353,24134,165882826.18,1,02,010,BRRAILACNOR9,100,ON      NM,RUMO S.A.,2953,98,38294.18,consolidated_010_020
2018-06-18,RAIL3,RAIL3,12.85,12.98,12.46,12.56,12.56,6912069,12.85,12.98,12.46,12.56,1.0,12.98,12.46,0,6912069,17842,87341286.27,1,02,010,BRRAILACNOR9,100,ON      NM,RUMO S.A.,2769,85,35194.27,consolidated_010_020
2018-06-19,RAIL3,RAIL3,12.4,13.66,12.23,13.5,13.5,16902060,12.4,13.66,12.23,13.5,1.0,13.66,12.23,0,16902060,25066,219267947.23,1,02,010,BRRAILACNOR9,100,ON      NM,RUMO S.A.,3460,166,45340.23,consolidated_010_020
2018-06-20,RAIL3,RAIL3,13.55,13.62,13.07,13.21,13.21,6812517,13.55,13.62,13.07,13.21,1.0,13.62,13.07,0,6812517,18477,90741329.16,1,02,010,BRRAILACNOR9,100,ON      NM,RUMO S.A.,1717,65,22950.16,consolidated_010_020
2018-06-21,RAIL3,RAIL3,13.12,13.25,12.88,13.0,13.0,3461390,13.12,13.25,12.88,13.0,1.0,13.25,12.88,0,3461390,8783,45160564.89,1,02,010,BRRAILACNOR9,100,ON      NM,RUMO S.A.,1390,49,18064.89,consolidated_010_020
2018-06-22,RAIL3,RAIL3,13.21,13.21,12.96,13.08,13.08,3888400,13.21,13.21,12.96,13.08,1.0,13.21,12.96,0,3888400,11328,50868372.53,1,02,010,BRRAILACNOR9,100,ON      NM,RUMO S.A.,1100,33,14355.53,consolidated_010_020
2018-06-25,RAIL3,RAIL3,13.08,13.6,13.01,13.47,13.47,6201872,13.08,13.6,13.01,13.47,1.0,13.6,13.01,0,6201872,15793,82761531.24,1,02,010,BRRAILACNOR9,100,ON      NM,RUMO S.A.,2772,81,36851.24,consolidated_010_020
2018-06-26,RAIL3,RAIL3,13.54,13.73,13.15,13.73,13.73,4279289,13.54,13.73,13.15,13.73,1.0,13.73,13.15,0,4279289,12058,57793288.5,1,02,010,BRRAILACNOR9,100,ON      NM,RUMO S.A.,3089,78,41410.5,consolidated_010_020
2018-06-27,RAIL3,RAIL3,13.62,13.69,12.92,13.16,13.16,9765494,13.62,13.69,12.92,13.16,1.0,13.69,12.92,0,9765494,18064,128538716.59,1,02,010,BRRAILACNOR9,100,ON      NM,RUMO S.A.,2694,79,35644.59,consolidated_010_020
2018-06-28,RAIL3,RAIL3,13.11,13.58,12.96,13.55,13.55,3798933,13.11,13.58,12.96,13.55,1.0,13.58,12.96,0,3798933,11161,50804522.12,1,02,010,BRRAILACNOR9,100,ON      NM,RUMO S.A.,2233,59,29571.12,consolidated_010_020
2018-06-29,RAIL3,RAIL3,13.66,14.14,13.53,14.1,14.1,7467257,13.66,14.14,13.53,14.1,1.0,14.14,13.53,0,7467257,19704,104360509.97,1,02,010,BRRAILACNOR9,100,ON      NM,RUMO S.A.,4757,142,65676.97,consolidated_010_020
2018-07-02,RAIL3,RAIL3,13.9,14.0,13.75,13.86,13.86,10258269,13.9,14.0,13.75,13.86,1.0,14.0,13.75,0,10258269,6961,141939923.96,1,02,010,BRRAILACNOR9,100,ON      NM,RUMO S.A.,4069,117,56413.96,consolidated_010_020
2018-07-03,RAIL3,RAIL3,13.86,14.15,13.63,13.69,13.69,9995777,13.86,14.15,13.63,13.69,1.0,14.15,13.63,0,9995777,8355,139722466.98,1,02,010,BRRAILACNOR9,100,ON      NM,RUMO S.A.,4577,128,63713.98,consolidated_010_020
2018-07-04,RAIL3,RAIL3,13.61,13.8,13.59,13.7,13.7,1661364,13.61,13.8,13.59,13.7,1.0,13.8,13.59,0,1661364,3911,22751495.91,1,02,010,BRRAILACNOR9,100,ON      NM,RUMO S.A.,2464,72,33755.91,consolidated_010_020
2018-07-05,RAIL3,RAIL3,13.71,13.86,13.25,13.58,13.58,3367558,13.71,13.86,13.25,13.58,1.0,13.86,13.25,0,3367558,12515,45526982.62,1,02,010,BRRAILACNOR9,100,ON      NM,RUMO S.A.,2558,87,34649.62,consolidated_010_020
2018-07-06,RAIL3,RAIL3,13.65,13.77,13.47,13.69,13.69,2159700,13.65,13.77,13.47,13.69,1.0,13.77,13.47,0,2159700,7109,29425074.8,1,02,010,BRRAILACNOR9,100,ON      NM,RUMO S.A.,1700,65,23093.8,consolidated_010_020
2018-07-10,RAIL3,RAIL3,13.76,14.0,13.74,14.0,14.0,7641657,13.76,14.0,13.74,14.0,1.0,14.0,13.74,0,7641657,7533,106145705.8,1,02,010,BRRAILACNOR9,100,ON      NM,RUMO S.A.,2757,87,38303.8,consolidated_010_020
2018-07-11,RAIL3,RAIL3,13.85,14.33,13.85,14.06,14.06,8019220,13.85,14.33,13.85,14.06,1.0,14.33,13.85,0,8019220,18005,113512791.14,1,02,010,BRRAILACNOR9,100,ON      NM,RUMO S.A.,3220,89,45578.14,consolidated_010_020
2018-07-12,RAIL3,RAIL3,14.11,14.7,14.11,14.68,14.68,5896725,14.11,14.7,14.11,14.68,1.0,14.7,14.11,0,5896725,11258,85767862.96,1,02,010,BRRAILACNOR9,100,ON      NM,RUMO S.A.,3525,119,50969.96,consolidated_010_020
2018-07-13,RAIL3,RAIL3,14.57,14.85,14.48,14.69,14.69,3010131,14.57,14.85,14.48,14.69,1.0,14.85,14.48,0,3010131,7530,44226118.34,1,02,010,BRRAILACNOR9,100,ON      NM,RUMO S.A.,2231,75,32667.34,consolidated_010_020
2018-07-16,RAIL3,RAIL3,14.7,15.0,14.53,15.0,15.0,2964334,14.7,15.0,14.53,15.0,1.0,15.0,14.53,0,2964334,9806,43962316.74,1,02,010,BRRAILACNOR9,100,ON      NM,RUMO S.A.,3034,87,44853.74,consolidated_010_020
2018-07-17,RAIL3,RAIL3,15.0,15.25,14.86,14.91,14.91,4206844,15.0,15.25,14.86,14.91,1.0,15.25,14.86,0,4206844,13565,63328499.08,1,02,010,BRRAILACNOR9,100,ON      NM,RUMO S.A.,3444,108,51750.08,consolidated_010_020
2018-07-18,RAIL3,RAIL3,14.81,14.93,14.55,14.72,14.72,3134644,14.81,14.93,14.55,14.72,1.0,14.93,14.55,0,3134644,10043,46243657.41,1,02,010,BRRAILACNOR9,100,ON      NM,RUMO S.A.,2244,62,33200.41,consolidated_010_020
2018-07-19,RAIL3,RAIL3,14.55,15.04,14.33,15.04,15.04,3430066,14.55,15.04,14.33,15.04,1.0,15.04,14.33,0,3430066,8785,50301940.34,1,02,010,BRRAILACNOR9,100,ON      NM,RUMO S.A.,2166,63,31652.34,consolidated_010_020
2018-07-20,RAIL3,RAIL3,15.3,15.5,15.07,15.27,15.27,7545163,15.3,15.5,15.07,15.27,1.0,15.5,15.07,0,7545163,13746,115544783.83,1,02,010,BRRAILACNOR9,100,ON      NM,RUMO S.A.,4463,125,68335.83,consolidated_010_020
2018-07-23,RAIL3,RAIL3,15.14,15.24,14.83,15.13,15.13,2985412,15.14,15.24,14.83,15.13,1.0,15.24,14.83,0,2985412,6404,45060833.29,1,02,010,BRRAILACNOR9,100,ON      NM,RUMO S.A.,2712,98,40868.29,consolidated_010_020
2018-07-24,RAIL3,RAIL3,15.25,15.34,14.96,15.18,15.18,4692790,15.25,15.34,14.96,15.18,1.0,15.34,14.96,0,4692790,8040,71088336.41,1,02,010,BRRAILACNOR9,100,ON      NM,RUMO S.A.,3090,91,46653.41,consolidated_010_020
2018-07-25,RAIL3,RAIL3,15.17,15.26,14.95,15.04,15.04,4615097,15.17,15.26,14.95,15.04,1.0,15.26,14.95,0,4615097,9736,69527553.2,1,02,010,BRRAILACNOR9,100,ON      NM,RUMO S.A.,2397,71,36076.2,consolidated_010_020
2018-07-26,RAIL3,RAIL3,14.9,15.09,14.47,14.58,14.58,4934932,14.9,15.09,14.47,14.58,1.0,15.09,14.47,0,4934932,11737,72845283.22,1,02,010,BRRAILACNOR9,100,ON      NM,RUMO S.A.,2632,86,38796.22,consolidated_010_020
2018-07-27,RAIL3,RAIL3,14.73,14.73,14.28,14.4,14.4,4060332,14.73,14.73,14.28,14.4,1.0,14.73,14.28,0,4060332,17601,58601530.35,1,02,010,BRRAILACNOR9,100,ON      NM,RUMO S.A.,1832,60,26491.35,consolidated_010_020
2018-07-30,RAIL3,RAIL3,14.5,14.9,14.37,14.67,14.67,4410839,14.5,14.9,14.37,14.67,1.0,14.9,14.37,0,4410839,13551,64669458.32,1,02,010,BRRAILACNOR9,100,ON      NM,RUMO S.A.,5739,171,84048.32,consolidated_010_020
2018-07-31,RAIL3,RAIL3,14.67,14.95,14.55,14.85,14.85,3549521,14.67,14.95,14.55,14.85,1.0,14.95,14.55,0,3549521,10280,52539054.54,1,02,010,BRRAILACNOR9,100,ON      NM,RUMO S.A.,2321,81,34270.54,consolidated_010_020
2018-08-01,RAIL3,RAIL3,14.87,14.99,14.47,14.8,14.8,4716499,14.87,14.99,14.47,14.8,1.0,14.99,14.47,0,4716499,11156,69547954.43,1,02,010,BRRAILACNOR9,100,ON      NM,RUMO S.A.,3999,179,58957.43,consolidated_010_020
2018-08-02,RAIL3,RAIL3,14.67,14.85,14.59,14.85,14.85,2375542,14.67,14.85,14.59,14.85,1.0,14.85,14.59,0,2375542,8987,35086621.3,1,02,010,BRRAILACNOR9,100,ON      NM,RUMO S.A.,1942,62,28665.3,consolidated_010_020
2018-08-03,RAIL3,RAIL3,14.89,15.39,14.81,15.27,15.27,4358656,14.89,15.39,14.81,15.27,1.0,15.39,14.81,0,4358656,15123,66092922.72,1,02,010,BRRAILACNOR9,100,ON      NM,RUMO S.A.,3956,132,59875.72,consolidated_010_020
2018-08-06,RAIL3,RAIL3,15.29,15.49,15.1,15.32,15.32,2667654,15.29,15.49,15.1,15.32,1.0,15.49,15.1,0,2667654,9582,40965606.01,1,02,010,BRRAILACNOR9,100,ON      NM,RUMO S.A.,5354,175,81934.01,consolidated_010_020
2018-08-07,RAIL3,RAIL3,15.33,15.42,14.95,15.2,15.2,3301374,15.33,15.42,14.95,15.2,1.0,15.42,14.95,0,3301374,12397,50143409.02,1,02,010,BRRAILACNOR9,100,ON      NM,RUMO S.A.,3374,114,51400.02,consolidated_010_020
2018-08-08,RAIL3,RAIL3,15.3,15.52,14.39,14.55,14.55,7350381,15.3,15.52,14.39,14.55,1.0,15.52,14.39,0,7350381,14638,110346182.27,1,02,010,BRRAILACNOR9,100,ON      NM,RUMO S.A.,4281,128,64622.27,consolidated_010_020
2018-08-09,RAIL3,RAIL3,14.55,14.89,13.95,14.89,14.89,11264150,14.55,14.89,13.95,14.89,1.0,14.89,13.95,0,11264150,19196,163173798.24,1,02,010,BRRAILACNOR9,100,ON      NM,RUMO S.A.,4050,132,58666.24,consolidated_010_020
2018-08-10,RAIL3,RAIL3,14.67,14.81,14.23,14.23,14.23,6148320,14.67,14.81,14.23,14.23,1.0,14.81,14.23,0,6148320,15927,89078387.71,1,02,010,BRRAILACNOR9,100,ON      NM,RUMO S.A.,3220,101,46534.71,consolidated_010_020
2018-08-13,RAIL3,RAIL3,14.17,14.66,14.14,14.4,14.4,4049609,14.17,14.66,14.14,14.4,1.0,14.66,14.14,0,4049609,9066,58497807.54,1,02,010,BRRAILACNOR9,100,ON      NM,RUMO S.A.,3409,118,49091.54,consolidated_010_020
2018-08-14,RAIL3,RAIL3,14.54,14.59,13.82,14.15,14.15,19067692,14.54,14.59,13.82,14.15,1.0,14.59,13.82,0,19067692,17303,267815023.41,1,02,010,BRRAILACNOR9,100,ON      NM,RUMO S.A.,4692,141,65976.41,consolidated_010_020
2018-08-15,RAIL3,RAIL3,14.0,14.16,13.91,13.92,13.92,8857615,14.0,14.16,13.91,13.92,1.0,14.16,13.91,0,8857615,17903,123782715.01,1,02,010,BRRAILACNOR9,100,ON      NM,RUMO S.A.,2015,67,28221.01,consolidated_010_020
2018-08-16,RAIL3,RAIL3,14.04,14.04,13.6,13.85,13.85,6206034,14.04,14.04,13.6,13.85,1.0,14.04,13.6,0,6206034,13184,86041599.65,1,02,010,BRRAILACNOR9,100,ON      NM,RUMO S.A.,1834,75,25410.65,consolidated_010_020
2018-08-17,RAIL3,RAIL3,13.65,13.79,13.31,13.58,13.58,6885953,13.65,13.79,13.31,13.58,1.0,13.79,13.31,0,6885953,16237,93264832.85,1,02,010,BRRAILACNOR9,100,ON      NM,RUMO S.A.,2953,85,39912.85,consolidated_010_020
2018-08-20,RAIL3,RAIL3,13.57,13.88,13.41,13.79,13.79,3982752,13.57,13.88,13.41,13.79,1.0,13.88,13.41,0,3982752,9110,54385553.49,1,02,010,BRRAILACNOR9,100,ON      NM,RUMO S.A.,4152,142,56568.49,consolidated_010_020
2018-08-21,RAIL3,RAIL3,13.72,14.03,13.53,13.6,13.6,5589723,13.72,14.03,13.53,13.6,1.0,14.03,13.53,0,5589723,18760,76524101.55,1,02,010,BRRAILACNOR9,100,ON      NM,RUMO S.A.,2223,79,30498.55,consolidated_010_020
2018-08-22,RAIL3,RAIL3,13.5,13.84,13.44,13.84,13.84,5007999,13.5,13.84,13.44,13.84,1.0,13.84,13.44,0,5007999,8964,68348732.47,1,02,010,BRRAILACNOR9,100,ON      NM,RUMO S.A.,1899,51,25858.47,consolidated_010_020
2018-08-23,RAIL3,RAIL3,13.8,13.89,13.51,13.65,13.65,5333743,13.8,13.89,13.51,13.65,1.0,13.89,13.51,0,5333743,14758,72643844.49,1,02,010,BRRAILACNOR9,100,ON      NM,RUMO S.A.,1543,41,21111.49,consolidated_010_020
2018-08-24,RAIL3,RAIL3,13.85,13.85,13.35,13.35,13.35,4617563,13.85,13.85,13.35,13.35,1.0,13.85,13.35,0,4617563,11887,62403938.85,1,02,010,BRRAILACNOR9,100,ON      NM,RUMO S.A.,1963,90,26571.85,consolidated_010_020
2018-08-27,RAIL3,RAIL3,13.36,13.84,13.34,13.77,13.77,5353044,13.36,13.84,13.34,13.77,1.0,13.84,13.34,0,5353044,8598,72539683.71,1,02,010,BRRAILACNOR9,100,ON      NM,RUMO S.A.,4644,153,62718.71,consolidated_010_020
2018-08-28,RAIL3,RAIL3,13.85,13.85,13.38,13.52,13.52,5549370,13.85,13.85,13.38,13.52,1.0,13.85,13.38,0,5549370,13749,74934332.5,1,02,010,BRRAILACNOR9,100,ON      NM,RUMO S.A.,2070,62,28042.5,consolidated_010_020
2018-08-29,RAIL3,RAIL3,13.53,13.92,13.52,13.73,13.73,4909717,13.53,13.92,13.52,13.73,1.0,13.92,13.52,0,4909717,12067,67448778.69,1,02,010,BRRAILACNOR9,100,ON      NM,RUMO S.A.,1617,52,22194.69,consolidated_010_020
2018-08-30,RAIL3,RAIL3,13.68,13.82,13.21,13.36,13.36,4549687,13.68,13.82,13.21,13.36,1.0,13.82,13.21,0,4549687,13896,61106107.86,1,02,010,BRRAILACNOR9,100,ON      NM,RUMO S.A.,2187,79,29465.86,consolidated_010_020
2018-08-31,RAIL3,RAIL3,13.87,14.29,13.81,14.23,14.23,10257858,13.87,14.29,13.81,14.23,1.0,14.29,13.81,0,10257858,17344,144282767.19,1,02,010,BRRAILACNOR9,100,ON      NM,RUMO S.A.,4458,149,62668.19,consolidated_010_020
2018-09-03,RAIL3,RAIL3,14.06,14.1,13.85,13.86,13.86,1979534,14.06,14.1,13.85,13.86,1.0,14.1,13.85,0,1979534,7327,27630830.4,1,02,010,BRRAILACNOR9,100,ON      NM,RUMO S.A.,2534,90,35350.4,consolidated_010_020
2018-09-04,RAIL3,RAIL3,14.0,14.0,13.42,13.58,13.58,3248701,14.0,14.0,13.42,13.58,1.0,14.0,13.42,0,3248701,9010,44207472.69,1,02,010,BRRAILACNOR9,100,ON      NM,RUMO S.A.,2701,77,36872.69,consolidated_010_020
2018-09-05,RAIL3,RAIL3,13.54,13.85,13.51,13.7,13.7,2530995,13.54,13.85,13.51,13.7,1.0,13.85,13.51,0,2530995,7506,34616012.86,1,02,010,BRRAILACNOR9,100,ON      NM,RUMO S.A.,1695,63,23155.86,consolidated_010_020
2018-09-06,RAIL3,RAIL3,13.84,14.19,13.52,13.99,13.99,3070857,13.84,14.19,13.52,13.99,1.0,14.19,13.52,0,3070857,8537,42637555.75,1,02,010,BRRAILACNOR9,100,ON      NM,RUMO S.A.,4257,104,58911.75,consolidated_010_020
2018-09-10,RAIL3,RAIL3,14.18,14.2,13.76,13.89,13.89,2405881,14.18,14.2,13.76,13.89,1.0,14.2,13.76,0,2405881,9231,33555038.96,1,02,010,BRRAILACNOR9,100,ON      NM,RUMO S.A.,1881,61,26265.96,consolidated_010_020
2018-09-11,RAIL3,RAIL3,13.61,13.69,13.35,13.65,13.65,3228938,13.61,13.69,13.35,13.65,1.0,13.69,13.35,0,3228938,11011,43641610.44,1,02,010,BRRAILACNOR9,100,ON      NM,RUMO S.A.,1338,47,18092.44,consolidated_010_020
2018-09-12,RAIL3,RAIL3,13.81,13.82,13.56,13.61,13.61,4652025,13.81,13.82,13.56,13.61,1.0,13.82,13.56,0,4652025,10134,63881606.68,1,02,010,BRRAILACNOR9,100,ON      NM,RUMO S.A.,2125,76,29071.68,consolidated_010_020
2018-09-13,RAIL3,RAIL3,13.7,14.07,13.66,13.84,13.84,8683835,13.7,14.07,13.66,13.84,1.0,14.07,13.66,0,8683835,14160,119666218.08,1,02,010,BRRAILACNOR9,100,ON      NM,RUMO S.A.,2535,81,35018.08,consolidated_010_020
2018-09-14,RAIL3,RAIL3,13.84,14.06,13.74,13.85,13.85,2792935,13.84,14.06,13.74,13.85,1.0,14.06,13.74,0,2792935,13270,38846059.29,1,02,010,BRRAILACNOR9,100,ON      NM,RUMO S.A.,1735,48,24157.29,consolidated_010_020
2018-09-17,RAIL3,RAIL3,13.77,14.38,13.77,14.2,14.2,2918452,13.77,14.38,13.77,14.2,1.0,14.38,13.77,0,2918452,10379,41444772.38,1,02,010,BRRAILACNOR9,100,ON      NM,RUMO S.A.,2952,90,41745.38,consolidated_010_020
2018-09-18,RAIL3,RAIL3,14.31,14.79,14.25,14.55,14.55,7999040,14.31,14.79,14.25,14.55,1.0,14.79,14.25,0,7999040,11640,115974098.19,1,02,010,BRRAILACNOR9,100,ON      NM,RUMO S.A.,4040,127,58635.19,consolidated_010_020
2018-09-19,RAIL3,RAIL3,14.4,14.66,14.32,14.45,14.45,3127282,14.4,14.66,14.32,14.45,1.0,14.66,14.32,0,3127282,10220,45330731.48,1,02,010,BRRAILACNOR9,100,ON      NM,RUMO S.A.,1782,62,25814.48,consolidated_010_020
2018-09-20,RAIL3,RAIL3,14.64,14.76,14.36,14.6,14.6,3168041,14.64,14.76,14.36,14.6,1.0,14.76,14.36,0,3168041,8856,46200246.79,1,02,010,BRRAILACNOR9,100,ON      NM,RUMO S.A.,2441,77,35575.79,consolidated_010_020
2018-09-21,RAIL3,RAIL3,14.75,15.17,14.7,14.92,14.92,8980717,14.75,15.17,14.7,14.92,1.0,15.17,14.7,0,8980717,15165,134160556.59,1,02,010,BRRAILACNOR9,100,ON      NM,RUMO S.A.,4817,164,71879.59,consolidated_010_020
2018-09-24,RAIL3,RAIL3,14.78,14.89,14.56,14.6,14.6,6713755,14.78,14.89,14.56,14.6,1.0,14.89,14.56,0,6713755,11523,98983624.06,1,02,010,BRRAILACNOR9,100,ON      NM,RUMO S.A.,2355,79,34761.06,consolidated_010_020
2018-09-25,RAIL3,RAIL3,14.46,15.0,14.3,14.93,14.93,4615811,14.46,15.0,14.3,14.93,1.0,15.0,14.3,0,4615811,11529,68076267.93,1,02,010,BRRAILACNOR9,100,ON      NM,RUMO S.A.,2911,81,42594.93,consolidated_010_020
2018-09-26,RAIL3,RAIL3,14.95,15.02,14.67,14.74,14.74,3227133,14.95,15.02,14.67,14.74,1.0,15.02,14.67,0,3227133,11924,47912669.52,1,02,010,BRRAILACNOR9,100,ON      NM,RUMO S.A.,2333,80,34626.52,consolidated_010_020
2018-09-27,RAIL3,RAIL3,14.74,15.03,14.74,14.97,14.97,3098779,14.74,15.03,14.74,14.97,1.0,15.03,14.74,0,3098779,10582,46290895.23,1,02,010,BRRAILACNOR9,100,ON      NM,RUMO S.A.,2379,81,35487.23,consolidated_010_020
2018-09-28,RAIL3,RAIL3,14.8,14.98,14.65,14.98,14.98,3612329,14.8,14.98,14.65,14.98,1.0,14.98,14.65,0,3612329,7160,53808224.86,1,02,010,BRRAILACNOR9,100,ON      NM,RUMO S.A.,3429,114,51757.86,consolidated_010_020
2018-10-01,RAIL3,RAIL3,14.94,14.95,14.53,14.85,14.85,4545455,14.94,14.95,14.53,14.85,1.0,14.95,14.53,0,4545455,4863,67368516.53,1,02,010,BRRAILACNOR9,100,ON      NM,RUMO S.A.,3755,119,55460.53,consolidated_010_020
2018-10-02,RAIL3,RAIL3,14.98,15.1,14.85,14.85,14.85,11368956,14.98,15.1,14.85,14.85,1.0,15.1,14.85,0,11368956,21327,170706364.25,1,02,010,BRRAILACNOR9,100,ON      NM,RUMO S.A.,3656,126,54886.25,consolidated_010_020
2018-10-03,RAIL3,RAIL3,15.2,15.48,14.96,15.2,15.2,23260050,15.2,15.48,14.96,15.2,1.0,15.48,14.96,0,23260050,21689,352142284.14,1,02,010,BRRAILACNOR9,100,ON      NM,RUMO S.A.,4050,141,61434.14,consolidated_010_020
2018-10-04,RAIL3,RAIL3,15.15,15.2,14.75,14.97,14.97,7341055,15.15,15.2,14.75,14.97,1.0,15.2,14.75,0,7341055,15221,109896798.49,1,02,010,BRRAILACNOR9,100,ON      NM,RUMO S.A.,2955,85,44246.49,consolidated_010_020
2018-10-05,RAIL3,RAIL3,15.15,15.2,14.81,14.9,14.9,7917108,15.15,15.2,14.81,14.9,1.0,15.2,14.81,0,7917108,13191,118523531.43,1,02,010,BRRAILACNOR9,100,ON      NM,RUMO S.A.,2708,86,40535.43,consolidated_010_020
2018-10-08,RAIL3,RAIL3,15.47,15.7,14.83,15.07,15.07,19865626,15.47,15.7,14.83,15.07,1.0,15.7,14.83,0,19865626,39829,300680007.77,1,02,010,BRRAILACNOR9,100,ON      NM,RUMO S.A.,5626,179,85697.77,consolidated_010_020
2018-10-09,RAIL3,RAIL3,15.25,15.74,15.16,15.61,15.61,14555904,15.25,15.74,15.16,15.61,1.0,15.74,15.16,0,14555904,22637,226233255.7,1,02,010,BRRAILACNOR9,100,ON      NM,RUMO S.A.,3604,135,55894.7,consolidated_010_020
2018-10-10,RAIL3,RAIL3,15.33,15.53,15.19,15.3,15.3,3918117,15.33,15.53,15.19,15.3,1.0,15.53,15.19,0,3918117,11588,60163187.32,1,02,010,BRRAILACNOR9,100,ON      NM,RUMO S.A.,2817,98,43336.32,consolidated_010_020
2018-10-11,RAIL3,RAIL3,15.6,15.63,15.04,15.36,15.36,4319921,15.6,15.63,15.04,15.36,1.0,15.63,15.04,0,4319921,12800,66302237.11,1,02,010,BRRAILACNOR9,100,ON      NM,RUMO S.A.,3721,126,57078.11,consolidated_010_020
2018-10-15,RAIL3,RAIL3,15.52,15.57,15.09,15.2,15.2,5313409,15.52,15.57,15.09,15.2,1.0,15.57,15.09,0,5313409,12631,81677895.71,1,02,010,BRRAILACNOR9,100,ON      NM,RUMO S.A.,2909,97,44695.71,consolidated_010_020
2018-10-16,RAIL3,RAIL3,15.4,15.7,15.32,15.7,15.7,4637814,15.4,15.7,15.32,15.7,1.0,15.7,15.32,0,4637814,19607,71923023.23,1,02,010,BRRAILACNOR9,100,ON      NM,RUMO S.A.,2814,99,43436.23,consolidated_010_020
2018-10-17,RAIL3,RAIL3,15.57,15.9,15.44,15.65,15.65,6872762,15.57,15.9,15.44,15.65,1.0,15.9,15.44,0,6872762,18903,108141374.82,1,02,010,BRRAILACNOR9,100,ON      NM,RUMO S.A.,3262,116,51331.82,consolidated_010_020
2018-10-18,RAIL3,RAIL3,15.61,15.95,15.55,15.62,15.62,7038205,15.61,15.95,15.55,15.62,1.0,15.95,15.55,0,7038205,11692,110821482.61,1,02,010,BRRAILACNOR9,100,ON      NM,RUMO S.A.,3105,103,48772.61,consolidated_010_020
2018-10-19,RAIL3,RAIL3,15.8,15.94,15.33,15.55,15.55,4930513,15.8,15.94,15.33,15.55,1.0,15.94,15.33,0,4930513,11516,77141102.39,1,02,010,BRRAILACNOR9,100,ON      NM,RUMO S.A.,2213,81,34538.39,consolidated_010_020
2018-10-22,RAIL3,RAIL3,15.65,15.9,15.61,15.89,15.89,4261989,15.65,15.9,15.61,15.89,1.0,15.9,15.61,0,4261989,11315,67180789.25,1,02,010,BRRAILACNOR9,100,ON      NM,RUMO S.A.,2389,93,37619.25,consolidated_010_020
2018-10-23,RAIL3,RAIL3,15.63,16.04,15.63,15.85,15.85,8502201,15.63,16.04,15.63,15.85,1.0,16.04,15.63,0,8502201,22106,134952532.69,1,02,010,BRRAILACNOR9,100,ON      NM,RUMO S.A.,2201,84,34916.69,consolidated_010_020
2018-10-24,RAIL3,RAIL3,15.82,16.25,14.84,14.99,14.99,14965317,15.82,16.25,14.84,14.99,1.0,16.25,14.84,0,14965317,30798,232717774.18,1,02,010,BRRAILACNOR9,100,ON      NM,RUMO S.A.,3817,139,59159.18,consolidated_010_020
2018-10-25,RAIL3,RAIL3,15.28,15.56,15.03,15.26,15.26,9055419,15.28,15.56,15.03,15.26,1.0,15.56,15.03,0,9055419,23173,138424104.22,1,02,010,BRRAILACNOR9,100,ON      NM,RUMO S.A.,2619,84,40071.22,consolidated_010_020
2018-10-26,RAIL3,RAIL3,15.26,16.08,15.26,15.74,15.74,9555857,15.26,16.08,15.26,15.74,1.0,16.08,15.26,0,9555857,26733,150366472.63,1,02,010,BRRAILACNOR9,100,ON      NM,RUMO S.A.,4157,150,65214.63,consolidated_010_020
2018-10-29,RAIL3,RAIL3,16.3,16.33,15.14,15.63,15.63,7589966,16.3,16.33,15.14,15.63,1.0,16.33,15.14,0,7589966,26855,119795964.64,1,02,010,BRRAILACNOR9,100,ON      NM,RUMO S.A.,3866,130,61541.64,consolidated_010_020
2018-10-30,RAIL3,RAIL3,15.77,16.33,15.35,16.15,16.15,15754532,15.77,16.33,15.35,16.15,1.0,16.33,15.35,0,15754532,37120,251931008.24,1,02,010,BRRAILACNOR9,100,ON      NM,RUMO S.A.,2532,106,40418.24,consolidated_010_020
2018-10-31,RAIL3,RAIL3,16.35,16.68,16.07,16.65,16.65,10455842,16.35,16.68,16.07,16.65,1.0,16.68,16.07,0,10455842,21471,171344512.37,1,02,010,BRRAILACNOR9,100,ON      NM,RUMO S.A.,3642,111,59562.37,consolidated_010_020
2018-11-01,RAIL3,RAIL3,16.61,16.99,16.4,16.69,16.69,13211425,16.61,16.99,16.4,16.69,1.0,16.99,16.4,0,13211425,42207,220600928.81,1,02,010,BRRAILACNOR9,100,ON      NM,RUMO S.A.,5725,333,95344.81,consolidated_010_020
2018-11-05,RAIL3,RAIL3,16.72,16.95,16.54,16.8,16.8,15723094,16.72,16.95,16.54,16.8,1.0,16.95,16.54,0,15723094,24754,264831979.3,1,02,010,BRRAILACNOR9,100,ON      NM,RUMO S.A.,6194,205,103965.3,consolidated_010_020
2018-11-06,RAIL3,RAIL3,16.46,16.84,16.42,16.44,16.44,6653810,16.46,16.84,16.42,16.44,1.0,16.84,16.42,0,6653810,20712,110803617.52,1,02,010,BRRAILACNOR9,100,ON      NM,RUMO S.A.,3910,135,65152.52,consolidated_010_020
2018-11-07,RAIL3,RAIL3,16.6,16.81,16.42,16.67,16.67,6346391,16.6,16.81,16.42,16.67,1.0,16.81,16.42,0,6346391,22347,105606887.47,1,02,010,BRRAILACNOR9,100,ON      NM,RUMO S.A.,2791,106,46441.47,consolidated_010_020
2018-11-08,RAIL3,RAIL3,16.77,16.83,16.19,16.28,16.28,8155955,16.77,16.83,16.19,16.28,1.0,16.83,16.19,0,8155955,26044,134104445.17,1,02,010,BRRAILACNOR9,100,ON      NM,RUMO S.A.,2455,82,40389.17,consolidated_010_020
2018-11-09,RAIL3,RAIL3,16.52,16.55,16.13,16.48,16.48,6183645,16.52,16.55,16.13,16.48,1.0,16.55,16.13,0,6183645,21332,101171338.86,1,02,010,BRRAILACNOR9,100,ON      NM,RUMO S.A.,2045,85,33499.86,consolidated_010_020
2018-11-12,RAIL3,RAIL3,16.47,16.58,15.85,16.35,16.35,6077016,16.47,16.58,15.85,16.35,1.0,16.58,15.85,0,6077016,15873,98387811.28,1,02,010,BRRAILACNOR9,100,ON      NM,RUMO S.A.,2916,110,47562.28,consolidated_010_020
2018-11-13,RAIL3,RAIL3,16.37,16.66,16.32,16.51,16.51,5797223,16.37,16.66,16.32,16.51,1.0,16.66,16.32,0,5797223,22585,95573115.03,1,02,010,BRRAILACNOR9,100,ON      NM,RUMO S.A.,3023,101,49847.03,consolidated_010_020
2018-11-14,RAIL3,RAIL3,16.51,16.95,16.26,16.9,16.9,17061442,16.51,16.95,16.26,16.9,1.0,16.95,16.26,0,17061442,24263,285685440.07,1,02,010,BRRAILACNOR9,100,ON      NM,RUMO S.A.,3142,109,52305.07,consolidated_010_020
2018-11-16,RAIL3,RAIL3,16.95,17.56,16.81,17.56,17.56,10267635,16.95,17.56,16.81,17.56,1.0,17.56,16.81,0,10267635,33184,175731726.82,1,02,010,BRRAILACNOR9,100,ON      NM,RUMO S.A.,4735,157,80731.82,consolidated_010_020
2018-11-19,RAIL3,RAIL3,17.4,17.57,17.14,17.39,17.39,4711455,17.4,17.57,17.14,17.39,1.0,17.57,17.14,0,4711455,15976,81771347.93,1,02,010,BRRAILACNOR9,100,ON      NM,RUMO S.A.,3755,109,65066.93,consolidated_010_020
2018-11-21,RAIL3,RAIL3,17.18,17.89,17.05,17.77,17.77,11589820,17.18,17.89,17.05,17.77,1.0,17.89,17.05,0,11589820,25871,203056382.05,1,02,010,BRRAILACNOR9,100,ON      NM,RUMO S.A.,4520,151,78909.05,consolidated_010_020
2018-11-22,RAIL3,RAIL3,17.73,17.91,17.55,17.74,17.74,3183680,17.73,17.91,17.55,17.74,1.0,17.91,17.55,0,3183680,11059,56419777.98,1,02,010,BRRAILACNOR9,100,ON      NM,RUMO S.A.,3180,99,56364.98,consolidated_010_020
2018-11-23,RAIL3,RAIL3,17.67,17.69,17.26,17.3,17.3,6484972,17.67,17.69,17.26,17.3,1.0,17.69,17.26,0,6484972,21339,112747317.27,1,02,010,BRRAILACNOR9,100,ON      NM,RUMO S.A.,2972,93,51671.27,consolidated_010_020
2018-11-26,RAIL3,RAIL3,17.41,17.58,16.74,16.94,16.94,6606687,17.41,17.58,16.74,16.94,1.0,17.58,16.74,0,6606687,24806,113351689.64,1,02,010,BRRAILACNOR9,100,ON      NM,RUMO S.A.,2987,102,51410.64,consolidated_010_020
2018-11-27,RAIL3,RAIL3,17.09,17.66,16.86,17.52,17.52,7729882,17.09,17.66,16.86,17.52,1.0,17.66,16.86,0,7729882,33288,133833383.66,1,02,010,BRRAILACNOR9,100,ON      NM,RUMO S.A.,4882,130,84640.66,consolidated_010_020
2018-11-28,RAIL3,RAIL3,17.5,17.65,17.25,17.48,17.48,8521276,17.5,17.65,17.25,17.48,1.0,17.65,17.25,0,8521276,29593,148799341.71,1,02,010,BRRAILACNOR9,100,ON      NM,RUMO S.A.,3176,85,55326.71,consolidated_010_020
2018-11-29,RAIL3,RAIL3,17.27,17.75,17.25,17.6,17.6,6495418,17.27,17.75,17.25,17.6,1.0,17.75,17.25,0,6495418,21104,113946227.76,1,02,010,BRRAILACNOR9,100,ON      NM,RUMO S.A.,4018,133,70379.76,consolidated_010_020
2018-11-30,RAIL3,RAIL3,17.45,17.8,17.35,17.44,17.44,9637492,17.45,17.8,17.35,17.44,1.0,17.8,17.35,0,9637492,22387,168821802.63,1,02,010,BRRAILACNOR9,100,ON      NM,RUMO S.A.,5692,170,100616.63,consolidated_010_020
2018-12-03,RAIL3,RAIL3,17.41,17.58,16.76,16.78,16.78,12834624,17.41,17.58,16.76,16.78,1.0,17.58,16.76,0,12834624,32559,219006704.41,1,02,010,BRRAILACNOR9,100,ON      NM,RUMO S.A.,7724,320,132336.41,consolidated_010_020
2018-12-04,RAIL3,RAIL3,16.95,16.95,16.3,16.35,16.35,9354539,16.95,16.95,16.3,16.35,1.0,16.95,16.3,0,9354539,27988,154691295.61,1,02,010,BRRAILACNOR9,100,ON      NM,RUMO S.A.,6939,292,115715.61,consolidated_010_020
2018-12-05,RAIL3,RAIL3,16.45,16.63,16.4,16.6,16.6,6991973,16.45,16.63,16.4,16.6,1.0,16.63,16.4,0,6991973,21790,115505163.86,1,02,010,BRRAILACNOR9,100,ON      NM,RUMO S.A.,3073,123,50733.86,consolidated_010_020
2018-12-06,RAIL3,RAIL3,16.45,16.61,16.25,16.25,16.25,9066616,16.45,16.61,16.25,16.25,1.0,16.61,16.25,0,9066616,21734,148335508.97,1,02,010,BRRAILACNOR9,100,ON      NM,RUMO S.A.,2816,126,46225.97,consolidated_010_020
2018-12-07,RAIL3,RAIL3,16.18,16.59,16.1,16.21,16.21,12434131,16.18,16.59,16.1,16.21,1.0,16.59,16.1,0,12434131,32423,202512863.29,1,02,010,BRRAILACNOR9,100,ON      NM,RUMO S.A.,3331,184,54205.29,consolidated_010_020
2018-12-10,RAIL3,RAIL3,16.21,16.42,15.8,15.8,15.8,7920211,16.21,16.42,15.8,15.8,1.0,16.42,15.8,0,7920211,23158,126852937.52,1,02,010,BRRAILACNOR9,100,ON      NM,RUMO S.A.,2911,197,46672.52,consolidated_010_020
2018-12-11,RAIL3,RAIL3,16.13,16.43,15.96,16.3,16.3,11001694,16.13,16.43,15.96,16.3,1.0,16.43,15.96,0,11001694,34803,178519517.95,1,02,010,BRRAILACNOR9,100,ON      NM,RUMO S.A.,4194,131,68015.95,consolidated_010_020
2018-12-12,RAIL3,RAIL3,16.42,16.64,16.21,16.38,16.38,10069506,16.42,16.64,16.21,16.38,1.0,16.64,16.21,0,10069506,35900,165712176.93,1,02,010,BRRAILACNOR9,100,ON      NM,RUMO S.A.,3106,114,51115.93,consolidated_010_020
2018-12-13,RAIL3,RAIL3,16.33,16.43,16.06,16.4,16.4,7522203,16.33,16.43,16.06,16.4,1.0,16.43,16.06,0,7522203,21740,122275819.56,1,02,010,BRRAILACNOR9,100,ON      NM,RUMO S.A.,2103,74,34174.56,consolidated_010_020
2018-12-14,RAIL3,RAIL3,16.21,16.53,16.09,16.25,16.25,4674402,16.21,16.53,16.09,16.25,1.0,16.53,16.09,0,4674402,12597,76331093.15,1,02,010,BRRAILACNOR9,100,ON      NM,RUMO S.A.,2202,93,35973.15,consolidated_010_020
2018-12-17,RAIL3,RAIL3,16.28,16.37,15.85,15.99,15.99,6920506,16.28,16.37,15.85,15.99,1.0,16.37,15.85,0,6920506,18669,111680892.28,1,02,010,BRRAILACNOR9,100,ON      NM,RUMO S.A.,4306,154,69565.28,consolidated_010_020
2018-12-18,RAIL3,RAIL3,16.05,16.46,15.88,16.25,16.25,12047601,16.05,16.46,15.88,16.25,1.0,16.46,15.88,0,12047601,19265,194529411.36,1,02,010,BRRAILACNOR9,100,ON      NM,RUMO S.A.,2501,99,40430.36,consolidated_010_020
2018-12-19,RAIL3,RAIL3,16.4,17.13,16.29,16.6,16.6,13316612,16.4,17.13,16.29,16.6,1.0,17.13,16.29,0,13316612,35152,223975011.07,1,02,010,BRRAILACNOR9,100,ON      NM,RUMO S.A.,4712,180,79090.07,consolidated_010_020
2018-12-20,RAIL3,RAIL3,16.61,16.81,16.27,16.63,16.63,8014585,16.61,16.81,16.27,16.63,1.0,16.81,16.27,0,8014585,18540,132415935.96,1,02,010,BRRAILACNOR9,100,ON      NM,RUMO S.A.,2785,85,46109.96,consolidated_010_020
2018-12-21,RAIL3,RAIL3,16.63,16.69,16.32,16.41,16.41,12876038,16.63,16.69,16.32,16.41,1.0,16.69,16.32,0,12876038,23587,211671311.13,1,02,010,BRRAILACNOR9,100,ON      NM,RUMO S.A.,3438,125,56754.13,consolidated_010_020
2018-12-26,RAIL3,RAIL3,16.19,16.57,16.19,16.21,16.21,3496604,16.19,16.57,16.19,16.21,1.0,16.57,16.19,0,3496604,11244,57148007.76,1,02,010,BRRAILACNOR9,100,ON      NM,RUMO S.A.,2504,90,41017.76,consolidated_010_020
2018-12-27,RAIL3,RAIL3,16.25,16.55,16.05,16.26,16.26,4873503,16.25,16.55,16.05,16.26,1.0,16.55,16.05,0,4873503,17748,79149575.59,1,02,010,BRRAILACNOR9,100,ON      NM,RUMO S.A.,2203,82,35833.59,consolidated_010_020
2018-12-28,RAIL3,RAIL3,16.48,17.0,16.33,17.0,17.0,8691011,16.48,17.0,16.33,17.0,1.0,17.0,16.33,0,8691011,22693,144471468.39,1,02,010,BRRAILACNOR9,100,ON      NM,RUMO S.A.,3811,124,63326.39,consolidated_010_020
2019-01-02,RAIL3,RAIL3,16.71,17.09,16.68,16.95,16.95,11998712,16.71,17.09,16.68,16.95,1.0,17.09,16.68,0,11998712,28110,203064588.57,1,02,010,BRRAILACNOR9,100,ON      NM,RUMO S.A.,6912,292,116842.57,consolidated_010_020
2019-01-03,RAIL3,RAIL3,16.87,17.45,16.63,17.44,17.44,16014255,16.87,17.45,16.63,17.44,1.0,17.45,16.63,0,16014255,24382,275250639.42,1,02,010,BRRAILACNOR9,100,ON      NM,RUMO S.A.,6055,241,103363.42,consolidated_010_020
2019-01-04,RAIL3,RAIL3,17.29,17.41,17.05,17.2,17.2,7623055,17.29,17.41,17.05,17.2,1.0,17.41,17.05,0,7623055,22356,131483975.87,1,02,010,BRRAILACNOR9,100,ON      NM,RUMO S.A.,5655,185,97600.87,consolidated_010_020
2019-01-07,RAIL3,RAIL3,17.26,17.28,16.72,16.9,16.9,5604488,17.26,17.28,16.72,16.9,1.0,17.28,16.72,0,5604488,23495,94692712.37,1,02,010,BRRAILACNOR9,100,ON      NM,RUMO S.A.,5588,212,94920.37,consolidated_010_020
2019-01-08,RAIL3,RAIL3,16.92,17.24,16.68,17.12,17.12,8073483,16.92,17.24,16.68,17.12,1.0,17.24,16.68,0,8073483,23097,137656160.45,1,02,010,BRRAILACNOR9,100,ON      NM,RUMO S.A.,4383,149,74778.45,consolidated_010_020
2019-01-09,RAIL3,RAIL3,17.14,17.28,17.0,17.2,17.2,6884109,17.14,17.28,17.0,17.2,1.0,17.28,17.0,0,6884109,21697,118082150.14,1,02,010,BRRAILACNOR9,100,ON      NM,RUMO S.A.,4209,154,72179.14,consolidated_010_020
2019-01-10,RAIL3,RAIL3,17.06,17.48,17.05,17.47,17.47,4302722,17.06,17.48,17.05,17.47,1.0,17.48,17.05,0,4302722,13192,74495511.34,1,02,010,BRRAILACNOR9,100,ON      NM,RUMO S.A.,3022,118,52288.34,consolidated_010_020
2019-01-11,RAIL3,RAIL3,17.5,17.64,17.39,17.42,17.42,5227115,17.5,17.64,17.39,17.42,1.0,17.64,17.39,0,5227115,13604,91426263.58,1,02,010,BRRAILACNOR9,100,ON      NM,RUMO S.A.,6115,207,107164.58,consolidated_010_020
2019-01-14,RAIL3,RAIL3,17.55,18.0,17.29,18.0,18.0,12627566,17.55,18.0,17.29,18.0,1.0,18.0,17.29,0,12627566,21814,222636924.95,1,02,010,BRRAILACNOR9,100,ON      NM,RUMO S.A.,7766,360,136281.95,consolidated_010_020
2019-01-15,RAIL3,RAIL3,18.0,18.16,17.6,17.85,17.85,6226369,18.0,18.16,17.6,17.85,1.0,18.16,17.6,0,6226369,19287,111481422.71,1,02,010,BRRAILACNOR9,100,ON      NM,RUMO S.A.,6269,311,112561.71,consolidated_010_020
2019-01-16,RAIL3,RAIL3,17.85,18.35,17.82,18.22,18.22,8250385,17.85,18.35,17.82,18.22,1.0,18.35,17.82,0,8250385,21638,150008343.58,1,02,010,BRRAILACNOR9,100,ON      NM,RUMO S.A.,5285,243,96070.58,consolidated_010_020
2019-01-17,RAIL3,RAIL3,18.3,18.84,17.97,18.81,18.81,13231722,18.3,18.84,17.97,18.81,1.0,18.84,17.97,0,13231722,22207,243075363.74,1,02,010,BRRAILACNOR9,100,ON      NM,RUMO S.A.,6122,258,112421.74,consolidated_010_020
2019-01-18,RAIL3,RAIL3,18.9,18.95,18.46,18.57,18.57,23854847,18.9,18.95,18.46,18.57,1.0,18.95,18.46,0,23854847,22250,446062974.61,1,02,010,BRRAILACNOR9,100,ON      NM,RUMO S.A.,5947,322,110999.61,consolidated_010_020
2019-01-21,RAIL3,RAIL3,18.47,18.64,18.16,18.6,18.6,3031519,18.47,18.64,18.16,18.6,1.0,18.64,18.16,0,3031519,9122,56041214.82,1,02,010,BRRAILACNOR9,100,ON      NM,RUMO S.A.,5019,308,92668.82,consolidated_010_020
2019-01-22,RAIL3,RAIL3,18.5,18.75,18.33,18.6,18.6,4382145,18.5,18.75,18.33,18.6,1.0,18.75,18.33,0,4382145,16440,81284422.16,1,02,010,BRRAILACNOR9,100,ON      NM,RUMO S.A.,4845,179,89838.16,consolidated_010_020
2019-01-23,RAIL3,RAIL3,18.77,18.77,18.5,18.66,18.66,5664503,18.77,18.77,18.5,18.66,1.0,18.77,18.5,0,5664503,16104,105559187.42,1,02,010,BRRAILACNOR9,100,ON      NM,RUMO S.A.,4703,289,87673.42,consolidated_010_020
2019-01-24,RAIL3,RAIL3,18.65,19.36,18.64,19.31,19.31,10746116,18.65,19.36,18.64,19.31,1.0,19.36,18.64,0,10746116,23647,204561566.74,1,02,010,BRRAILACNOR9,100,ON      NM,RUMO S.A.,6316,362,120221.74,consolidated_010_020
2019-01-28,RAIL3,RAIL3,19.26,19.75,19.01,19.75,19.75,10198500,19.26,19.75,19.01,19.75,1.0,19.75,19.01,0,10198500,35082,198344739.86,1,02,010,BRRAILACNOR9,100,ON      NM,RUMO S.A.,6300,357,122003.86,consolidated_010_020
2019-01-29,RAIL3,RAIL3,19.75,19.82,19.12,19.55,19.55,9576892,19.75,19.82,19.12,19.55,1.0,19.82,19.12,0,9576892,25867,185723840.5,1,02,010,BRRAILACNOR9,100,ON      NM,RUMO S.A.,7192,360,139854.5,consolidated_010_020
2019-01-30,RAIL3,RAIL3,19.5,19.78,19.43,19.78,19.78,7100790,19.5,19.78,19.43,19.78,1.0,19.78,19.43,0,7100790,22096,139841736.45,1,02,010,BRRAILACNOR9,100,ON      NM,RUMO S.A.,4290,350,84429.45,consolidated_010_020
2019-01-31,RAIL3,RAIL3,19.8,19.87,19.65,19.65,19.65,10008516,19.8,19.87,19.65,19.65,1.0,19.87,19.65,0,10008516,23283,197398611.04,1,02,010,BRRAILACNOR9,100,ON      NM,RUMO S.A.,4816,406,95099.04,consolidated_010_020
2019-02-01,RAIL3,RAIL3,19.56,19.71,19.18,19.34,19.34,10924805,19.56,19.71,19.18,19.34,1.0,19.71,19.18,0,10924805,34146,211317899.39,1,02,010,BRRAILACNOR9,100,ON      NM,RUMO S.A.,7605,409,147551.39,consolidated_010_020
2019-02-04,RAIL3,RAIL3,19.22,19.38,19.13,19.34,19.34,9809417,19.22,19.38,19.13,19.34,1.0,19.38,19.13,0,9809417,20029,188874488.87,1,02,010,BRRAILACNOR9,100,ON      NM,RUMO S.A.,5717,256,110101.87,consolidated_010_020
2019-02-05,RAIL3,RAIL3,19.2,19.65,19.2,19.51,19.51,5124129,19.2,19.65,19.2,19.51,1.0,19.65,19.2,0,5124129,13755,99534486.37,1,02,010,BRRAILACNOR9,100,ON      NM,RUMO S.A.,4929,224,95623.37,consolidated_010_020
2019-02-06,RAIL3,RAIL3,19.21,19.39,18.85,18.96,18.96,10479787,19.21,19.39,18.85,18.96,1.0,19.39,18.85,0,10479787,24166,200006845.74,1,02,010,BRRAILACNOR9,100,ON      NM,RUMO S.A.,7187,300,136946.74,consolidated_010_020
2019-02-07,RAIL3,RAIL3,19.09,19.12,18.67,18.82,18.82,6467279,19.09,19.12,18.67,18.82,1.0,19.12,18.67,0,6467279,21439,122123499.0,1,02,010,BRRAILACNOR9,100,ON      NM,RUMO S.A.,5579,253,105484.0,consolidated_010_020
2019-02-08,RAIL3,RAIL3,18.82,19.48,18.51,19.44,19.44,7898082,18.82,19.48,18.51,19.44,1.0,19.48,18.51,0,7898082,29808,150255656.7,1,02,010,BRRAILACNOR9,100,ON      NM,RUMO S.A.,7382,236,139728.7,consolidated_010_020
2019-02-11,RAIL3,RAIL3,19.28,19.51,19.0,19.3,19.3,4903789,19.28,19.51,19.0,19.3,1.0,19.51,19.0,0,4903789,17053,94435131.27,1,02,010,BRRAILACNOR9,100,ON      NM,RUMO S.A.,4789,181,92205.27,consolidated_010_020
2019-02-12,RAIL3,RAIL3,19.53,19.72,19.27,19.6,19.6,10597507,19.53,19.72,19.27,19.6,1.0,19.72,19.27,0,10597507,21133,206789748.91,1,02,010,BRRAILACNOR9,100,ON      NM,RUMO S.A.,5907,230,115025.91,consolidated_010_020
2019-02-13,RAIL3,RAIL3,19.6,19.6,18.81,19.06,19.06,28756129,19.6,19.6,18.81,19.06,1.0,19.6,18.81,0,28756129,35535,553784474.59,1,02,010,BRRAILACNOR9,100,ON      NM,RUMO S.A.,7429,314,143008.59,consolidated_010_020
2019-02-14,RAIL3,RAIL3,19.12,19.64,18.83,19.64,19.64,6483941,19.12,19.64,18.83,19.64,1.0,19.64,18.83,0,6483941,18482,124178612.69,1,02,010,BRRAILACNOR9,100,ON      NM,RUMO S.A.,5241,188,100377.69,consolidated_010_020
2019-02-15,RAIL3,RAIL3,19.51,19.84,19.4,19.77,19.77,8334562,19.51,19.84,19.4,19.77,1.0,19.84,19.4,0,8334562,28832,163932009.09,1,02,010,BRRAILACNOR9,100,ON      NM,RUMO S.A.,4262,174,83852.09,consolidated_010_020
2019-02-18,RAIL3,RAIL3,19.55,19.87,19.48,19.87,19.87,3659977,19.55,19.87,19.48,19.87,1.0,19.87,19.48,0,3659977,15012,71976713.61,1,02,010,BRRAILACNOR9,100,ON      NM,RUMO S.A.,3377,141,66298.61,consolidated_010_020
2019-02-19,RAIL3,RAIL3,19.85,19.95,19.48,19.63,19.63,6641590,19.85,19.95,19.48,19.63,1.0,19.95,19.48,0,6641590,20569,131019399.51,1,02,010,BRRAILACNOR9,100,ON      NM,RUMO S.A.,8590,349,169981.51,consolidated_010_020
2019-02-20,RAIL3,RAIL3,19.7,20.09,19.3,19.41,19.41,8605333,19.7,20.09,19.3,19.41,1.0,20.09,19.3,0,8605333,33224,169037914.69,1,02,010,BRRAILACNOR9,100,ON      NM,RUMO S.A.,9333,388,183470.69,consolidated_010_020
2019-02-21,RAIL3,RAIL3,19.55,19.66,19.14,19.44,19.44,6454924,19.55,19.66,19.14,19.44,1.0,19.66,19.14,0,6454924,18580,124995683.16,1,02,010,BRRAILACNOR9,100,ON      NM,RUMO S.A.,4324,160,83875.16,consolidated_010_020
2019-02-22,RAIL3,RAIL3,19.6,19.7,19.26,19.7,19.7,5300784,19.6,19.7,19.26,19.7,1.0,19.7,19.26,0,5300784,16501,103289831.26,1,02,010,BRRAILACNOR9,100,ON      NM,RUMO S.A.,3484,145,67922.26,consolidated_010_020
2019-02-25,RAIL3,RAIL3,19.57,19.9,19.29,19.33,19.33,8596884,19.57,19.9,19.29,19.33,1.0,19.9,19.29,0,8596884,21503,168518563.95,1,02,010,BRRAILACNOR9,100,ON      NM,RUMO S.A.,4884,226,95699.95,consolidated_010_020
2019-02-26,RAIL3,RAIL3,19.21,19.46,19.1,19.31,19.31,6971788,19.21,19.46,19.1,19.31,1.0,19.46,19.1,0,6971788,17747,134677342.12,1,02,010,BRRAILACNOR9,100,ON      NM,RUMO S.A.,3188,159,61490.12,consolidated_010_020
2019-02-27,RAIL3,RAIL3,19.28,19.42,19.13,19.2,19.2,7012744,19.28,19.42,19.13,19.2,1.0,19.42,19.13,0,7012744,17749,134979184.09,1,02,010,BRRAILACNOR9,100,ON      NM,RUMO S.A.,3544,134,68255.09,consolidated_010_020
2019-02-28,RAIL3,RAIL3,19.11,19.48,19.02,19.46,19.46,9164233,19.11,19.48,19.02,19.46,1.0,19.48,19.02,0,9164233,23514,176858660.26,1,02,010,BRRAILACNOR9,100,ON      NM,RUMO S.A.,4133,190,79655.26,consolidated_010_020
2019-03-01,RAIL3,RAIL3,19.4,19.54,18.96,19.1,19.1,9137456,19.4,19.54,18.96,19.1,1.0,19.54,18.96,0,9137456,31878,174916672.21,1,02,010,BRRAILACNOR9,100,ON      NM,RUMO S.A.,8356,329,160149.21,consolidated_010_020
2019-03-06,RAIL3,RAIL3,19.06,19.37,18.99,19.27,19.27,5755140,19.06,19.37,18.99,19.27,1.0,19.37,18.99,0,5755140,18568,110656584.93,1,02,010,BRRAILACNOR9,100,ON      NM,RUMO S.A.,4940,214,94709.93,consolidated_010_020
2019-03-07,RAIL3,RAIL3,19.25,19.58,19.19,19.43,19.43,8650767,19.25,19.58,19.19,19.43,1.0,19.58,19.19,0,8650767,18561,168030698.36,1,02,010,BRRAILACNOR9,100,ON      NM,RUMO S.A.,5867,276,113810.36,consolidated_010_020
2019-03-08,RAIL3,RAIL3,19.25,19.78,19.08,19.72,19.72,10239753,19.25,19.78,19.08,19.72,1.0,19.78,19.08,0,10239753,25140,199122498.81,1,02,010,BRRAILACNOR9,100,ON      NM,RUMO S.A.,5853,252,113730.81,consolidated_010_020
2019-03-11,RAIL3,RAIL3,19.79,20.05,19.63,19.78,19.78,5967738,19.79,20.05,19.63,19.78,1.0,20.05,19.63,0,5967738,14744,118474547.66,1,02,010,BRRAILACNOR9,100,ON      NM,RUMO S.A.,5538,295,109968.66,consolidated_010_020
2019-03-12,RAIL3,RAIL3,19.78,19.99,19.62,19.78,19.78,3856566,19.78,19.99,19.62,19.78,1.0,19.99,19.62,0,3856566,8483,76297629.27,1,02,010,BRRAILACNOR9,100,ON      NM,RUMO S.A.,4566,240,90454.27,consolidated_010_020
2019-03-13,RAIL3,RAIL3,19.8,20.44,19.54,20.16,20.16,18349060,19.8,20.44,19.54,20.16,1.0,20.44,19.54,0,18349060,25441,368524975.19,1,02,010,BRRAILACNOR9,100,ON      NM,RUMO S.A.,8060,315,161373.19,consolidated_010_020
2019-03-14,RAIL3,RAIL3,20.21,20.3,19.95,20.3,20.3,4072668,20.21,20.3,19.95,20.3,1.0,20.3,19.95,0,4072668,13485,81935330.43,1,02,010,BRRAILACNOR9,100,ON      NM,RUMO S.A.,3968,223,79767.43,consolidated_010_020
2019-03-15,RAIL3,RAIL3,20.3,20.65,20.26,20.54,20.54,7580152,20.3,20.65,20.26,20.54,1.0,20.65,20.26,0,7580152,22183,155427437.42,1,02,010,BRRAILACNOR9,100,ON      NM,RUMO S.A.,4552,293,93225.42,consolidated_010_020
2019-03-18,RAIL3,RAIL3,20.61,20.66,20.22,20.46,20.46,6405706,20.61,20.66,20.22,20.46,1.0,20.66,20.22,0,6405706,18238,130834311.54,1,02,010,BRRAILACNOR9,100,ON      NM,RUMO S.A.,6606,307,134985.54,consolidated_010_020
2019-03-19,RAIL3,RAIL3,19.39,19.93,19.1,19.46,19.46,28261537,19.39,19.93,19.1,19.46,1.0,19.93,19.1,0,28261537,43660,550199446.86,1,02,010,BRRAILACNOR9,100,ON      NM,RUMO S.A.,23537,1151,459791.86,consolidated_010_020
2019-03-20,RAIL3,RAIL3,19.46,19.61,19.2,19.35,19.35,19029149,19.46,19.61,19.2,19.35,1.0,19.61,19.2,0,19029149,44139,368250412.55,1,02,010,BRRAILACNOR9,100,ON      NM,RUMO S.A.,10849,464,210147.55,consolidated_010_020
2019-03-21,RAIL3,RAIL3,19.33,19.48,18.8,19.3,19.3,13375461,19.33,19.48,18.8,19.3,1.0,19.48,18.8,0,13375461,51374,255315205.83,1,02,010,BRRAILACNOR9,100,ON      NM,RUMO S.A.,11961,674,226488.83,consolidated_010_020
2019-03-22,RAIL3,RAIL3,18.71,19.07,18.39,18.52,18.52,10059259,18.71,19.07,18.39,18.52,1.0,19.07,18.39,0,10059259,33866,187750212.26,1,02,010,BRRAILACNOR9,100,ON      NM,RUMO S.A.,10259,622,191443.26,consolidated_010_020
2019-03-25,RAIL3,RAIL3,18.41,18.81,18.31,18.55,18.55,6892872,18.41,18.81,18.31,18.55,1.0,18.81,18.31,0,6892872,24040,128561079.93,1,02,010,BRRAILACNOR9,100,ON      NM,RUMO S.A.,5372,247,100545.93,consolidated_010_020
2019-03-26,RAIL3,RAIL3,18.77,18.79,18.3,18.43,18.43,12246929,18.77,18.79,18.3,18.43,1.0,18.79,18.3,0,12246929,29316,225391926.69,1,02,010,BRRAILACNOR9,100,ON      NM,RUMO S.A.,5229,304,96433.69,consolidated_010_020
2019-03-27,RAIL3,RAIL3,18.2,18.32,17.9,17.95,17.95,9837963,18.2,18.32,17.9,17.95,1.0,18.32,17.9,0,9837963,33053,177473969.95,1,02,010,BRRAILACNOR9,100,ON      NM,RUMO S.A.,5363,290,96902.95,consolidated_010_020
2019-03-28,RAIL3,RAIL3,17.94,19.26,17.62,18.64,18.64,13695136,17.94,19.26,17.62,18.64,1.0,19.26,17.62,0,13695136,30865,252306545.66,1,02,010,BRRAILACNOR9,100,ON      NM,RUMO S.A.,9336,430,172583.66,consolidated_010_020
2019-03-29,RAIL3,RAIL3,19.18,19.32,18.68,19.15,19.15,17012484,19.18,19.32,18.68,19.15,1.0,19.32,18.68,0,17012484,33594,324605919.78,1,02,010,BRRAILACNOR9,100,ON      NM,RUMO S.A.,14484,691,277357.78,consolidated_010_020
2019-04-01,RAIL3,RAIL3,19.28,19.4,18.69,18.73,18.73,8802014,19.28,19.4,18.69,18.73,1.0,19.4,18.69,0,8802014,18319,166451403.01,1,02,010,BRRAILACNOR9,100,ON      NM,RUMO S.A.,10514,531,199079.01,consolidated_010_020
2019-04-02,RAIL3,RAIL3,18.78,19.3,18.46,19.16,19.16,8041839,18.78,19.3,18.46,19.16,1.0,19.3,18.46,0,8041839,18025,152197363.38,1,02,010,BRRAILACNOR9,100,ON      NM,RUMO S.A.,9239,385,174234.38,consolidated_010_020
2019-04-03,RAIL3,RAIL3,19.33,19.45,18.64,18.84,18.84,6383492,19.33,19.45,18.64,18.84,1.0,19.45,18.64,0,6383492,23794,121943284.76,1,02,010,BRRAILACNOR9,100,ON      NM,RUMO S.A.,8592,349,164351.76,consolidated_010_020
2019-04-04,RAIL3,RAIL3,19.0,19.11,18.82,18.89,18.89,5313939,19.0,19.11,18.82,18.89,1.0,19.11,18.82,0,5313939,17300,100638650.89,1,02,010,BRRAILACNOR9,100,ON      NM,RUMO S.A.,5239,239,99277.89,consolidated_010_020
2019-04-05,RAIL3,RAIL3,18.89,19.0,18.5,18.5,18.5,7129717,18.89,19.0,18.5,18.5,1.0,19.0,18.5,0,7129717,21019,132921749.61,1,02,010,BRRAILACNOR9,100,ON      NM,RUMO S.A.,9317,600,173863.61,consolidated_010_020
2019-04-08,RAIL3,RAIL3,18.54,18.54,18.07,18.17,18.17,7308095,18.54,18.54,18.07,18.17,1.0,18.54,18.07,0,7308095,24304,133174225.54,1,02,010,BRRAILACNOR9,100,ON      NM,RUMO S.A.,8295,441,151341.54,consolidated_010_020
2019-04-09,RAIL3,RAIL3,18.13,18.31,17.96,18.03,18.03,5517747,18.13,18.31,17.96,18.03,1.0,18.31,17.96,0,5517747,18357,99759834.13,1,02,010,BRRAILACNOR9,100,ON      NM,RUMO S.A.,6547,324,118568.13,consolidated_010_020
2019-04-10,RAIL3,RAIL3,18.25,18.36,17.99,18.16,18.16,13465812,18.25,18.36,17.99,18.16,1.0,18.36,17.99,0,13465812,24648,245127354.81,1,02,010,BRRAILACNOR9,100,ON      NM,RUMO S.A.,5312,255,96543.81,consolidated_010_020
2019-04-11,RAIL3,RAIL3,18.17,18.36,17.94,18.05,18.05,9297922,18.17,18.36,17.94,18.05,1.0,18.36,17.94,0,9297922,25670,168250630.52,1,02,010,BRRAILACNOR9,100,ON      NM,RUMO S.A.,4622,213,83810.52,consolidated_010_020
2019-04-12,RAIL3,RAIL3,17.9,18.42,17.71,18.19,18.19,10647604,17.9,18.42,17.71,18.19,1.0,18.42,17.71,0,10647604,25426,193848738.92,1,02,010,BRRAILACNOR9,100,ON      NM,RUMO S.A.,6004,302,109112.92,consolidated_010_020
2019-04-15,RAIL3,RAIL3,18.29,18.38,17.97,18.21,18.21,13898418,18.29,18.38,17.97,18.21,1.0,18.38,17.97,0,13898418,17753,253782056.01,1,02,010,BRRAILACNOR9,100,ON      NM,RUMO S.A.,5918,287,107748.01,consolidated_010_020
2019-04-16,RAIL3,RAIL3,18.18,18.44,18.02,18.15,18.15,5559778,18.18,18.44,18.02,18.15,1.0,18.44,18.02,0,5559778,20367,101065106.04,1,02,010,BRRAILACNOR9,100,ON      NM,RUMO S.A.,4978,233,90625.04,consolidated_010_020
2019-04-17,RAIL3,RAIL3,18.15,18.22,17.46,17.61,17.61,13969677,18.15,18.22,17.46,17.61,1.0,18.22,17.46,0,13969677,39377,247702415.21,1,02,010,BRRAILACNOR9,100,ON      NM,RUMO S.A.,7577,393,134305.21,consolidated_010_020
2019-04-18,RAIL3,RAIL3,17.76,17.97,17.58,17.86,17.86,5574206,17.76,17.97,17.58,17.86,1.0,17.97,17.58,0,5574206,12842,99495840.13,1,02,010,BRRAILACNOR9,100,ON      NM,RUMO S.A.,4106,203,73143.13,consolidated_010_020
2019-04-22,RAIL3,RAIL3,17.86,17.86,17.35,17.35,17.35,8136676,17.86,17.86,17.35,17.35,1.0,17.86,17.35,0,8136676,24077,142400397.22,1,02,010,BRRAILACNOR9,100,ON      NM,RUMO S.A.,5476,324,96027.22,consolidated_010_020
2019-04-23,RAIL3,RAIL3,17.56,17.6,16.93,17.13,17.13,20972963,17.56,17.6,16.93,17.13,1.0,17.6,16.93,0,20972963,34511,359570598.33,1,02,010,BRRAILACNOR9,100,ON      NM,RUMO S.A.,7863,471,134997.33,consolidated_010_020
2019-04-24,RAIL3,RAIL3,17.11,17.31,16.94,17.22,17.22,11655832,17.11,17.31,16.94,17.22,1.0,17.31,16.94,0,11655832,30412,199113016.98,1,02,010,BRRAILACNOR9,100,ON      NM,RUMO S.A.,5032,254,86027.98,consolidated_010_020
2019-04-25,RAIL3,RAIL3,17.17,17.39,17.13,17.22,17.22,8961756,17.17,17.39,17.13,17.22,1.0,17.39,17.13,0,8961756,23849,154606026.99,1,02,010,BRRAILACNOR9,100,ON      NM,RUMO S.A.,5956,351,102675.99,consolidated_010_020
2019-04-26,RAIL3,RAIL3,17.3,17.65,17.22,17.65,17.65,5935217,17.3,17.65,17.22,17.65,1.0,17.65,17.22,0,5935217,20669,103598962.75,1,02,010,BRRAILACNOR9,100,ON      NM,RUMO S.A.,4517,220,78834.75,consolidated_010_020
2019-04-29,RAIL3,RAIL3,17.83,17.91,17.44,17.56,17.56,7601933,17.83,17.91,17.44,17.56,1.0,17.91,17.44,0,7601933,16802,134414649.19,1,02,010,BRRAILACNOR9,100,ON      NM,RUMO S.A.,6633,364,117617.19,consolidated_010_020
2019-04-30,RAIL3,RAIL3,17.65,18.15,17.47,18.1,18.1,15165556,17.65,18.15,17.47,18.1,1.0,18.15,17.47,0,15165556,32216,273310426.44,1,02,010,BRRAILACNOR9,100,ON      NM,RUMO S.A.,9056,391,162079.44,consolidated_010_020
2019-05-02,RAIL3,RAIL3,18.06,18.09,17.46,17.54,17.54,24486776,18.06,18.09,17.46,17.54,1.0,18.09,17.46,0,24486776,20719,430891209.45,1,02,010,BRRAILACNOR9,100,ON      NM,RUMO S.A.,8576,545,151359.45,consolidated_010_020
2019-05-03,RAIL3,RAIL3,17.69,17.91,17.54,17.65,17.65,6764815,17.69,17.91,17.54,17.65,1.0,17.91,17.54,0,6764815,16766,119856888.98,1,02,010,BRRAILACNOR9,100,ON      NM,RUMO S.A.,8415,385,149096.98,consolidated_010_020
2019-05-06,RAIL3,RAIL3,17.54,17.67,17.36,17.61,17.61,6958193,17.54,17.67,17.36,17.61,1.0,17.67,17.36,0,6958193,15567,121892720.78,1,02,010,BRRAILACNOR9,100,ON      NM,RUMO S.A.,6193,314,108296.78,consolidated_010_020
2019-05-07,RAIL3,RAIL3,17.5,17.67,17.25,17.6,17.6,5382769,17.5,17.67,17.25,17.6,1.0,17.67,17.25,0,5382769,17735,94035780.98,1,02,010,BRRAILACNOR9,100,ON      NM,RUMO S.A.,4069,231,71157.98,consolidated_010_020
2019-05-08,RAIL3,RAIL3,17.6,17.91,17.58,17.63,17.63,8731877,17.6,17.91,17.58,17.63,1.0,17.91,17.58,0,8731877,26451,154594826.87,1,02,010,BRRAILACNOR9,100,ON      NM,RUMO S.A.,4677,226,82889.87,consolidated_010_020
2019-05-09,RAIL3,RAIL3,17.48,17.59,17.18,17.35,17.35,8313183,17.48,17.59,17.18,17.35,1.0,17.59,17.18,0,8313183,21111,143943581.83,1,02,010,BRRAILACNOR9,100,ON      NM,RUMO S.A.,4483,276,77823.83,consolidated_010_020
2019-05-10,RAIL3,RAIL3,17.49,17.59,17.15,17.28,17.28,6639618,17.49,17.59,17.15,17.28,1.0,17.59,17.15,0,6639618,20681,115044218.24,1,02,010,BRRAILACNOR9,100,ON      NM,RUMO S.A.,4018,290,69716.24,consolidated_010_020
2019-05-13,RAIL3,RAIL3,16.91,17.23,16.7,17.11,17.11,7926967,16.91,17.23,16.7,17.11,1.0,17.23,16.7,0,7926967,24256,135131226.19,1,02,010,BRRAILACNOR9,100,ON      NM,RUMO S.A.,4567,267,77728.19,consolidated_010_020
2019-05-14,RAIL3,RAIL3,17.2,17.5,17.08,17.15,17.15,9321535,17.2,17.5,17.08,17.15,1.0,17.5,17.08,0,9321535,21687,161008455.05,1,02,010,BRRAILACNOR9,100,ON      NM,RUMO S.A.,4335,201,74775.05,consolidated_010_020
2019-05-15,RAIL3,RAIL3,17.0,17.15,16.84,16.94,16.94,11967076,17.0,17.15,16.84,16.94,1.0,17.15,16.84,0,11967076,35647,203249923.96,1,02,010,BRRAILACNOR9,100,ON      NM,RUMO S.A.,5476,323,93030.96,consolidated_010_020
2019-05-16,RAIL3,RAIL3,16.74,16.97,16.56,16.72,16.72,9704531,16.74,16.97,16.56,16.72,1.0,16.97,16.56,0,9704531,28626,162686538.32,1,02,010,BRRAILACNOR9,100,ON      NM,RUMO S.A.,5431,265,91043.32,consolidated_010_020
2019-05-17,RAIL3,RAIL3,16.53,17.19,16.51,16.9,16.9,8403886,16.53,17.19,16.51,16.9,1.0,17.19,16.51,0,8403886,27516,141945825.46,1,02,010,BRRAILACNOR9,100,ON      NM,RUMO S.A.,5786,246,97589.46,consolidated_010_020
2019-05-20,RAIL3,RAIL3,16.91,17.17,16.71,17.1,17.1,5773649,16.91,17.17,16.71,17.1,1.0,17.17,16.71,0,5773649,19312,98076547.62,1,02,010,BRRAILACNOR9,100,ON      NM,RUMO S.A.,3649,174,61810.62,consolidated_010_020
2019-05-21,RAIL3,RAIL3,17.2,17.51,17.09,17.49,17.49,10734243,17.2,17.51,17.09,17.49,1.0,17.51,17.09,0,10734243,26271,186057174.24,1,02,010,BRRAILACNOR9,100,ON      NM,RUMO S.A.,3543,210,61408.24,consolidated_010_020
2019-05-22,RAIL3,RAIL3,17.51,17.65,17.35,17.59,17.59,6825254,17.51,17.65,17.35,17.59,1.0,17.65,17.35,0,6825254,15738,119443167.2,1,02,010,BRRAILACNOR9,100,ON      NM,RUMO S.A.,4954,244,86808.2,consolidated_010_020
2019-05-23,RAIL3,RAIL3,17.44,18.0,17.33,17.81,17.81,6667814,17.44,18.0,17.33,17.81,1.0,18.0,17.33,0,6667814,17181,118528254.15,1,02,010,BRRAILACNOR9,100,ON      NM,RUMO S.A.,4014,302,71115.15,consolidated_010_020
2019-05-24,RAIL3,RAIL3,17.97,18.1,17.81,18.1,18.1,5000730,17.97,18.1,17.81,18.1,1.0,18.1,17.81,0,5000730,16363,90068864.63,1,02,010,BRRAILACNOR9,100,ON      NM,RUMO S.A.,5830,274,104905.63,consolidated_010_020
2019-05-27,RAIL3,RAIL3,18.16,18.33,18.02,18.3,18.3,3105783,18.16,18.33,18.02,18.3,1.0,18.33,18.02,0,3105783,13161,56561299.16,1,02,010,BRRAILACNOR9,100,ON      NM,RUMO S.A.,6183,287,112439.16,consolidated_010_020
2019-05-28,RAIL3,RAIL3,18.4,18.64,18.2,18.51,18.51,11841747,18.4,18.64,18.2,18.51,1.0,18.64,18.2,0,11841747,23740,218839195.47,1,02,010,BRRAILACNOR9,100,ON      NM,RUMO S.A.,6847,328,126546.47,consolidated_010_020
2019-05-29,RAIL3,RAIL3,18.49,19.27,18.48,19.17,19.17,10738441,18.49,19.27,18.48,19.17,1.0,19.27,18.48,0,10738441,33109,204809040.6,1,02,010,BRRAILACNOR9,100,ON      NM,RUMO S.A.,9941,479,189374.6,consolidated_010_020
2019-05-30,RAIL3,RAIL3,19.1,19.77,19.1,19.36,19.36,8371478,19.1,19.77,19.1,19.36,1.0,19.77,19.1,0,8371478,25447,162727356.6,1,02,010,BRRAILACNOR9,100,ON      NM,RUMO S.A.,7378,424,143501.6,consolidated_010_020
2019-05-31,RAIL3,RAIL3,19.31,19.49,19.17,19.36,19.36,7748535,19.31,19.49,19.17,19.36,1.0,19.49,19.17,0,7748535,33046,149693903.37,1,02,010,BRRAILACNOR9,100,ON      NM,RUMO S.A.,6535,269,126152.37,consolidated_010_020
2019-06-03,RAIL3,RAIL3,19.31,19.65,19.3,19.52,19.52,6256725,19.31,19.65,19.3,19.52,1.0,19.65,19.3,0,6256725,19709,121792598.64,1,02,010,BRRAILACNOR9,100,ON      NM,RUMO S.A.,7225,372,140607.64,consolidated_010_020
2019-06-04,RAIL3,RAIL3,19.54,19.54,19.16,19.3,19.3,6591824,19.54,19.54,19.16,19.3,1.0,19.54,19.16,0,6591824,22809,127111207.95,1,02,010,BRRAILACNOR9,100,ON      NM,RUMO S.A.,4624,282,89122.95,consolidated_010_020
2019-06-05,RAIL3,RAIL3,19.39,19.49,18.82,18.94,18.94,5225000,19.39,19.49,18.82,18.94,1.0,19.49,18.82,0,5225000,17473,99678261.94,1,02,010,BRRAILACNOR9,100,ON      NM,RUMO S.A.,5200,269,99566.94,consolidated_010_020
2019-06-06,RAIL3,RAIL3,19.2,19.3,18.89,19.04,19.04,6761186,19.2,19.3,18.89,19.04,1.0,19.3,18.89,0,6761186,20403,128867457.92,1,02,010,BRRAILACNOR9,100,ON      NM,RUMO S.A.,3886,212,74021.92,consolidated_010_020
2019-06-07,RAIL3,RAIL3,19.0,19.2,18.69,19.1,19.1,8967728,19.0,19.2,18.69,19.1,1.0,19.2,18.69,0,8967728,21923,170518522.61,1,02,010,BRRAILACNOR9,100,ON      NM,RUMO S.A.,4928,325,93691.61,consolidated_010_020
2019-06-10,RAIL3,RAIL3,18.98,19.26,18.9,19.13,19.13,4475416,18.98,19.26,18.9,19.13,1.0,19.26,18.9,0,4475416,15918,85406443.67,1,02,010,BRRAILACNOR9,100,ON      NM,RUMO S.A.,5516,285,105144.67,consolidated_010_020
2019-06-11,RAIL3,RAIL3,19.23,19.32,18.74,19.28,19.28,6893323,19.23,19.32,18.74,19.28,1.0,19.32,18.74,0,6893323,24026,131194347.91,1,02,010,BRRAILACNOR9,100,ON      NM,RUMO S.A.,6523,356,124079.91,consolidated_010_020
2019-06-12,RAIL3,RAIL3,19.15,19.5,19.04,19.3,19.3,6930642,19.15,19.5,19.04,19.3,1.0,19.5,19.04,0,6930642,20941,133907322.77,1,02,010,BRRAILACNOR9,100,ON      NM,RUMO S.A.,5942,297,114708.77,consolidated_010_020
2019-06-13,RAIL3,RAIL3,19.45,20.11,19.34,19.84,19.84,10071390,19.45,20.11,19.34,19.84,1.0,20.11,19.34,0,10071390,27422,199911160.54,1,02,010,BRRAILACNOR9,100,ON      NM,RUMO S.A.,9990,508,198308.54,consolidated_010_020
2019-06-14,RAIL3,RAIL3,19.86,19.97,19.61,19.77,19.77,5317341,19.86,19.97,19.61,19.77,1.0,19.97,19.61,0,5317341,17652,105170298.04,1,02,010,BRRAILACNOR9,100,ON      NM,RUMO S.A.,4941,333,97754.04,consolidated_010_020
2019-06-17,RAIL3,RAIL3,19.69,19.87,19.3,19.31,19.31,8375740,19.69,19.87,19.3,19.31,1.0,19.87,19.3,0,8375740,23951,163408887.2,1,02,010,BRRAILACNOR9,100,ON      NM,RUMO S.A.,4240,350,82793.2,consolidated_010_020
2019-06-18,RAIL3,RAIL3,19.46,19.78,19.19,19.75,19.75,10233511,19.46,19.78,19.19,19.75,1.0,19.78,19.19,0,10233511,30863,199419722.58,1,02,010,BRRAILACNOR9,100,ON      NM,RUMO S.A.,4911,280,95734.58,consolidated_010_020
2019-06-19,RAIL3,RAIL3,20.14,20.5,19.89,20.48,20.48,9642585,20.14,20.5,19.89,20.48,1.0,20.5,19.89,0,9642585,31080,194801849.4,1,02,010,BRRAILACNOR9,100,ON      NM,RUMO S.A.,18985,984,382322.4,consolidated_010_020
2019-06-21,RAIL3,RAIL3,20.48,21.0,20.42,20.88,20.88,13925799,20.48,21.0,20.42,20.88,1.0,21.0,20.42,0,13925799,25448,289744930.95,1,02,010,BRRAILACNOR9,100,ON      NM,RUMO S.A.,9999,581,207577.95,consolidated_010_020
2019-06-24,RAIL3,RAIL3,20.87,21.08,20.62,20.75,20.75,10741336,20.87,21.08,20.62,20.75,1.0,21.08,20.62,0,10741336,22585,223612430.39,1,02,010,BRRAILACNOR9,100,ON      NM,RUMO S.A.,8236,410,171859.39,consolidated_010_020
2019-06-25,RAIL3,RAIL3,20.61,20.74,20.18,20.29,20.29,6884275,20.61,20.74,20.18,20.29,1.0,20.74,20.18,0,6884275,24728,139974810.45,1,02,010,BRRAILACNOR9,100,ON      NM,RUMO S.A.,7275,372,148236.45,consolidated_010_020
2019-06-26,RAIL3,RAIL3,20.3,20.37,19.82,20.0,20.0,4272467,20.3,20.37,19.82,20.0,1.0,20.37,19.82,0,4272467,13572,85712658.15,1,02,010,BRRAILACNOR9,100,ON      NM,RUMO S.A.,6467,352,129810.15,consolidated_010_020
2019-06-27,RAIL3,RAIL3,19.89,20.5,19.64,20.4,20.4,10950537,19.89,20.5,19.64,20.4,1.0,20.5,19.64,0,10950537,25164,219458481.93,1,02,010,BRRAILACNOR9,100,ON      NM,RUMO S.A.,6237,294,125411.93,consolidated_010_020
2019-06-28,RAIL3,RAIL3,20.58,20.98,20.51,20.73,20.73,11519071,20.58,20.98,20.51,20.73,1.0,20.98,20.51,0,11519071,22231,238567044.62,1,02,010,BRRAILACNOR9,100,ON      NM,RUMO S.A.,7571,385,157002.62,consolidated_010_020
2019-07-01,RAIL3,RAIL3,21.05,21.05,20.45,20.65,20.65,6153572,21.05,21.05,20.45,20.65,1.0,21.05,20.45,0,6153572,19623,127031496.75,1,02,010,BRRAILACNOR9,100,ON      NM,RUMO S.A.,10072,473,208224.75,consolidated_010_020
2019-07-02,RAIL3,RAIL3,20.73,20.82,20.49,20.65,20.65,12581474,20.73,20.82,20.49,20.65,1.0,20.82,20.49,0,12581474,21783,259634044.16,1,02,010,BRRAILACNOR9,100,ON      NM,RUMO S.A.,7274,449,150468.16,consolidated_010_020
2019-07-03,RAIL3,RAIL3,20.5,21.31,20.47,21.19,21.19,5224564,20.5,21.31,20.47,21.19,1.0,21.31,20.47,0,5224564,17976,109671186.25,1,02,010,BRRAILACNOR9,100,ON      NM,RUMO S.A.,8264,412,172812.25,consolidated_010_020
2019-07-04,RAIL3,RAIL3,21.27,21.56,21.27,21.42,21.42,4845157,21.27,21.56,21.27,21.42,1.0,21.56,21.27,0,4845157,16917,103876238.25,1,02,010,BRRAILACNOR9,100,ON      NM,RUMO S.A.,7957,402,170620.25,consolidated_010_020
2019-07-05,RAIL3,RAIL3,21.42,21.61,21.22,21.59,21.59,7682847,21.42,21.61,21.22,21.59,1.0,21.61,21.22,0,7682847,19472,164713845.15,1,02,010,BRRAILACNOR9,100,ON      NM,RUMO S.A.,7847,465,168285.15,consolidated_010_020
2019-07-08,RAIL3,RAIL3,21.6,21.85,21.24,21.7,21.7,5945824,21.6,21.85,21.24,21.7,1.0,21.85,21.24,0,5945824,19382,128894588.42,1,02,010,BRRAILACNOR9,100,ON      NM,RUMO S.A.,8224,455,178230.42,consolidated_010_020
2019-07-10,RAIL3,RAIL3,21.6,22.2,21.51,21.97,21.97,10345116,21.6,22.2,21.51,21.97,1.0,22.2,21.51,0,10345116,41300,226064311.06,1,02,010,BRRAILACNOR9,100,ON      NM,RUMO S.A.,13216,589,288795.06,consolidated_010_020
2019-07-11,RAIL3,RAIL3,21.91,21.91,21.48,21.7,21.7,8383538,21.91,21.91,21.48,21.7,1.0,21.91,21.48,0,8383538,27222,182050196.05,1,02,010,BRRAILACNOR9,100,ON      NM,RUMO S.A.,9138,474,198666.05,consolidated_010_020
2019-07-12,RAIL3,RAIL3,21.74,21.85,21.38,21.49,21.49,6137005,21.74,21.85,21.38,21.49,1.0,21.85,21.38,0,6137005,23479,132746611.76,1,02,010,BRRAILACNOR9,100,ON      NM,RUMO S.A.,8505,393,184217.76,consolidated_010_020
2019-07-15,RAIL3,RAIL3,21.6,21.88,21.51,21.66,21.66,5877301,21.6,21.88,21.51,21.66,1.0,21.88,21.51,0,5877301,15014,127534368.66,1,02,010,BRRAILACNOR9,100,ON      NM,RUMO S.A.,8301,397,180012.66,consolidated_010_020
2019-07-16,RAIL3,RAIL3,21.7,21.85,21.58,21.76,21.76,5453054,21.7,21.85,21.58,21.76,1.0,21.85,21.58,0,5453054,14709,118545190.92,1,02,010,BRRAILACNOR9,100,ON      NM,RUMO S.A.,6354,297,138083.92,consolidated_010_020
2019-07-17,RAIL3,RAIL3,21.86,22.16,21.71,22.01,22.01,4761484,21.86,22.16,21.71,22.01,1.0,22.16,21.71,0,4761484,14695,104691566.56,1,02,010,BRRAILACNOR9,100,ON      NM,RUMO S.A.,7184,373,157813.56,consolidated_010_020
2019-07-18,RAIL3,RAIL3,22.04,22.66,21.86,22.46,22.46,5174832,22.04,22.66,21.86,22.46,1.0,22.66,21.86,0,5174832,18372,115536262.25,1,02,010,BRRAILACNOR9,100,ON      NM,RUMO S.A.,7332,374,163193.25,consolidated_010_020
2019-07-19,RAIL3,RAIL3,22.42,22.46,22.02,22.38,22.38,4881920,22.42,22.46,22.02,22.38,1.0,22.46,22.02,0,4881920,15374,108738273.49,1,02,010,BRRAILACNOR9,100,ON      NM,RUMO S.A.,6520,370,145383.49,consolidated_010_020
2019-07-22,RAIL3,RAIL3,22.44,22.55,22.08,22.27,22.27,6378783,22.44,22.55,22.08,22.27,1.0,22.55,22.08,0,6378783,17961,142265399.75,1,02,010,BRRAILACNOR9,100,ON      NM,RUMO S.A.,5283,287,117916.75,consolidated_010_020
2019-07-23,RAIL3,RAIL3,22.38,22.38,21.92,22.16,22.16,7010776,22.38,22.38,21.92,22.16,1.0,22.38,21.92,0,7010776,15878,154842442.81,1,02,010,BRRAILACNOR9,100,ON      NM,RUMO S.A.,5076,302,112132.81,consolidated_010_020
2019-07-24,RAIL3,RAIL3,22.19,22.54,22.01,22.21,22.21,6029917,22.19,22.54,22.01,22.21,1.0,22.54,22.01,0,6029917,19325,134352969.21,1,02,010,BRRAILACNOR9,100,ON      NM,RUMO S.A.,4517,248,100704.21,consolidated_010_020
2019-07-25,RAIL3,RAIL3,22.26,22.32,21.88,21.91,21.91,7918988,22.26,22.32,21.88,21.91,1.0,22.32,21.88,0,7918988,22317,174403183.51,1,02,010,BRRAILACNOR9,100,ON      NM,RUMO S.A.,5688,270,125577.51,consolidated_010_020
2019-07-26,RAIL3,RAIL3,21.9,22.26,21.87,22.12,22.12,4492733,21.9,22.26,21.87,22.12,1.0,22.26,21.87,0,4492733,15882,99177600.9,1,02,010,BRRAILACNOR9,100,ON      NM,RUMO S.A.,5633,338,124335.9,consolidated_010_020
2019-07-29,RAIL3,RAIL3,22.05,22.18,21.94,22.16,22.16,2715610,22.05,22.18,21.94,22.16,1.0,22.18,21.94,0,2715610,8974,59960910.69,1,02,010,BRRAILACNOR9,100,ON      NM,RUMO S.A.,5210,355,115031.69,consolidated_010_020
2019-07-30,RAIL3,RAIL3,22.14,22.2,21.98,22.1,22.1,4908168,22.14,22.2,21.98,22.1,1.0,22.2,21.98,0,4908168,14333,108164269.45,1,02,010,BRRAILACNOR9,100,ON      NM,RUMO S.A.,5368,288,118449.45,consolidated_010_020
2019-07-31,RAIL3,RAIL3,22.16,22.16,21.4,21.92,21.92,10273519,22.16,22.16,21.4,21.92,1.0,22.16,21.4,0,10273519,35433,223120669.44,1,02,010,BRRAILACNOR9,100,ON      NM,RUMO S.A.,11119,691,241163.44,consolidated_010_020
2019-08-01,RAIL3,RAIL3,22.07,22.18,21.59,21.65,21.65,9014790,22.07,22.18,21.59,21.65,1.0,22.18,21.59,0,9014790,26354,197813015.08,1,02,010,BRRAILACNOR9,100,ON      NM,RUMO S.A.,23090,1206,508161.08,consolidated_010_020
2019-08-02,RAIL3,RAIL3,21.65,22.17,21.62,21.95,21.95,9107584,21.65,22.17,21.62,21.95,1.0,22.17,21.62,0,9107584,24166,199332656.22,1,02,010,BRRAILACNOR9,100,ON      NM,RUMO S.A.,16684,814,365245.22,consolidated_010_020
2019-08-05,RAIL3,RAIL3,21.68,21.85,21.47,21.67,21.67,8485320,21.68,21.85,21.47,21.67,1.0,21.85,21.47,0,8485320,33357,183632838.38,1,02,010,BRRAILACNOR9,100,ON      NM,RUMO S.A.,14920,777,323238.38,consolidated_010_020
2019-08-06,RAIL3,RAIL3,21.71,22.25,21.71,22.03,22.03,6028625,21.71,22.25,21.71,22.03,1.0,22.25,21.71,0,6028625,22507,132766725.54,1,02,010,BRRAILACNOR9,100,ON      NM,RUMO S.A.,10025,564,220634.54,consolidated_010_020
2019-08-07,RAIL3,RAIL3,21.81,22.0,21.57,22.0,22.0,5251663,21.81,22.0,21.57,22.0,1.0,22.0,21.57,0,5251663,21169,114531583.66,1,02,010,BRRAILACNOR9,100,ON      NM,RUMO S.A.,9263,513,202057.66,consolidated_010_020
2019-08-08,RAIL3,RAIL3,22.12,22.84,22.08,22.78,22.78,8700359,22.12,22.84,22.08,22.78,1.0,22.84,22.08,0,8700359,26547,195648052.75,1,02,010,BRRAILACNOR9,100,ON      NM,RUMO S.A.,10859,571,243321.75,consolidated_010_020
2019-08-09,RAIL3,RAIL3,22.91,23.09,22.5,22.9,22.9,5186853,22.91,23.09,22.5,22.9,1.0,23.09,22.5,0,5186853,16712,117852975.29,1,02,010,BRRAILACNOR9,100,ON      NM,RUMO S.A.,10153,699,230723.29,consolidated_010_020
2019-08-12,RAIL3,RAIL3,22.85,22.85,22.28,22.47,22.47,4931100,22.85,22.85,22.28,22.47,1.0,22.85,22.28,0,4931100,19133,111397683.1,1,02,010,BRRAILACNOR9,100,ON      NM,RUMO S.A.,10100,587,228419.1,consolidated_010_020
2019-08-13,RAIL3,RAIL3,22.51,23.34,21.96,22.95,22.95,21024649,22.51,23.34,21.96,22.95,1.0,23.34,21.96,0,21024649,30104,478153991.72,1,02,010,BRRAILACNOR9,100,ON      NM,RUMO S.A.,12949,610,296385.72,consolidated_010_020
2019-08-14,RAIL3,RAIL3,22.65,22.69,21.97,21.97,21.97,7307220,22.65,22.69,21.97,21.97,1.0,22.69,21.97,0,7307220,30516,162431059.45,1,02,010,BRRAILACNOR9,100,ON      NM,RUMO S.A.,11520,716,257297.45,consolidated_010_020
2019-08-15,RAIL3,RAIL3,22.2,22.6,21.82,22.17,22.17,9784184,22.2,22.6,21.82,22.17,1.0,22.6,21.82,0,9784184,32736,217232664.56,1,02,010,BRRAILACNOR9,100,ON      NM,RUMO S.A.,11384,634,253177.56,consolidated_010_020
2019-08-16,RAIL3,RAIL3,22.4,23.22,21.98,23.2,23.2,8588477,22.4,23.22,21.98,23.2,1.0,23.22,21.98,0,8588477,28579,194417783.74,1,02,010,BRRAILACNOR9,100,ON      NM,RUMO S.A.,9177,597,207081.74,consolidated_010_020
2019-08-19,RAIL3,RAIL3,23.22,23.51,22.59,23.04,23.04,7284591,23.22,23.51,22.59,23.04,1.0,23.51,22.59,0,7284591,25071,167408369.05,1,02,010,BRRAILACNOR9,100,ON      NM,RUMO S.A.,9991,518,230634.05,consolidated_010_020
2019-08-20,RAIL3,RAIL3,22.99,23.29,22.5,23.18,23.18,5251441,22.99,23.29,22.5,23.18,1.0,23.29,22.5,0,5251441,21058,120377696.97,1,02,010,BRRAILACNOR9,100,ON      NM,RUMO S.A.,8741,446,200282.97,consolidated_010_020
2019-08-21,RAIL3,RAIL3,23.47,23.57,22.65,23.57,23.57,7641320,23.47,23.57,22.65,23.57,1.0,23.57,22.65,0,7641320,25831,176520986.93,1,02,010,BRRAILACNOR9,100,ON      NM,RUMO S.A.,8820,486,203552.93,consolidated_010_020
2019-08-22,RAIL3,RAIL3,23.21,23.37,22.46,22.8,22.8,9617197,23.21,23.37,22.46,22.8,1.0,23.37,22.46,0,9617197,25158,219469646.55,1,02,010,BRRAILACNOR9,100,ON      NM,RUMO S.A.,18797,879,429435.55,consolidated_010_020
2019-08-23,RAIL3,RAIL3,22.44,23.03,21.87,21.95,21.95,10457093,22.44,23.03,21.87,21.95,1.0,23.03,21.87,0,10457093,34682,233129868.79,1,02,010,BRRAILACNOR9,100,ON      NM,RUMO S.A.,11693,684,260891.79,consolidated_010_020
2019-08-26,RAIL3,RAIL3,22.0,22.15,21.34,21.6,21.6,5215580,22.0,22.15,21.34,21.6,1.0,22.15,21.34,0,5215580,20336,112790962.34,1,02,010,BRRAILACNOR9,100,ON      NM,RUMO S.A.,10480,588,227284.34,consolidated_010_020
2019-08-27,RAIL3,RAIL3,21.52,21.81,21.16,21.72,21.72,8455631,21.52,21.81,21.16,21.72,1.0,21.81,21.16,0,8455631,24093,182194228.91,1,02,010,BRRAILACNOR9,100,ON      NM,RUMO S.A.,8231,501,177224.91,consolidated_010_020
2019-08-28,RAIL3,RAIL3,21.6,22.22,21.4,22.22,22.22,7697360,21.6,22.22,21.4,22.22,1.0,22.22,21.4,0,7697360,22987,168092807.9,1,02,010,BRRAILACNOR9,100,ON      NM,RUMO S.A.,11160,565,243449.9,consolidated_010_020
2019-08-29,RAIL3,RAIL3,22.24,22.68,21.97,22.51,22.51,6680418,22.24,22.68,21.97,22.51,1.0,22.68,21.97,0,6680418,22585,149240103.57,1,02,010,BRRAILACNOR9,100,ON      NM,RUMO S.A.,11218,572,250698.57,consolidated_010_020
2019-08-30,RAIL3,RAIL3,22.66,22.86,22.1,22.1,22.1,12466650,22.66,22.86,22.1,22.1,1.0,22.86,22.1,0,12466650,25044,278467185.24,1,02,010,BRRAILACNOR9,100,ON      NM,RUMO S.A.,10450,621,234703.24,consolidated_010_020
2019-09-02,RAIL3,RAIL3,22.2,22.96,22.12,22.76,22.76,9007118,22.2,22.96,22.12,22.76,1.0,22.96,22.12,0,9007118,25409,204581048.56,1,02,010,BRRAILACNOR9,100,ON      NM,RUMO S.A.,20918,1106,475267.56,consolidated_010_020
2019-09-03,RAIL3,RAIL3,22.69,23.22,22.26,22.38,22.38,8293186,22.69,23.22,22.26,22.38,1.0,23.22,22.26,0,8293186,31791,188672986.66,1,02,010,BRRAILACNOR9,100,ON      NM,RUMO S.A.,15886,807,362102.66,consolidated_010_020
2019-09-04,RAIL3,RAIL3,22.71,22.88,22.48,22.88,22.88,6441885,22.71,22.88,22.48,22.88,1.0,22.88,22.48,0,6441885,22647,146502419.83,1,02,010,BRRAILACNOR9,100,ON      NM,RUMO S.A.,9285,471,211006.83,consolidated_010_020
2019-09-05,RAIL3,RAIL3,22.97,23.54,22.88,23.24,23.24,8178630,22.97,23.54,22.88,23.24,1.0,23.54,22.88,0,8178630,26245,190761721.93,1,02,010,BRRAILACNOR9,100,ON      NM,RUMO S.A.,12130,621,282645.93,consolidated_010_020
2019-09-06,RAIL3,RAIL3,23.26,23.64,23.19,23.32,23.32,5722493,23.26,23.64,23.19,23.32,1.0,23.64,23.19,0,5722493,17205,133833114.6,1,02,010,BRRAILACNOR9,100,ON      NM,RUMO S.A.,6893,461,161216.6,consolidated_010_020
2019-09-09,RAIL3,RAIL3,23.23,23.28,22.64,23.16,23.16,10932639,23.23,23.28,22.64,23.16,1.0,23.28,22.64,0,10932639,30236,251110410.45,1,02,010,BRRAILACNOR9,100,ON      NM,RUMO S.A.,10139,603,233050.45,consolidated_010_020
2019-09-10,RAIL3,RAIL3,23.11,23.25,22.78,23.18,23.18,7021791,23.11,23.25,22.78,23.18,1.0,23.25,22.78,0,7021791,21202,161696908.28,1,02,010,BRRAILACNOR9,100,ON      NM,RUMO S.A.,6091,340,140211.28,consolidated_010_020
2019-09-11,RAIL3,RAIL3,23.37,23.92,23.28,23.58,23.58,8341296,23.37,23.92,23.28,23.58,1.0,23.92,23.28,0,8341296,25432,196691189.46,1,02,010,BRRAILACNOR9,100,ON      NM,RUMO S.A.,9496,460,224059.46,consolidated_010_020
2019-09-12,RAIL3,RAIL3,23.81,23.87,23.29,23.75,23.75,5097801,23.81,23.87,23.29,23.75,1.0,23.87,23.29,0,5097801,20586,120369588.6,1,02,010,BRRAILACNOR9,100,ON      NM,RUMO S.A.,7901,428,186667.6,consolidated_010_020
2019-09-13,RAIL3,RAIL3,23.7,23.76,23.14,23.49,23.49,3601340,23.7,23.76,23.14,23.49,1.0,23.76,23.14,0,3601340,16133,84480761.2,1,02,010,BRRAILACNOR9,100,ON      NM,RUMO S.A.,7240,483,170104.2,consolidated_010_020
2019-09-16,RAIL3,RAIL3,23.55,23.6,22.93,23.02,23.02,6077811,23.55,23.6,22.93,23.02,1.0,23.6,22.93,0,6077811,18502,141060165.67,1,02,010,BRRAILACNOR9,100,ON      NM,RUMO S.A.,10411,512,242560.67,consolidated_010_020
2019-09-17,RAIL3,RAIL3,23.02,23.31,22.88,23.12,23.12,6674275,23.02,23.31,22.88,23.12,1.0,23.31,22.88,0,6674275,19693,153709974.89,1,02,010,BRRAILACNOR9,100,ON      NM,RUMO S.A.,10075,467,232387.89,consolidated_010_020
2019-09-18,RAIL3,RAIL3,23.2,23.56,23.07,23.56,23.56,3866376,23.2,23.56,23.07,23.56,1.0,23.56,23.07,0,3866376,15073,90150521.97,1,02,010,BRRAILACNOR9,100,ON      NM,RUMO S.A.,8676,647,201980.97,consolidated_010_020
2019-09-19,RAIL3,RAIL3,23.6,24.15,23.46,23.51,23.51,4679876,23.6,24.15,23.46,23.51,1.0,24.15,23.46,0,4679876,16484,111245101.42,1,02,010,BRRAILACNOR9,100,ON      NM,RUMO S.A.,9776,476,232727.42,consolidated_010_020
2019-09-20,RAIL3,RAIL3,23.62,24.02,23.46,24.02,24.02,9160780,23.62,24.02,23.46,24.02,1.0,24.02,23.46,0,9160780,15450,218939241.44,1,02,010,BRRAILACNOR9,100,ON      NM,RUMO S.A.,9980,537,236964.44,consolidated_010_020
2019-09-23,RAIL3,RAIL3,24.02,24.21,23.77,23.92,23.92,3996638,24.02,24.21,23.77,23.92,1.0,24.21,23.77,0,3996638,13949,95769881.58,1,02,010,BRRAILACNOR9,100,ON      NM,RUMO S.A.,9438,420,226444.58,consolidated_010_020
2019-09-24,RAIL3,RAIL3,23.65,23.77,23.24,23.59,23.59,4850839,23.65,23.77,23.24,23.59,1.0,23.77,23.24,0,4850839,17177,114014169.56,1,02,010,BRRAILACNOR9,100,ON      NM,RUMO S.A.,18039,720,424815.56,consolidated_010_020
2019-09-25,RAIL3,RAIL3,23.45,23.7,23.11,23.66,23.66,4816113,23.45,23.7,23.11,23.66,1.0,23.7,23.11,0,4816113,19605,112877416.79,1,02,010,BRRAILACNOR9,100,ON      NM,RUMO S.A.,10513,487,246198.79,consolidated_010_020
2019-09-26,RAIL3,RAIL3,23.59,23.85,23.36,23.6,23.6,3259380,23.59,23.85,23.36,23.6,1.0,23.85,23.36,0,3259380,15267,76812071.68,1,02,010,BRRAILACNOR9,100,ON      NM,RUMO S.A.,9980,421,235410.68,consolidated_010_020
2019-09-27,RAIL3,RAIL3,23.59,24.03,23.43,23.91,23.91,6016069,23.59,24.03,23.43,23.91,1.0,24.03,23.43,0,6016069,19501,142641669.39,1,02,010,BRRAILACNOR9,100,ON      NM,RUMO S.A.,7569,358,179423.39,consolidated_010_020
2019-09-30,RAIL3,RAIL3,23.92,24.58,23.67,24.5,24.5,10588982,23.92,24.58,23.67,24.5,1.0,24.58,23.67,0,10588982,25507,257005943.87,1,02,010,BRRAILACNOR9,100,ON      NM,RUMO S.A.,17182,896,417174.87,consolidated_010_020
2019-10-01,RAIL3,RAIL3,24.57,24.64,24.25,24.5,24.5,9570868,24.57,24.64,24.25,24.5,1.0,24.64,24.25,0,9570868,15911,233989549.48,1,02,010,BRRAILACNOR9,100,ON      NM,RUMO S.A.,12468,727,304400.48,consolidated_010_020
2019-10-02,RAIL3,RAIL3,24.3,24.35,23.8,23.87,23.87,7239492,24.3,24.35,23.8,23.87,1.0,24.35,23.8,0,7239492,24460,174172471.52,1,02,010,BRRAILACNOR9,100,ON      NM,RUMO S.A.,13692,802,329312.52,consolidated_010_020
2019-10-03,RAIL3,RAIL3,23.87,24.25,23.53,24.25,24.25,5723292,23.87,24.25,23.53,24.25,1.0,24.25,23.53,0,5723292,16595,137115409.04,1,02,010,BRRAILACNOR9,100,ON      NM,RUMO S.A.,9792,531,233898.04,consolidated_010_020
2019-10-04,RAIL3,RAIL3,24.35,24.56,24.03,24.49,24.49,6416093,24.35,24.56,24.03,24.49,1.0,24.56,24.03,0,6416093,16907,156187820.39,1,02,010,BRRAILACNOR9,100,ON      NM,RUMO S.A.,9693,575,235435.39,consolidated_010_020
2019-10-07,RAIL3,RAIL3,24.4,24.47,23.7,23.89,23.89,5501834,24.4,24.47,23.7,23.89,1.0,24.47,23.7,0,5501834,19858,131837653.48,1,02,010,BRRAILACNOR9,100,ON      NM,RUMO S.A.,8734,595,210256.48,consolidated_010_020
2019-10-08,RAIL3,RAIL3,24.01,24.32,23.7,23.86,23.86,12713176,24.01,24.32,23.7,23.86,1.0,24.32,23.7,0,12713176,19358,305118719.06,1,02,010,BRRAILACNOR9,100,ON      NM,RUMO S.A.,8676,487,208100.06,consolidated_010_020
2019-10-09,RAIL3,RAIL3,24.07,24.16,23.76,23.95,23.95,2556821,24.07,24.16,23.76,23.95,1.0,24.16,23.76,0,2556821,11778,61154473.66,1,02,010,BRRAILACNOR9,100,ON      NM,RUMO S.A.,7321,410,175230.66,consolidated_010_020
2019-10-10,RAIL3,RAIL3,23.9,24.08,23.43,23.64,23.64,10566591,23.9,24.08,23.43,23.64,1.0,24.08,23.43,0,10566591,14965,251843445.02,1,02,010,BRRAILACNOR9,100,ON      NM,RUMO S.A.,13691,781,321735.02,consolidated_010_020
2019-10-11,RAIL3,RAIL3,23.72,24.3,23.72,24.17,24.17,5448917,23.72,24.3,23.72,24.17,1.0,24.3,23.72,0,5448917,20780,131300160.13,1,02,010,BRRAILACNOR9,100,ON      NM,RUMO S.A.,7017,479,168980.13,consolidated_010_020
2019-10-14,RAIL3,RAIL3,24.31,24.33,23.96,24.25,24.25,6442476,24.31,24.33,23.96,24.25,1.0,24.33,23.96,0,6442476,9586,155234521.37,1,02,010,BRRAILACNOR9,100,ON      NM,RUMO S.A.,6676,392,161306.37,consolidated_010_020
2019-10-15,RAIL3,RAIL3,24.2,24.22,23.62,23.69,23.69,9952621,24.2,24.22,23.62,23.69,1.0,24.22,23.62,0,9952621,30616,236389501.73,1,02,010,BRRAILACNOR9,100,ON      NM,RUMO S.A.,14421,973,343074.73,consolidated_010_020
2019-10-16,RAIL3,RAIL3,23.7,23.73,23.19,23.47,23.47,7410343,23.7,23.73,23.19,23.47,1.0,23.73,23.19,0,7410343,23296,173433824.9,1,02,010,BRRAILACNOR9,100,ON      NM,RUMO S.A.,10143,726,237451.9,consolidated_010_020
2019-10-17,RAIL3,RAIL3,23.52,23.62,22.81,23.1,23.1,8049738,23.52,23.62,22.81,23.1,1.0,23.62,22.81,0,8049738,24926,186389254.6,1,02,010,BRRAILACNOR9,100,ON      NM,RUMO S.A.,15138,1044,350532.6,consolidated_010_020
2019-10-18,RAIL3,RAIL3,22.98,23.29,22.55,22.98,22.98,6750356,22.98,23.29,22.55,22.98,1.0,23.29,22.55,0,6750356,19003,154268954.87,1,02,010,BRRAILACNOR9,100,ON      NM,RUMO S.A.,14956,1060,341899.87,consolidated_010_020
2019-10-21,RAIL3,RAIL3,23.07,23.27,22.86,22.98,22.98,4725516,23.07,23.27,22.86,22.98,1.0,23.27,22.86,0,4725516,16325,108906726.12,1,02,010,BRRAILACNOR9,100,ON      NM,RUMO S.A.,10216,598,235556.12,consolidated_010_020
2019-10-22,RAIL3,RAIL3,23.08,23.33,22.71,23.0,23.0,5598332,23.08,23.33,22.71,23.0,1.0,23.33,22.71,0,5598332,22273,128427938.89,1,02,010,BRRAILACNOR9,100,ON      NM,RUMO S.A.,14632,1027,336027.89,consolidated_010_020
2019-10-23,RAIL3,RAIL3,23.0,23.02,22.67,23.0,23.0,4972767,23.0,23.02,22.67,23.0,1.0,23.02,22.67,0,4972767,21807,113736898.1,1,02,010,BRRAILACNOR9,100,ON      NM,RUMO S.A.,10967,772,250297.1,consolidated_010_020
2019-10-24,RAIL3,RAIL3,23.0,23.12,21.92,22.65,22.65,12574643,23.0,23.12,21.92,22.65,1.0,23.12,21.92,0,12574643,26053,281474799.64,1,02,010,BRRAILACNOR9,100,ON      NM,RUMO S.A.,20743,1280,465090.64,consolidated_010_020
2019-10-25,RAIL3,RAIL3,22.65,23.02,22.44,22.82,22.82,10770701,22.65,23.02,22.44,22.82,1.0,23.02,22.44,0,10770701,21449,244667710.46,1,02,010,BRRAILACNOR9,100,ON      NM,RUMO S.A.,9301,725,211039.46,consolidated_010_020
2019-10-28,RAIL3,RAIL3,22.9,23.25,22.68,22.85,22.85,3975038,22.9,23.25,22.68,22.85,1.0,23.25,22.68,0,3975038,12252,91303796.42,1,02,010,BRRAILACNOR9,100,ON      NM,RUMO S.A.,12838,730,295057.42,consolidated_010_020
2019-10-29,RAIL3,RAIL3,22.84,23.21,22.71,22.92,22.92,7038277,22.84,23.21,22.71,22.92,1.0,23.21,22.71,0,7038277,16433,161854302.36,1,02,010,BRRAILACNOR9,100,ON      NM,RUMO S.A.,9277,481,213246.36,consolidated_010_020
2019-10-30,RAIL3,RAIL3,23.0,23.13,22.71,23.1,23.1,4720160,23.0,23.13,22.71,23.1,1.0,23.13,22.71,0,4720160,16781,108291083.97,1,02,010,BRRAILACNOR9,100,ON      NM,RUMO S.A.,9960,546,228238.97,consolidated_010_020
2019-10-31,RAIL3,RAIL3,22.93,23.03,22.7,22.8,22.8,3748433,22.93,23.03,22.7,22.8,1.0,23.03,22.7,0,3748433,12419,85693992.65,1,02,010,BRRAILACNOR9,100,ON      NM,RUMO S.A.,10233,577,234185.65,consolidated_010_020
2019-11-01,RAIL3,RAIL3,22.99,23.06,22.66,22.91,22.91,5706548,22.99,23.06,22.66,22.91,1.0,23.06,22.66,0,5706548,17661,130428066.79,1,02,010,BRRAILACNOR9,100,ON      NM,RUMO S.A.,15748,810,360215.79,consolidated_010_020
2019-11-04,RAIL3,RAIL3,23.1,23.2,22.66,22.78,22.78,19948214,23.1,23.2,22.66,22.78,1.0,23.2,22.66,0,19948214,14440,459796944.78,1,02,010,BRRAILACNOR9,100,ON      NM,RUMO S.A.,17514,1055,401373.78,consolidated_010_020
2019-11-05,RAIL3,RAIL3,23.2,23.2,22.6,22.97,22.97,9187513,23.2,23.2,22.6,22.97,1.0,23.2,22.6,0,9187513,28596,210282080.99,1,02,010,BRRAILACNOR9,100,ON      NM,RUMO S.A.,31013,1406,709688.99,consolidated_010_020
2019-11-06,RAIL3,RAIL3,23.1,23.77,23.08,23.56,23.56,6859182,23.1,23.77,23.08,23.56,1.0,23.77,23.08,0,6859182,23431,161685408.27,1,02,010,BRRAILACNOR9,100,ON      NM,RUMO S.A.,21982,1182,518232.27,consolidated_010_020
2019-11-07,RAIL3,RAIL3,23.62,23.99,23.58,23.78,23.78,4297029,23.62,23.99,23.58,23.78,1.0,23.99,23.58,0,4297029,15997,102403687.28,1,02,010,BRRAILACNOR9,100,ON      NM,RUMO S.A.,13729,817,327209.28,consolidated_010_020
2019-11-08,RAIL3,RAIL3,23.7,24.0,23.16,23.49,23.49,5132562,23.7,24.0,23.16,23.49,1.0,24.0,23.16,0,5132562,17327,121162059.83,1,02,010,BRRAILACNOR9,100,ON      NM,RUMO S.A.,11962,645,283480.83,consolidated_010_020
2019-11-11,RAIL3,RAIL3,23.31,23.9,23.23,23.82,23.82,3624378,23.31,23.9,23.23,23.82,1.0,23.9,23.23,0,3624378,14297,85909561.73,1,02,010,BRRAILACNOR9,100,ON      NM,RUMO S.A.,8978,484,211958.73,consolidated_010_020
2019-11-12,RAIL3,RAIL3,24.2,24.23,22.82,23.05,23.05,10552602,24.2,24.23,22.82,23.05,1.0,24.23,22.82,0,10552602,31046,244867626.82,1,02,010,BRRAILACNOR9,100,ON      NM,RUMO S.A.,21002,1228,490636.82,consolidated_010_020
2019-11-13,RAIL3,RAIL3,22.95,23.44,22.85,23.25,23.25,10744408,22.95,23.44,22.85,23.25,1.0,23.44,22.85,0,10744408,20370,249545675.45,1,02,010,BRRAILACNOR9,100,ON      NM,RUMO S.A.,11208,588,259951.45,consolidated_010_020
2019-11-14,RAIL3,RAIL3,23.35,24.02,23.05,24.02,24.02,5525077,23.35,24.02,23.05,24.02,1.0,24.02,23.05,0,5525077,15517,130945073.86,1,02,010,BRRAILACNOR9,100,ON      NM,RUMO S.A.,9977,585,234785.86,consolidated_010_020
2019-11-18,RAIL3,RAIL3,24.16,24.25,23.75,23.81,23.81,4952844,24.16,24.25,23.75,23.81,1.0,24.25,23.75,0,4952844,14325,118557242.01,1,02,010,BRRAILACNOR9,100,ON      NM,RUMO S.A.,13144,734,315154.01,consolidated_010_020
2019-11-19,RAIL3,RAIL3,23.86,24.01,23.71,23.8,23.8,4059556,23.86,24.01,23.71,23.8,1.0,24.01,23.71,0,4059556,13185,96608725.7,1,02,010,BRRAILACNOR9,100,ON      NM,RUMO S.A.,6356,427,151361.7,consolidated_010_020
2019-11-21,RAIL3,RAIL3,23.78,24.09,23.75,24.04,24.04,8055502,23.78,24.09,23.75,24.04,1.0,24.09,23.75,0,8055502,16634,192579553.98,1,02,010,BRRAILACNOR9,100,ON      NM,RUMO S.A.,10402,613,248488.98,consolidated_010_020
2019-11-22,RAIL3,RAIL3,23.94,24.19,23.91,24.19,24.19,6466477,23.94,24.19,23.91,24.19,1.0,24.19,23.91,0,6466477,13514,155703028.49,1,02,010,BRRAILACNOR9,100,ON      NM,RUMO S.A.,8777,594,210981.49,consolidated_010_020
2019-11-25,RAIL3,RAIL3,24.2,24.34,23.91,24.17,24.17,3660596,24.2,24.34,23.91,24.17,1.0,24.34,23.91,0,3660596,15346,88175220.18,1,02,010,BRRAILACNOR9,100,ON      NM,RUMO S.A.,8696,583,209761.18,consolidated_010_020
2019-11-26,RAIL3,RAIL3,23.91,24.21,23.61,24.14,24.14,7130904,23.91,24.21,23.61,24.14,1.0,24.21,23.61,0,7130904,18445,171330366.88,1,02,010,BRRAILACNOR9,100,ON      NM,RUMO S.A.,8204,405,196468.88,consolidated_010_020
2019-11-27,RAIL3,RAIL3,24.14,24.21,23.54,24.15,24.15,7266425,24.14,24.21,23.54,24.15,1.0,24.21,23.54,0,7266425,20455,173965527.44,1,02,010,BRRAILACNOR9,100,ON      NM,RUMO S.A.,8425,466,200560.44,consolidated_010_020
2019-11-28,RAIL3,RAIL3,24.17,24.28,23.91,23.91,23.91,6291702,24.17,24.28,23.91,23.91,1.0,24.28,23.91,0,6291702,17559,151296319.8,1,02,010,BRRAILACNOR9,100,ON      NM,RUMO S.A.,8102,493,194958.8,consolidated_010_020
2019-11-29,RAIL3,RAIL3,24.04,24.49,23.84,24.43,24.43,7544635,24.04,24.49,23.84,24.43,1.0,24.49,23.84,0,7544635,25263,183381118.54,1,02,010,BRRAILACNOR9,100,ON      NM,RUMO S.A.,11435,639,277089.54,consolidated_010_020
2019-12-02,RAIL3,RAIL3,24.52,25.2,24.5,25.19,25.19,8852245,24.52,25.2,24.5,25.19,1.0,25.2,24.5,0,8852245,34287,221529962.93,1,02,010,BRRAILACNOR9,100,ON      NM,RUMO S.A.,36645,1745,916011.93,consolidated_010_020
2019-12-03,RAIL3,RAIL3,25.2,25.37,25.1,25.24,25.24,7116649,25.2,25.37,25.1,25.24,1.0,25.37,25.1,0,7116649,16711,179461397.03,1,02,010,BRRAILACNOR9,100,ON      NM,RUMO S.A.,20949,1124,528631.03,consolidated_010_020
2019-12-04,RAIL3,RAIL3,25.0,25.55,24.9,25.35,25.35,5956181,25.0,25.55,24.9,25.35,1.0,25.55,24.9,0,5956181,17858,150623284.82,1,02,010,BRRAILACNOR9,100,ON      NM,RUMO S.A.,30281,1347,765044.82,consolidated_010_020
2019-12-05,RAIL3,RAIL3,25.34,25.4,25.09,25.22,25.22,7579634,25.34,25.4,25.09,25.22,1.0,25.4,25.09,0,7579634,14150,191468675.89,1,02,010,BRRAILACNOR9,100,ON      NM,RUMO S.A.,13934,754,351940.89,consolidated_010_020
2019-12-06,RAIL3,RAIL3,25.14,25.34,25.03,25.2,25.2,6336023,25.14,25.34,25.03,25.2,1.0,25.34,25.03,0,6336023,22099,159730113.9,1,02,010,BRRAILACNOR9,100,ON      NM,RUMO S.A.,13823,833,348245.9,consolidated_010_020
2019-12-09,RAIL3,RAIL3,25.25,25.43,25.11,25.2,25.2,5894155,25.25,25.43,25.11,25.2,1.0,25.43,25.11,0,5894155,17641,148902112.81,1,02,010,BRRAILACNOR9,100,ON      NM,RUMO S.A.,15255,943,385481.81,consolidated_010_020
2019-12-10,RAIL3,RAIL3,25.2,25.23,24.93,25.05,25.05,7118699,25.2,25.23,24.93,25.05,1.0,25.23,24.93,0,7118699,15263,178284844.04,1,02,010,BRRAILACNOR9,100,ON      NM,RUMO S.A.,12299,747,308074.04,consolidated_010_020
2019-12-11,RAIL3,RAIL3,25.07,25.93,24.85,25.65,25.65,8498806,25.07,25.93,24.85,25.65,1.0,25.93,24.85,0,8498806,19652,217857660.87,1,02,010,BRRAILACNOR9,100,ON      NM,RUMO S.A.,16406,937,417854.87,consolidated_010_020
2019-12-12,RAIL3,RAIL3,25.72,25.95,25.49,25.88,25.88,6209003,25.72,25.95,25.49,25.88,1.0,25.95,25.49,0,6209003,17566,159807565.14,1,02,010,BRRAILACNOR9,100,ON      NM,RUMO S.A.,13703,892,352211.14,consolidated_010_020
2019-12-13,RAIL3,RAIL3,25.96,26.03,25.33,25.41,25.41,7951409,25.96,26.03,25.33,25.41,1.0,26.03,25.33,0,7951409,22135,203730586.29,1,02,010,BRRAILACNOR9,100,ON      NM,RUMO S.A.,16509,1145,424371.29,consolidated_010_020
2019-12-16,RAIL3,RAIL3,25.55,25.67,25.32,25.37,25.37,20202589,25.55,25.67,25.32,25.37,1.0,25.67,25.32,0,20202589,24703,515905794.5,1,02,010,BRRAILACNOR9,100,ON      NM,RUMO S.A.,15389,857,392136.5,consolidated_010_020
2019-12-17,RAIL3,RAIL3,25.38,25.48,24.99,25.26,25.26,6019944,25.38,25.48,24.99,25.26,1.0,25.48,24.99,0,6019944,24730,151780201.41,1,02,010,BRRAILACNOR9,100,ON      NM,RUMO S.A.,12044,723,303697.41,consolidated_010_020
2019-12-18,RAIL3,RAIL3,25.2,25.35,24.53,25.26,25.26,11754080,25.2,25.35,24.53,25.26,1.0,25.35,24.53,0,11754080,33203,294440586.03,1,02,010,BRRAILACNOR9,100,ON      NM,RUMO S.A.,18980,1255,474045.03,consolidated_010_020
2019-12-19,RAIL3,RAIL3,25.26,25.57,25.02,25.48,25.48,5652826,25.26,25.57,25.02,25.48,1.0,25.57,25.02,0,5652826,15377,143554473.37,1,02,010,BRRAILACNOR9,100,ON      NM,RUMO S.A.,12426,698,314620.37,consolidated_010_020
2019-12-20,RAIL3,RAIL3,25.48,25.67,24.95,25.67,25.67,7941745,25.48,25.67,24.95,25.67,1.0,25.67,24.95,0,7941745,17050,202215520.81,1,02,010,BRRAILACNOR9,100,ON      NM,RUMO S.A.,14045,929,354542.81,consolidated_010_020
2019-12-23,RAIL3,RAIL3,25.66,25.99,25.52,25.94,25.94,3373329,25.66,25.99,25.52,25.94,1.0,25.99,25.52,0,3373329,12035,87100107.44,1,02,010,BRRAILACNOR9,101,ON  ATZ NM,RUMO S.A.,12929,704,333415.44,consolidated_010_020
2019-12-26,RAIL3,RAIL3,25.95,26.76,25.82,26.6,26.6,3278707,25.95,26.76,25.82,26.6,1.0,26.76,25.82,0,3278707,14030,86633127.29,1,02,010,BRRAILACNOR9,101,ON  ATZ NM,RUMO S.A.,13807,848,362793.29,consolidated_010_020
2019-12-27,RAIL3,RAIL3,26.73,26.87,26.27,26.87,26.87,4200069,26.73,26.87,26.27,26.87,1.0,26.87,26.27,0,4200069,12236,111652379.1,1,02,010,BRRAILACNOR9,101,ON  ATZ NM,RUMO S.A.,12569,721,333017.1,consolidated_010_020
2019-12-30,RAIL3,RAIL3,26.87,26.89,26.1,26.1,26.1,5836168,26.87,26.89,26.1,26.1,1.0,26.89,26.1,0,5836168,16662,153547561.8,1,02,010,BRRAILACNOR9,101,ON  ATZ NM,RUMO S.A.,15868,1132,419488.8,consolidated_010_020
2020-01-02,RAIL3,RAIL3,26.32,26.59,26.14,26.4,26.4,20943060,26.32,26.59,26.14,26.4,1.0,26.59,26.14,0,20943060,18365,549826701.77,1,02,010,BRRAILACNOR9,101,ON  ATZ NM,RUMO S.A.,18660,1017,491711.77,consolidated_010_020
2020-01-03,RAIL3,RAIL3,26.1,26.3,25.63,25.63,25.63,12529836,26.1,26.3,25.63,25.63,1.0,26.3,25.63,0,12529836,26967,324352803.21,1,02,010,BRRAILACNOR9,101,ON  ATZ NM,RUMO S.A.,26036,1579,677825.21,consolidated_010_020
2020-01-06,RAIL3,RAIL3,25.6,25.6,24.33,24.9,24.9,20933536,25.6,25.6,24.33,24.9,1.0,25.6,24.33,0,20933536,44304,517544504.69,1,02,010,BRRAILACNOR9,101,ON  ATZ NM,RUMO S.A.,61336,3482,1526869.69,consolidated_010_020
2020-01-07,RAIL3,RAIL3,24.93,25.39,24.6,25.27,25.27,10428642,24.93,25.39,24.6,25.27,1.0,25.39,24.6,0,10428642,27742,261538980.24,1,02,010,BRRAILACNOR9,101,ON  ATZ NM,RUMO S.A.,25542,1283,638546.24,consolidated_010_020
2020-01-08,RAIL3,RAIL3,25.09,25.7,24.9,25.6,25.6,24729480,25.09,25.7,24.9,25.6,1.0,25.7,24.9,0,24729480,22801,623495738.69,1,02,010,BRRAILACNOR9,101,ON      NM,RUMO S.A.,19780,1002,501064.69,consolidated_010_020
2020-01-09,RAIL3,RAIL3,25.6,25.93,25.41,25.93,25.93,6484887,25.6,25.93,25.41,25.93,1.0,25.93,25.41,0,6484887,22696,166907557.5,1,02,010,BRRAILACNOR9,101,ON      NM,RUMO S.A.,17087,885,439159.5,consolidated_010_020
2020-01-10,RAIL3,RAIL3,25.97,26.27,25.46,25.67,25.67,7006189,25.97,26.27,25.46,25.67,1.0,26.27,25.46,0,7006189,18622,181437637.17,1,02,010,BRRAILACNOR9,101,ON      NM,RUMO S.A.,15689,960,407334.17,consolidated_010_020
2020-01-13,RAIL3,RAIL3,25.78,25.98,25.31,25.95,25.95,5144492,25.78,25.98,25.31,25.95,1.0,25.98,25.31,0,5144492,14725,132650768.53,1,02,010,BRRAILACNOR9,101,ON      NM,RUMO S.A.,13892,748,357713.53,consolidated_010_020
2020-01-14,RAIL3,RAIL3,25.85,26.09,25.62,25.8,25.8,3868653,25.85,26.09,25.62,25.8,1.0,26.09,25.62,0,3868653,13116,100041631.65,1,02,010,BRRAILACNOR9,101,ON      NM,RUMO S.A.,11753,639,303754.65,consolidated_010_020
2020-01-15,RAIL3,RAIL3,25.61,25.63,24.96,24.97,24.97,10100477,25.61,25.63,24.96,24.97,1.0,25.63,24.96,0,10100477,26612,253603599.23,1,02,010,BRRAILACNOR9,101,ON      NM,RUMO S.A.,22977,1452,578752.23,consolidated_010_020
2020-01-16,RAIL3,RAIL3,24.65,24.8,23.88,24.34,24.34,16526122,24.65,24.8,23.88,24.34,1.0,24.8,23.88,0,16526122,46248,403102524.82,1,02,010,BRRAILACNOR9,101,ON      NM,RUMO S.A.,32522,2137,793474.82,consolidated_010_020
2020-01-17,RAIL3,RAIL3,24.49,24.8,24.16,24.3,24.3,8483492,24.49,24.8,24.16,24.3,1.0,24.8,24.16,0,8483492,21325,207092872.23,1,02,010,BRRAILACNOR9,101,ON      NM,RUMO S.A.,19192,1208,470880.23,consolidated_010_020
2020-01-20,RAIL3,RAIL3,24.3,24.69,24.3,24.69,24.69,4710263,24.3,24.69,24.3,24.69,1.0,24.69,24.3,0,4710263,12244,115179915.18,1,02,010,BRRAILACNOR9,101,ON      NM,RUMO S.A.,13463,800,328853.18,consolidated_010_020
2020-01-21,RAIL3,RAIL3,24.49,24.72,24.11,24.23,24.23,6317075,24.49,24.72,24.11,24.23,1.0,24.72,24.11,0,6317075,27896,153543364.71,1,02,010,BRRAILACNOR9,101,ON      NM,RUMO S.A.,17775,1279,432926.71,consolidated_010_020
2020-01-22,RAIL3,RAIL3,24.4,24.55,23.93,24.32,24.32,3749306,24.4,24.55,23.93,24.32,1.0,24.55,23.93,0,3749306,13346,90743187.59,1,02,010,BRRAILACNOR9,101,ON      NM,RUMO S.A.,14706,891,356134.59,consolidated_010_020
2020-01-23,RAIL3,RAIL3,24.1,24.79,23.7,24.79,24.79,11131863,24.1,24.79,23.7,24.79,1.0,24.79,23.7,0,11131863,18931,268101027.54,1,02,010,BRRAILACNOR9,101,ON      NM,RUMO S.A.,16663,1066,403356.54,consolidated_010_020
2020-01-24,RAIL3,RAIL3,24.79,24.85,24.31,24.33,24.33,4924817,24.79,24.85,24.31,24.33,1.0,24.85,24.31,0,4924817,17631,120569465.85,1,02,010,BRRAILACNOR9,101,ON      NM,RUMO S.A.,14617,855,358455.85,consolidated_010_020
2020-01-27,RAIL3,RAIL3,23.95,24.1,23.7,23.9,23.9,8047215,23.95,24.1,23.7,23.9,1.0,24.1,23.7,0,8047215,23237,192107097.91,1,02,010,BRRAILACNOR9,101,ON      NM,RUMO S.A.,14415,878,344145.91,consolidated_010_020
2020-01-28,RAIL3,RAIL3,24.07,24.23,23.81,23.9,23.9,4759589,24.07,24.23,23.81,23.9,1.0,24.23,23.81,0,4759589,15907,114037611.02,1,02,010,BRRAILACNOR9,101,ON      NM,RUMO S.A.,9889,597,236978.02,consolidated_010_020
2020-01-29,RAIL3,RAIL3,24.0,24.04,23.45,23.65,23.65,5567260,24.0,24.04,23.45,23.65,1.0,24.04,23.45,0,5567260,21995,132053175.05,1,02,010,BRRAILACNOR9,101,ON      NM,RUMO S.A.,12360,836,292600.05,consolidated_010_020
2020-01-30,RAIL3,RAIL3,23.5,23.5,22.95,23.22,23.22,8683605,23.5,23.5,22.95,23.22,1.0,23.5,22.95,0,8683605,25048,201304481.28,1,02,010,BRRAILACNOR9,101,ON      NM,RUMO S.A.,12805,851,296708.28,consolidated_010_020
2020-01-31,RAIL3,RAIL3,23.22,23.22,22.7,23.2,23.2,9578962,23.22,23.22,22.7,23.2,1.0,23.22,22.7,0,9578962,28969,220203877.95,1,02,010,BRRAILACNOR9,101,ON      NM,RUMO S.A.,12862,849,294951.95,consolidated_010_020
2020-02-03,RAIL3,RAIL3,23.2,23.4,22.88,23.26,23.26,5829785,23.2,23.4,22.88,23.26,1.0,23.4,22.88,0,5829785,22200,135190725.91,1,02,010,BRRAILACNOR9,101,ON      NM,RUMO S.A.,17585,2034,407593.91,consolidated_010_020
2020-02-04,RAIL3,RAIL3,23.45,24.03,23.41,23.73,23.73,7678366,23.45,24.03,23.41,23.73,1.0,24.03,23.41,0,7678366,29776,182755704.77,1,02,010,BRRAILACNOR9,101,ON      NM,RUMO S.A.,13466,831,320150.77,consolidated_010_020
2020-02-05,RAIL3,RAIL3,24.0,24.27,23.66,23.7,23.7,8963893,24.0,24.27,23.66,23.7,1.0,24.27,23.66,0,8963893,20172,213403466.94,1,02,010,BRRAILACNOR9,101,ON      NM,RUMO S.A.,14293,877,341980.94,consolidated_010_020
2020-02-06,RAIL3,RAIL3,23.93,24.19,23.53,23.56,23.56,3710044,23.93,24.19,23.53,23.56,1.0,24.19,23.53,0,3710044,16164,88410614.67,1,02,010,BRRAILACNOR9,101,ON      NM,RUMO S.A.,12444,800,297043.67,consolidated_010_020
2020-02-07,RAIL3,RAIL3,23.55,23.71,23.03,23.2,23.2,3244061,23.55,23.71,23.03,23.2,1.0,23.71,23.03,0,3244061,12670,75528334.65,1,02,010,BRRAILACNOR9,101,ON      NM,RUMO S.A.,9561,945,222795.65,consolidated_010_020
2020-02-10,RAIL3,RAIL3,23.18,23.18,22.46,22.7,22.7,4984738,23.18,23.18,22.46,22.7,1.0,23.18,22.46,0,4984738,17608,113113275.06,1,02,010,BRRAILACNOR9,101,ON      NM,RUMO S.A.,14038,901,319623.06,consolidated_010_020
2020-02-11,RAIL3,RAIL3,22.8,23.87,22.69,23.75,23.75,7326827,22.8,23.87,22.69,23.75,1.0,23.87,22.69,0,7326827,27775,172662835.62,1,02,010,BRRAILACNOR9,101,ON      NM,RUMO S.A.,14327,767,334799.62,consolidated_010_020
2020-02-12,RAIL3,RAIL3,23.75,24.45,23.33,24.44,24.44,9035412,23.75,24.45,23.33,24.44,1.0,24.45,23.33,0,9035412,24473,217025196.97,1,02,010,BRRAILACNOR9,101,ON      NM,RUMO S.A.,14412,778,343845.97,consolidated_010_020
2020-02-13,RAIL3,RAIL3,24.3,24.3,23.69,23.8,23.8,6039373,24.3,24.3,23.69,23.8,1.0,24.3,23.69,0,6039373,18581,143950208.63,1,02,010,BRRAILACNOR9,101,ON      NM,RUMO S.A.,12573,679,300492.63,consolidated_010_020
2020-02-14,RAIL3,RAIL3,23.94,23.94,22.57,23.02,23.02,13216694,23.94,23.94,22.57,23.02,1.0,23.94,22.57,0,13216694,28031,302453950.61,1,02,010,BRRAILACNOR9,101,ON      NM,RUMO S.A.,32394,1902,741764.61,consolidated_010_020
2020-02-17,RAIL3,RAIL3,23.04,23.1,22.64,22.72,22.72,4025321,23.04,23.1,22.64,22.72,1.0,23.1,22.64,0,4025321,12335,91777741.67,1,02,010,BRRAILACNOR9,101,ON      NM,RUMO S.A.,11121,777,253984.67,consolidated_010_020
2020-02-18,RAIL3,RAIL3,22.55,23.19,22.13,23.19,23.19,6461963,22.55,23.19,22.13,23.19,1.0,23.19,22.13,0,6461963,27278,147013302.63,1,02,010,BRRAILACNOR9,101,ON      NM,RUMO S.A.,11863,615,268539.63,consolidated_010_020
2020-02-19,RAIL3,RAIL3,22.97,24.07,22.91,24.07,24.07,9220048,22.97,24.07,22.91,24.07,1.0,24.07,22.91,0,9220048,20319,215026767.78,1,02,010,BRRAILACNOR9,101,ON      NM,RUMO S.A.,14048,722,328231.78,consolidated_010_020
2020-02-20,RAIL3,RAIL3,23.89,24.32,23.61,24.13,24.13,7282864,23.89,24.32,23.61,24.13,1.0,24.32,23.61,0,7282864,26941,174993920.85,1,02,010,BRRAILACNOR9,101,ON      NM,RUMO S.A.,13164,625,315853.85,consolidated_010_020
2020-02-21,RAIL3,RAIL3,23.78,23.89,23.11,23.89,23.89,7455902,23.78,23.89,23.11,23.89,1.0,23.89,23.11,0,7455902,20609,174993087.89,1,02,010,BRRAILACNOR9,101,ON      NM,RUMO S.A.,10702,757,250582.89,consolidated_010_020
2020-02-26,RAIL3,RAIL3,22.6,23.59,21.98,21.98,21.98,11495741,22.6,23.59,21.98,21.98,1.0,23.59,21.98,0,11495741,34547,256282278.41,1,02,010,BRRAILACNOR9,101,ON      NM,RUMO S.A.,16441,853,368404.41,consolidated_010_020
2020-02-27,RAIL3,RAIL3,21.66,21.76,20.93,21.36,21.36,16008890,21.66,21.76,20.93,21.36,1.0,21.76,20.93,0,16008890,38074,341001104.35,1,02,010,BRRAILACNOR9,101,ON      NM,RUMO S.A.,18790,1095,401009.35,consolidated_010_020
2020-02-28,RAIL3,RAIL3,21.36,21.5,20.65,21.12,21.12,16800542,21.36,21.5,20.65,21.12,1.0,21.5,20.65,0,16800542,47860,354153297.93,1,02,010,BRRAILACNOR9,101,ON      NM,RUMO S.A.,18342,841,386800.93,consolidated_010_020
2020-03-02,RAIL3,RAIL3,21.12,21.77,20.79,21.71,21.71,9442533,21.12,21.77,20.79,21.71,1.0,21.77,20.79,0,9442533,30274,201341138.1,1,02,010,BRRAILACNOR9,101,ON      NM,RUMO S.A.,18233,841,386400.1,consolidated_010_020
2020-03-03,RAIL3,RAIL3,21.6,22.41,20.92,21.03,21.03,14367655,21.6,22.41,20.92,21.03,1.0,22.41,20.92,0,14367655,37755,308835714.62,1,02,010,BRRAILACNOR9,101,ON      NM,RUMO S.A.,19055,818,409946.62,consolidated_010_020
2020-03-04,RAIL3,RAIL3,21.59,21.68,21.0,21.29,21.29,12492931,21.59,21.68,21.0,21.29,1.0,21.68,21.0,0,12492931,25175,266516112.63,1,02,010,BRRAILACNOR9,101,ON      NM,RUMO S.A.,10631,454,227007.63,consolidated_010_020
2020-03-05,RAIL3,RAIL3,20.98,21.67,20.61,20.9,20.9,16654454,20.98,21.67,20.61,20.9,1.0,21.67,20.61,0,16654454,30993,352589208.1,1,02,010,BRRAILACNOR9,101,ON      NM,RUMO S.A.,13054,567,276998.1,consolidated_010_020
2020-03-06,RAIL3,RAIL3,19.72,19.99,18.88,19.3,19.3,24528518,19.72,19.99,18.88,19.3,1.0,19.99,18.88,0,24528518,58933,472572333.34,1,02,010,BRRAILACNOR9,101,ON      NM,RUMO S.A.,25118,1314,485745.34,consolidated_010_020
2020-03-09,RAIL3,RAIL3,17.1,17.99,16.5,17.35,17.35,30153359,17.1,17.99,16.5,17.35,1.0,17.99,16.5,0,30153359,70434,524838638.33,1,02,010,BRRAILACNOR9,101,ON      NM,RUMO S.A.,27559,1215,479994.33,consolidated_010_020
2020-03-10,RAIL3,RAIL3,18.35,18.84,17.82,18.55,18.55,35889767,18.35,18.84,17.82,18.55,1.0,18.84,17.82,0,35889767,53037,654681110.6,1,02,010,BRRAILACNOR9,101,ON      NM,RUMO S.A.,20767,830,379083.6,consolidated_010_020
2020-03-11,RAIL3,RAIL3,17.85,18.1,15.19,17.12,17.12,14656428,17.85,18.1,15.19,17.12,1.0,18.1,15.19,0,14656428,46409,246868323.9,1,02,010,BRRAILACNOR9,101,ON      NM,RUMO S.A.,26228,1099,440076.9,consolidated_010_020
2020-03-12,RAIL3,RAIL3,14.25,15.02,13.5,14.29,14.29,15819725,14.25,15.02,13.5,14.29,1.0,15.02,13.5,0,15819725,29033,226210047.13,1,02,010,BRRAILACNOR9,101,ON      NM,RUMO S.A.,19325,1023,278277.13,consolidated_010_020
2020-03-13,RAIL3,RAIL3,16.01,17.45,13.86,17.45,17.45,18845235,16.01,17.45,13.86,17.45,1.0,17.45,13.86,0,18845235,59213,300602861.79,1,02,010,BRRAILACNOR9,101,ON      NM,RUMO S.A.,29535,886,464565.79,consolidated_010_020
2020-03-16,RAIL3,RAIL3,14.33,15.13,13.8,14.56,14.56,18311719,14.33,15.13,13.8,14.56,1.0,15.13,13.8,0,18311719,54991,264939072.03,1,02,010,BRRAILACNOR9,101,ON      NM,RUMO S.A.,29219,1298,422801.03,consolidated_010_020
2020-03-17,RAIL3,RAIL3,14.81,17.3,13.63,16.6,16.6,36590098,14.81,17.3,13.63,16.6,1.0,17.3,13.63,0,36590098,48424,583082576.53,1,02,010,BRRAILACNOR9,101,ON      NM,RUMO S.A.,22898,786,348731.53,consolidated_010_020
2020-03-18,RAIL3,RAIL3,14.89,15.97,14.6,15.32,15.32,36806746,14.89,15.97,14.6,15.32,1.0,15.97,14.6,0,36806746,62541,554110562.9,1,02,010,BRRAILACNOR9,101,ON      NM,RUMO S.A.,20746,710,312834.9,consolidated_010_020
2020-03-19,RAIL3,RAIL3,15.0,19.2,14.34,18.0,18.0,33240731,15.0,19.2,14.34,18.0,1.0,19.2,14.34,0,33240731,74533,563408265.16,1,02,010,BRRAILACNOR9,101,ON      NM,RUMO S.A.,34131,1012,576281.16,consolidated_010_020
2020-03-20,RAIL3,RAIL3,18.79,19.14,17.2,18.41,18.41,18733692,18.79,19.14,17.2,18.41,1.0,19.14,17.2,0,18733692,50329,341578612.12,1,02,010,BRRAILACNOR9,101,ON      NM,RUMO S.A.,21692,841,394925.12,consolidated_010_020
2020-03-23,RAIL3,RAIL3,18.2,18.69,16.8,17.6,17.6,15038637,18.2,18.69,16.8,17.6,1.0,18.69,16.8,0,15038637,46928,261100033.34,1,02,010,BRRAILACNOR9,101,ON      NM,RUMO S.A.,17637,604,307529.34,consolidated_010_020
2020-03-24,RAIL3,RAIL3,18.99,19.7,18.72,19.01,19.01,14077310,18.99,19.7,18.72,19.01,1.0,19.7,18.72,0,14077310,40320,271639569.82,1,02,010,BRRAILACNOR9,101,ON      NM,RUMO S.A.,16210,640,311249.82,consolidated_010_020
2020-03-25,RAIL3,RAIL3,18.5,20.05,18.4,19.55,19.55,16900548,18.5,20.05,18.4,19.55,1.0,20.05,18.4,0,16900548,52359,329103040.81,1,02,010,BRRAILACNOR9,101,ON      NM,RUMO S.A.,12448,515,242027.81,consolidated_010_020
2020-03-26,RAIL3,RAIL3,19.46,21.4,19.34,21.03,21.03,15376420,19.46,21.4,19.34,21.03,1.0,21.4,19.34,0,15376420,48569,320497103.21,1,02,010,BRRAILACNOR9,101,ON      NM,RUMO S.A.,14120,645,294050.21,consolidated_010_020
2020-03-27,RAIL3,RAIL3,20.01,20.42,19.0,19.15,19.15,14117292,20.01,20.42,19.0,19.15,1.0,20.42,19.0,0,14117292,27602,279481247.99,1,02,010,BRRAILACNOR9,101,ON      NM,RUMO S.A.,11092,608,220882.99,consolidated_010_020
2020-03-30,RAIL3,RAIL3,19.19,20.02,18.95,19.8,19.8,15936753,19.19,20.02,18.95,19.8,1.0,20.02,18.95,0,15936753,20658,311205525.86,1,02,010,BRRAILACNOR9,101,ON      NM,RUMO S.A.,11053,410,215850.86,consolidated_010_020
2020-03-31,RAIL3,RAIL3,19.62,20.7,19.27,19.65,19.65,11011332,19.62,20.7,19.27,19.65,1.0,20.7,19.27,0,11011332,28445,218730898.67,1,02,010,BRRAILACNOR9,101,ON      NM,RUMO S.A.,10432,466,208379.67,consolidated_010_020
2020-04-01,RAIL3,RAIL3,18.68,19.9,18.46,19.56,19.56,11086525,18.68,19.9,18.46,19.56,1.0,19.9,18.46,0,11086525,30052,215955992.04,1,02,010,BRRAILACNOR9,101,ON      NM,RUMO S.A.,14525,609,282478.04,consolidated_010_020
2020-04-02,RAIL3,RAIL3,20.0,20.64,19.49,20.34,20.34,10726231,20.0,20.64,19.49,20.34,1.0,20.64,19.49,0,10726231,41387,213960811.36,1,02,010,BRRAILACNOR9,101,ON      NM,RUMO S.A.,10831,418,216489.36,consolidated_010_020
2020-04-03,RAIL3,RAIL3,20.32,20.64,19.4,20.64,20.64,9450518,20.32,20.64,19.4,20.64,1.0,20.64,19.4,0,9450518,28018,189549655.08,1,02,010,BRRAILACNOR9,101,ON      NM,RUMO S.A.,9918,435,198420.08,consolidated_010_020
2020-04-06,RAIL3,RAIL3,21.21,21.72,20.48,20.76,20.76,13009226,21.21,21.72,20.48,20.76,1.0,21.72,20.48,0,13009226,31984,274258124.84,1,02,010,BRRAILACNOR9,101,ON      NM,RUMO S.A.,17026,703,358974.84,consolidated_010_020
2020-04-07,RAIL3,RAIL3,21.87,21.89,19.02,19.61,19.61,15148035,21.87,21.89,19.02,19.61,1.0,21.89,19.02,0,15148035,44654,305009645.13,1,02,010,BRRAILACNOR9,101,ON      NM,RUMO S.A.,30435,1622,614438.13,consolidated_010_020
2020-04-08,RAIL3,RAIL3,19.5,20.14,18.85,19.38,19.38,13496565,19.5,20.14,18.85,19.38,1.0,20.14,18.85,0,13496565,38150,260798798.1,1,02,010,BRRAILACNOR9,101,ON      NM,RUMO S.A.,23665,1124,457555.1,consolidated_010_020
2020-04-09,RAIL3,RAIL3,19.4,20.0,19.1,19.47,19.47,9082515,19.4,20.0,19.1,19.47,1.0,20.0,19.1,0,9082515,29221,178059097.58,1,02,010,BRRAILACNOR9,101,ON      NM,RUMO S.A.,12715,572,249362.58,consolidated_010_020
2020-04-13,RAIL3,RAIL3,19.24,20.25,19.01,19.86,19.86,6986665,19.24,20.25,19.01,19.86,1.0,20.25,19.01,0,6986665,20420,137995412.51,1,02,010,BRRAILACNOR9,101,ON      NM,RUMO S.A.,12365,496,244529.51,consolidated_010_020
2020-04-14,RAIL3,RAIL3,20.14,20.62,19.92,20.09,20.09,10507273,20.14,20.62,19.92,20.09,1.0,20.62,19.92,0,10507273,43977,212697755.64,1,02,010,BRRAILACNOR9,101,ON      NM,RUMO S.A.,11973,568,242407.64,consolidated_010_020
2020-04-15,RAIL3,RAIL3,19.84,20.1,19.22,19.95,19.95,9652752,19.84,20.1,19.22,19.95,1.0,20.1,19.22,0,9652752,27224,191186757.75,1,02,010,BRRAILACNOR9,101,ON      NM,RUMO S.A.,12052,647,238178.75,consolidated_010_020
2020-04-16,RAIL3,RAIL3,20.01,20.19,19.02,19.35,19.35,8364406,20.01,20.19,19.02,19.35,1.0,20.19,19.02,0,8364406,36742,162246935.22,1,02,010,BRRAILACNOR9,101,ON      NM,RUMO S.A.,16106,867,312282.22,consolidated_010_020
2020-04-17,RAIL3,RAIL3,19.68,20.68,19.48,20.24,20.24,10200033,19.68,20.68,19.48,20.24,1.0,20.68,19.48,0,10200033,25351,205205391.15,1,02,010,BRRAILACNOR9,101,ON      NM,RUMO S.A.,15033,665,302536.15,consolidated_010_020
2020-04-20,RAIL3,RAIL3,19.55,20.92,19.54,20.04,20.04,7718215,19.55,20.92,19.54,20.04,1.0,20.92,19.54,0,7718215,24612,156136643.37,1,02,010,BRRAILACNOR9,101,ON      NM,RUMO S.A.,13215,616,269155.37,consolidated_010_020
2020-04-22,RAIL3,RAIL3,20.14,20.78,20.06,20.77,20.77,10078950,20.14,20.78,20.06,20.77,1.0,20.78,20.06,0,10078950,28661,205935153.39,1,02,010,BRRAILACNOR9,101,ON      NM,RUMO S.A.,9750,439,199039.39,consolidated_010_020
2020-04-23,RAIL3,RAIL3,20.75,21.26,20.16,20.98,20.98,9929827,20.75,21.26,20.16,20.98,1.0,21.26,20.16,0,9929827,36477,207551218.32,1,02,010,BRRAILACNOR9,101,ON      NM,RUMO S.A.,10727,536,224074.32,consolidated_010_020
2020-04-24,RAIL3,RAIL3,20.34,20.6,18.68,20.55,20.55,15672355,20.34,20.6,18.68,20.55,1.0,20.6,18.68,0,15672355,51285,308497418.44,1,02,010,BRRAILACNOR9,101,ON      NM,RUMO S.A.,22555,954,441857.44,consolidated_010_020
2020-04-27,RAIL3,RAIL3,20.85,21.3,19.81,20.67,20.67,10017892,20.85,21.3,19.81,20.67,1.0,21.3,19.81,0,10017892,30408,204779416.39,1,02,010,BRRAILACNOR9,101,ON      NM,RUMO S.A.,15392,788,313941.39,consolidated_010_020
2020-04-28,RAIL3,RAIL3,21.21,21.24,20.18,20.2,20.2,8278869,21.21,21.24,20.18,20.2,1.0,21.24,20.18,0,8278869,24880,170408007.08,1,02,010,BRRAILACNOR9,101,ON      NM,RUMO S.A.,13669,654,282106.08,consolidated_010_020
2020-04-29,RAIL3,RAIL3,20.57,20.57,19.34,19.76,19.76,13595232,20.57,20.57,19.34,19.76,1.0,20.57,19.34,0,13595232,43230,268163271.37,1,02,010,BRRAILACNOR9,101,ON      NM,RUMO S.A.,29732,1691,586313.37,consolidated_010_020
2020-04-30,RAIL3,RAIL3,19.39,20.11,19.35,19.79,19.79,9139288,19.39,20.11,19.35,19.79,1.0,20.11,19.35,0,9139288,22169,180492326.49,1,02,010,BRRAILACNOR9,101,ON      NM,RUMO S.A.,14488,734,286068.49,consolidated_010_020
2020-05-04,RAIL3,RAIL3,18.96,19.75,18.77,19.7,19.7,6519949,18.96,19.75,18.77,19.7,1.0,19.75,18.77,0,6519949,22677,125553949.07,1,02,010,BRRAILACNOR9,101,ON      NM,RUMO S.A.,17549,989,336260.07,consolidated_010_020
2020-05-05,RAIL3,RAIL3,19.75,19.9,19.48,19.65,19.65,6095719,19.75,19.9,19.48,19.65,1.0,19.9,19.48,0,6095719,19207,120064740.85,1,02,010,BRRAILACNOR9,101,ON      NM,RUMO S.A.,13119,689,258544.85,consolidated_010_020
2020-05-06,RAIL3,RAIL3,19.65,20.3,19.45,20.14,20.14,7754769,19.65,20.3,19.45,20.14,1.0,20.3,19.45,0,7754769,21545,154756680.32,1,02,010,BRRAILACNOR9,101,ON      NM,RUMO S.A.,12869,672,256879.32,consolidated_010_020
2020-05-07,RAIL3,RAIL3,20.14,20.65,19.5,19.65,19.65,16046200,20.14,20.65,19.5,19.65,1.0,20.65,19.5,0,16046200,40398,321070783.04,1,02,010,BRRAILACNOR9,101,ON      NM,RUMO S.A.,14200,637,285075.04,consolidated_010_020
2020-05-08,RAIL3,RAIL3,20.1,20.5,19.87,20.3,20.3,7643642,20.1,20.5,19.87,20.3,1.0,20.5,19.87,0,7643642,18404,154484057.58,1,02,010,BRRAILACNOR9,101,ON      NM,RUMO S.A.,11642,539,235270.58,consolidated_010_020
2020-05-11,RAIL3,RAIL3,19.77,20.52,19.77,19.97,19.97,4197796,19.77,20.52,19.77,19.97,1.0,20.52,19.77,0,4197796,13877,84322617.59,1,02,010,BRRAILACNOR9,101,ON      NM,RUMO S.A.,9996,449,201385.59,consolidated_010_020
2020-05-12,RAIL3,RAIL3,20.16,20.31,19.52,19.52,19.52,4541451,20.16,20.31,19.52,19.52,1.0,20.31,19.52,0,4541451,16702,90232542.59,1,02,010,BRRAILACNOR9,101,ON      NM,RUMO S.A.,6951,368,138643.59,consolidated_010_020
2020-05-13,RAIL3,RAIL3,19.95,20.0,19.32,19.6,19.6,5589037,19.95,20.0,19.32,19.6,1.0,20.0,19.32,0,5589037,20140,109888243.7,1,02,010,BRRAILACNOR9,101,ON      NM,RUMO S.A.,6837,333,134373.7,consolidated_010_020
2020-05-14,RAIL3,RAIL3,19.35,20.75,19.13,20.54,20.54,10846750,19.35,20.75,19.13,20.54,1.0,20.75,19.13,0,10846750,23601,217162489.56,1,02,010,BRRAILACNOR9,101,ON      NM,RUMO S.A.,11850,771,235830.56,consolidated_010_020
2020-05-15,RAIL3,RAIL3,20.13,20.54,19.38,19.66,19.66,9426829,20.13,20.54,19.38,19.66,1.0,20.54,19.38,0,9426829,22517,186292443.62,1,02,010,BRRAILACNOR9,101,ON      NM,RUMO S.A.,15729,804,310882.62,consolidated_010_020
2020-05-18,RAIL3,RAIL3,20.16,20.99,20.0,20.84,20.84,8154737,20.16,20.99,20.0,20.84,1.0,20.99,20.0,0,8154737,30636,168532456.38,1,02,010,BRRAILACNOR9,101,ON      NM,RUMO S.A.,13937,654,287127.38,consolidated_010_020
2020-05-19,RAIL3,RAIL3,20.85,20.92,20.12,20.12,20.12,4940885,20.85,20.92,20.12,20.12,1.0,20.92,20.12,0,4940885,16698,101249595.47,1,02,010,BRRAILACNOR9,101,ON      NM,RUMO S.A.,8685,420,178453.47,consolidated_010_020
2020-05-20,RAIL3,RAIL3,20.29,20.78,20.08,20.33,20.33,5480095,20.29,20.78,20.08,20.33,1.0,20.78,20.08,0,5480095,17209,111858006.09,1,02,010,BRRAILACNOR9,101,ON      NM,RUMO S.A.,6895,330,140638.09,consolidated_010_020
2020-05-21,RAIL3,RAIL3,20.65,20.96,20.51,20.61,20.61,5459896,20.65,20.96,20.51,20.61,1.0,20.96,20.51,0,5459896,19399,112898928.48,1,02,010,BRRAILACNOR9,101,ON      NM,RUMO S.A.,9796,479,202740.48,consolidated_010_020
2020-05-22,RAIL3,RAIL3,20.68,21.45,20.5,20.89,20.89,7793408,20.68,21.45,20.5,20.89,1.0,21.45,20.5,0,7793408,20453,163990764.11,1,02,010,BRRAILACNOR9,101,ON      NM,RUMO S.A.,21108,1071,443503.11,consolidated_010_020
2020-05-25,RAIL3,RAIL3,21.5,21.63,20.91,21.3,21.3,6659649,21.5,21.63,20.91,21.3,1.0,21.63,20.91,0,6659649,21199,141281181.59,1,02,010,BRRAILACNOR9,101,ON      NM,RUMO S.A.,18049,827,383161.59,consolidated_010_020
2020-05-26,RAIL3,RAIL3,21.61,22.58,21.36,21.41,21.41,9556703,21.61,22.58,21.36,21.41,1.0,22.58,21.36,0,9556703,36581,208114454.16,1,02,010,BRRAILACNOR9,101,ON      NM,RUMO S.A.,30903,1333,678627.16,consolidated_010_020
2020-05-27,RAIL3,RAIL3,21.9,23.66,21.73,23.45,23.45,13560101,21.9,23.66,21.73,23.45,1.0,23.66,21.73,0,13560101,32951,307103404.32,1,02,010,BRRAILACNOR9,101,ON      NM,RUMO S.A.,27901,1349,630644.32,consolidated_010_020
2020-05-28,RAIL3,RAIL3,22.6,23.58,22.4,23.17,23.17,11804672,22.6,23.58,22.4,23.17,1.0,23.58,22.4,0,11804672,38494,271792449.24,1,02,010,BRRAILACNOR9,101,ON      NM,RUMO S.A.,27172,1276,623120.24,consolidated_010_020
2020-05-29,RAIL3,RAIL3,23.0,23.0,21.9,22.53,22.53,19813562,23.0,23.0,21.9,22.53,1.0,23.0,21.9,0,19813562,44986,442092481.39,1,02,010,BRRAILACNOR9,101,ON      NM,RUMO S.A.,23762,1303,529446.39,consolidated_010_020
2020-06-01,RAIL3,RAIL3,22.48,22.76,22.04,22.62,22.62,7726196,22.48,22.76,22.04,22.62,1.0,22.76,22.04,0,7726196,22964,173938813.38,1,02,010,BRRAILACNOR9,101,ON      NM,RUMO S.A.,39496,2082,887115.38,consolidated_010_020
2020-06-02,RAIL3,RAIL3,23.0,23.0,22.35,22.65,22.65,7393892,23.0,23.0,22.35,22.65,1.0,23.0,22.35,0,7393892,24177,166952099.37,1,02,010,BRRAILACNOR9,101,ON      NM,RUMO S.A.,27092,1321,612065.37,consolidated_010_020
2020-06-03,RAIL3,RAIL3,22.65,23.26,22.48,23.15,23.15,7778512,22.65,23.26,22.48,23.15,1.0,23.26,22.48,0,7778512,29798,178582460.03,1,02,010,BRRAILACNOR9,101,ON      NM,RUMO S.A.,23612,1172,541435.03,consolidated_010_020
2020-06-04,RAIL3,RAIL3,22.9,23.24,21.83,22.36,22.36,12146398,22.9,23.24,21.83,22.36,1.0,23.24,21.83,0,12146398,30391,272908709.41,1,02,010,BRRAILACNOR9,101,ON      NM,RUMO S.A.,34198,1870,766997.41,consolidated_010_020
2020-06-05,RAIL3,RAIL3,22.9,23.63,22.62,23.11,23.11,17970439,22.9,23.63,22.62,23.11,1.0,23.63,22.62,0,17970439,48951,416915696.7,1,02,010,BRRAILACNOR9,101,ON      NM,RUMO S.A.,46039,2141,1068286.7,consolidated_010_020
2020-06-08,RAIL3,RAIL3,23.53,24.26,23.06,24.17,24.17,10879447,23.53,24.26,23.06,24.17,1.0,24.26,23.06,0,10879447,28563,258831469.3,1,02,010,BRRAILACNOR9,101,ON      NM,RUMO S.A.,31647,1506,749353.3,consolidated_010_020
2020-06-09,RAIL3,RAIL3,23.41,24.48,23.35,24.31,24.31,6214757,23.41,24.48,23.35,24.31,1.0,24.48,23.35,0,6214757,21246,150033526.92,1,02,010,BRRAILACNOR9,101,ON      NM,RUMO S.A.,17257,788,413970.92,consolidated_010_020
2020-06-10,RAIL3,RAIL3,24.52,24.7,23.93,24.17,24.17,11226341,24.52,24.7,23.93,24.17,1.0,24.7,23.93,0,11226341,27904,272272561.78,1,02,010,BRRAILACNOR9,101,ON      NM,RUMO S.A.,23641,1082,574171.78,consolidated_010_020
2020-06-12,RAIL3,RAIL3,23.4,24.2,22.91,24.07,24.07,8772287,23.4,24.2,22.91,24.07,1.0,24.2,22.91,0,8772287,35271,207329426.16,1,02,010,BRRAILACNOR9,101,ON      NM,RUMO S.A.,20687,1052,486275.16,consolidated_010_020
2020-06-15,RAIL3,RAIL3,23.27,23.91,22.95,23.53,23.53,6902167,23.27,23.91,22.95,23.53,1.0,23.91,22.95,0,6902167,29807,162061928.06,1,02,010,BRRAILACNOR9,101,ON      NM,RUMO S.A.,18367,948,430907.06,consolidated_010_020
2020-06-16,RAIL3,RAIL3,24.3,24.44,23.32,23.67,23.67,7765108,24.3,24.44,23.32,23.67,1.0,24.44,23.32,0,7765108,28472,184357801.82,1,02,010,BRRAILACNOR9,101,ON      NM,RUMO S.A.,20308,1037,485364.82,consolidated_010_020
2020-06-17,RAIL3,RAIL3,23.76,24.6,23.35,24.1,24.1,15579946,23.76,24.6,23.35,24.1,1.0,24.6,23.35,0,15579946,24103,374577982.07,1,02,010,BRRAILACNOR9,101,ON      NM,RUMO S.A.,19846,971,479168.07,consolidated_010_020
2020-06-18,RAIL3,RAIL3,23.62,23.95,23.43,23.46,23.46,6572461,23.62,23.95,23.43,23.46,1.0,23.95,23.43,0,6572461,25868,155590801.13,1,02,010,BRRAILACNOR9,101,ON      NM,RUMO S.A.,18761,1100,444515.13,consolidated_010_020
2020-06-19,RAIL3,RAIL3,23.69,24.02,22.91,23.83,23.83,13708086,23.69,24.02,22.91,23.83,1.0,24.02,22.91,0,13708086,36221,323450331.51,1,02,010,BRRAILACNOR9,101,ON      NM,RUMO S.A.,27886,1489,652671.51,consolidated_010_020
2020-06-22,RAIL3,RAIL3,24.05,24.05,23.09,23.39,23.39,4619688,24.05,24.05,23.09,23.39,1.0,24.05,23.09,0,4619688,16981,108189414.33,1,02,010,BRRAILACNOR9,101,ON      NM,RUMO S.A.,22288,1230,526193.33,consolidated_010_020
2020-06-23,RAIL3,RAIL3,23.65,24.03,23.44,23.8,23.8,5925722,23.65,24.03,23.44,23.8,1.0,24.03,23.44,0,5925722,21853,140952761.46,1,02,010,BRRAILACNOR9,101,ON      NM,RUMO S.A.,17622,802,419077.46,consolidated_010_020
2020-06-24,RAIL3,RAIL3,23.78,23.94,22.92,23.08,23.08,8409691,23.78,23.94,22.92,23.08,1.0,23.94,22.92,0,8409691,23567,196921881.06,1,02,010,BRRAILACNOR9,101,ON      NM,RUMO S.A.,13491,706,313800.06,consolidated_010_020
2020-06-25,RAIL3,RAIL3,23.14,23.86,23.02,23.41,23.41,5090278,23.14,23.86,23.02,23.41,1.0,23.86,23.02,0,5090278,16755,119712219.26,1,02,010,BRRAILACNOR9,101,ON      NM,RUMO S.A.,13478,672,314957.26,consolidated_010_020
2020-06-26,RAIL3,RAIL3,23.25,23.52,22.56,22.79,22.79,6037605,23.25,23.52,22.56,22.79,1.0,23.52,22.56,0,6037605,20165,138444156.78,1,02,010,BRRAILACNOR9,101,ON      NM,RUMO S.A.,13005,713,299041.78,consolidated_010_020
2020-06-29,RAIL3,RAIL3,22.88,23.08,22.35,22.68,22.68,6889735,22.88,23.08,22.35,22.68,1.0,23.08,22.35,0,6889735,18718,155507829.16,1,02,010,BRRAILACNOR9,101,ON      NM,RUMO S.A.,14735,861,333049.16,consolidated_010_020
2020-06-30,RAIL3,RAIL3,22.51,22.7,22.17,22.49,22.49,11293554,22.51,22.7,22.17,22.49,1.0,22.7,22.17,0,11293554,20962,252466243.94,1,02,010,BRRAILACNOR9,101,ON      NM,RUMO S.A.,16454,953,368320.94,consolidated_010_020
2020-07-01,RAIL3,RAIL3,22.5,23.12,22.24,22.97,22.97,9336272,22.5,23.12,22.24,22.97,1.0,23.12,22.24,0,9336272,28260,212558860.03,1,02,010,BRRAILACNOR9,101,ON      NM,RUMO S.A.,37272,1614,848130.03,consolidated_010_020
2020-07-02,RAIL3,RAIL3,23.18,23.29,22.46,22.46,22.46,7380001,23.18,23.29,22.46,22.46,1.0,23.29,22.46,0,7380001,25639,168473395.47,1,02,010,BRRAILACNOR9,101,ON      NM,RUMO S.A.,23301,1191,532365.47,consolidated_010_020
2020-07-03,RAIL3,RAIL3,22.58,22.72,22.43,22.49,22.49,2801734,22.58,22.72,22.43,22.49,1.0,22.72,22.43,0,2801734,10041,63215037.19,1,02,010,BRRAILACNOR9,101,ON      NM,RUMO S.A.,11234,756,253624.19,consolidated_010_020
2020-07-06,RAIL3,RAIL3,23.02,23.75,22.88,23.28,23.28,12944926,23.02,23.75,22.88,23.28,1.0,23.75,22.88,0,12944926,29369,302160742.1,1,02,010,BRRAILACNOR9,101,ON      NM,RUMO S.A.,25726,1268,600198.1,consolidated_010_020
2020-07-07,RAIL3,RAIL3,23.28,23.54,22.86,23.2,23.2,5193832,23.28,23.54,22.86,23.2,1.0,23.54,22.86,0,5193832,18404,120556558.91,1,02,010,BRRAILACNOR9,101,ON      NM,RUMO S.A.,15432,845,358067.91,consolidated_010_020
2020-07-08,RAIL3,RAIL3,23.24,23.69,23.09,23.13,23.13,8530076,23.24,23.69,23.09,23.13,1.0,23.69,23.09,0,8530076,20900,198672572.58,1,02,010,BRRAILACNOR9,101,ON      NM,RUMO S.A.,16676,838,389240.58,consolidated_010_020
2020-07-09,RAIL3,RAIL3,23.33,23.35,22.55,22.85,22.85,6738645,23.33,23.35,22.55,22.85,1.0,23.35,22.55,0,6738645,20645,153421315.22,1,02,010,BRRAILACNOR9,101,ON      NM,RUMO S.A.,17945,1034,409870.22,consolidated_010_020
2020-07-10,RAIL3,RAIL3,22.84,23.06,22.68,22.84,22.84,5235612,22.84,23.06,22.68,22.84,1.0,23.06,22.68,0,5235612,11755,119626430.93,1,02,010,BRRAILACNOR9,101,ON      NM,RUMO S.A.,12812,747,292669.93,consolidated_010_020
2020-07-13,RAIL3,RAIL3,22.99,23.06,22.23,22.23,22.23,5607900,22.99,23.06,22.23,22.23,1.0,23.06,22.23,0,5607900,21802,126490769.19,1,02,010,BRRAILACNOR9,101,ON      NM,RUMO S.A.,31800,1899,720210.19,consolidated_010_020
2020-07-14,RAIL3,RAIL3,21.92,22.59,21.72,22.24,22.24,7458294,21.92,22.59,21.72,22.24,1.0,22.59,21.72,0,7458294,20846,165187837.9,1,02,010,BRRAILACNOR9,101,ON      NM,RUMO S.A.,19694,1089,434504.9,consolidated_010_020
2020-07-15,RAIL3,RAIL3,22.5,22.69,22.24,22.64,22.64,7398680,22.5,22.69,22.24,22.64,1.0,22.69,22.24,0,7398680,20478,166466743.48,1,02,010,BRRAILACNOR9,101,ON      NM,RUMO S.A.,11380,647,256000.48,consolidated_010_020
2020-07-16,RAIL3,RAIL3,22.44,22.73,22.27,22.65,22.65,10078955,22.44,22.73,22.27,22.65,1.0,22.73,22.27,0,10078955,16659,227442617.8,1,02,010,BRRAILACNOR9,101,ON      NM,RUMO S.A.,11555,614,260388.8,consolidated_010_020
2020-07-17,RAIL3,RAIL3,22.73,23.48,22.65,23.47,23.47,9402698,22.73,23.48,22.65,23.47,1.0,23.48,22.65,0,9402698,30378,218430731.17,1,02,010,BRRAILACNOR9,101,ON      NM,RUMO S.A.,25998,1463,603282.17,consolidated_010_020
2020-07-20,RAIL3,RAIL3,23.39,23.92,22.96,23.92,23.92,8238653,23.39,23.92,22.96,23.92,1.0,23.92,22.96,0,8238653,25061,193920202.44,1,02,010,BRRAILACNOR9,101,ON      NM,RUMO S.A.,24253,1353,569985.44,consolidated_010_020
2020-07-21,RAIL3,RAIL3,23.92,24.38,23.5,23.52,23.52,12860757,23.92,24.38,23.5,23.52,1.0,24.38,23.5,0,12860757,23188,307356233.06,1,02,010,BRRAILACNOR9,101,ON      NM,RUMO S.A.,23457,1145,561831.06,consolidated_010_020
2020-07-22,RAIL3,RAIL3,23.75,23.79,23.15,23.22,23.22,11233132,23.75,23.79,23.15,23.22,1.0,23.79,23.15,0,11233132,21220,261866498.83,1,02,010,BRRAILACNOR9,101,ON      NM,RUMO S.A.,13932,733,325447.83,consolidated_010_020
2020-07-23,RAIL3,RAIL3,23.22,23.48,22.68,22.75,22.75,5594924,23.22,23.48,22.68,22.75,1.0,23.48,22.68,0,5594924,18409,128557850.02,1,02,010,BRRAILACNOR9,101,ON      NM,RUMO S.A.,13124,786,301191.02,consolidated_010_020
2020-07-24,RAIL3,RAIL3,22.82,22.92,22.27,22.3,22.3,5911428,22.82,22.92,22.27,22.3,1.0,22.92,22.27,0,5911428,18858,132491942.36,1,02,010,BRRAILACNOR9,101,ON      NM,RUMO S.A.,12128,760,272319.36,consolidated_010_020
2020-07-27,RAIL3,RAIL3,22.62,22.96,22.38,22.73,22.73,8436772,22.62,22.96,22.38,22.73,1.0,22.96,22.38,0,8436772,23081,190737955.65,1,02,010,BRRAILACNOR9,101,ON      NM,RUMO S.A.,16772,825,378812.65,consolidated_010_020
2020-07-28,RAIL3,RAIL3,22.5,22.87,22.19,22.81,22.81,7913217,22.5,22.87,22.19,22.81,1.0,22.87,22.19,0,7913217,17901,178258978.28,1,02,010,BRRAILACNOR9,101,ON      NM,RUMO S.A.,12617,714,283493.28,consolidated_010_020
2020-07-29,RAIL3,RAIL3,22.96,23.04,22.36,22.45,22.45,5070843,22.96,23.04,22.36,22.45,1.0,23.04,22.36,0,5070843,16092,114691717.62,1,02,010,BRRAILACNOR9,101,ON      NM,RUMO S.A.,14143,750,320187.62,consolidated_010_020
2020-07-30,RAIL3,RAIL3,22.3,22.93,22.21,22.73,22.73,6351932,22.3,22.93,22.21,22.73,1.0,22.93,22.21,0,6351932,18743,143992554.64,1,02,010,BRRAILACNOR9,101,ON      NM,RUMO S.A.,11432,670,259089.64,consolidated_010_020
2020-07-31,RAIL3,RAIL3,22.7,22.91,22.08,22.22,22.22,6723196,22.7,22.91,22.08,22.22,1.0,22.91,22.08,0,6723196,18589,150224653.31,1,02,010,BRRAILACNOR9,101,ON      NM,RUMO S.A.,15996,974,358460.31,consolidated_010_020
2020-08-03,RAIL3,RAIL3,22.42,22.98,22.02,22.05,22.05,7870619,22.42,22.98,22.02,22.05,1.0,22.98,22.02,0,7870619,25600,175529491.75,1,02,010,BRRAILACNOR9,101,ON      NM,RUMO S.A.,21419,1249,478977.75,consolidated_010_020
2020-08-04,RAIL3,RAIL3,21.92,22.32,21.14,21.57,21.57,9203175,21.92,22.32,21.14,21.57,1.0,22.32,21.14,0,9203175,24398,199932265.24,1,02,010,BRRAILACNOR9,101,ON      NM,RUMO S.A.,18175,1157,395924.24,consolidated_010_020
2020-08-05,RAIL3,RAIL3,21.83,22.05,21.54,21.89,21.89,5804109,21.83,22.05,21.54,21.89,1.0,22.05,21.54,0,5804109,23463,126473723.07,1,02,010,BRRAILACNOR9,101,ON      NM,RUMO S.A.,12909,748,281596.07,consolidated_010_020
2020-08-06,RAIL3,RAIL3,21.9,22.77,21.75,22.77,22.77,5939809,21.9,22.77,21.75,22.77,1.0,22.77,21.75,0,5939809,18829,133240165.95,1,02,010,BRRAILACNOR9,101,ON      NM,RUMO S.A.,11909,671,265668.95,consolidated_010_020
2020-08-07,RAIL3,RAIL3,22.47,23.52,22.23,23.33,23.33,11410746,22.47,23.52,22.23,23.33,1.0,23.52,22.23,0,11410746,28200,261393006.11,1,02,010,BRRAILACNOR9,101,ON      NM,RUMO S.A.,18046,944,413425.11,consolidated_010_020
2020-08-10,RAIL3,RAIL3,23.41,23.49,22.48,22.87,22.87,5802679,23.41,23.49,22.48,22.87,1.0,23.49,22.48,0,5802679,22427,132631250.04,1,02,010,BRRAILACNOR9,101,ON      NM,RUMO S.A.,14579,947,333639.04,consolidated_010_020
2020-08-11,RAIL3,RAIL3,22.95,23.0,22.29,22.29,22.29,4516113,22.95,23.0,22.29,22.29,1.0,23.0,22.29,0,4516113,20675,102144292.41,1,02,010,BRRAILACNOR9,101,ON      NM,RUMO S.A.,11813,702,267493.41,consolidated_010_020
2020-08-12,RAIL3,RAIL3,22.31,22.53,21.98,22.53,22.53,6364653,22.31,22.53,21.98,22.53,1.0,22.53,21.98,0,6364653,34053,141765921.38,1,02,010,BRRAILACNOR9,101,ON      NM,RUMO S.A.,11453,618,255118.38,consolidated_010_020
2020-08-13,RAIL3,RAIL3,22.75,23.12,22.02,22.02,22.02,6387654,22.75,23.12,22.02,22.02,1.0,23.12,22.02,0,6387654,26215,144350261.82,1,02,010,BRRAILACNOR9,101,ON      NM,RUMO S.A.,13454,633,304979.82,consolidated_010_020
2020-08-14,RAIL3,RAIL3,22.24,22.92,22.02,22.81,22.81,8360825,22.24,22.92,22.02,22.81,1.0,22.92,22.02,0,8360825,27888,188332923.61,1,02,010,BRRAILACNOR9,101,ON      NM,RUMO S.A.,16525,840,371415.61,consolidated_010_020
2020-08-17,RAIL3,RAIL3,22.77,22.99,22.1,22.22,22.22,23473681,22.77,22.99,22.1,22.22,1.0,22.99,22.1,0,23473681,24790,530751878.67,1,02,010,BRRAILACNOR9,101,ON      NM,RUMO S.A.,18681,824,421907.67,consolidated_010_020
2020-08-18,RAIL3,RAIL3,22.58,22.73,22.26,22.48,22.48,7205637,22.58,22.73,22.26,22.48,1.0,22.73,22.26,0,7205637,22986,162065172.25,1,02,010,BRRAILACNOR9,101,ON      NM,RUMO S.A.,8237,394,185272.25,consolidated_010_020
2020-08-19,RAIL3,RAIL3,22.54,22.68,22.15,22.37,22.37,5651344,22.54,22.68,22.15,22.37,1.0,22.68,22.15,0,5651344,25106,126223835.41,1,02,010,BRRAILACNOR9,101,ON      NM,RUMO S.A.,11244,519,251098.41,consolidated_010_020
2020-08-20,RAIL3,RAIL3,21.91,22.96,21.86,22.78,22.78,4749758,21.91,22.96,21.86,22.78,1.0,22.96,21.86,0,4749758,19340,106769504.11,1,02,010,BRRAILACNOR9,101,ON      NM,RUMO S.A.,10758,544,240473.11,consolidated_010_020
2020-08-21,RAIL3,RAIL3,22.8,22.85,22.36,22.56,22.56,3543348,22.8,22.85,22.36,22.56,1.0,22.85,22.36,0,3543348,16023,79965509.75,1,02,010,BRRAILACNOR9,101,ON      NM,RUMO S.A.,7348,540,165888.75,consolidated_010_020
2020-08-24,RAIL3,RAIL3,22.61,22.67,22.1,22.41,22.41,10235152,22.61,22.67,22.1,22.41,1.0,22.67,22.1,0,10235152,31608,228122490.82,1,02,010,BRRAILACNOR9,101,ON      NM,RUMO S.A.,12252,716,273607.82,consolidated_010_020
2020-08-25,RAIL3,RAIL3,22.5,23.78,22.42,23.19,23.19,43701315,22.5,23.78,22.42,23.19,1.0,23.78,22.42,0,43701315,80184,1009449248.98,1,02,010,BRRAILACNOR9,101,ON      NM,RUMO S.A.,38315,1768,888963.98,consolidated_010_020
2020-08-26,RAIL3,RAIL3,23.0,23.1,21.93,22.3,22.3,18259959,23.0,23.1,21.93,22.3,1.0,23.1,21.93,0,18259959,49530,407941745.86,1,02,010,BRRAILACNOR9,101,ON      NM,RUMO S.A.,38059,2337,851600.86,consolidated_010_020
2020-08-27,RAIL3,RAIL3,22.31,22.69,22.12,22.54,22.54,7260241,22.31,22.69,22.12,22.54,1.0,22.69,22.12,0,7260241,25305,163154026.21,1,02,010,BRRAILACNOR9,101,ON      NM,RUMO S.A.,13141,689,295128.21,consolidated_010_020
2020-08-28,RAIL3,RAIL3,22.54,24.35,22.43,23.76,23.76,27682271,22.54,24.35,22.43,23.76,1.0,24.35,22.43,0,27682271,56885,649575976.42,1,02,010,BRRAILACNOR9,101,ON      NM,RUMO S.A.,42971,2241,1013793.42,consolidated_010_020
2020-08-31,RAIL3,RAIL3,23.6,23.75,22.6,22.6,22.6,23295495,23.6,23.75,22.6,22.6,1.0,23.75,22.6,0,23295495,31952,530474633.26,1,02,010,BRRAILACNOR9,101,ON      NM,RUMO S.A.,21895,1352,504101.26,consolidated_010_020
2020-09-01,RAIL3,RAIL3,22.8,23.0,22.4,22.64,22.64,10729095,22.8,23.0,22.4,22.64,1.0,23.0,22.4,0,10729095,35628,243604707.67,1,02,010,BRRAILACNOR9,101,ON      NM,RUMO S.A.,21895,1199,497364.67,consolidated_010_020
2020-09-02,RAIL3,RAIL3,22.7,22.92,22.09,22.16,22.16,6566901,22.7,22.92,22.09,22.16,1.0,22.92,22.09,0,6566901,20205,146403831.57,1,02,010,BRRAILACNOR9,101,ON      NM,RUMO S.A.,26801,1509,598942.57,consolidated_010_020
2020-09-03,RAIL3,RAIL3,22.25,22.35,21.68,22.18,22.18,12539484,22.25,22.35,21.68,22.18,1.0,22.35,21.68,0,12539484,39510,275681700.36,1,02,010,BRRAILACNOR9,101,ON      NM,RUMO S.A.,28484,1461,625824.36,consolidated_010_020
2020-09-04,RAIL3,RAIL3,22.25,22.37,21.59,22.34,22.34,21411939,22.25,22.37,21.59,22.34,1.0,22.37,21.59,0,21411939,39604,474289961.44,1,02,010,BRRAILACNOR9,101,ON      NM,RUMO S.A.,18339,1125,403932.44,consolidated_010_020
2020-09-08,RAIL3,RAIL3,21.87,22.51,21.86,22.06,22.06,6846207,21.87,22.51,21.86,22.06,1.0,22.51,21.86,0,6846207,24277,151847055.45,1,02,010,BRRAILACNOR9,101,ON      NM,RUMO S.A.,15007,795,333023.45,consolidated_010_020
2020-09-09,RAIL3,RAIL3,22.3,22.5,21.74,22.08,22.08,7580818,22.3,22.5,21.74,22.08,1.0,22.5,21.74,0,7580818,24207,167508574.86,1,02,010,BRRAILACNOR9,101,ON      NM,RUMO S.A.,14718,774,324530.86,consolidated_010_020
2020-09-10,RAIL3,RAIL3,22.05,22.14,21.32,21.45,21.45,6953367,22.05,22.14,21.32,21.45,1.0,22.14,21.32,0,6953367,25139,150633106.68,1,02,010,BRRAILACNOR9,101,ON      NM,RUMO S.A.,22167,1382,480680.68,consolidated_010_020
2020-09-11,RAIL3,RAIL3,21.5,21.54,20.75,21.02,21.02,9268572,21.5,21.54,20.75,21.02,1.0,21.54,20.75,0,9268572,37455,194932520.52,1,02,010,BRRAILACNOR9,101,ON      NM,RUMO S.A.,22572,1359,475247.52,consolidated_010_020
2020-09-14,RAIL3,RAIL3,21.14,21.66,20.9,21.49,21.49,5777894,21.14,21.66,20.9,21.49,1.0,21.66,20.9,0,5777894,22391,122742075.82,1,02,010,BRRAILACNOR9,101,ON      NM,RUMO S.A.,14394,797,304846.82,consolidated_010_020
2020-09-15,RAIL3,RAIL3,21.68,21.68,20.8,21.29,21.29,8978047,21.68,21.68,20.8,21.29,1.0,21.68,20.8,0,8978047,31171,189365165.6,1,02,010,BRRAILACNOR9,101,ON      NM,RUMO S.A.,24847,1416,524129.6,consolidated_010_020
2020-09-16,RAIL3,RAIL3,21.35,21.77,21.26,21.5,21.5,9138271,21.35,21.77,21.26,21.5,1.0,21.77,21.26,0,9138271,29145,196486053.16,1,02,010,BRRAILACNOR9,101,ON      NM,RUMO S.A.,13871,744,297900.16,consolidated_010_020
2020-09-17,RAIL3,RAIL3,21.2,21.78,21.2,21.78,21.78,6026290,21.2,21.78,21.2,21.78,1.0,21.78,21.2,0,6026290,22432,130268330.23,1,02,010,BRRAILACNOR9,101,ON      NM,RUMO S.A.,10890,603,234910.23,consolidated_010_020
2020-09-18,RAIL3,RAIL3,21.75,21.83,21.14,21.35,21.35,10206926,21.75,21.83,21.14,21.35,1.0,21.83,21.14,0,10206926,23117,218546162.66,1,02,010,BRRAILACNOR9,101,ON      NM,RUMO S.A.,11226,670,240555.66,consolidated_010_020
2020-09-21,RAIL3,RAIL3,21.1,21.11,20.3,20.44,20.44,8596279,21.1,21.11,20.3,20.44,1.0,21.11,20.3,0,8596279,31224,176432786.14,1,02,010,BRRAILACNOR9,101,ON      NM,RUMO S.A.,20979,1459,431227.14,consolidated_010_020
2020-09-22,RAIL3,RAIL3,20.44,20.79,20.22,20.61,20.61,9787407,20.44,20.79,20.22,20.61,1.0,20.79,20.22,0,9787407,32316,200562138.58,1,02,010,BRRAILACNOR9,101,ON      NM,RUMO S.A.,9907,568,202700.58,consolidated_010_020
2020-09-23,RAIL3,RAIL3,20.4,20.91,20.4,20.79,20.79,8149624,20.4,20.91,20.4,20.79,1.0,20.91,20.4,0,8149624,19979,168446328.84,1,02,010,BRRAILACNOR9,101,ON      NM,RUMO S.A.,10124,513,209123.84,consolidated_010_020
2020-09-24,RAIL3,RAIL3,20.8,21.28,20.58,20.7,20.7,6259600,20.8,21.28,20.58,20.7,1.0,21.28,20.58,0,6259600,18217,130746030.15,1,02,010,BRRAILACNOR9,101,ON      NM,RUMO S.A.,12400,583,259171.15,consolidated_010_020
2020-09-25,RAIL3,RAIL3,20.55,20.91,20.26,20.84,20.84,3958259,20.55,20.91,20.26,20.84,1.0,20.91,20.26,0,3958259,12032,81733530.92,1,02,010,BRRAILACNOR9,101,ON      NM,RUMO S.A.,8659,544,178159.92,consolidated_010_020
2020-09-28,RAIL3,RAIL3,20.85,20.92,19.86,19.89,19.89,8020882,20.85,20.92,19.86,19.89,1.0,20.92,19.86,0,8020882,26423,162142114.67,1,02,010,BRRAILACNOR9,101,ON      NM,RUMO S.A.,15082,925,306354.67,consolidated_010_020
2020-09-29,RAIL3,RAIL3,19.94,20.0,19.14,19.14,19.14,14010729,19.94,20.0,19.14,19.14,1.0,20.0,19.14,0,14010729,37628,271960229.06,1,02,010,BRRAILACNOR9,101,ON      NM,RUMO S.A.,16729,1039,325852.06,consolidated_010_020
2020-09-30,RAIL3,RAIL3,19.32,19.5,18.79,19.06,19.06,15426896,19.32,19.5,18.79,19.06,1.0,19.5,18.79,0,15426896,36796,294281466.86,1,02,010,BRRAILACNOR9,101,ON      NM,RUMO S.A.,19196,985,366757.86,consolidated_010_020
2020-10-01,RAIL3,RAIL3,19.1,19.74,18.88,19.53,19.53,13402648,19.1,19.74,18.88,19.53,1.0,19.74,18.88,0,13402648,31659,259049811.04,1,02,010,BRRAILACNOR9,101,ON      NM,RUMO S.A.,15448,846,298367.04,consolidated_010_020
2020-10-02,RAIL3,RAIL3,19.44,19.58,18.87,18.95,18.95,7184876,19.44,19.58,18.87,18.95,1.0,19.58,18.87,0,7184876,15526,137892015.79,1,02,010,BRRAILACNOR9,101,ON      NM,RUMO S.A.,17576,1058,337263.79,consolidated_010_020
2020-10-05,RAIL3,RAIL3,18.84,19.18,18.72,18.87,18.87,6284649,18.84,19.18,18.72,18.87,1.0,19.18,18.72,0,6284649,23794,119014802.1,1,02,010,BRRAILACNOR9,101,ON      NM,RUMO S.A.,13149,705,248902.1,consolidated_010_020
2020-10-06,RAIL3,RAIL3,19.06,19.08,18.4,18.8,18.8,17258527,19.06,19.08,18.4,18.8,1.0,19.08,18.4,0,17258527,32826,322007407.31,1,02,010,BRRAILACNOR9,101,ON      NM,RUMO S.A.,24527,1575,458322.31,consolidated_010_020
2020-10-07,RAIL3,RAIL3,18.86,18.89,18.43,18.43,18.43,8185717,18.86,18.89,18.43,18.43,1.0,18.89,18.43,0,8185717,23111,152538497.48,1,02,010,BRRAILACNOR9,101,ON      NM,RUMO S.A.,13517,912,251916.48,consolidated_010_020
2020-10-08,RAIL3,RAIL3,18.52,18.62,18.29,18.47,18.47,6205363,18.52,18.62,18.29,18.47,1.0,18.62,18.29,0,6205363,20034,114465411.32,1,02,010,BRRAILACNOR9,101,ON      NM,RUMO S.A.,16463,837,303796.32,consolidated_010_020
2020-10-09,RAIL3,RAIL3,18.36,18.42,17.74,18.02,18.02,19043219,18.36,18.42,17.74,18.02,1.0,18.42,17.74,0,19043219,40610,342907659.98,1,02,010,BRRAILACNOR9,101,ON      NM,RUMO S.A.,30219,2118,545417.98,consolidated_010_020
2020-10-13,RAIL3,RAIL3,18.02,18.38,17.94,17.94,17.94,11139175,18.02,18.38,17.94,17.94,1.0,18.38,17.94,0,11139175,29808,201499150.41,1,02,010,BRRAILACNOR9,101,ON      NM,RUMO S.A.,20975,1099,379877.41,consolidated_010_020
2020-10-14,RAIL3,RAIL3,18.13,19.1,18.02,18.93,18.93,16935133,18.13,19.1,18.02,18.93,1.0,19.1,18.02,0,16935133,40442,316893243.03,1,02,010,BRRAILACNOR9,101,ON      NM,RUMO S.A.,26933,1259,502688.03,consolidated_010_020
2020-10-15,RAIL3,RAIL3,18.74,19.14,18.57,19.0,19.0,13668495,18.74,19.14,18.57,19.0,1.0,19.14,18.57,0,13668495,44171,258283007.31,1,02,010,BRRAILACNOR9,101,ON      NM,RUMO S.A.,54295,2472,1022288.31,consolidated_010_020
2020-10-16,RAIL3,RAIL3,18.94,18.94,18.4,18.75,18.75,11352683,18.94,18.94,18.4,18.75,1.0,18.94,18.4,0,11352683,46765,211691417.74,1,02,010,BRRAILACNOR9,101,ON      NM,RUMO S.A.,24383,1454,455206.74,consolidated_010_020
2020-10-19,RAIL3,RAIL3,18.59,18.95,18.52,18.67,18.67,7017166,18.59,18.95,18.52,18.67,1.0,18.95,18.52,0,7017166,30049,131215764.8,1,02,010,BRRAILACNOR9,101,ON      NM,RUMO S.A.,16866,846,315648.8,consolidated_010_020
2020-10-20,RAIL3,RAIL3,18.81,18.89,18.42,18.48,18.48,6020600,18.81,18.89,18.42,18.48,1.0,18.89,18.42,0,6020600,21659,111658444.13,1,02,010,BRRAILACNOR9,101,ON      NM,RUMO S.A.,23100,1345,429218.13,consolidated_010_020
2020-10-21,RAIL3,RAIL3,18.57,18.64,18.22,18.35,18.35,6234490,18.57,18.64,18.22,18.35,1.0,18.64,18.22,0,6234490,21789,114429962.79,1,02,010,BRRAILACNOR9,101,ON      NM,RUMO S.A.,23690,1378,434967.79,consolidated_010_020
2020-10-22,RAIL3,RAIL3,18.3,18.62,18.06,18.62,18.62,7032925,18.3,18.62,18.06,18.62,1.0,18.62,18.06,0,7032925,23936,129522257.22,1,02,010,BRRAILACNOR9,101,ON      NM,RUMO S.A.,19425,1303,356535.22,consolidated_010_020
2020-10-23,RAIL3,RAIL3,18.47,18.63,18.09,18.13,18.13,6138857,18.47,18.63,18.09,18.13,1.0,18.63,18.09,0,6138857,27071,112534258.83,1,02,010,BRRAILACNOR9,101,ON      NM,RUMO S.A.,15157,1052,278164.83,consolidated_010_020
2020-10-26,RAIL3,RAIL3,18.13,18.27,17.87,18.02,18.02,6264617,18.13,18.27,17.87,18.02,1.0,18.27,17.87,0,6264617,20021,113320711.97,1,02,010,BRRAILACNOR9,101,ON      NM,RUMO S.A.,15717,1044,283923.97,consolidated_010_020
2020-10-27,RAIL3,RAIL3,18.09,18.24,17.88,18.05,18.05,9030479,18.09,18.24,17.88,18.05,1.0,18.24,17.88,0,9030479,26253,163199824.58,1,02,010,BRRAILACNOR9,101,ON      NM,RUMO S.A.,14179,937,256099.58,consolidated_010_020
2020-10-28,RAIL3,RAIL3,17.75,18.0,17.5,17.53,17.53,8287278,17.75,18.0,17.5,17.53,1.0,18.0,17.5,0,8287278,23899,147263720.85,1,02,010,BRRAILACNOR9,101,ON      NM,RUMO S.A.,17978,1054,319633.85,consolidated_010_020
2020-10-29,RAIL3,RAIL3,17.51,18.44,17.31,18.33,18.33,11567004,17.51,18.44,17.31,18.33,1.0,18.44,17.31,0,11567004,36065,207857871.11,1,02,010,BRRAILACNOR9,101,ON      NM,RUMO S.A.,20104,913,358866.11,consolidated_010_020
2020-10-30,RAIL3,RAIL3,18.22,18.7,18.06,18.34,18.34,14045224,18.22,18.7,18.06,18.34,1.0,18.7,18.06,0,14045224,37800,257475679.07,1,02,010,BRRAILACNOR9,101,ON      NM,RUMO S.A.,20524,901,376359.07,consolidated_010_020
2020-11-03,RAIL3,RAIL3,18.6,18.68,18.14,18.36,18.36,11534205,18.6,18.68,18.14,18.36,1.0,18.68,18.14,0,11534205,39195,211919768.88,1,02,010,BRRAILACNOR9,101,ON      NM,RUMO S.A.,43605,2249,804203.88,consolidated_010_020
2020-11-04,RAIL3,RAIL3,18.53,19.3,18.33,19.04,19.04,7712266,18.53,19.3,18.33,19.04,1.0,19.3,18.33,0,7712266,30589,146325436.46,1,02,010,BRRAILACNOR9,101,ON      NM,RUMO S.A.,40266,1988,762118.46,consolidated_010_020
2020-11-05,RAIL3,RAIL3,19.47,20.0,19.17,19.86,19.86,11442471,19.47,20.0,19.17,19.86,1.0,20.0,19.17,0,11442471,35909,224277302.25,1,02,010,BRRAILACNOR9,101,ON      NM,RUMO S.A.,33471,1805,653642.25,consolidated_010_020
2020-11-06,RAIL3,RAIL3,19.8,19.82,19.16,19.21,19.21,9507379,19.8,19.82,19.16,19.21,1.0,19.82,19.16,0,9507379,31668,184140844.39,1,02,010,BRRAILACNOR9,101,ON      NM,RUMO S.A.,24979,1327,484524.39,consolidated_010_020
2020-11-09,RAIL3,RAIL3,19.71,20.6,19.62,20.45,20.45,19181910,19.71,20.6,19.62,20.45,1.0,20.6,19.62,0,19181910,41530,387398262.31,1,02,010,BRRAILACNOR9,101,ON      NM,RUMO S.A.,37610,1839,758528.31,consolidated_010_020
2020-11-10,RAIL3,RAIL3,20.48,20.69,19.98,20.07,20.07,11752102,20.48,20.69,19.98,20.07,1.0,20.69,19.98,0,11752102,34366,239481342.18,1,02,010,BRRAILACNOR9,101,ON      NM,RUMO S.A.,21202,1107,431075.18,consolidated_010_020
2020-11-11,RAIL3,RAIL3,20.04,20.7,19.64,20.04,20.04,11861085,20.04,20.7,19.64,20.04,1.0,20.7,19.64,0,11861085,30730,240865090.15,1,02,010,BRRAILACNOR9,101,ON      NM,RUMO S.A.,17585,890,356637.15,consolidated_010_020
2020-11-12,RAIL3,RAIL3,19.99,19.99,18.75,19.0,19.0,20257533,19.99,19.99,18.75,19.0,1.0,19.99,18.75,0,20257533,55258,388539564.44,1,02,010,BRRAILACNOR9,101,ON      NM,RUMO S.A.,34133,2101,654260.44,consolidated_010_020
2020-11-13,RAIL3,RAIL3,19.11,19.42,18.67,19.3,19.3,10629829,19.11,19.42,18.67,19.3,1.0,19.42,18.67,0,10629829,37545,202979681.21,1,02,010,BRRAILACNOR9,101,ON      NM,RUMO S.A.,18729,1003,356271.21,consolidated_010_020
2020-11-16,RAIL3,RAIL3,19.59,19.69,18.88,18.93,18.93,10755757,19.59,19.69,18.88,18.93,1.0,19.69,18.88,0,10755757,36519,205337890.66,1,02,010,BRRAILACNOR9,101,ON      NM,RUMO S.A.,51357,2276,985755.66,consolidated_010_020
2020-11-17,RAIL3,RAIL3,18.9,19.0,18.38,18.8,18.8,12940756,18.9,19.0,18.38,18.8,1.0,19.0,18.38,0,12940756,38455,241240929.09,1,02,010,BRRAILACNOR9,101,ON      NM,RUMO S.A.,27156,1608,506685.09,consolidated_010_020
2020-11-18,RAIL3,RAIL3,18.75,18.87,18.36,18.37,18.37,9629917,18.75,18.87,18.36,18.37,1.0,18.87,18.36,0,9629917,25172,179054302.29,1,02,010,BRRAILACNOR9,101,ON      NM,RUMO S.A.,18917,1166,351698.29,consolidated_010_020
2020-11-19,RAIL3,RAIL3,18.35,18.6,18.21,18.6,18.6,8277548,18.35,18.6,18.21,18.6,1.0,18.6,18.21,0,8277548,35686,152685801.28,1,02,010,BRRAILACNOR9,101,ON      NM,RUMO S.A.,14448,783,265810.28,consolidated_010_020
2020-11-20,RAIL3,RAIL3,18.5,18.78,18.48,18.5,18.5,7289377,18.5,18.78,18.48,18.5,1.0,18.78,18.48,0,7289377,37483,135744033.13,1,02,010,BRRAILACNOR9,101,ON      NM,RUMO S.A.,9277,626,172818.13,consolidated_010_020
2020-11-23,RAIL3,RAIL3,18.7,19.49,18.39,19.2,19.2,12675100,18.7,19.49,18.39,19.2,1.0,19.49,18.39,0,12675100,39534,242622124.91,1,02,010,BRRAILACNOR9,101,ON      NM,RUMO S.A.,24400,1249,466316.91,consolidated_010_020
2020-11-24,RAIL3,RAIL3,19.54,19.78,18.88,18.94,18.94,21453232,19.54,19.78,18.88,18.94,1.0,19.78,18.88,0,21453232,59839,413137856.87,1,02,010,BRRAILACNOR9,101,ON      NM,RUMO S.A.,37532,2094,723227.87,consolidated_010_020
2020-11-25,RAIL3,RAIL3,18.98,19.5,18.97,19.16,19.16,9899898,18.98,19.5,18.97,19.16,1.0,19.5,18.97,0,9899898,37789,190663047.61,1,02,010,BRRAILACNOR9,101,ON      NM,RUMO S.A.,21098,1090,406191.61,consolidated_010_020
2020-11-26,RAIL3,RAIL3,19.09,19.58,19.06,19.46,19.46,4553168,19.09,19.58,19.06,19.46,1.0,19.58,19.06,0,4553168,13732,88157695.41,1,02,010,BRRAILACNOR9,101,ON      NM,RUMO S.A.,14868,829,287208.41,consolidated_010_020
2020-11-27,RAIL3,RAIL3,19.53,19.8,19.25,19.37,19.37,5616509,19.53,19.8,19.25,19.37,1.0,19.8,19.25,0,5616509,17155,109786306.14,1,02,010,BRRAILACNOR9,101,ON      NM,RUMO S.A.,17509,941,342318.14,consolidated_010_020
2020-11-30,RAIL3,RAIL3,19.31,19.68,18.78,18.96,18.96,12192366,19.31,19.68,18.78,18.96,1.0,19.68,18.78,0,12192366,22559,232127241.04,1,02,010,BRRAILACNOR9,101,ON      NM,RUMO S.A.,23266,1398,444465.04,consolidated_010_020
2020-12-01,RAIL3,RAIL3,19.22,20.13,19.2,19.67,19.67,15897806,19.22,20.13,19.2,19.67,1.0,20.13,19.2,0,15897806,46789,313953942.17,1,02,010,BRRAILACNOR9,101,ON      NM,RUMO S.A.,33806,1911,666768.17,consolidated_010_020
2020-12-02,RAIL3,RAIL3,19.83,20.5,19.74,20.0,20.0,13245022,19.83,20.5,19.74,20.0,1.0,20.5,19.74,0,13245022,31621,266373122.28,1,02,010,BRRAILACNOR9,101,ON      NM,RUMO S.A.,26022,1450,523431.28,consolidated_010_020
2020-12-03,RAIL3,RAIL3,20.16,20.63,19.96,20.25,20.25,9676924,20.16,20.63,19.96,20.25,1.0,20.63,19.96,0,9676924,26388,197705380.59,1,02,010,BRRAILACNOR9,101,ON      NM,RUMO S.A.,22324,1152,455806.59,consolidated_010_020
2020-12-04,RAIL3,RAIL3,20.33,21.0,20.12,20.64,20.64,9187019,20.33,21.0,20.12,20.64,1.0,21.0,20.12,0,9187019,28929,190134072.38,1,02,010,BRRAILACNOR9,101,ON      NM,RUMO S.A.,22419,1151,464137.38,consolidated_010_020
2020-12-07,RAIL3,RAIL3,20.62,20.62,19.77,19.98,19.98,6711673,20.62,20.62,19.77,19.98,1.0,20.62,19.77,0,6711673,23383,135544251.04,1,02,010,BRRAILACNOR9,101,ON      NM,RUMO S.A.,29273,1676,593970.04,consolidated_010_020
2020-12-08,RAIL3,RAIL3,19.86,20.2,19.68,19.81,19.81,7571330,19.86,20.2,19.68,19.81,1.0,20.2,19.68,0,7571330,26985,150509486.59,1,02,010,BRRAILACNOR9,101,ON      NM,RUMO S.A.,26630,1546,529535.59,consolidated_010_020
2020-12-09,RAIL3,RAIL3,19.66,19.84,19.08,19.24,19.24,11428266,19.66,19.84,19.08,19.24,1.0,19.84,19.08,0,11428266,31079,221537287.55,1,02,010,BRRAILACNOR9,101,ON      NM,RUMO S.A.,26166,1616,508881.55,consolidated_010_020
2020-12-10,RAIL3,RAIL3,19.35,19.43,18.7,19.3,19.3,10322190,19.35,19.43,18.7,19.3,1.0,19.43,18.7,0,10322190,27937,197235206.22,1,02,010,BRRAILACNOR9,101,ON      NM,RUMO S.A.,23690,1359,452077.22,consolidated_010_020
2020-12-11,RAIL3,RAIL3,19.19,19.19,18.65,18.77,18.77,16193702,19.19,19.19,18.65,18.77,1.0,19.19,18.65,0,16193702,33804,304630644.32,1,02,010,BRRAILACNOR9,101,ON      NM,RUMO S.A.,38802,2457,730350.32,consolidated_010_020
2020-12-14,RAIL3,RAIL3,18.87,19.22,18.55,18.55,18.55,8641593,18.87,19.22,18.55,18.55,1.0,19.22,18.55,0,8641593,23651,162834698.84,1,02,010,BRRAILACNOR9,101,ON      NM,RUMO S.A.,29593,1685,558814.84,consolidated_010_020
2020-12-15,RAIL3,RAIL3,18.67,19.58,18.57,19.5,19.5,16377341,18.67,19.58,18.57,19.5,1.0,19.58,18.57,0,16377341,35087,315598099.36,1,02,010,BRRAILACNOR9,101,ON      NM,RUMO S.A.,25841,1430,496808.36,consolidated_010_020
2020-12-16,RAIL3,RAIL3,19.48,19.64,19.21,19.52,19.52,14866004,19.48,19.64,19.21,19.52,1.0,19.64,19.21,0,14866004,43168,289071613.75,1,02,010,BRRAILACNOR9,101,ON      NM,RUMO S.A.,21404,1205,416493.75,consolidated_010_020
2020-12-17,RAIL3,RAIL3,19.53,19.98,19.28,19.8,19.8,13271129,19.53,19.98,19.28,19.8,1.0,19.98,19.28,0,13271129,30481,261146744.15,1,02,010,BRRAILACNOR9,101,ON      NM,RUMO S.A.,20229,1190,398387.15,consolidated_010_020
2020-12-18,RAIL3,RAIL3,19.82,19.9,19.21,19.38,19.38,14908509,19.82,19.9,19.21,19.38,1.0,19.9,19.21,0,14908509,42540,290051897.16,1,02,010,BRRAILACNOR9,101,ON      NM,RUMO S.A.,22109,1408,431893.16,consolidated_010_020
2020-12-21,RAIL3,RAIL3,18.99,19.3,18.67,19.25,19.25,10955484,18.99,19.3,18.67,19.25,1.0,19.3,18.67,0,10955484,31235,209893513.78,1,02,010,BRRAILACNOR9,101,ON      NM,RUMO S.A.,20184,1084,385174.78,consolidated_010_020
2020-12-22,RAIL3,RAIL3,19.28,19.46,19.0,19.15,19.15,10104746,19.28,19.46,19.0,19.15,1.0,19.46,19.0,0,10104746,35583,193639684.37,1,02,010,BRRAILACNOR9,101,ON      NM,RUMO S.A.,12146,716,232977.37,consolidated_010_020
2020-12-23,RAIL3,RAIL3,19.2,19.39,19.18,19.2,19.2,6359497,19.2,19.39,19.18,19.2,1.0,19.39,19.18,0,6359497,19098,122549444.7,1,02,010,BRRAILACNOR9,101,ON      NM,RUMO S.A.,12597,778,242899.7,consolidated_010_020
2020-12-28,RAIL3,RAIL3,19.35,19.73,19.16,19.65,19.65,7508179,19.35,19.73,19.16,19.65,1.0,19.73,19.16,0,7508179,30708,146150342.73,1,02,010,BRRAILACNOR9,101,ON      NM,RUMO S.A.,14579,881,283344.73,consolidated_010_020
2020-12-29,RAIL3,RAIL3,19.79,19.84,19.32,19.53,19.53,6803576,19.79,19.84,19.32,19.53,1.0,19.84,19.32,0,6803576,32372,132903855.76,1,02,010,BRRAILACNOR9,101,ON      NM,RUMO S.A.,16276,1006,318416.76,consolidated_010_020
2020-12-30,RAIL3,RAIL3,19.63,19.63,19.21,19.24,19.24,16190905,19.63,19.63,19.21,19.24,1.0,19.63,19.21,0,16190905,37095,312671004.96,1,02,010,BRRAILACNOR9,101,ON      NM,RUMO S.A.,14705,963,285274.96,consolidated_010_020
2021-01-04,RAIL3,RAIL3,19.36,19.77,19.06,19.15,19.15,15066720,19.36,19.77,19.06,19.15,1.0,19.77,19.06,0,15066720,36542,291334495.06,1,02,010,BRRAILACNOR9,101,ON      NM,RUMO S.A.,25220,1639,488748.06,consolidated_010_020
2021-01-05,RAIL3,RAIL3,19.1,19.38,18.79,19.3,19.3,10211387,19.1,19.38,18.79,19.3,1.0,19.38,18.79,0,10211387,33501,194650038.54,1,02,010,BRRAILACNOR9,101,ON      NM,RUMO S.A.,23787,1499,452077.54,consolidated_010_020
2021-01-06,RAIL3,RAIL3,19.11,19.53,18.91,19.1,19.1,14322690,19.11,19.53,18.91,19.1,1.0,19.53,18.91,0,14322690,40600,275256418.12,1,02,010,BRRAILACNOR9,101,ON      NM,RUMO S.A.,19090,1055,366540.12,consolidated_010_020
2021-01-07,RAIL3,RAIL3,19.18,19.8,18.96,19.63,19.63,16682120,19.18,19.8,18.96,19.63,1.0,19.8,18.96,0,16682120,45140,324354176.5,1,02,010,BRRAILACNOR9,101,ON      NM,RUMO S.A.,26420,1489,511904.5,consolidated_010_020
2021-01-08,RAIL3,RAIL3,19.73,20.22,19.68,20.0,20.0,16522733,19.73,20.22,19.68,20.0,1.0,20.22,19.68,0,16522733,40796,330168078.11,1,02,010,BRRAILACNOR9,101,ON      NM,RUMO S.A.,38033,1934,758956.11,consolidated_010_020
2021-01-11,RAIL3,RAIL3,19.78,20.03,19.4,19.65,19.65,11138146,19.78,20.03,19.4,19.65,1.0,20.03,19.4,0,11138146,52677,218725699.56,1,02,010,BRRAILACNOR9,101,ON      NM,RUMO S.A.,72346,9770,1420422.56,consolidated_010_020
2021-01-12,RAIL3,RAIL3,19.99,20.85,19.68,20.69,20.69,16863617,19.99,20.85,19.68,20.69,1.0,20.85,19.68,0,16863617,47952,345849046.52,1,02,010,BRRAILACNOR9,101,ON      NM,RUMO S.A.,100317,7108,2047157.52,consolidated_010_020
2021-01-13,RAIL3,RAIL3,20.83,20.83,20.19,20.7,20.7,7143369,20.83,20.83,20.19,20.7,1.0,20.83,20.19,0,7143369,22539,146927582.92,1,02,010,BRRAILACNOR9,101,ON      NM,RUMO S.A.,40969,2794,841442.92,consolidated_010_020
2021-01-14,RAIL3,RAIL3,20.76,21.04,20.58,20.74,20.74,7175133,20.76,21.04,20.58,20.74,1.0,21.04,20.58,0,7175133,24099,149253892.13,1,02,010,BRRAILACNOR9,101,ON      NM,RUMO S.A.,29833,1871,620328.13,consolidated_010_020
2021-01-15,RAIL3,RAIL3,20.5,21.38,20.46,21.21,21.21,15733682,20.5,21.38,20.46,21.21,1.0,21.38,20.46,0,15733682,28536,330764433.8,1,02,010,BRRAILACNOR9,101,ON      NM,RUMO S.A.,34482,1807,725897.8,consolidated_010_020
2021-01-18,RAIL3,RAIL3,21.23,21.32,20.92,20.92,20.92,7872278,21.23,21.32,20.92,20.92,1.0,21.32,20.92,0,7872278,17914,165928923.0,1,02,010,BRRAILACNOR9,101,ON      NM,RUMO S.A.,28978,1562,611483.0,consolidated_010_020
2021-01-19,RAIL3,RAIL3,21.18,21.42,20.8,21.1,21.1,16593105,21.18,21.42,20.8,21.1,1.0,21.42,20.8,0,16593105,28259,350290851.95,1,02,010,BRRAILACNOR9,101,ON      NM,RUMO S.A.,24205,1268,511057.95,consolidated_010_020
2021-01-20,RAIL3,RAIL3,21.21,21.35,20.96,21.03,21.03,10360491,21.21,21.35,20.96,21.03,1.0,21.35,20.96,0,10360491,20100,218542322.61,1,02,010,BRRAILACNOR9,101,ON      NM,RUMO S.A.,18591,960,392512.61,consolidated_010_020
2021-01-21,RAIL3,RAIL3,21.02,21.16,20.69,20.89,20.89,9792689,21.02,21.16,20.69,20.89,1.0,21.16,20.69,0,9792689,22540,204733288.78,1,02,010,BRRAILACNOR9,101,ON      NM,RUMO S.A.,16889,1071,352947.78,consolidated_010_020
2021-01-22,RAIL3,RAIL3,20.6,21.01,20.34,20.85,20.85,14368797,20.6,21.01,20.34,20.85,1.0,21.01,20.34,0,14368797,38476,298047963.76,1,02,010,BRRAILACNOR9,101,ON      NM,RUMO S.A.,31797,1530,657516.76,consolidated_010_020
2021-01-26,RAIL3,RAIL3,20.62,21.17,20.51,20.67,20.67,9356149,20.62,21.17,20.51,20.67,1.0,21.17,20.51,0,9356149,35589,194901040.85,1,02,010,BRRAILACNOR9,101,ON      NM,RUMO S.A.,21049,1096,440142.85,consolidated_010_020
2021-01-27,RAIL3,RAIL3,20.6,20.98,20.48,20.74,20.74,9787352,20.6,20.98,20.48,20.74,1.0,20.98,20.48,0,9787352,25026,203230580.9,1,02,010,BRRAILACNOR9,101,ON      NM,RUMO S.A.,15452,751,320706.9,consolidated_010_020
2021-01-28,RAIL3,RAIL3,20.7,21.15,20.7,20.92,20.92,9057316,20.7,21.15,20.7,20.92,1.0,21.15,20.7,0,9057316,18325,189641571.57,1,02,010,BRRAILACNOR9,101,ON      NM,RUMO S.A.,13216,832,276858.57,consolidated_010_020
2021-01-29,RAIL3,RAIL3,20.8,21.1,20.08,20.3,20.3,15380611,20.8,21.1,20.08,20.3,1.0,21.1,20.08,0,15380611,42808,316896571.03,1,02,010,BRRAILACNOR9,101,ON      NM,RUMO S.A.,66211,8415,1363177.03,consolidated_010_020
2021-02-01,RAIL3,RAIL3,20.88,21.38,20.48,21.1,21.1,12103861,20.88,21.38,20.48,21.1,1.0,21.38,20.48,0,12103861,47370,254402107.69,1,02,010,BRRAILACNOR9,101,ON      NM,RUMO S.A.,167261,9427,3497116.69,consolidated_010_020
2021-02-02,RAIL3,RAIL3,21.6,21.85,20.77,20.77,20.77,10780804,21.6,21.85,20.77,20.77,1.0,21.85,20.77,0,10780804,46445,228263100.45,1,02,010,BRRAILACNOR9,101,ON      NM,RUMO S.A.,88604,5291,1887450.45,consolidated_010_020
2021-02-03,RAIL3,RAIL3,20.89,21.85,20.84,21.7,21.7,13098889,20.89,21.85,20.84,21.7,1.0,21.85,20.84,0,13098889,44089,282459011.05,1,02,010,BRRAILACNOR9,101,ON      NM,RUMO S.A.,46789,2519,1008485.05,consolidated_010_020
2021-02-04,RAIL3,RAIL3,21.65,21.98,21.37,21.5,21.5,12614955,21.65,21.98,21.37,21.5,1.0,21.98,21.37,0,12614955,20925,273060754.69,1,02,010,BRRAILACNOR9,101,ON      NM,RUMO S.A.,40655,2186,880179.69,consolidated_010_020
2021-02-05,RAIL3,RAIL3,21.53,21.61,21.21,21.35,21.35,9085318,21.53,21.61,21.21,21.35,1.0,21.61,21.21,0,9085318,24822,194416901.25,1,02,010,BRRAILACNOR9,101,ON      NM,RUMO S.A.,34918,1921,748297.25,consolidated_010_020
2021-02-08,RAIL3,RAIL3,21.32,21.67,21.1,21.35,21.35,6126170,21.32,21.67,21.1,21.35,1.0,21.67,21.1,0,6126170,26054,130978343.4,1,02,010,BRRAILACNOR9,101,ON      NM,RUMO S.A.,37470,1932,801838.4,consolidated_010_020
2021-02-09,RAIL3,RAIL3,21.31,21.34,20.66,20.85,20.85,8952112,21.31,21.34,20.66,20.85,1.0,21.34,20.66,0,8952112,28822,187381919.08,1,02,010,BRRAILACNOR9,101,ON      NM,RUMO S.A.,36412,2192,762707.08,consolidated_010_020
2021-02-10,RAIL3,RAIL3,20.86,20.92,19.75,20.13,20.13,21321155,20.86,20.92,19.75,20.13,1.0,20.92,19.75,0,21321155,54193,428966725.41,1,02,010,BRRAILACNOR9,101,ON      NM,RUMO S.A.,62555,3471,1261140.41,consolidated_010_020
2021-02-11,RAIL3,RAIL3,20.22,20.47,19.48,19.81,19.81,14250900,20.22,20.47,19.48,19.81,1.0,20.47,19.48,0,14250900,36691,282127114.96,1,02,010,BRRAILACNOR9,101,ON      NM,RUMO S.A.,40100,2357,795621.96,consolidated_010_020
2021-02-12,RAIL3,RAIL3,19.57,20.27,18.82,20.18,20.18,27237307,19.57,20.27,18.82,20.18,1.0,20.27,18.82,0,27237307,60494,533693093.4,1,02,010,BRRAILACNOR9,101,ON      NM,RUMO S.A.,57907,2956,1139333.4,consolidated_010_020
2021-02-17,RAIL3,RAIL3,20.0,20.3,19.21,20.2,20.2,23367483,20.0,20.3,19.21,20.2,1.0,20.3,19.21,0,23367483,46309,464606131.2,1,02,010,BRRAILACNOR9,101,ON      NM,RUMO S.A.,69683,4280,1377762.2,consolidated_010_020
2021-02-18,RAIL3,RAIL3,19.9,20.32,19.76,20.3,20.3,18087615,19.9,20.32,19.76,20.3,1.0,20.32,19.76,0,18087615,40354,362630500.28,1,02,010,BRRAILACNOR9,101,ON      NM,RUMO S.A.,35715,1665,715159.28,consolidated_010_020
2021-02-19,RAIL3,RAIL3,20.31,20.43,19.52,19.57,19.57,14990886,20.31,20.43,19.52,19.57,1.0,20.43,19.52,0,14990886,33886,295574437.28,1,02,010,BRRAILACNOR9,101,ON      NM,RUMO S.A.,33086,1913,652251.28,consolidated_010_020
2021-02-22,RAIL3,RAIL3,18.97,19.35,18.36,19.09,19.09,19381789,18.97,19.35,18.36,19.09,1.0,19.35,18.36,0,19381789,63104,364402861.58,1,02,010,BRRAILACNOR9,101,ON      NM,RUMO S.A.,57589,3391,1082035.58,consolidated_010_020
2021-02-23,RAIL3,RAIL3,19.14,19.54,18.97,19.46,19.46,14814377,19.14,19.54,18.97,19.46,1.0,19.54,18.97,0,14814377,40107,286078364.88,1,02,010,BRRAILACNOR9,101,ON      NM,RUMO S.A.,23777,1222,456938.88,consolidated_010_020
2021-02-24,RAIL3,RAIL3,19.5,19.6,19.04,19.25,19.25,9499058,19.5,19.6,19.04,19.25,1.0,19.6,19.04,0,9499058,26758,182813937.87,1,02,010,BRRAILACNOR9,101,ON      NM,RUMO S.A.,19358,1135,372684.87,consolidated_010_020
2021-02-25,RAIL3,RAIL3,19.26,19.43,18.46,18.65,18.65,14779531,19.26,19.43,18.46,18.65,1.0,19.43,18.46,0,14779531,51652,279506234.27,1,02,010,BRRAILACNOR9,101,ON      NM,RUMO S.A.,32131,1674,607263.27,consolidated_010_020
2021-02-26,RAIL3,RAIL3,18.67,18.73,18.1,18.1,18.1,17901894,18.67,18.73,18.1,18.1,1.0,18.73,18.1,0,17901894,48313,327387236.67,1,02,010,BRRAILACNOR9,101,ON      NM,RUMO S.A.,91394,9092,1662853.67,consolidated_010_020
2021-03-01,RAIL3,RAIL3,18.13,18.73,18.07,18.08,18.08,12007134,18.13,18.73,18.07,18.08,1.0,18.73,18.07,0,12007134,47328,220915973.37,1,02,010,BRRAILACNOR9,101,ON      NM,RUMO S.A.,99834,6108,1834668.37,consolidated_010_020
2021-03-02,RAIL3,RAIL3,17.95,18.48,17.51,18.3,18.3,13460414,17.95,18.48,17.51,18.3,1.0,18.48,17.51,0,13460414,48858,241701897.48,1,02,010,BRRAILACNOR9,101,ON      NM,RUMO S.A.,49714,2979,888627.48,consolidated_010_020
2021-03-03,RAIL3,RAIL3,18.16,18.69,17.43,18.49,18.49,14079859,18.16,18.69,17.43,18.49,1.0,18.69,17.43,0,14079859,55530,254327228.02,1,02,010,BRRAILACNOR9,101,ON      NM,RUMO S.A.,41759,2349,747238.02,consolidated_010_020
2021-03-04,RAIL3,RAIL3,18.71,20.0,18.54,19.85,19.85,21752016,18.71,20.0,18.54,19.85,1.0,20.0,18.54,0,21752016,52844,425768990.58,1,02,010,BRRAILACNOR9,101,ON      NM,RUMO S.A.,53816,2915,1050247.58,consolidated_010_020
2021-03-05,RAIL3,RAIL3,19.94,20.84,19.8,20.31,20.31,23536814,19.94,20.84,19.8,20.31,1.0,20.84,19.8,0,23536814,53165,478793360.27,1,02,010,BRRAILACNOR9,101,ON      NM,RUMO S.A.,43314,1991,881694.27,consolidated_010_020
2021-03-08,RAIL3,RAIL3,19.98,20.07,18.55,18.7,18.7,16471581,19.98,20.07,18.55,18.7,1.0,20.07,18.55,0,16471581,42333,316660246.28,1,02,010,BRRAILACNOR9,101,ON      NM,RUMO S.A.,46381,2539,892596.28,consolidated_010_020
2021-03-09,RAIL3,RAIL3,18.74,18.92,18.28,18.43,18.43,16647610,18.74,18.92,18.28,18.43,1.0,18.92,18.28,0,16647610,34869,309780144.1,1,02,010,BRRAILACNOR9,101,ON      NM,RUMO S.A.,29710,1522,553345.1,consolidated_010_020
2021-03-10,RAIL3,RAIL3,18.71,18.76,18.28,18.52,18.52,14559862,18.71,18.76,18.28,18.52,1.0,18.76,18.28,0,14559862,45793,270713249.31,1,02,010,BRRAILACNOR9,101,ON      NM,RUMO S.A.,44362,1735,824467.31,consolidated_010_020
2021-03-11,RAIL3,RAIL3,18.67,19.81,18.47,19.81,19.81,16873671,18.67,19.81,18.47,19.81,1.0,19.81,18.47,0,16873671,34887,324868792.42,1,02,010,BRRAILACNOR9,101,ON      NM,RUMO S.A.,30371,1388,579680.42,consolidated_010_020
2021-03-12,RAIL3,RAIL3,19.46,19.71,19.08,19.71,19.71,8949751,19.46,19.71,19.08,19.71,1.0,19.71,19.08,0,8949751,30467,173672820.22,1,02,010,BRRAILACNOR9,101,ON      NM,RUMO S.A.,20551,1070,397466.22,consolidated_010_020
2021-03-15,RAIL3,RAIL3,19.7,20.06,19.37,20.06,20.06,7458989,19.7,20.06,19.37,20.06,1.0,20.06,19.37,0,7458989,22421,147897944.27,1,02,010,BRRAILACNOR9,101,ON      NM,RUMO S.A.,20889,1250,413409.27,consolidated_010_020
2021-03-16,RAIL3,RAIL3,19.67,19.96,19.13,19.2,19.2,9184897,19.67,19.96,19.13,19.2,1.0,19.96,19.13,0,9184897,26700,178233857.25,1,02,010,BRRAILACNOR9,101,ON      NM,RUMO S.A.,23597,1380,459190.25,consolidated_010_020
2021-03-17,RAIL3,RAIL3,19.17,20.57,19.17,20.57,20.57,13145946,19.17,20.57,19.17,20.57,1.0,20.57,19.17,0,13145946,29586,263904759.97,1,02,010,BRRAILACNOR9,101,ON      NM,RUMO S.A.,36546,1742,730944.97,consolidated_010_020
2021-03-18,RAIL3,RAIL3,20.08,20.68,19.9,20.27,20.27,14402309,20.08,20.68,19.9,20.27,1.0,20.68,19.9,0,14402309,27065,293566446.55,1,02,010,BRRAILACNOR9,101,ON      NM,RUMO S.A.,24109,1203,489299.55,consolidated_010_020
2021-03-19,RAIL3,RAIL3,20.25,20.98,20.17,20.77,20.77,15238741,20.25,20.98,20.17,20.77,1.0,20.98,20.17,0,15238741,24854,315417355.34,1,02,010,BRRAILACNOR9,101,ON      NM,RUMO S.A.,26241,1305,542420.34,consolidated_010_020
2021-03-22,RAIL3,RAIL3,20.45,20.74,20.23,20.4,20.4,5017446,20.45,20.74,20.23,20.4,1.0,20.74,20.23,0,5017446,15544,102605489.75,1,02,010,BRRAILACNOR9,101,ON      NM,RUMO S.A.,13746,733,281058.75,consolidated_010_020
2021-03-23,RAIL3,RAIL3,20.34,20.37,19.77,19.98,19.98,4540509,20.34,20.37,19.77,19.98,1.0,20.37,19.77,0,4540509,14246,91175618.03,1,02,010,BRRAILACNOR9,101,ON      NM,RUMO S.A.,15909,889,319815.03,consolidated_010_020
2021-03-24,RAIL3,RAIL3,19.81,20.09,19.59,19.61,19.61,7639738,19.81,20.09,19.59,19.61,1.0,20.09,19.59,0,7639738,24391,151527132.44,1,02,010,BRRAILACNOR9,101,ON      NM,RUMO S.A.,15438,868,306722.44,consolidated_010_020
2021-03-25,RAIL3,RAIL3,19.42,19.99,19.14,19.8,19.8,13299379,19.42,19.99,19.14,19.8,1.0,19.99,19.14,0,13299379,18398,262295013.27,1,02,010,BRRAILACNOR9,101,ON      NM,RUMO S.A.,16279,764,319778.27,consolidated_010_020
2021-03-26,RAIL3,RAIL3,19.76,20.18,19.58,19.7,19.7,7406667,19.76,20.18,19.58,19.7,1.0,20.18,19.58,0,7406667,16110,146960739.38,1,02,010,BRRAILACNOR9,101,ON      NM,RUMO S.A.,13267,656,263994.38,consolidated_010_020
2021-03-29,RAIL3,RAIL3,19.6,20.11,19.5,19.93,19.93,5719692,19.6,20.11,19.5,19.93,1.0,20.11,19.5,0,5719692,20173,113730930.82,1,02,010,BRRAILACNOR9,101,ON      NM,RUMO S.A.,15492,768,307199.82,consolidated_010_020
2021-03-30,RAIL3,RAIL3,19.75,20.27,19.75,20.12,20.12,8206280,19.75,20.27,19.75,20.12,1.0,20.27,19.75,0,8206280,22376,164471169.47,1,02,010,BRRAILACNOR9,101,ON      NM,RUMO S.A.,13880,815,278141.47,consolidated_010_020
2021-03-31,RAIL3,RAIL3,20.05,20.34,19.9,20.25,20.25,10953739,20.05,20.34,19.9,20.25,1.0,20.34,19.9,0,10953739,25286,219775208.16,1,02,010,BRRAILACNOR9,101,ON      NM,RUMO S.A.,15239,738,306631.16,consolidated_010_020
2021-04-01,RAIL3,RAIL3,20.2,20.37,20.01,20.16,20.16,3951289,20.2,20.37,20.01,20.16,1.0,20.37,20.01,0,3951289,16773,79783995.69,1,02,010,BRRAILACNOR9,101,ON      NM,RUMO S.A.,17789,1065,359052.69,consolidated_010_020
2021-04-05,RAIL3,RAIL3,20.3,20.89,20.25,20.74,20.74,6426818,20.3,20.89,20.25,20.74,1.0,20.89,20.25,0,6426818,18394,132205288.02,1,02,010,BRRAILACNOR9,101,ON      NM,RUMO S.A.,21418,1371,439615.02,consolidated_010_020
2021-04-06,RAIL3,RAIL3,20.72,20.96,20.26,20.93,20.93,8234515,20.72,20.96,20.26,20.93,1.0,20.96,20.26,0,8234515,28369,170551351.95,1,02,010,BRRAILACNOR9,101,ON      NM,RUMO S.A.,21515,1293,445350.95,consolidated_010_020
2021-04-07,RAIL3,RAIL3,20.93,20.93,20.19,20.25,20.25,6617386,20.93,20.93,20.19,20.25,1.0,20.93,20.19,0,6617386,19963,135463899.49,1,02,010,BRRAILACNOR9,101,ON      NM,RUMO S.A.,22986,1427,470528.49,consolidated_010_020
2021-04-08,RAIL3,RAIL3,20.4,20.75,20.26,20.45,20.45,8879203,20.4,20.75,20.26,20.45,1.0,20.75,20.26,0,8879203,20041,182181312.12,1,02,010,BRRAILACNOR9,101,ON      NM,RUMO S.A.,17903,941,367714.12,consolidated_010_020
2021-04-09,RAIL3,RAIL3,20.27,20.45,20.16,20.31,20.31,3544417,20.27,20.45,20.16,20.31,1.0,20.45,20.16,0,3544417,13037,71928715.58,1,02,010,BRRAILACNOR9,101,ON      NM,RUMO S.A.,13417,885,272307.58,consolidated_010_020
2021-04-12,RAIL3,RAIL3,20.37,20.6,20.19,20.48,20.48,4643643,20.37,20.6,20.19,20.48,1.0,20.6,20.19,0,4643643,15188,94993949.82,1,02,010,BRRAILACNOR9,101,ON      NM,RUMO S.A.,15343,838,313113.82,consolidated_010_020
2021-04-13,RAIL3,RAIL3,20.4,20.43,19.86,20.28,20.28,8464347,20.4,20.43,19.86,20.28,1.0,20.43,19.86,0,8464347,23095,169834958.98,1,02,010,BRRAILACNOR9,101,ON      NM,RUMO S.A.,24847,1596,498091.98,consolidated_010_020
2021-04-14,RAIL3,RAIL3,20.16,20.51,20.03,20.35,20.35,9523297,20.16,20.51,20.03,20.35,1.0,20.51,20.03,0,9523297,29759,193261248.33,1,02,010,BRRAILACNOR9,101,ON      NM,RUMO S.A.,16597,932,336445.33,consolidated_010_020
2021-04-15,RAIL3,RAIL3,20.25,20.76,20.22,20.6,20.6,10933903,20.25,20.76,20.22,20.6,1.0,20.76,20.22,0,10933903,22615,225039341.27,1,02,010,BRRAILACNOR9,101,ON      NM,RUMO S.A.,17503,968,359872.27,consolidated_010_020
2021-04-16,RAIL3,RAIL3,20.61,21.24,20.56,21.01,21.01,14771325,20.61,21.24,20.56,21.01,1.0,21.24,20.56,0,14771325,36112,309851305.84,1,02,010,BRRAILACNOR9,101,ON      NM,RUMO S.A.,34525,1900,724045.84,consolidated_010_020
2021-04-19,RAIL3,RAIL3,21.11,21.29,20.74,20.81,20.81,10628250,21.11,21.29,20.74,20.81,1.0,21.29,20.74,0,10628250,25519,223521294.11,1,02,010,BRRAILACNOR9,101,ON      NM,RUMO S.A.,37050,2078,780641.11,consolidated_010_020
2021-04-20,RAIL3,RAIL3,20.72,21.04,20.71,20.77,20.77,6593533,20.72,21.04,20.71,20.77,1.0,21.04,20.71,0,6593533,13315,137446960.23,1,02,010,BRRAILACNOR9,101,ON      NM,RUMO S.A.,19633,1018,409289.23,consolidated_010_020
2021-04-22,RAIL3,RAIL3,20.82,21.09,20.46,20.8,20.8,8059209,20.82,21.09,20.46,20.8,1.0,21.09,20.46,0,8059209,18758,167440001.53,1,02,010,BRRAILACNOR9,101,ON      NM,RUMO S.A.,19809,1070,411690.53,consolidated_010_020
2021-04-23,RAIL3,RAIL3,20.89,21.35,20.82,21.06,21.06,11391249,20.89,21.35,20.82,21.06,1.0,21.35,20.82,0,11391249,31701,240418821.68,1,02,010,BRRAILACNOR9,101,ON      NM,RUMO S.A.,24449,1446,516433.68,consolidated_010_020
2021-04-26,RAIL3,RAIL3,21.09,21.4,20.54,20.68,20.68,5865079,21.09,21.4,20.54,20.68,1.0,21.4,20.54,0,5865079,22269,122227266.17,1,02,010,BRRAILACNOR9,101,ON      NM,RUMO S.A.,26979,1508,563872.17,consolidated_010_020
2021-04-27,RAIL3,RAIL3,20.69,20.88,20.25,20.42,20.42,6608279,20.69,20.88,20.25,20.42,1.0,20.88,20.25,0,6608279,17932,135387441.4,1,02,010,BRRAILACNOR9,101,ON      NM,RUMO S.A.,21079,1149,433065.4,consolidated_010_020
2021-04-28,RAIL3,RAIL3,20.44,20.77,20.33,20.74,20.74,5098734,20.44,20.77,20.33,20.74,1.0,20.77,20.33,0,5098734,18341,105169490.53,1,02,010,BRRAILACNOR9,101,ON      NM,RUMO S.A.,12234,679,251702.53,consolidated_010_020
2021-04-29,RAIL3,RAIL3,20.7,20.76,20.36,20.57,20.57,4530287,20.7,20.76,20.36,20.57,1.0,20.76,20.36,0,4530287,19667,92909536.79,1,02,010,BRRAILACNOR9,101,ON      NM,RUMO S.A.,11787,656,241961.79,consolidated_010_020
2021-04-30,RAIL3,RAIL3,20.45,20.79,19.67,20.0,20.0,22596642,20.45,20.79,19.67,20.0,1.0,20.79,19.67,0,22596642,38484,453365261.98,1,02,010,BRRAILACNOR9,101,ON      NM,RUMO S.A.,38942,2214,781069.98,consolidated_010_020
2021-05-03,RAIL3,RAIL3,20.02,20.9,19.81,20.87,20.87,17529854,20.02,20.9,19.81,20.87,1.0,20.9,19.81,0,17529854,35265,359849465.3,1,02,010,BRRAILACNOR9,101,ON      NM,RUMO S.A.,43354,1925,887415.3,consolidated_010_020
2021-05-04,RAIL3,RAIL3,20.62,21.02,20.54,20.68,20.68,8178558,20.62,21.02,20.54,20.68,1.0,21.02,20.54,0,8178558,23842,169735892.64,1,02,010,BRRAILACNOR9,101,ON      NM,RUMO S.A.,17858,1027,371353.64,consolidated_010_020
2021-05-05,RAIL3,RAIL3,20.88,20.94,20.55,20.85,20.85,3939866,20.88,20.94,20.55,20.85,1.0,20.94,20.55,0,3939866,11567,81726532.87,1,02,010,BRRAILACNOR9,101,ON      NM,RUMO S.A.,14366,762,297570.87,consolidated_010_020
2021-05-06,RAIL3,RAIL3,20.76,20.83,20.45,20.7,20.7,3200556,20.76,20.83,20.45,20.7,1.0,20.83,20.45,0,3200556,12675,66036854.73,1,02,010,BRRAILACNOR9,101,ON      NM,RUMO S.A.,12956,678,267128.73,consolidated_010_020
2021-05-07,RAIL3,RAIL3,20.75,21.39,20.7,21.34,21.34,6528629,20.75,21.39,20.7,21.34,1.0,21.39,20.7,0,6528629,24815,137951269.52,1,02,010,BRRAILACNOR9,101,ON      NM,RUMO S.A.,24329,1289,513445.52,consolidated_010_020
2021-05-10,RAIL3,RAIL3,21.14,21.55,21.08,21.43,21.43,8469012,21.14,21.55,21.08,21.43,1.0,21.55,21.08,0,8469012,25796,180113861.76,1,02,010,BRRAILACNOR9,101,ON      NM,RUMO S.A.,24512,1378,521626.76,consolidated_010_020
2021-05-11,RAIL3,RAIL3,21.18,21.29,20.94,21.2,21.2,6890632,21.18,21.29,20.94,21.2,1.0,21.29,20.94,0,6890632,18000,145544050.59,1,02,010,BRRAILACNOR9,101,ON      NM,RUMO S.A.,18632,1035,393751.59,consolidated_010_020
2021-05-12,RAIL3,RAIL3,20.9,20.97,20.2,20.21,20.21,8256213,20.9,20.97,20.2,20.21,1.0,20.97,20.2,0,8256213,29782,168937790.58,1,02,010,BRRAILACNOR9,101,ON      NM,RUMO S.A.,26613,1575,546330.58,consolidated_010_020
2021-05-13,RAIL3,RAIL3,20.39,21.15,20.38,20.85,20.85,5905836,20.39,21.15,20.38,20.85,1.0,21.15,20.38,0,5905836,19953,123400640.17,1,02,010,BRRAILACNOR9,101,ON      NM,RUMO S.A.,16936,982,352792.17,consolidated_010_020
2021-05-14,RAIL3,RAIL3,21.1,21.65,20.77,20.95,20.95,7030461,21.1,21.65,20.77,20.95,1.0,21.65,20.77,0,7030461,27280,148296539.28,1,02,010,BRRAILACNOR9,101,ON      NM,RUMO S.A.,25861,1237,547600.28,consolidated_010_020
2021-05-17,RAIL3,RAIL3,20.92,21.03,20.48,20.7,20.7,7488952,20.92,21.03,20.48,20.7,1.0,21.03,20.48,0,7488952,24401,154612465.81,1,02,010,BRRAILACNOR9,101,ON      NM,RUMO S.A.,18252,1162,377530.81,consolidated_010_020
2021-05-18,RAIL3,RAIL3,20.6,20.76,20.46,20.64,20.64,4467091,20.6,20.76,20.46,20.64,1.0,20.76,20.46,0,4467091,18624,92107444.02,1,02,010,BRRAILACNOR9,101,ON      NM,RUMO S.A.,14591,804,300722.02,consolidated_010_020
2021-05-19,RAIL3,RAIL3,20.41,20.69,19.98,20.22,20.22,12664550,20.41,20.69,19.98,20.22,1.0,20.69,19.98,0,12664550,30845,256570672.76,1,02,010,BRRAILACNOR9,101,ON      NM,RUMO S.A.,25750,1489,521655.76,consolidated_010_020
2021-05-20,RAIL3,RAIL3,20.27,20.48,20.06,20.21,20.21,12516056,20.27,20.48,20.06,20.21,1.0,20.48,20.06,0,12516056,20899,253459054.9,1,02,010,BRRAILACNOR9,101,ON      NM,RUMO S.A.,12856,744,260732.9,consolidated_010_020
2021-05-21,RAIL3,RAIL3,20.31,20.46,19.86,19.97,19.97,8083017,20.31,20.46,19.86,19.97,1.0,20.46,19.86,0,8083017,18123,161955030.55,1,02,010,BRRAILACNOR9,101,ON      NM,RUMO S.A.,18517,1056,371722.55,consolidated_010_020
2021-05-24,RAIL3,RAIL3,20.0,20.9,20.0,20.8,20.8,8442433,20.0,20.9,20.0,20.8,1.0,20.9,20.0,0,8442433,22921,174430011.37,1,02,010,BRRAILACNOR9,101,ON      NM,RUMO S.A.,20233,1121,416943.37,consolidated_010_020
2021-05-25,RAIL3,RAIL3,20.84,20.99,20.62,20.73,20.73,6325035,20.84,20.99,20.62,20.73,1.0,20.99,20.62,0,6325035,17316,131726499.04,1,02,010,BRRAILACNOR9,101,ON      NM,RUMO S.A.,12135,777,252687.04,consolidated_010_020
2021-05-26,RAIL3,RAIL3,20.85,20.95,20.51,20.8,20.8,4072715,20.85,20.95,20.51,20.8,1.0,20.95,20.51,0,4072715,13363,84426222.12,1,02,010,BRRAILACNOR9,101,ON      NM,RUMO S.A.,13415,667,278103.12,consolidated_010_020
2021-05-27,RAIL3,RAIL3,20.76,20.9,20.65,20.85,20.85,10422816,20.76,20.9,20.65,20.85,1.0,20.9,20.65,0,10422816,12912,217054500.8,1,02,010,BRRAILACNOR9,101,ON      NM,RUMO S.A.,11716,671,243127.8,consolidated_010_020
2021-05-28,RAIL3,RAIL3,20.72,20.99,20.59,20.88,20.88,4117058,20.72,20.99,20.59,20.88,1.0,20.99,20.59,0,4117058,13036,85921903.2,1,02,010,BRRAILACNOR9,101,ON      NM,RUMO S.A.,12658,755,264039.2,consolidated_010_020
2021-05-31,RAIL3,RAIL3,20.8,20.9,20.46,20.67,20.67,6484340,20.8,20.9,20.46,20.67,1.0,20.9,20.46,0,6484340,23858,133694163.68,1,02,010,BRRAILACNOR9,101,ON      NM,RUMO S.A.,15940,1070,328614.68,consolidated_010_020
2021-06-01,RAIL3,RAIL3,20.79,21.35,20.79,21.35,21.35,9696036,20.79,21.35,20.79,21.35,1.0,21.35,20.79,0,9696036,33195,204399440.3,1,02,010,BRRAILACNOR9,101,ON      NM,RUMO S.A.,28936,1578,608373.3,consolidated_010_020
2021-06-02,RAIL3,RAIL3,21.29,22.0,21.1,21.68,21.68,9582918,21.29,22.0,21.1,21.68,1.0,22.0,21.1,0,9582918,27498,207655226.12,1,02,010,BRRAILACNOR9,101,ON      NM,RUMO S.A.,34818,1772,753630.12,consolidated_010_020
2021-06-04,RAIL3,RAIL3,21.58,21.58,21.06,21.29,21.29,7766421,21.58,21.58,21.06,21.29,1.0,21.58,21.06,0,7766421,21485,164756365.84,1,02,010,BRRAILACNOR9,101,ON      NM,RUMO S.A.,22421,1578,476233.84,consolidated_010_020
2021-06-07,RAIL3,RAIL3,21.29,21.44,21.07,21.12,21.12,10437473,21.29,21.44,21.07,21.12,1.0,21.44,21.07,0,10437473,29139,220925352.78,1,02,010,BRRAILACNOR9,101,ON      NM,RUMO S.A.,17273,1105,366081.78,consolidated_010_020
2021-06-08,RAIL3,RAIL3,21.17,21.25,21.01,21.22,21.22,4919279,21.17,21.25,21.01,21.22,1.0,21.25,21.01,0,4919279,14477,104056264.12,1,02,010,BRRAILACNOR9,101,ON      NM,RUMO S.A.,15479,895,327135.12,consolidated_010_020
2021-06-09,RAIL3,RAIL3,21.29,21.29,20.76,20.82,20.82,5697589,21.29,21.29,20.76,20.82,1.0,21.29,20.76,0,5697589,18363,119001729.61,1,02,010,BRRAILACNOR9,101,ON      NM,RUMO S.A.,17989,1112,376364.61,consolidated_010_020
2021-06-10,RAIL3,RAIL3,20.95,21.09,20.67,21.09,21.09,5109903,20.95,21.09,20.67,21.09,1.0,21.09,20.67,0,5109903,11592,107052971.99,1,02,010,BRRAILACNOR9,101,ON      NM,RUMO S.A.,13203,754,275656.99,consolidated_010_020
2021-06-11,RAIL3,RAIL3,21.15,21.15,20.3,20.58,20.58,4996196,21.15,21.15,20.3,20.58,1.0,21.15,20.3,0,4996196,13961,102947025.72,1,02,010,BRRAILACNOR9,101,ON      NM,RUMO S.A.,17796,1161,366675.72,consolidated_010_020
2021-06-14,RAIL3,RAIL3,20.73,21.02,20.46,20.75,20.75,6880529,20.73,21.02,20.46,20.75,1.0,21.02,20.46,0,6880529,13840,142602554.37,1,02,010,BRRAILACNOR9,101,ON      NM,RUMO S.A.,15729,915,325921.37,consolidated_010_020
2021-06-15,RAIL3,RAIL3,20.75,20.83,20.32,20.5,20.5,8386098,20.75,20.83,20.32,20.5,1.0,20.83,20.32,0,8386098,17874,171981696.5,1,02,010,BRRAILACNOR9,101,ON      NM,RUMO S.A.,18598,1083,381725.5,consolidated_010_020
2021-06-16,RAIL3,RAIL3,20.52,20.55,20.15,20.23,20.23,12591647,20.52,20.55,20.15,20.23,1.0,20.55,20.15,0,12591647,28293,255775639.56,1,02,010,BRRAILACNOR9,101,ON      NM,RUMO S.A.,18347,1150,372924.56,consolidated_010_020
2021-06-17,RAIL3,RAIL3,20.26,20.34,19.98,20.1,20.1,6817032,20.26,20.34,19.98,20.1,1.0,20.34,19.98,0,6817032,17561,137272292.29,1,02,010,BRRAILACNOR9,101,ON      NM,RUMO S.A.,20732,1298,417586.29,consolidated_010_020
2021-06-18,RAIL3,RAIL3,20.09,20.33,19.87,20.33,20.33,14699975,20.09,20.33,19.87,20.33,1.0,20.33,19.87,0,14699975,21351,296061258.14,1,02,010,BRRAILACNOR9,101,ON      NM,RUMO S.A.,19475,1258,391817.14,consolidated_010_020
2021-06-21,RAIL3,RAIL3,20.32,20.32,19.9,20.06,20.06,9085704,20.32,20.32,19.9,20.06,1.0,20.32,19.9,0,9085704,23817,181979602.1,1,02,010,BRRAILACNOR9,101,ON      NM,RUMO S.A.,24604,1715,493106.1,consolidated_010_020
2021-06-22,RAIL3,RAIL3,20.04,20.04,19.51,19.86,19.86,10836203,20.04,20.04,19.51,19.86,1.0,20.04,19.51,0,10836203,24676,213331875.16,1,02,010,BRRAILACNOR9,101,ON      NM,RUMO S.A.,28603,2033,562882.16,consolidated_010_020
2021-06-23,RAIL3,RAIL3,19.83,20.02,19.56,19.71,19.71,5956336,19.83,20.02,19.56,19.71,1.0,20.02,19.56,0,5956336,18742,117753162.91,1,02,010,BRRAILACNOR9,101,ON      NM,RUMO S.A.,17836,1113,352722.91,consolidated_010_020
2021-06-24,RAIL3,RAIL3,19.87,20.0,19.65,19.93,19.93,6606927,19.87,20.0,19.65,19.93,1.0,20.0,19.65,0,6606927,15246,131238177.03,1,02,010,BRRAILACNOR9,101,ON      NM,RUMO S.A.,14727,870,292213.03,consolidated_010_020
2021-06-25,RAIL3,RAIL3,19.95,19.95,19.26,19.54,19.54,13036911,19.95,19.95,19.26,19.54,1.0,19.95,19.26,0,13036911,20609,254677931.22,1,02,010,BRRAILACNOR9,101,ON      NM,RUMO S.A.,26811,1848,523101.22,consolidated_010_020
2021-06-28,RAIL3,RAIL3,19.57,19.85,19.43,19.61,19.61,5323256,19.57,19.85,19.43,19.61,1.0,19.85,19.43,0,5323256,15760,104653051.42,1,02,010,BRRAILACNOR9,101,ON      NM,RUMO S.A.,13956,699,274292.42,consolidated_010_020
2021-06-29,RAIL3,RAIL3,19.7,19.7,19.25,19.6,19.6,5560292,19.7,19.7,19.25,19.6,1.0,19.7,19.25,0,5560292,16192,108163919.77,1,02,010,BRRAILACNOR9,101,ON      NM,RUMO S.A.,14392,929,279663.77,consolidated_010_020
2021-06-30,RAIL3,RAIL3,19.44,19.61,19.15,19.15,19.15,10649239,19.44,19.61,19.15,19.15,1.0,19.61,19.15,0,10649239,32405,204837027.95,1,02,010,BRRAILACNOR9,101,ON      NM,RUMO S.A.,21639,1371,417134.95,consolidated_010_020
2021-07-01,RAIL3,RAIL3,19.21,19.92,19.06,19.75,19.75,14945538,19.21,19.92,19.06,19.75,1.0,19.92,19.06,0,14945538,27831,290798357.77,1,02,010,BRRAILACNOR9,101,ON      NM,RUMO S.A.,31838,1711,619182.77,consolidated_010_020
2021-07-02,RAIL3,RAIL3,19.93,20.05,19.36,19.75,19.75,8590535,19.93,20.05,19.36,19.75,1.0,20.05,19.36,0,8590535,20332,168755133.91,1,02,010,BRRAILACNOR9,101,ON      NM,RUMO S.A.,20635,1118,405226.91,consolidated_010_020
2021-07-05,RAIL3,RAIL3,19.57,19.95,19.57,19.79,19.79,5938280,19.57,19.95,19.57,19.79,1.0,19.95,19.57,0,5938280,10822,117588870.31,1,02,010,BRRAILACNOR9,101,ON      NM,RUMO S.A.,14080,795,278561.31,consolidated_010_020
2021-07-06,RAIL3,RAIL3,19.67,19.8,19.31,19.36,19.36,6105600,19.67,19.8,19.31,19.36,1.0,19.8,19.31,0,6105600,20268,118805644.77,1,02,010,BRRAILACNOR9,101,ON      NM,RUMO S.A.,14500,912,283138.77,consolidated_010_020
2021-07-07,RAIL3,RAIL3,19.58,20.39,19.55,20.27,20.27,11458250,19.58,20.39,19.55,20.27,1.0,20.39,19.55,0,11458250,38212,230301497.57,1,02,010,BRRAILACNOR9,101,ON      NM,RUMO S.A.,27350,1408,549964.57,consolidated_010_020
2021-07-08,RAIL3,RAIL3,19.93,20.17,19.75,20.0,20.0,7085354,19.93,20.17,19.75,20.0,1.0,20.17,19.75,0,7085354,21535,141494108.31,1,02,010,BRRAILACNOR9,101,ON      NM,RUMO S.A.,16854,966,336372.31,consolidated_010_020
2021-07-12,RAIL3,RAIL3,20.15,20.36,19.91,20.13,20.13,5538026,20.15,20.36,19.91,20.13,1.0,20.36,19.91,0,5538026,19392,111805574.78,1,02,010,BRRAILACNOR9,101,ON      NM,RUMO S.A.,15726,918,317123.78,consolidated_010_020
2021-07-13,RAIL3,RAIL3,19.91,20.48,19.85,20.4,20.4,5326239,19.91,20.48,19.85,20.4,1.0,20.48,19.85,0,5326239,15967,107849482.64,1,02,010,BRRAILACNOR9,101,ON      NM,RUMO S.A.,15739,843,318728.64,consolidated_010_020
2021-07-14,RAIL3,RAIL3,20.52,20.98,20.51,20.76,20.76,12066463,20.52,20.98,20.51,20.76,1.0,20.98,20.51,0,12066463,43232,251242093.6,1,02,010,BRRAILACNOR9,101,ON      NM,RUMO S.A.,24363,1263,507070.6,consolidated_010_020
2021-07-15,RAIL3,RAIL3,20.79,20.94,20.5,20.53,20.53,8753234,20.79,20.94,20.5,20.53,1.0,20.94,20.5,0,8753234,20347,180922003.76,1,02,010,BRRAILACNOR9,101,ON      NM,RUMO S.A.,13634,696,282202.76,consolidated_010_020
2021-07-16,RAIL3,RAIL3,20.68,20.75,20.41,20.46,20.46,5050661,20.68,20.75,20.41,20.46,1.0,20.75,20.41,0,5050661,13651,103911802.97,1,02,010,BRRAILACNOR9,101,ON      NM,RUMO S.A.,12661,698,260832.97,consolidated_010_020
2021-07-19,RAIL3,RAIL3,20.12,21.08,20.09,20.87,20.87,18444688,20.12,21.08,20.09,20.87,1.0,21.08,20.09,0,18444688,38017,380866368.82,1,02,010,BRRAILACNOR9,101,ON      NM,RUMO S.A.,22988,1030,474047.82,consolidated_010_020
2021-07-20,RAIL3,RAIL3,20.77,21.8,20.77,21.35,21.35,27322800,20.77,21.8,20.77,21.35,1.0,21.8,20.77,0,27322800,42237,584424831.57,1,02,010,BRRAILACNOR9,101,ON      NM,RUMO S.A.,37400,1782,799379.57,consolidated_010_020
2021-07-21,RAIL3,RAIL3,21.35,21.86,21.16,21.7,21.7,14569717,21.35,21.86,21.16,21.7,1.0,21.86,21.16,0,14569717,27963,314660331.63,1,02,010,BRRAILACNOR9,101,ON      NM,RUMO S.A.,27317,1320,590569.63,consolidated_010_020
2021-07-22,RAIL3,RAIL3,21.62,21.67,21.35,21.45,21.45,5473646,21.62,21.67,21.35,21.45,1.0,21.67,21.35,0,5473646,14477,117698346.33,1,02,010,BRRAILACNOR9,101,ON      NM,RUMO S.A.,13246,742,284867.33,consolidated_010_020
2021-07-23,RAIL3,RAIL3,21.4,21.55,21.2,21.35,21.35,2793789,21.4,21.55,21.2,21.35,1.0,21.55,21.2,0,2793789,10908,59617417.22,1,02,010,BRRAILACNOR9,101,ON      NM,RUMO S.A.,9289,526,198496.22,consolidated_010_020
2021-07-26,RAIL3,RAIL3,21.32,21.53,21.08,21.27,21.27,3774850,21.32,21.53,21.08,21.27,1.0,21.53,21.08,0,3774850,15862,80487290.21,1,02,010,BRRAILACNOR9,101,ON      NM,RUMO S.A.,13850,751,295523.21,consolidated_010_020
2021-07-27,RAIL3,RAIL3,21.23,21.23,20.66,20.8,20.8,7148843,21.23,21.23,20.66,20.8,1.0,21.23,20.66,0,7148843,15448,149020552.53,1,02,010,BRRAILACNOR9,101,ON      NM,RUMO S.A.,12243,645,256115.53,consolidated_010_020
2021-07-28,RAIL3,RAIL3,20.8,21.27,20.8,21.11,21.11,6331801,20.8,21.27,20.8,21.11,1.0,21.27,20.8,0,6331801,23466,133072475.96,1,02,010,BRRAILACNOR9,101,ON      NM,RUMO S.A.,14101,607,296359.96,consolidated_010_020
2021-07-29,RAIL3,RAIL3,21.19,21.22,20.77,20.91,20.91,5707455,21.19,21.22,20.77,20.91,1.0,21.22,20.77,0,5707455,14770,119308355.83,1,02,010,BRRAILACNOR9,101,ON      NM,RUMO S.A.,11355,506,237483.83,consolidated_010_020
2021-07-30,RAIL3,RAIL3,20.69,21.02,20.55,20.66,20.66,8074009,20.69,21.02,20.55,20.66,1.0,21.02,20.55,0,8074009,22750,167717802.14,1,02,010,BRRAILACNOR9,101,ON      NM,RUMO S.A.,18909,803,390945.14,consolidated_010_020
2021-08-02,RAIL3,RAIL3,20.79,21.25,20.76,20.82,20.82,8142065,20.79,21.25,20.76,20.82,1.0,21.25,20.76,0,8142065,21837,171582908.39,1,02,010,BRRAILACNOR9,101,ON      NM,RUMO S.A.,24665,1155,517421.39,consolidated_010_020
2021-08-03,RAIL3,RAIL3,20.85,20.88,20.28,20.73,20.73,5218573,20.85,20.88,20.28,20.73,1.0,20.88,20.28,0,5218573,19243,107325899.65,1,02,010,BRRAILACNOR9,101,ON      NM,RUMO S.A.,15373,826,315992.65,consolidated_010_020
2021-08-04,RAIL3,RAIL3,20.51,20.73,20.07,20.29,20.29,5312458,20.51,20.73,20.07,20.29,1.0,20.73,20.07,0,5312458,19327,107793066.51,1,02,010,BRRAILACNOR9,101,ON      NM,RUMO S.A.,14358,856,291773.51,consolidated_010_020
2021-08-05,RAIL3,RAIL3,20.44,20.6,19.96,20.09,20.09,4000997,20.44,20.6,19.96,20.09,1.0,20.6,19.96,0,4000997,15453,80735387.02,1,02,010,BRRAILACNOR9,101,ON      NM,RUMO S.A.,12397,688,250423.02,consolidated_010_020
2021-08-06,RAIL3,RAIL3,20.07,20.3,19.93,20.19,20.19,3883779,20.07,20.3,19.93,20.19,1.0,20.3,19.93,0,3883779,13156,78271132.44,1,02,010,BRRAILACNOR9,101,ON      NM,RUMO S.A.,10779,532,216976.44,consolidated_010_020
2021-08-09,RAIL3,RAIL3,20.14,20.38,19.97,19.97,19.97,6643051,20.14,20.38,19.97,19.97,1.0,20.38,19.97,0,6643051,19161,133957363.0,1,02,010,BRRAILACNOR9,101,ON      NM,RUMO S.A.,9151,555,184645.0,consolidated_010_020
2021-08-10,RAIL3,RAIL3,20.08,20.17,19.53,19.58,19.58,7549467,20.08,20.17,19.53,19.58,1.0,20.17,19.53,0,7549467,24945,149326292.23,1,02,010,BRRAILACNOR9,101,ON      NM,RUMO S.A.,19167,1114,379512.23,consolidated_010_020
2021-08-11,RAIL3,RAIL3,19.63,19.88,19.43,19.64,19.64,5583779,19.63,19.88,19.43,19.64,1.0,19.88,19.43,0,5583779,16829,109832122.4,1,02,010,BRRAILACNOR9,101,ON      NM,RUMO S.A.,15279,953,300483.4,consolidated_010_020
2021-08-12,RAIL3,RAIL3,19.69,19.82,19.42,19.55,19.55,5735449,19.69,19.82,19.42,19.55,1.0,19.82,19.42,0,5735449,18230,112336158.54,1,02,010,BRRAILACNOR9,101,ON      NM,RUMO S.A.,12749,706,249768.54,consolidated_010_020
2021-08-13,RAIL3,RAIL3,19.36,19.37,18.89,19.12,19.12,15088857,19.36,19.37,18.89,19.12,1.0,19.37,18.89,0,15088857,38268,287944775.52,1,02,010,BRRAILACNOR9,101,ON      NM,RUMO S.A.,23057,1381,440015.52,consolidated_010_020
2021-08-16,RAIL3,RAIL3,19.08,19.08,18.34,18.61,18.61,11605938,19.08,19.08,18.34,18.61,1.0,19.08,18.34,0,11605938,27233,216341677.88,1,02,010,BRRAILACNOR9,101,ON      NM,RUMO S.A.,21838,1388,406915.88,consolidated_010_020
2021-08-17,RAIL3,RAIL3,18.59,18.62,18.04,18.59,18.59,9785209,18.59,18.62,18.04,18.59,1.0,18.62,18.04,0,9785209,28930,179461623.36,1,02,010,BRRAILACNOR9,101,ON      NM,RUMO S.A.,20409,1184,374190.36,consolidated_010_020
2021-08-18,RAIL3,RAIL3,18.55,18.55,18.05,18.05,18.05,16723147,18.55,18.55,18.05,18.05,1.0,18.55,18.05,0,16723147,35953,304756722.32,1,02,010,BRRAILACNOR9,101,ON      NM,RUMO S.A.,18747,1238,341762.32,consolidated_010_020
2021-08-19,RAIL3,RAIL3,17.95,18.26,17.5,18.26,18.26,17878504,17.95,18.26,17.5,18.26,1.0,18.26,17.5,0,17878504,41000,319573632.87,1,02,010,BRRAILACNOR9,101,ON      NM,RUMO S.A.,21804,1247,388187.87,consolidated_010_020
2021-08-20,RAIL3,RAIL3,18.0,18.34,17.91,18.12,18.12,8558219,18.0,18.34,17.91,18.12,1.0,18.34,17.91,0,8558219,20749,155212210.78,1,02,010,BRRAILACNOR9,101,ON      NM,RUMO S.A.,19319,1000,350435.78,consolidated_010_020
2021-08-23,RAIL3,RAIL3,18.05,18.49,18.05,18.43,18.43,9521041,18.05,18.49,18.05,18.43,1.0,18.49,18.05,0,9521041,23673,174773963.52,1,02,010,BRRAILACNOR9,101,ON      NM,RUMO S.A.,17741,882,325042.52,consolidated_010_020
2021-08-24,RAIL3,RAIL3,18.53,19.03,18.5,18.73,18.73,9740064,18.53,19.03,18.5,18.73,1.0,19.03,18.5,0,9740064,21287,183494401.8,1,02,010,BRRAILACNOR9,101,ON      NM,RUMO S.A.,16764,728,315007.8,consolidated_010_020
2021-08-25,RAIL3,RAIL3,18.68,18.94,18.5,18.87,18.87,7432758,18.68,18.94,18.5,18.87,1.0,18.94,18.5,0,7432758,20104,139333671.74,1,02,010,BRRAILACNOR9,101,ON      NM,RUMO S.A.,11558,636,216530.74,consolidated_010_020
2021-08-26,RAIL3,RAIL3,18.7,18.95,18.4,18.73,18.73,11667343,18.7,18.95,18.4,18.73,1.0,18.95,18.4,0,11667343,23857,217510411.31,1,02,010,BRRAILACNOR9,101,ON      NM,RUMO S.A.,15443,804,287383.31,consolidated_010_020
2021-08-27,RAIL3,RAIL3,18.8,19.06,18.68,19.01,19.01,17997664,18.8,19.06,18.68,19.01,1.0,19.06,18.68,0,17997664,22959,340571769.93,1,02,010,BRRAILACNOR9,101,ON      NM,RUMO S.A.,23264,802,439964.93,consolidated_010_020
2021-08-30,RAIL3,RAIL3,18.92,19.04,18.55,18.85,18.85,10164491,18.92,19.04,18.55,18.85,1.0,19.04,18.55,0,10164491,24105,191071300.26,1,02,010,BRRAILACNOR9,101,ON      NM,RUMO S.A.,15791,732,296688.26,consolidated_010_020
2021-08-31,RAIL3,RAIL3,18.85,19.08,18.44,18.72,18.72,11702432,18.85,19.08,18.44,18.72,1.0,19.08,18.44,0,11702432,27183,218948934.77,1,02,010,BRRAILACNOR9,101,ON      NM,RUMO S.A.,16232,866,303932.77,consolidated_010_020
2021-09-01,RAIL3,RAIL3,18.74,19.54,18.4,19.35,19.35,16392458,18.74,19.54,18.4,19.35,1.0,19.54,18.4,0,16392458,25797,312616686.4,1,02,010,BRRAILACNOR9,101,ON      NM,RUMO S.A.,20058,1034,382281.4,consolidated_010_020
2021-09-02,RAIL3,RAIL3,19.22,19.33,18.73,19.01,19.01,10372068,19.22,19.33,18.73,19.01,1.0,19.33,18.73,0,10372068,26400,196515602.1,1,02,010,BRRAILACNOR9,101,ON      NM,RUMO S.A.,16368,780,310256.1,consolidated_010_020
2021-09-03,RAIL3,RAIL3,19.1,19.11,18.18,18.99,18.99,21197020,19.1,19.11,18.18,18.99,1.0,19.11,18.18,0,21197020,36319,395547435.96,1,02,010,BRRAILACNOR9,101,ON      NM,RUMO S.A.,31220,1523,579934.96,consolidated_010_020
2021-09-06,RAIL3,RAIL3,18.9,19.0,18.56,18.94,18.94,5651222,18.9,19.0,18.56,18.94,1.0,19.0,18.56,0,5651222,13716,106270742.8,1,02,010,BRRAILACNOR9,101,ON      NM,RUMO S.A.,11922,603,224401.8,consolidated_010_020
2021-09-08,RAIL3,RAIL3,18.73,18.88,18.12,18.23,18.23,13493134,18.73,18.88,18.12,18.23,1.0,18.88,18.12,0,13493134,42281,249634543.21,1,02,010,BRRAILACNOR9,101,ON      NM,RUMO S.A.,18734,956,346868.21,consolidated_010_020
2021-09-09,RAIL3,RAIL3,18.2,18.92,17.87,18.56,18.56,10031965,18.2,18.92,17.87,18.56,1.0,18.92,17.87,0,10031965,27191,182447075.97,1,02,010,BRRAILACNOR9,101,ON      NM,RUMO S.A.,17865,1078,323496.97,consolidated_010_020
2021-09-10,RAIL3,RAIL3,18.61,18.78,17.94,18.12,18.12,9075669,18.61,18.78,17.94,18.12,1.0,18.78,17.94,0,9075669,22903,165719184.79,1,02,010,BRRAILACNOR9,101,ON      NM,RUMO S.A.,17269,897,315839.79,consolidated_010_020
2021-09-13,RAIL3,RAIL3,18.58,18.68,18.32,18.45,18.45,10306473,18.58,18.68,18.32,18.45,1.0,18.68,18.32,0,10306473,18493,190389233.07,1,02,010,BRRAILACNOR9,101,ON      NM,RUMO S.A.,18873,760,348920.07,consolidated_010_020
2021-09-14,RAIL3,RAIL3,18.5,18.66,18.42,18.42,18.42,4399474,18.5,18.66,18.42,18.42,1.0,18.66,18.42,0,4399474,13530,81570621.82,1,02,010,BRRAILACNOR9,101,ON      NM,RUMO S.A.,10074,421,186859.82,consolidated_010_020
2021-09-15,RAIL3,RAIL3,18.5,18.53,18.08,18.21,18.21,5359304,18.5,18.53,18.08,18.21,1.0,18.53,18.08,0,5359304,17332,97789734.87,1,02,010,BRRAILACNOR9,101,ON      NM,RUMO S.A.,9804,527,178994.87,consolidated_010_020
2021-09-16,RAIL3,RAIL3,18.12,18.19,17.61,17.67,17.67,9219609,18.12,18.19,17.61,17.67,1.0,18.19,17.61,0,9219609,17245,163802622.67,1,02,010,BRRAILACNOR9,101,ON      NM,RUMO S.A.,22109,1292,394114.67,consolidated_010_020
2021-09-17,RAIL3,RAIL3,17.68,17.68,17.4,17.53,17.53,9057925,17.68,17.68,17.4,17.53,1.0,17.68,17.4,0,9057925,20371,158849958.17,1,02,010,BRRAILACNOR9,101,ON      NM,RUMO S.A.,15925,969,279260.17,consolidated_010_020
2021-09-20,RAIL3,RAIL3,17.48,17.53,17.03,17.31,17.31,8523000,17.48,17.53,17.03,17.31,1.0,17.53,17.03,0,8523000,21540,146414933.81,1,02,010,BRRAILACNOR9,101,ON      NM,RUMO S.A.,20900,1380,359132.81,consolidated_010_020
2021-09-21,RAIL3,RAIL3,17.37,17.86,17.21,17.65,17.65,20414960,17.37,17.86,17.21,17.65,1.0,17.86,17.21,0,20414960,21636,357075666.25,1,02,010,BRRAILACNOR9,101,ON      NM,RUMO S.A.,15060,686,264829.25,consolidated_010_020
2021-09-22,RAIL3,RAIL3,17.86,17.86,17.55,17.72,17.72,17114394,17.86,17.86,17.55,17.72,1.0,17.86,17.55,0,17114394,22973,303383160.26,1,02,010,BRRAILACNOR9,101,ON      NM,RUMO S.A.,13794,604,244350.26,consolidated_010_020
2021-09-23,RAIL3,RAIL3,17.8,18.03,17.67,17.88,17.88,11421365,17.8,18.03,17.67,17.88,1.0,18.03,17.67,0,11421365,27013,203618993.41,1,02,010,BRRAILACNOR9,101,ON      NM,RUMO S.A.,11765,516,209644.41,consolidated_010_020
2021-09-24,RAIL3,RAIL3,17.68,17.86,17.49,17.7,17.7,5069872,17.68,17.86,17.49,17.7,1.0,17.86,17.49,0,5069872,14838,89480529.03,1,02,010,BRRAILACNOR9,101,ON      NM,RUMO S.A.,12172,620,214830.03,consolidated_010_020
2021-09-27,RAIL3,RAIL3,17.63,17.95,17.49,17.74,17.74,9768127,17.63,17.95,17.49,17.74,1.0,17.95,17.49,0,9768127,16048,172822303.56,1,02,010,BRRAILACNOR9,101,ON      NM,RUMO S.A.,13527,685,239878.56,consolidated_010_020
2021-09-28,RAIL3,RAIL3,17.57,17.66,17.09,17.16,17.16,6443650,17.57,17.66,17.09,17.16,1.0,17.66,17.09,0,6443650,21242,111221267.92,1,02,010,BRRAILACNOR9,101,ON      NM,RUMO S.A.,15650,967,270398.92,consolidated_010_020
2021-09-29,RAIL3,RAIL3,17.25,17.29,16.92,16.98,16.98,12186598,17.25,17.29,16.92,16.98,1.0,17.29,16.92,0,12186598,29057,208252405.37,1,02,010,BRRAILACNOR9,101,ON      NM,RUMO S.A.,13498,900,230530.37,consolidated_010_020
2021-09-30,RAIL3,RAIL3,17.05,17.28,16.76,16.79,16.79,15422309,17.05,17.28,16.76,16.79,1.0,17.28,16.76,0,15422309,27379,261637484.28,1,02,010,BRRAILACNOR9,101,ON      NM,RUMO S.A.,18309,1132,311212.28,consolidated_010_020
2021-10-01,RAIL3,RAIL3,16.74,17.31,16.67,17.31,17.31,23471069,16.74,17.31,16.67,17.31,1.0,17.31,16.67,0,23471069,23585,400428856.12,1,02,010,BRRAILACNOR9,101,ON      NM,RUMO S.A.,96469,3179,1646960.12,consolidated_010_020
2021-10-04,RAIL3,RAIL3,17.02,17.05,16.69,17.0,17.0,13654511,17.02,17.05,16.69,17.0,1.0,17.05,16.69,0,13654511,27129,230480154.73,1,02,010,BRRAILACNOR9,101,ON      NM,RUMO S.A.,63111,2509,1065245.73,consolidated_010_020
2021-10-05,RAIL3,RAIL3,17.06,17.2,16.93,17.0,17.0,7995741,17.06,17.2,16.93,17.0,1.0,17.2,16.93,0,7995741,20376,136194374.93,1,02,010,BRRAILACNOR9,101,ON      NM,RUMO S.A.,28941,1170,492890.93,consolidated_010_020
2021-10-06,RAIL3,RAIL3,16.9,18.53,16.87,18.23,18.23,25065223,16.9,18.53,16.87,18.23,1.0,18.53,16.87,0,25065223,49020,448360260.93,1,02,010,BRRAILACNOR9,101,ON      NM,RUMO S.A.,46023,2354,820991.93,consolidated_010_020
2021-10-07,RAIL3,RAIL3,18.12,18.12,17.5,17.64,17.64,9747242,18.12,18.12,17.5,17.64,1.0,18.12,17.5,0,9747242,23651,172170145.4,1,02,010,BRRAILACNOR9,101,ON      NM,RUMO S.A.,24242,1394,428503.4,consolidated_010_020
2021-10-08,RAIL3,RAIL3,17.69,18.48,17.65,18.24,18.24,11424664,17.69,18.48,17.65,18.24,1.0,18.48,17.65,0,11424664,30739,208798504.52,1,02,010,BRRAILACNOR9,101,ON      NM,RUMO S.A.,25864,1005,471593.52,consolidated_010_020
2021-10-11,RAIL3,RAIL3,18.15,18.39,17.97,18.17,18.17,5719315,18.15,18.39,17.97,18.17,1.0,18.39,17.97,0,5719315,14071,104059862.92,1,02,010,BRRAILACNOR9,101,ON      NM,RUMO S.A.,14915,654,271558.92,consolidated_010_020
2021-10-13,RAIL3,RAIL3,18.07,18.64,18.01,18.44,18.44,8956361,18.07,18.64,18.01,18.44,1.0,18.64,18.01,0,8956361,26328,165129804.78,1,02,010,BRRAILACNOR9,101,ON      NM,RUMO S.A.,14861,858,273869.78,consolidated_010_020
2021-10-14,RAIL3,RAIL3,18.47,18.75,18.21,18.64,18.64,5881787,18.47,18.75,18.21,18.64,1.0,18.75,18.21,0,5881787,17031,109149999.61,1,02,010,BRRAILACNOR9,101,ON      NM,RUMO S.A.,13587,670,251745.61,consolidated_010_020
2021-10-15,RAIL3,RAIL3,18.68,18.68,18.17,18.35,18.35,9576956,18.68,18.68,18.17,18.35,1.0,18.68,18.17,0,9576956,17045,176362717.79,1,02,010,BRRAILACNOR9,101,ON      NM,RUMO S.A.,12756,756,235027.79,consolidated_010_020
2021-10-18,RAIL3,RAIL3,18.21,18.34,17.98,18.21,18.21,9009811,18.21,18.34,17.98,18.21,1.0,18.34,17.98,0,9009811,20606,163948763.97,1,02,010,BRRAILACNOR9,101,ON      NM,RUMO S.A.,17011,886,309443.97,consolidated_010_020
2021-10-19,RAIL3,RAIL3,17.87,18.0,17.27,17.58,17.58,15406182,17.87,18.0,17.27,17.58,1.0,18.0,17.27,0,15406182,29536,271033345.98,1,02,010,BRRAILACNOR9,101,ON      NM,RUMO S.A.,24182,1279,425576.98,consolidated_010_020
2021-10-20,RAIL3,RAIL3,17.66,17.7,17.05,17.09,17.09,13582552,17.66,17.7,17.05,17.09,1.0,17.7,17.05,0,13582552,26600,234600657.43,1,02,010,BRRAILACNOR9,101,ON      NM,RUMO S.A.,20652,967,358190.43,consolidated_010_020
2021-10-21,RAIL3,RAIL3,16.89,17.04,16.25,16.39,16.39,18388619,16.89,17.04,16.25,16.39,1.0,17.04,16.25,0,18388619,37365,305707320.0,1,02,010,BRRAILACNOR9,101,ON      NM,RUMO S.A.,26219,1527,436949.0,consolidated_010_020
2021-10-22,RAIL3,RAIL3,16.39,16.72,15.63,16.58,16.58,27589907,16.39,16.72,15.63,16.58,1.0,16.72,15.63,0,27589907,63739,445567097.88,1,02,010,BRRAILACNOR9,101,ON      NM,RUMO S.A.,35207,1698,565992.88,consolidated_010_020
2021-10-25,RAIL3,RAIL3,16.37,16.93,16.32,16.74,16.74,11159432,16.37,16.93,16.32,16.74,1.0,16.93,16.32,0,11159432,29277,186544978.09,1,02,010,BRRAILACNOR9,101,ON      NM,RUMO S.A.,14532,666,242458.09,consolidated_010_020
2021-10-26,RAIL3,RAIL3,16.42,16.66,16.18,16.29,16.29,10125886,16.42,16.66,16.18,16.29,1.0,16.66,16.18,0,10125886,28587,165536492.89,1,02,010,BRRAILACNOR9,101,ON      NM,RUMO S.A.,15986,808,261525.89,consolidated_010_020
2021-10-27,RAIL3,RAIL3,16.4,16.58,16.07,16.2,16.2,9005880,16.4,16.58,16.07,16.2,1.0,16.58,16.07,0,9005880,20957,146757358.23,1,02,010,BRRAILACNOR9,101,ON      NM,RUMO S.A.,9680,475,157593.23,consolidated_010_020
2021-10-28,RAIL3,RAIL3,16.12,16.43,15.95,16.1,16.1,9671081,16.12,16.43,15.95,16.1,1.0,16.43,15.95,0,9671081,24459,156157507.83,1,02,010,BRRAILACNOR9,101,ON      NM,RUMO S.A.,16481,637,266104.83,consolidated_010_020
2021-10-29,RAIL3,RAIL3,16.13,16.2,15.72,15.99,15.99,16142690,16.13,16.2,15.72,15.99,1.0,16.2,15.72,0,16142690,31957,257131959.43,1,02,010,BRRAILACNOR9,101,ON      NM,RUMO S.A.,15990,773,254252.43,consolidated_010_020
2021-11-01,RAIL3,RAIL3,16.23,16.7,16.04,16.56,16.56,14177573,16.23,16.7,16.04,16.56,1.0,16.7,16.04,0,14177573,27735,233970533.04,1,02,010,BRRAILACNOR9,101,ON      NM,RUMO S.A.,26173,1621,430666.04,consolidated_010_020
2021-11-03,RAIL3,RAIL3,16.43,17.43,16.4,17.32,17.32,15088536,16.43,17.43,16.4,17.32,1.0,17.43,16.4,0,15088536,49364,258196445.5,1,02,010,BRRAILACNOR9,101,ON      NM,RUMO S.A.,25936,1595,442874.5,consolidated_010_020
2021-11-04,RAIL3,RAIL3,17.33,17.57,17.01,17.23,17.23,13185348,17.33,17.57,17.01,17.23,1.0,17.57,17.01,0,13185348,29612,227788006.16,1,02,010,BRRAILACNOR9,101,ON      NM,RUMO S.A.,18448,927,318613.16,consolidated_010_020
2021-11-05,RAIL3,RAIL3,17.42,17.45,16.71,16.99,16.99,17505478,17.42,17.45,16.71,16.99,1.0,17.45,16.71,0,17505478,34704,296454605.14,1,02,010,BRRAILACNOR9,101,ON      NM,RUMO S.A.,15678,745,265845.14,consolidated_010_020
2021-11-08,RAIL3,RAIL3,17.07,17.13,16.56,16.76,16.76,14267306,17.07,17.13,16.56,16.76,1.0,17.13,16.56,0,14267306,46609,239164361.74,1,02,010,BRRAILACNOR9,101,ON      NM,RUMO S.A.,15806,738,265435.74,consolidated_010_020
2021-11-09,RAIL3,RAIL3,16.79,17.17,16.72,16.93,16.93,10337051,16.79,17.17,16.72,16.93,1.0,17.17,16.72,0,10337051,28476,175462667.06,1,02,010,BRRAILACNOR9,101,ON      NM,RUMO S.A.,9751,442,165699.06,consolidated_010_020
2021-11-10,RAIL3,RAIL3,16.83,17.1,16.67,16.84,16.84,12701874,16.83,17.1,16.67,16.84,1.0,17.1,16.67,0,12701874,29147,214688432.54,1,02,010,BRRAILACNOR9,101,ON      NM,RUMO S.A.,10774,614,182255.54,consolidated_010_020
2021-11-11,RAIL3,RAIL3,17.11,17.5,16.96,17.18,17.18,12409204,17.11,17.5,16.96,17.18,1.0,17.5,16.96,0,12409204,37467,214144130.11,1,02,010,BRRAILACNOR9,101,ON      NM,RUMO S.A.,11804,556,203476.11,consolidated_010_020
2021-11-12,RAIL3,RAIL3,17.01,17.18,16.6,16.77,16.77,19090357,17.01,17.18,16.6,16.77,1.0,17.18,16.6,0,19090357,42690,321399088.29,1,02,010,BRRAILACNOR9,101,ON      NM,RUMO S.A.,17057,711,288179.29,consolidated_010_020
2021-11-16,RAIL3,RAIL3,16.89,16.94,16.52,16.68,16.68,11759025,16.89,16.94,16.52,16.68,1.0,16.94,16.52,0,11759025,29633,196394330.39,1,02,010,BRRAILACNOR9,101,ON      NM,RUMO S.A.,13225,695,220807.39,consolidated_010_020
2021-11-17,RAIL3,RAIL3,16.84,17.11,16.56,16.78,16.78,11012820,16.84,17.11,16.56,16.78,1.0,17.11,16.56,0,11012820,23920,184535425.85,1,02,010,BRRAILACNOR9,101,ON      NM,RUMO S.A.,13720,534,230120.85,consolidated_010_020
2021-11-18,RAIL3,RAIL3,16.94,17.09,16.64,16.75,16.75,9346111,16.94,17.09,16.64,16.75,1.0,17.09,16.64,0,9346111,24512,156642699.79,1,02,010,BRRAILACNOR9,101,ON      NM,RUMO S.A.,13111,591,219927.79,consolidated_010_020
2021-11-19,RAIL3,RAIL3,16.81,17.23,16.75,17.02,17.02,13003437,16.81,17.23,16.75,17.02,1.0,17.23,16.75,0,13003437,22038,221406026.61,1,02,010,BRRAILACNOR9,101,ON      NM,RUMO S.A.,12137,541,206474.61,consolidated_010_020
2021-11-22,RAIL3,RAIL3,17.02,17.43,16.68,16.86,16.86,10152259,17.02,17.43,16.68,16.86,1.0,17.43,16.68,0,10152259,26302,172300033.01,1,02,010,BRRAILACNOR9,101,ON      NM,RUMO S.A.,11859,669,202111.01,consolidated_010_020
2021-11-23,RAIL3,RAIL3,17.21,17.56,16.87,17.56,17.56,17309044,17.21,17.56,16.87,17.56,1.0,17.56,16.87,0,17309044,39762,298744958.32,1,02,010,BRRAILACNOR9,101,ON      NM,RUMO S.A.,13044,815,224596.32,consolidated_010_020
2021-11-24,RAIL3,RAIL3,17.29,17.74,17.27,17.55,17.55,14617757,17.29,17.74,17.27,17.55,1.0,17.74,17.27,0,14617757,36782,256358747.59,1,02,010,BRRAILACNOR9,101,ON      NM,RUMO S.A.,21057,898,369113.59,consolidated_010_020
2021-11-25,RAIL3,RAIL3,17.68,17.98,17.6,17.91,17.91,7265443,17.68,17.98,17.6,17.91,1.0,17.98,17.6,0,7265443,21918,129981357.02,1,02,010,BRRAILACNOR9,101,ON      NM,RUMO S.A.,9743,659,174137.02,consolidated_010_020
2021-11-26,RAIL3,RAIL3,17.5,17.69,17.35,17.62,17.62,8964448,17.5,17.69,17.35,17.62,1.0,17.69,17.35,0,8964448,24528,157235737.15,1,02,010,BRRAILACNOR9,101,ON      NM,RUMO S.A.,15948,652,279461.15,consolidated_010_020
2021-11-29,RAIL3,RAIL3,17.84,17.87,17.4,17.62,17.62,11586822,17.84,17.87,17.4,17.62,1.0,17.87,17.4,0,11586822,26373,204433884.75,1,02,010,BRRAILACNOR9,101,ON      NM,RUMO S.A.,11622,598,204998.75,consolidated_010_020
2021-11-30,RAIL3,RAIL3,17.54,17.57,17.2,17.57,17.57,24605381,17.54,17.57,17.2,17.57,1.0,17.57,17.2,0,24605381,37523,429208118.33,1,02,010,BRRAILACNOR9,101,ON      NM,RUMO S.A.,18181,1306,316089.33,consolidated_010_020
2021-12-01,RAIL3,RAIL3,17.83,17.97,17.4,17.51,17.51,16228863,17.83,17.97,17.4,17.51,1.0,17.97,17.4,0,16228863,43322,285901835.62,1,02,010,BRRAILACNOR9,101,ON      NM,RUMO S.A.,24063,1875,424953.62,consolidated_010_020
2021-12-02,RAIL3,RAIL3,17.65,17.92,17.41,17.61,17.61,10852769,17.65,17.92,17.41,17.61,1.0,17.92,17.41,0,10852769,30534,191144965.82,1,02,010,BRRAILACNOR9,101,ON      NM,RUMO S.A.,18169,1180,320856.82,consolidated_010_020
2021-12-03,RAIL3,RAIL3,17.61,18.55,17.6,18.1,18.1,19050325,17.61,18.55,17.6,18.1,1.0,18.55,17.6,0,19050325,34103,345682750.38,1,02,010,BRRAILACNOR9,101,ON      NM,RUMO S.A.,19125,1066,347369.38,consolidated_010_020
2021-12-06,RAIL3,RAIL3,18.23,18.37,17.5,17.6,17.6,19333614,18.23,18.37,17.5,17.6,1.0,18.37,17.5,0,19333614,28412,344159353.88,1,02,010,BRRAILACNOR9,101,ON      NM,RUMO S.A.,21214,1108,378576.88,consolidated_010_020
2021-12-07,RAIL3,RAIL3,17.69,17.84,17.15,17.29,17.29,13587696,17.69,17.84,17.15,17.29,1.0,17.84,17.15,0,13587696,25898,235422174.1,1,02,010,BRRAILACNOR9,101,ON      NM,RUMO S.A.,15496,871,269090.1,consolidated_010_020
2021-12-08,RAIL3,RAIL3,17.3,17.78,17.05,17.7,17.7,14533048,17.3,17.78,17.05,17.7,1.0,17.78,17.05,0,14533048,24890,254363492.62,1,02,010,BRRAILACNOR9,101,ON      NM,RUMO S.A.,14048,585,245251.62,consolidated_010_020
2021-12-09,RAIL3,RAIL3,17.66,17.81,17.31,17.45,17.45,6654204,17.66,17.81,17.31,17.45,1.0,17.81,17.31,0,6654204,15448,116373733.38,1,02,010,BRRAILACNOR9,101,ON      NM,RUMO S.A.,7504,460,131424.38,consolidated_010_020
2021-12-10,RAIL3,RAIL3,17.66,18.2,17.65,18.02,18.02,8756727,17.66,18.2,17.65,18.02,1.0,18.2,17.65,0,8756727,19732,157498229.57,1,02,010,BRRAILACNOR9,101,ON      NM,RUMO S.A.,15527,686,278875.57,consolidated_010_020
2021-12-13,RAIL3,RAIL3,17.9,18.39,17.81,18.12,18.12,9719806,17.9,18.39,17.81,18.12,1.0,18.39,17.81,0,9719806,19845,176414035.43,1,02,010,BRRAILACNOR9,101,ON      NM,RUMO S.A.,11506,552,208825.43,consolidated_010_020
2021-12-14,RAIL3,RAIL3,18.31,18.78,18.3,18.54,18.54,14076475,18.31,18.78,18.3,18.54,1.0,18.78,18.3,0,14076475,26467,260940378.53,1,02,010,BRRAILACNOR9,101,ON      NM,RUMO S.A.,22875,1139,424038.53,consolidated_010_020
2021-12-15,RAIL3,RAIL3,18.61,19.13,18.57,18.77,18.77,18398154,18.61,19.13,18.57,18.77,1.0,19.13,18.57,0,18398154,37346,345535582.95,1,02,010,BRRAILACNOR9,101,ON      NM,RUMO S.A.,16254,816,305573.95,consolidated_010_020
2021-12-16,RAIL3,RAIL3,18.95,19.04,18.19,18.45,18.45,16436498,18.95,19.04,18.19,18.45,1.0,19.04,18.19,0,16436498,21691,304005854.96,1,02,010,BRRAILACNOR9,101,ON      NM,RUMO S.A.,18298,825,335803.96,consolidated_010_020
2021-12-17,RAIL3,RAIL3,17.92,18.44,17.85,18.24,18.24,14794410,17.92,18.44,17.85,18.24,1.0,18.44,17.85,0,14794410,20813,269547257.43,1,02,010,BRRAILACNOR9,101,ON      NM,RUMO S.A.,9710,501,176497.43,consolidated_010_020
2021-12-20,RAIL3,RAIL3,18.13,18.27,17.86,18.18,18.18,8367885,18.13,18.27,17.86,18.18,1.0,18.27,17.86,0,8367885,18052,151728333.26,1,02,010,BRRAILACNOR9,101,ON      NM,RUMO S.A.,12185,551,220686.26,consolidated_010_020
2021-12-21,RAIL3,RAIL3,18.11,18.18,17.74,18.06,18.06,9749880,18.11,18.18,17.74,18.06,1.0,18.18,17.74,0,9749880,20321,175446670.22,1,02,010,BRRAILACNOR9,101,ON      NM,RUMO S.A.,9080,444,163138.22,consolidated_010_020
2021-12-22,RAIL3,RAIL3,18.2,18.2,17.76,18.0,18.0,7115918,18.2,18.2,17.76,18.0,1.0,18.2,17.76,0,7115918,11688,127353172.51,1,02,010,BRRAILACNOR9,101,ON      NM,RUMO S.A.,12218,601,218425.51,consolidated_010_020
2021-12-23,RAIL3,RAIL3,18.02,18.02,17.67,17.67,17.67,4898760,18.02,18.02,17.67,17.67,1.0,18.02,17.67,0,4898760,9932,87005998.5,1,02,010,BRRAILACNOR9,101,ON      NM,RUMO S.A.,6960,394,123868.5,consolidated_010_020
2021-12-27,RAIL3,RAIL3,17.78,17.95,17.67,17.8,17.8,6998866,17.78,17.95,17.67,17.8,1.0,17.95,17.67,0,6998866,14116,124463014.47,1,02,010,BRRAILACNOR9,101,ON      NM,RUMO S.A.,7366,385,131006.47,consolidated_010_020
2021-12-28,RAIL3,RAIL3,17.92,17.92,17.44,17.53,17.53,5840780,17.92,17.92,17.44,17.53,1.0,17.92,17.44,0,5840780,16609,102430493.63,1,02,010,BRRAILACNOR9,101,ON      NM,RUMO S.A.,12980,657,227845.63,consolidated_010_020
2021-12-29,RAIL3,RAIL3,17.49,17.68,17.3,17.5,17.5,5990974,17.49,17.68,17.3,17.5,1.0,17.68,17.3,0,5990974,20255,104507799.11,1,02,010,BRRAILACNOR9,101,ON      NM,RUMO S.A.,6774,424,118181.11,consolidated_010_020
2021-12-30,RAIL3,RAIL3,17.65,17.82,17.44,17.76,17.76,8791554,17.65,17.82,17.44,17.76,1.0,17.82,17.44,0,8791554,26869,155619490.68,1,02,010,BRRAILACNOR9,101,ON      NM,RUMO S.A.,13454,610,237298.68,consolidated_010_020
2022-01-03,RAIL3,RAIL3,17.9,17.9,17.1,17.39,17.39,9131271,17.9,17.9,17.1,17.39,1.0,17.9,17.1,0,9131271,26861,158776159.16,1,02,010,BRRAILACNOR9,101,ON      NM,RUMO S.A.,50871,2266,885072.16,consolidated_010_020
2022-01-04,RAIL3,RAIL3,17.36,17.56,17.1,17.37,17.37,10090363,17.36,17.56,17.1,17.37,1.0,17.56,17.1,0,10090363,24404,174650320.97,1,02,010,BRRAILACNOR9,101,ON      NM,RUMO S.A.,37063,1548,641147.97,consolidated_010_020
2022-01-05,RAIL3,RAIL3,17.1,17.23,16.56,16.61,16.61,10372878,17.1,17.23,16.56,16.61,1.0,17.23,16.56,0,10372878,24490,174560067.57,1,02,010,BRRAILACNOR9,101,ON      NM,RUMO S.A.,18378,1068,310190.57,consolidated_010_020
2022-01-06,RAIL3,RAIL3,16.98,16.98,15.99,16.1,16.1,17324926,16.98,16.98,15.99,16.1,1.0,16.98,15.99,0,17324926,32513,280587058.33,1,02,010,BRRAILACNOR9,101,ON      NM,RUMO S.A.,26926,1395,437495.33,consolidated_010_020
2022-01-07,RAIL3,RAIL3,16.04,16.11,15.69,15.86,15.86,8663418,16.04,16.11,15.69,15.86,1.0,16.11,15.69,0,8663418,18725,137636963.77,1,02,010,BRRAILACNOR9,101,ON      NM,RUMO S.A.,14018,888,222971.77,consolidated_010_020
2022-01-10,RAIL3,RAIL3,15.82,15.82,15.39,15.65,15.65,9989487,15.82,15.82,15.39,15.65,1.0,15.82,15.39,0,9989487,21222,155494732.54,1,02,010,BRRAILACNOR9,101,ON      NM,RUMO S.A.,16887,953,263193.54,consolidated_010_020
2022-01-11,RAIL3,RAIL3,15.51,16.04,15.51,16.0,16.0,10746229,15.51,16.04,15.51,16.0,1.0,16.04,15.51,0,10746229,26915,170821876.4,1,02,010,BRRAILACNOR9,101,ON      NM,RUMO S.A.,9029,497,143368.4,consolidated_010_020
2022-01-12,RAIL3,RAIL3,15.9,16.35,15.76,16.33,16.33,8975493,15.9,16.35,15.76,16.33,1.0,16.35,15.76,0,8975493,23620,145560820.66,1,02,010,BRRAILACNOR9,101,ON      NM,RUMO S.A.,14293,610,231446.66,consolidated_010_020
2022-01-13,RAIL3,RAIL3,16.2,16.5,16.15,16.26,16.26,7622690,16.2,16.5,16.15,16.26,1.0,16.5,16.15,0,7622690,14179,124565169.1,1,02,010,BRRAILACNOR9,101,ON      NM,RUMO S.A.,8390,448,137257.1,consolidated_010_020
2022-01-14,RAIL3,RAIL3,16.22,16.42,16.12,16.31,16.31,4800145,16.22,16.42,16.12,16.31,1.0,16.42,16.12,0,4800145,12218,78169538.77,1,02,010,BRRAILACNOR9,101,ON      NM,RUMO S.A.,9645,566,156850.77,consolidated_010_020
2022-01-17,RAIL3,RAIL3,16.13,16.54,16.13,16.35,16.35,3885148,16.13,16.54,16.13,16.35,1.0,16.54,16.13,0,3885148,10237,63710914.77,1,02,010,BRRAILACNOR9,101,ON      NM,RUMO S.A.,7148,423,117333.77,consolidated_010_020
2022-01-18,RAIL3,RAIL3,16.5,16.5,16.22,16.4,16.4,4797143,16.5,16.5,16.22,16.4,1.0,16.5,16.22,0,4797143,13415,78463754.31,1,02,010,BRRAILACNOR9,101,ON      NM,RUMO S.A.,10743,613,175830.31,consolidated_010_020
2022-01-19,RAIL3,RAIL3,16.56,16.9,16.43,16.73,16.73,6982173,16.56,16.9,16.43,16.73,1.0,16.9,16.43,0,6982173,15121,116855670.85,1,02,010,BRRAILACNOR9,101,ON      NM,RUMO S.A.,8573,567,143522.85,consolidated_010_020
2022-01-20,RAIL3,RAIL3,16.88,17.62,16.84,17.48,17.48,9047112,16.88,17.62,16.84,17.48,1.0,17.62,16.84,0,9047112,18902,157479807.13,1,02,010,BRRAILACNOR9,101,ON      NM,RUMO S.A.,14912,810,258073.13,consolidated_010_020
2022-01-21,RAIL3,RAIL3,17.4,17.42,16.85,16.98,16.98,11645302,17.4,17.42,16.85,16.98,1.0,17.42,16.85,0,11645302,21042,198161893.09,1,02,010,BRRAILACNOR9,101,ON      NM,RUMO S.A.,10602,688,180735.09,consolidated_010_020
2022-01-24,RAIL3,RAIL3,16.98,17.09,16.58,16.63,16.63,6440551,16.98,17.09,16.58,16.63,1.0,17.09,16.58,0,6440551,15717,107460043.34,1,02,010,BRRAILACNOR9,101,ON      NM,RUMO S.A.,9151,635,152816.34,consolidated_010_020
2022-01-25,RAIL3,RAIL3,16.55,16.94,16.46,16.82,16.82,8879328,16.55,16.94,16.46,16.82,1.0,16.94,16.46,0,8879328,16104,148365347.94,1,02,010,BRRAILACNOR9,101,ON      NM,RUMO S.A.,9328,468,155780.94,consolidated_010_020
2022-01-26,RAIL3,RAIL3,17.0,17.27,16.81,16.87,16.87,14281745,17.0,17.27,16.81,16.87,1.0,17.27,16.81,0,14281745,23420,242389391.84,1,02,010,BRRAILACNOR9,101,ON      NM,RUMO S.A.,14845,797,252331.84,consolidated_010_020
2022-01-27,RAIL3,RAIL3,17.11,17.11,16.48,16.66,16.66,24297845,17.11,17.11,16.48,16.66,1.0,17.11,16.48,0,24297845,36322,408342792.51,1,02,010,BRRAILACNOR9,101,ON      NM,RUMO S.A.,14545,712,244010.51,consolidated_010_020
2022-01-28,RAIL3,RAIL3,16.66,16.66,15.67,15.76,15.76,24030601,16.66,16.66,15.67,15.76,1.0,16.66,15.67,0,24030601,43964,381986284.51,1,02,010,BRRAILACNOR9,101,ON      NM,RUMO S.A.,38901,2617,619349.51,consolidated_010_020
2022-01-31,RAIL3,RAIL3,15.78,15.95,15.41,15.62,15.62,16552751,15.78,15.95,15.41,15.62,1.0,15.95,15.41,0,16552751,26879,258871883.37,1,02,010,BRRAILACNOR9,101,ON      NM,RUMO S.A.,25451,2325,398323.37,consolidated_010_020
2022-02-01,RAIL3,RAIL3,15.76,15.88,15.19,15.51,15.51,14331520,15.76,15.88,15.19,15.51,1.0,15.88,15.19,0,14331520,29119,220713872.3,1,02,010,BRRAILACNOR9,101,ON      NM,RUMO S.A.,68020,3403,1045300.3,consolidated_010_020
2022-02-02,RAIL3,RAIL3,15.51,15.81,15.43,15.45,15.45,4945071,15.51,15.81,15.43,15.45,1.0,15.81,15.43,0,4945071,14320,77067510.78,1,02,010,BRRAILACNOR9,101,ON      NM,RUMO S.A.,37371,1640,582663.78,consolidated_010_020
2022-02-03,RAIL3,RAIL3,15.52,15.66,15.02,15.22,15.22,10558731,15.52,15.66,15.02,15.22,1.0,15.66,15.02,0,10558731,20453,160413875.63,1,02,010,BRRAILACNOR9,101,ON      NM,RUMO S.A.,23331,1319,355565.63,consolidated_010_020
2022-02-04,RAIL3,RAIL3,15.19,15.26,14.79,15.26,15.26,19269796,15.19,15.26,14.79,15.26,1.0,15.26,14.79,0,19269796,26559,289788547.93,1,02,010,BRRAILACNOR9,101,ON      NM,RUMO S.A.,23396,1213,351521.93,consolidated_010_020
2022-02-07,RAIL3,RAIL3,15.15,15.15,14.72,14.87,14.87,14118732,15.15,15.15,14.72,14.87,1.0,15.15,14.72,0,14118732,19941,210604380.83,1,02,010,BRRAILACNOR9,101,ON      NM,RUMO S.A.,20432,1146,304875.83,consolidated_010_020
2022-02-08,RAIL3,RAIL3,15.0,15.62,14.77,15.57,15.57,16126605,15.0,15.62,14.77,15.57,1.0,15.62,14.77,0,16126605,27674,248193805.3,1,02,010,BRRAILACNOR9,101,ON      NM,RUMO S.A.,22005,1075,338285.3,consolidated_010_020
2022-02-09,RAIL3,RAIL3,15.54,16.24,15.53,16.06,16.06,15581774,15.54,16.24,15.53,16.06,1.0,16.24,15.53,0,15581774,28491,249674952.84,1,02,010,BRRAILACNOR9,101,ON      NM,RUMO S.A.,17374,1038,278073.84,consolidated_010_020
2022-02-10,RAIL3,RAIL3,16.04,16.18,15.85,15.97,15.97,17802166,16.04,16.18,15.85,15.97,1.0,16.18,15.85,0,17802166,24595,284791018.9,1,02,010,BRRAILACNOR9,101,ON      NM,RUMO S.A.,14566,804,233576.9,consolidated_010_020
2022-02-11,RAIL3,RAIL3,16.07,16.25,15.89,16.06,16.06,10428016,16.07,16.25,15.89,16.06,1.0,16.25,15.89,0,10428016,19160,167887620.37,1,02,010,BRRAILACNOR9,101,ON      NM,RUMO S.A.,11416,632,184018.37,consolidated_010_020
2022-02-14,RAIL3,RAIL3,16.08,16.49,16.08,16.19,16.19,8844873,16.08,16.49,16.08,16.19,1.0,16.49,16.08,0,8844873,20601,144174484.37,1,02,010,BRRAILACNOR9,101,ON      NM,RUMO S.A.,18673,845,304901.37,consolidated_010_020
2022-02-15,RAIL3,RAIL3,16.46,16.71,16.38,16.64,16.64,8078675,16.46,16.71,16.38,16.64,1.0,16.71,16.38,0,8078675,19396,133887930.67,1,02,010,BRRAILACNOR9,101,ON      NM,RUMO S.A.,12075,653,199934.67,consolidated_010_020
2022-02-16,RAIL3,RAIL3,16.78,16.82,16.46,16.71,16.71,7046257,16.78,16.82,16.46,16.71,1.0,16.82,16.46,0,7046257,20234,117426195.56,1,02,010,BRRAILACNOR9,101,ON      NM,RUMO S.A.,9857,563,164159.56,consolidated_010_020
2022-02-17,RAIL3,RAIL3,16.64,16.98,16.63,16.68,16.68,7193929,16.64,16.98,16.63,16.68,1.0,16.98,16.63,0,7193929,17855,120688443.9,1,02,010,BRRAILACNOR9,101,ON      NM,RUMO S.A.,15929,810,267638.9,consolidated_010_020
2022-02-18,RAIL3,RAIL3,15.9,16.0,14.96,15.21,15.21,47578734,15.9,16.0,14.96,15.21,1.0,16.0,14.96,0,47578734,65581,732310139.42,1,02,010,BRRAILACNOR9,101,ON      NM,RUMO S.A.,69634,4075,1077747.42,consolidated_010_020
2022-02-21,RAIL3,RAIL3,15.32,16.0,15.16,15.27,15.27,17754722,15.32,16.0,15.16,15.27,1.0,16.0,15.16,0,17754722,36145,277673987.18,1,02,010,BRRAILACNOR9,101,ON      NM,RUMO S.A.,39322,2257,612979.18,consolidated_010_020
2022-02-22,RAIL3,RAIL3,15.6,16.22,15.59,15.88,15.88,22866015,15.6,16.22,15.59,15.88,1.0,16.22,15.59,0,22866015,53508,364110572.47,1,02,010,BRRAILACNOR9,101,ON      NM,RUMO S.A.,22915,1318,365273.47,consolidated_010_020
2022-02-23,RAIL3,RAIL3,15.86,16.45,15.74,15.75,15.75,17051088,15.86,16.45,15.74,15.75,1.0,16.45,15.74,0,17051088,22407,272102161.39,1,02,010,BRRAILACNOR9,101,ON      NM,RUMO S.A.,12688,662,202795.39,consolidated_010_020
2022-02-24,RAIL3,RAIL3,15.35,16.31,15.1,16.11,16.11,12920888,15.35,16.31,15.1,16.11,1.0,16.31,15.1,0,12920888,22677,203675060.86,1,02,010,BRRAILACNOR9,101,ON      NM,RUMO S.A.,21188,1188,332195.86,consolidated_010_020
2022-02-25,RAIL3,RAIL3,16.06,16.11,15.33,15.5,15.5,18599737,16.06,16.11,15.33,15.5,1.0,16.11,15.33,0,18599737,34489,289084982.15,1,02,010,BRRAILACNOR9,101,ON      NM,RUMO S.A.,28437,1456,443444.15,consolidated_010_020
2022-03-02,RAIL3,RAIL3,15.35,15.84,15.35,15.64,15.64,9023903,15.35,15.84,15.35,15.64,1.0,15.84,15.35,0,9023903,16844,141203600.04,1,02,010,BRRAILACNOR9,101,ON      NM,RUMO S.A.,13703,738,214376.04,consolidated_010_020
2022-03-03,RAIL3,RAIL3,15.6,15.83,15.53,15.57,15.57,6425835,15.6,15.83,15.53,15.57,1.0,15.83,15.53,0,6425835,13374,100296599.54,1,02,010,BRRAILACNOR9,101,ON      NM,RUMO S.A.,9835,551,153629.54,consolidated_010_020
2022-03-04,RAIL3,RAIL3,15.58,15.64,14.98,15.25,15.25,9536010,15.58,15.64,14.98,15.25,1.0,15.64,14.98,0,9536010,17249,144932750.87,1,02,010,BRRAILACNOR9,101,ON      NM,RUMO S.A.,19010,1039,289571.87,consolidated_010_020
2022-03-07,RAIL3,RAIL3,15.19,15.98,15.04,15.55,15.55,18392810,15.19,15.98,15.04,15.55,1.0,15.98,15.04,0,18392810,37280,288131949.24,1,02,010,BRRAILACNOR9,101,ON      NM,RUMO S.A.,15110,857,236432.24,consolidated_010_020
2022-03-08,RAIL3,RAIL3,15.56,16.31,15.56,16.15,16.15,25556249,15.56,16.31,15.56,16.15,1.0,16.31,15.56,0,25556249,34320,411445594.13,1,02,010,BRRAILACNOR9,101,ON      NM,RUMO S.A.,20949,896,336595.13,consolidated_010_020
2022-03-09,RAIL3,RAIL3,16.19,16.58,15.97,16.47,16.47,12058238,16.19,16.58,15.97,16.47,1.0,16.58,15.97,0,12058238,27595,196254536.4,1,02,010,BRRAILACNOR9,101,ON      NM,RUMO S.A.,12038,727,196178.4,consolidated_010_020
2022-03-10,RAIL3,RAIL3,16.35,16.64,16.05,16.26,16.26,9148145,16.35,16.64,16.05,16.26,1.0,16.64,16.05,0,9148145,20543,148919328.32,1,02,010,BRRAILACNOR9,101,ON      NM,RUMO S.A.,13745,598,223713.32,consolidated_010_020
2022-03-11,RAIL3,RAIL3,16.33,16.47,15.41,15.56,15.56,12399498,16.33,16.47,15.41,15.56,1.0,16.47,15.41,0,12399498,23569,195693714.23,1,02,010,BRRAILACNOR9,101,ON      NM,RUMO S.A.,9598,738,151615.23,consolidated_010_020
2022-03-14,RAIL3,RAIL3,15.92,16.11,15.26,15.38,15.38,8226263,15.92,16.11,15.26,15.38,1.0,16.11,15.26,0,8226263,14054,127039874.24,1,02,010,BRRAILACNOR9,101,ON      NM,RUMO S.A.,29163,1177,454194.24,consolidated_010_020
2022-03-15,RAIL3,RAIL3,15.29,15.46,15.05,15.25,15.25,9144300,15.29,15.46,15.05,15.25,1.0,15.46,15.05,0,9144300,23426,139648637.62,1,02,010,BRRAILACNOR9,101,ON      NM,RUMO S.A.,7800,500,119092.62,consolidated_010_020
2022-03-16,RAIL3,RAIL3,15.43,15.8,15.28,15.71,15.71,8409214,15.43,15.8,15.28,15.71,1.0,15.8,15.28,0,8409214,18791,130938504.04,1,02,010,BRRAILACNOR9,101,ON      NM,RUMO S.A.,11414,599,177783.04,consolidated_010_020
2022-03-17,RAIL3,RAIL3,15.69,16.63,15.57,16.58,16.58,20876434,15.69,16.63,15.57,16.58,1.0,16.63,15.57,0,20876434,21986,339578837.24,1,02,010,BRRAILACNOR9,101,ON      NM,RUMO S.A.,15434,725,249837.24,consolidated_010_020
2022-03-18,RAIL3,RAIL3,16.52,17.67,16.39,17.67,17.67,24950100,16.52,17.67,16.39,17.67,1.0,17.67,16.39,0,24950100,25119,434523085.94,1,02,010,BRRAILACNOR9,101,ON      NM,RUMO S.A.,33600,1573,571765.94,consolidated_010_020
2022-03-21,RAIL3,RAIL3,17.45,17.76,17.13,17.2,17.2,5934295,17.45,17.76,17.13,17.2,1.0,17.76,17.13,0,5934295,13049,102633450.32,1,02,010,BRRAILACNOR9,101,ON      NM,RUMO S.A.,12095,649,209533.32,consolidated_010_020
2022-03-22,RAIL3,RAIL3,17.62,17.76,17.39,17.56,17.56,6190721,17.62,17.76,17.39,17.56,1.0,17.76,17.39,0,6190721,27094,108761240.25,1,02,010,BRRAILACNOR9,101,ON      NM,RUMO S.A.,12921,708,227021.25,consolidated_010_020
2022-03-23,RAIL3,RAIL3,17.64,17.91,17.41,17.62,17.62,6367764,17.64,17.91,17.41,17.62,1.0,17.91,17.41,0,6367764,15325,112532896.12,1,02,010,BRRAILACNOR9,101,ON      NM,RUMO S.A.,8164,537,144431.12,consolidated_010_020
2022-03-24,RAIL3,RAIL3,17.7,18.28,17.48,18.18,18.18,12809530,17.7,18.28,17.48,18.18,1.0,18.28,17.48,0,12809530,27737,229296485.93,1,02,010,BRRAILACNOR9,101,ON      NM,RUMO S.A.,20030,918,358932.93,consolidated_010_020
2022-03-25,RAIL3,RAIL3,18.28,18.6,18.16,18.41,18.41,12836186,18.28,18.6,18.16,18.41,1.0,18.6,18.16,0,12836186,26398,236649065.34,1,02,010,BRRAILACNOR9,101,ON      NM,RUMO S.A.,13286,848,244672.34,consolidated_010_020
2022-03-28,RAIL3,RAIL3,18.55,18.98,18.31,18.72,18.72,8979365,18.55,18.98,18.31,18.72,1.0,18.98,18.31,0,8979365,18680,167038368.4,1,02,010,BRRAILACNOR9,101,ON      NM,RUMO S.A.,15665,832,291196.4,consolidated_010_020
2022-03-29,RAIL3,RAIL3,19.0,19.23,18.43,18.48,18.48,10407089,19.0,19.23,18.43,18.48,1.0,19.23,18.43,0,10407089,29289,194087495.45,1,02,010,BRRAILACNOR9,101,ON      NM,RUMO S.A.,14089,704,263723.45,consolidated_010_020
2022-03-30,RAIL3,RAIL3,18.57,18.66,18.27,18.42,18.42,5476676,18.57,18.66,18.27,18.42,1.0,18.66,18.27,0,5476676,16115,100869129.29,1,02,010,BRRAILACNOR9,101,ON      NM,RUMO S.A.,12476,631,229939.29,consolidated_010_020
2022-03-31,RAIL3,RAIL3,18.57,18.87,18.41,18.55,18.55,13331176,18.57,18.87,18.41,18.55,1.0,18.87,18.41,0,13331176,17907,248201436.27,1,02,010,BRRAILACNOR9,101,ON      NM,RUMO S.A.,10276,552,191438.27,consolidated_010_020
2022-04-01,RAIL3,RAIL3,18.7,19.09,18.62,19.0,19.0,17055464,18.7,19.09,18.62,19.0,1.0,19.09,18.62,0,17055464,24976,321451473.75,1,02,010,BRRAILACNOR9,101,ON      NM,RUMO S.A.,13764,804,259578.75,consolidated_010_020
2022-04-04,RAIL3,RAIL3,18.95,19.03,18.7,18.88,18.88,3720607,18.95,19.03,18.7,18.88,1.0,19.03,18.7,0,3720607,9646,70262700.77,1,02,010,BRRAILACNOR9,101,ON      NM,RUMO S.A.,12907,885,243320.77,consolidated_010_020
2022-04-05,RAIL3,RAIL3,18.99,19.08,18.36,18.52,18.52,10472871,18.99,19.08,18.36,18.52,1.0,19.08,18.36,0,10472871,19998,194447479.72,1,02,010,BRRAILACNOR9,101,ON      NM,RUMO S.A.,9671,495,180620.72,consolidated_010_020
2022-04-06,RAIL3,RAIL3,18.43,18.55,17.87,18.1,18.1,12876883,18.43,18.55,17.87,18.1,1.0,18.55,17.87,0,12876883,26458,233179562.44,1,02,010,BRRAILACNOR9,101,ON      NM,RUMO S.A.,17483,863,317196.44,consolidated_010_020
2022-04-07,RAIL3,RAIL3,17.88,18.17,17.88,18.06,18.06,4991947,17.88,18.17,17.88,18.06,1.0,18.17,17.88,0,4991947,15730,90154233.58,1,02,010,BRRAILACNOR9,101,ON      NM,RUMO S.A.,4647,377,83904.58,consolidated_010_020
2022-04-08,RAIL3,RAIL3,17.86,18.33,17.78,18.27,18.27,9121788,17.86,18.33,17.78,18.27,1.0,18.33,17.78,0,9121788,18867,164901710.97,1,02,010,BRRAILACNOR9,101,ON      NM,RUMO S.A.,12088,551,218889.97,consolidated_010_020
2022-04-11,RAIL3,RAIL3,18.0,18.41,17.96,18.25,18.25,6267078,18.0,18.41,17.96,18.25,1.0,18.41,17.96,0,6267078,15370,114058212.48,1,02,010,BRRAILACNOR9,101,ON      NM,RUMO S.A.,7078,461,128869.48,consolidated_010_020
2022-04-12,RAIL3,RAIL3,18.25,18.86,18.25,18.46,18.46,7521050,18.25,18.86,18.25,18.46,1.0,18.86,18.25,0,7521050,16054,139564569.71,1,02,010,BRRAILACNOR9,101,ON      NM,RUMO S.A.,15150,718,282085.71,consolidated_010_020
2022-04-13,RAIL3,RAIL3,18.39,18.82,18.36,18.54,18.54,6525103,18.39,18.82,18.36,18.54,1.0,18.82,18.36,0,6525103,19058,121294272.74,1,02,010,BRRAILACNOR9,101,ON      NM,RUMO S.A.,8903,589,165417.74,consolidated_010_020
2022-04-14,RAIL3,RAIL3,18.52,18.61,18.22,18.4,18.4,7774704,18.52,18.61,18.22,18.4,1.0,18.61,18.22,0,7774704,11690,143397025.42,1,02,010,BRRAILACNOR9,101,ON      NM,RUMO S.A.,11504,504,211803.42,consolidated_010_020
2022-04-18,RAIL3,RAIL3,18.35,18.57,17.99,18.05,18.05,7563406,18.35,18.57,17.99,18.05,1.0,18.57,17.99,0,7563406,13847,137425356.39,1,02,010,BRRAILACNOR9,101,ON      NM,RUMO S.A.,11206,574,203949.39,consolidated_010_020
2022-04-19,RAIL3,RAIL3,17.91,18.08,17.72,18.0,18.0,4655496,17.91,18.08,17.72,18.0,1.0,18.08,17.72,0,4655496,11511,83676741.13,1,02,010,BRRAILACNOR9,101,ON      NM,RUMO S.A.,5596,364,100557.13,consolidated_010_020
2022-04-20,RAIL3,RAIL3,18.17,18.9,18.07,18.83,18.83,14490623,18.17,18.9,18.07,18.83,1.0,18.9,18.07,0,14490623,20807,268458166.63,1,02,010,BRRAILACNOR9,101,ON      NM,RUMO S.A.,22023,823,407216.63,consolidated_010_020
2022-04-22,RAIL3,RAIL3,18.66,18.97,18.16,18.29,18.29,9429684,18.66,18.97,18.16,18.29,1.0,18.97,18.16,0,9429684,19399,174381509.89,1,02,010,BRRAILACNOR9,101,ON      NM,RUMO S.A.,17084,740,315752.89,consolidated_010_020
2022-04-25,RAIL3,RAIL3,18.24,18.28,18.0,18.13,18.13,4864748,18.24,18.28,18.0,18.13,1.0,18.28,18.0,0,4864748,14591,88143210.86,1,02,010,BRRAILACNOR9,102,ON  ATZ NM,RUMO S.A.,6148,473,111343.86,consolidated_010_020
2022-04-26,RAIL3,RAIL3,18.09,18.09,17.53,17.8,17.8,7912030,18.09,18.09,17.53,17.8,1.0,18.09,17.53,0,7912030,21032,140573610.38,1,02,010,BRRAILACNOR9,102,ON  ATZ NM,RUMO S.A.,12330,536,218932.38,consolidated_010_020
2022-04-27,RAIL3,RAIL3,17.8,18.02,17.62,17.67,17.67,11468584,17.8,18.02,17.62,17.67,1.0,18.02,17.62,0,11468584,16208,203610872.44,1,02,010,BRRAILACNOR9,102,ON  ATZ NM,RUMO S.A.,6884,474,122153.44,consolidated_010_020
2022-04-28,RAIL3,RAIL3,17.74,17.77,17.38,17.38,17.38,9845247,17.74,17.77,17.38,17.38,1.0,17.77,17.38,0,9845247,14651,172689225.79,1,02,010,BRRAILACNOR9,103,ON  ED  NM,RUMO S.A.,9247,448,162514.79,consolidated_010_020
2022-04-29,RAIL3,RAIL3,17.69,17.69,16.37,16.37,16.37,13027519,17.69,17.69,16.37,16.37,1.0,17.69,16.37,0,13027519,25041,218204821.58,1,02,010,BRRAILACNOR9,103,ON  EX  NM,RUMO S.A.,10219,774,173206.58,consolidated_010_020
2022-05-02,RAIL3,RAIL3,16.36,16.43,15.61,15.82,15.82,12580351,16.36,16.43,15.61,15.82,1.0,16.43,15.61,0,12580351,30106,199628619.85,1,02,010,BRRAILACNOR9,103,ON  EX  NM,RUMO S.A.,17351,921,276308.85,consolidated_010_020
2022-05-03,RAIL3,RAIL3,15.87,16.16,15.68,15.96,15.96,9252436,15.87,16.16,15.68,15.96,1.0,16.16,15.68,0,9252436,16076,147161383.59,1,02,010,BRRAILACNOR9,103,ON  EX  NM,RUMO S.A.,7236,406,115145.59,consolidated_010_020
2022-05-04,RAIL3,RAIL3,15.88,16.32,15.57,16.2,16.2,17937615,15.88,16.32,15.57,16.2,1.0,16.32,15.57,0,17937615,32593,283752079.3,1,02,010,BRRAILACNOR9,103,ON  EX  NM,RUMO S.A.,12815,642,202508.3,consolidated_010_020
2022-05-05,RAIL3,RAIL3,16.04,16.19,15.48,15.69,15.69,6055021,16.04,16.19,15.48,15.69,1.0,16.19,15.48,0,6055021,18201,94941054.43,1,02,010,BRRAILACNOR9,103,ON  ED  NM,RUMO S.A.,12321,699,193143.43,consolidated_010_020
2022-05-06,RAIL3,RAIL3,15.64,15.9,15.17,15.35,15.35,11864731,15.64,15.9,15.17,15.35,1.0,15.9,15.17,0,11864731,23771,182065408.46,1,02,010,BRRAILACNOR9,103,ON  ED  NM,RUMO S.A.,15631,709,240374.46,consolidated_010_020
2022-05-09,RAIL3,RAIL3,15.17,15.75,15.11,15.45,15.45,13633016,15.17,15.75,15.11,15.45,1.0,15.75,15.11,0,13633016,19754,211138720.54,1,02,010,BRRAILACNOR9,103,ON  ED  NM,RUMO S.A.,10816,611,167125.54,consolidated_010_020
2022-05-10,RAIL3,RAIL3,15.5,15.61,15.23,15.31,15.31,9961785,15.5,15.61,15.23,15.31,1.0,15.61,15.23,0,9961785,17276,153272031.58,1,02,010,BRRAILACNOR9,103,ON      NM,RUMO S.A.,10485,474,161376.58,consolidated_010_020
2022-05-11,RAIL3,RAIL3,15.36,15.5,15.05,15.36,15.36,6580387,15.36,15.5,15.05,15.36,1.0,15.5,15.05,0,6580387,11834,101039561.95,1,02,010,BRRAILACNOR9,103,ON      NM,RUMO S.A.,9087,427,139440.95,consolidated_010_020
2022-05-12,RAIL3,RAIL3,15.28,15.43,14.98,15.27,15.27,13402101,15.28,15.43,14.98,15.27,1.0,15.43,14.98,0,13402101,17589,203999907.88,1,02,010,BRRAILACNOR9,103,ON      NM,RUMO S.A.,12901,633,196453.88,consolidated_010_020
2022-05-13,RAIL3,RAIL3,15.2,15.98,15.16,15.54,15.54,17695604,15.2,15.98,15.16,15.54,1.0,15.98,15.16,0,17695604,23342,274525585.54,1,02,010,BRRAILACNOR9,103,ON      NM,RUMO S.A.,14004,695,218712.54,consolidated_010_020
2022-05-16,RAIL3,RAIL3,15.8,16.11,15.54,15.96,15.96,10584361,15.8,16.11,15.54,15.96,1.0,16.11,15.54,0,10584361,21109,168032600.16,1,02,010,BRRAILACNOR9,103,ON      NM,RUMO S.A.,23261,1164,368310.16,consolidated_010_020
2022-05-17,RAIL3,RAIL3,16.2,16.35,15.81,16.03,16.03,13433486,16.2,16.35,15.81,16.03,1.0,16.35,15.81,0,13433486,17394,216201239.48,1,02,010,BRRAILACNOR9,103,ON      NM,RUMO S.A.,14886,632,239479.48,consolidated_010_020
2022-05-18,RAIL3,RAIL3,15.89,15.92,15.46,15.61,15.61,9628034,15.89,15.92,15.46,15.61,1.0,15.92,15.46,0,9628034,16281,150940826.72,1,02,010,BRRAILACNOR9,103,ON      NM,RUMO S.A.,14434,688,227003.72,consolidated_010_020
2022-05-19,RAIL3,RAIL3,15.49,15.81,15.42,15.61,15.61,8200351,15.49,15.81,15.42,15.61,1.0,15.81,15.42,0,8200351,12697,128434425.75,1,02,010,BRRAILACNOR9,103,ON      NM,RUMO S.A.,8151,370,127700.75,consolidated_010_020
2022-05-20,RAIL3,RAIL3,15.79,16.03,15.62,15.87,15.87,9248837,15.79,16.03,15.62,15.87,1.0,16.03,15.62,0,9248837,17147,146092811.28,1,02,010,BRRAILACNOR9,103,ON      NM,RUMO S.A.,17637,858,278723.28,consolidated_010_020
2022-05-23,RAIL3,RAIL3,15.93,16.15,15.85,16.08,16.08,17137353,15.93,16.15,15.85,16.08,1.0,16.15,15.85,0,17137353,22641,275112502.17,1,02,010,BRRAILACNOR9,103,ON      NM,RUMO S.A.,10153,514,162495.17,consolidated_010_020
2022-05-24,RAIL3,RAIL3,15.98,16.18,15.73,16.17,16.17,9880309,15.98,16.18,15.73,16.17,1.0,16.18,15.73,0,9880309,17397,157380968.46,1,02,010,BRRAILACNOR9,103,ON      NM,RUMO S.A.,8609,469,137280.46,consolidated_010_020
2022-05-25,RAIL3,RAIL3,15.98,16.16,15.8,16.04,16.04,10073152,15.98,16.16,15.8,16.04,1.0,16.16,15.8,0,10073152,15716,160988073.72,1,02,010,BRRAILACNOR9,103,ON      NM,RUMO S.A.,5152,267,82525.72,consolidated_010_020
2022-05-26,RAIL3,RAIL3,16.1,17.25,16.07,17.15,17.15,18172330,16.1,17.25,16.07,17.15,1.0,17.25,16.07,0,18172330,32188,308568926.5,1,02,010,BRRAILACNOR9,103,ON      NM,RUMO S.A.,15930,887,268209.5,consolidated_010_020
2022-05-27,RAIL3,RAIL3,17.11,17.24,16.91,17.08,17.08,9939407,17.11,17.24,16.91,17.08,1.0,17.24,16.91,0,9939407,24269,169293733.33,1,02,010,BRRAILACNOR9,103,ON      NM,RUMO S.A.,9007,444,153324.33,consolidated_010_020
2022-05-30,RAIL3,RAIL3,17.25,17.36,17.03,17.16,17.16,5670410,17.25,17.36,17.03,17.16,1.0,17.36,17.03,0,5670410,14069,97515289.3,1,02,010,BRRAILACNOR9,103,ON      NM,RUMO S.A.,6610,406,113651.3,consolidated_010_020
2022-05-31,RAIL3,RAIL3,17.38,17.82,17.18,17.68,17.68,25703253,17.38,17.82,17.18,17.68,1.0,17.82,17.18,0,25703253,20025,453177166.54,1,02,010,BRRAILACNOR9,103,ON      NM,RUMO S.A.,13453,849,236249.54,consolidated_010_020
2022-06-01,RAIL3,RAIL3,17.68,18.16,17.62,17.79,17.79,14305438,17.68,18.16,17.62,17.79,1.0,18.16,17.62,0,14305438,30118,254881445.51,1,02,010,BRRAILACNOR9,103,ON      NM,RUMO S.A.,14438,783,257284.51,consolidated_010_020
2022-06-02,RAIL3,RAIL3,17.98,18.41,17.79,18.35,18.35,7339408,17.98,18.41,17.79,18.35,1.0,18.41,17.79,0,7339408,15760,133243347.35,1,02,010,BRRAILACNOR9,103,ON      NM,RUMO S.A.,11208,674,203481.35,consolidated_010_020
2022-06-03,RAIL3,RAIL3,18.35,18.54,18.2,18.39,18.39,11575454,18.35,18.54,18.2,18.39,1.0,18.54,18.2,0,11575454,18174,212808723.43,1,02,010,BRRAILACNOR9,103,ON      NM,RUMO S.A.,11254,578,206900.43,consolidated_010_020
2022-06-06,RAIL3,RAIL3,18.52,18.73,18.17,18.24,18.24,20234627,18.52,18.73,18.17,18.24,1.0,18.73,18.17,0,20234627,19061,370832736.6,1,02,010,BRRAILACNOR9,103,ON      NM,RUMO S.A.,11927,587,219569.6,consolidated_010_020
2022-06-07,RAIL3,RAIL3,18.1,18.15,17.67,17.87,17.87,8137417,18.1,18.15,17.67,17.87,1.0,18.15,17.67,0,8137417,16219,145022093.42,1,02,010,BRRAILACNOR9,103,ON      NM,RUMO S.A.,7917,487,141265.42,consolidated_010_020
2022-06-08,RAIL3,RAIL3,17.63,18.18,17.55,17.65,17.65,8571419,17.63,18.18,17.55,17.65,1.0,18.18,17.55,0,8571419,17217,151758775.7,1,02,010,BRRAILACNOR9,103,ON      NM,RUMO S.A.,7119,431,126366.7,consolidated_010_020
2022-06-09,RAIL3,RAIL3,17.61,18.05,17.57,17.93,17.93,10501370,17.61,18.05,17.57,17.93,1.0,18.05,17.57,0,10501370,20153,188148145.18,1,02,010,BRRAILACNOR9,103,ON      NM,RUMO S.A.,7670,495,137121.18,consolidated_010_020
2022-06-10,RAIL3,RAIL3,17.65,17.7,17.08,17.46,17.46,13455026,17.65,17.7,17.08,17.46,1.0,17.7,17.08,0,13455026,33055,232987619.47,1,02,010,BRRAILACNOR9,103,ON      NM,RUMO S.A.,7726,434,133966.47,consolidated_010_020
2022-06-13,RAIL3,RAIL3,17.23,17.29,16.82,17.01,17.01,8357342,17.23,17.29,16.82,17.01,1.0,17.29,16.82,0,8357342,23837,141919977.08,1,02,010,BRRAILACNOR9,103,ON      NM,RUMO S.A.,9342,526,158648.08,consolidated_010_020
2022-06-14,RAIL3,RAIL3,16.91,17.19,16.77,17.06,17.06,8772833,16.91,17.19,16.77,17.06,1.0,17.19,16.77,0,8772833,15116,149074859.2,1,02,010,BRRAILACNOR9,103,ON      NM,RUMO S.A.,8033,394,136367.2,consolidated_010_020
2022-06-15,RAIL3,RAIL3,17.37,17.38,16.84,17.08,17.08,7996231,17.37,17.38,16.84,17.08,1.0,17.38,16.84,0,7996231,20087,136523678.12,1,02,010,BRRAILACNOR9,103,ON      NM,RUMO S.A.,7931,548,135547.12,consolidated_010_020
2022-06-17,RAIL3,RAIL3,16.84,16.97,16.42,16.89,16.89,14405009,16.84,16.97,16.42,16.89,1.0,16.97,16.42,0,14405009,20240,241763599.84,1,02,010,BRRAILACNOR9,103,ON      NM,RUMO S.A.,8909,459,148959.84,consolidated_010_020
2022-06-20,RAIL3,RAIL3,17.0,17.0,16.46,16.75,16.75,6317045,17.0,17.0,16.46,16.75,1.0,17.0,16.46,0,6317045,12372,105891072.77,1,02,010,BRRAILACNOR9,103,ON      NM,RUMO S.A.,5645,411,94616.77,consolidated_010_020
2022-06-21,RAIL3,RAIL3,16.78,16.88,16.55,16.75,16.75,7446923,16.78,16.88,16.55,16.75,1.0,16.88,16.55,0,7446923,16839,124188035.53,1,02,010,BRRAILACNOR9,103,ON      NM,RUMO S.A.,4823,266,80487.53,consolidated_010_020
2022-06-22,RAIL3,RAIL3,16.54,16.96,16.16,16.79,16.79,11385841,16.54,16.96,16.16,16.79,1.0,16.96,16.16,0,11385841,21060,190148117.4,1,02,010,BRRAILACNOR9,103,ON      NM,RUMO S.A.,6241,358,104442.4,consolidated_010_020
2022-06-23,RAIL3,RAIL3,16.78,17.24,16.67,16.72,16.72,8453574,16.78,17.24,16.67,16.72,1.0,17.24,16.67,0,8453574,16358,142474340.49,1,02,010,BRRAILACNOR9,103,ON      NM,RUMO S.A.,7174,377,121224.49,consolidated_010_020
2022-06-24,RAIL3,RAIL3,16.9,17.25,16.54,16.63,16.63,13156534,16.9,17.25,16.54,16.63,1.0,17.25,16.54,0,13156534,22813,221013712.01,1,02,010,BRRAILACNOR9,103,ON      NM,RUMO S.A.,8334,476,139709.01,consolidated_010_020
2022-06-27,RAIL3,RAIL3,16.6,17.1,16.58,16.69,16.69,6090209,16.6,17.1,16.58,16.69,1.0,17.1,16.58,0,6090209,15919,102300513.49,1,02,010,BRRAILACNOR9,103,ON      NM,RUMO S.A.,6409,377,107618.49,consolidated_010_020
2022-06-28,RAIL3,RAIL3,16.7,16.83,16.12,16.36,16.36,10782609,16.7,16.83,16.12,16.36,1.0,16.83,16.12,0,10782609,17114,176810847.28,1,02,010,BRRAILACNOR9,103,ON      NM,RUMO S.A.,9109,527,149241.28,consolidated_010_020
2022-06-29,RAIL3,RAIL3,16.53,16.66,16.17,16.34,16.34,9770560,16.53,16.66,16.17,16.34,1.0,16.66,16.17,0,9770560,17821,159795618.93,1,02,010,BRRAILACNOR9,103,ON      NM,RUMO S.A.,10760,444,175897.93,consolidated_010_020
2022-06-30,RAIL3,RAIL3,16.01,16.18,15.83,15.97,15.97,10917748,16.01,16.18,15.83,15.97,1.0,16.18,15.83,0,10917748,19442,174423548.9,1,02,010,BRRAILACNOR9,103,ON      NM,RUMO S.A.,7948,453,126928.9,consolidated_010_020
2022-07-01,RAIL3,RAIL3,15.82,16.06,15.62,15.99,15.99,10435781,15.82,16.06,15.62,15.99,1.0,16.06,15.62,0,10435781,21405,166042737.89,1,02,010,BRRAILACNOR9,103,ON      NM,RUMO S.A.,12781,619,203614.89,consolidated_010_020
2022-07-04,RAIL3,RAIL3,15.82,16.2,15.8,15.95,15.95,3605380,15.82,16.2,15.8,15.95,1.0,16.2,15.8,0,3605380,9684,57777137.63,1,02,010,BRRAILACNOR9,103,ON      NM,RUMO S.A.,5180,303,83122.63,consolidated_010_020
2022-07-05,RAIL3,RAIL3,15.79,16.23,15.76,16.13,16.13,8444115,15.79,16.23,15.76,16.13,1.0,16.23,15.76,0,8444115,18423,135156174.38,1,02,010,BRRAILACNOR9,103,ON      NM,RUMO S.A.,6715,292,107617.38,consolidated_010_020
2022-07-06,RAIL3,RAIL3,15.96,16.36,15.85,16.11,16.11,10116125,15.96,16.36,15.85,16.11,1.0,16.36,15.85,0,10116125,18517,163361067.89,1,02,010,BRRAILACNOR9,103,ON      NM,RUMO S.A.,8025,353,129570.89,consolidated_010_020
2022-07-07,RAIL3,RAIL3,16.35,16.41,16.09,16.12,16.12,10900944,16.35,16.41,16.09,16.12,1.0,16.41,16.09,0,10900944,16536,177136988.67,1,02,010,BRRAILACNOR9,103,ON      NM,RUMO S.A.,5144,282,83654.67,consolidated_010_020
2022-07-08,RAIL3,RAIL3,16.17,16.28,15.9,16.08,16.08,9570358,16.17,16.28,15.9,16.08,1.0,16.28,15.9,0,9570358,14200,153639471.57,1,02,010,BRRAILACNOR9,103,ON      NM,RUMO S.A.,6558,401,105266.57,consolidated_010_020
2022-07-11,RAIL3,RAIL3,15.95,16.07,15.72,15.76,15.76,5496980,15.95,16.07,15.72,15.76,1.0,16.07,15.72,0,5496980,12455,87190180.26,1,02,010,BRRAILACNOR9,103,ON      NM,RUMO S.A.,5280,614,83935.26,consolidated_010_020
2022-07-12,RAIL3,RAIL3,15.84,15.84,15.54,15.68,15.68,4677214,15.84,15.84,15.54,15.68,1.0,15.84,15.54,0,4677214,12619,73394733.37,1,02,010,BRRAILACNOR9,103,ON      NM,RUMO S.A.,6214,877,97481.37,consolidated_010_020
2022-07-13,RAIL3,RAIL3,15.6,15.78,15.41,15.43,15.43,5468009,15.6,15.78,15.41,15.43,1.0,15.78,15.41,0,5468009,17438,84938867.08,1,02,010,BRRAILACNOR9,103,ON      NM,RUMO S.A.,5509,367,85650.08,consolidated_010_020
2022-07-14,RAIL3,RAIL3,15.32,15.5,15.22,15.4,15.4,5500980,15.32,15.5,15.22,15.4,1.0,15.5,15.22,0,5500980,10313,84599068.44,1,02,010,BRRAILACNOR9,103,ON      NM,RUMO S.A.,6280,327,96626.44,consolidated_010_020
2022-07-15,RAIL3,RAIL3,15.38,15.5,15.22,15.34,15.34,4132267,15.38,15.5,15.22,15.34,1.0,15.5,15.22,0,4132267,19827,63577989.79,1,02,010,BRRAILACNOR9,103,ON      NM,RUMO S.A.,4767,360,73363.79,consolidated_010_020
2022-07-18,RAIL3,RAIL3,15.58,16.02,15.5,15.79,15.79,9557609,15.58,16.02,15.5,15.79,1.0,16.02,15.5,0,9557609,17410,151518101.49,1,02,010,BRRAILACNOR9,103,ON      NM,RUMO S.A.,6509,391,102973.49,consolidated_010_020
2022-07-19,RAIL3,RAIL3,15.92,16.1,15.84,15.9,15.9,6307009,15.92,16.1,15.84,15.9,1.0,16.1,15.84,0,6307009,12151,100658963.57,1,02,010,BRRAILACNOR9,103,ON      NM,RUMO S.A.,4509,271,71883.57,consolidated_010_020
2022-07-20,RAIL3,RAIL3,15.86,16.09,15.63,16.01,16.01,6846734,15.86,16.09,15.63,16.01,1.0,16.09,15.63,0,6846734,9905,109260862.84,1,02,010,BRRAILACNOR9,103,ON      NM,RUMO S.A.,5134,373,81639.84,consolidated_010_020
2022-07-21,RAIL3,RAIL3,15.8,16.08,15.75,16.01,16.01,5292504,15.8,16.08,15.75,16.01,1.0,16.08,15.75,0,5292504,12929,84549800.21,1,02,010,BRRAILACNOR9,103,ON      NM,RUMO S.A.,4104,424,65640.21,consolidated_010_020
2022-07-22,RAIL3,RAIL3,16.07,16.17,15.89,16.09,16.09,8632017,16.07,16.17,15.89,16.09,1.0,16.17,15.89,0,8632017,10923,138556915.12,1,02,010,BRRAILACNOR9,103,ON      NM,RUMO S.A.,5917,443,94885.12,consolidated_010_020
2022-07-25,RAIL3,RAIL3,16.16,16.48,16.13,16.41,16.41,7194539,16.16,16.48,16.13,16.41,1.0,16.48,16.13,0,7194539,11971,117837863.59,1,02,010,BRRAILACNOR9,103,ON      NM,RUMO S.A.,6639,482,108361.59,consolidated_010_020
2022-07-26,RAIL3,RAIL3,16.5,16.68,16.36,16.49,16.49,7367400,16.5,16.68,16.36,16.49,1.0,16.68,16.36,0,7367400,11841,121409133.93,1,02,010,BRRAILACNOR9,103,ON      NM,RUMO S.A.,4100,282,67503.93,consolidated_010_020
2022-07-27,RAIL3,RAIL3,16.52,17.39,16.5,17.39,17.39,11155907,16.52,17.39,16.5,17.39,1.0,17.39,16.5,0,11155907,20591,191605148.28,1,02,010,BRRAILACNOR9,103,ON      NM,RUMO S.A.,11107,706,190657.28,consolidated_010_020
2022-07-28,RAIL3,RAIL3,17.33,17.6,17.28,17.55,17.55,6998332,17.33,17.6,17.28,17.55,1.0,17.6,17.28,0,6998332,17628,122423583.21,1,02,010,BRRAILACNOR9,103,ON      NM,RUMO S.A.,6132,591,107235.21,consolidated_010_020
2022-07-29,RAIL3,RAIL3,17.55,17.73,17.4,17.54,17.54,6939926,17.55,17.73,17.4,17.54,1.0,17.73,17.4,0,6939926,14216,122031804.08,1,02,010,BRRAILACNOR9,103,ON      NM,RUMO S.A.,8026,618,141080.08,consolidated_010_020
2022-08-01,RAIL3,RAIL3,17.49,17.71,17.37,17.54,17.54,8819685,17.49,17.71,17.37,17.54,1.0,17.71,17.37,0,8819685,25448,155009013.94,1,02,010,BRRAILACNOR9,103,ON      NM,RUMO S.A.,7785,482,136448.94,consolidated_010_020
2022-08-02,RAIL3,RAIL3,17.38,17.75,17.37,17.72,17.72,8736336,17.38,17.75,17.37,17.72,1.0,17.75,17.37,0,8736336,18005,153885125.55,1,02,010,BRRAILACNOR9,103,ON      NM,RUMO S.A.,7736,407,136280.55,consolidated_010_020
2022-08-03,RAIL3,RAIL3,17.74,18.02,17.56,17.96,17.96,7794739,17.74,18.02,17.56,17.96,1.0,18.02,17.56,0,7794739,16241,139254635.83,1,02,010,BRRAILACNOR9,103,ON      NM,RUMO S.A.,9039,530,161672.83,consolidated_010_020
2022-08-04,RAIL3,RAIL3,18.07,18.66,17.88,18.48,18.48,14930736,18.07,18.66,17.88,18.48,1.0,18.66,17.88,0,14930736,20402,275896026.31,1,02,010,BRRAILACNOR9,103,ON      NM,RUMO S.A.,9836,581,181700.31,consolidated_010_020
2022-08-05,RAIL3,RAIL3,18.46,18.49,18.17,18.31,18.31,8530762,18.46,18.49,18.17,18.31,1.0,18.49,18.17,0,8530762,17052,155934980.5,1,02,010,BRRAILACNOR9,103,ON      NM,RUMO S.A.,6462,406,118228.5,consolidated_010_020
2022-08-08,RAIL3,RAIL3,18.45,18.65,18.3,18.4,18.4,8578543,18.45,18.65,18.3,18.4,1.0,18.65,18.3,0,8578543,16531,158177239.33,1,02,010,BRRAILACNOR9,103,ON      NM,RUMO S.A.,6743,429,124398.33,consolidated_010_020
2022-08-09,RAIL3,RAIL3,18.42,18.59,17.83,18.0,18.0,9064226,18.42,18.59,17.83,18.0,1.0,18.59,17.83,0,9064226,26813,163423714.43,1,02,010,BRRAILACNOR9,103,ON      NM,RUMO S.A.,7226,486,130494.43,consolidated_010_020
2022-08-10,RAIL3,RAIL3,18.39,18.6,18.24,18.4,18.4,7157608,18.39,18.6,18.24,18.4,1.0,18.6,18.24,0,7157608,29687,131981321.91,1,02,010,BRRAILACNOR9,103,ON      NM,RUMO S.A.,7308,770,134649.91,consolidated_010_020
2022-08-11,RAIL3,RAIL3,18.53,18.81,18.12,18.42,18.42,12969085,18.53,18.81,18.12,18.42,1.0,18.81,18.12,0,12969085,24483,239453738.26,1,02,010,BRRAILACNOR9,103,ON      NM,RUMO S.A.,7085,462,130698.26,consolidated_010_020
2022-08-12,RAIL3,RAIL3,18.7,19.48,18.54,19.38,19.38,20051810,18.7,19.48,18.54,19.38,1.0,19.48,18.54,0,20051810,34267,381336773.41,1,02,010,BRRAILACNOR9,103,ON      NM,RUMO S.A.,17010,878,324068.41,consolidated_010_020
2022-08-15,RAIL3,RAIL3,19.2,19.74,19.04,19.66,19.66,10692413,19.2,19.74,19.04,19.66,1.0,19.74,19.04,0,10692413,35529,207734772.72,1,02,010,BRRAILACNOR9,103,ON      NM,RUMO S.A.,11413,794,221386.72,consolidated_010_020
2022-08-16,RAIL3,RAIL3,19.66,19.86,19.46,19.71,19.71,10955051,19.66,19.86,19.46,19.71,1.0,19.86,19.46,0,10955051,25368,215425988.97,1,02,010,BRRAILACNOR9,103,ON      NM,RUMO S.A.,9751,513,192061.97,consolidated_010_020
2022-08-17,RAIL3,RAIL3,19.74,20.03,19.55,19.88,19.88,11849158,19.74,20.03,19.55,19.88,1.0,20.03,19.55,0,11849158,39577,234351165.15,1,02,010,BRRAILACNOR9,103,ON      NM,RUMO S.A.,10858,726,214923.15,consolidated_010_020
2022-08-18,RAIL3,RAIL3,19.87,20.02,19.69,19.96,19.96,4925595,19.87,20.02,19.69,19.96,1.0,20.02,19.69,0,4925595,22014,97995302.87,1,02,010,BRRAILACNOR9,103,ON      NM,RUMO S.A.,8595,475,170913.87,consolidated_010_020
2022-08-19,RAIL3,RAIL3,19.85,19.86,19.14,19.33,19.33,8653926,19.85,19.86,19.14,19.33,1.0,19.86,19.14,0,8653926,28454,167558228.07,1,02,010,BRRAILACNOR9,103,ON      NM,RUMO S.A.,6326,417,122904.07,consolidated_010_020
2022-08-22,RAIL3,RAIL3,19.31,19.48,19.14,19.24,19.24,6052492,19.31,19.48,19.14,19.24,1.0,19.48,19.14,0,6052492,16059,116758127.49,1,02,010,BRRAILACNOR9,103,ON      NM,RUMO S.A.,5792,364,111705.49,consolidated_010_020
2022-08-23,RAIL3,RAIL3,19.23,19.74,19.1,19.56,19.56,9030376,19.23,19.74,19.1,19.56,1.0,19.74,19.1,0,9030376,21629,175861909.22,1,02,010,BRRAILACNOR9,103,ON      NM,RUMO S.A.,6876,493,133387.22,consolidated_010_020
2022-08-24,RAIL3,RAIL3,19.62,20.05,19.14,20.0,20.0,13576896,19.62,20.05,19.14,20.0,1.0,20.05,19.14,0,13576896,24753,269186281.31,1,02,010,BRRAILACNOR9,103,ON      NM,RUMO S.A.,7996,577,158195.31,consolidated_010_020
2022-08-25,RAIL3,RAIL3,20.24,20.4,19.73,20.29,20.29,10937474,20.24,20.4,19.73,20.29,1.0,20.4,19.73,0,10937474,21074,220402033.06,1,02,010,BRRAILACNOR9,103,ON      NM,RUMO S.A.,11074,761,223130.06,consolidated_010_020
2022-08-26,RAIL3,RAIL3,20.49,20.52,19.83,20.03,20.03,8612250,20.49,20.52,19.83,20.03,1.0,20.52,19.83,0,8612250,22096,173029463.63,1,02,010,BRRAILACNOR9,103,ON      NM,RUMO S.A.,6750,444,135802.63,consolidated_010_020
2022-08-29,RAIL3,RAIL3,19.99,20.36,19.85,20.09,20.09,5973158,19.99,20.36,19.85,20.09,1.0,20.36,19.85,0,5973158,16126,120264241.86,1,02,010,BRRAILACNOR9,103,ON      NM,RUMO S.A.,6958,564,140116.86,consolidated_010_020
2022-08-30,RAIL3,RAIL3,20.28,20.82,19.86,20.13,20.13,14877442,20.28,20.82,19.86,20.13,1.0,20.82,19.86,0,14877442,25963,302362330.42,1,02,010,BRRAILACNOR9,103,ON      NM,RUMO S.A.,9942,637,201918.42,consolidated_010_020
2022-08-31,RAIL3,RAIL3,20.45,20.58,20.04,20.21,20.21,13235666,20.45,20.58,20.04,20.21,1.0,20.58,20.04,0,13235666,21287,267640702.99,1,02,010,BRRAILACNOR9,103,ON      NM,RUMO S.A.,10766,713,217915.99,consolidated_010_020
2022-09-01,RAIL3,RAIL3,20.5,20.87,20.07,20.37,20.37,15551778,20.5,20.87,20.07,20.37,1.0,20.87,20.07,0,15551778,30554,319182442.23,1,02,010,BRRAILACNOR9,103,ON      NM,RUMO S.A.,13878,1480,283565.23,consolidated_010_020
2022-09-02,RAIL3,RAIL3,20.6,20.6,20.0,20.26,20.26,13354237,20.6,20.6,20.0,20.26,1.0,20.6,20.0,0,13354237,26128,270775215.23,1,02,010,BRRAILACNOR9,103,ON      NM,RUMO S.A.,10737,766,218059.23,consolidated_010_020
2022-09-05,RAIL3,RAIL3,20.62,20.84,20.31,20.57,20.57,5446266,20.62,20.84,20.31,20.57,1.0,20.84,20.31,0,5446266,15032,112260232.0,1,02,010,BRRAILACNOR9,103,ON      NM,RUMO S.A.,11466,795,236326.0,consolidated_010_020
2022-09-06,RAIL3,RAIL3,20.4,20.65,20.02,20.21,20.21,11460921,20.4,20.65,20.02,20.21,1.0,20.65,20.02,0,11460921,20983,231554853.31,1,02,010,BRRAILACNOR9,103,ON      NM,RUMO S.A.,8021,595,162042.31,consolidated_010_020
2022-09-08,RAIL3,RAIL3,20.14,20.65,20.03,20.36,20.36,10339608,20.14,20.65,20.03,20.36,1.0,20.65,20.03,0,10339608,21068,210673675.91,1,02,010,BRRAILACNOR9,103,ON      NM,RUMO S.A.,9508,563,193419.91,consolidated_010_020
2022-09-09,RAIL3,RAIL3,20.5,20.79,20.33,20.73,20.73,10571854,20.5,20.79,20.33,20.73,1.0,20.79,20.33,0,10571854,20636,218056635.04,1,02,010,BRRAILACNOR9,103,ON      NM,RUMO S.A.,7954,660,164003.04,consolidated_010_020
2022-09-12,RAIL3,RAIL3,20.8,20.91,20.27,20.69,20.69,11024979,20.8,20.91,20.27,20.69,1.0,20.91,20.27,0,11024979,15195,227214745.09,1,02,010,BRRAILACNOR9,103,ON      NM,RUMO S.A.,9179,657,189351.09,consolidated_010_020
2022-09-13,RAIL3,RAIL3,20.38,20.66,19.63,19.79,19.79,16643316,20.38,20.66,19.63,19.79,1.0,20.66,19.63,0,16643316,28735,332131367.09,1,02,010,BRRAILACNOR9,103,ON      NM,RUMO S.A.,9716,710,193796.09,consolidated_010_020
2022-09-14,RAIL3,RAIL3,19.78,20.14,19.41,20.13,20.13,8689810,19.78,20.14,19.41,20.13,1.0,20.14,19.41,0,8689810,18438,172645396.67,1,02,010,BRRAILACNOR9,103,ON      NM,RUMO S.A.,9010,591,179172.67,consolidated_010_020
2022-09-15,RAIL3,RAIL3,20.05,20.15,19.71,19.88,19.88,8988694,20.05,20.15,19.71,19.88,1.0,20.15,19.71,0,8988694,18675,178849778.9,1,02,010,BRRAILACNOR9,103,ON      NM,RUMO S.A.,6494,489,129331.9,consolidated_010_020
2022-09-16,RAIL3,RAIL3,19.68,19.93,19.31,19.66,19.66,19331633,19.68,19.93,19.31,19.66,1.0,19.93,19.31,0,19331633,36934,377572948.67,1,02,010,BRRAILACNOR9,103,ON      NM,RUMO S.A.,6133,361,119609.67,consolidated_010_020
2022-09-19,RAIL3,RAIL3,19.62,19.89,19.41,19.79,19.79,7255780,19.62,19.89,19.41,19.79,1.0,19.89,19.41,0,7255780,15857,143104788.29,1,02,010,BRRAILACNOR9,103,ON      NM,RUMO S.A.,6680,443,131607.29,consolidated_010_020
2022-09-20,RAIL3,RAIL3,19.87,20.09,19.44,19.64,19.64,8968651,19.87,20.09,19.44,19.64,1.0,20.09,19.44,0,8968651,21436,175914563.25,1,02,010,BRRAILACNOR9,103,ON      NM,RUMO S.A.,6551,448,128722.25,consolidated_010_020
2022-09-21,RAIL3,RAIL3,19.65,20.08,19.54,19.85,19.85,8276451,19.65,20.08,19.54,19.85,1.0,20.08,19.54,0,8276451,23366,164167043.19,1,02,010,BRRAILACNOR9,103,ON      NM,RUMO S.A.,7651,602,151522.19,consolidated_010_020
2022-09-22,RAIL3,RAIL3,20.06,20.21,19.6,20.0,20.0,13692482,20.06,20.21,19.6,20.0,1.0,20.21,19.6,0,13692482,31432,271952722.75,1,02,010,BRRAILACNOR9,103,ON      NM,RUMO S.A.,9382,553,186009.75,consolidated_010_020
2022-09-23,RAIL3,RAIL3,19.7,19.83,19.05,19.35,19.35,13657570,19.7,19.83,19.05,19.35,1.0,19.83,19.05,0,13657570,30798,263992968.7,1,02,010,BRRAILACNOR9,103,ON      NM,RUMO S.A.,7670,507,148413.7,consolidated_010_020
2022-09-26,RAIL3,RAIL3,19.16,19.44,18.66,18.85,18.85,16580212,19.16,19.44,18.66,18.85,1.0,19.44,18.66,0,16580212,24377,313334713.4,1,02,010,BRRAILACNOR9,103,ON      NM,RUMO S.A.,6912,471,131095.4,consolidated_010_020
2022-09-27,RAIL3,RAIL3,18.89,19.07,18.13,18.58,18.58,31359422,18.89,19.07,18.13,18.58,1.0,19.07,18.13,0,31359422,39890,581263494.86,1,02,010,BRRAILACNOR9,103,ON      NM,RUMO S.A.,8822,491,163144.86,consolidated_010_020
2022-09-28,RAIL3,RAIL3,18.44,18.76,18.28,18.46,18.46,18277661,18.44,18.76,18.28,18.46,1.0,18.76,18.28,0,18277661,22502,338377124.99,1,02,010,BRRAILACNOR9,103,ON      NM,RUMO S.A.,6861,359,126977.99,consolidated_010_020
2022-09-29,RAIL3,RAIL3,18.07,18.35,17.98,18.19,18.19,8671957,18.07,18.35,17.98,18.19,1.0,18.35,17.98,0,8671957,19556,157496726.45,1,02,010,BRRAILACNOR9,103,ON      NM,RUMO S.A.,5857,453,106357.45,consolidated_010_020
2022-09-30,RAIL3,RAIL3,18.11,18.61,17.99,18.48,18.48,13668702,18.11,18.61,17.99,18.48,1.0,18.61,17.99,0,13668702,20732,251866696.61,1,02,010,BRRAILACNOR9,103,ON      NM,RUMO S.A.,7702,424,141397.61,consolidated_010_020
2022-10-03,RAIL3,RAIL3,18.95,19.38,18.61,19.24,19.24,13918342,18.95,19.38,18.61,19.24,1.0,19.38,18.61,0,13918342,32826,264648044.93,1,02,010,BRRAILACNOR9,103,ON      NM,RUMO S.A.,16342,2177,309602.93,consolidated_010_020
2022-10-04,RAIL3,RAIL3,19.9,19.99,19.34,19.4,19.4,8223398,19.9,19.99,19.34,19.4,1.0,19.99,19.34,0,8223398,25965,160415054.92,1,02,010,BRRAILACNOR9,103,ON      NM,RUMO S.A.,10198,652,198972.92,consolidated_010_020
2022-10-05,RAIL3,RAIL3,19.5,19.57,19.12,19.56,19.56,7355817,19.5,19.57,19.12,19.56,1.0,19.57,19.12,0,7355817,18730,143095554.13,1,02,010,BRRAILACNOR9,103,ON      NM,RUMO S.A.,6917,510,134213.13,consolidated_010_020
2022-10-06,RAIL3,RAIL3,19.69,20.12,19.6,19.81,19.81,13678581,19.69,20.12,19.6,19.81,1.0,20.12,19.6,0,13678581,23455,272189042.32,1,02,010,BRRAILACNOR9,103,ON      NM,RUMO S.A.,8481,568,168538.32,consolidated_010_020
2022-10-07,RAIL3,RAIL3,19.71,19.9,18.79,19.11,19.11,16530274,19.71,19.9,18.79,19.11,1.0,19.9,18.79,0,16530274,42067,319539357.64,1,02,010,BRRAILACNOR9,103,ON      NM,RUMO S.A.,10074,816,195972.64,consolidated_010_020
2022-10-10,RAIL3,RAIL3,19.2,19.38,18.09,18.23,18.23,29525384,19.2,19.38,18.09,18.23,1.0,19.38,18.09,0,29525384,49563,545705169.15,1,02,010,BRRAILACNOR9,103,ON      NM,RUMO S.A.,13684,992,252980.15,consolidated_010_020
2022-10-11,RAIL3,RAIL3,18.11,19.03,18.07,19.0,19.0,21392134,18.11,19.03,18.07,19.0,1.0,19.03,18.07,0,21392134,49961,402052510.84,1,02,010,BRRAILACNOR9,103,ON      NM,RUMO S.A.,12434,917,233294.84,consolidated_010_020
2022-10-13,RAIL3,RAIL3,18.5,19.94,18.42,19.77,19.77,15606447,18.5,19.94,18.42,19.77,1.0,19.94,18.42,0,15606447,42739,305053453.42,1,02,010,BRRAILACNOR9,103,ON      NM,RUMO S.A.,11047,894,215481.42,consolidated_010_020
2022-10-14,RAIL3,RAIL3,19.72,19.81,19.2,19.3,19.3,6845799,19.72,19.81,19.2,19.3,1.0,19.81,19.2,0,6845799,18573,133377884.01,1,02,010,BRRAILACNOR9,103,ON      NM,RUMO S.A.,6599,400,128861.01,consolidated_010_020
2022-10-17,RAIL3,RAIL3,19.46,20.34,19.24,20.04,20.04,14703112,19.46,20.34,19.24,20.04,1.0,20.34,19.24,0,14703112,34572,294634156.29,1,02,010,BRRAILACNOR9,103,ON      NM,RUMO S.A.,11812,917,236699.29,consolidated_010_020
2022-10-18,RAIL3,RAIL3,20.26,21.05,20.1,20.44,20.44,27222579,20.26,21.05,20.1,20.44,1.0,21.05,20.1,0,27222579,49451,559448830.18,1,02,010,BRRAILACNOR9,103,ON      NM,RUMO S.A.,15779,1207,324996.18,consolidated_010_020
2022-10-19,RAIL3,RAIL3,20.43,20.81,20.18,20.7,20.7,14656154,20.43,20.81,20.18,20.7,1.0,20.81,20.18,0,14656154,28112,301914039.95,1,02,010,BRRAILACNOR9,103,ON      NM,RUMO S.A.,9154,673,188315.95,consolidated_010_020
2022-10-20,RAIL3,RAIL3,20.87,20.9,20.19,20.7,20.7,17096094,20.87,20.9,20.19,20.7,1.0,20.9,20.19,0,17096094,23779,351397165.4,1,02,010,BRRAILACNOR9,103,ON      NM,RUMO S.A.,8094,615,166192.4,consolidated_010_020
2022-10-21,RAIL3,RAIL3,20.58,21.39,20.27,21.26,21.26,13496830,20.58,21.39,20.27,21.26,1.0,21.39,20.27,0,13496830,29744,282420796.53,1,02,010,BRRAILACNOR9,103,ON      NM,RUMO S.A.,12630,1294,264568.53,consolidated_010_020
2022-10-24,RAIL3,RAIL3,21.05,21.16,20.8,21.05,21.05,6000934,21.05,21.16,20.8,21.05,1.0,21.16,20.8,0,6000934,20892,125873554.8,1,02,010,BRRAILACNOR9,103,ON      NM,RUMO S.A.,8134,543,170568.8,consolidated_010_020
2022-10-25,RAIL3,RAIL3,21.0,21.0,20.58,20.58,20.58,7566499,21.0,21.0,20.58,20.58,1.0,21.0,20.58,0,7566499,21279,156820260.53,1,02,010,BRRAILACNOR9,103,ON      NM,RUMO S.A.,6599,440,136959.53,consolidated_010_020
2022-10-26,RAIL3,RAIL3,20.49,20.72,20.02,20.17,20.17,9859525,20.49,20.72,20.02,20.17,1.0,20.72,20.02,0,9859525,31011,199778675.29,1,02,010,BRRAILACNOR9,103,ON      NM,RUMO S.A.,7325,589,148947.29,consolidated_010_020
2022-10-27,RAIL3,RAIL3,20.52,21.21,20.33,20.96,20.96,12493432,20.52,21.21,20.33,20.96,1.0,21.21,20.33,0,12493432,26302,261602175.37,1,02,010,BRRAILACNOR9,103,ON      NM,RUMO S.A.,8832,670,184548.37,consolidated_010_020
2022-10-28,RAIL3,RAIL3,20.9,21.24,20.76,21.24,21.24,12281127,20.9,21.24,20.76,21.24,1.0,21.24,20.76,0,12281127,25479,258668266.3,1,02,010,BRRAILACNOR9,103,ON      NM,RUMO S.A.,8727,669,183948.3,consolidated_010_020
2022-10-31,RAIL3,RAIL3,21.0,22.3,20.77,22.14,22.14,14732471,21.0,22.3,20.77,22.14,1.0,22.3,20.77,0,14732471,43521,320489674.75,1,02,010,BRRAILACNOR9,103,ON      NM,RUMO S.A.,19871,2093,429480.75,consolidated_010_020
2022-11-01,RAIL3,RAIL3,22.34,22.34,21.63,21.85,21.85,9136538,22.34,22.34,21.63,21.85,1.0,22.34,21.63,0,9136538,32748,200623936.79,1,02,010,BRRAILACNOR9,103,ON      NM,RUMO S.A.,20438,3682,448618.79,consolidated_010_020
2022-11-03,RAIL3,RAIL3,21.41,22.27,21.31,21.82,21.82,8733368,21.41,22.27,21.31,21.82,1.0,22.27,21.31,0,8733368,21316,191756366.14,1,02,010,BRRAILACNOR9,103,ON      NM,RUMO S.A.,13568,882,297801.14,consolidated_010_020
2022-11-04,RAIL3,RAIL3,21.5,21.59,20.13,20.46,20.46,29385368,21.5,21.59,20.13,20.46,1.0,21.59,20.13,0,29385368,54524,607927232.53,1,02,010,BRRAILACNOR9,103,ON      NM,RUMO S.A.,24468,1991,506663.53,consolidated_010_020
2022-11-07,RAIL3,RAIL3,20.41,21.09,20.16,20.22,20.22,17590397,20.41,21.09,20.16,20.22,1.0,21.09,20.16,0,17590397,32051,360736404.04,1,02,010,BRRAILACNOR9,103,ON      NM,RUMO S.A.,13297,1003,273514.04,consolidated_010_020
2022-11-08,RAIL3,RAIL3,20.06,21.07,20.04,20.78,20.78,14124558,20.06,21.07,20.04,20.78,1.0,21.07,20.04,0,14124558,42401,293598437.86,1,02,010,BRRAILACNOR9,103,ON      NM,RUMO S.A.,14958,1127,308569.86,consolidated_010_020
2022-11-09,RAIL3,RAIL3,20.65,20.96,20.34,20.49,20.49,11796273,20.65,20.96,20.34,20.49,1.0,20.96,20.34,0,11796273,26659,242976781.48,1,02,010,BRRAILACNOR9,103,ON      NM,RUMO S.A.,9273,609,191333.48,consolidated_010_020
2022-11-10,RAIL3,RAIL3,19.9,20.04,19.12,19.6,19.6,13538710,19.9,20.04,19.12,19.6,1.0,20.04,19.12,0,13538710,47902,264906673.05,1,02,010,BRRAILACNOR9,103,ON      NM,RUMO S.A.,16010,1162,313401.05,consolidated_010_020
2022-11-11,RAIL3,RAIL3,19.5,20.44,19.19,19.96,19.96,14238699,19.5,20.44,19.19,19.96,1.0,20.44,19.19,0,14238699,34604,283915093.01,1,02,010,BRRAILACNOR9,103,ON      NM,RUMO S.A.,14399,794,287490.01,consolidated_010_020
2022-11-14,RAIL3,RAIL3,20.45,20.45,19.66,19.98,19.98,14328034,20.45,20.45,19.66,19.98,1.0,20.45,19.66,0,14328034,21536,285294454.62,1,02,010,BRRAILACNOR9,103,ON      NM,RUMO S.A.,10234,580,204699.62,consolidated_010_020
2022-11-16,RAIL3,RAIL3,19.96,19.96,18.99,19.2,19.2,16817348,19.96,19.96,18.99,19.2,1.0,19.96,18.99,0,16817348,46155,323881735.13,1,02,010,BRRAILACNOR9,103,ON      NM,RUMO S.A.,13748,785,265278.13,consolidated_010_020
2022-11-17,RAIL3,RAIL3,18.84,18.91,18.0,18.88,18.88,26781733,18.84,18.91,18.0,18.88,1.0,18.91,18.0,0,26781733,53496,496261203.93,1,02,010,BRRAILACNOR9,103,ON      NM,RUMO S.A.,16833,981,309532.93,consolidated_010_020
2022-11-18,RAIL3,RAIL3,19.02,19.64,19.02,19.26,19.26,12576329,19.02,19.64,19.02,19.26,1.0,19.64,19.02,0,12576329,31039,243314146.26,1,02,010,BRRAILACNOR9,103,ON      NM,RUMO S.A.,10929,402,211251.26,consolidated_010_020
2022-11-21,RAIL3,RAIL3,19.64,20.07,19.25,19.83,19.83,15775688,19.64,20.07,19.25,19.83,1.0,20.07,19.25,0,15775688,30547,311505732.95,1,02,010,BRRAILACNOR9,103,ON      NM,RUMO S.A.,13388,512,263318.95,consolidated_010_020
2022-11-22,RAIL3,RAIL3,19.96,19.98,19.26,19.51,19.51,9462408,19.96,19.98,19.26,19.51,1.0,19.98,19.26,0,9462408,19410,184346561.53,1,02,010,BRRAILACNOR9,103,ON      NM,RUMO S.A.,8408,364,164181.53,consolidated_010_020
2022-11-23,RAIL3,RAIL3,19.44,19.64,19.09,19.38,19.38,9012307,19.44,19.64,19.09,19.38,1.0,19.64,19.09,0,9012307,19331,174401726.83,1,02,010,BRRAILACNOR9,103,ON      NM,RUMO S.A.,7707,402,149238.83,consolidated_010_020
2022-11-24,RAIL3,RAIL3,19.59,20.28,19.41,19.96,19.96,3918119,19.59,20.28,19.41,19.96,1.0,20.28,19.41,0,3918119,10737,78192472.99,1,02,010,BRRAILACNOR9,103,ON      NM,RUMO S.A.,6819,390,135766.99,consolidated_010_020
2022-11-25,RAIL3,RAIL3,19.93,19.93,18.71,18.91,18.91,12712340,19.93,19.93,18.71,18.91,1.0,19.93,18.71,0,12712340,24047,242643824.31,1,02,010,BRRAILACNOR9,103,ON      NM,RUMO S.A.,9240,565,176927.31,consolidated_010_020
2022-11-28,RAIL3,RAIL3,19.1,19.73,19.1,19.6,19.6,20384954,19.1,19.73,19.1,19.6,1.0,19.73,19.1,0,20384954,30731,398447258.38,1,02,010,BRRAILACNOR9,103,ON      NM,RUMO S.A.,13054,899,254930.38,consolidated_010_020
2022-11-29,RAIL3,RAIL3,19.68,20.08,19.4,19.46,19.46,13409076,19.68,20.08,19.4,19.46,1.0,20.08,19.4,0,13409076,24067,264303230.61,1,02,010,BRRAILACNOR9,103,ON      NM,RUMO S.A.,8376,499,164997.61,consolidated_010_020
2022-11-30,RAIL3,RAIL3,19.44,19.77,18.88,19.46,19.46,14200713,19.44,19.77,18.88,19.46,1.0,19.77,18.88,0,14200713,23184,274823278.25,1,02,010,BRRAILACNOR9,103,ON      NM,RUMO S.A.,11213,534,217136.25,consolidated_010_020
2022-12-01,RAIL3,RAIL3,19.13,19.34,18.87,19.11,19.11,13330135,19.13,19.34,18.87,19.11,1.0,19.34,18.87,0,13330135,30258,254457876.48,1,02,010,BRRAILACNOR9,103,ON      NM,RUMO S.A.,11035,1145,210611.48,consolidated_010_020
2022-12-02,RAIL3,RAIL3,19.0,19.55,18.99,19.24,19.24,12893015,19.0,19.55,18.99,19.24,1.0,19.55,18.99,0,12893015,30264,248237946.19,1,02,010,BRRAILACNOR9,103,ON      NM,RUMO S.A.,10115,418,195006.19,consolidated_010_020
2022-12-05,RAIL3,RAIL3,18.98,19.15,18.69,18.8,18.8,4967592,18.98,19.15,18.69,18.8,1.0,19.15,18.69,0,4967592,15242,93586450.04,1,02,010,BRRAILACNOR9,103,ON      NM,RUMO S.A.,8592,435,162070.04,consolidated_010_020
2022-12-06,RAIL3,RAIL3,18.9,18.9,18.44,18.78,18.78,5441484,18.9,18.9,18.44,18.78,1.0,18.9,18.44,0,5441484,16343,101549877.0,1,02,010,BRRAILACNOR9,103,ON      NM,RUMO S.A.,7584,398,141460.0,consolidated_010_020
2022-12-07,RAIL3,RAIL3,18.76,18.93,18.49,18.7,18.7,9525527,18.76,18.93,18.49,18.7,1.0,18.93,18.49,0,9525527,17726,178379874.87,1,02,010,BRRAILACNOR9,103,ON      NM,RUMO S.A.,7727,438,144713.87,consolidated_010_020
2022-12-08,RAIL3,RAIL3,18.64,18.75,17.43,17.55,17.55,18921230,18.64,18.75,17.43,17.55,1.0,18.75,17.43,0,18921230,46624,335355267.31,1,02,010,BRRAILACNOR9,103,ON      NM,RUMO S.A.,14430,1016,257241.31,consolidated_010_020
2022-12-09,RAIL3,RAIL3,17.55,17.9,17.37,17.64,17.64,9791164,17.55,17.9,17.37,17.64,1.0,17.9,17.37,0,9791164,20812,172699245.98,1,02,010,BRRAILACNOR9,103,ON      NM,RUMO S.A.,8464,498,148993.98,consolidated_010_020
2022-12-12,RAIL3,RAIL3,17.8,18.0,17.09,17.43,17.43,12385146,17.8,18.0,17.09,17.43,1.0,18.0,17.09,0,12385146,24700,215035435.03,1,02,010,BRRAILACNOR9,103,ON      NM,RUMO S.A.,11646,566,202471.03,consolidated_010_020
2022-12-13,RAIL3,RAIL3,17.43,17.66,16.45,16.52,16.52,21740606,17.43,17.66,16.45,16.52,1.0,17.66,16.45,0,21740606,38105,365430134.1,1,02,010,BRRAILACNOR9,103,ON      NM,RUMO S.A.,11706,912,198940.1,consolidated_010_020
2022-12-14,RAIL3,RAIL3,16.28,17.11,16.21,16.91,16.91,13966891,16.28,17.11,16.21,16.91,1.0,17.11,16.21,0,13966891,32348,233715357.04,1,02,010,BRRAILACNOR9,103,ON      NM,RUMO S.A.,10891,811,181691.04,consolidated_010_020
2022-12-15,RAIL3,RAIL3,16.67,17.47,16.53,17.14,17.14,12695132,16.67,17.47,16.53,17.14,1.0,17.47,16.53,0,12695132,23268,217910420.6,1,02,010,BRRAILACNOR9,103,ON      NM,RUMO S.A.,10332,597,176952.6,consolidated_010_020
2022-12-16,RAIL3,RAIL3,17.13,17.19,16.79,17.15,17.15,11926702,17.13,17.19,16.79,17.15,1.0,17.19,16.79,0,11926702,16094,203467552.63,1,02,010,BRRAILACNOR9,103,ON      NM,RUMO S.A.,9902,777,168082.63,consolidated_010_020
2022-12-19,RAIL3,RAIL3,17.22,17.72,17.12,17.62,17.62,7638025,17.22,17.72,17.12,17.62,1.0,17.72,17.12,0,7638025,19345,133740909.38,1,02,010,BRRAILACNOR9,103,ON      NM,RUMO S.A.,10425,566,182500.38,consolidated_010_020
2022-12-20,RAIL3,RAIL3,17.56,18.8,17.52,18.33,18.33,19329810,17.56,18.8,17.52,18.33,1.0,18.8,17.52,0,19329810,31344,354801055.62,1,02,010,BRRAILACNOR9,103,ON      NM,RUMO S.A.,10610,705,195067.62,consolidated_010_020
2022-12-21,RAIL3,RAIL3,18.32,18.68,18.19,18.53,18.53,17559901,18.32,18.68,18.19,18.53,1.0,18.68,18.19,0,17559901,24676,323954150.56,1,02,010,BRRAILACNOR9,103,ON      NM,RUMO S.A.,10301,626,190089.56,consolidated_010_020
2022-12-22,RAIL3,RAIL3,18.52,19.1,18.41,18.56,18.56,7397972,18.52,19.1,18.41,18.56,1.0,19.1,18.41,0,7397972,24477,138187973.76,1,02,010,BRRAILACNOR9,103,ON      NM,RUMO S.A.,6672,704,124760.76,consolidated_010_020
2022-12-23,RAIL3,RAIL3,18.64,19.52,18.57,19.15,19.15,7775919,18.64,19.52,18.57,19.15,1.0,19.52,18.57,0,7775919,25128,149793144.12,1,02,010,BRRAILACNOR9,103,ON      NM,RUMO S.A.,7719,515,148115.12,consolidated_010_020
2022-12-26,RAIL3,RAIL3,19.05,19.12,18.4,18.5,18.5,3194308,19.05,19.12,18.4,18.5,1.0,19.12,18.4,0,3194308,10003,59303585.17,1,02,010,BRRAILACNOR9,103,ON      NM,RUMO S.A.,5608,637,104284.17,consolidated_010_020
2022-12-27,RAIL3,RAIL3,18.6,18.6,17.9,18.05,18.05,8967139,18.6,18.6,17.9,18.05,1.0,18.6,17.9,0,8967139,17382,162698662.15,1,02,010,BRRAILACNOR9,103,ON      NM,RUMO S.A.,7639,460,138953.15,consolidated_010_020
2022-12-28,RAIL3,RAIL3,18.17,18.72,18.11,18.47,18.47,6006477,18.17,18.72,18.11,18.47,1.0,18.72,18.11,0,6006477,17865,111170544.36,1,02,010,BRRAILACNOR9,103,ON      NM,RUMO S.A.,10977,538,203030.36,consolidated_010_020
2022-12-29,RAIL3,RAIL3,18.69,18.83,18.37,18.61,18.61,5985900,18.69,18.83,18.37,18.61,1.0,18.83,18.37,0,5985900,11211,111225943.05,1,02,010,BRRAILACNOR9,103,ON      NM,RUMO S.A.,5900,369,109571.05,consolidated_010_020
2023-01-02,RAIL3,RAIL3,18.31,18.48,17.54,17.66,17.66,11868776,18.31,18.48,17.54,17.66,1.0,18.48,17.54,0,11868776,30139,210268362.44,1,02,010,BRRAILACNOR9,103,ON      NM,RUMO S.A.,13176,768,233534.44,consolidated_010_020
2023-01-03,RAIL3,RAIL3,17.66,17.71,17.12,17.26,17.26,7438346,17.66,17.71,17.12,17.26,1.0,17.71,17.12,0,7438346,20988,129636933.96,1,02,010,BRRAILACNOR9,103,ON      NM,RUMO S.A.,12546,656,219103.96,consolidated_010_020
2023-01-04,RAIL3,RAIL3,17.44,17.69,17.11,17.52,17.52,7554239,17.44,17.69,17.11,17.52,1.0,17.69,17.11,0,7554239,24176,131799113.42,1,02,010,BRRAILACNOR9,103,ON      NM,RUMO S.A.,12539,1533,218738.42,consolidated_010_020
2023-01-05,RAIL3,RAIL3,17.53,17.84,17.23,17.64,17.64,8138581,17.53,17.84,17.23,17.64,1.0,17.84,17.23,0,8138581,18339,142933956.61,1,02,010,BRRAILACNOR9,103,ON      NM,RUMO S.A.,9581,730,168126.61,consolidated_010_020
2023-01-06,RAIL3,RAIL3,17.67,17.95,17.54,17.8,17.8,5252883,17.67,17.95,17.54,17.8,1.0,17.95,17.54,0,5252883,10693,93543898.71,1,02,010,BRRAILACNOR9,103,ON      NM,RUMO S.A.,8783,444,156244.71,consolidated_010_020
2023-01-09,RAIL3,RAIL3,17.8,18.17,17.6,17.72,17.72,6432386,17.8,18.17,17.6,17.72,1.0,18.17,17.6,0,6432386,15902,114829187.59,1,02,010,BRRAILACNOR9,103,ON      NM,RUMO S.A.,11186,561,200065.59,consolidated_010_020
2023-01-10,RAIL3,RAIL3,17.5,18.26,17.46,18.13,18.13,6138402,17.5,18.26,17.46,18.13,1.0,18.26,17.46,0,6138402,17198,110630504.5,1,02,010,BRRAILACNOR9,103,ON      NM,RUMO S.A.,8802,579,158384.5,consolidated_010_020
2023-01-11,RAIL3,RAIL3,18.12,18.59,18.03,18.53,18.53,5369755,18.12,18.59,18.03,18.53,1.0,18.59,18.03,0,5369755,14080,98493725.68,1,02,010,BRRAILACNOR9,103,ON      NM,RUMO S.A.,8855,567,161915.68,consolidated_010_020
2023-01-12,RAIL3,RAIL3,18.45,19.25,18.3,18.67,18.67,10076371,18.45,19.25,18.3,18.67,1.0,19.25,18.3,0,10076371,20686,189117384.69,1,02,010,BRRAILACNOR9,103,ON      NM,RUMO S.A.,12671,811,238177.69,consolidated_010_020
2023-01-13,RAIL3,RAIL3,18.27,18.65,17.77,18.37,18.37,11946352,18.27,18.65,17.77,18.37,1.0,18.65,17.77,0,11946352,25685,218238274.79,1,02,010,BRRAILACNOR9,103,ON      NM,RUMO S.A.,11652,682,213069.79,consolidated_010_020
2023-01-16,RAIL3,RAIL3,18.21,18.68,18.18,18.3,18.3,5772726,18.21,18.68,18.18,18.3,1.0,18.68,18.18,0,5772726,12253,105921302.33,1,02,010,BRRAILACNOR9,103,ON      NM,RUMO S.A.,12626,725,232504.33,consolidated_010_020
2023-01-17,RAIL3,RAIL3,18.3,18.76,18.15,18.57,18.57,6894505,18.3,18.76,18.15,18.57,1.0,18.76,18.15,0,6894505,19681,127751688.34,1,02,010,BRRAILACNOR9,103,ON      NM,RUMO S.A.,7805,487,144651.34,consolidated_010_020
2023-01-18,RAIL3,RAIL3,18.94,19.23,18.76,18.87,18.87,9175325,18.94,19.23,18.76,18.87,1.0,19.23,18.76,0,9175325,19788,174333903.44,1,02,010,BRRAILACNOR9,103,ON      NM,RUMO S.A.,9025,487,171567.44,consolidated_010_020
2023-01-19,RAIL3,RAIL3,18.67,19.19,18.62,19.07,19.07,7780976,18.67,19.19,18.62,19.07,1.0,19.19,18.62,0,7780976,18243,147953271.39,1,02,010,BRRAILACNOR9,103,ON      NM,RUMO S.A.,6876,398,130356.39,consolidated_010_020
2023-01-20,RAIL3,RAIL3,19.06,19.06,18.32,18.36,18.36,15781874,19.06,19.06,18.32,18.36,1.0,19.06,18.32,0,15781874,36632,291850723.75,1,02,010,BRRAILACNOR9,103,ON      NM,RUMO S.A.,10774,765,199253.75,consolidated_010_020
2023-01-23,RAIL3,RAIL3,18.56,18.86,18.33,18.49,18.49,12868574,18.56,18.86,18.33,18.49,1.0,18.86,18.33,0,12868574,21462,238782031.84,1,02,010,BRRAILACNOR9,103,ON      NM,RUMO S.A.,10874,598,201824.84,consolidated_010_020
2023-01-24,RAIL3,RAIL3,18.57,18.97,18.44,18.82,18.82,6703051,18.57,18.97,18.44,18.82,1.0,18.97,18.44,0,6703051,19024,125299476.84,1,02,010,BRRAILACNOR9,103,ON      NM,RUMO S.A.,8551,538,159589.84,consolidated_010_020
2023-01-25,RAIL3,RAIL3,18.79,18.97,18.37,18.78,18.78,5698758,18.79,18.97,18.37,18.78,1.0,18.97,18.37,0,5698758,20965,106826786.96,1,02,010,BRRAILACNOR9,103,ON      NM,RUMO S.A.,8258,731,154388.96,consolidated_010_020
2023-01-26,RAIL3,RAIL3,18.83,18.94,18.57,18.79,18.79,5320567,18.83,18.94,18.57,18.79,1.0,18.94,18.57,0,5320567,13554,99743921.71,1,02,010,BRRAILACNOR9,103,ON      NM,RUMO S.A.,5267,286,98721.71,consolidated_010_020
2023-01-27,RAIL3,RAIL3,18.74,18.9,18.49,18.53,18.53,11211103,18.74,18.9,18.49,18.53,1.0,18.9,18.49,0,11211103,23060,208260152.57,1,02,010,BRRAILACNOR9,103,ON      NM,RUMO S.A.,6103,566,113594.57,consolidated_010_020
2023-01-30,RAIL3,RAIL3,18.57,18.63,17.95,18.19,18.19,12192811,18.57,18.63,17.95,18.19,1.0,18.63,17.95,0,12192811,30006,221608669.4,1,02,010,BRRAILACNOR9,103,ON      NM,RUMO S.A.,8411,638,153154.4,consolidated_010_020
2023-01-31,RAIL3,RAIL3,18.3,18.55,18.19,18.38,18.38,7283381,18.3,18.55,18.19,18.38,1.0,18.55,18.19,0,7283381,17565,133876578.5,1,02,010,BRRAILACNOR9,103,ON      NM,RUMO S.A.,7781,510,142970.5,consolidated_010_020
2023-02-01,RAIL3,RAIL3,18.33,18.43,17.57,18.14,18.14,18411889,18.33,18.43,17.57,18.14,1.0,18.43,17.57,0,18411889,31871,329647402.24,1,02,010,BRRAILACNOR9,103,ON      NM,RUMO S.A.,10689,871,192198.24,consolidated_010_020
2023-02-02,RAIL3,RAIL3,18.02,18.67,18.02,18.4,18.4,7274243,18.02,18.67,18.02,18.4,1.0,18.67,18.02,0,7274243,21993,134022991.21,1,02,010,BRRAILACNOR9,103,ON      NM,RUMO S.A.,6943,640,128158.21,consolidated_010_020
2023-02-03,RAIL3,RAIL3,18.12,18.33,17.9,18.04,18.04,6907292,18.12,18.33,17.9,18.04,1.0,18.33,17.9,0,6907292,21304,125220469.5,1,02,010,BRRAILACNOR9,103,ON      NM,RUMO S.A.,7292,420,132349.5,consolidated_010_020
2023-02-06,RAIL3,RAIL3,18.03,18.03,17.34,17.54,17.54,16227965,18.03,18.03,17.34,17.54,1.0,18.03,17.34,0,16227965,27136,285073245.55,1,02,010,BRRAILACNOR9,103,ON      NM,RUMO S.A.,14465,737,254126.55,consolidated_010_020
2023-02-07,RAIL3,RAIL3,17.53,17.79,17.33,17.71,17.71,21299403,17.53,17.79,17.33,17.71,1.0,17.79,17.33,0,21299403,19753,375910954.04,1,02,010,BRRAILACNOR9,103,ON      NM,RUMO S.A.,10403,571,182358.04,consolidated_010_020
2023-02-08,RAIL3,RAIL3,17.89,18.08,17.66,17.8,17.8,17157340,17.89,18.08,17.66,17.8,1.0,18.08,17.66,0,17157340,21478,306301446.25,1,02,010,BRRAILACNOR9,103,ON      NM,RUMO S.A.,9040,417,161560.25,consolidated_010_020
2023-02-09,RAIL3,RAIL3,17.84,17.97,16.93,16.99,16.99,10613445,17.84,17.97,16.93,16.99,1.0,17.97,16.93,0,10613445,18722,182857487.63,1,02,010,BRRAILACNOR9,103,ON      NM,RUMO S.A.,8145,561,140611.63,consolidated_010_020
2023-02-10,RAIL3,RAIL3,17.0,17.62,17.0,17.54,17.54,7796564,17.0,17.62,17.0,17.54,1.0,17.62,17.0,0,7796564,19289,135750258.51,1,02,010,BRRAILACNOR9,103,ON      NM,RUMO S.A.,7064,391,122759.51,consolidated_010_020
2023-02-13,RAIL3,RAIL3,17.48,17.69,17.38,17.51,17.51,5874081,17.48,17.69,17.38,17.51,1.0,17.69,17.38,0,5874081,13725,103223402.24,1,02,010,BRRAILACNOR9,103,ON      NM,RUMO S.A.,5581,280,97831.24,consolidated_010_020
2023-02-14,RAIL3,RAIL3,17.6,17.64,16.97,17.36,17.36,6329957,17.6,17.64,16.97,17.36,1.0,17.64,16.97,0,6329957,14332,109184109.12,1,02,010,BRRAILACNOR9,103,ON      NM,RUMO S.A.,7557,474,130389.12,consolidated_010_020
2023-02-15,RAIL3,RAIL3,17.39,17.69,16.97,17.43,17.43,11572045,17.39,17.69,16.97,17.43,1.0,17.69,16.97,0,11572045,24770,201512924.82,1,02,010,BRRAILACNOR9,103,ON      NM,RUMO S.A.,8645,606,150438.82,consolidated_010_020
2023-02-16,RAIL3,RAIL3,17.48,18.29,17.4,17.95,17.95,15023383,17.48,18.29,17.4,17.95,1.0,18.29,17.4,0,15023383,37008,270934518.59,1,02,010,BRRAILACNOR9,103,ON      NM,RUMO S.A.,13583,756,244464.59,consolidated_010_020
2023-02-17,RAIL3,RAIL3,17.81,18.48,17.81,18.26,18.26,9961879,17.81,18.48,17.81,18.26,1.0,18.48,17.81,0,9961879,24143,181523056.14,1,02,010,BRRAILACNOR9,103,ON      NM,RUMO S.A.,8079,449,147199.14,consolidated_010_020
2023-02-22,RAIL3,RAIL3,17.65,18.04,17.29,18.0,18.0,6480539,17.65,18.04,17.29,18.0,1.0,18.04,17.29,0,6480539,16594,115439471.07,1,02,010,BRRAILACNOR9,103,ON      NM,RUMO S.A.,7339,407,130387.07,consolidated_010_020
2023-02-23,RAIL3,RAIL3,18.0,18.19,17.57,17.91,17.91,5595336,18.0,18.19,17.57,17.91,1.0,18.19,17.57,0,5595336,11748,99897046.81,1,02,010,BRRAILACNOR9,103,ON      NM,RUMO S.A.,6936,362,123881.81,consolidated_010_020
2023-02-24,RAIL3,RAIL3,17.96,18.16,17.65,18.01,18.01,6584007,17.96,18.16,17.65,18.01,1.0,18.16,17.65,0,6584007,11148,117654718.6,1,02,010,BRRAILACNOR9,103,ON      NM,RUMO S.A.,6007,351,107516.6,consolidated_010_020
2023-02-27,RAIL3,RAIL3,18.01,18.18,17.87,18.08,18.08,7800542,18.01,18.18,17.87,18.08,1.0,18.18,17.87,0,7800542,14942,141001179.66,1,02,010,BRRAILACNOR9,103,ON      NM,RUMO S.A.,6042,302,109151.66,consolidated_010_020
2023-02-28,RAIL3,RAIL3,18.1,18.24,17.92,17.96,17.96,9095877,18.1,18.24,17.92,17.96,1.0,18.24,17.92,0,9095877,17797,164069685.73,1,02,010,BRRAILACNOR9,103,ON      NM,RUMO S.A.,8577,398,155119.73,consolidated_010_020
2023-03-01,RAIL3,RAIL3,18.06,18.08,17.16,17.43,17.43,13700634,18.06,18.08,17.16,17.43,1.0,18.08,17.16,0,13700634,28338,239380116.22,1,02,010,BRRAILACNOR9,103,ON      NM,RUMO S.A.,7934,507,138880.22,consolidated_010_020
2023-03-02,RAIL3,RAIL3,17.42,17.93,17.3,17.77,17.77,12686371,17.42,17.93,17.3,17.77,1.0,17.93,17.3,0,12686371,27974,224298704.51,1,02,010,BRRAILACNOR9,103,ON      NM,RUMO S.A.,5771,395,101907.51,consolidated_010_020
2023-03-03,RAIL3,RAIL3,17.76,17.9,17.57,17.69,17.69,12834883,17.76,17.9,17.57,17.69,1.0,17.9,17.57,0,12834883,17148,227912812.36,1,02,010,BRRAILACNOR9,103,ON      NM,RUMO S.A.,5783,300,102436.36,consolidated_010_020
2023-03-06,RAIL3,RAIL3,17.85,18.27,17.66,18.06,18.06,7547210,17.85,18.27,17.66,18.06,1.0,18.27,17.66,0,7547210,15822,135951640.25,1,02,010,BRRAILACNOR9,103,ON      NM,RUMO S.A.,8210,381,147656.25,consolidated_010_020
2023-03-07,RAIL3,RAIL3,18.1,18.63,18.07,18.37,18.37,14032296,18.1,18.63,18.07,18.37,1.0,18.63,18.07,0,14032296,27621,257852900.16,1,02,010,BRRAILACNOR9,103,ON      NM,RUMO S.A.,7296,412,134089.16,consolidated_010_020
2023-03-08,RAIL3,RAIL3,18.47,19.1,18.36,19.0,19.0,14937090,18.47,19.1,18.36,19.0,1.0,19.1,18.36,0,14937090,25079,282456044.53,1,02,010,BRRAILACNOR9,103,ON      NM,RUMO S.A.,8490,484,160290.53,consolidated_010_020
2023-03-09,RAIL3,RAIL3,19.0,19.61,18.99,19.08,19.08,12909187,19.0,19.61,18.99,19.08,1.0,19.61,18.99,0,12909187,26558,248684209.71,1,02,010,BRRAILACNOR9,103,ON      NM,RUMO S.A.,9387,498,181122.71,consolidated_010_020
2023-03-10,RAIL3,RAIL3,19.03,19.24,18.71,19.02,19.02,11179938,19.03,19.24,18.71,19.02,1.0,19.24,18.71,0,11179938,19979,212043984.79,1,02,010,BRRAILACNOR9,103,ON      NM,RUMO S.A.,6738,396,127882.79,consolidated_010_020
2023-03-13,RAIL3,RAIL3,18.85,19.18,18.67,18.96,18.96,6616364,18.85,19.18,18.67,18.96,1.0,19.18,18.67,0,6616364,15188,125610012.64,1,02,010,BRRAILACNOR9,103,ON      NM,RUMO S.A.,9064,483,171978.64,consolidated_010_020
2023-03-14,RAIL3,RAIL3,19.11,19.26,18.41,18.57,18.57,16582812,19.11,19.26,18.41,18.57,1.0,19.26,18.41,0,16582812,20342,310683488.67,1,02,010,BRRAILACNOR9,103,ON      NM,RUMO S.A.,7812,447,146303.67,consolidated_010_020
2023-03-15,RAIL3,RAIL3,18.0,18.67,17.78,18.49,18.49,18961935,18.0,18.67,17.78,18.49,1.0,18.67,17.78,0,18961935,42366,347240625.46,1,02,010,BRRAILACNOR9,103,ON      NM,RUMO S.A.,8035,463,147215.46,consolidated_010_020
2023-03-16,RAIL3,RAIL3,18.43,18.85,18.07,18.65,18.65,10854447,18.43,18.85,18.07,18.65,1.0,18.85,18.07,0,10854447,17199,201507291.29,1,02,010,BRRAILACNOR9,103,ON      NM,RUMO S.A.,6147,356,113967.29,consolidated_010_020
2023-03-17,RAIL3,RAIL3,18.57,18.85,18.2,18.78,18.78,15087606,18.57,18.85,18.2,18.78,1.0,18.85,18.2,0,15087606,13909,281142933.37,1,02,010,BRRAILACNOR9,103,ON      NM,RUMO S.A.,6906,445,128555.37,consolidated_010_020
2023-03-20,RAIL3,RAIL3,18.81,18.89,18.37,18.51,18.51,10485929,18.81,18.89,18.37,18.51,1.0,18.89,18.37,0,10485929,16767,193992604.62,1,02,010,BRRAILACNOR9,103,ON      NM,RUMO S.A.,8729,440,162102.62,consolidated_010_020
2023-03-21,RAIL3,RAIL3,18.52,18.73,18.42,18.57,18.57,4939058,18.52,18.73,18.42,18.57,1.0,18.73,18.42,0,4939058,13929,91614786.05,1,02,010,BRRAILACNOR9,103,ON      NM,RUMO S.A.,5458,344,101199.05,consolidated_010_020
2023-03-22,RAIL3,RAIL3,18.61,18.87,18.35,18.42,18.42,6137899,18.61,18.87,18.35,18.42,1.0,18.87,18.35,0,6137899,13112,113962453.25,1,02,010,BRRAILACNOR9,103,ON      NM,RUMO S.A.,5399,327,100287.25,consolidated_010_020
2023-03-23,RAIL3,RAIL3,18.42,18.58,17.58,17.83,17.83,10431634,18.42,18.58,17.58,17.83,1.0,18.58,17.58,0,10431634,21763,186924097.38,1,02,010,BRRAILACNOR9,103,ON      NM,RUMO S.A.,5934,526,107370.38,consolidated_010_020
2023-03-24,RAIL3,RAIL3,17.83,18.28,17.76,18.15,18.15,5973122,17.83,18.28,17.76,18.15,1.0,18.28,17.76,0,5973122,16398,107910688.34,1,02,010,BRRAILACNOR9,103,ON      NM,RUMO S.A.,5322,362,96286.34,consolidated_010_020
2023-03-27,RAIL3,RAIL3,18.25,18.46,18.16,18.33,18.33,5126764,18.25,18.46,18.16,18.33,1.0,18.46,18.16,0,5126764,14693,93889556.64,1,02,010,BRRAILACNOR9,103,ON      NM,RUMO S.A.,5064,333,92647.64,consolidated_010_020
2023-03-28,RAIL3,RAIL3,18.23,18.76,18.21,18.53,18.53,8590418,18.23,18.76,18.21,18.53,1.0,18.76,18.21,0,8590418,23367,159208391.6,1,02,010,BRRAILACNOR9,103,ON      NM,RUMO S.A.,5418,337,100317.6,consolidated_010_020
2023-03-29,RAIL3,RAIL3,18.65,18.77,18.31,18.7,18.7,6320282,18.65,18.77,18.31,18.7,1.0,18.77,18.31,0,6320282,16067,117365125.49,1,02,010,BRRAILACNOR9,103,ON      NM,RUMO S.A.,5382,305,100006.49,consolidated_010_020
2023-03-30,RAIL3,RAIL3,18.8,19.22,18.74,19.05,19.05,12152166,18.8,19.22,18.74,19.05,1.0,19.22,18.74,0,12152166,29279,230288893.02,1,02,010,BRRAILACNOR9,103,ON      NM,RUMO S.A.,8366,511,158567.02,consolidated_010_020
2023-03-31,RAIL3,RAIL3,19.11,19.38,18.76,18.85,18.85,13420632,19.11,19.38,18.76,18.85,1.0,19.38,18.76,0,13420632,25675,254618824.13,1,02,010,BRRAILACNOR9,103,ON      NM,RUMO S.A.,8532,439,161744.13,consolidated_010_020
2023-04-03,RAIL3,RAIL3,18.96,19.09,18.7,18.97,18.97,9779294,18.96,19.09,18.7,18.97,1.0,19.09,18.7,0,9779294,21864,185155580.49,1,02,010,BRRAILACNOR9,103,ON      NM,RUMO S.A.,6894,569,130677.49,consolidated_010_020
2023-04-04,RAIL3,RAIL3,19.05,19.58,19.03,19.21,19.21,13248054,19.05,19.58,19.03,19.21,1.0,19.58,19.03,0,13248054,33397,256099733.03,1,02,010,BRRAILACNOR9,103,ON      NM,RUMO S.A.,7754,472,149969.03,consolidated_010_020
2023-04-05,RAIL3,RAIL3,19.3,19.5,18.43,18.65,18.65,11773257,19.3,19.5,18.43,18.65,1.0,19.5,18.43,0,11773257,20425,219778072.13,1,02,010,BRRAILACNOR9,103,ON      NM,RUMO S.A.,11857,878,222062.13,consolidated_010_020
2023-04-06,RAIL3,RAIL3,18.63,18.8,18.5,18.66,18.66,5255305,18.63,18.8,18.5,18.66,1.0,18.8,18.5,0,5255305,16405,98058224.8,1,02,010,BRRAILACNOR9,103,ON      NM,RUMO S.A.,4705,474,87887.8,consolidated_010_020
2023-04-10,RAIL3,RAIL3,18.81,18.82,18.49,18.59,18.59,5160602,18.81,18.82,18.49,18.59,1.0,18.82,18.49,0,5160602,13270,95989097.76,1,02,010,BRRAILACNOR9,103,ON      NM,RUMO S.A.,7202,454,134153.76,consolidated_010_020
2023-04-11,RAIL3,RAIL3,19.0,19.15,18.61,19.04,19.04,12337063,19.0,19.15,18.61,19.04,1.0,19.15,18.61,0,12337063,25145,233222591.05,1,02,010,BRRAILACNOR9,103,ON      NM,RUMO S.A.,7863,450,148707.05,consolidated_010_020
2023-04-12,RAIL3,RAIL3,19.1,19.65,18.95,19.32,19.32,13480182,19.1,19.65,18.95,19.32,1.0,19.65,18.95,0,13480182,34659,261326627.46,1,02,010,BRRAILACNOR9,103,ON      NM,RUMO S.A.,8882,539,172219.46,consolidated_010_020
2023-04-13,RAIL3,RAIL3,19.5,19.56,19.14,19.24,19.24,9100769,19.5,19.56,19.14,19.24,1.0,19.56,19.14,0,9100769,23693,175303405.19,1,02,010,BRRAILACNOR9,103,ON      NM,RUMO S.A.,5769,393,111252.19,consolidated_010_020
2023-04-14,RAIL3,RAIL3,19.2,19.29,18.85,19.29,19.29,15658048,19.2,19.29,18.85,19.29,1.0,19.29,18.85,0,15658048,22495,299407981.23,1,02,010,BRRAILACNOR9,103,ON      NM,RUMO S.A.,7648,492,146254.23,consolidated_010_020
2023-04-17,RAIL3,RAIL3,19.29,19.79,19.26,19.7,19.7,14144973,19.29,19.79,19.26,19.7,1.0,19.79,19.26,0,14144973,20417,277485933.05,1,02,010,BRRAILACNOR9,103,ON      NM,RUMO S.A.,10473,627,205426.05,consolidated_010_020
2023-04-18,RAIL3,RAIL3,19.67,19.77,19.23,19.62,19.62,11998859,19.67,19.77,19.23,19.62,1.0,19.77,19.23,0,11998859,22380,234543064.76,1,02,010,BRRAILACNOR9,103,ON      NM,RUMO S.A.,7659,481,149651.76,consolidated_010_020
2023-04-19,RAIL3,RAIL3,19.43,19.53,19.19,19.31,19.31,7268476,19.43,19.53,19.19,19.31,1.0,19.53,19.19,0,7268476,18121,140660498.43,1,02,010,BRRAILACNOR9,103,ON      NM,RUMO S.A.,6176,306,119468.43,consolidated_010_020
2023-04-20,RAIL3,RAIL3,19.24,19.83,19.06,19.64,19.64,10833221,19.24,19.83,19.06,19.64,1.0,19.83,19.06,0,10833221,22389,212140304.9,1,02,010,BRRAILACNOR9,104,ON  ED  NM,RUMO S.A.,11921,966,233866.9,consolidated_010_020
2023-04-24,RAIL3,RAIL3,19.84,19.91,19.48,19.75,19.75,8078013,19.84,19.91,19.48,19.75,1.0,19.91,19.48,0,8078013,17225,159574980.93,1,02,010,BRRAILACNOR9,104,ON  ED  NM,RUMO S.A.,9213,1250,181960.93,consolidated_010_020
2023-04-25,RAIL3,RAIL3,19.72,19.89,19.49,19.7,19.7,9172881,19.72,19.89,19.49,19.7,1.0,19.89,19.49,0,9172881,19447,180290074.92,1,02,010,BRRAILACNOR9,104,ON  ED  NM,RUMO S.A.,8881,561,174614.92,consolidated_010_020
2023-04-26,RAIL3,RAIL3,19.6,19.82,19.39,19.5,19.5,5170116,19.6,19.82,19.39,19.5,1.0,19.82,19.39,0,5170116,13913,101066970.38,1,02,010,BRRAILACNOR9,104,ON  ED  NM,RUMO S.A.,7116,391,139126.38,consolidated_010_020
2023-04-27,RAIL3,RAIL3,19.49,19.59,19.22,19.47,19.47,6573280,19.49,19.59,19.22,19.47,1.0,19.59,19.22,0,6573280,17090,127490105.94,1,02,010,BRRAILACNOR9,104,ON  ED  NM,RUMO S.A.,6280,385,121724.94,consolidated_010_020
2023-04-28,RAIL3,RAIL3,19.5,19.85,19.39,19.7,19.7,8424924,19.5,19.85,19.39,19.7,1.0,19.85,19.39,0,8424924,15386,165729312.11,1,02,010,BRRAILACNOR9,104,ON  ED  NM,RUMO S.A.,6424,385,126465.11,consolidated_010_020
2023-05-02,RAIL3,RAIL3,19.6,19.85,19.43,19.68,19.68,10406586,19.6,19.85,19.43,19.68,1.0,19.85,19.43,0,10406586,23861,204440398.49,1,02,010,BRRAILACNOR9,104,ON  ED  NM,RUMO S.A.,10386,1141,204086.49,consolidated_010_020
2023-05-03,RAIL3,RAIL3,19.68,20.12,19.54,19.94,19.94,13794138,19.68,20.12,19.54,19.94,1.0,20.12,19.54,0,13794138,24420,274658549.22,1,02,010,BRRAILACNOR9,104,ON  ED  NM,RUMO S.A.,11138,673,221797.22,consolidated_010_020
2023-05-04,RAIL3,RAIL3,20.13,20.15,19.67,19.9,19.9,10337692,20.13,20.15,19.67,19.9,1.0,20.15,19.67,0,10337692,25821,205871984.14,1,02,010,BRRAILACNOR9,104,ON      NM,RUMO S.A.,10592,844,210664.14,consolidated_010_020
2023-05-05,RAIL3,RAIL3,20.8,21.13,20.43,20.95,20.95,34290800,20.8,21.13,20.43,20.95,1.0,21.13,20.43,0,34290800,39776,713974320.52,1,02,010,BRRAILACNOR9,104,ON      NM,RUMO S.A.,21200,1650,440773.52,consolidated_010_020
2023-05-08,RAIL3,RAIL3,21.05,21.1,20.53,20.56,20.56,12002167,21.05,21.1,20.53,20.56,1.0,21.1,20.53,0,12002167,20293,248782945.7,1,02,010,BRRAILACNOR9,104,ON      NM,RUMO S.A.,10567,873,218998.7,consolidated_010_020
2023-05-09,RAIL3,RAIL3,20.51,20.84,20.43,20.49,20.49,8158850,20.51,20.84,20.43,20.49,1.0,20.84,20.43,0,8158850,14348,168317097.52,1,02,010,BRRAILACNOR9,104,ON      NM,RUMO S.A.,7950,689,163918.52,consolidated_010_020
2023-05-10,RAIL3,RAIL3,20.52,20.65,20.34,20.49,20.49,8684264,20.52,20.65,20.34,20.49,1.0,20.65,20.34,0,8684264,16798,177916211.82,1,02,010,BRRAILACNOR9,104,ON      NM,RUMO S.A.,6964,658,142637.82,consolidated_010_020
2023-05-11,RAIL3,RAIL3,20.29,20.94,20.21,20.84,20.84,12864767,20.29,20.94,20.21,20.84,1.0,20.94,20.21,0,12864767,25346,265842691.43,1,02,010,BRRAILACNOR9,104,ON      NM,RUMO S.A.,8367,877,172797.43,consolidated_010_020
2023-05-12,RAIL3,RAIL3,20.78,21.04,20.67,20.85,20.85,7351483,20.78,21.04,20.67,20.85,1.0,21.04,20.67,0,7351483,18889,153169889.87,1,02,010,BRRAILACNOR9,104,ON      NM,RUMO S.A.,7883,705,164300.87,consolidated_010_020
2023-05-15,RAIL3,RAIL3,20.93,21.09,20.83,20.99,20.99,6529291,20.93,21.09,20.83,20.99,1.0,21.09,20.83,0,6529291,11742,136855709.48,1,02,010,BRRAILACNOR9,104,ON      NM,RUMO S.A.,8191,709,171575.48,consolidated_010_020
2023-05-16,RAIL3,RAIL3,20.96,21.1,20.64,20.72,20.72,8054550,20.96,21.1,20.64,20.72,1.0,21.1,20.64,0,8054550,13891,167891953.68,1,02,010,BRRAILACNOR9,104,ON      NM,RUMO S.A.,8250,611,172094.68,consolidated_010_020
2023-05-17,RAIL3,RAIL3,20.96,21.02,20.65,20.82,20.82,14869671,20.96,21.02,20.65,20.82,1.0,21.02,20.65,0,14869671,15552,309481767.29,1,02,010,BRRAILACNOR9,104,ON      NM,RUMO S.A.,6171,491,128596.29,consolidated_010_020
2023-05-18,RAIL3,RAIL3,20.71,21.12,20.69,21.07,21.07,8219665,20.71,21.12,20.69,21.07,1.0,21.12,20.69,0,8219665,18056,172404431.29,1,02,010,BRRAILACNOR9,104,ON      NM,RUMO S.A.,7865,742,165113.29,consolidated_010_020
2023-05-19,RAIL3,RAIL3,21.25,21.4,20.92,21.18,21.18,7934062,21.25,21.4,20.92,21.18,1.0,21.4,20.92,0,7934062,18369,167678811.31,1,02,010,BRRAILACNOR9,104,ON      NM,RUMO S.A.,11762,1243,248227.31,consolidated_010_020
2023-05-22,RAIL3,RAIL3,21.15,21.42,21.07,21.13,21.13,7009911,21.15,21.42,21.07,21.13,1.0,21.42,21.07,0,7009911,14205,148721999.22,1,02,010,BRRAILACNOR9,104,ON      NM,RUMO S.A.,12511,816,265399.22,consolidated_010_020
2023-05-23,RAIL3,RAIL3,20.97,21.31,20.61,21.01,21.01,6543776,20.97,21.31,20.61,21.01,1.0,21.31,20.61,0,6543776,16077,138162606.24,1,02,010,BRRAILACNOR9,104,ON      NM,RUMO S.A.,9476,663,199598.24,consolidated_010_020
2023-05-24,RAIL3,RAIL3,20.84,21.04,20.67,20.75,20.75,8241745,20.84,21.04,20.67,20.75,1.0,21.04,20.67,0,8241745,14878,171445450.26,1,02,010,BRRAILACNOR9,104,ON      NM,RUMO S.A.,7145,480,148848.26,consolidated_010_020
2023-05-25,RAIL3,RAIL3,20.98,21.29,20.91,20.99,20.99,8717553,20.98,21.29,20.91,20.99,1.0,21.29,20.91,0,8717553,22184,183767956.4,1,02,010,BRRAILACNOR9,104,ON      NM,RUMO S.A.,7653,559,161231.4,consolidated_010_020
2023-05-26,RAIL3,RAIL3,21.34,21.34,20.85,21.0,21.0,6969891,21.34,21.34,20.85,21.0,1.0,21.34,20.85,0,6969891,17263,146596620.74,1,02,010,BRRAILACNOR9,104,ON      NM,RUMO S.A.,6891,581,145023.74,consolidated_010_020
2023-05-29,RAIL3,RAIL3,20.82,20.97,20.59,20.75,20.75,6171999,20.82,20.97,20.59,20.75,1.0,20.97,20.59,0,6171999,12150,128153957.94,1,02,010,BRRAILACNOR9,104,ON      NM,RUMO S.A.,6599,579,136916.94,consolidated_010_020
2023-05-30,RAIL3,RAIL3,21.05,21.09,20.67,20.81,20.81,7346262,21.05,21.09,20.67,20.81,1.0,21.09,20.67,0,7346262,17596,152967534.39,1,02,010,BRRAILACNOR9,104,ON      NM,RUMO S.A.,6862,567,142668.39,consolidated_010_020
2023-05-31,RAIL3,RAIL3,20.84,20.89,20.52,20.82,20.82,14068180,20.84,20.89,20.52,20.82,1.0,20.89,20.52,0,14068180,16252,291777352.58,1,02,010,BRRAILACNOR9,104,ON      NM,RUMO S.A.,12180,892,251845.58,consolidated_010_020
2023-06-01,RAIL3,RAIL3,20.83,22.11,20.61,21.97,21.97,26237348,20.83,22.11,20.61,21.97,1.0,22.11,20.61,0,26237348,45488,566914347.17,1,02,010,BRRAILACNOR9,104,ON      NM,RUMO S.A.,20048,2180,429203.17,consolidated_010_020
2023-06-02,RAIL3,RAIL3,22.19,22.82,22.03,22.63,22.63,24915208,22.19,22.82,22.03,22.63,1.0,22.82,22.03,0,24915208,33786,563433202.82,1,02,010,BRRAILACNOR9,104,ON      NM,RUMO S.A.,17108,1696,385479.82,consolidated_010_020
2023-06-05,RAIL3,RAIL3,22.79,23.05,22.45,22.57,22.57,11795981,22.79,23.05,22.45,22.57,1.0,23.05,22.45,0,11795981,27095,267018532.74,1,02,010,BRRAILACNOR9,104,ON      NM,RUMO S.A.,12681,1205,287640.74,consolidated_010_020
2023-06-06,RAIL3,RAIL3,22.73,23.03,22.59,22.93,22.93,18100968,22.73,23.03,22.59,22.93,1.0,23.03,22.59,0,18100968,26258,414140336.34,1,02,010,BRRAILACNOR9,104,ON      NM,RUMO S.A.,13668,1180,312476.34,consolidated_010_020
2023-06-07,RAIL3,RAIL3,23.0,23.37,22.39,22.57,22.57,18562590,23.0,23.37,22.39,22.57,1.0,23.37,22.39,0,18562590,37029,421725356.95,1,02,010,BRRAILACNOR9,104,ON      NM,RUMO S.A.,11790,1318,268259.95,consolidated_010_020
2023-06-09,RAIL3,RAIL3,22.74,23.1,22.32,22.4,22.4,10684126,22.74,23.1,22.32,22.4,1.0,23.1,22.32,0,10684126,23453,240870317.81,1,02,010,BRRAILACNOR9,104,ON      NM,RUMO S.A.,7426,741,167532.81,consolidated_010_020
2023-06-12,RAIL3,RAIL3,22.83,22.89,22.27,22.5,22.5,12043780,22.83,22.89,22.27,22.5,1.0,22.89,22.27,0,12043780,19804,270726762.93,1,02,010,BRRAILACNOR9,104,ON      NM,RUMO S.A.,8780,840,197423.93,consolidated_010_020
2023-06-13,RAIL3,RAIL3,22.56,22.68,22.29,22.58,22.58,9358911,22.56,22.68,22.29,22.58,1.0,22.68,22.29,0,9358911,20478,210900101.89,1,02,010,BRRAILACNOR9,104,ON      NM,RUMO S.A.,7411,696,166804.89,consolidated_010_020
2023-06-14,RAIL3,RAIL3,22.74,23.0,22.52,22.95,22.95,14015295,22.74,23.0,22.52,22.95,1.0,23.0,22.52,0,14015295,26841,319906810.74,1,02,010,BRRAILACNOR9,104,ON      NM,RUMO S.A.,10095,845,230119.74,consolidated_010_020
2023-06-15,RAIL3,RAIL3,22.5,23.03,22.43,22.96,22.96,13641510,22.5,23.03,22.43,22.96,1.0,23.03,22.43,0,13641510,29462,310757952.92,1,02,010,BRRAILACNOR9,104,ON      NM,RUMO S.A.,9910,1165,225160.92,consolidated_010_020
2023-06-16,RAIL3,RAIL3,22.83,22.83,21.81,21.87,21.87,38916645,22.83,22.83,21.81,21.87,1.0,22.83,21.81,0,38916645,36182,859153201.37,1,02,010,BRRAILACNOR9,104,ON      NM,RUMO S.A.,14945,1486,330659.37,consolidated_010_020
2023-06-19,RAIL3,RAIL3,21.81,22.33,21.69,22.13,22.13,9483080,21.81,22.33,21.69,22.13,1.0,22.33,21.69,0,9483080,22973,209971193.95,1,02,010,BRRAILACNOR9,104,ON      NM,RUMO S.A.,9080,818,201035.95,consolidated_010_020
2023-06-20,RAIL3,RAIL3,22.13,22.52,21.88,22.42,22.42,18465154,22.13,22.52,21.88,22.42,1.0,22.52,21.88,0,18465154,23678,409763310.09,1,02,010,BRRAILACNOR9,104,ON      NM,RUMO S.A.,16554,1299,369024.09,consolidated_010_020
2023-06-21,RAIL3,RAIL3,22.34,22.35,21.81,22.27,22.27,18128605,22.34,22.35,21.81,22.27,1.0,22.35,21.81,0,18128605,21125,400762096.1,1,02,010,BRRAILACNOR9,104,ON      NM,RUMO S.A.,10405,1017,230482.1,consolidated_010_020
2023-06-22,RAIL3,RAIL3,22.12,22.2,21.54,22.16,22.16,10953742,22.12,22.2,21.54,22.16,1.0,22.2,21.54,0,10953742,25740,240419199.51,1,02,010,BRRAILACNOR9,104,ON      NM,RUMO S.A.,9042,790,198367.51,consolidated_010_020
2023-06-23,RAIL3,RAIL3,22.28,22.28,21.69,21.82,21.82,27352707,22.28,22.28,21.69,21.82,1.0,22.28,21.69,0,27352707,30653,602075309.51,1,02,010,BRRAILACNOR9,104,ON      NM,RUMO S.A.,7407,979,162870.51,consolidated_010_020
2023-06-26,RAIL3,RAIL3,21.69,21.84,21.43,21.68,21.68,8152281,21.69,21.84,21.43,21.68,1.0,21.84,21.43,0,8152281,14084,176570754.94,1,02,010,BRRAILACNOR9,104,ON      NM,RUMO S.A.,6781,822,146931.94,consolidated_010_020
2023-06-27,RAIL3,RAIL3,21.85,21.98,21.38,21.64,21.64,8036626,21.85,21.98,21.38,21.64,1.0,21.98,21.38,0,8036626,18023,173502243.71,1,02,010,BRRAILACNOR9,104,ON      NM,RUMO S.A.,6526,642,141073.71,consolidated_010_020
2023-06-28,RAIL3,RAIL3,21.66,21.72,21.43,21.56,21.56,5855551,21.66,21.72,21.43,21.56,1.0,21.72,21.43,0,5855551,17124,126523165.8,1,02,010,BRRAILACNOR9,104,ON      NM,RUMO S.A.,7151,697,154463.8,consolidated_010_020
2023-06-29,RAIL3,RAIL3,21.68,22.0,21.56,21.87,21.87,12414707,21.68,22.0,21.56,21.87,1.0,22.0,21.56,0,12414707,23984,270413865.69,1,02,010,BRRAILACNOR9,104,ON      NM,RUMO S.A.,8207,1077,178580.69,consolidated_010_020
2023-06-30,RAIL3,RAIL3,22.0,22.39,21.96,22.2,22.2,27437555,22.0,22.39,21.96,22.2,1.0,22.39,21.96,0,27437555,33296,610848357.69,1,02,010,BRRAILACNOR9,104,ON      NM,RUMO S.A.,8355,914,185606.69,consolidated_010_020
2023-07-03,RAIL3,RAIL3,21.86,23.0,21.8,22.64,22.64,22567539,21.86,23.0,21.8,22.64,1.0,23.0,21.8,0,22567539,35839,511576871.03,1,02,010,BRRAILACNOR9,104,ON      NM,RUMO S.A.,16939,2492,383333.03,consolidated_010_020
2023-07-04,RAIL3,RAIL3,22.53,22.97,22.32,22.75,22.75,8379919,22.53,22.97,22.32,22.75,1.0,22.97,22.32,0,8379919,14449,189996238.19,1,02,010,BRRAILACNOR9,104,ON      NM,RUMO S.A.,8219,729,186323.19,consolidated_010_020
2023-07-05,RAIL3,RAIL3,22.65,22.95,22.45,22.88,22.88,16420225,22.65,22.95,22.45,22.88,1.0,22.95,22.45,0,16420225,22133,374149697.49,1,02,010,BRRAILACNOR9,104,ON      NM,RUMO S.A.,11725,1134,267250.49,consolidated_010_020
2023-07-06,RAIL3,RAIL3,22.6,22.74,22.11,22.42,22.42,13867492,22.6,22.74,22.11,22.42,1.0,22.74,22.11,0,13867492,23527,310612595.03,1,02,010,BRRAILACNOR9,104,ON      NM,RUMO S.A.,8392,617,188085.03,consolidated_010_020
2023-07-07,RAIL3,RAIL3,22.34,22.97,22.22,22.72,22.72,12558628,22.34,22.97,22.22,22.72,1.0,22.97,22.22,0,12558628,21751,285888960.94,1,02,010,BRRAILACNOR9,104,ON      NM,RUMO S.A.,9328,980,212434.94,consolidated_010_020
2023-07-10,RAIL3,RAIL3,22.6,22.66,22.17,22.2,22.2,11485007,22.6,22.66,22.17,22.2,1.0,22.66,22.17,0,11485007,26235,256605801.58,1,02,010,BRRAILACNOR9,104,ON      NM,RUMO S.A.,8007,709,179035.58,consolidated_010_020
2023-07-11,RAIL3,RAIL3,22.06,22.31,21.41,22.22,22.22,21163020,22.06,22.31,21.41,22.22,1.0,22.31,21.41,0,21163020,35211,463288477.38,1,02,010,BRRAILACNOR9,104,ON      NM,RUMO S.A.,10420,895,228233.38,consolidated_010_020
2023-07-12,RAIL3,RAIL3,22.44,22.81,22.24,22.64,22.64,16051312,22.44,22.81,22.24,22.64,1.0,22.81,22.24,0,16051312,25636,363479721.72,1,02,010,BRRAILACNOR9,104,ON      NM,RUMO S.A.,9312,948,210834.72,consolidated_010_020
2023-07-13,RAIL3,RAIL3,22.89,22.97,22.64,22.79,22.79,11737427,22.89,22.97,22.64,22.79,1.0,22.97,22.64,0,11737427,15018,267790482.67,1,02,010,BRRAILACNOR9,104,ON      NM,RUMO S.A.,8427,576,192369.67,consolidated_010_020
2023-07-14,RAIL3,RAIL3,22.89,22.89,22.3,22.44,22.44,8733295,22.89,22.89,22.3,22.44,1.0,22.89,22.3,0,8733295,18413,196049801.33,1,02,010,BRRAILACNOR9,104,ON      NM,RUMO S.A.,6695,714,150345.33,consolidated_010_020
2023-07-17,RAIL3,RAIL3,22.51,22.7,22.31,22.67,22.67,5731862,22.51,22.7,22.31,22.67,1.0,22.7,22.31,0,5731862,12825,129309146.81,1,02,010,BRRAILACNOR9,104,ON      NM,RUMO S.A.,8562,865,193145.81,consolidated_010_020
2023-07-18,RAIL3,RAIL3,22.51,22.77,22.32,22.63,22.63,7923601,22.51,22.77,22.32,22.63,1.0,22.77,22.32,0,7923601,17016,178978739.5,1,02,010,BRRAILACNOR9,104,ON      NM,RUMO S.A.,6901,792,155939.5,consolidated_010_020
2023-07-19,RAIL3,RAIL3,22.65,22.8,22.31,22.8,22.8,9577927,22.65,22.8,22.31,22.8,1.0,22.8,22.31,0,9577927,17642,216773473.36,1,02,010,BRRAILACNOR9,104,ON      NM,RUMO S.A.,5127,378,115845.36,consolidated_010_020
2023-07-20,RAIL3,RAIL3,22.95,23.14,22.6,22.94,22.94,9108933,22.95,23.14,22.6,22.94,1.0,23.14,22.6,0,9108933,24178,209058175.98,1,02,010,BRRAILACNOR9,104,ON      NM,RUMO S.A.,13733,1389,315037.98,consolidated_010_020
2023-07-21,RAIL3,RAIL3,22.83,23.55,22.83,23.35,23.35,12098479,22.83,23.55,22.83,23.35,1.0,23.55,22.83,0,12098479,25653,282900929.3,1,02,010,BRRAILACNOR9,104,ON      NM,RUMO S.A.,11079,1352,258981.3,consolidated_010_020
2023-07-24,RAIL3,RAIL3,23.7,24.2,23.7,24.02,24.02,25282674,23.7,24.2,23.7,24.02,1.0,24.2,23.7,0,25282674,35162,605324099.88,1,02,010,BRRAILACNOR9,104,ON      NM,RUMO S.A.,15474,1457,370585.88,consolidated_010_020
2023-07-25,RAIL3,RAIL3,24.2,24.44,23.99,24.09,24.09,20212579,24.2,24.44,23.99,24.09,1.0,24.44,23.99,0,20212579,20648,488650437.39,1,02,010,BRRAILACNOR9,104,ON      NM,RUMO S.A.,12879,1054,311221.39,consolidated_010_020
2023-07-26,RAIL3,RAIL3,23.86,24.16,23.74,24.0,24.0,18727246,23.86,24.16,23.74,24.0,1.0,24.16,23.74,0,18727246,26421,449083208.72,1,02,010,BRRAILACNOR9,104,ON      NM,RUMO S.A.,8046,972,192993.72,consolidated_010_020
2023-07-27,RAIL3,RAIL3,23.86,24.09,23.18,23.37,23.37,11119902,23.86,24.09,23.18,23.37,1.0,24.09,23.18,0,11119902,18915,261320698.93,1,02,010,BRRAILACNOR9,104,ON      NM,RUMO S.A.,11002,1203,258567.93,consolidated_010_020
2023-07-28,RAIL3,RAIL3,23.37,23.45,22.83,23.37,23.37,13852271,23.37,23.45,22.83,23.37,1.0,23.45,22.83,0,13852271,24430,320699679.16,1,02,010,BRRAILACNOR9,104,ON      NM,RUMO S.A.,11671,994,270456.16,consolidated_010_020
2023-07-31,RAIL3,RAIL3,23.65,23.65,23.02,23.24,23.24,16132190,23.65,23.65,23.02,23.24,1.0,23.65,23.02,0,16132190,30380,374332421.43,1,02,010,BRRAILACNOR9,104,ON      NM,RUMO S.A.,8290,958,192559.43,consolidated_010_020
2023-08-01,RAIL3,RAIL3,23.06,23.27,22.86,23.0,23.0,12342675,23.06,23.27,22.86,23.0,1.0,23.27,22.86,0,12342675,18341,283644506.51,1,02,010,BRRAILACNOR9,104,ON      NM,RUMO S.A.,10375,1002,238712.51,consolidated_010_020
2023-08-02,RAIL3,RAIL3,22.87,23.12,22.82,23.04,23.04,9800088,22.87,23.12,22.82,23.04,1.0,23.12,22.82,0,9800088,21058,225354611.77,1,02,010,BRRAILACNOR9,104,ON      NM,RUMO S.A.,9388,966,215846.77,consolidated_010_020
2023-08-03,RAIL3,RAIL3,23.14,23.37,23.05,23.29,23.29,20229280,23.14,23.37,23.05,23.29,1.0,23.37,23.05,0,20229280,23085,470432537.63,1,02,010,BRRAILACNOR9,104,ON      NM,RUMO S.A.,12480,1140,289627.63,consolidated_010_020
2023-08-04,RAIL3,RAIL3,23.2,23.44,23.04,23.21,23.21,11824456,23.2,23.44,23.04,23.21,1.0,23.44,23.04,0,11824456,18176,275307402.74,1,02,010,BRRAILACNOR9,104,ON      NM,RUMO S.A.,13156,991,306328.74,consolidated_010_020
2023-08-07,RAIL3,RAIL3,23.33,23.59,22.86,23.24,23.24,12844743,23.33,23.59,22.86,23.24,1.0,23.59,22.86,0,12844743,19673,298762732.96,1,02,010,BRRAILACNOR9,104,ON      NM,RUMO S.A.,11643,1006,269805.96,consolidated_010_020
2023-08-08,RAIL3,RAIL3,23.12,23.44,22.68,23.32,23.32,12642827,23.12,23.44,22.68,23.32,1.0,23.44,22.68,0,12642827,22621,292626899.12,1,02,010,BRRAILACNOR9,104,ON      NM,RUMO S.A.,9327,875,215672.12,consolidated_010_020
2023-08-09,RAIL3,RAIL3,23.2,23.87,23.12,23.86,23.86,17334513,23.2,23.87,23.12,23.86,1.0,23.87,23.12,0,17334513,27225,410609388.15,1,02,010,BRRAILACNOR9,104,ON      NM,RUMO S.A.,12613,1232,298112.15,consolidated_010_020
2023-08-10,RAIL3,RAIL3,24.09,24.36,23.86,23.98,23.98,12787900,24.09,24.36,23.86,23.98,1.0,24.36,23.86,0,12787900,26372,307863910.71,1,02,010,BRRAILACNOR9,104,ON      NM,RUMO S.A.,15400,1323,371030.71,consolidated_010_020
2023-08-11,RAIL3,RAIL3,23.5,23.59,22.38,22.8,22.8,60558486,23.5,23.59,22.38,22.8,1.0,23.59,22.38,0,60558486,58596,1381027241.58,1,02,010,BRRAILACNOR9,104,ON      NM,RUMO S.A.,23286,2334,531377.58,consolidated_010_020
2023-08-14,RAIL3,RAIL3,22.86,22.91,22.33,22.84,22.84,9698206,22.86,22.91,22.33,22.84,1.0,22.91,22.33,0,9698206,18032,219735536.21,1,02,010,BRRAILACNOR9,104,ON      NM,RUMO S.A.,8606,1000,195336.21,consolidated_010_020
2023-08-15,RAIL3,RAIL3,23.03,23.18,22.79,23.02,23.02,19585178,23.03,23.18,22.79,23.02,1.0,23.18,22.79,0,19585178,28783,450572693.93,1,02,010,BRRAILACNOR9,104,ON      NM,RUMO S.A.,9278,558,213618.93,consolidated_010_020
2023-08-16,RAIL3,RAIL3,23.0,23.12,22.68,22.72,22.72,16901387,23.0,23.12,22.68,22.72,1.0,23.12,22.68,0,16901387,27355,387819728.15,1,02,010,BRRAILACNOR9,104,ON      NM,RUMO S.A.,8687,1006,199101.15,consolidated_010_020
2023-08-17,RAIL3,RAIL3,22.79,22.81,22.02,22.22,22.22,15477834,22.79,22.81,22.02,22.22,1.0,22.81,22.02,0,15477834,26863,345189749.8,1,02,010,BRRAILACNOR9,104,ON      NM,RUMO S.A.,10034,982,223894.8,consolidated_010_020
2023-08-18,RAIL3,RAIL3,22.08,22.46,22.05,22.27,22.27,9347868,22.08,22.46,22.05,22.27,1.0,22.46,22.05,0,9347868,17576,207726716.66,1,02,010,BRRAILACNOR9,104,ON      NM,RUMO S.A.,7468,833,166092.66,consolidated_010_020
2023-08-21,RAIL3,RAIL3,22.15,22.2,21.74,22.11,22.11,9920772,22.15,22.2,21.74,22.11,1.0,22.2,21.74,0,9920772,22786,218252073.21,1,02,010,BRRAILACNOR9,104,ON      NM,RUMO S.A.,11172,1466,245880.21,consolidated_010_020
2023-08-22,RAIL3,RAIL3,22.12,22.88,22.12,22.83,22.83,12342019,22.12,22.88,22.12,22.83,1.0,22.88,22.12,0,12342019,18758,279801200.94,1,02,010,BRRAILACNOR9,104,ON      NM,RUMO S.A.,9319,950,211231.94,consolidated_010_020
2023-08-23,RAIL3,RAIL3,22.85,23.45,22.83,23.3,23.3,15550077,22.85,23.45,22.83,23.3,1.0,23.45,22.83,0,15550077,24094,362064369.44,1,02,010,BRRAILACNOR9,104,ON      NM,RUMO S.A.,8977,842,208924.44,consolidated_010_020
2023-08-24,RAIL3,RAIL3,23.43,23.43,22.96,23.13,23.13,13215157,23.43,23.43,22.96,23.13,1.0,23.43,22.96,0,13215157,16539,305620727.66,1,02,010,BRRAILACNOR9,104,ON      NM,RUMO S.A.,6457,794,149418.66,consolidated_010_020
2023-08-25,RAIL3,RAIL3,23.05,23.1,22.37,22.65,22.65,13661779,23.05,23.1,22.37,22.65,1.0,23.1,22.37,0,13661779,19434,308505984.7,1,02,010,BRRAILACNOR9,104,ON      NM,RUMO S.A.,6979,551,158081.7,consolidated_010_020
2023-08-28,RAIL3,RAIL3,22.62,22.95,22.56,22.75,22.75,10032971,22.62,22.95,22.56,22.75,1.0,22.95,22.56,0,10032971,19431,228261235.65,1,02,010,BRRAILACNOR9,104,ON      NM,RUMO S.A.,7971,976,181219.65,consolidated_010_020
2023-08-29,RAIL3,RAIL3,22.99,23.14,22.8,22.87,22.87,14809694,22.99,23.14,22.8,22.87,1.0,23.14,22.8,0,14809694,21528,340478942.95,1,02,010,BRRAILACNOR9,104,ON      NM,RUMO S.A.,8194,744,187890.95,consolidated_010_020
2023-08-30,RAIL3,RAIL3,22.76,22.87,22.56,22.63,22.63,5664260,22.76,22.87,22.56,22.63,1.0,22.87,22.56,0,5664260,18596,128575248.98,1,02,010,BRRAILACNOR9,104,ON      NM,RUMO S.A.,6660,870,151262.98,consolidated_010_020
2023-08-31,RAIL3,RAIL3,22.5,22.62,22.2,22.35,22.35,12528606,22.5,22.62,22.2,22.35,1.0,22.62,22.2,0,12528606,22963,280498524.82,1,02,010,BRRAILACNOR9,104,ON      NM,RUMO S.A.,7406,603,165676.82,consolidated_010_020
2023-09-01,RAIL3,RAIL3,22.4,22.82,22.31,22.67,22.67,11043470,22.4,22.82,22.31,22.67,1.0,22.82,22.31,0,11043470,18934,249871131.1,1,02,010,BRRAILACNOR9,104,ON      NM,RUMO S.A.,9770,1132,220651.1,consolidated_010_020
2023-09-04,RAIL3,RAIL3,22.59,22.81,22.51,22.6,22.6,4007331,22.59,22.81,22.51,22.6,1.0,22.81,22.51,0,4007331,6970,90739859.36,1,02,010,BRRAILACNOR9,104,ON      NM,RUMO S.A.,6331,614,143260.36,consolidated_010_020
2023-09-05,RAIL3,RAIL3,22.66,22.69,22.01,22.08,22.08,10623651,22.66,22.69,22.01,22.08,1.0,22.69,22.01,0,10623651,19448,236180601.26,1,02,010,BRRAILACNOR9,104,ON      NM,RUMO S.A.,7751,833,172261.26,consolidated_010_020
2023-09-06,RAIL3,RAIL3,22.05,22.34,21.81,21.87,21.87,11405962,22.05,22.34,21.81,21.87,1.0,22.34,21.81,0,11405962,27928,251083631.88,1,02,010,BRRAILACNOR9,104,ON      NM,RUMO S.A.,49662,2106,1087633.88,consolidated_010_020
2023-09-08,RAIL3,RAIL3,21.98,22.21,21.74,22.08,22.08,11942351,21.98,22.21,21.74,22.08,1.0,22.21,21.74,0,11942351,22488,263060423.57,1,02,010,BRRAILACNOR9,104,ON      NM,RUMO S.A.,54951,2271,1216176.57,consolidated_010_020
2023-09-11,RAIL3,RAIL3,22.2,22.32,21.75,22.14,22.14,9601945,22.2,22.32,21.75,22.14,1.0,22.32,21.75,0,9601945,20784,211250751.35,1,02,010,BRRAILACNOR9,104,ON      NM,RUMO S.A.,7645,1003,168486.35,consolidated_010_020
2023-09-12,RAIL3,RAIL3,22.17,22.84,22.02,22.76,22.76,11270110,22.17,22.84,22.02,22.76,1.0,22.84,22.02,0,11270110,24883,253994316.47,1,02,010,BRRAILACNOR9,104,ON      NM,RUMO S.A.,24210,1666,541522.47,consolidated_010_020
2023-09-13,RAIL3,RAIL3,22.77,23.64,22.64,23.32,23.32,29460704,22.77,23.64,22.64,23.32,1.0,23.64,22.64,0,29460704,36187,685159103.86,1,02,010,BRRAILACNOR9,104,ON      NM,RUMO S.A.,114404,5384,2694423.86,consolidated_010_020
2023-09-14,RAIL3,RAIL3,23.45,24.06,23.36,23.94,23.94,41518633,23.45,24.06,23.36,23.94,1.0,24.06,23.36,0,41518633,28056,993284740.16,1,02,010,BRRAILACNOR9,104,ON      NM,RUMO S.A.,12233,1071,291732.16,consolidated_010_020
2023-09-15,RAIL3,RAIL3,23.93,24.02,23.79,23.84,23.84,13566213,23.93,24.02,23.79,23.84,1.0,24.02,23.79,0,13566213,16059,323903743.42,1,02,010,BRRAILACNOR9,104,ON      NM,RUMO S.A.,8513,582,203226.42,consolidated_010_020
2023-09-18,RAIL3,RAIL3,23.94,24.36,23.74,23.74,23.74,11600983,23.94,24.36,23.74,23.74,1.0,24.36,23.74,0,11600983,18139,278059007.76,1,02,010,BRRAILACNOR9,104,ON      NM,RUMO S.A.,11083,1073,265732.76,consolidated_010_020
2023-09-19,RAIL3,RAIL3,23.84,23.86,23.47,23.75,23.75,21855718,23.84,23.86,23.47,23.75,1.0,23.86,23.47,0,21855718,28095,516958505.99,1,02,010,BRRAILACNOR9,104,ON      NM,RUMO S.A.,11718,760,277113.99,consolidated_010_020
2023-09-20,RAIL3,RAIL3,23.84,24.17,23.78,23.88,23.88,22747959,23.84,24.17,23.78,23.88,1.0,24.17,23.78,0,22747959,29041,545096073.31,1,02,010,BRRAILACNOR9,104,ON      NM,RUMO S.A.,7959,782,190479.31,consolidated_010_020
2023-09-21,RAIL3,RAIL3,23.64,23.86,23.34,23.48,23.48,17643430,23.64,23.86,23.34,23.48,1.0,23.86,23.34,0,17643430,24398,415998170.19,1,02,010,BRRAILACNOR9,104,ON      NM,RUMO S.A.,8330,684,196456.19,consolidated_010_020
2023-09-22,RAIL3,RAIL3,23.54,23.69,23.1,23.43,23.43,13475347,23.54,23.69,23.1,23.43,1.0,23.69,23.1,0,13475347,22824,314472109.01,1,02,010,BRRAILACNOR9,104,ON      NM,RUMO S.A.,8647,624,201861.01,consolidated_010_020
2023-09-25,RAIL3,RAIL3,23.33,23.47,23.15,23.39,23.39,11458063,23.33,23.47,23.15,23.39,1.0,23.47,23.15,0,11458063,20477,267139391.61,1,02,010,BRRAILACNOR9,104,ON      NM,RUMO S.A.,7063,632,164506.61,consolidated_010_020
2023-09-26,RAIL3,RAIL3,23.35,23.4,22.81,22.85,22.85,12904913,23.35,23.4,22.81,22.85,1.0,23.4,22.81,0,12904913,24671,297683675.08,1,02,010,BRRAILACNOR9,104,ON      NM,RUMO S.A.,8113,756,187186.08,consolidated_010_020
2023-09-27,RAIL3,RAIL3,22.92,23.3,22.17,22.3,22.3,16206666,22.92,23.3,22.17,22.3,1.0,23.3,22.17,0,16206666,29545,364365055.16,1,02,010,BRRAILACNOR9,104,ON      NM,RUMO S.A.,9866,983,222547.16,consolidated_010_020
2023-09-28,RAIL3,RAIL3,22.21,22.86,22.14,22.78,22.78,20483598,22.21,22.86,22.14,22.78,1.0,22.86,22.14,0,20483598,26901,463445406.73,1,02,010,BRRAILACNOR9,104,ON      NM,RUMO S.A.,8198,828,185060.73,consolidated_010_020
2023-09-29,RAIL3,RAIL3,22.94,23.04,22.64,22.82,22.82,11899062,22.94,23.04,22.64,22.82,1.0,23.04,22.64,0,11899062,26581,271173139.53,1,02,010,BRRAILACNOR9,104,ON      NM,RUMO S.A.,7762,721,177092.53,consolidated_010_020
2023-10-02,RAIL3,RAIL3,22.81,22.99,22.44,22.44,22.44,12106594,22.81,22.99,22.44,22.44,1.0,22.99,22.44,0,12106594,24823,274434160.1,1,02,010,BRRAILACNOR9,104,ON      NM,RUMO S.A.,12294,1668,278706.1,consolidated_010_020
2023-10-03,RAIL3,RAIL3,22.3,22.44,21.59,21.67,21.67,15728065,22.3,22.44,21.59,21.67,1.0,22.44,21.59,0,15728065,25339,344090033.28,1,02,010,BRRAILACNOR9,104,ON      NM,RUMO S.A.,8565,903,187998.28,consolidated_010_020
2023-10-04,RAIL3,RAIL3,21.66,22.0,21.54,21.72,21.72,15849228,21.66,22.0,21.54,21.72,1.0,22.0,21.54,0,15849228,20956,345528265.5,1,02,010,BRRAILACNOR9,104,ON      NM,RUMO S.A.,16528,980,360591.5,consolidated_010_020
2023-10-05,RAIL3,RAIL3,21.72,21.82,21.33,21.58,21.58,12165062,21.72,21.82,21.33,21.58,1.0,21.82,21.33,0,12165062,19287,262093720.56,1,02,010,BRRAILACNOR9,104,ON      NM,RUMO S.A.,10062,687,217257.56,consolidated_010_020
2023-10-06,RAIL3,RAIL3,21.32,21.91,21.09,21.79,21.79,19512446,21.32,21.91,21.09,21.79,1.0,21.91,21.09,0,19512446,43059,422433116.41,1,02,010,BRRAILACNOR9,104,ON      NM,RUMO S.A.,11046,781,238714.41,consolidated_010_020
2023-10-09,RAIL3,RAIL3,21.65,22.11,21.57,22.07,22.07,11152506,21.65,22.11,21.57,22.07,1.0,22.11,21.57,0,11152506,20363,244446158.15,1,02,010,BRRAILACNOR9,104,ON      NM,RUMO S.A.,7406,697,162115.15,consolidated_010_020
2023-10-10,RAIL3,RAIL3,22.41,23.07,22.4,22.93,22.93,19061193,22.41,23.07,22.4,22.93,1.0,23.07,22.4,0,19061193,34530,434821220.54,1,02,010,BRRAILACNOR9,104,ON      NM,RUMO S.A.,10593,1160,241632.54,consolidated_010_020
2023-10-11,RAIL3,RAIL3,22.78,23.12,22.77,23.07,23.07,10142670,22.78,23.12,22.77,23.07,1.0,23.12,22.77,0,10142670,18863,233075432.59,1,02,010,BRRAILACNOR9,104,ON      NM,RUMO S.A.,9970,824,228971.59,consolidated_010_020
2023-10-13,RAIL3,RAIL3,23.0,23.03,22.34,22.5,22.5,9200458,23.0,23.03,22.34,22.5,1.0,23.03,22.34,0,9200458,20840,207503305.57,1,02,010,BRRAILACNOR9,104,ON      NM,RUMO S.A.,8858,801,200282.57,consolidated_010_020
2023-10-16,RAIL3,RAIL3,22.68,22.76,22.27,22.56,22.56,12360399,22.68,22.76,22.27,22.56,1.0,22.76,22.27,0,12360399,16326,278550825.4,1,02,010,BRRAILACNOR9,104,ON      NM,RUMO S.A.,5899,874,132975.4,consolidated_010_020
2023-10-17,RAIL3,RAIL3,22.28,22.44,21.8,21.91,21.91,9378939,22.28,22.44,21.8,21.91,1.0,22.44,21.8,0,9378939,21757,207163809.57,1,02,010,BRRAILACNOR9,104,ON      NM,RUMO S.A.,8139,887,179723.57,consolidated_010_020
2023-10-18,RAIL3,RAIL3,21.75,21.85,21.12,21.3,21.3,14294013,21.75,21.85,21.12,21.3,1.0,21.85,21.12,0,14294013,37391,305451029.67,1,02,010,BRRAILACNOR9,104,ON      NM,RUMO S.A.,10713,1166,229906.67,consolidated_010_020
2023-10-19,RAIL3,RAIL3,21.64,22.19,21.37,21.67,21.67,15837623,21.64,22.19,21.37,21.67,1.0,22.19,21.37,0,15837623,24311,345002063.76,1,02,010,BRRAILACNOR9,104,ON      NM,RUMO S.A.,8823,729,192133.76,consolidated_010_020
2023-10-20,RAIL3,RAIL3,21.64,21.8,21.33,21.57,21.57,9391251,21.64,21.8,21.33,21.57,1.0,21.8,21.33,0,9391251,15807,202093134.98,1,02,010,BRRAILACNOR9,104,ON      NM,RUMO S.A.,5551,817,119381.98,consolidated_010_020
2023-10-23,RAIL3,RAIL3,21.36,22.52,21.28,22.43,22.43,20680074,21.36,22.52,21.28,22.43,1.0,22.52,21.28,0,20680074,27480,457542100.67,1,02,010,BRRAILACNOR9,104,ON      NM,RUMO S.A.,9874,1185,218421.67,consolidated_010_020
2023-10-24,RAIL3,RAIL3,22.65,22.65,22.13,22.23,22.23,5674082,22.65,22.65,22.13,22.23,1.0,22.65,22.13,0,5674082,11665,126670783.45,1,02,010,BRRAILACNOR9,104,ON      NM,RUMO S.A.,6682,596,149145.45,consolidated_010_020
2023-10-25,RAIL3,RAIL3,22.24,22.34,21.95,22.05,22.05,5947093,22.24,22.34,21.95,22.05,1.0,22.34,21.95,0,5947093,12429,131569406.66,1,02,010,BRRAILACNOR9,104,ON      NM,RUMO S.A.,6193,539,137015.66,consolidated_010_020
2023-10-26,RAIL3,RAIL3,22.2,22.89,22.02,22.77,22.77,16074420,22.2,22.89,22.02,22.77,1.0,22.89,22.02,0,16074420,22809,364620586.18,1,02,010,BRRAILACNOR9,104,ON      NM,RUMO S.A.,9920,520,224366.18,consolidated_010_020
2023-10-27,RAIL3,RAIL3,22.63,23.0,22.1,22.1,22.1,13989301,22.63,23.0,22.1,22.1,1.0,23.0,22.1,0,13989301,19641,313897631.65,1,02,010,BRRAILACNOR9,104,ON      NM,RUMO S.A.,8601,478,193857.65,consolidated_010_020
2023-10-30,RAIL3,RAIL3,22.14,22.32,21.68,22.02,22.02,12891158,22.14,22.32,21.68,22.02,1.0,22.32,21.68,0,12891158,22197,282776120.8,1,02,010,BRRAILACNOR9,104,ON      NM,RUMO S.A.,9258,843,203583.8,consolidated_010_020
2023-10-31,RAIL3,RAIL3,22.0,22.53,21.86,22.31,22.31,19713949,22.0,22.53,21.86,22.31,1.0,22.53,21.86,0,19713949,18604,438182480.26,1,02,010,BRRAILACNOR9,104,ON      NM,RUMO S.A.,8749,603,194685.26,consolidated_010_020
2023-11-01,RAIL3,RAIL3,22.3,23.16,22.22,23.0,23.0,18752610,22.3,23.16,22.22,23.0,1.0,23.16,22.22,0,18752610,36369,427684473.98,1,02,010,BRRAILACNOR9,104,ON      NM,RUMO S.A.,11610,1722,264971.98,consolidated_010_020
2023-11-03,RAIL3,RAIL3,23.93,23.94,22.93,23.13,23.13,15285268,23.93,23.94,22.93,23.13,1.0,23.94,22.93,0,15285268,29566,354535638.06,1,02,010,BRRAILACNOR9,104,ON      NM,RUMO S.A.,19168,748,445781.06,consolidated_010_020
2023-11-06,RAIL3,RAIL3,23.13,23.31,22.97,23.13,23.13,10536052,23.13,23.31,22.97,23.13,1.0,23.31,22.97,0,10536052,19385,243199029.67,1,02,010,BRRAILACNOR9,104,ON      NM,RUMO S.A.,11452,1154,264425.67,consolidated_010_020
2023-11-07,RAIL3,RAIL3,23.0,23.28,22.79,22.9,22.9,18928085,23.0,23.28,22.79,22.9,1.0,23.28,22.79,0,18928085,33597,435414443.43,1,02,010,BRRAILACNOR9,104,ON      NM,RUMO S.A.,15985,1692,367449.43,consolidated_010_020
2023-11-08,RAIL3,RAIL3,22.9,23.03,22.36,22.65,22.65,16168512,22.9,23.03,22.36,22.65,1.0,23.03,22.36,0,16168512,34101,366297855.21,1,02,010,BRRAILACNOR9,104,ON      NM,RUMO S.A.,8512,617,192824.21,consolidated_010_020
2023-11-09,RAIL3,RAIL3,22.64,23.04,22.43,22.85,22.85,10087557,22.64,23.04,22.43,22.85,1.0,23.04,22.43,0,10087557,18780,229672513.87,1,02,010,BRRAILACNOR9,104,ON      NM,RUMO S.A.,15557,945,354778.87,consolidated_010_020
2023-11-10,RAIL3,RAIL3,23.12,23.55,22.88,23.09,23.09,21175130,23.12,23.55,22.88,23.09,1.0,23.55,22.88,0,21175130,33209,490590431.99,1,02,010,BRRAILACNOR9,104,ON      NM,RUMO S.A.,10130,1105,234555.99,consolidated_010_020
2023-11-13,RAIL3,RAIL3,23.12,23.19,22.53,22.8,22.8,17096476,23.12,23.19,22.53,22.8,1.0,23.19,22.53,0,17096476,25943,389821923.17,1,02,010,BRRAILACNOR9,104,ON      NM,RUMO S.A.,16076,1190,367048.17,consolidated_010_020
2023-11-14,RAIL3,RAIL3,22.97,23.59,22.86,23.41,23.41,15229277,22.97,23.59,22.86,23.41,1.0,23.59,22.86,0,15229277,38908,354842979.74,1,02,010,BRRAILACNOR9,104,ON      NM,RUMO S.A.,12177,944,283430.74,consolidated_010_020
2023-11-16,RAIL3,RAIL3,23.56,23.71,23.32,23.61,23.61,10635669,23.56,23.71,23.32,23.61,1.0,23.71,23.32,0,10635669,33328,250751830.64,1,02,010,BRRAILACNOR9,104,ON      NM,RUMO S.A.,10169,1098,240299.64,consolidated_010_020
2023-11-17,RAIL3,RAIL3,23.7,23.81,23.15,23.25,23.25,16215996,23.7,23.81,23.15,23.25,1.0,23.81,23.15,0,16215996,32064,379091224.22,1,02,010,BRRAILACNOR9,104,ON      NM,RUMO S.A.,8996,866,210896.22,consolidated_010_020
2023-11-20,RAIL3,RAIL3,23.38,23.68,23.09,23.56,23.56,10959992,23.38,23.68,23.09,23.56,1.0,23.68,23.09,0,10959992,32416,256866666.12,1,02,010,BRRAILACNOR9,104,ON      NM,RUMO S.A.,8092,1214,189458.12,consolidated_010_020
2023-11-21,RAIL3,RAIL3,23.36,23.41,22.68,22.9,22.9,28023952,23.36,23.41,22.68,22.9,1.0,23.41,22.68,0,28023952,39962,645150263.45,1,02,010,BRRAILACNOR9,104,ON      NM,RUMO S.A.,9452,1124,217301.45,consolidated_010_020
2023-11-22,RAIL3,RAIL3,23.06,23.11,22.49,22.67,22.67,26030280,23.06,23.11,22.49,22.67,1.0,23.11,22.49,0,26030280,34399,590359783.84,1,02,010,BRRAILACNOR9,104,ON      NM,RUMO S.A.,10380,1200,235512.84,consolidated_010_020
2023-11-23,RAIL3,RAIL3,22.78,23.1,22.62,22.91,22.91,6171384,22.78,23.1,22.62,22.91,1.0,23.1,22.62,0,6171384,18146,141534867.8,1,02,010,BRRAILACNOR9,104,ON      NM,RUMO S.A.,6684,795,153463.8,consolidated_010_020
2023-11-24,RAIL3,RAIL3,22.77,22.91,22.38,22.56,22.56,11792330,22.77,22.91,22.38,22.56,1.0,22.91,22.38,0,11792330,32992,266395762.78,1,02,010,BRRAILACNOR9,104,ON      NM,RUMO S.A.,12130,1037,273491.78,consolidated_010_020
2023-11-27,RAIL3,RAIL3,22.73,22.8,22.33,22.57,22.57,6326611,22.73,22.8,22.33,22.57,1.0,22.8,22.33,0,6326611,22279,142545791.17,1,02,010,BRRAILACNOR9,104,ON      NM,RUMO S.A.,6911,491,155654.17,consolidated_010_020
2023-11-28,RAIL3,RAIL3,22.62,22.89,22.42,22.68,22.68,10982514,22.62,22.89,22.42,22.68,1.0,22.89,22.42,0,10982514,33651,248942900.88,1,02,010,BRRAILACNOR9,104,ON      NM,RUMO S.A.,17014,1460,384513.88,consolidated_010_020
2023-11-29,RAIL3,RAIL3,22.67,23.2,22.58,22.9,22.9,12202066,22.67,23.2,22.58,22.9,1.0,23.2,22.58,0,12202066,19167,278745447.83,1,02,010,BRRAILACNOR9,104,ON      NM,RUMO S.A.,9766,870,223613.83,consolidated_010_020
2023-11-30,RAIL3,RAIL3,23.01,23.08,22.45,22.9,22.9,23103946,23.01,23.08,22.45,22.9,1.0,23.08,22.45,0,23103946,35857,525683217.13,1,02,010,BRRAILACNOR9,104,ON      NM,RUMO S.A.,9846,594,225128.13,consolidated_010_020
2023-12-01,RAIL3,RAIL3,22.92,23.1,22.34,22.77,22.77,14911190,22.92,23.1,22.34,22.77,1.0,23.1,22.34,0,14911190,23505,339440069.72,1,02,010,BRRAILACNOR9,104,ON      NM,RUMO S.A.,17390,2270,394432.72,consolidated_010_020
2023-12-04,RAIL3,RAIL3,22.65,22.84,22.48,22.58,22.58,7586326,22.65,22.84,22.48,22.58,1.0,22.84,22.48,0,7586326,17889,171542394.5,1,02,010,BRRAILACNOR9,104,ON      NM,RUMO S.A.,11926,1292,270092.5,consolidated_010_020
2023-12-05,RAIL3,RAIL3,22.59,22.98,22.32,22.46,22.46,14031616,22.59,22.98,22.32,22.46,1.0,22.98,22.32,0,14031616,23378,317510559.06,1,02,010,BRRAILACNOR9,104,ON      NM,RUMO S.A.,8716,535,197729.06,consolidated_010_020
2023-12-06,RAIL3,RAIL3,22.45,22.7,22.24,22.55,22.55,7921038,22.45,22.7,22.24,22.55,1.0,22.7,22.24,0,7921038,20609,178176787.19,1,02,010,BRRAILACNOR9,104,ON      NM,RUMO S.A.,9938,525,223415.19,consolidated_010_020
2023-12-07,RAIL3,RAIL3,22.65,22.66,22.38,22.39,22.39,5292075,22.65,22.66,22.38,22.39,1.0,22.66,22.38,0,5292075,13456,119077257.71,1,02,010,BRRAILACNOR9,104,ON      NM,RUMO S.A.,5575,767,125412.71,consolidated_010_020
2023-12-08,RAIL3,RAIL3,22.39,22.61,22.06,22.17,22.17,9561331,22.39,22.61,22.06,22.17,1.0,22.61,22.06,0,9561331,23544,212706935.28,1,02,010,BRRAILACNOR9,104,ON      NM,RUMO S.A.,8131,1531,181209.28,consolidated_010_020
2023-12-11,RAIL3,RAIL3,22.26,22.44,21.89,22.15,22.15,6345863,22.26,22.44,21.89,22.15,1.0,22.44,21.89,0,6345863,11857,140510094.56,1,02,010,BRRAILACNOR9,104,ON      NM,RUMO S.A.,6663,690,147812.56,consolidated_010_020
2023-12-12,RAIL3,RAIL3,22.23,22.66,22.2,22.33,22.33,8869707,22.23,22.66,22.2,22.33,1.0,22.66,22.2,0,8869707,11008,198784938.01,1,02,010,BRRAILACNOR9,104,ON      NM,RUMO S.A.,6807,573,152394.01,consolidated_010_020
2023-12-13,RAIL3,RAIL3,22.31,22.41,21.56,22.34,22.34,42579171,22.31,22.41,21.56,22.34,1.0,22.41,21.56,0,42579171,49250,937774750.71,1,02,010,BRRAILACNOR9,104,ON      NM,RUMO S.A.,29171,1990,637505.71,consolidated_010_020
2023-12-14,RAIL3,RAIL3,22.46,23.59,22.42,22.95,22.95,25838351,22.46,23.59,22.42,22.95,1.0,23.59,22.42,0,25838351,34870,596836093.67,1,02,010,BRRAILACNOR9,104,ON      NM,RUMO S.A.,14351,1453,331292.67,consolidated_010_020
2023-12-15,RAIL3,RAIL3,23.23,23.43,22.82,22.82,22.82,23204438,23.23,23.43,22.82,22.82,1.0,23.43,22.82,0,23204438,20163,535954841.62,1,02,010,BRRAILACNOR9,104,ON      NM,RUMO S.A.,7438,763,171268.62,consolidated_010_020
2023-12-18,RAIL3,RAIL3,22.73,22.93,22.12,22.21,22.21,23094867,22.73,22.93,22.12,22.21,1.0,22.93,22.12,0,23094867,30860,517945637.06,1,02,010,BRRAILACNOR9,104,ON      NM,RUMO S.A.,12667,2264,283859.06,consolidated_010_020
2023-12-19,RAIL3,RAIL3,22.14,22.63,21.95,22.4,22.4,13709369,22.14,22.63,21.95,22.4,1.0,22.63,21.95,0,13709369,25143,306392372.92,1,02,010,BRRAILACNOR9,104,ON      NM,RUMO S.A.,10269,998,229873.92,consolidated_010_020
2023-12-20,RAIL3,RAIL3,22.37,22.83,22.29,22.6,22.6,7446590,22.37,22.83,22.29,22.6,1.0,22.83,22.29,0,7446590,16533,168516280.38,1,02,010,BRRAILACNOR9,104,ON      NM,RUMO S.A.,8190,1102,185434.38,consolidated_010_020
2023-12-21,RAIL3,RAIL3,22.42,22.92,22.42,22.82,22.82,9946966,22.42,22.92,22.42,22.82,1.0,22.92,22.42,0,9946966,15833,226068661.73,1,02,010,BRRAILACNOR9,104,ON      NM,RUMO S.A.,7566,919,171881.73,consolidated_010_020
2023-12-22,RAIL3,RAIL3,22.81,22.97,22.76,22.9,22.9,4130605,22.81,22.97,22.76,22.9,1.0,22.97,22.76,0,4130605,12210,94466031.19,1,02,010,BRRAILACNOR9,104,ON      NM,RUMO S.A.,5605,578,128221.19,consolidated_010_020
2023-12-26,RAIL3,RAIL3,22.92,23.02,22.69,22.91,22.91,3568309,22.92,23.02,22.69,22.91,1.0,23.02,22.69,0,3568309,11163,81567078.19,1,02,010,BRRAILACNOR9,104,ON      NM,RUMO S.A.,4909,903,112323.19,consolidated_010_020
2023-12-27,RAIL3,RAIL3,22.91,23.08,22.73,23.0,23.0,4053292,22.91,23.08,22.73,23.0,1.0,23.08,22.73,0,4053292,8348,92970632.42,1,02,010,BRRAILACNOR9,104,ON      NM,RUMO S.A.,6592,657,151147.42,consolidated_010_020
2023-12-28,RAIL3,RAIL3,22.99,23.05,22.78,22.95,22.95,5023938,22.99,23.05,22.78,22.95,1.0,23.05,22.78,0,5023938,12077,115078187.35,1,02,010,BRRAILACNOR9,104,ON      NM,RUMO S.A.,6838,652,156549.35,consolidated_010_020
2024-01-02,RAIL3,RAIL3,22.62,22.7,22.16,22.25,22.25,13291073,22.62,22.7,22.16,22.25,1.0,22.7,22.16,0,13291073,30695,297636436.29,1,02,010,BRRAILACNOR9,104,ON      NM,RUMO S.A.,11373,1504,254865.29,consolidated_010_020
2024-01-03,RAIL3,RAIL3,22.28,22.63,22.28,22.38,22.38,18315112,22.28,22.63,22.28,22.38,1.0,22.63,22.28,0,18315112,14461,409074203.04,1,02,010,BRRAILACNOR9,104,ON      NM,RUMO S.A.,7412,670,166367.04,consolidated_010_020
2024-01-04,RAIL3,RAIL3,22.46,22.88,22.19,22.4,22.4,7866252,22.46,22.88,22.19,22.4,1.0,22.88,22.19,0,7866252,15920,176336258.62,1,02,010,BRRAILACNOR9,104,ON      NM,RUMO S.A.,6652,762,149130.62,consolidated_010_020
2024-01-05,RAIL3,RAIL3,22.22,22.74,22.22,22.65,22.65,16557045,22.22,22.74,22.22,22.65,1.0,22.74,22.22,0,16557045,15769,370560690.72,1,02,010,BRRAILACNOR9,104,ON      NM,RUMO S.A.,6445,573,145275.72,consolidated_010_020
2024-01-08,RAIL3,RAIL3,22.65,23.75,22.59,23.64,23.64,10548774,22.65,23.75,22.59,23.64,1.0,23.75,22.59,0,10548774,22371,246916273.95,1,02,010,BRRAILACNOR9,104,ON      NM,RUMO S.A.,11474,1442,266608.95,consolidated_010_020
2024-01-09,RAIL3,RAIL3,23.53,23.7,23.31,23.5,23.5,8404453,23.53,23.7,23.31,23.5,1.0,23.7,23.31,0,8404453,26413,198004953.93,1,02,010,BRRAILACNOR9,104,ON      NM,RUMO S.A.,8953,1047,210706.93,consolidated_010_020
2024-01-10,RAIL3,RAIL3,23.5,23.92,23.19,23.81,23.81,9347511,23.5,23.92,23.19,23.81,1.0,23.92,23.19,0,9347511,25901,221214346.47,1,02,010,BRRAILACNOR9,104,ON      NM,RUMO S.A.,14911,1184,351819.47,consolidated_010_020
2024-01-11,RAIL3,RAIL3,23.66,23.85,23.07,23.11,23.11,9931561,23.66,23.85,23.07,23.11,1.0,23.85,23.07,0,9931561,26204,231334970.08,1,02,010,BRRAILACNOR9,104,ON      NM,RUMO S.A.,6961,680,162233.08,consolidated_010_020
2024-01-12,RAIL3,RAIL3,23.06,23.85,23.06,23.47,23.47,9391128,23.06,23.85,23.06,23.47,1.0,23.85,23.06,0,9391128,13006,221641012.03,1,02,010,BRRAILACNOR9,104,ON      NM,RUMO S.A.,8328,672,196152.03,consolidated_010_020
2024-01-15,RAIL3,RAIL3,23.46,23.51,23.15,23.29,23.29,3917240,23.46,23.51,23.15,23.29,1.0,23.51,23.15,0,3917240,8381,91364551.23,1,02,010,BRRAILACNOR9,104,ON      NM,RUMO S.A.,6940,607,162187.23,consolidated_010_020
2024-01-16,RAIL3,RAIL3,23.1,23.21,22.72,22.77,22.77,10946843,23.1,23.21,22.72,22.77,1.0,23.21,22.72,0,10946843,28572,250127391.26,1,02,010,BRRAILACNOR9,104,ON      NM,RUMO S.A.,7043,978,160985.26,consolidated_010_020
2024-01-17,RAIL3,RAIL3,22.38,22.38,21.84,22.02,22.02,26988033,22.38,22.38,21.84,22.02,1.0,22.38,21.84,0,26988033,46584,599121158.54,1,02,010,BRRAILACNOR9,104,ON      NM,RUMO S.A.,10933,1377,242765.54,consolidated_010_020
2024-01-18,RAIL3,RAIL3,22.17,22.18,21.68,21.77,21.77,9151629,22.17,22.18,21.68,21.77,1.0,22.18,21.68,0,9151629,23963,199756583.42,1,02,010,BRRAILACNOR9,104,ON      NM,RUMO S.A.,10329,1161,225890.42,consolidated_010_020
2024-01-19,RAIL3,RAIL3,21.82,22.59,21.51,22.4,22.4,17903508,21.82,22.59,21.51,22.4,1.0,22.59,21.51,0,17903508,25072,397240206.27,1,02,010,BRRAILACNOR9,104,ON      NM,RUMO S.A.,7708,889,170194.27,consolidated_010_020
2024-01-22,RAIL3,RAIL3,22.5,22.62,22.15,22.28,22.28,9356675,22.5,22.62,22.15,22.28,1.0,22.62,22.15,0,9356675,19793,208821356.58,1,02,010,BRRAILACNOR9,104,ON      NM,RUMO S.A.,5775,804,128803.58,consolidated_010_020
2024-01-23,RAIL3,RAIL3,22.39,23.02,22.15,22.94,22.94,23403887,22.39,23.02,22.15,22.94,1.0,23.02,22.15,0,23403887,35337,529745214.84,1,02,010,BRRAILACNOR9,104,ON      NM,RUMO S.A.,9287,862,209839.84,consolidated_010_020
2024-01-24,RAIL3,RAIL3,22.99,23.04,22.49,22.51,22.51,7968624,22.99,23.04,22.49,22.51,1.0,23.04,22.49,0,7968624,17348,180838235.45,1,02,010,BRRAILACNOR9,104,ON      NM,RUMO S.A.,5124,445,116412.45,consolidated_010_020
2024-01-25,RAIL3,RAIL3,22.6,22.75,22.37,22.45,22.45,4828118,22.6,22.75,22.37,22.45,1.0,22.75,22.37,0,4828118,11411,108801319.75,1,02,010,BRRAILACNOR9,104,ON      NM,RUMO S.A.,4518,374,101725.75,consolidated_010_020
2024-01-26,RAIL3,RAIL3,22.56,22.83,22.32,22.64,22.64,7906108,22.56,22.83,22.32,22.64,1.0,22.83,22.32,0,7906108,17939,178600422.66,1,02,010,BRRAILACNOR9,104,ON      NM,RUMO S.A.,7008,509,158148.66,consolidated_010_020
2024-01-29,RAIL3,RAIL3,22.61,22.89,22.33,22.86,22.86,5833313,22.61,22.89,22.33,22.86,1.0,22.89,22.33,0,5833313,9807,132343869.75,1,02,010,BRRAILACNOR9,104,ON      NM,RUMO S.A.,5813,463,131739.75,consolidated_010_020
2024-01-30,RAIL3,RAIL3,22.8,23.1,22.6,22.63,22.63,11783440,22.8,23.1,22.6,22.63,1.0,23.1,22.6,0,11783440,19114,268434701.92,1,02,010,BRRAILACNOR9,104,ON      NM,RUMO S.A.,5940,493,135152.92,consolidated_010_020
2024-01-31,RAIL3,RAIL3,22.9,23.58,22.82,23.06,23.06,14669665,22.9,23.58,22.82,23.06,1.0,23.58,22.82,0,14669665,26263,341504115.14,1,02,010,BRRAILACNOR9,104,ON      NM,RUMO S.A.,13965,1732,324960.14,consolidated_010_020
2024-02-01,RAIL3,RAIL3,23.12,23.23,22.92,23.02,23.02,7055204,23.12,23.23,22.92,23.02,1.0,23.23,22.92,0,7055204,19814,162874773.55,1,02,010,BRRAILACNOR9,104,ON      NM,RUMO S.A.,5804,929,133927.55,consolidated_010_020
2024-02-02,RAIL3,RAIL3,23.04,23.2,22.77,22.84,22.84,5987684,23.04,23.2,22.77,22.84,1.0,23.2,22.77,0,5987684,19352,137156389.92,1,02,010,BRRAILACNOR9,104,ON      NM,RUMO S.A.,4484,405,102780.92,consolidated_010_020
2024-02-05,RAIL3,RAIL3,22.83,23.09,22.61,22.67,22.67,5295345,22.83,23.09,22.61,22.67,1.0,23.09,22.61,0,5295345,15471,120639420.97,1,02,010,BRRAILACNOR9,104,ON      NM,RUMO S.A.,5845,483,133171.97,consolidated_010_020
2024-02-06,RAIL3,RAIL3,22.66,23.18,22.28,22.52,22.52,15721012,22.66,23.18,22.28,22.52,1.0,23.18,22.28,0,15721012,28474,355030347.22,1,02,010,BRRAILACNOR9,104,ON      NM,RUMO S.A.,7512,1229,169846.22,consolidated_010_020
2024-02-07,RAIL3,RAIL3,22.7,23.58,22.57,23.46,23.46,18532501,22.7,23.58,22.57,23.46,1.0,23.58,22.57,0,18532501,32901,429924839.02,1,02,010,BRRAILACNOR9,104,ON      NM,RUMO S.A.,9701,1165,224881.02,consolidated_010_020
2024-02-08,RAIL3,RAIL3,23.34,23.6,23.24,23.55,23.55,12941762,23.34,23.6,23.24,23.55,1.0,23.6,23.24,0,12941762,17342,303530775.31,1,02,010,BRRAILACNOR9,104,ON      NM,RUMO S.A.,6062,449,142073.31,consolidated_010_020
2024-02-09,RAIL3,RAIL3,23.86,24.55,23.71,24.09,24.09,22084774,23.86,24.55,23.71,24.09,1.0,24.55,23.71,0,22084774,36895,534672406.64,1,02,010,BRRAILACNOR9,104,ON      NM,RUMO S.A.,14374,1598,347526.64,consolidated_010_020
2024-02-14,RAIL3,RAIL3,24.04,24.04,23.62,23.83,23.83,6404390,24.04,24.04,23.62,23.83,1.0,24.04,23.62,0,6404390,14119,152436888.07,1,02,010,BRRAILACNOR9,104,ON      NM,RUMO S.A.,4790,426,114071.07,consolidated_010_020
2024-02-15,RAIL3,RAIL3,24.0,24.0,23.57,23.89,23.89,5593142,24.0,24.0,23.57,23.89,1.0,24.0,23.57,0,5593142,15859,132972239.3,1,02,010,BRRAILACNOR9,104,ON      NM,RUMO S.A.,5042,458,119842.3,consolidated_010_020
2024-02-16,RAIL3,RAIL3,23.94,23.94,23.02,23.43,23.43,14359603,23.94,23.94,23.02,23.43,1.0,23.94,23.02,0,14359603,24429,335193399.0,1,02,010,BRRAILACNOR9,104,ON      NM,RUMO S.A.,7503,914,175254.0,consolidated_010_020
2024-02-19,RAIL3,RAIL3,23.35,23.45,23.12,23.24,23.24,5575285,23.35,23.45,23.12,23.24,1.0,23.45,23.12,0,5575285,11722,129515688.58,1,02,010,BRRAILACNOR9,104,ON      NM,RUMO S.A.,4085,301,95072.58,consolidated_010_020
2024-02-20,RAIL3,RAIL3,23.2,23.45,23.04,23.35,23.35,7381368,23.2,23.45,23.04,23.35,1.0,23.45,23.04,0,7381368,15962,172055444.14,1,02,010,BRRAILACNOR9,104,ON      NM,RUMO S.A.,6868,714,160769.14,consolidated_010_020
2024-02-21,RAIL3,RAIL3,23.35,23.35,22.78,22.99,22.99,9071673,23.35,23.35,22.78,22.99,1.0,23.35,22.78,0,9071673,20974,208118088.3,1,02,010,BRRAILACNOR9,104,ON      NM,RUMO S.A.,8073,807,185364.3,consolidated_010_020
2024-02-22,RAIL3,RAIL3,22.95,23.2,22.75,22.89,22.89,8853799,22.95,23.2,22.75,22.89,1.0,23.2,22.75,0,8853799,20190,203107050.66,1,02,010,BRRAILACNOR9,104,ON      NM,RUMO S.A.,6899,728,158232.66,consolidated_010_020
2024-02-23,RAIL3,RAIL3,22.99,23.12,22.8,22.81,22.81,7776871,22.99,23.12,22.8,22.81,1.0,23.12,22.8,0,7776871,16335,178217458.7,1,02,010,BRRAILACNOR9,104,ON      NM,RUMO S.A.,5371,472,123126.7,consolidated_010_020
2024-02-26,RAIL3,RAIL3,22.85,22.95,22.6,22.73,22.73,11427579,22.85,22.95,22.6,22.73,1.0,22.95,22.6,0,11427579,9755,259713156.72,1,02,010,BRRAILACNOR9,104,ON      NM,RUMO S.A.,6079,478,138367.72,consolidated_010_020
2024-02-27,RAIL3,RAIL3,22.93,23.05,22.72,23.05,23.05,16299357,22.93,23.05,22.72,23.05,1.0,23.05,22.72,0,16299357,18832,373419079.2,1,02,010,BRRAILACNOR9,104,ON      NM,RUMO S.A.,7357,649,168444.2,consolidated_010_020
2024-02-28,RAIL3,RAIL3,22.98,23.07,22.77,22.88,22.88,6145505,22.98,23.07,22.77,22.88,1.0,23.07,22.77,0,6145505,13581,140623237.82,1,02,010,BRRAILACNOR9,104,ON      NM,RUMO S.A.,4805,511,109858.82,consolidated_010_020
2024-02-29,RAIL3,RAIL3,22.67,22.75,22.43,22.72,22.72,9514403,22.67,22.75,22.43,22.72,1.0,22.75,22.43,0,9514403,15379,215707533.12,1,02,010,BRRAILACNOR9,104,ON      NM,RUMO S.A.,9703,651,219194.12,consolidated_010_020
2024-03-01,RAIL3,RAIL3,22.74,22.78,22.16,22.26,22.26,10596487,22.74,22.78,22.16,22.26,1.0,22.78,22.16,0,10596487,18308,236749244.39,1,02,010,BRRAILACNOR9,104,ON      NM,RUMO S.A.,7087,1071,158506.39,consolidated_010_020
2024-03-04,RAIL3,RAIL3,22.26,22.33,22.03,22.1,22.1,7595755,22.26,22.33,22.03,22.1,1.0,22.33,22.03,0,7595755,14475,168131131.92,1,02,010,BRRAILACNOR9,104,ON      NM,RUMO S.A.,6855,726,151909.92,consolidated_010_020
2024-03-05,RAIL3,RAIL3,22.14,22.26,21.93,22.06,22.06,8676816,22.14,22.26,21.93,22.06,1.0,22.26,21.93,0,8676816,17495,191633531.02,1,02,010,BRRAILACNOR9,104,ON      NM,RUMO S.A.,6716,445,148313.02,consolidated_010_020
2024-03-06,RAIL3,RAIL3,22.05,22.46,21.98,22.35,22.35,10661509,22.05,22.46,21.98,22.35,1.0,22.46,21.98,0,10661509,21887,237521521.64,1,02,010,BRRAILACNOR9,104,ON      NM,RUMO S.A.,8109,555,180647.64,consolidated_010_020
2024-03-07,RAIL3,RAIL3,22.24,22.31,21.98,22.12,22.12,3349306,22.24,22.31,21.98,22.12,1.0,22.31,21.98,0,3349306,9751,73989926.5,1,02,010,BRRAILACNOR9,104,ON      NM,RUMO S.A.,10506,644,232174.5,consolidated_010_020
2024-03-08,RAIL3,RAIL3,22.0,22.38,21.98,22.21,22.21,2883971,22.0,22.38,21.98,22.21,1.0,22.38,21.98,0,2883971,12031,64029896.68,1,02,010,BRRAILACNOR9,104,ON      NM,RUMO S.A.,5471,798,121284.68,consolidated_010_020
2024-03-11,RAIL3,RAIL3,22.15,22.42,22.06,22.2,22.2,5846304,22.15,22.42,22.06,22.2,1.0,22.42,22.06,0,5846304,13697,129737377.75,1,02,010,BRRAILACNOR9,104,ON      NM,RUMO S.A.,10804,946,240181.75,consolidated_010_020
2024-03-12,RAIL3,RAIL3,22.39,22.46,22.03,22.31,22.31,5409174,22.39,22.46,22.03,22.31,1.0,22.46,22.03,0,5409174,17251,120566980.13,1,02,010,BRRAILACNOR9,104,ON      NM,RUMO S.A.,8874,729,197751.13,consolidated_010_020
2024-03-13,RAIL3,RAIL3,22.31,22.47,22.09,22.17,22.17,7167688,22.31,22.47,22.09,22.17,1.0,22.47,22.09,0,7167688,17974,159171880.23,1,02,010,BRRAILACNOR9,104,ON      NM,RUMO S.A.,7588,675,168810.23,consolidated_010_020
2024-03-14,RAIL3,RAIL3,22.17,22.2,21.76,22.2,22.2,17523743,22.17,22.2,21.76,22.2,1.0,22.2,21.76,0,17523743,26761,384539792.45,1,02,010,BRRAILACNOR9,104,ON      NM,RUMO S.A.,9143,1362,200880.45,consolidated_010_020
2024-03-15,RAIL3,RAIL3,22.1,22.18,21.92,22.06,22.06,18263368,22.1,22.18,21.92,22.06,1.0,22.18,21.92,0,18263368,14631,402026519.88,1,02,010,BRRAILACNOR9,104,ON      NM,RUMO S.A.,9368,921,206204.88,consolidated_010_020
2024-03-18,RAIL3,RAIL3,22.06,22.22,21.8,22.05,22.05,16270883,22.06,22.22,21.8,22.05,1.0,22.22,21.8,0,16270883,22340,357988891.33,1,02,010,BRRAILACNOR9,104,ON      NM,RUMO S.A.,9083,1116,199894.33,consolidated_010_020
2024-03-19,RAIL3,RAIL3,22.1,22.22,21.9,22.02,22.02,3788883,22.1,22.22,21.9,22.02,1.0,22.22,21.9,0,3788883,9111,83583578.05,1,02,010,BRRAILACNOR9,104,ON      NM,RUMO S.A.,8283,648,182572.05,consolidated_010_020
2024-03-20,RAIL3,RAIL3,22.06,22.29,21.85,22.1,22.1,8212211,22.06,22.29,21.85,22.1,1.0,22.29,21.85,0,8212211,17555,181172438.02,1,02,010,BRRAILACNOR9,104,ON      NM,RUMO S.A.,7011,929,154676.02,consolidated_010_020
2024-03-21,RAIL3,RAIL3,22.11,22.3,21.9,22.2,22.2,27933442,22.11,22.3,21.9,22.2,1.0,22.3,21.9,0,27933442,16434,616228274.24,1,02,010,BRRAILACNOR9,104,ON      NM,RUMO S.A.,7842,710,173410.24,consolidated_010_020
2024-03-22,RAIL3,RAIL3,22.05,22.22,21.87,21.87,21.87,4896310,22.05,22.22,21.87,21.87,1.0,22.22,21.87,0,4896310,11621,107506578.67,1,02,010,BRRAILACNOR9,104,ON      NM,RUMO S.A.,8010,740,176395.67,consolidated_010_020
2024-03-25,RAIL3,RAIL3,21.88,21.99,21.75,21.84,21.84,5236118,21.88,21.99,21.75,21.84,1.0,21.99,21.75,0,5236118,16109,114460905.97,1,02,010,BRRAILACNOR9,104,ON      NM,RUMO S.A.,7618,905,166506.97,consolidated_010_020
2024-03-26,RAIL3,RAIL3,22.02,22.3,21.76,22.07,22.07,5778006,22.02,22.3,21.76,22.07,1.0,22.3,21.76,0,5778006,20836,127656788.04,1,02,010,BRRAILACNOR9,104,ON      NM,RUMO S.A.,8406,1025,185371.04,consolidated_010_020
2024-03-27,RAIL3,RAIL3,22.03,22.54,22.03,22.47,22.47,10628045,22.03,22.54,22.03,22.47,1.0,22.54,22.03,0,10628045,28305,237989782.97,1,02,010,BRRAILACNOR9,104,ON      NM,RUMO S.A.,9445,1230,211209.97,consolidated_010_020
2024-03-28,RAIL3,RAIL3,22.69,22.69,22.13,22.26,22.26,14890089,22.69,22.69,22.13,22.26,1.0,22.69,22.13,0,14890089,33202,333540718.69,1,02,010,BRRAILACNOR9,104,ON      NM,RUMO S.A.,9789,792,219155.69,consolidated_010_020
2024-04-01,RAIL3,RAIL3,22.3,22.3,21.95,22.05,22.05,6434579,22.3,22.3,21.95,22.05,1.0,22.3,21.95,0,6434579,21114,141909888.65,1,02,010,BRRAILACNOR9,104,ON      NM,RUMO S.A.,7879,701,173810.65,consolidated_010_020
2024-04-02,RAIL3,RAIL3,21.99,22.52,21.91,22.52,22.52,11885740,21.99,22.52,21.91,22.52,1.0,22.52,21.91,0,11885740,24641,265715722.44,1,02,010,BRRAILACNOR9,104,ON      NM,RUMO S.A.,10340,1078,230670.44,consolidated_010_020
2024-04-03,RAIL3,RAIL3,22.41,22.58,22.25,22.3,22.3,19378681,22.41,22.58,22.25,22.3,1.0,22.58,22.25,0,19378681,19492,434138184.13,1,02,010,BRRAILACNOR9,104,ON      NM,RUMO S.A.,6081,359,136098.13,consolidated_010_020
2024-04-04,RAIL3,RAIL3,22.35,22.83,22.29,22.42,22.42,7395541,22.35,22.83,22.29,22.42,1.0,22.83,22.29,0,7395541,18548,167208119.7,1,02,010,BRRAILACNOR9,104,ON      NM,RUMO S.A.,7541,520,170281.7,consolidated_010_020
2024-04-05,RAIL3,RAIL3,22.34,22.65,22.34,22.45,22.45,5720783,22.34,22.65,22.34,22.45,1.0,22.65,22.34,0,5720783,14917,128849208.93,1,02,010,BRRAILACNOR9,104,ON      NM,RUMO S.A.,5083,444,114345.93,consolidated_010_020
2024-04-08,RAIL3,RAIL3,22.52,22.83,22.34,22.8,22.8,6441144,22.52,22.83,22.34,22.8,1.0,22.83,22.34,0,6441144,16376,146341649.29,1,02,010,BRRAILACNOR9,104,ON      NM,RUMO S.A.,5444,608,123321.29,consolidated_010_020
2024-04-09,RAIL3,RAIL3,22.85,23.29,22.85,23.27,23.27,13708300,22.85,23.29,22.85,23.27,1.0,23.29,22.85,0,13708300,24521,317168304.79,1,02,010,BRRAILACNOR9,104,ON      NM,RUMO S.A.,14000,1202,323789.79,consolidated_010_020
2024-04-10,RAIL3,RAIL3,23.16,23.27,22.63,22.7,22.7,14082886,23.16,23.27,22.63,22.7,1.0,23.27,22.63,0,14082886,25936,321670405.5,1,02,010,BRRAILACNOR9,104,ON      NM,RUMO S.A.,6786,763,154989.5,consolidated_010_020
2024-04-11,RAIL3,RAIL3,22.52,22.84,22.45,22.72,22.72,7623416,22.52,22.84,22.45,22.72,1.0,22.84,22.45,0,7623416,16736,173168225.02,1,02,010,BRRAILACNOR9,104,ON      NM,RUMO S.A.,4316,383,97699.02,consolidated_010_020
2024-04-12,RAIL3,RAIL3,22.65,22.85,22.26,22.3,22.3,14863817,22.65,22.85,22.26,22.3,1.0,22.85,22.26,0,14863817,23739,333875414.71,1,02,010,BRRAILACNOR9,104,ON      NM,RUMO S.A.,6017,566,135289.71,consolidated_010_020
2024-04-15,RAIL3,RAIL3,22.3,22.41,21.53,21.67,21.67,15586459,22.3,22.41,21.53,21.67,1.0,22.41,21.53,0,15586459,33623,339135788.3,1,02,010,BRRAILACNOR9,104,ON      NM,RUMO S.A.,7059,1093,154102.3,consolidated_010_020
2024-04-16,RAIL3,RAIL3,21.51,21.74,21.35,21.38,21.38,19222640,21.51,21.74,21.35,21.38,1.0,21.74,21.35,0,19222640,39768,413294210.48,1,02,010,BRRAILACNOR9,104,ON      NM,RUMO S.A.,7940,836,170561.48,consolidated_010_020
2024-04-17,RAIL3,RAIL3,21.38,21.49,21.1,21.12,21.12,8587365,21.38,21.49,21.1,21.12,1.0,21.49,21.1,0,8587365,25827,181979092.18,1,02,010,BRRAILACNOR9,104,ON      NM,RUMO S.A.,6665,891,141267.18,consolidated_010_020
2024-04-18,RAIL3,RAIL3,21.08,21.2,20.83,21.1,21.1,9858366,21.08,21.2,20.83,21.1,1.0,21.2,20.83,0,9858366,20888,206876069.51,1,02,010,BRRAILACNOR9,104,ON      NM,RUMO S.A.,8366,630,175727.51,consolidated_010_020
2024-04-19,RAIL3,RAIL3,21.1,21.58,21.01,21.25,21.25,10749781,21.1,21.58,21.01,21.25,1.0,21.58,21.01,0,10749781,32302,229853860.59,1,02,010,BRRAILACNOR9,104,ON      NM,RUMO S.A.,5081,396,108461.59,consolidated_010_020
2024-04-22,RAIL3,RAIL3,21.25,21.3,20.98,21.09,21.09,8112379,21.25,21.3,20.98,21.09,1.0,21.3,20.98,0,8112379,18630,171449358.13,1,02,010,BRRAILACNOR9,104,ON      NM,RUMO S.A.,4879,607,103180.13,consolidated_010_020
2024-04-23,RAIL3,RAIL3,20.94,21.11,20.78,21.09,21.09,7406059,20.94,21.11,20.78,21.09,1.0,21.11,20.78,0,7406059,17141,155688149.54,1,02,010,BRRAILACNOR9,104,ON      NM,RUMO S.A.,4659,546,97704.54,consolidated_010_020
2024-04-24,RAIL3,RAIL3,20.94,21.05,20.51,20.65,20.65,21238524,20.94,21.05,20.51,20.65,1.0,21.05,20.51,0,21238524,32808,438794195.33,1,02,010,BRRAILACNOR9,104,ON      NM,RUMO S.A.,7324,766,151228.33,consolidated_010_020
2024-04-25,RAIL3,RAIL3,20.59,20.81,20.29,20.6,20.6,9937678,20.59,20.81,20.29,20.6,1.0,20.81,20.29,0,9937678,23308,204712536.28,1,02,010,BRRAILACNOR9,104,ON      NM,RUMO S.A.,7278,601,149392.28,consolidated_010_020
2024-04-26,RAIL3,RAIL3,20.68,21.05,20.61,20.84,20.84,11124066,20.68,21.05,20.61,20.84,1.0,21.05,20.61,0,11124066,16350,232306942.74,1,02,010,BRRAILACNOR9,104,ON      NM,RUMO S.A.,3966,601,82853.74,consolidated_010_020
2024-04-29,RAIL3,RAIL3,20.83,20.94,20.63,20.83,20.83,10652452,20.83,20.94,20.63,20.83,1.0,20.94,20.63,0,10652452,17433,221484418.53,1,02,010,BRRAILACNOR9,104,ON      NM,RUMO S.A.,5152,607,107206.53,consolidated_010_020
2024-04-30,RAIL3,RAIL3,20.69,20.8,20.04,20.16,20.16,16261051,20.69,20.8,20.04,20.16,1.0,20.8,20.04,0,16261051,34500,329400492.57,1,02,010,BRRAILACNOR9,104,ON      NM,RUMO S.A.,6351,1123,128975.57,consolidated_010_020
2024-05-02,RAIL3,RAIL3,20.59,20.63,20.2,20.53,20.53,11566635,20.59,20.63,20.2,20.53,1.0,20.63,20.2,0,11566635,24072,236620496.85,1,02,010,BRRAILACNOR9,105,ON  ED  NM,RUMO S.A.,5835,785,119341.85,consolidated_010_020
2024-05-03,RAIL3,RAIL3,20.81,21.15,20.68,21.0,21.0,11836880,20.81,21.15,20.68,21.0,1.0,21.15,20.68,0,11836880,22394,248864606.05,1,02,010,BRRAILACNOR9,105,ON  ED  NM,RUMO S.A.,6480,663,135893.05,consolidated_010_020
2024-05-06,RAIL3,RAIL3,20.9,21.09,20.72,20.8,20.8,9494118,20.9,21.09,20.72,20.8,1.0,21.09,20.72,0,9494118,13151,198103424.79,1,02,010,BRRAILACNOR9,105,ON  ED  NM,RUMO S.A.,4518,584,94585.79,consolidated_010_020
2024-05-07,RAIL3,RAIL3,20.83,21.2,20.74,20.74,20.74,9242837,20.83,21.2,20.74,20.74,1.0,21.2,20.74,0,9242837,14496,193698272.71,1,02,010,BRRAILACNOR9,105,ON  ED  NM,RUMO S.A.,6037,554,126366.71,consolidated_010_020
2024-05-08,RAIL3,RAIL3,20.6,20.86,20.57,20.67,20.67,8773400,20.6,20.86,20.57,20.67,1.0,20.86,20.57,0,8773400,15251,181964510.19,1,02,010,BRRAILACNOR9,105,ON  ED  NM,RUMO S.A.,6100,489,126494.19,consolidated_010_020
2024-05-09,RAIL3,RAIL3,20.0,20.56,20.0,20.46,20.46,10781561,20.0,20.56,20.0,20.46,1.0,20.56,20.0,0,10781561,18834,219952269.59,1,02,010,BRRAILACNOR9,105,ON  ED  NM,RUMO S.A.,6561,575,133672.59,consolidated_010_020
2024-05-10,RAIL3,RAIL3,21.0,21.44,20.81,20.98,20.98,17469873,21.0,21.44,20.81,20.98,1.0,21.44,20.81,0,17469873,28427,368712605.47,1,02,010,BRRAILACNOR9,105,ON  ED  NM,RUMO S.A.,11373,1147,239858.47,consolidated_010_020
2024-05-13,RAIL3,RAIL3,20.98,21.17,20.8,20.84,20.84,8204207,20.98,21.17,20.8,20.84,1.0,21.17,20.8,0,8204207,19617,171549526.25,1,02,010,BRRAILACNOR9,105,ON  ED  NM,RUMO S.A.,5107,628,106971.25,consolidated_010_020
2024-05-14,RAIL3,RAIL3,20.8,20.99,20.63,20.64,20.64,5639171,20.8,20.99,20.63,20.64,1.0,20.99,20.63,0,5639171,12839,117117445.4,1,02,010,BRRAILACNOR9,105,ON      NM,RUMO S.A.,5971,489,123946.4,consolidated_010_020
2024-05-15,RAIL3,RAIL3,20.68,20.74,20.35,20.49,20.49,10996940,20.68,20.74,20.35,20.49,1.0,20.74,20.35,0,10996940,20881,225711619.45,1,02,010,BRRAILACNOR9,105,ON      NM,RUMO S.A.,5840,697,119924.45,consolidated_010_020
2024-05-16,RAIL3,RAIL3,20.7,21.17,20.53,21.04,21.04,9023808,20.7,21.17,20.53,21.04,1.0,21.17,20.53,0,9023808,17196,189321985.84,1,02,010,BRRAILACNOR9,105,ON      NM,RUMO S.A.,6908,1222,144741.84,consolidated_010_020
2024-05-17,RAIL3,RAIL3,20.87,20.87,20.46,20.74,20.74,9160456,20.87,20.87,20.46,20.74,1.0,20.87,20.46,0,9160456,14217,189262292.44,1,02,010,BRRAILACNOR9,105,ON      NM,RUMO S.A.,6456,804,133487.44,consolidated_010_020
2024-05-20,RAIL3,RAIL3,20.6,20.64,20.19,20.31,20.31,9464352,20.6,20.64,20.19,20.31,1.0,20.64,20.19,0,9464352,17377,193038129.33,1,02,010,BRRAILACNOR9,105,ON      NM,RUMO S.A.,7852,1013,160107.33,consolidated_010_020
2024-05-21,RAIL3,RAIL3,20.27,20.82,20.27,20.68,20.68,8742299,20.27,20.82,20.27,20.68,1.0,20.82,20.27,0,8742299,16578,180416649.94,1,02,010,BRRAILACNOR9,105,ON      NM,RUMO S.A.,6299,1114,129998.94,consolidated_010_020
2024-05-22,RAIL3,RAIL3,20.54,20.82,20.39,20.49,20.49,9791317,20.54,20.82,20.39,20.49,1.0,20.82,20.39,0,9791317,17191,201109275.61,1,02,010,BRRAILACNOR9,105,ON      NM,RUMO S.A.,8217,787,168785.61,consolidated_010_020
2024-05-23,RAIL3,RAIL3,20.35,20.72,20.27,20.49,20.49,12631347,20.35,20.72,20.27,20.49,1.0,20.72,20.27,0,12631347,15412,259415541.3,1,02,010,BRRAILACNOR9,105,ON      NM,RUMO S.A.,5747,604,117874.3,consolidated_010_020
2024-05-24,RAIL3,RAIL3,20.48,20.61,20.27,20.32,20.32,8271461,20.48,20.61,20.27,20.32,1.0,20.61,20.27,0,8271461,12078,169023062.04,1,02,010,BRRAILACNOR9,105,ON      NM,RUMO S.A.,3261,622,66519.04,consolidated_010_020
2024-05-27,RAIL3,RAIL3,20.21,20.38,20.14,20.31,20.31,2083156,20.21,20.38,20.14,20.31,1.0,20.38,20.14,0,2083156,5450,42240480.61,1,02,010,BRRAILACNOR9,105,ON      NM,RUMO S.A.,4056,416,82256.61,consolidated_010_020
2024-05-28,RAIL3,RAIL3,20.5,20.6,19.99,20.14,20.14,9976862,20.5,20.6,19.99,20.14,1.0,20.6,19.99,0,9976862,24440,201947840.78,1,02,010,BRRAILACNOR9,105,ON      NM,RUMO S.A.,4662,871,94068.78,consolidated_010_020
2024-05-29,RAIL3,RAIL3,19.89,19.99,19.71,19.75,19.75,7346597,19.89,19.99,19.71,19.75,1.0,19.99,19.71,0,7346597,14079,145717412.49,1,02,010,BRRAILACNOR9,105,ON      NM,RUMO S.A.,6197,463,122942.49,consolidated_010_020
2024-05-31,RAIL3,RAIL3,19.61,19.83,19.45,19.71,19.71,11063542,19.61,19.83,19.45,19.71,1.0,19.83,19.45,0,11063542,21494,217444902.91,1,02,010,BRRAILACNOR9,105,ON      NM,RUMO S.A.,17242,990,337558.91,consolidated_010_020
2024-06-03,RAIL3,RAIL3,19.76,20.07,19.61,19.83,19.83,9035859,19.76,20.07,19.61,19.83,1.0,20.07,19.61,0,9035859,14994,179252006.45,1,02,010,BRRAILACNOR9,105,ON      NM,RUMO S.A.,7559,545,149734.45,consolidated_010_020
2024-06-04,RAIL3,RAIL3,19.75,19.98,19.63,19.86,19.86,6896481,19.75,19.98,19.63,19.86,1.0,19.98,19.63,0,6896481,14079,136854750.95,1,02,010,BRRAILACNOR9,105,ON      NM,RUMO S.A.,6681,484,132354.95,consolidated_010_020
2024-06-05,RAIL3,RAIL3,20.27,20.42,19.72,19.8,19.8,9916716,20.27,20.42,19.72,19.8,1.0,20.42,19.72,0,9916716,19326,198202991.84,1,02,010,BRRAILACNOR9,105,ON      NM,RUMO S.A.,5916,406,118197.84,consolidated_010_020
2024-06-06,RAIL3,RAIL3,19.65,20.5,19.63,20.5,20.5,24531699,19.65,20.5,19.63,20.5,1.0,20.5,19.63,0,24531699,26320,494888217.03,1,02,010,BRRAILACNOR9,105,ON      NM,RUMO S.A.,6999,529,140857.03,consolidated_010_020
2024-06-07,RAIL3,RAIL3,20.2,20.42,19.78,19.8,19.8,16222691,20.2,20.42,19.78,19.8,1.0,20.42,19.78,0,16222691,32858,326490409.9,1,02,010,BRRAILACNOR9,105,ON      NM,RUMO S.A.,6991,702,140226.9,consolidated_010_020
2024-06-10,RAIL3,RAIL3,19.73,19.84,19.41,19.6,19.6,8043259,19.73,19.84,19.41,19.6,1.0,19.84,19.41,0,8043259,17235,157594512.23,1,02,010,BRRAILACNOR9,105,ON      NM,RUMO S.A.,5559,353,108872.23,consolidated_010_020
2024-06-11,RAIL3,RAIL3,19.87,20.14,19.74,20.0,20.0,13280455,19.87,20.14,19.74,20.0,1.0,20.14,19.74,0,13280455,21501,265192649.85,1,02,010,BRRAILACNOR9,105,ON      NM,RUMO S.A.,5355,392,106735.85,consolidated_010_020
2024-06-12,RAIL3,RAIL3,20.12,20.24,19.48,19.6,19.6,12501337,20.12,20.24,19.48,19.6,1.0,20.24,19.48,0,12501337,27707,245979763.68,1,02,010,BRRAILACNOR9,105,ON      NM,RUMO S.A.,6537,498,128533.68,consolidated_010_020
2024-06-13,RAIL3,RAIL3,19.6,19.6,19.33,19.39,19.39,9959876,19.6,19.6,19.33,19.39,1.0,19.6,19.33,0,9959876,25569,193284458.3,1,02,010,BRRAILACNOR9,105,ON      NM,RUMO S.A.,6276,383,121897.3,consolidated_010_020
2024-06-14,RAIL3,RAIL3,19.33,19.8,19.24,19.77,19.77,9481596,19.33,19.8,19.24,19.77,1.0,19.8,19.24,0,9481596,19115,186202871.58,1,02,010,BRRAILACNOR9,105,ON      NM,RUMO S.A.,6096,602,119276.58,consolidated_010_020
2024-06-17,RAIL3,RAIL3,19.53,19.6,19.26,19.27,19.27,6939221,19.53,19.6,19.26,19.27,1.0,19.6,19.26,0,6939221,10969,134353668.03,1,02,010,BRRAILACNOR9,105,ON      NM,RUMO S.A.,5321,358,103158.03,consolidated_010_020
2024-06-18,RAIL3,RAIL3,19.27,19.56,19.16,19.5,19.5,14434614,19.27,19.56,19.16,19.5,1.0,19.56,19.16,0,14434614,26986,280282639.28,1,02,010,BRRAILACNOR9,105,ON      NM,RUMO S.A.,6114,479,118704.28,consolidated_010_020
2024-06-19,RAIL3,RAIL3,19.36,19.54,19.22,19.54,19.54,7191720,19.36,19.54,19.22,19.54,1.0,19.54,19.22,0,7191720,22387,139464736.32,1,02,010,BRRAILACNOR9,105,ON      NM,RUMO S.A.,5320,417,103273.32,consolidated_010_020
2024-06-20,RAIL3,RAIL3,19.74,19.93,19.26,19.6,19.6,18854263,19.74,19.93,19.26,19.6,1.0,19.93,19.26,0,18854263,30117,367774189.34,1,02,010,BRRAILACNOR9,105,ON      NM,RUMO S.A.,6663,517,130464.34,consolidated_010_020
2024-06-21,RAIL3,RAIL3,19.64,20.08,19.55,20.05,20.05,16807902,19.64,20.08,19.55,20.05,1.0,20.08,19.55,0,16807902,37921,334593914.25,1,02,010,BRRAILACNOR9,105,ON      NM,RUMO S.A.,10202,732,203023.25,consolidated_010_020
2024-06-24,RAIL3,RAIL3,20.09,20.49,20.05,20.26,20.26,7683727,20.09,20.49,20.05,20.26,1.0,20.49,20.05,0,7683727,22991,155980399.47,1,02,010,BRRAILACNOR9,105,ON      NM,RUMO S.A.,6027,570,122396.47,consolidated_010_020
2024-06-25,RAIL3,RAIL3,20.1,20.47,20.1,20.34,20.34,11051004,20.1,20.47,20.1,20.34,1.0,20.47,20.1,0,11051004,24641,224319199.18,1,02,010,BRRAILACNOR9,105,ON      NM,RUMO S.A.,4604,366,93457.18,consolidated_010_020
2024-06-26,RAIL3,RAIL3,20.05,20.62,20.04,20.6,20.6,11221317,20.05,20.62,20.04,20.6,1.0,20.62,20.04,0,11221317,22560,229415253.95,1,02,010,BRRAILACNOR9,105,ON      NM,RUMO S.A.,4517,277,92605.95,consolidated_010_020
2024-06-27,RAIL3,RAIL3,20.6,21.12,20.54,21.09,21.09,14290119,20.6,21.12,20.54,21.09,1.0,21.12,20.54,0,14290119,25273,298912282.65,1,02,010,BRRAILACNOR9,105,ON      NM,RUMO S.A.,6319,539,132188.65,consolidated_010_020
2024-06-28,RAIL3,RAIL3,20.99,21.21,20.54,20.72,20.72,14626778,20.99,21.21,20.54,20.72,1.0,21.21,20.54,0,14626778,30349,303935839.1,1,02,010,BRRAILACNOR9,105,ON      NM,RUMO S.A.,5278,591,109587.1,consolidated_010_020
2024-07-01,RAIL3,RAIL3,20.55,20.82,20.46,20.6,20.6,10532345,20.55,20.82,20.46,20.6,1.0,20.82,20.46,0,10532345,23673,217182834.79,1,02,010,BRRAILACNOR9,105,ON      NM,RUMO S.A.,5745,1075,118323.79,consolidated_010_020
2024-07-02,RAIL3,RAIL3,20.62,21.06,20.62,20.69,20.69,12117155,20.62,21.06,20.62,20.69,1.0,21.06,20.62,0,12117155,20715,252071357.83,1,02,010,BRRAILACNOR9,105,ON      NM,RUMO S.A.,5455,682,113692.83,consolidated_010_020
2024-07-03,RAIL3,RAIL3,20.95,21.17,20.7,21.15,21.15,8035463,20.95,21.17,20.7,21.15,1.0,21.17,20.7,0,8035463,18249,169363580.13,1,02,010,BRRAILACNOR9,105,ON      NM,RUMO S.A.,5163,488,108849.13,consolidated_010_020
2024-07-04,RAIL3,RAIL3,21.2,21.47,21.14,21.35,21.35,3686246,21.2,21.47,21.14,21.35,1.0,21.47,21.14,0,3686246,8567,78760640.6,1,02,010,BRRAILACNOR9,105,ON      NM,RUMO S.A.,4446,473,94968.6,consolidated_010_020
2024-07-05,RAIL3,RAIL3,21.18,21.52,21.14,21.5,21.5,4959948,21.18,21.52,21.14,21.5,1.0,21.52,21.14,0,4959948,14314,105800823.04,1,02,010,BRRAILACNOR9,105,ON      NM,RUMO S.A.,5448,305,116357.04,consolidated_010_020
2024-07-08,RAIL3,RAIL3,21.45,21.5,21.23,21.4,21.4,10990051,21.45,21.5,21.23,21.4,1.0,21.5,21.23,0,10990051,9953,235111418.57,1,02,010,BRRAILACNOR9,105,ON      NM,RUMO S.A.,4951,335,105920.57,consolidated_010_020
2024-07-09,RAIL3,RAIL3,21.27,21.88,21.27,21.77,21.77,6781850,21.27,21.88,21.27,21.77,1.0,21.88,21.27,0,6781850,16984,147193944.63,1,02,010,BRRAILACNOR9,105,ON      NM,RUMO S.A.,6450,526,139880.63,consolidated_010_020
2024-07-10,RAIL3,RAIL3,21.94,22.36,21.91,22.35,22.35,19550751,21.94,22.36,21.91,22.35,1.0,22.36,21.91,0,19550751,35298,433579411.09,1,02,010,BRRAILACNOR9,105,ON      NM,RUMO S.A.,9451,875,209887.09,consolidated_010_020
2024-07-11,RAIL3,RAIL3,22.45,23.14,22.45,23.11,23.11,14249774,22.45,23.14,22.45,23.11,1.0,23.14,22.45,0,14249774,28541,325874898.04,1,02,010,BRRAILACNOR9,105,ON      NM,RUMO S.A.,10174,1004,232886.04,consolidated_010_020
2024-07-12,RAIL3,RAIL3,23.1,23.38,22.78,22.78,22.78,10758037,23.1,23.38,22.78,22.78,1.0,23.38,22.78,0,10758037,25014,246734755.75,1,02,010,BRRAILACNOR9,105,ON      NM,RUMO S.A.,10537,1185,242652.75,consolidated_010_020
2024-07-15,RAIL3,RAIL3,22.78,23.25,22.7,23.16,23.16,12886046,22.78,23.25,22.7,23.16,1.0,23.25,22.7,0,12886046,15395,295708601.39,1,02,010,BRRAILACNOR9,105,ON      NM,RUMO S.A.,6646,660,153013.39,consolidated_010_020
2024-07-16,RAIL3,RAIL3,23.24,23.57,22.81,22.81,22.81,12144677,23.24,23.57,22.81,22.81,1.0,23.57,22.81,0,12144677,27661,280845784.77,1,02,010,BRRAILACNOR9,105,ON      NM,RUMO S.A.,6577,933,152206.77,consolidated_010_020
2024-07-17,RAIL3,RAIL3,22.88,22.88,22.57,22.74,22.74,9889091,22.88,22.88,22.57,22.74,1.0,22.88,22.57,0,9889091,24407,224846229.55,1,02,010,BRRAILACNOR9,105,ON      NM,RUMO S.A.,6191,753,140715.55,consolidated_010_020
2024-07-18,RAIL3,RAIL3,22.7,22.77,22.4,22.65,22.65,9999125,22.7,22.77,22.4,22.65,1.0,22.77,22.4,0,9999125,25976,225717059.88,1,02,010,BRRAILACNOR9,105,ON      NM,RUMO S.A.,6125,546,138385.88,consolidated_010_020
2024-07-19,RAIL3,RAIL3,22.79,22.94,22.53,22.56,22.56,5190400,22.79,22.94,22.53,22.56,1.0,22.94,22.53,0,5190400,12251,117847538.04,1,02,010,BRRAILACNOR9,105,ON      NM,RUMO S.A.,4100,663,92821.04,consolidated_010_020
2024-07-22,RAIL3,RAIL3,22.53,22.95,22.47,22.67,22.67,8990944,22.53,22.95,22.47,22.67,1.0,22.95,22.47,0,8990944,13050,204252133.26,1,02,010,BRRAILACNOR9,105,ON      NM,RUMO S.A.,3644,472,82732.26,consolidated_010_020
2024-07-23,RAIL3,RAIL3,22.56,22.77,22.25,22.37,22.37,6037176,22.56,22.77,22.25,22.37,1.0,22.77,22.25,0,6037176,20107,135407640.32,1,02,010,BRRAILACNOR9,105,ON      NM,RUMO S.A.,4076,503,91260.32,consolidated_010_020
2024-07-24,RAIL3,RAIL3,22.18,22.31,21.97,22.1,22.1,4784168,22.18,22.31,21.97,22.1,1.0,22.31,21.97,0,4784168,17772,105725757.35,1,02,010,BRRAILACNOR9,105,ON      NM,RUMO S.A.,4468,480,98609.35,consolidated_010_020
2024-07-25,RAIL3,RAIL3,21.96,22.32,21.83,22.25,22.25,6945433,21.96,22.32,21.83,22.25,1.0,22.32,21.83,0,6945433,14794,153523356.8,1,02,010,BRRAILACNOR9,105,ON      NM,RUMO S.A.,4633,381,102304.8,consolidated_010_020
2024-07-26,RAIL3,RAIL3,22.24,22.73,22.12,22.58,22.58,5358506,22.24,22.73,22.12,22.58,1.0,22.73,22.12,0,5358506,13070,120847396.66,1,02,010,BRRAILACNOR9,105,ON      NM,RUMO S.A.,5606,356,126097.66,consolidated_010_020
2024-07-29,RAIL3,RAIL3,22.62,22.71,22.34,22.44,22.44,4218389,22.62,22.71,22.34,22.44,1.0,22.71,22.34,0,4218389,17705,94781490.11,1,02,010,BRRAILACNOR9,105,ON      NM,RUMO S.A.,4489,327,100801.11,consolidated_010_020
2024-07-30,RAIL3,RAIL3,22.26,22.35,21.98,22.19,22.19,5315662,22.26,22.35,21.98,22.19,1.0,22.35,21.98,0,5315662,13663,117632438.42,1,02,010,BRRAILACNOR9,105,ON      NM,RUMO S.A.,4462,408,98782.42,consolidated_010_020
2024-07-31,RAIL3,RAIL3,22.06,22.31,22.05,22.15,22.15,7594585,22.06,22.31,22.05,22.15,1.0,22.31,22.05,0,7594585,15691,168337261.14,1,02,010,BRRAILACNOR9,105,ON      NM,RUMO S.A.,4185,413,92635.14,consolidated_010_020
2024-08-01,RAIL3,RAIL3,22.38,22.95,22.3,22.9,22.9,14400770,22.38,22.95,22.3,22.9,1.0,22.95,22.3,0,14400770,28950,328310894.98,1,02,010,BRRAILACNOR9,105,ON      NM,RUMO S.A.,9070,721,206525.98,consolidated_010_020
2024-08-02,RAIL3,RAIL3,22.89,23.52,22.77,23.41,23.41,17162798,22.89,23.52,22.77,23.41,1.0,23.52,22.77,0,17162798,27530,399880996.29,1,02,010,BRRAILACNOR9,105,ON      NM,RUMO S.A.,8398,1096,195435.29,consolidated_010_020
2024-08-05,RAIL3,RAIL3,22.84,23.01,22.52,22.69,22.69,15132557,22.84,23.01,22.52,22.69,1.0,23.01,22.52,0,15132557,27723,344360050.51,1,02,010,BRRAILACNOR9,105,ON      NM,RUMO S.A.,6357,812,144479.51,consolidated_010_020
2024-08-06,RAIL3,RAIL3,22.8,23.66,22.74,23.24,23.24,15536268,22.8,23.66,22.74,23.24,1.0,23.66,22.74,0,15536268,25628,360363503.67,1,02,010,BRRAILACNOR9,105,ON      NM,RUMO S.A.,6668,1025,154766.67,consolidated_010_020
2024-08-07,RAIL3,RAIL3,23.4,23.61,23.18,23.18,23.18,5694567,23.4,23.61,23.18,23.18,1.0,23.61,23.18,0,5694567,14615,132925637.85,1,02,010,BRRAILACNOR9,105,ON      NM,RUMO S.A.,5367,483,125380.85,consolidated_010_020
2024-08-08,RAIL3,RAIL3,23.4,23.82,23.25,23.82,23.82,7916495,23.4,23.82,23.25,23.82,1.0,23.82,23.25,0,7916495,16148,186790414.54,1,02,010,BRRAILACNOR9,105,ON      NM,RUMO S.A.,7595,586,179167.54,consolidated_010_020
2024-08-09,RAIL3,RAIL3,23.99,24.1,23.22,23.58,23.58,14345489,23.99,24.1,23.22,23.58,1.0,24.1,23.22,0,14345489,29729,337178212.87,1,02,010,BRRAILACNOR9,105,ON      NM,RUMO S.A.,8089,998,190621.87,consolidated_010_020
2024-08-12,RAIL3,RAIL3,23.77,23.93,22.86,22.96,22.96,16728772,23.77,23.93,22.86,22.96,1.0,23.93,22.86,0,16728772,29263,389575466.13,1,02,010,BRRAILACNOR9,105,ON      NM,RUMO S.A.,6772,1018,157447.13,consolidated_010_020
2024-08-13,RAIL3,RAIL3,23.13,23.35,22.89,23.07,23.07,14489971,23.13,23.35,22.89,23.07,1.0,23.35,22.89,0,14489971,27825,334410287.05,1,02,010,BRRAILACNOR9,105,ON      NM,RUMO S.A.,5971,851,137736.05,consolidated_010_020
2024-08-14,RAIL3,RAIL3,22.88,23.5,22.83,23.38,23.38,13076086,22.88,23.5,22.83,23.38,1.0,23.5,22.83,0,13076086,29730,303661672.11,1,02,010,BRRAILACNOR9,105,ON      NM,RUMO S.A.,6886,701,159500.11,consolidated_010_020
2024-08-15,RAIL3,RAIL3,24.1,24.4,23.85,23.85,23.85,23058249,24.1,24.4,23.85,23.85,1.0,24.4,23.85,0,23058249,38951,554115516.28,1,02,010,BRRAILACNOR9,105,ON      NM,RUMO S.A.,7849,1315,188565.28,consolidated_010_020
2024-08-16,RAIL3,RAIL3,23.98,24.08,23.19,23.2,23.2,13150458,23.98,24.08,23.19,23.2,1.0,24.08,23.19,0,13150458,38126,307950140.91,1,02,010,BRRAILACNOR9,105,ON      NM,RUMO S.A.,6258,837,146896.91,consolidated_010_020
2024-08-19,RAIL3,RAIL3,23.48,23.67,23.19,23.6,23.6,10183373,23.48,23.67,23.19,23.6,1.0,23.67,23.19,0,10183373,34062,239340106.38,1,02,010,BRRAILACNOR9,105,ON      NM,RUMO S.A.,6173,1033,144893.38,consolidated_010_020
2024-08-20,RAIL3,RAIL3,23.51,23.78,23.39,23.65,23.65,12149873,23.51,23.78,23.39,23.65,1.0,23.78,23.39,0,12149873,28742,287433240.05,1,02,010,BRRAILACNOR9,105,ON      NM,RUMO S.A.,5273,681,124763.05,consolidated_010_020
2024-08-21,RAIL3,RAIL3,23.84,23.84,23.42,23.5,23.5,10532662,23.84,23.84,23.42,23.5,1.0,23.84,23.42,0,10532662,24559,248180597.5,1,02,010,BRRAILACNOR9,105,ON      NM,RUMO S.A.,6062,683,143078.5,consolidated_010_020
2024-08-22,RAIL3,RAIL3,23.61,23.84,23.1,23.38,23.38,13112539,23.61,23.84,23.1,23.38,1.0,23.84,23.1,0,13112539,31646,305927529.04,1,02,010,BRRAILACNOR9,105,ON      NM,RUMO S.A.,6939,1053,161995.04,consolidated_010_020
2024-08-23,RAIL3,RAIL3,23.4,23.77,23.23,23.61,23.61,8072268,23.4,23.77,23.23,23.61,1.0,23.77,23.23,0,8072268,19574,190534796.49,1,02,010,BRRAILACNOR9,105,ON      NM,RUMO S.A.,4968,739,117160.49,consolidated_010_020
2024-08-26,RAIL3,RAIL3,23.43,23.51,22.72,22.92,22.92,13851922,23.43,23.51,22.72,22.92,1.0,23.51,22.72,0,13851922,25827,317478108.56,1,02,010,BRRAILACNOR9,105,ON      NM,RUMO S.A.,9222,620,211329.56,consolidated_010_020
2024-08-27,RAIL3,RAIL3,22.8,23.04,22.74,22.85,22.85,7184240,22.8,23.04,22.74,22.85,1.0,23.04,22.74,0,7184240,16517,164246547.13,1,02,010,BRRAILACNOR9,105,ON      NM,RUMO S.A.,4940,508,112928.13,consolidated_010_020
2024-08-28,RAIL3,RAIL3,22.77,22.78,22.31,22.55,22.55,16203679,22.77,22.78,22.31,22.55,1.0,22.78,22.31,0,16203679,28137,363417957.22,1,02,010,BRRAILACNOR9,105,ON      NM,RUMO S.A.,6479,1564,145443.22,consolidated_010_020
2024-08-29,RAIL3,RAIL3,22.54,22.64,21.9,22.04,22.04,10805754,22.54,22.64,21.9,22.04,1.0,22.64,21.9,0,10805754,31069,238456500.39,1,02,010,BRRAILACNOR9,105,ON      NM,RUMO S.A.,6654,1597,147243.39,consolidated_010_020
2024-08-30,RAIL3,RAIL3,21.86,21.91,21.69,21.85,21.85,17581741,21.86,21.91,21.69,21.85,1.0,21.91,21.69,0,17581741,25095,383806560.49,1,02,010,BRRAILACNOR9,105,ON      NM,RUMO S.A.,9641,1230,210128.49,consolidated_010_020
2024-09-02,RAIL3,RAIL3,21.7,21.77,21.38,21.48,21.48,10671892,21.7,21.77,21.38,21.48,1.0,21.77,21.38,0,10671892,21261,229434369.2,1,02,010,BRRAILACNOR9,105,ON      NM,RUMO S.A.,8192,873,176239.2,consolidated_010_020
2024-09-03,RAIL3,RAIL3,21.64,21.73,21.38,21.43,21.43,27729709,21.64,21.73,21.38,21.43,1.0,21.73,21.38,0,27729709,28867,595940330.43,1,02,010,BRRAILACNOR9,105,ON      NM,RUMO S.A.,8609,838,184992.43,consolidated_010_020
2024-09-04,RAIL3,RAIL3,21.54,21.94,21.42,21.67,21.67,16820053,21.54,21.94,21.42,21.67,1.0,21.94,21.42,0,16820053,21739,366245968.46,1,02,010,BRRAILACNOR9,105,ON      NM,RUMO S.A.,8453,798,183948.46,consolidated_010_020
2024-09-05,RAIL3,RAIL3,21.68,21.88,21.44,21.79,21.79,12709901,21.68,21.88,21.44,21.79,1.0,21.88,21.44,0,12709901,19500,276022813.02,1,02,010,BRRAILACNOR9,105,ON      NM,RUMO S.A.,7601,812,165162.02,consolidated_010_020
2024-09-06,RAIL3,RAIL3,21.57,21.9,21.56,21.6,21.6,14226853,21.57,21.9,21.56,21.6,1.0,21.9,21.56,0,14226853,27297,308903729.96,1,02,010,BRRAILACNOR9,105,ON      NM,RUMO S.A.,7553,875,163872.96,consolidated_010_020
2024-09-09,RAIL3,RAIL3,21.59,21.7,21.26,21.3,21.3,6416130,21.59,21.7,21.26,21.3,1.0,21.7,21.26,0,6416130,15135,136969655.53,1,02,010,BRRAILACNOR9,105,ON      NM,RUMO S.A.,7530,933,160788.53,consolidated_010_020
2024-09-10,RAIL3,RAIL3,21.33,21.62,21.05,21.6,21.6,14412897,21.33,21.62,21.05,21.6,1.0,21.62,21.05,0,14412897,25167,308468215.49,1,02,010,BRRAILACNOR9,105,ON      NM,RUMO S.A.,7597,572,162737.49,consolidated_010_020
2024-09-11,RAIL3,RAIL3,21.54,21.8,21.44,21.6,21.6,21459566,21.54,21.8,21.44,21.6,1.0,21.8,21.44,0,21459566,19116,463411737.21,1,02,010,BRRAILACNOR9,105,ON      NM,RUMO S.A.,6866,719,148443.21,consolidated_010_020
2024-09-12,RAIL3,RAIL3,21.43,21.51,20.98,21.1,21.1,10424443,21.43,21.51,20.98,21.1,1.0,21.51,20.98,0,10424443,25505,220322041.7,1,02,010,BRRAILACNOR9,105,ON      NM,RUMO S.A.,9543,1461,201735.7,consolidated_010_020
2024-09-13,RAIL3,RAIL3,21.25,21.42,21.01,21.16,21.16,15114807,21.25,21.42,21.01,21.16,1.0,21.42,21.01,0,15114807,18194,320668073.96,1,02,010,BRRAILACNOR9,105,ON      NM,RUMO S.A.,7007,744,148614.96,consolidated_010_020
2024-09-16,RAIL3,RAIL3,21.16,21.25,21.01,21.11,21.11,7482315,21.16,21.25,21.01,21.11,1.0,21.25,21.01,0,7482315,18688,158205027.95,1,02,010,BRRAILACNOR9,105,ON      NM,RUMO S.A.,5815,939,122973.95,consolidated_010_020
2024-09-17,RAIL3,RAIL3,21.11,21.14,20.84,20.95,20.95,11390767,21.11,21.14,20.84,20.95,1.0,21.14,20.84,0,11390767,25318,238727217.17,1,02,010,BRRAILACNOR9,105,ON      NM,RUMO S.A.,5467,898,114641.17,consolidated_010_020
2024-09-18,RAIL3,RAIL3,20.84,21.05,20.65,20.65,20.65,17718235,20.84,21.05,20.65,20.65,1.0,21.05,20.65,0,17718235,28971,369187338.79,1,02,010,BRRAILACNOR9,105,ON      NM,RUMO S.A.,9535,976,198433.79,consolidated_010_020
2024-09-19,RAIL3,RAIL3,20.68,20.76,20.38,20.48,20.48,8864361,20.68,20.76,20.38,20.48,1.0,20.76,20.38,0,8864361,20657,181953686.01,1,02,010,BRRAILACNOR9,105,ON      NM,RUMO S.A.,6261,391,128614.01,consolidated_010_020
2024-09-20,RAIL3,RAIL3,20.39,20.44,19.74,19.92,19.92,22539445,20.39,20.44,19.74,19.92,1.0,20.44,19.74,0,22539445,35243,450099186.25,1,02,010,BRRAILACNOR9,105,ON      NM,RUMO S.A.,20245,1246,403461.25,consolidated_010_020
2024-09-23,RAIL3,RAIL3,19.83,19.96,19.55,19.8,19.8,9724444,19.83,19.96,19.55,19.8,1.0,19.96,19.55,0,9724444,24384,192422870.53,1,02,010,BRRAILACNOR9,105,ON      NM,RUMO S.A.,6244,534,123608.53,consolidated_010_020
2024-09-24,RAIL3,RAIL3,19.91,20.17,19.87,20.03,20.03,19414293,19.91,20.17,19.87,20.03,1.0,20.17,19.87,0,19414293,19892,387966211.63,1,02,010,BRRAILACNOR9,105,ON      NM,RUMO S.A.,7593,691,152132.63,consolidated_010_020
2024-09-25,RAIL3,RAIL3,20.02,20.24,19.77,19.83,19.83,8697246,20.02,20.24,19.77,19.83,1.0,20.24,19.77,0,8697246,16638,173451656.52,1,02,010,BRRAILACNOR9,105,ON      NM,RUMO S.A.,6646,583,132470.52,consolidated_010_020
2024-09-26,RAIL3,RAIL3,19.99,20.39,19.9,20.18,20.18,13727153,19.99,20.39,19.9,20.18,1.0,20.39,19.9,0,13727153,29216,276881066.47,1,02,010,BRRAILACNOR9,105,ON      NM,RUMO S.A.,5453,675,109932.47,consolidated_010_020
2024-09-27,RAIL3,RAIL3,20.09,20.35,20.04,20.07,20.07,8059525,20.09,20.35,20.04,20.07,1.0,20.35,20.04,0,8059525,16046,162439580.36,1,02,010,BRRAILACNOR9,105,ON      NM,RUMO S.A.,4125,493,83173.36,consolidated_010_020
2024-09-30,RAIL3,RAIL3,20.1,20.24,20.0,20.0,20.0,10596852,20.1,20.24,20.0,20.0,1.0,20.24,20.0,0,10596852,16933,212759167.17,1,02,010,BRRAILACNOR9,105,ON      NM,RUMO S.A.,7452,1033,149622.17,consolidated_010_020
2024-10-01,RAIL3,RAIL3,20.0,20.25,19.71,19.86,19.86,19378547,20.0,20.25,19.71,19.86,1.0,20.25,19.71,0,19378547,24922,386212639.67,1,02,010,BRRAILACNOR9,105,ON      NM,RUMO S.A.,7647,570,152558.67,consolidated_010_020
2024-10-02,RAIL3,RAIL3,20.04,20.12,19.89,20.05,20.05,11948157,20.04,20.12,19.89,20.05,1.0,20.12,19.89,0,11948157,16862,239341959.59,1,02,010,BRRAILACNOR9,105,ON      NM,RUMO S.A.,5757,629,115315.59,consolidated_010_020
2024-10-03,RAIL3,RAIL3,19.61,19.84,19.48,19.77,19.77,21300066,19.61,19.84,19.48,19.77,1.0,19.84,19.48,0,21300066,23336,419765143.07,1,02,010,BRRAILACNOR9,105,ON      NM,RUMO S.A.,7866,747,154696.07,consolidated_010_020
2024-10-04,RAIL3,RAIL3,19.6,19.99,19.6,19.95,19.95,7229976,19.6,19.99,19.6,19.95,1.0,19.99,19.6,0,7229976,15816,143748650.22,1,02,010,BRRAILACNOR9,105,ON      NM,RUMO S.A.,6076,394,120680.22,consolidated_010_020
2024-10-07,RAIL3,RAIL3,20.1,20.17,19.86,19.93,19.93,6446889,20.1,20.17,19.86,19.93,1.0,20.17,19.86,0,6446889,15170,128829930.53,1,02,010,BRRAILACNOR9,105,ON      NM,RUMO S.A.,7189,497,143653.53,consolidated_010_020
2024-10-08,RAIL3,RAIL3,19.81,19.98,19.59,19.65,19.65,10461935,19.81,19.98,19.59,19.65,1.0,19.98,19.59,0,10461935,19048,206333703.29,1,02,010,BRRAILACNOR9,105,ON      NM,RUMO S.A.,4835,336,95255.29,consolidated_010_020
2024-10-09,RAIL3,RAIL3,19.5,19.55,19.18,19.24,19.24,15523634,19.5,19.55,19.18,19.24,1.0,19.55,19.18,0,15523634,24123,299600388.07,1,02,010,BRRAILACNOR9,105,ON      NM,RUMO S.A.,7534,766,145295.07,consolidated_010_020
2024-10-10,RAIL3,RAIL3,19.26,19.53,19.16,19.27,19.27,9848509,19.26,19.53,19.16,19.27,1.0,19.53,19.16,0,9848509,18208,190221381.14,1,02,010,BRRAILACNOR9,105,ON      NM,RUMO S.A.,5709,432,110289.14,consolidated_010_020
2024-10-11,RAIL3,RAIL3,19.34,19.36,18.97,19.13,19.13,11694053,19.34,19.36,18.97,19.13,1.0,19.36,18.97,0,11694053,20588,223178958.93,1,02,010,BRRAILACNOR9,105,ON      NM,RUMO S.A.,8953,647,170862.93,consolidated_010_020
2024-10-14,RAIL3,RAIL3,19.13,19.18,18.93,19.1,19.1,9686612,19.13,19.18,18.93,19.1,1.0,19.18,18.93,0,9686612,20425,184783592.44,1,02,010,BRRAILACNOR9,105,ON      NM,RUMO S.A.,7412,647,141341.44,consolidated_010_020
2024-10-15,RAIL3,RAIL3,19.1,19.3,18.98,19.1,19.1,13944444,19.1,19.3,18.98,19.1,1.0,19.3,18.98,0,13944444,16987,266373539.94,1,02,010,BRRAILACNOR9,105,ON      NM,RUMO S.A.,5544,672,105860.94,consolidated_010_020
2024-10-16,RAIL3,RAIL3,18.98,19.38,18.78,19.25,19.25,13476845,18.98,19.38,18.78,19.25,1.0,19.38,18.78,0,13476845,25931,258109997.34,1,02,010,BRRAILACNOR9,105,ON      NM,RUMO S.A.,8445,701,161258.34,consolidated_010_020
2024-10-17,RAIL3,RAIL3,18.92,19.45,18.92,19.45,19.45,11677155,18.92,19.45,18.92,19.45,1.0,19.45,18.92,0,11677155,21772,225545007.7,1,02,010,BRRAILACNOR9,105,ON      NM,RUMO S.A.,6255,570,120665.7,consolidated_010_020
2024-10-18,RAIL3,RAIL3,19.5,19.5,18.99,19.19,19.19,16266308,19.5,19.5,18.99,19.19,1.0,19.5,18.99,0,16266308,34133,311807019.28,1,02,010,BRRAILACNOR9,105,ON      NM,RUMO S.A.,5908,403,113329.28,consolidated_010_020
2024-10-21,RAIL3,RAIL3,19.35,19.38,19.03,19.15,19.15,27637092,19.35,19.38,19.03,19.15,1.0,19.38,19.03,0,27637092,25550,528652406.77,1,02,010,BRRAILACNOR9,105,ON      NM,RUMO S.A.,7792,433,149307.77,consolidated_010_020
2024-10-22,RAIL3,RAIL3,19.01,19.03,18.73,18.9,18.9,16358403,19.01,19.03,18.73,18.9,1.0,19.03,18.73,0,16358403,24292,308476487.73,1,02,010,BRRAILACNOR9,105,ON      NM,RUMO S.A.,7103,712,133989.73,consolidated_010_020
2024-10-23,RAIL3,RAIL3,18.9,19.07,18.82,19.0,19.0,17926926,18.9,19.07,18.82,19.0,1.0,19.07,18.82,0,17926926,23460,340003759.48,1,02,010,BRRAILACNOR9,105,ON      NM,RUMO S.A.,5026,370,95236.48,consolidated_010_020
2024-10-24,RAIL3,RAIL3,19.0,19.17,18.78,19.1,19.1,13830046,19.0,19.17,18.78,19.1,1.0,19.17,18.78,0,13830046,21359,262891334.68,1,02,010,BRRAILACNOR9,105,ON      NM,RUMO S.A.,7046,313,133514.68,consolidated_010_020
2024-10-25,RAIL3,RAIL3,19.0,19.22,18.82,19.22,19.22,22301093,19.0,19.22,18.82,19.22,1.0,19.22,18.82,0,22301093,24760,425103895.98,1,02,010,BRRAILACNOR9,105,ON      NM,RUMO S.A.,5193,317,98987.98,consolidated_010_020
2024-10-28,RAIL3,RAIL3,19.45,19.86,19.43,19.8,19.8,18671154,19.45,19.86,19.43,19.8,1.0,19.86,19.43,0,18671154,39320,368276384.47,1,02,010,BRRAILACNOR9,105,ON      NM,RUMO S.A.,8754,793,172134.47,consolidated_010_020
2024-10-29,RAIL3,RAIL3,19.87,20.1,19.74,19.9,19.9,15556385,19.87,20.1,19.74,19.9,1.0,20.1,19.74,0,15556385,22012,310575850.67,1,02,010,BRRAILACNOR9,105,ON      NM,RUMO S.A.,7485,949,149589.67,consolidated_010_020
2024-10-30,RAIL3,RAIL3,19.8,20.14,19.78,19.78,19.78,13468346,19.8,20.14,19.78,19.78,1.0,20.14,19.78,0,13468346,25673,268228963.92,1,02,010,BRRAILACNOR9,105,ON      NM,RUMO S.A.,7946,408,158134.92,consolidated_010_020
2024-10-31,RAIL3,RAIL3,19.71,20.07,19.71,19.9,19.9,11659808,19.71,20.07,19.71,19.9,1.0,20.07,19.71,0,11659808,17887,232151615.4,1,02,010,BRRAILACNOR9,105,ON      NM,RUMO S.A.,5708,291,113591.4,consolidated_010_020
2024-11-01,RAIL3,RAIL3,19.95,19.96,19.33,19.45,19.45,16377367,19.95,19.96,19.33,19.45,1.0,19.96,19.33,0,16377367,32185,319564893.72,1,02,010,BRRAILACNOR9,105,ON      NM,RUMO S.A.,7167,596,139811.72,consolidated_010_020
2024-11-04,RAIL3,RAIL3,19.57,20.46,19.54,20.46,20.46,12986173,19.57,20.46,19.54,20.46,1.0,20.46,19.54,0,12986173,33423,262842346.14,1,02,010,BRRAILACNOR9,105,ON      NM,RUMO S.A.,12073,1427,243662.14,consolidated_010_020
2024-11-05,RAIL3,RAIL3,20.48,20.61,20.19,20.47,20.47,10435337,20.48,20.61,20.19,20.47,1.0,20.61,20.19,0,10435337,26048,213064224.43,1,02,010,BRRAILACNOR9,105,ON      NM,RUMO S.A.,6137,836,125576.43,consolidated_010_020
2024-11-06,RAIL3,RAIL3,19.9,20.78,19.9,20.7,20.7,15027100,19.9,20.78,19.9,20.7,1.0,20.78,19.9,0,15027100,35584,307886462.07,1,02,010,BRRAILACNOR9,105,ON      NM,RUMO S.A.,6800,734,139491.07,consolidated_010_020
2024-11-07,RAIL3,RAIL3,20.26,20.69,20.03,20.1,20.1,15685381,20.26,20.69,20.03,20.1,1.0,20.69,20.03,0,15685381,38339,317840997.12,1,02,010,BRRAILACNOR9,105,ON      NM,RUMO S.A.,6681,792,135386.12,consolidated_010_020
2024-11-08,RAIL3,RAIL3,19.51,19.72,18.86,19.45,19.45,25603842,19.51,19.72,18.86,19.45,1.0,19.72,18.86,0,25603842,48265,493691098.2,1,02,010,BRRAILACNOR9,105,ON      NM,RUMO S.A.,11942,904,231038.2,consolidated_010_020
2024-11-11,RAIL3,RAIL3,19.21,19.82,19.21,19.72,19.72,10043130,19.21,19.82,19.21,19.72,1.0,19.82,19.21,0,10043130,18594,196771555.42,1,02,010,BRRAILACNOR9,105,ON      NM,RUMO S.A.,5430,366,106796.42,consolidated_010_020
2024-11-12,RAIL3,RAIL3,19.61,20.07,19.61,19.96,19.96,19043334,19.61,20.07,19.61,19.96,1.0,20.07,19.61,0,19043334,27549,379506379.82,1,02,010,BRRAILACNOR9,105,ON      NM,RUMO S.A.,6334,459,126538.82,consolidated_010_020
2024-11-13,RAIL3,RAIL3,19.79,20.15,19.77,20.08,20.08,23796101,19.79,20.15,19.77,20.08,1.0,20.15,19.77,0,23796101,22730,474533400.76,1,02,010,BRRAILACNOR9,105,ON      NM,RUMO S.A.,6701,505,134011.76,consolidated_010_020
2024-11-14,RAIL3,RAIL3,20.04,20.55,19.83,20.11,20.11,14214785,20.04,20.55,19.83,20.11,1.0,20.55,19.83,0,14214785,32584,285658087.15,1,02,010,BRRAILACNOR9,105,ON      NM,RUMO S.A.,7685,513,154587.15,consolidated_010_020
2024-11-18,RAIL3,RAIL3,19.89,20.37,19.89,20.17,20.17,12413624,19.89,20.37,19.89,20.17,1.0,20.37,19.89,0,12413624,30805,250065749.38,1,02,010,BRRAILACNOR9,105,ON      NM,RUMO S.A.,6324,687,127525.38,consolidated_010_020
2024-11-19,RAIL3,RAIL3,19.98,20.42,19.87,20.41,20.41,11693648,19.98,20.42,19.87,20.41,1.0,20.42,19.87,0,11693648,30232,237264190.96,1,02,010,BRRAILACNOR9,105,ON      NM,RUMO S.A.,5448,550,110594.96,consolidated_010_020
2024-11-21,RAIL3,RAIL3,20.02,20.15,19.89,19.91,19.91,12949033,20.02,20.15,19.89,19.91,1.0,20.15,19.89,0,12949033,29641,258625934.86,1,02,010,BRRAILACNOR9,105,ON      NM,RUMO S.A.,5433,584,109188.86,consolidated_010_020
2024-11-22,RAIL3,RAIL3,20.12,20.27,19.93,20.16,20.16,7083539,20.12,20.27,19.93,20.16,1.0,20.27,19.93,0,7083539,23652,142249354.13,1,02,010,BRRAILACNOR9,105,ON      NM,RUMO S.A.,5839,591,117122.13,consolidated_010_020
2024-11-25,RAIL3,RAIL3,20.16,20.48,20.12,20.34,20.34,20688412,20.16,20.48,20.12,20.34,1.0,20.48,20.12,0,20688412,28339,420411830.49,1,02,010,BRRAILACNOR9,105,ON      NM,RUMO S.A.,6812,827,138390.49,consolidated_010_020
2024-11-26,RAIL3,RAIL3,20.42,20.85,20.28,20.78,20.78,14179232,20.42,20.85,20.28,20.78,1.0,20.85,20.28,0,14179232,32880,293387522.94,1,02,010,BRRAILACNOR9,105,ON      NM,RUMO S.A.,7532,1246,155752.94,consolidated_010_020
2024-11-27,RAIL3,RAIL3,20.7,20.83,20.17,20.24,20.24,24401300,20.7,20.83,20.17,20.24,1.0,20.83,20.17,0,24401300,45429,494151828.43,1,02,010,BRRAILACNOR9,105,ON      NM,RUMO S.A.,6800,1373,138312.43,consolidated_010_020
2024-11-28,RAIL3,RAIL3,20.06,20.06,19.27,19.42,19.42,12296234,20.06,20.06,19.27,19.42,1.0,20.06,19.27,0,12296234,30436,240062655.77,1,02,010,BRRAILACNOR9,105,ON      NM,RUMO S.A.,6134,831,119523.77,consolidated_010_020
2024-11-29,RAIL3,RAIL3,19.26,19.71,18.74,19.45,19.45,23328324,19.26,19.71,18.74,19.45,1.0,19.71,18.74,0,23328324,46114,446018030.2,1,02,010,BRRAILACNOR9,105,ON      NM,RUMO S.A.,10324,822,198906.2,consolidated_010_020
2024-12-02,RAIL3,RAIL3,19.16,19.51,18.86,18.86,18.86,16249655,19.16,19.51,18.86,18.86,1.0,19.51,18.86,0,16249655,34386,311057424.59,1,02,010,BRRAILACNOR9,105,ON      NM,RUMO S.A.,6255,446,119912.59,consolidated_010_020
2024-12-03,RAIL3,RAIL3,18.9,19.13,18.6,18.76,18.76,9878867,18.9,19.13,18.6,18.76,1.0,19.13,18.6,0,9878867,23667,185312696.75,1,02,010,BRRAILACNOR9,105,ON      NM,RUMO S.A.,8767,760,164797.75,consolidated_010_020
2024-12-04,RAIL3,RAIL3,18.59,19.37,18.59,19.28,19.28,11669617,18.59,19.37,18.59,19.28,1.0,19.37,18.59,0,11669617,26525,223485326.12,1,02,010,BRRAILACNOR9,105,ON      NM,RUMO S.A.,6317,478,120530.12,consolidated_010_020
2024-12-05,RAIL3,RAIL3,19.53,20.04,19.52,19.72,19.72,10773410,19.53,20.04,19.52,19.72,1.0,20.04,19.52,0,10773410,30305,213231223.92,1,02,010,BRRAILACNOR9,105,ON      NM,RUMO S.A.,8110,666,160270.92,consolidated_010_020
2024-12-06,RAIL3,RAIL3,19.53,19.91,19.11,19.2,19.2,11271784,19.53,19.91,19.11,19.2,1.0,19.91,19.11,0,11271784,25496,218018712.88,1,02,010,BRRAILACNOR9,105,ON      NM,RUMO S.A.,5584,548,108102.88,consolidated_010_020
2024-12-09,RAIL3,RAIL3,19.24,19.45,19.05,19.13,19.13,6288280,19.24,19.45,19.05,19.13,1.0,19.45,19.05,0,6288280,15119,120584748.31,1,02,010,BRRAILACNOR9,105,ON      NM,RUMO S.A.,5280,398,101228.31,consolidated_010_020
2024-12-10,RAIL3,RAIL3,19.32,19.84,19.24,19.58,19.58,7501281,19.32,19.84,19.24,19.58,1.0,19.84,19.24,0,7501281,18992,146362469.34,1,02,010,BRRAILACNOR9,105,ON      NM,RUMO S.A.,6481,459,126390.34,consolidated_010_020
2024-12-11,RAIL3,RAIL3,19.7,20.4,19.49,19.86,19.86,12680821,19.7,20.4,19.49,19.86,1.0,20.4,19.49,0,12680821,35190,251869314.07,1,02,010,BRRAILACNOR9,105,ON      NM,RUMO S.A.,6921,651,137234.07,consolidated_010_020
2024-12-12,RAIL3,RAIL3,19.7,19.73,19.26,19.37,19.37,14444091,19.7,19.73,19.26,19.37,1.0,19.73,19.26,0,14444091,32243,280229165.24,1,02,010,BRRAILACNOR9,105,ON      NM,RUMO S.A.,6291,411,122335.24,consolidated_010_020
2024-12-13,RAIL3,RAIL3,19.49,19.53,19.01,19.01,19.01,16336625,19.49,19.53,19.01,19.01,1.0,19.53,19.01,0,16336625,31645,313837526.82,1,02,010,BRRAILACNOR9,105,ON      NM,RUMO S.A.,5725,431,110027.82,consolidated_010_020
2024-12-16,RAIL3,RAIL3,19.05,19.09,18.44,18.5,18.5,12344573,19.05,19.09,18.44,18.5,1.0,19.09,18.44,0,12344573,30149,229895088.75,1,02,010,BRRAILACNOR9,105,ON      NM,RUMO S.A.,9373,1391,175280.75,consolidated_010_020
2024-12-17,RAIL3,RAIL3,18.7,19.02,18.59,18.91,18.91,14299452,18.7,19.02,18.59,18.91,1.0,19.02,18.59,0,14299452,45774,269281443.57,1,02,010,BRRAILACNOR9,105,ON      NM,RUMO S.A.,7552,766,142541.57,consolidated_010_020
2024-12-18,RAIL3,RAIL3,18.69,18.93,18.04,18.15,18.15,14972711,18.69,18.93,18.04,18.15,1.0,18.93,18.04,0,14972711,43329,275565470.76,1,02,010,BRRAILACNOR9,105,ON      NM,RUMO S.A.,13111,534,240613.76,consolidated_010_020
2024-12-19,RAIL3,RAIL3,18.19,18.7,17.97,18.5,18.5,10821264,18.19,18.7,17.97,18.5,1.0,18.7,17.97,0,10821264,31929,199456179.83,1,02,010,BRRAILACNOR9,105,ON      NM,RUMO S.A.,9364,706,172327.83,consolidated_010_020
2024-12-20,RAIL3,RAIL3,18.49,18.93,18.33,18.65,18.65,24117080,18.49,18.93,18.33,18.65,1.0,18.93,18.33,0,24117080,34147,450279551.24,1,02,010,BRRAILACNOR9,105,ON      NM,RUMO S.A.,7880,602,147175.24,consolidated_010_020
2024-12-23,RAIL3,RAIL3,18.56,18.63,18.08,18.19,18.19,16018186,18.56,18.63,18.08,18.19,1.0,18.63,18.08,0,16018186,29763,293270353.85,1,02,010,BRRAILACNOR9,105,ON      NM,RUMO S.A.,7686,556,140781.85,consolidated_010_020
2024-12-26,RAIL3,RAIL3,18.26,18.4,17.96,17.96,17.96,9943732,18.26,18.4,17.96,17.96,1.0,18.4,17.96,0,9943732,24622,179517529.74,1,02,010,BRRAILACNOR9,105,ON      NM,RUMO S.A.,5032,514,91023.74,consolidated_010_020
2024-12-27,RAIL3,RAIL3,18.11,18.26,17.78,17.85,17.85,8015068,18.11,18.26,17.78,17.85,1.0,18.26,17.78,0,8015068,21538,143558242.0,1,02,010,BRRAILACNOR9,105,ON      NM,RUMO S.A.,4668,414,83776.0,consolidated_010_020
2024-12-30,RAIL3,RAIL3,17.82,17.97,17.67,17.84,17.84,6013507,17.82,17.97,17.67,17.84,1.0,17.97,17.67,0,6013507,16403,107309710.32,1,02,010,BRRAILACNOR9,105,ON      NM,RUMO S.A.,6207,413,110706.32,consolidated_010_020
2025-01-02,RAIL3,RAIL3,17.76,17.91,17.39,17.79,17.79,9394210,17.76,17.91,17.39,17.79,1.0,17.91,17.39,0,9394210,23253,166690855.01,1,02,010,BRRAILACNOR9,105,ON      NM,RUMO S.A.,5910,541,104656.01,consolidated_010_020
2025-01-03,RAIL3,RAIL3,17.77,17.92,17.56,17.59,17.59,5481056,17.77,17.92,17.56,17.59,1.0,17.92,17.56,0,5481056,20964,96869385.3,1,02,010,BRRAILACNOR9,105,ON      NM,RUMO S.A.,4456,318,78678.3,consolidated_010_020
2025-01-06,RAIL3,RAIL3,18.24,18.24,17.76,17.97,17.97,8751656,18.24,18.24,17.76,17.97,1.0,18.24,17.76,0,8751656,16642,157511509.77,1,02,010,BRRAILACNOR9,105,ON      NM,RUMO S.A.,8256,543,148689.77,consolidated_010_020
2025-01-07,RAIL3,RAIL3,17.92,18.5,17.89,18.3,18.3,9544375,17.92,18.5,17.89,18.3,1.0,18.5,17.89,0,9544375,23633,174852840.56,1,02,010,BRRAILACNOR9,105,ON      NM,RUMO S.A.,5575,503,101991.56,consolidated_010_020
2025-01-08,RAIL3,RAIL3,18.16,18.16,17.83,18.0,18.0,9112671,18.16,18.16,17.83,18.0,1.0,18.16,17.83,0,9112671,20958,164074852.16,1,02,010,BRRAILACNOR9,105,ON      NM,RUMO S.A.,4771,302,85766.16,consolidated_010_020
2025-01-09,RAIL3,RAIL3,17.98,18.04,17.82,17.85,17.85,9199440,17.98,18.04,17.82,17.85,1.0,18.04,17.82,0,9199440,26368,164810735.2,1,02,010,BRRAILACNOR9,105,ON      NM,RUMO S.A.,8840,470,158193.2,consolidated_010_020
2025-01-10,RAIL3,RAIL3,17.76,17.85,17.18,17.21,17.21,15875031,17.76,17.85,17.18,17.21,1.0,17.85,17.18,0,15875031,36773,274996325.67,1,02,010,BRRAILACNOR9,105,ON      NM,RUMO S.A.,7631,663,132301.67,consolidated_010_020
2025-01-13,RAIL3,RAIL3,17.2,17.41,17.01,17.11,17.11,9332660,17.2,17.41,17.01,17.11,1.0,17.41,17.01,0,9332660,26267,160349243.23,1,02,010,BRRAILACNOR9,105,ON      NM,RUMO S.A.,6360,380,109180.23,consolidated_010_020
2025-01-14,RAIL3,RAIL3,17.01,17.46,16.96,17.26,17.26,23603871,17.01,17.46,16.96,17.26,1.0,17.46,16.96,0,23603871,23665,405790635.67,1,02,010,BRRAILACNOR9,105,ON      NM,RUMO S.A.,7271,399,125198.67,consolidated_010_020
2025-01-15,RAIL3,RAIL3,16.9,17.47,16.81,17.35,17.35,28985260,16.9,17.47,16.81,17.35,1.0,17.47,16.81,0,28985260,45940,498950742.57,1,02,010,BRRAILACNOR9,105,ON      NM,RUMO S.A.,10060,758,173027.57,consolidated_010_020
2025-01-16,RAIL3,RAIL3,17.27,17.65,16.84,16.91,16.91,21600599,17.27,17.65,16.84,16.91,1.0,17.65,16.84,0,21600599,44332,369692791.73,1,02,010,BRRAILACNOR9,105,ON      NM,RUMO S.A.,6399,503,109530.73,consolidated_010_020
2025-01-17,RAIL3,RAIL3,16.95,17.29,16.94,17.07,17.07,8991433,16.95,17.29,16.94,17.07,1.0,17.29,16.94,0,8991433,21761,153963590.52,1,02,010,BRRAILACNOR9,105,ON      NM,RUMO S.A.,6333,406,108485.52,consolidated_010_020
2025-01-20,RAIL3,RAIL3,17.17,17.17,16.76,16.97,16.97,5953947,17.17,17.17,16.76,16.97,1.0,17.17,16.76,0,5953947,14089,100999342.86,1,02,010,BRRAILACNOR9,105,ON      NM,RUMO S.A.,5147,385,87487.86,consolidated_010_020
2025-01-21,RAIL3,RAIL3,17.02,17.06,16.81,16.87,16.87,9158396,17.02,17.06,16.81,16.87,1.0,17.06,16.81,0,9158396,24176,154929020.49,1,02,010,BRRAILACNOR9,105,ON      NM,RUMO S.A.,5096,540,86218.49,consolidated_010_020
2025-01-22,RAIL3,RAIL3,16.95,17.05,16.58,16.99,16.99,15767712,16.95,17.05,16.58,16.99,1.0,17.05,16.58,0,15767712,28123,265148138.74,1,02,010,BRRAILACNOR9,105,ON      NM,RUMO S.A.,8312,611,139676.74,consolidated_010_020
2025-01-23,RAIL3,RAIL3,17.03,17.18,16.69,16.78,16.78,11332022,17.03,17.18,16.69,16.78,1.0,17.18,16.69,0,11332022,22555,191452732.25,1,02,010,BRRAILACNOR9,105,ON      NM,RUMO S.A.,7222,412,122101.25,consolidated_010_020
2025-01-24,RAIL3,RAIL3,16.76,17.09,16.67,16.7,16.7,6306585,16.76,17.09,16.67,16.7,1.0,17.09,16.67,0,6306585,16045,106189412.7,1,02,010,BRRAILACNOR9,105,ON      NM,RUMO S.A.,5385,422,90663.7,consolidated_010_020
2025-01-27,RAIL3,RAIL3,16.79,17.46,16.63,17.38,17.38,17021375,16.79,17.46,16.63,17.38,1.0,17.46,16.63,0,17021375,36349,292275992.11,1,02,010,BRRAILACNOR9,105,ON      NM,RUMO S.A.,6175,340,105896.11,consolidated_010_020
2025-01-28,RAIL3,RAIL3,17.3,17.73,17.19,17.58,17.58,16313915,17.3,17.73,17.19,17.58,1.0,17.73,17.19,0,16313915,34620,285183130.07,1,02,010,BRRAILACNOR9,105,ON      NM,RUMO S.A.,6115,498,106961.07,consolidated_010_020
2025-01-29,RAIL3,RAIL3,17.67,17.91,17.63,17.91,17.91,12556445,17.67,17.91,17.63,17.91,1.0,17.91,17.63,0,12556445,22014,223405999.66,1,02,010,BRRAILACNOR9,105,ON      NM,RUMO S.A.,6745,644,119971.66,consolidated_010_020
2025-01-30,RAIL3,RAIL3,17.99,18.4,17.89,18.32,18.32,14886997,17.99,18.4,17.89,18.32,1.0,18.4,17.89,0,14886997,30492,271018555.98,1,02,010,BRRAILACNOR9,105,ON      NM,RUMO S.A.,7097,429,129146.98,consolidated_010_020
2025-01-31,RAIL3,RAIL3,18.42,18.51,18.2,18.4,18.4,12930190,18.42,18.51,18.2,18.4,1.0,18.51,18.2,0,12930190,20429,237240823.52,1,02,010,BRRAILACNOR9,105,ON      NM,RUMO S.A.,4590,287,84063.52,consolidated_010_020
2025-02-03,RAIL3,RAIL3,18.5,18.65,18.26,18.65,18.65,17697764,18.5,18.65,18.26,18.65,1.0,18.65,18.26,0,17697764,37242,326048842.49,1,02,010,BRRAILACNOR9,105,ON      NM,RUMO S.A.,5864,415,108210.49,consolidated_010_020
2025-02-04,RAIL3,RAIL3,18.62,19.0,18.46,18.73,18.73,20182653,18.62,19.0,18.46,18.73,1.0,19.0,18.46,0,20182653,31621,376583222.15,1,02,010,BRRAILACNOR9,105,ON      NM,RUMO S.A.,5953,496,111140.15,consolidated_010_020
2025-02-05,RAIL3,RAIL3,18.79,18.79,18.45,18.47,18.47,7399078,18.79,18.79,18.45,18.47,1.0,18.79,18.45,0,7399078,17125,137187941.52,1,02,010,BRRAILACNOR9,105,ON      NM,RUMO S.A.,4378,329,81082.52,consolidated_010_020
2025-02-06,RAIL3,RAIL3,18.4,18.9,18.22,18.87,18.87,18357143,18.4,18.9,18.22,18.87,1.0,18.9,18.22,0,18357143,16969,343548900.84,1,02,010,BRRAILACNOR9,105,ON      NM,RUMO S.A.,5843,351,109483.84,consolidated_010_020
2025-02-07,RAIL3,RAIL3,18.88,18.89,18.32,18.45,18.45,11836140,18.88,18.89,18.32,18.45,1.0,18.89,18.32,0,11836140,23249,218696034.99,1,02,010,BRRAILACNOR9,105,ON      NM,RUMO S.A.,4640,280,85757.99,consolidated_010_020
2025-02-10,RAIL3,RAIL3,18.62,18.86,18.31,18.43,18.43,12366860,18.62,18.86,18.31,18.43,1.0,18.86,18.31,0,12366860,25613,229058697.18,1,02,010,BRRAILACNOR9,105,ON      NM,RUMO S.A.,6160,305,113847.18,consolidated_010_020
2025-02-11,RAIL3,RAIL3,18.3,18.95,18.22,18.77,18.77,20399800,18.3,18.95,18.22,18.77,1.0,18.95,18.22,0,20399800,30494,382068280.96,1,02,010,BRRAILACNOR9,105,ON      NM,RUMO S.A.,6800,349,127430.96,consolidated_010_020
2025-02-12,RAIL3,RAIL3,18.42,18.73,18.38,18.57,18.57,12891385,18.42,18.73,18.38,18.57,1.0,18.73,18.38,0,12891385,30454,239518044.48,1,02,010,BRRAILACNOR9,105,ON      NM,RUMO S.A.,5585,353,103769.48,consolidated_010_020
2025-02-13,RAIL3,RAIL3,18.57,18.82,18.43,18.79,18.79,6904348,18.57,18.82,18.43,18.79,1.0,18.82,18.43,0,6904348,17519,128596298.02,1,02,010,BRRAILACNOR9,105,ON      NM,RUMO S.A.,3648,247,68053.02,consolidated_010_020
2025-02-14,RAIL3,RAIL3,18.98,19.9,18.9,19.73,19.73,22843182,18.98,19.9,18.9,19.73,1.0,19.9,18.9,0,22843182,37114,447315558.57,1,02,010,BRRAILACNOR9,105,ON      NM,RUMO S.A.,8982,564,175380.57,consolidated_010_020
2025-02-17,RAIL3,RAIL3,19.73,20.07,19.34,19.37,19.37,11427556,19.73,20.07,19.34,19.37,1.0,20.07,19.34,0,11427556,28883,225216403.1,1,02,010,BRRAILACNOR9,105,ON      NM,RUMO S.A.,7156,539,141076.1,consolidated_010_020
2025-02-18,RAIL3,RAIL3,19.4,19.46,19.02,19.02,19.02,8725902,19.4,19.46,19.02,19.02,1.0,19.46,19.02,0,8725902,21112,167109964.65,1,02,010,BRRAILACNOR9,105,ON      NM,RUMO S.A.,6202,503,119167.65,consolidated_010_020
2025-02-19,RAIL3,RAIL3,18.89,18.96,18.43,18.65,18.65,8370496,18.89,18.96,18.43,18.65,1.0,18.96,18.43,0,8370496,19171,155940354.56,1,02,010,BRRAILACNOR9,105,ON      NM,RUMO S.A.,5896,585,109943.56,consolidated_010_020
2025-02-20,RAIL3,RAIL3,18.55,18.66,18.38,18.49,18.49,6350223,18.55,18.66,18.38,18.49,1.0,18.66,18.38,0,6350223,14427,117781997.17,1,02,010,BRRAILACNOR9,105,ON      NM,RUMO S.A.,4823,432,89657.17,consolidated_010_020
2025-02-21,RAIL3,RAIL3,18.5,18.5,17.74,18.07,18.07,26576187,18.5,18.5,17.74,18.07,1.0,18.5,17.74,0,26576187,44702,479557038.95,1,02,010,BRRAILACNOR9,105,ON      NM,RUMO S.A.,9987,677,179794.95,consolidated_010_020
2025-02-24,RAIL3,RAIL3,18.13,18.26,17.86,18.0,18.0,14212183,18.13,18.26,17.86,18.0,1.0,18.26,17.86,0,14212183,22704,255985751.58,1,02,010,BRRAILACNOR9,105,ON      NM,RUMO S.A.,5283,527,95038.58,consolidated_010_020
2025-02-25,RAIL3,RAIL3,18.07,18.19,17.84,17.98,17.98,17820021,18.07,18.19,17.84,17.98,1.0,18.19,17.84,0,17820021,21607,320839902.16,1,02,010,BRRAILACNOR9,105,ON      NM,RUMO S.A.,5621,287,101161.16,consolidated_010_020
2025-02-26,RAIL3,RAIL3,18.18,18.2,17.38,17.4,17.4,11332062,18.18,18.2,17.38,17.4,1.0,18.2,17.38,0,11332062,19673,200426304.23,1,02,010,BRRAILACNOR9,105,ON      NM,RUMO S.A.,6862,453,121285.23,consolidated_010_020
2025-02-27,RAIL3,RAIL3,17.47,17.67,17.33,17.45,17.45,11916447,17.47,17.67,17.33,17.45,1.0,17.67,17.33,0,11916447,16296,208591736.86,1,02,010,BRRAILACNOR9,105,ON      NM,RUMO S.A.,4947,321,86600.86,consolidated_010_020
2025-02-28,RAIL3,RAIL3,17.04,17.59,16.93,16.93,16.93,17096549,17.04,17.59,16.93,16.93,1.0,17.59,16.93,0,17096549,31804,291972730.06,1,02,010,BRRAILACNOR9,105,ON      NM,RUMO S.A.,7649,652,131050.06,consolidated_010_020
2025-03-05,RAIL3,RAIL3,17.06,17.53,17.0,17.47,17.47,13040254,17.06,17.53,17.0,17.47,1.0,17.53,17.0,0,13040254,30124,226782012.22,1,02,010,BRRAILACNOR9,105,ON      NM,RUMO S.A.,6454,433,112375.22,consolidated_010_020
2025-03-06,RAIL3,RAIL3,17.57,17.98,17.36,17.96,17.96,13010433,17.57,17.98,17.36,17.96,1.0,17.98,17.36,0,13010433,22761,231810477.39,1,02,010,BRRAILACNOR9,105,ON      NM,RUMO S.A.,7833,485,139671.39,consolidated_010_020
2025-03-07,RAIL3,RAIL3,17.85,18.11,17.68,17.87,17.87,11508532,17.85,18.11,17.68,17.87,1.0,18.11,17.68,0,11508532,20665,206482502.42,1,02,010,BRRAILACNOR9,105,ON      NM,RUMO S.A.,11132,553,199855.42,consolidated_010_020
2025-03-10,RAIL3,RAIL3,17.65,17.86,17.28,17.34,17.34,12053474,17.65,17.86,17.28,17.34,1.0,17.86,17.28,0,12053474,22552,210428740.69,1,02,010,BRRAILACNOR9,105,ON      NM,RUMO S.A.,7574,550,132362.69,consolidated_010_020
2025-03-11,RAIL3,RAIL3,17.26,17.47,17.21,17.39,17.39,7087975,17.26,17.47,17.21,17.39,1.0,17.47,17.21,0,7087975,14309,123006763.67,1,02,010,BRRAILACNOR9,105,ON      NM,RUMO S.A.,7675,384,133349.67,consolidated_010_020
2025-03-12,RAIL3,RAIL3,17.39,17.56,17.22,17.51,17.51,5697261,17.39,17.56,17.22,17.51,1.0,17.56,17.22,0,5697261,13249,99224583.17,1,02,010,BRRAILACNOR9,105,ON      NM,RUMO S.A.,4861,297,84703.17,consolidated_010_020
2025-03-13,RAIL3,RAIL3,17.5,18.13,17.33,17.8,17.8,16800396,17.5,18.13,17.33,17.8,1.0,18.13,17.33,0,16800396,25412,299894712.96,1,02,010,BRRAILACNOR9,105,ON      NM,RUMO S.A.,6696,474,119520.96,consolidated_010_020
2025-03-14,RAIL3,RAIL3,18.09,18.09,17.65,18.0,18.0,12178723,18.09,18.09,17.65,18.0,1.0,18.09,17.65,0,12178723,23000,218214726.4,1,02,010,BRRAILACNOR9,105,ON      NM,RUMO S.A.,4123,254,73890.4,consolidated_010_020
2025-03-17,RAIL3,RAIL3,18.05,18.31,17.97,18.16,18.16,12425049,18.05,18.31,17.97,18.16,1.0,18.31,17.97,0,12425049,20241,225525576.38,1,02,010,BRRAILACNOR9,105,ON      NM,RUMO S.A.,5249,247,95398.38,consolidated_010_020
2025-03-18,RAIL3,RAIL3,18.1,18.5,17.98,18.05,18.05,6657860,18.1,18.5,17.98,18.05,1.0,18.5,17.98,0,6657860,15623,120553622.01,1,02,010,BRRAILACNOR9,105,ON      NM,RUMO S.A.,4860,435,88146.01,consolidated_010_020
2025-03-19,RAIL3,RAIL3,18.11,18.4,17.91,18.2,18.2,10312339,18.11,18.4,17.91,18.2,1.0,18.4,17.91,0,10312339,20525,187786672.94,1,02,010,BRRAILACNOR9,105,ON      NM,RUMO S.A.,5439,512,99154.94,consolidated_010_020
2025-03-20,RAIL3,RAIL3,18.24,18.5,18.15,18.19,18.19,6286359,18.24,18.5,18.15,18.19,1.0,18.5,18.15,0,6286359,16611,114929697.54,1,02,010,BRRAILACNOR9,105,ON      NM,RUMO S.A.,6259,490,114561.54,consolidated_010_020
2025-03-21,RAIL3,RAIL3,18.17,18.3,17.69,17.78,17.78,10562855,18.17,18.3,17.69,17.78,1.0,18.3,17.69,0,10562855,17488,188733138.83,1,02,010,BRRAILACNOR9,105,ON      NM,RUMO S.A.,13155,567,236239.83,consolidated_010_020
2025-03-24,RAIL3,RAIL3,17.84,17.84,16.98,17.08,17.08,12461780,17.84,17.84,16.98,17.08,1.0,17.84,16.98,0,12461780,24993,214643838.31,1,02,010,BRRAILACNOR9,105,ON      NM,RUMO S.A.,12680,1052,218721.31,consolidated_010_020
2025-03-25,RAIL3,RAIL3,17.09,17.56,16.96,17.05,17.05,9502617,17.09,17.56,16.96,17.05,1.0,17.56,16.96,0,9502617,20661,163435140.42,1,02,010,BRRAILACNOR9,105,ON      NM,RUMO S.A.,8217,531,141336.42,consolidated_010_020
2025-03-26,RAIL3,RAIL3,17.14,17.3,16.97,17.08,17.08,6099473,17.14,17.3,16.97,17.08,1.0,17.3,16.97,0,6099473,14393,104252800.75,1,02,010,BRRAILACNOR9,105,ON      NM,RUMO S.A.,6973,446,119568.75,consolidated_010_020
2025-03-27,RAIL3,RAIL3,17.16,17.41,17.09,17.32,17.32,8347121,17.16,17.41,17.09,17.32,1.0,17.41,17.09,0,8347121,14812,144456183.24,1,02,010,BRRAILACNOR9,105,ON      NM,RUMO S.A.,5421,312,93969.24,consolidated_010_020
2025-03-28,RAIL3,RAIL3,17.25,17.3,16.75,16.98,16.98,10520360,17.25,17.3,16.75,16.98,1.0,17.3,16.75,0,10520360,19994,178185308.79,1,02,010,BRRAILACNOR9,105,ON      NM,RUMO S.A.,7760,497,131737.79,consolidated_010_020
2025-03-31,RAIL3,RAIL3,16.61,16.63,16.01,16.22,16.22,16116700,16.61,16.63,16.01,16.22,1.0,16.63,16.01,0,16116700,26085,261919527.17,1,02,010,BRRAILACNOR9,105,ON      NM,RUMO S.A.,15100,1091,246234.17,consolidated_010_020
2025-04-01,RAIL3,RAIL3,16.22,16.57,15.95,16.29,16.29,11059695,16.22,16.57,15.95,16.29,1.0,16.57,15.95,0,11059695,24147,180601410.06,1,02,010,BRRAILACNOR9,105,ON      NM,RUMO S.A.,10395,612,169547.06,consolidated_010_020
2025-04-02,RAIL3,RAIL3,16.21,17.02,16.16,16.87,16.87,13627470,16.21,17.02,16.16,16.87,1.0,17.02,16.16,0,13627470,36253,228784680.93,1,02,010,BRRAILACNOR9,105,ON      NM,RUMO S.A.,7970,679,133930.93,consolidated_010_020
2025-04-03,RAIL3,RAIL3,16.79,17.76,16.78,17.65,17.65,17758420,16.79,17.76,16.78,17.65,1.0,17.76,16.78,0,17758420,41660,311474174.43,1,02,010,BRRAILACNOR9,105,ON      NM,RUMO S.A.,12020,1074,210772.43,consolidated_010_020
2025-04-04,RAIL3,RAIL3,17.52,17.62,17.01,17.07,17.07,13696241,17.52,17.62,17.01,17.07,1.0,17.62,17.01,0,13696241,32561,236395520.74,1,02,010,BRRAILACNOR9,105,ON      NM,RUMO S.A.,6641,544,114082.74,consolidated_010_020
2025-04-07,RAIL3,RAIL3,16.91,17.48,16.65,17.04,17.04,21664645,16.91,17.48,16.65,17.04,1.0,17.48,16.65,0,21664645,34144,369442422.13,1,02,010,BRRAILACNOR9,105,ON      NM,RUMO S.A.,8545,678,144826.13,consolidated_010_020
2025-04-08,RAIL3,RAIL3,17.04,17.36,16.8,16.84,16.84,8343292,17.04,17.36,16.8,16.84,1.0,17.36,16.8,0,8343292,21580,141403449.94,1,02,010,BRRAILACNOR9,105,ON      NM,RUMO S.A.,7992,480,135383.94,consolidated_010_020
2025-04-09,RAIL3,RAIL3,16.73,17.38,16.42,17.17,17.17,15831020,16.73,17.38,16.42,17.17,1.0,17.38,16.42,0,15831020,35989,267610964.48,1,02,010,BRRAILACNOR9,105,ON      NM,RUMO S.A.,15120,1282,253621.48,consolidated_010_020
2025-04-10,RAIL3,RAIL3,17.04,17.48,16.84,17.18,17.18,14454228,17.04,17.48,16.84,17.18,1.0,17.48,16.84,0,14454228,27975,247371232.53,1,02,010,BRRAILACNOR9,105,ON      NM,RUMO S.A.,5628,355,96516.53,consolidated_010_020
2025-04-11,RAIL3,RAIL3,17.25,17.9,17.25,17.77,17.77,14536768,17.25,17.9,17.25,17.77,1.0,17.9,17.25,0,14536768,25366,257456171.73,1,02,010,BRRAILACNOR9,105,ON      NM,RUMO S.A.,7668,548,135540.73,consolidated_010_020
2025-04-14,RAIL3,RAIL3,18.0,18.65,17.93,18.47,18.47,16891031,18.0,18.65,17.93,18.47,1.0,18.65,17.93,0,16891031,28917,311342064.56,1,02,010,BRRAILACNOR9,105,ON      NM,RUMO S.A.,17331,1432,320206.56,consolidated_010_020
2025-04-15,RAIL3,RAIL3,18.45,18.67,18.33,18.5,18.5,8323721,18.45,18.67,18.33,18.5,1.0,18.67,18.33,0,8323721,24159,154011868.22,1,02,010,BRRAILACNOR9,105,ON      NM,RUMO S.A.,6621,581,122649.22,consolidated_010_020
2025-04-16,RAIL3,RAIL3,18.51,18.73,18.39,18.51,18.51,8479621,18.51,18.73,18.39,18.51,1.0,18.73,18.39,0,8479621,23148,157356650.62,1,02,010,BRRAILACNOR9,105,ON      NM,RUMO S.A.,5421,534,100640.62,consolidated_010_020
2025-04-17,RAIL3,RAIL3,18.45,18.95,18.36,18.88,18.88,10805396,18.45,18.95,18.36,18.88,1.0,18.95,18.36,0,10805396,16296,202630044.03,1,02,010,BRRAILACNOR9,105,ON      NM,RUMO S.A.,5396,335,101069.03,consolidated_010_020
2025-04-22,RAIL3,RAIL3,18.75,19.14,18.68,19.04,19.04,10233368,18.75,19.14,18.68,19.04,1.0,19.14,18.68,0,10233368,24351,194217094.75,1,02,010,BRRAILACNOR9,105,ON      NM,RUMO S.A.,11268,870,214559.75,consolidated_010_020
2025-04-23,RAIL3,RAIL3,19.31,19.71,19.21,19.39,19.39,22986711,19.31,19.71,19.21,19.39,1.0,19.71,19.21,0,22986711,28312,447798861.92,1,02,010,BRRAILACNOR9,105,ON      NM,RUMO S.A.,6911,594,134406.92,consolidated_010_020
2025-04-24,RAIL3,RAIL3,19.64,19.97,19.28,19.93,19.93,13556056,19.64,19.97,19.28,19.93,1.0,19.97,19.28,0,13556056,24434,267926535.99,1,02,010,BRRAILACNOR9,105,ON      NM,RUMO S.A.,6656,430,131378.99,consolidated_010_020
2025-04-25,RAIL3,RAIL3,19.95,20.0,19.58,19.68,19.68,11494627,19.95,20.0,19.58,19.68,1.0,20.0,19.58,0,11494627,22731,227593077.92,1,02,010,BRRAILACNOR9,105,ON      NM,RUMO S.A.,5127,381,101490.92,consolidated_010_020
2025-04-28,RAIL3,RAIL3,19.8,19.8,19.4,19.57,19.57,9252986,19.8,19.8,19.4,19.57,1.0,19.8,19.4,0,9252986,23613,180870765.51,1,02,010,BRRAILACNOR9,105,ON      NM,RUMO S.A.,5986,594,116859.51,consolidated_010_020
2025-04-29,RAIL3,RAIL3,19.66,19.91,19.4,19.46,19.46,10029874,19.66,19.91,19.4,19.46,1.0,19.91,19.4,0,10029874,19876,196884370.06,1,02,010,BRRAILACNOR9,105,ON      NM,RUMO S.A.,6374,647,124918.06,consolidated_010_020
2025-04-30,RAIL3,RAIL3,19.33,19.66,19.07,19.4,19.4,19617976,19.33,19.66,19.07,19.4,1.0,19.66,19.07,0,19617976,29944,378506363.02,1,02,010,BRRAILACNOR9,105,ON      NM,RUMO S.A.,6176,366,119123.02,consolidated_010_020
2025-05-02,RAIL3,RAIL3,19.21,19.34,19.03,19.27,19.27,11525132,19.21,19.34,19.03,19.27,1.0,19.34,19.03,0,11525132,14873,220878300.22,1,02,010,BRRAILACNOR9,105,ON      NM,RUMO S.A.,5232,390,100625.22,consolidated_010_020
2025-05-05,RAIL3,RAIL3,19.31,19.38,18.73,18.9,18.9,15282319,19.31,19.38,18.73,18.9,1.0,19.38,18.73,0,15282319,18292,289635340.55,1,02,010,BRRAILACNOR9,105,ON      NM,RUMO S.A.,7119,478,134627.55,consolidated_010_020
2025-05-06,RAIL3,RAIL3,19.0,19.07,18.77,19.05,19.05,11329578,19.0,19.07,18.77,19.05,1.0,19.07,18.77,0,11329578,15262,214395806.56,1,02,010,BRRAILACNOR9,105,ON      NM,RUMO S.A.,4878,381,92387.56,consolidated_010_020
2025-05-07,RAIL3,RAIL3,19.22,19.22,18.64,18.75,18.75,5644430,19.22,19.22,18.64,18.75,1.0,19.22,18.64,0,5644430,15454,105791418.2,1,02,010,BRRAILACNOR9,105,ON      NM,RUMO S.A.,5030,340,94501.2,consolidated_010_020
2025-05-08,RAIL3,RAIL3,19.43,19.45,19.08,19.21,19.21,12540221,19.43,19.45,19.08,19.21,1.0,19.45,19.08,0,12540221,17686,240960380.2,1,02,010,BRRAILACNOR9,105,ON      NM,RUMO S.A.,4321,236,83079.2,consolidated_010_020
2025-05-09,RAIL3,RAIL3,19.4,19.4,17.85,17.85,17.85,24987779,19.4,19.4,17.85,17.85,1.0,19.4,17.85,0,24987779,38882,455467449.42,1,02,010,BRRAILACNOR9,105,ON      NM,RUMO S.A.,8579,883,157034.42,consolidated_010_020
2025-05-12,RAIL3,RAIL3,17.85,17.94,17.28,17.31,17.31,12036860,17.85,17.94,17.28,17.31,1.0,17.94,17.28,0,12036860,19046,210036109.0,1,02,010,BRRAILACNOR9,105,ON      NM,RUMO S.A.,8860,622,154795.0,consolidated_010_020
2025-05-13,RAIL3,RAIL3,17.39,18.2,17.39,18.14,18.14,17215888,17.39,18.2,17.39,18.14,1.0,18.2,17.39,0,17215888,24477,308742750.62,1,02,010,BRRAILACNOR9,105,ON      NM,RUMO S.A.,5888,553,105329.62,consolidated_010_020
2025-05-14,RAIL3,RAIL3,18.12,18.12,17.65,17.65,17.65,5973223,18.12,18.12,17.65,17.65,1.0,18.12,17.65,0,5973223,16415,106343172.76,1,02,010,BRRAILACNOR9,105,ON      NM,RUMO S.A.,7223,665,128583.76,consolidated_010_020
2025-05-15,RAIL3,RAIL3,17.73,18.2,17.54,17.89,17.89,11792584,17.73,18.2,17.54,17.89,1.0,18.2,17.54,0,11792584,18603,210129045.37,1,02,010,BRRAILACNOR9,105,ON      NM,RUMO S.A.,6084,465,108484.37,consolidated_010_020
2025-05-16,RAIL3,RAIL3,17.77,18.45,17.7,18.22,18.22,8356202,17.77,18.45,17.7,18.22,1.0,18.45,17.7,0,8356202,18795,151728018.9,1,02,010,BRRAILACNOR9,105,ON      NM,RUMO S.A.,8202,554,148780.9,consolidated_010_020
2025-05-19,RAIL3,RAIL3,18.26,18.45,18.0,18.17,18.17,4137670,18.26,18.45,18.0,18.17,1.0,18.45,18.0,0,4137670,10442,75623688.1,1,02,010,BRRAILACNOR9,105,ON      NM,RUMO S.A.,5070,427,92651.1,consolidated_010_020
2025-05-20,RAIL3,RAIL3,18.14,18.73,17.96,18.61,18.61,10961603,18.14,18.73,17.96,18.61,1.0,18.73,17.96,0,10961603,19999,202377951.91,1,02,010,BRRAILACNOR9,105,ON      NM,RUMO S.A.,6903,550,127454.91,consolidated_010_020
2025-05-21,RAIL3,RAIL3,18.61,18.65,17.93,17.98,17.98,10064866,18.61,18.65,17.93,17.98,1.0,18.65,17.93,0,10064866,22105,183049363.52,1,02,010,BRRAILACNOR9,105,ON      NM,RUMO S.A.,6466,489,117554.52,consolidated_010_020
2025-05-22,RAIL3,RAIL3,18.0,18.76,17.94,18.15,18.15,14499547,18.0,18.76,17.94,18.15,1.0,18.76,17.94,0,14499547,21153,266539228.99,1,02,010,BRRAILACNOR9,105,ON      NM,RUMO S.A.,7047,488,129065.99,consolidated_010_020
2025-05-23,RAIL3,RAIL3,18.15,18.29,17.66,18.06,18.06,4285337,18.15,18.29,17.66,18.06,1.0,18.29,17.66,0,4285337,14125,77091290.8,1,02,010,BRRAILACNOR9,105,ON      NM,RUMO S.A.,4937,376,88674.8,consolidated_010_020
2025-05-26,RAIL3,RAIL3,18.06,18.79,18.06,18.56,18.56,6646109,18.06,18.79,18.06,18.56,1.0,18.79,18.06,0,6646109,11167,123668744.52,1,02,010,BRRAILACNOR9,105,ON      NM,RUMO S.A.,6709,699,124693.52,consolidated_010_020
2025-05-27,RAIL3,RAIL3,18.88,19.37,18.88,19.1,19.1,26176842,18.88,19.37,18.88,19.1,1.0,19.37,18.88,0,26176842,23314,501200796.16,1,02,010,BRRAILACNOR9,105,ON      NM,RUMO S.A.,8042,743,153732.16,consolidated_010_020
2025-05-28,RAIL3,RAIL3,19.1,19.16,18.76,18.97,18.97,3773691,19.1,19.16,18.76,18.97,1.0,19.16,18.76,0,3773691,12478,71576728.39,1,02,010,BRRAILACNOR9,105,ON      NM,RUMO S.A.,4791,456,90773.39,consolidated_010_020
2025-05-29,RAIL3,RAIL3,18.98,19.18,18.77,19.18,19.18,5165950,18.98,19.18,18.77,19.18,1.0,19.18,18.77,0,5165950,10424,98354330.79,1,02,010,BRRAILACNOR9,105,ON      NM,RUMO S.A.,4950,469,94012.79,consolidated_010_020
2025-05-30,RAIL3,RAIL3,19.2,19.37,18.82,18.82,18.82,17395994,19.2,19.37,18.82,18.82,1.0,19.37,18.82,0,17395994,16106,328898871.78,1,02,010,BRRAILACNOR9,105,ON      NM,RUMO S.A.,6094,567,115478.78,consolidated_010_020
2025-06-02,RAIL3,RAIL3,19.04,19.47,18.93,19.18,19.18,8920200,19.04,19.47,18.93,19.18,1.0,19.47,18.93,0,8920200,22430,171009638.84,1,02,010,BRRAILACNOR9,105,ON      NM,RUMO S.A.,6600,711,126451.84,consolidated_010_020
2025-06-03,RAIL3,RAIL3,19.18,19.77,19.18,19.59,19.59,7283458,19.18,19.77,19.18,19.59,1.0,19.77,19.18,0,7283458,22167,142403696.86,1,02,010,BRRAILACNOR9,105,ON      NM,RUMO S.A.,6958,613,135959.86,consolidated_010_020
2025-06-04,RAIL3,RAIL3,19.8,20.53,19.64,19.65,19.65,18247408,19.8,20.53,19.64,19.65,1.0,20.53,19.64,0,18247408,29832,366063200.16,1,02,010,BRRAILACNOR9,105,ON      NM,RUMO S.A.,9408,884,188971.16,consolidated_010_020
2025-06-05,RAIL3,RAIL3,19.65,19.82,19.08,19.26,19.26,10789637,19.65,19.82,19.08,19.26,1.0,19.82,19.08,0,10789637,14577,208996628.36,1,02,010,BRRAILACNOR9,105,ON      NM,RUMO S.A.,6337,438,123019.36,consolidated_010_020
2025-06-06,RAIL3,RAIL3,19.24,19.3,18.82,19.08,19.08,9259586,19.24,19.3,18.82,19.08,1.0,19.3,18.82,0,9259586,14219,176403649.58,1,02,010,BRRAILACNOR9,105,ON      NM,RUMO S.A.,6686,559,127600.58,consolidated_010_020
2025-06-09,RAIL3,RAIL3,18.87,19.1,18.55,18.85,18.85,8697614,18.87,19.1,18.55,18.85,1.0,19.1,18.55,0,8697614,10369,163571299.04,1,02,010,BRRAILACNOR9,105,ON      NM,RUMO S.A.,5214,535,98079.04,consolidated_010_020
2025-06-10,RAIL3,RAIL3,19.2,19.27,18.86,19.15,19.15,17059751,19.2,19.27,18.86,19.15,1.0,19.27,18.86,0,17059751,26568,326302166.03,1,02,010,BRRAILACNOR9,105,ON      NM,RUMO S.A.,7051,617,134883.03,consolidated_010_020
2025-06-11,RAIL3,RAIL3,19.04,19.39,18.95,19.23,19.23,21517040,19.04,19.39,18.95,19.23,1.0,19.39,18.95,0,21517040,15734,414057322.68,1,02,010,BRRAILACNOR9,105,ON      NM,RUMO S.A.,4840,273,93001.68,consolidated_010_020
2025-06-12,RAIL3,RAIL3,19.45,19.61,19.02,19.04,19.04,15988274,19.45,19.61,19.02,19.04,1.0,19.61,19.02,0,15988274,26926,307701653.63,1,02,010,BRRAILACNOR9,105,ON      NM,RUMO S.A.,15574,1367,299436.63,consolidated_010_020
2025-06-13,RAIL3,RAIL3,19.0,19.15,18.58,19.13,19.13,6439430,19.0,19.15,18.58,19.13,1.0,19.15,18.58,0,6439430,15823,122586534.15,1,02,010,BRRAILACNOR9,105,ON      NM,RUMO S.A.,11130,944,211493.15,consolidated_010_020
2025-06-16,RAIL3,RAIL3,19.32,19.6,19.17,19.48,19.48,12490043,19.32,19.6,19.17,19.48,1.0,19.6,19.17,0,12490043,19538,243431206.9,1,02,010,BRRAILACNOR9,105,ON      NM,RUMO S.A.,18343,1529,357243.9,consolidated_010_020
2025-06-17,RAIL3,RAIL3,18.51,18.9,18.39,18.5,18.5,10125518,18.51,18.9,18.39,18.5,1.0,18.9,18.39,0,10125518,19176,188524602.74,1,02,010,BRRAILACNOR9,106,ON  ED  NM,RUMO S.A.,10318,928,192099.74,consolidated_010_020
2025-06-18,RAIL3,RAIL3,18.5,18.64,18.38,18.48,18.48,13199362,18.5,18.64,18.38,18.48,1.0,18.64,18.38,0,13199362,19912,244601041.88,1,02,010,BRRAILACNOR9,106,ON  ED  NM,RUMO S.A.,7062,519,130749.88,consolidated_010_020
2025-06-20,RAIL3,RAIL3,18.22,18.36,17.94,17.97,17.97,13576271,18.22,18.36,17.94,17.97,1.0,18.36,17.94,0,13576271,23056,245064267.38,1,02,010,BRRAILACNOR9,106,ON  ED  NM,RUMO S.A.,9071,618,163948.38,consolidated_010_020
2025-06-23,RAIL3,RAIL3,17.92,17.94,17.42,17.48,17.48,10094998,17.92,17.94,17.42,17.48,1.0,17.94,17.42,0,10094998,24750,177579033.33,1,02,010,BRRAILACNOR9,106,ON  ED  NM,RUMO S.A.,8698,1038,153241.33,consolidated_010_020
2025-06-24,RAIL3,RAIL3,17.6,17.94,17.43,17.84,17.84,10961392,17.6,17.94,17.43,17.84,1.0,17.94,17.43,0,10961392,16767,194696467.78,1,02,010,BRRAILACNOR9,106,ON  ED  NM,RUMO S.A.,6592,473,117053.78,consolidated_010_020
2025-06-25,RAIL3,RAIL3,17.6,17.8,17.55,17.75,17.75,6309209,17.6,17.8,17.55,17.75,1.0,17.8,17.55,0,6309209,13990,111692460.87,1,02,010,BRRAILACNOR9,106,ON  ED  NM,RUMO S.A.,6609,519,117055.87,consolidated_010_020
2025-06-26,RAIL3,RAIL3,17.89,18.04,17.62,17.87,17.87,8313355,17.89,18.04,17.62,17.87,1.0,18.04,17.62,0,8313355,14525,148489719.41,1,02,010,BRRAILACNOR9,106,ON  ED  NM,RUMO S.A.,7455,620,133227.41,consolidated_010_020
2025-06-27,RAIL3,RAIL3,17.61,18.18,17.61,17.96,17.96,9686111,17.61,18.18,17.61,17.96,1.0,18.18,17.61,0,9686111,13408,174398117.34,1,02,010,BRRAILACNOR9,106,ON  ED  NM,RUMO S.A.,5711,401,102825.34,consolidated_010_020
2025-06-30,RAIL3,RAIL3,17.84,18.71,17.82,18.53,18.53,12771511,17.84,18.71,17.82,18.53,1.0,18.71,17.82,0,12771511,25341,236280694.63,1,02,010,BRRAILACNOR9,106,ON      NM,RUMO S.A.,8211,743,152048.63,consolidated_010_020
2025-07-01,RAIL3,RAIL3,18.59,19.0,18.57,18.68,18.68,8958526,18.59,19.0,18.57,18.68,1.0,19.0,18.57,0,8958526,14531,168116761.04,1,02,010,BRRAILACNOR9,106,ON      NM,RUMO S.A.,7326,570,137622.04,consolidated_010_020
2025-07-02,RAIL3,RAIL3,18.61,18.91,18.01,18.12,18.12,8991522,18.61,18.91,18.01,18.12,1.0,18.91,18.01,0,8991522,24256,164336010.92,1,02,010,BRRAILACNOR9,106,ON      NM,RUMO S.A.,7522,820,137469.92,consolidated_010_020
2025-07-03,RAIL3,RAIL3,18.17,18.77,18.17,18.64,18.64,6973620,18.17,18.77,18.17,18.64,1.0,18.77,18.17,0,6973620,17546,129977610.37,1,02,010,BRRAILACNOR9,106,ON      NM,RUMO S.A.,5820,508,108288.37,consolidated_010_020
2025-07-04,RAIL3,RAIL3,18.57,18.76,18.3,18.58,18.58,2692270,18.57,18.76,18.3,18.58,1.0,18.76,18.3,0,2692270,7870,49921341.91,1,02,010,BRRAILACNOR9,106,ON      NM,RUMO S.A.,5270,538,98236.91,consolidated_010_020
2025-07-07,RAIL3,RAIL3,18.63,18.73,18.25,18.3,18.3,5130976,18.63,18.73,18.25,18.3,1.0,18.73,18.25,0,5130976,14514,94292443.54,1,02,010,BRRAILACNOR9,106,ON      NM,RUMO S.A.,6276,676,115624.54,consolidated_010_020
2025-07-08,RAIL3,RAIL3,18.3,18.41,17.92,18.14,18.14,7335048,18.3,18.41,17.92,18.14,1.0,18.41,17.92,0,7335048,20380,132445234.61,1,02,010,BRRAILACNOR9,106,ON      NM,RUMO S.A.,6948,635,125517.61,consolidated_010_020
2025-07-09,RAIL3,RAIL3,18.18,18.18,17.4,17.46,17.46,10807268,18.18,18.18,17.4,17.46,1.0,18.18,17.4,0,10807268,21781,190821127.24,1,02,010,BRRAILACNOR9,106,ON      NM,RUMO S.A.,10568,961,186498.24,consolidated_010_020
2025-07-10,RAIL3,RAIL3,17.34,17.35,16.89,17.18,17.18,12700580,17.34,17.35,16.89,17.18,1.0,17.35,16.89,0,12700580,22096,216718280.58,1,02,010,BRRAILACNOR9,106,ON      NM,RUMO S.A.,8780,616,149978.58,consolidated_010_020
2025-07-11,RAIL3,RAIL3,17.13,17.19,16.87,17.12,17.12,9347526,17.13,17.19,16.87,17.12,1.0,17.19,16.87,0,9347526,14746,159455423.17,1,02,010,BRRAILACNOR9,106,ON      NM,RUMO S.A.,6326,454,108190.17,consolidated_010_020
2025-07-14,RAIL3,RAIL3,17.02,17.49,17.02,17.39,17.39,8627224,17.02,17.49,17.02,17.39,1.0,17.49,17.02,0,8627224,16169,149738982.51,1,02,010,BRRAILACNOR9,106,ON      NM,RUMO S.A.,5624,462,97517.51,consolidated_010_020
2025-07-15,RAIL3,RAIL3,17.64,17.89,17.23,17.45,17.45,7272822,17.64,17.89,17.23,17.45,1.0,17.89,17.23,0,7272822,15847,126798073.82,1,02,010,BRRAILACNOR9,106,ON      NM,RUMO S.A.,4822,446,84399.82,consolidated_010_020
2025-07-16,RAIL3,RAIL3,17.45,17.72,16.87,17.0,17.0,17274948,17.45,17.72,16.87,17.0,1.0,17.72,16.87,0,17274948,32755,296899480.25,1,02,010,BRRAILACNOR9,106,ON      NM,RUMO S.A.,8248,913,141164.25,consolidated_010_020
2025-07-17,RAIL3,RAIL3,17.0,17.18,16.65,16.72,16.72,9181541,17.0,17.18,16.65,16.72,1.0,17.18,16.65,0,9181541,25141,154664955.26,1,02,010,BRRAILACNOR9,106,ON      NM,RUMO S.A.,6741,644,113654.26,consolidated_010_020
2025-07-18,RAIL3,RAIL3,16.6,16.65,16.41,16.58,16.58,10453328,16.6,16.65,16.41,16.58,1.0,16.65,16.41,0,10453328,13605,173024782.16,1,02,010,BRRAILACNOR9,106,ON      NM,RUMO S.A.,9528,653,157798.16,consolidated_010_020
2025-07-21,RAIL3,RAIL3,16.71,16.76,16.43,16.61,16.61,10897489,16.71,16.76,16.43,16.61,1.0,16.76,16.43,0,10897489,14023,180388941.19,1,02,010,BRRAILACNOR9,106,ON      NM,RUMO S.A.,6389,503,105836.19,consolidated_010_020
2025-07-22,RAIL3,RAIL3,16.66,16.79,16.47,16.79,16.79,12359620,16.66,16.79,16.47,16.79,1.0,16.79,16.47,0,12359620,15251,205911291.64,1,02,010,BRRAILACNOR9,106,ON      NM,RUMO S.A.,7020,565,116749.64,consolidated_010_020
2025-07-23,RAIL3,RAIL3,16.78,17.2,16.63,17.09,17.09,7149156,16.78,17.2,16.63,17.09,1.0,17.2,16.63,0,7149156,14083,121736170.61,1,02,010,BRRAILACNOR9,106,ON      NM,RUMO S.A.,6256,413,106283.61,consolidated_010_020
2025-07-24,RAIL3,RAIL3,16.86,17.08,16.63,16.75,16.75,4780694,16.86,17.08,16.63,16.75,1.0,17.08,16.63,0,4780694,14092,80000615.67,1,02,010,BRRAILACNOR9,106,ON      NM,RUMO S.A.,5294,417,88663.67,consolidated_010_020
2025-07-25,RAIL3,RAIL3,16.76,16.94,16.55,16.68,16.68,3705027,16.76,16.94,16.55,16.68,1.0,16.94,16.55,0,3705027,10250,61696719.12,1,02,010,BRRAILACNOR9,106,ON      NM,RUMO S.A.,3627,285,60478.12,consolidated_010_020
2025-07-28,RAIL3,RAIL3,16.67,16.89,16.52,16.85,16.85,18057255,16.67,16.89,16.52,16.85,1.0,16.89,16.52,0,18057255,23512,303401612.51,1,02,010,BRRAILACNOR9,106,ON      NM,RUMO S.A.,5455,474,91457.51,consolidated_010_020
2025-07-29,RAIL3,RAIL3,16.86,17.04,16.64,16.85,16.85,8985108,16.86,17.04,16.64,16.85,1.0,17.04,16.64,0,8985108,17639,151732492.13,1,02,010,BRRAILACNOR9,106,ON      NM,RUMO S.A.,4708,414,79449.13,consolidated_010_020
2025-07-30,RAIL3,RAIL3,16.85,16.95,16.17,16.61,16.61,10196028,16.85,16.95,16.17,16.61,1.0,16.95,16.17,0,10196028,18839,167659765.83,1,02,010,BRRAILACNOR9,106,ON      NM,RUMO S.A.,9228,890,152232.83,consolidated_010_020
2025-07-31,RAIL3,RAIL3,16.4,16.69,16.17,16.54,16.54,8881791,16.4,16.69,16.17,16.54,1.0,16.69,16.17,0,8881791,13176,146714493.23,1,02,010,BRRAILACNOR9,106,ON      NM,RUMO S.A.,6891,488,113657.23,consolidated_010_020
2025-08-01,RAIL3,RAIL3,16.77,16.92,16.22,16.33,16.33,7934044,16.77,16.92,16.22,16.33,1.0,16.92,16.22,0,7934044,17946,130405000.9,1,02,010,BRRAILACNOR9,106,ON      NM,RUMO S.A.,6244,723,102762.9,consolidated_010_020
2025-08-04,RAIL3,RAIL3,16.58,16.75,16.34,16.44,16.44,5958822,16.58,16.75,16.34,16.44,1.0,16.75,16.34,0,5958822,18576,98371906.65,1,02,010,BRRAILACNOR9,106,ON      NM,RUMO S.A.,5222,661,86273.65,consolidated_010_020
2025-08-05,RAIL3,RAIL3,16.34,16.78,16.34,16.54,16.54,5157786,16.34,16.78,16.34,16.54,1.0,16.78,16.34,0,5157786,11022,85570509.94,1,02,010,BRRAILACNOR9,106,ON      NM,RUMO S.A.,4986,374,82665.94,consolidated_010_020
2025-08-06,RAIL3,RAIL3,16.75,16.75,16.45,16.7,16.7,8182737,16.75,16.75,16.45,16.7,1.0,16.75,16.45,0,8182737,18592,136055553.94,1,02,010,BRRAILACNOR9,106,ON      NM,RUMO S.A.,4937,444,82104.94,consolidated_010_020
2025-08-07,RAIL3,RAIL3,16.75,16.99,16.58,16.95,16.95,9556593,16.75,16.99,16.58,16.95,1.0,16.99,16.58,0,9556593,20266,160906074.76,1,02,010,BRRAILACNOR9,106,ON      NM,RUMO S.A.,5193,521,87502.76,consolidated_010_020
2025-08-08,RAIL3,RAIL3,16.82,16.82,15.22,15.34,15.34,34773583,16.82,16.82,15.22,15.34,1.0,16.82,15.22,0,34773583,48620,545945269.45,1,02,010,BRRAILACNOR9,106,ON      NM,RUMO S.A.,33383,2731,522405.45,consolidated_010_020
2025-08-11,RAIL3,RAIL3,15.34,15.61,15.09,15.45,15.45,16485227,15.34,15.61,15.09,15.45,1.0,15.61,15.09,0,16485227,32721,254420185.02,1,02,010,BRRAILACNOR9,106,ON      NM,RUMO S.A.,10827,1029,167025.02,consolidated_010_020
2025-08-12,RAIL3,RAIL3,15.52,16.08,15.47,15.9,15.9,13100172,15.52,16.08,15.47,15.9,1.0,16.08,15.47,0,13100172,30522,208076021.68,1,02,010,BRRAILACNOR9,106,ON      NM,RUMO S.A.,8372,1268,132953.68,consolidated_010_020
2025-08-13,RAIL3,RAIL3,15.87,16.17,15.75,15.92,15.92,8058306,15.87,16.17,15.75,15.92,1.0,16.17,15.75,0,8058306,26299,128967458.52,1,02,010,BRRAILACNOR9,106,ON      NM,RUMO S.A.,8206,725,131530.52,consolidated_010_020
2025-08-14,RAIL3,RAIL3,15.7,16.16,15.62,16.04,16.04,6792457,15.7,16.16,15.62,16.04,1.0,16.16,15.62,0,6792457,17023,108955362.63,1,02,010,BRRAILACNOR9,106,ON      NM,RUMO S.A.,6857,430,110002.63,consolidated_010_020
2025-08-15,RAIL3,RAIL3,15.88,16.04,15.65,15.96,15.96,10553058,15.88,16.04,15.65,15.96,1.0,16.04,15.65,0,10553058,20071,167417879.32,1,02,010,BRRAILACNOR9,106,ON      NM,RUMO S.A.,6758,777,107278.32,consolidated_010_020
2025-08-18,RAIL3,RAIL3,15.99,16.18,15.84,15.86,15.86,12388313,15.99,16.18,15.84,15.86,1.0,16.18,15.84,0,12388313,28166,197482369.56,1,02,010,BRRAILACNOR9,106,ON      NM,RUMO S.A.,7813,690,124301.56,consolidated_010_020
2025-08-19,RAIL3,RAIL3,15.69,15.85,15.36,15.43,15.43,13207292,15.69,15.85,15.36,15.43,1.0,15.85,15.36,0,13207292,26596,205517014.75,1,02,010,BRRAILACNOR9,106,ON      NM,RUMO S.A.,8692,872,135230.75,consolidated_010_020
2025-08-20,RAIL3,RAIL3,15.42,15.56,14.8,14.95,14.95,23406045,15.42,15.56,14.8,14.95,1.0,15.56,14.8,0,23406045,48217,352406112.84,1,02,010,BRRAILACNOR9,106,ON      NM,RUMO S.A.,14745,1817,222185.84,consolidated_010_020
2025-08-21,RAIL3,RAIL3,14.87,14.92,14.43,14.68,14.68,15768857,14.87,14.92,14.43,14.68,1.0,14.92,14.43,0,15768857,33310,230631609.45,1,02,010,BRRAILACNOR9,106,ON      NM,RUMO S.A.,8957,918,131148.45,consolidated_010_020
2025-08-22,RAIL3,RAIL3,14.79,15.08,14.53,15.07,15.07,15435785,14.79,15.08,14.53,15.07,1.0,15.08,14.53,0,15435785,38949,230646832.71,1,02,010,BRRAILACNOR9,106,ON      NM,RUMO S.A.,8385,552,125023.71,consolidated_010_020
2025-08-25,RAIL3,RAIL3,15.14,15.14,14.54,14.61,14.61,14095682,15.14,15.14,14.54,14.61,1.0,15.14,14.54,0,14095682,22396,206911214.06,1,02,010,BRRAILACNOR9,106,ON      NM,RUMO S.A.,17482,1497,256986.06,consolidated_010_020
2025-08-26,RAIL3,RAIL3,14.66,14.74,14.46,14.6,14.6,11012721,14.66,14.74,14.46,14.6,1.0,14.74,14.46,0,11012721,14697,160885768.34,1,02,010,BRRAILACNOR9,106,ON      NM,RUMO S.A.,9821,895,143449.34,consolidated_010_020
2025-08-27,RAIL3,RAIL3,14.5,14.61,14.22,14.58,14.58,22765540,14.5,14.61,14.22,14.58,1.0,14.61,14.22,0,22765540,34256,328116605.6,1,02,010,BRRAILACNOR9,106,ON      NM,RUMO S.A.,15640,1385,225256.6,consolidated_010_020
2025-08-28,RAIL3,RAIL3,14.7,14.87,14.57,14.62,14.62,15718481,14.7,14.87,14.57,14.62,1.0,14.87,14.57,0,15718481,23125,230972611.81,1,02,010,BRRAILACNOR9,106,ON      NM,RUMO S.A.,12081,831,177447.81,consolidated_010_020
2025-08-29,RAIL3,RAIL3,14.64,14.78,14.48,14.55,14.55,26360851,14.64,14.78,14.48,14.55,1.0,14.78,14.48,0,26360851,30233,385577887.99,1,02,010,BRRAILACNOR9,106,ON      NM,RUMO S.A.,10351,762,151464.99,consolidated_010_020
2025-09-01,RAIL3,RAIL3,14.58,14.73,14.23,14.32,14.32,8652226,14.58,14.73,14.23,14.32,1.0,14.73,14.23,0,8652226,18247,124772487.22,1,02,010,BRRAILACNOR9,106,ON      NM,RUMO S.A.,13426,1074,193415.22,consolidated_010_020
2025-09-02,RAIL3,RAIL3,14.2,14.49,14.02,14.11,14.11,15081985,14.2,14.49,14.02,14.11,1.0,14.49,14.02,0,15081985,27236,214699050.75,1,02,010,BRRAILACNOR9,106,ON      NM,RUMO S.A.,12185,997,173025.75,consolidated_010_020
2025-09-03,RAIL3,RAIL3,14.15,14.4,14.14,14.21,14.21,8993261,14.15,14.4,14.14,14.21,1.0,14.4,14.14,0,8993261,17779,128332819.84,1,02,010,BRRAILACNOR9,106,ON      NM,RUMO S.A.,8661,706,123707.84,consolidated_010_020
2025-09-04,RAIL3,RAIL3,14.25,14.88,14.24,14.8,14.8,16735149,14.25,14.88,14.24,14.8,1.0,14.88,14.24,0,16735149,23905,245179205.97,1,02,010,BRRAILACNOR9,106,ON      NM,RUMO S.A.,14349,1066,210699.97,consolidated_010_020
2025-09-05,RAIL3,RAIL3,15.22,15.35,14.6,14.7,14.7,17469570,15.22,15.35,14.6,14.7,1.0,15.35,14.6,0,17469570,26610,260591576.78,1,02,010,BRRAILACNOR9,106,ON      NM,RUMO S.A.,12670,772,188807.78,consolidated_010_020
2025-09-08,RAIL3,RAIL3,14.65,15.0,14.49,14.64,14.64,11542880,14.65,15.0,14.49,14.64,1.0,15.0,14.49,0,11542880,22336,169740567.81,1,02,010,BRRAILACNOR9,106,ON      NM,RUMO S.A.,8280,773,121572.81,consolidated_010_020
2025-09-09,RAIL3,RAIL3,14.58,14.7,14.44,14.53,14.53,8393107,14.58,14.7,14.44,14.53,1.0,14.7,14.44,0,8393107,21176,121936028.75,1,02,010,BRRAILACNOR9,106,ON      NM,RUMO S.A.,10507,666,152751.75,consolidated_010_020
2025-09-10,RAIL3,RAIL3,14.49,14.8,14.42,14.61,14.61,8008447,14.49,14.8,14.42,14.61,1.0,14.8,14.42,0,8008447,15268,117082589.76,1,02,010,BRRAILACNOR9,106,ON      NM,RUMO S.A.,7147,530,104352.76,consolidated_010_020
2025-09-11,RAIL3,RAIL3,14.7,15.08,14.57,15.0,15.0,19836698,14.7,15.08,14.57,15.0,1.0,15.08,14.57,0,19836698,13779,296387916.4,1,02,010,BRRAILACNOR9,106,ON      NM,RUMO S.A.,7298,614,108503.4,consolidated_010_020
2025-09-12,RAIL3,RAIL3,14.88,15.1,14.79,14.81,14.81,8896619,14.88,15.1,14.79,14.81,1.0,15.1,14.79,0,8896619,12827,132836868.2,1,02,010,BRRAILACNOR9,106,ON      NM,RUMO S.A.,13719,1069,204957.2,consolidated_010_020
2025-09-15,RAIL3,RAIL3,14.8,15.04,14.74,14.86,14.86,4965799,14.8,15.04,14.74,14.86,1.0,15.04,14.74,0,4965799,11097,74008461.51,1,02,010,BRRAILACNOR9,106,ON      NM,RUMO S.A.,12899,783,192553.51,consolidated_010_020
2025-09-16,RAIL3,RAIL3,14.95,15.09,14.78,14.88,14.88,8852866,14.95,15.09,14.78,14.88,1.0,15.09,14.78,0,8852866,16364,132053615.02,1,02,010,BRRAILACNOR9,106,ON      NM,RUMO S.A.,7566,530,113063.02,consolidated_010_020
2025-09-17,RAIL3,RAIL3,14.84,15.4,14.81,15.28,15.28,15337547,14.84,15.4,14.81,15.28,1.0,15.4,14.81,0,15337547,16754,233200116.06,1,02,010,BRRAILACNOR9,106,ON      NM,RUMO S.A.,11047,817,167941.06,consolidated_010_020
2025-09-18,RAIL3,RAIL3,15.28,15.31,14.98,15.03,15.03,25464518,15.28,15.31,14.98,15.03,1.0,15.31,14.98,0,25464518,11813,386325428.35,1,02,010,BRRAILACNOR9,106,ON      NM,RUMO S.A.,16318,642,246803.35,consolidated_010_020
2025-09-19,RAIL3,RAIL3,15.05,15.1,14.59,14.61,14.61,15349776,15.05,15.1,14.59,14.61,1.0,15.1,14.59,0,15349776,15303,225805947.54,1,02,010,BRRAILACNOR9,106,ON      NM,RUMO S.A.,12676,877,186778.54,consolidated_010_020
2025-09-22,RAIL3,RAIL3,14.8,14.95,14.48,14.91,14.91,18617430,14.8,14.95,14.48,14.91,1.0,14.95,14.48,0,18617430,24432,274340749.78,1,02,010,BRRAILACNOR9,106,ON      NM,RUMO S.A.,10330,799,152430.78,consolidated_010_020
2025-09-23,RAIL3,RAIL3,14.8,15.35,14.76,15.15,15.15,21974664,14.8,15.35,14.76,15.15,1.0,15.35,14.76,0,21974664,14535,332113949.71,1,02,010,BRRAILACNOR9,106,ON      NM,RUMO S.A.,16464,788,248500.71,consolidated_010_020
2025-09-24,RAIL3,RAIL3,15.01,15.4,15.01,15.28,15.28,15433609,15.01,15.4,15.01,15.28,1.0,15.4,15.01,0,15433609,15194,235556789.91,1,02,010,BRRAILACNOR9,106,ON      NM,RUMO S.A.,6909,457,105460.91,consolidated_010_020
2025-09-25,RAIL3,RAIL3,15.28,15.45,15.07,15.13,15.13,12497125,15.28,15.45,15.07,15.13,1.0,15.45,15.07,0,12497125,16198,190407232.91,1,02,010,BRRAILACNOR9,106,ON      NM,RUMO S.A.,7125,611,108638.91,consolidated_010_020
2025-09-26,RAIL3,RAIL3,15.2,15.32,14.98,15.23,15.23,9831671,15.2,15.32,14.98,15.23,1.0,15.32,14.98,0,9831671,8151,149123878.79,1,02,010,BRRAILACNOR9,106,ON      NM,RUMO S.A.,6071,357,92278.79,consolidated_010_020
2025-09-29,RAIL3,RAIL3,15.4,15.67,15.34,15.65,15.65,20132820,15.4,15.67,15.34,15.65,1.0,15.67,15.34,0,20132820,14893,312873414.39,1,02,010,BRRAILACNOR9,106,ON      NM,RUMO S.A.,11220,910,174229.39,consolidated_010_020
2025-09-30,RAIL3,RAIL3,15.88,16.05,15.69,15.97,15.97,27762301,15.88,16.05,15.69,15.97,1.0,16.05,15.69,0,27762301,42962,441719989.86,1,02,010,BRRAILACNOR9,106,ON      NM,RUMO S.A.,18501,1194,294570.86,consolidated_010_020
2025-10-01,RAIL3,RAIL3,16.11,16.11,15.57,15.74,15.74,23974948,16.11,16.11,15.57,15.74,1.0,16.11,15.57,0,23974948,29775,378105229.54,1,02,010,BRRAILACNOR9,106,ON      NM,RUMO S.A.,7648,854,120838.54,consolidated_010_020
2025-10-02,RAIL3,RAIL3,15.83,16.05,15.27,15.9,15.9,23110169,15.83,16.05,15.27,15.9,1.0,16.05,15.27,0,23110169,19778,362079100.28,1,02,010,BRRAILACNOR9,106,ON      NM,RUMO S.A.,9469,700,148079.28,consolidated_010_020
2025-10-03,RAIL3,RAIL3,15.83,15.99,15.71,15.9,15.9,10662023,15.83,15.99,15.71,15.9,1.0,15.99,15.71,0,10662023,16357,169213947.79,1,02,010,BRRAILACNOR9,106,ON      NM,RUMO S.A.,7723,382,122848.79,consolidated_010_020
2025-10-06,RAIL3,RAIL3,15.89,16.09,15.68,15.75,15.75,11130316,15.89,16.09,15.68,15.75,1.0,16.09,15.68,0,11130316,11357,175553442.59,1,02,010,BRRAILACNOR9,106,ON      NM,RUMO S.A.,7616,453,120463.59,consolidated_010_020
2025-10-07,RAIL3,RAIL3,15.59,15.74,15.36,15.7,15.7,14467176,15.59,15.74,15.36,15.7,1.0,15.74,15.36,0,14467176,17955,224442732.1,1,02,010,BRRAILACNOR9,106,ON      NM,RUMO S.A.,6576,672,102342.1,consolidated_010_020
2025-10-08,RAIL3,RAIL3,15.7,15.94,15.55,15.73,15.73,17517098,15.7,15.94,15.55,15.73,1.0,15.94,15.55,0,17517098,18227,275821945.54,1,02,010,BRRAILACNOR9,106,ON      NM,RUMO S.A.,4598,255,72363.54,consolidated_010_020
2025-10-09,RAIL3,RAIL3,15.79,15.94,15.42,15.49,15.49,17085415,15.79,15.94,15.42,15.49,1.0,15.94,15.42,0,17085415,14150,267299463.37,1,02,010,BRRAILACNOR9,106,ON      NM,RUMO S.A.,4515,382,70509.37,consolidated_010_020
2025-10-10,RAIL3,RAIL3,15.59,15.71,15.23,15.53,15.53,12577456,15.59,15.71,15.23,15.53,1.0,15.71,15.23,0,12577456,13137,194149042.62,1,02,010,BRRAILACNOR9,106,ON      NM,RUMO S.A.,6756,503,104121.62,consolidated_010_020
2025-10-13,RAIL3,RAIL3,15.53,15.64,15.41,15.47,15.47,12116248,15.53,15.64,15.41,15.47,1.0,15.64,15.41,0,12116248,14062,187904496.27,1,02,010,BRRAILACNOR9,106,ON      NM,RUMO S.A.,6348,460,98369.27,consolidated_010_020
2025-10-14,RAIL3,RAIL3,15.5,15.52,15.26,15.37,15.37,7832283,15.5,15.52,15.26,15.37,1.0,15.52,15.26,0,7832283,10034,120408051.08,1,02,010,BRRAILACNOR9,106,ON      NM,RUMO S.A.,5483,594,84189.08,consolidated_010_020
2025-10-15,RAIL3,RAIL3,15.14,15.75,15.1,15.58,15.58,21178732,15.14,15.75,15.1,15.58,1.0,15.75,15.1,0,21178732,19194,328842000.47,1,02,010,BRRAILACNOR9,106,ON      NM,RUMO S.A.,6432,467,99748.47,consolidated_010_020
2025-10-16,RAIL3,RAIL3,15.38,15.5,15.02,15.05,15.05,17608886,15.38,15.5,15.02,15.05,1.0,15.5,15.02,0,17608886,17634,268519018.42,1,02,010,BRRAILACNOR9,106,ON      NM,RUMO S.A.,6086,600,92664.42,consolidated_010_020
2025-10-17,RAIL3,RAIL3,15.09,15.57,15.01,15.47,15.47,18406608,15.09,15.57,15.01,15.47,1.0,15.57,15.01,0,18406608,18128,283905039.55,1,02,010,BRRAILACNOR9,106,ON      NM,RUMO S.A.,6008,299,92447.55,consolidated_010_020
2025-10-20,RAIL3,RAIL3,15.51,15.67,15.38,15.48,15.48,13261075,15.51,15.67,15.38,15.48,1.0,15.67,15.38,0,13261075,17127,205900561.27,1,02,010,BRRAILACNOR9,106,ON      NM,RUMO S.A.,7475,376,116240.27,consolidated_010_020
2025-10-21,RAIL3,RAIL3,15.39,15.68,15.37,15.57,15.57,14939862,15.39,15.68,15.37,15.57,1.0,15.68,15.37,0,14939862,14231,232451242.39,1,02,010,BRRAILACNOR9,106,ON      NM,RUMO S.A.,4962,452,77133.39,consolidated_010_020
2025-10-22,RAIL3,RAIL3,15.63,15.63,15.27,15.37,15.37,11189806,15.63,15.63,15.27,15.37,1.0,15.63,15.27,0,11189806,8227,172636262.63,1,02,010,BRRAILACNOR9,106,ON      NM,RUMO S.A.,5806,374,89587.63,consolidated_010_020
2025-10-23,RAIL3,RAIL3,15.54,15.7,15.24,15.55,15.55,12658582,15.54,15.7,15.24,15.55,1.0,15.7,15.24,0,12658582,13867,195995064.62,1,02,010,BRRAILACNOR9,106,ON      NM,RUMO S.A.,5282,418,81686.62,consolidated_010_020
2025-10-24,RAIL3,RAIL3,15.75,15.8,15.24,15.38,15.38,10366209,15.75,15.8,15.24,15.38,1.0,15.8,15.24,0,10366209,10857,159792317.43,1,02,010,BRRAILACNOR9,106,ON      NM,RUMO S.A.,5809,370,89688.43,consolidated_010_020
2025-10-27,RAIL3,RAIL3,15.58,15.64,15.31,15.56,15.56,13694968,15.58,15.64,15.31,15.56,1.0,15.64,15.31,0,13694968,12695,212357706.76,1,02,010,BRRAILACNOR9,106,ON      NM,RUMO S.A.,5368,406,83086.76,consolidated_010_020
2025-10-28,RAIL3,RAIL3,15.55,15.94,15.49,15.8,15.8,16825544,15.55,15.94,15.49,15.8,1.0,15.94,15.49,0,16825544,26659,265899363.17,1,02,010,BRRAILACNOR9,106,ON      NM,RUMO S.A.,16044,1026,253465.17,consolidated_010_020
2025-10-29,RAIL3,RAIL3,15.8,16.0,15.52,15.64,15.64,23536996,15.8,16.0,15.52,15.64,1.0,16.0,15.52,0,23536996,16761,371262408.69,1,02,010,BRRAILACNOR9,106,ON      NM,RUMO S.A.,13096,901,205487.69,consolidated_010_020
2025-10-30,RAIL3,RAIL3,15.51,16.12,15.35,15.99,15.99,9501384,15.51,16.12,15.35,15.99,1.0,16.12,15.35,0,9501384,18136,151633613.71,1,02,010,BRRAILACNOR9,106,ON      NM,RUMO S.A.,18184,1118,289580.71,consolidated_010_020
2025-10-31,RAIL3,RAIL3,16.08,16.15,15.89,15.92,15.92,10386599,16.08,16.15,15.89,15.92,1.0,16.15,15.89,0,10386599,11971,166153636.72,1,02,010,BRRAILACNOR9,106,ON      NM,RUMO S.A.,6399,552,102253.72,consolidated_010_020
2025-11-03,RAIL3,RAIL3,16.0,16.03,15.6,15.61,15.61,5538663,16.0,16.03,15.6,15.61,1.0,16.03,15.6,0,5538663,12126,87018958.2,1,02,010,BRRAILACNOR9,106,ON      NM,RUMO S.A.,7263,597,114393.2,consolidated_010_020
2025-11-04,RAIL3,RAIL3,15.52,15.89,15.49,15.65,15.65,15607774,15.52,15.89,15.49,15.65,1.0,15.89,15.49,0,15607774,14636,244585119.95,1,02,010,BRRAILACNOR9,106,ON      NM,RUMO S.A.,5974,421,93936.95,consolidated_010_020
2025-11-05,RAIL3,RAIL3,15.67,15.98,15.61,15.78,15.78,12007028,15.67,15.98,15.61,15.78,1.0,15.98,15.61,0,12007028,20509,190005156.03,1,02,010,BRRAILACNOR9,106,ON      NM,RUMO S.A.,5728,412,90654.03,consolidated_010_020
2025-11-06,RAIL3,RAIL3,15.73,15.76,15.39,15.62,15.62,15379292,15.73,15.76,15.39,15.62,1.0,15.76,15.39,0,15379292,17969,239828923.95,1,02,010,BRRAILACNOR9,106,ON      NM,RUMO S.A.,12792,714,198933.95,consolidated_010_020
2025-11-07,RAIL3,RAIL3,15.61,15.68,15.44,15.64,15.64,12139154,15.61,15.68,15.44,15.64,1.0,15.68,15.44,0,12139154,13325,189374978.85,1,02,010,BRRAILACNOR9,106,ON      NM,RUMO S.A.,4154,332,64858.85,consolidated_010_020
2025-11-10,RAIL3,RAIL3,15.74,15.95,15.61,15.81,15.81,14216608,15.74,15.95,15.61,15.81,1.0,15.95,15.61,0,14216608,21604,224598788.83,1,02,010,BRRAILACNOR9,106,ON      NM,RUMO S.A.,6908,594,108954.83,consolidated_010_020
2025-11-11,RAIL3,RAIL3,16.05,16.57,15.97,16.32,16.32,24534850,16.05,16.57,15.97,16.32,1.0,16.57,15.97,0,24534850,30579,400003429.51,1,02,010,BRRAILACNOR9,106,ON      NM,RUMO S.A.,11350,894,184970.51,consolidated_010_020
2025-11-12,RAIL3,RAIL3,16.4,16.44,16.04,16.4,16.4,29524572,16.4,16.44,16.04,16.4,1.0,16.44,16.04,0,29524572,26339,476682564.88,1,02,010,BRRAILACNOR9,106,ON      NM,RUMO S.A.,6872,625,111814.88,consolidated_010_020
2025-11-13,RAIL3,RAIL3,16.35,16.66,16.35,16.42,16.42,15089782,16.35,16.66,16.35,16.42,1.0,16.66,16.35,0,15089782,21131,249474472.14,1,02,010,BRRAILACNOR9,106,ON      NM,RUMO S.A.,8182,646,135130.14,consolidated_010_020
2025-11-14,RAIL3,RAIL3,16.44,16.86,16.26,16.52,16.52,21098825,16.44,16.86,16.26,16.52,1.0,16.86,16.26,0,21098825,28428,351035987.87,1,02,010,BRRAILACNOR9,106,ON      NM,RUMO S.A.,7025,480,116933.87,consolidated_010_020
2025-11-17,RAIL3,RAIL3,16.0,16.27,15.02,15.02,15.02,33918745,16.0,16.27,15.02,15.02,1.0,16.27,15.02,0,33918745,47292,522949149.26,1,02,010,BRRAILACNOR9,106,ON      NM,RUMO S.A.,26845,2595,412998.26,consolidated_010_020
2025-11-18,RAIL3,RAIL3,14.91,15.52,14.87,15.41,15.41,15583055,14.91,15.52,14.87,15.41,1.0,15.52,14.87,0,15583055,26122,239519515.62,1,02,010,BRRAILACNOR9,106,ON      NM,RUMO S.A.,13355,869,204300.62,consolidated_010_020
2025-11-19,RAIL3,RAIL3,15.35,15.77,15.29,15.69,15.69,22502375,15.35,15.77,15.29,15.69,1.0,15.77,15.29,0,22502375,19318,351190330.05,1,02,010,BRRAILACNOR9,106,ON      NM,RUMO S.A.,9175,690,143069.05,consolidated_010_020
2025-11-21,RAIL3,RAIL3,15.66,15.68,15.15,15.33,15.33,13465842,15.66,15.68,15.15,15.33,1.0,15.68,15.15,0,13465842,18742,206864863.37,1,02,010,BRRAILACNOR9,106,ON      NM,RUMO S.A.,8342,573,128280.37,consolidated_010_020
2025-11-24,RAIL3,RAIL3,15.36,15.54,15.25,15.25,15.25,10853525,15.36,15.54,15.25,15.25,1.0,15.54,15.25,0,10853525,13367,166153542.31,1,02,010,BRRAILACNOR9,106,ON      NM,RUMO S.A.,8325,493,127955.31,consolidated_010_020
2025-11-25,RAIL3,RAIL3,15.27,15.51,15.21,15.43,15.43,4713957,15.27,15.51,15.21,15.43,1.0,15.51,15.21,0,4713957,9641,72523848.85,1,02,010,BRRAILACNOR9,106,ON      NM,RUMO S.A.,5357,456,82542.85,consolidated_010_020
2025-11-26,RAIL3,RAIL3,15.52,17.45,15.44,16.84,16.84,51451350,15.52,17.45,15.44,16.84,1.0,17.45,15.44,0,51451350,40843,830693836.48,1,02,010,BRRAILACNOR9,106,ON      NM,RUMO S.A.,24150,1839,401795.48,consolidated_010_020
2025-11-27,RAIL3,RAIL3,17.01,17.2,16.73,17.03,17.03,15094546,17.01,17.2,16.73,17.03,1.0,17.2,16.73,0,15094546,22499,256419758.1,1,02,010,BRRAILACNOR9,106,ON      NM,RUMO S.A.,11146,779,189115.1,consolidated_010_020
2025-11-28,RAIL3,RAIL3,16.96,17.15,16.72,16.85,16.85,8218625,16.96,17.15,16.72,16.85,1.0,17.15,16.72,0,8218625,18114,138664594.6,1,02,010,BRRAILACNOR9,106,ON      NM,RUMO S.A.,6825,493,115216.6,consolidated_010_020
2025-12-01,RAIL3,RAIL3,16.75,16.78,16.45,16.58,16.58,7168113,16.75,16.78,16.45,16.58,1.0,16.78,16.45,0,7168113,11584,118693789.41,1,02,010,BRRAILACNOR9,106,ON      NM,RUMO S.A.,6713,411,111288.41,consolidated_010_020
2025-12-02,RAIL3,RAIL3,16.7,16.98,16.49,16.83,16.83,6541166,16.7,16.98,16.49,16.83,1.0,16.98,16.49,0,6541166,14756,109998541.06,1,02,010,BRRAILACNOR9,106,ON      NM,RUMO S.A.,6966,539,116979.06,consolidated_010_020
2025-12-03,RAIL3,RAIL3,16.93,17.0,16.65,16.67,16.67,6395655,16.93,17.0,16.65,16.67,1.0,17.0,16.65,0,6395655,15972,107283475.71,1,02,010,BRRAILACNOR9,106,ON      NM,RUMO S.A.,7655,409,128502.71,consolidated_010_020
2025-12-04,RAIL3,RAIL3,16.86,17.13,16.76,16.89,16.89,5962611,16.86,17.13,16.76,16.89,1.0,17.13,16.76,0,5962611,14784,100833969.77,1,02,010,BRRAILACNOR9,106,ON      NM,RUMO S.A.,6111,359,103356.77,consolidated_010_020
2025-12-05,RAIL3,RAIL3,16.79,16.97,15.95,16.12,16.12,13358251,16.79,16.97,15.95,16.12,1.0,16.97,15.95,0,13358251,27834,217579271.59,1,02,010,BRRAILACNOR9,106,ON      NM,RUMO S.A.,8251,564,134937.59,consolidated_010_020
2025-12-08,RAIL3,RAIL3,16.19,16.23,15.66,15.8,15.8,9809737,16.19,16.23,15.66,15.8,1.0,16.23,15.66,0,9809737,17223,155522529.7,1,02,010,BRRAILACNOR9,106,ON      NM,RUMO S.A.,8737,508,138709.7,consolidated_010_020
2025-12-09,RAIL3,RAIL3,15.69,15.75,15.23,15.57,15.57,7154107,15.69,15.75,15.23,15.57,1.0,15.75,15.23,0,7154107,19291,111313026.27,1,02,010,BRRAILACNOR9,106,ON      NM,RUMO S.A.,7507,627,116900.27,consolidated_010_020
2025-12-10,RAIL3,RAIL3,15.58,15.7,15.46,15.67,15.67,3933963,15.58,15.7,15.46,15.67,1.0,15.7,15.46,0,3933963,9102,61326558.79,1,02,010,BRRAILACNOR9,106,ON      NM,RUMO S.A.,5763,378,89940.79,consolidated_010_020
2025-12-11,RAIL3,RAIL3,15.55,16.01,15.53,15.74,15.74,4057796,15.55,16.01,15.53,15.74,1.0,16.01,15.53,0,4057796,10944,64240075.12,1,02,010,BRRAILACNOR9,106,ON      NM,RUMO S.A.,4496,327,71095.12,consolidated_010_020
2025-12-12,RAIL3,RAIL3,15.81,16.18,15.65,15.79,15.79,10189417,15.81,16.18,15.65,15.79,1.0,16.18,15.65,0,10189417,17928,161895925.78,1,02,010,BRRAILACNOR9,106,ON      NM,RUMO S.A.,9417,579,148663.78,consolidated_010_020
2025-12-15,RAIL3,RAIL3,15.98,15.98,15.71,15.84,15.84,101332897,15.98,15.98,15.71,15.84,1.0,15.98,15.71,0,101332897,14227,1605140053.2,1,02,010,BRRAILACNOR9,106,ON      NM,RUMO S.A.,6097,549,96475.2,consolidated_010_020
2025-12-16,RAIL3,RAIL3,15.37,15.54,14.72,14.74,14.74,19642698,15.37,15.54,14.72,14.74,1.0,15.54,14.72,0,19642698,23373,294443239.53,1,02,010,BRRAILACNOR9,106,ON      NM,RUMO S.A.,21198,1730,319011.53,consolidated_010_020
2025-12-17,RAIL3,RAIL3,14.59,14.64,14.21,14.55,14.55,16334866,14.59,14.64,14.21,14.55,1.0,14.64,14.21,0,16334866,30371,235992886.69,1,02,010,BRRAILACNOR9,106,ON      NM,RUMO S.A.,13266,876,191863.69,consolidated_010_020
2025-12-18,RAIL3,RAIL3,14.4,14.86,14.4,14.65,14.65,8758383,14.4,14.86,14.4,14.65,1.0,14.86,14.4,0,8758383,18579,128849169.26,1,02,010,BRRAILACNOR9,106,ON      NM,RUMO S.A.,7283,471,106667.26,consolidated_010_020
2025-12-19,RAIL3,RAIL3,14.61,14.81,14.46,14.49,14.49,8897906,14.61,14.81,14.46,14.49,1.0,14.81,14.46,0,8897906,19539,129490862.09,1,02,010,BRRAILACNOR9,106,ON      NM,RUMO S.A.,7406,913,107872.09,consolidated_010_020
2025-12-22,RAIL3,RAIL3,14.48,14.63,14.31,14.42,14.42,100258582,14.48,14.63,14.31,14.42,1.0,14.63,14.31,0,100258582,14828,1446023320.83,1,02,010,BRRAILACNOR9,106,ON      NM,RUMO S.A.,6882,569,99382.83,consolidated_010_020
2025-12-23,RAIL3,RAIL3,14.46,14.84,14.39,14.63,14.63,5184092,14.46,14.84,14.39,14.63,1.0,14.84,14.39,0,5184092,8606,75922173.22,1,02,010,BRRAILACNOR9,106,ON      NM,RUMO S.A.,7592,591,111152.22,consolidated_010_020
2025-12-26,RAIL3,RAIL3,14.5,14.79,14.5,14.73,14.73,2248060,14.5,14.79,14.5,14.73,1.0,14.79,14.5,0,2248060,6538,32961357.41,1,02,010,BRRAILACNOR9,106,ON      NM,RUMO S.A.,5560,329,81393.41,consolidated_010_020
2025-12-29,RAIL3,RAIL3,14.61,14.8,14.52,14.61,14.61,7146415,14.61,14.8,14.52,14.61,1.0,14.8,14.52,0,7146415,10757,104520247.13,1,02,010,BRRAILACNOR9,106,ON      NM,RUMO S.A.,6315,465,92480.13,consolidated_010_020
2025-12-30,RAIL3,RAIL3,14.69,14.81,14.6,14.76,14.76,5321513,14.69,14.81,14.6,14.76,1.0,14.81,14.6,0,5321513,11778,78384435.11,1,02,010,BRRAILACNOR9,106,ON      NM,RUMO S.A.,5313,337,78153.11,consolidated_010_020
2026-01-02,RAIL3,RAIL3,14.78,14.83,14.62,14.75,14.75,3959095,14.78,14.83,14.62,14.75,1.0,14.83,14.62,0,3959095,9936,58223043.95,1,02,010,BRRAILACNOR9,106,ON      NM,RUMO S.A.,6695,428,98752.95,consolidated_010_020
2026-01-05,RAIL3,RAIL3,14.79,14.93,14.68,14.84,14.84,3888345,14.79,14.93,14.68,14.84,1.0,14.93,14.68,0,3888345,8745,57730636.58,1,02,010,BRRAILACNOR9,106,ON      NM,RUMO S.A.,6845,405,101556.58,consolidated_010_020
2026-01-06,RAIL3,RAIL3,14.9,15.14,14.84,14.84,14.84,7889947,14.9,15.14,14.84,14.84,1.0,15.14,14.84,0,7889947,14909,118158654.61,1,02,010,BRRAILACNOR9,106,ON      NM,RUMO S.A.,8447,528,126619.61,consolidated_010_020
2026-01-07,RAIL3,RAIL3,14.8,14.9,14.51,14.66,14.66,6371960,14.8,14.9,14.51,14.66,1.0,14.9,14.51,0,6371960,14954,93155345.38,1,02,010,BRRAILACNOR9,106,ON      NM,RUMO S.A.,7160,640,104984.38,consolidated_010_020
2026-01-08,RAIL3,RAIL3,14.67,14.97,14.59,14.84,14.84,8516069,14.67,14.97,14.59,14.84,1.0,14.97,14.59,0,8516069,9692,126454770.58,1,02,010,BRRAILACNOR9,106,ON      NM,RUMO S.A.,5369,379,79524.58,consolidated_010_020
2026-01-09,RAIL3,RAIL3,14.86,15.07,14.77,14.83,14.83,10910144,14.86,15.07,14.77,14.83,1.0,15.07,14.77,0,10910144,11258,163016735.45,1,02,010,BRRAILACNOR9,106,ON      NM,RUMO S.A.,5044,419,75202.45,consolidated_010_020
2026-01-12,RAIL3,RAIL3,14.73,15.21,14.73,14.89,14.89,14966215,14.73,15.21,14.73,14.89,1.0,15.21,14.73,0,14966215,17332,224186559.26,1,02,010,BRRAILACNOR9,106,ON      NM,RUMO S.A.,22715,992,339840.26,consolidated_010_020
2026-01-13,RAIL3,RAIL3,14.78,14.88,14.18,14.31,14.31,14858291,14.78,14.88,14.18,14.31,1.0,14.88,14.18,0,14858291,19745,213568571.75,1,02,010,BRRAILACNOR9,106,ON      NM,RUMO S.A.,20491,1687,293622.75,consolidated_010_020
2026-01-14,RAIL3,RAIL3,14.43,14.49,13.63,13.7,13.7,19913464,14.43,14.49,13.63,13.7,1.0,14.49,13.63,0,19913464,23947,276557147.41,1,02,010,BRRAILACNOR9,106,ON      NM,RUMO S.A.,27964,2435,388732.41,consolidated_010_020
2026-01-15,RAIL3,RAIL3,13.86,13.86,13.56,13.73,13.73,11349986,13.86,13.86,13.56,13.73,1.0,13.86,13.56,0,11349986,18317,155871118.1,1,02,010,BRRAILACNOR9,106,ON      NM,RUMO S.A.,17286,1004,237562.1,consolidated_010_020
2026-01-16,RAIL3,RAIL3,13.75,13.76,13.46,13.6,13.6,9419978,13.75,13.76,13.46,13.6,1.0,13.76,13.46,0,9419978,16248,127995624.4,1,02,010,BRRAILACNOR9,106,ON      NM,RUMO S.A.,12478,1124,169864.4,consolidated_010_020
2026-01-19,RAIL3,RAIL3,13.56,13.64,13.39,13.54,13.54,3850046,13.56,13.64,13.39,13.54,1.0,13.64,13.39,0,3850046,8600,51997068.35,1,02,010,BRRAILACNOR9,106,ON      NM,RUMO S.A.,8446,647,114077.35,consolidated_010_020
2026-01-20,RAIL3,RAIL3,13.42,13.56,13.31,13.4,13.4,6620869,13.42,13.56,13.31,13.4,1.0,13.56,13.31,0,6620869,13013,88820967.25,1,02,010,BRRAILACNOR9,106,ON      NM,RUMO S.A.,10269,883,137774.25,consolidated_010_020
2026-01-21,RAIL3,RAIL3,13.55,14.11,13.52,14.05,14.05,41187036,13.55,14.11,13.52,14.05,1.0,14.11,13.52,0,41187036,25336,565579089.23,1,02,010,BRRAILACNOR9,106,ON      NM,RUMO S.A.,10836,898,149808.23,consolidated_010_020
2026-01-22,RAIL3,RAIL3,14.0,14.49,14.0,14.22,14.22,16603836,14.0,14.49,14.0,14.22,1.0,14.49,14.0,0,16603836,40081,237281124.29,1,02,010,BRRAILACNOR9,106,ON      NM,RUMO S.A.,10136,1002,144899.29,consolidated_010_020
2026-01-23,RAIL3,RAIL3,14.22,14.98,14.13,14.81,14.81,14175417,14.22,14.98,14.13,14.81,1.0,14.98,14.13,0,14175417,25873,207203476.01,1,02,010,BRRAILACNOR9,106,ON      NM,RUMO S.A.,10517,1073,153725.01,consolidated_010_020
2026-01-26,RAIL3,RAIL3,14.87,14.94,14.6,14.85,14.85,9121406,14.87,14.94,14.6,14.85,1.0,14.94,14.6,0,9121406,20100,135161262.8,1,02,010,BRRAILACNOR9,106,ON      NM,RUMO S.A.,8406,759,124409.8,consolidated_010_020
2026-01-27,RAIL3,RAIL3,14.95,15.19,14.86,15.05,15.05,16915404,14.95,15.19,14.86,15.05,1.0,15.19,14.86,0,16915404,24137,254794647.45,1,02,010,BRRAILACNOR9,106,ON      NM,RUMO S.A.,11604,975,174844.45,consolidated_010_020
2026-01-28,RAIL3,RAIL3,15.1,15.45,14.92,15.15,15.15,18526160,15.1,15.45,14.92,15.15,1.0,15.45,14.92,0,18526160,25214,281186854.07,1,02,010,BRRAILACNOR9,106,ON      NM,RUMO S.A.,9960,885,151317.07,consolidated_010_020
2026-01-29,RAIL3,RAIL3,15.34,15.34,14.6,14.88,14.88,13726566,15.34,15.34,14.6,14.88,1.0,15.34,14.6,0,13726566,24446,204048895.18,1,02,010,BRRAILACNOR9,106,ON      NM,RUMO S.A.,7766,630,116023.18,consolidated_010_020
2026-01-30,RAIL3,RAIL3,14.81,14.93,14.62,14.76,14.76,12212765,14.81,14.93,14.62,14.76,1.0,14.93,14.62,0,12212765,24425,180144042.01,1,02,010,BRRAILACNOR9,106,ON      NM,RUMO S.A.,10465,866,154428.01,consolidated_010_020
2026-02-02,RAIL3,RAIL3,14.94,14.97,14.63,14.75,14.75,8867350,14.94,14.97,14.63,14.75,1.0,14.97,14.63,0,8867350,20722,130765785.69,1,02,010,BRRAILACNOR9,106,ON      NM,RUMO S.A.,8850,784,130792.69,consolidated_010_020
2026-02-03,RAIL3,RAIL3,14.95,15.08,14.77,15.07,15.07,16334726,14.95,15.08,14.77,15.07,1.0,15.08,14.77,0,16334726,23375,244764062.66,1,02,010,BRRAILACNOR9,106,ON      NM,RUMO S.A.,7326,650,109580.66,consolidated_010_020
2026-02-04,RAIL3,RAIL3,15.0,15.27,14.87,15.27,15.27,14830505,15.0,15.27,14.87,15.27,1.0,15.27,14.87,0,14830505,25879,223921327.95,1,02,010,BRRAILACNOR9,106,ON      NM,RUMO S.A.,7905,990,119411.95,consolidated_010_020
2026-02-05,RAIL3,RAIL3,15.31,15.4,15.1,15.19,15.19,7919347,15.31,15.4,15.1,15.19,1.0,15.4,15.1,0,7919347,17335,120828526.14,1,02,010,BRRAILACNOR9,106,ON      NM,RUMO S.A.,6247,642,95413.14,consolidated_010_020
2026-02-06,RAIL3,RAIL3,15.11,15.39,14.85,15.25,15.25,11515552,15.11,15.39,14.85,15.25,1.0,15.39,14.85,0,11515552,19894,175308710.88,1,02,010,BRRAILACNOR9,106,ON      NM,RUMO S.A.,6452,497,98123.88,consolidated_010_020
2026-02-09,RAIL3,RAIL3,15.32,15.52,15.12,15.47,15.47,7724021,15.32,15.52,15.12,15.47,1.0,15.52,15.12,0,7724021,16065,118557464.0,1,02,010,BRRAILACNOR9,106,ON      NM,RUMO S.A.,7321,785,112610.0,consolidated_010_020
2026-02-10,RAIL3,RAIL3,15.47,16.1,15.37,15.9,15.9,20362147,15.47,16.1,15.37,15.9,1.0,16.1,15.37,0,20362147,23193,323247088.66,1,02,010,BRRAILACNOR9,106,ON      NM,RUMO S.A.,13147,1112,208997.66,consolidated_010_020
2026-02-11,RAIL3,RAIL3,16.06,16.52,15.9,16.45,16.45,17637122,16.06,16.52,15.9,16.45,1.0,16.52,15.9,0,17637122,24581,286617279.06,1,02,010,BRRAILACNOR9,106,ON      NM,RUMO S.A.,10922,1028,178173.06,consolidated_010_020
2026-02-12,RAIL3,RAIL3,16.27,16.53,16.18,16.29,16.29,10547148,16.27,16.53,16.18,16.29,1.0,16.53,16.18,0,10547148,16679,172290295.17,1,02,010,BRRAILACNOR9,106,ON      NM,RUMO S.A.,6948,516,113664.17,consolidated_010_020
2026-02-13,RAIL3,RAIL3,15.86,16.28,15.8,16.24,16.24,8348328,15.86,16.28,15.8,16.24,1.0,16.28,15.8,0,8348328,21964,134436431.31,1,02,010,BRRAILACNOR9,106,ON      NM,RUMO S.A.,7328,498,117962.31,consolidated_010_020
2026-02-18,RAIL3,RAIL3,16.08,16.17,15.91,16.1,16.1,7171819,16.08,16.17,15.91,16.1,1.0,16.17,15.91,0,7171819,14837,114830941.92,1,02,010,BRRAILACNOR9,106,ON      NM,RUMO S.A.,5419,373,86833.92,consolidated_010_020
2026-02-19,RAIL3,RAIL3,16.13,16.45,16.06,16.45,16.45,5313334,16.13,16.45,16.06,16.45,1.0,16.45,16.06,0,5313334,12304,86914137.4,1,02,010,BRRAILACNOR9,106,ON      NM,RUMO S.A.,6534,555,106657.4,consolidated_010_020
2026-02-20,RAIL3,RAIL3,16.27,16.66,16.19,16.51,16.51,7494478,16.27,16.66,16.19,16.51,1.0,16.66,16.19,0,7494478,14221,123375382.03,1,02,010,BRRAILACNOR9,106,ON      NM,RUMO S.A.,6478,533,106566.03,consolidated_010_020
2026-02-23,RAIL3,RAIL3,16.6,16.97,16.44,16.69,16.69,14232735,16.6,16.97,16.44,16.69,1.0,16.97,16.44,0,14232735,24346,237467373.05,1,02,010,BRRAILACNOR9,106,ON      NM,RUMO S.A.,7835,870,130685.05,consolidated_010_020
2026-02-24,RAIL3,RAIL3,16.77,17.4,16.77,17.16,17.16,22107905,16.77,17.4,16.77,17.16,1.0,17.4,16.77,0,22107905,41370,379906138.63,1,02,010,BRRAILACNOR9,106,ON      NM,RUMO S.A.,12505,1144,214913.63,consolidated_010_020
2026-02-25,RAIL3,RAIL3,17.3,17.3,16.58,16.67,16.67,8987280,17.3,17.3,16.58,16.67,1.0,17.3,16.58,0,8987280,22414,150853561.74,1,02,010,BRRAILACNOR9,106,ON      NM,RUMO S.A.,8180,680,137407.74,consolidated_010_020
2026-02-26,RAIL3,RAIL3,16.71,16.79,16.37,16.63,16.63,8376676,16.71,16.79,16.37,16.63,1.0,16.79,16.37,0,8376676,16350,138563235.28,1,02,010,BRRAILACNOR9,106,ON      NM,RUMO S.A.,7776,441,128723.28,consolidated_010_020
2026-02-27,RAIL3,RAIL3,16.53,16.54,15.92,15.97,15.97,14733011,16.53,16.54,15.92,15.97,1.0,16.54,15.92,0,14733011,21094,236559142.22,1,02,010,BRRAILACNOR9,106,ON      NM,RUMO S.A.,11411,910,183969.22,consolidated_010_020
2026-03-02,RAIL3,RAIL3,15.67,15.9,15.5,15.75,15.75,6822832,15.67,15.9,15.5,15.75,1.0,15.9,15.5,0,6822832,16912,107209001.29,1,02,010,BRRAILACNOR9,106,ON      NM,RUMO S.A.,9332,875,146732.29,consolidated_010_020
2026-03-03,RAIL3,RAIL3,15.09,15.57,14.89,15.47,15.47,12449590,15.09,15.57,14.89,15.47,1.0,15.57,14.89,0,12449590,26058,189471750.52,1,02,010,BRRAILACNOR9,106,ON      NM,RUMO S.A.,9990,801,152031.52,consolidated_010_020
2026-03-04,RAIL3,RAIL3,15.6,15.84,15.56,15.72,15.72,6693597,15.6,15.84,15.56,15.72,1.0,15.84,15.56,0,6693597,13345,105246343.41,1,02,010,BRRAILACNOR9,106,ON      NM,RUMO S.A.,5797,380,91104.41,consolidated_010_020
2026-03-05,RAIL3,RAIL3,15.67,16.09,15.3,15.62,15.62,13880566,15.67,16.09,15.3,15.62,1.0,16.09,15.3,0,13880566,30988,218631153.17,1,02,010,BRRAILACNOR9,106,ON      NM,RUMO S.A.,14766,911,231552.17,consolidated_010_020
2026-03-06,RAIL3,RAIL3,15.4,15.72,15.25,15.48,15.48,11895637,15.4,15.72,15.25,15.48,1.0,15.72,15.25,0,11895637,28213,185125995.85,1,02,010,BRRAILACNOR9,106,ON      NM,RUMO S.A.,6937,614,107980.85,consolidated_010_020
2026-03-09,RAIL3,RAIL3,15.51,16.16,15.42,15.94,15.94,15624919,15.51,16.16,15.42,15.94,1.0,16.16,15.42,0,15624919,33313,248215561.81,1,02,010,BRRAILACNOR9,106,ON      NM,RUMO S.A.,7419,498,117811.81,consolidated_010_020
2026-03-10,RAIL3,RAIL3,16.36,17.36,16.11,17.05,17.05,21542843,16.36,17.36,16.11,17.05,1.0,17.36,16.11,0,21542843,39709,364214092.61,1,02,010,BRRAILACNOR9,106,ON      NM,RUMO S.A.,13543,1380,228800.61,consolidated_010_020
2026-03-11,RAIL3,RAIL3,16.82,17.39,16.58,17.1,17.1,7675593,16.82,17.39,16.58,17.1,1.0,17.39,16.58,0,7675593,18915,130897658.54,1,02,010,BRRAILACNOR9,106,ON      NM,RUMO S.A.,7693,624,130980.54,consolidated_010_020
2026-03-12,RAIL3,RAIL3,16.61,16.91,16.32,16.48,16.48,12276868,16.61,16.91,16.32,16.48,1.0,16.91,16.32,0,12276868,24104,202624735.66,1,02,010,BRRAILACNOR9,106,ON      NM,RUMO S.A.,6768,474,111560.66,consolidated_010_020
2026-03-13,RAIL3,RAIL3,16.62,16.72,16.14,16.26,16.26,7202842,16.62,16.72,16.14,16.26,1.0,16.72,16.14,0,7202842,16557,118090317.34,1,02,010,BRRAILACNOR9,106,ON      NM,RUMO S.A.,6342,431,103790.34,consolidated_010_020
2026-03-16,RAIL3,RAIL3,16.57,16.74,16.26,16.4,16.4,7304042,16.57,16.74,16.26,16.4,1.0,16.74,16.26,0,7304042,21106,120064738.14,1,02,010,BRRAILACNOR9,106,ON      NM,RUMO S.A.,6142,501,100857.14,consolidated_010_020
2026-03-17,RAIL3,RAIL3,16.41,16.7,16.08,16.31,16.31,6489355,16.41,16.7,16.08,16.31,1.0,16.7,16.08,0,6489355,19676,106062360.65,1,02,010,BRRAILACNOR9,106,ON      NM,RUMO S.A.,8155,664,133258.65,consolidated_010_020
2026-03-18,RAIL3,RAIL3,16.2,16.45,16.03,16.08,16.08,10468741,16.2,16.45,16.03,16.08,1.0,16.45,16.03,0,10468741,26040,169351798.04,1,02,010,BRRAILACNOR9,106,ON      NM,RUMO S.A.,6241,422,101021.04,consolidated_010_020
2026-03-19,RAIL3,RAIL3,15.82,16.41,15.6,16.19,16.19,9128888,15.82,16.41,15.6,16.19,1.0,16.41,15.6,0,9128888,22951,146923773.23,1,02,010,BRRAILACNOR9,106,ON      NM,RUMO S.A.,8288,591,133308.23,consolidated_010_020
2026-03-20,RAIL3,RAIL3,16.19,16.3,15.85,16.12,16.12,11683696,16.19,16.3,15.85,16.12,1.0,16.3,15.85,0,11683696,20763,188075557.76,1,02,010,BRRAILACNOR9,106,ON      NM,RUMO S.A.,7296,513,116862.76,consolidated_010_020
2026-03-23,RAIL3,RAIL3,16.43,16.92,16.4,16.85,16.85,8515165,16.43,16.92,16.4,16.85,1.0,16.92,16.4,0,8515165,20682,142952698.56,1,02,010,BRRAILACNOR9,106,ON      NM,RUMO S.A.,8865,631,148375.56,consolidated_010_020
2026-03-24,RAIL3,RAIL3,16.75,16.86,16.42,16.52,16.52,10970546,16.75,16.86,16.42,16.52,1.0,16.86,16.42,0,10970546,18812,181965409.75,1,02,010,BRRAILACNOR9,106,ON      NM,RUMO S.A.,5946,450,98624.75,consolidated_010_020
2026-03-25,RAIL3,RAIL3,16.75,16.87,16.48,16.61,16.61,10819836,16.75,16.87,16.48,16.61,1.0,16.87,16.48,0,10819836,16537,180005656.09,1,02,010,BRRAILACNOR9,106,ON      NM,RUMO S.A.,5036,313,83749.09,consolidated_010_020
2026-03-26,RAIL3,RAIL3,16.27,16.34,15.95,16.0,16.0,10109530,16.27,16.34,15.95,16.0,1.0,16.34,15.95,0,10109530,26162,162548684.07,1,02,010,BRRAILACNOR9,106,ON      NM,RUMO S.A.,5930,602,95445.07,consolidated_010_020
2026-03-27,RAIL3,RAIL3,16.0,16.16,15.6,15.73,15.73,8724090,16.0,16.16,15.6,15.73,1.0,16.16,15.6,0,8724090,16896,137534218.8,1,02,010,BRRAILACNOR9,106,ON      NM,RUMO S.A.,4690,420,73916.8,consolidated_010_020
2026-03-30,RAIL3,RAIL3,15.85,15.91,15.5,15.6,15.6,7918752,15.85,15.91,15.5,15.6,1.0,15.91,15.5,0,7918752,26787,124246275.24,1,02,010,BRRAILACNOR9,106,ON      NM,RUMO S.A.,5052,410,79250.24,consolidated_010_020
2026-03-31,RAIL3,RAIL3,15.79,16.37,15.67,16.25,16.25,10669503,15.79,16.37,15.67,16.25,1.0,16.37,15.67,0,10669503,22342,172717843.72,1,02,010,BRRAILACNOR9,106,ON      NM,RUMO S.A.,6703,598,108250.72,consolidated_010_020
2026-04-01,RAIL3,RAIL3,16.4,16.62,16.17,16.18,16.18,15656482,16.4,16.62,16.17,16.18,1.0,16.62,16.17,0,15656482,31309,255860290.94,1,02,010,BRRAILACNOR9,106,ON      NM,RUMO S.A.,7682,884,125579.94,consolidated_010_020
2026-04-02,RAIL3,RAIL3,15.79,16.4,15.68,16.1,16.1,10502563,15.79,16.4,15.68,16.1,1.0,16.4,15.68,0,10502563,23673,169775612.48,1,02,010,BRRAILACNOR9,106,ON      NM,RUMO S.A.,5863,527,94525.48,consolidated_010_020
2026-04-06,RAIL3,RAIL3,16.24,16.24,15.93,15.93,15.93,6950749,16.24,16.24,15.93,15.93,1.0,16.24,15.93,0,6950749,15746,111359395.9,1,02,010,BRRAILACNOR9,106,ON      NM,RUMO S.A.,4949,802,79396.9,consolidated_010_020
2026-04-07,RAIL3,RAIL3,15.9,16.49,15.77,16.4,16.4,14845447,15.9,16.49,15.77,16.4,1.0,16.49,15.77,0,14845447,32246,240903325.03,1,02,010,BRRAILACNOR9,106,ON      NM,RUMO S.A.,6647,900,107443.03,consolidated_010_020
2026-04-08,RAIL3,RAIL3,17.27,17.34,16.05,16.14,16.14,17778146,17.27,17.34,16.05,16.14,1.0,17.34,16.05,0,17778146,45593,290989159.53,1,02,010,BRRAILACNOR9,106,ON      NM,RUMO S.A.,10746,1614,176131.53,consolidated_010_020
2026-04-09,RAIL3,RAIL3,16.28,16.38,16.02,16.12,16.12,11595183,16.28,16.38,16.02,16.12,1.0,16.38,16.02,0,11595183,33128,188013390.92,1,02,010,BRRAILACNOR9,106,ON      NM,RUMO S.A.,6783,665,109823.92,consolidated_010_020
2026-04-10,RAIL3,RAIL3,16.27,16.54,16.09,16.43,16.43,20239057,16.27,16.54,16.09,16.43,1.0,16.54,16.09,0,20239057,34710,332417236.17,1,02,010,BRRAILACNOR9,106,ON      NM,RUMO S.A.,6757,513,110822.17,consolidated_010_020
2026-04-13,RAIL3,RAIL3,16.35,16.35,15.68,16.24,16.24,19010231,16.35,16.35,15.68,16.24,1.0,16.35,15.68,0,19010231,25284,304209097.72,1,02,010,BRRAILACNOR9,106,ON      NM,RUMO S.A.,12531,1317,200752.72,consolidated_010_020
2026-04-14,RAIL3,RAIL3,16.33,17.05,16.26,16.92,16.92,15743958,16.33,17.05,16.26,16.92,1.0,17.05,16.26,0,15743958,25480,264819474.09,1,02,010,BRRAILACNOR9,106,ON      NM,RUMO S.A.,11258,1165,189111.09,consolidated_010_020
2026-04-15,RAIL3,RAIL3,16.85,17.1,16.81,16.96,16.96,10361321,16.85,17.1,16.81,16.96,1.0,17.1,16.81,0,10361321,17884,175084441.74,1,02,010,BRRAILACNOR9,106,ON      NM,RUMO S.A.,7021,534,119030.74,consolidated_010_020
2026-04-16,RAIL3,RAIL3,17.01,17.01,16.48,16.59,16.59,54578750,17.01,17.01,16.48,16.59,1.0,17.01,16.48,0,54578750,10400,906113155.76,1,02,010,BRRAILACNOR9,106,ON      NM,RUMO S.A.,4950,488,82706.76,consolidated_010_020
2026-04-17,RAIL3,RAIL3,16.98,17.13,16.54,16.55,16.55,15442056,16.98,17.13,16.54,16.55,1.0,17.13,16.54,0,15442056,29971,259304150.09,1,02,010,BRRAILACNOR9,106,ON      NM,RUMO S.A.,7256,502,121322.09,consolidated_010_020
2026-04-20,RAIL3,RAIL3,16.65,16.68,16.26,16.47,16.47,9327592,16.65,16.68,16.26,16.47,1.0,16.68,16.26,0,9327592,18332,153819705.45,1,02,010,BRRAILACNOR9,106,ON      NM,RUMO S.A.,6792,1380,111958.45,consolidated_010_020
2026-04-22,RAIL3,RAIL3,16.42,16.54,16.03,16.23,16.23,10362874,16.42,16.54,16.03,16.23,1.0,16.54,16.03,0,10362874,23012,167882208.55,1,02,010,BRRAILACNOR9,106,ON      NM,RUMO S.A.,6074,555,98881.55,consolidated_010_020
2026-04-23,RAIL3,RAIL3,16.01,16.33,15.92,15.92,15.92,16622592,16.01,16.33,15.92,15.92,1.0,16.33,15.92,0,16622592,20718,268107418.88,1,02,010,BRRAILACNOR9,106,ON      NM,RUMO S.A.,6992,603,112513.88,consolidated_010_020
2026-04-24,RAIL3,RAIL3,15.99,16.26,15.63,15.82,15.82,20346895,15.99,16.26,15.63,15.82,1.0,16.26,15.63,0,20346895,16782,322359800.29,1,02,010,BRRAILACNOR9,106,ON      NM,RUMO S.A.,5895,571,93399.29,consolidated_010_020
2026-04-27,RAIL3,RAIL3,15.82,16.04,15.55,15.6,15.6,5092976,15.82,16.04,15.55,15.6,1.0,16.04,15.55,0,5092976,16256,80039085.13,1,02,010,BRRAILACNOR9,106,ON      NM,RUMO S.A.,6276,656,98866.13,consolidated_010_020
2026-04-28,RAIL3,RAIL3,15.52,15.59,15.25,15.59,15.59,10519332,15.52,15.59,15.25,15.59,1.0,15.59,15.25,0,10519332,12889,162682882.27,1,02,010,BRRAILACNOR9,106,ON      NM,RUMO S.A.,5232,496,80916.27,consolidated_010_020
2026-04-29,RAIL3,RAIL3,15.29,15.65,15.26,15.47,15.47,8822989,15.29,15.65,15.26,15.47,1.0,15.65,15.26,0,8822989,18039,136070963.27,1,02,010,BRRAILACNOR9,107,ON  ED  NM,RUMO S.A.,6989,526,107516.27,consolidated_010_020
2026-04-30,RAIL3,RAIL3,15.63,15.89,15.51,15.73,15.73,7128987,15.63,15.89,15.51,15.73,1.0,15.89,15.51,0,7128987,16561,112375418.04,1,02,010,BRRAILACNOR9,107,ON  ED  NM,RUMO S.A.,6887,591,108787.04,consolidated_010_020
2026-05-04,RAIL3,RAIL3,15.8,16.33,15.72,16.24,16.24,10808021,15.8,16.33,15.72,16.24,1.0,16.33,15.72,0,10808021,17411,173842919.7,1,02,010,BRRAILACNOR9,107,ON  ED  NM,RUMO S.A.,8221,639,131920.7,consolidated_010_020
2026-05-05,RAIL3,RAIL3,16.01,16.45,16.01,16.29,16.29,28881325,16.01,16.45,16.01,16.29,1.0,16.45,16.01,0,28881325,19471,471894503.62,1,02,010,BRRAILACNOR9,107,ON  ED  NM,RUMO S.A.,5525,457,89979.62,consolidated_010_020
2026-05-06,RAIL3,RAIL3,16.43,16.9,16.32,16.69,16.69,6511322,16.43,16.9,16.32,16.69,1.0,16.9,16.32,0,6511322,18296,108525666.69,1,02,010,BRRAILACNOR9,107,ON  ED  NM,RUMO S.A.,6022,570,100644.69,consolidated_010_020
2026-05-07,RAIL3,RAIL3,16.55,16.67,16.16,16.29,16.29,11195160,16.55,16.67,16.16,16.29,1.0,16.67,16.16,0,11195160,14239,183482171.38,1,02,010,BRRAILACNOR9,107,ON  ED  NM,RUMO S.A.,6560,505,107837.38,consolidated_010_020
2026-05-08,RAIL3,RAIL3,16.72,17.14,16.42,16.93,16.93,19976944,16.72,17.14,16.42,16.93,1.0,17.14,16.42,0,19976944,30434,336375705.01,1,02,010,BRRAILACNOR9,107,ON  ED  NM,RUMO S.A.,7444,677,125423.01,consolidated_010_020
2026-05-11,RAIL3,RAIL3,16.77,16.92,16.03,16.18,16.18,16688840,16.77,16.92,16.03,16.18,1.0,16.92,16.03,0,16688840,32079,271983869.29,1,02,010,BRRAILACNOR9,107,ON  ED  NM,RUMO S.A.,8240,861,134976.29,consolidated_010_020
2026-05-12,RAIL3,RAIL3,16.07,16.18,15.6,15.75,15.75,14270234,16.07,16.18,15.6,15.75,1.0,16.18,15.6,0,14270234,24436,226155307.48,1,02,010,BRRAILACNOR9,107,ON      NM,RUMO S.A.,8934,722,141912.48,consolidated_010_020
2026-05-13,RAIL3,RAIL3,15.68,15.74,15.25,15.29,15.29,16004623,15.68,15.74,15.25,15.29,1.0,15.74,15.25,0,16004623,26685,247525110.78,1,02,010,BRRAILACNOR9,107,ON      NM,RUMO S.A.,8323,584,128819.78,consolidated_010_020
2026-05-14,RAIL3,RAIL3,15.41,15.55,15.21,15.27,15.27,19694221,15.41,15.55,15.21,15.27,1.0,15.55,15.21,0,19694221,29145,302547371.91,1,02,010,BRRAILACNOR9,107,ON      NM,RUMO S.A.,6821,561,104793.91,consolidated_010_020
2026-05-15,RAIL3,RAIL3,15.0,15.22,14.8,14.97,14.97,17438949,15.0,15.22,14.8,14.97,1.0,15.22,14.8,0,17438949,21902,261385947.49,1,02,010,BRRAILACNOR9,107,ON      NM,RUMO S.A.,9649,808,144825.49,consolidated_010_020
2026-05-18,RAIL3,RAIL3,14.97,15.17,14.72,14.9,14.9,15284789,14.97,15.17,14.72,14.9,1.0,15.17,14.72,0,15284789,19235,227360645.1,1,02,010,BRRAILACNOR9,107,ON      NM,RUMO S.A.,8589,671,127986.1,consolidated_010_020
2026-05-19,RAIL3,RAIL3,14.78,14.84,14.5,14.61,14.61,10606070,14.78,14.84,14.5,14.61,1.0,14.84,14.5,0,10606070,15203,155081576.63,1,02,010,BRRAILACNOR9,107,ON      NM,RUMO S.A.,7270,704,106476.63,consolidated_010_020
2026-05-20,RAIL3,RAIL3,14.74,15.26,14.65,15.02,15.02,21116509,14.74,15.26,14.65,15.02,1.0,15.26,14.65,0,21116509,25920,317204238.91,1,02,010,BRRAILACNOR9,107,ON      NM,RUMO S.A.,6609,498,99532.91,consolidated_010_020
2026-05-21,RAIL3,RAIL3,14.92,14.95,14.63,14.67,14.67,12992069,14.92,14.95,14.63,14.67,1.0,14.95,14.63,0,12992069,14366,191548690.21,1,02,010,BRRAILACNOR9,107,ON      NM,RUMO S.A.,5569,491,82138.21,consolidated_010_020
2026-05-22,RAIL3,RAIL3,14.6,14.61,14.07,14.21,14.21,14257576,14.6,14.61,14.07,14.21,1.0,14.61,14.07,0,14257576,15791,204498651.35,1,02,010,BRRAILACNOR9,107,ON      NM,RUMO S.A.,7676,846,110139.35,consolidated_010_020
2026-05-25,RAIL3,RAIL3,14.42,14.51,14.3,14.36,14.36,4227387,14.42,14.51,14.3,14.36,1.0,14.51,14.3,0,4227387,9564,60895701.72,1,02,010,BRRAILACNOR9,107,ON      NM,RUMO S.A.,5887,540,84809.72,consolidated_010_020
2026-05-26,RAIL3,RAIL3,14.21,14.26,13.95,14.25,14.25,11883331,14.21,14.26,13.95,14.25,1.0,14.26,13.95,0,11883331,20345,168302437.85,1,02,010,BRRAILACNOR9,107,ON      NM,RUMO S.A.,6831,677,96751.85,consolidated_010_020
2026-05-27,RAIL3,RAIL3,14.45,14.45,13.98,14.05,14.05,8628074,14.45,14.45,13.98,14.05,1.0,14.45,13.98,0,8628074,11389,121810442.68,1,02,010,BRRAILACNOR9,107,ON      NM,RUMO S.A.,7174,612,101442.68,consolidated_010_020
2026-05-28,RAIL3,RAIL3,14.13,14.13,13.76,13.85,13.85,9671081,14.13,14.13,13.76,13.85,1.0,14.13,13.76,0,9671081,18249,134283409.18,1,02,010,BRRAILACNOR9,107,ON      NM,RUMO S.A.,9481,846,131588.18,consolidated_010_020
2026-05-29,RAIL3,RAIL3,13.86,13.91,13.56,13.72,13.72,21929959,13.86,13.91,13.56,13.72,1.0,13.91,13.56,0,21929959,20961,300760064.12,1,02,010,BRRAILACNOR9,107,ON      NM,RUMO S.A.,11059,818,151980.12,consolidated_010_020
2026-06-01,RAIL3,RAIL3,13.79,14.1,13.72,13.92,13.92,10652794,13.79,14.1,13.72,13.92,1.0,14.1,13.72,0,10652794,18541,148360987.03,1,02,010,BRRAILACNOR9,107,ON      NM,RUMO S.A.,9994,836,138896.03,consolidated_010_020
2026-06-02,RAIL3,RAIL3,14.0,14.37,13.96,14.19,14.19,8824620,14.0,14.37,13.96,14.19,1.0,14.37,13.96,0,8824620,12759,125077660.46,1,02,010,BRRAILACNOR9,107,ON      NM,RUMO S.A.,6720,596,95446.46,consolidated_010_020
2026-06-03,RAIL3,RAIL3,13.84,14.16,13.69,13.89,13.89,11992099,13.84,14.16,13.69,13.89,1.0,14.16,13.69,0,11992099,23592,166307811.17,1,02,010,BRRAILACNOR9,107,ON      NM,RUMO S.A.,8499,834,117491.17,consolidated_010_020
2026-06-05,RAIL3,RAIL3,13.84,14.01,13.75,13.94,13.94,6479327,13.84,14.01,13.75,13.94,1.0,14.01,13.75,0,6479327,10839,90083507.75,1,02,010,BRRAILACNOR9,107,ON      NM,RUMO S.A.,5827,554,80814.75,consolidated_010_020
2026-06-08,RAIL3,RAIL3,13.86,13.94,13.42,13.52,13.52,39313808,13.86,13.94,13.42,13.52,1.0,13.94,13.42,0,39313808,19150,542344582.67,1,02,010,BRRAILACNOR9,107,ON      NM,RUMO S.A.,10208,966,138700.67,consolidated_010_020
2026-06-09,RAIL3,RAIL3,13.62,13.8,13.41,13.49,13.49,7774047,13.62,13.8,13.41,13.49,1.0,13.8,13.41,0,7774047,15107,105318590.18,1,02,010,BRRAILACNOR9,107,ON      NM,RUMO S.A.,6747,591,91599.18,consolidated_010_020
2026-06-10,RAIL3,RAIL3,13.5,13.74,13.3,13.3,13.3,14748504,13.5,13.74,13.3,13.3,1.0,13.74,13.3,0,14748504,14487,198479428.49,1,02,010,BRRAILACNOR9,107,ON      NM,RUMO S.A.,7404,606,99505.49,consolidated_010_020
2026-06-11,RAIL3,RAIL3,13.3,13.62,13.13,13.49,13.49,6805395,13.3,13.62,13.13,13.49,1.0,13.62,13.13,0,6805395,13247,90823017.29,1,02,010,BRRAILACNOR9,107,ON      NM,RUMO S.A.,8195,681,109401.29,consolidated_010_020
2026-06-12,RAIL3,RAIL3,13.36,13.61,13.25,13.36,13.36,5634721,13.36,13.61,13.25,13.36,1.0,13.61,13.25,0,5634721,14900,75250904.58,1,02,010,BRRAILACNOR9,107,ON      NM,RUMO S.A.,5921,656,79059.58,consolidated_010_020
2026-06-15,RAIL3,RAIL3,13.59,13.79,13.27,13.27,13.27,8959877,13.59,13.79,13.27,13.27,1.0,13.79,13.27,0,8959877,15653,120280174.54,1,02,010,BRRAILACNOR9,107,ON      NM,RUMO S.A.,7477,632,100364.54,consolidated_010_020
2026-06-16,RAIL3,RAIL3,13.25,13.28,12.94,13.03,13.03,9639654,13.25,13.28,12.94,13.03,1.0,13.28,12.94,0,9639654,18473,125671530.35,1,02,010,BRRAILACNOR9,107,ON      NM,RUMO S.A.,10154,848,132591.35,consolidated_010_020
2026-06-17,RAIL3,RAIL3,13.17,13.23,12.45,12.45,12.45,17009072,13.17,13.23,12.45,12.45,1.0,13.23,12.45,0,17009072,26951,217794377.38,1,02,010,BRRAILACNOR9,107,ON      NM,RUMO S.A.,13872,1101,177715.38,consolidated_010_020
2026-06-18,RAIL3,RAIL3,12.38,12.65,12.32,12.33,12.33,8349935,12.38,12.65,12.32,12.33,1.0,12.65,12.32,0,8349935,14333,103645556.01,1,02,010,BRRAILACNOR9,107,ON      NM,RUMO S.A.,9135,796,113475.01,consolidated_010_020
2026-06-19,RAIL3,RAIL3,12.3,12.47,12.16,12.45,12.45,16095647,12.3,12.47,12.16,12.45,1.0,12.47,12.16,0,16095647,11721,199946414.52,1,02,010,BRRAILACNOR9,107,ON      NM,RUMO S.A.,6747,529,83084.52,consolidated_010_020
2026-06-22,RAIL3,RAIL3,12.57,12.69,12.38,12.47,12.47,9537643,12.57,12.69,12.38,12.47,1.0,12.69,12.38,0,9537643,20611,119626350.19,1,02,010,BRRAILACNOR9,107,ON      NM,RUMO S.A.,7643,618,95676.19,consolidated_010_020
2026-06-23,RAIL3,RAIL3,12.32,13.0,12.3,12.9,12.9,11899922,12.32,13.0,12.3,12.9,1.0,13.0,12.3,0,11899922,19679,151995498.49,1,02,010,BRRAILACNOR9,107,ON      NM,RUMO S.A.,8422,633,107278.49,consolidated_010_020
2026-06-24,RAIL3,RAIL3,12.81,13.12,12.72,12.98,12.98,19897965,12.81,13.12,12.72,12.98,1.0,13.12,12.72,0,19897965,24370,257344069.21,1,02,010,BRRAILACNOR9,107,ON      NM,RUMO S.A.,6865,552,89008.21,consolidated_010_020
2026-06-25,RAIL3,RAIL3,13.12,13.51,13.12,13.45,13.45,11063231,13.12,13.51,13.12,13.45,1.0,13.51,13.12,0,11063231,18700,148045135.66,1,02,010,BRRAILACNOR9,107,ON      NM,RUMO S.A.,10431,868,139106.66,consolidated_010_020
2026-06-26,RAIL3,RAIL3,13.45,13.81,13.31,13.69,13.69,9393691,13.45,13.81,13.31,13.69,1.0,13.81,13.31,0,9393691,17526,128373988.58,1,02,010,BRRAILACNOR9,107,ON      NM,RUMO S.A.,5691,566,77588.58,consolidated_010_020
2026-06-29,RAIL3,RAIL3,13.56,13.78,13.17,13.61,13.61,13142205,13.56,13.78,13.17,13.61,1.0,13.78,13.17,0,13142205,21676,177646092.5,1,02,010,BRRAILACNOR9,107,ON      NM,RUMO S.A.,8905,817,120448.5,consolidated_010_020
2026-06-30,RAIL3,RAIL3,13.48,13.64,13.26,13.43,13.43,11147282,13.48,13.64,13.26,13.43,1.0,13.64,13.26,0,11147282,26831,150351082.35,1,02,010,BRRAILACNOR9,107,ON      NM,RUMO S.A.,8082,590,109178.35,consolidated_010_020
2026-07-01,RAIL3,RAIL3,13.23,13.33,12.94,13.17,13.17,12109718,13.23,13.33,12.94,13.17,1.0,13.33,12.94,0,12109718,23183,158727881.28,1,02,010,BRRAILACNOR9,107,ON      NM,RUMO S.A.,8118,930,106481.28,consolidated_010_020
2026-07-02,RAIL3,RAIL3,13.34,13.55,13.16,13.45,13.45,8639616,13.34,13.55,13.16,13.45,1.0,13.55,13.16,0,8639616,17098,115898681.66,1,02,010,BRRAILACNOR9,107,ON      NM,RUMO S.A.,6816,498,91311.66,consolidated_010_020
2026-07-03,RAIL3,RAIL3,13.57,13.66,13.41,13.63,13.63,4183435,13.57,13.66,13.41,13.63,1.0,13.66,13.41,0,4183435,8030,56876195.99,1,02,010,BRRAILACNOR9,107,ON      NM,RUMO S.A.,5335,283,72379.99,consolidated_010_020
2026-07-06,RAIL3,RAIL3,13.48,13.73,13.34,13.5,13.5,8653107,13.48,13.73,13.34,13.5,1.0,13.73,13.34,0,8653107,17417,116918764.17,1,02,010,BRRAILACNOR9,107,ON      NM,RUMO S.A.,6307,505,85277.17,consolidated_010_020
2026-07-07,RAIL3,RAIL3,13.58,13.73,13.38,13.5,13.5,11832082,13.58,13.73,13.38,13.5,1.0,13.73,13.38,0,11832082,16855,160054681.7,1,02,010,BRRAILACNOR9,107,ON      NM,RUMO S.A.,4682,261,63473.7,consolidated_010_020
2026-07-08,RAIL3,RAIL3,13.43,13.53,13.17,13.25,13.25,7910852,13.43,13.53,13.17,13.25,1.0,13.53,13.17,0,7910852,20473,105308623.22,1,02,010,BRRAILACNOR9,107,ON      NM,RUMO S.A.,5352,685,71187.22,consolidated_010_020
2026-07-09,RAIL3,RAIL3,13.3,13.8,13.26,13.75,13.75,10414653,13.3,13.8,13.26,13.75,1.0,13.8,13.26,0,10414653,19633,142153605.74,1,02,010,BRRAILACNOR9,107,ON      NM,RUMO S.A.,5753,507,77991.74,consolidated_010_020
2026-07-10,RAIL3,RAIL3,14.25,14.39,13.84,14.36,14.36,14976973,14.25,14.39,13.84,14.36,1.0,14.39,13.84,0,14976973,25576,211211269.62,1,02,010,BRRAILACNOR9,107,ON      NM,RUMO S.A.,8773,787,123862.62,consolidated_010_020
2026-07-13,RAIL3,RAIL3,14.3,14.42,13.99,14.11,14.11,6325125,14.3,14.42,13.99,14.11,1.0,14.42,13.99,0,6325125,14718,89224833.72,1,02,010,BRRAILACNOR9,107,ON      NM,RUMO S.A.,6425,464,90717.72,consolidated_010_020
2026-07-14,RAIL3,RAIL3,14.15,14.19,14.02,14.13,14.13,4014785,14.15,14.19,14.02,14.13,1.0,14.19,14.02,0,4014785,17022,56646294.01,1,02,010,BRRAILACNOR9,107,ON      NM,RUMO S.A.,4385,397,61786.01,consolidated_010_020
2026-07-15,RAIL3,RAIL3,14.12,14.17,13.96,14.07,14.07,6680600,14.12,14.17,13.96,14.07,1.0,14.17,13.96,0,6680600,19214,93879382.1,1,02,010,BRRAILACNOR9,107,ON      NM,RUMO S.A.,4000,357,56247.1,consolidated_010_020
2026-07-16,RAIL3,RAIL3,13.98,14.1,13.83,13.93,13.93,4765500,13.98,14.1,13.83,13.93,1.0,14.1,13.83,0,4765500,14849,66584244.48,1,02,010,BRRAILACNOR9,107,ON      NM,RUMO S.A.,4200,380,58542.48,consolidated_010_020
2026-07-17,RAIL3,RAIL3,13.9,13.93,13.65,13.7,13.7,6712922,13.9,13.93,13.65,13.7,1.0,13.93,13.65,0,6712922,16812,92366551.09,1,02,010,BRRAILACNOR9,107,ON      NM,RUMO S.A.,4122,393,56783.09,consolidated_010_020
2026-07-20,RAIL3,RAIL3,13.69,13.78,13.5,13.57,13.57,6419810,13.69,13.78,13.5,13.57,1.0,13.78,13.5,0,6419810,14531,87221803.03,1,02,010,BRRAILACNOR9,107,ON      NM,RUMO S.A.,4110,411,55953.03,consolidated_010_020
2026-07-21,RAIL3,RAIL3,13.52,13.57,13.2,13.24,13.24,7433541,13.52,13.57,13.2,13.24,1.0,13.57,13.2,0,7433541,17596,98768215.46,1,02,010,BRRAILACNOR9,107,ON      NM,RUMO S.A.,6841,646,90923.46,consolidated_010_020
2026-07-22,RAIL3,RAIL3,13.26,13.75,13.21,13.64,13.64,12760752,13.26,13.75,13.21,13.64,1.0,13.75,13.21,0,12760752,31961,173652671.43,1,02,010,BRRAILACNOR9,107,ON      NM,RUMO S.A.,5152,558,69855.43,consolidated_010_020
2026-07-23,RAIL3,RAIL3,13.56,14.08,13.49,13.96,13.96,16931207,13.56,14.08,13.49,13.96,1.0,14.08,13.49,0,16931207,28279,235353187.9,1,02,010,BRRAILACNOR9,107,ON      NM,RUMO S.A.,11407,724,158623.9,consolidated_010_020
2026-07-24,RAIL3,RAIL3,13.83,13.87,13.49,13.57,13.57,8205235,13.83,13.87,13.49,13.57,1.0,13.87,13.49,0,8205235,20144,111712686.49,1,02,010,BRRAILACNOR9,107,ON      NM,RUMO S.A.,5635,558,76354.49,consolidated_010_020
2026-07-27,RAIL3,RAIL3,13.66,13.81,13.39,13.8,13.8,14571017,13.66,13.81,13.39,13.8,1.0,13.81,13.39,0,14571017,29857,199019393.59,1,02,010,BRRAILACNOR9,107,ON      NM,RUMO S.A.,5917,306,80729.59,consolidated_010_020
2026-07-28,RAIL3,RAIL3,14.24,14.37,13.94,14.08,14.08,10351174,14.24,14.37,13.94,14.08,1.0,14.37,13.94,0,10351174,14097,145517667.4,1,02,010,BRRAILACNOR9,107,ON      NM,RUMO S.A.,5874,384,82631.4,consolidated_010_020
2026-07-29,RAIL3,RAIL3,14.04,14.12,13.88,13.95,13.95,14889746,14.04,14.12,13.88,13.95,1.0,14.12,13.88,0,14889746,18582,207947037.5,1,02,010,BRRAILACNOR9,107,ON      NM,RUMO S.A.,6246,376,87341.5,consolidated_010_020
2026-07-30,RAIL3,RAIL3,14.09,14.3,13.92,14.28,14.28,6398256,14.09,14.3,13.92,14.28,1.0,14.3,13.92,0,6398256,13491,90611137.83,1,02,010,BRRAILACNOR9,107,ON      NM,RUMO S.A.,5956,404,84308.83,consolidated_010_020
2026-07-31,RAIL3,RAIL3,14.35,14.54,14.13,14.44,14.44,8219793,14.35,14.54,14.13,14.44,1.0,14.54,14.13,0,8219793,19056,118429916.33,1,02,010,BRRAILACNOR9,107,ON      NM,RUMO S.A.,5793,487,83473.33,consolidated_010_020
2026-08-03,RAIL3,RAIL3,14.69,14.69,14.06,14.16,14.16,9761982,14.69,14.69,14.06,14.16,1.0,14.69,14.06,0,9761982,17769,138565868.03,1,02,010,BRRAILACNOR9,107,ON      NM,RUMO S.A.,7082,639,100914.03,consolidated_010_020
2026-08-04,RAIL3,RAIL3,14.44,14.44,14.04,14.12,14.12,13165955,14.44,14.44,14.04,14.12,1.0,14.44,14.04,0,13165955,27126,186531788.92,1,02,010,BRRAILACNOR9,107,ON      NM,RUMO S.A.,4555,312,64534.92,consolidated_010_020
2026-08-05,RAIL3,RAIL3,14.25,14.25,13.81,13.99,13.99,9140288,14.25,14.25,13.81,13.99,1.0,14.25,13.81,0,9140288,19879,127764583.05,1,02,010,BRRAILACNOR9,107,ON      NM,RUMO S.A.,6688,627,93205.05,consolidated_010_020
2026-08-06,RAIL3,RAIL3,13.94,13.97,13.52,13.71,13.71,24035725,13.94,13.97,13.52,13.71,1.0,13.97,13.52,0,24035725,26239,328401927.91,1,02,010,BRRAILACNOR9,107,ON      NM,RUMO S.A.,6125,506,83760.91,consolidated_010_020
2026-08-07,RAIL3,RAIL3,13.71,13.8,13.36,13.59,13.59,6898684,13.71,13.8,13.36,13.59,1.0,13.8,13.36,0,6898684,19055,93182516.93,1,02,010,BRRAILACNOR9,107,ON      NM,RUMO S.A.,9984,643,134708.93,consolidated_010_020
2026-08-10,RAIL3,RAIL3,13.58,13.66,13.18,13.22,13.22,8645977,13.58,13.66,13.18,13.22,1.0,13.66,13.18,0,8645977,18007,115342894.66,1,02,010,BRRAILACNOR9,107,ON      NM,RUMO S.A.,5577,518,74374.66,consolidated_010_020
2026-08-11,RAIL3,RAIL3,13.16,13.3,12.89,12.96,12.96,10952541,13.16,13.3,12.89,12.96,1.0,13.3,12.89,0,10952541,24150,142553215.27,1,02,010,BRRAILACNOR9,107,ON      NM,RUMO S.A.,7541,659,98083.27,consolidated_010_020
2026-08-12,RAIL3,RAIL3,13.02,13.29,12.92,12.96,12.96,12382313,13.02,13.29,12.92,12.96,1.0,13.29,12.92,0,12382313,36127,161579506.98,1,02,010,BRRAILACNOR9,107,ON      NM,RUMO S.A.,5213,351,68045.98,consolidated_010_020
2026-08-13,RAIL3,RAIL3,12.89,13.8,12.89,13.55,13.55,27262946,12.89,13.8,12.89,13.55,1.0,13.8,12.89,0,27262946,35592,369871414.39,1,02,010,BRRAILACNOR9,107,ON      NM,RUMO S.A.,11646,700,157527.39,consolidated_010_020
2026-08-14,RAIL3,RAIL3,13.41,13.85,13.41,13.67,13.67,14795750,13.41,13.85,13.41,13.67,1.0,13.85,13.41,0,14795750,33310,202046923.58,1,02,010,BRRAILACNOR9,107,ON      NM,RUMO S.A.,5750,393,78536.58,consolidated_010_020
2026-08-17,RAIL3,RAIL3,13.68,13.78,13.52,13.63,13.63,16030755,13.68,13.78,13.52,13.63,1.0,13.78,13.52,0,16030755,14836,218786480.02,1,02,010,BRRAILACNOR9,107,ON      NM,RUMO S.A.,5155,410,70359.02,consolidated_010_020
2026-08-18,RAIL3,RAIL3,13.63,13.68,13.18,13.26,13.26,8641199,13.63,13.68,13.18,13.26,1.0,13.68,13.18,0,8641199,17583,115198036.62,1,02,010,BRRAILACNOR9,107,ON      NM,RUMO S.A.,5599,465,74914.62,consolidated_010_020
2026-08-19,RAIL3,RAIL3,13.43,13.75,13.43,13.75,13.75,17227150,13.43,13.75,13.43,13.75,1.0,13.75,13.43,0,17227150,17570,236452226.39,1,02,010,BRRAILACNOR9,107,ON      NM,RUMO S.A.,5750,353,78739.39,consolidated_010_020
