date,ticker,source_symbol,open,high,low,close,adj_close,volume,raw_open,raw_high,raw_low,raw_close,adjustment_factor,source_high,source_low,ohlc_repaired,raw_volume,trades,financial_volume,quotation_factor,bdi_code,market_type,isin,distribution_number,specification,issuer_name
2017-11-10,SUZB3,SUZB3,21.12,21.32,19.8,20.56,20.56,2195500,21.12,21.32,19.8,20.56,1.0,21.32,19.8,0,2195500,6705,44286032.0,1,02,010,BRSUZBACNOR0,121,ON      NM,SUZANO PAPEL
2017-11-13,SUZB3,SUZB3,20.44,20.44,19.67,20.14,20.14,2407300,20.44,20.44,19.67,20.14,1.0,20.44,19.67,0,2407300,7766,47959009.0,1,02,010,BRSUZBACNOR0,121,ON      NM,SUZANO PAPEL
2017-11-14,SUZB3,SUZB3,20.27,20.27,19.01,19.7,19.7,3743900,20.27,20.27,19.01,19.7,1.0,20.27,19.01,0,3743900,11700,73091439.0,1,02,010,BRSUZBACNOR0,121,ON      NM,SUZANO PAPEL
2017-11-16,SUZB3,SUZB3,19.64,20.18,19.58,20.0,20.0,2806800,19.64,20.18,19.58,20.0,1.0,20.18,19.58,0,2806800,10616,56066546.0,1,02,010,BRSUZBACNOR0,121,ON      NM,SUZANO PAPEL
2017-11-17,SUZB3,SUZB3,20.19,20.45,19.96,20.39,20.39,1772000,20.19,20.45,19.96,20.39,1.0,20.45,19.96,0,1772000,7259,35805389.0,1,02,010,BRSUZBACNOR0,121,ON      NM,SUZANO PAPEL
2017-11-21,SUZB3,SUZB3,20.38,20.93,20.17,20.6,20.6,2763400,20.38,20.93,20.17,20.6,1.0,20.93,20.17,0,2763400,10208,57176488.0,1,02,010,BRSUZBACNOR0,121,ON      NM,SUZANO PAPEL
2017-11-22,SUZB3,SUZB3,20.56,20.6,19.76,19.8,19.8,3061300,20.56,20.6,19.76,19.8,1.0,20.6,19.76,0,3061300,11414,61444241.0,1,02,010,BRSUZBACNOR0,121,ON      NM,SUZANO PAPEL
2017-11-23,SUZB3,SUZB3,19.86,19.95,19.5,19.52,19.52,3539600,19.86,19.95,19.5,19.52,1.0,19.95,19.5,0,3539600,6809,69480620.0,1,02,010,BRSUZBACNOR0,121,ON      NM,SUZANO PAPEL
2017-11-24,SUZB3,SUZB3,19.42,19.61,19.08,19.35,19.35,2033300,19.42,19.61,19.08,19.35,1.0,19.61,19.08,0,2033300,6360,39354167.0,1,02,010,BRSUZBACNOR0,121,ON      NM,SUZANO PAPEL
2017-11-27,SUZB3,SUZB3,19.19,19.34,18.91,19.13,19.13,1613600,19.19,19.34,18.91,19.13,1.0,19.34,18.91,0,1613600,6415,30840168.0,1,02,010,BRSUZBACNOR0,121,ON      NM,SUZANO PAPEL
2017-11-28,SUZB3,SUZB3,19.33,19.45,18.52,18.53,18.53,3947900,19.33,19.45,18.52,18.53,1.0,19.45,18.52,0,3947900,13912,74074080.0,1,02,010,BRSUZBACNOR0,121,ON      NM,SUZANO PAPEL
2017-11-29,SUZB3,SUZB3,18.51,18.76,17.76,18.15,18.15,7707800,18.51,18.76,17.76,18.15,1.0,18.76,17.76,0,7707800,19510,138683587.0,1,02,010,BRSUZBACNOR0,121,ON      NM,SUZANO PAPEL
2017-11-30,SUZB3,SUZB3,18.1,18.1,17.1,17.51,17.51,8617500,18.1,18.1,17.1,17.51,1.0,18.1,17.1,0,8617500,19845,150308155.0,1,02,010,BRSUZBACNOR0,122,ON  EJ  NM,SUZANO PAPEL
2017-12-01,SUZB3,SUZB3,17.3,17.75,17.03,17.74,17.74,4295500,17.3,17.75,17.03,17.74,1.0,17.75,17.03,0,4295500,19877,75206232.0,1,02,010,BRSUZBACNOR0,122,ON  EJ  NM,SUZANO PAPEL
2017-12-04,SUZB3,SUZB3,17.79,17.92,17.21,17.49,17.49,3472500,17.79,17.92,17.21,17.49,1.0,17.92,17.21,0,3472500,14382,60794843.0,1,02,010,BRSUZBACNOR0,122,ON  EJ  NM,SUZANO PAPEL
2017-12-05,SUZB3,SUZB3,17.65,18.06,17.44,17.82,17.82,3826100,17.65,18.06,17.44,17.82,1.0,18.06,17.44,0,3826100,11669,68246469.0,1,02,010,BRSUZBACNOR0,122,ON  EJ  NM,SUZANO PAPEL
2017-12-06,SUZB3,SUZB3,17.85,19.04,17.85,18.89,18.89,5214800,17.85,19.04,17.85,18.89,1.0,19.04,17.85,0,5214800,17193,97105039.0,1,02,010,BRSUZBACNOR0,122,ON  EJ  NM,SUZANO PAPEL
2017-12-07,SUZB3,SUZB3,18.85,19.28,18.42,18.71,18.71,3483900,18.85,19.28,18.42,18.71,1.0,19.28,18.42,0,3483900,12260,65345243.0,1,02,010,BRSUZBACNOR0,122,ON  EJ  NM,SUZANO PAPEL
2017-12-08,SUZB3,SUZB3,18.8,18.8,18.22,18.78,18.78,2279700,18.8,18.8,18.22,18.78,1.0,18.8,18.22,0,2279700,10358,42472383.0,1,02,010,BRSUZBACNOR0,122,ON  EJ  NM,SUZANO PAPEL
2017-12-11,SUZB3,SUZB3,18.78,18.78,18.33,18.48,18.48,2213500,18.78,18.78,18.33,18.48,1.0,18.78,18.33,0,2213500,10465,40908208.0,1,02,010,BRSUZBACNOR0,122,ON  EJ  NM,SUZANO PAPEL
2017-12-12,SUZB3,SUZB3,18.48,18.56,17.92,18.45,18.45,3595900,18.48,18.56,17.92,18.45,1.0,18.56,17.92,0,3595900,14221,65648425.0,1,02,010,BRSUZBACNOR0,122,ON      NM,SUZANO PAPEL
2017-12-13,SUZB3,SUZB3,18.45,18.67,17.99,18.1,18.1,3989200,18.45,18.67,17.99,18.1,1.0,18.67,17.99,0,3989200,14422,72735742.0,1,02,010,BRSUZBACNOR0,122,ON      NM,SUZANO PAPEL
2017-12-14,SUZB3,SUZB3,18.09,18.42,18.01,18.18,18.18,3043000,18.09,18.42,18.01,18.18,1.0,18.42,18.01,0,3043000,11578,55513387.0,1,02,010,BRSUZBACNOR0,122,ON      NM,SUZANO PAPEL
2017-12-15,SUZB3,SUZB3,18.15,18.51,17.99,18.27,18.27,3211700,18.15,18.51,17.99,18.27,1.0,18.51,17.99,0,3211700,10151,58802531.0,1,02,010,BRSUZBACNOR0,122,ON      NM,SUZANO PAPEL
2017-12-18,SUZB3,SUZB3,18.19,18.33,18.07,18.33,18.33,1424900,18.19,18.33,18.07,18.33,1.0,18.33,18.07,0,1424900,4469,25949194.0,1,02,010,BRSUZBACNOR0,122,ON      NM,SUZANO PAPEL
2017-12-19,SUZB3,SUZB3,18.35,18.35,17.82,17.98,17.98,2452500,18.35,18.35,17.82,17.98,1.0,18.35,17.82,0,2452500,6258,44131058.0,1,02,010,BRSUZBACNOR0,122,ON      NM,SUZANO PAPEL
2017-12-20,SUZB3,SUZB3,18.19,18.55,18.0,18.5,18.5,1726400,18.19,18.55,18.0,18.5,1.0,18.55,18.0,0,1726400,5090,31676248.0,1,02,010,BRSUZBACNOR0,122,ON      NM,SUZANO PAPEL
2017-12-21,SUZB3,SUZB3,18.55,18.97,18.3,18.97,18.97,1422800,18.55,18.97,18.3,18.97,1.0,18.97,18.3,0,1422800,4767,26623830.0,1,02,010,BRSUZBACNOR0,122,ON      NM,SUZANO PAPEL
2017-12-22,SUZB3,SUZB3,18.98,18.98,18.42,18.64,18.64,1680400,18.98,18.98,18.42,18.64,1.0,18.98,18.42,0,1680400,5385,31208364.0,1,02,010,BRSUZBACNOR0,122,ON      NM,SUZANO PAPEL
2017-12-26,SUZB3,SUZB3,18.64,18.64,18.33,18.48,18.48,889700,18.64,18.64,18.33,18.48,1.0,18.64,18.33,0,889700,3977,16436447.0,1,02,010,BRSUZBACNOR0,122,ON      NM,SUZANO PAPEL
2017-12-27,SUZB3,SUZB3,18.52,18.52,18.15,18.52,18.52,2117400,18.52,18.52,18.15,18.52,1.0,18.52,18.15,0,2117400,7744,38821819.0,1,02,010,BRSUZBACNOR0,122,ON      NM,SUZANO PAPEL
2017-12-28,SUZB3,SUZB3,18.42,18.69,18.3,18.69,18.69,2253200,18.42,18.69,18.3,18.69,1.0,18.69,18.3,0,2253200,8292,41679861.0,1,02,010,BRSUZBACNOR0,122,ON      NM,SUZANO PAPEL
2018-01-02,SUZB3,SUZB3,18.62,19.11,18.48,18.79,18.79,2119900,18.62,19.11,18.48,18.79,1.0,19.11,18.48,0,2119900,9764,39982903.0,1,02,010,BRSUZBACNOR0,122,ON      NM,SUZANO PAPEL
2018-01-03,SUZB3,SUZB3,18.7,19.01,18.48,18.65,18.65,2652600,18.7,19.01,18.48,18.65,1.0,19.01,18.48,0,2652600,11727,49733879.0,1,02,010,BRSUZBACNOR0,122,ON      NM,SUZANO PAPEL
2018-01-04,SUZB3,SUZB3,18.72,18.86,18.41,18.7,18.7,3251400,18.72,18.86,18.41,18.7,1.0,18.86,18.41,0,3251400,16738,60652357.0,1,02,010,BRSUZBACNOR0,122,ON      NM,SUZANO PAPEL
2018-01-05,SUZB3,SUZB3,18.59,18.89,18.55,18.65,18.65,3058200,18.59,18.89,18.55,18.65,1.0,18.89,18.55,0,3058200,7538,57275205.0,1,02,010,BRSUZBACNOR0,122,ON      NM,SUZANO PAPEL
2018-01-08,SUZB3,SUZB3,18.8,19.43,18.77,19.1,19.1,4200500,18.8,19.43,18.77,19.1,1.0,19.43,18.77,0,4200500,13801,80277719.0,1,02,010,BRSUZBACNOR0,122,ON      NM,SUZANO PAPEL
2018-01-09,SUZB3,SUZB3,19.44,19.5,19.1,19.3,19.3,4160800,19.44,19.5,19.1,19.3,1.0,19.5,19.1,0,4160800,12280,80196880.0,1,02,010,BRSUZBACNOR0,122,ON      NM,SUZANO PAPEL
2018-01-10,SUZB3,SUZB3,19.34,19.58,19.25,19.41,19.41,2131300,19.34,19.58,19.25,19.41,1.0,19.58,19.25,0,2131300,6431,41359492.0,1,02,010,BRSUZBACNOR0,122,ON      NM,SUZANO PAPEL
2018-01-11,SUZB3,SUZB3,19.5,19.59,18.92,19.34,19.34,3305800,19.5,19.59,18.92,19.34,1.0,19.59,18.92,0,3305800,6630,63857284.0,1,02,010,BRSUZBACNOR0,122,ON      NM,SUZANO PAPEL
2018-01-12,SUZB3,SUZB3,19.15,19.65,19.15,19.27,19.27,3293200,19.15,19.65,19.15,19.27,1.0,19.65,19.15,0,3293200,11640,63673265.0,1,02,010,BRSUZBACNOR0,122,ON      NM,SUZANO PAPEL
2018-01-15,SUZB3,SUZB3,19.4,19.55,19.31,19.47,19.47,1400700,19.4,19.55,19.31,19.47,1.0,19.55,19.31,0,1400700,5503,27225017.0,1,02,010,BRSUZBACNOR0,122,ON      NM,SUZANO PAPEL
2018-01-16,SUZB3,SUZB3,19.53,19.74,19.42,19.44,19.44,2256100,19.53,19.74,19.42,19.44,1.0,19.74,19.42,0,2256100,6310,44148800.0,1,02,010,BRSUZBACNOR0,122,ON      NM,SUZANO PAPEL
2018-01-17,SUZB3,SUZB3,19.44,19.66,19.29,19.65,19.65,2714200,19.44,19.66,19.29,19.65,1.0,19.66,19.29,0,2714200,10850,52916069.0,1,02,010,BRSUZBACNOR0,122,ON      NM,SUZANO PAPEL
2018-01-18,SUZB3,SUZB3,19.68,21.0,19.67,21.0,21.0,5795000,19.68,21.0,19.67,21.0,1.0,21.0,19.67,0,5795000,17374,118358575.0,1,02,010,BRSUZBACNOR0,122,ON      NM,SUZANO PAPEL
2018-01-19,SUZB3,SUZB3,21.0,21.8,20.8,21.2,21.2,4869700,21.0,21.8,20.8,21.2,1.0,21.8,20.8,0,4869700,13811,103700318.0,1,02,010,BRSUZBACNOR0,122,ON      NM,SUZANO PAPEL
2018-01-22,SUZB3,SUZB3,21.36,21.53,20.75,21.31,21.31,3648200,21.36,21.53,20.75,21.31,1.0,21.53,20.75,0,3648200,12107,77646049.0,1,02,010,BRSUZBACNOR0,122,ON      NM,SUZANO PAPEL
2018-01-23,SUZB3,SUZB3,21.28,21.5,20.88,21.09,21.09,2834600,21.28,21.5,20.88,21.09,1.0,21.5,20.88,0,2834600,11679,59866766.0,1,02,010,BRSUZBACNOR0,122,ON      NM,SUZANO PAPEL
2018-01-24,SUZB3,SUZB3,21.36,21.4,20.36,20.89,20.89,3539300,21.36,21.4,20.36,20.89,1.0,21.4,20.36,0,3539300,12561,74440401.0,1,02,010,BRSUZBACNOR0,122,ON      NM,SUZANO PAPEL
2018-01-26,SUZB3,SUZB3,20.51,20.73,20.31,20.59,20.59,3580600,20.51,20.73,20.31,20.59,1.0,20.73,20.31,0,3580600,15591,73504983.0,1,02,010,BRSUZBACNOR0,122,ON      NM,SUZANO PAPEL
2018-01-29,SUZB3,SUZB3,21.31,21.66,20.33,20.47,20.47,7831200,21.31,21.66,20.33,20.47,1.0,21.66,20.33,0,7831200,20307,163837990.0,1,02,010,BRSUZBACNOR0,122,ON      NM,SUZANO PAPEL
2018-01-30,SUZB3,SUZB3,20.6,21.17,20.39,21.06,21.06,2315700,20.6,21.17,20.39,21.06,1.0,21.17,20.39,0,2315700,8990,48127902.0,1,02,010,BRSUZBACNOR0,122,ON      NM,SUZANO PAPEL
2018-01-31,SUZB3,SUZB3,21.2,21.2,20.63,20.66,20.66,2567000,21.2,21.2,20.63,20.66,1.0,21.2,20.63,0,2567000,7357,53277503.0,1,02,010,BRSUZBACNOR0,122,ON      NM,SUZANO PAPEL
2018-02-01,SUZB3,SUZB3,20.68,21.15,20.68,21.03,21.03,2052300,20.68,21.15,20.68,21.03,1.0,21.15,20.68,0,2052300,7603,43019947.0,1,02,010,BRSUZBACNOR0,122,ON      NM,SUZANO PAPEL
2018-02-02,SUZB3,SUZB3,21.1,21.57,20.85,21.2,21.2,2872000,21.1,21.57,20.85,21.2,1.0,21.57,20.85,0,2872000,9674,60874380.0,1,02,010,BRSUZBACNOR0,122,ON      NM,SUZANO PAPEL
2018-02-05,SUZB3,SUZB3,21.36,21.64,21.01,21.06,21.06,3226700,21.36,21.64,21.01,21.06,1.0,21.64,21.01,0,3226700,11763,68871995.0,1,02,010,BRSUZBACNOR0,122,ON      NM,SUZANO PAPEL
2018-02-06,SUZB3,SUZB3,21.03,21.03,20.39,20.92,20.92,3288700,21.03,21.03,20.39,20.92,1.0,21.03,20.39,0,3288700,12914,68212573.0,1,02,010,BRSUZBACNOR0,122,ON      NM,SUZANO PAPEL
2018-02-07,SUZB3,SUZB3,21.0,21.45,20.81,20.9,20.9,3980300,21.0,21.45,20.81,20.9,1.0,21.45,20.81,0,3980300,13626,83759819.0,1,02,010,BRSUZBACNOR0,122,ON      NM,SUZANO PAPEL
2018-02-08,SUZB3,SUZB3,21.21,21.24,19.88,19.88,19.88,5040900,21.21,21.24,19.88,19.88,1.0,21.24,19.88,0,5040900,15138,102697171.0,1,02,010,BRSUZBACNOR0,122,ON      NM,SUZANO PAPEL
2018-02-09,SUZB3,SUZB3,19.81,20.1,19.3,19.92,19.92,6071200,19.81,20.1,19.3,19.92,1.0,20.1,19.3,0,6071200,17499,119444744.0,1,02,010,BRSUZBACNOR0,122,ON      NM,SUZANO PAPEL
2018-02-14,SUZB3,SUZB3,20.12,20.48,19.99,20.32,20.32,4901200,20.12,20.48,19.99,20.32,1.0,20.48,19.99,0,4901200,13176,99509305.0,1,02,010,BRSUZBACNOR0,122,ON      NM,SUZANO PAPEL
2018-02-15,SUZB3,SUZB3,20.44,20.64,20.16,20.29,20.29,1838400,20.44,20.64,20.16,20.29,1.0,20.64,20.16,0,1838400,6005,37513629.0,1,02,010,BRSUZBACNOR0,122,ON      NM,SUZANO PAPEL
2018-02-16,SUZB3,SUZB3,20.7,21.36,20.61,21.34,21.34,4736700,20.7,21.36,20.61,21.34,1.0,21.36,20.61,0,4736700,10531,99227432.0,1,02,010,BRSUZBACNOR0,122,ON      NM,SUZANO PAPEL
2018-02-19,SUZB3,SUZB3,21.42,22.14,21.41,22.09,22.09,3597300,21.42,22.14,21.41,22.09,1.0,22.14,21.41,0,3597300,10214,78915324.0,1,02,010,BRSUZBACNOR0,122,ON      NM,SUZANO PAPEL
2018-02-20,SUZB3,SUZB3,22.25,23.47,22.23,22.82,22.82,5119900,22.25,23.47,22.23,22.82,1.0,23.47,22.23,0,5119900,15916,116773536.0,1,02,010,BRSUZBACNOR0,122,ON      NM,SUZANO PAPEL
2018-02-21,SUZB3,SUZB3,22.39,22.97,22.02,22.8,22.8,7238700,22.39,22.97,22.02,22.8,1.0,22.97,22.02,0,7238700,21721,163539696.0,1,02,010,BRSUZBACNOR0,122,ON      NM,SUZANO PAPEL
2018-02-22,SUZB3,SUZB3,22.8,23.19,21.94,22.15,22.15,3980700,22.8,23.19,21.94,22.15,1.0,23.19,21.94,0,3980700,18976,89148533.0,1,02,010,BRSUZBACNOR0,122,ON      NM,SUZANO PAPEL
2018-02-23,SUZB3,SUZB3,22.25,22.35,21.79,22.15,22.15,2863200,22.25,22.35,21.79,22.15,1.0,22.35,21.79,0,2863200,11603,63228195.0,1,02,010,BRSUZBACNOR0,122,ON      NM,SUZANO PAPEL
2018-02-26,SUZB3,SUZB3,22.15,22.29,21.56,21.59,21.59,3742100,22.15,22.29,21.56,21.59,1.0,22.29,21.56,0,3742100,17534,81617797.0,1,02,010,BRSUZBACNOR0,122,ON      NM,SUZANO PAPEL
2018-02-27,SUZB3,SUZB3,21.64,21.79,21.16,21.46,21.46,3580500,21.64,21.79,21.16,21.46,1.0,21.79,21.16,0,3580500,14415,76879199.0,1,02,010,BRSUZBACNOR0,122,ON      NM,SUZANO PAPEL
2018-02-28,SUZB3,SUZB3,21.65,21.75,21.11,21.75,21.75,7029800,21.65,21.75,21.11,21.75,1.0,21.75,21.11,0,7029800,11289,151411458.0,1,02,010,BRSUZBACNOR0,122,ON      NM,SUZANO PAPEL
2018-03-01,SUZB3,SUZB3,21.96,22.0,21.25,21.26,21.26,3135400,21.96,22.0,21.25,21.26,1.0,22.0,21.25,0,3135400,11675,67429965.0,1,02,010,BRSUZBACNOR0,122,ON      NM,SUZANO PAPEL
2018-03-02,SUZB3,SUZB3,21.47,21.92,21.31,21.8,21.8,4116000,21.47,21.92,21.31,21.8,1.0,21.92,21.31,0,4116000,15868,89058090.0,1,02,010,BRSUZBACNOR0,122,ON      NM,SUZANO PAPEL
2018-03-05,SUZB3,SUZB3,21.93,22.18,21.42,21.42,21.42,2266000,21.93,22.18,21.42,21.42,1.0,22.18,21.42,0,2266000,9032,49052194.0,1,02,010,BRSUZBACNOR0,122,ON      NM,SUZANO PAPEL
2018-03-06,SUZB3,SUZB3,21.6,21.78,21.42,21.65,21.65,1904000,21.6,21.78,21.42,21.65,1.0,21.78,21.42,0,1904000,8554,41149655.0,1,02,010,BRSUZBACNOR0,122,ON      NM,SUZANO PAPEL
2018-03-07,SUZB3,SUZB3,21.53,21.96,21.34,21.96,21.96,2495300,21.53,21.96,21.34,21.96,1.0,21.96,21.34,0,2495300,9335,54007102.0,1,02,010,BRSUZBACNOR0,122,ON      NM,SUZANO PAPEL
2018-03-08,SUZB3,SUZB3,21.96,23.11,21.96,22.76,22.76,7212100,21.96,23.11,21.96,22.76,1.0,23.11,21.96,0,7212100,16373,164397175.0,1,02,010,BRSUZBACNOR0,122,ON      NM,SUZANO PAPEL
2018-03-09,SUZB3,SUZB3,23.05,23.45,22.3,23.14,23.14,4288700,23.05,23.45,22.3,23.14,1.0,23.45,22.3,0,4288700,17128,98351329.0,1,02,010,BRSUZBACNOR0,122,ON      NM,SUZANO PAPEL
2018-03-12,SUZB3,SUZB3,22.75,23.13,21.81,22.11,22.11,8773100,22.75,23.13,21.81,22.11,1.0,23.13,21.81,0,8773100,16529,195098828.0,1,02,010,BRSUZBACNOR0,122,ON      NM,SUZANO PAPEL
2018-03-13,SUZB3,SUZB3,21.99,22.82,21.76,22.75,22.75,4693600,21.99,22.82,21.76,22.75,1.0,22.82,21.76,0,4693600,15850,105388863.0,1,02,010,BRSUZBACNOR0,122,ON      NM,SUZANO PAPEL
2018-03-14,SUZB3,SUZB3,22.6,24.27,22.51,24.0,24.0,5725000,22.6,24.27,22.51,24.0,1.0,24.27,22.51,0,5725000,13117,133359535.0,1,02,010,BRSUZBACNOR0,122,ON      NM,SUZANO PAPEL
2018-03-15,SUZB3,SUZB3,24.15,24.25,22.85,23.4,23.4,5974300,24.15,24.25,22.85,23.4,1.0,24.25,22.85,0,5974300,18102,140338685.0,1,02,010,BRSUZBACNOR0,122,ON      NM,SUZANO PAPEL
2018-03-16,SUZB3,SUZB3,29.13,30.6,26.35,28.5,28.5,44499500,29.13,30.6,26.35,28.5,1.0,30.6,26.35,0,44499500,61258,1255161277.0,1,02,010,BRSUZBACNOR0,122,ON      NM,SUZANO PAPEL
2018-03-19,SUZB3,SUZB3,29.22,32.15,29.05,30.6,30.6,24043800,29.22,32.15,29.05,30.6,1.0,32.15,29.05,0,24043800,56063,744274802.0,1,02,010,BRSUZBACNOR0,122,ON      NM,SUZANO PAPEL
2018-03-20,SUZB3,SUZB3,31.5,31.5,29.25,30.45,30.45,13440900,31.5,31.5,29.25,30.45,1.0,31.5,29.25,0,13440900,35518,404455454.0,1,02,010,BRSUZBACNOR0,122,ON      NM,SUZANO PAPEL
2018-03-21,SUZB3,SUZB3,30.0,32.14,29.93,31.77,31.77,10866800,30.0,32.14,29.93,31.77,1.0,32.14,29.93,0,10866800,35110,342008958.0,1,02,010,BRSUZBACNOR0,122,ON      NM,SUZANO PAPEL
2018-03-22,SUZB3,SUZB3,32.0,32.5,31.3,32.5,32.5,7470900,32.0,32.5,31.3,32.5,1.0,32.5,31.3,0,7470900,20772,239321271.0,1,02,010,BRSUZBACNOR0,122,ON      NM,SUZANO PAPEL
2018-03-23,SUZB3,SUZB3,32.3,34.2,32.06,33.19,33.19,9164400,32.3,34.2,32.06,33.19,1.0,34.2,32.06,0,9164400,24668,305730523.0,1,02,010,BRSUZBACNOR0,122,ON      NM,SUZANO PAPEL
2018-03-26,SUZB3,SUZB3,33.51,34.52,33.47,34.21,34.21,5003300,33.51,34.52,33.47,34.21,1.0,34.52,33.47,0,5003300,16022,170653382.0,1,02,010,BRSUZBACNOR0,122,ON      NM,SUZANO PAPEL
2018-03-27,SUZB3,SUZB3,34.52,34.76,33.03,33.03,33.03,6549600,34.52,34.76,33.03,33.03,1.0,34.76,33.03,0,6549600,25366,219599666.0,1,02,010,BRSUZBACNOR0,122,ON      NM,SUZANO PAPEL
2018-03-28,SUZB3,SUZB3,33.0,33.67,32.4,33.45,33.45,5328200,33.0,33.67,32.4,33.45,1.0,33.67,32.4,0,5328200,22666,176562191.0,1,02,010,BRSUZBACNOR0,122,ON      NM,SUZANO PAPEL
2018-03-29,SUZB3,SUZB3,33.4,33.81,32.81,33.36,33.36,5825600,33.4,33.81,32.81,33.36,1.0,33.81,32.81,0,5825600,17387,193767849.0,1,02,010,BRSUZBACNOR0,122,ON      NM,SUZANO PAPEL
2018-04-02,SUZB3,SUZB3,33.4,33.99,32.77,33.53,33.53,4748400,33.4,33.99,32.77,33.53,1.0,33.99,32.77,0,4748400,19018,159150305.0,1,02,010,BRSUZBACNOR0,122,ON      NM,SUZANO PAPEL
2018-04-03,SUZB3,SUZB3,33.5,34.64,33.46,34.4,34.4,5960100,33.5,34.64,33.46,34.4,1.0,34.64,33.46,0,5960100,19841,204144803.0,1,02,010,BRSUZBACNOR0,122,ON      NM,SUZANO PAPEL
2018-04-04,SUZB3,SUZB3,34.51,35.92,34.12,35.89,35.89,4594700,34.51,35.92,34.12,35.89,1.0,35.92,34.12,0,4594700,19407,159940116.0,1,02,010,BRSUZBACNOR0,122,ON      NM,SUZANO PAPEL
2018-04-05,SUZB3,SUZB3,36.0,37.09,35.87,36.5,36.5,8201400,36.0,37.09,35.87,36.5,1.0,37.09,35.87,0,8201400,23893,298204006.0,1,02,010,BRSUZBACNOR0,122,ON      NM,SUZANO PAPEL
2018-04-06,SUZB3,SUZB3,36.27,37.99,36.04,37.99,37.99,5259200,36.27,37.99,36.04,37.99,1.0,37.99,36.04,0,5259200,13928,196158212.0,1,02,010,BRSUZBACNOR0,122,ON      NM,SUZANO PAPEL
2018-04-09,SUZB3,SUZB3,38.05,38.78,36.74,36.97,36.97,5526200,38.05,38.78,36.74,36.97,1.0,38.78,36.74,0,5526200,15981,208217216.0,1,02,010,BRSUZBACNOR0,122,ON      NM,SUZANO PAPEL
2018-04-10,SUZB3,SUZB3,37.5,37.69,36.21,36.77,36.77,4085400,37.5,37.69,36.21,36.77,1.0,37.69,36.21,0,4085400,14806,150643399.0,1,02,010,BRSUZBACNOR0,122,ON      NM,SUZANO PAPEL
2018-04-11,SUZB3,SUZB3,36.45,36.76,35.48,35.7,35.7,5681500,36.45,36.76,35.48,35.7,1.0,36.76,35.48,0,5681500,19321,203722209.0,1,02,010,BRSUZBACNOR0,122,ON      NM,SUZANO PAPEL
2018-04-12,SUZB3,SUZB3,35.85,36.39,35.44,36.35,36.35,3626500,35.85,36.39,35.44,36.35,1.0,36.39,35.44,0,3626500,15510,130142430.0,1,02,010,BRSUZBACNOR0,122,ON      NM,SUZANO PAPEL
2018-04-13,SUZB3,SUZB3,36.5,36.67,35.85,36.25,36.25,2424700,36.5,36.67,35.85,36.25,1.0,36.67,35.85,0,2424700,11387,87603507.0,1,02,010,BRSUZBACNOR0,122,ON      NM,SUZANO PAPEL
2018-04-16,SUZB3,SUZB3,35.9,37.03,35.72,36.86,36.86,3073700,35.9,37.03,35.72,36.86,1.0,37.03,35.72,0,3073700,12335,112274165.0,1,02,010,BRSUZBACNOR0,122,ON      NM,SUZANO PAPEL
2018-04-17,SUZB3,SUZB3,36.93,37.89,36.92,37.89,37.89,4595200,36.93,37.89,36.92,37.89,1.0,37.89,36.92,0,4595200,15598,172327745.0,1,02,010,BRSUZBACNOR0,122,ON      NM,SUZANO PAPEL
2018-04-18,SUZB3,SUZB3,37.95,38.0,36.95,37.35,37.35,5098900,37.95,38.0,36.95,37.35,1.0,38.0,36.95,0,5098900,20458,191225452.0,1,02,010,BRSUZBACNOR0,122,ON      NM,SUZANO PAPEL
2018-04-19,SUZB3,SUZB3,37.4,37.54,36.67,37.33,37.33,2994700,37.4,37.54,36.67,37.33,1.0,37.54,36.67,0,2994700,13928,111641878.0,1,02,010,BRSUZBACNOR0,122,ON      NM,SUZANO PAPEL
2018-04-20,SUZB3,SUZB3,37.4,37.68,36.85,37.63,37.63,2585300,37.4,37.68,36.85,37.63,1.0,37.68,36.85,0,2585300,10943,96266518.0,1,02,010,BRSUZBACNOR0,122,ON      NM,SUZANO PAPEL
2018-04-23,SUZB3,SUZB3,37.69,38.65,37.69,38.25,38.25,3452300,37.69,38.65,37.69,38.25,1.0,38.65,37.69,0,3452300,12847,132159792.0,1,02,010,BRSUZBACNOR0,122,ON      NM,SUZANO PAPEL
2018-04-24,SUZB3,SUZB3,38.34,38.64,37.7,37.7,37.7,2472000,38.34,38.64,37.7,37.7,1.0,38.64,37.7,0,2472000,9658,94099564.0,1,02,010,BRSUZBACNOR0,122,ON      NM,SUZANO PAPEL
2018-04-25,SUZB3,SUZB3,38.18,39.3,37.7,39.2,39.2,4934700,38.18,39.3,37.7,39.2,1.0,39.3,37.7,0,4934700,16028,191048075.0,1,02,010,BRSUZBACNOR0,122,ON      NM,SUZANO PAPEL
2018-04-26,SUZB3,SUZB3,39.36,40.86,38.43,40.0,40.0,5328400,39.36,40.86,38.43,40.0,1.0,40.86,38.43,0,5328400,18234,212720695.0,1,02,010,BRSUZBACNOR0,122,ON      NM,SUZANO PAPEL
2018-04-27,SUZB3,SUZB3,41.0,42.2,39.79,40.25,40.25,4904000,41.0,42.2,39.79,40.25,1.0,42.2,39.79,0,4904000,19938,198814391.0,1,02,010,BRSUZBACNOR0,123,ON  ED  NM,SUZANO PAPEL
2018-04-30,SUZB3,SUZB3,40.5,41.06,39.8,41.06,41.06,2698400,40.5,41.06,39.8,41.06,1.0,41.06,39.8,0,2698400,8744,109110913.0,1,02,010,BRSUZBACNOR0,123,ON  ED  NM,SUZANO PAPEL
2018-05-02,SUZB3,SUZB3,41.55,42.9,41.06,42.45,42.45,4857800,41.55,42.9,41.06,42.45,1.0,42.9,41.06,0,4857800,16924,204915788.0,1,02,010,BRSUZBACNOR0,123,ON  ED  NM,SUZANO PAPEL
2018-05-03,SUZB3,SUZB3,42.79,42.99,40.17,40.82,40.82,6965600,42.79,42.99,40.17,40.82,1.0,42.99,40.17,0,6965600,26138,288599903.0,1,02,010,BRSUZBACNOR0,123,ON  ED  NM,SUZANO PAPEL
2018-05-04,SUZB3,SUZB3,40.69,41.21,39.51,39.85,39.85,4057000,40.69,41.21,39.51,39.85,1.0,41.21,39.51,0,4057000,12784,162632451.0,1,02,010,BRSUZBACNOR0,123,ON  ED  NM,SUZANO PAPEL
2018-05-07,SUZB3,SUZB3,39.83,40.43,39.09,39.43,39.43,2632800,39.83,40.43,39.09,39.43,1.0,40.43,39.09,0,2632800,9480,104496358.0,1,02,010,BRSUZBACNOR0,123,ON  ED  NM,SUZANO PAPEL
2018-05-08,SUZB3,SUZB3,39.45,41.4,39.25,39.98,39.98,4963500,39.45,41.4,39.25,39.98,1.0,41.4,39.25,0,4963500,18583,200360931.0,1,02,010,BRSUZBACNOR0,123,ON  ED  NM,SUZANO PAPEL
2018-05-09,SUZB3,SUZB3,40.5,42.95,40.25,42.85,42.85,5045300,40.5,42.95,40.25,42.85,1.0,42.95,40.25,0,5045300,13624,211163859.0,1,02,010,BRSUZBACNOR0,123,ON  ED  NM,SUZANO PAPEL
2018-05-10,SUZB3,SUZB3,42.55,43.35,41.62,42.02,42.02,4827600,42.55,43.35,41.62,42.02,1.0,43.35,41.62,0,4827600,14851,204591953.0,1,02,010,BRSUZBACNOR0,123,ON      NM,SUZANO PAPEL
2018-05-11,SUZB3,SUZB3,41.78,43.85,41.2,43.1,43.1,3836300,41.78,43.85,41.2,43.1,1.0,43.85,41.2,0,3836300,12492,165086006.0,1,02,010,BRSUZBACNOR0,123,ON      NM,SUZANO PAPEL
2018-05-14,SUZB3,SUZB3,43.0,45.28,42.95,45.25,45.25,4926200,43.0,45.28,42.95,45.25,1.0,45.28,42.95,0,4926200,20869,220123471.0,1,02,010,BRSUZBACNOR0,123,ON      NM,SUZANO PAPEL
2018-05-15,SUZB3,SUZB3,47.21,47.84,45.65,45.99,45.99,6523300,47.21,47.84,45.65,45.99,1.0,47.84,45.65,0,6523300,24118,302951806.0,1,02,010,BRSUZBACNOR0,123,ON      NM,SUZANO PAPEL
2018-05-16,SUZB3,SUZB3,46.39,46.9,43.92,44.49,44.49,4258800,46.39,46.9,43.92,44.49,1.0,46.9,43.92,0,4258800,13558,193138738.0,1,02,010,BRSUZBACNOR0,123,ON      NM,SUZANO PAPEL
2018-05-17,SUZB3,SUZB3,44.14,45.27,43.45,44.42,44.42,5265700,44.14,45.27,43.45,44.42,1.0,45.27,43.45,0,5265700,21216,235323610.0,1,02,010,BRSUZBACNOR0,123,ON      NM,SUZANO PAPEL
2018-05-18,SUZB3,SUZB3,45.16,46.75,45.16,46.19,46.19,4657600,45.16,46.75,45.16,46.19,1.0,46.75,45.16,0,4657600,19769,214708628.0,1,02,010,BRSUZBACNOR0,123,ON      NM,SUZANO PAPEL
2018-05-21,SUZB3,SUZB3,45.6,47.25,44.8,45.72,45.72,5966500,45.6,47.25,44.8,45.72,1.0,47.25,44.8,0,5966500,18053,276203020.0,1,02,010,BRSUZBACNOR0,123,ON      NM,SUZANO PAPEL
2018-05-22,SUZB3,SUZB3,45.45,46.3,42.0,42.98,42.98,7733400,45.45,46.3,42.0,42.98,1.0,46.3,42.0,0,7733400,27626,335645224.0,1,02,010,BRSUZBACNOR0,123,ON      NM,SUZANO PAPEL
2018-05-23,SUZB3,SUZB3,43.8,44.28,42.26,42.71,42.71,3768200,43.8,44.28,42.26,42.71,1.0,44.28,42.26,0,3768200,12600,163030541.0,1,02,010,BRSUZBACNOR0,123,ON      NM,SUZANO PAPEL
2018-05-24,SUZB3,SUZB3,42.5,46.0,41.7,45.28,45.28,5666900,42.5,46.0,41.7,45.28,1.0,46.0,41.7,0,5666900,22556,254328375.0,1,02,010,BRSUZBACNOR0,123,ON      NM,SUZANO PAPEL
2018-05-25,SUZB3,SUZB3,45.0,45.47,44.0,44.32,44.32,4844700,45.0,45.47,44.0,44.32,1.0,45.47,44.0,0,4844700,15943,215846243.0,1,02,010,BRSUZBACNOR0,123,ON      NM,SUZANO PAPEL
2018-05-28,SUZB3,SUZB3,45.12,46.51,43.5,45.0,45.0,3766100,45.12,46.51,43.5,45.0,1.0,46.51,43.5,0,3766100,15677,169309886.0,1,02,010,BRSUZBACNOR0,123,ON      NM,SUZANO PAPEL
2018-05-29,SUZB3,SUZB3,44.18,44.9,42.0,43.15,43.15,8246900,44.18,44.9,42.0,43.15,1.0,44.9,42.0,0,8246900,31148,356003628.0,1,02,010,BRSUZBACNOR0,123,ON      NM,SUZANO PAPEL
2018-05-30,SUZB3,SUZB3,43.4,44.11,42.16,43.1,43.1,6865300,43.4,44.11,42.16,43.1,1.0,44.11,42.16,0,6865300,23656,296389338.0,1,02,010,BRSUZBACNOR0,123,ON      NM,SUZANO PAPEL
2018-06-01,SUZB3,SUZB3,43.4,45.16,42.6,44.48,44.48,4748800,43.4,45.16,42.6,44.48,1.0,45.16,42.6,0,4748800,14845,208225752.0,1,02,010,BRSUZBACNOR0,123,ON      NM,SUZANO PAPEL
2018-06-04,SUZB3,SUZB3,44.0,47.1,43.61,47.03,47.03,5392100,44.0,47.1,43.61,47.03,1.0,47.1,43.61,0,5392100,16080,249071994.0,1,02,010,BRSUZBACNOR0,123,ON      NM,SUZANO PAPEL
2018-06-05,SUZB3,SUZB3,47.5,48.49,47.11,48.3,48.3,5085400,47.5,48.49,47.11,48.3,1.0,48.49,47.11,0,5085400,16099,243333444.0,1,02,010,BRSUZBACNOR0,123,ON      NM,SUZANO PAPEL
2018-06-06,SUZB3,SUZB3,48.26,52.1,48.26,51.96,51.96,6316500,48.26,52.1,48.26,51.96,1.0,52.1,48.26,0,6316500,21571,320888158.0,1,02,010,BRSUZBACNOR0,123,ON      NM,SUZANO PAPEL
2018-06-07,SUZB3,SUZB3,53.8,54.71,47.65,49.45,49.45,11309100,53.8,54.71,47.65,49.45,1.0,54.71,47.65,0,11309100,39884,569567124.0,1,02,010,BRSUZBACNOR0,123,ON      NM,SUZANO PAPEL
2018-06-08,SUZB3,SUZB3,47.4,48.8,44.2,44.73,44.73,10337800,47.4,48.8,44.2,44.73,1.0,48.8,44.2,0,10337800,33357,476794113.0,1,02,010,BRSUZBACNOR0,123,ON      NM,SUZANO PAPEL
2018-06-11,SUZB3,SUZB3,44.93,46.43,43.15,44.09,44.09,5563300,44.93,46.43,43.15,44.09,1.0,46.43,43.15,0,5563300,22436,246242616.0,1,02,010,BRSUZBACNOR0,123,ON      NM,SUZANO PAPEL
2018-06-12,SUZB3,SUZB3,43.6,46.45,43.55,45.94,45.94,4159400,43.6,46.45,43.55,45.94,1.0,46.45,43.55,0,4159400,19429,189126908.0,1,02,010,BRSUZBACNOR0,123,ON      NM,SUZANO PAPEL
2018-06-13,SUZB3,SUZB3,46.4,47.58,45.4,46.01,46.01,3935100,46.4,47.58,45.4,46.01,1.0,47.58,45.4,0,3935100,13254,183644616.0,1,02,010,BRSUZBACNOR0,123,ON      NM,SUZANO PAPEL
2018-06-14,SUZB3,SUZB3,46.0,48.0,45.06,48.0,48.0,5153000,46.0,48.0,45.06,48.0,1.0,48.0,45.06,0,5153000,19434,239258084.0,1,02,010,BRSUZBACNOR0,123,ON      NM,SUZANO PAPEL
2018-06-15,SUZB3,SUZB3,47.88,49.25,47.03,47.3,47.3,8243500,47.88,49.25,47.03,47.3,1.0,49.25,47.03,0,8243500,21852,396040515.0,1,02,010,BRSUZBACNOR0,123,ON      NM,SUZANO PAPEL
2018-06-18,SUZB3,SUZB3,47.01,47.78,45.79,46.29,46.29,3772200,47.01,47.78,45.79,46.29,1.0,47.78,45.79,0,3772200,13865,176043078.0,1,02,010,BRSUZBACNOR0,123,ON      NM,SUZANO PAPEL
2018-06-19,SUZB3,SUZB3,46.06,46.64,43.6,43.85,43.85,8103500,46.06,46.64,43.6,43.85,1.0,46.64,43.6,0,8103500,31759,359144926.0,1,02,010,BRSUZBACNOR0,123,ON      NM,SUZANO PAPEL
2018-06-20,SUZB3,SUZB3,43.41,43.44,42.3,43.11,43.11,6919600,43.41,43.44,42.3,43.11,1.0,43.44,42.3,0,6919600,22405,297136539.0,1,02,010,BRSUZBACNOR0,123,ON      NM,SUZANO PAPEL
2018-06-21,SUZB3,SUZB3,43.1,44.87,42.74,43.58,43.58,4293400,43.1,44.87,42.74,43.58,1.0,44.87,42.74,0,4293400,18208,189341298.0,1,02,010,BRSUZBACNOR0,123,ON      NM,SUZANO PAPEL
2018-06-22,SUZB3,SUZB3,44.0,44.09,42.89,43.88,43.88,2140900,44.0,44.09,42.89,43.88,1.0,44.09,42.89,0,2140900,10108,93359626.0,1,02,010,BRSUZBACNOR0,123,ON      NM,SUZANO PAPEL
2018-06-25,SUZB3,SUZB3,43.63,44.36,43.01,43.96,43.96,2286700,43.63,44.36,43.01,43.96,1.0,44.36,43.01,0,2286700,9856,99830653.0,1,02,010,BRSUZBACNOR0,123,ON      NM,SUZANO PAPEL
2018-06-26,SUZB3,SUZB3,43.96,44.5,42.84,44.5,44.5,2323400,43.96,44.5,42.84,44.5,1.0,44.5,42.84,0,2323400,8728,101706399.0,1,02,010,BRSUZBACNOR0,123,ON      NM,SUZANO PAPEL
2018-06-27,SUZB3,SUZB3,44.98,45.22,43.74,45.0,45.0,5160300,44.98,45.22,43.74,45.0,1.0,45.22,43.74,0,5160300,16550,230916492.0,1,02,010,BRSUZBACNOR0,123,ON      NM,SUZANO PAPEL
2018-06-28,SUZB3,SUZB3,44.55,44.95,44.02,44.17,44.17,2763700,44.55,44.95,44.02,44.17,1.0,44.95,44.02,0,2763700,8644,122773646.0,1,02,010,BRSUZBACNOR0,123,ON      NM,SUZANO PAPEL
2018-06-29,SUZB3,SUZB3,44.2,44.97,43.56,44.97,44.97,2663000,44.2,44.97,43.56,44.97,1.0,44.97,43.56,0,2663000,8835,118417370.0,1,02,010,BRSUZBACNOR0,123,ON      NM,SUZANO PAPEL
2018-07-02,SUZB3,SUZB3,44.97,45.15,44.1,44.59,44.59,1419100,44.97,45.15,44.1,44.59,1.0,45.15,44.1,0,1419100,6411,63351573.0,1,02,010,BRSUZBACNOR0,123,ON      NM,SUZANO PAPEL
2018-07-03,SUZB3,SUZB3,45.0,45.48,44.72,45.0,45.0,2430600,45.0,45.48,44.72,45.0,1.0,45.48,44.72,0,2430600,12017,109695199.0,1,02,010,BRSUZBACNOR0,123,ON      NM,SUZANO PAPEL
2018-07-04,SUZB3,SUZB3,45.25,45.91,45.14,45.71,45.71,1301600,45.25,45.91,45.14,45.71,1.0,45.91,45.14,0,1301600,7823,59261396.0,1,02,010,BRSUZBACNOR0,123,ON      NM,SUZANO PAPEL
2018-07-05,SUZB3,SUZB3,45.99,46.85,45.57,46.79,46.79,2376600,45.99,46.85,45.57,46.79,1.0,46.85,45.57,0,2376600,10716,109554863.0,1,02,010,BRSUZBACNOR0,123,ON      NM,SUZANO PAPEL
2018-07-06,SUZB3,SUZB3,47.0,48.15,45.6,45.64,45.64,2256000,47.0,48.15,45.6,45.64,1.0,48.15,45.6,0,2256000,9454,105205557.0,1,02,010,BRSUZBACNOR0,123,ON      NM,SUZANO PAPEL
2018-07-10,SUZB3,SUZB3,45.6,45.6,43.05,43.31,43.31,4831700,45.6,45.6,43.05,43.31,1.0,45.6,43.05,0,4831700,18790,212175681.0,1,02,010,BRSUZBACNOR0,123,ON      NM,SUZANO PAPEL
2018-07-11,SUZB3,SUZB3,43.68,45.3,43.61,44.88,44.88,3514100,43.68,45.3,43.61,44.88,1.0,45.3,43.61,0,3514100,10463,157202580.0,1,02,010,BRSUZBACNOR0,123,ON      NM,SUZANO PAPEL
2018-07-12,SUZB3,SUZB3,44.5,44.74,43.98,44.16,44.16,3195300,44.5,44.74,43.98,44.16,1.0,44.74,43.98,0,3195300,10952,141795321.0,1,02,010,BRSUZBACNOR0,123,ON      NM,SUZANO PAPEL
2018-07-13,SUZB3,SUZB3,44.5,45.44,44.24,44.24,44.24,2866500,44.5,45.44,44.24,44.24,1.0,45.44,44.24,0,2866500,9891,128592533.0,1,02,010,BRSUZBACNOR0,123,ON      NM,SUZANO PAPEL
2018-07-16,SUZB3,SUZB3,44.6,45.09,44.1,44.31,44.31,2766300,44.6,45.09,44.1,44.31,1.0,45.09,44.1,0,2766300,9676,123208548.0,1,02,010,BRSUZBACNOR0,123,ON      NM,SUZANO PAPEL
2018-07-17,SUZB3,SUZB3,44.65,44.87,43.43,43.69,43.69,3863600,44.65,44.87,43.43,43.69,1.0,44.87,43.43,0,3863600,15954,170623767.0,1,02,010,BRSUZBACNOR0,123,ON      NM,SUZANO PAPEL
2018-07-18,SUZB3,SUZB3,43.96,44.17,40.88,42.26,42.26,11865700,43.96,44.17,40.88,42.26,1.0,44.17,40.88,0,11865700,28230,499595054.0,1,02,010,BRSUZBACNOR0,123,ON      NM,SUZANO PAPEL
2018-07-19,SUZB3,SUZB3,42.65,43.53,41.96,42.0,42.0,5335200,42.65,43.53,41.96,42.0,1.0,43.53,41.96,0,5335200,12829,227975326.0,1,02,010,BRSUZBACNOR0,123,ON      NM,SUZANO PAPEL
2018-07-20,SUZB3,SUZB3,40.0,41.0,39.63,39.81,39.81,7493600,40.0,41.0,39.63,39.81,1.0,41.0,39.63,0,7493600,33856,301193875.0,1,02,010,BRSUZBACNOR0,123,ON      NM,SUZANO PAPEL
2018-07-23,SUZB3,SUZB3,40.02,41.34,40.02,41.11,41.11,4477400,40.02,41.34,40.02,41.11,1.0,41.34,40.02,0,4477400,16135,183086757.0,1,02,010,BRSUZBACNOR0,123,ON      NM,SUZANO PAPEL
2018-07-24,SUZB3,SUZB3,40.6,41.78,40.21,41.62,41.62,4215500,40.6,41.78,40.21,41.62,1.0,41.78,40.21,0,4215500,11921,172947399.0,1,02,010,BRSUZBACNOR0,123,ON      NM,SUZANO PAPEL
2018-07-25,SUZB3,SUZB3,41.8,42.79,39.95,42.55,42.55,4523200,41.8,42.79,39.95,42.55,1.0,42.79,39.95,0,4523200,15249,188229944.0,1,02,010,BRSUZBACNOR0,123,ON      NM,SUZANO PAPEL
2018-07-26,SUZB3,SUZB3,42.58,43.11,42.18,42.48,42.48,3621700,42.58,43.11,42.18,42.48,1.0,43.11,42.18,0,3621700,8747,154782926.0,1,02,010,BRSUZBACNOR0,123,ON      NM,SUZANO PAPEL
2018-07-27,SUZB3,SUZB3,42.32,43.4,42.32,43.4,43.4,2690500,42.32,43.4,42.32,43.4,1.0,43.4,42.32,0,2690500,10187,115686895.0,1,02,010,BRSUZBACNOR0,123,ON      NM,SUZANO PAPEL
2018-07-30,SUZB3,SUZB3,43.5,44.4,43.5,44.19,44.19,2551600,43.5,44.4,43.5,44.19,1.0,44.4,43.5,0,2551600,12538,112578934.0,1,02,010,BRSUZBACNOR0,123,ON      NM,SUZANO PAPEL
2018-07-31,SUZB3,SUZB3,44.4,44.8,44.0,44.55,44.55,2623700,44.4,44.8,44.0,44.55,1.0,44.8,44.0,0,2623700,9833,116660577.0,1,02,010,BRSUZBACNOR0,123,ON      NM,SUZANO PAPEL
2018-08-01,SUZB3,SUZB3,44.66,45.07,43.26,43.6,43.6,3550800,44.66,45.07,43.26,43.6,1.0,45.07,43.26,0,3550800,12475,155895559.0,1,02,010,BRSUZBACNOR0,123,ON      NM,SUZANO PAPEL
2018-08-02,SUZB3,SUZB3,43.5,44.47,43.2,44.11,44.11,2275400,43.5,44.47,43.2,44.11,1.0,44.47,43.2,0,2275400,8648,99781232.0,1,02,010,BRSUZBACNOR0,123,ON      NM,SUZANO PAPEL
2018-08-03,SUZB3,SUZB3,43.5,44.04,42.11,42.84,42.84,4710300,43.5,44.04,42.11,42.84,1.0,44.04,42.11,0,4710300,22352,201985978.0,1,02,010,BRSUZBACNOR0,123,ON      NM,SUZANO PAPEL
2018-08-06,SUZB3,SUZB3,42.91,43.32,42.86,43.1,43.1,2511500,42.91,43.32,42.86,43.1,1.0,43.32,42.86,0,2511500,9759,108327938.0,1,02,010,BRSUZBACNOR0,123,ON      NM,SUZANO PAPEL
2018-08-07,SUZB3,SUZB3,43.0,43.3,41.68,42.43,42.43,6205300,43.0,43.3,41.68,42.43,1.0,43.3,41.68,0,6205300,22088,262397096.0,1,02,010,BRSUZBACNOR0,123,ON      NM,SUZANO PAPEL
2018-08-08,SUZB3,SUZB3,42.6,43.69,42.6,43.67,43.67,3314200,42.6,43.69,42.6,43.67,1.0,43.69,42.6,0,3314200,11512,143463192.0,1,02,010,BRSUZBACNOR0,123,ON      NM,SUZANO PAPEL
2018-08-09,SUZB3,SUZB3,42.6,44.5,41.86,44.0,44.0,4683100,42.6,44.5,41.86,44.0,1.0,44.5,41.86,0,4683100,14617,204075746.0,1,02,010,BRSUZBACNOR0,123,ON      NM,SUZANO PAPEL
2018-08-10,SUZB3,SUZB3,44.3,45.89,44.29,45.68,45.68,5730900,44.3,45.89,44.29,45.68,1.0,45.89,44.29,0,5730900,18686,259069504.0,1,02,010,BRSUZBACNOR0,123,ON      NM,SUZANO PAPEL
2018-08-13,SUZB3,SUZB3,46.1,47.5,45.3,47.0,47.0,6516400,46.1,47.5,45.3,47.0,1.0,47.5,45.3,0,6516400,21336,303147732.0,1,02,010,BRSUZBACNOR0,123,ON      NM,SUZANO PAPEL
2018-08-14,SUZB3,SUZB3,46.4,47.19,45.97,45.98,45.98,4398900,46.4,47.19,45.97,45.98,1.0,47.19,45.97,0,4398900,16019,204856187.0,1,02,010,BRSUZBACNOR0,123,ON      NM,SUZANO PAPEL
2018-08-15,SUZB3,SUZB3,46.5,46.68,43.83,44.33,44.33,6070000,46.5,46.68,43.83,44.33,1.0,46.68,43.83,0,6070000,17528,274455334.0,1,02,010,BRSUZBACNOR0,123,ON      NM,SUZANO PAPEL
2018-08-16,SUZB3,SUZB3,43.91,44.18,42.9,43.16,43.16,4965800,43.91,44.18,42.9,43.16,1.0,44.18,42.9,0,4965800,17570,215707905.0,1,02,010,BRSUZBACNOR0,123,ON      NM,SUZANO PAPEL
2018-08-17,SUZB3,SUZB3,43.6,45.24,43.3,43.94,43.94,3897200,43.6,45.24,43.3,43.94,1.0,45.24,43.3,0,3897200,16937,173288347.0,1,02,010,BRSUZBACNOR0,123,ON      NM,SUZANO PAPEL
2018-08-20,SUZB3,SUZB3,44.05,45.99,43.6,45.2,45.2,5572900,44.05,45.99,43.6,45.2,1.0,45.99,43.6,0,5572900,18465,251434230.0,1,02,010,BRSUZBACNOR0,123,ON      NM,SUZANO PAPEL
2018-08-21,SUZB3,SUZB3,45.7,47.18,45.33,47.18,47.18,5695900,45.7,47.18,45.33,47.18,1.0,47.18,45.33,0,5695900,18629,264167299.0,1,02,010,BRSUZBACNOR0,123,ON      NM,SUZANO PAPEL
2018-08-22,SUZB3,SUZB3,47.47,49.58,47.15,48.22,48.22,6149500,47.47,49.58,47.15,48.22,1.0,49.58,47.15,0,6149500,20001,296515102.0,1,02,010,BRSUZBACNOR0,123,ON      NM,SUZANO PAPEL
2018-08-23,SUZB3,SUZB3,47.65,50.51,47.36,50.3,50.3,6981000,47.65,50.51,47.36,50.3,1.0,50.51,47.36,0,6981000,23411,345865921.0,1,02,010,BRSUZBACNOR0,123,ON      NM,SUZANO PAPEL
2018-08-24,SUZB3,SUZB3,49.48,51.43,49.17,50.89,50.89,4678600,49.48,51.43,49.17,50.89,1.0,51.43,49.17,0,4678600,21348,236086360.0,1,02,010,BRSUZBACNOR0,123,ON      NM,SUZANO PAPEL
2018-08-27,SUZB3,SUZB3,50.8,50.8,49.03,49.23,49.23,3988200,50.8,50.8,49.03,49.23,1.0,50.8,49.03,0,3988200,17131,196854252.0,1,02,010,BRSUZBACNOR0,123,ON      NM,SUZANO PAPEL
2018-08-28,SUZB3,SUZB3,49.5,50.8,49.2,50.01,50.01,3680100,49.5,50.8,49.2,50.01,1.0,50.8,49.2,0,3680100,13390,184457494.0,1,02,010,BRSUZBACNOR0,123,ON      NM,SUZANO PAPEL
2018-08-29,SUZB3,SUZB3,49.99,49.99,48.4,48.57,48.57,3286500,49.99,49.99,48.4,48.57,1.0,49.99,48.4,0,3286500,11665,161162376.0,1,02,010,BRSUZBACNOR0,123,ON      NM,SUZANO PAPEL
2018-08-30,SUZB3,SUZB3,49.6,49.69,47.17,48.55,48.55,5116500,49.6,49.69,47.17,48.55,1.0,49.69,47.17,0,5116500,19810,248664022.0,1,02,010,BRSUZBACNOR0,123,ON      NM,SUZANO PAPEL
2018-08-31,SUZB3,SUZB3,48.54,49.35,47.0,47.31,47.31,7348600,48.54,49.35,47.0,47.31,1.0,49.35,47.0,0,7348600,15769,351993049.0,1,02,010,BRSUZBACNOR0,123,ON      NM,SUZANO PAPEL
2018-09-03,SUZB3,SUZB3,48.21,49.38,48.15,49.04,49.04,3131900,48.21,49.38,48.15,49.04,1.0,49.38,48.15,0,3131900,13587,153146646.0,1,02,010,BRSUZBACNOR0,123,ON      NM,SUZANO PAPEL
2018-09-04,SUZB3,SUZB3,49.43,51.12,49.4,50.39,50.39,5541000,49.43,51.12,49.4,50.39,1.0,51.12,49.4,0,5541000,16567,279452452.0,1,02,010,BRSUZBACNOR0,123,ON      NM,SUZANO PAPEL
2018-09-05,SUZB3,SUZB3,54.6,55.0,53.1,54.12,54.12,8134800,54.6,55.0,53.1,54.12,1.0,55.0,53.1,0,8134800,23494,439104341.0,1,02,010,BRSUZBACNOR0,123,ON      NM,SUZANO PAPEL
2018-09-06,SUZB3,SUZB3,53.65,55.2,52.82,54.42,54.42,5616800,53.65,55.2,52.82,54.42,1.0,55.2,52.82,0,5616800,19401,305944251.0,1,02,010,BRSUZBACNOR0,123,ON      NM,SUZANO PAPEL
2018-09-10,SUZB3,SUZB3,54.0,54.7,52.5,52.94,52.94,4163700,54.0,54.7,52.5,52.94,1.0,54.7,52.5,0,4163700,15866,221460699.0,1,02,010,BRSUZBACNOR0,123,ON      NM,SUZANO PAPEL
2018-09-11,SUZB3,SUZB3,54.11,54.27,51.81,52.15,52.15,4520200,54.11,54.27,51.81,52.15,1.0,54.27,51.81,0,4520200,18094,238632638.0,1,02,010,BRSUZBACNOR0,123,ON      NM,SUZANO PAPEL
2018-09-12,SUZB3,SUZB3,51.9,52.0,49.96,51.79,51.79,5926000,51.9,52.0,49.96,51.79,1.0,52.0,49.96,0,5926000,15941,301431300.0,1,02,010,BRSUZBACNOR0,123,ON      NM,SUZANO PAPEL
2018-09-13,SUZB3,SUZB3,51.69,52.19,50.89,51.76,51.76,5285100,51.69,52.19,50.89,51.76,1.0,52.19,50.89,0,5285100,14183,271669230.0,1,02,010,BRSUZBACNOR0,123,ON      NM,SUZANO PAPEL
2018-09-14,SUZB3,SUZB3,52.49,52.5,51.23,52.0,52.0,5213200,52.49,52.5,51.23,52.0,1.0,52.5,51.23,0,5213200,16933,270239856.0,1,02,010,BRSUZBACNOR0,123,ON      NM,SUZANO PAPEL
2018-09-17,SUZB3,SUZB3,52.34,52.58,51.33,51.4,51.4,4587800,52.34,52.58,51.33,51.4,1.0,52.58,51.33,0,4587800,17907,237278449.0,1,02,010,BRSUZBACNOR0,123,ON      NM,SUZANO PAPEL
2018-09-18,SUZB3,SUZB3,51.4,51.49,48.65,49.22,49.22,6089300,51.4,51.49,48.65,49.22,1.0,51.49,48.65,0,6089300,21762,302419925.0,1,02,010,BRSUZBACNOR0,123,ON      NM,SUZANO PAPEL
2018-09-19,SUZB3,SUZB3,49.51,50.44,47.83,48.39,48.39,5731300,49.51,50.44,47.83,48.39,1.0,50.44,47.83,0,5731300,15958,278590471.0,1,02,010,BRSUZBACNOR0,123,ON      NM,SUZANO PAPEL
2018-09-20,SUZB3,SUZB3,47.79,48.49,47.18,47.88,47.88,4685900,47.79,48.49,47.18,47.88,1.0,48.49,47.18,0,4685900,16438,223438282.0,1,02,010,BRSUZBACNOR0,123,ON      NM,SUZANO PAPEL
2018-09-21,SUZB3,SUZB3,47.9,47.9,46.71,47.05,47.05,4881900,47.9,47.9,46.71,47.05,1.0,47.9,46.71,0,4881900,12041,230646198.0,1,02,010,BRSUZBACNOR0,123,ON      NM,SUZANO PAPEL
2018-09-24,SUZB3,SUZB3,47.4,47.92,46.72,46.96,46.96,3047300,47.4,47.92,46.72,46.96,1.0,47.92,46.72,0,3047300,11497,143651713.0,1,02,010,BRSUZBACNOR0,123,ON      NM,SUZANO PAPEL
2018-09-25,SUZB3,SUZB3,47.6,48.68,47.35,48.0,48.0,5465400,47.6,48.68,47.35,48.0,1.0,48.68,47.35,0,5465400,17191,262812125.0,1,02,010,BRSUZBACNOR0,123,ON      NM,SUZANO PAPEL
2018-09-26,SUZB3,SUZB3,47.81,48.38,47.19,47.96,47.96,4615800,47.81,48.38,47.19,47.96,1.0,48.38,47.19,0,4615800,13020,220334195.0,1,02,010,BRSUZBACNOR0,123,ON      NM,SUZANO PAPEL
2018-09-27,SUZB3,SUZB3,48.3,48.64,47.14,47.4,47.4,5728200,48.3,48.64,47.14,47.4,1.0,48.64,47.14,0,5728200,20440,273079067.0,1,02,010,BRSUZBACNOR0,123,ON      NM,SUZANO PAPEL
2018-09-28,SUZB3,SUZB3,47.98,48.15,47.5,48.08,48.08,4052100,47.98,48.15,47.5,48.08,1.0,48.15,47.5,0,4052100,12715,194212775.0,1,02,010,BRSUZBACNOR0,123,ON      NM,SUZANO PAPEL
2018-10-01,SUZB3,SUZB3,48.27,48.27,47.33,48.0,48.0,2043500,48.27,48.27,47.33,48.0,1.0,48.27,47.33,0,2043500,10394,97493274.0,1,02,010,BRSUZBACNOR0,123,ON      NM,SUZANO PAPEL
2018-10-02,SUZB3,SUZB3,46.88,47.27,45.6,46.2,46.2,6090200,46.88,47.27,45.6,46.2,1.0,47.27,45.6,0,6090200,22995,281963257.0,1,02,010,BRSUZBACNOR0,123,ON      NM,SUZANO PAPEL
2018-10-03,SUZB3,SUZB3,44.0,45.29,43.01,44.14,44.14,9990700,44.0,45.29,43.01,44.14,1.0,45.29,43.01,0,9990700,33719,439930674.0,1,02,010,BRSUZBACNOR0,123,ON      NM,SUZANO PAPEL
2018-10-04,SUZB3,SUZB3,44.99,45.2,41.52,41.71,41.71,5683900,44.99,45.2,41.52,41.71,1.0,45.2,41.52,0,5683900,18458,243444059.0,1,02,010,BRSUZBACNOR0,123,ON      NM,SUZANO PAPEL
2018-10-05,SUZB3,SUZB3,41.28,43.08,41.02,41.88,41.88,6461300,41.28,43.08,41.02,41.88,1.0,43.08,41.02,0,6461300,20844,272677130.0,1,02,010,BRSUZBACNOR0,123,ON      NM,SUZANO PAPEL
2018-10-08,SUZB3,SUZB3,39.9,41.7,39.4,41.7,41.7,12876900,39.9,41.7,39.4,41.7,1.0,41.7,39.4,0,12876900,39855,519320222.0,1,02,010,BRSUZBACNOR0,123,ON      NM,SUZANO PAPEL
2018-10-09,SUZB3,SUZB3,41.7,41.72,40.71,41.0,41.0,8016000,41.7,41.72,40.71,41.0,1.0,41.72,40.71,0,8016000,26580,329033532.0,1,02,010,BRSUZBACNOR0,123,ON      NM,SUZANO PAPEL
2018-10-10,SUZB3,SUZB3,41.75,43.07,41.61,41.91,41.91,6836000,41.75,43.07,41.61,41.91,1.0,43.07,41.61,0,6836000,18731,289148800.0,1,02,010,BRSUZBACNOR0,123,ON      NM,SUZANO PAPEL
2018-10-11,SUZB3,SUZB3,41.59,42.7,41.3,41.54,41.54,3656600,41.59,42.7,41.3,41.54,1.0,42.7,41.3,0,3656600,12466,153617709.0,1,02,010,BRSUZBACNOR0,123,ON      NM,SUZANO PAPEL
2018-10-15,SUZB3,SUZB3,42.1,42.14,40.96,41.0,41.0,5370000,42.1,42.14,40.96,41.0,1.0,42.14,40.96,0,5370000,18446,222736038.0,1,02,010,BRSUZBACNOR0,123,ON      NM,SUZANO PAPEL
2018-10-16,SUZB3,SUZB3,41.38,41.7,40.52,40.75,40.75,5061800,41.38,41.7,40.52,40.75,1.0,41.7,40.52,0,5061800,15768,207989956.0,1,02,010,BRSUZBACNOR0,123,ON      NM,SUZANO PAPEL
2018-10-17,SUZB3,SUZB3,41.12,41.27,40.01,40.21,40.21,4347100,41.12,41.27,40.01,40.21,1.0,41.27,40.01,0,4347100,16137,175532215.0,1,02,010,BRSUZBACNOR0,123,ON      NM,SUZANO PAPEL
2018-10-18,SUZB3,SUZB3,40.35,40.75,39.33,40.34,40.34,6062400,40.35,40.75,39.33,40.34,1.0,40.75,39.33,0,6062400,17344,243884313.0,1,02,010,BRSUZBACNOR0,123,ON      NM,SUZANO PAPEL
2018-10-19,SUZB3,SUZB3,40.45,40.87,39.98,40.29,40.29,3651600,40.45,40.87,39.98,40.29,1.0,40.87,39.98,0,3651600,16212,147636469.0,1,02,010,BRSUZBACNOR0,123,ON      NM,SUZANO PAPEL
2018-10-22,SUZB3,SUZB3,40.42,41.0,39.81,40.71,40.71,3640800,40.42,41.0,39.81,40.71,1.0,41.0,39.81,0,3640800,14146,147872215.0,1,02,010,BRSUZBACNOR0,123,ON      NM,SUZANO PAPEL
2018-10-23,SUZB3,SUZB3,41.3,41.74,40.74,40.99,40.99,4423200,41.3,41.74,40.74,40.99,1.0,41.74,40.74,0,4423200,17912,182190646.0,1,02,010,BRSUZBACNOR0,123,ON      NM,SUZANO PAPEL
2018-10-24,SUZB3,SUZB3,41.44,42.0,41.12,42.0,42.0,3100000,41.44,42.0,41.12,42.0,1.0,42.0,41.12,0,3100000,14308,129429894.0,1,02,010,BRSUZBACNOR0,123,ON      NM,SUZANO PAPEL
2018-10-25,SUZB3,SUZB3,41.74,42.65,41.23,42.23,42.23,3321400,41.74,42.65,41.23,42.23,1.0,42.65,41.23,0,3321400,15411,140397226.0,1,02,010,BRSUZBACNOR0,123,ON      NM,SUZANO PAPEL
2018-10-26,SUZB3,SUZB3,42.24,42.24,39.3,39.5,39.5,9110600,42.24,42.24,39.3,39.5,1.0,42.24,39.3,0,9110600,26635,366327710.0,1,02,010,BRSUZBACNOR0,123,ON      NM,SUZANO PAPEL
2018-10-29,SUZB3,SUZB3,39.2,39.89,37.07,37.92,37.92,7628700,39.2,39.89,37.07,37.92,1.0,39.89,37.07,0,7628700,26735,293440058.0,1,02,010,BRSUZBACNOR0,123,ON      NM,SUZANO PAPEL
2018-10-30,SUZB3,SUZB3,38.05,38.1,36.22,36.58,36.58,6674300,38.05,38.1,36.22,36.58,1.0,38.1,36.22,0,6674300,25853,246618712.0,1,02,010,BRSUZBACNOR0,123,ON      NM,SUZANO PAPEL
2018-10-31,SUZB3,SUZB3,36.35,39.06,35.9,37.85,37.85,6638400,36.35,39.06,35.9,37.85,1.0,39.06,35.9,0,6638400,21144,249636950.0,1,02,010,BRSUZBACNOR0,123,ON      NM,SUZANO PAPEL
2018-11-01,SUZB3,SUZB3,37.85,38.25,36.73,37.04,37.04,4642300,37.85,38.25,36.73,37.04,1.0,38.25,36.73,0,4642300,13380,173220766.0,1,02,010,BRSUZBACNOR0,123,ON      NM,SUZANO PAPEL
2018-11-05,SUZB3,SUZB3,37.24,38.39,36.91,37.86,37.86,5294400,37.24,38.39,36.91,37.86,1.0,38.39,36.91,0,5294400,17292,200681851.0,1,02,010,BRSUZBACNOR0,123,ON      NM,SUZANO PAPEL
2018-11-06,SUZB3,SUZB3,38.27,38.94,36.86,37.37,37.37,5534000,38.27,38.94,36.86,37.37,1.0,38.94,36.86,0,5534000,15482,208061713.0,1,02,010,BRSUZBACNOR0,123,ON      NM,SUZANO PAPEL
2018-11-07,SUZB3,SUZB3,37.0,37.35,36.35,36.61,36.61,3540800,37.0,37.35,36.35,36.61,1.0,37.35,36.35,0,3540800,12588,130378029.0,1,02,010,BRSUZBACNOR0,123,ON      NM,SUZANO PAPEL
2018-11-08,SUZB3,SUZB3,36.71,36.9,35.47,35.47,35.47,5495900,36.71,36.9,35.47,35.47,1.0,36.9,35.47,0,5495900,18588,197881311.0,1,02,010,BRSUZBACNOR0,123,ON      NM,SUZANO PAPEL
2018-11-09,SUZB3,SUZB3,35.6,35.71,34.0,34.4,34.4,7290800,35.6,35.71,34.0,34.4,1.0,35.71,34.0,0,7290800,18034,251970805.0,1,02,010,BRSUZBACNOR0,123,ON      NM,SUZANO PAPEL
2018-11-12,SUZB3,SUZB3,34.53,35.24,33.7,34.2,34.2,4360000,34.53,35.24,33.7,34.2,1.0,35.24,33.7,0,4360000,19229,149454683.0,1,02,010,BRSUZBACNOR0,123,ON      NM,SUZANO PAPEL
2018-11-13,SUZB3,SUZB3,34.21,36.45,34.06,36.31,36.31,6929200,34.21,36.45,34.06,36.31,1.0,36.45,34.06,0,6929200,21743,243556426.0,1,02,010,BRSUZBACNOR0,123,ON      NM,SUZANO PAPEL
2018-11-14,SUZB3,SUZB3,36.6,39.15,36.54,39.15,39.15,10554800,36.6,39.15,36.54,39.15,1.0,39.15,36.54,0,10554800,39666,398892030.0,1,02,010,BRSUZBACNOR0,123,ON      NM,SUZANO PAPEL
2018-11-16,SUZB3,SUZB3,38.75,38.94,37.78,38.6,38.6,5160200,38.75,38.94,37.78,38.6,1.0,38.94,37.78,0,5160200,23372,198440426.0,1,02,010,BRSUZBACNOR0,123,ON      NM,SUZANO PAPEL
2018-11-19,SUZB3,SUZB3,38.9,39.43,37.19,37.4,37.4,5111100,38.9,39.43,37.19,37.4,1.0,39.43,37.19,0,5111100,19883,192712952.0,1,02,010,BRSUZBACNOR0,123,ON      NM,SUZANO PAPEL
2018-11-21,SUZB3,SUZB3,37.9,38.09,36.0,36.15,36.15,5193600,37.9,38.09,36.0,36.15,1.0,38.09,36.0,0,5193600,17655,189359925.0,1,02,010,BRSUZBACNOR0,123,ON      NM,SUZANO PAPEL
2018-11-22,SUZB3,SUZB3,36.24,37.92,35.55,37.92,37.92,3131500,36.24,37.92,35.55,37.92,1.0,37.92,35.55,0,3131500,10321,115587157.0,1,02,010,BRSUZBACNOR0,123,ON      NM,SUZANO PAPEL
2018-11-23,SUZB3,SUZB3,37.9,37.92,36.68,37.15,37.15,4631100,37.9,37.92,36.68,37.15,1.0,37.92,36.68,0,4631100,15003,172634730.0,1,02,010,BRSUZBACNOR0,123,ON      NM,SUZANO PAPEL
2018-11-26,SUZB3,SUZB3,37.51,38.14,36.5,37.89,37.89,3795500,37.51,38.14,36.5,37.89,1.0,38.14,36.5,0,3795500,13506,142615805.0,1,02,010,BRSUZBACNOR0,123,ON      NM,SUZANO PAPEL
2018-11-27,SUZB3,SUZB3,37.4,37.71,36.51,37.01,37.01,3682400,37.4,37.71,36.51,37.01,1.0,37.71,36.51,0,3682400,14365,136106952.0,1,02,010,BRSUZBACNOR0,123,ON      NM,SUZANO PAPEL
2018-11-28,SUZB3,SUZB3,37.12,37.2,36.24,36.74,36.74,4717400,37.12,37.2,36.24,36.74,1.0,37.2,36.24,0,4717400,16817,172693519.0,1,02,010,BRSUZBACNOR0,123,ON      NM,SUZANO PAPEL
2018-11-29,SUZB3,SUZB3,36.76,38.93,36.57,38.93,38.93,6457300,36.76,38.93,36.57,38.93,1.0,38.93,36.57,0,6457300,16784,245833268.0,1,02,010,BRSUZBACNOR0,123,ON      NM,SUZANO PAPEL
2018-11-30,SUZB3,SUZB3,39.48,42.0,39.47,40.89,40.89,12375400,39.48,42.0,39.47,40.89,1.0,42.0,39.47,0,12375400,35650,505421732.0,1,02,010,BRSUZBACNOR0,123,ON      NM,SUZANO PAPEL
2018-12-03,SUZB3,SUZB3,41.5,41.81,40.66,41.6,41.6,5766900,41.5,41.81,40.66,41.6,1.0,41.81,40.66,0,5766900,21517,238330069.0,1,02,010,BRSUZBACNOR0,123,ON      NM,SUZANO PAPEL
2018-12-04,SUZB3,SUZB3,41.2,41.77,39.15,39.65,39.65,7600500,41.2,41.77,39.15,39.65,1.0,41.77,39.15,0,7600500,21217,306042548.0,1,02,010,BRSUZBACNOR0,123,ON      NM,SUZANO PAPEL
2018-12-05,SUZB3,SUZB3,39.77,40.4,39.28,39.79,39.79,3089500,39.77,40.4,39.28,39.79,1.0,40.4,39.28,0,3089500,11421,122940180.0,1,02,010,BRSUZBACNOR0,123,ON      NM,SUZANO PAPEL
2018-12-06,SUZB3,SUZB3,40.0,40.11,38.32,39.24,39.24,3965200,40.0,40.11,38.32,39.24,1.0,40.11,38.32,0,3965200,13245,154913705.0,1,02,010,BRSUZBACNOR0,123,ON      NM,SUZANO PAPEL
2018-12-07,SUZB3,SUZB3,39.45,39.45,37.8,38.15,38.15,9554200,39.45,39.45,37.8,38.15,1.0,39.45,37.8,0,9554200,15920,365859407.0,1,02,010,BRSUZBACNOR0,123,ON      NM,SUZANO PAPEL
2018-12-10,SUZB3,SUZB3,38.15,38.67,37.04,37.25,37.25,4602600,38.15,38.67,37.04,37.25,1.0,38.67,37.04,0,4602600,12168,172651790.0,1,02,010,BRSUZBACNOR0,123,ON      NM,SUZANO PAPEL
2018-12-11,SUZB3,SUZB3,36.16,36.7,35.7,35.83,35.83,8241700,36.16,36.7,35.7,35.83,1.0,36.7,35.7,0,8241700,25094,297744398.0,1,02,010,BRSUZBACNOR0,123,ON      NM,SUZANO PAPEL
2018-12-12,SUZB3,SUZB3,36.05,36.7,35.87,36.29,36.29,3592600,36.05,36.7,35.87,36.29,1.0,36.7,35.87,0,3592600,14551,129845754.0,1,02,010,BRSUZBACNOR0,123,ON      NM,SUZANO PAPEL
2018-12-13,SUZB3,SUZB3,36.38,37.6,36.2,37.57,37.57,4992000,36.38,37.6,36.2,37.57,1.0,37.6,36.2,0,4992000,14129,185537415.0,1,02,010,BRSUZBACNOR0,123,ON      NM,SUZANO PAPEL
2018-12-14,SUZB3,SUZB3,37.29,38.05,36.89,37.1,37.1,4263300,37.29,38.05,36.89,37.1,1.0,38.05,36.89,0,4263300,11439,159768059.0,1,02,010,BRSUZBACNOR0,123,ON      NM,SUZANO PAPEL
2018-12-17,SUZB3,SUZB3,37.12,37.35,36.22,36.22,36.22,3941400,37.12,37.35,36.22,36.22,1.0,37.35,36.22,0,3941400,12550,145087522.0,1,02,010,BRSUZBACNOR0,123,ON      NM,SUZANO PAPEL
2018-12-18,SUZB3,SUZB3,36.22,37.79,36.14,37.45,37.45,4678300,36.22,37.79,36.14,37.45,1.0,37.79,36.14,0,4678300,10111,173303791.0,1,02,010,BRSUZBACNOR0,123,ON      NM,SUZANO PAPEL
2018-12-19,SUZB3,SUZB3,37.45,38.4,36.89,36.89,36.89,5303400,37.45,38.4,36.89,36.89,1.0,38.4,36.89,0,5303400,9982,199593673.0,1,02,010,BRSUZBACNOR0,123,ON      NM,SUZANO PAPEL
2018-12-20,SUZB3,SUZB3,37.23,37.46,36.15,36.71,36.71,4226800,37.23,37.46,36.15,36.71,1.0,37.46,36.15,0,4226800,10274,155048606.0,1,02,010,BRSUZBACNOR0,123,ON      NM,SUZANO PAPEL
2018-12-21,SUZB3,SUZB3,36.83,38.8,36.77,38.8,38.8,6722000,36.83,38.8,36.77,38.8,1.0,38.8,36.77,0,6722000,14022,257347874.0,1,02,010,BRSUZBACNOR0,123,ON      NM,SUZANO PAPEL
2018-12-26,SUZB3,SUZB3,38.6,39.24,38.15,38.75,38.75,2756900,38.6,39.24,38.15,38.75,1.0,39.24,38.15,0,2756900,10288,106997183.0,1,02,010,BRSUZBACNOR0,123,ON      NM,SUZANO PAPEL
2018-12-27,SUZB3,SUZB3,38.75,38.76,37.0,37.02,37.02,3410400,38.75,38.76,37.0,37.02,1.0,38.76,37.0,0,3410400,11994,127820092.0,1,02,010,BRSUZBACNOR0,123,ON      NM,SUZANO PAPEL
2018-12-28,SUZB3,SUZB3,37.21,38.08,36.62,38.08,38.08,3976300,37.21,38.08,36.62,38.08,1.0,38.08,36.62,0,3976300,11315,148912754.0,1,02,010,BRSUZBACNOR0,123,ON      NM,SUZANO PAPEL
2019-01-02,SUZB3,SUZB3,37.95,39.49,37.56,38.6,38.6,4900000,37.95,39.49,37.56,38.6,1.0,39.49,37.56,0,4900000,14955,188886142.0,1,02,010,BRSUZBACNOR0,123,ON      NM,SUZANO PAPEL
2019-01-03,SUZB3,SUZB3,38.51,38.51,35.62,36.95,36.95,24428600,38.51,38.51,35.62,36.95,1.0,38.51,35.62,0,24428600,40763,899129579.0,1,02,010,BRSUZBACNOR0,123,ON      NM,SUZANO PAPEL
2019-01-04,SUZB3,SUZB3,37.13,37.96,36.92,37.57,37.57,5789200,37.13,37.96,36.92,37.57,1.0,37.96,36.92,0,5789200,17880,217089392.0,1,02,010,BRSUZBACNOR0,123,ON      NM,SUZANO PAPEL
2019-01-07,SUZB3,SUZB3,37.52,37.52,35.85,35.85,35.85,7126100,37.52,37.52,35.85,35.85,1.0,37.52,35.85,0,7126100,18396,258430406.0,1,02,010,BRSUZBACNOR0,123,ON      NM,SUZANO PAPEL
2019-01-08,SUZB3,SUZB3,36.0,36.44,35.78,36.2,36.2,5272300,36.0,36.44,35.78,36.2,1.0,36.44,35.78,0,5272300,15851,190725437.0,1,02,010,BRSUZBACNOR0,123,ON      NM,SUZANO PAPEL
2019-01-09,SUZB3,SUZB3,36.08,38.37,36.08,38.37,38.37,6623400,36.08,38.37,36.08,38.37,1.0,38.37,36.08,0,6623400,20241,248585890.0,1,02,010,BRSUZBACNOR0,123,ON      NM,SUZANO PAPEL
2019-01-10,SUZB3,SUZB3,38.05,39.9,37.43,38.86,38.86,6902900,38.05,39.9,37.43,38.86,1.0,39.9,37.43,0,6902900,24005,268272520.0,1,02,010,BRSUZBACNOR0,123,ON      NM,SUZANO PAPEL
2019-01-11,SUZB3,SUZB3,39.75,39.75,38.68,38.86,38.86,5485900,39.75,39.75,38.68,38.86,1.0,39.75,38.68,0,5485900,17037,215079850.0,1,02,010,BRSUZBACNOR0,123,ON      NM,SUZANO PAPEL
2019-01-14,SUZB3,SUZB3,38.34,39.63,38.34,39.0,39.0,5932000,38.34,39.63,38.34,39.0,1.0,39.63,38.34,0,5932000,13906,231436332.0,1,02,010,BRSUZBACNOR0,123,ON      NM,SUZANO PAPEL
2019-01-15,SUZB3,SUZB3,39.65,42.3,39.43,42.3,42.3,11259800,39.65,42.3,39.43,42.3,1.0,42.3,39.43,0,11259800,31003,460030755.0,1,02,010,BRSUZBACNOR0,123,ON      NM,SUZANO PAPEL
2019-01-16,SUZB3,SUZB3,42.5,44.85,42.5,44.16,44.16,11537300,42.5,44.85,42.5,44.16,1.0,44.85,42.5,0,11537300,38546,504585527.0,1,02,010,BRSUZBACNOR0,123,ON      NM,SUZANO PAPEL
2019-01-17,SUZB3,SUZB3,44.36,44.85,42.63,42.97,42.97,10277200,44.36,44.85,42.63,42.97,1.0,44.85,42.63,0,10277200,25129,447651299.0,1,02,010,BRSUZBACNOR0,123,ON      NM,SUZANO PAPEL
2019-01-18,SUZB3,SUZB3,43.5,44.56,42.03,44.37,44.37,7909400,43.5,44.56,42.03,44.37,1.0,44.56,42.03,0,7909400,22042,342426434.0,1,02,010,BRSUZBACNOR0,123,ON      NM,SUZANO PAPEL
2019-01-21,SUZB3,SUZB3,44.4,45.68,42.8,45.6,45.6,5046400,44.4,45.68,42.8,45.6,1.0,45.68,42.8,0,5046400,16548,227638248.0,1,02,010,BRSUZBACNOR0,123,ON      NM,SUZANO PAPEL
2019-01-22,SUZB3,SUZB3,45.65,45.9,44.16,44.48,44.48,8144300,45.65,45.9,44.16,44.48,1.0,45.9,44.16,0,8144300,24436,363352483.0,1,02,010,BRSUZBACNOR0,123,ON      NM,SUZANO PAPEL
2019-01-23,SUZB3,SUZB3,44.65,46.5,44.58,45.84,45.84,6808600,44.65,46.5,44.58,45.84,1.0,46.5,44.58,0,6808600,21809,312327608.0,1,02,010,BRSUZBACNOR0,123,ON      NM,SUZANO PAPEL
2019-01-24,SUZB3,SUZB3,46.0,47.95,45.9,47.95,47.95,7327900,46.0,47.95,45.9,47.95,1.0,47.95,45.9,0,7327900,22795,346227043.0,1,02,010,BRSUZBACNOR0,123,ON      NM,SUZANO PAPEL
2019-01-28,SUZB3,SUZB3,47.4,49.44,46.83,49.08,49.08,8294600,47.4,49.44,46.83,49.08,1.0,49.44,46.83,0,8294600,22376,403818165.0,1,02,010,BRSUZBACNOR0,123,ON      NM,SUZANO PAPEL
2019-01-29,SUZB3,SUZB3,49.36,49.79,47.82,48.01,48.01,7093600,49.36,49.79,47.82,48.01,1.0,49.79,47.82,0,7093600,18032,345009487.0,1,02,010,BRSUZBACNOR0,123,ON      NM,SUZANO PAPEL
2019-01-30,SUZB3,SUZB3,48.2,49.0,46.44,46.6,46.6,6752000,48.2,49.0,46.44,46.6,1.0,49.0,46.44,0,6752000,22927,320912125.0,1,02,010,BRSUZBACNOR0,123,ON      NM,SUZANO PAPEL
2019-01-31,SUZB3,SUZB3,46.28,47.92,45.39,46.0,46.0,10110900,46.28,47.92,45.39,46.0,1.0,47.92,45.39,0,10110900,23946,469530470.0,1,02,010,BRSUZBACNOR0,123,ON      NM,SUZANO PAPEL
2019-02-01,SUZB3,SUZB3,46.22,47.13,45.98,46.61,46.61,5208200,46.22,47.13,45.98,46.61,1.0,47.13,45.98,0,5208200,15867,242986506.0,1,02,010,BRSUZBACNOR0,123,ON      NM,SUZANO PAPEL
2019-02-04,SUZB3,SUZB3,46.34,48.0,46.32,47.01,47.01,4034600,46.34,48.0,46.32,47.01,1.0,48.0,46.32,0,4034600,12083,191548638.0,1,02,010,BRSUZBACNOR0,123,ON      NM,SUZANO PAPEL
2019-02-05,SUZB3,SUZB3,47.05,48.3,47.05,47.29,47.29,4456000,47.05,48.3,47.05,47.29,1.0,48.3,47.05,0,4456000,9624,212757493.0,1,02,010,BRSUZBACNOR0,123,ON      NM,SUZANO PAPEL
2019-02-06,SUZB3,SUZB3,47.65,48.45,47.32,47.85,47.85,4345500,47.65,48.45,47.32,47.85,1.0,48.45,47.32,0,4345500,15648,208088999.0,1,02,010,BRSUZBACNOR0,123,ON      NM,SUZANO PAPEL
2019-02-07,SUZB3,SUZB3,48.24,49.44,47.9,48.62,48.62,5061000,48.24,49.44,47.9,48.62,1.0,49.44,47.9,0,5061000,18004,246668203.0,1,02,010,BRSUZBACNOR0,123,ON      NM,SUZANO PAPEL
2019-02-08,SUZB3,SUZB3,49.1,50.0,47.71,47.96,47.96,6593600,49.1,50.0,47.71,47.96,1.0,50.0,47.71,0,6593600,20186,321378935.0,1,02,010,BRSUZBACNOR0,123,ON      NM,SUZANO PAPEL
2019-02-11,SUZB3,SUZB3,48.0,48.66,46.37,46.69,46.69,4654700,48.0,48.66,46.37,46.69,1.0,48.66,46.37,0,4654700,13301,219531980.0,1,02,010,BRSUZBACNOR0,123,ON      NM,SUZANO PAPEL
2019-02-12,SUZB3,SUZB3,47.0,47.34,45.26,45.35,45.35,7544600,47.0,47.34,45.26,45.35,1.0,47.34,45.26,0,7544600,19498,345789196.0,1,02,010,BRSUZBACNOR0,123,ON      NM,SUZANO PAPEL
2019-02-13,SUZB3,SUZB3,45.68,46.66,44.97,45.87,45.87,5721200,45.68,46.66,44.97,45.87,1.0,46.66,44.97,0,5721200,23168,263807346.0,1,02,010,BRSUZBACNOR0,123,ON      NM,SUZANO PAPEL
2019-02-14,SUZB3,SUZB3,46.07,46.49,44.71,45.05,45.05,6929200,46.07,46.49,44.71,45.05,1.0,46.49,44.71,0,6929200,16892,314117275.0,1,02,010,BRSUZBACNOR0,123,ON      NM,SUZANO PAPEL
2019-02-15,SUZB3,SUZB3,44.78,46.1,44.77,45.68,45.68,4190100,44.78,46.1,44.77,45.68,1.0,46.1,44.77,0,4190100,14031,191286345.0,1,02,010,BRSUZBACNOR0,123,ON      NM,SUZANO PAPEL
2019-02-18,SUZB3,SUZB3,46.0,46.37,45.66,45.9,45.9,1974900,46.0,46.37,45.66,45.9,1.0,46.37,45.66,0,1974900,7060,90804715.0,1,02,010,BRSUZBACNOR0,123,ON      NM,SUZANO PAPEL
2019-02-19,SUZB3,SUZB3,46.01,46.59,45.74,46.55,46.55,3422100,46.01,46.59,45.74,46.55,1.0,46.59,45.74,0,3422100,10768,158296334.0,1,02,010,BRSUZBACNOR0,123,ON      NM,SUZANO PAPEL
2019-02-20,SUZB3,SUZB3,46.7,47.42,46.66,46.94,46.94,4785600,46.7,47.42,46.66,46.94,1.0,47.42,46.66,0,4785600,18112,225298249.0,1,02,010,BRSUZBACNOR0,123,ON      NM,SUZANO PAPEL
2019-02-21,SUZB3,SUZB3,47.21,47.64,46.86,47.64,47.64,4120100,47.21,47.64,46.86,47.64,1.0,47.64,46.86,0,4120100,11911,194627349.0,1,02,010,BRSUZBACNOR0,123,ON      NM,SUZANO PAPEL
2019-02-22,SUZB3,SUZB3,46.9,48.08,46.29,47.5,47.5,6264600,46.9,48.08,46.29,47.5,1.0,48.08,46.29,0,6264600,18085,296355103.0,1,02,010,BRSUZBACNOR0,123,ON      NM,SUZANO PAPEL
2019-02-25,SUZB3,SUZB3,47.35,48.62,47.27,48.0,48.0,4067600,47.35,48.62,47.27,48.0,1.0,48.62,47.27,0,4067600,12195,195830780.0,1,02,010,BRSUZBACNOR0,123,ON      NM,SUZANO PAPEL
2019-02-26,SUZB3,SUZB3,48.6,50.5,48.57,50.3,50.3,8764800,48.6,50.5,48.57,50.3,1.0,50.5,48.57,0,8764800,24358,438526953.0,1,02,010,BRSUZBACNOR0,123,ON      NM,SUZANO PAPEL
2019-02-27,SUZB3,SUZB3,50.3,50.33,48.02,48.12,48.12,6185500,50.3,50.33,48.02,48.12,1.0,50.33,48.02,0,6185500,22115,300868598.0,1,02,010,BRSUZBACNOR0,123,ON      NM,SUZANO PAPEL
2019-02-28,SUZB3,SUZB3,48.5,48.84,47.66,47.66,47.66,5014300,48.5,48.84,47.66,47.66,1.0,48.84,47.66,0,5014300,13937,240722339.0,1,02,010,BRSUZBACNOR0,123,ON      NM,SUZANO PAPEL
2019-03-01,SUZB3,SUZB3,47.88,49.35,47.86,48.56,48.56,4583000,47.88,49.35,47.86,48.56,1.0,49.35,47.86,0,4583000,17767,223418935.0,1,02,010,BRSUZBACNOR0,123,ON      NM,SUZANO PAPEL
2019-03-06,SUZB3,SUZB3,49.19,49.68,48.15,48.19,48.19,3753800,49.19,49.68,48.15,48.19,1.0,49.68,48.15,0,3753800,14327,182628269.0,1,02,010,BRSUZBACNOR0,123,ON      NM,SUZANO PAPEL
2019-03-07,SUZB3,SUZB3,48.53,48.97,46.95,48.63,48.63,6030400,48.53,48.97,46.95,48.63,1.0,48.97,46.95,0,6030400,18527,287927245.0,1,02,010,BRSUZBACNOR0,123,ON      NM,SUZANO PAPEL
2019-03-08,SUZB3,SUZB3,48.4,48.45,46.83,47.04,47.04,7371500,48.4,48.45,46.83,47.04,1.0,48.45,46.83,0,7371500,18428,348714466.0,1,02,010,BRSUZBACNOR0,123,ON      NM,SUZANO PAPEL
2019-03-11,SUZB3,SUZB3,47.15,47.8,47.04,47.35,47.35,2496800,47.15,47.8,47.04,47.35,1.0,47.8,47.04,0,2496800,9666,118489640.0,1,02,010,BRSUZBACNOR0,123,ON      NM,SUZANO PAPEL
2019-03-12,SUZB3,SUZB3,47.67,47.68,46.22,46.22,46.22,3527200,47.67,47.68,46.22,46.22,1.0,47.68,46.22,0,3527200,13835,164357332.0,1,02,010,BRSUZBACNOR0,123,ON      NM,SUZANO PAPEL
2019-03-13,SUZB3,SUZB3,46.42,46.74,45.9,46.1,46.1,3193500,46.42,46.74,45.9,46.1,1.0,46.74,45.9,0,3193500,12237,147570865.0,1,02,010,BRSUZBACNOR0,123,ON      NM,SUZANO PAPEL
2019-03-14,SUZB3,SUZB3,46.19,46.5,45.7,46.0,46.0,3334500,46.19,46.5,45.7,46.0,1.0,46.5,45.7,0,3334500,8743,153438544.0,1,02,010,BRSUZBACNOR0,123,ON      NM,SUZANO PAPEL
2019-03-15,SUZB3,SUZB3,46.29,47.36,45.48,46.7,46.7,6894700,46.29,47.36,45.48,46.7,1.0,47.36,45.48,0,6894700,9970,321388900.0,1,02,010,BRSUZBACNOR0,123,ON      NM,SUZANO PAPEL
2019-03-18,SUZB3,SUZB3,46.91,47.69,46.5,47.54,47.54,3498500,46.91,47.69,46.5,47.54,1.0,47.69,46.5,0,3498500,10163,165725295.0,1,02,010,BRSUZBACNOR0,123,ON      NM,SUZANO PAPEL
2019-03-19,SUZB3,SUZB3,47.6,47.6,45.38,45.38,45.38,8073300,47.6,47.6,45.38,45.38,1.0,47.6,45.38,0,8073300,17583,373477829.0,1,02,010,BRSUZBACNOR0,123,ON      NM,SUZANO PAPEL
2019-03-20,SUZB3,SUZB3,45.6,46.04,43.87,43.87,43.87,6753100,45.6,46.04,43.87,43.87,1.0,46.04,43.87,0,6753100,20661,301119980.0,1,02,010,BRSUZBACNOR0,123,ON      NM,SUZANO PAPEL
2019-03-21,SUZB3,SUZB3,44.5,45.54,43.8,45.25,45.25,7235000,44.5,45.54,43.8,45.25,1.0,45.54,43.8,0,7235000,22122,323839089.0,1,02,010,BRSUZBACNOR0,123,ON      NM,SUZANO PAPEL
2019-03-22,SUZB3,SUZB3,46.0,46.65,45.25,45.79,45.79,8908700,46.0,46.65,45.25,45.79,1.0,46.65,45.25,0,8908700,27203,410194126.0,1,02,010,BRSUZBACNOR0,123,ON      NM,SUZANO PAPEL
2019-03-25,SUZB3,SUZB3,45.96,46.87,45.35,46.63,46.63,5659000,45.96,46.87,45.35,46.63,1.0,46.87,45.35,0,5659000,19526,262437708.0,1,02,010,BRSUZBACNOR0,123,ON      NM,SUZANO PAPEL
2019-03-26,SUZB3,SUZB3,46.6,47.25,45.71,46.6,46.6,8010900,46.6,47.25,45.71,46.6,1.0,47.25,45.71,0,8010900,23326,371760005.0,1,02,010,BRSUZBACNOR0,123,ON      NM,SUZANO PAPEL
2019-03-27,SUZB3,SUZB3,47.01,47.81,46.5,47.47,47.47,7406400,47.01,47.81,46.5,47.47,1.0,47.81,46.5,0,7406400,22565,350848690.0,1,02,010,BRSUZBACNOR0,123,ON      NM,SUZANO PAPEL
2019-03-28,SUZB3,SUZB3,47.21,47.43,45.72,46.4,46.4,6659400,47.21,47.43,45.72,46.4,1.0,47.43,45.72,0,6659400,23829,308808064.0,1,02,010,BRSUZBACNOR0,123,ON      NM,SUZANO PAPEL
2019-03-29,SUZB3,SUZB3,46.01,46.56,45.85,46.55,46.55,4264500,46.01,46.56,45.85,46.55,1.0,46.56,45.85,0,4264500,11239,197644084.0,1,02,010,BRSUZBACNOR0,123,ON      NM,SUZANO PAPEL
2019-04-01,SUZB3,SUZB3,46.26,47.95,46.18,47.87,47.87,4280600,46.26,47.95,46.18,47.87,1.0,47.95,46.18,0,4280600,15152,202817150.0,1,02,010,BRSUZBACNOR0,123,ON      NM,SUZANO PAPEL
2019-04-02,SUZB3,SUZB3,48.2,48.38,47.37,48.05,48.05,2962200,48.2,48.38,47.37,48.05,1.0,48.38,47.37,0,2962200,9601,142192180.0,1,02,010,BRSUZBACNOR0,123,ON      NM,SUZANO PAPEL
2019-04-03,SUZB3,SUZB3,47.93,48.1,46.8,46.9,46.9,3035800,47.93,48.1,46.8,46.9,1.0,48.1,46.8,0,3035800,9522,144060067.0,1,02,010,BRSUZBACNOR0,123,ON      NM,SUZANO PAPEL
2019-04-04,SUZB3,SUZB3,46.5,46.5,45.2,45.44,45.44,5110800,46.5,46.5,45.2,45.44,1.0,46.5,45.2,0,5110800,18251,233394857.0,1,02,010,BRSUZBACNOR0,123,ON      NM,SUZANO PAPEL
2019-04-05,SUZB3,SUZB3,45.66,45.75,45.01,45.2,45.2,2682000,45.66,45.75,45.01,45.2,1.0,45.75,45.01,0,2682000,9430,121622265.0,1,02,010,BRSUZBACNOR0,123,ON      NM,SUZANO S.A.
2019-04-08,SUZB3,SUZB3,45.42,45.72,45.0,45.39,45.39,2257700,45.42,45.72,45.0,45.39,1.0,45.72,45.0,0,2257700,11580,102424936.0,1,02,010,BRSUZBACNOR0,123,ON      NM,SUZANO S.A.
2019-04-09,SUZB3,SUZB3,45.3,45.6,44.12,44.7,44.7,3267600,45.3,45.6,44.12,44.7,1.0,45.6,44.12,0,3267600,11970,145904983.0,1,02,010,BRSUZBACNOR0,123,ON      NM,SUZANO S.A.
2019-04-10,SUZB3,SUZB3,44.6,44.61,42.67,43.13,43.13,5571200,44.6,44.61,42.67,43.13,1.0,44.61,42.67,0,5571200,17375,241171253.0,1,02,010,BRSUZBACNOR0,123,ON      NM,SUZANO S.A.
2019-04-11,SUZB3,SUZB3,43.3,43.9,42.56,42.89,42.89,3347200,43.3,43.9,42.56,42.89,1.0,43.9,42.56,0,3347200,15066,144207107.0,1,02,010,BRSUZBACNOR0,123,ON      NM,SUZANO S.A.
2019-04-12,SUZB3,SUZB3,43.5,43.67,41.88,42.49,42.49,5261600,43.5,43.67,41.88,42.49,1.0,43.67,41.88,0,5261600,19704,223371133.0,1,02,010,BRSUZBACNOR0,123,ON      NM,SUZANO S.A.
2019-04-15,SUZB3,SUZB3,42.67,43.09,41.84,42.45,42.45,4065100,42.67,43.09,41.84,42.45,1.0,43.09,41.84,0,4065100,14911,171832518.0,1,02,010,BRSUZBACNOR0,123,ON      NM,SUZANO S.A.
2019-04-16,SUZB3,SUZB3,42.38,42.76,41.45,41.56,41.56,3833300,42.38,42.76,41.45,41.56,1.0,42.76,41.45,0,3833300,14895,160538606.0,1,02,010,BRSUZBACNOR0,123,ON      NM,SUZANO S.A.
2019-04-17,SUZB3,SUZB3,41.89,41.89,40.85,41.3,41.3,11393600,41.89,41.89,40.85,41.3,1.0,41.89,40.85,0,11393600,26102,470108498.0,1,02,010,BRSUZBACNOR0,123,ON      NM,SUZANO S.A.
2019-04-18,SUZB3,SUZB3,41.38,41.58,40.62,41.03,41.03,4912400,41.38,41.58,40.62,41.03,1.0,41.58,40.62,0,4912400,16148,201140686.0,1,02,010,BRSUZBACNOR0,123,ON      NM,SUZANO S.A.
2019-04-22,SUZB3,SUZB3,40.48,41.52,40.25,40.65,40.65,2635000,40.48,41.52,40.25,40.65,1.0,41.52,40.25,0,2635000,10403,107748792.0,1,02,010,BRSUZBACNOR0,124,ON  ED  NM,SUZANO S.A.
2019-04-23,SUZB3,SUZB3,40.82,41.29,40.38,41.01,41.01,4689600,40.82,41.29,40.38,41.01,1.0,41.29,40.38,0,4689600,18143,191472161.0,1,02,010,BRSUZBACNOR0,124,ON  ED  NM,SUZANO S.A.
2019-04-24,SUZB3,SUZB3,41.21,41.7,40.3,41.69,41.69,6043100,41.21,41.7,40.3,41.69,1.0,41.7,40.3,0,6043100,19129,247440133.0,1,02,010,BRSUZBACNOR0,124,ON  ED  NM,SUZANO S.A.
2019-04-25,SUZB3,SUZB3,42.0,43.34,41.08,43.34,43.34,7136300,42.0,43.34,41.08,43.34,1.0,43.34,41.08,0,7136300,21625,304095821.0,1,02,010,BRSUZBACNOR0,124,ON  ED  NM,SUZANO S.A.
2019-04-26,SUZB3,SUZB3,43.34,43.35,42.29,42.75,42.75,5780300,43.34,43.35,42.29,42.75,1.0,43.35,42.29,0,5780300,19610,247074674.0,1,02,010,BRSUZBACNOR0,124,ON  ED  NM,SUZANO S.A.
2019-04-29,SUZB3,SUZB3,42.91,43.0,42.34,42.51,42.51,4011500,42.91,43.0,42.34,42.51,1.0,43.0,42.34,0,4011500,12649,171125636.0,1,02,010,BRSUZBACNOR0,124,ON  ED  NM,SUZANO S.A.
2019-04-30,SUZB3,SUZB3,42.5,42.51,40.73,40.73,40.73,6059000,42.5,42.51,40.73,40.73,1.0,42.51,40.73,0,6059000,17518,249909472.0,1,02,010,BRSUZBACNOR0,124,ON  ED  NM,SUZANO S.A.
2019-05-02,SUZB3,SUZB3,40.95,42.18,40.64,41.94,41.94,5301800,40.95,42.18,40.64,41.94,1.0,42.18,40.64,0,5301800,16981,220726841.0,1,02,010,BRSUZBACNOR0,124,ON  ED  NM,SUZANO S.A.
2019-05-03,SUZB3,SUZB3,41.45,41.99,40.95,41.99,41.99,9627800,41.45,41.99,40.95,41.99,1.0,41.99,40.95,0,9627800,18983,400356701.0,1,02,010,BRSUZBACNOR0,124,ON      NM,SUZANO S.A.
2019-05-06,SUZB3,SUZB3,42.2,42.25,41.16,41.33,41.33,2991800,42.2,42.25,41.16,41.33,1.0,42.25,41.16,0,2991800,10690,123838256.0,1,02,010,BRSUZBACNOR0,124,ON      NM,SUZANO S.A.
2019-05-07,SUZB3,SUZB3,41.25,41.43,40.32,40.99,40.99,3580400,41.25,41.43,40.32,40.99,1.0,41.43,40.32,0,3580400,13232,146466648.0,1,02,010,BRSUZBACNOR0,124,ON      NM,SUZANO S.A.
2019-05-08,SUZB3,SUZB3,41.12,41.45,40.62,41.28,41.28,2947800,41.12,41.45,40.62,41.28,1.0,41.45,40.62,0,2947800,12694,121219326.0,1,02,010,BRSUZBACNOR0,124,ON      NM,SUZANO S.A.
2019-05-09,SUZB3,SUZB3,41.62,44.16,41.51,44.16,44.16,9189400,41.62,44.16,41.51,44.16,1.0,44.16,41.51,0,9189400,25824,397195924.0,1,02,010,BRSUZBACNOR0,124,ON      NM,SUZANO S.A.
2019-05-10,SUZB3,SUZB3,42.75,42.75,40.31,40.31,40.31,12132100,42.75,42.75,40.31,40.31,1.0,42.75,40.31,0,12132100,31040,503364364.0,1,02,010,BRSUZBACNOR0,124,ON      NM,SUZANO S.A.
2019-05-13,SUZB3,SUZB3,40.35,40.41,37.51,38.13,38.13,8981400,40.35,40.41,37.51,38.13,1.0,40.41,37.51,0,8981400,31106,346106153.0,1,02,010,BRSUZBACNOR0,124,ON      NM,SUZANO S.A.
2019-05-14,SUZB3,SUZB3,38.17,38.45,37.25,37.45,37.45,7898100,38.17,38.45,37.25,37.45,1.0,38.45,37.25,0,7898100,17877,297320838.0,1,02,010,BRSUZBACNOR0,124,ON      NM,SUZANO S.A.
2019-05-15,SUZB3,SUZB3,37.09,37.22,36.37,36.8,36.8,7139500,37.09,37.22,36.37,36.8,1.0,37.22,36.37,0,7139500,21005,262869115.0,1,02,010,BRSUZBACNOR0,124,ON      NM,SUZANO S.A.
2019-05-16,SUZB3,SUZB3,36.54,36.9,35.82,35.82,35.82,8161100,36.54,36.9,35.82,35.82,1.0,36.9,35.82,0,8161100,26743,296747248.0,1,02,010,BRSUZBACNOR0,124,ON      NM,SUZANO S.A.
2019-05-17,SUZB3,SUZB3,35.6,38.1,35.28,38.0,38.0,12450500,35.6,38.1,35.28,38.0,1.0,38.1,35.28,0,12450500,32402,463101172.0,1,02,010,BRSUZBACNOR0,124,ON      NM,SUZANO S.A.
2019-05-20,SUZB3,SUZB3,37.68,38.07,36.9,37.27,37.27,8445600,37.68,38.07,36.9,37.27,1.0,38.07,36.9,0,8445600,29193,315060126.0,1,02,010,BRSUZBACNOR0,124,ON      NM,SUZANO S.A.
2019-05-21,SUZB3,SUZB3,37.35,37.53,36.78,36.98,36.98,10998500,37.35,37.53,36.78,36.98,1.0,37.53,36.78,0,10998500,29095,408397010.0,1,02,010,BRSUZBACNOR0,124,ON      NM,SUZANO S.A.
2019-05-22,SUZB3,SUZB3,37.15,38.1,36.84,37.35,37.35,5250300,37.15,38.1,36.84,37.35,1.0,38.1,36.84,0,5250300,20033,197033797.0,1,02,010,BRSUZBACNOR0,124,ON      NM,SUZANO S.A.
2019-05-23,SUZB3,SUZB3,37.25,38.06,36.74,36.81,36.81,4779800,37.25,38.06,36.74,36.81,1.0,38.06,36.74,0,4779800,18395,177009960.0,1,02,010,BRSUZBACNOR0,124,ON      NM,SUZANO S.A.
2019-05-24,SUZB3,SUZB3,37.01,37.02,34.02,34.09,34.09,19416500,37.01,37.02,34.02,34.09,1.0,37.02,34.02,0,19416500,47400,673311117.0,1,02,010,BRSUZBACNOR0,124,ON      NM,SUZANO S.A.
2019-05-27,SUZB3,SUZB3,34.4,35.24,34.15,34.41,34.41,6029200,34.4,35.24,34.15,34.41,1.0,35.24,34.15,0,6029200,16036,209113137.0,1,02,010,BRSUZBACNOR0,124,ON      NM,SUZANO S.A.
2019-05-28,SUZB3,SUZB3,34.35,35.13,33.51,34.48,34.48,9998300,34.35,35.13,33.51,34.48,1.0,35.13,33.51,0,9998300,26988,343357912.0,1,02,010,BRSUZBACNOR0,124,ON      NM,SUZANO S.A.
2019-05-29,SUZB3,SUZB3,34.41,34.8,33.15,33.25,33.25,8679500,34.41,34.8,33.15,33.25,1.0,34.8,33.15,0,8679500,23045,293344890.0,1,02,010,BRSUZBACNOR0,124,ON      NM,SUZANO S.A.
2019-05-30,SUZB3,SUZB3,33.31,33.69,32.41,33.3,33.3,7013400,33.31,33.69,32.41,33.3,1.0,33.69,32.41,0,7013400,20307,233034606.0,1,02,010,BRSUZBACNOR0,124,ON      NM,SUZANO S.A.
2019-05-31,SUZB3,SUZB3,33.2,33.66,31.85,32.08,32.08,9529300,33.2,33.66,31.85,32.08,1.0,33.66,31.85,0,9529300,28654,309588073.0,1,02,010,BRSUZBACNOR0,124,ON      NM,SUZANO S.A.
2019-06-03,SUZB3,SUZB3,32.28,32.6,30.91,31.25,31.25,10070900,32.28,32.6,30.91,31.25,1.0,32.6,30.91,0,10070900,34913,316097928.0,1,02,010,BRSUZBACNOR0,124,ON      NM,SUZANO S.A.
2019-06-04,SUZB3,SUZB3,30.94,31.32,30.35,30.74,30.74,12960600,30.94,31.32,30.35,30.74,1.0,31.32,30.35,0,12960600,35982,398996449.0,1,02,010,BRSUZBACNOR0,124,ON      NM,SUZANO S.A.
2019-06-05,SUZB3,SUZB3,30.85,31.16,30.2,30.45,30.45,8552400,30.85,31.16,30.2,30.45,1.0,31.16,30.2,0,8552400,19142,261651049.0,1,02,010,BRSUZBACNOR0,124,ON      NM,SUZANO S.A.
2019-06-06,SUZB3,SUZB3,30.68,30.68,29.7,29.95,29.95,8060000,30.68,30.68,29.7,29.95,1.0,30.68,29.7,0,8060000,22882,242054698.0,1,02,010,BRSUZBACNOR0,124,ON      NM,SUZANO S.A.
2019-06-07,SUZB3,SUZB3,29.72,30.9,29.17,30.36,30.36,7029000,29.72,30.9,29.17,30.36,1.0,30.9,29.17,0,7029000,21315,211773495.0,1,02,010,BRSUZBACNOR0,124,ON      NM,SUZANO S.A.
2019-06-10,SUZB3,SUZB3,30.5,30.9,30.24,30.77,30.77,4401100,30.5,30.9,30.24,30.77,1.0,30.9,30.24,0,4401100,13329,134995326.0,1,02,010,BRSUZBACNOR0,124,ON      NM,SUZANO S.A.
2019-06-11,SUZB3,SUZB3,30.99,31.1,30.32,30.85,30.85,7343900,30.99,31.1,30.32,30.85,1.0,31.1,30.32,0,7343900,23782,224726473.0,1,02,010,BRSUZBACNOR0,124,ON      NM,SUZANO S.A.
2019-06-12,SUZB3,SUZB3,30.97,30.98,30.25,30.26,30.26,7579400,30.97,30.98,30.25,30.26,1.0,30.98,30.25,0,7579400,18017,231874954.0,1,02,010,BRSUZBACNOR0,124,ON      NM,SUZANO S.A.
2019-06-13,SUZB3,SUZB3,30.42,32.32,30.12,31.93,31.93,10711600,30.42,32.32,30.12,31.93,1.0,32.32,30.12,0,10711600,27696,338705713.0,1,02,010,BRSUZBACNOR0,124,ON      NM,SUZANO S.A.
2019-06-14,SUZB3,SUZB3,31.96,32.5,31.42,32.5,32.5,7441900,31.96,32.5,31.42,32.5,1.0,32.5,31.42,0,7441900,25646,239422983.0,1,02,010,BRSUZBACNOR0,124,ON      NM,SUZANO S.A.
2019-06-17,SUZB3,SUZB3,32.66,33.65,32.35,32.9,32.9,8656900,32.66,33.65,32.35,32.9,1.0,33.65,32.35,0,8656900,20243,286565093.0,1,02,010,BRSUZBACNOR0,124,ON      NM,SUZANO S.A.
2019-06-18,SUZB3,SUZB3,32.89,33.38,32.63,33.38,33.38,6836000,32.89,33.38,32.63,33.38,1.0,33.38,32.63,0,6836000,16028,225892792.0,1,02,010,BRSUZBACNOR0,124,ON      NM,SUZANO S.A.
2019-06-19,SUZB3,SUZB3,33.55,33.8,32.88,33.0,33.0,8175200,33.55,33.8,32.88,33.0,1.0,33.8,32.88,0,8175200,15765,270312440.0,1,02,010,BRSUZBACNOR0,124,ON      NM,SUZANO S.A.
2019-06-21,SUZB3,SUZB3,33.1,33.76,32.61,33.76,33.76,6217900,33.1,33.76,32.61,33.76,1.0,33.76,32.61,0,6217900,16859,208227470.0,1,02,010,BRSUZBACNOR0,124,ON      NM,SUZANO S.A.
2019-06-24,SUZB3,SUZB3,33.71,35.0,33.51,34.52,34.52,9109800,33.71,35.0,33.51,34.52,1.0,35.0,33.51,0,9109800,20355,312610529.0,1,02,010,BRSUZBACNOR0,124,ON      NM,SUZANO S.A.
2019-06-25,SUZB3,SUZB3,34.6,34.98,33.45,33.6,33.6,6722700,34.6,34.98,33.45,33.6,1.0,34.98,33.45,0,6722700,21539,229248741.0,1,02,010,BRSUZBACNOR0,124,ON      NM,SUZANO S.A.
2019-06-26,SUZB3,SUZB3,33.6,34.2,33.22,33.39,33.39,5849300,33.6,34.2,33.22,33.39,1.0,34.2,33.22,0,5849300,16300,196893937.0,1,02,010,BRSUZBACNOR0,124,ON      NM,SUZANO S.A.
2019-06-27,SUZB3,SUZB3,33.41,33.86,33.27,33.78,33.78,6662500,33.41,33.86,33.27,33.78,1.0,33.86,33.27,0,6662500,12178,223599133.0,1,02,010,BRSUZBACNOR0,124,ON      NM,SUZANO S.A.
2019-06-28,SUZB3,SUZB3,33.7,33.8,32.17,32.85,32.85,10510100,33.7,33.8,32.17,32.85,1.0,33.8,32.17,0,10510100,27224,344171804.0,1,02,010,BRSUZBACNOR0,124,ON      NM,SUZANO S.A.
2019-07-01,SUZB3,SUZB3,32.7,32.85,31.56,31.57,31.57,9595900,32.7,32.85,31.56,31.57,1.0,32.85,31.56,0,9595900,25472,307269074.0,1,02,010,BRSUZBACNOR0,124,ON      NM,SUZANO S.A.
2019-07-02,SUZB3,SUZB3,31.68,31.92,30.73,31.0,31.0,11365300,31.68,31.92,30.73,31.0,1.0,31.92,30.73,0,11365300,24952,352865301.0,1,02,010,BRSUZBACNOR0,124,ON      NM,SUZANO S.A.
2019-07-03,SUZB3,SUZB3,30.9,31.61,30.37,31.2,31.2,6372100,30.9,31.61,30.37,31.2,1.0,31.61,30.37,0,6372100,18831,196843023.0,1,02,010,BRSUZBACNOR0,124,ON      NM,SUZANO S.A.
2019-07-04,SUZB3,SUZB3,31.0,31.78,30.98,31.75,31.75,6465200,31.0,31.78,30.98,31.75,1.0,31.78,30.98,0,6465200,19159,203556785.0,1,02,010,BRSUZBACNOR0,124,ON      NM,SUZANO S.A.
2019-07-05,SUZB3,SUZB3,32.01,33.3,32.01,32.7,32.7,10389800,32.01,33.3,32.01,32.7,1.0,33.3,32.01,0,10389800,25555,342127241.0,1,02,010,BRSUZBACNOR0,124,ON      NM,SUZANO S.A.
2019-07-08,SUZB3,SUZB3,32.6,32.92,32.0,32.55,32.55,5806600,32.6,32.92,32.0,32.55,1.0,32.92,32.0,0,5806600,12378,188230636.0,1,02,010,BRSUZBACNOR0,124,ON      NM,SUZANO S.A.
2019-07-10,SUZB3,SUZB3,32.35,32.55,31.5,31.5,31.5,9821100,32.35,32.55,31.5,31.5,1.0,32.55,31.5,0,9821100,26343,313160978.0,1,02,010,BRSUZBACNOR0,124,ON      NM,SUZANO S.A.
2019-07-11,SUZB3,SUZB3,31.39,31.47,31.05,31.05,31.05,5531100,31.39,31.47,31.05,31.05,1.0,31.47,31.05,0,5531100,15183,172762196.0,1,02,010,BRSUZBACNOR0,124,ON      NM,SUZANO S.A.
2019-07-12,SUZB3,SUZB3,31.15,32.38,31.12,32.0,32.0,6186000,31.15,32.38,31.12,32.0,1.0,32.38,31.12,0,6186000,17244,198006793.0,1,02,010,BRSUZBACNOR0,124,ON      NM,SUZANO S.A.
2019-07-15,SUZB3,SUZB3,32.3,33.0,32.08,32.9,32.9,6963300,32.3,33.0,32.08,32.9,1.0,33.0,32.08,0,6963300,22586,227413178.0,1,02,010,BRSUZBACNOR0,124,ON      NM,SUZANO S.A.
2019-07-16,SUZB3,SUZB3,32.9,34.15,32.9,33.67,33.67,13276300,32.9,34.15,32.9,33.67,1.0,34.15,32.9,0,13276300,30062,448058942.0,1,02,010,BRSUZBACNOR0,124,ON      NM,SUZANO S.A.
2019-07-17,SUZB3,SUZB3,33.89,34.87,33.42,34.75,34.75,13689300,33.89,34.87,33.42,34.75,1.0,34.87,33.42,0,13689300,31209,471510875.0,1,02,010,BRSUZBACNOR0,124,ON      NM,SUZANO S.A.
2019-07-18,SUZB3,SUZB3,34.65,35.16,33.9,34.48,34.48,10498300,34.65,35.16,33.9,34.48,1.0,35.16,33.9,0,10498300,23741,362793583.0,1,02,010,BRSUZBACNOR0,124,ON      NM,SUZANO S.A.
2019-07-19,SUZB3,SUZB3,34.4,34.4,32.9,33.08,33.08,10644400,34.4,34.4,32.9,33.08,1.0,34.4,32.9,0,10644400,23844,354045974.0,1,02,010,BRSUZBACNOR0,124,ON      NM,SUZANO S.A.
2019-07-22,SUZB3,SUZB3,32.86,33.04,32.35,32.69,32.69,4942800,32.86,33.04,32.35,32.69,1.0,33.04,32.35,0,4942800,13209,161368533.0,1,02,010,BRSUZBACNOR0,124,ON      NM,SUZANO S.A.
2019-07-23,SUZB3,SUZB3,32.59,32.69,31.97,32.07,32.07,5887800,32.59,32.69,31.97,32.07,1.0,32.69,31.97,0,5887800,13475,189108315.0,1,02,010,BRSUZBACNOR0,124,ON      NM,SUZANO S.A.
2019-07-24,SUZB3,SUZB3,31.95,32.55,31.85,32.05,32.05,5257200,31.95,32.55,31.85,32.05,1.0,32.55,31.85,0,5257200,12257,169287966.0,1,02,010,BRSUZBACNOR0,124,ON      NM,SUZANO S.A.
2019-07-25,SUZB3,SUZB3,32.2,32.46,31.31,31.72,31.72,5812200,32.2,32.46,31.31,31.72,1.0,32.46,31.31,0,5812200,16168,184396565.0,1,02,010,BRSUZBACNOR0,124,ON      NM,SUZANO S.A.
2019-07-26,SUZB3,SUZB3,31.89,31.95,30.9,31.2,31.2,7620500,31.89,31.95,30.9,31.2,1.0,31.95,30.9,0,7620500,16710,237598552.0,1,02,010,BRSUZBACNOR0,124,ON      NM,SUZANO S.A.
2019-07-29,SUZB3,SUZB3,31.28,31.4,30.45,30.67,30.67,6263000,31.28,31.4,30.45,30.67,1.0,31.4,30.45,0,6263000,16791,192080752.0,1,02,010,BRSUZBACNOR0,124,ON      NM,SUZANO S.A.
2019-07-30,SUZB3,SUZB3,30.85,31.5,30.4,31.09,31.09,4489400,30.85,31.5,30.4,31.09,1.0,31.5,30.4,0,4489400,14924,139558585.0,1,02,010,BRSUZBACNOR0,124,ON      NM,SUZANO S.A.
2019-07-31,SUZB3,SUZB3,31.38,31.38,30.51,30.67,30.67,6537300,31.38,31.38,30.51,30.67,1.0,31.38,30.51,0,6537300,19678,201251327.0,1,02,010,BRSUZBACNOR0,124,ON      NM,SUZANO S.A.
2019-08-01,SUZB3,SUZB3,30.67,31.25,30.15,30.65,30.65,9869600,30.67,31.25,30.15,30.65,1.0,31.25,30.15,0,9869600,27196,302053656.0,1,02,010,BRSUZBACNOR0,124,ON      NM,SUZANO S.A.
2019-08-02,SUZB3,SUZB3,30.5,32.17,29.96,30.21,30.21,14090200,30.5,32.17,29.96,30.21,1.0,32.17,29.96,0,14090200,32482,429563988.0,1,02,010,BRSUZBACNOR0,124,ON      NM,SUZANO S.A.
2019-08-05,SUZB3,SUZB3,30.16,30.55,29.29,30.15,30.15,6608000,30.16,30.55,29.29,30.15,1.0,30.55,29.29,0,6608000,20347,198222231.0,1,02,010,BRSUZBACNOR0,124,ON      NM,SUZANO S.A.
2019-08-06,SUZB3,SUZB3,30.11,30.35,29.75,30.27,30.27,5424500,30.11,30.35,29.75,30.27,1.0,30.35,29.75,0,5424500,16520,162941866.0,1,02,010,BRSUZBACNOR0,124,ON      NM,SUZANO S.A.
2019-08-07,SUZB3,SUZB3,30.4,30.66,29.81,30.4,30.4,4968700,30.4,30.66,29.81,30.4,1.0,30.66,29.81,0,4968700,15251,149727870.0,1,02,010,BRSUZBACNOR0,124,ON      NM,SUZANO S.A.
2019-08-08,SUZB3,SUZB3,30.6,31.43,30.37,31.1,31.1,5722700,30.6,31.43,30.37,31.1,1.0,31.43,30.37,0,5722700,17033,177958633.0,1,02,010,BRSUZBACNOR0,124,ON      NM,SUZANO S.A.
2019-08-09,SUZB3,SUZB3,32.21,32.59,30.16,30.46,30.46,16501500,32.21,32.59,30.16,30.46,1.0,32.59,30.16,0,16501500,32982,513547604.0,1,02,010,BRSUZBACNOR0,124,ON      NM,SUZANO S.A.
2019-08-12,SUZB3,SUZB3,30.5,31.19,30.19,30.84,30.84,5805900,30.5,31.19,30.19,30.84,1.0,31.19,30.19,0,5805900,17509,178702143.0,1,02,010,BRSUZBACNOR0,124,ON      NM,SUZANO S.A.
2019-08-13,SUZB3,SUZB3,30.75,32.7,30.75,32.65,32.65,15689700,30.75,32.7,30.75,32.65,1.0,32.7,30.75,0,15689700,28174,506286750.0,1,02,010,BRSUZBACNOR0,124,ON      NM,SUZANO S.A.
2019-08-14,SUZB3,SUZB3,32.55,33.3,31.88,32.06,32.06,10902300,32.55,33.3,31.88,32.06,1.0,33.3,31.88,0,10902300,29782,351049033.0,1,02,010,BRSUZBACNOR0,124,ON      NM,SUZANO S.A.
2019-08-15,SUZB3,SUZB3,32.0,32.44,31.13,31.84,31.84,5520000,32.0,32.44,31.13,31.84,1.0,32.44,31.13,0,5520000,16548,174888593.0,1,02,010,BRSUZBACNOR0,124,ON      NM,SUZANO S.A.
2019-08-16,SUZB3,SUZB3,32.05,32.38,31.35,32.04,32.04,5841100,32.05,32.38,31.35,32.04,1.0,32.38,31.35,0,5841100,21517,186127876.0,1,02,010,BRSUZBACNOR0,124,ON      NM,SUZANO S.A.
2019-08-19,SUZB3,SUZB3,32.0,32.28,31.66,31.93,31.93,4899300,32.0,32.28,31.66,31.93,1.0,32.28,31.66,0,4899300,18204,156534675.0,1,02,010,BRSUZBACNOR0,124,ON      NM,SUZANO S.A.
2019-08-20,SUZB3,SUZB3,31.85,32.26,30.95,31.15,31.15,8911200,31.85,32.26,30.95,31.15,1.0,32.26,30.95,0,8911200,24240,280469478.0,1,02,010,BRSUZBACNOR0,124,ON      NM,SUZANO S.A.
2019-08-21,SUZB3,SUZB3,31.35,31.48,30.35,30.4,30.4,8989400,31.35,31.48,30.35,30.4,1.0,31.48,30.35,0,8989400,24926,275291331.0,1,02,010,BRSUZBACNOR0,124,ON      NM,SUZANO S.A.
2019-08-22,SUZB3,SUZB3,30.5,30.77,29.4,29.4,29.4,8541300,30.5,30.77,29.4,29.4,1.0,30.77,29.4,0,8541300,20574,254315477.0,1,02,010,BRSUZBACNOR0,124,ON      NM,SUZANO S.A.
2019-08-23,SUZB3,SUZB3,29.26,29.37,27.55,28.0,28.0,16766100,29.26,29.37,27.55,28.0,1.0,29.37,27.55,0,16766100,52967,473093691.0,1,02,010,BRSUZBACNOR0,124,ON      NM,SUZANO S.A.
2019-08-26,SUZB3,SUZB3,28.25,28.52,27.59,28.04,28.04,7289800,28.25,28.52,27.59,28.04,1.0,28.52,27.59,0,7289800,26673,204110736.0,1,02,010,BRSUZBACNOR0,124,ON      NM,SUZANO S.A.
2019-08-27,SUZB3,SUZB3,28.0,28.7,27.92,28.52,28.52,8525400,28.0,28.7,27.92,28.52,1.0,28.7,27.92,0,8525400,21909,241780719.0,1,02,010,BRSUZBACNOR0,124,ON      NM,SUZANO S.A.
2019-08-28,SUZB3,SUZB3,28.39,28.79,28.04,28.72,28.72,4873200,28.39,28.79,28.04,28.72,1.0,28.79,28.04,0,4873200,14941,139039973.0,1,02,010,BRSUZBACNOR0,124,ON      NM,SUZANO S.A.
2019-08-29,SUZB3,SUZB3,28.9,29.71,28.75,29.0,29.0,6566800,28.9,29.71,28.75,29.0,1.0,29.71,28.75,0,6566800,21002,191781161.0,1,02,010,BRSUZBACNOR0,124,ON      NM,SUZANO S.A.
2019-08-30,SUZB3,SUZB3,29.2,29.5,28.62,29.08,29.08,7322900,29.2,29.5,28.62,29.08,1.0,29.5,28.62,0,7322900,17046,213021170.0,1,02,010,BRSUZBACNOR0,124,ON      NM,SUZANO S.A.
2019-09-02,SUZB3,SUZB3,29.05,29.38,28.87,29.14,29.14,3276800,29.05,29.38,28.87,29.14,1.0,29.38,28.87,0,3276800,9354,95282648.0,1,02,010,BRSUZBACNOR0,124,ON      NM,SUZANO S.A.
2019-09-03,SUZB3,SUZB3,29.2,29.27,28.41,28.62,28.62,4233100,29.2,29.27,28.41,28.62,1.0,29.27,28.41,0,4233100,15137,122133969.0,1,02,010,BRSUZBACNOR0,124,ON      NM,SUZANO S.A.
2019-09-04,SUZB3,SUZB3,28.99,29.14,28.5,28.75,28.75,5701800,28.99,29.14,28.5,28.75,1.0,29.14,28.5,0,5701800,16813,164850658.0,1,02,010,BRSUZBACNOR0,124,ON      NM,SUZANO S.A.
2019-09-05,SUZB3,SUZB3,29.01,30.06,28.95,29.55,29.55,10932100,29.01,30.06,28.95,29.55,1.0,30.06,28.95,0,10932100,25183,323203922.0,1,02,010,BRSUZBACNOR0,124,ON      NM,SUZANO S.A.
2019-09-06,SUZB3,SUZB3,29.83,30.09,29.47,29.67,29.67,3948100,29.83,30.09,29.47,29.67,1.0,30.09,29.47,0,3948100,12085,117571380.0,1,02,010,BRSUZBACNOR0,124,ON      NM,SUZANO S.A.
2019-09-09,SUZB3,SUZB3,29.7,31.62,29.38,31.62,31.62,11578700,29.7,31.62,29.38,31.62,1.0,31.62,29.38,0,11578700,31493,358609689.0,1,02,010,BRSUZBACNOR0,124,ON      NM,SUZANO S.A.
2019-09-10,SUZB3,SUZB3,31.9,32.63,31.15,31.29,31.29,8563300,31.9,32.63,31.15,31.29,1.0,32.63,31.15,0,8563300,23858,271519435.0,1,02,010,BRSUZBACNOR0,124,ON      NM,SUZANO S.A.
2019-09-11,SUZB3,SUZB3,31.22,31.9,30.66,30.92,30.92,6760700,31.22,31.9,30.66,30.92,1.0,31.9,30.66,0,6760700,22584,211703803.0,1,02,010,BRSUZBACNOR0,124,ON      NM,SUZANO S.A.
2019-09-12,SUZB3,SUZB3,31.2,32.68,31.04,32.55,32.55,8373400,31.2,32.68,31.04,32.55,1.0,32.68,31.04,0,8373400,24769,267615948.0,1,02,010,BRSUZBACNOR0,124,ON      NM,SUZANO S.A.
2019-09-13,SUZB3,SUZB3,32.65,33.62,32.65,33.3,33.3,11374900,32.65,33.62,32.65,33.3,1.0,33.62,32.65,0,11374900,34274,378754790.0,1,02,010,BRSUZBACNOR0,124,ON      NM,SUZANO S.A.
2019-09-16,SUZB3,SUZB3,32.55,34.28,31.96,34.28,34.28,8313100,32.55,34.28,31.96,34.28,1.0,34.28,31.96,0,8313100,26815,280130095.0,1,02,010,BRSUZBACNOR0,124,ON      NM,SUZANO S.A.
2019-09-17,SUZB3,SUZB3,33.95,34.31,33.5,34.1,34.1,5200500,33.95,34.31,33.5,34.1,1.0,34.31,33.5,0,5200500,19823,176679782.0,1,02,010,BRSUZBACNOR0,124,ON      NM,SUZANO S.A.
2019-09-18,SUZB3,SUZB3,33.83,34.13,33.21,33.79,33.79,6153000,33.83,34.13,33.21,33.79,1.0,34.13,33.21,0,6153000,22500,207878933.0,1,02,010,BRSUZBACNOR0,124,ON      NM,SUZANO S.A.
2019-09-19,SUZB3,SUZB3,34.0,34.09,32.99,32.99,32.99,5402200,34.0,34.09,32.99,32.99,1.0,34.09,32.99,0,5402200,15846,180671735.0,1,02,010,BRSUZBACNOR0,124,ON      NM,SUZANO S.A.
2019-09-20,SUZB3,SUZB3,32.97,32.97,31.55,31.9,31.9,18068600,32.97,32.97,31.55,31.9,1.0,32.97,31.55,0,18068600,26767,577980297.0,1,02,010,BRSUZBACNOR0,124,ON      NM,SUZANO S.A.
2019-09-23,SUZB3,SUZB3,31.9,33.2,31.9,32.99,32.99,8164400,31.9,33.2,31.9,32.99,1.0,33.2,31.9,0,8164400,18799,266138134.0,1,02,010,BRSUZBACNOR0,124,ON      NM,SUZANO S.A.
2019-09-24,SUZB3,SUZB3,32.87,33.28,32.38,32.41,32.41,4344700,32.87,33.28,32.38,32.41,1.0,33.28,32.38,0,4344700,13642,142078318.0,1,02,010,BRSUZBACNOR0,124,ON      NM,SUZANO S.A.
2019-09-25,SUZB3,SUZB3,32.3,33.7,32.11,33.4,33.4,5238500,32.3,33.7,32.11,33.4,1.0,33.7,32.11,0,5238500,18462,172895402.0,1,02,010,BRSUZBACNOR0,124,ON      NM,SUZANO S.A.
2019-09-26,SUZB3,SUZB3,33.5,33.55,32.84,33.34,33.34,6793000,33.5,33.55,32.84,33.34,1.0,33.55,32.84,0,6793000,18215,226190529.0,1,02,010,BRSUZBACNOR0,124,ON      NM,SUZANO S.A.
2019-09-27,SUZB3,SUZB3,33.2,34.09,33.06,33.75,33.75,4820900,33.2,34.09,33.06,33.75,1.0,34.09,33.06,0,4820900,15184,162662340.0,1,02,010,BRSUZBACNOR0,124,ON      NM,SUZANO S.A.
2019-09-30,SUZB3,SUZB3,33.8,33.89,33.0,33.65,33.65,5135600,33.8,33.89,33.0,33.65,1.0,33.89,33.0,0,5135600,15943,171867725.0,1,02,010,BRSUZBACNOR0,124,ON      NM,SUZANO S.A.
2019-10-01,SUZB3,SUZB3,33.65,33.95,33.16,33.65,33.65,4872600,33.65,33.95,33.16,33.65,1.0,33.95,33.16,0,4872600,14365,163444371.0,1,02,010,BRSUZBACNOR0,124,ON      NM,SUZANO S.A.
2019-10-02,SUZB3,SUZB3,33.42,33.49,32.5,32.78,32.78,3826900,33.42,33.49,32.5,32.78,1.0,33.49,32.5,0,3826900,12740,125529306.0,1,02,010,BRSUZBACNOR0,124,ON      NM,SUZANO S.A.
2019-10-03,SUZB3,SUZB3,32.61,32.74,31.94,32.33,32.33,4376200,32.61,32.74,31.94,32.33,1.0,32.74,31.94,0,4376200,14117,141153046.0,1,02,010,BRSUZBACNOR0,124,ON      NM,SUZANO S.A.
2019-10-04,SUZB3,SUZB3,32.33,33.09,32.04,32.83,32.83,5753700,32.33,33.09,32.04,32.83,1.0,33.09,32.04,0,5753700,18005,187365014.0,1,02,010,BRSUZBACNOR0,124,ON      NM,SUZANO S.A.
2019-10-07,SUZB3,SUZB3,32.7,32.7,32.0,32.25,32.25,3881900,32.7,32.7,32.0,32.25,1.0,32.7,32.0,0,3881900,14428,125444048.0,1,02,010,BRSUZBACNOR0,124,ON      NM,SUZANO S.A.
2019-10-08,SUZB3,SUZB3,32.28,32.46,31.6,31.64,31.64,3856100,32.28,32.46,31.6,31.64,1.0,32.46,31.6,0,3856100,16245,123308803.0,1,02,010,BRSUZBACNOR0,124,ON      NM,SUZANO S.A.
2019-10-09,SUZB3,SUZB3,31.64,32.42,31.57,32.23,32.23,2518400,31.64,32.42,31.57,32.23,1.0,32.42,31.57,0,2518400,10110,80725189.0,1,02,010,BRSUZBACNOR0,124,ON      NM,SUZANO S.A.
2019-10-10,SUZB3,SUZB3,32.11,34.09,32.06,33.95,33.95,9402600,32.11,34.09,32.06,33.95,1.0,34.09,32.06,0,9402600,25622,316926521.0,1,02,010,BRSUZBACNOR0,124,ON      NM,SUZANO S.A.
2019-10-11,SUZB3,SUZB3,34.14,35.5,34.1,35.24,35.24,10614800,34.14,35.5,34.1,35.24,1.0,35.5,34.1,0,10614800,31822,373457431.0,1,02,010,BRSUZBACNOR0,124,ON      NM,SUZANO S.A.
2019-10-14,SUZB3,SUZB3,34.99,35.88,34.62,34.82,34.82,5824200,34.99,35.88,34.62,34.82,1.0,35.88,34.62,0,5824200,18406,205554037.0,1,02,010,BRSUZBACNOR0,124,ON      NM,SUZANO S.A.
2019-10-15,SUZB3,SUZB3,34.6,35.33,34.16,35.11,35.11,4052400,34.6,35.33,34.16,35.11,1.0,35.33,34.16,0,4052400,16224,141208256.0,1,02,010,BRSUZBACNOR0,124,ON      NM,SUZANO S.A.
2019-10-16,SUZB3,SUZB3,35.42,35.74,34.31,34.43,34.43,5539400,35.42,35.74,34.31,34.43,1.0,35.74,34.31,0,5539400,15661,192840112.0,1,02,010,BRSUZBACNOR0,124,ON      NM,SUZANO S.A.
2019-10-17,SUZB3,SUZB3,34.69,34.74,33.83,34.09,34.09,4626100,34.69,34.74,33.83,34.09,1.0,34.74,33.83,0,4626100,13345,158232795.0,1,02,010,BRSUZBACNOR0,124,ON      NM,SUZANO S.A.
2019-10-18,SUZB3,SUZB3,34.0,34.45,33.63,33.81,33.81,3915800,34.0,34.45,33.63,33.81,1.0,34.45,33.63,0,3915800,12077,132762853.0,1,02,010,BRSUZBACNOR0,124,ON      NM,SUZANO S.A.
2019-10-21,SUZB3,SUZB3,33.85,34.89,33.83,34.88,34.88,4701200,33.85,34.89,33.83,34.88,1.0,34.89,33.83,0,4701200,14960,162665007.0,1,02,010,BRSUZBACNOR0,124,ON      NM,SUZANO S.A.
2019-10-22,SUZB3,SUZB3,35.16,35.71,34.76,34.92,34.92,8056100,35.16,35.71,34.76,34.92,1.0,35.71,34.76,0,8056100,24917,282921116.0,1,02,010,BRSUZBACNOR0,124,ON      NM,SUZANO S.A.
2019-10-23,SUZB3,SUZB3,35.05,35.14,34.42,34.5,34.5,5064600,35.05,35.14,34.42,34.5,1.0,35.14,34.42,0,5064600,15885,175544899.0,1,02,010,BRSUZBACNOR0,124,ON      NM,SUZANO S.A.
2019-10-24,SUZB3,SUZB3,34.24,34.26,32.96,32.96,32.96,8180200,34.24,34.26,32.96,32.96,1.0,34.26,32.96,0,8180200,22933,272528375.0,1,02,010,BRSUZBACNOR0,124,ON      NM,SUZANO S.A.
2019-10-25,SUZB3,SUZB3,32.93,33.36,32.57,32.7,32.7,4646600,32.93,33.36,32.57,32.7,1.0,33.36,32.57,0,4646600,16421,152881749.0,1,02,010,BRSUZBACNOR0,124,ON      NM,SUZANO S.A.
2019-10-28,SUZB3,SUZB3,32.88,33.15,32.68,32.68,32.68,2625700,32.88,33.15,32.68,32.68,1.0,33.15,32.68,0,2625700,11622,86379711.0,1,02,010,BRSUZBACNOR0,124,ON      NM,SUZANO S.A.
2019-10-29,SUZB3,SUZB3,32.81,32.99,32.52,32.72,32.72,2412100,32.81,32.99,32.52,32.72,1.0,32.99,32.52,0,2412100,9658,79118107.0,1,02,010,BRSUZBACNOR0,124,ON      NM,SUZANO S.A.
2019-10-30,SUZB3,SUZB3,32.69,32.93,32.08,32.3,32.3,3415100,32.69,32.93,32.08,32.3,1.0,32.93,32.08,0,3415100,12370,110517461.0,1,02,010,BRSUZBACNOR0,124,ON      NM,SUZANO S.A.
2019-10-31,SUZB3,SUZB3,32.2,33.04,31.86,32.64,32.64,6564600,32.2,33.04,31.86,32.64,1.0,33.04,31.86,0,6564600,17511,214221678.0,1,02,010,BRSUZBACNOR0,124,ON      NM,SUZANO S.A.
2019-11-01,SUZB3,SUZB3,33.0,35.5,33.0,35.01,35.01,21927200,33.0,35.5,33.0,35.01,1.0,35.5,33.0,0,21927200,45707,762674112.0,1,02,010,BRSUZBACNOR0,124,ON      NM,SUZANO S.A.
2019-11-04,SUZB3,SUZB3,34.9,36.44,34.51,36.44,36.44,9880400,34.9,36.44,34.51,36.44,1.0,36.44,34.51,0,9880400,25769,352984575.0,1,02,010,BRSUZBACNOR0,124,ON      NM,SUZANO S.A.
2019-11-05,SUZB3,SUZB3,36.5,37.58,35.7,37.16,37.16,10436800,36.5,37.58,35.7,37.16,1.0,37.58,35.7,0,10436800,41217,385684704.0,1,02,010,BRSUZBACNOR0,124,ON      NM,SUZANO S.A.
2019-11-06,SUZB3,SUZB3,37.14,37.5,36.39,36.95,36.95,8259600,37.14,37.5,36.39,36.95,1.0,37.5,36.39,0,8259600,27816,304892773.0,1,02,010,BRSUZBACNOR0,124,ON      NM,SUZANO S.A.
2019-11-07,SUZB3,SUZB3,37.05,38.89,36.92,38.26,38.26,12168700,37.05,38.89,36.92,38.26,1.0,38.89,36.92,0,12168700,39177,466366006.0,1,02,010,BRSUZBACNOR0,124,ON      NM,SUZANO S.A.
2019-11-08,SUZB3,SUZB3,38.0,38.7,37.5,38.0,38.0,6803300,38.0,38.7,37.5,38.0,1.0,38.7,37.5,0,6803300,24134,260076862.0,1,02,010,BRSUZBACNOR0,124,ON      NM,SUZANO S.A.
2019-11-11,SUZB3,SUZB3,37.9,38.41,37.3,38.24,38.24,5858000,37.9,38.41,37.3,38.24,1.0,38.41,37.3,0,5858000,17386,223119481.0,1,02,010,BRSUZBACNOR0,124,ON      NM,SUZANO S.A.
2019-11-12,SUZB3,SUZB3,38.25,39.26,37.92,38.24,38.24,7446400,38.25,39.26,37.92,38.24,1.0,39.26,37.92,0,7446400,22584,286802994.0,1,02,010,BRSUZBACNOR0,124,ON      NM,SUZANO S.A.
2019-11-13,SUZB3,SUZB3,38.24,38.6,37.45,37.64,37.64,6706200,38.24,38.6,37.45,37.64,1.0,38.6,37.45,0,6706200,23541,254899405.0,1,02,010,BRSUZBACNOR0,124,ON      NM,SUZANO S.A.
2019-11-14,SUZB3,SUZB3,37.8,37.95,36.21,36.65,36.65,5431300,37.8,37.95,36.21,36.65,1.0,37.95,36.21,0,5431300,19510,199672903.0,1,02,010,BRSUZBACNOR0,124,ON      NM,SUZANO S.A.
2019-11-18,SUZB3,SUZB3,36.91,37.92,36.35,37.82,37.82,8213400,36.91,37.92,36.35,37.82,1.0,37.92,36.35,0,8213400,22292,307245053.0,1,02,010,BRSUZBACNOR0,124,ON      NM,SUZANO S.A.
2019-11-19,SUZB3,SUZB3,38.0,38.55,37.62,37.92,37.92,3907000,38.0,38.55,37.62,37.92,1.0,38.55,37.62,0,3907000,12563,148242881.0,1,02,010,BRSUZBACNOR0,124,ON      NM,SUZANO S.A.
2019-11-21,SUZB3,SUZB3,37.9,38.33,37.4,38.23,38.23,3714900,37.9,38.33,37.4,38.23,1.0,38.33,37.4,0,3714900,13437,141445514.0,1,02,010,BRSUZBACNOR0,124,ON      NM,SUZANO S.A.
2019-11-22,SUZB3,SUZB3,38.23,38.69,37.87,38.31,38.31,5907400,38.23,38.69,37.87,38.31,1.0,38.69,37.87,0,5907400,19498,226835148.0,1,02,010,BRSUZBACNOR0,124,ON      NM,SUZANO S.A.
2019-11-25,SUZB3,SUZB3,38.62,38.62,37.87,38.0,38.0,3909700,38.62,38.62,37.87,38.0,1.0,38.62,37.87,0,3909700,17578,149036991.0,1,02,010,BRSUZBACNOR0,124,ON      NM,SUZANO S.A.
2019-11-26,SUZB3,SUZB3,38.12,38.79,37.8,38.08,38.08,8815900,38.12,38.79,37.8,38.08,1.0,38.79,37.8,0,8815900,20381,337712270.0,1,02,010,BRSUZBACNOR0,124,ON      NM,SUZANO S.A.
2019-11-27,SUZB3,SUZB3,38.2,39.42,38.05,39.1,39.1,5978500,38.2,39.42,38.05,39.1,1.0,39.42,38.05,0,5978500,18872,231752920.0,1,02,010,BRSUZBACNOR0,124,ON      NM,SUZANO S.A.
2019-11-28,SUZB3,SUZB3,39.14,39.5,38.42,38.57,38.57,4109100,39.14,39.5,38.42,38.57,1.0,39.5,38.42,0,4109100,15271,160103845.0,1,02,010,BRSUZBACNOR0,124,ON      NM,SUZANO S.A.
2019-11-29,SUZB3,SUZB3,38.4,38.84,37.91,38.56,38.56,4842400,38.4,38.84,37.91,38.56,1.0,38.84,37.91,0,4842400,12986,185179887.0,1,02,010,BRSUZBACNOR0,124,ON      NM,SUZANO S.A.
2019-12-02,SUZB3,SUZB3,38.56,39.15,38.38,38.8,38.8,3020600,38.56,39.15,38.38,38.8,1.0,39.15,38.38,0,3020600,9324,117215465.0,1,02,010,BRSUZBACNOR0,124,ON      NM,SUZANO S.A.
2019-12-03,SUZB3,SUZB3,38.55,38.95,38.26,38.95,38.95,3905200,38.55,38.95,38.26,38.95,1.0,38.95,38.26,0,3905200,13133,150900641.0,1,02,010,BRSUZBACNOR0,124,ON      NM,SUZANO S.A.
2019-12-04,SUZB3,SUZB3,38.95,38.95,37.64,37.91,37.91,5002600,38.95,38.95,37.64,37.91,1.0,38.95,37.64,0,5002600,17606,190328269.0,1,02,010,BRSUZBACNOR0,124,ON      NM,SUZANO S.A.
2019-12-05,SUZB3,SUZB3,37.9,38.7,37.64,38.0,38.0,4066400,37.9,38.7,37.64,38.0,1.0,38.7,37.64,0,4066400,17620,155056642.0,1,02,010,BRSUZBACNOR0,124,ON      NM,SUZANO S.A.
2019-12-06,SUZB3,SUZB3,38.1,38.65,37.94,38.2,38.2,3729300,38.1,38.65,37.94,38.2,1.0,38.65,37.94,0,3729300,13248,143074227.0,1,02,010,BRSUZBACNOR0,124,ON      NM,SUZANO S.A.
2019-12-09,SUZB3,SUZB3,38.1,38.67,37.7,37.78,37.78,3140900,38.1,38.67,37.7,37.78,1.0,38.67,37.7,0,3140900,11959,119411150.0,1,02,010,BRSUZBACNOR0,124,ON      NM,SUZANO S.A.
2019-12-10,SUZB3,SUZB3,37.8,38.46,37.74,38.09,38.09,3480200,37.8,38.46,37.74,38.09,1.0,38.46,37.74,0,3480200,10006,132499912.0,1,02,010,BRSUZBACNOR0,124,ON      NM,SUZANO S.A.
2019-12-11,SUZB3,SUZB3,37.76,39.34,37.72,39.18,39.18,5541000,37.76,39.34,37.72,39.18,1.0,39.34,37.72,0,5541000,18847,215669723.0,1,02,010,BRSUZBACNOR0,124,ON      NM,SUZANO S.A.
2019-12-12,SUZB3,SUZB3,39.35,39.78,39.0,39.16,39.16,3063200,39.35,39.78,39.0,39.16,1.0,39.78,39.0,0,3063200,12421,120413913.0,1,02,010,BRSUZBACNOR0,124,ON      NM,SUZANO S.A.
2019-12-13,SUZB3,SUZB3,39.5,39.88,38.64,38.88,38.88,3845800,39.5,39.88,38.64,38.88,1.0,39.88,38.64,0,3845800,13820,150502292.0,1,02,010,BRSUZBACNOR0,124,ON      NM,SUZANO S.A.
2019-12-16,SUZB3,SUZB3,39.0,39.79,38.93,39.2,39.2,3799800,39.0,39.79,38.93,39.2,1.0,39.79,38.93,0,3799800,12772,149559884.0,1,02,010,BRSUZBACNOR0,124,ON      NM,SUZANO S.A.
2019-12-17,SUZB3,SUZB3,39.2,40.34,39.2,40.03,40.03,6007400,39.2,40.34,39.2,40.03,1.0,40.34,39.2,0,6007400,18163,240173452.0,1,02,010,BRSUZBACNOR0,124,ON      NM,SUZANO S.A.
2019-12-18,SUZB3,SUZB3,40.25,40.25,39.0,39.57,39.57,7939100,40.25,40.25,39.0,39.57,1.0,40.25,39.0,0,7939100,28607,313629517.0,1,02,010,BRSUZBACNOR0,124,ON      NM,SUZANO S.A.
2019-12-19,SUZB3,SUZB3,39.58,39.86,39.01,39.67,39.67,3837200,39.58,39.86,39.01,39.67,1.0,39.86,39.01,0,3837200,8560,151823802.0,1,02,010,BRSUZBACNOR0,124,ON      NM,SUZANO S.A.
2019-12-20,SUZB3,SUZB3,39.7,40.5,39.21,40.18,40.18,5484300,39.7,40.5,39.21,40.18,1.0,40.5,39.21,0,5484300,10447,219730680.0,1,02,010,BRSUZBACNOR0,124,ON      NM,SUZANO S.A.
2019-12-23,SUZB3,SUZB3,40.25,40.56,39.47,40.04,40.04,3002900,40.25,40.56,39.47,40.04,1.0,40.56,39.47,0,3002900,9164,119962208.0,1,02,010,BRSUZBACNOR0,124,ON      NM,SUZANO S.A.
2019-12-26,SUZB3,SUZB3,40.04,40.79,39.55,40.72,40.72,2794700,40.04,40.79,39.55,40.72,1.0,40.79,39.55,0,2794700,9879,112843857.0,1,02,010,BRSUZBACNOR0,124,ON      NM,SUZANO S.A.
2019-12-27,SUZB3,SUZB3,40.72,40.95,39.64,40.0,40.0,3387700,40.72,40.95,39.64,40.0,1.0,40.95,39.64,0,3387700,12569,136037959.0,1,02,010,BRSUZBACNOR0,124,ON      NM,SUZANO S.A.
2019-12-30,SUZB3,SUZB3,40.0,40.56,39.68,39.68,39.68,2382500,40.0,40.56,39.68,39.68,1.0,40.56,39.68,0,2382500,8446,95448564.0,1,02,010,BRSUZBACNOR0,124,ON      NM,SUZANO S.A.
2020-01-02,SUZB3,SUZB3,40.05,40.82,39.8,40.79,40.79,3978400,40.05,40.82,39.8,40.79,1.0,40.82,39.8,0,3978400,14457,161288487.0,1,02,010,BRSUZBACNOR0,124,ON      NM,SUZANO S.A.
2020-01-03,SUZB3,SUZB3,40.22,41.36,40.2,40.65,40.65,4467100,40.22,41.36,40.2,40.65,1.0,41.36,40.2,0,4467100,13281,182020675.0,1,02,010,BRSUZBACNOR0,124,ON      NM,SUZANO S.A.
2020-01-06,SUZB3,SUZB3,40.36,41.2,40.11,40.58,40.58,4304900,40.36,41.2,40.11,40.58,1.0,41.2,40.11,0,4304900,17222,175148439.0,1,02,010,BRSUZBACNOR0,124,ON      NM,SUZANO S.A.
2020-01-07,SUZB3,SUZB3,40.62,41.33,40.08,41.1,41.1,3623900,40.62,41.33,40.08,41.1,1.0,41.33,40.08,0,3623900,12009,147925113.0,1,02,010,BRSUZBACNOR0,124,ON      NM,SUZANO S.A.
2020-01-08,SUZB3,SUZB3,41.3,43.21,41.01,43.15,43.15,9727800,41.3,43.21,41.01,43.15,1.0,43.21,41.01,0,9727800,24680,412335975.0,1,02,010,BRSUZBACNOR0,124,ON      NM,SUZANO S.A.
2020-01-09,SUZB3,SUZB3,43.14,43.58,42.6,43.04,43.04,8249400,43.14,43.58,42.6,43.04,1.0,43.58,42.6,0,8249400,29680,354454933.0,1,02,010,BRSUZBACNOR0,124,ON      NM,SUZANO S.A.
2020-01-10,SUZB3,SUZB3,43.1,43.5,42.95,43.11,43.11,4514300,43.1,43.5,42.95,43.11,1.0,43.5,42.95,0,4514300,16153,195088421.0,1,02,010,BRSUZBACNOR0,124,ON      NM,SUZANO S.A.
2020-01-13,SUZB3,SUZB3,43.5,44.91,43.26,44.7,44.7,8944500,43.5,44.91,43.26,44.7,1.0,44.91,43.26,0,8944500,21665,395285863.0,1,02,010,BRSUZBACNOR0,124,ON      NM,SUZANO S.A.
2020-01-14,SUZB3,SUZB3,44.75,45.05,44.2,44.25,44.25,5938500,44.75,45.05,44.2,44.25,1.0,45.05,44.2,0,5938500,25797,265475769.0,1,02,010,BRSUZBACNOR0,124,ON      NM,SUZANO S.A.
2020-01-15,SUZB3,SUZB3,44.1,45.27,43.84,44.94,44.94,5810000,44.1,45.27,43.84,44.94,1.0,45.27,43.84,0,5810000,24040,260387724.0,1,02,010,BRSUZBACNOR0,124,ON      NM,SUZANO S.A.
2020-01-16,SUZB3,SUZB3,45.1,45.25,43.81,44.3,44.3,5225400,45.1,45.25,43.81,44.3,1.0,45.25,43.81,0,5225400,20116,232171703.0,1,02,010,BRSUZBACNOR0,124,ON      NM,SUZANO S.A.
2020-01-17,SUZB3,SUZB3,44.03,44.5,43.43,43.78,43.78,6924400,44.03,44.5,43.43,43.78,1.0,44.5,43.43,0,6924400,23130,303968352.0,1,02,010,BRSUZBACNOR0,124,ON      NM,SUZANO S.A.
2020-01-20,SUZB3,SUZB3,43.8,43.93,42.4,42.95,42.95,5251400,43.8,43.93,42.4,42.95,1.0,43.93,42.4,0,5251400,19136,225448399.0,1,02,010,BRSUZBACNOR0,124,ON      NM,SUZANO S.A.
2020-01-21,SUZB3,SUZB3,43.0,43.17,42.31,42.7,42.7,5295700,43.0,43.17,42.31,42.7,1.0,43.17,42.31,0,5295700,20927,226422380.0,1,02,010,BRSUZBACNOR0,124,ON      NM,SUZANO S.A.
2020-01-22,SUZB3,SUZB3,43.0,44.85,42.89,44.85,44.85,4579000,43.0,44.85,42.89,44.85,1.0,44.85,42.89,0,4579000,18094,202097929.0,1,02,010,BRSUZBACNOR0,124,ON      NM,SUZANO S.A.
2020-01-23,SUZB3,SUZB3,44.4,44.85,43.5,44.45,44.45,4179800,44.4,44.85,43.5,44.45,1.0,44.85,43.5,0,4179800,15658,184556834.0,1,02,010,BRSUZBACNOR0,124,ON      NM,SUZANO S.A.
2020-01-24,SUZB3,SUZB3,44.45,44.62,43.33,43.87,43.87,3682000,44.45,44.62,43.33,43.87,1.0,44.62,43.33,0,3682000,16092,161666805.0,1,02,010,BRSUZBACNOR0,124,ON      NM,SUZANO S.A.
2020-01-27,SUZB3,SUZB3,42.45,42.63,40.89,40.93,40.93,8418200,42.45,42.63,40.89,40.93,1.0,42.63,40.89,0,8418200,25727,348169941.0,1,02,010,BRSUZBACNOR0,124,ON      NM,SUZANO S.A.
2020-01-28,SUZB3,SUZB3,41.3,42.2,41.14,41.65,41.65,5065600,41.3,42.2,41.14,41.65,1.0,42.2,41.14,0,5065600,18759,211730798.0,1,02,010,BRSUZBACNOR0,124,ON      NM,SUZANO S.A.
2020-01-29,SUZB3,SUZB3,42.1,42.21,40.93,41.02,41.02,4185800,42.1,42.21,40.93,41.02,1.0,42.21,40.93,0,4185800,15516,172809869.0,1,02,010,BRSUZBACNOR0,124,ON      NM,SUZANO S.A.
2020-01-30,SUZB3,SUZB3,40.0,40.52,39.66,40.51,40.51,6891200,40.0,40.52,39.66,40.51,1.0,40.52,39.66,0,6891200,19269,276477799.0,1,02,010,BRSUZBACNOR0,124,ON      NM,SUZANO S.A.
2020-01-31,SUZB3,SUZB3,39.99,40.45,39.44,39.67,39.67,4972900,39.99,40.45,39.44,39.67,1.0,40.45,39.44,0,4972900,21490,198774995.0,1,02,010,BRSUZBACNOR0,124,ON      NM,SUZANO S.A.
2020-02-03,SUZB3,SUZB3,38.97,40.0,38.4,39.5,39.5,7195900,38.97,40.0,38.4,39.5,1.0,40.0,38.4,0,7195900,27665,283315921.0,1,02,010,BRSUZBACNOR0,124,ON      NM,SUZANO S.A.
2020-02-04,SUZB3,SUZB3,39.82,40.3,38.66,38.89,38.89,5048000,39.82,40.3,38.66,38.89,1.0,40.3,38.66,0,5048000,20211,198647293.0,1,02,010,BRSUZBACNOR0,124,ON      NM,SUZANO S.A.
2020-02-05,SUZB3,SUZB3,39.8,39.98,37.9,38.4,38.4,7074600,39.8,39.98,37.9,38.4,1.0,39.98,37.9,0,7074600,24769,273440377.0,1,02,010,BRSUZBACNOR0,124,ON      NM,SUZANO S.A.
2020-02-06,SUZB3,SUZB3,38.92,39.22,38.22,38.9,38.9,4900300,38.92,39.22,38.22,38.9,1.0,39.22,38.22,0,4900300,16872,190115337.0,1,02,010,BRSUZBACNOR0,124,ON      NM,SUZANO S.A.
2020-02-07,SUZB3,SUZB3,38.9,38.96,37.64,37.64,37.64,3376300,38.9,38.96,37.64,37.64,1.0,38.96,37.64,0,3376300,12881,128684938.0,1,02,010,BRSUZBACNOR0,124,ON      NM,SUZANO S.A.
2020-02-10,SUZB3,SUZB3,37.69,38.12,36.4,37.0,37.0,6614600,37.69,38.12,36.4,37.0,1.0,38.12,36.4,0,6614600,22248,244806017.0,1,02,010,BRSUZBACNOR0,124,ON      NM,SUZANO S.A.
2020-02-11,SUZB3,SUZB3,37.15,38.54,36.91,38.49,38.49,4951400,37.15,38.54,36.91,38.49,1.0,38.54,36.91,0,4951400,18917,188327834.0,1,02,010,BRSUZBACNOR0,124,ON      NM,SUZANO S.A.
2020-02-12,SUZB3,SUZB3,38.54,40.42,38.5,40.0,40.0,8683200,38.54,40.42,38.5,40.0,1.0,40.42,38.5,0,8683200,24383,345502226.0,1,02,010,BRSUZBACNOR0,124,ON      NM,SUZANO S.A.
2020-02-13,SUZB3,SUZB3,39.5,42.07,39.05,41.3,41.3,14330100,39.5,42.07,39.05,41.3,1.0,42.07,39.05,0,14330100,38612,592453127.0,1,02,010,BRSUZBACNOR0,124,ON      NM,SUZANO S.A.
2020-02-14,SUZB3,SUZB3,41.6,41.8,39.56,39.81,39.81,8251400,41.6,41.8,39.56,39.81,1.0,41.8,39.56,0,8251400,24103,331033615.0,1,02,010,BRSUZBACNOR0,124,ON      NM,SUZANO S.A.
2020-02-17,SUZB3,SUZB3,40.0,41.34,39.7,40.0,40.0,3452400,40.0,41.34,39.7,40.0,1.0,41.34,39.7,0,3452400,12727,139962229.0,1,02,010,BRSUZBACNOR0,124,ON      NM,SUZANO S.A.
2020-02-18,SUZB3,SUZB3,40.05,40.68,39.0,40.1,40.1,4439500,40.05,40.68,39.0,40.1,1.0,40.68,39.0,0,4439500,17096,175706926.0,1,02,010,BRSUZBACNOR0,124,ON      NM,SUZANO S.A.
2020-02-19,SUZB3,SUZB3,39.8,40.84,39.5,40.17,40.17,3507800,39.8,40.84,39.5,40.17,1.0,40.84,39.5,0,3507800,13590,141186772.0,1,02,010,BRSUZBACNOR0,124,ON      NM,SUZANO S.A.
2020-02-20,SUZB3,SUZB3,40.14,40.95,39.7,40.19,40.19,4305700,40.14,40.95,39.7,40.19,1.0,40.95,39.7,0,4305700,17302,174364250.0,1,02,010,BRSUZBACNOR0,124,ON      NM,SUZANO S.A.
2020-02-21,SUZB3,SUZB3,40.11,41.42,39.84,41.42,41.42,5933400,40.11,41.42,39.84,41.42,1.0,41.42,39.84,0,5933400,24208,242125375.0,1,02,010,BRSUZBACNOR0,124,ON      NM,SUZANO S.A.
2020-02-26,SUZB3,SUZB3,39.5,40.06,38.38,38.6,38.6,8645300,39.5,40.06,38.38,38.6,1.0,40.06,38.38,0,8645300,32905,340227786.0,1,02,010,BRSUZBACNOR0,124,ON      NM,SUZANO S.A.
2020-02-27,SUZB3,SUZB3,38.38,39.08,37.81,38.13,38.13,7934000,38.38,39.08,37.81,38.13,1.0,39.08,37.81,0,7934000,33764,305237902.0,1,02,010,BRSUZBACNOR0,124,ON      NM,SUZANO S.A.
2020-02-28,SUZB3,SUZB3,37.81,38.14,36.69,38.14,38.14,8395900,37.81,38.14,36.69,38.14,1.0,38.14,36.69,0,8395900,32592,314754515.0,1,02,010,BRSUZBACNOR0,124,ON      NM,SUZANO S.A.
2020-03-02,SUZB3,SUZB3,38.7,39.96,38.13,39.65,39.65,4635800,38.7,39.96,38.13,39.65,1.0,39.96,38.13,0,4635800,22010,181301494.0,1,02,010,BRSUZBACNOR0,124,ON      NM,SUZANO S.A.
2020-03-03,SUZB3,SUZB3,39.3,41.8,39.06,39.94,39.94,7188300,39.3,41.8,39.06,39.94,1.0,41.8,39.06,0,7188300,29242,288620748.0,1,02,010,BRSUZBACNOR0,124,ON      NM,SUZANO S.A.
2020-03-04,SUZB3,SUZB3,41.3,43.75,40.6,43.54,43.54,12584800,41.3,43.75,40.6,43.54,1.0,43.75,40.6,0,12584800,36263,531050801.0,1,02,010,BRSUZBACNOR0,124,ON      NM,SUZANO S.A.
2020-03-05,SUZB3,SUZB3,42.76,44.28,41.95,42.62,42.62,9592400,42.76,44.28,41.95,42.62,1.0,44.28,41.95,0,9592400,32374,414503308.0,1,02,010,BRSUZBACNOR0,124,ON      NM,SUZANO S.A.
2020-03-06,SUZB3,SUZB3,41.83,42.09,40.03,40.03,40.03,9728900,41.83,42.09,40.03,40.03,1.0,42.09,40.03,0,9728900,20710,398404465.0,1,02,010,BRSUZBACNOR0,124,ON      NM,SUZANO S.A.
2020-03-09,SUZB3,SUZB3,39.0,39.0,37.17,37.95,37.95,8623700,39.0,39.0,37.17,37.95,1.0,39.0,37.17,0,8623700,36077,329180863.0,1,02,010,BRSUZBACNOR0,124,ON      NM,SUZANO S.A.
2020-03-10,SUZB3,SUZB3,38.7,39.71,36.85,38.86,38.86,9528900,38.7,39.71,36.85,38.86,1.0,39.71,36.85,0,9528900,33996,364591281.0,1,02,010,BRSUZBACNOR0,124,ON      NM,SUZANO S.A.
2020-03-11,SUZB3,SUZB3,38.22,38.77,33.22,35.46,35.46,10461700,38.22,38.77,33.22,35.46,1.0,38.77,33.22,0,10461700,35874,373596440.0,1,02,010,BRSUZBACNOR0,124,ON      NM,SUZANO S.A.
2020-03-12,SUZB3,SUZB3,32.0,33.7,29.03,29.74,29.74,19236100,32.0,33.7,29.03,29.74,1.0,33.7,29.03,0,19236100,33976,597643649.0,1,02,010,BRSUZBACNOR0,124,ON      NM,SUZANO S.A.
2020-03-13,SUZB3,SUZB3,32.2,33.27,28.63,31.58,31.58,17037700,32.2,33.27,28.63,31.58,1.0,33.27,28.63,0,17037700,57181,512061410.0,1,02,010,BRSUZBACNOR0,124,ON      NM,SUZANO S.A.
2020-03-16,SUZB3,SUZB3,28.84,31.58,27.55,28.37,28.37,12457000,28.84,31.58,27.55,28.37,1.0,31.58,27.55,0,12457000,44023,361793240.0,1,02,010,BRSUZBACNOR0,124,ON      NM,SUZANO S.A.
2020-03-17,SUZB3,SUZB3,28.7,31.15,27.46,28.0,28.0,13534800,28.7,31.15,27.46,28.0,1.0,31.15,27.46,0,13534800,43987,392389395.0,1,02,010,BRSUZBACNOR0,124,ON      NM,SUZANO S.A.
2020-03-18,SUZB3,SUZB3,27.3,29.0,23.26,24.62,24.62,9446000,27.3,29.0,23.26,24.62,1.0,29.0,23.26,0,9446000,33731,237320197.0,1,02,010,BRSUZBACNOR0,124,ON      NM,SUZANO S.A.
2020-03-19,SUZB3,SUZB3,23.8,27.6,22.68,27.33,27.33,13819400,23.8,27.6,22.68,27.33,1.0,27.6,22.68,0,13819400,39197,352980700.0,1,02,010,BRSUZBACNOR0,124,ON      NM,SUZANO S.A.
2020-03-20,SUZB3,SUZB3,28.2,29.0,25.39,27.39,27.39,12199200,28.2,29.0,25.39,27.39,1.0,29.0,25.39,0,12199200,45956,329577309.0,1,02,010,BRSUZBACNOR0,124,ON      NM,SUZANO S.A.
2020-03-23,SUZB3,SUZB3,27.93,29.29,25.24,28.8,28.8,12110200,27.93,29.29,25.24,28.8,1.0,29.29,25.24,0,12110200,42983,341588165.0,1,02,010,BRSUZBACNOR0,124,ON      NM,SUZANO S.A.
2020-03-24,SUZB3,SUZB3,30.05,30.46,28.38,28.9,28.9,7904100,30.05,30.46,28.38,28.9,1.0,30.46,28.38,0,7904100,25474,232456737.0,1,02,010,BRSUZBACNOR0,124,ON      NM,SUZANO S.A.
2020-03-25,SUZB3,SUZB3,28.62,31.25,28.5,29.35,29.35,6275000,28.62,31.25,28.5,29.35,1.0,31.25,28.5,0,6275000,23069,187665394.0,1,02,010,BRSUZBACNOR0,124,ON      NM,SUZANO S.A.
2020-03-26,SUZB3,SUZB3,29.89,30.15,27.51,28.05,28.05,9962300,29.89,30.15,27.51,28.05,1.0,30.15,27.51,0,9962300,39113,284178533.0,1,02,010,BRSUZBACNOR0,124,ON      NM,SUZANO S.A.
2020-03-27,SUZB3,SUZB3,27.0,34.66,26.87,32.87,32.87,15402800,27.0,34.66,26.87,32.87,1.0,34.66,26.87,0,15402800,43454,489752074.0,1,02,010,BRSUZBACNOR0,124,ON      NM,SUZANO S.A.
2020-03-30,SUZB3,SUZB3,34.02,35.99,33.53,33.99,33.99,10422100,34.02,35.99,33.53,33.99,1.0,35.99,33.53,0,10422100,33601,361381001.0,1,02,010,BRSUZBACNOR0,124,ON      NM,SUZANO S.A.
2020-03-31,SUZB3,SUZB3,34.92,37.39,34.02,35.79,35.79,9876700,34.92,37.39,34.02,35.79,1.0,37.39,34.02,0,9876700,30559,356578726.0,1,02,010,BRSUZBACNOR0,124,ON      NM,SUZANO S.A.
2020-04-01,SUZB3,SUZB3,34.5,37.4,33.97,37.38,37.38,10785000,34.5,37.4,33.97,37.38,1.0,37.4,33.97,0,10785000,37936,392568939.0,1,02,010,BRSUZBACNOR0,124,ON      NM,SUZANO S.A.
2020-04-02,SUZB3,SUZB3,38.5,40.43,37.28,39.9,39.9,14377500,38.5,40.43,37.28,39.9,1.0,40.43,37.28,0,14377500,36662,568225870.0,1,02,010,BRSUZBACNOR0,124,ON      NM,SUZANO S.A.
2020-04-03,SUZB3,SUZB3,40.4,40.84,37.25,39.8,39.8,14609500,40.4,40.84,37.25,39.8,1.0,40.84,37.25,0,14609500,40119,568267382.0,1,02,010,BRSUZBACNOR0,124,ON      NM,SUZANO S.A.
2020-04-06,SUZB3,SUZB3,40.63,41.37,39.3,40.02,40.02,9361600,40.63,41.37,39.3,40.02,1.0,41.37,39.3,0,9361600,27930,377551598.0,1,02,010,BRSUZBACNOR0,124,ON      NM,SUZANO S.A.
2020-04-07,SUZB3,SUZB3,40.91,41.4,36.82,37.19,37.19,12130300,40.91,41.4,36.82,37.19,1.0,41.4,36.82,0,12130300,43908,465123650.0,1,02,010,BRSUZBACNOR0,124,ON      NM,SUZANO S.A.
2020-04-08,SUZB3,SUZB3,37.35,38.25,35.25,37.96,37.96,8814000,37.35,38.25,35.25,37.96,1.0,38.25,35.25,0,8814000,32346,322541420.0,1,02,010,BRSUZBACNOR0,124,ON      NM,SUZANO S.A.
2020-04-09,SUZB3,SUZB3,38.14,38.44,35.2,35.4,35.4,10603800,38.14,38.44,35.2,35.4,1.0,38.44,35.2,0,10603800,37964,383266478.0,1,02,010,BRSUZBACNOR0,124,ON      NM,SUZANO S.A.
2020-04-13,SUZB3,SUZB3,35.4,37.0,34.81,36.37,36.37,6103500,35.4,37.0,34.81,36.37,1.0,37.0,34.81,0,6103500,24097,222920307.0,1,02,010,BRSUZBACNOR0,124,ON      NM,SUZANO S.A.
2020-04-14,SUZB3,SUZB3,36.73,38.38,36.48,38.0,38.0,4579100,36.73,38.38,36.48,38.0,1.0,38.38,36.48,0,4579100,16717,172668933.0,1,02,010,BRSUZBACNOR0,124,ON      NM,SUZANO S.A.
2020-04-15,SUZB3,SUZB3,37.6,38.71,36.35,37.23,37.23,7960400,37.6,38.71,36.35,37.23,1.0,38.71,36.35,0,7960400,23423,295408827.0,1,02,010,BRSUZBACNOR0,124,ON      NM,SUZANO S.A.
2020-04-16,SUZB3,SUZB3,37.5,37.73,35.5,36.18,36.18,6948100,37.5,37.73,35.5,36.18,1.0,37.73,35.5,0,6948100,24983,251107639.0,1,02,010,BRSUZBACNOR0,124,ON      NM,SUZANO S.A.
2020-04-17,SUZB3,SUZB3,36.74,37.0,35.34,35.84,35.84,4435700,36.74,37.0,35.34,35.84,1.0,37.0,35.34,0,4435700,17754,159089321.0,1,02,010,BRSUZBACNOR0,124,ON      NM,SUZANO S.A.
2020-04-20,SUZB3,SUZB3,35.32,35.79,34.7,34.92,34.92,5974000,35.32,35.79,34.7,34.92,1.0,35.79,34.7,0,5974000,19927,209642788.0,1,02,010,BRSUZBACNOR0,124,ON      NM,SUZANO S.A.
2020-04-22,SUZB3,SUZB3,35.4,36.2,34.9,35.21,35.21,6946500,35.4,36.2,34.9,35.21,1.0,36.2,34.9,0,6946500,21621,246467174.0,1,02,010,BRSUZBACNOR0,124,ON      NM,SUZANO S.A.
2020-04-23,SUZB3,SUZB3,35.25,37.21,34.81,36.56,36.56,8806800,35.25,37.21,34.81,36.56,1.0,37.21,34.81,0,8806800,28833,319915206.0,1,02,010,BRSUZBACNOR0,124,ON      NM,SUZANO S.A.
2020-04-24,SUZB3,SUZB3,36.8,39.34,35.64,39.13,39.13,18632100,36.8,39.34,35.64,39.13,1.0,39.34,35.64,0,18632100,58138,701435611.0,1,02,010,BRSUZBACNOR0,124,ON      NM,SUZANO S.A.
2020-04-27,SUZB3,SUZB3,39.5,40.74,39.16,40.1,40.1,7616700,39.5,40.74,39.16,40.1,1.0,40.74,39.16,0,7616700,27307,305456293.0,1,02,010,BRSUZBACNOR0,124,ON      NM,SUZANO S.A.
2020-04-28,SUZB3,SUZB3,40.67,40.67,38.25,38.65,38.65,8406300,40.67,40.67,38.25,38.65,1.0,40.67,38.25,0,8406300,30105,326864274.0,1,02,010,BRSUZBACNOR0,124,ON      NM,SUZANO S.A.
2020-04-29,SUZB3,SUZB3,38.9,39.35,38.35,38.72,38.72,6535500,38.9,39.35,38.35,38.72,1.0,39.35,38.35,0,6535500,24560,254362740.0,1,02,010,BRSUZBACNOR0,124,ON      NM,SUZANO S.A.
2020-04-30,SUZB3,SUZB3,39.1,40.19,38.84,39.41,39.41,7620300,39.1,40.19,38.84,39.41,1.0,40.19,38.84,0,7620300,21484,300246754.0,1,02,010,BRSUZBACNOR0,124,ON      NM,SUZANO S.A.
2020-05-04,SUZB3,SUZB3,38.73,40.5,38.39,40.5,40.5,6603500,38.73,40.5,38.39,40.5,1.0,40.5,38.39,0,6603500,23935,263911538.0,1,02,010,BRSUZBACNOR0,124,ON      NM,SUZANO S.A.
2020-05-05,SUZB3,SUZB3,40.62,41.9,39.63,41.6,41.6,8171000,40.62,41.9,39.63,41.6,1.0,41.9,39.63,0,8171000,23341,336223370.0,1,02,010,BRSUZBACNOR0,124,ON      NM,SUZANO S.A.
2020-05-06,SUZB3,SUZB3,41.78,42.49,40.62,41.87,41.87,6586200,41.78,42.49,40.62,41.87,1.0,42.49,40.62,0,6586200,23299,272920554.0,1,02,010,BRSUZBACNOR0,124,ON      NM,SUZANO S.A.
2020-05-07,SUZB3,SUZB3,43.52,47.8,43.0,45.01,45.01,22747000,43.52,47.8,43.0,45.01,1.0,47.8,43.0,0,22747000,70491,1051022727.0,1,02,010,BRSUZBACNOR0,124,ON      NM,SUZANO S.A.
2020-05-08,SUZB3,SUZB3,46.99,48.2,45.46,47.35,47.35,10080300,46.99,48.2,45.46,47.35,1.0,48.2,45.46,0,10080300,35090,470880469.0,1,02,010,BRSUZBACNOR0,124,ON      NM,SUZANO S.A.
2020-05-11,SUZB3,SUZB3,47.0,49.7,47.0,47.6,47.6,11411700,47.0,49.7,47.0,47.6,1.0,49.7,47.0,0,11411700,45518,553796620.0,1,02,010,BRSUZBACNOR0,124,ON      NM,SUZANO S.A.
2020-05-12,SUZB3,SUZB3,48.2,49.48,46.61,48.55,48.55,8104600,48.2,49.48,46.61,48.55,1.0,49.48,46.61,0,8104600,37277,392228338.0,1,02,010,BRSUZBACNOR0,124,ON      NM,SUZANO S.A.
2020-05-13,SUZB3,SUZB3,49.08,51.2,48.67,50.59,50.59,11670500,49.08,51.2,48.67,50.59,1.0,51.2,48.67,0,11670500,42638,587258471.0,1,02,010,BRSUZBACNOR0,124,ON      NM,SUZANO S.A.
2020-05-14,SUZB3,SUZB3,51.0,51.15,46.55,47.54,47.54,12031000,51.0,51.15,46.55,47.54,1.0,51.15,46.55,0,12031000,43655,580981776.0,1,02,010,BRSUZBACNOR0,124,ON      NM,SUZANO S.A.
2020-05-15,SUZB3,SUZB3,46.4,48.84,44.03,45.03,45.03,19162600,46.4,48.84,44.03,45.03,1.0,48.84,44.03,0,19162600,56903,880112133.0,1,02,010,BRSUZBACNOR0,124,ON      NM,SUZANO S.A.
2020-05-18,SUZB3,SUZB3,44.8,45.22,41.18,41.18,41.18,18094900,44.8,45.22,41.18,41.18,1.0,45.22,41.18,0,18094900,55118,766347962.0,1,02,010,BRSUZBACNOR0,124,ON      NM,SUZANO S.A.
2020-05-19,SUZB3,SUZB3,40.75,42.59,40.38,41.76,41.76,13550700,40.75,42.59,40.38,41.76,1.0,42.59,40.38,0,13550700,47375,564344646.0,1,02,010,BRSUZBACNOR0,124,ON      NM,SUZANO S.A.
2020-05-20,SUZB3,SUZB3,42.19,42.45,39.8,40.25,40.25,10568100,42.19,42.45,39.8,40.25,1.0,42.45,39.8,0,10568100,36735,431336446.0,1,02,010,BRSUZBACNOR0,124,ON      NM,SUZANO S.A.
2020-05-21,SUZB3,SUZB3,40.24,40.41,38.3,38.48,38.48,12789300,40.24,40.41,38.3,38.48,1.0,40.41,38.3,0,12789300,43095,495963969.0,1,02,010,BRSUZBACNOR0,124,ON      NM,SUZANO S.A.
2020-05-22,SUZB3,SUZB3,38.76,39.87,38.0,38.61,38.61,8643400,38.76,39.87,38.0,38.61,1.0,39.87,38.0,0,8643400,28451,335171379.0,1,02,010,BRSUZBACNOR0,124,ON      NM,SUZANO S.A.
2020-05-25,SUZB3,SUZB3,38.99,39.2,37.5,37.7,37.7,8586900,38.99,39.2,37.5,37.7,1.0,39.2,37.5,0,8586900,25476,326647791.0,1,02,010,BRSUZBACNOR0,124,ON      NM,SUZANO S.A.
2020-05-26,SUZB3,SUZB3,37.63,38.49,37.02,37.88,37.88,11446600,37.63,38.49,37.02,37.88,1.0,38.49,37.02,0,11446600,34755,433794944.0,1,02,010,BRSUZBACNOR0,124,ON      NM,SUZANO S.A.
2020-05-27,SUZB3,SUZB3,38.14,39.02,37.39,38.41,38.41,10303200,38.14,39.02,37.39,38.41,1.0,39.02,37.39,0,10303200,34731,394607999.0,1,02,010,BRSUZBACNOR0,124,ON      NM,SUZANO S.A.
2020-05-28,SUZB3,SUZB3,39.35,39.37,38.09,38.36,38.36,9203500,39.35,39.37,38.09,38.36,1.0,39.37,38.09,0,9203500,37520,355535111.0,1,02,010,BRSUZBACNOR0,124,ON      NM,SUZANO S.A.
2020-05-29,SUZB3,SUZB3,38.62,39.06,36.57,37.86,37.86,14915400,38.62,39.06,36.57,37.86,1.0,39.06,36.57,0,14915400,40637,565327681.0,1,02,010,BRSUZBACNOR0,124,ON      NM,SUZANO S.A.
2020-06-01,SUZB3,SUZB3,38.31,39.0,37.5,38.45,38.45,8218400,38.31,39.0,37.5,38.45,1.0,39.0,37.5,0,8218400,26966,316072193.0,1,02,010,BRSUZBACNOR0,124,ON      NM,SUZANO S.A.
2020-06-02,SUZB3,SUZB3,38.01,38.69,37.9,38.42,38.42,7999400,38.01,38.69,37.9,38.42,1.0,38.69,37.9,0,7999400,29310,306098278.0,1,02,010,BRSUZBACNOR0,124,ON      NM,SUZANO S.A.
2020-06-03,SUZB3,SUZB3,38.36,38.45,37.41,38.13,38.13,9467800,38.36,38.45,37.41,38.13,1.0,38.45,37.41,0,9467800,41288,359274787.0,1,02,010,BRSUZBACNOR0,124,ON      NM,SUZANO S.A.
2020-06-04,SUZB3,SUZB3,38.2,40.0,37.89,39.85,39.85,11986800,38.2,40.0,37.89,39.85,1.0,40.0,37.89,0,11986800,34910,473120177.0,1,02,010,BRSUZBACNOR0,124,ON      NM,SUZANO S.A.
2020-06-05,SUZB3,SUZB3,39.24,39.37,38.17,38.3,38.3,13046900,39.24,39.37,38.17,38.3,1.0,39.37,38.17,0,13046900,38488,501167472.0,1,02,010,BRSUZBACNOR0,124,ON      NM,SUZANO S.A.
2020-06-08,SUZB3,SUZB3,38.15,38.95,37.57,38.16,38.16,11150700,38.15,38.95,37.57,38.16,1.0,38.95,37.57,0,11150700,36617,424156211.0,1,02,010,BRSUZBACNOR0,124,ON      NM,SUZANO S.A.
2020-06-09,SUZB3,SUZB3,38.92,39.2,37.94,38.17,38.17,9234400,38.92,39.2,37.94,38.17,1.0,39.2,37.94,0,9234400,31100,355747704.0,1,02,010,BRSUZBACNOR0,124,ON      NM,SUZANO S.A.
2020-06-10,SUZB3,SUZB3,38.37,38.94,37.91,38.13,38.13,7899100,38.37,38.94,37.91,38.13,1.0,38.94,37.91,0,7899100,26887,303738691.0,1,02,010,BRSUZBACNOR0,124,ON      NM,SUZANO S.A.
2020-06-12,SUZB3,SUZB3,37.91,38.65,36.2,37.01,37.01,11200800,37.91,38.65,36.2,37.01,1.0,38.65,36.2,0,11200800,45080,416109422.0,1,02,010,BRSUZBACNOR0,124,ON      NM,SUZANO S.A.
2020-06-15,SUZB3,SUZB3,36.62,38.87,36.41,38.49,38.49,13839900,36.62,38.87,36.41,38.49,1.0,38.87,36.41,0,13839900,44656,525225801.0,1,02,010,BRSUZBACNOR0,124,ON      NM,SUZANO S.A.
2020-06-16,SUZB3,SUZB3,38.15,39.09,37.92,38.1,38.1,7414400,38.15,39.09,37.92,38.1,1.0,39.09,37.92,0,7414400,28245,283684632.0,1,02,010,BRSUZBACNOR0,124,ON      NM,SUZANO S.A.
2020-06-17,SUZB3,SUZB3,38.4,38.9,38.07,38.9,38.9,4664700,38.4,38.9,38.07,38.9,1.0,38.9,38.07,0,4664700,15442,180115530.0,1,02,010,BRSUZBACNOR0,124,ON      NM,SUZANO S.A.
2020-06-18,SUZB3,SUZB3,39.2,39.79,38.65,39.55,39.55,8109600,39.2,39.79,38.65,39.55,1.0,39.79,38.65,0,8109600,22044,319119638.0,1,02,010,BRSUZBACNOR0,124,ON      NM,SUZANO S.A.
2020-06-19,SUZB3,SUZB3,39.55,40.15,38.9,39.5,39.5,17643200,39.55,40.15,38.9,39.5,1.0,40.15,38.9,0,17643200,28338,696781414.0,1,02,010,BRSUZBACNOR0,124,ON      NM,SUZANO S.A.
2020-06-22,SUZB3,SUZB3,39.61,39.78,38.53,38.99,38.99,5353100,39.61,39.78,38.53,38.99,1.0,39.78,38.53,0,5353100,17265,207951150.0,1,02,010,BRSUZBACNOR0,124,ON      NM,SUZANO S.A.
2020-06-23,SUZB3,SUZB3,38.49,39.2,37.82,38.04,38.04,5522100,38.49,39.2,37.82,38.04,1.0,39.2,37.82,0,5522100,18227,211873954.0,1,02,010,BRSUZBACNOR0,124,ON      NM,SUZANO S.A.
2020-06-24,SUZB3,SUZB3,38.2,38.8,37.87,38.6,38.6,4758500,38.2,38.8,37.87,38.6,1.0,38.8,37.87,0,4758500,15729,182812440.0,1,02,010,BRSUZBACNOR0,124,ON      NM,SUZANO S.A.
2020-06-25,SUZB3,SUZB3,38.62,38.8,37.9,38.08,38.08,4517300,38.62,38.8,37.9,38.08,1.0,38.8,37.9,0,4517300,21087,172431119.0,1,02,010,BRSUZBACNOR0,124,ON      NM,SUZANO S.A.
2020-06-26,SUZB3,SUZB3,38.35,38.76,37.51,37.88,37.88,5755800,38.35,38.76,37.51,37.88,1.0,38.76,37.51,0,5755800,20890,219668352.0,1,02,010,BRSUZBACNOR0,124,ON      NM,SUZANO S.A.
2020-06-29,SUZB3,SUZB3,37.82,38.16,37.3,37.73,37.73,4028400,37.82,38.16,37.3,37.73,1.0,38.16,37.3,0,4028400,15884,151440950.0,1,02,010,BRSUZBACNOR0,124,ON      NM,SUZANO S.A.
2020-06-30,SUZB3,SUZB3,37.69,37.94,36.45,36.79,36.79,9773000,37.69,37.94,36.45,36.79,1.0,37.94,36.45,0,9773000,30633,360231143.0,1,02,010,BRSUZBACNOR0,124,ON      NM,SUZANO S.A.
2020-07-01,SUZB3,SUZB3,36.79,37.25,36.14,37.14,37.14,7546200,36.79,37.25,36.14,37.14,1.0,37.25,36.14,0,7546200,27252,277090255.0,1,02,010,BRSUZBACNOR0,124,ON      NM,SUZANO S.A.
2020-07-02,SUZB3,SUZB3,37.2,37.48,36.68,36.82,36.82,7805900,37.2,37.48,36.68,36.82,1.0,37.48,36.68,0,7805900,22494,288798685.0,1,02,010,BRSUZBACNOR0,124,ON      NM,SUZANO S.A.
2020-07-03,SUZB3,SUZB3,36.87,37.27,36.42,37.27,37.27,3860900,36.87,37.27,36.42,37.27,1.0,37.27,36.42,0,3860900,12316,142498306.0,1,02,010,BRSUZBACNOR0,124,ON      NM,SUZANO S.A.
2020-07-06,SUZB3,SUZB3,37.27,37.27,36.75,36.9,36.9,4914800,37.27,37.27,36.75,36.9,1.0,37.27,36.75,0,4914800,18010,181592851.0,1,02,010,BRSUZBACNOR0,124,ON      NM,SUZANO S.A.
2020-07-07,SUZB3,SUZB3,36.02,37.26,35.9,36.19,36.19,9665600,36.02,37.26,35.9,36.19,1.0,37.26,35.9,0,9665600,28783,352669124.0,1,02,010,BRSUZBACNOR0,124,ON      NM,SUZANO S.A.
2020-07-08,SUZB3,SUZB3,36.15,36.73,36.15,36.15,36.15,6632800,36.15,36.73,36.15,36.15,1.0,36.73,36.15,0,6632800,23610,241101764.0,1,02,010,BRSUZBACNOR0,124,ON      NM,SUZANO S.A.
2020-07-09,SUZB3,SUZB3,36.17,36.8,35.91,36.47,36.47,5261800,36.17,36.8,35.91,36.47,1.0,36.8,35.91,0,5261800,15557,192017125.0,1,02,010,BRSUZBACNOR0,124,ON      NM,SUZANO S.A.
2020-07-10,SUZB3,SUZB3,36.47,36.89,36.27,36.68,36.68,4828700,36.47,36.89,36.27,36.68,1.0,36.89,36.27,0,4828700,17405,176843805.0,1,02,010,BRSUZBACNOR0,124,ON      NM,SUZANO S.A.
2020-07-13,SUZB3,SUZB3,36.76,37.02,36.0,36.06,36.06,5427900,36.76,37.02,36.0,36.06,1.0,37.02,36.0,0,5427900,17268,197284519.0,1,02,010,BRSUZBACNOR0,124,ON      NM,SUZANO S.A.
2020-07-14,SUZB3,SUZB3,36.1,37.02,35.71,36.66,36.66,6874300,36.1,37.02,35.71,36.66,1.0,37.02,35.71,0,6874300,23182,251037457.0,1,02,010,BRSUZBACNOR0,124,ON      NM,SUZANO S.A.
2020-07-15,SUZB3,SUZB3,37.01,39.24,36.71,38.85,38.85,15040600,37.01,39.24,36.71,38.85,1.0,39.24,36.71,0,15040600,50586,576156638.0,1,02,010,BRSUZBACNOR0,124,ON      NM,SUZANO S.A.
2020-07-16,SUZB3,SUZB3,38.62,39.09,38.05,38.73,38.73,7292000,38.62,39.09,38.05,38.73,1.0,39.09,38.05,0,7292000,19960,281394278.0,1,02,010,BRSUZBACNOR0,124,ON      NM,SUZANO S.A.
2020-07-17,SUZB3,SUZB3,38.75,39.9,38.35,39.85,39.85,7262600,38.75,39.9,38.35,39.85,1.0,39.9,38.35,0,7262600,32125,286838946.0,1,02,010,BRSUZBACNOR0,124,ON      NM,SUZANO S.A.
2020-07-20,SUZB3,SUZB3,39.55,40.37,39.35,40.24,40.24,6042800,39.55,40.37,39.35,40.24,1.0,40.37,39.35,0,6042800,18918,241441449.0,1,02,010,BRSUZBACNOR0,124,ON      NM,SUZANO S.A.
2020-07-21,SUZB3,SUZB3,40.2,40.6,39.9,40.5,40.5,7915800,40.2,40.6,39.9,40.5,1.0,40.6,39.9,0,7915800,24216,319404503.0,1,02,010,BRSUZBACNOR0,124,ON      NM,SUZANO S.A.
2020-07-22,SUZB3,SUZB3,40.25,40.8,38.92,39.5,39.5,9693300,40.25,40.8,38.92,39.5,1.0,40.8,38.92,0,9693300,20783,383400264.0,1,02,010,BRSUZBACNOR0,124,ON      NM,SUZANO S.A.
2020-07-23,SUZB3,SUZB3,39.72,41.2,39.36,40.74,40.74,7543400,39.72,41.2,39.36,40.74,1.0,41.2,39.36,0,7543400,21799,305901795.0,1,02,010,BRSUZBACNOR0,124,ON      NM,SUZANO S.A.
2020-07-24,SUZB3,SUZB3,40.52,43.07,40.19,42.3,42.3,11928200,40.52,43.07,40.19,42.3,1.0,43.07,40.19,0,11928200,35715,502875750.0,1,02,010,BRSUZBACNOR0,124,ON      NM,SUZANO S.A.
2020-07-27,SUZB3,SUZB3,41.7,42.14,40.91,41.67,41.67,4641500,41.7,42.14,40.91,41.67,1.0,42.14,40.91,0,4641500,16471,192734166.0,1,02,010,BRSUZBACNOR0,124,ON      NM,SUZANO S.A.
2020-07-28,SUZB3,SUZB3,41.6,42.12,40.9,42.0,42.0,2960800,41.6,42.12,40.9,42.0,1.0,42.12,40.9,0,2960800,10903,123053850.0,1,02,010,BRSUZBACNOR0,124,ON      NM,SUZANO S.A.
2020-07-29,SUZB3,SUZB3,42.01,42.01,40.98,41.49,41.49,4439700,42.01,42.01,40.98,41.49,1.0,42.01,40.98,0,4439700,15669,183774467.0,1,02,010,BRSUZBACNOR0,124,ON      NM,SUZANO S.A.
2020-07-30,SUZB3,SUZB3,41.33,42.96,41.32,42.22,42.22,4638400,41.33,42.96,41.32,42.22,1.0,42.96,41.32,0,4638400,15427,195668274.0,1,02,010,BRSUZBACNOR0,124,ON      NM,SUZANO S.A.
2020-07-31,SUZB3,SUZB3,42.4,42.65,41.51,42.0,42.0,4579700,42.4,42.65,41.51,42.0,1.0,42.65,41.51,0,4579700,18472,193098160.0,1,02,010,BRSUZBACNOR0,124,ON      NM,SUZANO S.A.
2020-08-03,SUZB3,SUZB3,42.4,43.69,41.82,43.09,43.09,6427400,42.4,43.69,41.82,43.09,1.0,43.69,41.82,0,6427400,23075,277624237.0,1,02,010,BRSUZBACNOR0,124,ON      NM,SUZANO S.A.
2020-08-04,SUZB3,SUZB3,43.4,43.41,41.42,42.08,42.08,5187000,43.4,43.41,41.42,42.08,1.0,43.41,41.42,0,5187000,21054,218954408.0,1,02,010,BRSUZBACNOR0,124,ON      NM,SUZANO S.A.
2020-08-05,SUZB3,SUZB3,42.5,45.96,42.35,45.28,45.28,11751000,42.5,45.96,42.35,45.28,1.0,45.96,42.35,0,11751000,41880,525471105.0,1,02,010,BRSUZBACNOR0,124,ON      NM,SUZANO S.A.
2020-08-06,SUZB3,SUZB3,46.25,46.99,45.6,46.32,46.32,6273600,46.25,46.99,45.6,46.32,1.0,46.99,45.6,0,6273600,20772,290435902.0,1,02,010,BRSUZBACNOR0,124,ON      NM,SUZANO S.A.
2020-08-07,SUZB3,SUZB3,45.81,47.44,45.81,46.18,46.18,6742900,45.81,47.44,45.81,46.18,1.0,47.44,45.81,0,6742900,26279,314576251.0,1,02,010,BRSUZBACNOR0,124,ON      NM,SUZANO S.A.
2020-08-10,SUZB3,SUZB3,46.0,47.5,46.0,47.36,47.36,4018700,46.0,47.5,46.0,47.36,1.0,47.5,46.0,0,4018700,15833,188357887.0,1,02,010,BRSUZBACNOR0,124,ON      NM,SUZANO S.A.
2020-08-11,SUZB3,SUZB3,47.3,47.79,46.56,46.9,46.9,5106900,47.3,47.79,46.56,46.9,1.0,47.79,46.56,0,5106900,21822,240885526.0,1,02,010,BRSUZBACNOR0,124,ON      NM,SUZANO S.A.
2020-08-12,SUZB3,SUZB3,47.29,47.52,46.11,47.23,47.23,6583100,47.29,47.52,46.11,47.23,1.0,47.52,46.11,0,6583100,25600,308443307.0,1,02,010,BRSUZBACNOR0,124,ON      NM,SUZANO S.A.
2020-08-13,SUZB3,SUZB3,47.08,48.59,46.83,47.67,47.67,8452900,47.08,48.59,46.83,47.67,1.0,48.59,46.83,0,8452900,29416,403408767.0,1,02,010,BRSUZBACNOR0,124,ON      NM,SUZANO S.A.
2020-08-14,SUZB3,SUZB3,48.77,52.2,48.23,50.49,50.49,19204500,48.77,52.2,48.23,50.49,1.0,52.2,48.23,0,19204500,57943,977300617.0,1,02,010,BRSUZBACNOR0,124,ON      NM,SUZANO S.A.
2020-08-17,SUZB3,SUZB3,50.0,51.85,50.0,50.98,50.98,8033900,50.0,51.85,50.0,50.98,1.0,51.85,50.0,0,8033900,27623,409432682.0,1,02,010,BRSUZBACNOR0,124,ON      NM,SUZANO S.A.
2020-08-18,SUZB3,SUZB3,50.98,52.41,50.6,52.0,52.0,5378000,50.98,52.41,50.6,52.0,1.0,52.41,50.6,0,5378000,23732,277690102.0,1,02,010,BRSUZBACNOR0,124,ON      NM,SUZANO S.A.
2020-08-19,SUZB3,SUZB3,52.29,53.75,50.63,50.63,50.63,7816800,52.29,53.75,50.63,50.63,1.0,53.75,50.63,0,7816800,31584,406356272.0,1,02,010,BRSUZBACNOR0,124,ON      NM,SUZANO S.A.
2020-08-20,SUZB3,SUZB3,51.5,53.58,51.24,52.25,52.25,9826700,51.5,53.58,51.24,52.25,1.0,53.58,51.24,0,9826700,35448,516152098.0,1,02,010,BRSUZBACNOR0,124,ON      NM,SUZANO S.A.
2020-08-21,SUZB3,SUZB3,51.93,52.4,50.91,52.15,52.15,6438300,51.93,52.4,50.91,52.15,1.0,52.4,50.91,0,6438300,25191,332811250.0,1,02,010,BRSUZBACNOR0,124,ON      NM,SUZANO S.A.
2020-08-24,SUZB3,SUZB3,52.2,52.38,51.21,52.15,52.15,5463900,52.2,52.38,51.21,52.15,1.0,52.38,51.21,0,5463900,26051,283029842.0,1,02,010,BRSUZBACNOR0,124,ON      NM,SUZANO S.A.
2020-08-25,SUZB3,SUZB3,52.18,52.34,50.55,51.1,51.1,5292000,52.18,52.34,50.55,51.1,1.0,52.34,50.55,0,5292000,21814,271440096.0,1,02,010,BRSUZBACNOR0,124,ON      NM,SUZANO S.A.
2020-08-26,SUZB3,SUZB3,50.69,51.98,49.82,51.76,51.76,8361100,50.69,51.98,49.82,51.76,1.0,51.98,49.82,0,8361100,33522,427152526.0,1,02,010,BRSUZBACNOR0,124,ON      NM,SUZANO S.A.
2020-08-27,SUZB3,SUZB3,51.6,51.74,50.52,51.42,51.42,3136800,51.6,51.74,50.52,51.42,1.0,51.74,50.52,0,3136800,12119,160706102.0,1,02,010,BRSUZBACNOR0,124,ON      NM,SUZANO S.A.
2020-08-28,SUZB3,SUZB3,51.5,51.5,50.26,50.99,50.99,4409600,51.5,51.5,50.26,50.99,1.0,51.5,50.26,0,4409600,21086,223505877.0,1,02,010,BRSUZBACNOR0,124,ON      NM,SUZANO S.A.
2020-08-31,SUZB3,SUZB3,50.55,50.79,50.13,50.2,50.2,5226100,50.55,50.79,50.13,50.2,1.0,50.79,50.13,0,5226100,12851,262935993.0,1,02,010,BRSUZBACNOR0,124,ON      NM,SUZANO S.A.
2020-09-01,SUZB3,SUZB3,50.1,51.46,49.68,51.12,51.12,3433100,50.1,51.46,49.68,51.12,1.0,51.46,49.68,0,3433100,15867,174996303.0,1,02,010,BRSUZBACNOR0,124,ON      NM,SUZANO S.A.
2020-09-02,SUZB3,SUZB3,51.0,51.81,48.75,49.01,49.01,6473700,51.0,51.81,48.75,49.01,1.0,51.81,48.75,0,6473700,25411,320352864.0,1,02,010,BRSUZBACNOR0,124,ON      NM,SUZANO S.A.
2020-09-03,SUZB3,SUZB3,48.41,49.3,47.0,48.0,48.0,8188600,48.41,49.3,47.0,48.0,1.0,49.3,47.0,0,8188600,32344,393350575.0,1,02,010,BRSUZBACNOR0,124,ON      NM,SUZANO S.A.
2020-09-04,SUZB3,SUZB3,47.62,48.45,47.01,47.54,47.54,6825600,47.62,48.45,47.01,47.54,1.0,48.45,47.01,0,6825600,21023,324426324.0,1,02,010,BRSUZBACNOR0,124,ON      NM,SUZANO S.A.
2020-09-08,SUZB3,SUZB3,47.34,47.91,46.44,46.78,46.78,4245200,47.34,47.91,46.44,46.78,1.0,47.91,46.44,0,4245200,17351,199293326.0,1,02,010,BRSUZBACNOR0,124,ON      NM,SUZANO S.A.
2020-09-09,SUZB3,SUZB3,46.92,47.69,46.53,47.05,47.05,3184100,46.92,47.69,46.53,47.05,1.0,47.69,46.53,0,3184100,15917,149884848.0,1,02,010,BRSUZBACNOR0,124,ON      NM,SUZANO S.A.
2020-09-10,SUZB3,SUZB3,47.0,47.21,46.2,46.35,46.35,4720500,47.0,47.21,46.2,46.35,1.0,47.21,46.2,0,4720500,18993,220037338.0,1,02,010,BRSUZBACNOR0,124,ON      NM,SUZANO S.A.
2020-09-11,SUZB3,SUZB3,46.16,46.57,44.82,45.6,45.6,4093000,46.16,46.57,44.82,45.6,1.0,46.57,44.82,0,4093000,17103,186439894.0,1,02,010,BRSUZBACNOR0,124,ON      NM,SUZANO S.A.
2020-09-14,SUZB3,SUZB3,45.51,46.3,45.38,46.12,46.12,2135500,45.51,46.3,45.38,46.12,1.0,46.3,45.38,0,2135500,9982,97941043.0,1,02,010,BRSUZBACNOR0,124,ON      NM,SUZANO S.A.
2020-09-15,SUZB3,SUZB3,46.04,48.91,45.81,48.89,48.89,7081300,46.04,48.91,45.81,48.89,1.0,48.91,45.81,0,7081300,24758,338475875.0,1,02,010,BRSUZBACNOR0,124,ON      NM,SUZANO S.A.
2020-09-16,SUZB3,SUZB3,48.74,48.82,47.02,47.58,47.58,4656300,48.74,48.82,47.02,47.58,1.0,48.82,47.02,0,4656300,15519,221181914.0,1,02,010,BRSUZBACNOR0,124,ON      NM,SUZANO S.A.
2020-09-17,SUZB3,SUZB3,47.0,49.63,46.47,49.02,49.02,5835000,47.0,49.63,46.47,49.02,1.0,49.63,46.47,0,5835000,17453,283627269.0,1,02,010,BRSUZBACNOR0,124,ON      NM,SUZANO S.A.
2020-09-18,SUZB3,SUZB3,48.97,51.7,48.66,50.05,50.05,12539100,48.97,51.7,48.66,50.05,1.0,51.7,48.66,0,12539100,35883,634741358.0,1,02,010,BRSUZBACNOR0,124,ON      NM,SUZANO S.A.
2020-09-21,SUZB3,SUZB3,49.49,49.97,47.76,48.53,48.53,5650500,49.49,49.97,47.76,48.53,1.0,49.97,47.76,0,5650500,17860,273818125.0,1,02,010,BRSUZBACNOR0,124,ON      NM,SUZANO S.A.
2020-09-22,SUZB3,SUZB3,48.3,48.52,46.95,47.37,47.37,4924300,48.3,48.52,46.95,47.37,1.0,48.52,46.95,0,4924300,16632,233558739.0,1,02,010,BRSUZBACNOR0,124,ON      NM,SUZANO S.A.
2020-09-23,SUZB3,SUZB3,47.22,47.38,46.03,46.63,46.63,5237800,47.22,47.38,46.03,46.63,1.0,47.38,46.03,0,5237800,20288,244250507.0,1,02,010,BRSUZBACNOR0,124,ON      NM,SUZANO S.A.
2020-09-24,SUZB3,SUZB3,46.53,47.07,45.38,46.0,46.0,4358100,46.53,47.07,45.38,46.0,1.0,47.07,45.38,0,4358100,14155,201496849.0,1,02,010,BRSUZBACNOR0,124,ON      NM,SUZANO S.A.
2020-09-25,SUZB3,SUZB3,46.91,48.24,46.08,48.14,48.14,6333400,46.91,48.24,46.08,48.14,1.0,48.24,46.08,0,6333400,22483,299777555.0,1,02,010,BRSUZBACNOR0,124,ON      NM,SUZANO S.A.
2020-09-28,SUZB3,SUZB3,48.08,49.23,46.33,47.6,47.6,8342800,48.08,49.23,46.33,47.6,1.0,49.23,46.33,0,8342800,28107,397252014.0,1,02,010,BRSUZBACNOR0,124,ON      NM,SUZANO S.A.
2020-09-29,SUZB3,SUZB3,47.1,48.92,47.02,47.07,47.07,6887000,47.1,48.92,47.02,47.07,1.0,48.92,47.02,0,6887000,25129,329710767.0,1,02,010,BRSUZBACNOR0,124,ON      NM,SUZANO S.A.
2020-09-30,SUZB3,SUZB3,47.03,47.7,45.37,45.55,45.55,7466000,47.03,47.7,45.37,45.55,1.0,47.7,45.37,0,7466000,23729,343774749.0,1,02,010,BRSUZBACNOR0,124,ON      NM,SUZANO S.A.
2020-10-01,SUZB3,SUZB3,45.6,47.0,45.07,46.5,46.5,8995900,45.6,47.0,45.07,46.5,1.0,47.0,45.07,0,8995900,25156,415938675.0,1,02,010,BRSUZBACNOR0,124,ON      NM,SUZANO S.A.
2020-10-02,SUZB3,SUZB3,46.79,48.0,46.11,46.33,46.33,16816700,46.79,48.0,46.11,46.33,1.0,48.0,46.11,0,16816700,45241,786790809.0,1,02,010,BRSUZBACNOR0,124,ON      NM,SUZANO S.A.
2020-10-05,SUZB3,SUZB3,46.05,47.9,46.04,47.4,47.4,14025600,46.05,47.9,46.04,47.4,1.0,47.9,46.04,0,14025600,39341,662020829.0,1,02,010,BRSUZBACNOR0,124,ON      NM,SUZANO S.A.
2020-10-06,SUZB3,SUZB3,47.68,49.26,47.22,47.94,47.94,12499500,47.68,49.26,47.22,47.94,1.0,49.26,47.22,0,12499500,37126,598785718.0,1,02,010,BRSUZBACNOR0,124,ON      NM,SUZANO S.A.
2020-10-07,SUZB3,SUZB3,48.14,49.43,47.6,48.39,48.39,33049600,48.14,49.43,47.6,48.39,1.0,49.43,47.6,0,33049600,37625,1598461871.0,1,02,010,BRSUZBACNOR0,124,ON      NM,SUZANO S.A.
2020-10-08,SUZB3,SUZB3,48.25,49.59,47.61,49.27,49.27,9725900,48.25,49.59,47.61,49.27,1.0,49.59,47.61,0,9725900,28960,475767181.0,1,02,010,BRSUZBACNOR0,124,ON      NM,SUZANO S.A.
2020-10-09,SUZB3,SUZB3,49.39,49.5,48.3,48.95,48.95,7295100,49.39,49.5,48.3,48.95,1.0,49.5,48.3,0,7295100,22959,356231139.0,1,02,010,BRSUZBACNOR0,124,ON      NM,SUZANO S.A.
2020-10-13,SUZB3,SUZB3,49.37,49.5,47.95,48.95,48.95,4650800,49.37,49.5,47.95,48.95,1.0,49.5,47.95,0,4650800,19057,226583096.0,1,02,010,BRSUZBACNOR0,124,ON      NM,SUZANO S.A.
2020-10-14,SUZB3,SUZB3,48.95,49.49,47.96,48.19,48.19,8335300,48.95,49.49,47.96,48.19,1.0,49.49,47.96,0,8335300,27813,403298402.0,1,02,010,BRSUZBACNOR0,124,ON      NM,SUZANO S.A.
2020-10-15,SUZB3,SUZB3,48.05,48.54,47.15,48.36,48.36,5663000,48.05,48.54,47.15,48.36,1.0,48.54,47.15,0,5663000,24132,271886996.0,1,02,010,BRSUZBACNOR0,124,ON      NM,SUZANO S.A.
2020-10-16,SUZB3,SUZB3,49.0,51.59,48.8,50.59,50.59,12866100,49.0,51.59,48.8,50.59,1.0,51.59,48.8,0,12866100,41439,647839428.0,1,02,010,BRSUZBACNOR0,124,ON      NM,SUZANO S.A.
2020-10-19,SUZB3,SUZB3,51.69,52.22,49.82,50.11,50.11,7455600,51.69,52.22,49.82,50.11,1.0,52.22,49.82,0,7455600,29204,378941668.0,1,02,010,BRSUZBACNOR0,124,ON      NM,SUZANO S.A.
2020-10-20,SUZB3,SUZB3,49.94,50.96,49.84,50.69,50.69,5512200,49.94,50.96,49.84,50.69,1.0,50.96,49.84,0,5512200,22977,277685770.0,1,02,010,BRSUZBACNOR0,124,ON      NM,SUZANO S.A.
2020-10-21,SUZB3,SUZB3,50.49,51.15,50.02,50.02,50.02,4582400,50.49,51.15,50.02,50.02,1.0,51.15,50.02,0,4582400,16467,231189833.0,1,02,010,BRSUZBACNOR0,124,ON      NM,SUZANO S.A.
2020-10-22,SUZB3,SUZB3,50.16,51.66,50.08,51.6,51.6,6567500,50.16,51.66,50.08,51.6,1.0,51.66,50.08,0,6567500,22722,335678572.0,1,02,010,BRSUZBACNOR0,124,ON      NM,SUZANO S.A.
2020-10-23,SUZB3,SUZB3,51.25,51.51,50.62,51.21,51.21,4107900,51.25,51.51,50.62,51.21,1.0,51.51,50.62,0,4107900,14503,209605107.0,1,02,010,BRSUZBACNOR0,124,ON      NM,SUZANO S.A.
2020-10-26,SUZB3,SUZB3,51.26,51.68,50.26,51.0,51.0,4861300,51.26,51.68,50.26,51.0,1.0,51.68,50.26,0,4861300,20125,247856353.0,1,02,010,BRSUZBACNOR0,124,ON      NM,SUZANO S.A.
2020-10-27,SUZB3,SUZB3,50.81,51.25,49.65,50.1,50.1,4592000,50.81,51.25,49.65,50.1,1.0,51.25,49.65,0,4592000,20608,230489902.0,1,02,010,BRSUZBACNOR0,124,ON      NM,SUZANO S.A.
2020-10-28,SUZB3,SUZB3,49.62,50.09,48.28,48.52,48.52,6024000,49.62,50.09,48.28,48.52,1.0,50.09,48.28,0,6024000,24165,295267000.0,1,02,010,BRSUZBACNOR0,124,ON      NM,SUZANO S.A.
2020-10-29,SUZB3,SUZB3,48.01,50.38,48.0,50.17,50.17,7438700,48.01,50.38,48.0,50.17,1.0,50.38,48.0,0,7438700,32180,368919664.0,1,02,010,BRSUZBACNOR0,124,ON      NM,SUZANO S.A.
2020-10-30,SUZB3,SUZB3,50.44,52.97,49.49,50.05,50.05,16475100,50.44,52.97,49.49,50.05,1.0,52.97,49.49,0,16475100,52799,846409254.0,1,02,010,BRSUZBACNOR0,124,ON      NM,SUZANO S.A.
2020-11-03,SUZB3,SUZB3,51.0,52.88,50.22,52.68,52.68,10874400,51.0,52.88,50.22,52.68,1.0,52.88,50.22,0,10874400,43784,565198485.0,1,02,010,BRSUZBACNOR0,124,ON      NM,SUZANO S.A.
2020-11-04,SUZB3,SUZB3,52.62,52.77,50.86,51.63,51.63,5983900,52.62,52.77,50.86,51.63,1.0,52.77,50.86,0,5983900,25108,310475295.0,1,02,010,BRSUZBACNOR0,124,ON      NM,SUZANO S.A.
2020-11-05,SUZB3,SUZB3,51.7,51.91,50.16,51.3,51.3,7419800,51.7,51.91,50.16,51.3,1.0,51.91,50.16,0,7419800,29856,377910604.0,1,02,010,BRSUZBACNOR0,124,ON      NM,SUZANO S.A.
2020-11-06,SUZB3,SUZB3,51.2,52.06,49.42,49.9,49.9,9054000,51.2,52.06,49.42,49.9,1.0,52.06,49.42,0,9054000,34002,455770760.0,1,02,010,BRSUZBACNOR0,124,ON      NM,SUZANO S.A.
2020-11-09,SUZB3,SUZB3,48.35,49.59,47.3,48.68,48.68,11789700,48.35,49.59,47.3,48.68,1.0,49.59,47.3,0,11789700,46580,573517110.0,1,02,010,BRSUZBACNOR0,124,ON      NM,SUZANO S.A.
2020-11-10,SUZB3,SUZB3,48.72,48.9,47.72,47.97,47.97,10673000,48.72,48.9,47.72,47.97,1.0,48.9,47.72,0,10673000,41300,513014902.0,1,02,010,BRSUZBACNOR0,124,ON      NM,SUZANO S.A.
2020-11-11,SUZB3,SUZB3,48.2,49.21,48.01,48.35,48.35,5886100,48.2,49.21,48.01,48.35,1.0,49.21,48.01,0,5886100,23006,285491738.0,1,02,010,BRSUZBACNOR0,124,ON      NM,SUZANO S.A.
2020-11-12,SUZB3,SUZB3,48.5,48.89,48.2,48.57,48.57,4923600,48.5,48.89,48.2,48.57,1.0,48.89,48.2,0,4923600,20684,238953861.0,1,02,010,BRSUZBACNOR0,124,ON      NM,SUZANO S.A.
2020-11-13,SUZB3,SUZB3,49.2,52.14,49.1,51.94,51.94,14717100,49.2,52.14,49.1,51.94,1.0,52.14,49.1,0,14717100,48233,756899351.0,1,02,010,BRSUZBACNOR0,124,ON      NM,SUZANO S.A.
2020-11-16,SUZB3,SUZB3,52.1,53.34,51.32,53.09,53.09,9868000,52.1,53.34,51.32,53.09,1.0,53.34,51.32,0,9868000,24384,518992090.0,1,02,010,BRSUZBACNOR0,124,ON      NM,SUZANO S.A.
2020-11-17,SUZB3,SUZB3,52.75,53.99,51.26,51.3,51.3,8923200,52.75,53.99,51.26,51.3,1.0,53.99,51.26,0,8923200,29830,468023296.0,1,02,010,BRSUZBACNOR0,124,ON      NM,SUZANO S.A.
2020-11-18,SUZB3,SUZB3,50.99,51.28,49.82,50.74,50.74,7692800,50.99,51.28,49.82,50.74,1.0,51.28,49.82,0,7692800,24985,387443869.0,1,02,010,BRSUZBACNOR0,124,ON      NM,SUZANO S.A.
2020-11-19,SUZB3,SUZB3,50.7,51.48,50.01,50.21,50.21,4432400,50.7,51.48,50.01,50.21,1.0,51.48,50.01,0,4432400,16893,223566308.0,1,02,010,BRSUZBACNOR0,124,ON      NM,SUZANO S.A.
2020-11-20,SUZB3,SUZB3,50.3,51.23,49.91,51.23,51.23,5395200,50.3,51.23,49.91,51.23,1.0,51.23,49.91,0,5395200,17340,273612160.0,1,02,010,BRSUZBACNOR0,124,ON      NM,SUZANO S.A.
2020-11-23,SUZB3,SUZB3,51.48,51.48,50.21,50.62,50.62,4613100,51.48,51.48,50.21,50.62,1.0,51.48,50.21,0,4613100,16791,233797737.0,1,02,010,BRSUZBACNOR0,124,ON      NM,SUZANO S.A.
2020-11-24,SUZB3,SUZB3,50.36,50.85,49.6,50.1,50.1,6762700,50.36,50.85,49.6,50.1,1.0,50.85,49.6,0,6762700,27037,338366026.0,1,02,010,BRSUZBACNOR0,124,ON      NM,SUZANO S.A.
2020-11-25,SUZB3,SUZB3,50.22,50.7,49.4,50.53,50.53,7508800,50.22,50.7,49.4,50.53,1.0,50.7,49.4,0,7508800,20931,375038237.0,1,02,010,BRSUZBACNOR0,124,ON      NM,SUZANO S.A.
2020-11-26,SUZB3,SUZB3,50.65,53.4,50.4,53.4,53.4,7897800,50.65,53.4,50.4,53.4,1.0,53.4,50.4,0,7897800,27972,417337736.0,1,02,010,BRSUZBACNOR0,124,ON      NM,SUZANO S.A.
2020-11-27,SUZB3,SUZB3,54.44,56.49,53.76,55.53,55.53,10445700,54.44,56.49,53.76,55.53,1.0,56.49,53.76,0,10445700,34555,580138584.0,1,02,010,BRSUZBACNOR0,124,ON      NM,SUZANO S.A.
2020-11-30,SUZB3,SUZB3,56.1,56.5,54.71,56.5,56.5,10968800,56.1,56.5,54.71,56.5,1.0,56.5,54.71,0,10968800,33966,614248451.0,1,02,010,BRSUZBACNOR0,124,ON      NM,SUZANO S.A.
2020-12-01,SUZB3,SUZB3,55.9,58.07,55.88,57.46,57.46,14567600,55.9,58.07,55.88,57.46,1.0,58.07,55.88,0,14567600,46753,835948160.0,1,02,010,BRSUZBACNOR0,124,ON      NM,SUZANO S.A.
2020-12-02,SUZB3,SUZB3,55.71,56.22,54.35,54.58,54.58,38161100,55.71,56.22,54.35,54.58,1.0,56.22,54.35,0,38161100,28324,2120882558.0,1,02,010,BRSUZBACNOR0,124,ON      NM,SUZANO S.A.
2020-12-03,SUZB3,SUZB3,54.99,55.21,51.1,51.98,51.98,21786900,54.99,55.21,51.1,51.98,1.0,55.21,51.1,0,21786900,53487,1137746356.0,1,02,010,BRSUZBACNOR0,124,ON      NM,SUZANO S.A.
2020-12-04,SUZB3,SUZB3,52.02,53.82,51.27,52.8,52.8,9102900,52.02,53.82,51.27,52.8,1.0,53.82,51.27,0,9102900,24983,480751524.0,1,02,010,BRSUZBACNOR0,124,ON      NM,SUZANO S.A.
2020-12-07,SUZB3,SUZB3,52.68,53.18,52.0,52.75,52.75,4453900,52.68,53.18,52.0,52.75,1.0,53.18,52.0,0,4453900,16326,234160283.0,1,02,010,BRSUZBACNOR0,124,ON      NM,SUZANO S.A.
2020-12-08,SUZB3,SUZB3,53.5,53.64,51.9,52.83,52.83,4937200,53.5,53.64,51.9,52.83,1.0,53.64,51.9,0,4937200,16754,259690631.0,1,02,010,BRSUZBACNOR0,124,ON      NM,SUZANO S.A.
2020-12-09,SUZB3,SUZB3,52.78,52.87,51.98,52.48,52.48,4429100,52.78,52.87,51.98,52.48,1.0,52.87,51.98,0,4429100,20205,232095625.0,1,02,010,BRSUZBACNOR0,124,ON      NM,SUZANO S.A.
2020-12-10,SUZB3,SUZB3,52.39,52.54,50.42,50.55,50.55,11728000,52.39,52.54,50.42,50.55,1.0,52.54,50.42,0,11728000,35689,599909257.0,1,02,010,BRSUZBACNOR0,124,ON      NM,SUZANO S.A.
2020-12-11,SUZB3,SUZB3,50.8,51.45,49.52,51.42,51.42,5733500,50.8,51.45,49.52,51.42,1.0,51.45,49.52,0,5733500,21125,290640952.0,1,02,010,BRSUZBACNOR0,124,ON      NM,SUZANO S.A.
2020-12-14,SUZB3,SUZB3,51.11,51.66,50.24,51.66,51.66,6148700,51.11,51.66,50.24,51.66,1.0,51.66,50.24,0,6148700,20281,313621842.0,1,02,010,BRSUZBACNOR0,124,ON      NM,SUZANO S.A.
2020-12-15,SUZB3,SUZB3,52.0,54.09,51.7,53.5,53.5,8894500,52.0,54.09,51.7,53.5,1.0,54.09,51.7,0,8894500,31553,472554940.0,1,02,010,BRSUZBACNOR0,124,ON      NM,SUZANO S.A.
2020-12-16,SUZB3,SUZB3,53.5,54.55,53.33,54.37,54.37,7064100,53.5,54.55,53.33,54.37,1.0,54.55,53.33,0,7064100,28586,382529311.0,1,02,010,BRSUZBACNOR0,124,ON      NM,SUZANO S.A.
2020-12-17,SUZB3,SUZB3,54.17,55.33,54.05,54.96,54.96,6961400,54.17,55.33,54.05,54.96,1.0,55.33,54.05,0,6961400,15761,381471445.0,1,02,010,BRSUZBACNOR0,124,ON      NM,SUZANO S.A.
2020-12-18,SUZB3,SUZB3,54.89,57.59,54.78,56.43,56.43,13246500,54.89,57.59,54.78,56.43,1.0,57.59,54.78,0,13246500,36544,751142126.0,1,02,010,BRSUZBACNOR0,124,ON      NM,SUZANO S.A.
2020-12-21,SUZB3,SUZB3,55.91,56.5,55.08,55.22,55.22,8633000,55.91,56.5,55.08,55.22,1.0,56.5,55.08,0,8633000,23827,480622048.0,1,02,010,BRSUZBACNOR0,124,ON      NM,SUZANO S.A.
2020-12-22,SUZB3,SUZB3,55.37,57.85,55.34,57.68,57.68,13295700,55.37,57.85,55.34,57.68,1.0,57.85,55.34,0,13295700,24635,763593660.0,1,02,010,BRSUZBACNOR0,124,ON      NM,SUZANO S.A.
2020-12-23,SUZB3,SUZB3,57.98,58.16,56.21,56.37,56.37,4062500,57.98,58.16,56.21,56.37,1.0,58.16,56.21,0,4062500,15343,231174291.0,1,02,010,BRSUZBACNOR0,124,ON      NM,SUZANO S.A.
2020-12-28,SUZB3,SUZB3,56.49,57.31,56.3,57.16,57.16,2768100,56.49,57.31,56.3,57.16,1.0,57.31,56.3,0,2768100,11586,157889770.0,1,02,010,BRSUZBACNOR0,124,ON      NM,SUZANO S.A.
2020-12-29,SUZB3,SUZB3,57.73,57.9,56.8,57.21,57.21,3435400,57.73,57.9,56.8,57.21,1.0,57.9,56.8,0,3435400,14032,196556372.0,1,02,010,BRSUZBACNOR0,124,ON      NM,SUZANO S.A.
2020-12-30,SUZB3,SUZB3,57.8,59.1,57.43,58.54,58.54,4938900,57.8,59.1,57.43,58.54,1.0,59.1,57.43,0,4938900,13771,288824967.0,1,02,010,BRSUZBACNOR0,124,ON      NM,SUZANO S.A.
2021-01-04,SUZB3,SUZB3,59.74,59.97,57.85,58.91,58.91,4829100,59.74,59.97,57.85,58.91,1.0,59.97,57.85,0,4829100,16602,283158924.0,1,02,010,BRSUZBACNOR0,124,ON      NM,SUZANO S.A.
2021-01-05,SUZB3,SUZB3,58.72,59.49,57.34,58.64,58.64,5361400,58.72,59.49,57.34,58.64,1.0,59.49,57.34,0,5361400,18220,311648107.0,1,02,010,BRSUZBACNOR0,124,ON      NM,SUZANO S.A.
2021-01-06,SUZB3,SUZB3,59.6,59.85,57.41,57.52,57.52,9016800,59.6,59.85,57.41,57.52,1.0,59.85,57.41,0,9016800,41911,528585913.0,1,02,010,BRSUZBACNOR0,125,ON  ATZ NM,SUZANO S.A.
2021-01-07,SUZB3,SUZB3,57.54,62.79,57.54,62.49,62.49,12899600,57.54,62.79,57.54,62.49,1.0,62.79,57.54,0,12899600,35922,787573739.0,1,02,010,BRSUZBACNOR0,125,ON  ATZ NM,SUZANO S.A.
2021-01-08,SUZB3,SUZB3,62.5,63.18,60.7,62.78,62.78,9090100,62.5,63.18,60.7,62.78,1.0,63.18,60.7,0,9090100,33907,564308239.0,1,02,010,BRSUZBACNOR0,125,ON  ATZ NM,SUZANO S.A.
2021-01-11,SUZB3,SUZB3,62.32,64.11,60.82,61.31,61.31,8085300,62.32,64.11,60.82,61.31,1.0,64.11,60.82,0,8085300,31594,504417960.0,1,02,010,BRSUZBACNOR0,125,ON  ATZ NM,SUZANO S.A.
2021-01-12,SUZB3,SUZB3,61.09,63.28,60.36,61.23,61.23,8070400,61.09,63.28,60.36,61.23,1.0,63.28,60.36,0,8070400,31373,498633335.0,1,02,010,BRSUZBACNOR0,125,ON  ATZ NM,SUZANO S.A.
2021-01-13,SUZB3,SUZB3,61.13,61.44,58.91,60.0,60.0,6567500,61.13,61.44,58.91,60.0,1.0,61.44,58.91,0,6567500,19569,393573642.0,1,02,010,BRSUZBACNOR0,125,ON  ATZ NM,SUZANO S.A.
2021-01-14,SUZB3,SUZB3,60.06,60.88,59.0,59.66,59.66,4655000,60.06,60.88,59.0,59.66,1.0,60.88,59.0,0,4655000,16672,277905312.0,1,02,010,BRSUZBACNOR0,125,ON  ATZ NM,SUZANO S.A.
2021-01-15,SUZB3,SUZB3,60.75,62.59,60.01,61.15,61.15,11635600,60.75,62.59,60.01,61.15,1.0,62.59,60.01,0,11635600,32736,714261213.0,1,02,010,BRSUZBACNOR0,125,ON  ATZ NM,SUZANO S.A.
2021-01-18,SUZB3,SUZB3,61.15,64.29,61.15,63.29,63.29,7411100,61.15,64.29,61.15,63.29,1.0,64.29,61.15,0,7411100,20886,467424763.0,1,02,010,BRSUZBACNOR0,125,ON      NM,SUZANO S.A.
2021-01-19,SUZB3,SUZB3,63.88,65.87,62.71,65.21,65.21,11401600,63.88,65.87,62.71,65.21,1.0,65.87,62.71,0,11401600,40315,739005932.0,1,02,010,BRSUZBACNOR0,125,ON      NM,SUZANO S.A.
2021-01-20,SUZB3,SUZB3,66.52,67.8,65.72,65.9,65.9,9641300,66.52,67.8,65.72,65.9,1.0,67.8,65.72,0,9641300,39591,642681788.0,1,02,010,BRSUZBACNOR0,125,ON      NM,SUZANO S.A.
2021-01-21,SUZB3,SUZB3,64.6,66.29,64.6,65.43,65.43,35970400,64.6,66.29,64.6,65.43,1.0,66.29,64.6,0,35970400,31982,2332192832.0,1,02,010,BRSUZBACNOR0,125,ON      NM,SUZANO S.A.
2021-01-22,SUZB3,SUZB3,64.0,65.5,63.98,64.36,64.36,6508400,64.0,65.5,63.98,64.36,1.0,65.5,63.98,0,6508400,25376,419971775.0,1,02,010,BRSUZBACNOR0,125,ON      NM,SUZANO S.A.
2021-01-26,SUZB3,SUZB3,64.4,66.6,64.4,66.2,66.2,9213700,64.4,66.6,64.4,66.2,1.0,66.6,64.4,0,9213700,39083,606441145.0,1,02,010,BRSUZBACNOR0,125,ON      NM,SUZANO S.A.
2021-01-27,SUZB3,SUZB3,66.22,66.45,61.92,62.3,62.3,8965800,66.22,66.45,61.92,62.3,1.0,66.45,61.92,0,8965800,32272,569926979.0,1,02,010,BRSUZBACNOR0,125,ON      NM,SUZANO S.A.
2021-01-28,SUZB3,SUZB3,62.66,63.39,62.25,62.93,62.93,4741900,62.66,63.39,62.25,62.93,1.0,63.39,62.25,0,4741900,18931,297331469.0,1,02,010,BRSUZBACNOR0,125,ON      NM,SUZANO S.A.
2021-01-29,SUZB3,SUZB3,63.6,64.5,61.68,62.05,62.05,8230300,63.6,64.5,61.68,62.05,1.0,64.5,61.68,0,8230300,29795,516322335.0,1,02,010,BRSUZBACNOR0,125,ON      NM,SUZANO S.A.
2021-02-01,SUZB3,SUZB3,62.73,64.29,62.42,64.23,64.23,6689400,62.73,64.29,62.42,64.23,1.0,64.29,62.42,0,6689400,27845,424313028.0,1,02,010,BRSUZBACNOR0,125,ON      NM,SUZANO S.A.
2021-02-02,SUZB3,SUZB3,65.34,65.5,61.71,63.08,63.08,8207300,65.34,65.5,61.71,63.08,1.0,65.5,61.71,0,8207300,36922,515159737.0,1,02,010,BRSUZBACNOR0,125,ON      NM,SUZANO S.A.
2021-02-03,SUZB3,SUZB3,63.5,63.97,62.55,63.85,63.85,6078700,63.5,63.97,62.55,63.85,1.0,63.97,62.55,0,6078700,26855,384192541.0,1,02,010,BRSUZBACNOR0,125,ON      NM,SUZANO S.A.
2021-02-04,SUZB3,SUZB3,64.08,64.66,63.31,64.66,64.66,4495100,64.08,64.66,63.31,64.66,1.0,64.66,63.31,0,4495100,18328,288032977.0,1,02,010,BRSUZBACNOR0,125,ON      NM,SUZANO S.A.
2021-02-05,SUZB3,SUZB3,66.02,66.92,64.74,66.5,66.5,7408100,66.02,66.92,64.74,66.5,1.0,66.92,64.74,0,7408100,26367,489638550.0,1,02,010,BRSUZBACNOR0,125,ON      NM,SUZANO S.A.
2021-02-08,SUZB3,SUZB3,66.65,67.79,65.29,65.97,65.97,4627100,66.65,67.79,65.29,65.97,1.0,67.79,65.29,0,4627100,19016,307382586.0,1,02,010,BRSUZBACNOR0,125,ON      NM,SUZANO S.A.
2021-02-09,SUZB3,SUZB3,65.26,66.83,65.26,66.7,66.7,4802400,65.26,66.83,65.26,66.7,1.0,66.83,65.26,0,4802400,20325,318480537.0,1,02,010,BRSUZBACNOR0,125,ON      NM,SUZANO S.A.
2021-02-10,SUZB3,SUZB3,67.0,68.5,66.73,68.2,68.2,7385600,67.0,68.5,66.73,68.2,1.0,68.5,66.73,0,7385600,28828,500654684.0,1,02,010,BRSUZBACNOR0,125,ON      NM,SUZANO S.A.
2021-02-11,SUZB3,SUZB3,70.94,71.4,69.06,70.66,70.66,12606300,70.94,71.4,69.06,70.66,1.0,71.4,69.06,0,12606300,38739,881761462.0,1,02,010,BRSUZBACNOR0,125,ON      NM,SUZANO S.A.
2021-02-12,SUZB3,SUZB3,70.01,71.5,70.01,70.72,70.72,6315600,70.01,71.5,70.01,70.72,1.0,71.5,70.01,0,6315600,20277,445660323.0,1,02,010,BRSUZBACNOR0,125,ON      NM,SUZANO S.A.
2021-02-17,SUZB3,SUZB3,72.0,72.49,71.74,72.39,72.39,9005800,72.0,72.49,71.74,72.39,1.0,72.49,71.74,0,9005800,30170,649219712.0,1,02,010,BRSUZBACNOR0,125,ON      NM,SUZANO S.A.
2021-02-18,SUZB3,SUZB3,72.99,74.61,72.35,74.04,74.04,15955200,72.99,74.61,72.35,74.04,1.0,74.61,72.35,0,15955200,64461,1175585919.0,1,02,010,BRSUZBACNOR0,125,ON      NM,SUZANO S.A.
2021-02-19,SUZB3,SUZB3,74.15,75.48,73.21,75.03,75.03,10028000,74.15,75.48,73.21,75.03,1.0,75.48,73.21,0,10028000,45763,749153056.0,1,02,010,BRSUZBACNOR0,125,ON      NM,SUZANO S.A.
2021-02-22,SUZB3,SUZB3,75.5,78.85,74.19,76.88,76.88,16165600,75.5,78.85,74.19,76.88,1.0,78.85,74.19,0,16165600,54971,1239343229.0,1,02,010,BRSUZBACNOR0,125,ON      NM,SUZANO S.A.
2021-02-23,SUZB3,SUZB3,76.8,77.51,74.94,76.61,76.61,9856100,76.8,77.51,74.94,76.61,1.0,77.51,74.94,0,9856100,41984,751593740.0,1,02,010,BRSUZBACNOR0,125,ON      NM,SUZANO S.A.
2021-02-24,SUZB3,SUZB3,76.3,77.7,74.87,75.76,75.76,11060400,76.3,77.7,74.87,75.76,1.0,77.7,74.87,0,11060400,33573,841907686.0,1,02,010,BRSUZBACNOR0,125,ON      NM,SUZANO S.A.
2021-02-25,SUZB3,SUZB3,76.39,77.1,73.25,74.39,74.39,7278500,76.39,77.1,73.25,74.39,1.0,77.1,73.25,0,7278500,28317,548045254.0,1,02,010,BRSUZBACNOR0,125,ON      NM,SUZANO S.A.
2021-02-26,SUZB3,SUZB3,75.41,76.36,72.88,73.17,73.17,8112200,75.41,76.36,72.88,73.17,1.0,76.36,72.88,0,8112200,29078,602402886.0,1,02,010,BRSUZBACNOR0,125,ON      NM,SUZANO S.A.
2021-03-01,SUZB3,SUZB3,74.17,76.25,73.69,74.49,74.49,8311900,74.17,76.25,73.69,74.49,1.0,76.25,73.69,0,8311900,32843,619774440.0,1,02,010,BRSUZBACNOR0,125,ON      NM,SUZANO S.A.
2021-03-02,SUZB3,SUZB3,73.83,75.23,72.5,73.53,73.53,9817100,73.83,75.23,72.5,73.53,1.0,75.23,72.5,0,9817100,46112,727173855.0,1,02,010,BRSUZBACNOR0,125,ON      NM,SUZANO S.A.
2021-03-03,SUZB3,SUZB3,73.53,74.9,71.75,73.5,73.5,9844700,73.53,74.9,71.75,73.5,1.0,74.9,71.75,0,9844700,44686,722010698.0,1,02,010,BRSUZBACNOR0,125,ON      NM,SUZANO S.A.
2021-03-04,SUZB3,SUZB3,73.84,75.5,72.36,73.6,73.6,9466500,73.84,75.5,72.36,73.6,1.0,75.5,72.36,0,9466500,36952,698049615.0,1,02,010,BRSUZBACNOR0,125,ON      NM,SUZANO S.A.
2021-03-05,SUZB3,SUZB3,74.37,77.18,74.05,76.1,76.1,9197800,74.37,77.18,74.05,76.1,1.0,77.18,74.05,0,9197800,34792,700649500.0,1,02,010,BRSUZBACNOR0,125,ON      NM,SUZANO S.A.
2021-03-08,SUZB3,SUZB3,75.51,76.1,74.16,75.37,75.37,9559200,75.51,76.1,74.16,75.37,1.0,76.1,74.16,0,9559200,51673,716428743.0,1,02,010,BRSUZBACNOR0,125,ON      NM,SUZANO S.A.
2021-03-09,SUZB3,SUZB3,76.0,79.18,73.65,79.18,79.18,11687600,76.0,79.18,73.65,79.18,1.0,79.18,73.65,0,11687600,43354,905178671.0,1,02,010,BRSUZBACNOR0,125,ON      NM,SUZANO S.A.
2021-03-10,SUZB3,SUZB3,79.02,79.81,74.3,74.86,74.86,11116400,79.02,79.81,74.3,74.86,1.0,79.81,74.3,0,11116400,43879,845681586.0,1,02,010,BRSUZBACNOR0,125,ON      NM,SUZANO S.A.
2021-03-11,SUZB3,SUZB3,75.01,75.19,71.52,74.16,74.16,15377400,75.01,75.19,71.52,74.16,1.0,75.19,71.52,0,15377400,55204,1122589637.0,1,02,010,BRSUZBACNOR0,125,ON      NM,SUZANO S.A.
2021-03-12,SUZB3,SUZB3,74.0,75.79,72.85,74.25,74.25,8841300,74.0,75.79,72.85,74.25,1.0,75.79,72.85,0,8841300,33976,657689913.0,1,02,010,BRSUZBACNOR0,125,ON      NM,SUZANO S.A.
2021-03-15,SUZB3,SUZB3,74.0,74.9,71.85,72.85,72.85,6923100,74.0,74.9,71.85,72.85,1.0,74.9,71.85,0,6923100,33917,503981646.0,1,02,010,BRSUZBACNOR0,125,ON      NM,SUZANO S.A.
2021-03-16,SUZB3,SUZB3,72.4,75.92,72.4,75.25,75.25,8534600,72.4,75.92,72.4,75.25,1.0,75.92,72.4,0,8534600,31388,639763038.0,1,02,010,BRSUZBACNOR0,125,ON      NM,SUZANO S.A.
2021-03-17,SUZB3,SUZB3,75.25,76.7,74.38,76.55,76.55,7425700,75.25,76.7,74.38,76.55,1.0,76.7,74.38,0,7425700,40477,563446368.0,1,02,010,BRSUZBACNOR0,125,ON      NM,SUZANO S.A.
2021-03-18,SUZB3,SUZB3,75.0,76.55,74.03,75.3,75.3,9750200,75.0,76.55,74.03,75.3,1.0,76.55,74.03,0,9750200,30705,734806664.0,1,02,010,BRSUZBACNOR0,125,ON      NM,SUZANO S.A.
2021-03-19,SUZB3,SUZB3,74.78,76.16,73.21,74.0,74.0,7756100,74.78,76.16,73.21,74.0,1.0,76.16,73.21,0,7756100,26682,576024894.0,1,02,010,BRSUZBACNOR0,125,ON      NM,SUZANO S.A.
2021-03-22,SUZB3,SUZB3,73.2,74.2,71.12,72.41,72.41,5230200,73.2,74.2,71.12,72.41,1.0,74.2,71.12,0,5230200,25575,378451344.0,1,02,010,BRSUZBACNOR0,125,ON      NM,SUZANO S.A.
2021-03-23,SUZB3,SUZB3,72.15,73.11,71.4,71.77,71.77,5040500,72.15,73.11,71.4,71.77,1.0,73.11,71.4,0,5040500,26708,363753440.0,1,02,010,BRSUZBACNOR0,125,ON      NM,SUZANO S.A.
2021-03-24,SUZB3,SUZB3,73.25,76.18,72.53,73.66,73.66,9830500,73.25,76.18,72.53,73.66,1.0,76.18,72.53,0,9830500,36160,733768538.0,1,02,010,BRSUZBACNOR0,125,ON      NM,SUZANO S.A.
2021-03-25,SUZB3,SUZB3,74.51,75.0,72.18,73.2,73.2,8424900,74.51,75.0,72.18,73.2,1.0,75.0,72.18,0,8424900,33499,618365403.0,1,02,010,BRSUZBACNOR0,125,ON      NM,SUZANO S.A.
2021-03-26,SUZB3,SUZB3,73.26,73.48,71.88,72.58,72.58,6195900,73.26,73.48,71.88,72.58,1.0,73.48,71.88,0,6195900,28638,449806107.0,1,02,010,BRSUZBACNOR0,125,ON      NM,SUZANO S.A.
2021-03-29,SUZB3,SUZB3,71.61,73.94,71.61,73.04,73.04,5579400,71.61,73.94,71.61,73.04,1.0,73.94,71.61,0,5579400,22657,407894260.0,1,02,010,BRSUZBACNOR0,125,ON      NM,SUZANO S.A.
2021-03-30,SUZB3,SUZB3,74.03,74.03,70.52,70.62,70.62,7672800,74.03,74.03,70.52,70.62,1.0,74.03,70.52,0,7672800,34583,547922870.0,1,02,010,BRSUZBACNOR0,125,ON      NM,SUZANO S.A.
2021-03-31,SUZB3,SUZB3,70.95,71.16,68.55,68.55,68.55,15945400,70.95,71.16,68.55,68.55,1.0,71.16,68.55,0,15945400,45048,1100693136.0,1,02,010,BRSUZBACNOR0,125,ON      NM,SUZANO S.A.
2021-04-01,SUZB3,SUZB3,68.79,69.89,68.02,69.25,69.25,8678700,68.79,69.89,68.02,69.25,1.0,69.89,68.02,0,8678700,31697,598819316.0,1,02,010,BRSUZBACNOR0,125,ON      NM,SUZANO S.A.
2021-04-05,SUZB3,SUZB3,69.46,69.46,67.63,69.25,69.25,7819100,69.46,69.46,67.63,69.25,1.0,69.46,67.63,0,7819100,30338,535484068.0,1,02,010,BRSUZBACNOR0,125,ON      NM,SUZANO S.A.
2021-04-06,SUZB3,SUZB3,69.01,70.64,68.83,70.25,70.25,5199400,69.01,70.64,68.83,70.25,1.0,70.64,68.83,0,5199400,21848,363650443.0,1,02,010,BRSUZBACNOR0,125,ON      NM,SUZANO S.A.
2021-04-07,SUZB3,SUZB3,70.03,70.36,69.26,69.85,69.85,5140900,70.03,70.36,69.26,69.85,1.0,70.36,69.26,0,5140900,20793,359053822.0,1,02,010,BRSUZBACNOR0,125,ON      NM,SUZANO S.A.
2021-04-08,SUZB3,SUZB3,70.05,70.75,69.44,70.43,70.43,3969800,70.05,70.75,69.44,70.43,1.0,70.75,69.44,0,3969800,17525,278766554.0,1,02,010,BRSUZBACNOR0,125,ON      NM,SUZANO S.A.
2021-04-09,SUZB3,SUZB3,71.71,72.36,71.03,71.38,71.38,5927700,71.71,72.36,71.03,71.38,1.0,72.36,71.03,0,5927700,21210,424160529.0,1,02,010,BRSUZBACNOR0,125,ON      NM,SUZANO S.A.
2021-04-12,SUZB3,SUZB3,71.15,72.86,71.12,72.0,72.0,8248400,71.15,72.86,71.12,72.0,1.0,72.86,71.12,0,8248400,22034,596118071.0,1,02,010,BRSUZBACNOR0,125,ON      NM,SUZANO S.A.
2021-04-13,SUZB3,SUZB3,72.9,73.32,71.91,72.4,72.4,5416800,72.9,73.32,71.91,72.4,1.0,73.32,71.91,0,5416800,22430,392676237.0,1,02,010,BRSUZBACNOR0,125,ON      NM,SUZANO S.A.
2021-04-14,SUZB3,SUZB3,72.68,72.9,71.01,71.35,71.35,6834400,72.68,72.9,71.01,71.35,1.0,72.9,71.01,0,6834400,25790,489644213.0,1,02,010,BRSUZBACNOR0,125,ON      NM,SUZANO S.A.
2021-04-15,SUZB3,SUZB3,71.45,72.65,71.1,72.1,72.1,4473000,71.45,72.65,71.1,72.1,1.0,72.65,71.1,0,4473000,20390,322501619.0,1,02,010,BRSUZBACNOR0,125,ON      NM,SUZANO S.A.
2021-04-16,SUZB3,SUZB3,72.68,73.8,70.75,71.12,71.12,6405100,72.68,73.8,70.75,71.12,1.0,73.8,70.75,0,6405100,30374,461060971.0,1,02,010,BRSUZBACNOR0,125,ON      NM,SUZANO S.A.
2021-04-19,SUZB3,SUZB3,72.0,73.23,71.44,72.1,72.1,5437100,72.0,73.23,71.44,72.1,1.0,73.23,71.44,0,5437100,24228,392667841.0,1,02,010,BRSUZBACNOR0,125,ON      NM,SUZANO S.A.
2021-04-20,SUZB3,SUZB3,72.13,72.78,71.8,72.29,72.29,3792800,72.13,72.78,71.8,72.29,1.0,72.78,71.8,0,3792800,16465,274243987.0,1,02,010,BRSUZBACNOR0,125,ON      NM,SUZANO S.A.
2021-04-22,SUZB3,SUZB3,72.99,72.99,69.52,69.55,69.55,6935800,72.99,72.99,69.52,69.55,1.0,72.99,69.52,0,6935800,29142,488701598.0,1,02,010,BRSUZBACNOR0,125,ON      NM,SUZANO S.A.
2021-04-23,SUZB3,SUZB3,69.95,70.39,68.33,70.05,70.05,7460500,69.95,70.39,68.33,70.05,1.0,70.39,68.33,0,7460500,36324,517634704.0,1,02,010,BRSUZBACNOR0,125,ON      NM,SUZANO S.A.
2021-04-26,SUZB3,SUZB3,70.0,70.5,68.71,69.36,69.36,4945700,70.0,70.5,68.71,69.36,1.0,70.5,68.71,0,4945700,21072,342462028.0,1,02,010,BRSUZBACNOR0,125,ON      NM,SUZANO S.A.
2021-04-27,SUZB3,SUZB3,69.74,70.87,69.17,70.87,70.87,5584700,69.74,70.87,69.17,70.87,1.0,70.87,69.17,0,5584700,28612,391719384.0,1,02,010,BRSUZBACNOR0,125,ON      NM,SUZANO S.A.
2021-04-28,SUZB3,SUZB3,70.83,70.83,67.26,67.54,67.54,12626100,70.83,70.83,67.26,67.54,1.0,70.83,67.26,0,12626100,36079,867001388.0,1,02,010,BRSUZBACNOR0,125,ON      NM,SUZANO S.A.
2021-04-29,SUZB3,SUZB3,67.93,69.14,67.4,67.64,67.64,8390500,67.93,69.14,67.4,67.64,1.0,69.14,67.4,0,8390500,32895,573638979.0,1,02,010,BRSUZBACNOR0,125,ON      NM,SUZANO S.A.
2021-04-30,SUZB3,SUZB3,68.17,69.88,67.55,68.67,68.67,9083800,68.17,69.88,67.55,68.67,1.0,69.88,67.55,0,9083800,36408,626810482.0,1,02,010,BRSUZBACNOR0,125,ON      NM,SUZANO S.A.
2021-05-03,SUZB3,SUZB3,68.28,68.65,66.8,67.7,67.7,5621400,68.28,68.65,66.8,67.7,1.0,68.65,66.8,0,5621400,28650,380134153.0,1,02,010,BRSUZBACNOR0,125,ON      NM,SUZANO S.A.
2021-05-04,SUZB3,SUZB3,67.7,69.12,67.26,67.61,67.61,4630400,67.7,69.12,67.26,67.61,1.0,69.12,67.26,0,4630400,22212,315719271.0,1,02,010,BRSUZBACNOR0,125,ON      NM,SUZANO S.A.
2021-05-05,SUZB3,SUZB3,67.8,68.7,67.15,67.67,67.67,4336800,67.8,68.7,67.15,67.67,1.0,68.7,67.15,0,4336800,20969,294225675.0,1,02,010,BRSUZBACNOR0,125,ON      NM,SUZANO S.A.
2021-05-06,SUZB3,SUZB3,67.34,67.67,66.18,67.46,67.46,7708200,67.34,67.67,66.18,67.46,1.0,67.67,66.18,0,7708200,35792,517342980.0,1,02,010,BRSUZBACNOR0,125,ON      NM,SUZANO S.A.
2021-05-07,SUZB3,SUZB3,67.08,67.85,66.0,67.42,67.42,6289300,67.08,67.85,66.0,67.42,1.0,67.85,66.0,0,6289300,34850,420796446.0,1,02,010,BRSUZBACNOR0,125,ON      NM,SUZANO S.A.
2021-05-10,SUZB3,SUZB3,67.33,69.36,67.02,68.47,68.47,5227200,67.33,69.36,67.02,68.47,1.0,69.36,67.02,0,5227200,27307,358575342.0,1,02,010,BRSUZBACNOR0,125,ON      NM,SUZANO S.A.
2021-05-11,SUZB3,SUZB3,68.67,68.67,67.23,68.32,68.32,5186300,68.67,68.67,67.23,68.32,1.0,68.67,67.23,0,5186300,24002,351808935.0,1,02,010,BRSUZBACNOR0,125,ON      NM,SUZANO S.A.
2021-05-12,SUZB3,SUZB3,67.7,69.35,67.26,68.42,68.42,8155400,67.7,69.35,67.26,68.42,1.0,69.35,67.26,0,8155400,28731,558318095.0,1,02,010,BRSUZBACNOR0,125,ON      NM,SUZANO S.A.
2021-05-13,SUZB3,SUZB3,68.47,70.75,66.81,66.81,66.81,11995000,68.47,70.75,66.81,66.81,1.0,70.75,66.81,0,11995000,37240,821348793.0,1,02,010,BRSUZBACNOR0,125,ON      NM,SUZANO S.A.
2021-05-14,SUZB3,SUZB3,67.41,67.43,64.61,65.15,65.15,7919800,67.41,67.43,64.61,65.15,1.0,67.43,64.61,0,7919800,36335,517929981.0,1,02,010,BRSUZBACNOR0,125,ON      NM,SUZANO S.A.
2021-05-17,SUZB3,SUZB3,65.71,66.98,65.05,66.52,66.52,5536900,65.71,66.98,65.05,66.52,1.0,66.98,65.05,0,5536900,29172,365797120.0,1,02,010,BRSUZBACNOR0,125,ON      NM,SUZANO S.A.
2021-05-18,SUZB3,SUZB3,66.52,67.08,66.08,66.46,66.46,4159100,66.52,67.08,66.08,66.46,1.0,67.08,66.08,0,4159100,22132,276660447.0,1,02,010,BRSUZBACNOR0,125,ON      NM,SUZANO S.A.
2021-05-19,SUZB3,SUZB3,66.0,66.7,65.1,65.94,65.94,4200000,66.0,66.7,65.1,65.94,1.0,66.7,65.1,0,4200000,23845,276891179.0,1,02,010,BRSUZBACNOR0,125,ON      NM,SUZANO S.A.
2021-05-20,SUZB3,SUZB3,66.0,66.0,63.18,63.18,63.18,7911200,66.0,66.0,63.18,63.18,1.0,66.0,63.18,0,7911200,28312,505547273.0,1,02,010,BRSUZBACNOR0,125,ON      NM,SUZANO S.A.
2021-05-21,SUZB3,SUZB3,63.21,65.34,63.0,64.85,64.85,10483900,63.21,65.34,63.0,64.85,1.0,65.34,63.0,0,10483900,33877,673156139.0,1,02,010,BRSUZBACNOR0,125,ON      NM,SUZANO S.A.
2021-05-24,SUZB3,SUZB3,64.69,65.29,63.87,64.3,64.3,4704700,64.69,65.29,63.87,64.3,1.0,65.29,63.87,0,4704700,20943,304773005.0,1,02,010,BRSUZBACNOR0,125,ON      NM,SUZANO S.A.
2021-05-25,SUZB3,SUZB3,64.25,65.32,63.54,64.66,64.66,6320000,64.25,65.32,63.54,64.66,1.0,65.32,63.54,0,6320000,23573,406760605.0,1,02,010,BRSUZBACNOR0,125,ON      NM,SUZANO S.A.
2021-05-26,SUZB3,SUZB3,64.7,65.08,62.22,62.22,62.22,9724200,64.7,65.08,62.22,62.22,1.0,65.08,62.22,0,9724200,33861,613532310.0,1,02,010,BRSUZBACNOR0,125,ON      NM,SUZANO S.A.
2021-05-27,SUZB3,SUZB3,62.54,63.43,61.58,62.6,62.6,11460600,62.54,63.43,61.58,62.6,1.0,63.43,61.58,0,11460600,35742,716518077.0,1,02,010,BRSUZBACNOR0,125,ON      NM,SUZANO S.A.
2021-05-28,SUZB3,SUZB3,62.64,62.9,61.4,61.54,61.54,5327100,62.64,62.9,61.4,61.54,1.0,62.9,61.4,0,5327100,19386,329080977.0,1,02,010,BRSUZBACNOR0,125,ON      NM,SUZANO S.A.
2021-05-31,SUZB3,SUZB3,61.55,61.92,60.43,60.73,60.73,7388100,61.55,61.92,60.43,60.73,1.0,61.92,60.43,0,7388100,33674,450580466.0,1,02,010,BRSUZBACNOR0,125,ON      NM,SUZANO S.A.
2021-06-01,SUZB3,SUZB3,60.61,61.39,59.01,59.32,59.32,15679000,60.61,61.39,59.01,59.32,1.0,61.39,59.01,0,15679000,52444,937710786.0,1,02,010,BRSUZBACNOR0,125,ON      NM,SUZANO S.A.
2021-06-02,SUZB3,SUZB3,59.67,60.27,58.81,59.28,59.28,7574500,59.67,60.27,58.81,59.28,1.0,60.27,58.81,0,7574500,28633,448994735.0,1,02,010,BRSUZBACNOR0,125,ON      NM,SUZANO S.A.
2021-06-04,SUZB3,SUZB3,59.64,59.74,58.41,58.6,58.6,5529900,59.64,59.74,58.41,58.6,1.0,59.74,58.41,0,5529900,22646,325265417.0,1,02,010,BRSUZBACNOR0,125,ON      NM,SUZANO S.A.
2021-06-07,SUZB3,SUZB3,58.71,60.19,58.14,59.5,59.5,8974100,58.71,60.19,58.14,59.5,1.0,60.19,58.14,0,8974100,32404,533124995.0,1,02,010,BRSUZBACNOR0,125,ON      NM,SUZANO S.A.
2021-06-08,SUZB3,SUZB3,59.69,59.96,57.69,58.08,58.08,8116400,59.69,59.96,57.69,58.08,1.0,59.96,57.69,0,8116400,30247,474768544.0,1,02,010,BRSUZBACNOR0,125,ON      NM,SUZANO S.A.
2021-06-09,SUZB3,SUZB3,58.5,60.84,58.36,59.7,59.7,9787400,58.5,60.84,58.36,59.7,1.0,60.84,58.36,0,9787400,40695,586517708.0,1,02,010,BRSUZBACNOR0,125,ON      NM,SUZANO S.A.
2021-06-10,SUZB3,SUZB3,60.08,60.08,58.46,58.7,58.7,6526100,60.08,60.08,58.46,58.7,1.0,60.08,58.46,0,6526100,22491,383728776.0,1,02,010,BRSUZBACNOR0,125,ON      NM,SUZANO S.A.
2021-06-11,SUZB3,SUZB3,58.98,59.34,58.08,58.96,58.96,6132100,58.98,59.34,58.08,58.96,1.0,59.34,58.08,0,6132100,26953,360693505.0,1,02,010,BRSUZBACNOR0,125,ON      NM,SUZANO S.A.
2021-06-14,SUZB3,SUZB3,58.9,59.36,58.12,58.46,58.46,4560000,58.9,59.36,58.12,58.46,1.0,59.36,58.12,0,4560000,16673,267413056.0,1,02,010,BRSUZBACNOR0,125,ON      NM,SUZANO S.A.
2021-06-15,SUZB3,SUZB3,58.68,59.05,58.1,58.17,58.17,3563600,58.68,59.05,58.1,58.17,1.0,59.05,58.1,0,3563600,15353,208548222.0,1,02,010,BRSUZBACNOR0,125,ON      NM,SUZANO S.A.
2021-06-16,SUZB3,SUZB3,58.4,58.46,56.94,58.08,58.08,8984100,58.4,58.46,56.94,58.08,1.0,58.46,56.94,0,8984100,28757,517198487.0,1,02,010,BRSUZBACNOR0,125,ON      NM,SUZANO S.A.
2021-06-17,SUZB3,SUZB3,58.13,58.13,56.24,56.36,56.36,7308200,58.13,58.13,56.24,56.36,1.0,58.13,56.24,0,7308200,24786,415416811.0,1,02,010,BRSUZBACNOR0,125,ON      NM,SUZANO S.A.
2021-06-18,SUZB3,SUZB3,56.2,57.37,55.25,57.0,57.0,12372500,56.2,57.37,55.25,57.0,1.0,57.37,55.25,0,12372500,32267,695837354.0,1,02,010,BRSUZBACNOR0,125,ON      NM,SUZANO S.A.
2021-06-21,SUZB3,SUZB3,56.7,59.12,56.4,58.5,58.5,7667200,56.7,59.12,56.4,58.5,1.0,59.12,56.4,0,7667200,24023,446108278.0,1,02,010,BRSUZBACNOR0,125,ON      NM,SUZANO S.A.
2021-06-22,SUZB3,SUZB3,58.62,59.45,57.77,58.7,58.7,8517900,58.62,59.45,57.77,58.7,1.0,59.45,57.77,0,8517900,35060,501012640.0,1,02,010,BRSUZBACNOR0,125,ON      NM,SUZANO S.A.
2021-06-23,SUZB3,SUZB3,58.77,59.1,57.84,58.11,58.11,5556800,58.77,59.1,57.84,58.11,1.0,59.1,57.84,0,5556800,18106,325186555.0,1,02,010,BRSUZBACNOR0,125,ON      NM,SUZANO S.A.
2021-06-24,SUZB3,SUZB3,58.35,60.11,58.0,59.85,59.85,6503000,58.35,60.11,58.0,59.85,1.0,60.11,58.0,0,6503000,24999,386976444.0,1,02,010,BRSUZBACNOR0,125,ON      NM,SUZANO S.A.
2021-06-25,SUZB3,SUZB3,60.2,60.89,57.86,58.41,58.41,6478900,60.2,60.89,57.86,58.41,1.0,60.89,57.86,0,6478900,25844,383813470.0,1,02,010,BRSUZBACNOR0,125,ON      NM,SUZANO S.A.
2021-06-28,SUZB3,SUZB3,58.88,59.96,58.52,59.6,59.6,4191600,58.88,59.96,58.52,59.6,1.0,59.96,58.52,0,4191600,15425,249649566.0,1,02,010,BRSUZBACNOR0,125,ON      NM,SUZANO S.A.
2021-06-29,SUZB3,SUZB3,59.8,61.44,59.7,60.26,60.26,7090500,59.8,61.44,59.7,60.26,1.0,61.44,59.7,0,7090500,25210,428883695.0,1,02,010,BRSUZBACNOR0,125,ON      NM,SUZANO S.A.
2021-06-30,SUZB3,SUZB3,60.97,60.97,59.17,59.81,59.81,6688500,60.97,60.97,59.17,59.81,1.0,60.97,59.17,0,6688500,24278,401431764.0,1,02,010,BRSUZBACNOR0,125,ON      NM,SUZANO S.A.
2021-07-01,SUZB3,SUZB3,59.81,60.81,59.34,60.33,60.33,5042500,59.81,60.81,59.34,60.33,1.0,60.81,59.34,0,5042500,20302,304037641.0,1,02,010,BRSUZBACNOR0,125,ON      NM,SUZANO S.A.
2021-07-02,SUZB3,SUZB3,60.3,60.37,58.32,59.2,59.2,7968500,60.3,60.37,58.32,59.2,1.0,60.37,58.32,0,7968500,28402,471835934.0,1,02,010,BRSUZBACNOR0,125,ON      NM,SUZANO S.A.
2021-07-05,SUZB3,SUZB3,59.08,59.9,58.9,59.5,59.5,2981100,59.08,59.9,58.9,59.5,1.0,59.9,58.9,0,2981100,9985,177258048.0,1,02,010,BRSUZBACNOR0,125,ON      NM,SUZANO S.A.
2021-07-06,SUZB3,SUZB3,59.71,60.22,58.77,59.37,59.37,7351100,59.71,60.22,58.77,59.37,1.0,60.22,58.77,0,7351100,27648,435728006.0,1,02,010,BRSUZBACNOR0,125,ON      NM,SUZANO S.A.
2021-07-07,SUZB3,SUZB3,59.71,61.37,59.2,60.95,60.95,6829200,59.71,61.37,59.2,60.95,1.0,61.37,59.2,0,6829200,26023,414175786.0,1,02,010,BRSUZBACNOR0,125,ON      NM,SUZANO S.A.
2021-07-08,SUZB3,SUZB3,60.57,61.73,60.11,60.98,60.98,6991600,60.57,61.73,60.11,60.98,1.0,61.73,60.11,0,6991600,29665,426444067.0,1,02,010,BRSUZBACNOR0,125,ON      NM,SUZANO S.A.
2021-07-12,SUZB3,SUZB3,60.78,61.5,60.15,60.45,60.45,7820900,60.78,61.5,60.15,60.45,1.0,61.5,60.15,0,7820900,29813,475056464.0,1,02,010,BRSUZBACNOR0,125,ON      NM,SUZANO S.A.
2021-07-13,SUZB3,SUZB3,60.42,60.91,59.21,59.47,59.47,4481500,60.42,60.91,59.21,59.47,1.0,60.91,59.21,0,4481500,17017,267885829.0,1,02,010,BRSUZBACNOR0,125,ON      NM,SUZANO S.A.
2021-07-14,SUZB3,SUZB3,59.77,60.18,58.08,58.78,58.78,6689800,59.77,60.18,58.08,58.78,1.0,60.18,58.08,0,6689800,28181,394015752.0,1,02,010,BRSUZBACNOR0,125,ON      NM,SUZANO S.A.
2021-07-15,SUZB3,SUZB3,58.88,59.04,56.92,57.34,57.34,6524000,58.88,59.04,56.92,57.34,1.0,59.04,56.92,0,6524000,20676,375867781.0,1,02,010,BRSUZBACNOR0,125,ON      NM,SUZANO S.A.
2021-07-16,SUZB3,SUZB3,57.39,58.28,56.06,56.35,56.35,10080800,57.39,58.28,56.06,56.35,1.0,58.28,56.06,0,10080800,35143,571776882.0,1,02,010,BRSUZBACNOR0,125,ON      NM,SUZANO S.A.
2021-07-19,SUZB3,SUZB3,56.16,56.19,55.11,55.86,55.86,8837900,56.16,56.19,55.11,55.86,1.0,56.19,55.11,0,8837900,31361,492653668.0,1,02,010,BRSUZBACNOR0,125,ON      NM,SUZANO S.A.
2021-07-20,SUZB3,SUZB3,56.27,57.25,55.67,56.6,56.6,4584100,56.27,57.25,55.67,56.6,1.0,57.25,55.67,0,4584100,17586,259444535.0,1,02,010,BRSUZBACNOR0,125,ON      NM,SUZANO S.A.
2021-07-21,SUZB3,SUZB3,57.12,57.22,56.42,56.71,56.71,3733500,57.12,57.22,56.42,56.71,1.0,57.22,56.42,0,3733500,15133,211973436.0,1,02,010,BRSUZBACNOR0,125,ON      NM,SUZANO S.A.
2021-07-22,SUZB3,SUZB3,56.67,57.45,56.67,57.0,57.0,3426400,56.67,57.45,56.67,57.0,1.0,57.45,56.67,0,3426400,11284,195419943.0,1,02,010,BRSUZBACNOR0,125,ON      NM,SUZANO S.A.
2021-07-23,SUZB3,SUZB3,56.55,56.89,55.83,56.36,56.36,4621000,56.55,56.89,55.83,56.36,1.0,56.89,55.83,0,4621000,14937,260323666.0,1,02,010,BRSUZBACNOR0,125,ON      NM,SUZANO S.A.
2021-07-26,SUZB3,SUZB3,56.44,57.08,56.06,56.64,56.64,3289700,56.44,57.08,56.06,56.64,1.0,57.08,56.06,0,3289700,12108,185850336.0,1,02,010,BRSUZBACNOR0,125,ON      NM,SUZANO S.A.
2021-07-27,SUZB3,SUZB3,56.3,56.55,55.11,56.09,56.09,5520000,56.3,56.55,55.11,56.09,1.0,56.55,55.11,0,5520000,17429,307726156.0,1,02,010,BRSUZBACNOR0,125,ON      NM,SUZANO S.A.
2021-07-28,SUZB3,SUZB3,56.33,56.58,55.32,55.72,55.72,4518700,56.33,56.58,55.32,55.72,1.0,56.58,55.32,0,4518700,16623,252204952.0,1,02,010,BRSUZBACNOR0,125,ON      NM,SUZANO S.A.
2021-07-29,SUZB3,SUZB3,55.78,56.05,55.43,55.75,55.75,3692200,55.78,56.05,55.43,55.75,1.0,56.05,55.43,0,3692200,11285,205584288.0,1,02,010,BRSUZBACNOR0,125,ON      NM,SUZANO S.A.
2021-07-30,SUZB3,SUZB3,55.6,55.82,54.02,54.07,54.07,8043500,55.6,55.82,54.02,54.07,1.0,55.82,54.02,0,8043500,27845,439436012.0,1,02,010,BRSUZBACNOR0,125,ON      NM,SUZANO S.A.
2021-08-02,SUZB3,SUZB3,54.54,55.59,54.11,54.52,54.52,7065400,54.54,55.59,54.11,54.52,1.0,55.59,54.11,0,7065400,26041,387265241.0,1,02,010,BRSUZBACNOR0,125,ON      NM,SUZANO S.A.
2021-08-03,SUZB3,SUZB3,54.3,55.13,53.9,54.95,54.95,6445100,54.3,55.13,53.9,54.95,1.0,55.13,53.9,0,6445100,23699,352309353.0,1,02,010,BRSUZBACNOR0,125,ON      NM,SUZANO S.A.
2021-08-04,SUZB3,SUZB3,54.61,56.46,54.61,55.1,55.1,6536700,54.61,56.46,54.61,55.1,1.0,56.46,54.61,0,6536700,22670,362508895.0,1,02,010,BRSUZBACNOR0,125,ON      NM,SUZANO S.A.
2021-08-05,SUZB3,SUZB3,55.25,55.25,53.83,54.57,54.57,6001500,55.25,55.25,53.83,54.57,1.0,55.25,53.83,0,6001500,23561,326218792.0,1,02,010,BRSUZBACNOR0,125,ON      NM,SUZANO S.A.
2021-08-06,SUZB3,SUZB3,54.35,55.25,54.07,54.3,54.3,3335300,54.35,55.25,54.07,54.3,1.0,55.25,54.07,0,3335300,12442,181520266.0,1,02,010,BRSUZBACNOR0,125,ON      NM,SUZANO S.A.
2021-08-09,SUZB3,SUZB3,54.86,56.82,54.5,56.37,56.37,8589300,54.86,56.82,54.5,56.37,1.0,56.82,54.5,0,8589300,27052,481769893.0,1,02,010,BRSUZBACNOR0,125,ON      NM,SUZANO S.A.
2021-08-10,SUZB3,SUZB3,56.14,57.56,56.0,56.83,56.83,6153300,56.14,57.56,56.0,56.83,1.0,57.56,56.0,0,6153300,21619,351197694.0,1,02,010,BRSUZBACNOR0,125,ON      NM,SUZANO S.A.
2021-08-11,SUZB3,SUZB3,56.85,57.08,55.85,56.5,56.5,6159800,56.85,57.08,55.85,56.5,1.0,57.08,55.85,0,6159800,24134,347826331.0,1,02,010,BRSUZBACNOR0,125,ON      NM,SUZANO S.A.
2021-08-12,SUZB3,SUZB3,56.66,57.08,55.0,55.71,55.71,10070100,56.66,57.08,55.0,55.71,1.0,57.08,55.0,0,10070100,27278,561409298.0,1,02,010,BRSUZBACNOR0,125,ON      NM,SUZANO S.A.
2021-08-13,SUZB3,SUZB3,55.5,57.78,55.22,56.81,56.81,7119500,55.5,57.78,55.22,56.81,1.0,57.78,55.22,0,7119500,28177,403280029.0,1,02,010,BRSUZBACNOR0,125,ON      NM,SUZANO S.A.
2021-08-16,SUZB3,SUZB3,56.7,58.05,56.44,57.71,57.71,8486500,56.7,58.05,56.44,57.71,1.0,58.05,56.44,0,8486500,34818,488855333.0,1,02,010,BRSUZBACNOR0,125,ON      NM,SUZANO S.A.
2021-08-17,SUZB3,SUZB3,57.47,58.65,56.73,57.3,57.3,7176900,57.47,58.65,56.73,57.3,1.0,58.65,56.73,0,7176900,29848,411561335.0,1,02,010,BRSUZBACNOR0,125,ON      NM,SUZANO S.A.
2021-08-18,SUZB3,SUZB3,57.29,57.84,56.1,56.13,56.13,7916000,57.29,57.84,56.1,56.13,1.0,57.84,56.1,0,7916000,32546,449984320.0,1,02,010,BRSUZBACNOR0,125,ON      NM,SUZANO S.A.
2021-08-19,SUZB3,SUZB3,56.5,56.55,54.5,55.68,55.68,9409000,56.5,56.55,54.5,55.68,1.0,56.55,54.5,0,9409000,33684,521104768.0,1,02,010,BRSUZBACNOR0,125,ON      NM,SUZANO S.A.
2021-08-20,SUZB3,SUZB3,56.1,57.22,55.5,56.85,56.85,12823200,56.1,57.22,55.5,56.85,1.0,57.22,55.5,0,12823200,37455,727049687.0,1,02,010,BRSUZBACNOR0,125,ON      NM,SUZANO S.A.
2021-08-23,SUZB3,SUZB3,56.04,58.23,56.04,57.48,57.48,7276300,56.04,58.23,56.04,57.48,1.0,58.23,56.04,0,7276300,26791,418578935.0,1,02,010,BRSUZBACNOR0,125,ON      NM,SUZANO S.A.
2021-08-24,SUZB3,SUZB3,58.0,59.4,57.9,59.05,59.05,7618300,58.0,59.4,57.9,59.05,1.0,59.4,57.9,0,7618300,22382,448381626.0,1,02,010,BRSUZBACNOR0,125,ON      NM,SUZANO S.A.
2021-08-25,SUZB3,SUZB3,58.82,62.4,58.58,62.26,62.26,11919800,58.82,62.4,58.58,62.26,1.0,62.4,58.58,0,11919800,35581,727806822.0,1,02,010,BRSUZBACNOR0,125,ON      NM,SUZANO S.A.
2021-08-26,SUZB3,SUZB3,62.07,62.91,61.41,61.69,61.69,7756600,62.07,62.91,61.41,61.69,1.0,62.91,61.41,0,7756600,31719,481544037.0,1,02,010,BRSUZBACNOR0,125,ON      NM,SUZANO S.A.
2021-08-27,SUZB3,SUZB3,61.37,62.34,60.46,61.9,61.9,5954000,61.37,62.34,60.46,61.9,1.0,62.34,60.46,0,5954000,27826,367712866.0,1,02,010,BRSUZBACNOR0,125,ON      NM,SUZANO S.A.
2021-08-30,SUZB3,SUZB3,61.6,61.96,61.15,61.52,61.52,3909100,61.6,61.96,61.15,61.52,1.0,61.96,61.15,0,3909100,16904,240750362.0,1,02,010,BRSUZBACNOR0,125,ON      NM,SUZANO S.A.
2021-08-31,SUZB3,SUZB3,61.37,61.67,60.34,61.0,61.0,6482500,61.37,61.67,60.34,61.0,1.0,61.67,60.34,0,6482500,22691,395335120.0,1,02,010,BRSUZBACNOR0,125,ON      NM,SUZANO S.A.
2021-09-01,SUZB3,SUZB3,61.3,61.91,60.2,61.2,61.2,4756700,61.3,61.91,60.2,61.2,1.0,61.91,60.2,0,4756700,19808,291233792.0,1,02,010,BRSUZBACNOR0,125,ON      NM,SUZANO S.A.
2021-09-02,SUZB3,SUZB3,61.49,62.61,60.34,60.74,60.74,7669700,61.49,62.61,60.34,60.74,1.0,62.61,60.34,0,7669700,31033,470878340.0,1,02,010,BRSUZBACNOR0,125,ON      NM,SUZANO S.A.
2021-09-03,SUZB3,SUZB3,60.9,62.3,60.42,61.71,61.71,7717900,60.9,62.3,60.42,61.71,1.0,62.3,60.42,0,7717900,22549,474565960.0,1,02,010,BRSUZBACNOR0,125,ON      NM,SUZANO S.A.
2021-09-06,SUZB3,SUZB3,62.27,62.27,60.8,61.48,61.48,2257800,62.27,62.27,60.8,61.48,1.0,62.27,60.8,0,2257800,8805,138743849.0,1,02,010,BRSUZBACNOR0,125,ON      NM,SUZANO S.A.
2021-09-08,SUZB3,SUZB3,61.55,63.2,61.03,62.59,62.59,11299700,61.55,63.2,61.03,62.59,1.0,63.2,61.03,0,11299700,43073,704818980.0,1,02,010,BRSUZBACNOR0,125,ON      NM,SUZANO S.A.
2021-09-09,SUZB3,SUZB3,62.76,63.93,62.25,62.25,62.25,10273100,62.76,63.93,62.25,62.25,1.0,63.93,62.25,0,10273100,39430,647287280.0,1,02,010,BRSUZBACNOR0,125,ON      NM,SUZANO S.A.
2021-09-10,SUZB3,SUZB3,62.87,62.87,60.27,60.66,60.66,8502400,62.87,62.87,60.27,60.66,1.0,62.87,60.27,0,8502400,28453,519026476.0,1,02,010,BRSUZBACNOR0,125,ON      NM,SUZANO S.A.
2021-09-13,SUZB3,SUZB3,60.78,60.95,59.21,59.92,59.92,6230100,60.78,60.95,59.21,59.92,1.0,60.95,59.21,0,6230100,20024,373050175.0,1,02,010,BRSUZBACNOR0,125,ON      NM,SUZANO S.A.
2021-09-14,SUZB3,SUZB3,60.02,61.06,59.47,60.05,60.05,5212100,60.02,61.06,59.47,60.05,1.0,61.06,59.47,0,5212100,18557,313175374.0,1,02,010,BRSUZBACNOR0,125,ON      NM,SUZANO S.A.
2021-09-15,SUZB3,SUZB3,59.54,59.79,57.63,58.12,58.12,11753300,59.54,59.79,57.63,58.12,1.0,59.79,57.63,0,11753300,37179,684790802.0,1,02,010,BRSUZBACNOR0,125,ON      NM,SUZANO S.A.
2021-09-16,SUZB3,SUZB3,58.19,58.19,54.7,54.78,54.78,12888900,58.19,58.19,54.7,54.78,1.0,58.19,54.7,0,12888900,41712,717700027.0,1,02,010,BRSUZBACNOR0,125,ON      NM,SUZANO S.A.
2021-09-17,SUZB3,SUZB3,54.99,55.0,52.5,52.61,52.61,18829400,54.99,55.0,52.5,52.61,1.0,55.0,52.5,0,18829400,58236,999734373.0,1,02,010,BRSUZBACNOR0,125,ON      NM,SUZANO S.A.
2021-09-20,SUZB3,SUZB3,51.0,51.88,50.31,51.36,51.36,10339600,51.0,51.88,50.31,51.36,1.0,51.88,50.31,0,10339600,37447,527373213.0,1,02,010,BRSUZBACNOR0,125,ON      NM,SUZANO S.A.
2021-09-21,SUZB3,SUZB3,52.09,52.42,50.53,51.95,51.95,8141900,52.09,52.42,50.53,51.95,1.0,52.42,50.53,0,8141900,25911,419288108.0,1,02,010,BRSUZBACNOR0,125,ON      NM,SUZANO S.A.
2021-09-22,SUZB3,SUZB3,53.63,54.7,52.83,53.84,53.84,9946400,53.63,54.7,52.83,53.84,1.0,54.7,52.83,0,9946400,32218,536179756.0,1,02,010,BRSUZBACNOR0,125,ON      NM,SUZANO S.A.
2021-09-23,SUZB3,SUZB3,54.01,56.19,53.47,55.83,55.83,8512000,54.01,56.19,53.47,55.83,1.0,56.19,53.47,0,8512000,25931,470147084.0,1,02,010,BRSUZBACNOR0,125,ON      NM,SUZANO S.A.
2021-09-24,SUZB3,SUZB3,54.96,56.33,54.96,55.5,55.5,6816700,54.96,56.33,54.96,55.5,1.0,56.33,54.96,0,6816700,20152,378732587.0,1,02,010,BRSUZBACNOR0,125,ON      NM,SUZANO S.A.
2021-09-27,SUZB3,SUZB3,55.37,55.6,54.42,54.99,54.99,3434200,55.37,55.6,54.42,54.99,1.0,55.6,54.42,0,3434200,16702,188518030.0,1,02,010,BRSUZBACNOR0,125,ON      NM,SUZANO S.A.
2021-09-28,SUZB3,SUZB3,55.17,55.17,53.19,53.55,53.55,17678900,55.17,55.17,53.19,53.55,1.0,55.17,53.19,0,17678900,25254,947537369.0,1,02,010,BRSUZBACNOR0,125,ON      NM,SUZANO S.A.
2021-09-29,SUZB3,SUZB3,54.19,54.63,53.45,54.0,54.0,4429500,54.19,54.63,53.45,54.0,1.0,54.63,53.45,0,4429500,18582,239167779.0,1,02,010,BRSUZBACNOR0,125,ON      NM,SUZANO S.A.
2021-09-30,SUZB3,SUZB3,53.65,55.84,53.64,54.52,54.52,6618600,53.65,55.84,53.64,54.52,1.0,55.84,53.64,0,6618600,25036,362362576.0,1,02,010,BRSUZBACNOR0,125,ON      NM,SUZANO S.A.
2021-10-01,SUZB3,SUZB3,53.67,53.68,52.1,52.47,52.47,8591400,53.67,53.68,52.1,52.47,1.0,53.68,52.1,0,8591400,32404,451655669.0,1,02,010,BRSUZBACNOR0,125,ON      NM,SUZANO S.A.
2021-10-04,SUZB3,SUZB3,52.33,52.35,51.15,51.32,51.32,5986900,52.33,52.35,51.15,51.32,1.0,52.35,51.15,0,5986900,22669,308739807.0,1,02,010,BRSUZBACNOR0,125,ON      NM,SUZANO S.A.
2021-10-05,SUZB3,SUZB3,51.37,51.63,50.22,50.35,50.35,7305500,51.37,51.63,50.22,50.35,1.0,51.63,50.22,0,7305500,24918,369813801.0,1,02,010,BRSUZBACNOR0,125,ON      NM,SUZANO S.A.
2021-10-06,SUZB3,SUZB3,50.05,50.64,49.6,49.69,49.69,9063300,50.05,50.64,49.6,49.69,1.0,50.64,49.6,0,9063300,28247,452814619.0,1,02,010,BRSUZBACNOR0,125,ON      NM,SUZANO S.A.
2021-10-07,SUZB3,SUZB3,49.76,50.2,48.69,49.43,49.43,14061400,49.76,50.2,48.69,49.43,1.0,50.2,48.69,0,14061400,27643,689941183.0,1,02,010,BRSUZBACNOR0,125,ON      NM,SUZANO S.A.
2021-10-08,SUZB3,SUZB3,49.8,50.12,49.2,49.31,49.31,7108400,49.8,50.12,49.2,49.31,1.0,50.12,49.2,0,7108400,25371,352731985.0,1,02,010,BRSUZBACNOR0,125,ON      NM,SUZANO S.A.
2021-10-11,SUZB3,SUZB3,49.4,51.08,48.82,50.2,50.2,6474500,49.4,51.08,48.82,50.2,1.0,51.08,48.82,0,6474500,23527,325487390.0,1,02,010,BRSUZBACNOR0,125,ON      NM,SUZANO S.A.
2021-10-13,SUZB3,SUZB3,50.99,51.88,50.2,50.99,50.99,6959900,50.99,51.88,50.2,50.99,1.0,51.88,50.2,0,6959900,26127,355804855.0,1,02,010,BRSUZBACNOR0,125,ON      NM,SUZANO S.A.
2021-10-14,SUZB3,SUZB3,51.19,51.33,49.27,49.86,49.86,7462000,51.19,51.33,49.27,49.86,1.0,51.33,49.27,0,7462000,27297,371433785.0,1,02,010,BRSUZBACNOR0,125,ON      NM,SUZANO S.A.
2021-10-15,SUZB3,SUZB3,50.46,52.49,50.04,50.91,50.91,11372700,50.46,52.49,50.04,50.91,1.0,52.49,50.04,0,11372700,28442,582559486.0,1,02,010,BRSUZBACNOR0,125,ON      NM,SUZANO S.A.
2021-10-18,SUZB3,SUZB3,50.2,50.58,49.45,49.8,49.8,5658900,50.2,50.58,49.45,49.8,1.0,50.58,49.45,0,5658900,18233,282116563.0,1,02,010,BRSUZBACNOR0,125,ON      NM,SUZANO S.A.
2021-10-19,SUZB3,SUZB3,49.11,50.33,48.14,48.73,48.73,7958900,49.11,50.33,48.14,48.73,1.0,50.33,48.14,0,7958900,29294,389600396.0,1,02,010,BRSUZBACNOR0,125,ON      NM,SUZANO S.A.
2021-10-20,SUZB3,SUZB3,48.69,49.42,48.0,48.4,48.4,4589500,48.69,49.42,48.0,48.4,1.0,49.42,48.0,0,4589500,14639,223308918.0,1,02,010,BRSUZBACNOR0,125,ON      NM,SUZANO S.A.
2021-10-21,SUZB3,SUZB3,47.89,49.44,47.13,49.2,49.2,15841200,47.89,49.44,47.13,49.2,1.0,49.44,47.13,0,15841200,39805,765684446.0,1,02,010,BRSUZBACNOR0,125,ON      NM,SUZANO S.A.
2021-10-22,SUZB3,SUZB3,49.8,54.0,49.72,52.8,52.8,27965900,49.8,54.0,49.72,52.8,1.0,54.0,49.72,0,27965900,78017,1473895396.0,1,02,010,BRSUZBACNOR0,125,ON      NM,SUZANO S.A.
2021-10-25,SUZB3,SUZB3,52.98,52.98,50.82,51.47,51.47,7603800,52.98,52.98,50.82,51.47,1.0,52.98,50.82,0,7603800,29280,392555990.0,1,02,010,BRSUZBACNOR0,125,ON      NM,SUZANO S.A.
2021-10-26,SUZB3,SUZB3,51.17,52.05,50.31,50.45,50.45,10917600,51.17,52.05,50.31,50.45,1.0,52.05,50.31,0,10917600,31632,557986508.0,1,02,010,BRSUZBACNOR0,125,ON      NM,SUZANO S.A.
2021-10-27,SUZB3,SUZB3,50.98,50.98,47.96,48.38,48.38,13984900,50.98,50.98,47.96,48.38,1.0,50.98,47.96,0,13984900,41111,681550554.0,1,02,010,BRSUZBACNOR0,125,ON      NM,SUZANO S.A.
2021-10-28,SUZB3,SUZB3,49.1,49.45,48.4,48.91,48.91,4698200,49.1,49.45,48.4,48.91,1.0,49.45,48.4,0,4698200,17013,229990416.0,1,02,010,BRSUZBACNOR0,125,ON      NM,SUZANO S.A.
2021-10-29,SUZB3,SUZB3,48.82,50.9,48.82,49.23,49.23,18184600,48.82,50.9,48.82,49.23,1.0,50.9,48.82,0,18184600,36613,905929364.0,1,02,010,BRSUZBACNOR0,125,ON      NM,SUZANO S.A.
2021-11-01,SUZB3,SUZB3,49.77,49.77,47.9,48.91,48.91,6362700,49.77,49.77,47.9,48.91,1.0,49.77,47.9,0,6362700,23561,309827825.0,1,02,010,BRSUZBACNOR0,125,ON      NM,SUZANO S.A.
2021-11-03,SUZB3,SUZB3,49.19,49.99,48.92,49.77,49.77,6800600,49.19,49.99,48.92,49.77,1.0,49.99,48.92,0,6800600,24141,336684384.0,1,02,010,BRSUZBACNOR0,125,ON      NM,SUZANO S.A.
2021-11-04,SUZB3,SUZB3,49.77,50.42,48.65,49.3,49.3,5394100,49.77,50.42,48.65,49.3,1.0,50.42,48.65,0,5394100,19865,265934454.0,1,02,010,BRSUZBACNOR0,125,ON      NM,SUZANO S.A.
2021-11-05,SUZB3,SUZB3,48.8,50.13,48.33,49.35,49.35,4996000,48.8,50.13,48.33,49.35,1.0,50.13,48.33,0,4996000,21512,246919497.0,1,02,010,BRSUZBACNOR0,125,ON      NM,SUZANO S.A.
2021-11-08,SUZB3,SUZB3,49.0,50.61,48.86,49.62,49.62,5246300,49.0,50.61,48.86,49.62,1.0,50.61,48.86,0,5246300,18297,261875582.0,1,02,010,BRSUZBACNOR0,125,ON      NM,SUZANO S.A.
2021-11-09,SUZB3,SUZB3,49.64,50.1,48.54,49.0,49.0,5354600,49.64,50.1,48.54,49.0,1.0,50.1,48.54,0,5354600,21009,263150860.0,1,02,010,BRSUZBACNOR0,125,ON      NM,SUZANO S.A.
2021-11-10,SUZB3,SUZB3,48.99,49.4,48.05,48.75,48.75,5593800,48.99,49.4,48.05,48.75,1.0,49.4,48.05,0,5593800,22022,272762368.0,1,02,010,BRSUZBACNOR0,125,ON      NM,SUZANO S.A.
2021-11-11,SUZB3,SUZB3,49.68,51.46,49.08,50.69,50.69,7665500,49.68,51.46,49.08,50.69,1.0,51.46,49.08,0,7665500,27708,388203415.0,1,02,010,BRSUZBACNOR0,125,ON      NM,SUZANO S.A.
2021-11-12,SUZB3,SUZB3,50.2,52.54,50.2,51.37,51.37,6028900,50.2,52.54,50.2,51.37,1.0,52.54,50.2,0,6028900,23356,311437075.0,1,02,010,BRSUZBACNOR0,125,ON      NM,SUZANO S.A.
2021-11-16,SUZB3,SUZB3,51.84,53.36,51.53,53.17,53.17,8356700,51.84,53.36,51.53,53.17,1.0,53.36,51.53,0,8356700,35095,440513389.0,1,02,010,BRSUZBACNOR0,125,ON      NM,SUZANO S.A.
2021-11-17,SUZB3,SUZB3,53.33,53.68,52.03,52.41,52.41,6950700,53.33,53.68,52.03,52.41,1.0,53.68,52.03,0,6950700,25631,365668055.0,1,02,010,BRSUZBACNOR0,125,ON      NM,SUZANO S.A.
2021-11-18,SUZB3,SUZB3,52.89,52.95,51.9,52.19,52.19,6957400,52.89,52.95,51.9,52.19,1.0,52.95,51.9,0,6957400,20446,363294801.0,1,02,010,BRSUZBACNOR0,125,ON      NM,SUZANO S.A.
2021-11-19,SUZB3,SUZB3,52.59,55.0,52.28,53.58,53.58,8963100,52.59,55.0,52.28,53.58,1.0,55.0,52.28,0,8963100,30473,483596987.0,1,02,010,BRSUZBACNOR0,125,ON      NM,SUZANO S.A.
2021-11-22,SUZB3,SUZB3,53.58,53.7,52.08,52.46,52.46,3438400,53.58,53.7,52.08,52.46,1.0,53.7,52.08,0,3438400,14176,180869300.0,1,02,010,BRSUZBACNOR0,125,ON      NM,SUZANO S.A.
2021-11-23,SUZB3,SUZB3,52.64,53.69,52.18,53.16,53.16,6744200,52.64,53.69,52.18,53.16,1.0,53.69,52.18,0,6744200,26778,358227698.0,1,02,010,BRSUZBACNOR0,125,ON      NM,SUZANO S.A.
2021-11-24,SUZB3,SUZB3,53.03,54.95,52.79,54.52,54.52,5218600,53.03,54.95,52.79,54.52,1.0,54.95,52.79,0,5218600,25897,283116361.0,1,02,010,BRSUZBACNOR0,125,ON      NM,SUZANO S.A.
2021-11-25,SUZB3,SUZB3,54.72,55.5,53.95,54.73,54.73,5926400,54.72,55.5,53.95,54.73,1.0,55.5,53.95,0,5926400,21556,326001975.0,1,02,010,BRSUZBACNOR0,125,ON      NM,SUZANO S.A.
2021-11-26,SUZB3,SUZB3,54.5,56.26,54.24,54.81,54.81,8301500,54.5,56.26,54.24,54.81,1.0,56.26,54.24,0,8301500,30656,458409596.0,1,02,010,BRSUZBACNOR0,125,ON      NM,SUZANO S.A.
2021-11-29,SUZB3,SUZB3,55.4,57.0,54.68,55.67,55.67,7664300,55.4,57.0,54.68,55.67,1.0,57.0,54.68,0,7664300,27815,428646603.0,1,02,010,BRSUZBACNOR0,125,ON      NM,SUZANO S.A.
2021-11-30,SUZB3,SUZB3,55.84,57.47,54.5,56.16,56.16,11290600,55.84,57.47,54.5,56.16,1.0,57.47,54.5,0,11290600,33053,630036369.0,1,02,010,BRSUZBACNOR0,125,ON      NM,SUZANO S.A.
2021-12-01,SUZB3,SUZB3,56.89,59.49,56.3,58.05,58.05,10871500,56.89,59.49,56.3,58.05,1.0,59.49,56.3,0,10871500,43950,635323158.0,1,02,010,BRSUZBACNOR0,125,ON      NM,SUZANO S.A.
2021-12-02,SUZB3,SUZB3,59.1,59.19,55.56,58.0,58.0,10328600,59.1,59.19,55.56,58.0,1.0,59.19,55.56,0,10328600,41753,589725304.0,1,02,010,BRSUZBACNOR0,125,ON      NM,SUZANO S.A.
2021-12-03,SUZB3,SUZB3,58.0,59.43,56.11,57.1,57.1,8983600,58.0,59.43,56.11,57.1,1.0,59.43,56.11,0,8983600,33966,513286494.0,1,02,010,BRSUZBACNOR0,125,ON      NM,SUZANO S.A.
2021-12-06,SUZB3,SUZB3,57.26,59.18,57.16,57.87,57.87,6317600,57.26,59.18,57.16,57.87,1.0,59.18,57.16,0,6317600,24253,367808365.0,1,02,010,BRSUZBACNOR0,125,ON      NM,SUZANO S.A.
2021-12-07,SUZB3,SUZB3,58.59,58.68,57.57,58.32,58.32,6024700,58.59,58.68,57.57,58.32,1.0,58.68,57.57,0,6024700,22795,350317720.0,1,02,010,BRSUZBACNOR0,125,ON      NM,SUZANO S.A.
2021-12-08,SUZB3,SUZB3,58.73,59.15,58.02,58.65,58.65,4342800,58.73,59.15,58.02,58.65,1.0,59.15,58.02,0,4342800,19107,254349676.0,1,02,010,BRSUZBACNOR0,125,ON      NM,SUZANO S.A.
2021-12-09,SUZB3,SUZB3,58.19,58.48,57.09,57.91,57.91,5160500,58.19,58.48,57.09,57.91,1.0,58.48,57.09,0,5160500,16856,298670975.0,1,02,010,BRSUZBACNOR0,125,ON      NM,SUZANO S.A.
2021-12-10,SUZB3,SUZB3,58.24,59.28,57.8,58.5,58.5,4271300,58.24,59.28,57.8,58.5,1.0,59.28,57.8,0,4271300,18351,249619685.0,1,02,010,BRSUZBACNOR0,125,ON      NM,SUZANO S.A.
2021-12-13,SUZB3,SUZB3,58.62,59.1,57.69,57.72,57.72,4933000,58.62,59.1,57.69,57.72,1.0,59.1,57.69,0,4933000,16069,286381428.0,1,02,010,BRSUZBACNOR0,125,ON      NM,SUZANO S.A.
2021-12-14,SUZB3,SUZB3,58.31,59.46,57.58,57.85,57.85,5352800,58.31,59.46,57.58,57.85,1.0,59.46,57.58,0,5352800,18309,312956993.0,1,02,010,BRSUZBACNOR0,125,ON      NM,SUZANO S.A.
2021-12-15,SUZB3,SUZB3,58.2,59.1,57.8,58.76,58.76,5151000,58.2,59.1,57.8,58.76,1.0,59.1,57.8,0,5151000,19977,301539484.0,1,02,010,BRSUZBACNOR0,125,ON      NM,SUZANO S.A.
2021-12-16,SUZB3,SUZB3,58.98,60.43,58.5,60.31,60.31,6738500,58.98,60.43,58.5,60.31,1.0,60.43,58.5,0,6738500,23003,402110923.0,1,02,010,BRSUZBACNOR0,125,ON      NM,SUZANO S.A.
2021-12-17,SUZB3,SUZB3,60.86,61.95,60.32,61.51,61.51,12160200,60.86,61.95,60.32,61.51,1.0,61.95,60.32,0,12160200,38828,744642553.0,1,02,010,BRSUZBACNOR0,125,ON      NM,SUZANO S.A.
2021-12-20,SUZB3,SUZB3,60.92,61.35,59.52,59.89,59.89,5947400,60.92,61.35,59.52,59.89,1.0,61.35,59.52,0,5947400,19250,356814338.0,1,02,010,BRSUZBACNOR0,125,ON      NM,SUZANO S.A.
2021-12-21,SUZB3,SUZB3,59.89,60.51,59.64,59.99,59.99,3534000,59.89,60.51,59.64,59.99,1.0,60.51,59.64,0,3534000,14491,211838956.0,1,02,010,BRSUZBACNOR0,125,ON      NM,SUZANO S.A.
2021-12-22,SUZB3,SUZB3,60.1,60.1,58.71,59.63,59.63,3114600,60.1,60.1,58.71,59.63,1.0,60.1,58.71,0,3114600,14902,184717359.0,1,02,010,BRSUZBACNOR0,125,ON      NM,SUZANO S.A.
2021-12-23,SUZB3,SUZB3,59.6,61.27,59.6,60.19,60.19,3214100,59.6,61.27,59.6,60.19,1.0,61.27,59.6,0,3214100,12135,193009392.0,1,02,010,BRSUZBACNOR0,125,ON      NM,SUZANO S.A.
2021-12-27,SUZB3,SUZB3,60.39,60.98,59.92,60.34,60.34,2710800,60.39,60.98,59.92,60.34,1.0,60.98,59.92,0,2710800,10754,163955790.0,1,02,010,BRSUZBACNOR0,125,ON      NM,SUZANO S.A.
2021-12-28,SUZB3,SUZB3,60.58,60.58,59.42,59.66,59.66,1782600,60.58,60.58,59.42,59.66,1.0,60.58,59.42,0,1782600,7155,106591942.0,1,02,010,BRSUZBACNOR0,125,ON      NM,SUZANO S.A.
2021-12-29,SUZB3,SUZB3,59.78,59.89,58.94,59.04,59.04,2623900,59.78,59.89,58.94,59.04,1.0,59.89,58.94,0,2623900,11611,155682488.0,1,02,010,BRSUZBACNOR0,125,ON      NM,SUZANO S.A.
2021-12-30,SUZB3,SUZB3,59.75,60.4,59.03,60.11,60.11,4580300,59.75,60.4,59.03,60.11,1.0,60.4,59.03,0,4580300,20633,274104648.0,1,02,010,BRSUZBACNOR0,125,ON      NM,SUZANO S.A.
2022-01-03,SUZB3,SUZB3,60.34,60.73,59.01,59.59,59.59,5293500,60.34,60.73,59.01,59.59,1.0,60.73,59.01,0,5293500,21163,315770139.0,1,02,010,BRSUZBACNOR0,125,ON      NM,SUZANO S.A.
2022-01-04,SUZB3,SUZB3,60.0,61.14,59.34,60.89,60.89,5301300,60.0,61.14,59.34,60.89,1.0,61.14,59.34,0,5301300,22755,321113353.0,1,02,010,BRSUZBACNOR0,125,ON      NM,SUZANO S.A.
2022-01-05,SUZB3,SUZB3,61.0,61.37,59.85,60.2,60.2,5773300,61.0,61.37,59.85,60.2,1.0,61.37,59.85,0,5773300,29629,349299842.0,1,02,010,BRSUZBACNOR0,125,ON      NM,SUZANO S.A.
2022-01-06,SUZB3,SUZB3,60.32,60.75,59.45,59.72,59.72,4225400,60.32,60.75,59.45,59.72,1.0,60.75,59.45,0,4225400,18418,253592861.0,1,02,010,BRSUZBACNOR0,125,ON      NM,SUZANO S.A.
2022-01-07,SUZB3,SUZB3,59.81,59.89,58.83,59.32,59.32,3766200,59.81,59.89,58.83,59.32,1.0,59.89,58.83,0,3766200,16723,223257504.0,1,02,010,BRSUZBACNOR0,125,ON      NM,SUZANO S.A.
2022-01-10,SUZB3,SUZB3,59.39,61.29,58.2,59.18,59.18,5913300,59.39,61.29,58.2,59.18,1.0,61.29,58.2,0,5913300,28214,350124851.0,1,02,010,BRSUZBACNOR0,125,ON      NM,SUZANO S.A.
2022-01-11,SUZB3,SUZB3,59.18,60.44,57.9,59.53,59.53,7213600,59.18,60.44,57.9,59.53,1.0,60.44,57.9,0,7213600,30301,429059709.0,1,02,010,BRSUZBACNOR0,125,ON      NM,SUZANO S.A.
2022-01-12,SUZB3,SUZB3,59.53,61.88,59.17,61.62,61.62,11212400,59.53,61.88,59.17,61.62,1.0,61.88,59.17,0,11212400,41098,686254187.0,1,02,010,BRSUZBACNOR0,125,ON      NM,SUZANO S.A.
2022-01-13,SUZB3,SUZB3,61.89,62.69,61.51,62.53,62.53,6081300,61.89,62.69,61.51,62.53,1.0,62.69,61.51,0,6081300,22479,378352635.0,1,02,010,BRSUZBACNOR0,125,ON      NM,SUZANO S.A.
2022-01-14,SUZB3,SUZB3,62.31,63.42,62.15,62.77,62.77,4917500,62.31,63.42,62.15,62.77,1.0,63.42,62.15,0,4917500,24040,308718350.0,1,02,010,BRSUZBACNOR0,125,ON      NM,SUZANO S.A.
2022-01-17,SUZB3,SUZB3,62.37,62.5,61.82,62.03,62.03,2291700,62.37,62.5,61.82,62.03,1.0,62.5,61.82,0,2291700,12632,142388191.0,1,02,010,BRSUZBACNOR0,125,ON      NM,SUZANO S.A.
2022-01-18,SUZB3,SUZB3,62.28,62.85,61.48,62.85,62.85,5041400,62.28,62.85,61.48,62.85,1.0,62.85,61.48,0,5041400,25301,313860440.0,1,02,010,BRSUZBACNOR0,125,ON      NM,SUZANO S.A.
2022-01-19,SUZB3,SUZB3,62.55,62.96,61.51,61.85,61.85,7763800,62.55,62.96,61.51,61.85,1.0,62.96,61.51,0,7763800,21096,480802528.0,1,02,010,BRSUZBACNOR0,126,ON  ED  NM,SUZANO S.A.
2022-01-20,SUZB3,SUZB3,62.09,62.47,60.01,60.31,60.31,8875200,62.09,62.47,60.01,60.31,1.0,62.47,60.01,0,8875200,34813,539390793.0,1,02,010,BRSUZBACNOR0,126,ON  ED  NM,SUZANO S.A.
2022-01-21,SUZB3,SUZB3,60.29,60.75,59.41,59.59,59.59,6178000,60.29,60.75,59.41,59.59,1.0,60.75,59.41,0,6178000,26440,370982609.0,1,02,010,BRSUZBACNOR0,126,ON  ED  NM,SUZANO S.A.
2022-01-24,SUZB3,SUZB3,59.45,59.6,57.65,58.22,58.22,4938200,59.45,59.6,57.65,58.22,1.0,59.6,57.65,0,4938200,26498,287909300.0,1,02,010,BRSUZBACNOR0,126,ON  ED  NM,SUZANO S.A.
2022-01-25,SUZB3,SUZB3,57.85,58.08,55.85,56.71,56.71,9856100,57.85,58.08,55.85,56.71,1.0,58.08,55.85,0,9856100,41271,555699492.0,1,02,010,BRSUZBACNOR0,126,ON  ED  NM,SUZANO S.A.
2022-01-26,SUZB3,SUZB3,56.72,57.24,55.4,55.64,55.64,8945300,56.72,57.24,55.4,55.64,1.0,57.24,55.4,0,8945300,30704,500339910.0,1,02,010,BRSUZBACNOR0,126,ON  ED  NM,SUZANO S.A.
2022-01-27,SUZB3,SUZB3,55.75,58.69,55.68,58.49,58.49,12534400,55.75,58.69,55.68,58.49,1.0,58.69,55.68,0,12534400,33406,721853578.0,1,02,010,BRSUZBACNOR0,126,ON  ED  NM,SUZANO S.A.
2022-01-28,SUZB3,SUZB3,57.86,59.68,57.02,59.3,59.3,7168200,57.86,59.68,57.02,59.3,1.0,59.68,57.02,0,7168200,29971,419296537.0,1,02,010,BRSUZBACNOR0,126,ON  ED  NM,SUZANO S.A.
2022-01-31,SUZB3,SUZB3,59.54,60.46,58.53,59.2,59.2,6702200,59.54,60.46,58.53,59.2,1.0,60.46,58.53,0,6702200,22607,397856639.0,1,02,010,BRSUZBACNOR0,126,ON      NM,SUZANO S.A.
2022-02-01,SUZB3,SUZB3,58.76,60.5,58.75,59.64,59.64,5350300,58.76,60.5,58.75,59.64,1.0,60.5,58.75,0,5350300,22828,319728262.0,1,02,010,BRSUZBACNOR0,126,ON      NM,SUZANO S.A.
2022-02-02,SUZB3,SUZB3,59.64,60.32,59.27,59.27,59.27,3205500,59.64,60.32,59.27,59.27,1.0,60.32,59.27,0,3205500,15245,191440641.0,1,02,010,BRSUZBACNOR0,126,ON      NM,SUZANO S.A.
2022-02-03,SUZB3,SUZB3,59.51,60.05,58.82,59.07,59.07,4204800,59.51,60.05,58.82,59.07,1.0,60.05,58.82,0,4204800,9953,248934827.0,1,02,010,BRSUZBACNOR0,126,ON      NM,SUZANO S.A.
2022-02-04,SUZB3,SUZB3,59.05,60.88,58.13,60.58,60.58,5315500,59.05,60.88,58.13,60.58,1.0,60.88,58.13,0,5315500,18029,319293477.0,1,02,010,BRSUZBACNOR0,126,ON      NM,SUZANO S.A.
2022-02-07,SUZB3,SUZB3,60.41,61.14,60.19,60.55,60.55,2669800,60.41,61.14,60.19,60.55,1.0,61.14,60.19,0,2669800,11158,161642992.0,1,02,010,BRSUZBACNOR0,126,ON      NM,SUZANO S.A.
2022-02-08,SUZB3,SUZB3,59.97,61.12,59.39,60.46,60.46,3422900,59.97,61.12,59.39,60.46,1.0,61.12,59.39,0,3422900,13816,206584784.0,1,02,010,BRSUZBACNOR0,126,ON      NM,SUZANO S.A.
2022-02-09,SUZB3,SUZB3,61.09,61.81,60.2,60.6,60.6,5571600,61.09,61.81,60.2,60.6,1.0,61.81,60.2,0,5571600,19659,339329757.0,1,02,010,BRSUZBACNOR0,126,ON      NM,SUZANO S.A.
2022-02-10,SUZB3,SUZB3,61.0,61.0,57.71,58.36,58.36,14072000,61.0,61.0,57.71,58.36,1.0,61.0,57.71,0,14072000,43329,824470951.0,1,02,010,BRSUZBACNOR0,126,ON      NM,SUZANO S.A.
2022-02-11,SUZB3,SUZB3,58.51,58.85,57.3,57.72,57.72,7320300,58.51,58.85,57.3,57.72,1.0,58.85,57.3,0,7320300,27597,423046858.0,1,02,010,BRSUZBACNOR0,126,ON      NM,SUZANO S.A.
2022-02-14,SUZB3,SUZB3,57.4,58.73,57.27,58.36,58.36,4581700,57.4,58.73,57.27,58.36,1.0,58.73,57.27,0,4581700,19065,267102244.0,1,02,010,BRSUZBACNOR0,126,ON      NM,SUZANO S.A.
2022-02-15,SUZB3,SUZB3,58.57,58.99,57.24,57.27,57.27,5350400,58.57,58.99,57.24,57.27,1.0,58.99,57.24,0,5350400,17364,308626014.0,1,02,010,BRSUZBACNOR0,126,ON      NM,SUZANO S.A.
2022-02-16,SUZB3,SUZB3,57.28,58.09,57.2,57.28,57.28,5240100,57.28,58.09,57.2,57.28,1.0,58.09,57.2,0,5240100,21716,301462431.0,1,02,010,BRSUZBACNOR0,126,ON      NM,SUZANO S.A.
2022-02-17,SUZB3,SUZB3,57.43,58.24,56.99,57.91,57.91,4502200,57.43,58.24,56.99,57.91,1.0,58.24,56.99,0,4502200,14928,259647667.0,1,02,010,BRSUZBACNOR0,126,ON      NM,SUZANO S.A.
2022-02-18,SUZB3,SUZB3,58.41,59.47,56.82,57.04,57.04,5807100,58.41,59.47,56.82,57.04,1.0,59.47,56.82,0,5807100,16855,336139259.0,1,02,010,BRSUZBACNOR0,126,ON      NM,SUZANO S.A.
2022-02-21,SUZB3,SUZB3,56.89,58.08,56.58,56.93,56.93,3820800,56.89,58.08,56.58,56.93,1.0,58.08,56.58,0,3820800,14365,218970547.0,1,02,010,BRSUZBACNOR0,126,ON      NM,SUZANO S.A.
2022-02-22,SUZB3,SUZB3,57.25,57.92,56.67,56.96,56.96,3680700,57.25,57.92,56.67,56.96,1.0,57.92,56.67,0,3680700,10320,210514290.0,1,02,010,BRSUZBACNOR0,126,ON      NM,SUZANO S.A.
2022-02-23,SUZB3,SUZB3,57.03,57.05,52.99,53.48,53.48,18659300,57.03,57.05,52.99,53.48,1.0,57.05,52.99,0,18659300,40974,1005282785.0,1,02,010,BRSUZBACNOR0,126,ON      NM,SUZANO S.A.
2022-02-24,SUZB3,SUZB3,52.1,54.35,52.1,53.93,53.93,6712200,52.1,54.35,52.1,53.93,1.0,54.35,52.1,0,6712200,25865,360580375.0,1,02,010,BRSUZBACNOR0,126,ON      NM,SUZANO S.A.
2022-02-25,SUZB3,SUZB3,54.0,55.23,53.19,55.07,55.07,8165300,54.0,55.23,53.19,55.07,1.0,55.23,53.19,0,8165300,22770,443593803.0,1,02,010,BRSUZBACNOR0,126,ON      NM,SUZANO S.A.
2022-03-02,SUZB3,SUZB3,55.14,55.78,54.67,55.0,55.0,4584400,55.14,55.78,54.67,55.0,1.0,55.78,54.67,0,4584400,16100,252845294.0,1,02,010,BRSUZBACNOR0,126,ON      NM,SUZANO S.A.
2022-03-03,SUZB3,SUZB3,54.73,55.2,52.71,53.73,53.73,9257400,54.73,55.2,52.71,53.73,1.0,55.2,52.71,0,9257400,32235,495501534.0,1,02,010,BRSUZBACNOR0,126,ON      NM,SUZANO S.A.
2022-03-04,SUZB3,SUZB3,53.99,57.33,53.92,57.33,57.33,10052000,53.99,57.33,53.92,57.33,1.0,57.33,53.92,0,10052000,29047,561325343.0,1,02,010,BRSUZBACNOR0,126,ON      NM,SUZANO S.A.
2022-03-07,SUZB3,SUZB3,57.2,59.07,56.61,58.08,58.08,9349500,57.2,59.07,56.61,58.08,1.0,59.07,56.61,0,9349500,25706,544380272.0,1,02,010,BRSUZBACNOR0,126,ON      NM,SUZANO S.A.
2022-03-08,SUZB3,SUZB3,57.89,59.3,57.28,57.94,57.94,7807100,57.89,59.3,57.28,57.94,1.0,59.3,57.28,0,7807100,26767,454346431.0,1,02,010,BRSUZBACNOR0,126,ON      NM,SUZANO S.A.
2022-03-09,SUZB3,SUZB3,57.87,59.83,56.27,59.08,59.08,7254500,57.87,59.83,56.27,59.08,1.0,59.83,56.27,0,7254500,24573,421804470.0,1,02,010,BRSUZBACNOR0,126,ON      NM,SUZANO S.A.
2022-03-10,SUZB3,SUZB3,58.0,60.99,58.0,60.83,60.83,6825500,58.0,60.99,58.0,60.83,1.0,60.99,58.0,0,6825500,23450,410789660.0,1,02,010,BRSUZBACNOR0,126,ON      NM,SUZANO S.A.
2022-03-11,SUZB3,SUZB3,60.8,62.57,60.3,61.08,61.08,7109200,60.8,62.57,60.3,61.08,1.0,62.57,60.3,0,7109200,23292,436462041.0,1,02,010,BRSUZBACNOR0,126,ON      NM,SUZANO S.A.
2022-03-14,SUZB3,SUZB3,60.96,61.2,59.47,59.82,59.82,6088300,60.96,61.2,59.47,59.82,1.0,61.2,59.47,0,6088300,19752,366422915.0,1,02,010,BRSUZBACNOR0,126,ON      NM,SUZANO S.A.
2022-03-15,SUZB3,SUZB3,59.91,59.92,57.36,58.56,58.56,7135200,59.91,59.92,57.36,58.56,1.0,59.92,57.36,0,7135200,24395,417885855.0,1,02,010,BRSUZBACNOR0,126,ON      NM,SUZANO S.A.
2022-03-16,SUZB3,SUZB3,59.0,61.28,58.77,60.61,60.61,7755900,59.0,61.28,58.77,60.61,1.0,61.28,58.77,0,7755900,24920,468855228.0,1,02,010,BRSUZBACNOR0,126,ON      NM,SUZANO S.A.
2022-03-17,SUZB3,SUZB3,60.99,62.1,60.76,61.59,61.59,7321400,60.99,62.1,60.76,61.59,1.0,62.1,60.76,0,7321400,20538,449638459.0,1,02,010,BRSUZBACNOR0,126,ON      NM,SUZANO S.A.
2022-03-18,SUZB3,SUZB3,61.89,64.56,61.56,64.25,64.25,12029300,61.89,64.56,61.56,64.25,1.0,64.56,61.56,0,12029300,27181,760703276.0,1,02,010,BRSUZBACNOR0,126,ON      NM,SUZANO S.A.
2022-03-21,SUZB3,SUZB3,64.17,64.17,61.81,61.87,61.87,9093500,64.17,64.17,61.81,61.87,1.0,64.17,61.81,0,9093500,34805,568264499.0,1,02,010,BRSUZBACNOR0,126,ON      NM,SUZANO S.A.
2022-03-22,SUZB3,SUZB3,62.44,62.75,60.64,61.27,61.27,6451000,62.44,62.75,60.64,61.27,1.0,62.75,60.64,0,6451000,32136,396668455.0,1,02,010,BRSUZBACNOR0,126,ON      NM,SUZANO S.A.
2022-03-23,SUZB3,SUZB3,61.34,61.47,59.59,59.81,59.81,7550700,61.34,61.47,59.59,59.81,1.0,61.47,59.59,0,7550700,33174,454446255.0,1,02,010,BRSUZBACNOR0,126,ON      NM,SUZANO S.A.
2022-03-24,SUZB3,SUZB3,60.3,61.28,59.73,60.37,60.37,7625100,60.3,61.28,59.73,60.37,1.0,61.28,59.73,0,7625100,30120,460984641.0,1,02,010,BRSUZBACNOR0,126,ON      NM,SUZANO S.A.
2022-03-25,SUZB3,SUZB3,60.38,60.38,56.75,56.75,56.75,13470900,60.38,60.38,56.75,56.75,1.0,60.38,56.75,0,13470900,40669,773928670.0,1,02,010,BRSUZBACNOR0,126,ON      NM,SUZANO S.A.
2022-03-28,SUZB3,SUZB3,57.28,57.66,56.63,57.5,57.5,5190000,57.28,57.66,56.63,57.5,1.0,57.66,56.63,0,5190000,19886,297318530.0,1,02,010,BRSUZBACNOR0,126,ON      NM,SUZANO S.A.
2022-03-29,SUZB3,SUZB3,57.57,57.9,56.51,56.7,56.7,6750900,57.57,57.9,56.51,56.7,1.0,57.9,56.51,0,6750900,25684,384909561.0,1,02,010,BRSUZBACNOR0,126,ON      NM,SUZANO S.A.
2022-03-30,SUZB3,SUZB3,56.89,57.57,56.11,57.17,57.17,5188000,56.89,57.57,56.11,57.17,1.0,57.57,56.11,0,5188000,18717,294698376.0,1,02,010,BRSUZBACNOR0,126,ON      NM,SUZANO S.A.
2022-03-31,SUZB3,SUZB3,57.55,57.55,55.15,55.15,55.15,7851400,57.55,57.55,55.15,55.15,1.0,57.55,55.15,0,7851400,22143,437046064.0,1,02,010,BRSUZBACNOR0,126,ON      NM,SUZANO S.A.
2022-04-01,SUZB3,SUZB3,55.49,55.63,53.85,54.21,54.21,10746000,55.49,55.63,53.85,54.21,1.0,55.63,53.85,0,10746000,35273,584616842.0,1,02,010,BRSUZBACNOR0,126,ON      NM,SUZANO S.A.
2022-04-04,SUZB3,SUZB3,54.39,54.82,53.81,54.12,54.12,5450100,54.39,54.82,53.81,54.12,1.0,54.82,53.81,0,5450100,18880,295616631.0,1,02,010,BRSUZBACNOR0,126,ON      NM,SUZANO S.A.
2022-04-05,SUZB3,SUZB3,54.79,55.46,53.92,54.17,54.17,6634800,54.79,55.46,53.92,54.17,1.0,55.46,53.92,0,6634800,25076,362436351.0,1,02,010,BRSUZBACNOR0,126,ON      NM,SUZANO S.A.
2022-04-06,SUZB3,SUZB3,54.19,55.76,54.19,55.34,55.34,7346500,54.19,55.76,54.19,55.34,1.0,55.76,54.19,0,7346500,31497,405062351.0,1,02,010,BRSUZBACNOR0,126,ON      NM,SUZANO S.A.
2022-04-07,SUZB3,SUZB3,55.32,55.38,54.29,54.47,54.47,5138700,55.32,55.38,54.29,54.47,1.0,55.38,54.29,0,5138700,18741,281516220.0,1,02,010,BRSUZBACNOR0,126,ON      NM,SUZANO S.A.
2022-04-08,SUZB3,SUZB3,54.23,55.45,53.52,54.5,54.5,4374700,54.23,55.45,53.52,54.5,1.0,55.45,53.52,0,4374700,16660,239226683.0,1,02,010,BRSUZBACNOR0,126,ON      NM,SUZANO S.A.
2022-04-11,SUZB3,SUZB3,54.52,54.99,54.15,54.19,54.19,3551700,54.52,54.99,54.15,54.19,1.0,54.99,54.15,0,3551700,17654,193413913.0,1,02,010,BRSUZBACNOR0,126,ON      NM,SUZANO S.A.
2022-04-12,SUZB3,SUZB3,54.18,54.48,53.38,53.5,53.5,3956800,54.18,54.48,53.38,53.5,1.0,54.48,53.38,0,3956800,14762,212924531.0,1,02,010,BRSUZBACNOR0,126,ON      NM,SUZANO S.A.
2022-04-13,SUZB3,SUZB3,53.83,54.0,53.26,53.79,53.79,4338400,53.83,54.0,53.26,53.79,1.0,54.0,53.26,0,4338400,19509,232995904.0,1,02,010,BRSUZBACNOR0,126,ON      NM,SUZANO S.A.
2022-04-14,SUZB3,SUZB3,53.89,54.19,53.08,53.61,53.61,4314000,53.89,54.19,53.08,53.61,1.0,54.19,53.08,0,4314000,15273,230810390.0,1,02,010,BRSUZBACNOR0,126,ON      NM,SUZANO S.A.
2022-04-18,SUZB3,SUZB3,53.35,53.35,51.75,52.1,52.1,6699300,53.35,53.35,51.75,52.1,1.0,53.35,51.75,0,6699300,23014,349879546.0,1,02,010,BRSUZBACNOR0,126,ON      NM,SUZANO S.A.
2022-04-19,SUZB3,SUZB3,52.06,52.56,51.63,52.49,52.49,4035700,52.06,52.56,51.63,52.49,1.0,52.56,51.63,0,4035700,16385,210509829.0,1,02,010,BRSUZBACNOR0,126,ON      NM,SUZANO S.A.
2022-04-20,SUZB3,SUZB3,52.25,52.8,51.88,51.99,51.99,3794800,52.25,52.8,51.88,51.99,1.0,52.8,51.88,0,3794800,13101,197814696.0,1,02,010,BRSUZBACNOR0,126,ON      NM,SUZANO S.A.
2022-04-22,SUZB3,SUZB3,51.74,52.06,51.08,51.57,51.57,7114800,51.74,52.06,51.08,51.57,1.0,52.06,51.08,0,7114800,22846,366445275.0,1,02,010,BRSUZBACNOR0,126,ON      NM,SUZANO S.A.
2022-04-25,SUZB3,SUZB3,51.72,52.15,50.45,51.75,51.75,5304300,51.72,52.15,50.45,51.75,1.0,52.15,50.45,0,5304300,18531,272327439.0,1,02,010,BRSUZBACNOR0,126,ON      NM,SUZANO S.A.
2022-04-26,SUZB3,SUZB3,51.75,52.95,50.7,50.7,50.7,9022600,51.75,52.95,50.7,50.7,1.0,52.95,50.7,0,9022600,24534,464623116.0,1,02,010,BRSUZBACNOR0,126,ON      NM,SUZANO S.A.
2022-04-27,SUZB3,SUZB3,51.46,51.96,50.31,50.6,50.6,7816000,51.46,51.96,50.31,50.6,1.0,51.96,50.31,0,7816000,21130,400483545.0,1,02,010,BRSUZBACNOR0,126,ON      NM,SUZANO S.A.
2022-04-28,SUZB3,SUZB3,50.77,51.23,49.8,50.98,50.98,5384100,50.77,51.23,49.8,50.98,1.0,51.23,49.8,0,5384100,18571,271781436.0,1,02,010,BRSUZBACNOR0,126,ON      NM,SUZANO S.A.
2022-04-29,SUZB3,SUZB3,51.81,52.08,49.61,49.61,49.61,9776800,51.81,52.08,49.61,49.61,1.0,52.08,49.61,0,9776800,31824,491618848.0,1,02,010,BRSUZBACNOR0,126,ON      NM,SUZANO S.A.
2022-05-02,SUZB3,SUZB3,49.68,51.07,49.26,51.07,51.07,7950100,49.68,51.07,49.26,51.07,1.0,51.07,49.26,0,7950100,25073,400512786.0,1,02,010,BRSUZBACNOR0,126,ON      NM,SUZANO S.A.
2022-05-03,SUZB3,SUZB3,51.07,52.48,50.86,51.26,51.26,6934000,51.07,52.48,50.86,51.26,1.0,52.48,50.86,0,6934000,27889,357841026.0,1,02,010,BRSUZBACNOR0,126,ON      NM,SUZANO S.A.
2022-05-04,SUZB3,SUZB3,51.3,52.2,51.03,51.96,51.96,7085700,51.3,52.2,51.03,51.96,1.0,52.2,51.03,0,7085700,28052,366509788.0,1,02,010,BRSUZBACNOR0,126,ON      NM,SUZANO S.A.
2022-05-05,SUZB3,SUZB3,51.49,53.15,51.28,52.75,52.75,8642900,51.49,53.15,51.28,52.75,1.0,53.15,51.28,0,8642900,36626,453525805.0,1,02,010,BRSUZBACNOR0,127,ON  ED  NM,SUZANO S.A.
2022-05-06,SUZB3,SUZB3,52.88,53.63,51.49,51.8,51.8,6975600,52.88,53.63,51.49,51.8,1.0,53.63,51.49,0,6975600,22217,367034934.0,1,02,010,BRSUZBACNOR0,127,ON  ED  NM,SUZANO S.A.
2022-05-09,SUZB3,SUZB3,51.55,51.67,50.29,50.37,50.37,4927200,51.55,51.67,50.29,50.37,1.0,51.67,50.29,0,4927200,20699,249947176.0,1,02,010,BRSUZBACNOR0,127,ON  ED  NM,SUZANO S.A.
2022-05-10,SUZB3,SUZB3,50.54,50.76,48.84,49.05,49.05,5088800,50.54,50.76,48.84,49.05,1.0,50.76,48.84,0,5088800,17380,251646875.0,1,02,010,BRSUZBACNOR0,127,ON  ED  NM,SUZANO S.A.
2022-05-11,SUZB3,SUZB3,48.84,50.12,48.16,49.24,49.24,4409500,48.84,50.12,48.16,49.24,1.0,50.12,48.16,0,4409500,18141,218070703.0,1,02,010,BRSUZBACNOR0,127,ON  ED  NM,SUZANO S.A.
2022-05-12,SUZB3,SUZB3,49.46,49.46,48.41,48.75,48.75,4629100,49.46,49.46,48.41,48.75,1.0,49.46,48.41,0,4629100,18344,225454384.0,1,02,010,BRSUZBACNOR0,127,ON  ED  NM,SUZANO S.A.
2022-05-13,SUZB3,SUZB3,49.4,51.98,49.36,51.58,51.58,12326700,49.4,51.98,49.36,51.58,1.0,51.98,49.36,0,12326700,30117,632860880.0,1,02,010,BRSUZBACNOR0,127,ON  ED  NM,SUZANO S.A.
2022-05-16,SUZB3,SUZB3,51.9,52.46,50.91,51.34,51.34,3664600,51.9,52.46,50.91,51.34,1.0,52.46,50.91,0,3664600,15692,189021492.0,1,02,010,BRSUZBACNOR0,127,ON  ED  NM,SUZANO S.A.
2022-05-17,SUZB3,SUZB3,51.7,52.73,51.69,52.61,52.61,5431200,51.7,52.73,51.69,52.61,1.0,52.73,51.69,0,5431200,20088,284617898.0,1,02,010,BRSUZBACNOR0,127,ON      NM,SUZANO S.A.
2022-05-18,SUZB3,SUZB3,52.8,52.95,50.75,50.92,50.92,4600100,52.8,52.95,50.75,50.92,1.0,52.95,50.75,0,4600100,17191,236641935.0,1,02,010,BRSUZBACNOR0,127,ON      NM,SUZANO S.A.
2022-05-19,SUZB3,SUZB3,50.89,51.16,50.43,50.75,50.75,3303100,50.89,51.16,50.43,50.75,1.0,51.16,50.43,0,3303100,10286,167776059.0,1,02,010,BRSUZBACNOR0,127,ON      NM,SUZANO S.A.
2022-05-20,SUZB3,SUZB3,51.8,52.9,50.6,51.35,51.35,8006600,51.8,52.9,50.6,51.35,1.0,52.9,50.6,0,8006600,32545,412942502.0,1,02,010,BRSUZBACNOR0,127,ON      NM,SUZANO S.A.
2022-05-23,SUZB3,SUZB3,51.78,52.28,51.2,52.09,52.09,4836500,51.78,52.28,51.2,52.09,1.0,52.28,51.2,0,4836500,22159,251313766.0,1,02,010,BRSUZBACNOR0,127,ON      NM,SUZANO S.A.
2022-05-24,SUZB3,SUZB3,51.95,52.44,51.36,52.13,52.13,4445400,51.95,52.44,51.36,52.13,1.0,52.44,51.36,0,4445400,17017,230201917.0,1,02,010,BRSUZBACNOR0,127,ON      NM,SUZANO S.A.
2022-05-25,SUZB3,SUZB3,51.81,52.37,51.19,51.19,51.19,3905800,51.81,52.37,51.19,51.19,1.0,52.37,51.19,0,3905800,15214,201350219.0,1,02,010,BRSUZBACNOR0,127,ON      NM,SUZANO S.A.
2022-05-26,SUZB3,SUZB3,51.29,53.33,51.1,53.32,53.32,5284700,51.29,53.33,51.1,53.32,1.0,53.33,51.1,0,5284700,19568,278859181.0,1,02,010,BRSUZBACNOR0,127,ON      NM,SUZANO S.A.
2022-05-27,SUZB3,SUZB3,53.33,54.28,53.25,53.58,53.58,3981400,53.33,54.28,53.25,53.58,1.0,54.28,53.25,0,3981400,14112,213780308.0,1,02,010,BRSUZBACNOR0,127,ON      NM,SUZANO S.A.
2022-05-30,SUZB3,SUZB3,54.5,54.71,53.37,53.66,53.66,2301900,54.5,54.71,53.37,53.66,1.0,54.71,53.37,0,2301900,9393,123661448.0,1,02,010,BRSUZBACNOR0,127,ON      NM,SUZANO S.A.
2022-05-31,SUZB3,SUZB3,54.28,54.29,52.9,53.5,53.5,8894000,54.28,54.29,52.9,53.5,1.0,54.29,52.9,0,8894000,16767,475241232.0,1,02,010,BRSUZBACNOR0,127,ON      NM,SUZANO S.A.
2022-06-01,SUZB3,SUZB3,53.5,54.39,53.09,53.78,53.78,4073500,53.5,54.39,53.09,53.78,1.0,54.39,53.09,0,4073500,14730,219291372.0,1,02,010,BRSUZBACNOR0,127,ON      NM,SUZANO S.A.
2022-06-02,SUZB3,SUZB3,54.4,54.4,53.35,54.02,54.02,3369700,54.4,54.4,53.35,54.02,1.0,54.4,53.35,0,3369700,11734,181628064.0,1,02,010,BRSUZBACNOR0,127,ON      NM,SUZANO S.A.
2022-06-03,SUZB3,SUZB3,54.03,54.03,52.75,52.83,52.83,2511800,54.03,54.03,52.75,52.83,1.0,54.03,52.75,0,2511800,10703,133293682.0,1,02,010,BRSUZBACNOR0,127,ON      NM,SUZANO S.A.
2022-06-06,SUZB3,SUZB3,53.12,53.68,52.96,53.41,53.41,2040100,53.12,53.68,52.96,53.41,1.0,53.68,52.96,0,2040100,8960,108990766.0,1,02,010,BRSUZBACNOR0,127,ON      NM,SUZANO S.A.
2022-06-07,SUZB3,SUZB3,53.6,54.69,53.6,54.29,54.29,3976000,53.6,54.69,53.6,54.29,1.0,54.69,53.6,0,3976000,15649,215870765.0,1,02,010,BRSUZBACNOR0,127,ON      NM,SUZANO S.A.
2022-06-08,SUZB3,SUZB3,54.28,54.29,52.15,52.57,52.57,3833500,54.28,54.29,52.15,52.57,1.0,54.29,52.15,0,3833500,17299,202298165.0,1,02,010,BRSUZBACNOR0,127,ON      NM,SUZANO S.A.
2022-06-09,SUZB3,SUZB3,52.55,52.65,51.52,51.85,51.85,3749800,52.55,52.65,51.52,51.85,1.0,52.65,51.52,0,3749800,17556,194783184.0,1,02,010,BRSUZBACNOR0,127,ON      NM,SUZANO S.A.
2022-06-10,SUZB3,SUZB3,51.93,51.93,50.75,51.69,51.69,4504200,51.93,51.93,50.75,51.69,1.0,51.93,50.75,0,4504200,16022,231714169.0,1,02,010,BRSUZBACNOR0,127,ON      NM,SUZANO S.A.
2022-06-13,SUZB3,SUZB3,51.35,52.28,50.72,52.05,52.05,6256300,51.35,52.28,50.72,52.05,1.0,52.28,50.72,0,6256300,21246,322712582.0,1,02,010,BRSUZBACNOR0,127,ON      NM,SUZANO S.A.
2022-06-14,SUZB3,SUZB3,51.92,51.92,49.94,50.7,50.7,7759200,51.92,51.92,49.94,50.7,1.0,51.92,49.94,0,7759200,23755,392560642.0,1,02,010,BRSUZBACNOR0,127,ON      NM,SUZANO S.A.
2022-06-15,SUZB3,SUZB3,51.15,51.46,50.0,50.11,50.11,8162000,51.15,51.46,50.0,50.11,1.0,51.46,50.0,0,8162000,23117,411951597.0,1,02,010,BRSUZBACNOR0,127,ON      NM,SUZANO S.A.
2022-06-17,SUZB3,SUZB3,49.51,50.5,48.06,49.09,49.09,19818800,49.51,50.5,48.06,49.09,1.0,50.5,48.06,0,19818800,48126,976461910.0,1,02,010,BRSUZBACNOR0,127,ON      NM,SUZANO S.A.
2022-06-20,SUZB3,SUZB3,49.19,49.71,48.51,49.01,49.01,2415400,49.19,49.71,48.51,49.01,1.0,49.71,48.51,0,2415400,12319,118589014.0,1,02,010,BRSUZBACNOR0,127,ON      NM,SUZANO S.A.
2022-06-21,SUZB3,SUZB3,48.98,49.75,48.62,48.63,48.63,4604000,48.98,49.75,48.62,48.63,1.0,49.75,48.62,0,4604000,18329,225283429.0,1,02,010,BRSUZBACNOR0,127,ON      NM,SUZANO S.A.
2022-06-22,SUZB3,SUZB3,48.19,48.26,46.38,47.12,47.12,6648400,48.19,48.26,46.38,47.12,1.0,48.26,46.38,0,6648400,23642,313142800.0,1,02,010,BRSUZBACNOR0,127,ON      NM,SUZANO S.A.
2022-06-23,SUZB3,SUZB3,47.11,47.6,44.91,45.63,45.63,10660300,47.11,47.6,44.91,45.63,1.0,47.6,44.91,0,10660300,36135,487936947.0,1,02,010,BRSUZBACNOR0,127,ON      NM,SUZANO S.A.
2022-06-24,SUZB3,SUZB3,47.15,48.15,46.73,47.85,47.85,12651600,47.15,48.15,46.73,47.85,1.0,48.15,46.73,0,12651600,39882,601361680.0,1,02,010,BRSUZBACNOR0,127,ON      NM,SUZANO S.A.
2022-06-27,SUZB3,SUZB3,48.16,49.99,48.0,48.88,48.88,5033000,48.16,49.99,48.0,48.88,1.0,49.99,48.0,0,5033000,19804,247398281.0,1,02,010,BRSUZBACNOR0,127,ON      NM,SUZANO S.A.
2022-06-28,SUZB3,SUZB3,49.54,50.41,49.21,49.43,49.43,5703600,49.54,50.41,49.21,49.43,1.0,50.41,49.21,0,5703600,24196,283943625.0,1,02,010,BRSUZBACNOR0,127,ON      NM,SUZANO S.A.
2022-06-29,SUZB3,SUZB3,49.6,49.91,48.4,48.85,48.85,4590200,49.6,49.91,48.4,48.85,1.0,49.91,48.4,0,4590200,21165,224940756.0,1,02,010,BRSUZBACNOR0,127,ON      NM,SUZANO S.A.
2022-06-30,SUZB3,SUZB3,47.99,50.77,47.95,49.69,49.69,8993300,47.99,50.77,47.95,49.69,1.0,50.77,47.95,0,8993300,35994,447959963.0,1,02,010,BRSUZBACNOR0,127,ON      NM,SUZANO S.A.
2022-07-01,SUZB3,SUZB3,49.71,50.8,49.26,50.45,50.45,5992400,49.71,50.8,49.26,50.45,1.0,50.8,49.26,0,5992400,21335,301182745.0,1,02,010,BRSUZBACNOR0,127,ON      NM,SUZANO S.A.
2022-07-04,SUZB3,SUZB3,50.3,50.58,49.82,50.37,50.37,2372900,50.3,50.58,49.82,50.37,1.0,50.58,49.82,0,2372900,10167,119305482.0,1,02,010,BRSUZBACNOR0,127,ON      NM,SUZANO S.A.
2022-07-05,SUZB3,SUZB3,50.17,50.35,48.83,48.9,48.9,5289700,50.17,50.35,48.83,48.9,1.0,50.35,48.83,0,5289700,23623,260119095.0,1,02,010,BRSUZBACNOR0,127,ON      NM,SUZANO S.A.
2022-07-06,SUZB3,SUZB3,48.54,49.74,48.24,49.33,49.33,4737600,48.54,49.74,48.24,49.33,1.0,49.74,48.24,0,4737600,21708,233088421.0,1,02,010,BRSUZBACNOR0,127,ON      NM,SUZANO S.A.
2022-07-07,SUZB3,SUZB3,49.83,50.45,48.94,48.99,48.99,4169600,49.83,50.45,48.94,48.99,1.0,50.45,48.94,0,4169600,19082,205874636.0,1,02,010,BRSUZBACNOR0,127,ON      NM,SUZANO S.A.
2022-07-08,SUZB3,SUZB3,48.86,49.45,47.55,47.59,47.59,4178100,48.86,49.45,47.55,47.59,1.0,49.45,47.55,0,4178100,16709,200257540.0,1,02,010,BRSUZBACNOR0,127,ON      NM,SUZANO S.A.
2022-07-11,SUZB3,SUZB3,47.03,48.11,46.8,47.66,47.66,4184000,47.03,48.11,46.8,47.66,1.0,48.11,46.8,0,4184000,15295,199614441.0,1,02,010,BRSUZBACNOR0,127,ON      NM,SUZANO S.A.
2022-07-12,SUZB3,SUZB3,47.57,48.05,47.05,47.6,47.6,4802600,47.57,48.05,47.05,47.6,1.0,48.05,47.05,0,4802600,16582,228612158.0,1,02,010,BRSUZBACNOR0,127,ON      NM,SUZANO S.A.
2022-07-13,SUZB3,SUZB3,47.46,47.46,46.03,46.26,46.26,4147000,47.46,47.46,46.03,46.26,1.0,47.46,46.03,0,4147000,16104,192943836.0,1,02,010,BRSUZBACNOR0,127,ON      NM,SUZANO S.A.
2022-07-14,SUZB3,SUZB3,45.89,46.14,44.7,45.0,45.0,7292300,45.89,46.14,44.7,45.0,1.0,46.14,44.7,0,7292300,22366,329470068.0,1,02,010,BRSUZBACNOR0,127,ON      NM,SUZANO S.A.
2022-07-15,SUZB3,SUZB3,45.09,45.15,43.81,43.94,43.94,7749600,45.09,45.15,43.81,43.94,1.0,45.15,43.81,0,7749600,25655,342696483.0,1,02,010,BRSUZBACNOR0,127,ON      NM,SUZANO S.A.
2022-07-18,SUZB3,SUZB3,44.1,44.79,43.6,43.76,43.76,6714500,44.1,44.79,43.6,43.76,1.0,44.79,43.6,0,6714500,23540,296121622.0,1,02,010,BRSUZBACNOR0,127,ON      NM,SUZANO S.A.
2022-07-19,SUZB3,SUZB3,43.76,46.15,43.51,45.95,45.95,5364800,43.76,46.15,43.51,45.95,1.0,46.15,43.51,0,5364800,19618,243525048.0,1,02,010,BRSUZBACNOR0,127,ON      NM,SUZANO S.A.
2022-07-20,SUZB3,SUZB3,45.7,45.8,44.7,45.0,45.0,5924900,45.7,45.8,44.7,45.0,1.0,45.8,44.7,0,5924900,27395,266824434.0,1,02,010,BRSUZBACNOR0,127,ON      NM,SUZANO S.A.
2022-07-21,SUZB3,SUZB3,44.8,45.78,43.6,45.64,45.64,6169000,44.8,45.78,43.6,45.64,1.0,45.78,43.6,0,6169000,24612,277751776.0,1,02,010,BRSUZBACNOR0,127,ON      NM,SUZANO S.A.
2022-07-22,SUZB3,SUZB3,45.4,47.05,45.4,46.91,46.91,4704000,45.4,47.05,45.4,46.91,1.0,47.05,45.4,0,4704000,18570,219054055.0,1,02,010,BRSUZBACNOR0,127,ON      NM,SUZANO S.A.
2022-07-25,SUZB3,SUZB3,46.8,47.19,46.07,46.14,46.14,3251600,46.8,47.19,46.07,46.14,1.0,47.19,46.07,0,3251600,12101,151239967.0,1,02,010,BRSUZBACNOR0,127,ON      NM,SUZANO S.A.
2022-07-26,SUZB3,SUZB3,46.15,46.4,45.4,45.52,45.52,2175100,46.15,46.4,45.4,45.52,1.0,46.4,45.4,0,2175100,9846,99113448.0,1,02,010,BRSUZBACNOR0,127,ON      NM,SUZANO S.A.
2022-07-27,SUZB3,SUZB3,45.68,46.93,45.68,46.85,46.85,5454300,45.68,46.93,45.68,46.85,1.0,46.93,45.68,0,5454300,23528,254087462.0,1,02,010,BRSUZBACNOR0,127,ON      NM,SUZANO S.A.
2022-07-28,SUZB3,SUZB3,47.31,47.62,46.24,46.95,46.95,7782300,47.31,47.62,46.24,46.95,1.0,47.62,46.24,0,7782300,29913,363836628.0,1,02,010,BRSUZBACNOR0,127,ON      NM,SUZANO S.A.
2022-07-29,SUZB3,SUZB3,46.86,48.98,46.45,48.29,48.29,7372600,46.86,48.98,46.45,48.29,1.0,48.98,46.45,0,7372600,29888,356183797.0,1,02,010,BRSUZBACNOR0,127,ON      NM,SUZANO S.A.
2022-08-01,SUZB3,SUZB3,48.36,48.36,46.95,47.47,47.47,7127600,48.36,48.36,46.95,47.47,1.0,48.36,46.95,0,7127600,27285,338294146.0,1,02,010,BRSUZBACNOR0,127,ON      NM,SUZANO S.A.
2022-08-02,SUZB3,SUZB3,47.65,48.59,47.41,47.86,47.86,4379000,47.65,48.59,47.41,47.86,1.0,48.59,47.41,0,4379000,25348,210347337.0,1,02,010,BRSUZBACNOR0,127,ON      NM,SUZANO S.A.
2022-08-03,SUZB3,SUZB3,47.61,48.05,46.87,47.33,47.33,4451900,47.61,48.05,46.87,47.33,1.0,48.05,46.87,0,4451900,19721,210235275.0,1,02,010,BRSUZBACNOR0,127,ON      NM,SUZANO S.A.
2022-08-04,SUZB3,SUZB3,47.68,47.68,46.69,47.18,47.18,4318300,47.68,47.68,46.69,47.18,1.0,47.68,46.69,0,4318300,23687,203504435.0,1,02,010,BRSUZBACNOR0,127,ON      NM,SUZANO S.A.
2022-08-05,SUZB3,SUZB3,47.5,48.76,47.5,47.79,47.79,4252100,47.5,48.76,47.5,47.79,1.0,48.76,47.5,0,4252100,23680,204618608.0,1,02,010,BRSUZBACNOR0,127,ON      NM,SUZANO S.A.
2022-08-08,SUZB3,SUZB3,48.36,48.95,47.74,48.58,48.58,4052900,48.36,48.95,47.74,48.58,1.0,48.95,47.74,0,4052900,21831,196319714.0,1,02,010,BRSUZBACNOR0,127,ON      NM,SUZANO S.A.
2022-08-09,SUZB3,SUZB3,48.7,49.95,48.66,49.07,49.07,4046400,48.7,49.95,48.66,49.07,1.0,49.95,48.66,0,4046400,17462,199691386.0,1,02,010,BRSUZBACNOR0,127,ON      NM,SUZANO S.A.
2022-08-10,SUZB3,SUZB3,49.36,49.88,48.23,49.02,49.02,4541700,49.36,49.88,48.23,49.02,1.0,49.88,48.23,0,4541700,21195,221365465.0,1,02,010,BRSUZBACNOR0,127,ON      NM,SUZANO S.A.
2022-08-11,SUZB3,SUZB3,49.58,50.08,49.21,49.45,49.45,3614400,49.58,50.08,49.21,49.45,1.0,50.08,49.21,0,3614400,16568,179284455.0,1,02,010,BRSUZBACNOR0,127,ON      NM,SUZANO S.A.
2022-08-12,SUZB3,SUZB3,50.08,50.49,49.48,50.17,50.17,3781200,50.08,50.49,49.48,50.17,1.0,50.49,49.48,0,3781200,15698,189286360.0,1,02,010,BRSUZBACNOR0,127,ON      NM,SUZANO S.A.
2022-08-15,SUZB3,SUZB3,49.78,49.96,48.45,48.87,48.87,6463300,49.78,49.96,48.45,48.87,1.0,49.96,48.45,0,6463300,30268,316679989.0,1,02,010,BRSUZBACNOR0,127,ON      NM,SUZANO S.A.
2022-08-16,SUZB3,SUZB3,48.9,50.16,48.84,49.91,49.91,3761900,48.9,50.16,48.84,49.91,1.0,50.16,48.84,0,3761900,16805,186954629.0,1,02,010,BRSUZBACNOR0,127,ON      NM,SUZANO S.A.
2022-08-17,SUZB3,SUZB3,49.79,51.4,49.55,51.0,51.0,7136500,49.79,51.4,49.55,51.0,1.0,51.4,49.55,0,7136500,24541,362886827.0,1,02,010,BRSUZBACNOR0,127,ON      NM,SUZANO S.A.
2022-08-18,SUZB3,SUZB3,51.15,51.4,50.43,50.64,50.64,3253200,51.15,51.4,50.43,50.64,1.0,51.4,50.43,0,3253200,11479,165165250.0,1,02,010,BRSUZBACNOR0,127,ON      NM,SUZANO S.A.
2022-08-19,SUZB3,SUZB3,50.53,50.64,49.73,49.97,49.97,4335600,50.53,50.64,49.73,49.97,1.0,50.64,49.73,0,4335600,21680,216979796.0,1,02,010,BRSUZBACNOR0,127,ON      NM,SUZANO S.A.
2022-08-22,SUZB3,SUZB3,50.07,50.07,48.63,48.73,48.73,5876000,50.07,50.07,48.63,48.73,1.0,50.07,48.63,0,5876000,25808,287783141.0,1,02,010,BRSUZBACNOR0,127,ON      NM,SUZANO S.A.
2022-08-23,SUZB3,SUZB3,48.71,50.28,48.15,49.51,49.51,4834400,48.71,50.28,48.15,49.51,1.0,50.28,48.15,0,4834400,23444,239467138.0,1,02,010,BRSUZBACNOR0,127,ON      NM,SUZANO S.A.
2022-08-24,SUZB3,SUZB3,48.45,48.88,47.35,47.91,47.91,14335900,48.45,48.88,47.35,47.91,1.0,48.88,47.35,0,14335900,49726,687789563.0,1,02,010,BRSUZBACNOR0,127,ON      NM,SUZANO S.A.
2022-08-25,SUZB3,SUZB3,48.33,48.6,46.99,47.32,47.32,8220500,48.33,48.6,46.99,47.32,1.0,48.6,46.99,0,8220500,30410,391315081.0,1,02,010,BRSUZBACNOR0,127,ON      NM,SUZANO S.A.
2022-08-26,SUZB3,SUZB3,47.37,47.69,45.26,45.35,45.35,12994100,47.37,47.69,45.26,45.35,1.0,47.69,45.26,0,12994100,45072,597068490.0,1,02,010,BRSUZBACNOR0,127,ON      NM,SUZANO S.A.
2022-08-29,SUZB3,SUZB3,45.6,46.2,45.12,45.29,45.29,5609200,45.6,46.2,45.12,45.29,1.0,46.2,45.12,0,5609200,27558,255064011.0,1,02,010,BRSUZBACNOR0,127,ON      NM,SUZANO S.A.
2022-08-30,SUZB3,SUZB3,45.67,46.15,45.11,45.11,45.11,5003400,45.67,46.15,45.11,45.11,1.0,46.15,45.11,0,5003400,24693,227483120.0,1,02,010,BRSUZBACNOR0,127,ON      NM,SUZANO S.A.
2022-08-31,SUZB3,SUZB3,45.59,45.64,44.26,44.26,44.26,6978400,45.59,45.64,44.26,44.26,1.0,45.64,44.26,0,6978400,22178,312114966.0,1,02,010,BRSUZBACNOR0,127,ON      NM,SUZANO S.A.
2022-09-01,SUZB3,SUZB3,44.48,44.77,43.58,44.0,44.0,7728200,44.48,44.77,43.58,44.0,1.0,44.77,43.58,0,7728200,29488,340623317.0,1,02,010,BRSUZBACNOR0,127,ON      NM,SUZANO S.A.
2022-09-02,SUZB3,SUZB3,44.22,44.6,43.26,43.52,43.52,7427100,44.22,44.6,43.26,43.52,1.0,44.6,43.26,0,7427100,22814,325099270.0,1,02,010,BRSUZBACNOR0,127,ON      NM,SUZANO S.A.
2022-09-05,SUZB3,SUZB3,43.86,44.97,43.5,44.73,44.73,4036300,43.86,44.97,43.5,44.73,1.0,44.97,43.5,0,4036300,13870,178877479.0,1,02,010,BRSUZBACNOR0,127,ON      NM,SUZANO S.A.
2022-09-06,SUZB3,SUZB3,44.2,45.49,44.2,44.98,44.98,6240500,44.2,45.49,44.2,44.98,1.0,45.49,44.2,0,6240500,27809,280879341.0,1,02,010,BRSUZBACNOR0,127,ON      NM,SUZANO S.A.
2022-09-08,SUZB3,SUZB3,45.19,45.19,43.98,43.98,43.98,4745600,45.19,45.19,43.98,43.98,1.0,45.19,43.98,0,4745600,16607,209756299.0,1,02,010,BRSUZBACNOR0,127,ON      NM,SUZANO S.A.
2022-09-09,SUZB3,SUZB3,44.29,45.33,44.01,45.11,45.11,3109800,44.29,45.33,44.01,45.11,1.0,45.33,44.01,0,3109800,15652,139693600.0,1,02,010,BRSUZBACNOR0,127,ON      NM,SUZANO S.A.
2022-09-12,SUZB3,SUZB3,45.13,45.9,45.11,45.47,45.47,2290500,45.13,45.9,45.11,45.47,1.0,45.9,45.11,0,2290500,11733,103918695.0,1,02,010,BRSUZBACNOR0,127,ON      NM,SUZANO S.A.
2022-09-13,SUZB3,SUZB3,45.48,45.91,44.3,44.32,44.32,5489100,45.48,45.91,44.3,44.32,1.0,45.91,44.3,0,5489100,29579,246105909.0,1,02,010,BRSUZBACNOR0,127,ON      NM,SUZANO S.A.
2022-09-14,SUZB3,SUZB3,44.56,45.09,44.13,44.47,44.47,3581700,44.56,45.09,44.13,44.47,1.0,45.09,44.13,0,3581700,18216,159450322.0,1,02,010,BRSUZBACNOR0,127,ON      NM,SUZANO S.A.
2022-09-15,SUZB3,SUZB3,44.6,44.71,43.83,43.83,43.83,3130900,44.6,44.71,43.83,43.83,1.0,44.71,43.83,0,3130900,14545,137917381.0,1,02,010,BRSUZBACNOR0,127,ON      NM,SUZANO S.A.
2022-09-16,SUZB3,SUZB3,43.98,44.61,43.36,43.61,43.61,8641600,43.98,44.61,43.36,43.61,1.0,44.61,43.36,0,8641600,26645,377770608.0,1,02,010,BRSUZBACNOR0,127,ON      NM,SUZANO S.A.
2022-09-19,SUZB3,SUZB3,43.8,44.34,43.04,44.14,44.14,3659500,43.8,44.34,43.04,44.14,1.0,44.34,43.04,0,3659500,14466,160768931.0,1,02,010,BRSUZBACNOR0,127,ON      NM,SUZANO S.A.
2022-09-20,SUZB3,SUZB3,44.35,44.47,43.54,44.03,44.03,3909800,44.35,44.47,43.54,44.03,1.0,44.47,43.54,0,3909800,14787,171710982.0,1,02,010,BRSUZBACNOR0,127,ON      NM,SUZANO S.A.
2022-09-21,SUZB3,SUZB3,44.2,44.51,43.3,43.32,43.32,5975300,44.2,44.51,43.3,43.32,1.0,44.51,43.3,0,5975300,14463,259732437.0,1,02,010,BRSUZBACNOR0,127,ON      NM,SUZANO S.A.
2022-09-22,SUZB3,SUZB3,43.9,44.39,43.15,44.17,44.17,4797500,43.9,44.39,43.15,44.17,1.0,44.39,43.15,0,4797500,19923,210371189.0,1,02,010,BRSUZBACNOR0,127,ON      NM,SUZANO S.A.
2022-09-23,SUZB3,SUZB3,43.7,43.91,42.15,42.54,42.54,5775300,43.7,43.91,42.15,42.54,1.0,43.91,42.15,0,5775300,22467,246430986.0,1,02,010,BRSUZBACNOR0,127,ON      NM,SUZANO S.A.
2022-09-26,SUZB3,SUZB3,42.44,42.86,41.9,42.46,42.46,5381500,42.44,42.86,41.9,42.46,1.0,42.86,41.9,0,5381500,23884,227661582.0,1,02,010,BRSUZBACNOR0,127,ON      NM,SUZANO S.A.
2022-09-27,SUZB3,SUZB3,43.21,44.77,42.78,43.33,43.33,7517600,43.21,44.77,42.78,43.33,1.0,44.77,42.78,0,7517600,25697,328080592.0,1,02,010,BRSUZBACNOR0,127,ON      NM,SUZANO S.A.
2022-09-28,SUZB3,SUZB3,43.54,44.1,43.12,43.5,43.5,3725200,43.54,44.1,43.12,43.5,1.0,44.1,43.12,0,3725200,19558,162507656.0,1,02,010,BRSUZBACNOR0,127,ON      NM,SUZANO S.A.
2022-09-29,SUZB3,SUZB3,43.18,43.66,42.91,43.23,43.23,4812100,43.18,43.66,42.91,43.23,1.0,43.66,42.91,0,4812100,18963,207881760.0,1,02,010,BRSUZBACNOR0,127,ON      NM,SUZANO S.A.
2022-09-30,SUZB3,SUZB3,43.33,44.7,42.96,44.5,44.5,7160600,43.33,44.7,42.96,44.5,1.0,44.7,42.96,0,7160600,23489,316593344.0,1,02,010,BRSUZBACNOR0,127,ON      NM,SUZANO S.A.
2022-10-03,SUZB3,SUZB3,44.68,45.74,44.22,45.41,45.41,4401800,44.68,45.74,44.22,45.41,1.0,45.74,44.22,0,4401800,22177,199070718.0,1,02,010,BRSUZBACNOR0,127,ON      NM,SUZANO S.A.
2022-10-04,SUZB3,SUZB3,46.2,46.74,45.55,45.77,45.77,6815600,46.2,46.74,45.55,45.77,1.0,46.74,45.55,0,6815600,24100,313374486.0,1,02,010,BRSUZBACNOR0,127,ON      NM,SUZANO S.A.
2022-10-05,SUZB3,SUZB3,45.73,47.1,45.73,46.94,46.94,5396100,45.73,47.1,45.73,46.94,1.0,47.1,45.73,0,5396100,23317,251291484.0,1,02,010,BRSUZBACNOR0,127,ON      NM,SUZANO S.A.
2022-10-06,SUZB3,SUZB3,47.07,47.26,46.66,46.76,46.76,2619400,47.07,47.26,46.66,46.76,1.0,47.26,46.66,0,2619400,11855,122745473.0,1,02,010,BRSUZBACNOR0,127,ON      NM,SUZANO S.A.
2022-10-07,SUZB3,SUZB3,46.76,47.27,46.34,46.39,46.39,2403400,46.76,47.27,46.34,46.39,1.0,47.27,46.34,0,2403400,11386,112042609.0,1,02,010,BRSUZBACNOR0,127,ON      NM,SUZANO S.A.
2022-10-10,SUZB3,SUZB3,46.65,48.46,46.32,48.25,48.25,4648400,46.65,48.46,46.32,48.25,1.0,48.46,46.32,0,4648400,17245,222170352.0,1,02,010,BRSUZBACNOR0,127,ON      NM,SUZANO S.A.
2022-10-11,SUZB3,SUZB3,48.38,48.71,47.27,47.63,47.63,3754200,48.38,48.71,47.27,47.63,1.0,48.71,47.27,0,3754200,19443,178964679.0,1,02,010,BRSUZBACNOR0,127,ON      NM,SUZANO S.A.
2022-10-13,SUZB3,SUZB3,47.66,48.17,46.68,47.79,47.79,4136000,47.66,48.17,46.68,47.79,1.0,48.17,46.68,0,4136000,17297,197001898.0,1,02,010,BRSUZBACNOR0,127,ON      NM,SUZANO S.A.
2022-10-14,SUZB3,SUZB3,47.91,49.1,47.59,47.79,47.79,4254300,47.91,49.1,47.59,47.79,1.0,49.1,47.59,0,4254300,18633,205497038.0,1,02,010,BRSUZBACNOR0,127,ON      NM,SUZANO S.A.
2022-10-17,SUZB3,SUZB3,47.86,49.74,47.83,49.43,49.43,4629400,47.86,49.74,47.83,49.43,1.0,49.74,47.83,0,4629400,20544,227278488.0,1,02,010,BRSUZBACNOR0,127,ON      NM,SUZANO S.A.
2022-10-18,SUZB3,SUZB3,49.78,50.48,49.08,49.66,49.66,4854200,49.78,50.48,49.08,49.66,1.0,50.48,49.08,0,4854200,18289,241397851.0,1,02,010,BRSUZBACNOR0,127,ON      NM,SUZANO S.A.
2022-10-19,SUZB3,SUZB3,49.91,50.07,48.96,49.22,49.22,3351200,49.91,50.07,48.96,49.22,1.0,50.07,48.96,0,3351200,13584,164870264.0,1,02,010,BRSUZBACNOR0,127,ON      NM,SUZANO S.A.
2022-10-20,SUZB3,SUZB3,49.5,49.75,48.71,49.6,49.6,5175000,49.5,49.75,48.71,49.6,1.0,49.75,48.71,0,5175000,20269,255613434.0,1,02,010,BRSUZBACNOR0,127,ON      NM,SUZANO S.A.
2022-10-21,SUZB3,SUZB3,49.54,49.94,48.52,49.69,49.69,4510700,49.54,49.94,48.52,49.69,1.0,49.94,48.52,0,4510700,21458,223193498.0,1,02,010,BRSUZBACNOR0,127,ON      NM,SUZANO S.A.
2022-10-24,SUZB3,SUZB3,49.93,52.08,49.93,51.42,51.42,7534800,49.93,52.08,49.93,51.42,1.0,52.08,49.93,0,7534800,28796,386443285.0,1,02,010,BRSUZBACNOR0,127,ON      NM,SUZANO S.A.
2022-10-25,SUZB3,SUZB3,51.99,52.48,51.66,52.03,52.03,7085500,51.99,52.48,51.66,52.03,1.0,52.48,51.66,0,7085500,30469,368378546.0,1,02,010,BRSUZBACNOR0,127,ON      NM,SUZANO S.A.
2022-10-26,SUZB3,SUZB3,51.6,53.26,51.55,52.8,52.8,14058400,51.6,53.26,51.55,52.8,1.0,53.26,51.55,0,14058400,36384,743126134.0,1,02,010,BRSUZBACNOR0,127,ON      NM,SUZANO S.A.
2022-10-27,SUZB3,SUZB3,53.3,53.48,51.88,53.12,53.12,7576800,53.3,53.48,51.88,53.12,1.0,53.48,51.88,0,7576800,27483,401058946.0,1,02,010,BRSUZBACNOR0,127,ON      NM,SUZANO S.A.
2022-10-28,SUZB3,SUZB3,54.95,55.29,53.49,55.11,55.11,13843500,54.95,55.29,53.49,55.11,1.0,55.29,53.49,0,13843500,40166,757335927.0,1,02,010,BRSUZBACNOR0,127,ON      NM,SUZANO S.A.
2022-10-31,SUZB3,SUZB3,55.14,55.4,52.82,53.2,53.2,9200600,55.14,55.4,52.82,53.2,1.0,55.4,52.82,0,9200600,40691,495401719.0,1,02,010,BRSUZBACNOR0,127,ON      NM,SUZANO S.A.
2022-11-01,SUZB3,SUZB3,52.86,53.7,52.62,52.87,52.87,7011300,52.86,53.7,52.62,52.87,1.0,53.7,52.62,0,7011300,28302,373008500.0,1,02,010,BRSUZBACNOR0,127,ON      NM,SUZANO S.A.
2022-11-03,SUZB3,SUZB3,53.0,54.0,51.72,53.92,53.92,4294300,53.0,54.0,51.72,53.92,1.0,54.0,51.72,0,4294300,19897,229042758.0,1,02,010,BRSUZBACNOR0,127,ON      NM,SUZANO S.A.
2022-11-04,SUZB3,SUZB3,55.0,55.57,53.9,54.48,54.48,4114500,55.0,55.57,53.9,54.48,1.0,55.57,53.9,0,4114500,21111,224792859.0,1,02,010,BRSUZBACNOR0,127,ON      NM,SUZANO S.A.
2022-11-07,SUZB3,SUZB3,54.49,55.32,53.62,54.98,54.98,6964400,54.49,55.32,53.62,54.98,1.0,55.32,53.62,0,6964400,28037,381223751.0,1,02,010,BRSUZBACNOR0,127,ON      NM,SUZANO S.A.
2022-11-08,SUZB3,SUZB3,55.12,56.38,54.9,55.45,55.45,5420400,55.12,56.38,54.9,55.45,1.0,56.38,54.9,0,5420400,24005,302031880.0,1,02,010,BRSUZBACNOR0,127,ON      NM,SUZANO S.A.
2022-11-09,SUZB3,SUZB3,55.28,56.26,54.74,55.12,55.12,3970000,55.28,56.26,54.74,55.12,1.0,56.26,54.74,0,3970000,21442,220232558.0,1,02,010,BRSUZBACNOR0,127,ON      NM,SUZANO S.A.
2022-11-10,SUZB3,SUZB3,54.81,56.79,54.81,56.38,56.38,11591100,54.81,56.79,54.81,56.38,1.0,56.79,54.81,0,11591100,46707,649620318.0,1,02,010,BRSUZBACNOR0,127,ON      NM,SUZANO S.A.
2022-11-11,SUZB3,SUZB3,56.5,59.21,56.26,58.25,58.25,10440100,56.5,59.21,56.26,58.25,1.0,59.21,56.26,0,10440100,45980,608171092.0,1,02,010,BRSUZBACNOR0,127,ON      NM,SUZANO S.A.
2022-11-14,SUZB3,SUZB3,58.98,58.98,56.96,57.74,57.74,5699500,58.98,58.98,56.96,57.74,1.0,58.98,56.96,0,5699500,24833,328863051.0,1,02,010,BRSUZBACNOR0,127,ON      NM,SUZANO S.A.
2022-11-16,SUZB3,SUZB3,57.73,59.24,57.51,58.6,58.6,12822400,57.73,59.24,57.51,58.6,1.0,59.24,57.51,0,12822400,32582,753985939.0,1,02,010,BRSUZBACNOR0,127,ON      NM,SUZANO S.A.
2022-11-17,SUZB3,SUZB3,58.46,59.88,57.53,57.94,57.94,8463800,58.46,59.88,57.53,57.94,1.0,59.88,57.53,0,8463800,37159,493182265.0,1,02,010,BRSUZBACNOR0,127,ON      NM,SUZANO S.A.
2022-11-18,SUZB3,SUZB3,57.21,58.05,56.23,57.57,57.57,10485000,57.21,58.05,56.23,57.57,1.0,58.05,56.23,0,10485000,44604,600740190.0,1,02,010,BRSUZBACNOR0,127,ON      NM,SUZANO S.A.
2022-11-21,SUZB3,SUZB3,57.83,57.83,55.35,55.92,55.92,11439600,57.83,57.83,55.35,55.92,1.0,57.83,55.35,0,11439600,36359,643027293.0,1,02,010,BRSUZBACNOR0,127,ON      NM,SUZANO S.A.
2022-11-22,SUZB3,SUZB3,55.96,56.98,55.59,56.08,56.08,6942400,55.96,56.98,55.59,56.08,1.0,56.98,55.59,0,6942400,28482,390468157.0,1,02,010,BRSUZBACNOR0,127,ON      NM,SUZANO S.A.
2022-11-23,SUZB3,SUZB3,56.32,56.72,55.21,55.71,55.71,5571100,56.32,56.72,55.21,55.71,1.0,56.72,55.21,0,5571100,25975,310926564.0,1,02,010,BRSUZBACNOR0,127,ON      NM,SUZANO S.A.
2022-11-24,SUZB3,SUZB3,55.82,56.31,54.99,55.95,55.95,2441100,55.82,56.31,54.99,55.95,1.0,56.31,54.99,0,2441100,11980,136129682.0,1,02,010,BRSUZBACNOR0,127,ON      NM,SUZANO S.A.
2022-11-25,SUZB3,SUZB3,55.9,56.65,54.48,54.94,54.94,5962200,55.9,56.65,54.48,54.94,1.0,56.65,54.48,0,5962200,33580,330567574.0,1,02,010,BRSUZBACNOR0,127,ON      NM,SUZANO S.A.
2022-11-28,SUZB3,SUZB3,55.1,55.34,54.1,54.94,54.94,3685700,55.1,55.34,54.1,54.94,1.0,55.34,54.1,0,3685700,19761,201817442.0,1,02,010,BRSUZBACNOR0,127,ON      NM,SUZANO S.A.
2022-11-29,SUZB3,SUZB3,55.1,55.7,53.09,53.31,53.31,9078800,55.1,55.7,53.09,53.31,1.0,55.7,53.09,0,9078800,35542,491093340.0,1,02,010,BRSUZBACNOR0,127,ON      NM,SUZANO S.A.
2022-11-30,SUZB3,SUZB3,53.44,53.85,52.3,53.15,53.15,12138600,53.44,53.85,52.3,53.15,1.0,53.85,52.3,0,12138600,44573,643333383.0,1,02,010,BRSUZBACNOR0,127,ON      NM,SUZANO S.A.
2022-12-01,SUZB3,SUZB3,52.81,53.59,52.36,53.17,53.17,4314500,52.81,53.59,52.36,53.17,1.0,53.59,52.36,0,4314500,20486,228376265.0,1,02,010,BRSUZBACNOR0,127,ON      NM,SUZANO S.A.
2022-12-02,SUZB3,SUZB3,51.5,52.39,50.11,51.38,51.38,10509500,51.5,52.39,50.11,51.38,1.0,52.39,50.11,0,10509500,36225,540124081.0,1,02,010,BRSUZBACNOR0,127,ON      NM,SUZANO S.A.
2022-12-05,SUZB3,SUZB3,51.66,52.71,51.31,52.51,52.51,6677400,51.66,52.71,51.31,52.51,1.0,52.71,51.31,0,6677400,28343,346838845.0,1,02,010,BRSUZBACNOR0,127,ON      NM,SUZANO S.A.
2022-12-06,SUZB3,SUZB3,52.69,53.95,52.14,53.3,53.3,6055200,52.69,53.95,52.14,53.3,1.0,53.95,52.14,0,6055200,27482,321783147.0,1,02,010,BRSUZBACNOR0,127,ON      NM,SUZANO S.A.
2022-12-07,SUZB3,SUZB3,53.69,53.8,52.26,53.05,53.05,4844200,53.69,53.8,52.26,53.05,1.0,53.8,52.26,0,4844200,21420,255710197.0,1,02,010,BRSUZBACNOR0,127,ON      NM,SUZANO S.A.
2022-12-08,SUZB3,SUZB3,53.43,54.31,52.57,53.1,53.1,6093100,53.43,54.31,52.57,53.1,1.0,54.31,52.57,0,6093100,22032,325695358.0,1,02,010,BRSUZBACNOR0,127,ON      NM,SUZANO S.A.
2022-12-09,SUZB3,SUZB3,53.54,55.1,52.78,54.99,54.99,4385300,53.54,55.1,52.78,54.99,1.0,55.1,52.78,0,4385300,18979,238727721.0,1,02,010,BRSUZBACNOR0,127,ON      NM,SUZANO S.A.
2022-12-12,SUZB3,SUZB3,55.06,55.46,54.15,54.89,54.89,4564600,55.06,55.46,54.15,54.89,1.0,55.46,54.15,0,4564600,21638,250644855.0,1,02,010,BRSUZBACNOR0,127,ON      NM,SUZANO S.A.
2022-12-13,SUZB3,SUZB3,54.95,55.07,51.12,51.36,51.36,12246200,54.95,55.07,51.12,51.36,1.0,55.07,51.12,0,12246200,47246,639623270.0,1,02,010,BRSUZBACNOR0,127,ON      NM,SUZANO S.A.
2022-12-14,SUZB3,SUZB3,51.57,53.43,51.5,52.5,52.5,11648800,51.57,53.43,51.5,52.5,1.0,53.43,51.5,0,11648800,39917,611297363.0,1,02,010,BRSUZBACNOR0,127,ON      NM,SUZANO S.A.
2022-12-15,SUZB3,SUZB3,51.08,52.63,51.0,51.77,51.77,5470200,51.08,52.63,51.0,51.77,1.0,52.63,51.0,0,5470200,20433,282844305.0,1,02,010,BRSUZBACNOR0,127,ON      NM,SUZANO S.A.
2022-12-16,SUZB3,SUZB3,51.9,52.22,51.16,51.43,51.43,6340500,51.9,52.22,51.16,51.43,1.0,52.22,51.16,0,6340500,17142,326260086.0,1,02,010,BRSUZBACNOR0,127,ON      NM,SUZANO S.A.
2022-12-19,SUZB3,SUZB3,49.9,50.34,48.33,48.83,48.83,5789900,49.9,50.34,48.33,48.83,1.0,50.34,48.33,0,5789900,21545,285236908.0,1,02,010,BRSUZBACNOR0,128,ON  ED  NM,SUZANO S.A.
2022-12-20,SUZB3,SUZB3,48.51,49.58,47.86,48.54,48.54,10860200,48.51,49.58,47.86,48.54,1.0,49.58,47.86,0,10860200,40045,524989608.0,1,02,010,BRSUZBACNOR0,128,ON  ED  NM,SUZANO S.A.
2022-12-21,SUZB3,SUZB3,49.01,49.12,47.88,48.41,48.41,13828800,49.01,49.12,47.88,48.41,1.0,49.12,47.88,0,13828800,24355,668209985.0,1,02,010,BRSUZBACNOR0,128,ON  ED  NM,SUZANO S.A.
2022-12-22,SUZB3,SUZB3,48.5,48.58,47.84,48.14,48.14,4631000,48.5,48.58,47.84,48.14,1.0,48.58,47.84,0,4631000,16988,223159858.0,1,02,010,BRSUZBACNOR0,128,ON  ED  NM,SUZANO S.A.
2022-12-23,SUZB3,SUZB3,47.72,47.93,46.5,46.84,46.84,7148400,47.72,47.93,46.5,46.84,1.0,47.93,46.5,0,7148400,24341,335170966.0,1,02,010,BRSUZBACNOR0,128,ON  ED  NM,SUZANO S.A.
2022-12-26,SUZB3,SUZB3,46.82,46.86,46.0,46.18,46.18,2785400,46.82,46.86,46.0,46.18,1.0,46.86,46.0,0,2785400,11571,128970396.0,1,02,010,BRSUZBACNOR0,128,ON  ED  NM,SUZANO S.A.
2022-12-27,SUZB3,SUZB3,46.41,47.66,46.3,47.5,47.5,4618000,46.41,47.66,46.3,47.5,1.0,47.66,46.3,0,4618000,18690,217712663.0,1,02,010,BRSUZBACNOR0,128,ON  ED  NM,SUZANO S.A.
2022-12-28,SUZB3,SUZB3,47.9,48.8,47.84,48.13,48.13,4013000,47.9,48.8,47.84,48.13,1.0,48.8,47.84,0,4013000,16823,193716475.0,1,02,010,BRSUZBACNOR0,128,ON  ED  NM,SUZANO S.A.
2022-12-29,SUZB3,SUZB3,48.37,48.57,47.63,48.24,48.24,4351800,48.37,48.57,47.63,48.24,1.0,48.57,47.63,0,4351800,15236,210123670.0,1,02,010,BRSUZBACNOR0,128,ON      NM,SUZANO S.A.
2023-01-02,SUZB3,SUZB3,48.24,49.16,47.61,48.98,48.98,2981100,48.24,49.16,47.61,48.98,1.0,49.16,47.61,0,2981100,16995,145120611.0,1,02,010,BRSUZBACNOR0,128,ON      NM,SUZANO S.A.
2023-01-03,SUZB3,SUZB3,48.6,49.85,48.42,49.85,49.85,6224500,48.6,49.85,48.42,49.85,1.0,49.85,48.42,0,6224500,26189,307020682.0,1,02,010,BRSUZBACNOR0,128,ON      NM,SUZANO S.A.
2023-01-04,SUZB3,SUZB3,50.0,50.73,49.7,49.95,49.95,4347400,50.0,50.73,49.7,49.95,1.0,50.73,49.7,0,4347400,18006,217662360.0,1,02,010,BRSUZBACNOR0,128,ON      NM,SUZANO S.A.
2023-01-05,SUZB3,SUZB3,49.96,50.67,49.71,50.26,50.26,4531200,49.96,50.67,49.71,50.26,1.0,50.67,49.71,0,4531200,18675,227738108.0,1,02,010,BRSUZBACNOR0,128,ON      NM,SUZANO S.A.
2023-01-06,SUZB3,SUZB3,50.56,50.7,49.6,49.94,49.94,6782000,50.56,50.7,49.6,49.94,1.0,50.7,49.6,0,6782000,11867,339925677.0,1,02,010,BRSUZBACNOR0,128,ON      NM,SUZANO S.A.
2023-01-09,SUZB3,SUZB3,49.75,50.99,49.71,50.61,50.61,3115600,49.75,50.99,49.71,50.61,1.0,50.99,49.71,0,3115600,14930,157903846.0,1,02,010,BRSUZBACNOR0,128,ON      NM,SUZANO S.A.
2023-01-10,SUZB3,SUZB3,50.51,50.69,49.78,49.98,49.98,2988900,50.51,50.69,49.78,49.98,1.0,50.69,49.78,0,2988900,13818,149706818.0,1,02,010,BRSUZBACNOR0,128,ON      NM,SUZANO S.A.
2023-01-11,SUZB3,SUZB3,50.05,50.05,48.48,49.25,49.25,6017500,50.05,50.05,48.48,49.25,1.0,50.05,48.48,0,6017500,25015,295991799.0,1,02,010,BRSUZBACNOR0,128,ON      NM,SUZANO S.A.
2023-01-12,SUZB3,SUZB3,49.25,50.6,49.06,50.26,50.26,6502800,49.25,50.6,49.06,50.26,1.0,50.6,49.06,0,6502800,33734,325629949.0,1,02,010,BRSUZBACNOR0,128,ON      NM,SUZANO S.A.
2023-01-13,SUZB3,SUZB3,50.34,51.06,49.9,50.43,50.43,4533300,50.34,51.06,49.9,50.43,1.0,51.06,49.9,0,4533300,18860,229191517.0,1,02,010,BRSUZBACNOR0,128,ON      NM,SUZANO S.A.
2023-01-16,SUZB3,SUZB3,50.51,50.97,49.73,50.61,50.61,2662100,50.51,50.97,49.73,50.61,1.0,50.97,49.73,0,2662100,12558,134454302.0,1,02,010,BRSUZBACNOR0,128,ON      NM,SUZANO S.A.
2023-01-17,SUZB3,SUZB3,50.7,51.68,50.26,51.22,51.22,8397000,50.7,51.68,50.26,51.22,1.0,51.68,50.26,0,8397000,28677,429912385.0,1,02,010,BRSUZBACNOR0,128,ON      NM,SUZANO S.A.
2023-01-18,SUZB3,SUZB3,51.63,51.7,49.38,49.86,49.86,8008300,51.63,51.7,49.38,49.86,1.0,51.7,49.38,0,8008300,29622,401006010.0,1,02,010,BRSUZBACNOR0,128,ON      NM,SUZANO S.A.
2023-01-19,SUZB3,SUZB3,49.86,50.64,49.13,49.34,49.34,4982800,49.86,50.64,49.13,49.34,1.0,50.64,49.13,0,4982800,17797,247687788.0,1,02,010,BRSUZBACNOR0,128,ON      NM,SUZANO S.A.
2023-01-20,SUZB3,SUZB3,49.2,49.2,47.14,47.14,47.14,10725900,49.2,49.2,47.14,47.14,1.0,49.2,47.14,0,10725900,31223,513476078.0,1,02,010,BRSUZBACNOR0,128,ON      NM,SUZANO S.A.
2023-01-23,SUZB3,SUZB3,47.09,47.83,46.7,46.98,46.98,7027000,47.09,47.83,46.7,46.98,1.0,47.83,46.7,0,7027000,19787,331494692.0,1,02,010,BRSUZBACNOR0,128,ON      NM,SUZANO S.A.
2023-01-24,SUZB3,SUZB3,47.11,48.15,46.78,47.51,47.51,4969900,47.11,48.15,46.78,47.51,1.0,48.15,46.78,0,4969900,18647,236179348.0,1,02,010,BRSUZBACNOR0,128,ON      NM,SUZANO S.A.
2023-01-25,SUZB3,SUZB3,47.18,47.39,46.32,46.77,46.77,5200800,47.18,47.39,46.32,46.77,1.0,47.39,46.32,0,5200800,21804,242719907.0,1,02,010,BRSUZBACNOR0,128,ON      NM,SUZANO S.A.
2023-01-26,SUZB3,SUZB3,45.76,46.26,44.82,45.4,45.4,8842000,45.76,46.26,44.82,45.4,1.0,46.26,44.82,0,8842000,30503,403134095.0,1,02,010,BRSUZBACNOR0,128,ON      NM,SUZANO S.A.
2023-01-27,SUZB3,SUZB3,45.2,45.56,44.15,45.08,45.08,9519200,45.2,45.56,44.15,45.08,1.0,45.56,44.15,0,9519200,36275,427494721.0,1,02,010,BRSUZBACNOR0,128,ON      NM,SUZANO S.A.
2023-01-30,SUZB3,SUZB3,45.22,46.54,44.58,46.28,46.28,5977000,45.22,46.54,44.58,46.28,1.0,46.54,44.58,0,5977000,26702,274803359.0,1,02,010,BRSUZBACNOR0,128,ON      NM,SUZANO S.A.
2023-01-31,SUZB3,SUZB3,46.62,47.33,45.98,46.36,46.36,6352900,46.62,47.33,45.98,46.36,1.0,47.33,45.98,0,6352900,29862,295940544.0,1,02,010,BRSUZBACNOR0,128,ON      NM,SUZANO S.A.
2023-02-01,SUZB3,SUZB3,46.2,47.14,46.02,46.75,46.75,4120200,46.2,47.14,46.02,46.75,1.0,47.14,46.02,0,4120200,19448,191874166.0,1,02,010,BRSUZBACNOR0,128,ON      NM,SUZANO S.A.
2023-02-02,SUZB3,SUZB3,46.35,46.75,44.71,45.02,45.02,8506500,46.35,46.75,44.71,45.02,1.0,46.75,44.71,0,8506500,31791,385064572.0,1,02,010,BRSUZBACNOR0,128,ON      NM,SUZANO S.A.
2023-02-03,SUZB3,SUZB3,44.71,48.31,44.4,46.31,46.31,13947900,44.71,48.31,44.4,46.31,1.0,48.31,44.4,0,13947900,45951,651115330.0,1,02,010,BRSUZBACNOR0,128,ON      NM,SUZANO S.A.
2023-02-06,SUZB3,SUZB3,46.63,46.64,45.8,45.96,45.96,5216600,46.63,46.64,45.8,45.96,1.0,46.64,45.8,0,5216600,18256,241037588.0,1,02,010,BRSUZBACNOR0,128,ON      NM,SUZANO S.A.
2023-02-07,SUZB3,SUZB3,46.1,46.73,45.52,46.06,46.06,4399300,46.1,46.73,45.52,46.06,1.0,46.73,45.52,0,4399300,16731,202874586.0,1,02,010,BRSUZBACNOR0,128,ON      NM,SUZANO S.A.
2023-02-08,SUZB3,SUZB3,46.14,46.22,45.72,45.95,45.95,3594400,46.14,46.22,45.72,45.95,1.0,46.22,45.72,0,3594400,11039,165095272.0,1,02,010,BRSUZBACNOR0,128,ON      NM,SUZANO S.A.
2023-02-09,SUZB3,SUZB3,45.95,47.09,45.9,46.3,46.3,4547700,45.95,47.09,45.9,46.3,1.0,47.09,45.9,0,4547700,17533,211348820.0,1,02,010,BRSUZBACNOR0,128,ON      NM,SUZANO S.A.
2023-02-10,SUZB3,SUZB3,46.1,46.6,45.98,46.4,46.4,2832200,46.1,46.6,45.98,46.4,1.0,46.6,45.98,0,2832200,13889,131172686.0,1,02,010,BRSUZBACNOR0,128,ON      NM,SUZANO S.A.
2023-02-13,SUZB3,SUZB3,46.39,47.15,46.24,46.71,46.71,3844900,46.39,47.15,46.24,46.71,1.0,47.15,46.24,0,3844900,15438,180068652.0,1,02,010,BRSUZBACNOR0,128,ON      NM,SUZANO S.A.
2023-02-14,SUZB3,SUZB3,46.72,47.52,46.4,46.95,46.95,6925400,46.72,47.52,46.4,46.95,1.0,47.52,46.4,0,6925400,22527,324921344.0,1,02,010,BRSUZBACNOR0,128,ON      NM,SUZANO S.A.
2023-02-15,SUZB3,SUZB3,47.06,48.18,46.62,48.18,48.18,6688500,47.06,48.18,46.62,48.18,1.0,48.18,46.62,0,6688500,20877,318577875.0,1,02,010,BRSUZBACNOR0,128,ON      NM,SUZANO S.A.
2023-02-16,SUZB3,SUZB3,48.18,48.84,47.4,47.76,47.76,5488500,48.18,48.84,47.4,47.76,1.0,48.84,47.4,0,5488500,19800,262878692.0,1,02,010,BRSUZBACNOR0,128,ON      NM,SUZANO S.A.
2023-02-17,SUZB3,SUZB3,47.77,48.23,46.6,46.96,46.96,3877300,47.77,48.23,46.6,46.96,1.0,48.23,46.6,0,3877300,15628,182322065.0,1,02,010,BRSUZBACNOR0,128,ON      NM,SUZANO S.A.
2023-02-22,SUZB3,SUZB3,46.66,46.66,45.72,46.04,46.04,3791400,46.66,46.66,45.72,46.04,1.0,46.66,45.72,0,3791400,19864,175020688.0,1,02,010,BRSUZBACNOR0,128,ON      NM,SUZANO S.A.
2023-02-23,SUZB3,SUZB3,45.94,46.68,45.72,46.15,46.15,1821800,45.94,46.68,45.72,46.15,1.0,46.68,45.72,0,1821800,9300,83982675.0,1,02,010,BRSUZBACNOR0,128,ON      NM,SUZANO S.A.
2023-02-24,SUZB3,SUZB3,46.15,46.49,45.64,46.15,46.15,3122400,46.15,46.49,45.64,46.15,1.0,46.49,45.64,0,3122400,12610,144105960.0,1,02,010,BRSUZBACNOR0,128,ON      NM,SUZANO S.A.
2023-02-27,SUZB3,SUZB3,46.15,46.8,46.02,46.34,46.34,1891700,46.15,46.8,46.02,46.34,1.0,46.8,46.02,0,1891700,10280,87942944.0,1,02,010,BRSUZBACNOR0,128,ON      NM,SUZANO S.A.
2023-02-28,SUZB3,SUZB3,46.14,47.95,46.14,47.74,47.74,5470300,46.14,47.95,46.14,47.74,1.0,47.95,46.14,0,5470300,19813,259813740.0,1,02,010,BRSUZBACNOR0,128,ON      NM,SUZANO S.A.
2023-03-01,SUZB3,SUZB3,48.09,48.43,45.76,46.77,46.77,7406800,48.09,48.43,45.76,46.77,1.0,48.43,45.76,0,7406800,34793,345868778.0,1,02,010,BRSUZBACNOR0,128,ON      NM,SUZANO S.A.
2023-03-02,SUZB3,SUZB3,46.81,47.76,46.56,46.7,46.7,4397500,46.81,47.76,46.56,46.7,1.0,47.76,46.56,0,4397500,19255,206493828.0,1,02,010,BRSUZBACNOR0,128,ON      NM,SUZANO S.A.
2023-03-03,SUZB3,SUZB3,46.79,48.38,46.7,48.2,48.2,9987500,46.79,48.38,46.7,48.2,1.0,48.38,46.7,0,9987500,29908,479470224.0,1,02,010,BRSUZBACNOR0,128,ON      NM,SUZANO S.A.
2023-03-06,SUZB3,SUZB3,48.38,48.68,47.42,47.78,47.78,5421300,48.38,48.68,47.42,47.78,1.0,48.68,47.42,0,5421300,23038,259695892.0,1,02,010,BRSUZBACNOR0,128,ON      NM,SUZANO S.A.
2023-03-07,SUZB3,SUZB3,47.92,48.24,47.3,47.75,47.75,3577300,47.92,48.24,47.3,47.75,1.0,48.24,47.3,0,3577300,16701,170761601.0,1,02,010,BRSUZBACNOR0,128,ON      NM,SUZANO S.A.
2023-03-08,SUZB3,SUZB3,47.91,48.09,47.0,47.44,47.44,4883200,47.91,48.09,47.0,47.44,1.0,48.09,47.0,0,4883200,17557,231224953.0,1,02,010,BRSUZBACNOR0,128,ON      NM,SUZANO S.A.
2023-03-09,SUZB3,SUZB3,47.32,47.62,46.26,46.47,46.47,5103500,47.32,47.62,46.26,46.47,1.0,47.62,46.26,0,5103500,15282,238326690.0,1,02,010,BRSUZBACNOR0,128,ON      NM,SUZANO S.A.
2023-03-10,SUZB3,SUZB3,46.38,46.65,45.01,45.07,45.07,5318900,46.38,46.65,45.01,45.07,1.0,46.65,45.01,0,5318900,20141,241554945.0,1,02,010,BRSUZBACNOR0,128,ON      NM,SUZANO S.A.
2023-03-13,SUZB3,SUZB3,44.9,45.56,44.38,44.58,44.58,3928600,44.9,45.56,44.38,44.58,1.0,45.56,44.38,0,3928600,16102,176174719.0,1,02,010,BRSUZBACNOR0,128,ON      NM,SUZANO S.A.
2023-03-14,SUZB3,SUZB3,44.71,45.3,44.58,44.97,44.97,3000100,44.71,45.3,44.58,44.97,1.0,45.3,44.58,0,3000100,15964,134896687.0,1,02,010,BRSUZBACNOR0,128,ON      NM,SUZANO S.A.
2023-03-15,SUZB3,SUZB3,44.51,44.73,43.92,44.22,44.22,4386500,44.51,44.73,43.92,44.22,1.0,44.73,43.92,0,4386500,22628,194268942.0,1,02,010,BRSUZBACNOR0,128,ON      NM,SUZANO S.A.
2023-03-16,SUZB3,SUZB3,44.3,44.98,43.84,43.99,43.99,3508700,44.3,44.98,43.84,43.99,1.0,44.98,43.84,0,3508700,13445,154875104.0,1,02,010,BRSUZBACNOR0,128,ON      NM,SUZANO S.A.
2023-03-17,SUZB3,SUZB3,43.93,44.14,43.32,43.59,43.59,7159900,43.93,44.14,43.32,43.59,1.0,44.14,43.32,0,7159900,13922,312254809.0,1,02,010,BRSUZBACNOR0,128,ON      NM,SUZANO S.A.
2023-03-20,SUZB3,SUZB3,43.73,43.85,42.89,43.23,43.23,2246700,43.73,43.85,42.89,43.23,1.0,43.85,42.89,0,2246700,10678,97222013.0,1,02,010,BRSUZBACNOR0,128,ON      NM,SUZANO S.A.
2023-03-21,SUZB3,SUZB3,43.14,43.52,42.81,42.95,42.95,3103800,43.14,43.52,42.81,42.95,1.0,43.52,42.81,0,3103800,8832,133550892.0,1,02,010,BRSUZBACNOR0,128,ON      NM,SUZANO S.A.
2023-03-22,SUZB3,SUZB3,42.83,43.38,42.68,42.88,42.88,2754200,42.83,43.38,42.68,42.88,1.0,43.38,42.68,0,2754200,11735,118345164.0,1,02,010,BRSUZBACNOR0,128,ON      NM,SUZANO S.A.
2023-03-23,SUZB3,SUZB3,42.95,43.77,41.92,42.24,42.24,5575800,42.95,43.77,41.92,42.24,1.0,43.77,41.92,0,5575800,23445,238192662.0,1,02,010,BRSUZBACNOR0,128,ON      NM,SUZANO S.A.
2023-03-24,SUZB3,SUZB3,42.34,42.84,41.85,42.63,42.63,4105500,42.34,42.84,41.85,42.63,1.0,42.84,41.85,0,4105500,20726,174171973.0,1,02,010,BRSUZBACNOR0,128,ON      NM,SUZANO S.A.
2023-03-27,SUZB3,SUZB3,42.63,42.88,41.92,41.99,41.99,4360200,42.63,42.88,41.92,41.99,1.0,42.88,41.92,0,4360200,16858,183784383.0,1,02,010,BRSUZBACNOR0,128,ON      NM,SUZANO S.A.
2023-03-28,SUZB3,SUZB3,42.1,42.8,41.94,42.28,42.28,2977900,42.1,42.8,41.94,42.28,1.0,42.8,41.94,0,2977900,14033,126062618.0,1,02,010,BRSUZBACNOR0,128,ON      NM,SUZANO S.A.
2023-03-29,SUZB3,SUZB3,42.5,43.39,42.5,43.07,43.07,3955700,42.5,43.39,42.5,43.07,1.0,43.39,42.5,0,3955700,19821,170122942.0,1,02,010,BRSUZBACNOR0,128,ON      NM,SUZANO S.A.
2023-03-30,SUZB3,SUZB3,43.7,44.0,42.85,43.05,43.05,5943600,43.7,44.0,42.85,43.05,1.0,44.0,42.85,0,5943600,30132,256550684.0,1,02,010,BRSUZBACNOR0,128,ON      NM,SUZANO S.A.
2023-03-31,SUZB3,SUZB3,43.27,43.61,41.6,41.6,41.6,14261800,43.27,43.61,41.6,41.6,1.0,43.61,41.6,0,14261800,40349,599626174.0,1,02,010,BRSUZBACNOR0,128,ON      NM,SUZANO S.A.
2023-04-03,SUZB3,SUZB3,41.8,42.86,41.41,42.74,42.74,6884200,41.8,42.86,41.41,42.74,1.0,42.86,41.41,0,6884200,20712,290292804.0,1,02,010,BRSUZBACNOR0,128,ON      NM,SUZANO S.A.
2023-04-04,SUZB3,SUZB3,42.9,43.36,42.35,42.35,42.35,4745000,42.9,43.36,42.35,42.35,1.0,43.36,42.35,0,4745000,21046,203862369.0,1,02,010,BRSUZBACNOR0,128,ON      NM,SUZANO S.A.
2023-04-05,SUZB3,SUZB3,42.43,42.62,40.36,40.98,40.98,11084000,42.43,42.62,40.36,40.98,1.0,42.62,40.36,0,11084000,30840,453245940.0,1,02,010,BRSUZBACNOR0,128,ON      NM,SUZANO S.A.
2023-04-06,SUZB3,SUZB3,40.99,41.41,40.26,40.36,40.36,6208300,40.99,41.41,40.26,40.36,1.0,41.41,40.26,0,6208300,16858,252511853.0,1,02,010,BRSUZBACNOR0,128,ON      NM,SUZANO S.A.
2023-04-10,SUZB3,SUZB3,40.25,41.56,39.9,41.14,41.14,4491400,40.25,41.56,39.9,41.14,1.0,41.56,39.9,0,4491400,17608,184381024.0,1,02,010,BRSUZBACNOR0,128,ON      NM,SUZANO S.A.
2023-04-11,SUZB3,SUZB3,41.27,42.66,41.27,42.55,42.55,7859000,41.27,42.66,41.27,42.55,1.0,42.66,41.27,0,7859000,27755,332432245.0,1,02,010,BRSUZBACNOR0,128,ON      NM,SUZANO S.A.
2023-04-12,SUZB3,SUZB3,42.56,43.0,41.96,42.2,42.2,6321400,42.56,43.0,41.96,42.2,1.0,43.0,41.96,0,6321400,27240,267859232.0,1,02,010,BRSUZBACNOR0,128,ON      NM,SUZANO S.A.
2023-04-13,SUZB3,SUZB3,42.29,42.46,41.15,41.31,41.31,7988400,42.29,42.46,41.15,41.31,1.0,42.46,41.15,0,7988400,26227,333331776.0,1,02,010,BRSUZBACNOR0,128,ON      NM,SUZANO S.A.
2023-04-14,SUZB3,SUZB3,41.0,41.22,40.41,40.49,40.49,6878700,41.0,41.22,40.41,40.49,1.0,41.22,40.41,0,6878700,28501,279615353.0,1,02,010,BRSUZBACNOR0,128,ON      NM,SUZANO S.A.
2023-04-17,SUZB3,SUZB3,40.51,40.72,40.06,40.46,40.46,5217800,40.51,40.72,40.06,40.46,1.0,40.72,40.06,0,5217800,18132,210541894.0,1,02,010,BRSUZBACNOR0,128,ON      NM,SUZANO S.A.
2023-04-18,SUZB3,SUZB3,40.6,41.42,40.46,41.17,41.17,4333100,40.6,41.42,40.46,41.17,1.0,41.42,40.46,0,4333100,18855,177383728.0,1,02,010,BRSUZBACNOR0,128,ON      NM,SUZANO S.A.
2023-04-19,SUZB3,SUZB3,41.2,41.79,40.96,41.19,41.19,4932800,41.2,41.79,40.96,41.19,1.0,41.79,40.96,0,4932800,18599,203761091.0,1,02,010,BRSUZBACNOR0,128,ON      NM,SUZANO S.A.
2023-04-20,SUZB3,SUZB3,41.0,41.28,40.22,40.3,40.3,4829200,41.0,41.28,40.22,40.3,1.0,41.28,40.22,0,4829200,18564,195491078.0,1,02,010,BRSUZBACNOR0,128,ON      NM,SUZANO S.A.
2023-04-24,SUZB3,SUZB3,40.0,40.21,39.01,39.67,39.67,9412300,40.0,40.21,39.01,39.67,1.0,40.21,39.01,0,9412300,27351,374369418.0,1,02,010,BRSUZBACNOR0,128,ON      NM,SUZANO S.A.
2023-04-25,SUZB3,SUZB3,39.75,39.8,38.64,38.8,38.8,6623200,39.75,39.8,38.64,38.8,1.0,39.8,38.64,0,6623200,18216,259450347.0,1,02,010,BRSUZBACNOR0,128,ON      NM,SUZANO S.A.
2023-04-26,SUZB3,SUZB3,39.02,39.24,38.25,38.26,38.26,10993300,39.02,39.24,38.25,38.26,1.0,39.24,38.25,0,10993300,24474,424635845.0,1,02,010,BRSUZBACNOR0,128,ON      NM,SUZANO S.A.
2023-04-27,SUZB3,SUZB3,38.36,38.76,37.81,38.0,38.0,7234200,38.36,38.76,37.81,38.0,1.0,38.76,37.81,0,7234200,21119,275909774.0,1,02,010,BRSUZBACNOR0,128,ON      NM,SUZANO S.A.
2023-04-28,SUZB3,SUZB3,37.55,39.88,37.15,39.8,39.8,22999700,37.55,39.88,37.15,39.8,1.0,39.88,37.15,0,22999700,55647,895690854.0,1,02,010,BRSUZBACNOR0,128,ON      NM,SUZANO S.A.
2023-05-02,SUZB3,SUZB3,40.35,41.5,40.1,40.68,40.68,15230400,40.35,41.5,40.1,40.68,1.0,41.5,40.1,0,15230400,43887,619273341.0,1,02,010,BRSUZBACNOR0,128,ON      NM,SUZANO S.A.
2023-05-03,SUZB3,SUZB3,40.97,41.63,40.05,40.1,40.1,10632800,40.97,41.63,40.05,40.1,1.0,41.63,40.05,0,10632800,39412,432624955.0,1,02,010,BRSUZBACNOR0,128,ON      NM,SUZANO S.A.
2023-05-04,SUZB3,SUZB3,40.12,40.88,39.53,39.6,39.6,8844700,40.12,40.88,39.53,39.6,1.0,40.88,39.53,0,8844700,27711,353063832.0,1,02,010,BRSUZBACNOR0,128,ON      NM,SUZANO S.A.
2023-05-05,SUZB3,SUZB3,40.0,41.98,39.76,41.61,41.61,11447900,40.0,41.98,39.76,41.61,1.0,41.98,39.76,0,11447900,31446,471151901.0,1,02,010,BRSUZBACNOR0,128,ON      NM,SUZANO S.A.
2023-05-08,SUZB3,SUZB3,41.75,42.45,41.65,41.87,41.87,9030600,41.75,42.45,41.65,41.87,1.0,42.45,41.65,0,9030600,21924,379279986.0,1,02,010,BRSUZBACNOR0,128,ON      NM,SUZANO S.A.
2023-05-09,SUZB3,SUZB3,41.56,41.97,41.35,41.5,41.5,4728300,41.56,41.97,41.35,41.5,1.0,41.97,41.35,0,4728300,18220,196900539.0,1,02,010,BRSUZBACNOR0,128,ON      NM,SUZANO S.A.
2023-05-10,SUZB3,SUZB3,41.7,41.97,41.21,41.69,41.69,6433400,41.7,41.97,41.21,41.69,1.0,41.97,41.21,0,6433400,18733,268499226.0,1,02,010,BRSUZBACNOR0,128,ON      NM,SUZANO S.A.
2023-05-11,SUZB3,SUZB3,41.76,41.94,40.86,41.57,41.57,10242800,41.76,41.94,40.86,41.57,1.0,41.94,40.86,0,10242800,23373,425170302.0,1,02,010,BRSUZBACNOR0,128,ON      NM,SUZANO S.A.
2023-05-12,SUZB3,SUZB3,41.38,42.81,41.09,42.44,42.44,10181600,41.38,42.81,41.09,42.44,1.0,42.81,41.09,0,10181600,26613,429391654.0,1,02,010,BRSUZBACNOR0,128,ON      NM,SUZANO S.A.
2023-05-15,SUZB3,SUZB3,42.77,43.82,42.6,42.91,42.91,5975200,42.77,43.82,42.6,42.91,1.0,43.82,42.6,0,5975200,16115,257088069.0,1,02,010,BRSUZBACNOR0,128,ON      NM,SUZANO S.A.
2023-05-16,SUZB3,SUZB3,42.92,43.85,42.82,43.71,43.71,7694300,42.92,43.85,42.82,43.71,1.0,43.85,42.82,0,7694300,22810,334534912.0,1,02,010,BRSUZBACNOR0,128,ON      NM,SUZANO S.A.
2023-05-17,SUZB3,SUZB3,44.15,44.51,43.64,43.73,43.73,5387300,44.15,44.51,43.64,43.73,1.0,44.51,43.64,0,5387300,23715,236469064.0,1,02,010,BRSUZBACNOR0,128,ON      NM,SUZANO S.A.
2023-05-18,SUZB3,SUZB3,44.2,45.47,44.14,45.35,45.35,9660700,44.2,45.47,44.14,45.35,1.0,45.47,44.14,0,9660700,30808,434874058.0,1,02,010,BRSUZBACNOR0,128,ON      NM,SUZANO S.A.
2023-05-19,SUZB3,SUZB3,45.6,45.98,45.09,45.42,45.42,7786900,45.6,45.98,45.09,45.42,1.0,45.98,45.09,0,7786900,19885,353984655.0,1,02,010,BRSUZBACNOR0,128,ON      NM,SUZANO S.A.
2023-05-22,SUZB3,SUZB3,45.62,45.9,45.06,45.18,45.18,3412000,45.62,45.9,45.06,45.18,1.0,45.9,45.06,0,3412000,13825,154898235.0,1,02,010,BRSUZBACNOR0,128,ON      NM,SUZANO S.A.
2023-05-23,SUZB3,SUZB3,46.85,47.56,45.86,45.86,45.86,11779200,46.85,47.56,45.86,45.86,1.0,47.56,45.86,0,11779200,35986,549081541.0,1,02,010,BRSUZBACNOR0,128,ON      NM,SUZANO S.A.
2023-05-24,SUZB3,SUZB3,45.5,45.5,44.46,44.59,44.59,5916400,45.5,45.5,44.46,44.59,1.0,45.5,44.46,0,5916400,24334,264869749.0,1,02,010,BRSUZBACNOR0,128,ON      NM,SUZANO S.A.
2023-05-25,SUZB3,SUZB3,44.83,45.1,44.09,44.12,44.12,5183100,44.83,45.1,44.09,44.12,1.0,45.1,44.09,0,5183100,21299,231049633.0,1,02,010,BRSUZBACNOR0,128,ON      NM,SUZANO S.A.
2023-05-26,SUZB3,SUZB3,44.63,45.7,44.62,45.35,45.35,3857200,44.63,45.7,44.62,45.35,1.0,45.7,44.62,0,3857200,18700,174888424.0,1,02,010,BRSUZBACNOR0,128,ON      NM,SUZANO S.A.
2023-05-29,SUZB3,SUZB3,45.67,45.82,45.16,45.38,45.38,1394400,45.67,45.82,45.16,45.38,1.0,45.82,45.16,0,1394400,7892,63437061.0,1,02,010,BRSUZBACNOR0,128,ON      NM,SUZANO S.A.
2023-05-30,SUZB3,SUZB3,45.93,46.1,44.83,45.12,45.12,4525700,45.93,46.1,44.83,45.12,1.0,46.1,44.83,0,4525700,14743,204486641.0,1,02,010,BRSUZBACNOR0,128,ON      NM,SUZANO S.A.
2023-05-31,SUZB3,SUZB3,45.39,45.74,44.78,44.78,44.78,7379200,45.39,45.74,44.78,44.78,1.0,45.74,44.78,0,7379200,12833,331557827.0,1,02,010,BRSUZBACNOR0,128,ON      NM,SUZANO S.A.
2023-06-01,SUZB3,SUZB3,45.02,45.18,44.51,45.0,45.0,11094200,45.02,45.18,44.51,45.0,1.0,45.18,44.51,0,11094200,28793,497752357.0,1,02,010,BRSUZBACNOR0,128,ON      NM,SUZANO S.A.
2023-06-02,SUZB3,SUZB3,45.31,46.9,45.23,46.42,46.42,8920100,45.31,46.9,45.23,46.42,1.0,46.9,45.23,0,8920100,26840,413836798.0,1,02,010,BRSUZBACNOR0,128,ON      NM,SUZANO S.A.
2023-06-05,SUZB3,SUZB3,47.05,47.43,46.27,46.81,46.81,4688600,47.05,47.43,46.27,46.81,1.0,47.43,46.27,0,4688600,16910,219322537.0,1,02,010,BRSUZBACNOR0,128,ON      NM,SUZANO S.A.
2023-06-06,SUZB3,SUZB3,46.75,47.21,46.43,46.94,46.94,5521700,46.75,47.21,46.43,46.94,1.0,47.21,46.43,0,5521700,20198,258754642.0,1,02,010,BRSUZBACNOR0,128,ON      NM,SUZANO S.A.
2023-06-07,SUZB3,SUZB3,47.3,47.31,45.78,45.83,45.83,8261400,47.3,47.31,45.78,45.83,1.0,47.31,45.78,0,8261400,20808,381347885.0,1,02,010,BRSUZBACNOR0,128,ON      NM,SUZANO S.A.
2023-06-09,SUZB3,SUZB3,46.23,46.23,45.09,45.24,45.24,8779200,46.23,46.23,45.09,45.24,1.0,46.23,45.09,0,8779200,28356,399604061.0,1,02,010,BRSUZBACNOR0,128,ON      NM,SUZANO S.A.
2023-06-12,SUZB3,SUZB3,45.53,46.85,45.23,46.7,46.7,4914600,45.53,46.85,45.23,46.7,1.0,46.85,45.23,0,4914600,19103,227471993.0,1,02,010,BRSUZBACNOR0,128,ON      NM,SUZANO S.A.
2023-06-13,SUZB3,SUZB3,46.82,47.41,46.45,47.05,47.05,5613000,46.82,47.41,46.45,47.05,1.0,47.41,46.45,0,5613000,19290,264004651.0,1,02,010,BRSUZBACNOR0,128,ON      NM,SUZANO S.A.
2023-06-14,SUZB3,SUZB3,47.5,48.24,46.38,46.65,46.65,12879100,47.5,48.24,46.38,46.65,1.0,48.24,46.38,0,12879100,33271,606549201.0,1,02,010,BRSUZBACNOR0,128,ON      NM,SUZANO S.A.
2023-06-15,SUZB3,SUZB3,46.65,48.8,46.0,48.34,48.34,13590400,46.65,48.8,46.0,48.34,1.0,48.8,46.0,0,13590400,39055,652254364.0,1,02,010,BRSUZBACNOR0,128,ON      NM,SUZANO S.A.
2023-06-16,SUZB3,SUZB3,48.04,48.52,47.67,48.3,48.3,12723200,48.04,48.52,47.67,48.3,1.0,48.52,47.67,0,12723200,25717,613802834.0,1,02,010,BRSUZBACNOR0,128,ON      NM,SUZANO S.A.
2023-06-19,SUZB3,SUZB3,48.15,48.43,47.37,47.7,47.7,3519600,48.15,48.43,47.37,47.7,1.0,48.43,47.37,0,3519600,10055,168358576.0,1,02,010,BRSUZBACNOR0,128,ON      NM,SUZANO S.A.
2023-06-20,SUZB3,SUZB3,47.62,47.67,46.86,47.44,47.44,4584800,47.62,47.67,46.86,47.44,1.0,47.67,46.86,0,4584800,20169,216853818.0,1,02,010,BRSUZBACNOR0,128,ON      NM,SUZANO S.A.
2023-06-21,SUZB3,SUZB3,47.45,47.51,46.21,46.48,46.48,6656500,47.45,47.51,46.21,46.48,1.0,47.51,46.21,0,6656500,21605,309420902.0,1,02,010,BRSUZBACNOR0,128,ON      NM,SUZANO S.A.
2023-06-22,SUZB3,SUZB3,46.22,46.44,45.51,45.86,45.86,4521700,46.22,46.44,45.51,45.86,1.0,46.44,45.51,0,4521700,18367,207042571.0,1,02,010,BRSUZBACNOR0,128,ON      NM,SUZANO S.A.
2023-06-23,SUZB3,SUZB3,45.95,46.09,45.12,45.94,45.94,5267200,45.95,46.09,45.12,45.94,1.0,46.09,45.12,0,5267200,20800,240641169.0,1,02,010,BRSUZBACNOR0,128,ON      NM,SUZANO S.A.
2023-06-26,SUZB3,SUZB3,46.02,46.35,45.54,45.61,45.61,5413900,46.02,46.35,45.54,45.61,1.0,46.35,45.54,0,5413900,14789,247859354.0,1,02,010,BRSUZBACNOR0,128,ON      NM,SUZANO S.A.
2023-06-27,SUZB3,SUZB3,45.8,45.93,44.59,44.84,44.84,4887600,45.8,45.93,44.59,44.84,1.0,45.93,44.59,0,4887600,22952,219650423.0,1,02,010,BRSUZBACNOR0,128,ON      NM,SUZANO S.A.
2023-06-28,SUZB3,SUZB3,44.87,45.66,44.16,44.17,44.17,5745000,44.87,45.66,44.16,44.17,1.0,45.66,44.16,0,5745000,24100,256942495.0,1,02,010,BRSUZBACNOR0,128,ON      NM,SUZANO S.A.
2023-06-29,SUZB3,SUZB3,44.19,44.43,43.56,44.05,44.05,4587900,44.19,44.43,43.56,44.05,1.0,44.43,43.56,0,4587900,21048,202041807.0,1,02,010,BRSUZBACNOR0,128,ON      NM,SUZANO S.A.
2023-06-30,SUZB3,SUZB3,44.3,44.61,43.6,44.22,44.22,6388400,44.3,44.61,43.6,44.22,1.0,44.61,43.6,0,6388400,25638,282404346.0,1,02,010,BRSUZBACNOR0,128,ON      NM,SUZANO S.A.
2023-07-03,SUZB3,SUZB3,44.31,45.49,44.0,44.22,44.22,11751000,44.31,45.49,44.0,44.22,1.0,45.49,44.0,0,11751000,19477,523970894.0,1,02,010,BRSUZBACNOR0,128,ON      NM,SUZANO S.A.
2023-07-04,SUZB3,SUZB3,44.2,44.87,43.98,44.73,44.73,3589300,44.2,44.87,43.98,44.73,1.0,44.87,43.98,0,3589300,15060,159492681.0,1,02,010,BRSUZBACNOR0,128,ON      NM,SUZANO S.A.
2023-07-05,SUZB3,SUZB3,44.6,45.16,44.15,44.45,44.45,4421400,44.6,45.16,44.15,44.45,1.0,45.16,44.15,0,4421400,20521,196709211.0,1,02,010,BRSUZBACNOR0,128,ON      NM,SUZANO S.A.
2023-07-06,SUZB3,SUZB3,44.19,44.65,43.84,44.11,44.11,3641000,44.19,44.65,43.84,44.11,1.0,44.65,43.84,0,3641000,16875,160857671.0,1,02,010,BRSUZBACNOR0,128,ON      NM,SUZANO S.A.
2023-07-07,SUZB3,SUZB3,44.1,45.13,44.08,44.51,44.51,3963800,44.1,45.13,44.08,44.51,1.0,45.13,44.08,0,3963800,17511,177155020.0,1,02,010,BRSUZBACNOR0,128,ON      NM,SUZANO S.A.
2023-07-10,SUZB3,SUZB3,44.37,44.48,43.92,44.03,44.03,2351300,44.37,44.48,43.92,44.03,1.0,44.48,43.92,0,2351300,12909,103835197.0,1,02,010,BRSUZBACNOR0,128,ON      NM,SUZANO S.A.
2023-07-11,SUZB3,SUZB3,44.0,44.26,43.68,44.05,44.05,7098300,44.0,44.26,43.68,44.05,1.0,44.26,43.68,0,7098300,16210,312349056.0,1,02,010,BRSUZBACNOR0,128,ON      NM,SUZANO S.A.
2023-07-12,SUZB3,SUZB3,44.39,44.5,43.91,44.18,44.18,2535400,44.39,44.5,43.91,44.18,1.0,44.5,43.91,0,2535400,10405,112143983.0,1,02,010,BRSUZBACNOR0,128,ON      NM,SUZANO S.A.
2023-07-13,SUZB3,SUZB3,44.32,44.96,44.19,44.37,44.37,3682600,44.32,44.96,44.19,44.37,1.0,44.96,44.19,0,3682600,15636,164250953.0,1,02,010,BRSUZBACNOR0,128,ON      NM,SUZANO S.A.
2023-07-14,SUZB3,SUZB3,44.42,44.66,44.15,44.55,44.55,2817500,44.42,44.66,44.15,44.55,1.0,44.66,44.15,0,2817500,10266,125188751.0,1,02,010,BRSUZBACNOR0,128,ON      NM,SUZANO S.A.
2023-07-17,SUZB3,SUZB3,44.73,45.09,44.22,44.4,44.4,3658900,44.73,45.09,44.22,44.4,1.0,45.09,44.22,0,3658900,10933,162665783.0,1,02,010,BRSUZBACNOR0,128,ON      NM,SUZANO S.A.
2023-07-18,SUZB3,SUZB3,44.5,44.8,44.16,44.57,44.57,2873700,44.5,44.8,44.16,44.57,1.0,44.8,44.16,0,2873700,11785,127727105.0,1,02,010,BRSUZBACNOR0,128,ON      NM,SUZANO S.A.
2023-07-19,SUZB3,SUZB3,44.67,44.67,43.28,43.47,43.47,4265800,44.67,44.67,43.28,43.47,1.0,44.67,43.28,0,4265800,13161,186090449.0,1,02,010,BRSUZBACNOR0,128,ON      NM,SUZANO S.A.
2023-07-20,SUZB3,SUZB3,43.55,43.97,43.5,43.65,43.65,2331800,43.55,43.97,43.5,43.65,1.0,43.97,43.5,0,2331800,9192,101893413.0,1,02,010,BRSUZBACNOR0,128,ON      NM,SUZANO S.A.
2023-07-21,SUZB3,SUZB3,43.6,44.11,43.29,44.06,44.06,3116900,43.6,44.11,43.29,44.06,1.0,44.11,43.29,0,3116900,11079,136905304.0,1,02,010,BRSUZBACNOR0,128,ON      NM,SUZANO S.A.
2023-07-24,SUZB3,SUZB3,43.92,45.06,43.6,45.02,45.02,6572700,43.92,45.06,43.6,45.02,1.0,45.06,43.6,0,6572700,16075,291464490.0,1,02,010,BRSUZBACNOR0,128,ON      NM,SUZANO S.A.
2023-07-25,SUZB3,SUZB3,45.16,45.84,44.81,45.23,45.23,3793300,45.16,45.84,44.81,45.23,1.0,45.84,44.81,0,3793300,15873,171440264.0,1,02,010,BRSUZBACNOR0,128,ON      NM,SUZANO S.A.
2023-07-26,SUZB3,SUZB3,44.82,46.65,44.82,46.47,46.47,6172200,44.82,46.65,44.82,46.47,1.0,46.65,44.82,0,6172200,17268,283074753.0,1,02,010,BRSUZBACNOR0,128,ON      NM,SUZANO S.A.
2023-07-27,SUZB3,SUZB3,46.53,47.41,46.3,47.2,47.2,3697200,46.53,47.41,46.3,47.2,1.0,47.41,46.3,0,3697200,16228,173713771.0,1,02,010,BRSUZBACNOR0,128,ON      NM,SUZANO S.A.
2023-07-28,SUZB3,SUZB3,47.26,47.31,46.42,47.21,47.21,3185200,47.26,47.31,46.42,47.21,1.0,47.31,46.42,0,3185200,16911,149816139.0,1,02,010,BRSUZBACNOR0,128,ON      NM,SUZANO S.A.
2023-07-31,SUZB3,SUZB3,47.39,48.61,47.34,48.07,48.07,4602700,47.39,48.61,47.34,48.07,1.0,48.61,47.34,0,4602700,19968,221766270.0,1,02,010,BRSUZBACNOR0,128,ON      NM,SUZANO S.A.
2023-08-01,SUZB3,SUZB3,48.11,48.88,47.93,48.38,48.38,3313900,48.11,48.88,47.93,48.38,1.0,48.88,47.93,0,3313900,15134,160676259.0,1,02,010,BRSUZBACNOR0,128,ON      NM,SUZANO S.A.
2023-08-02,SUZB3,SUZB3,48.37,48.37,47.67,47.89,47.89,3593800,48.37,48.37,47.67,47.89,1.0,48.37,47.67,0,3593800,13979,172097361.0,1,02,010,BRSUZBACNOR0,128,ON      NM,SUZANO S.A.
2023-08-03,SUZB3,SUZB3,48.4,50.47,48.07,49.64,49.64,9066500,48.4,50.47,48.07,49.64,1.0,50.47,48.07,0,9066500,33782,450167850.0,1,02,010,BRSUZBACNOR0,128,ON      NM,SUZANO S.A.
2023-08-04,SUZB3,SUZB3,49.45,51.5,49.25,50.27,50.27,7809700,49.45,51.5,49.25,50.27,1.0,51.5,49.25,0,7809700,24340,395223884.0,1,02,010,BRSUZBACNOR0,128,ON      NM,SUZANO S.A.
2023-08-07,SUZB3,SUZB3,50.65,51.0,50.18,50.52,50.52,3423500,50.65,51.0,50.18,50.52,1.0,51.0,50.18,0,3423500,14398,173004801.0,1,02,010,BRSUZBACNOR0,128,ON      NM,SUZANO S.A.
2023-08-08,SUZB3,SUZB3,50.49,50.49,49.42,49.75,49.75,3685900,50.49,50.49,49.42,49.75,1.0,50.49,49.42,0,3685900,13627,183599187.0,1,02,010,BRSUZBACNOR0,128,ON      NM,SUZANO S.A.
2023-08-09,SUZB3,SUZB3,49.7,49.8,48.45,49.3,49.3,4228500,49.7,49.8,48.45,49.3,1.0,49.8,48.45,0,4228500,20430,207580078.0,1,02,010,BRSUZBACNOR0,128,ON      NM,SUZANO S.A.
2023-08-10,SUZB3,SUZB3,49.49,49.92,49.19,49.35,49.35,2944100,49.49,49.92,49.19,49.35,1.0,49.92,49.19,0,2944100,9643,145696652.0,1,02,010,BRSUZBACNOR0,128,ON      NM,SUZANO S.A.
2023-08-11,SUZB3,SUZB3,49.45,50.4,49.31,50.17,50.17,6156500,49.45,50.4,49.31,50.17,1.0,50.4,49.31,0,6156500,18384,308531443.0,1,02,010,BRSUZBACNOR0,128,ON      NM,SUZANO S.A.
2023-08-14,SUZB3,SUZB3,50.47,51.05,49.71,50.92,50.92,4093400,50.47,51.05,49.71,50.92,1.0,51.05,49.71,0,4093400,18297,207748675.0,1,02,010,BRSUZBACNOR0,128,ON      NM,SUZANO S.A.
2023-08-15,SUZB3,SUZB3,51.4,51.4,49.83,50.04,50.04,2642800,51.4,51.4,49.83,50.04,1.0,51.4,49.83,0,2642800,11020,132996013.0,1,02,010,BRSUZBACNOR0,128,ON      NM,SUZANO S.A.
2023-08-16,SUZB3,SUZB3,50.0,50.85,49.44,49.91,49.91,7729200,50.0,50.85,49.44,49.91,1.0,50.85,49.44,0,7729200,21573,388707614.0,1,02,010,BRSUZBACNOR0,128,ON      NM,SUZANO S.A.
2023-08-17,SUZB3,SUZB3,50.23,50.85,49.82,50.4,50.4,6934400,50.23,50.85,49.82,50.4,1.0,50.85,49.82,0,6934400,21773,348960586.0,1,02,010,BRSUZBACNOR0,128,ON      NM,SUZANO S.A.
2023-08-18,SUZB3,SUZB3,50.6,51.5,50.16,50.68,50.68,6485200,50.6,51.5,50.16,50.68,1.0,51.5,50.16,0,6485200,21782,329270582.0,1,02,010,BRSUZBACNOR0,128,ON      NM,SUZANO S.A.
2023-08-21,SUZB3,SUZB3,50.61,50.84,49.83,50.08,50.08,2604300,50.61,50.84,49.83,50.08,1.0,50.84,49.83,0,2604300,11543,130745962.0,1,02,010,BRSUZBACNOR0,128,ON      NM,SUZANO S.A.
2023-08-22,SUZB3,SUZB3,50.29,50.38,49.5,49.85,49.85,2747500,50.29,50.38,49.5,49.85,1.0,50.38,49.5,0,2747500,13107,137033205.0,1,02,010,BRSUZBACNOR0,128,ON      NM,SUZANO S.A.
2023-08-23,SUZB3,SUZB3,49.83,49.92,49.14,49.48,49.48,3725900,49.83,49.92,49.14,49.48,1.0,49.92,49.14,0,3725900,18216,184261870.0,1,02,010,BRSUZBACNOR0,128,ON      NM,SUZANO S.A.
2023-08-24,SUZB3,SUZB3,49.64,49.64,48.81,49.35,49.35,2701500,49.64,49.64,48.81,49.35,1.0,49.64,48.81,0,2701500,11329,132812077.0,1,02,010,BRSUZBACNOR0,128,ON      NM,SUZANO S.A.
2023-08-25,SUZB3,SUZB3,49.12,50.13,49.12,49.9,49.9,2537500,49.12,50.13,49.12,49.9,1.0,50.13,49.12,0,2537500,10942,126005974.0,1,02,010,BRSUZBACNOR0,128,ON      NM,SUZANO S.A.
2023-08-28,SUZB3,SUZB3,49.86,50.37,49.56,50.3,50.3,3118600,49.86,50.37,49.56,50.3,1.0,50.37,49.56,0,3118600,15358,156142848.0,1,02,010,BRSUZBACNOR0,128,ON      NM,SUZANO S.A.
2023-08-29,SUZB3,SUZB3,50.3,51.19,50.3,51.15,51.15,2057400,50.3,51.19,50.3,51.15,1.0,51.19,50.3,0,2057400,9425,104818307.0,1,02,010,BRSUZBACNOR0,128,ON      NM,SUZANO S.A.
2023-08-30,SUZB3,SUZB3,51.15,51.88,50.68,50.83,50.83,3203000,51.15,51.88,50.68,50.83,1.0,51.88,50.68,0,3203000,11262,163273007.0,1,02,010,BRSUZBACNOR0,128,ON      NM,SUZANO S.A.
2023-08-31,SUZB3,SUZB3,50.81,51.2,50.15,50.15,50.15,4716300,50.81,51.2,50.15,50.15,1.0,51.2,50.15,0,4716300,12329,237523670.0,1,02,010,BRSUZBACNOR0,128,ON      NM,SUZANO S.A.
2023-09-01,SUZB3,SUZB3,50.32,51.37,50.32,51.1,51.1,4230000,50.32,51.37,50.32,51.1,1.0,51.37,50.32,0,4230000,14562,216099131.0,1,02,010,BRSUZBACNOR0,128,ON      NM,SUZANO S.A.
2023-09-04,SUZB3,SUZB3,50.93,51.47,50.65,50.97,50.97,1782800,50.93,51.47,50.65,50.97,1.0,51.47,50.65,0,1782800,6468,90979882.0,1,02,010,BRSUZBACNOR0,128,ON      NM,SUZANO S.A.
2023-09-05,SUZB3,SUZB3,51.05,51.39,50.44,50.67,50.67,2868800,51.05,51.39,50.44,50.67,1.0,51.39,50.44,0,2868800,13577,145993167.0,1,02,010,BRSUZBACNOR0,128,ON      NM,SUZANO S.A.
2023-09-06,SUZB3,SUZB3,50.82,50.98,49.77,49.86,49.86,3110200,50.82,50.98,49.77,49.86,1.0,50.98,49.77,0,3110200,12456,156016186.0,1,02,010,BRSUZBACNOR0,128,ON      NM,SUZANO S.A.
2023-09-08,SUZB3,SUZB3,48.64,49.06,47.48,48.8,48.8,6714800,48.64,49.06,47.48,48.8,1.0,49.06,47.48,0,6714800,25933,325958084.0,1,02,010,BRSUZBACNOR0,128,ON      NM,SUZANO S.A.
2023-09-11,SUZB3,SUZB3,48.88,50.35,48.46,49.97,49.97,5473700,48.88,50.35,48.46,49.97,1.0,50.35,48.46,0,5473700,17792,271718276.0,1,02,010,BRSUZBACNOR0,128,ON      NM,SUZANO S.A.
2023-09-12,SUZB3,SUZB3,49.96,50.5,49.8,50.27,50.27,2366000,49.96,50.5,49.8,50.27,1.0,50.5,49.8,0,2366000,10239,119004396.0,1,02,010,BRSUZBACNOR0,128,ON      NM,SUZANO S.A.
2023-09-13,SUZB3,SUZB3,50.05,50.58,49.67,50.25,50.25,3821000,50.05,50.58,49.67,50.25,1.0,50.58,49.67,0,3821000,16507,191566279.0,1,02,010,BRSUZBACNOR0,128,ON      NM,SUZANO S.A.
2023-09-14,SUZB3,SUZB3,50.22,51.46,50.09,51.23,51.23,6339200,50.22,51.46,50.09,51.23,1.0,51.46,50.09,0,6339200,22227,322697777.0,1,02,010,BRSUZBACNOR0,128,ON      NM,SUZANO S.A.
2023-09-15,SUZB3,SUZB3,51.39,52.67,51.08,52.53,52.53,11762200,51.39,52.67,51.08,52.53,1.0,52.67,51.08,0,11762200,24446,615727323.0,1,02,010,BRSUZBACNOR0,128,ON      NM,SUZANO S.A.
2023-09-18,SUZB3,SUZB3,52.49,52.8,51.8,52.05,52.05,3344100,52.49,52.8,51.8,52.05,1.0,52.8,51.8,0,3344100,16222,174394525.0,1,02,010,BRSUZBACNOR0,128,ON      NM,SUZANO S.A.
2023-09-19,SUZB3,SUZB3,52.05,52.79,51.59,52.78,52.78,4105100,52.05,52.79,51.59,52.78,1.0,52.79,51.59,0,4105100,14781,215012721.0,1,02,010,BRSUZBACNOR0,128,ON      NM,SUZANO S.A.
2023-09-20,SUZB3,SUZB3,52.78,54.92,52.76,54.89,54.89,12351000,52.78,54.92,52.76,54.89,1.0,54.92,52.76,0,12351000,32859,672252001.0,1,02,010,BRSUZBACNOR0,128,ON      NM,SUZANO S.A.
2023-09-21,SUZB3,SUZB3,54.6,56.55,54.4,56.01,56.01,24229700,54.6,56.55,54.4,56.01,1.0,56.55,54.4,0,24229700,39315,1350842151.0,1,02,010,BRSUZBACNOR0,128,ON      NM,SUZANO S.A.
2023-09-22,SUZB3,SUZB3,56.27,56.9,55.22,55.38,55.38,5176900,56.27,56.9,55.22,55.38,1.0,56.9,55.22,0,5176900,19845,288508057.0,1,02,010,BRSUZBACNOR0,128,ON      NM,SUZANO S.A.
2023-09-25,SUZB3,SUZB3,55.55,56.04,55.0,55.21,55.21,5081500,55.55,56.04,55.0,55.21,1.0,56.04,55.0,0,5081500,16894,281377737.0,1,02,010,BRSUZBACNOR0,128,ON      NM,SUZANO S.A.
2023-09-26,SUZB3,SUZB3,55.26,55.29,54.0,54.36,54.36,7515800,55.26,55.29,54.0,54.36,1.0,55.29,54.0,0,7515800,22015,409901187.0,1,02,010,BRSUZBACNOR0,128,ON      NM,SUZANO S.A.
2023-09-27,SUZB3,SUZB3,54.75,54.79,53.72,54.07,54.07,5864400,54.75,54.79,53.72,54.07,1.0,54.79,53.72,0,5864400,20833,316984803.0,1,02,010,BRSUZBACNOR0,128,ON      NM,SUZANO S.A.
2023-09-28,SUZB3,SUZB3,54.07,54.43,53.14,53.83,53.83,5702100,54.07,54.43,53.14,53.83,1.0,54.43,53.14,0,5702100,24856,305280865.0,1,02,010,BRSUZBACNOR0,128,ON      NM,SUZANO S.A.
2023-09-29,SUZB3,SUZB3,55.0,55.1,53.98,54.28,54.28,5343100,55.0,55.1,53.98,54.28,1.0,55.1,53.98,0,5343100,17756,291453089.0,1,02,010,BRSUZBACNOR0,128,ON      NM,SUZANO S.A.
2023-10-02,SUZB3,SUZB3,54.1,54.59,53.88,54.22,54.22,2162100,54.1,54.59,53.88,54.22,1.0,54.59,53.88,0,2162100,9468,117127228.0,1,02,010,BRSUZBACNOR0,128,ON      NM,SUZANO S.A.
2023-10-03,SUZB3,SUZB3,55.57,56.15,54.94,55.28,55.28,6852900,55.57,56.15,54.94,55.28,1.0,56.15,54.94,0,6852900,25003,378791966.0,1,02,010,BRSUZBACNOR0,128,ON      NM,SUZANO S.A.
2023-10-04,SUZB3,SUZB3,55.17,55.96,54.65,55.0,55.0,5216600,55.17,55.96,54.65,55.0,1.0,55.96,54.65,0,5216600,17708,287922679.0,1,02,010,BRSUZBACNOR0,128,ON      NM,SUZANO S.A.
2023-10-05,SUZB3,SUZB3,55.04,55.47,54.54,55.26,55.26,3314100,55.04,55.47,54.54,55.26,1.0,55.47,54.54,0,3314100,15764,182311448.0,1,02,010,BRSUZBACNOR0,128,ON      NM,SUZANO S.A.
2023-10-06,SUZB3,SUZB3,55.01,56.37,54.9,56.2,56.2,7272700,55.01,56.37,54.9,56.2,1.0,56.37,54.9,0,7272700,25550,406527665.0,1,02,010,BRSUZBACNOR0,128,ON      NM,SUZANO S.A.
2023-10-09,SUZB3,SUZB3,56.03,56.76,55.7,56.7,56.7,5389700,56.03,56.76,55.7,56.7,1.0,56.76,55.7,0,5389700,21736,303107522.0,1,02,010,BRSUZBACNOR0,128,ON      NM,SUZANO S.A.
2023-10-10,SUZB3,SUZB3,56.46,56.89,56.3,56.45,56.45,5551500,56.46,56.89,56.3,56.45,1.0,56.89,56.3,0,5551500,16122,314106598.0,1,02,010,BRSUZBACNOR0,128,ON      NM,SUZANO S.A.
2023-10-11,SUZB3,SUZB3,56.47,56.74,56.13,56.65,56.65,3654000,56.47,56.74,56.13,56.65,1.0,56.74,56.13,0,3654000,15443,206206934.0,1,02,010,BRSUZBACNOR0,128,ON      NM,SUZANO S.A.
2023-10-13,SUZB3,SUZB3,57.35,59.05,57.35,58.56,58.56,14322900,57.35,59.05,57.35,58.56,1.0,59.05,57.35,0,14322900,37806,833782592.0,1,02,010,BRSUZBACNOR0,128,ON      NM,SUZANO S.A.
2023-10-16,SUZB3,SUZB3,58.56,58.61,57.19,57.37,57.37,8275800,58.56,58.61,57.19,57.37,1.0,58.61,57.19,0,8275800,19960,476195111.0,1,02,010,BRSUZBACNOR0,128,ON      NM,SUZANO S.A.
2023-10-17,SUZB3,SUZB3,57.3,58.5,56.27,57.47,57.47,11036800,57.3,58.5,56.27,57.47,1.0,58.5,56.27,0,11036800,34645,634238811.0,1,02,010,BRSUZBACNOR0,128,ON      NM,SUZANO S.A.
2023-10-18,SUZB3,SUZB3,57.18,57.4,55.63,56.08,56.08,5957500,57.18,57.4,55.63,56.08,1.0,57.4,55.63,0,5957500,25734,335347486.0,1,02,010,BRSUZBACNOR0,128,ON      NM,SUZANO S.A.
2023-10-19,SUZB3,SUZB3,56.12,56.58,55.69,55.98,55.98,3437000,56.12,56.58,55.69,55.98,1.0,56.58,55.69,0,3437000,17129,192621952.0,1,02,010,BRSUZBACNOR0,128,ON      NM,SUZANO S.A.
2023-10-20,SUZB3,SUZB3,55.64,55.89,54.45,54.9,54.9,7544000,55.64,55.89,54.45,54.9,1.0,55.89,54.45,0,7544000,24063,414183263.0,1,02,010,BRSUZBACNOR0,128,ON      NM,SUZANO S.A.
2023-10-23,SUZB3,SUZB3,54.54,55.07,53.97,54.4,54.4,4812300,54.54,55.07,53.97,54.4,1.0,55.07,53.97,0,4812300,16466,261916847.0,1,02,010,BRSUZBACNOR0,128,ON      NM,SUZANO S.A.
2023-10-24,SUZB3,SUZB3,53.64,53.65,51.88,52.51,52.51,11999400,53.64,53.65,51.88,52.51,1.0,53.65,51.88,0,11999400,35090,631289757.0,1,02,010,BRSUZBACNOR0,128,ON      NM,SUZANO S.A.
2023-10-25,SUZB3,SUZB3,52.29,53.28,52.26,52.6,52.6,5051500,52.29,53.28,52.26,52.6,1.0,53.28,52.26,0,5051500,20364,266563037.0,1,02,010,BRSUZBACNOR0,128,ON      NM,SUZANO S.A.
2023-10-26,SUZB3,SUZB3,53.16,53.27,51.8,52.71,52.71,5220900,53.16,53.27,51.8,52.71,1.0,53.27,51.8,0,5220900,23567,273778771.0,1,02,010,BRSUZBACNOR0,128,ON      NM,SUZANO S.A.
2023-10-27,SUZB3,SUZB3,52.9,53.54,51.25,51.92,51.92,23690900,52.9,53.54,51.25,51.92,1.0,53.54,51.25,0,23690900,31682,1238429544.0,1,02,010,BRSUZBACNOR0,128,ON      NM,SUZANO S.A.
2023-10-30,SUZB3,SUZB3,52.06,52.38,51.39,51.65,51.65,4805400,52.06,52.38,51.39,51.65,1.0,52.38,51.39,0,4805400,20884,248648264.0,1,02,010,BRSUZBACNOR0,128,ON      NM,SUZANO S.A.
2023-10-31,SUZB3,SUZB3,51.7,52.74,51.5,51.57,51.57,7381900,51.7,52.74,51.5,51.57,1.0,52.74,51.5,0,7381900,24755,384494247.0,1,02,010,BRSUZBACNOR0,128,ON      NM,SUZANO S.A.
2023-11-01,SUZB3,SUZB3,51.43,51.89,51.3,51.45,51.45,4350500,51.43,51.89,51.3,51.45,1.0,51.89,51.3,0,4350500,19260,224485908.0,1,02,010,BRSUZBACNOR0,128,ON      NM,SUZANO S.A.
2023-11-03,SUZB3,SUZB3,51.3,51.64,50.41,51.16,51.16,13549200,51.3,51.64,50.41,51.16,1.0,51.64,50.41,0,13549200,30473,692592971.0,1,02,010,BRSUZBACNOR0,128,ON      NM,SUZANO S.A.
2023-11-06,SUZB3,SUZB3,51.43,52.28,51.38,51.89,51.89,4439600,51.43,52.28,51.38,51.89,1.0,52.28,51.38,0,4439600,19889,230291758.0,1,02,010,BRSUZBACNOR0,128,ON      NM,SUZANO S.A.
2023-11-07,SUZB3,SUZB3,51.49,52.86,51.47,52.06,52.06,7443800,51.49,52.86,51.47,52.06,1.0,52.86,51.47,0,7443800,19580,386599458.0,1,02,010,BRSUZBACNOR0,128,ON      NM,SUZANO S.A.
2023-11-08,SUZB3,SUZB3,52.18,53.89,52.09,53.49,53.49,5547800,52.18,53.89,52.09,53.49,1.0,53.89,52.09,0,5547800,20400,294740977.0,1,02,010,BRSUZBACNOR0,128,ON      NM,SUZANO S.A.
2023-11-09,SUZB3,SUZB3,53.6,53.79,52.88,53.43,53.43,4390300,53.6,53.79,52.88,53.43,1.0,53.79,52.88,0,4390300,15835,234471235.0,1,02,010,BRSUZBACNOR0,128,ON      NM,SUZANO S.A.
2023-11-10,SUZB3,SUZB3,53.6,54.89,53.41,54.64,54.64,4294700,53.6,54.89,53.41,54.64,1.0,54.89,53.41,0,4294700,19784,233920263.0,1,02,010,BRSUZBACNOR0,128,ON      NM,SUZANO S.A.
2023-11-13,SUZB3,SUZB3,54.5,55.12,53.59,54.1,54.1,4251600,54.5,55.12,53.59,54.1,1.0,55.12,53.59,0,4251600,16892,230097487.0,1,02,010,BRSUZBACNOR0,128,ON      NM,SUZANO S.A.
2023-11-14,SUZB3,SUZB3,54.08,54.43,52.5,52.5,52.5,11044300,54.08,54.43,52.5,52.5,1.0,54.43,52.5,0,11044300,33888,588005753.0,1,02,010,BRSUZBACNOR0,128,ON      NM,SUZANO S.A.
2023-11-16,SUZB3,SUZB3,52.83,53.57,52.53,53.4,53.4,7903100,52.83,53.57,52.53,53.4,1.0,53.57,52.53,0,7903100,24200,419187792.0,1,02,010,BRSUZBACNOR0,128,ON      NM,SUZANO S.A.
2023-11-17,SUZB3,SUZB3,53.48,54.22,52.94,52.94,52.94,9293500,53.48,54.22,52.94,52.94,1.0,54.22,52.94,0,9293500,24479,496159973.0,1,02,010,BRSUZBACNOR0,128,ON      NM,SUZANO S.A.
2023-11-20,SUZB3,SUZB3,53.59,53.71,52.46,52.9,52.9,4382700,53.59,53.71,52.46,52.9,1.0,53.71,52.46,0,4382700,21920,231514499.0,1,02,010,BRSUZBACNOR0,128,ON      NM,SUZANO S.A.
2023-11-21,SUZB3,SUZB3,52.65,53.48,52.57,52.98,52.98,3226300,52.65,53.48,52.57,52.98,1.0,53.48,52.57,0,3226300,14194,170761163.0,1,02,010,BRSUZBACNOR0,128,ON      NM,SUZANO S.A.
2023-11-22,SUZB3,SUZB3,53.0,53.43,52.75,53.43,53.43,2958600,53.0,53.43,52.75,53.43,1.0,53.43,52.75,0,2958600,13089,157567094.0,1,02,010,BRSUZBACNOR0,128,ON      NM,SUZANO S.A.
2023-11-23,SUZB3,SUZB3,53.28,54.12,53.21,53.8,53.8,1322500,53.28,54.12,53.21,53.8,1.0,54.12,53.21,0,1322500,6557,71109996.0,1,02,010,BRSUZBACNOR0,128,ON      NM,SUZANO S.A.
2023-11-24,SUZB3,SUZB3,53.76,54.12,53.0,53.47,53.47,2387300,53.76,54.12,53.0,53.47,1.0,54.12,53.0,0,2387300,10700,127475909.0,1,02,010,BRSUZBACNOR0,128,ON      NM,SUZANO S.A.
2023-11-27,SUZB3,SUZB3,53.67,54.1,53.4,53.75,53.75,2840500,53.67,54.1,53.4,53.75,1.0,54.1,53.4,0,2840500,15506,152571239.0,1,02,010,BRSUZBACNOR0,128,ON      NM,SUZANO S.A.
2023-11-28,SUZB3,SUZB3,53.73,54.05,52.89,53.35,53.35,2929200,53.73,54.05,52.89,53.35,1.0,54.05,52.89,0,2929200,15479,155963211.0,1,02,010,BRSUZBACNOR0,128,ON      NM,SUZANO S.A.
2023-11-29,SUZB3,SUZB3,53.6,54.25,52.84,54.25,54.25,4271000,53.6,54.25,52.84,54.25,1.0,54.25,52.84,0,4271000,18806,228946945.0,1,02,010,BRSUZBACNOR0,128,ON      NM,SUZANO S.A.
2023-11-30,SUZB3,SUZB3,54.26,54.54,52.43,53.78,53.78,8846800,54.26,54.54,52.43,53.78,1.0,54.54,52.43,0,8846800,33767,471812621.0,1,02,010,BRSUZBACNOR0,128,ON      NM,SUZANO S.A.
2023-12-01,SUZB3,SUZB3,53.4,53.87,51.37,51.76,51.76,18398600,53.4,53.87,51.37,51.76,1.0,53.87,51.37,0,18398600,39700,957279199.0,1,02,010,BRSUZBACNOR0,128,ON      NM,SUZANO S.A.
2023-12-04,SUZB3,SUZB3,51.8,52.45,51.76,51.79,51.79,6169600,51.8,52.45,51.76,51.79,1.0,52.45,51.76,0,6169600,30042,320796945.0,1,02,010,BRSUZBACNOR0,128,ON      NM,SUZANO S.A.
2023-12-05,SUZB3,SUZB3,51.9,52.04,51.25,51.45,51.45,16349300,51.9,52.04,51.25,51.45,1.0,52.04,51.25,0,16349300,23787,846666963.0,1,02,010,BRSUZBACNOR0,128,ON      NM,SUZANO S.A.
2023-12-06,SUZB3,SUZB3,51.4,51.84,51.02,51.07,51.07,16752800,51.4,51.84,51.02,51.07,1.0,51.84,51.02,0,16752800,21840,860096612.0,1,02,010,BRSUZBACNOR0,128,ON      NM,SUZANO S.A.
2023-12-07,SUZB3,SUZB3,51.01,51.59,50.67,50.91,50.91,9620900,51.01,51.59,50.67,50.91,1.0,51.59,50.67,0,9620900,19891,490691438.0,1,02,010,BRSUZBACNOR0,128,ON      NM,SUZANO S.A.
2023-12-08,SUZB3,SUZB3,50.04,51.03,49.73,50.77,50.77,4421900,50.04,51.03,49.73,50.77,1.0,51.03,49.73,0,4421900,21099,223357826.0,1,02,010,BRSUZBACNOR0,129,ON  EJ  NM,SUZANO S.A.
2023-12-11,SUZB3,SUZB3,50.79,51.78,50.79,51.4,51.4,3377700,50.79,51.78,50.79,51.4,1.0,51.78,50.79,0,3377700,16076,173533695.0,1,02,010,BRSUZBACNOR0,129,ON  EJ  NM,SUZANO S.A.
2023-12-12,SUZB3,SUZB3,51.09,51.37,50.5,50.96,50.96,2162800,51.09,51.37,50.5,50.96,1.0,51.37,50.5,0,2162800,10445,110200558.0,1,02,010,BRSUZBACNOR0,129,ON  EJ  NM,SUZANO S.A.
2023-12-13,SUZB3,SUZB3,51.24,52.06,50.95,51.85,51.85,4444500,51.24,52.06,50.95,51.85,1.0,52.06,50.95,0,4444500,20783,229533360.0,1,02,010,BRSUZBACNOR0,129,ON  EJ  NM,SUZANO S.A.
2023-12-14,SUZB3,SUZB3,52.15,52.6,51.66,52.41,52.41,5219400,52.15,52.6,51.66,52.41,1.0,52.6,51.66,0,5219400,22391,272820161.0,1,02,010,BRSUZBACNOR0,129,ON  EJ  NM,SUZANO S.A.
2023-12-15,SUZB3,SUZB3,52.41,53.46,52.31,52.63,52.63,7375600,52.41,53.46,52.31,52.63,1.0,53.46,52.31,0,7375600,17839,389761515.0,1,02,010,BRSUZBACNOR0,129,ON  EJ  NM,SUZANO S.A.
2023-12-18,SUZB3,SUZB3,52.66,52.85,52.06,52.55,52.55,4034800,52.66,52.85,52.06,52.55,1.0,52.85,52.06,0,4034800,17566,212044345.0,1,02,010,BRSUZBACNOR0,129,ON  EJ  NM,SUZANO S.A.
2023-12-19,SUZB3,SUZB3,52.61,53.43,52.56,52.97,52.97,3756000,52.61,53.43,52.56,52.97,1.0,53.43,52.56,0,3756000,18825,199227236.0,1,02,010,BRSUZBACNOR0,129,ON  EJ  NM,SUZANO S.A.
2023-12-20,SUZB3,SUZB3,52.7,54.59,52.7,53.9,53.9,4724500,52.7,54.59,52.7,53.9,1.0,54.59,52.7,0,4724500,15870,254311744.0,1,02,010,BRSUZBACNOR0,129,ON      NM,SUZANO S.A.
2023-12-21,SUZB3,SUZB3,54.11,54.78,53.9,54.45,54.45,2668100,54.11,54.78,53.9,54.45,1.0,54.78,53.9,0,2668100,11435,144734497.0,1,02,010,BRSUZBACNOR0,129,ON      NM,SUZANO S.A.
2023-12-22,SUZB3,SUZB3,54.49,55.44,54.35,54.94,54.94,3262400,54.49,55.44,54.35,54.94,1.0,55.44,54.35,0,3262400,15378,179552878.0,1,02,010,BRSUZBACNOR0,129,ON      NM,SUZANO S.A.
2023-12-26,SUZB3,SUZB3,54.82,56.02,54.81,55.22,55.22,2092500,54.82,56.02,54.81,55.22,1.0,56.02,54.81,0,2092500,9775,115673701.0,1,02,010,BRSUZBACNOR0,129,ON      NM,SUZANO S.A.
2023-12-27,SUZB3,SUZB3,55.21,55.64,54.96,55.55,55.55,2579700,55.21,55.64,54.96,55.55,1.0,55.64,54.96,0,2579700,12831,143099232.0,1,02,010,BRSUZBACNOR0,129,ON      NM,SUZANO S.A.
2023-12-28,SUZB3,SUZB3,55.42,55.94,55.42,55.63,55.63,2560700,55.42,55.94,55.42,55.63,1.0,55.94,55.42,0,2560700,10385,142649151.0,1,02,010,BRSUZBACNOR0,129,ON      NM,SUZANO S.A.
2024-01-02,SUZB3,SUZB3,55.7,56.29,54.72,55.14,55.14,2961200,55.7,56.29,54.72,55.14,1.0,56.29,54.72,0,2961200,13969,163431297.0,1,02,010,BRSUZBACNOR0,129,ON      NM,SUZANO S.A.
2024-01-03,SUZB3,SUZB3,54.8,55.8,54.76,55.45,55.45,3343500,54.8,55.8,54.76,55.45,1.0,55.8,54.76,0,3343500,15166,185400642.0,1,02,010,BRSUZBACNOR0,129,ON      NM,SUZANO S.A.
2024-01-04,SUZB3,SUZB3,55.45,55.69,54.56,54.61,54.61,1914500,55.45,55.69,54.56,54.61,1.0,55.69,54.56,0,1914500,8891,105004105.0,1,02,010,BRSUZBACNOR0,129,ON      NM,SUZANO S.A.
2024-01-05,SUZB3,SUZB3,54.29,54.55,53.76,54.05,54.05,2229700,54.29,54.55,53.76,54.05,1.0,54.55,53.76,0,2229700,11173,120519853.0,1,02,010,BRSUZBACNOR0,129,ON      NM,SUZANO S.A.
2024-01-08,SUZB3,SUZB3,53.71,54.75,53.35,54.75,54.75,2529400,53.71,54.75,53.35,54.75,1.0,54.75,53.35,0,2529400,13096,136935116.0,1,02,010,BRSUZBACNOR0,129,ON      NM,SUZANO S.A.
2024-01-09,SUZB3,SUZB3,54.47,54.82,53.98,54.08,54.08,2987300,54.47,54.82,53.98,54.08,1.0,54.82,53.98,0,2987300,13256,161910098.0,1,02,010,BRSUZBACNOR0,129,ON      NM,SUZANO S.A.
2024-01-10,SUZB3,SUZB3,54.24,54.29,53.73,53.77,53.77,2025300,54.24,54.29,53.73,53.77,1.0,54.29,53.73,0,2025300,8567,109217690.0,1,02,010,BRSUZBACNOR0,129,ON      NM,SUZANO S.A.
2024-01-11,SUZB3,SUZB3,53.85,54.37,53.21,54.16,54.16,3879800,53.85,54.37,53.21,54.16,1.0,54.37,53.21,0,3879800,16814,208829759.0,1,02,010,BRSUZBACNOR0,129,ON      NM,SUZANO S.A.
2024-01-12,SUZB3,SUZB3,54.48,55.23,53.49,53.58,53.58,3194900,54.48,55.23,53.49,53.58,1.0,55.23,53.49,0,3194900,12671,172292179.0,1,02,010,BRSUZBACNOR0,129,ON      NM,SUZANO S.A.
2024-01-15,SUZB3,SUZB3,53.61,54.05,53.42,53.86,53.86,1117900,53.61,54.05,53.42,53.86,1.0,54.05,53.42,0,1117900,5805,60154524.0,1,02,010,BRSUZBACNOR0,129,ON      NM,SUZANO S.A.
2024-01-16,SUZB3,SUZB3,53.7,53.85,52.87,52.92,52.92,3500000,53.7,53.85,52.87,52.92,1.0,53.85,52.87,0,3500000,15978,185840845.0,1,02,010,BRSUZBACNOR0,129,ON      NM,SUZANO S.A.
2024-01-17,SUZB3,SUZB3,52.71,53.13,52.6,52.7,52.7,2590700,52.71,53.13,52.6,52.7,1.0,53.13,52.6,0,2590700,11996,136948712.0,1,02,010,BRSUZBACNOR0,129,ON      NM,SUZANO S.A.
2024-01-18,SUZB3,SUZB3,52.72,52.99,51.53,51.53,51.53,3416400,52.72,52.99,51.53,51.53,1.0,52.99,51.53,0,3416400,13199,178094844.0,1,02,010,BRSUZBACNOR0,129,ON      NM,SUZANO S.A.
2024-01-19,SUZB3,SUZB3,51.55,51.92,50.98,51.8,51.8,6574000,51.55,51.92,50.98,51.8,1.0,51.92,50.98,0,6574000,13019,337677661.0,1,02,010,BRSUZBACNOR0,129,ON      NM,SUZANO S.A.
2024-01-22,SUZB3,SUZB3,51.92,52.07,51.42,51.67,51.67,1977100,51.92,52.07,51.42,51.67,1.0,52.07,51.42,0,1977100,9168,102163619.0,1,02,010,BRSUZBACNOR0,129,ON      NM,SUZANO S.A.
2024-01-23,SUZB3,SUZB3,51.97,52.24,51.47,52.1,52.1,2831000,51.97,52.24,51.47,52.1,1.0,52.24,51.47,0,2831000,9880,146921902.0,1,02,010,BRSUZBACNOR0,129,ON      NM,SUZANO S.A.
2024-01-24,SUZB3,SUZB3,52.51,52.79,51.71,51.87,51.87,2154600,52.51,52.79,51.71,51.87,1.0,52.79,51.71,0,2154600,10919,112260088.0,1,02,010,BRSUZBACNOR0,129,ON      NM,SUZANO S.A.
2024-01-25,SUZB3,SUZB3,51.85,52.5,51.81,51.85,51.85,1893900,51.85,52.5,51.81,51.85,1.0,52.5,51.81,0,1893900,9806,98643159.0,1,02,010,BRSUZBACNOR0,129,ON      NM,SUZANO S.A.
2024-01-26,SUZB3,SUZB3,51.92,53.17,51.89,52.91,52.91,3083300,51.92,53.17,51.89,52.91,1.0,53.17,51.89,0,3083300,13602,162557082.0,1,02,010,BRSUZBACNOR0,129,ON      NM,SUZANO S.A.
2024-01-29,SUZB3,SUZB3,52.02,52.24,50.31,50.8,50.8,12405500,52.02,52.24,50.31,50.8,1.0,52.24,50.31,0,12405500,36380,631704648.0,1,02,010,BRSUZBACNOR0,129,ON      NM,SUZANO S.A.
2024-01-30,SUZB3,SUZB3,50.53,52.26,50.52,52.1,52.1,4891900,50.53,52.26,50.52,52.1,1.0,52.26,50.52,0,4891900,14807,253282354.0,1,02,010,BRSUZBACNOR0,129,ON      NM,SUZANO S.A.
2024-01-31,SUZB3,SUZB3,52.3,52.7,51.57,51.62,51.62,4140500,52.3,52.7,51.57,51.62,1.0,52.7,51.57,0,4140500,16704,215619097.0,1,02,010,BRSUZBACNOR0,129,ON      NM,SUZANO S.A.
2024-02-01,SUZB3,SUZB3,51.62,52.12,51.01,51.1,51.1,3185500,51.62,52.12,51.01,51.1,1.0,52.12,51.01,0,3185500,14059,163851688.0,1,02,010,BRSUZBACNOR0,129,ON      NM,SUZANO S.A.
2024-02-02,SUZB3,SUZB3,51.19,51.68,50.71,51.34,51.34,4085700,51.19,51.68,50.71,51.34,1.0,51.68,50.71,0,4085700,22433,209392076.0,1,02,010,BRSUZBACNOR0,129,ON      NM,SUZANO S.A.
2024-02-05,SUZB3,SUZB3,51.0,51.97,51.0,51.75,51.75,2717700,51.0,51.97,51.0,51.75,1.0,51.97,51.0,0,2717700,12310,140031237.0,1,02,010,BRSUZBACNOR0,129,ON      NM,SUZANO S.A.
2024-02-06,SUZB3,SUZB3,51.62,53.74,51.62,53.71,53.71,4805100,51.62,53.74,51.62,53.71,1.0,53.74,51.62,0,4805100,23034,255921601.0,1,02,010,BRSUZBACNOR0,129,ON      NM,SUZANO S.A.
2024-02-07,SUZB3,SUZB3,53.78,54.08,53.23,53.7,53.7,6156300,53.78,54.08,53.23,53.7,1.0,54.08,53.23,0,6156300,20858,330575934.0,1,02,010,BRSUZBACNOR0,129,ON      NM,SUZANO S.A.
2024-02-08,SUZB3,SUZB3,53.8,54.18,53.03,53.45,53.45,5681200,53.8,54.18,53.03,53.45,1.0,54.18,53.03,0,5681200,19484,304405414.0,1,02,010,BRSUZBACNOR0,129,ON      NM,SUZANO S.A.
2024-02-09,SUZB3,SUZB3,53.5,53.77,52.42,52.7,52.7,4039200,53.5,53.77,52.42,52.7,1.0,53.77,52.42,0,4039200,15015,214443733.0,1,02,010,BRSUZBACNOR0,129,ON      NM,SUZANO S.A.
2024-02-14,SUZB3,SUZB3,52.78,52.94,52.08,52.25,52.25,1912000,52.78,52.94,52.08,52.25,1.0,52.94,52.08,0,1912000,9909,100000632.0,1,02,010,BRSUZBACNOR0,129,ON      NM,SUZANO S.A.
2024-02-15,SUZB3,SUZB3,52.25,52.44,51.77,52.34,52.34,2141600,52.25,52.44,51.77,52.34,1.0,52.44,51.77,0,2141600,10909,111700599.0,1,02,010,BRSUZBACNOR0,129,ON      NM,SUZANO S.A.
2024-02-16,SUZB3,SUZB3,52.43,53.48,52.11,53.05,53.05,3225000,52.43,53.48,52.11,53.05,1.0,53.48,52.11,0,3225000,14135,171007392.0,1,02,010,BRSUZBACNOR0,129,ON      NM,SUZANO S.A.
2024-02-19,SUZB3,SUZB3,52.9,53.29,52.23,53.04,53.04,1747600,52.9,53.29,52.23,53.04,1.0,53.29,52.23,0,1747600,6596,92523254.0,1,02,010,BRSUZBACNOR0,129,ON      NM,SUZANO S.A.
2024-02-20,SUZB3,SUZB3,52.8,54.14,52.52,53.87,53.87,2995100,52.8,54.14,52.52,53.87,1.0,54.14,52.52,0,2995100,10856,160989657.0,1,02,010,BRSUZBACNOR0,129,ON      NM,SUZANO S.A.
2024-02-21,SUZB3,SUZB3,53.56,55.36,53.02,55.27,55.27,4560400,53.56,55.36,53.02,55.27,1.0,55.36,53.02,0,4560400,20955,249691976.0,1,02,010,BRSUZBACNOR0,129,ON      NM,SUZANO S.A.
2024-02-22,SUZB3,SUZB3,55.32,56.48,55.12,55.74,55.74,4826800,55.32,56.48,55.12,55.74,1.0,56.48,55.12,0,4826800,19417,269492355.0,1,02,010,BRSUZBACNOR0,129,ON      NM,SUZANO S.A.
2024-02-23,SUZB3,SUZB3,56.0,56.33,54.84,55.27,55.27,3128300,56.0,56.33,54.84,55.27,1.0,56.33,54.84,0,3128300,12759,173187729.0,1,02,010,BRSUZBACNOR0,129,ON      NM,SUZANO S.A.
2024-02-26,SUZB3,SUZB3,55.41,56.15,54.93,56.12,56.12,3560300,55.41,56.15,54.93,56.12,1.0,56.15,54.93,0,3560300,11113,198133641.0,1,02,010,BRSUZBACNOR0,129,ON      NM,SUZANO S.A.
2024-02-27,SUZB3,SUZB3,56.4,57.66,55.86,56.82,56.82,6096800,56.4,57.66,55.86,56.82,1.0,57.66,55.86,0,6096800,24972,347885728.0,1,02,010,BRSUZBACNOR0,129,ON      NM,SUZANO S.A.
2024-02-28,SUZB3,SUZB3,56.76,58.04,56.55,57.38,57.38,5853500,56.76,58.04,56.55,57.38,1.0,58.04,56.55,0,5853500,22921,335971800.0,1,02,010,BRSUZBACNOR0,129,ON      NM,SUZANO S.A.
2024-02-29,SUZB3,SUZB3,57.38,57.8,56.24,56.35,56.35,8696600,57.38,57.8,56.24,56.35,1.0,57.8,56.24,0,8696600,24247,492892707.0,1,02,010,BRSUZBACNOR0,129,ON      NM,SUZANO S.A.
2024-03-01,SUZB3,SUZB3,56.45,57.63,56.4,57.49,57.49,7526900,56.45,57.63,56.4,57.49,1.0,57.63,56.4,0,7526900,21191,429358710.0,1,02,010,BRSUZBACNOR0,129,ON      NM,SUZANO S.A.
2024-03-04,SUZB3,SUZB3,57.39,58.55,57.39,58.45,58.45,5250400,57.39,58.55,57.39,58.45,1.0,58.55,57.39,0,5250400,15982,304905593.0,1,02,010,BRSUZBACNOR0,129,ON      NM,SUZANO S.A.
2024-03-05,SUZB3,SUZB3,58.45,58.98,57.91,58.57,58.57,3826500,58.45,58.98,57.91,58.57,1.0,58.98,57.91,0,3826500,17132,223703433.0,1,02,010,BRSUZBACNOR0,129,ON      NM,SUZANO S.A.
2024-03-06,SUZB3,SUZB3,58.55,58.94,57.92,58.29,58.29,4607700,58.55,58.94,57.92,58.29,1.0,58.94,57.92,0,4607700,15788,269050131.0,1,02,010,BRSUZBACNOR0,129,ON      NM,SUZANO S.A.
2024-03-07,SUZB3,SUZB3,57.93,58.96,57.59,58.82,58.82,4313700,57.93,58.96,57.59,58.82,1.0,58.96,57.59,0,4313700,15415,253040669.0,1,02,010,BRSUZBACNOR0,129,ON      NM,SUZANO S.A.
2024-03-08,SUZB3,SUZB3,58.68,59.27,57.96,59.15,59.15,8183200,58.68,59.27,57.96,59.15,1.0,59.27,57.96,0,8183200,44538,479773360.0,1,02,010,BRSUZBACNOR0,129,ON      NM,SUZANO S.A.
2024-03-11,SUZB3,SUZB3,58.72,59.54,58.3,58.57,58.57,5215800,58.72,59.54,58.3,58.57,1.0,59.54,58.3,0,5215800,14839,306691755.0,1,02,010,BRSUZBACNOR0,129,ON      NM,SUZANO S.A.
2024-03-12,SUZB3,SUZB3,58.57,59.64,58.09,59.11,59.11,3892300,58.57,59.64,58.09,59.11,1.0,59.64,58.09,0,3892300,20022,229870129.0,1,02,010,BRSUZBACNOR0,129,ON      NM,SUZANO S.A.
2024-03-13,SUZB3,SUZB3,59.06,59.77,58.79,59.43,59.43,3579200,59.06,59.77,58.79,59.43,1.0,59.77,58.79,0,3579200,16036,212735551.0,1,02,010,BRSUZBACNOR0,129,ON      NM,SUZANO S.A.
2024-03-14,SUZB3,SUZB3,59.36,59.7,58.87,59.5,59.5,6073900,59.36,59.7,58.87,59.5,1.0,59.7,58.87,0,6073900,15946,360344733.0,1,02,010,BRSUZBACNOR0,129,ON      NM,SUZANO S.A.
2024-03-15,SUZB3,SUZB3,59.48,61.0,59.37,60.8,60.8,9305900,59.48,61.0,59.37,60.8,1.0,61.0,59.37,0,9305900,25715,563815464.0,1,02,010,BRSUZBACNOR0,129,ON      NM,SUZANO S.A.
2024-03-18,SUZB3,SUZB3,60.93,61.56,60.38,61.05,61.05,4163000,60.93,61.56,60.38,61.05,1.0,61.56,60.38,0,4163000,14308,254238568.0,1,02,010,BRSUZBACNOR0,129,ON      NM,SUZANO S.A.
2024-03-19,SUZB3,SUZB3,61.25,63.3,61.25,62.85,62.85,7713100,61.25,63.3,61.25,62.85,1.0,63.3,61.25,0,7713100,27880,483125650.0,1,02,010,BRSUZBACNOR0,129,ON      NM,SUZANO S.A.
2024-03-20,SUZB3,SUZB3,63.0,63.0,61.81,62.06,62.06,7167000,63.0,63.0,61.81,62.06,1.0,63.0,61.81,0,7167000,27878,445702615.0,1,02,010,BRSUZBACNOR0,129,ON      NM,SUZANO S.A.
2024-03-21,SUZB3,SUZB3,62.55,63.0,61.57,62.04,62.04,6286700,62.55,63.0,61.57,62.04,1.0,63.0,61.57,0,6286700,20295,390761604.0,1,02,010,BRSUZBACNOR0,129,ON      NM,SUZANO S.A.
2024-03-22,SUZB3,SUZB3,62.3,62.52,61.51,62.15,62.15,4652500,62.3,62.52,61.51,62.15,1.0,62.52,61.51,0,4652500,17237,288683811.0,1,02,010,BRSUZBACNOR0,129,ON      NM,SUZANO S.A.
2024-03-25,SUZB3,SUZB3,62.15,62.3,61.41,61.62,61.62,4278700,62.15,62.3,61.41,61.62,1.0,62.3,61.41,0,4278700,17968,264058409.0,1,02,010,BRSUZBACNOR0,129,ON      NM,SUZANO S.A.
2024-03-26,SUZB3,SUZB3,61.56,63.14,61.4,62.97,62.97,8470600,61.56,63.14,61.4,62.97,1.0,63.14,61.4,0,8470600,24790,530818679.0,1,02,010,BRSUZBACNOR0,129,ON      NM,SUZANO S.A.
2024-03-27,SUZB3,SUZB3,63.05,63.95,62.93,63.8,63.8,5490100,63.05,63.95,62.93,63.8,1.0,63.95,62.93,0,5490100,15190,349280810.0,1,02,010,BRSUZBACNOR0,129,ON      NM,SUZANO S.A.
2024-03-28,SUZB3,SUZB3,63.79,64.08,63.28,63.98,63.98,4550100,63.79,64.08,63.28,63.98,1.0,64.08,63.28,0,4550100,16598,290376225.0,1,02,010,BRSUZBACNOR0,129,ON      NM,SUZANO S.A.
2024-04-01,SUZB3,SUZB3,64.0,65.3,64.0,64.89,64.89,5495900,64.0,65.3,64.0,64.89,1.0,65.3,64.0,0,5495900,21988,354886043.0,1,02,010,BRSUZBACNOR0,129,ON      NM,SUZANO S.A.
2024-04-02,SUZB3,SUZB3,64.62,65.51,64.3,65.23,65.23,6264500,64.62,65.51,64.3,65.23,1.0,65.51,64.3,0,6264500,24894,407099585.0,1,02,010,BRSUZBACNOR0,129,ON      NM,SUZANO S.A.
2024-04-03,SUZB3,SUZB3,64.84,65.48,64.09,64.6,64.6,4869600,64.84,65.48,64.09,64.6,1.0,65.48,64.09,0,4869600,20680,314493489.0,1,02,010,BRSUZBACNOR0,129,ON      NM,SUZANO S.A.
2024-04-04,SUZB3,SUZB3,64.55,64.93,63.48,63.88,63.88,5533000,64.55,64.93,63.48,63.88,1.0,64.93,63.48,0,5533000,24746,353812996.0,1,02,010,BRSUZBACNOR0,129,ON      NM,SUZANO S.A.
2024-04-05,SUZB3,SUZB3,63.55,63.76,62.22,62.81,62.81,4333900,63.55,63.76,62.22,62.81,1.0,63.76,62.22,0,4333900,14782,272393086.0,1,02,010,BRSUZBACNOR0,129,ON      NM,SUZANO S.A.
2024-04-08,SUZB3,SUZB3,62.8,62.92,62.35,62.6,62.6,3183900,62.8,62.92,62.35,62.6,1.0,62.92,62.35,0,3183900,15590,199302367.0,1,02,010,BRSUZBACNOR0,129,ON      NM,SUZANO S.A.
2024-04-09,SUZB3,SUZB3,62.6,63.29,61.67,62.29,62.29,6085100,62.6,63.29,61.67,62.29,1.0,63.29,61.67,0,6085100,25682,377756854.0,1,02,010,BRSUZBACNOR0,129,ON      NM,SUZANO S.A.
2024-04-10,SUZB3,SUZB3,62.29,62.78,61.22,61.76,61.76,6957500,62.29,62.78,61.22,61.76,1.0,62.78,61.22,0,6957500,26468,429295021.0,1,02,010,BRSUZBACNOR0,129,ON      NM,SUZANO S.A.
2024-04-11,SUZB3,SUZB3,61.22,61.65,61.02,61.21,61.21,6224200,61.22,61.65,61.02,61.21,1.0,61.65,61.02,0,6224200,22262,381427199.0,1,02,010,BRSUZBACNOR0,129,ON      NM,SUZANO S.A.
2024-04-12,SUZB3,SUZB3,61.21,61.84,60.73,61.2,61.2,5586400,61.21,61.84,60.73,61.2,1.0,61.84,60.73,0,5586400,22142,342020282.0,1,02,010,BRSUZBACNOR0,129,ON      NM,SUZANO S.A.
2024-04-15,SUZB3,SUZB3,61.2,61.8,60.4,61.05,61.05,7938000,61.2,61.8,60.4,61.05,1.0,61.8,60.4,0,7938000,31593,485891079.0,1,02,010,BRSUZBACNOR0,129,ON      NM,SUZANO S.A.
2024-04-16,SUZB3,SUZB3,60.47,62.2,60.2,61.35,61.35,8783300,60.47,62.2,60.2,61.35,1.0,62.2,60.2,0,8783300,35046,539193978.0,1,02,010,BRSUZBACNOR0,129,ON      NM,SUZANO S.A.
2024-04-17,SUZB3,SUZB3,61.25,61.77,60.64,60.81,60.81,4961700,61.25,61.77,60.64,60.81,1.0,61.77,60.64,0,4961700,22130,302827444.0,1,02,010,BRSUZBACNOR0,129,ON      NM,SUZANO S.A.
2024-04-18,SUZB3,SUZB3,60.81,61.03,60.23,60.75,60.75,3993700,60.81,61.03,60.23,60.75,1.0,61.03,60.23,0,3993700,17151,242140305.0,1,02,010,BRSUZBACNOR0,129,ON      NM,SUZANO S.A.
2024-04-19,SUZB3,SUZB3,60.75,61.6,60.41,61.21,61.21,5928400,60.75,61.6,60.41,61.21,1.0,61.6,60.41,0,5928400,22777,362312341.0,1,02,010,BRSUZBACNOR0,129,ON      NM,SUZANO S.A.
2024-04-22,SUZB3,SUZB3,61.43,61.86,60.55,60.55,60.55,4774700,61.43,61.86,60.55,60.55,1.0,61.86,60.55,0,4774700,18316,290610382.0,1,02,010,BRSUZBACNOR0,129,ON      NM,SUZANO S.A.
2024-04-23,SUZB3,SUZB3,60.36,60.59,59.93,60.12,60.12,4703600,60.36,60.59,59.93,60.12,1.0,60.59,59.93,0,4703600,13138,283421577.0,1,02,010,BRSUZBACNOR0,129,ON      NM,SUZANO S.A.
2024-04-24,SUZB3,SUZB3,60.29,60.56,59.91,60.56,60.56,4435600,60.29,60.56,59.91,60.56,1.0,60.56,59.91,0,4435600,16699,267360138.0,1,02,010,BRSUZBACNOR0,129,ON      NM,SUZANO S.A.
2024-04-25,SUZB3,SUZB3,60.18,60.93,59.78,59.9,59.9,5035900,60.18,60.93,59.78,59.9,1.0,60.93,59.78,0,5035900,15852,303096572.0,1,02,010,BRSUZBACNOR0,129,ON      NM,SUZANO S.A.
2024-04-26,SUZB3,SUZB3,60.1,60.67,59.46,59.58,59.58,3971700,60.1,60.67,59.46,59.58,1.0,60.67,59.46,0,3971700,14707,237802031.0,1,02,010,BRSUZBACNOR0,129,ON      NM,SUZANO S.A.
2024-04-29,SUZB3,SUZB3,59.58,59.66,58.55,58.9,58.9,5769400,59.58,59.66,58.55,58.9,1.0,59.66,58.55,0,5769400,21192,340367919.0,1,02,010,BRSUZBACNOR0,129,ON      NM,SUZANO S.A.
2024-04-30,SUZB3,SUZB3,58.92,59.21,58.1,58.46,58.46,7417800,58.92,59.21,58.1,58.46,1.0,59.21,58.1,0,7417800,21152,433351498.0,1,02,010,BRSUZBACNOR0,129,ON      NM,SUZANO S.A.
2024-05-02,SUZB3,SUZB3,59.04,59.4,58.5,59.01,59.01,4071800,59.04,59.4,58.5,59.01,1.0,59.4,58.5,0,4071800,16102,239983253.0,1,02,010,BRSUZBACNOR0,129,ON      NM,SUZANO S.A.
2024-05-03,SUZB3,SUZB3,59.21,59.22,58.61,59.17,59.17,3740200,59.21,59.22,58.61,59.17,1.0,59.22,58.61,0,3740200,12195,220677653.0,1,02,010,BRSUZBACNOR0,129,ON      NM,SUZANO S.A.
2024-05-06,SUZB3,SUZB3,59.25,59.81,58.88,59.48,59.48,2909600,59.25,59.81,58.88,59.48,1.0,59.81,58.88,0,2909600,13553,173098170.0,1,02,010,BRSUZBACNOR0,129,ON      NM,SUZANO S.A.
2024-05-07,SUZB3,SUZB3,59.43,59.95,51.56,52.18,52.18,54329100,59.43,59.95,51.56,52.18,1.0,59.95,51.56,0,54329100,364,2919613404.0,1,02,010,BRSUZBACNOR0,129,ON      NM,SUZANO S.A.
2024-05-08,SUZB3,SUZB3,53.22,54.23,52.2,52.32,52.32,31990400,53.22,54.23,52.2,52.32,1.0,54.23,52.2,0,31990400,60141,1695778352.0,1,02,010,BRSUZBACNOR0,129,ON      NM,SUZANO S.A.
2024-05-09,SUZB3,SUZB3,52.47,53.0,51.7,52.7,52.7,18830400,52.47,53.0,51.7,52.7,1.0,53.0,51.7,0,18830400,51986,988565332.0,1,02,010,BRSUZBACNOR0,129,ON      NM,SUZANO S.A.
2024-05-10,SUZB3,SUZB3,51.05,53.35,50.05,51.7,51.7,18100300,51.05,53.35,50.05,51.7,1.0,53.35,50.05,0,18100300,55860,941237267.0,1,02,010,BRSUZBACNOR0,129,ON      NM,SUZANO S.A.
2024-05-13,SUZB3,SUZB3,51.76,51.84,50.12,50.7,50.7,16968300,51.76,51.84,50.12,50.7,1.0,51.84,50.12,0,16968300,33644,858212342.0,1,02,010,BRSUZBACNOR0,129,ON      NM,SUZANO S.A.
2024-05-14,SUZB3,SUZB3,50.99,51.49,49.8,49.86,49.86,13127500,50.99,51.49,49.8,49.86,1.0,51.49,49.8,0,13127500,35542,660229603.0,1,02,010,BRSUZBACNOR0,129,ON      NM,SUZANO S.A.
2024-05-15,SUZB3,SUZB3,49.83,51.09,49.71,50.54,50.54,16447400,49.83,51.09,49.71,50.54,1.0,51.09,49.71,0,16447400,29555,827159726.0,1,02,010,BRSUZBACNOR0,129,ON      NM,SUZANO S.A.
2024-05-16,SUZB3,SUZB3,50.83,51.78,50.54,51.37,51.37,13145400,50.83,51.78,50.54,51.37,1.0,51.78,50.54,0,13145400,24424,673812016.0,1,02,010,BRSUZBACNOR0,129,ON      NM,SUZANO S.A.
2024-05-17,SUZB3,SUZB3,51.37,51.72,50.96,51.45,51.45,10578800,51.37,51.72,50.96,51.45,1.0,51.72,50.96,0,10578800,24316,544825152.0,1,02,010,BRSUZBACNOR0,129,ON      NM,SUZANO S.A.
2024-05-20,SUZB3,SUZB3,51.78,52.59,51.05,51.05,51.05,12534400,51.78,52.59,51.05,51.05,1.0,52.59,51.05,0,12534400,34498,648778964.0,1,02,010,BRSUZBACNOR0,129,ON      NM,SUZANO S.A.
2024-05-21,SUZB3,SUZB3,50.49,50.61,48.9,49.15,49.15,17993400,50.49,50.61,48.9,49.15,1.0,50.61,48.9,0,17993400,44761,887181512.0,1,02,010,BRSUZBACNOR0,129,ON      NM,SUZANO S.A.
2024-05-22,SUZB3,SUZB3,49.02,49.22,48.1,48.32,48.32,10540100,49.02,49.22,48.1,48.32,1.0,49.22,48.1,0,10540100,23812,513124166.0,1,02,010,BRSUZBACNOR0,129,ON      NM,SUZANO S.A.
2024-05-23,SUZB3,SUZB3,48.59,50.9,47.74,50.1,50.1,22801000,48.59,50.9,47.74,50.1,1.0,50.9,47.74,0,22801000,36696,1119741282.0,1,02,010,BRSUZBACNOR0,129,ON      NM,SUZANO S.A.
2024-05-24,SUZB3,SUZB3,49.59,50.24,48.8,48.94,48.94,11249700,49.59,50.24,48.8,48.94,1.0,50.24,48.8,0,11249700,36149,555164463.0,1,02,010,BRSUZBACNOR0,129,ON      NM,SUZANO S.A.
2024-05-27,SUZB3,SUZB3,49.48,49.48,48.65,49.0,49.0,2937600,49.48,49.48,48.65,49.0,1.0,49.48,48.65,0,2937600,11621,143788469.0,1,02,010,BRSUZBACNOR0,129,ON      NM,SUZANO S.A.
2024-05-28,SUZB3,SUZB3,49.5,49.67,48.91,49.08,49.08,5988800,49.5,49.67,48.91,49.08,1.0,49.67,48.91,0,5988800,14679,294543342.0,1,02,010,BRSUZBACNOR0,129,ON      NM,SUZANO S.A.
2024-05-29,SUZB3,SUZB3,48.93,49.7,48.51,49.28,49.28,5110500,48.93,49.7,48.51,49.28,1.0,49.7,48.51,0,5110500,18019,251288421.0,1,02,010,BRSUZBACNOR0,129,ON      NM,SUZANO S.A.
2024-05-31,SUZB3,SUZB3,49.3,49.6,48.63,48.7,48.7,10491800,49.3,49.6,48.63,48.7,1.0,49.6,48.63,0,10491800,31807,512227765.0,1,02,010,BRSUZBACNOR0,129,ON      NM,SUZANO S.A.
2024-06-03,SUZB3,SUZB3,48.7,48.8,46.87,47.11,47.11,11366300,48.7,48.8,46.87,47.11,1.0,48.8,46.87,0,11366300,32001,539176805.0,1,02,010,BRSUZBACNOR0,129,ON      NM,SUZANO S.A.
2024-06-04,SUZB3,SUZB3,46.95,47.1,46.18,46.9,46.9,9333300,46.95,47.1,46.18,46.9,1.0,47.1,46.18,0,9333300,22528,436191598.0,1,02,010,BRSUZBACNOR0,129,ON      NM,SUZANO S.A.
2024-06-05,SUZB3,SUZB3,46.85,46.93,46.38,46.64,46.64,7038900,46.85,46.93,46.38,46.64,1.0,46.93,46.38,0,7038900,17353,328027796.0,1,02,010,BRSUZBACNOR0,129,ON      NM,SUZANO S.A.
2024-06-06,SUZB3,SUZB3,46.7,48.55,46.45,48.35,48.35,11158700,46.7,48.55,46.45,48.35,1.0,48.55,46.45,0,11158700,28095,534426647.0,1,02,010,BRSUZBACNOR0,129,ON      NM,SUZANO S.A.
2024-06-07,SUZB3,SUZB3,48.69,50.12,48.12,48.65,48.65,10516100,48.69,50.12,48.12,48.65,1.0,50.12,48.12,0,10516100,29611,513077989.0,1,02,010,BRSUZBACNOR0,130,ON  ATZ NM,SUZANO S.A.
2024-06-10,SUZB3,SUZB3,48.61,49.94,48.16,49.69,49.69,7443400,48.61,49.94,48.16,49.69,1.0,49.94,48.16,0,7443400,19925,368949145.0,1,02,010,BRSUZBACNOR0,130,ON  ATZ NM,SUZANO S.A.
2024-06-11,SUZB3,SUZB3,49.8,49.8,48.87,48.92,48.92,5384900,49.8,49.8,48.87,48.92,1.0,49.8,48.87,0,5384900,15279,264396558.0,1,02,010,BRSUZBACNOR0,130,ON  ATZ NM,SUZANO S.A.
2024-06-12,SUZB3,SUZB3,49.22,49.64,48.25,49.0,49.0,9232700,49.22,49.64,48.25,49.0,1.0,49.64,48.25,0,9232700,29572,451751600.0,1,02,010,BRSUZBACNOR0,130,ON  ATZ NM,SUZANO S.A.
2024-06-13,SUZB3,SUZB3,49.1,49.39,48.75,48.77,48.77,4792700,49.1,49.39,48.75,48.77,1.0,49.39,48.75,0,4792700,11470,234723002.0,1,02,010,BRSUZBACNOR0,130,ON  ATZ NM,SUZANO S.A.
2024-06-14,SUZB3,SUZB3,48.7,49.18,48.08,48.97,48.97,5534600,48.7,49.18,48.08,48.97,1.0,49.18,48.08,0,5534600,14119,270129729.0,1,02,010,BRSUZBACNOR0,130,ON  ATZ NM,SUZANO S.A.
2024-06-17,SUZB3,SUZB3,48.9,48.98,48.35,48.51,48.51,3995800,48.9,48.98,48.35,48.51,1.0,48.98,48.35,0,3995800,15281,194017549.0,1,02,010,BRSUZBACNOR0,130,ON  ATZ NM,SUZANO S.A.
2024-06-18,SUZB3,SUZB3,48.64,49.12,48.16,48.3,48.3,6186800,48.64,49.12,48.16,48.3,1.0,49.12,48.16,0,6186800,16823,300637767.0,1,02,010,BRSUZBACNOR0,130,ON  ATZ NM,SUZANO S.A.
2024-06-19,SUZB3,SUZB3,48.21,48.73,47.85,48.73,48.73,4297300,48.21,48.73,47.85,48.73,1.0,48.73,47.85,0,4297300,13743,208254212.0,1,02,010,BRSUZBACNOR0,130,ON      NM,SUZANO S.A.
2024-06-20,SUZB3,SUZB3,48.98,49.24,48.04,48.15,48.15,5243700,48.98,49.24,48.04,48.15,1.0,49.24,48.04,0,5243700,18729,254121275.0,1,02,010,BRSUZBACNOR0,130,ON      NM,SUZANO S.A.
2024-06-21,SUZB3,SUZB3,48.15,49.13,47.92,48.85,48.85,13713700,48.15,49.13,47.92,48.85,1.0,49.13,47.92,0,13713700,25724,668365543.0,1,02,010,BRSUZBACNOR0,130,ON      NM,SUZANO S.A.
2024-06-24,SUZB3,SUZB3,48.75,49.9,48.75,49.63,49.63,6228500,48.75,49.9,48.75,49.63,1.0,49.9,48.75,0,6228500,21942,308412301.0,1,02,010,BRSUZBACNOR0,130,ON      NM,SUZANO S.A.
2024-06-25,SUZB3,SUZB3,49.75,50.26,49.5,49.7,49.7,4690200,49.75,50.26,49.5,49.7,1.0,50.26,49.5,0,4690200,16285,233730675.0,1,02,010,BRSUZBACNOR0,130,ON      NM,SUZANO S.A.
2024-06-26,SUZB3,SUZB3,49.59,51.44,49.53,50.81,50.81,9525300,49.59,51.44,49.53,50.81,1.0,51.44,49.53,0,9525300,35770,484062626.0,1,02,010,BRSUZBACNOR0,130,ON      NM,SUZANO S.A.
2024-06-27,SUZB3,SUZB3,59.09,59.09,56.51,57.0,57.0,35970500,59.09,59.09,56.51,57.0,1.0,59.09,56.51,0,35970500,69469,2074723875.0,1,02,010,BRSUZBACNOR0,130,ON      NM,SUZANO S.A.
2024-06-28,SUZB3,SUZB3,57.5,57.56,56.23,57.01,57.01,14976500,57.5,57.56,56.23,57.01,1.0,57.56,56.23,0,14976500,45214,854232719.0,1,02,010,BRSUZBACNOR0,130,ON      NM,SUZANO S.A.
2024-07-01,SUZB3,SUZB3,57.17,57.94,57.07,57.65,57.65,7509200,57.17,57.94,57.07,57.65,1.0,57.94,57.07,0,7509200,24709,431838413.0,1,02,010,BRSUZBACNOR0,130,ON      NM,SUZANO S.A.
2024-07-02,SUZB3,SUZB3,57.5,58.09,57.06,57.6,57.6,7265800,57.5,58.09,57.06,57.6,1.0,58.09,57.06,0,7265800,23625,418311096.0,1,02,010,BRSUZBACNOR0,130,ON      NM,SUZANO S.A.
2024-07-03,SUZB3,SUZB3,57.62,58.12,56.37,57.34,57.34,9695100,57.62,58.12,56.37,57.34,1.0,58.12,56.37,0,9695100,36785,554372062.0,1,02,010,BRSUZBACNOR0,130,ON      NM,SUZANO S.A.
2024-07-04,SUZB3,SUZB3,57.73,57.73,56.0,57.0,57.0,9528500,57.73,57.73,56.0,57.0,1.0,57.73,56.0,0,9528500,29503,539629012.0,1,02,010,BRSUZBACNOR0,130,ON      NM,SUZANO S.A.
2024-07-05,SUZB3,SUZB3,56.89,56.89,54.56,54.75,54.75,17055700,56.89,56.89,54.56,54.75,1.0,56.89,54.56,0,17055700,49703,948415860.0,1,02,010,BRSUZBACNOR0,130,ON      NM,SUZANO S.A.
2024-07-08,SUZB3,SUZB3,54.62,54.69,53.14,53.22,53.22,13585700,54.62,54.69,53.14,53.22,1.0,54.69,53.14,0,13585700,38951,727961275.0,1,02,010,BRSUZBACNOR0,130,ON      NM,SUZANO S.A.
2024-07-09,SUZB3,SUZB3,53.23,53.6,52.6,52.83,52.83,7561400,53.23,53.6,52.6,52.83,1.0,53.6,52.6,0,7561400,26592,400083820.0,1,02,010,BRSUZBACNOR0,130,ON      NM,SUZANO S.A.
2024-07-10,SUZB3,SUZB3,52.95,53.08,52.05,52.45,52.45,8742400,52.95,53.08,52.05,52.45,1.0,53.08,52.05,0,8742400,35185,458107162.0,1,02,010,BRSUZBACNOR0,130,ON      NM,SUZANO S.A.
2024-07-11,SUZB3,SUZB3,52.55,53.37,52.28,53.01,53.01,4254200,52.55,53.37,52.28,53.01,1.0,53.37,52.28,0,4254200,15889,225037416.0,1,02,010,BRSUZBACNOR0,130,ON      NM,SUZANO S.A.
2024-07-12,SUZB3,SUZB3,53.05,53.56,52.04,52.3,52.3,6791700,53.05,53.56,52.04,52.3,1.0,53.56,52.04,0,6791700,20749,356344909.0,1,02,010,BRSUZBACNOR0,130,ON      NM,SUZANO S.A.
2024-07-15,SUZB3,SUZB3,52.58,54.81,52.58,54.2,54.2,14250100,52.58,54.81,52.58,54.2,1.0,54.81,52.58,0,14250100,42516,768065158.0,1,02,010,BRSUZBACNOR0,130,ON      NM,SUZANO S.A.
2024-07-16,SUZB3,SUZB3,54.5,55.19,54.05,54.16,54.16,5570200,54.5,55.19,54.05,54.16,1.0,55.19,54.05,0,5570200,24834,303212697.0,1,02,010,BRSUZBACNOR0,130,ON      NM,SUZANO S.A.
2024-07-17,SUZB3,SUZB3,53.91,54.92,53.86,54.17,54.17,5182800,53.91,54.92,53.86,54.17,1.0,54.92,53.86,0,5182800,17930,281447322.0,1,02,010,BRSUZBACNOR0,130,ON      NM,SUZANO S.A.
2024-07-18,SUZB3,SUZB3,54.32,54.66,53.68,53.88,53.88,5815100,54.32,54.66,53.68,53.88,1.0,54.66,53.68,0,5815100,18987,314521035.0,1,02,010,BRSUZBACNOR0,130,ON      NM,SUZANO S.A.
2024-07-19,SUZB3,SUZB3,54.11,54.14,53.43,53.6,53.6,6235300,54.11,54.14,53.43,53.6,1.0,54.14,53.43,0,6235300,23923,335129078.0,1,02,010,BRSUZBACNOR0,130,ON      NM,SUZANO S.A.
2024-07-22,SUZB3,SUZB3,53.65,53.94,52.72,53.28,53.28,7288300,53.65,53.94,52.72,53.28,1.0,53.94,52.72,0,7288300,22769,388293866.0,1,02,010,BRSUZBACNOR0,130,ON      NM,SUZANO S.A.
2024-07-23,SUZB3,SUZB3,53.14,53.89,52.91,53.11,53.11,5380000,53.14,53.89,52.91,53.11,1.0,53.89,52.91,0,5380000,21901,286356560.0,1,02,010,BRSUZBACNOR0,130,ON      NM,SUZANO S.A.
2024-07-24,SUZB3,SUZB3,53.22,53.47,52.73,53.03,53.03,5710100,53.22,53.47,52.73,53.03,1.0,53.47,52.73,0,5710100,18141,302791517.0,1,02,010,BRSUZBACNOR0,130,ON      NM,SUZANO S.A.
2024-07-25,SUZB3,SUZB3,53.21,54.16,52.4,52.47,52.47,6972800,53.21,54.16,52.4,52.47,1.0,54.16,52.4,0,6972800,22037,368905681.0,1,02,010,BRSUZBACNOR0,130,ON      NM,SUZANO S.A.
2024-07-26,SUZB3,SUZB3,52.5,52.59,51.67,51.79,51.79,8078500,52.5,52.59,51.67,51.79,1.0,52.59,51.67,0,8078500,18729,419701601.0,1,02,010,BRSUZBACNOR0,130,ON      NM,SUZANO S.A.
2024-07-29,SUZB3,SUZB3,51.72,53.26,51.45,52.78,52.78,5174400,51.72,53.26,51.45,52.78,1.0,53.26,51.45,0,5174400,18451,272143165.0,1,02,010,BRSUZBACNOR0,130,ON      NM,SUZANO S.A.
2024-07-30,SUZB3,SUZB3,52.8,53.73,52.18,53.42,53.42,7154700,52.8,53.73,52.18,53.42,1.0,53.73,52.18,0,7154700,16938,379155643.0,1,02,010,BRSUZBACNOR0,130,ON      NM,SUZANO S.A.
2024-07-31,SUZB3,SUZB3,53.43,54.04,52.71,53.86,53.86,5640200,53.43,54.04,52.71,53.86,1.0,54.04,52.71,0,5640200,20702,302294358.0,1,02,010,BRSUZBACNOR0,130,ON      NM,SUZANO S.A.
2024-08-01,SUZB3,SUZB3,53.74,54.67,53.34,53.8,53.8,5096700,53.74,54.67,53.34,53.8,1.0,54.67,53.34,0,5096700,18565,275225860.0,1,02,010,BRSUZBACNOR0,130,ON      NM,SUZANO S.A.
2024-08-02,SUZB3,SUZB3,53.0,54.06,52.89,53.0,53.0,8273000,53.0,54.06,52.89,53.0,1.0,54.06,52.89,0,8273000,21659,440124576.0,1,02,010,BRSUZBACNOR0,130,ON      NM,SUZANO S.A.
2024-08-05,SUZB3,SUZB3,52.14,53.16,51.71,53.03,53.03,5982900,52.14,53.16,51.71,53.03,1.0,53.16,51.71,0,5982900,24696,315079390.0,1,02,010,BRSUZBACNOR0,130,ON      NM,SUZANO S.A.
2024-08-06,SUZB3,SUZB3,52.86,52.94,51.68,51.89,51.89,10699100,52.86,52.94,51.68,51.89,1.0,52.94,51.68,0,10699100,35031,557184289.0,1,02,010,BRSUZBACNOR0,130,ON      NM,SUZANO S.A.
2024-08-07,SUZB3,SUZB3,51.79,52.77,51.33,52.2,52.2,6144300,51.79,52.77,51.33,52.2,1.0,52.77,51.33,0,6144300,22788,321021123.0,1,02,010,BRSUZBACNOR0,130,ON      NM,SUZANO S.A.
2024-08-08,SUZB3,SUZB3,51.9,54.08,51.72,53.6,53.6,7362100,51.9,54.08,51.72,53.6,1.0,54.08,51.72,0,7362100,33149,393627893.0,1,02,010,BRSUZBACNOR0,130,ON      NM,SUZANO S.A.
2024-08-09,SUZB3,SUZB3,55.23,55.69,54.01,54.5,54.5,17572900,55.23,55.69,54.01,54.5,1.0,55.69,54.01,0,17572900,55591,958310622.0,1,02,010,BRSUZBACNOR0,130,ON      NM,SUZANO S.A.
2024-08-12,SUZB3,SUZB3,54.5,54.93,53.81,54.39,54.39,6660000,54.5,54.93,53.81,54.39,1.0,54.93,53.81,0,6660000,27686,361698543.0,1,02,010,BRSUZBACNOR0,130,ON      NM,SUZANO S.A.
2024-08-13,SUZB3,SUZB3,54.58,55.27,54.27,54.54,54.54,7419700,54.58,55.27,54.27,54.54,1.0,55.27,54.27,0,7419700,27902,404952791.0,1,02,010,BRSUZBACNOR0,130,ON      NM,SUZANO S.A.
2024-08-14,SUZB3,SUZB3,54.51,55.0,54.36,54.7,54.7,6591400,54.51,55.0,54.36,54.7,1.0,55.0,54.36,0,6591400,25223,360460953.0,1,02,010,BRSUZBACNOR0,130,ON      NM,SUZANO S.A.
2024-08-15,SUZB3,SUZB3,54.97,54.99,53.28,53.58,53.58,7691600,54.97,54.99,53.28,53.58,1.0,54.99,53.28,0,7691600,29863,413696210.0,1,02,010,BRSUZBACNOR0,130,ON      NM,SUZANO S.A.
2024-08-16,SUZB3,SUZB3,53.51,54.5,53.5,54.41,54.41,7231300,53.51,54.5,53.5,54.41,1.0,54.5,53.5,0,7231300,29027,391719273.0,1,02,010,BRSUZBACNOR0,130,ON      NM,SUZANO S.A.
2024-08-19,SUZB3,SUZB3,54.48,55.3,54.41,55.04,55.04,4617700,54.48,55.3,54.41,55.04,1.0,55.3,54.41,0,4617700,19827,254161071.0,1,02,010,BRSUZBACNOR0,130,ON      NM,SUZANO S.A.
2024-08-20,SUZB3,SUZB3,55.1,56.13,54.88,55.87,55.87,5086000,55.1,56.13,54.88,55.87,1.0,56.13,54.88,0,5086000,21629,283230323.0,1,02,010,BRSUZBACNOR0,130,ON      NM,SUZANO S.A.
2024-08-21,SUZB3,SUZB3,56.07,56.92,56.02,56.46,56.46,4709300,56.07,56.92,56.02,56.46,1.0,56.92,56.02,0,4709300,18708,266299300.0,1,02,010,BRSUZBACNOR0,130,ON      NM,SUZANO S.A.
2024-08-22,SUZB3,SUZB3,56.44,57.09,56.01,56.41,56.41,4154500,56.44,57.09,56.01,56.41,1.0,57.09,56.01,0,4154500,19085,234598528.0,1,02,010,BRSUZBACNOR0,130,ON      NM,SUZANO S.A.
2024-08-23,SUZB3,SUZB3,56.41,56.53,55.65,56.08,56.08,5095100,56.41,56.53,55.65,56.08,1.0,56.53,55.65,0,5095100,19020,286063532.0,1,02,010,BRSUZBACNOR0,130,ON      NM,SUZANO S.A.
2024-08-26,SUZB3,SUZB3,56.2,56.38,55.06,55.18,55.18,6137000,56.2,56.38,55.06,55.18,1.0,56.38,55.06,0,6137000,22937,340367270.0,1,02,010,BRSUZBACNOR0,130,ON      NM,SUZANO S.A.
2024-08-27,SUZB3,SUZB3,55.3,55.8,54.8,55.62,55.62,4179300,55.3,55.8,54.8,55.62,1.0,55.8,54.8,0,4179300,17151,231752817.0,1,02,010,BRSUZBACNOR0,130,ON      NM,SUZANO S.A.
2024-08-28,SUZB3,SUZB3,55.5,56.26,55.4,56.08,56.08,4843700,55.5,56.26,55.4,56.08,1.0,56.26,55.4,0,4843700,12534,271338556.0,1,02,010,BRSUZBACNOR0,130,ON      NM,SUZANO S.A.
2024-08-29,SUZB3,SUZB3,56.08,56.4,55.2,55.5,55.5,4555200,56.08,56.4,55.2,55.5,1.0,56.4,55.2,0,4555200,21549,253546152.0,1,02,010,BRSUZBACNOR0,130,ON      NM,SUZANO S.A.
2024-08-30,SUZB3,SUZB3,55.34,55.91,54.73,55.0,55.0,11325400,55.34,55.91,54.73,55.0,1.0,55.91,54.73,0,11325400,25601,623275444.0,1,02,010,BRSUZBACNOR0,130,ON      NM,SUZANO S.A.
2024-09-02,SUZB3,SUZB3,54.73,55.98,54.73,55.09,55.09,3703900,54.73,55.98,54.73,55.09,1.0,55.98,54.73,0,3703900,13104,205187824.0,1,02,010,BRSUZBACNOR0,130,ON      NM,SUZANO S.A.
2024-09-03,SUZB3,SUZB3,54.86,55.11,54.11,54.59,54.59,4997200,54.86,55.11,54.11,54.59,1.0,55.11,54.11,0,4997200,18708,272821936.0,1,02,010,BRSUZBACNOR0,130,ON      NM,SUZANO S.A.
2024-09-04,SUZB3,SUZB3,54.91,55.99,54.6,55.38,55.38,4691300,54.91,55.99,54.6,55.38,1.0,55.99,54.6,0,4691300,20002,260025497.0,1,02,010,BRSUZBACNOR0,130,ON      NM,SUZANO S.A.
2024-09-05,SUZB3,SUZB3,55.1,55.47,54.51,55.28,55.28,4787200,55.1,55.47,54.51,55.28,1.0,55.47,54.51,0,4787200,18466,263025355.0,1,02,010,BRSUZBACNOR0,130,ON      NM,SUZANO S.A.
2024-09-06,SUZB3,SUZB3,55.13,55.42,54.24,54.37,54.37,3790200,55.13,55.42,54.24,54.37,1.0,55.42,54.24,0,3790200,14581,207031867.0,1,02,010,BRSUZBACNOR0,130,ON      NM,SUZANO S.A.
2024-09-09,SUZB3,SUZB3,54.36,54.65,54.01,54.12,54.12,2960100,54.36,54.65,54.01,54.12,1.0,54.65,54.01,0,2960100,13818,160670371.0,1,02,010,BRSUZBACNOR0,130,ON      NM,SUZANO S.A.
2024-09-10,SUZB3,SUZB3,54.11,55.56,54.05,55.2,55.2,5435400,54.11,55.56,54.05,55.2,1.0,55.56,54.05,0,5435400,22873,299728714.0,1,02,010,BRSUZBACNOR0,130,ON      NM,SUZANO S.A.
2024-09-11,SUZB3,SUZB3,55.17,55.45,54.58,55.12,55.12,6959100,55.17,55.45,54.58,55.12,1.0,55.45,54.58,0,6959100,19480,382041688.0,1,02,010,BRSUZBACNOR0,130,ON      NM,SUZANO S.A.
2024-09-12,SUZB3,SUZB3,54.75,55.31,54.2,54.39,54.39,3523800,54.75,55.31,54.2,54.39,1.0,55.31,54.2,0,3523800,15473,191894427.0,1,02,010,BRSUZBACNOR0,130,ON      NM,SUZANO S.A.
2024-09-13,SUZB3,SUZB3,54.39,54.98,54.16,54.29,54.29,2673700,54.39,54.98,54.16,54.29,1.0,54.98,54.16,0,2673700,10679,145708558.0,1,02,010,BRSUZBACNOR0,130,ON      NM,SUZANO S.A.
2024-09-16,SUZB3,SUZB3,54.33,54.43,52.83,53.02,53.02,4498900,54.33,54.43,52.83,53.02,1.0,54.43,52.83,0,4498900,19416,239685235.0,1,02,010,BRSUZBACNOR0,130,ON      NM,SUZANO S.A.
2024-09-17,SUZB3,SUZB3,52.83,53.54,52.53,53.29,53.29,3894100,52.83,53.54,52.53,53.29,1.0,53.54,52.53,0,3894100,15980,206996047.0,1,02,010,BRSUZBACNOR0,130,ON      NM,SUZANO S.A.
2024-09-18,SUZB3,SUZB3,53.02,53.51,52.43,52.6,52.6,3951900,53.02,53.51,52.43,52.6,1.0,53.51,52.43,0,3951900,17636,209407569.0,1,02,010,BRSUZBACNOR0,130,ON      NM,SUZANO S.A.
2024-09-19,SUZB3,SUZB3,52.51,52.9,52.39,52.57,52.57,5174600,52.51,52.9,52.39,52.57,1.0,52.9,52.39,0,5174600,18051,272213685.0,1,02,010,BRSUZBACNOR0,130,ON      NM,SUZANO S.A.
2024-09-20,SUZB3,SUZB3,52.52,52.67,52.02,52.34,52.34,7147700,52.52,52.67,52.02,52.34,1.0,52.67,52.02,0,7147700,24564,373998932.0,1,02,010,BRSUZBACNOR0,130,ON      NM,SUZANO S.A.
2024-09-23,SUZB3,SUZB3,52.05,52.1,51.17,51.65,51.65,7444900,52.05,52.1,51.17,51.65,1.0,52.1,51.17,0,7444900,24064,383941024.0,1,02,010,BRSUZBACNOR0,130,ON      NM,SUZANO S.A.
2024-09-24,SUZB3,SUZB3,52.06,53.27,51.86,53.01,53.01,5524300,52.06,53.27,51.86,53.01,1.0,53.27,51.86,0,5524300,25792,292090177.0,1,02,010,BRSUZBACNOR0,130,ON      NM,SUZANO S.A.
2024-09-25,SUZB3,SUZB3,52.86,53.07,52.16,52.16,52.16,3133800,52.86,53.07,52.16,52.16,1.0,53.07,52.16,0,3133800,11866,164158313.0,1,02,010,BRSUZBACNOR0,130,ON      NM,SUZANO S.A.
2024-09-26,SUZB3,SUZB3,52.29,54.34,52.29,54.24,54.24,6674600,52.29,54.34,52.29,54.24,1.0,54.34,52.29,0,6674600,25656,358663226.0,1,02,010,BRSUZBACNOR0,130,ON      NM,SUZANO S.A.
2024-09-27,SUZB3,SUZB3,54.02,54.93,53.94,54.38,54.38,4778500,54.02,54.93,53.94,54.38,1.0,54.93,53.94,0,4778500,17542,260205947.0,1,02,010,BRSUZBACNOR0,130,ON      NM,SUZANO S.A.
2024-09-30,SUZB3,SUZB3,54.06,54.98,54.03,54.44,54.44,4823200,54.06,54.98,54.03,54.44,1.0,54.98,54.03,0,4823200,15609,262825347.0,1,02,010,BRSUZBACNOR0,130,ON      NM,SUZANO S.A.
2024-10-01,SUZB3,SUZB3,54.51,55.19,54.46,54.89,54.89,5015400,54.51,55.19,54.46,54.89,1.0,55.19,54.46,0,5015400,20430,274881244.0,1,02,010,BRSUZBACNOR0,130,ON      NM,SUZANO S.A.
2024-10-02,SUZB3,SUZB3,55.25,55.77,54.81,55.1,55.1,4127600,55.25,55.77,54.81,55.1,1.0,55.77,54.81,0,4127600,12516,228119105.0,1,02,010,BRSUZBACNOR0,130,ON      NM,SUZANO S.A.
2024-10-03,SUZB3,SUZB3,54.44,54.94,54.14,54.85,54.85,3641300,54.44,54.94,54.14,54.85,1.0,54.94,54.14,0,3641300,13772,198812934.0,1,02,010,BRSUZBACNOR0,130,ON      NM,SUZANO S.A.
2024-10-04,SUZB3,SUZB3,54.5,55.75,54.5,55.75,55.75,4002000,54.5,55.75,54.5,55.75,1.0,55.75,54.5,0,4002000,17243,221789430.0,1,02,010,BRSUZBACNOR0,130,ON      NM,SUZANO S.A.
2024-10-07,SUZB3,SUZB3,55.8,56.38,55.41,55.79,55.79,3328500,55.8,56.38,55.41,55.79,1.0,56.38,55.41,0,3328500,16869,185771810.0,1,02,010,BRSUZBACNOR0,130,ON      NM,SUZANO S.A.
2024-10-08,SUZB3,SUZB3,55.48,55.81,54.58,55.7,55.7,6838000,55.48,55.81,54.58,55.7,1.0,55.81,54.58,0,6838000,17718,379039726.0,1,02,010,BRSUZBACNOR0,130,ON      NM,SUZANO S.A.
2024-10-09,SUZB3,SUZB3,55.32,55.7,54.33,54.38,54.38,6277700,55.32,55.7,54.33,54.38,1.0,55.7,54.33,0,6277700,26100,344792480.0,1,02,010,BRSUZBACNOR0,130,ON      NM,SUZANO S.A.
2024-10-10,SUZB3,SUZB3,54.38,54.44,53.71,54.13,54.13,3863800,54.38,54.44,53.71,54.13,1.0,54.44,53.71,0,3863800,15689,208667308.0,1,02,010,BRSUZBACNOR0,130,ON      NM,SUZANO S.A.
2024-10-11,SUZB3,SUZB3,54.13,55.25,53.86,54.2,54.2,5491800,54.13,55.25,53.86,54.2,1.0,55.25,53.86,0,5491800,24652,299567361.0,1,02,010,BRSUZBACNOR0,130,ON      NM,SUZANO S.A.
2024-10-14,SUZB3,SUZB3,54.1,55.13,53.7,54.69,54.69,3669100,54.1,55.13,53.7,54.69,1.0,55.13,53.7,0,3669100,18275,199367377.0,1,02,010,BRSUZBACNOR0,130,ON      NM,SUZANO S.A.
2024-10-15,SUZB3,SUZB3,54.56,54.86,54.09,54.72,54.72,4039000,54.56,54.86,54.09,54.72,1.0,54.86,54.09,0,4039000,14872,220174447.0,1,02,010,BRSUZBACNOR0,130,ON      NM,SUZANO S.A.
2024-10-16,SUZB3,SUZB3,54.78,54.87,54.16,54.46,54.46,3973300,54.78,54.87,54.16,54.46,1.0,54.87,54.16,0,3973300,18106,216221708.0,1,02,010,BRSUZBACNOR0,130,ON      NM,SUZANO S.A.
2024-10-17,SUZB3,SUZB3,54.2,55.34,53.8,55.01,55.01,4569200,54.2,55.34,53.8,55.01,1.0,55.34,53.8,0,4569200,18505,250343577.0,1,02,010,BRSUZBACNOR0,130,ON      NM,SUZANO S.A.
2024-10-18,SUZB3,SUZB3,55.2,55.94,54.84,55.77,55.77,5179600,55.2,55.94,54.84,55.77,1.0,55.94,54.84,0,5179600,20876,287506263.0,1,02,010,BRSUZBACNOR0,130,ON      NM,SUZANO S.A.
2024-10-21,SUZB3,SUZB3,55.58,56.96,55.55,56.27,56.27,6468700,55.58,56.96,55.55,56.27,1.0,56.96,55.55,0,6468700,28112,366012375.0,1,02,010,BRSUZBACNOR0,130,ON      NM,SUZANO S.A.
2024-10-22,SUZB3,SUZB3,56.03,58.19,55.86,57.58,57.58,9250300,56.03,58.19,55.86,57.58,1.0,58.19,55.86,0,9250300,33828,528931008.0,1,02,010,BRSUZBACNOR0,130,ON      NM,SUZANO S.A.
2024-10-23,SUZB3,SUZB3,57.52,58.21,57.25,57.55,57.55,4728500,57.52,58.21,57.25,57.55,1.0,58.21,57.25,0,4728500,18317,272154062.0,1,02,010,BRSUZBACNOR0,130,ON      NM,SUZANO S.A.
2024-10-24,SUZB3,SUZB3,57.4,57.97,57.18,57.4,57.4,5484200,57.4,57.97,57.18,57.4,1.0,57.97,57.18,0,5484200,20121,315890740.0,1,02,010,BRSUZBACNOR0,130,ON      NM,SUZANO S.A.
2024-10-25,SUZB3,SUZB3,58.3,59.92,58.18,59.0,59.0,11847500,58.3,59.92,58.18,59.0,1.0,59.92,58.18,0,11847500,33617,700135294.0,1,02,010,BRSUZBACNOR0,130,ON      NM,SUZANO S.A.
2024-10-28,SUZB3,SUZB3,59.27,60.67,59.03,59.5,59.5,7574300,59.27,60.67,59.03,59.5,1.0,60.67,59.03,0,7574300,23816,451826049.0,1,02,010,BRSUZBACNOR0,130,ON      NM,SUZANO S.A.
2024-10-29,SUZB3,SUZB3,59.49,59.89,59.07,59.56,59.56,5425200,59.49,59.89,59.07,59.56,1.0,59.89,59.07,0,5425200,18848,322884124.0,1,02,010,BRSUZBACNOR0,130,ON      NM,SUZANO S.A.
2024-10-30,SUZB3,SUZB3,59.32,60.39,59.32,60.39,60.39,5863100,59.32,60.39,59.32,60.39,1.0,60.39,59.32,0,5863100,19328,352641274.0,1,02,010,BRSUZBACNOR0,130,ON      NM,SUZANO S.A.
2024-10-31,SUZB3,SUZB3,60.21,60.88,59.58,59.77,59.77,7265200,60.21,60.88,59.58,59.77,1.0,60.88,59.58,0,7265200,20457,436009534.0,1,02,010,BRSUZBACNOR0,130,ON      NM,SUZANO S.A.
2024-11-01,SUZB3,SUZB3,59.8,60.19,59.45,59.99,59.99,5955100,59.8,60.19,59.45,59.99,1.0,60.19,59.45,0,5955100,24916,356753984.0,1,02,010,BRSUZBACNOR0,130,ON      NM,SUZANO S.A.
2024-11-04,SUZB3,SUZB3,60.0,60.15,59.51,59.97,59.97,4600300,60.0,60.15,59.51,59.97,1.0,60.15,59.51,0,4600300,19241,275181448.0,1,02,010,BRSUZBACNOR0,130,ON      NM,SUZANO S.A.
2024-11-05,SUZB3,SUZB3,60.17,60.63,59.9,60.5,60.5,3881200,60.17,60.63,59.9,60.5,1.0,60.63,59.9,0,3881200,12705,233583681.0,1,02,010,BRSUZBACNOR0,130,ON      NM,SUZANO S.A.
2024-11-06,SUZB3,SUZB3,60.0,61.41,59.2,59.5,59.5,7906400,60.0,61.41,59.2,59.5,1.0,61.41,59.2,0,7906400,27861,473686991.0,1,02,010,BRSUZBACNOR0,130,ON      NM,SUZANO S.A.
2024-11-07,SUZB3,SUZB3,59.11,59.47,58.39,58.89,58.89,8987700,59.11,59.47,58.39,58.89,1.0,59.47,58.39,0,8987700,29978,529751609.0,1,02,010,BRSUZBACNOR0,130,ON      NM,SUZANO S.A.
2024-11-08,SUZB3,SUZB3,59.03,59.03,57.65,58.4,58.4,5585800,59.03,59.03,57.65,58.4,1.0,59.03,57.65,0,5585800,27752,325517282.0,1,02,010,BRSUZBACNOR0,130,ON      NM,SUZANO S.A.
2024-11-11,SUZB3,SUZB3,58.95,59.05,57.86,58.17,58.17,3401900,58.95,59.05,57.86,58.17,1.0,59.05,57.86,0,3401900,15017,197984552.0,1,02,010,BRSUZBACNOR0,130,ON      NM,SUZANO S.A.
2024-11-12,SUZB3,SUZB3,58.17,59.41,58.1,59.38,59.38,5850600,58.17,59.41,58.1,59.38,1.0,59.41,58.1,0,5850600,22909,345355923.0,1,02,010,BRSUZBACNOR0,130,ON      NM,SUZANO S.A.
2024-11-13,SUZB3,SUZB3,59.38,59.95,58.99,59.75,59.75,5120600,59.38,59.95,58.99,59.75,1.0,59.95,58.99,0,5120600,20853,305433223.0,1,02,010,BRSUZBACNOR0,130,ON      NM,SUZANO S.A.
2024-11-14,SUZB3,SUZB3,60.88,60.89,59.47,60.55,60.55,9708300,60.88,60.89,59.47,60.55,1.0,60.89,59.47,0,9708300,21743,586945113.0,1,02,010,BRSUZBACNOR0,130,ON      NM,SUZANO S.A.
2024-11-18,SUZB3,SUZB3,60.3,61.08,59.98,60.72,60.72,4396300,60.3,61.08,59.98,60.72,1.0,61.08,59.98,0,4396300,17450,266402853.0,1,02,010,BRSUZBACNOR0,130,ON      NM,SUZANO S.A.
2024-11-19,SUZB3,SUZB3,60.61,60.98,60.27,60.4,60.4,2570600,60.61,60.98,60.27,60.4,1.0,60.98,60.27,0,2570600,11021,155590122.0,1,02,010,BRSUZBACNOR0,130,ON      NM,SUZANO S.A.
2024-11-21,SUZB3,SUZB3,60.23,61.19,60.2,60.79,60.79,5655400,60.23,61.19,60.2,60.79,1.0,61.19,60.2,0,5655400,22327,343806251.0,1,02,010,BRSUZBACNOR0,130,ON      NM,SUZANO S.A.
2024-11-22,SUZB3,SUZB3,60.79,61.34,60.31,60.7,60.7,3971900,60.79,61.34,60.31,60.7,1.0,61.34,60.31,0,3971900,16950,241091698.0,1,02,010,BRSUZBACNOR0,130,ON      NM,SUZANO S.A.
2024-11-25,SUZB3,SUZB3,60.38,60.98,59.87,59.9,59.9,17136500,60.38,60.98,59.87,59.9,1.0,60.98,59.87,0,17136500,25667,1029239633.0,1,02,010,BRSUZBACNOR0,130,ON      NM,SUZANO S.A.
2024-11-26,SUZB3,SUZB3,60.07,60.18,58.72,59.3,59.3,8100500,60.07,60.18,58.72,59.3,1.0,60.18,58.72,0,8100500,24239,479736750.0,1,02,010,BRSUZBACNOR0,130,ON      NM,SUZANO S.A.
2024-11-27,SUZB3,SUZB3,59.31,60.42,59.08,59.74,59.74,9004300,59.31,60.42,59.08,59.74,1.0,60.42,59.08,0,9004300,33481,538938106.0,1,02,010,BRSUZBACNOR0,130,ON      NM,SUZANO S.A.
2024-11-28,SUZB3,SUZB3,59.59,61.98,59.4,61.53,61.53,9420500,59.59,61.98,59.4,61.53,1.0,61.98,59.4,0,9420500,40156,578055533.0,1,02,010,BRSUZBACNOR0,130,ON      NM,SUZANO S.A.
2024-11-29,SUZB3,SUZB3,61.9,63.3,61.66,62.4,62.4,12601400,61.9,63.3,61.66,62.4,1.0,63.3,61.66,0,12601400,47360,785866430.0,1,02,010,BRSUZBACNOR0,130,ON      NM,SUZANO S.A.
2024-12-02,SUZB3,SUZB3,62.06,62.93,61.53,62.1,62.1,7499400,62.06,62.93,61.53,62.1,1.0,62.93,61.53,0,7499400,32789,465804734.0,1,02,010,BRSUZBACNOR0,130,ON      NM,SUZANO S.A.
2024-12-03,SUZB3,SUZB3,62.0,63.4,61.8,63.4,63.4,7581500,62.0,63.4,61.8,63.4,1.0,63.4,61.8,0,7581500,30772,477308192.0,1,02,010,BRSUZBACNOR0,130,ON      NM,SUZANO S.A.
2024-12-04,SUZB3,SUZB3,64.2,65.35,64.13,65.05,65.05,9603900,64.2,65.35,64.13,65.05,1.0,65.35,64.13,0,9603900,44690,622000173.0,1,02,010,BRSUZBACNOR0,130,ON      NM,SUZANO S.A.
2024-12-05,SUZB3,SUZB3,65.02,65.47,63.66,65.1,65.1,15465600,65.02,65.47,63.66,65.1,1.0,65.47,63.66,0,15465600,35320,999669446.0,1,02,010,BRSUZBACNOR0,130,ON      NM,SUZANO S.A.
2024-12-06,SUZB3,SUZB3,65.1,65.66,64.6,65.43,65.43,6608200,65.1,65.66,64.6,65.43,1.0,65.66,64.6,0,6608200,32006,431457884.0,1,02,010,BRSUZBACNOR0,130,ON      NM,SUZANO S.A.
2024-12-09,SUZB3,SUZB3,65.47,66.81,65.2,66.65,66.65,5458300,65.47,66.81,65.2,66.65,1.0,66.81,65.2,0,5458300,23133,360649337.0,1,02,010,BRSUZBACNOR0,130,ON      NM,SUZANO S.A.
2024-12-10,SUZB3,SUZB3,66.79,66.82,64.51,64.61,64.61,7524400,66.79,66.82,64.51,64.61,1.0,66.82,64.51,0,7524400,22711,490056378.0,1,02,010,BRSUZBACNOR0,130,ON      NM,SUZANO S.A.
2024-12-11,SUZB3,SUZB3,64.34,64.91,63.4,64.1,64.1,10275100,64.34,64.91,63.4,64.1,1.0,64.91,63.4,0,10275100,39578,660514315.0,1,02,010,BRSUZBACNOR0,130,ON      NM,SUZANO S.A.
2024-12-12,SUZB3,SUZB3,62.85,63.79,62.36,63.0,63.0,9932100,62.85,63.79,62.36,63.0,1.0,63.79,62.36,0,9932100,42710,626082661.0,1,02,010,BRSUZBACNOR0,130,ON      NM,SUZANO S.A.
2024-12-13,SUZB3,SUZB3,63.3,63.34,62.27,62.42,62.42,6271000,63.3,63.34,62.27,62.42,1.0,63.34,62.27,0,6271000,28956,392493280.0,1,02,010,BRSUZBACNOR0,130,ON      NM,SUZANO S.A.
2024-12-16,SUZB3,SUZB3,62.9,64.21,62.42,63.87,63.87,9269100,62.9,64.21,62.42,63.87,1.0,64.21,62.42,0,9269100,32535,589889382.0,1,02,010,BRSUZBACNOR0,130,ON      NM,SUZANO S.A.
2024-12-17,SUZB3,SUZB3,62.54,63.3,62.05,62.16,62.16,11330400,62.54,63.3,62.05,62.16,1.0,63.3,62.05,0,11330400,37294,707899475.0,1,02,010,BRSUZBACNOR0,131,ON  EJ  NM,SUZANO S.A.
2024-12-18,SUZB3,SUZB3,62.08,62.61,61.22,61.61,61.61,10247500,62.08,62.61,61.22,61.61,1.0,62.61,61.22,0,10247500,37313,633423574.0,1,02,010,BRSUZBACNOR0,131,ON  EJ  NM,SUZANO S.A.
2024-12-19,SUZB3,SUZB3,61.94,61.96,60.32,60.7,60.7,7667600,61.94,61.96,60.32,60.7,1.0,61.96,60.32,0,7667600,28612,467209072.0,1,02,010,BRSUZBACNOR0,131,ON  EJ  NM,SUZANO S.A.
2024-12-20,SUZB3,SUZB3,60.0,60.05,59.17,59.62,59.62,14025200,60.0,60.05,59.17,59.62,1.0,60.05,59.17,0,14025200,31257,836304036.0,1,02,010,BRSUZBACNOR0,131,ON  EJ  NM,SUZANO S.A.
2024-12-23,SUZB3,SUZB3,59.68,61.4,59.13,61.24,61.24,7450500,59.68,61.4,59.13,61.24,1.0,61.4,59.13,0,7450500,28230,450306227.0,1,02,010,BRSUZBACNOR0,131,ON  EJ  NM,SUZANO S.A.
2024-12-26,SUZB3,SUZB3,61.5,62.17,61.16,61.94,61.94,4414200,61.5,62.17,61.16,61.94,1.0,62.17,61.16,0,4414200,22162,273087702.0,1,02,010,BRSUZBACNOR0,131,ON  EJ  NM,SUZANO S.A.
2024-12-27,SUZB3,SUZB3,62.1,62.32,61.05,61.59,61.59,4316300,62.1,62.32,61.05,61.59,1.0,62.32,61.05,0,4316300,23097,266134356.0,1,02,010,BRSUZBACNOR0,131,ON  EJ  NM,SUZANO S.A.
2024-12-30,SUZB3,SUZB3,61.9,62.25,61.7,61.78,61.78,4737600,61.9,62.25,61.7,61.78,1.0,62.25,61.7,0,4737600,17990,293254490.0,1,02,010,BRSUZBACNOR0,131,ON  EJ  NM,SUZANO S.A.
2025-01-02,SUZB3,SUZB3,61.36,63.02,61.35,62.4,62.4,5787400,61.36,63.02,61.35,62.4,1.0,63.02,61.35,0,5787400,27850,362065693.0,1,02,010,BRSUZBACNOR0,131,ON      NM,SUZANO S.A.
2025-01-03,SUZB3,SUZB3,62.51,63.54,62.4,62.68,62.68,8119400,62.51,63.54,62.4,62.68,1.0,63.54,62.4,0,8119400,24479,509934489.0,1,02,010,BRSUZBACNOR0,131,ON      NM,SUZANO S.A.
2025-01-06,SUZB3,SUZB3,62.31,62.68,61.86,62.45,62.45,3577500,62.31,62.68,61.86,62.45,1.0,62.68,61.86,0,3577500,19275,222914227.0,1,02,010,BRSUZBACNOR0,131,ON      NM,SUZANO S.A.
2025-01-07,SUZB3,SUZB3,62.44,62.5,61.31,62.02,62.02,5330800,62.44,62.5,61.31,62.02,1.0,62.5,61.31,0,5330800,25574,330191237.0,1,02,010,BRSUZBACNOR0,131,ON      NM,SUZANO S.A.
2025-01-08,SUZB3,SUZB3,62.36,62.84,61.04,61.8,61.8,8023000,62.36,62.84,61.04,61.8,1.0,62.84,61.04,0,8023000,24853,495736650.0,1,02,010,BRSUZBACNOR0,131,ON      NM,SUZANO S.A.
2025-01-09,SUZB3,SUZB3,61.46,62.29,61.2,61.47,61.47,3003700,61.46,62.29,61.2,61.47,1.0,62.29,61.2,0,3003700,14669,185108722.0,1,02,010,BRSUZBACNOR0,131,ON      NM,SUZANO S.A.
2025-01-10,SUZB3,SUZB3,61.57,61.89,60.54,61.44,61.44,5157300,61.57,61.89,60.54,61.44,1.0,61.89,60.54,0,5157300,15988,315609595.0,1,02,010,BRSUZBACNOR0,131,ON      NM,SUZANO S.A.
2025-01-13,SUZB3,SUZB3,61.39,62.7,61.29,62.08,62.08,3958400,61.39,62.7,61.29,62.08,1.0,62.7,61.29,0,3958400,18198,245910862.0,1,02,010,BRSUZBACNOR0,131,ON      NM,SUZANO S.A.
2025-01-14,SUZB3,SUZB3,62.09,62.44,60.82,60.93,60.93,4942700,62.09,62.44,60.82,60.93,1.0,62.44,60.82,0,4942700,18388,303276704.0,1,02,010,BRSUZBACNOR0,131,ON      NM,SUZANO S.A.
2025-01-15,SUZB3,SUZB3,61.81,61.81,59.93,61.09,61.09,5333700,61.81,61.81,59.93,61.09,1.0,61.81,59.93,0,5333700,24069,323909463.0,1,02,010,BRSUZBACNOR0,131,ON      NM,SUZANO S.A.
2025-01-16,SUZB3,SUZB3,61.09,61.48,59.74,60.36,60.36,5717600,61.09,61.48,59.74,60.36,1.0,61.48,59.74,0,5717600,22910,344591700.0,1,02,010,BRSUZBACNOR0,131,ON      NM,SUZANO S.A.
2025-01-17,SUZB3,SUZB3,60.7,62.4,60.24,62.28,62.28,7500200,60.7,62.4,60.24,62.28,1.0,62.4,60.24,0,7500200,25248,463188279.0,1,02,010,BRSUZBACNOR0,131,ON      NM,SUZANO S.A.
2025-01-20,SUZB3,SUZB3,62.0,62.3,61.34,61.8,61.8,3212200,62.0,62.3,61.34,61.8,1.0,62.3,61.34,0,3212200,11935,198199317.0,1,02,010,BRSUZBACNOR0,131,ON      NM,SUZANO S.A.
2025-01-21,SUZB3,SUZB3,62.03,62.6,61.65,62.4,62.4,3732500,62.03,62.6,61.65,62.4,1.0,62.6,61.65,0,3732500,15453,232477922.0,1,02,010,BRSUZBACNOR0,131,ON      NM,SUZANO S.A.
2025-01-22,SUZB3,SUZB3,62.62,63.15,61.22,61.4,61.4,5029100,62.62,63.15,61.22,61.4,1.0,63.15,61.22,0,5029100,19096,310440864.0,1,02,010,BRSUZBACNOR0,131,ON      NM,SUZANO S.A.
2025-01-23,SUZB3,SUZB3,61.29,63.06,61.29,62.75,62.75,5849200,61.29,63.06,61.29,62.75,1.0,63.06,61.29,0,5849200,19885,365406832.0,1,02,010,BRSUZBACNOR0,131,ON      NM,SUZANO S.A.
2025-01-24,SUZB3,SUZB3,62.82,63.01,62.01,62.76,62.76,2748800,62.82,63.01,62.01,62.76,1.0,63.01,62.01,0,2748800,13290,172065205.0,1,02,010,BRSUZBACNOR0,131,ON      NM,SUZANO S.A.
2025-01-27,SUZB3,SUZB3,62.76,63.4,62.35,63.09,63.09,4296900,62.76,63.4,62.35,63.09,1.0,63.4,62.35,0,4296900,20998,270997001.0,1,02,010,BRSUZBACNOR0,131,ON      NM,SUZANO S.A.
2025-01-28,SUZB3,SUZB3,62.71,63.39,62.31,62.76,62.76,2937100,62.71,63.39,62.31,62.76,1.0,63.39,62.31,0,2937100,13882,184354530.0,1,02,010,BRSUZBACNOR0,131,ON      NM,SUZANO S.A.
2025-01-29,SUZB3,SUZB3,63.07,63.32,62.11,62.2,62.2,4256300,63.07,63.32,62.11,62.2,1.0,63.32,62.11,0,4256300,15111,265743452.0,1,02,010,BRSUZBACNOR0,131,ON      NM,SUZANO S.A.
2025-01-30,SUZB3,SUZB3,62.56,62.97,61.86,62.36,62.36,4598900,62.56,62.97,61.86,62.36,1.0,62.97,61.86,0,4598900,23444,286521885.0,1,02,010,BRSUZBACNOR0,131,ON      NM,SUZANO S.A.
2025-01-31,SUZB3,SUZB3,62.57,62.82,61.83,62.37,62.37,4468900,62.57,62.82,61.83,62.37,1.0,62.82,61.83,0,4468900,18057,278885200.0,1,02,010,BRSUZBACNOR0,131,ON      NM,SUZANO S.A.
2025-02-03,SUZB3,SUZB3,62.55,63.51,62.03,62.45,62.45,4002600,62.55,63.51,62.03,62.45,1.0,63.51,62.03,0,4002600,15451,250752387.0,1,02,010,BRSUZBACNOR0,131,ON      NM,SUZANO S.A.
2025-02-04,SUZB3,SUZB3,62.45,62.71,59.89,59.92,59.92,6826300,62.45,62.71,59.89,59.92,1.0,62.71,59.89,0,6826300,26326,415762380.0,1,02,010,BRSUZBACNOR0,131,ON      NM,SUZANO S.A.
2025-02-05,SUZB3,SUZB3,60.22,61.01,59.5,59.69,59.69,5385800,60.22,61.01,59.5,59.69,1.0,61.01,59.5,0,5385800,19641,323405573.0,1,02,010,BRSUZBACNOR0,131,ON      NM,SUZANO S.A.
2025-02-06,SUZB3,SUZB3,59.7,60.22,59.6,60.09,60.09,2647400,59.7,60.22,59.6,60.09,1.0,60.22,59.6,0,2647400,12746,158792329.0,1,02,010,BRSUZBACNOR0,131,ON      NM,SUZANO S.A.
2025-02-07,SUZB3,SUZB3,60.02,60.1,59.15,59.52,59.52,4356300,60.02,60.1,59.15,59.52,1.0,60.1,59.15,0,4356300,18597,258966208.0,1,02,010,BRSUZBACNOR0,131,ON      NM,SUZANO S.A.
2025-02-10,SUZB3,SUZB3,60.01,60.1,58.83,59.35,59.35,3097900,60.01,60.1,58.83,59.35,1.0,60.1,58.83,0,3097900,16472,183731946.0,1,02,010,BRSUZBACNOR0,131,ON      NM,SUZANO S.A.
2025-02-11,SUZB3,SUZB3,59.69,59.69,58.46,58.93,58.93,5277700,59.69,59.69,58.46,58.93,1.0,59.69,58.46,0,5277700,17250,311214270.0,1,02,010,BRSUZBACNOR0,131,ON      NM,SUZANO S.A.
2025-02-12,SUZB3,SUZB3,58.7,58.77,57.4,57.97,57.97,6929700,58.7,58.77,57.4,57.97,1.0,58.77,57.4,0,6929700,35711,400840626.0,1,02,010,BRSUZBACNOR0,131,ON      NM,SUZANO S.A.
2025-02-13,SUZB3,SUZB3,58.02,59.54,57.54,59.23,59.23,8209400,58.02,59.54,57.54,59.23,1.0,59.54,57.54,0,8209400,36169,484316079.0,1,02,010,BRSUZBACNOR0,131,ON      NM,SUZANO S.A.
2025-02-14,SUZB3,SUZB3,59.34,59.6,57.65,58.85,58.85,7934600,59.34,59.6,57.65,58.85,1.0,59.6,57.65,0,7934600,29764,464518260.0,1,02,010,BRSUZBACNOR0,131,ON      NM,SUZANO S.A.
2025-02-17,SUZB3,SUZB3,58.99,59.17,57.48,57.81,57.81,5918200,58.99,59.17,57.48,57.81,1.0,59.17,57.48,0,5918200,22181,342100543.0,1,02,010,BRSUZBACNOR0,131,ON      NM,SUZANO S.A.
2025-02-18,SUZB3,SUZB3,58.02,58.22,57.34,57.7,57.7,7408000,58.02,58.22,57.34,57.7,1.0,58.22,57.34,0,7408000,21849,427326293.0,1,02,010,BRSUZBACNOR0,131,ON      NM,SUZANO S.A.
2025-02-19,SUZB3,SUZB3,57.53,58.57,57.34,58.07,58.07,5830900,57.53,58.57,57.34,58.07,1.0,58.57,57.34,0,5830900,23486,339335426.0,1,02,010,BRSUZBACNOR0,131,ON      NM,SUZANO S.A.
2025-02-20,SUZB3,SUZB3,58.07,58.13,57.47,57.67,57.67,4897100,58.07,58.13,57.47,57.67,1.0,58.13,57.47,0,4897100,20822,282890875.0,1,02,010,BRSUZBACNOR0,131,ON      NM,SUZANO S.A.
2025-02-21,SUZB3,SUZB3,57.92,58.27,57.08,57.5,57.5,10051400,57.92,58.27,57.08,57.5,1.0,58.27,57.08,0,10051400,24207,577896246.0,1,02,010,BRSUZBACNOR0,131,ON      NM,SUZANO S.A.
2025-02-24,SUZB3,SUZB3,57.55,57.85,56.89,57.03,57.03,3222800,57.55,57.85,56.89,57.03,1.0,57.85,56.89,0,3222800,13110,184547071.0,1,02,010,BRSUZBACNOR0,131,ON      NM,SUZANO S.A.
2025-02-25,SUZB3,SUZB3,57.64,57.65,56.67,56.84,56.84,5713200,57.64,57.65,56.67,56.84,1.0,57.65,56.67,0,5713200,23030,325835449.0,1,02,010,BRSUZBACNOR0,131,ON      NM,SUZANO S.A.
2025-02-26,SUZB3,SUZB3,57.2,57.35,56.74,57.04,57.04,4719000,57.2,57.35,56.74,57.04,1.0,57.35,56.74,0,4719000,19471,269222164.0,1,02,010,BRSUZBACNOR0,131,ON      NM,SUZANO S.A.
2025-02-27,SUZB3,SUZB3,57.06,57.84,56.84,57.17,57.17,5154300,57.06,57.84,56.84,57.17,1.0,57.84,56.84,0,5154300,20072,295515223.0,1,02,010,BRSUZBACNOR0,131,ON      NM,SUZANO S.A.
2025-02-28,SUZB3,SUZB3,56.96,57.28,56.05,56.31,56.31,7300300,56.96,57.28,56.05,56.31,1.0,57.28,56.05,0,7300300,27281,411700670.0,1,02,010,BRSUZBACNOR0,131,ON      NM,SUZANO S.A.
2025-03-05,SUZB3,SUZB3,56.19,56.61,55.13,55.37,55.37,4952200,56.19,56.61,55.13,55.37,1.0,56.61,55.13,0,4952200,22013,275285878.0,1,02,010,BRSUZBACNOR0,131,ON      NM,SUZANO S.A.
2025-03-06,SUZB3,SUZB3,55.64,55.85,54.69,55.16,55.16,5269600,55.64,55.85,54.69,55.16,1.0,55.85,54.69,0,5269600,25246,290336838.0,1,02,010,BRSUZBACNOR0,131,ON      NM,SUZANO S.A.
2025-03-07,SUZB3,SUZB3,54.82,55.65,54.45,55.34,55.34,5896900,54.82,55.65,54.45,55.34,1.0,55.65,54.45,0,5896900,25210,325252068.0,1,02,010,BRSUZBACNOR0,131,ON      NM,SUZANO S.A.
2025-03-10,SUZB3,SUZB3,55.01,55.69,54.68,55.59,55.59,4789500,55.01,55.69,54.68,55.59,1.0,55.69,54.68,0,4789500,17669,265250653.0,1,02,010,BRSUZBACNOR0,131,ON      NM,SUZANO S.A.
2025-03-11,SUZB3,SUZB3,55.68,56.1,54.74,55.13,55.13,4690700,55.68,56.1,54.74,55.13,1.0,56.1,54.74,0,4690700,15571,259125406.0,1,02,010,BRSUZBACNOR0,131,ON      NM,SUZANO S.A.
2025-03-12,SUZB3,SUZB3,55.15,55.35,54.48,54.75,54.75,4171200,55.15,55.35,54.48,54.75,1.0,55.35,54.48,0,4171200,16673,228613661.0,1,02,010,BRSUZBACNOR0,131,ON      NM,SUZANO S.A.
2025-03-13,SUZB3,SUZB3,54.7,54.86,54.15,54.31,54.31,4006700,54.7,54.86,54.15,54.31,1.0,54.86,54.15,0,4006700,15274,217918950.0,1,02,010,BRSUZBACNOR0,131,ON      NM,SUZANO S.A.
2025-03-14,SUZB3,SUZB3,54.55,54.68,53.97,54.14,54.14,6516300,54.55,54.68,53.97,54.14,1.0,54.68,53.97,0,6516300,19837,353272611.0,1,02,010,BRSUZBACNOR0,131,ON      NM,SUZANO S.A.
2025-03-17,SUZB3,SUZB3,54.23,55.03,54.02,54.6,54.6,5510800,54.23,55.03,54.02,54.6,1.0,55.03,54.02,0,5510800,21011,300967473.0,1,02,010,BRSUZBACNOR0,131,ON      NM,SUZANO S.A.
2025-03-18,SUZB3,SUZB3,54.6,55.01,54.2,55.01,55.01,5857400,54.6,55.01,54.2,55.01,1.0,55.01,54.2,0,5857400,18693,319609866.0,1,02,010,BRSUZBACNOR0,131,ON      NM,SUZANO S.A.
2025-03-19,SUZB3,SUZB3,55.2,56.17,54.8,54.85,54.85,5521900,55.2,56.17,54.8,54.85,1.0,56.17,54.8,0,5521900,23481,305024381.0,1,02,010,BRSUZBACNOR0,131,ON      NM,SUZANO S.A.
2025-03-20,SUZB3,SUZB3,54.92,56.27,54.76,55.84,55.84,8531700,54.92,56.27,54.76,55.84,1.0,56.27,54.76,0,8531700,29918,474587723.0,1,02,010,BRSUZBACNOR0,131,ON      NM,SUZANO S.A.
2025-03-21,SUZB3,SUZB3,56.04,56.16,54.26,54.35,54.35,9136700,56.04,56.16,54.26,54.35,1.0,56.16,54.26,0,9136700,30400,499429436.0,1,02,010,BRSUZBACNOR0,131,ON      NM,SUZANO S.A.
2025-03-24,SUZB3,SUZB3,54.46,54.75,54.01,54.13,54.13,3802700,54.46,54.75,54.01,54.13,1.0,54.75,54.01,0,3802700,17394,206584292.0,1,02,010,BRSUZBACNOR0,131,ON      NM,SUZANO S.A.
2025-03-25,SUZB3,SUZB3,54.27,54.4,53.05,53.41,53.41,5594300,54.27,54.4,53.05,53.41,1.0,54.4,53.05,0,5594300,25224,299044954.0,1,02,010,BRSUZBACNOR0,131,ON      NM,SUZANO S.A.
2025-03-26,SUZB3,SUZB3,53.44,53.82,53.11,53.52,53.52,4800600,53.44,53.82,53.11,53.52,1.0,53.82,53.11,0,4800600,26022,256222943.0,1,02,010,BRSUZBACNOR0,131,ON      NM,SUZANO S.A.
2025-03-27,SUZB3,SUZB3,53.8,54.08,53.01,53.9,53.9,7066000,53.8,54.08,53.01,53.9,1.0,54.08,53.01,0,7066000,24749,378074821.0,1,02,010,BRSUZBACNOR0,131,ON      NM,SUZANO S.A.
2025-03-28,SUZB3,SUZB3,54.25,54.69,53.2,53.2,53.2,4908700,54.25,54.69,53.2,53.2,1.0,54.69,53.2,0,4908700,16409,262913548.0,1,02,010,BRSUZBACNOR0,131,ON      NM,SUZANO S.A.
2025-03-31,SUZB3,SUZB3,53.26,53.45,52.94,52.94,52.94,4144800,53.26,53.45,52.94,52.94,1.0,53.45,52.94,0,4144800,14091,220095184.0,1,02,010,BRSUZBACNOR0,131,ON      NM,SUZANO S.A.
2025-04-01,SUZB3,SUZB3,53.25,53.64,52.83,53.4,53.4,3579600,53.25,53.64,52.83,53.4,1.0,53.64,52.83,0,3579600,18576,190794878.0,1,02,010,BRSUZBACNOR0,131,ON      NM,SUZANO S.A.
2025-04-02,SUZB3,SUZB3,53.4,53.67,53.02,53.44,53.44,2564200,53.4,53.67,53.02,53.44,1.0,53.67,53.02,0,2564200,11601,136771040.0,1,02,010,BRSUZBACNOR0,131,ON      NM,SUZANO S.A.
2025-04-03,SUZB3,SUZB3,52.85,53.0,50.98,51.07,51.07,9521200,52.85,53.0,50.98,51.07,1.0,53.0,50.98,0,9521200,36624,489988278.0,1,02,010,BRSUZBACNOR0,131,ON      NM,SUZANO S.A.
2025-04-04,SUZB3,SUZB3,50.5,51.31,50.03,50.9,50.9,7572200,50.5,51.31,50.03,50.9,1.0,51.31,50.03,0,7572200,29042,383755421.0,1,02,010,BRSUZBACNOR0,131,ON      NM,SUZANO S.A.
2025-04-07,SUZB3,SUZB3,50.68,51.42,50.12,50.5,50.5,8045600,50.68,51.42,50.12,50.5,1.0,51.42,50.12,0,8045600,33783,406509161.0,1,02,010,BRSUZBACNOR0,131,ON      NM,SUZANO S.A.
2025-04-08,SUZB3,SUZB3,50.57,52.11,50.4,50.71,50.71,10377100,50.57,52.11,50.4,50.71,1.0,52.11,50.4,0,10377100,31375,528693461.0,1,02,010,BRSUZBACNOR0,131,ON      NM,SUZANO S.A.
2025-04-09,SUZB3,SUZB3,50.87,53.1,50.59,52.24,52.24,13225400,50.87,53.1,50.59,52.24,1.0,53.1,50.59,0,13225400,47146,687809897.0,1,02,010,BRSUZBACNOR0,131,ON      NM,SUZANO S.A.
2025-04-10,SUZB3,SUZB3,52.47,52.51,51.15,52.24,52.24,4926000,52.47,52.51,51.15,52.24,1.0,52.51,51.15,0,4926000,17829,255640397.0,1,02,010,BRSUZBACNOR0,132,ON  ATZ NM,SUZANO S.A.
2025-04-11,SUZB3,SUZB3,52.29,52.35,51.02,51.64,51.64,6028800,52.29,52.35,51.02,51.64,1.0,52.35,51.02,0,6028800,21955,310900235.0,1,02,010,BRSUZBACNOR0,132,ON  ATZ NM,SUZANO S.A.
2025-04-14,SUZB3,SUZB3,51.95,52.74,51.6,52.41,52.41,4573200,51.95,52.74,51.6,52.41,1.0,52.74,51.6,0,4573200,16106,239362982.0,1,02,010,BRSUZBACNOR0,132,ON  ATZ NM,SUZANO S.A.
2025-04-15,SUZB3,SUZB3,52.4,52.4,51.6,51.95,51.95,3495400,52.4,52.4,51.6,51.95,1.0,52.4,51.6,0,3495400,15963,181392111.0,1,02,010,BRSUZBACNOR0,132,ON  ATZ NM,SUZANO S.A.
2025-04-16,SUZB3,SUZB3,51.91,52.48,51.73,51.86,51.86,3890300,51.91,52.48,51.73,51.86,1.0,52.48,51.73,0,3890300,15155,202368036.0,1,02,010,BRSUZBACNOR0,132,ON  ATZ NM,SUZANO S.A.
2025-04-17,SUZB3,SUZB3,51.97,52.24,51.67,51.84,51.84,3815100,51.97,52.24,51.67,51.84,1.0,52.24,51.67,0,3815100,15110,198092409.0,1,02,010,BRSUZBACNOR0,132,ON  ATZ NM,SUZANO S.A.
2025-04-22,SUZB3,SUZB3,51.79,52.22,51.75,51.83,51.83,4754200,51.79,52.22,51.75,51.83,1.0,52.22,51.75,0,4754200,12438,246758857.0,1,02,010,BRSUZBACNOR0,132,ON  ATZ NM,SUZANO S.A.
2025-04-23,SUZB3,SUZB3,52.13,52.79,51.5,52.44,52.44,6264600,52.13,52.79,51.5,52.44,1.0,52.79,51.5,0,6264600,23534,327819940.0,1,02,010,BRSUZBACNOR0,132,ON  ATZ NM,SUZANO S.A.
2025-04-24,SUZB3,SUZB3,52.46,52.69,51.49,52.25,52.25,4642600,52.46,52.69,51.49,52.25,1.0,52.69,51.49,0,4642600,22888,241470101.0,1,02,010,BRSUZBACNOR0,132,ON      NM,SUZANO S.A.
2025-04-25,SUZB3,SUZB3,51.44,51.49,50.61,51.28,51.28,11836700,51.44,51.49,50.61,51.28,1.0,51.49,50.61,0,11836700,31266,605668013.0,1,02,010,BRSUZBACNOR0,132,ON      NM,SUZANO S.A.
2025-04-28,SUZB3,SUZB3,51.47,51.47,50.26,50.85,50.85,7957200,51.47,51.47,50.26,50.85,1.0,51.47,50.26,0,7957200,20535,402912696.0,1,02,010,BRSUZBACNOR0,132,ON      NM,SUZANO S.A.
2025-04-29,SUZB3,SUZB3,51.04,51.04,50.17,50.36,50.36,5033900,51.04,51.04,50.17,50.36,1.0,51.04,50.17,0,5033900,20323,253684593.0,1,02,010,BRSUZBACNOR0,132,ON      NM,SUZANO S.A.
2025-04-30,SUZB3,SUZB3,50.46,50.53,49.9,50.08,50.08,6310300,50.46,50.53,49.9,50.08,1.0,50.53,49.9,0,6310300,23381,316442808.0,1,02,010,BRSUZBACNOR0,132,ON      NM,SUZANO S.A.
2025-05-02,SUZB3,SUZB3,50.04,50.79,49.31,50.65,50.65,4444300,50.04,50.79,49.31,50.65,1.0,50.79,49.31,0,4444300,17232,223737926.0,1,02,010,BRSUZBACNOR0,132,ON      NM,SUZANO S.A.
2025-05-05,SUZB3,SUZB3,50.71,51.07,50.03,50.5,50.5,3093100,50.71,51.07,50.03,50.5,1.0,51.07,50.03,0,3093100,14525,155940045.0,1,02,010,BRSUZBACNOR0,132,ON      NM,SUZANO S.A.
2025-05-06,SUZB3,SUZB3,50.26,50.83,50.12,50.44,50.44,3089200,50.26,50.83,50.12,50.44,1.0,50.83,50.12,0,3089200,10142,155628996.0,1,02,010,BRSUZBACNOR0,132,ON      NM,SUZANO S.A.
2025-05-07,SUZB3,SUZB3,50.7,51.64,50.45,51.24,51.24,4587600,50.7,51.64,50.45,51.24,1.0,51.64,50.45,0,4587600,18133,234889081.0,1,02,010,BRSUZBACNOR0,132,ON      NM,SUZANO S.A.
2025-05-08,SUZB3,SUZB3,51.41,51.91,51.01,51.47,51.47,5293300,51.41,51.91,51.01,51.47,1.0,51.91,51.01,0,5293300,23424,272819917.0,1,02,010,BRSUZBACNOR0,132,ON      NM,SUZANO S.A.
2025-05-09,SUZB3,SUZB3,49.26,50.98,49.26,50.09,50.09,10694300,49.26,50.98,49.26,50.09,1.0,50.98,49.26,0,10694300,47138,537024972.0,1,02,010,BRSUZBACNOR0,132,ON      NM,SUZANO S.A.
2025-05-12,SUZB3,SUZB3,51.5,52.74,51.31,52.25,52.25,8634700,51.5,52.74,51.31,52.25,1.0,52.74,51.31,0,8634700,39060,451255034.0,1,02,010,BRSUZBACNOR0,132,ON      NM,SUZANO S.A.
2025-05-13,SUZB3,SUZB3,52.06,53.4,51.52,53.05,53.05,6548800,52.06,53.4,51.52,53.05,1.0,53.4,51.52,0,6548800,25542,346310535.0,1,02,010,BRSUZBACNOR0,132,ON      NM,SUZANO S.A.
2025-05-14,SUZB3,SUZB3,53.25,54.15,52.74,53.01,53.01,5922900,53.25,54.15,52.74,53.01,1.0,54.15,52.74,0,5922900,22243,316122193.0,1,02,010,BRSUZBACNOR0,132,ON      NM,SUZANO S.A.
2025-05-15,SUZB3,SUZB3,53.2,54.09,52.94,53.82,53.82,4339800,53.2,54.09,52.94,53.82,1.0,54.09,52.94,0,4339800,15525,232512886.0,1,02,010,BRSUZBACNOR0,132,ON      NM,SUZANO S.A.
2025-05-16,SUZB3,SUZB3,53.89,54.0,53.02,53.67,53.67,5837200,53.89,54.0,53.02,53.67,1.0,54.0,53.02,0,5837200,17645,312879118.0,1,02,010,BRSUZBACNOR0,132,ON      NM,SUZANO S.A.
2025-05-19,SUZB3,SUZB3,53.53,53.59,52.9,53.19,53.19,2988200,53.53,53.59,52.9,53.19,1.0,53.59,52.9,0,2988200,13777,159122398.0,1,02,010,BRSUZBACNOR0,132,ON      NM,SUZANO S.A.
2025-05-20,SUZB3,SUZB3,53.19,53.22,52.72,53.02,53.02,2585200,53.19,53.22,52.72,53.02,1.0,53.22,52.72,0,2585200,10761,136911045.0,1,02,010,BRSUZBACNOR0,132,ON      NM,SUZANO S.A.
2025-05-21,SUZB3,SUZB3,52.74,53.42,52.61,53.21,53.21,9223100,52.74,53.42,52.61,53.21,1.0,53.42,52.61,0,9223100,17583,488664881.0,1,02,010,BRSUZBACNOR0,132,ON      NM,SUZANO S.A.
2025-05-22,SUZB3,SUZB3,53.13,53.85,52.75,53.19,53.19,5871800,53.13,53.85,52.75,53.19,1.0,53.85,52.75,0,5871800,21767,312504964.0,1,02,010,BRSUZBACNOR0,132,ON      NM,SUZANO S.A.
2025-05-23,SUZB3,SUZB3,53.29,53.69,52.44,52.96,52.96,3253300,53.29,53.69,52.44,52.96,1.0,53.69,52.44,0,3253300,14814,172207621.0,1,02,010,BRSUZBACNOR0,132,ON      NM,SUZANO S.A.
2025-05-26,SUZB3,SUZB3,53.1,53.1,52.06,52.76,52.76,2931100,53.1,53.1,52.06,52.76,1.0,53.1,52.06,0,2931100,9987,153831780.0,1,02,010,BRSUZBACNOR0,132,ON      NM,SUZANO S.A.
2025-05-27,SUZB3,SUZB3,52.51,52.6,50.9,51.31,51.31,14854900,52.51,52.6,50.9,51.31,1.0,52.6,50.9,0,14854900,31621,767142223.0,1,02,010,BRSUZBACNOR0,132,ON      NM,SUZANO S.A.
2025-05-28,SUZB3,SUZB3,51.2,52.04,51.06,51.06,51.06,4793300,51.2,52.04,51.06,51.06,1.0,52.04,51.06,0,4793300,15049,246323433.0,1,02,010,BRSUZBACNOR0,132,ON      NM,SUZANO S.A.
2025-05-29,SUZB3,SUZB3,50.99,51.42,50.26,50.58,50.58,8144300,50.99,51.42,50.26,50.58,1.0,51.42,50.26,0,8144300,21013,413602868.0,1,02,010,BRSUZBACNOR0,132,ON      NM,SUZANO S.A.
2025-05-30,SUZB3,SUZB3,50.61,50.68,49.35,49.65,49.65,10637600,50.61,50.68,49.35,49.65,1.0,50.68,49.35,0,10637600,22363,529036099.0,1,02,010,BRSUZBACNOR0,132,ON      NM,SUZANO S.A.
2025-06-02,SUZB3,SUZB3,49.95,50.26,49.44,49.58,49.58,7892100,49.95,50.26,49.44,49.58,1.0,50.26,49.44,0,7892100,22960,393130419.0,1,02,010,BRSUZBACNOR0,132,ON      NM,SUZANO S.A.
2025-06-03,SUZB3,SUZB3,49.51,51.04,49.5,50.4,50.4,7827500,49.51,51.04,49.5,50.4,1.0,51.04,49.5,0,7827500,26982,395556750.0,1,02,010,BRSUZBACNOR0,132,ON      NM,SUZANO S.A.
2025-06-04,SUZB3,SUZB3,50.41,50.5,49.65,49.76,49.76,7379100,50.41,50.5,49.65,49.76,1.0,50.5,49.65,0,7379100,19071,369361570.0,1,02,010,BRSUZBACNOR0,132,ON      NM,SUZANO S.A.
2025-06-05,SUZB3,SUZB3,52.72,53.15,50.71,52.9,52.9,21243900,52.72,53.15,50.71,52.9,1.0,53.15,50.71,0,21243900,54119,1110399858.0,1,02,010,BRSUZBACNOR0,132,ON      NM,SUZANO S.A.
2025-06-06,SUZB3,SUZB3,53.15,54.44,53.0,53.42,53.42,10829500,53.15,54.44,53.0,53.42,1.0,54.44,53.0,0,10829500,32939,581583952.0,1,02,010,BRSUZBACNOR0,132,ON      NM,SUZANO S.A.
2025-06-09,SUZB3,SUZB3,53.39,53.88,53.18,53.57,53.57,3440700,53.39,53.88,53.18,53.57,1.0,53.88,53.18,0,3440700,12885,184134799.0,1,02,010,BRSUZBACNOR0,132,ON      NM,SUZANO S.A.
2025-06-10,SUZB3,SUZB3,53.67,53.81,53.18,53.29,53.29,4026600,53.67,53.81,53.18,53.29,1.0,53.81,53.18,0,4026600,15325,215101432.0,1,02,010,BRSUZBACNOR0,132,ON      NM,SUZANO S.A.
2025-06-11,SUZB3,SUZB3,53.5,53.92,52.72,52.98,52.98,4268000,53.5,53.92,52.72,52.98,1.0,53.92,52.72,0,4268000,14649,227088797.0,1,02,010,BRSUZBACNOR0,132,ON      NM,SUZANO S.A.
2025-06-12,SUZB3,SUZB3,52.51,53.2,52.13,52.95,52.95,4865700,52.51,53.2,52.13,52.95,1.0,53.2,52.13,0,4865700,14393,256533933.0,1,02,010,BRSUZBACNOR0,132,ON      NM,SUZANO S.A.
2025-06-13,SUZB3,SUZB3,54.44,55.42,53.97,54.11,54.11,10362500,54.44,55.42,53.97,54.11,1.0,55.42,53.97,0,10362500,33539,565060868.0,1,02,010,BRSUZBACNOR0,132,ON      NM,SUZANO S.A.
2025-06-16,SUZB3,SUZB3,54.34,54.63,53.81,54.25,54.25,6625900,54.34,54.63,53.81,54.25,1.0,54.63,53.81,0,6625900,19245,359543016.0,1,02,010,BRSUZBACNOR0,132,ON      NM,SUZANO S.A.
2025-06-17,SUZB3,SUZB3,53.92,54.22,52.5,52.64,52.64,5758300,53.92,54.22,52.5,52.64,1.0,54.22,52.5,0,5758300,21158,306016925.0,1,02,010,BRSUZBACNOR0,132,ON      NM,SUZANO S.A.
2025-06-18,SUZB3,SUZB3,52.7,53.2,52.5,52.81,52.81,3637000,52.7,53.2,52.5,52.81,1.0,53.2,52.5,0,3637000,14771,192206070.0,1,02,010,BRSUZBACNOR0,132,ON      NM,SUZANO S.A.
2025-06-20,SUZB3,SUZB3,52.51,52.97,51.87,51.87,51.87,5138500,52.51,52.97,51.87,51.87,1.0,52.97,51.87,0,5138500,16114,268055120.0,1,02,010,BRSUZBACNOR0,132,ON      NM,SUZANO S.A.
2025-06-23,SUZB3,SUZB3,51.7,52.08,51.4,51.75,51.75,4809100,51.7,52.08,51.4,51.75,1.0,52.08,51.4,0,4809100,14412,248391157.0,1,02,010,BRSUZBACNOR0,132,ON      NM,SUZANO S.A.
2025-06-24,SUZB3,SUZB3,52.07,52.16,51.71,51.85,51.85,5673000,52.07,52.16,51.71,51.85,1.0,52.16,51.71,0,5673000,9222,294082642.0,1,02,010,BRSUZBACNOR0,132,ON      NM,SUZANO S.A.
2025-06-25,SUZB3,SUZB3,51.63,52.15,51.41,51.49,51.49,3992800,51.63,52.15,51.41,51.49,1.0,52.15,51.41,0,3992800,15283,206256374.0,1,02,010,BRSUZBACNOR0,132,ON      NM,SUZANO S.A.
2025-06-26,SUZB3,SUZB3,51.47,52.12,51.44,51.61,51.61,7744900,51.47,52.12,51.44,51.61,1.0,52.12,51.44,0,7744900,14256,401048031.0,1,02,010,BRSUZBACNOR0,132,ON      NM,SUZANO S.A.
2025-06-27,SUZB3,SUZB3,51.37,51.52,50.82,51.15,51.15,4123000,51.37,51.52,50.82,51.15,1.0,51.52,50.82,0,4123000,14351,210689914.0,1,02,010,BRSUZBACNOR0,132,ON      NM,SUZANO S.A.
2025-06-30,SUZB3,SUZB3,51.04,51.39,50.73,51.21,51.21,6046600,51.04,51.39,50.73,51.21,1.0,51.39,50.73,0,6046600,22582,309404275.0,1,02,010,BRSUZBACNOR0,132,ON      NM,SUZANO S.A.
2025-07-01,SUZB3,SUZB3,51.64,51.66,50.51,50.84,50.84,3815800,51.64,51.66,50.51,50.84,1.0,51.66,50.51,0,3815800,16685,193760219.0,1,02,010,BRSUZBACNOR0,132,ON      NM,SUZANO S.A.
2025-07-02,SUZB3,SUZB3,50.74,51.74,50.72,51.71,51.71,7066900,50.74,51.74,50.72,51.71,1.0,51.74,50.72,0,7066900,18592,363369772.0,1,02,010,BRSUZBACNOR0,132,ON      NM,SUZANO S.A.
2025-07-03,SUZB3,SUZB3,51.71,52.32,51.4,52.06,52.06,3505400,51.71,52.32,51.4,52.06,1.0,52.32,51.4,0,3505400,11670,182174923.0,1,02,010,BRSUZBACNOR0,132,ON      NM,SUZANO S.A.
2025-07-04,SUZB3,SUZB3,52.06,52.26,51.7,51.95,51.95,1260600,52.06,52.26,51.7,51.95,1.0,52.26,51.7,0,1260600,5069,65393542.0,1,02,010,BRSUZBACNOR0,132,ON      NM,SUZANO S.A.
2025-07-07,SUZB3,SUZB3,51.91,51.91,51.01,51.01,51.01,2836800,51.91,51.91,51.01,51.01,1.0,51.91,51.01,0,2836800,9891,145622201.0,1,02,010,BRSUZBACNOR0,132,ON      NM,SUZANO S.A.
2025-07-08,SUZB3,SUZB3,51.18,51.18,50.69,50.93,50.93,2400900,51.18,51.18,50.69,50.93,1.0,51.18,50.69,0,2400900,8947,122249212.0,1,02,010,BRSUZBACNOR0,132,ON      NM,SUZANO S.A.
2025-07-09,SUZB3,SUZB3,50.77,50.88,49.81,50.0,50.0,3631300,50.77,50.88,49.81,50.0,1.0,50.88,49.81,0,3631300,13270,182313718.0,1,02,010,BRSUZBACNOR0,132,ON      NM,SUZANO S.A.
2025-07-10,SUZB3,SUZB3,49.17,50.72,49.15,49.85,49.85,8351700,49.17,50.72,49.15,49.85,1.0,50.72,49.15,0,8351700,27179,417413312.0,1,02,010,BRSUZBACNOR0,132,ON      NM,SUZANO S.A.
2025-07-11,SUZB3,SUZB3,49.85,50.1,49.55,49.9,49.9,3330800,49.85,50.1,49.55,49.9,1.0,50.1,49.55,0,3330800,12667,165910550.0,1,02,010,BRSUZBACNOR0,132,ON      NM,SUZANO S.A.
2025-07-14,SUZB3,SUZB3,49.84,50.39,49.43,49.95,49.95,3608500,49.84,50.39,49.43,49.95,1.0,50.39,49.43,0,3608500,15016,180385262.0,1,02,010,BRSUZBACNOR0,133,ON  ATZ NM,SUZANO S.A.
2025-07-15,SUZB3,SUZB3,50.1,50.72,49.75,50.5,50.5,4601200,50.1,50.72,49.75,50.5,1.0,50.72,49.75,0,4601200,13572,231681975.0,1,02,010,BRSUZBACNOR0,133,ON  ATZ NM,SUZANO S.A.
2025-07-16,SUZB3,SUZB3,50.45,50.65,50.01,50.52,50.52,4952100,50.45,50.65,50.01,50.52,1.0,50.65,50.01,0,4952100,14404,249512423.0,1,02,010,BRSUZBACNOR0,133,ON  ATZ NM,SUZANO S.A.
2025-07-17,SUZB3,SUZB3,50.6,50.97,50.14,50.5,50.5,3191600,50.6,50.97,50.14,50.5,1.0,50.97,50.14,0,3191600,14636,161463211.0,1,02,010,BRSUZBACNOR0,133,ON  ATZ NM,SUZANO S.A.
2025-07-18,SUZB3,SUZB3,50.24,50.75,50.17,50.61,50.61,7229700,50.24,50.75,50.17,50.61,1.0,50.75,50.17,0,7229700,16484,365273136.0,1,02,010,BRSUZBACNOR0,133,ON  ATZ NM,SUZANO S.A.
2025-07-21,SUZB3,SUZB3,50.73,51.45,50.56,51.0,51.0,3868300,50.73,51.45,50.56,51.0,1.0,51.45,50.56,0,3868300,12851,197660632.0,1,02,010,BRSUZBACNOR0,133,ON  ATZ NM,SUZANO S.A.
2025-07-22,SUZB3,SUZB3,51.35,51.52,51.0,51.26,51.26,4187500,51.35,51.52,51.0,51.26,1.0,51.52,51.0,0,4187500,14595,214776345.0,1,02,010,BRSUZBACNOR0,133,ON  ATZ NM,SUZANO S.A.
2025-07-23,SUZB3,SUZB3,50.98,52.1,50.98,51.75,51.75,2640500,50.98,52.1,50.98,51.75,1.0,52.1,50.98,0,2640500,9761,136775952.0,1,02,010,BRSUZBACNOR0,133,ON  ATZ NM,SUZANO S.A.
2025-07-24,SUZB3,SUZB3,51.66,51.88,51.39,51.5,51.5,2364100,51.66,51.88,51.39,51.5,1.0,51.88,51.39,0,2364100,9593,121881546.0,1,02,010,BRSUZBACNOR0,133,ON      NM,SUZANO S.A.
2025-07-25,SUZB3,SUZB3,51.37,52.76,51.37,52.57,52.57,4313300,51.37,52.76,51.37,52.57,1.0,52.76,51.37,0,4313300,13877,225910719.0,1,02,010,BRSUZBACNOR0,133,ON      NM,SUZANO S.A.
2025-07-28,SUZB3,SUZB3,52.59,52.73,51.97,52.15,52.15,3433200,52.59,52.73,51.97,52.15,1.0,52.73,51.97,0,3433200,13286,179253094.0,1,02,010,BRSUZBACNOR0,133,ON      NM,SUZANO S.A.
2025-07-29,SUZB3,SUZB3,52.16,52.23,51.7,51.85,51.85,2336400,52.16,52.23,51.7,51.85,1.0,52.23,51.7,0,2336400,8868,121307483.0,1,02,010,BRSUZBACNOR0,133,ON      NM,SUZANO S.A.
2025-07-30,SUZB3,SUZB3,51.95,53.1,50.95,52.18,52.18,8802400,51.95,53.1,50.95,52.18,1.0,53.1,50.95,0,8802400,21848,456707731.0,1,02,010,BRSUZBACNOR0,133,ON      NM,SUZANO S.A.
2025-07-31,SUZB3,SUZB3,52.39,52.82,51.59,52.15,52.15,5256000,52.39,52.82,51.59,52.15,1.0,52.82,51.59,0,5256000,17002,274065706.0,1,02,010,BRSUZBACNOR0,133,ON      NM,SUZANO S.A.
2025-08-01,SUZB3,SUZB3,52.28,52.6,51.47,51.74,51.74,6867800,52.28,52.6,51.47,51.74,1.0,52.6,51.47,0,6867800,15825,356292328.0,1,02,010,BRSUZBACNOR0,133,ON      NM,SUZANO S.A.
2025-08-04,SUZB3,SUZB3,52.18,52.18,50.28,50.77,50.77,5618100,52.18,52.18,50.28,50.77,1.0,52.18,50.28,0,5618100,13401,284758764.0,1,02,010,BRSUZBACNOR0,133,ON      NM,SUZANO S.A.
2025-08-05,SUZB3,SUZB3,50.98,51.15,50.35,50.97,50.97,2033300,50.98,51.15,50.35,50.97,1.0,51.15,50.35,0,2033300,9039,103529167.0,1,02,010,BRSUZBACNOR0,133,ON      NM,SUZANO S.A.
2025-08-06,SUZB3,SUZB3,51.26,51.7,50.77,51.62,51.62,3581100,51.26,51.7,50.77,51.62,1.0,51.7,50.77,0,3581100,12470,184014907.0,1,02,010,BRSUZBACNOR0,133,ON      NM,SUZANO S.A.
2025-08-07,SUZB3,SUZB3,52.96,54.8,52.67,54.14,54.14,10788500,52.96,54.8,52.67,54.14,1.0,54.8,52.67,0,10788500,34119,582510752.0,1,02,010,BRSUZBACNOR0,133,ON      NM,SUZANO S.A.
2025-08-08,SUZB3,SUZB3,54.18,55.28,53.54,54.58,54.58,5481800,54.18,55.28,53.54,54.58,1.0,55.28,53.54,0,5481800,17631,299447948.0,1,02,010,BRSUZBACNOR0,133,ON      NM,SUZANO S.A.
2025-08-11,SUZB3,SUZB3,54.35,54.46,53.46,54.08,54.08,3457600,54.35,54.46,53.46,54.08,1.0,54.46,53.46,0,3457600,11840,186335956.0,1,02,010,BRSUZBACNOR0,133,ON      NM,SUZANO S.A.
2025-08-12,SUZB3,SUZB3,54.05,54.55,53.6,54.09,54.09,3852700,54.05,54.55,53.6,54.09,1.0,54.55,53.6,0,3852700,18497,208670510.0,1,02,010,BRSUZBACNOR0,133,ON      NM,SUZANO S.A.
2025-08-13,SUZB3,SUZB3,54.12,54.21,53.62,53.86,53.86,3160200,54.12,54.21,53.62,53.86,1.0,54.21,53.62,0,3160200,14227,170229886.0,1,02,010,BRSUZBACNOR0,133,ON      NM,SUZANO S.A.
2025-08-14,SUZB3,SUZB3,53.71,54.07,53.47,53.91,53.91,1838100,53.71,54.07,53.47,53.91,1.0,54.07,53.47,0,1838100,9205,99016521.0,1,02,010,BRSUZBACNOR0,133,ON      NM,SUZANO S.A.
2025-08-15,SUZB3,SUZB3,53.82,54.67,53.23,53.33,53.33,5954100,53.82,54.67,53.23,53.33,1.0,54.67,53.23,0,5954100,16252,319863827.0,1,02,010,BRSUZBACNOR0,133,ON      NM,SUZANO S.A.
2025-08-18,SUZB3,SUZB3,53.07,53.47,52.44,52.6,52.6,6656100,53.07,53.47,52.44,52.6,1.0,53.47,52.44,0,6656100,20927,352343575.0,1,02,010,BRSUZBACNOR0,133,ON      NM,SUZANO S.A.
2025-08-19,SUZB3,SUZB3,52.33,53.07,52.2,53.01,53.01,5430200,52.33,53.07,52.2,53.01,1.0,53.07,52.2,0,5430200,19026,286995131.0,1,02,010,BRSUZBACNOR0,133,ON      NM,SUZANO S.A.
2025-08-20,SUZB3,SUZB3,52.91,53.22,52.39,52.49,52.49,2604900,52.91,53.22,52.39,52.49,1.0,53.22,52.39,0,2604900,13805,137115170.0,1,02,010,BRSUZBACNOR0,133,ON      NM,SUZANO S.A.
2025-08-21,SUZB3,SUZB3,52.49,52.53,52.01,52.3,52.3,1905800,52.49,52.53,52.01,52.3,1.0,52.53,52.01,0,1905800,8232,99646838.0,1,02,010,BRSUZBACNOR0,133,ON      NM,SUZANO S.A.
2025-08-22,SUZB3,SUZB3,53.49,53.89,53.02,53.76,53.76,5248500,53.49,53.89,53.02,53.76,1.0,53.89,53.02,0,5248500,18921,281666926.0,1,02,010,BRSUZBACNOR0,133,ON      NM,SUZANO S.A.
2025-08-25,SUZB3,SUZB3,53.82,53.98,53.29,53.41,53.41,2604200,53.82,53.98,53.29,53.41,1.0,53.98,53.29,0,2604200,10772,139231563.0,1,02,010,BRSUZBACNOR0,133,ON      NM,SUZANO S.A.
2025-08-26,SUZB3,SUZB3,53.21,53.55,52.61,52.61,52.61,3907200,53.21,53.55,52.61,52.61,1.0,53.55,52.61,0,3907200,14235,206084829.0,1,02,010,BRSUZBACNOR0,133,ON      NM,SUZANO S.A.
2025-08-27,SUZB3,SUZB3,52.61,53.06,52.52,52.98,52.98,2707100,52.61,53.06,52.52,52.98,1.0,53.06,52.52,0,2707100,11354,142925442.0,1,02,010,BRSUZBACNOR0,133,ON      NM,SUZANO S.A.
2025-08-28,SUZB3,SUZB3,53.3,53.3,52.7,52.83,52.83,3254300,53.3,53.3,52.7,52.83,1.0,53.3,52.7,0,3254300,13929,172444223.0,1,02,010,BRSUZBACNOR0,133,ON      NM,SUZANO S.A.
2025-08-29,SUZB3,SUZB3,52.85,53.23,52.43,52.45,52.45,4318500,52.85,53.23,52.43,52.45,1.0,53.23,52.43,0,4318500,13941,227252118.0,1,02,010,BRSUZBACNOR0,133,ON      NM,SUZANO S.A.
2025-09-01,SUZB3,SUZB3,52.59,52.73,51.85,52.55,52.55,1853600,52.59,52.73,51.85,52.55,1.0,52.73,51.85,0,1853600,8223,97055586.0,1,02,010,BRSUZBACNOR0,133,ON      NM,SUZANO S.A.
2025-09-02,SUZB3,SUZB3,52.5,52.99,52.23,52.26,52.26,2160200,52.5,52.99,52.23,52.26,1.0,52.99,52.23,0,2160200,10256,113263107.0,1,02,010,BRSUZBACNOR0,133,ON      NM,SUZANO S.A.
2025-09-03,SUZB3,SUZB3,52.45,53.67,51.71,51.97,51.97,4176100,52.45,53.67,51.71,51.97,1.0,53.67,51.71,0,4176100,19071,217831288.0,1,02,010,BRSUZBACNOR0,133,ON      NM,SUZANO S.A.
2025-09-04,SUZB3,SUZB3,52.07,52.2,51.41,51.67,51.67,3848400,52.07,52.2,51.41,51.67,1.0,52.2,51.41,0,3848400,14441,198655317.0,1,02,010,BRSUZBACNOR0,133,ON      NM,SUZANO S.A.
2025-09-05,SUZB3,SUZB3,51.94,52.18,50.87,51.99,51.99,4143700,51.94,52.18,50.87,51.99,1.0,52.18,50.87,0,4143700,17160,214385481.0,1,02,010,BRSUZBACNOR0,133,ON      NM,SUZANO S.A.
2025-09-08,SUZB3,SUZB3,52.11,52.2,51.32,51.6,51.6,5668300,52.11,52.2,51.32,51.6,1.0,52.2,51.32,0,5668300,18419,292635897.0,1,02,010,BRSUZBACNOR0,133,ON      NM,SUZANO S.A.
2025-09-09,SUZB3,SUZB3,51.83,52.4,51.41,51.91,51.91,4768100,51.83,52.4,51.41,51.91,1.0,52.4,51.41,0,4768100,16660,248137929.0,1,02,010,BRSUZBACNOR0,133,ON      NM,SUZANO S.A.
2025-09-10,SUZB3,SUZB3,51.93,51.93,50.8,50.8,50.8,5697800,51.93,51.93,50.8,50.8,1.0,51.93,50.8,0,5697800,18718,291660895.0,1,02,010,BRSUZBACNOR0,133,ON      NM,SUZANO S.A.
2025-09-11,SUZB3,SUZB3,51.12,51.55,50.84,51.55,51.55,4438400,51.12,51.55,50.84,51.55,1.0,51.55,50.84,0,4438400,8618,227703956.0,1,02,010,BRSUZBACNOR0,133,ON      NM,SUZANO S.A.
2025-09-12,SUZB3,SUZB3,51.45,51.54,50.43,50.43,50.43,4184900,51.45,51.54,50.43,50.43,1.0,51.54,50.43,0,4184900,12679,213115184.0,1,02,010,BRSUZBACNOR0,133,ON      NM,SUZANO S.A.
2025-09-15,SUZB3,SUZB3,50.68,50.69,50.21,50.5,50.5,3698800,50.68,50.69,50.21,50.5,1.0,50.69,50.21,0,3698800,11849,186668313.0,1,02,010,BRSUZBACNOR0,133,ON      NM,SUZANO S.A.
2025-09-16,SUZB3,SUZB3,50.7,51.15,50.39,50.68,50.68,3768300,50.7,51.15,50.39,50.68,1.0,51.15,50.39,0,3768300,14696,190950447.0,1,02,010,BRSUZBACNOR0,133,ON      NM,SUZANO S.A.
2025-09-17,SUZB3,SUZB3,50.75,51.22,50.33,50.9,50.9,4711400,50.75,51.22,50.33,50.9,1.0,51.22,50.33,0,4711400,12239,239363861.0,1,02,010,BRSUZBACNOR0,133,ON      NM,SUZANO S.A.
2025-09-18,SUZB3,SUZB3,51.02,51.03,50.17,50.73,50.73,3944000,51.02,51.03,50.17,50.73,1.0,51.03,50.17,0,3944000,13155,199419200.0,1,02,010,BRSUZBACNOR0,133,ON      NM,SUZANO S.A.
2025-09-19,SUZB3,SUZB3,50.91,51.16,50.47,50.5,50.5,6513700,50.91,51.16,50.47,50.5,1.0,51.16,50.47,0,6513700,10989,330100406.0,1,02,010,BRSUZBACNOR0,133,ON      NM,SUZANO S.A.
2025-09-22,SUZB3,SUZB3,50.55,50.75,50.25,50.35,50.35,6973500,50.55,50.75,50.25,50.35,1.0,50.75,50.25,0,6973500,8708,351916408.0,1,02,010,BRSUZBACNOR0,133,ON      NM,SUZANO S.A.
2025-09-23,SUZB3,SUZB3,50.56,51.07,50.13,50.13,50.13,3438200,50.56,51.07,50.13,50.13,1.0,51.07,50.13,0,3438200,10321,173802386.0,1,02,010,BRSUZBACNOR0,133,ON      NM,SUZANO S.A.
2025-09-24,SUZB3,SUZB3,50.26,50.34,49.52,49.95,49.95,6218100,50.26,50.34,49.52,49.95,1.0,50.34,49.52,0,6218100,17018,309642646.0,1,02,010,BRSUZBACNOR0,133,ON      NM,SUZANO S.A.
2025-09-25,SUZB3,SUZB3,50.02,50.68,49.69,50.24,50.24,7714900,50.02,50.68,49.69,50.24,1.0,50.68,49.69,0,7714900,17812,386673952.0,1,02,010,BRSUZBACNOR0,133,ON      NM,SUZANO S.A.
2025-09-26,SUZB3,SUZB3,50.3,50.36,49.41,49.45,49.45,3800600,50.3,50.36,49.41,49.45,1.0,50.36,49.41,0,3800600,12373,189041208.0,1,02,010,BRSUZBACNOR0,133,ON      NM,SUZANO S.A.
2025-09-29,SUZB3,SUZB3,49.76,49.76,48.7,49.17,49.17,4990200,49.76,49.76,48.7,49.17,1.0,49.76,48.7,0,4990200,16241,244938518.0,1,02,010,BRSUZBACNOR0,133,ON      NM,SUZANO S.A.
2025-09-30,SUZB3,SUZB3,49.45,49.9,48.9,49.9,49.9,7034700,49.45,49.9,48.9,49.9,1.0,49.9,48.9,0,7034700,16127,349106850.0,1,02,010,BRSUZBACNOR0,134,ON  ATZ NM,SUZANO S.A.
2025-10-01,SUZB3,SUZB3,49.75,50.4,49.67,49.89,49.89,2888900,49.75,50.4,49.67,49.89,1.0,50.4,49.67,0,2888900,10922,144454642.0,1,02,010,BRSUZBACNOR0,134,ON  ATZ NM,SUZANO S.A.
2025-10-02,SUZB3,SUZB3,49.87,50.26,49.52,50.1,50.1,5306000,49.87,50.26,49.52,50.1,1.0,50.26,49.52,0,5306000,12894,265011578.0,1,02,010,BRSUZBACNOR0,134,ON  ATZ NM,SUZANO S.A.
2025-10-03,SUZB3,SUZB3,50.11,51.14,49.86,50.7,50.7,5529000,50.11,51.14,49.86,50.7,1.0,51.14,49.86,0,5529000,17819,280535217.0,1,02,010,BRSUZBACNOR0,134,ON  ATZ NM,SUZANO S.A.
2025-10-06,SUZB3,SUZB3,50.64,50.79,49.31,49.5,49.5,4504200,50.64,50.79,49.31,49.5,1.0,50.79,49.31,0,4504200,13342,224209727.0,1,02,010,BRSUZBACNOR0,134,ON  ATZ NM,SUZANO S.A.
2025-10-07,SUZB3,SUZB3,49.43,50.0,48.87,48.89,48.89,7097600,49.43,50.0,48.87,48.89,1.0,50.0,48.87,0,7097600,13015,348675319.0,1,02,010,BRSUZBACNOR0,134,ON  ATZ NM,SUZANO S.A.
2025-10-08,SUZB3,SUZB3,48.89,49.03,47.81,47.83,47.83,9745300,48.89,49.03,47.81,47.83,1.0,49.03,47.81,0,9745300,26659,470541517.0,1,02,010,BRSUZBACNOR0,134,ON  ATZ NM,SUZANO S.A.
2025-10-09,SUZB3,SUZB3,47.98,48.31,47.52,47.69,47.69,3182900,47.98,48.31,47.52,47.69,1.0,48.31,47.52,0,3182900,10828,152353155.0,1,02,010,BRSUZBACNOR0,134,ON  ATZ NM,SUZANO S.A.
2025-10-10,SUZB3,SUZB3,47.8,48.79,47.8,48.19,48.19,5446700,47.8,48.79,47.8,48.19,1.0,48.79,47.8,0,5446700,14697,263339072.0,1,02,010,BRSUZBACNOR0,134,ON      NM,SUZANO S.A.
2025-10-13,SUZB3,SUZB3,48.34,48.55,48.07,48.21,48.21,3707800,48.34,48.55,48.07,48.21,1.0,48.55,48.07,0,3707800,12365,179008561.0,1,02,010,BRSUZBACNOR0,134,ON      NM,SUZANO S.A.
2025-10-14,SUZB3,SUZB3,48.1,48.42,47.95,47.99,47.99,3933100,48.1,48.42,47.95,47.99,1.0,48.42,47.95,0,3933100,12194,189170470.0,1,02,010,BRSUZBACNOR0,134,ON      NM,SUZANO S.A.
2025-10-15,SUZB3,SUZB3,47.99,48.16,47.23,47.63,47.63,8159100,47.99,48.16,47.23,47.63,1.0,48.16,47.23,0,8159100,21797,388669707.0,1,02,010,BRSUZBACNOR0,134,ON      NM,SUZANO S.A.
2025-10-16,SUZB3,SUZB3,47.41,47.93,47.25,47.8,47.8,3663700,47.41,47.93,47.25,47.8,1.0,47.93,47.25,0,3663700,12091,174611810.0,1,02,010,BRSUZBACNOR0,134,ON      NM,SUZANO S.A.
2025-10-17,SUZB3,SUZB3,48.05,48.06,47.5,47.63,47.63,4197800,48.05,48.06,47.5,47.63,1.0,48.06,47.5,0,4197800,10668,200233805.0,1,02,010,BRSUZBACNOR0,134,ON      NM,SUZANO S.A.
2025-10-20,SUZB3,SUZB3,47.6,48.0,47.46,47.71,47.71,3992100,47.6,48.0,47.46,47.71,1.0,48.0,47.46,0,3992100,9036,190771534.0,1,02,010,BRSUZBACNOR0,134,ON      NM,SUZANO S.A.
2025-10-21,SUZB3,SUZB3,47.77,47.85,47.27,47.48,47.48,3010100,47.77,47.85,47.27,47.48,1.0,47.85,47.27,0,3010100,9076,142963418.0,1,02,010,BRSUZBACNOR0,134,ON      NM,SUZANO S.A.
2025-10-22,SUZB3,SUZB3,47.44,48.34,47.44,48.22,48.22,3648800,47.44,48.34,47.44,48.22,1.0,48.34,47.44,0,3648800,13688,175419650.0,1,02,010,BRSUZBACNOR0,134,ON      NM,SUZANO S.A.
2025-10-23,SUZB3,SUZB3,48.34,48.74,48.21,48.67,48.67,2825900,48.34,48.74,48.21,48.67,1.0,48.74,48.21,0,2825900,10044,137241743.0,1,02,010,BRSUZBACNOR0,134,ON      NM,SUZANO S.A.
2025-10-24,SUZB3,SUZB3,48.86,49.45,48.69,49.1,49.1,4135100,48.86,49.45,48.69,49.1,1.0,49.45,48.69,0,4135100,10918,203373283.0,1,02,010,BRSUZBACNOR0,134,ON      NM,SUZANO S.A.
2025-10-27,SUZB3,SUZB3,49.2,49.43,48.68,49.11,49.11,3245700,49.2,49.43,48.68,49.11,1.0,49.43,48.68,0,3245700,10938,159179098.0,1,02,010,BRSUZBACNOR0,134,ON      NM,SUZANO S.A.
2025-10-28,SUZB3,SUZB3,49.22,49.72,48.87,49.47,49.47,3496900,49.22,49.72,48.87,49.47,1.0,49.72,48.87,0,3496900,11087,172858383.0,1,02,010,BRSUZBACNOR0,134,ON      NM,SUZANO S.A.
2025-10-29,SUZB3,SUZB3,49.53,49.53,48.81,49.1,49.1,4542100,49.53,49.53,48.81,49.1,1.0,49.53,48.81,0,4542100,16996,222795344.0,1,02,010,BRSUZBACNOR0,134,ON      NM,SUZANO S.A.
2025-10-30,SUZB3,SUZB3,48.85,49.42,48.69,48.69,48.69,3990900,48.85,49.42,48.69,48.69,1.0,49.42,48.69,0,3990900,12871,195293838.0,1,02,010,BRSUZBACNOR0,134,ON      NM,SUZANO S.A.
2025-10-31,SUZB3,SUZB3,48.88,49.09,48.21,48.89,48.89,4901800,48.88,49.09,48.21,48.89,1.0,49.09,48.21,0,4901800,14818,238800119.0,1,02,010,BRSUZBACNOR0,134,ON      NM,SUZANO S.A.
2025-11-03,SUZB3,SUZB3,48.99,48.99,48.37,48.55,48.55,3806500,48.99,48.99,48.37,48.55,1.0,48.99,48.37,0,3806500,12589,184918737.0,1,02,010,BRSUZBACNOR0,134,ON      NM,SUZANO S.A.
2025-11-04,SUZB3,SUZB3,48.55,49.68,48.47,49.41,49.41,4515200,48.55,49.68,48.47,49.41,1.0,49.68,48.47,0,4515200,16505,222661525.0,1,02,010,BRSUZBACNOR0,134,ON      NM,SUZANO S.A.
2025-11-05,SUZB3,SUZB3,49.54,49.76,48.82,48.9,48.9,4567500,49.54,49.76,48.82,48.9,1.0,49.76,48.82,0,4567500,16205,224510348.0,1,02,010,BRSUZBACNOR0,134,ON      NM,SUZANO S.A.
2025-11-06,SUZB3,SUZB3,48.92,49.2,48.24,48.65,48.65,5485600,48.92,49.2,48.24,48.65,1.0,49.2,48.24,0,5485600,23165,266640590.0,1,02,010,BRSUZBACNOR0,134,ON      NM,SUZANO S.A.
2025-11-07,SUZB3,SUZB3,48.01,48.48,47.35,47.62,47.62,7958700,48.01,48.48,47.35,47.62,1.0,48.48,47.35,0,7958700,30660,380138896.0,1,02,010,BRSUZBACNOR0,134,ON      NM,SUZANO S.A.
2025-11-10,SUZB3,SUZB3,47.91,47.95,46.48,46.7,46.7,10687100,47.91,47.95,46.48,46.7,1.0,47.95,46.48,0,10687100,39450,500484611.0,1,02,010,BRSUZBACNOR0,134,ON      NM,SUZANO S.A.
2025-11-11,SUZB3,SUZB3,46.7,46.99,46.49,46.55,46.55,6817600,46.7,46.99,46.49,46.55,1.0,46.99,46.49,0,6817600,24866,318236828.0,1,02,010,BRSUZBACNOR0,134,ON      NM,SUZANO S.A.
2025-11-12,SUZB3,SUZB3,46.56,48.22,46.47,48.07,48.07,10555800,46.56,48.22,46.47,48.07,1.0,48.22,46.47,0,10555800,36323,500355008.0,1,02,010,BRSUZBACNOR0,134,ON      NM,SUZANO S.A.
2025-11-13,SUZB3,SUZB3,48.15,48.37,47.3,47.66,47.66,6230700,48.15,48.37,47.3,47.66,1.0,48.37,47.3,0,6230700,26940,296982240.0,1,02,010,BRSUZBACNOR0,134,ON      NM,SUZANO S.A.
2025-11-14,SUZB3,SUZB3,47.69,47.93,47.15,47.36,47.36,5719600,47.69,47.93,47.15,47.36,1.0,47.93,47.15,0,5719600,19995,271654794.0,1,02,010,BRSUZBACNOR0,134,ON      NM,SUZANO S.A.
2025-11-17,SUZB3,SUZB3,47.36,48.5,47.14,48.5,48.5,10502800,47.36,48.5,47.14,48.5,1.0,48.5,47.14,0,10502800,22621,503733982.0,1,02,010,BRSUZBACNOR0,134,ON      NM,SUZANO S.A.
2025-11-18,SUZB3,SUZB3,48.37,48.57,48.1,48.53,48.53,4257100,48.37,48.57,48.1,48.53,1.0,48.57,48.1,0,4257100,13933,205780208.0,1,02,010,BRSUZBACNOR0,134,ON      NM,SUZANO S.A.
2025-11-19,SUZB3,SUZB3,48.35,49.01,48.3,48.33,48.33,5621100,48.35,49.01,48.3,48.33,1.0,49.01,48.3,0,5621100,21387,273202810.0,1,02,010,BRSUZBACNOR0,134,ON      NM,SUZANO S.A.
2025-11-21,SUZB3,SUZB3,48.33,48.7,48.1,48.31,48.31,7098500,48.33,48.7,48.1,48.31,1.0,48.7,48.1,0,7098500,18085,343310433.0,1,02,010,BRSUZBACNOR0,134,ON      NM,SUZANO S.A.
2025-11-24,SUZB3,SUZB3,48.38,48.4,47.78,47.98,47.98,5621600,48.38,48.4,47.78,47.98,1.0,48.4,47.78,0,5621600,12384,269955924.0,1,02,010,BRSUZBACNOR0,134,ON      NM,SUZANO S.A.
2025-11-25,SUZB3,SUZB3,48.15,48.15,47.44,47.8,47.8,3589100,48.15,48.15,47.44,47.8,1.0,48.15,47.44,0,3589100,12543,171198570.0,1,02,010,BRSUZBACNOR0,134,ON      NM,SUZANO S.A.
2025-11-26,SUZB3,SUZB3,47.8,48.48,47.7,47.86,47.86,6595400,47.8,48.48,47.7,47.86,1.0,48.48,47.7,0,6595400,19429,316895805.0,1,02,010,BRSUZBACNOR0,134,ON      NM,SUZANO S.A.
2025-11-27,SUZB3,SUZB3,47.77,48.2,47.77,48.2,48.2,2157700,47.77,48.2,47.77,48.2,1.0,48.2,47.77,0,2157700,6657,103684278.0,1,02,010,BRSUZBACNOR0,134,ON      NM,SUZANO S.A.
2025-11-28,SUZB3,SUZB3,48.19,48.19,47.54,47.58,47.58,4283000,48.19,48.19,47.54,47.58,1.0,48.19,47.54,0,4283000,13395,204531753.0,1,02,010,BRSUZBACNOR0,134,ON      NM,SUZANO S.A.
2025-12-01,SUZB3,SUZB3,47.59,47.71,47.32,47.48,47.48,3695500,47.59,47.71,47.32,47.48,1.0,47.71,47.32,0,3695500,10973,175564456.0,1,02,010,BRSUZBACNOR0,134,ON      NM,SUZANO S.A.
2025-12-02,SUZB3,SUZB3,47.57,48.4,47.54,48.2,48.2,4973900,47.57,48.4,47.54,48.2,1.0,48.4,47.54,0,4973900,16687,239273153.0,1,02,010,BRSUZBACNOR0,134,ON      NM,SUZANO S.A.
2025-12-03,SUZB3,SUZB3,48.39,49.04,48.27,48.95,48.95,5420400,48.39,49.04,48.27,48.95,1.0,49.04,48.27,0,5420400,20673,264064302.0,1,02,010,BRSUZBACNOR0,134,ON      NM,SUZANO S.A.
2025-12-04,SUZB3,SUZB3,49.1,49.59,48.92,49.54,49.54,6693600,49.1,49.59,48.92,49.54,1.0,49.59,48.92,0,6693600,20837,330253959.0,1,02,010,BRSUZBACNOR0,134,ON      NM,SUZANO S.A.
2025-12-05,SUZB3,SUZB3,49.79,51.51,49.51,50.5,50.5,13125000,49.79,51.51,49.51,50.5,1.0,51.51,49.51,0,13125000,44100,662219236.0,1,02,010,BRSUZBACNOR0,134,ON      NM,SUZANO S.A.
2025-12-08,SUZB3,SUZB3,50.5,50.85,49.91,50.39,50.39,5010700,50.5,50.85,49.91,50.39,1.0,50.85,49.91,0,5010700,17547,252574635.0,1,02,010,BRSUZBACNOR0,134,ON      NM,SUZANO S.A.
2025-12-09,SUZB3,SUZB3,50.4,51.72,50.12,50.45,50.45,8909400,50.4,51.72,50.12,50.45,1.0,51.72,50.12,0,8909400,29920,453703857.0,1,02,010,BRSUZBACNOR0,134,ON      NM,SUZANO S.A.
2025-12-10,SUZB3,SUZB3,50.55,51.67,50.02,51.67,51.67,6366100,50.55,51.67,50.02,51.67,1.0,51.67,50.02,0,6366100,19212,325465986.0,1,02,010,BRSUZBACNOR0,134,ON      NM,SUZANO S.A.
2025-12-11,SUZB3,SUZB3,51.28,51.7,48.91,49.47,49.47,21574100,51.28,51.7,48.91,49.47,1.0,51.7,48.91,0,21574100,39466,1066548331.0,1,02,010,BRSUZBACNOR0,134,ON      NM,SUZANO S.A.
2025-12-12,SUZB3,SUZB3,49.5,49.89,48.68,49.06,49.06,5818400,49.5,49.89,48.68,49.06,1.0,49.89,48.68,0,5818400,27345,285555700.0,1,02,010,BRSUZBACNOR0,134,ON      NM,SUZANO S.A.
2025-12-15,SUZB3,SUZB3,49.24,49.24,48.1,48.71,48.71,5696600,49.24,49.24,48.1,48.71,1.0,49.24,48.1,0,5696600,21614,276757472.0,1,02,010,BRSUZBACNOR0,134,ON      NM,SUZANO S.A.
2025-12-16,SUZB3,SUZB3,48.71,49.37,48.5,48.92,48.92,5795200,48.71,49.37,48.5,48.92,1.0,49.37,48.5,0,5795200,20900,284316999.0,1,02,010,BRSUZBACNOR0,134,ON      NM,SUZANO S.A.
2025-12-17,SUZB3,SUZB3,48.84,49.84,48.84,49.79,49.79,9610900,48.84,49.84,48.84,49.79,1.0,49.84,48.84,0,9610900,30481,476891380.0,1,02,010,BRSUZBACNOR0,134,ON      NM,SUZANO S.A.
2025-12-18,SUZB3,SUZB3,50.14,53.01,49.87,52.65,52.65,15098200,50.14,53.01,49.87,52.65,1.0,53.01,49.87,0,15098200,45138,788733772.0,1,02,010,BRSUZBACNOR0,134,ON      NM,SUZANO S.A.
2025-12-19,SUZB3,SUZB3,51.29,52.51,51.29,51.32,51.32,13225200,51.29,52.51,51.29,51.32,1.0,52.51,51.29,0,13225200,35047,682956537.0,1,02,010,BRSUZBACNOR0,135,ON  ED  NM,SUZANO S.A.
2025-12-22,SUZB3,SUZB3,51.2,52.06,50.99,51.2,51.2,9456900,51.2,52.06,50.99,51.2,1.0,52.06,50.99,0,9456900,21634,486403048.0,1,02,010,BRSUZBACNOR0,135,ON  ED  NM,SUZANO S.A.
2025-12-23,SUZB3,SUZB3,51.0,51.75,49.94,51.5,51.5,12965900,51.0,51.75,49.94,51.5,1.0,51.75,49.94,0,12965900,24686,660121600.0,1,02,010,BRSUZBACNOR0,135,ON  ED  NM,SUZANO S.A.
2025-12-26,SUZB3,SUZB3,51.53,51.85,51.24,51.68,51.68,2858800,51.53,51.85,51.24,51.68,1.0,51.85,51.24,0,2858800,10071,147500974.0,1,02,010,BRSUZBACNOR0,135,ON  ED  NM,SUZANO S.A.
2025-12-29,SUZB3,SUZB3,51.61,51.85,51.36,51.55,51.55,3315700,51.61,51.85,51.36,51.55,1.0,51.85,51.36,0,3315700,12253,170973985.0,1,02,010,BRSUZBACNOR0,135,ON  ED  NM,SUZANO S.A.
2025-12-30,SUZB3,SUZB3,51.44,51.67,51.24,51.45,51.45,4309500,51.44,51.67,51.24,51.45,1.0,51.67,51.24,0,4309500,13103,221817781.0,1,02,010,BRSUZBACNOR0,135,ON  ED  NM,SUZANO S.A.
2026-01-02,SUZB3,SUZB3,51.41,52.11,51.29,51.87,51.87,5570600,51.41,52.11,51.29,51.87,1.0,52.11,51.29,0,5570600,19436,288376286.0,1,02,010,BRSUZBACNOR0,135,ON  ED  NM,SUZANO S.A.
2026-01-05,SUZB3,SUZB3,51.94,52.24,50.43,50.43,50.43,4947400,51.94,52.24,50.43,50.43,1.0,52.24,50.43,0,4947400,16675,253133009.0,1,02,010,BRSUZBACNOR0,135,ON  ED  NM,SUZANO S.A.
2026-01-06,SUZB3,SUZB3,50.56,51.0,49.94,50.23,50.23,5153600,50.56,51.0,49.94,50.23,1.0,51.0,49.94,0,5153600,15893,259483921.0,1,02,010,BRSUZBACNOR0,135,ON      NM,SUZANO S.A.
2026-01-07,SUZB3,SUZB3,50.16,50.63,49.88,49.94,49.94,8357300,50.16,50.63,49.88,49.94,1.0,50.63,49.88,0,8357300,12175,418800553.0,1,02,010,BRSUZBACNOR0,135,ON      NM,SUZANO S.A.
2026-01-08,SUZB3,SUZB3,49.84,49.88,49.03,49.57,49.57,5838000,49.84,49.88,49.03,49.57,1.0,49.88,49.03,0,5838000,16115,288417479.0,1,02,010,BRSUZBACNOR0,135,ON      NM,SUZANO S.A.
2026-01-09,SUZB3,SUZB3,49.82,51.2,49.55,50.99,50.99,5611100,49.82,51.2,49.55,50.99,1.0,51.2,49.55,0,5611100,11700,284888272.0,1,02,010,BRSUZBACNOR0,135,ON      NM,SUZANO S.A.
2026-01-12,SUZB3,SUZB3,50.95,52.22,50.81,52.11,52.11,3415500,50.95,52.22,50.81,52.11,1.0,52.22,50.81,0,3415500,15038,177038675.0,1,02,010,BRSUZBACNOR0,135,ON      NM,SUZANO S.A.
2026-01-13,SUZB3,SUZB3,51.67,52.13,51.13,51.51,51.51,3687900,51.67,52.13,51.13,51.51,1.0,52.13,51.13,0,3687900,14357,189770546.0,1,02,010,BRSUZBACNOR0,135,ON      NM,SUZANO S.A.
2026-01-14,SUZB3,SUZB3,51.58,52.18,51.44,52.17,52.17,3105400,51.58,52.18,51.44,52.17,1.0,52.18,51.44,0,3105400,11033,161171883.0,1,02,010,BRSUZBACNOR0,135,ON      NM,SUZANO S.A.
2026-01-15,SUZB3,SUZB3,52.18,52.65,51.74,52.35,52.35,2979700,52.18,52.65,51.74,52.35,1.0,52.65,51.74,0,2979700,13637,155804697.0,1,02,010,BRSUZBACNOR0,135,ON      NM,SUZANO S.A.
2026-01-16,SUZB3,SUZB3,52.31,52.44,51.02,51.6,51.6,9115800,52.31,52.44,51.02,51.6,1.0,52.44,51.02,0,9115800,14681,471424213.0,1,02,010,BRSUZBACNOR0,135,ON      NM,SUZANO S.A.
2026-01-19,SUZB3,SUZB3,51.08,51.93,50.95,51.85,51.85,6916100,51.08,51.93,50.95,51.85,1.0,51.93,50.95,0,6916100,10311,357096655.0,1,02,010,BRSUZBACNOR0,135,ON      NM,SUZANO S.A.
2026-01-20,SUZB3,SUZB3,52.26,52.26,50.75,51.35,51.35,2497900,52.26,52.26,50.75,51.35,1.0,52.26,50.75,0,2497900,10255,128254560.0,1,02,010,BRSUZBACNOR0,135,ON      NM,SUZANO S.A.
2026-01-21,SUZB3,SUZB3,51.54,52.3,51.28,52.2,52.2,4956800,51.54,52.3,51.28,52.2,1.0,52.3,51.28,0,4956800,22090,256879255.0,1,02,010,BRSUZBACNOR0,135,ON      NM,SUZANO S.A.
2026-01-22,SUZB3,SUZB3,52.33,53.54,51.95,52.19,52.19,7235500,52.33,53.54,51.95,52.19,1.0,53.54,51.95,0,7235500,34822,381331475.0,1,02,010,BRSUZBACNOR0,135,ON      NM,SUZANO S.A.
2026-01-23,SUZB3,SUZB3,52.2,52.7,51.15,52.25,52.25,9275500,52.2,52.7,51.15,52.25,1.0,52.7,51.15,0,9275500,32127,480660052.0,1,02,010,BRSUZBACNOR0,135,ON      NM,SUZANO S.A.
2026-01-26,SUZB3,SUZB3,52.13,52.45,51.6,51.67,51.67,5078400,52.13,52.45,51.6,51.67,1.0,52.45,51.6,0,5078400,16459,263961664.0,1,02,010,BRSUZBACNOR0,135,ON      NM,SUZANO S.A.
2026-01-27,SUZB3,SUZB3,52.04,52.45,50.91,51.28,51.28,6546300,52.04,52.45,50.91,51.28,1.0,52.45,50.91,0,6546300,20776,337359215.0,1,02,010,BRSUZBACNOR0,135,ON      NM,SUZANO S.A.
2026-01-28,SUZB3,SUZB3,51.45,52.09,50.97,51.76,51.76,5163100,51.45,52.09,50.97,51.76,1.0,52.09,50.97,0,5163100,20781,266100641.0,1,02,010,BRSUZBACNOR0,135,ON      NM,SUZANO S.A.
2026-01-29,SUZB3,SUZB3,51.8,51.8,49.24,49.36,49.36,9287200,51.8,51.8,49.24,49.36,1.0,51.8,49.24,0,9287200,31037,464642668.0,1,02,010,BRSUZBACNOR0,135,ON      NM,SUZANO S.A.
2026-01-30,SUZB3,SUZB3,49.39,50.73,48.92,49.33,49.33,12102300,49.39,50.73,48.92,49.33,1.0,50.73,48.92,0,12102300,29536,600816245.0,1,02,010,BRSUZBACNOR0,135,ON      NM,SUZANO S.A.
2026-02-02,SUZB3,SUZB3,49.42,49.62,48.55,48.72,48.72,5900300,49.42,49.62,48.55,48.72,1.0,49.62,48.55,0,5900300,22425,288998527.0,1,02,010,BRSUZBACNOR0,135,ON      NM,SUZANO S.A.
2026-02-03,SUZB3,SUZB3,48.98,49.61,48.77,49.09,49.09,7575300,48.98,49.61,48.77,49.09,1.0,49.61,48.77,0,7575300,25253,371762794.0,1,02,010,BRSUZBACNOR0,135,ON      NM,SUZANO S.A.
2026-02-04,SUZB3,SUZB3,49.07,49.73,48.35,49.6,49.6,8209700,49.07,49.73,48.35,49.6,1.0,49.73,48.35,0,8209700,27468,405004809.0,1,02,010,BRSUZBACNOR0,135,ON      NM,SUZANO S.A.
2026-02-05,SUZB3,SUZB3,49.98,50.9,49.64,50.43,50.43,8133900,49.98,50.9,49.64,50.43,1.0,50.9,49.64,0,8133900,24579,411285353.0,1,02,010,BRSUZBACNOR0,135,ON      NM,SUZANO S.A.
2026-02-06,SUZB3,SUZB3,50.52,51.02,50.01,50.2,50.2,6224400,50.52,51.02,50.01,50.2,1.0,51.02,50.01,0,6224400,20519,313305875.0,1,02,010,BRSUZBACNOR0,135,ON      NM,SUZANO S.A.
2026-02-09,SUZB3,SUZB3,50.15,51.34,50.14,51.34,51.34,5552500,50.15,51.34,50.14,51.34,1.0,51.34,50.14,0,5552500,17208,283003890.0,1,02,010,BRSUZBACNOR0,135,ON      NM,SUZANO S.A.
2026-02-10,SUZB3,SUZB3,51.4,52.08,51.05,51.12,51.12,3513400,51.4,52.08,51.05,51.12,1.0,52.08,51.05,0,3513400,12487,180953733.0,1,02,010,BRSUZBACNOR0,135,ON      NM,SUZANO S.A.
2026-02-11,SUZB3,SUZB3,53.0,57.94,52.9,57.93,57.93,27708000,53.0,57.94,52.9,57.93,1.0,57.94,52.9,0,27708000,84325,1546274175.0,1,02,010,BRSUZBACNOR0,135,ON      NM,SUZANO S.A.
2026-02-12,SUZB3,SUZB3,58.1,58.68,56.83,58.25,58.25,11352900,58.1,58.68,56.83,58.25,1.0,58.68,56.83,0,11352900,36257,654633689.0,1,02,010,BRSUZBACNOR0,135,ON      NM,SUZANO S.A.
2026-02-13,SUZB3,SUZB3,58.2,58.82,57.32,58.34,58.34,12830800,58.2,58.82,57.32,58.34,1.0,58.82,57.32,0,12830800,31852,746994017.0,1,02,010,BRSUZBACNOR0,135,ON      NM,SUZANO S.A.
2026-02-18,SUZB3,SUZB3,58.44,58.44,56.77,57.2,57.2,5734300,58.44,58.44,56.77,57.2,1.0,58.44,56.77,0,5734300,21637,328874596.0,1,02,010,BRSUZBACNOR0,135,ON      NM,SUZANO S.A.
2026-02-19,SUZB3,SUZB3,57.14,57.83,56.89,57.13,57.13,3902400,57.14,57.83,56.89,57.13,1.0,57.83,56.89,0,3902400,14249,223426579.0,1,02,010,BRSUZBACNOR0,135,ON      NM,SUZANO S.A.
2026-02-20,SUZB3,SUZB3,57.13,57.13,56.04,56.86,56.86,5820100,57.13,57.13,56.04,56.86,1.0,57.13,56.04,0,5820100,15138,328769116.0,1,02,010,BRSUZBACNOR0,135,ON      NM,SUZANO S.A.
2026-02-23,SUZB3,SUZB3,56.86,57.0,56.22,57.0,57.0,4529000,56.86,57.0,56.22,57.0,1.0,57.0,56.22,0,4529000,16508,256907771.0,1,02,010,BRSUZBACNOR0,135,ON      NM,SUZANO S.A.
2026-02-24,SUZB3,SUZB3,57.28,58.85,57.0,58.58,58.58,8659900,57.28,58.85,57.0,58.58,1.0,58.85,57.0,0,8659900,25534,506606789.0,1,02,010,BRSUZBACNOR0,135,ON      NM,SUZANO S.A.
2026-02-25,SUZB3,SUZB3,58.72,59.32,58.07,58.9,58.9,11432400,58.72,59.32,58.07,58.9,1.0,59.32,58.07,0,11432400,27686,671856225.0,1,02,010,BRSUZBACNOR0,135,ON      NM,SUZANO S.A.
2026-02-26,SUZB3,SUZB3,58.91,59.65,58.37,58.98,58.98,6986000,58.91,59.65,58.37,58.98,1.0,59.65,58.37,0,6986000,22590,411713595.0,1,02,010,BRSUZBACNOR0,135,ON      NM,SUZANO S.A.
2026-02-27,SUZB3,SUZB3,58.78,59.12,57.91,58.0,58.0,5319700,58.78,59.12,57.91,58.0,1.0,59.12,57.91,0,5319700,14907,309531118.0,1,02,010,BRSUZBACNOR0,135,ON      NM,SUZANO S.A.
2026-03-02,SUZB3,SUZB3,58.3,58.68,57.41,58.06,58.06,5090800,58.3,58.68,57.41,58.06,1.0,58.68,57.41,0,5090800,15530,295307246.0,1,02,010,BRSUZBACNOR0,135,ON      NM,SUZANO S.A.
2026-03-03,SUZB3,SUZB3,57.52,58.42,56.45,57.27,57.27,9151000,57.52,58.42,56.45,57.27,1.0,58.42,56.45,0,9151000,27513,522679384.0,1,02,010,BRSUZBACNOR0,135,ON      NM,SUZANO S.A.
2026-03-04,SUZB3,SUZB3,57.21,57.4,55.59,56.5,56.5,5629100,57.21,57.4,55.59,56.5,1.0,57.4,55.59,0,5629100,20772,316712866.0,1,02,010,BRSUZBACNOR0,135,ON      NM,SUZANO S.A.
2026-03-05,SUZB3,SUZB3,56.64,57.14,55.54,55.8,55.8,4996300,56.64,57.14,55.54,55.8,1.0,57.14,55.54,0,4996300,21369,280489260.0,1,02,010,BRSUZBACNOR0,135,ON      NM,SUZANO S.A.
2026-03-06,SUZB3,SUZB3,55.74,56.08,54.51,54.92,54.92,5010600,55.74,56.08,54.51,54.92,1.0,56.08,54.51,0,5010600,22353,275724121.0,1,02,010,BRSUZBACNOR0,135,ON      NM,SUZANO S.A.
2026-03-09,SUZB3,SUZB3,54.54,55.26,53.9,54.8,54.8,5612500,54.54,55.26,53.9,54.8,1.0,55.26,53.9,0,5612500,13469,306711738.0,1,02,010,BRSUZBACNOR0,135,ON      NM,SUZANO S.A.
2026-03-10,SUZB3,SUZB3,55.0,56.03,54.72,55.6,55.6,4071000,55.0,56.03,54.72,55.6,1.0,56.03,54.72,0,4071000,11686,226087812.0,1,02,010,BRSUZBACNOR0,135,ON      NM,SUZANO S.A.
2026-03-11,SUZB3,SUZB3,55.17,55.17,54.55,54.9,54.9,2350800,55.17,55.17,54.55,54.9,1.0,55.17,54.55,0,2350800,9446,129006556.0,1,02,010,BRSUZBACNOR0,135,ON      NM,SUZANO S.A.
2026-03-12,SUZB3,SUZB3,54.01,54.56,53.11,53.47,53.47,4895800,54.01,54.56,53.11,53.47,1.0,54.56,53.11,0,4895800,18051,262177405.0,1,02,010,BRSUZBACNOR0,135,ON      NM,SUZANO S.A.
2026-03-13,SUZB3,SUZB3,53.42,53.77,53.09,53.4,53.4,3469600,53.42,53.77,53.09,53.4,1.0,53.77,53.09,0,3469600,14668,185125278.0,1,02,010,BRSUZBACNOR0,135,ON      NM,SUZANO S.A.
2026-03-16,SUZB3,SUZB3,53.32,53.99,52.92,53.15,53.15,3456200,53.32,53.99,52.92,53.15,1.0,53.99,52.92,0,3456200,13706,184023416.0,1,02,010,BRSUZBACNOR0,135,ON      NM,SUZANO S.A.
2026-03-17,SUZB3,SUZB3,53.2,54.1,52.86,53.11,53.11,6523600,53.2,54.1,52.86,53.11,1.0,54.1,52.86,0,6523600,21311,348740364.0,1,02,010,BRSUZBACNOR0,135,ON      NM,SUZANO S.A.
2026-03-18,SUZB3,SUZB3,52.87,53.66,52.35,52.56,52.56,8819400,52.87,53.66,52.35,52.56,1.0,53.66,52.35,0,8819400,22541,465617520.0,1,02,010,BRSUZBACNOR0,135,ON      NM,SUZANO S.A.
2026-03-19,SUZB3,SUZB3,52.11,52.5,50.97,51.12,51.12,8891500,52.11,52.5,50.97,51.12,1.0,52.5,50.97,0,8891500,24252,458216301.0,1,02,010,BRSUZBACNOR0,135,ON      NM,SUZANO S.A.
2026-03-20,SUZB3,SUZB3,51.02,51.12,49.57,50.18,50.18,12549400,51.02,51.12,49.57,50.18,1.0,51.12,49.57,0,12549400,21179,631844602.0,1,02,010,BRSUZBACNOR0,135,ON      NM,SUZANO S.A.
2026-03-23,SUZB3,SUZB3,50.51,51.8,50.1,51.62,51.62,5039000,50.51,51.8,50.1,51.62,1.0,51.8,50.1,0,5039000,16947,258638226.0,1,02,010,BRSUZBACNOR0,135,ON      NM,SUZANO S.A.
2026-03-24,SUZB3,SUZB3,51.62,51.62,50.32,51.17,51.17,3422300,51.62,51.62,50.32,51.17,1.0,51.62,50.32,0,3422300,14284,174334087.0,1,02,010,BRSUZBACNOR0,135,ON      NM,SUZANO S.A.
2026-03-25,SUZB3,SUZB3,51.97,52.07,51.07,51.4,51.4,5053700,51.97,52.07,51.07,51.4,1.0,52.07,51.07,0,5053700,20031,259843946.0,1,02,010,BRSUZBACNOR0,135,ON      NM,SUZANO S.A.
2026-03-26,SUZB3,SUZB3,51.4,51.55,50.53,50.8,50.8,2985400,51.4,51.55,50.53,50.8,1.0,51.55,50.53,0,2985400,11817,151953370.0,1,02,010,BRSUZBACNOR0,135,ON      NM,SUZANO S.A.
2026-03-27,SUZB3,SUZB3,50.52,51.18,50.32,50.44,50.44,5543500,50.52,51.18,50.32,50.44,1.0,51.18,50.32,0,5543500,17707,280744779.0,1,02,010,BRSUZBACNOR0,135,ON      NM,SUZANO S.A.
2026-03-30,SUZB3,SUZB3,50.75,50.92,50.11,50.56,50.56,2994100,50.75,50.92,50.11,50.56,1.0,50.92,50.11,0,2994100,10873,151439831.0,1,02,010,BRSUZBACNOR0,135,ON      NM,SUZANO S.A.
2026-03-31,SUZB3,SUZB3,50.82,52.08,50.64,51.9,51.9,6309900,50.82,52.08,50.64,51.9,1.0,52.08,50.64,0,6309900,18426,325765574.0,1,02,010,BRSUZBACNOR0,135,ON      NM,SUZANO S.A.
2026-04-01,SUZB3,SUZB3,52.0,52.33,51.73,52.09,52.09,4289500,52.0,52.33,51.73,52.09,1.0,52.33,51.73,0,4289500,16152,223486244.0,1,02,010,BRSUZBACNOR0,135,ON      NM,SUZANO S.A.
2026-04-02,SUZB3,SUZB3,51.38,51.7,50.5,50.85,50.85,4370400,51.38,51.7,50.5,50.85,1.0,51.7,50.5,0,4370400,15715,222291527.0,1,02,010,BRSUZBACNOR0,135,ON      NM,SUZANO S.A.
2026-04-06,SUZB3,SUZB3,50.91,50.99,49.37,49.6,49.6,5941000,50.91,50.99,49.37,49.6,1.0,50.99,49.37,0,5941000,21240,295988349.0,1,02,010,BRSUZBACNOR0,135,ON      NM,SUZANO S.A.
2026-04-07,SUZB3,SUZB3,49.39,49.39,46.36,46.43,46.43,46567200,49.39,49.39,46.36,46.43,1.0,49.39,46.36,0,46567200,56721,2175418807.0,1,02,010,BRSUZBACNOR0,135,ON      NM,SUZANO S.A.
2026-04-08,SUZB3,SUZB3,47.02,47.58,46.45,47.34,47.34,11557300,47.02,47.58,46.45,47.34,1.0,47.58,46.45,0,11557300,33074,545098065.0,1,02,010,BRSUZBACNOR0,135,ON      NM,SUZANO S.A.
2026-04-09,SUZB3,SUZB3,47.2,48.1,47.1,47.6,47.6,7089200,47.2,48.1,47.1,47.6,1.0,48.1,47.1,0,7089200,24558,338259648.0,1,02,010,BRSUZBACNOR0,136,ON  ATZ NM,SUZANO S.A.
2026-04-10,SUZB3,SUZB3,47.89,48.28,46.98,47.16,47.16,5969900,47.89,48.28,46.98,47.16,1.0,48.28,46.98,0,5969900,20419,283111840.0,1,02,010,BRSUZBACNOR0,136,ON  ATZ NM,SUZANO S.A.
2026-04-13,SUZB3,SUZB3,47.2,47.8,46.92,47.8,47.8,6951400,47.2,47.8,46.92,47.8,1.0,47.8,46.92,0,6951400,20149,329950379.0,1,02,010,BRSUZBACNOR0,136,ON  ATZ NM,SUZANO S.A.
2026-04-14,SUZB3,SUZB3,47.87,48.65,47.51,48.51,48.51,11894900,47.87,48.65,47.51,48.51,1.0,48.65,47.51,0,11894900,31650,573908655.0,1,02,010,BRSUZBACNOR0,136,ON  ATZ NM,SUZANO S.A.
2026-04-15,SUZB3,SUZB3,48.74,48.74,47.5,47.83,47.83,11085200,48.74,48.74,47.5,47.83,1.0,48.74,47.5,0,11085200,21209,532543828.0,1,02,010,BRSUZBACNOR0,136,ON  ATZ NM,SUZANO S.A.
2026-04-16,SUZB3,SUZB3,47.97,48.15,47.46,47.53,47.53,8122800,47.97,48.15,47.46,47.53,1.0,48.15,47.46,0,8122800,20343,388427754.0,1,02,010,BRSUZBACNOR0,136,ON  ATZ NM,SUZANO S.A.
2026-04-17,SUZB3,SUZB3,48.06,48.68,47.14,47.93,47.93,8265200,48.06,48.68,47.14,47.93,1.0,48.68,47.14,0,8265200,22562,397274258.0,1,02,010,BRSUZBACNOR0,136,ON  ATZ NM,SUZANO S.A.
2026-04-20,SUZB3,SUZB3,47.93,48.1,47.5,47.8,47.8,4213700,47.93,48.1,47.5,47.8,1.0,48.1,47.5,0,4213700,12036,201002868.0,1,02,010,BRSUZBACNOR0,136,ON  ATZ NM,SUZANO S.A.
2026-04-22,SUZB3,SUZB3,48.03,48.58,47.33,47.35,47.35,4628200,48.03,48.58,47.33,47.35,1.0,48.58,47.33,0,4628200,14525,220734955.0,1,02,010,BRSUZBACNOR0,136,ON      NM,SUZANO S.A.
2026-04-23,SUZB3,SUZB3,47.45,47.47,46.51,46.69,46.69,7248700,47.45,47.47,46.51,46.69,1.0,47.47,46.51,0,7248700,21141,338991348.0,1,02,010,BRSUZBACNOR0,136,ON      NM,SUZANO S.A.
2026-04-24,SUZB3,SUZB3,46.76,46.81,45.35,45.64,45.64,7909400,46.76,46.81,45.35,45.64,1.0,46.81,45.35,0,7909400,27276,361957698.0,1,02,010,BRSUZBACNOR0,136,ON      NM,SUZANO S.A.
2026-04-27,SUZB3,SUZB3,45.7,45.83,45.26,45.3,45.3,3909400,45.7,45.83,45.26,45.3,1.0,45.83,45.26,0,3909400,13069,177779708.0,1,02,010,BRSUZBACNOR0,136,ON      NM,SUZANO S.A.
2026-04-28,SUZB3,SUZB3,45.3,45.49,44.68,45.45,45.45,6072700,45.3,45.49,44.68,45.45,1.0,45.49,44.68,0,6072700,19906,273729447.0,1,02,010,BRSUZBACNOR0,136,ON      NM,SUZANO S.A.
2026-04-29,SUZB3,SUZB3,45.5,45.61,44.63,44.82,44.82,8755800,45.5,45.61,44.63,44.82,1.0,45.61,44.63,0,8755800,25785,393828607.0,1,02,010,BRSUZBACNOR0,136,ON      NM,SUZANO S.A.
2026-04-30,SUZB3,SUZB3,43.63,44.5,43.06,43.84,43.84,13209000,43.63,44.5,43.06,43.84,1.0,44.5,43.06,0,13209000,35745,580680829.0,1,02,010,BRSUZBACNOR0,137,ON  ED  NM,SUZANO S.A.
2026-05-04,SUZB3,SUZB3,44.02,44.09,42.45,42.58,42.58,7528500,44.02,44.09,42.45,42.58,1.0,44.09,42.45,0,7528500,24008,323645402.0,1,02,010,BRSUZBACNOR0,137,ON  ED  NM,SUZANO S.A.
2026-05-05,SUZB3,SUZB3,42.42,43.01,42.31,42.4,42.4,7255100,42.42,43.01,42.31,42.4,1.0,43.01,42.31,0,7255100,22738,308580871.0,1,02,010,BRSUZBACNOR0,137,ON  ED  NM,SUZANO S.A.
2026-05-06,SUZB3,SUZB3,42.73,43.22,42.31,43.01,43.01,4354400,42.73,43.22,42.31,43.01,1.0,43.22,42.31,0,4354400,14485,186993910.0,1,02,010,BRSUZBACNOR0,137,ON  ED  NM,SUZANO S.A.
2026-05-07,SUZB3,SUZB3,42.97,43.57,42.81,43.3,43.3,5074000,42.97,43.57,42.81,43.3,1.0,43.57,42.81,0,5074000,20032,219922495.0,1,02,010,BRSUZBACNOR0,137,ON  ED  NM,SUZANO S.A.
2026-05-08,SUZB3,SUZB3,43.66,43.86,43.24,43.7,43.7,3491400,43.66,43.86,43.24,43.7,1.0,43.86,43.24,0,3491400,16286,152043795.0,1,02,010,BRSUZBACNOR0,137,ON  ED  NM,SUZANO S.A.
2026-05-11,SUZB3,SUZB3,43.72,44.22,42.92,43.13,43.13,5046800,43.72,44.22,42.92,43.13,1.0,44.22,42.92,0,5046800,18697,218952394.0,1,02,010,BRSUZBACNOR0,137,ON  ED  NM,SUZANO S.A.
2026-05-12,SUZB3,SUZB3,43.0,43.47,42.68,42.68,42.68,4526600,43.0,43.47,42.68,42.68,1.0,43.47,42.68,0,4526600,19671,194256958.0,1,02,010,BRSUZBACNOR0,137,ON  ED  NM,SUZANO S.A.
2026-05-13,SUZB3,SUZB3,42.71,43.35,42.15,43.0,43.0,7129900,42.71,43.35,42.15,43.0,1.0,43.35,42.15,0,7129900,22283,305312352.0,1,02,010,BRSUZBACNOR0,137,ON      NM,SUZANO S.A.
2026-05-14,SUZB3,SUZB3,43.3,43.46,42.6,42.62,42.62,5157300,43.3,43.46,42.6,42.62,1.0,43.46,42.6,0,5157300,12823,221550834.0,1,02,010,BRSUZBACNOR0,137,ON      NM,SUZANO S.A.
2026-05-15,SUZB3,SUZB3,42.27,43.0,41.7,41.7,41.7,15739000,42.27,43.0,41.7,41.7,1.0,43.0,41.7,0,15739000,16896,662407681.0,1,02,010,BRSUZBACNOR0,137,ON      NM,SUZANO S.A.
2026-05-18,SUZB3,SUZB3,41.76,42.32,41.12,41.97,41.97,5678900,41.76,42.32,41.12,41.97,1.0,42.32,41.12,0,5678900,20274,237288052.0,1,02,010,BRSUZBACNOR0,137,ON      NM,SUZANO S.A.
2026-05-19,SUZB3,SUZB3,41.73,42.01,40.97,41.05,41.05,5073700,41.73,42.01,40.97,41.05,1.0,42.01,40.97,0,5073700,16941,209381076.0,1,02,010,BRSUZBACNOR0,137,ON      NM,SUZANO S.A.
2026-05-20,SUZB3,SUZB3,41.4,42.62,41.2,42.2,42.2,5755500,41.4,42.62,41.2,42.2,1.0,42.62,41.2,0,5755500,18376,242248822.0,1,02,010,BRSUZBACNOR0,137,ON      NM,SUZANO S.A.
2026-05-21,SUZB3,SUZB3,42.22,42.58,41.7,42.26,42.26,3962400,42.22,42.58,41.7,42.26,1.0,42.58,41.7,0,3962400,13394,167453755.0,1,02,010,BRSUZBACNOR0,137,ON      NM,SUZANO S.A.
2026-05-22,SUZB3,SUZB3,41.83,42.08,41.45,41.7,41.7,3386900,41.83,42.08,41.45,41.7,1.0,42.08,41.45,0,3386900,11617,141588198.0,1,02,010,BRSUZBACNOR0,137,ON      NM,SUZANO S.A.
2026-05-25,SUZB3,SUZB3,42.1,42.1,41.38,41.41,41.41,2687700,42.1,42.1,41.38,41.41,1.0,42.1,41.38,0,2687700,9192,111625367.0,1,02,010,BRSUZBACNOR0,137,ON      NM,SUZANO S.A.
2026-05-26,SUZB3,SUZB3,41.45,41.93,40.97,41.68,41.68,14152400,41.45,41.93,40.97,41.68,1.0,41.93,40.97,0,14152400,15957,587500766.0,1,02,010,BRSUZBACNOR0,137,ON      NM,SUZANO S.A.
2026-05-27,SUZB3,SUZB3,42.18,42.86,41.94,42.09,42.09,7296600,42.18,42.86,41.94,42.09,1.0,42.86,41.94,0,7296600,19296,308741037.0,1,02,010,BRSUZBACNOR0,137,ON      NM,SUZANO S.A.
2026-05-28,SUZB3,SUZB3,42.32,42.49,41.62,41.69,41.69,4893500,42.32,42.49,41.62,41.69,1.0,42.49,41.62,0,4893500,14224,204621983.0,1,02,010,BRSUZBACNOR0,137,ON      NM,SUZANO S.A.
2026-05-29,SUZB3,SUZB3,41.65,41.91,41.03,41.91,41.91,13176100,41.65,41.91,41.03,41.91,1.0,41.91,41.03,0,13176100,14111,550874272.0,1,02,010,BRSUZBACNOR0,137,ON      NM,SUZANO S.A.
2026-06-01,SUZB3,SUZB3,41.77,41.93,40.64,40.65,40.65,8283900,41.77,41.93,40.64,40.65,1.0,41.93,40.64,0,8283900,12588,341577504.0,1,02,010,BRSUZBACNOR0,137,ON      NM,SUZANO S.A.
2026-06-02,SUZB3,SUZB3,40.81,40.9,40.17,40.43,40.43,5562100,40.81,40.9,40.17,40.43,1.0,40.9,40.17,0,5562100,13954,225280324.0,1,02,010,BRSUZBACNOR0,137,ON      NM,SUZANO S.A.
2026-06-03,SUZB3,SUZB3,40.18,41.25,40.18,41.22,41.22,6506600,40.18,41.25,40.18,41.22,1.0,41.25,40.18,0,6506600,25352,266368651.0,1,02,010,BRSUZBACNOR0,137,ON      NM,SUZANO S.A.
2026-06-05,SUZB3,SUZB3,41.01,42.22,41.01,41.74,41.74,7281300,41.01,42.22,41.01,41.74,1.0,42.22,41.01,0,7281300,22716,305263854.0,1,02,010,BRSUZBACNOR0,137,ON      NM,SUZANO S.A.
2026-06-08,SUZB3,SUZB3,41.71,42.16,41.41,41.97,41.97,4563900,41.71,42.16,41.41,41.97,1.0,42.16,41.41,0,4563900,15993,191287472.0,1,02,010,BRSUZBACNOR0,137,ON      NM,SUZANO S.A.
2026-06-09,SUZB3,SUZB3,42.1,42.38,41.89,42.05,42.05,4639400,42.1,42.38,41.89,42.05,1.0,42.38,41.89,0,4639400,15431,195333354.0,1,02,010,BRSUZBACNOR0,137,ON      NM,SUZANO S.A.
2026-06-10,SUZB3,SUZB3,42.2,42.2,41.28,41.45,41.45,4552700,42.2,42.2,41.28,41.45,1.0,42.2,41.28,0,4552700,16457,188852497.0,1,02,010,BRSUZBACNOR0,137,ON      NM,SUZANO S.A.
2026-06-11,SUZB3,SUZB3,41.44,41.58,40.7,41.29,41.29,5413600,41.44,41.58,40.7,41.29,1.0,41.58,40.7,0,5413600,20406,223074380.0,1,02,010,BRSUZBACNOR0,138,ON  ATZ NM,SUZANO S.A.
2026-06-12,SUZB3,SUZB3,41.0,41.87,41.0,41.52,41.52,3070900,41.0,41.87,41.0,41.52,1.0,41.87,41.0,0,3070900,15170,127486513.0,1,02,010,BRSUZBACNOR0,138,ON  ATZ NM,SUZANO S.A.
2026-06-15,SUZB3,SUZB3,42.07,43.15,41.74,42.59,42.59,6046700,42.07,43.15,41.74,42.59,1.0,43.15,41.74,0,6046700,19208,258275970.0,1,02,010,BRSUZBACNOR0,138,ON  ATZ NM,SUZANO S.A.
2026-06-16,SUZB3,SUZB3,42.49,43.04,42.36,42.93,42.93,5531400,42.49,43.04,42.36,42.93,1.0,43.04,42.36,0,5531400,16861,237123572.0,1,02,010,BRSUZBACNOR0,138,ON  ATZ NM,SUZANO S.A.
2026-06-17,SUZB3,SUZB3,42.8,43.49,42.1,42.23,42.23,6059500,42.8,43.49,42.1,42.23,1.0,43.49,42.1,0,6059500,18643,259539914.0,1,02,010,BRSUZBACNOR0,138,ON  ATZ NM,SUZANO S.A.
2026-06-18,SUZB3,SUZB3,42.31,43.96,42.2,43.58,43.58,7443500,42.31,43.96,42.2,43.58,1.0,43.96,42.2,0,7443500,21976,323702573.0,1,02,010,BRSUZBACNOR0,138,ON  ATZ NM,SUZANO S.A.
2026-06-19,SUZB3,SUZB3,43.81,44.37,42.99,43.23,43.23,7671900,43.81,44.37,42.99,43.23,1.0,44.37,42.99,0,7671900,19892,332940225.0,1,02,010,BRSUZBACNOR0,138,ON  ATZ NM,SUZANO S.A.
2026-06-22,SUZB3,SUZB3,43.04,43.35,42.04,42.04,42.04,4954300,43.04,43.35,42.04,42.04,1.0,43.35,42.04,0,4954300,18824,209706387.0,1,02,010,BRSUZBACNOR0,138,ON  ATZ NM,SUZANO S.A.
2026-06-23,SUZB3,SUZB3,41.85,41.95,41.31,41.95,41.95,6635300,41.85,41.95,41.31,41.95,1.0,41.95,41.31,0,6635300,16878,276883983.0,1,02,010,BRSUZBACNOR0,138,ON      NM,SUZANO S.A.
2026-06-24,SUZB3,SUZB3,41.91,42.2,41.32,42.2,42.2,8547200,41.91,42.2,41.32,42.2,1.0,42.2,41.32,0,8547200,25858,356862169.0,1,02,010,BRSUZBACNOR0,138,ON      NM,SUZANO S.A.
2026-06-25,SUZB3,SUZB3,42.42,42.67,41.89,42.0,42.0,4812000,42.42,42.67,41.89,42.0,1.0,42.67,41.89,0,4812000,16427,203027552.0,1,02,010,BRSUZBACNOR0,138,ON      NM,SUZANO S.A.
2026-06-26,SUZB3,SUZB3,41.71,41.85,39.75,40.11,40.11,11649400,41.71,41.85,39.75,40.11,1.0,41.85,39.75,0,11649400,29111,470516266.0,1,02,010,BRSUZBACNOR0,138,ON      NM,SUZANO S.A.
2026-06-29,SUZB3,SUZB3,40.2,40.24,39.46,39.68,39.68,5001700,40.2,40.24,39.46,39.68,1.0,40.24,39.46,0,5001700,12067,198507415.0,1,02,010,BRSUZBACNOR0,138,ON      NM,SUZANO S.A.
2026-06-30,SUZB3,SUZB3,39.35,39.95,39.17,39.75,39.75,8105100,39.35,39.95,39.17,39.75,1.0,39.95,39.17,0,8105100,20833,321157566.0,1,02,010,BRSUZBACNOR0,138,ON      NM,SUZANO S.A.
2026-07-01,SUZB3,SUZB3,39.58,40.75,39.43,40.59,40.59,6295600,39.58,40.75,39.43,40.59,1.0,40.75,39.43,0,6295600,22293,253691624.0,1,02,010,BRSUZBACNOR0,138,ON      NM,SUZANO S.A.
2026-07-02,SUZB3,SUZB3,40.74,41.21,40.41,40.78,40.78,5759900,40.74,41.21,40.41,40.78,1.0,41.21,40.41,0,5759900,21107,234868271.0,1,02,010,BRSUZBACNOR0,138,ON      NM,SUZANO S.A.
2026-07-03,SUZB3,SUZB3,40.56,40.99,40.56,40.8,40.8,2486000,40.56,40.99,40.56,40.8,1.0,40.99,40.56,0,2486000,9035,101512630.0,1,02,010,BRSUZBACNOR0,138,ON      NM,SUZANO S.A.
2026-07-06,SUZB3,SUZB3,40.51,40.79,40.44,40.72,40.72,3794000,40.51,40.79,40.44,40.72,1.0,40.79,40.44,0,3794000,12023,154324644.0,1,02,010,BRSUZBACNOR0,138,ON      NM,SUZANO S.A.
2026-07-07,SUZB3,SUZB3,40.74,41.41,40.62,40.92,40.92,4913900,40.74,41.41,40.62,40.92,1.0,41.41,40.62,0,4913900,15191,201208718.0,1,02,010,BRSUZBACNOR0,138,ON      NM,SUZANO S.A.
2026-07-08,SUZB3,SUZB3,40.73,40.98,40.1,40.83,40.83,5643200,40.73,40.98,40.1,40.83,1.0,40.98,40.1,0,5643200,17166,228852305.0,1,02,010,BRSUZBACNOR0,138,ON      NM,SUZANO S.A.
2026-07-09,SUZB3,SUZB3,40.92,41.29,40.56,41.03,41.03,4835300,40.92,41.29,40.56,41.03,1.0,41.29,40.56,0,4835300,14187,198594844.0,1,02,010,BRSUZBACNOR0,138,ON      NM,SUZANO S.A.
2026-07-10,SUZB3,SUZB3,41.45,41.87,41.2,41.55,41.55,8082400,41.45,41.87,41.2,41.55,1.0,41.87,41.2,0,8082400,20791,335761730.0,1,02,010,BRSUZBACNOR0,138,ON      NM,SUZANO S.A.
2026-07-13,SUZB3,SUZB3,41.71,42.04,41.33,41.49,41.49,2479300,41.71,42.04,41.33,41.49,1.0,42.04,41.33,0,2479300,10755,103053498.0,1,02,010,BRSUZBACNOR0,138,ON      NM,SUZANO S.A.
2026-07-14,SUZB3,SUZB3,41.5,41.65,40.84,41.11,41.11,3274800,41.5,41.65,40.84,41.11,1.0,41.65,40.84,0,3274800,13413,134920193.0,1,02,010,BRSUZBACNOR0,138,ON      NM,SUZANO S.A.
2026-07-15,SUZB3,SUZB3,41.19,41.93,40.77,41.48,41.48,4101000,41.19,41.93,40.77,41.48,1.0,41.93,40.77,0,4101000,18667,170275691.0,1,02,010,BRSUZBACNOR0,138,ON      NM,SUZANO S.A.
2026-07-16,SUZB3,SUZB3,41.44,42.18,41.38,41.7,41.7,4338400,41.44,42.18,41.38,41.7,1.0,42.18,41.38,0,4338400,12789,181757998.0,1,02,010,BRSUZBACNOR0,138,ON      NM,SUZANO S.A.
2026-07-17,SUZB3,SUZB3,41.58,42.62,41.4,41.93,41.93,8241900,41.58,42.62,41.4,41.93,1.0,42.62,41.4,0,8241900,16898,346701641.0,1,02,010,BRSUZBACNOR0,138,ON      NM,SUZANO S.A.
2026-07-20,SUZB3,SUZB3,41.93,42.03,41.11,41.89,41.89,4465000,41.93,42.03,41.11,41.89,1.0,42.03,41.11,0,4465000,11967,186769424.0,1,02,010,BRSUZBACNOR0,138,ON      NM,SUZANO S.A.
2026-07-21,SUZB3,SUZB3,41.88,42.01,41.44,41.63,41.63,2360900,41.88,42.01,41.44,41.63,1.0,42.01,41.44,0,2360900,9589,98467067.0,1,02,010,BRSUZBACNOR0,138,ON      NM,SUZANO S.A.
2026-07-22,SUZB3,SUZB3,41.87,42.69,41.65,42.66,42.66,4979400,41.87,42.69,41.65,42.66,1.0,42.69,41.65,0,4979400,20738,210807521.0,1,02,010,BRSUZBACNOR0,138,ON      NM,SUZANO S.A.
2026-07-23,SUZB3,SUZB3,42.41,42.82,41.78,42.43,42.43,2364400,42.41,42.82,41.78,42.43,1.0,42.82,41.78,0,2364400,9536,99970555.0,1,02,010,BRSUZBACNOR0,138,ON      NM,SUZANO S.A.
2026-07-24,SUZB3,SUZB3,42.0,42.25,41.63,41.84,41.84,3640600,42.0,42.25,41.63,41.84,1.0,42.25,41.63,0,3640600,14047,152671534.0,1,02,010,BRSUZBACNOR0,138,ON      NM,SUZANO S.A.
2026-07-27,SUZB3,SUZB3,41.98,42.1,41.38,41.87,41.87,4786000,41.98,42.1,41.38,41.87,1.0,42.1,41.38,0,4786000,13105,199811420.0,1,02,010,BRSUZBACNOR0,138,ON      NM,SUZANO S.A.
2026-07-28,SUZB3,SUZB3,42.5,43.51,42.3,43.1,43.1,6706000,42.5,43.51,42.3,43.1,1.0,43.51,42.3,0,6706000,20126,288130906.0,1,02,010,BRSUZBACNOR0,138,ON      NM,SUZANO S.A.
2026-07-29,SUZB3,SUZB3,43.09,43.31,42.23,42.3,42.3,11324800,43.09,43.31,42.23,42.3,1.0,43.31,42.23,0,11324800,12384,483873182.0,1,02,010,BRSUZBACNOR0,138,ON      NM,SUZANO S.A.
2026-07-30,SUZB3,SUZB3,42.64,43.0,42.15,42.73,42.73,3591100,42.64,43.0,42.15,42.73,1.0,43.0,42.15,0,3591100,10792,152660006.0,1,02,010,BRSUZBACNOR0,138,ON      NM,SUZANO S.A.
2026-07-31,SUZB3,SUZB3,42.74,43.4,42.73,43.32,43.32,3411300,42.74,43.4,42.73,43.32,1.0,43.4,42.73,0,3411300,10322,147338881.0,1,02,010,BRSUZBACNOR0,138,ON      NM,SUZANO S.A.
2026-08-03,SUZB3,SUZB3,43.54,43.69,43.0,43.1,43.1,4829200,43.54,43.69,43.0,43.1,1.0,43.69,43.0,0,4829200,15186,208937344.0,1,02,010,BRSUZBACNOR0,138,ON      NM,SUZANO S.A.
2026-08-04,SUZB3,SUZB3,43.53,43.71,42.42,43.02,43.02,3304700,43.53,43.71,42.42,43.02,1.0,43.71,42.42,0,3304700,12508,141817363.0,1,02,010,BRSUZBACNOR0,138,ON      NM,SUZANO S.A.
2026-08-05,SUZB3,SUZB3,43.04,43.18,42.64,42.84,42.84,5867200,43.04,43.18,42.64,42.84,1.0,43.18,42.64,0,5867200,14523,251507310.0,1,02,010,BRSUZBACNOR0,138,ON      NM,SUZANO S.A.
2026-08-06,SUZB3,SUZB3,42.7,42.85,41.97,41.97,41.97,4341400,42.7,42.85,41.97,41.97,1.0,42.85,41.97,0,4341400,13812,183073102.0,1,02,010,BRSUZBACNOR0,138,ON      NM,SUZANO S.A.
2026-08-07,SUZB3,SUZB3,41.93,42.04,41.14,41.7,41.7,4162900,41.93,42.04,41.14,41.7,1.0,42.04,41.14,0,4162900,10959,173143438.0,1,02,010,BRSUZBACNOR0,138,ON      NM,SUZANO S.A.
2026-08-10,SUZB3,SUZB3,41.57,41.92,41.22,41.29,41.29,2954300,41.57,41.92,41.22,41.29,1.0,41.92,41.22,0,2954300,8621,122629478.0,1,02,010,BRSUZBACNOR0,138,ON      NM,SUZANO S.A.
