date,ticker,source_symbol,open,high,low,close,adj_close,volume,raw_open,raw_high,raw_low,raw_close,adjustment_factor,source_high,source_low,ohlc_repaired
2000-12-11,TUPY3,TUPY3,3.93,4.725,3.93,4.725,4.725,400,3.93,4.725,3.93,4.725,1.0,4.725,3.93,0
2000-12-20,TUPY3,TUPY3,5.0,5.0,5.0,5.0,5.0,800,5.0,5.0,5.0,5.0,1.0,5.0,5.0,0
2001-01-17,TUPY3,TUPY3,5.3,5.3,5.3,5.3,5.3,200,5.3,5.3,5.3,5.3,1.0,5.3,5.3,0
2001-01-30,TUPY3,TUPY3,9.0,11.75,7.5,11.75,11.75,600,9.0,11.75,7.5,11.75,1.0,11.75,7.5,0
2001-06-13,TUPY3,TUPY3,11.65,11.65,11.65,11.65,11.65,200,11.65,11.65,11.65,11.65,1.0,11.65,11.65,0
2001-08-27,TUPY3,TUPY3,7.5,7.5,7.5,7.5,7.5,200,7.5,7.5,7.5,7.5,1.0,7.5,7.5,0
2001-12-11,TUPY3,TUPY3,5.5,5.5,5.5,5.5,5.5,200,5.5,5.5,5.5,5.5,1.0,5.5,5.5,0
2001-12-28,TUPY3,TUPY3,7.75,7.75,7.75,7.75,7.75,200,7.75,7.75,7.75,7.75,1.0,7.75,7.75,0
2002-02-28,TUPY3,TUPY3,6.849999999999999,6.849999999999999,6.849999999999999,6.849999999999999,6.849999999999999,400,6.849999999999999,6.849999999999999,6.849999999999999,6.849999999999999,1.0,6.849999999999999,6.849999999999999,0
2002-03-04,TUPY3,TUPY3,6.885,7.08,6.885,7.0,7.0,6400,6.885,7.08,6.885,7.0,1.0,7.08,6.885,0
2002-03-12,TUPY3,TUPY3,7.25,7.5,7.25,7.5,7.5,3200,7.25,7.5,7.25,7.5,1.0,7.5,7.25,0
2002-03-18,TUPY3,TUPY3,7.5,7.549999999999999,7.5,7.549999999999999,7.549999999999999,2000,7.5,7.549999999999999,7.5,7.549999999999999,1.0,7.549999999999999,7.5,0
2002-03-27,TUPY3,TUPY3,7.6,7.6,7.6,7.6,7.6,200,7.6,7.6,7.6,7.6,1.0,7.6,7.6,0
2002-05-27,TUPY3,TUPY3,3.995,4.0,3.995,4.0,4.0,400,3.995,4.0,3.995,4.0,1.0,4.0,3.995,0
2002-08-19,TUPY3,TUPY3,2.53,2.65,2.5,2.5,2.5,800,2.53,2.65,2.5,2.5,1.0,2.65,2.5,0
2002-09-04,TUPY3,TUPY3,2.5,2.5,2.5,2.5,2.5,800,2.5,2.5,2.5,2.5,1.0,2.5,2.5,0
2002-11-20,TUPY3,TUPY3,3.0,3.0,3.0,3.0,3.0,200,3.0,3.0,3.0,3.0,1.0,3.0,3.0,0
2002-11-27,TUPY3,TUPY3,2.75,2.75,2.75,2.75,2.75,400,2.75,2.75,2.75,2.75,1.0,2.75,2.75,0
2002-12-10,TUPY3,TUPY3,3.25,3.25,3.25,3.25,3.25,200,3.25,3.25,3.25,3.25,1.0,3.25,3.25,0
2002-12-16,TUPY3,TUPY3,3.45,3.45,3.45,3.45,3.45,2000,3.45,3.45,3.45,3.45,1.0,3.45,3.45,0
2002-12-27,TUPY3,TUPY3,4.495,4.495,4.495,4.495,4.495,200,4.495,4.495,4.495,4.495,1.0,4.495,4.495,0
2003-01-06,TUPY3,TUPY3,4.455,4.455,4.455,4.455,4.455,1200,4.455,4.455,4.455,4.455,1.0,4.455,4.455,0
2003-01-14,TUPY3,TUPY3,4.445,5.0,4.445,5.0,5.0,800,4.445,5.0,4.445,5.0,1.0,5.0,4.445,0
2003-02-05,TUPY3,TUPY3,5.5,5.5,5.5,5.5,5.5,200,5.5,5.5,5.5,5.5,1.0,5.5,5.5,0
2003-06-13,TUPY3,TUPY3,3.5,3.5,3.5,3.5,3.5,200,3.5,3.5,3.5,3.5,1.0,3.5,3.5,0
2003-07-01,TUPY3,TUPY3,3.25,3.25,3.25,3.25,3.25,2000,3.25,3.25,3.25,3.25,1.0,3.25,3.25,0
2003-07-18,TUPY3,TUPY3,3.245,3.245,3.245,3.245,3.245,510200,3.245,3.245,3.245,3.245,1.0,3.245,3.245,0
2003-12-04,TUPY3,TUPY3,3.245,3.245,2.005,2.005,2.005,2600,3.245,3.245,2.005,2.005,1.0,3.245,2.005,0
2003-12-08,TUPY3,TUPY3,2.75,2.75,2.55,2.55,2.55,2000,2.75,2.75,2.55,2.55,1.0,2.75,2.55,0
2003-12-15,TUPY3,TUPY3,2.75,2.75,2.75,2.75,2.75,1000,2.75,2.75,2.75,2.75,1.0,2.75,2.75,0
2003-12-22,TUPY3,TUPY3,2.75,2.75,2.75,2.75,2.75,2400,2.75,2.75,2.75,2.75,1.0,2.75,2.75,0
2004-01-23,TUPY3,TUPY3,2.755,2.755,2.755,2.755,2.755,200,2.755,2.755,2.755,2.755,1.0,2.755,2.755,0
2004-02-09,TUPY3,TUPY3,2.25,2.25,2.25,2.25,2.25,1200,2.25,2.25,2.25,2.25,1.0,2.25,2.25,0
2004-02-26,TUPY3,TUPY3,2.25,2.25,2.25,2.25,2.25,1200,2.25,2.25,2.25,2.25,1.0,2.25,2.25,0
2004-05-19,TUPY3,TUPY3,2.0,2.0,2.0,2.0,2.0,200,2.0,2.0,2.0,2.0,1.0,2.0,2.0,0
2004-06-25,TUPY3,TUPY3,1.505,1.505,1.505,1.505,1.505,200,1.505,1.505,1.505,1.505,1.0,1.505,1.505,0
2004-06-28,TUPY3,TUPY3,1.19,2.475,1.19,1.75,1.75,600,1.19,2.475,1.19,1.75,1.0,2.475,1.19,0
2004-07-14,TUPY3,TUPY3,2.395,2.5,2.395,2.5,2.5,400,2.395,2.5,2.395,2.5,1.0,2.5,2.395,0
2004-08-06,TUPY3,TUPY3,2.525,2.525,2.525,2.525,2.525,6000,2.525,2.525,2.525,2.525,1.0,2.525,2.525,0
2004-08-10,TUPY3,TUPY3,2.75,2.75,2.55,2.55,2.55,2200,2.75,2.75,2.55,2.55,1.0,2.75,2.55,0
2004-09-02,TUPY3,TUPY3,2.745,2.745,2.745,2.745,2.745,200,2.745,2.745,2.745,2.745,1.0,2.745,2.745,0
2004-09-08,TUPY3,TUPY3,2.75,2.75,2.75,2.75,2.75,11600,2.75,2.75,2.75,2.75,1.0,2.75,2.75,0
2004-10-14,TUPY3,TUPY3,2.95,3.05,2.95,3.05,3.05,4600,2.95,3.05,2.95,3.05,1.0,3.05,2.95,0
2004-10-19,TUPY3,TUPY3,2.95,2.95,2.95,2.95,2.95,2000,2.95,2.95,2.95,2.95,1.0,2.95,2.95,0
2004-10-26,TUPY3,TUPY3,3.15,3.15,3.15,3.15,3.15,600,3.15,3.15,3.15,3.15,1.0,3.15,3.15,0
2004-11-03,TUPY3,TUPY3,3.15,3.25,3.145,3.25,3.25,2400,3.15,3.25,3.145,3.25,1.0,3.25,3.145,0
2004-11-09,TUPY3,TUPY3,3.0,3.25,3.0,3.0,3.0,7600,3.0,3.25,3.0,3.0,1.0,3.25,3.0,0
2004-11-25,TUPY3,TUPY3,3.145,3.145,3.145,3.145,3.145,200,3.145,3.145,3.145,3.145,1.0,3.145,3.145,0
2004-11-30,TUPY3,TUPY3,3.245,3.25,3.245,3.25,3.25,600,3.245,3.25,3.245,3.25,1.0,3.25,3.245,0
2004-12-13,TUPY3,TUPY3,3.25,3.495,3.25,3.495,3.495,5400,3.25,3.495,3.25,3.495,1.0,3.495,3.25,0
2004-12-20,TUPY3,TUPY3,3.5999999999999996,4.5,3.575,4.5,4.5,21200,3.5999999999999996,4.5,3.575,4.5,1.0,4.5,3.575,0
2004-12-27,TUPY3,TUPY3,5.45,5.5,4.25,4.42,4.42,19000,5.45,5.5,4.25,4.42,1.0,5.5,4.25,0
2005-01-12,TUPY3,TUPY3,3.8,3.8,3.8,3.8,3.8,200,3.8,3.8,3.8,3.8,1.0,3.8,3.8,0
2005-01-24,TUPY3,TUPY3,4.25,4.25,4.25,4.25,4.25,1400,4.25,4.25,4.25,4.25,1.0,4.25,4.25,0
2005-01-31,TUPY3,TUPY3,4.0,4.0,4.0,4.0,4.0,3000,4.0,4.0,4.0,4.0,1.0,4.0,4.0,0
2005-02-10,TUPY3,TUPY3,4.0,4.0,4.0,4.0,4.0,1000,4.0,4.0,4.0,4.0,1.0,4.0,4.0,0
2005-02-14,TUPY3,TUPY3,4.005,4.55,4.0,4.25,4.25,37400,4.005,4.55,4.0,4.25,1.0,4.55,4.0,0
2005-02-21,TUPY3,TUPY3,4.5,4.75,4.25,4.625,4.625,15200,4.5,4.75,4.25,4.625,1.0,4.75,4.25,0
2005-02-28,TUPY3,TUPY3,4.5,5.3,4.5,5.25,5.25,124400,4.5,5.3,4.5,5.25,1.0,5.3,4.5,0
2005-03-07,TUPY3,TUPY3,5.199999999999999,5.199999999999999,4.75,4.75,4.75,68000,5.199999999999999,5.199999999999999,4.75,4.75,1.0,5.199999999999999,4.75,0
2005-03-14,TUPY3,TUPY3,4.7,4.75,4.65,4.75,4.75,10200,4.7,4.75,4.65,4.75,1.0,4.75,4.65,0
2005-03-21,TUPY3,TUPY3,4.745,4.75,4.575,4.575,4.575,10800,4.745,4.75,4.575,4.575,1.0,4.75,4.575,0
2005-03-29,TUPY3,TUPY3,4.5,4.5,4.5,4.5,4.5,10600,4.5,4.5,4.5,4.5,1.0,4.5,4.5,0
2005-04-14,TUPY3,TUPY3,4.5,4.75,4.5,4.6,4.6,36400,4.5,4.75,4.5,4.6,1.0,4.75,4.5,0
2005-04-18,TUPY3,TUPY3,4.5,4.65,4.5,4.65,4.65,7000,4.5,4.65,4.5,4.65,1.0,4.65,4.5,0
2005-04-27,TUPY3,TUPY3,4.5,4.5,4.42,4.42,4.42,23800,4.5,4.5,4.42,4.42,1.0,4.5,4.42,0
2005-05-03,TUPY3,TUPY3,4.5,4.5,4.5,4.5,4.5,21200,4.5,4.5,4.5,4.5,1.0,4.5,4.5,0
2005-05-10,TUPY3,TUPY3,4.5,4.55,4.5,4.5,4.5,13000,4.5,4.55,4.5,4.5,1.0,4.55,4.5,0
2005-05-17,TUPY3,TUPY3,4.505,4.505,4.5,4.5,4.5,2200,4.505,4.505,4.5,4.5,1.0,4.505,4.5,0
2005-05-23,TUPY3,TUPY3,4.5,4.5,4.5,4.5,4.5,10800,4.5,4.5,4.5,4.5,1.0,4.5,4.5,0
2005-05-31,TUPY3,TUPY3,4.7,4.7,4.5,4.5,4.5,4000,4.7,4.7,4.5,4.5,1.0,4.7,4.5,0
2005-06-06,TUPY3,TUPY3,4.5,4.5,4.5,4.5,4.5,12600,4.5,4.5,4.5,4.5,1.0,4.5,4.5,0
2005-06-13,TUPY3,TUPY3,4.5,4.674999999999999,4.5,4.65,4.65,32400,4.5,4.674999999999999,4.5,4.65,1.0,4.674999999999999,4.5,0
2005-06-20,TUPY3,TUPY3,4.5,4.5,4.5,4.5,4.5,8000,4.5,4.5,4.5,4.5,1.0,4.5,4.5,0
2005-06-30,TUPY3,TUPY3,4.5,4.5,4.5,4.5,4.5,3000,4.5,4.5,4.5,4.5,1.0,4.5,4.5,0
2005-07-12,TUPY3,TUPY3,4.245,4.245,3.75,4.0,4.0,11200,4.245,4.245,3.75,4.0,1.0,4.245,3.75,0
2005-07-19,TUPY3,TUPY3,4.0,4.0,4.0,4.0,4.0,11600,4.0,4.0,4.0,4.0,1.0,4.0,4.0,0
2005-08-22,TUPY3,TUPY3,3.9,3.9,3.9,3.9,3.9,400,3.9,3.9,3.9,3.9,1.0,3.9,3.9,0
2005-09-02,TUPY3,TUPY3,3.995,4.0,3.995,4.0,4.0,17400,3.995,4.0,3.995,4.0,1.0,4.0,3.995,0
2005-09-05,TUPY3,TUPY3,4.0,4.075,4.0,4.075,4.075,40000,4.0,4.075,4.0,4.075,1.0,4.075,4.0,0
2005-09-13,TUPY3,TUPY3,4.075,4.075,4.075,4.075,4.075,16000,4.075,4.075,4.075,4.075,1.0,4.075,4.075,0
2005-09-23,TUPY3,TUPY3,4.005,4.075,4.005,4.075,4.075,4400,4.005,4.075,4.005,4.075,1.0,4.075,4.005,0
2005-09-26,TUPY3,TUPY3,4.0,4.0,4.0,4.0,4.0,7400,4.0,4.0,4.0,4.0,1.0,4.0,4.0,0
2005-10-03,TUPY3,TUPY3,4.0,4.0,4.0,4.0,4.0,2000,4.0,4.0,4.0,4.0,1.0,4.0,4.0,0
2005-10-13,TUPY3,TUPY3,4.075,4.075,4.075,4.075,4.075,4000,4.075,4.075,4.075,4.075,1.0,4.075,4.075,0
2005-10-17,TUPY3,TUPY3,4.075,4.075,4.0,4.0,4.0,8000,4.075,4.075,4.0,4.0,1.0,4.075,4.0,0
2005-10-24,TUPY3,TUPY3,3.9,4.075,3.9,4.075,4.075,14800,3.9,4.075,3.9,4.075,1.0,4.075,3.9,0
2005-11-24,TUPY3,TUPY3,4.075,4.075,4.075,4.075,4.075,2000,4.075,4.075,4.075,4.075,1.0,4.075,4.075,0
2005-12-02,TUPY3,TUPY3,4.245,4.245,4.245,4.245,4.245,9000,4.245,4.245,4.245,4.245,1.0,4.245,4.245,0
2005-12-20,TUPY3,TUPY3,4.0,4.0,4.0,4.0,4.0,1000,4.0,4.0,4.0,4.0,1.0,4.0,4.0,0
2005-12-27,TUPY3,TUPY3,4.0,4.0,4.0,4.0,4.0,1000,4.0,4.0,4.0,4.0,1.0,4.0,4.0,0
2006-01-05,TUPY3,TUPY3,4.035,4.035,4.035,4.035,4.035,1000,4.035,4.035,4.035,4.035,1.0,4.035,4.035,0
2006-01-10,TUPY3,TUPY3,4.0,4.0,4.0,4.0,4.0,2600,4.0,4.0,4.0,4.0,1.0,4.0,4.0,0
2006-01-18,TUPY3,TUPY3,4.505,5.5,4.505,5.5,5.5,6800,4.505,5.5,4.505,5.5,1.0,5.5,4.505,0
2006-01-24,TUPY3,TUPY3,5.8,5.97,5.8,5.97,5.97,600,5.8,5.97,5.8,5.97,1.0,5.97,5.8,0
2006-01-31,TUPY3,TUPY3,6.15,6.15,5.005,5.005,5.005,400,6.15,6.15,5.005,5.005,1.0,6.15,5.005,0
2006-02-21,TUPY3,TUPY3,5.0,5.0,5.0,5.0,5.0,200,5.0,5.0,5.0,5.0,1.0,5.0,5.0,0
2006-03-14,TUPY3,TUPY3,4.995,4.995,4.9,4.995,4.995,5600,4.995,4.995,4.9,4.995,1.0,4.995,4.9,0
2006-03-21,TUPY3,TUPY3,4.97,4.97,4.97,4.97,4.97,28000,4.97,4.97,4.97,4.97,1.0,4.97,4.97,0
2006-03-31,TUPY3,TUPY3,4.95,4.97,4.95,4.97,4.97,6000,4.95,4.97,4.95,4.97,1.0,4.97,4.95,0
2006-04-03,TUPY3,TUPY3,4.95,5.0,4.6,4.849999999999999,4.849999999999999,6400,4.95,5.0,4.6,4.849999999999999,1.0,5.0,4.6,0
2006-04-11,TUPY3,TUPY3,4.55,4.55,4.4,4.4,4.4,9200,4.55,4.55,4.4,4.4,1.0,4.55,4.4,0
2006-04-17,TUPY3,TUPY3,4.45,4.5,4.45,4.5,4.5,2400,4.45,4.5,4.45,4.5,1.0,4.5,4.45,0
2006-04-25,TUPY3,TUPY3,4.35,5.4,4.35,5.4,5.4,5200,4.35,5.4,4.35,5.4,1.0,5.4,4.35,0
2006-05-02,TUPY3,TUPY3,5.5,5.75,5.5,5.55,5.55,68000,5.5,5.75,5.5,5.55,1.0,5.75,5.5,0
2006-05-08,TUPY3,TUPY3,5.5,5.995,5.5,5.995,5.995,6800,5.5,5.995,5.5,5.995,1.0,5.995,5.5,0
2006-06-30,TUPY3,TUPY3,5.75,5.75,5.75,5.75,5.75,5200,5.75,5.75,5.75,5.75,1.0,5.75,5.75,0
2006-07-04,TUPY3,TUPY3,5.5,5.75,5.5,5.75,5.75,26400,5.5,5.75,5.5,5.75,1.0,5.75,5.5,0
2006-07-14,TUPY3,TUPY3,5.35,5.35,5.35,5.35,5.35,200,5.35,5.35,5.35,5.35,1.0,5.35,5.35,0
2006-07-19,TUPY3,TUPY3,5.0,5.5,5.0,5.5,5.5,15000,5.0,5.5,5.0,5.5,1.0,5.5,5.0,0
2006-07-26,TUPY3,TUPY3,5.495,6.5,5.495,6.5,6.5,21000,5.495,6.5,5.495,6.5,1.0,6.5,5.495,0
2006-07-31,TUPY3,TUPY3,6.5,7.5,6.25,7.0,7.0,28200,6.5,7.5,6.25,7.0,1.0,7.5,6.25,0
2006-08-09,TUPY3,TUPY3,7.5,9.75,7.05,8.6,8.6,11200,7.5,9.75,7.05,8.6,1.0,9.75,7.05,0
2006-08-15,TUPY3,TUPY3,8.049999999999999,9.5,8.049999999999999,8.75,8.75,28600,8.049999999999999,9.5,8.049999999999999,8.75,1.0,9.5,8.049999999999999,0
2006-08-21,TUPY3,TUPY3,8.595,8.75,8.0,8.0,8.0,44000,8.595,8.75,8.0,8.0,1.0,8.75,8.0,0
2006-08-29,TUPY3,TUPY3,8.225,8.9,8.0,8.9,8.9,7600,8.225,8.9,8.0,8.9,1.0,8.9,8.0,0
2006-09-04,TUPY3,TUPY3,9.145,9.495,8.5,8.7,8.7,11400,9.145,9.495,8.5,8.7,1.0,9.495,8.5,0
2006-09-11,TUPY3,TUPY3,8.25,8.5,8.15,8.15,8.15,13600,8.25,8.5,8.15,8.15,1.0,8.5,8.15,0
2006-09-18,TUPY3,TUPY3,8.25,8.5,8.01,8.5,8.5,12000,8.25,8.5,8.01,8.5,1.0,8.5,8.01,0
2006-09-25,TUPY3,TUPY3,8.25,8.75,8.004999999999999,8.75,8.75,14000,8.25,8.75,8.004999999999999,8.75,1.0,8.75,8.004999999999999,0
2006-10-02,TUPY3,TUPY3,8.5,8.65,8.5,8.65,8.65,9400,8.5,8.65,8.5,8.65,1.0,8.65,8.5,0
2006-10-09,TUPY3,TUPY3,9.0,9.5,9.0,9.495,9.495,1800,9.0,9.5,9.0,9.495,1.0,9.5,9.0,0
2006-10-16,TUPY3,TUPY3,9.0,9.5,8.975,9.5,9.5,14200,9.0,9.5,8.975,9.5,1.0,9.5,8.975,0
2006-10-23,TUPY3,TUPY3,9.65,10.995,9.0,10.0,10.0,21000,9.65,10.995,9.0,10.0,1.0,10.995,9.0,0
2006-10-30,TUPY3,TUPY3,10.0,11.5,10.0,10.749999999999998,10.749999999999998,4000,10.0,11.5,10.0,10.749999999999998,1.0,11.5,10.0,0
2006-11-10,TUPY3,TUPY3,9.15,9.5,9.15,9.5,9.5,1000,9.15,9.5,9.15,9.5,1.0,9.5,9.15,0
2006-11-13,TUPY3,TUPY3,10.0,10.95,8.85,8.85,8.85,8800,10.0,10.95,8.85,8.85,1.0,10.95,8.85,0
2006-11-21,TUPY3,TUPY3,8.75,8.75,8.55,8.55,8.55,16200,8.75,8.75,8.55,8.55,1.0,8.75,8.55,0
2006-11-27,TUPY3,TUPY3,8.55,8.75,8.25,8.25,8.25,15600,8.55,8.75,8.25,8.25,1.0,8.75,8.25,0
2006-12-04,TUPY3,TUPY3,8.25,8.354999999999999,8.01,8.354999999999999,8.354999999999999,3800,8.25,8.354999999999999,8.01,8.354999999999999,1.0,8.354999999999999,8.01,0
2006-12-11,TUPY3,TUPY3,8.75,9.0,8.25,8.25,8.25,15200,8.75,9.0,8.25,8.25,1.0,9.0,8.25,0
2006-12-18,TUPY3,TUPY3,8.5,8.995,8.5,8.5,8.5,6400,8.5,8.995,8.5,8.5,1.0,8.995,8.5,0
2006-12-26,TUPY3,TUPY3,8.5,8.75,8.5,8.75,8.75,5000,8.5,8.75,8.5,8.75,1.0,8.75,8.5,0
2007-01-02,TUPY3,TUPY3,8.5,8.5,8.5,8.5,8.5,89600,8.5,8.5,8.5,8.5,1.0,8.5,8.5,0
2007-01-08,TUPY3,TUPY3,8.5,9.495,8.25,9.235,9.235,1087200,8.5,9.495,8.25,9.235,1.0,9.495,8.25,0
2007-01-15,TUPY3,TUPY3,9.45,9.6,8.25,8.7,8.7,382200,9.45,9.6,8.25,8.7,1.0,9.6,8.25,0
2007-01-22,TUPY3,TUPY3,8.8,8.8,8.25,8.45,8.45,48000,8.8,8.8,8.25,8.45,1.0,8.8,8.25,0
2007-01-30,TUPY3,TUPY3,8.36,8.49,8.075,8.25,8.25,103400,8.36,8.49,8.075,8.25,1.0,8.49,8.075,0
2007-02-05,TUPY3,TUPY3,8.3,9.15,8.25,8.64,8.64,270800,8.3,9.15,8.25,8.64,1.0,9.15,8.25,0
2007-02-12,TUPY3,TUPY3,8.75,9.165,8.6,8.85,8.85,206400,8.75,9.165,8.6,8.85,1.0,9.165,8.6,0
2007-02-21,TUPY3,TUPY3,8.85,8.95,8.65,8.7,8.7,26200,8.85,8.95,8.65,8.7,1.0,8.95,8.65,0
2007-02-26,TUPY3,TUPY3,8.78,8.85,8.25,8.3,8.3,57600,8.78,8.85,8.25,8.3,1.0,8.85,8.25,0
2007-03-05,TUPY3,TUPY3,8.5,8.5,8.15,8.325,8.325,118400,8.5,8.5,8.15,8.325,1.0,8.5,8.15,0
2007-03-12,TUPY3,TUPY3,8.325,8.325,7.76,7.8,7.8,24000,8.325,8.325,7.76,7.8,1.0,8.325,7.76,0
2007-03-19,TUPY3,TUPY3,7.75,8.34,7.75,8.0,8.0,27200,7.75,8.34,7.75,8.0,1.0,8.34,7.75,0
2007-03-26,TUPY3,TUPY3,8.245,8.874999999999998,8.1,8.4,8.4,66200,8.245,8.874999999999998,8.1,8.4,1.0,8.874999999999998,8.1,0
2007-04-02,TUPY3,TUPY3,8.5,8.5,8.2,8.2,8.2,11200,8.5,8.5,8.2,8.2,1.0,8.5,8.2,0
2007-04-09,TUPY3,TUPY3,8.25,8.575,7.88,8.0,8.0,40200,8.25,8.575,7.88,8.0,1.0,8.575,7.88,0
2007-04-16,TUPY3,TUPY3,8.2,8.44,8.004999999999999,8.25,8.25,27200,8.2,8.44,8.004999999999999,8.25,1.0,8.44,8.004999999999999,0
2007-04-23,TUPY3,TUPY3,8.004999999999999,9.1,8.0,8.8,8.8,143000,8.004999999999999,9.1,8.0,8.8,1.0,9.1,8.0,0
2007-04-30,TUPY3,TUPY3,8.85,9.699999999999998,8.85,8.874999999999998,8.874999999999998,301800,8.85,9.699999999999998,8.85,8.874999999999998,1.0,9.699999999999998,8.85,0
2007-05-07,TUPY3,TUPY3,9.2,9.2,8.9,9.0,9.0,86000,9.2,9.2,8.9,9.0,1.0,9.2,8.9,0
2007-05-14,TUPY3,TUPY3,9.0,10.0,9.0,9.8,9.8,167200,9.0,10.0,9.0,9.8,1.0,10.0,9.0,0
2007-05-21,TUPY3,TUPY3,9.75,12.25,9.6,10.6,10.6,204800,9.75,12.25,9.6,10.6,1.0,12.25,9.6,0
2007-05-28,TUPY3,TUPY3,10.99,12.45,10.25,10.625,10.625,315800,10.99,12.45,10.25,10.625,1.0,12.45,10.25,0
2007-06-04,TUPY3,TUPY3,10.749999999999998,10.95,10.15,10.91,10.91,32800,10.749999999999998,10.95,10.15,10.91,1.0,10.95,10.15,0
2007-06-11,TUPY3,TUPY3,10.895,10.95,10.0,10.0,10.0,43800,10.895,10.95,10.0,10.0,1.0,10.95,10.0,0
2007-06-18,TUPY3,TUPY3,9.505,10.495,9.505,9.75,9.75,113400,9.505,10.495,9.505,9.75,1.0,10.495,9.505,0
2007-06-25,TUPY3,TUPY3,9.995,10.9,9.875,10.25,10.25,488200,9.995,10.9,9.875,10.25,1.0,10.9,9.875,0
2007-07-02,TUPY3,TUPY3,10.3,10.425,9.5,9.505,9.505,116400,10.3,10.425,9.5,9.505,1.0,10.425,9.5,0
2007-07-10,TUPY3,TUPY3,9.5,9.75,9.0,9.21,9.21,149600,9.5,9.75,9.0,9.21,1.0,9.75,9.0,0
2007-07-16,TUPY3,TUPY3,9.355,9.5,9.0,9.25,9.25,89800,9.355,9.5,9.0,9.25,1.0,9.5,9.0,0
2007-07-23,TUPY3,TUPY3,9.0,9.0,8.0,8.025,8.025,1362200,9.0,9.0,8.0,8.025,1.0,9.0,8.0,0
2007-07-30,TUPY3,TUPY3,8.26,8.45,7.724999999999999,7.9,7.9,111600,8.26,8.45,7.724999999999999,7.9,1.0,8.45,7.724999999999999,0
2007-08-06,TUPY3,TUPY3,8.049999999999999,8.445,7.75,8.115,8.115,104000,8.049999999999999,8.445,7.75,8.115,1.0,8.445,7.75,0
2007-08-13,TUPY3,TUPY3,8.12,8.41,6.504999999999999,7.49,7.49,143600,8.12,8.41,6.504999999999999,7.49,1.0,8.41,6.504999999999999,0
2007-08-20,TUPY3,TUPY3,8.0,8.0,6.75,7.45,7.45,57400,8.0,8.0,6.75,7.45,1.0,8.0,6.75,0
2007-08-27,TUPY3,TUPY3,7.4,8.85,7.325,8.7,8.7,303400,7.4,8.85,7.325,8.7,1.0,8.85,7.325,0
2007-09-03,TUPY3,TUPY3,8.915,9.0,8.575,8.874999999999998,8.874999999999998,141400,8.915,9.0,8.575,8.874999999999998,1.0,9.0,8.575,0
2007-09-10,TUPY3,TUPY3,8.524999999999999,10.174999999999999,8.325,10.049999999999999,10.049999999999999,372800,8.524999999999999,10.174999999999999,8.325,10.049999999999999,1.0,10.174999999999999,8.325,0
2007-09-17,TUPY3,TUPY3,10.32,10.479999999999999,9.15,9.56,9.56,165600,10.32,10.479999999999999,9.15,9.56,1.0,10.479999999999999,9.15,0
2007-09-24,TUPY3,TUPY3,9.69,9.925,9.349999999999998,9.615,9.615,73800,9.69,9.925,9.349999999999998,9.615,1.0,9.925,9.349999999999998,0
2007-10-01,TUPY3,TUPY3,9.6,9.74,9.275,9.695,9.695,68800,9.6,9.74,9.275,9.695,1.0,9.74,9.275,0
2007-10-08,TUPY3,TUPY3,9.69,10.09,9.5,9.95,9.95,118400,9.69,10.09,9.5,9.95,1.0,10.09,9.5,0
2007-10-15,TUPY3,TUPY3,9.95,9.975,9.5,9.775,9.775,61600,9.95,9.975,9.5,9.775,1.0,9.975,9.5,0
2007-10-22,TUPY3,TUPY3,9.55,9.92,9.365,9.875,9.875,85200,9.55,9.92,9.365,9.875,1.0,9.92,9.365,0
2007-10-29,TUPY3,TUPY3,9.825,10.0,9.5,9.895,9.895,59400,9.825,10.0,9.5,9.895,1.0,10.0,9.5,0
2007-11-05,TUPY3,TUPY3,9.775,9.995,9.355,9.5,9.5,64200,9.775,9.995,9.355,9.5,1.0,9.995,9.355,0
2007-11-12,TUPY3,TUPY3,9.699999999999998,9.9,9.275,9.8,9.8,53200,9.699999999999998,9.9,9.275,9.8,1.0,9.9,9.275,0
2007-11-19,TUPY3,TUPY3,9.85,9.9,8.8,9.445,9.445,53000,9.85,9.9,8.8,9.445,1.0,9.9,8.8,0
2007-11-26,TUPY3,TUPY3,9.75,9.75,8.5,8.975,8.975,110600,9.75,9.75,8.5,8.975,1.0,9.75,8.5,0
2007-12-03,TUPY3,TUPY3,8.995,8.995,8.4,8.739999999999998,8.739999999999998,85400,8.995,8.995,8.4,8.739999999999998,1.0,8.995,8.4,0
2007-12-10,TUPY3,TUPY3,8.575,8.735,8.3,8.4,8.4,64400,8.575,8.735,8.3,8.4,1.0,8.735,8.3,0
2007-12-17,TUPY3,TUPY3,8.495,8.685,8.105,8.485,8.485,50600,8.495,8.685,8.105,8.485,1.0,8.685,8.105,0
2007-12-26,TUPY3,TUPY3,8.4,8.485,8.205,8.205,8.205,42000,8.4,8.485,8.205,8.205,1.0,8.485,8.205,0
2008-01-02,TUPY3,TUPY3,8.65,8.745,8.3,8.495,8.495,18600,8.65,8.745,8.3,8.495,1.0,8.745,8.3,0
2008-01-07,TUPY3,TUPY3,8.495,8.495,8.0,8.225,8.225,58400,8.495,8.495,8.0,8.225,1.0,8.495,8.0,0
2008-01-14,TUPY3,TUPY3,8.004999999999999,8.445,7.0,7.1,7.1,122200,8.004999999999999,8.445,7.0,7.1,1.0,8.445,7.0,0
2008-01-21,TUPY3,TUPY3,6.8,7.495,6.5,7.0,7.0,73400,6.8,7.495,6.5,7.0,1.0,7.495,6.5,0
2008-01-28,TUPY3,TUPY3,7.04,8.425,6.9,8.425,8.425,166400,7.04,8.425,6.9,8.425,1.0,8.425,6.9,0
2008-02-06,TUPY3,TUPY3,7.9,8.4,7.9,8.0,8.0,26000,7.9,8.4,7.9,8.0,1.0,8.4,7.9,0
2008-02-11,TUPY3,TUPY3,8.0,8.375,7.75,7.75,7.75,22200,8.0,8.375,7.75,7.75,1.0,8.375,7.75,0
2008-02-18,TUPY3,TUPY3,7.995,8.825,7.75,8.62,8.62,57600,7.995,8.825,7.75,8.62,1.0,8.825,7.75,0
2008-02-25,TUPY3,TUPY3,8.62,9.0,8.375,8.835,8.835,109800,8.62,9.0,8.375,8.835,1.0,9.0,8.375,0
2008-03-03,TUPY3,TUPY3,8.845,8.845,8.25,8.475,8.475,24200,8.845,8.845,8.25,8.475,1.0,8.845,8.25,0
2008-03-10,TUPY3,TUPY3,8.395,8.495,7.504999999999999,8.0,8.0,346200,8.395,8.495,7.504999999999999,8.0,1.0,8.495,7.504999999999999,0
2008-03-17,TUPY3,TUPY3,8.2,8.5,7.674999999999999,8.5,8.5,113600,8.2,8.5,7.674999999999999,8.5,1.0,8.5,7.674999999999999,0
2008-03-24,TUPY3,TUPY3,8.2,8.7,8.2,8.5,8.5,346600,8.2,8.7,8.2,8.5,1.0,8.7,8.2,0
2008-03-31,TUPY3,TUPY3,8.5,9.375,8.5,9.25,9.25,84200,8.5,9.375,8.5,9.25,1.0,9.375,8.5,0
2008-04-07,TUPY3,TUPY3,9.25,9.25,9.0,9.0,9.0,41000,9.25,9.25,9.0,9.0,1.0,9.25,9.0,0
2008-04-14,TUPY3,TUPY3,9.2,9.2,8.55,9.195,9.195,17400,9.2,9.2,8.55,9.195,1.0,9.2,8.55,0
2008-04-23,TUPY3,TUPY3,9.005,9.5,9.0,9.15,9.15,31000,9.005,9.5,9.0,9.15,1.0,9.5,9.0,0
2008-04-28,TUPY3,TUPY3,9.445,10.0,9.0,9.555,9.555,80800,9.445,10.0,9.0,9.555,1.0,10.0,9.0,0
2008-05-05,TUPY3,TUPY3,9.99,10.25,9.055,10.045,10.045,154200,9.99,10.25,9.055,10.045,1.0,10.25,9.055,0
2008-05-12,TUPY3,TUPY3,10.174999999999999,10.65,10.0,10.425,10.425,118400,10.174999999999999,10.65,10.0,10.425,1.0,10.65,10.0,0
2008-05-19,TUPY3,TUPY3,10.275,10.275,9.205,9.94,9.94,95800,10.275,10.275,9.205,9.94,1.0,10.275,9.205,0
2008-05-26,TUPY3,TUPY3,9.97,10.25,9.75,10.195,10.195,40600,9.97,10.25,9.75,10.195,1.0,10.25,9.75,0
2008-06-03,TUPY3,TUPY3,9.605,9.95,9.5,9.85,9.85,14000,9.605,9.95,9.5,9.85,1.0,9.95,9.5,0
2008-06-10,TUPY3,TUPY3,9.5,9.85,9.1,9.5,9.5,65200,9.5,9.85,9.1,9.5,1.0,9.85,9.1,0
2008-06-16,TUPY3,TUPY3,9.595,9.595,8.75,9.25,9.25,201600,9.595,9.595,8.75,9.25,1.0,9.595,8.75,0
2008-06-23,TUPY3,TUPY3,9.495,9.5,8.75,8.75,8.75,15600,9.495,9.5,8.75,8.75,1.0,9.5,8.75,0
2008-06-30,TUPY3,TUPY3,9.25,9.545,8.335,9.075,9.075,89800,9.25,9.545,8.335,9.075,1.0,9.545,8.335,0
2008-07-07,TUPY3,TUPY3,8.62,8.85,7.91,8.0,8.0,81600,8.62,8.85,7.91,8.0,1.0,8.85,7.91,0
2008-07-14,TUPY3,TUPY3,8.725,9.45,7.75,8.65,8.65,133400,8.725,9.45,7.75,8.65,1.0,9.45,7.75,0
2008-07-21,TUPY3,TUPY3,8.255,8.94,7.8,8.37,8.37,134400,8.255,8.94,7.8,8.37,1.0,8.94,7.8,0
2008-07-28,TUPY3,TUPY3,8.475,8.495,8.004999999999999,8.425,8.425,8600,8.475,8.495,8.004999999999999,8.425,1.0,8.495,8.004999999999999,0
2008-08-05,TUPY3,TUPY3,8.25,8.8,8.004999999999999,8.8,8.8,16600,8.25,8.8,8.004999999999999,8.8,1.0,8.8,8.004999999999999,0
2008-08-11,TUPY3,TUPY3,8.8,9.0,8.25,8.725,8.725,94000,8.8,9.0,8.25,8.725,1.0,9.0,8.25,0
2008-08-18,TUPY3,TUPY3,8.275,8.73,8.025,8.5,8.5,13200,8.275,8.73,8.025,8.5,1.0,8.73,8.025,0
2008-08-26,TUPY3,TUPY3,8.495,8.795,7.679999999999999,8.795,8.795,41600,8.495,8.795,7.679999999999999,8.795,1.0,8.795,7.679999999999999,0
2008-09-02,TUPY3,TUPY3,8.025,8.375,7.25,7.9,7.9,47400,8.025,8.375,7.25,7.9,1.0,8.375,7.25,0
2008-09-08,TUPY3,TUPY3,8.4,8.4,7.0,7.65,7.65,120800,8.4,8.4,7.0,7.65,1.0,8.4,7.0,0
2008-09-15,TUPY3,TUPY3,7.65,7.7,6.265,6.764999999999999,6.764999999999999,243400,7.65,7.7,6.265,6.764999999999999,1.0,7.7,6.265,0
2008-09-22,TUPY3,TUPY3,6.76,7.45,6.75,7.45,7.45,114800,6.76,7.45,6.75,7.45,1.0,7.45,6.75,0
2008-09-29,TUPY3,TUPY3,6.45,7.25,6.45,6.6,6.6,17200,6.45,7.25,6.45,6.6,1.0,7.25,6.45,0
2008-10-06,TUPY3,TUPY3,6.549999999999999,7.0,4.0,5.0,5.0,113400,6.549999999999999,7.0,4.0,5.0,1.0,7.0,4.0,0
2008-10-13,TUPY3,TUPY3,4.975,5.175,3.605,4.725,4.725,105400,4.975,5.175,3.605,4.725,1.0,5.175,3.605,0
2008-10-20,TUPY3,TUPY3,4.75,4.75,4.05,4.45,4.45,4600,4.75,4.75,4.05,4.45,1.0,4.75,4.05,0
2008-10-27,TUPY3,TUPY3,4.5,4.5,3.9,4.45,4.45,16200,4.5,4.5,3.9,4.45,1.0,4.5,3.9,0
2008-11-03,TUPY3,TUPY3,4.0,4.45,3.75,4.45,4.45,132200,4.0,4.45,3.75,4.45,1.0,4.45,3.75,0
2008-11-10,TUPY3,TUPY3,4.7,5.95,4.7,5.25,5.25,66400,4.7,5.95,4.7,5.25,1.0,5.95,4.7,0
2008-11-17,TUPY3,TUPY3,5.0,5.45,4.75,5.0,5.0,87200,5.0,5.45,4.75,5.0,1.0,5.45,4.75,0
2008-11-24,TUPY3,TUPY3,4.975,5.625,4.849999999999999,5.625,5.625,30800,4.975,5.625,4.849999999999999,5.625,1.0,5.625,4.849999999999999,0
2008-12-02,TUPY3,TUPY3,5.495,5.495,4.995,5.495,5.495,3200,5.495,5.495,4.995,5.495,1.0,5.495,4.995,0
2008-12-08,TUPY3,TUPY3,5.5,5.74,4.66,5.5,5.5,23800,5.5,5.74,4.66,5.5,1.0,5.74,4.66,0
2008-12-15,TUPY3,TUPY3,5.495,5.5,4.995,5.5,5.5,24400,5.495,5.5,4.995,5.5,1.0,5.5,4.995,0
2008-12-22,TUPY3,TUPY3,5.5,5.5,5.25,5.5,5.5,13200,5.5,5.5,5.25,5.5,1.0,5.5,5.25,0
2008-12-30,TUPY3,TUPY3,4.955,5.5,4.955,5.5,5.5,17800,4.955,5.5,4.955,5.5,1.0,5.5,4.955,0
2009-01-05,TUPY3,TUPY3,5.9399999999999995,5.9399999999999995,5.25,5.595,5.595,6400,5.9399999999999995,5.9399999999999995,5.25,5.595,1.0,5.9399999999999995,5.25,0
2009-01-13,TUPY3,TUPY3,5.5,5.5,5.35,5.5,5.5,38400,5.5,5.5,5.35,5.5,1.0,5.5,5.35,0
2009-01-19,TUPY3,TUPY3,5.645,5.65,5.5,5.5,5.5,22000,5.645,5.65,5.5,5.5,1.0,5.65,5.5,0
2009-01-26,TUPY3,TUPY3,5.6,5.6,5.1,5.495,5.495,9200,5.6,5.6,5.1,5.495,1.0,5.6,5.1,0
2009-02-02,TUPY3,TUPY3,5.4,5.625,5.199999999999999,5.6,5.6,25400,5.4,5.625,5.199999999999999,5.6,1.0,5.625,5.199999999999999,0
2009-02-09,TUPY3,TUPY3,5.15,5.625,5.15,5.6,5.6,16400,5.15,5.625,5.15,5.6,1.0,5.625,5.15,0
2009-02-17,TUPY3,TUPY3,5.6,7.5,5.6,7.445,7.445,4200,5.6,7.5,5.6,7.445,1.0,7.5,5.6,0
2009-02-27,TUPY3,TUPY3,7.195,7.195,6.48,7.0,7.0,1000,7.195,7.195,6.48,7.0,1.0,7.195,6.48,0
2009-03-02,TUPY3,TUPY3,7.0,7.5,6.0,6.045,6.045,18400,7.0,7.5,6.0,6.045,1.0,7.5,6.0,0
2009-03-09,TUPY3,TUPY3,6.0,6.725,6.0,6.0,6.0,7000,6.0,6.725,6.0,6.0,1.0,6.725,6.0,0
2009-03-16,TUPY3,TUPY3,5.925,6.225,5.9,6.0,6.0,1800,5.925,6.225,5.9,6.0,1.0,6.225,5.9,0
2009-03-23,TUPY3,TUPY3,6.195,6.199999999999999,6.0,6.199999999999999,6.199999999999999,5600,6.195,6.199999999999999,6.0,6.199999999999999,1.0,6.199999999999999,6.0,0
2009-03-30,TUPY3,TUPY3,6.725,6.995,6.35,6.6,6.6,8200,6.725,6.995,6.35,6.6,1.0,6.995,6.35,0
2009-04-06,TUPY3,TUPY3,7.0,7.075,6.35,6.48,6.48,13800,7.0,7.075,6.35,6.48,1.0,7.075,6.35,0
2009-04-13,TUPY3,TUPY3,6.5,6.5,6.0,6.31,6.31,10400,6.5,6.5,6.0,6.31,1.0,6.5,6.0,0
2009-04-20,TUPY3,TUPY3,6.325,6.5,6.325,6.425,6.425,11000,6.325,6.5,6.325,6.425,1.0,6.5,6.325,0
2009-04-27,TUPY3,TUPY3,6.5,6.75,6.3,6.5,6.5,42000,6.5,6.75,6.3,6.5,1.0,6.75,6.3,0
2009-05-04,TUPY3,TUPY3,6.745,6.75,6.5,6.549999999999999,6.549999999999999,81400,6.745,6.75,6.5,6.549999999999999,1.0,6.75,6.5,0
2009-05-11,TUPY3,TUPY3,6.51,6.51,6.36,6.36,6.36,8200,6.51,6.51,6.36,6.36,1.0,6.51,6.36,0
2009-05-18,TUPY3,TUPY3,6.495,6.5,6.205,6.205,6.205,14800,6.495,6.5,6.205,6.205,1.0,6.5,6.205,0
2009-05-25,TUPY3,TUPY3,6.225,6.7,6.199999999999999,6.495,6.495,61000,6.225,6.7,6.199999999999999,6.495,1.0,6.7,6.199999999999999,0
2009-06-01,TUPY3,TUPY3,6.5,6.995,6.495,6.7,6.7,24600,6.5,6.995,6.495,6.7,1.0,6.995,6.495,0
2009-06-08,TUPY3,TUPY3,6.75,6.75,6.5,6.5,6.5,9200,6.75,6.75,6.5,6.5,1.0,6.75,6.5,0
2009-06-16,TUPY3,TUPY3,6.65,6.65,6.65,6.65,6.65,800,6.65,6.65,6.65,6.65,1.0,6.65,6.65,0
2009-06-22,TUPY3,TUPY3,6.504999999999999,6.575,6.405,6.405,6.405,99000,6.504999999999999,6.575,6.405,6.405,1.0,6.575,6.405,0
2009-06-29,TUPY3,TUPY3,6.25,6.695,6.175,6.495,6.495,7400,6.25,6.695,6.175,6.495,1.0,6.695,6.175,0
2009-07-07,TUPY3,TUPY3,6.395,6.4,6.19,6.395,6.395,31800,6.395,6.4,6.19,6.395,1.0,6.4,6.19,0
2009-07-13,TUPY3,TUPY3,6.495,6.65,5.849999999999999,6.225,6.225,21400,6.495,6.65,5.849999999999999,6.225,1.0,6.65,5.849999999999999,0
2009-07-20,TUPY3,TUPY3,6.325,6.45,6.1,6.25,6.25,25600,6.325,6.45,6.1,6.25,1.0,6.45,6.1,0
2009-07-27,TUPY3,TUPY3,6.25,6.495,6.244999999999999,6.495,6.495,157800,6.25,6.495,6.244999999999999,6.495,1.0,6.495,6.244999999999999,0
2009-08-03,TUPY3,TUPY3,6.549999999999999,7.4,6.35,7.4,7.4,156800,6.549999999999999,7.4,6.35,7.4,1.0,7.4,6.35,0
2009-08-10,TUPY3,TUPY3,7.4,7.425,7.199999999999999,7.35,7.35,8000,7.4,7.425,7.199999999999999,7.35,1.0,7.425,7.199999999999999,0
2009-08-17,TUPY3,TUPY3,7.1,7.1,6.45,6.544999999999999,6.544999999999999,34800,7.1,7.1,6.45,6.544999999999999,1.0,7.1,6.45,0
2009-08-24,TUPY3,TUPY3,7.0,7.0,6.465,6.465,6.465,17400,7.0,7.0,6.465,6.465,1.0,7.0,6.465,0
2009-08-31,TUPY3,TUPY3,6.5,6.894999999999999,6.3,6.4,6.4,12200,6.5,6.894999999999999,6.3,6.4,1.0,6.894999999999999,6.3,0
2009-09-08,TUPY3,TUPY3,6.405,7.0,6.329999999999999,7.0,7.0,10400,6.405,7.0,6.329999999999999,7.0,1.0,7.0,6.329999999999999,0
2009-09-14,TUPY3,TUPY3,7.0,7.114999999999999,6.75,6.93,6.93,186600,7.0,7.114999999999999,6.75,6.93,1.0,7.114999999999999,6.75,0
2009-09-21,TUPY3,TUPY3,7.0,7.25,6.75,6.9,6.9,346200,7.0,7.25,6.75,6.9,1.0,7.25,6.75,0
2009-09-28,TUPY3,TUPY3,6.925,7.15,6.525,6.925,6.925,135600,6.925,7.15,6.525,6.925,1.0,7.15,6.525,0
2009-10-05,TUPY3,TUPY3,6.925,7.25,6.719999999999999,7.145,7.145,293200,6.925,7.25,6.719999999999999,7.145,1.0,7.25,6.719999999999999,0
2009-10-13,TUPY3,TUPY3,7.225,7.35,7.0,7.0,7.0,13400,7.225,7.35,7.0,7.0,1.0,7.35,7.0,0
2009-10-19,TUPY3,TUPY3,7.175,7.175,6.875,6.875,6.875,25600,7.175,7.175,6.875,6.875,1.0,7.175,6.875,0
2009-10-26,TUPY3,TUPY3,6.755,7.17,6.6,7.0249999999999995,7.0249999999999995,27400,6.755,7.17,6.6,7.0249999999999995,1.0,7.17,6.6,0
2009-11-04,TUPY3,TUPY3,6.8,6.995,6.549999999999999,6.995,6.995,44600,6.8,6.995,6.549999999999999,6.995,1.0,6.995,6.549999999999999,0
2009-11-09,TUPY3,TUPY3,6.8,6.825,6.525,6.825,6.825,30600,6.8,6.825,6.525,6.825,1.0,6.825,6.525,0
2009-11-16,TUPY3,TUPY3,6.525,6.795,6.055,6.17,6.17,40000,6.525,6.795,6.055,6.17,1.0,6.795,6.055,0
2009-11-23,TUPY3,TUPY3,6.199999999999999,6.3,5.905,6.3,6.3,60800,6.199999999999999,6.3,5.905,6.3,1.0,6.3,5.905,0
2009-11-30,TUPY3,TUPY3,6.35,6.75,6.05,6.425,6.425,272600,6.35,6.75,6.05,6.425,1.0,6.75,6.05,0
2009-12-07,TUPY3,TUPY3,6.414999999999999,6.44,6.14,6.28,6.28,30400,6.414999999999999,6.44,6.14,6.28,1.0,6.44,6.14,0
2009-12-14,TUPY3,TUPY3,6.25,6.7,6.075,6.35,6.35,1285200,6.25,6.7,6.075,6.35,1.0,6.7,6.075,0
2009-12-21,TUPY3,TUPY3,6.525,6.975,6.475,6.8,6.8,246000,6.525,6.975,6.475,6.8,1.0,6.975,6.475,0
2009-12-28,TUPY3,TUPY3,6.725,6.849999999999999,6.725,6.75,6.75,5800,6.725,6.849999999999999,6.725,6.75,1.0,6.849999999999999,6.725,0
2010-01-04,TUPY3,TUPY3,6.745,6.745,6.199999999999999,6.405,6.405,30800,6.745,6.745,6.199999999999999,6.405,1.0,6.745,6.199999999999999,0
2010-01-11,TUPY3,TUPY3,6.405,6.849999999999999,6.35,6.58,6.58,76200,6.405,6.849999999999999,6.35,6.58,1.0,6.849999999999999,6.35,0
2010-01-18,TUPY3,TUPY3,6.65,6.655,6.35,6.405,6.405,61200,6.65,6.655,6.35,6.405,1.0,6.655,6.35,0
2010-01-26,TUPY3,TUPY3,6.58,6.58,5.555,5.7,5.7,505200,6.58,6.58,5.555,5.7,1.0,6.58,5.555,0
2010-02-01,TUPY3,TUPY3,5.7,6.0,5.5,5.625,5.625,161800,5.7,6.0,5.5,5.625,1.0,6.0,5.5,0
2010-02-08,TUPY3,TUPY3,5.5,6.225,5.5,6.095,6.095,169000,5.5,6.225,5.5,6.095,1.0,6.225,5.5,0
2010-02-17,TUPY3,TUPY3,6.01,6.125,5.9,6.12,6.12,11200,6.01,6.125,5.9,6.12,1.0,6.125,5.9,0
2010-02-22,TUPY3,TUPY3,5.95,6.0249999999999995,5.809999999999999,5.955,5.955,71200,5.95,6.0249999999999995,5.809999999999999,5.955,1.0,6.0249999999999995,5.809999999999999,0
2010-03-01,TUPY3,TUPY3,5.849999999999999,6.0,5.8,5.849999999999999,5.849999999999999,133000,5.849999999999999,6.0,5.8,5.849999999999999,1.0,6.0,5.8,0
2010-03-08,TUPY3,TUPY3,5.86,5.95,5.849999999999999,5.855,5.855,133000,5.86,5.95,5.849999999999999,5.855,1.0,5.95,5.849999999999999,0
2010-03-15,TUPY3,TUPY3,5.865,5.975,5.735,5.75,5.75,96000,5.865,5.975,5.735,5.75,1.0,5.975,5.735,0
2010-03-22,TUPY3,TUPY3,5.735,5.78,5.61,5.71,5.71,119400,5.735,5.78,5.61,5.71,1.0,5.78,5.61,0
2010-03-29,TUPY3,TUPY3,5.894999999999999,6.75,5.894999999999999,6.35,6.35,600600,5.894999999999999,6.75,5.894999999999999,6.35,1.0,6.75,5.894999999999999,0
2010-04-05,TUPY3,TUPY3,6.495,6.7,6.34,6.455,6.455,495200,6.495,6.7,6.34,6.455,1.0,6.7,6.34,0
2010-04-12,TUPY3,TUPY3,6.6,6.7,6.425,6.425,6.425,66200,6.6,6.7,6.425,6.425,1.0,6.7,6.425,0
2010-04-19,TUPY3,TUPY3,6.674999999999999,7.225,6.504999999999999,7.1,7.1,97200,6.674999999999999,7.225,6.504999999999999,7.1,1.0,7.225,6.504999999999999,0
2010-04-26,TUPY3,TUPY3,7.15,7.4,6.5,6.585,6.585,96200,7.15,7.4,6.5,6.585,1.0,7.4,6.5,0
2010-05-03,TUPY3,TUPY3,6.585,6.585,5.9,6.14,6.14,174400,6.585,6.585,5.9,6.14,1.0,6.585,5.9,0
2010-05-10,TUPY3,TUPY3,6.41,6.41,6.1,6.27,6.27,29600,6.41,6.41,6.1,6.27,1.0,6.41,6.1,0
2010-05-17,TUPY3,TUPY3,6.15,6.5,5.75,6.475,6.475,160000,6.15,6.5,5.75,6.475,1.0,6.5,5.75,0
2010-05-24,TUPY3,TUPY3,5.995,6.75,5.8,6.549999999999999,6.549999999999999,301800,5.995,6.75,5.8,6.549999999999999,1.0,6.75,5.8,0
2010-05-31,TUPY3,TUPY3,6.4,6.995,6.4,6.89,6.89,78600,6.4,6.995,6.4,6.89,1.0,6.995,6.4,0
2010-06-07,TUPY3,TUPY3,6.75,7.095,6.75,7.075,7.075,71800,6.75,7.095,6.75,7.075,1.0,7.095,6.75,0
2010-06-14,TUPY3,TUPY3,7.075,7.085,6.475,6.9,6.9,60800,7.075,7.085,6.475,6.9,1.0,7.085,6.475,0
2010-06-21,TUPY3,TUPY3,6.945,7.075,6.925,6.9399999999999995,6.9399999999999995,32200,6.945,7.075,6.925,6.9399999999999995,1.0,7.075,6.925,0
2010-06-29,TUPY3,TUPY3,6.93,6.995,6.7,6.8,6.8,29600,6.93,6.995,6.7,6.8,1.0,6.995,6.7,0
2010-07-05,TUPY3,TUPY3,6.935,6.995,6.51,6.9399999999999995,6.9399999999999995,27200,6.935,6.995,6.51,6.9399999999999995,1.0,6.995,6.51,0
2010-07-13,TUPY3,TUPY3,6.885,6.894999999999999,6.35,6.645,6.645,71000,6.885,6.894999999999999,6.35,6.645,1.0,6.894999999999999,6.35,0
2010-07-19,TUPY3,TUPY3,6.74,7.475,6.515,7.05,7.05,200200,6.74,7.475,6.515,7.05,1.0,7.475,6.515,0
2010-07-26,TUPY3,TUPY3,7.09,7.15,6.905,7.1,7.1,39400,7.09,7.15,6.905,7.1,1.0,7.15,6.905,0
2010-08-02,TUPY3,TUPY3,7.15,7.76,6.96,7.5,7.5,346400,7.15,7.76,6.96,7.5,1.0,7.76,6.96,0
2010-08-09,TUPY3,TUPY3,7.535,9.0,7.535,8.825,8.825,245600,7.535,9.0,7.535,8.825,1.0,9.0,7.535,0
2010-08-16,TUPY3,TUPY3,8.85,9.55,8.8,9.25,9.25,593600,8.85,9.55,8.8,9.25,1.0,9.55,8.8,0
2010-08-23,TUPY3,TUPY3,9.45,10.0,9.275,9.9,9.9,139000,9.45,10.0,9.275,9.9,1.0,10.0,9.275,0
2010-08-30,TUPY3,TUPY3,10.06,10.1,9.75,9.75,9.75,135400,10.06,10.1,9.75,9.75,1.0,10.1,9.75,0
2010-09-06,TUPY3,TUPY3,9.5,9.7,9.405,9.5,9.5,216000,9.5,9.7,9.405,9.5,1.0,9.7,9.405,0
2010-09-13,TUPY3,TUPY3,9.505,9.745,9.5,9.5,9.5,75200,9.505,9.745,9.5,9.5,1.0,9.745,9.5,0
2010-09-20,TUPY3,TUPY3,9.5,10.0,9.5,9.75,9.75,71200,9.5,10.0,9.5,9.75,1.0,10.0,9.5,0
2010-09-27,TUPY3,TUPY3,9.75,11.0,9.75,10.9,10.9,114000,9.75,11.0,9.75,10.9,1.0,11.0,9.75,0
2010-10-04,TUPY3,TUPY3,11.0,11.8,10.645,11.525,11.525,166800,11.0,11.8,10.645,11.525,1.0,11.8,10.645,0
2010-10-11,TUPY3,TUPY3,11.745,13.0,11.745,12.65,12.65,78600,11.745,13.0,11.745,12.65,1.0,13.0,11.745,0
2010-10-18,TUPY3,TUPY3,12.5,12.5,11.4,12.245,12.245,35400,12.5,12.5,11.4,12.245,1.0,12.5,11.4,0
2010-10-25,TUPY3,TUPY3,11.995,12.195,11.5,12.1,12.1,59400,11.995,12.195,11.5,12.1,1.0,12.195,11.5,0
2010-11-01,TUPY3,TUPY3,11.9,12.1,11.34,11.495,11.495,122000,11.9,12.1,11.34,11.495,1.0,12.1,11.34,0
2010-11-08,TUPY3,TUPY3,11.495,11.5,10.895,11.0,11.0,157800,11.495,11.5,10.895,11.0,1.0,11.5,10.895,0
2010-11-16,TUPY3,TUPY3,11.15,13.0,11.15,12.775,12.775,301200,11.15,13.0,11.15,12.775,1.0,13.0,11.15,0
2010-11-22,TUPY3,TUPY3,12.85,14.5,12.85,13.65,13.65,415200,12.85,14.5,12.85,13.65,1.0,14.5,12.85,0
2010-11-29,TUPY3,TUPY3,13.65,14.0,13.15,13.5,13.5,180400,13.65,14.0,13.15,13.5,1.0,14.0,13.15,0
2010-12-06,TUPY3,TUPY3,13.5,13.545,13.0,13.395,13.395,106400,13.5,13.545,13.0,13.395,1.0,13.545,13.0,0
2010-12-13,TUPY3,TUPY3,13.37,13.37,13.0,13.1,13.1,43800,13.37,13.37,13.0,13.1,1.0,13.37,13.0,0
2010-12-20,TUPY3,TUPY3,12.765,12.95,12.25,12.47,12.47,103800,12.765,12.95,12.25,12.47,1.0,12.95,12.25,0
2010-12-27,TUPY3,TUPY3,12.485,12.75,12.0,12.75,12.75,59600,12.485,12.75,12.0,12.75,1.0,12.75,12.0,0
2011-01-03,TUPY3,TUPY3,12.945,12.995,12.4,12.635,12.635,93600,12.945,12.995,12.4,12.635,1.0,12.995,12.4,0
2011-01-12,TUPY3,TUPY3,12.5,12.65,11.75,12.0,12.0,221800,12.5,12.65,11.75,12.0,1.0,12.65,11.75,0
2011-01-17,TUPY3,TUPY3,12.0,12.34,11.95,12.25,12.25,151400,12.0,12.34,11.95,12.25,1.0,12.34,11.95,0
2011-01-24,TUPY3,TUPY3,12.245,12.25,11.95,12.235,12.235,141200,12.245,12.25,11.95,12.235,1.0,12.25,11.95,0
2011-01-31,TUPY3,TUPY3,12.235,12.495,11.9,12.15,12.15,62800,12.235,12.495,11.9,12.15,1.0,12.495,11.9,0
2011-02-07,TUPY3,TUPY3,12.15,12.37,12.05,12.25,12.25,268400,12.15,12.37,12.05,12.25,1.0,12.37,12.05,0
2011-02-14,TUPY3,TUPY3,12.25,12.975,12.25,12.975,12.975,10800,12.25,12.975,12.25,12.975,1.0,12.975,12.25,0
2011-02-21,TUPY3,TUPY3,12.5,13.225,12.5,13.0,13.0,49400,12.5,13.225,12.5,13.0,1.0,13.225,12.5,0
2011-02-28,TUPY3,TUPY3,12.925,13.205,12.555,12.995,12.995,23600,12.925,13.205,12.555,12.995,1.0,13.205,12.555,0
2011-03-09,TUPY3,TUPY3,13.5,13.5,12.95,12.95,12.95,3800,13.5,13.5,12.95,12.95,1.0,13.5,12.95,0
2011-03-15,TUPY3,TUPY3,12.95,13.895,12.95,13.5,13.5,32600,12.95,13.895,12.95,13.5,1.0,13.895,12.95,0
2011-03-21,TUPY3,TUPY3,13.5,14.025,12.8,13.4,13.4,15200,13.5,14.025,12.8,13.4,1.0,14.025,12.8,0
2011-03-28,TUPY3,TUPY3,13.4,13.5,12.65,13.0,13.0,133800,13.4,13.5,12.65,13.0,1.0,13.5,12.65,0
2011-04-04,TUPY3,TUPY3,13.0,13.245,12.35,13.095,13.095,55400,13.0,13.245,12.35,13.095,1.0,13.245,12.35,0
2011-04-11,TUPY3,TUPY3,12.85,13.245,12.75,13.195,13.195,101800,12.85,13.245,12.75,13.195,1.0,13.245,12.75,0
2011-04-20,TUPY3,TUPY3,12.85,12.995,12.85,12.995,12.995,400,12.85,12.995,12.85,12.995,1.0,12.995,12.85,0
2011-04-25,TUPY3,TUPY3,13.25,13.25,12.85,13.175,13.175,163200,13.25,13.25,12.85,13.175,1.0,13.25,12.85,0
2011-05-02,TUPY3,TUPY3,13.105,13.5,12.995,13.45,13.45,40800,13.105,13.5,12.995,13.45,1.0,13.5,12.995,0
2011-05-09,TUPY3,TUPY3,13.1,13.45,13.025,13.45,13.45,37600,13.1,13.45,13.025,13.45,1.0,13.45,13.025,0
2011-05-16,TUPY3,TUPY3,13.23,13.45,13.2,13.39,13.39,104600,13.23,13.45,13.2,13.39,1.0,13.45,13.2,0
2011-05-23,TUPY3,TUPY3,13.2,13.495,13.2,13.495,13.495,50400,13.2,13.495,13.2,13.495,1.0,13.495,13.2,0
2011-05-31,TUPY3,TUPY3,13.495,15.0,13.495,14.65,14.65,60000,13.495,15.0,13.495,14.65,1.0,15.0,13.495,0
2011-06-06,TUPY3,TUPY3,14.545,14.94,14.21,14.495,14.495,14200,14.545,14.94,14.21,14.495,1.0,14.94,14.21,0
2011-06-13,TUPY3,TUPY3,14.5,14.745,14.5,14.5,14.5,800,14.5,14.745,14.5,14.5,1.0,14.745,14.5,0
2011-06-20,TUPY3,TUPY3,14.65,14.725,14.0,14.4,14.4,247800,14.65,14.725,14.0,14.4,1.0,14.725,14.0,0
2011-06-27,TUPY3,TUPY3,14.375,14.65,14.25,14.625,14.625,47800,14.375,14.65,14.25,14.625,1.0,14.65,14.25,0
2011-07-04,TUPY3,TUPY3,14.5,14.64,14.2,14.215,14.215,287400,14.5,14.64,14.2,14.215,1.0,14.64,14.2,0
2011-07-11,TUPY3,TUPY3,13.995,14.6,13.4,13.675,13.675,44000,13.995,14.6,13.4,13.675,1.0,14.6,13.4,0
2011-07-18,TUPY3,TUPY3,13.0,13.75,13.0,13.7,13.7,2800,13.0,13.75,13.0,13.7,1.0,13.75,13.0,0
2011-07-25,TUPY3,TUPY3,13.75,13.85,13.3,13.85,13.85,64200,13.75,13.85,13.3,13.85,1.0,13.85,13.3,0
2011-08-02,TUPY3,TUPY3,13.35,14.65,12.5,12.75,12.75,133000,13.35,14.65,12.5,12.75,1.0,14.65,12.5,0
2011-08-08,TUPY3,TUPY3,11.9,14.4,11.8,13.95,13.95,35200,11.9,14.4,11.8,13.95,1.0,14.4,11.8,0
2011-08-15,TUPY3,TUPY3,13.5,14.0,13.5,13.685,13.685,5200,13.5,14.0,13.5,13.685,1.0,14.0,13.5,0
2011-08-23,TUPY3,TUPY3,13.495,13.75,13.495,13.495,13.495,1400,13.495,13.75,13.495,13.495,1.0,13.75,13.495,0
2011-08-29,TUPY3,TUPY3,12.995,13.745,12.995,13.285,13.285,31200,12.995,13.745,12.995,13.285,1.0,13.745,12.995,0
2011-09-05,TUPY3,TUPY3,13.265,13.3,13.0,13.0,13.0,18600,13.265,13.3,13.0,13.0,1.0,13.3,13.0,0
2011-09-12,TUPY3,TUPY3,13.0,13.5,12.95,13.5,13.5,21600,13.0,13.5,12.95,13.5,1.0,13.5,12.95,0
2011-09-22,TUPY3,TUPY3,13.49,13.49,13.49,13.49,13.49,2000,13.49,13.49,13.49,13.49,1.0,13.49,13.49,0
2011-09-27,TUPY3,TUPY3,13.0,13.495,13.0,13.495,13.495,12800,13.0,13.495,13.0,13.495,1.0,13.495,13.0,0
2011-10-03,TUPY3,TUPY3,13.0,13.25,12.25,12.5,12.5,130600,13.0,13.25,12.25,12.5,1.0,13.25,12.25,0
2011-10-10,TUPY3,TUPY3,12.505,13.25,12.5,13.25,13.25,50400,12.505,13.25,12.5,13.25,1.0,13.25,12.5,0
2011-10-17,TUPY3,TUPY3,13.0,13.25,13.0,13.25,13.25,99000,13.0,13.25,13.0,13.25,1.0,13.25,13.0,0
2011-10-24,TUPY3,TUPY3,12.865,13.75,12.865,13.695,13.695,65600,12.865,13.75,12.865,13.695,1.0,13.75,12.865,0
2011-10-31,TUPY3,TUPY3,13.69,13.935,13.495,13.935,13.935,4400,13.69,13.935,13.495,13.935,1.0,13.935,13.495,0
2011-11-08,TUPY3,TUPY3,13.75,13.95,13.505,13.95,13.95,3200,13.75,13.95,13.505,13.95,1.0,13.95,13.505,0
2011-11-16,TUPY3,TUPY3,13.95,13.95,13.25,13.93,13.93,2000,13.95,13.95,13.25,13.93,1.0,13.95,13.25,0
2011-11-21,TUPY3,TUPY3,13.525,13.845,13.255,13.7,13.7,11400,13.525,13.845,13.255,13.7,1.0,13.845,13.255,0
2011-11-29,TUPY3,TUPY3,13.25,13.4,13.0,13.175,13.175,23200,13.25,13.4,13.0,13.175,1.0,13.4,13.0,0
2011-12-05,TUPY3,TUPY3,13.65,13.675,12.745,12.95,12.95,579200,13.65,13.675,12.745,12.95,1.0,13.675,12.745,0
2011-12-12,TUPY3,TUPY3,12.95,13.75,12.925,13.75,13.75,27400,12.95,13.75,12.925,13.75,1.0,13.75,12.925,0
2011-12-19,TUPY3,TUPY3,13.2,13.95,13.2,13.95,13.95,5600,13.2,13.95,13.2,13.95,1.0,13.95,13.2,0
2011-12-27,TUPY3,TUPY3,13.95,13.95,13.75,13.95,13.95,9200,13.95,13.95,13.75,13.95,1.0,13.95,13.75,0
2012-01-03,TUPY3,TUPY3,13.945,13.95,13.065,13.95,13.95,15200,13.945,13.95,13.065,13.95,1.0,13.95,13.065,0
2012-01-09,TUPY3,TUPY3,13.305,13.85,13.25,13.845,13.845,105000,13.305,13.85,13.25,13.845,1.0,13.85,13.25,0
2012-01-17,TUPY3,TUPY3,13.95,14.45,13.255,13.945,13.945,61600,13.95,14.45,13.255,13.945,1.0,14.45,13.255,0
2012-01-23,TUPY3,TUPY3,13.515,13.95,13.515,13.95,13.95,8400,13.515,13.95,13.515,13.95,1.0,13.95,13.515,0
2012-01-31,TUPY3,TUPY3,13.95,14.75,13.55,14.75,14.75,26000,13.95,14.75,13.55,14.75,1.0,14.75,13.55,0
2012-02-06,TUPY3,TUPY3,14.9,15.8,14.9,15.8,15.8,4000,14.9,15.8,14.9,15.8,1.0,15.8,14.9,0
2012-02-13,TUPY3,TUPY3,15.75,15.75,15.495,15.495,15.495,5400,15.75,15.75,15.495,15.495,1.0,15.75,15.495,0
2012-02-27,TUPY3,TUPY3,15.475,15.5,14.995,15.5,15.5,107400,15.475,15.5,14.995,15.5,1.0,15.5,14.995,0
2012-03-05,TUPY3,TUPY3,15.795,15.795,15.25,15.25,15.25,14600,15.795,15.795,15.25,15.25,1.0,15.795,15.25,0
2012-03-12,TUPY3,TUPY3,15.25,15.25,14.8,15.12,15.12,68200,15.25,15.25,14.8,15.12,1.0,15.25,14.8,0
2012-03-19,TUPY3,TUPY3,15.0,15.0,14.5,14.975,14.975,63800,15.0,15.0,14.5,14.975,1.0,15.0,14.5,0
2012-03-26,TUPY3,TUPY3,15.0,15.0,14.5,14.745,14.745,624600,15.0,15.0,14.5,14.745,1.0,15.0,14.5,0
2012-04-02,TUPY3,TUPY3,14.8,15.5,14.75,14.75,14.75,228000,14.8,15.5,14.75,14.75,1.0,15.5,14.75,0
2012-04-09,TUPY3,TUPY3,14.5,15.0,14.5,14.75,14.75,107800,14.5,15.0,14.5,14.75,1.0,15.0,14.5,0
2012-04-16,TUPY3,TUPY3,14.5,15.8,14.25,15.66,15.66,65400,14.5,15.8,14.25,15.66,1.0,15.8,14.25,0
2012-04-23,TUPY3,TUPY3,15.8,16.5,15.6,16.5,16.5,102800,15.8,16.5,15.6,16.5,1.0,16.5,15.6,0
2012-04-30,TUPY3,TUPY3,16.665,18.35,16.665,18.245,18.245,262800,16.665,18.35,16.665,18.245,1.0,18.35,16.665,0
2012-05-07,TUPY3,TUPY3,18.245,18.7,18.0,18.6,18.6,991200,18.245,18.7,18.0,18.6,1.0,18.7,18.0,0
2012-05-14,TUPY3,TUPY3,17.525,18.6,17.525,18.245,18.245,91800,17.525,18.6,17.525,18.245,1.0,18.6,17.525,0
2012-05-21,TUPY3,TUPY3,18.2,20.25,18.0,20.1,20.1,367000,18.2,20.25,18.0,20.1,1.0,20.25,18.0,0
2012-05-28,TUPY3,TUPY3,20.245,20.75,20.08,20.08,20.08,285600,20.245,20.75,20.08,20.08,1.0,20.75,20.08,0
2012-06-04,TUPY3,TUPY3,20.5,20.75,20.02,20.155,20.155,116800,20.5,20.75,20.02,20.155,1.0,20.75,20.02,0
2012-06-11,TUPY3,TUPY3,19.55,20.5,18.5,20.5,20.5,36800,19.55,20.5,18.5,20.5,1.0,20.5,18.5,0
2012-06-18,TUPY3,TUPY3,20.0,20.5,19.25,19.755,19.755,89800,20.0,20.5,19.25,19.755,1.0,20.5,19.25,0
2012-06-25,TUPY3,TUPY3,20.2,21.225,19.5,20.5,20.5,147800,20.2,21.225,19.5,20.5,1.0,21.225,19.5,0
2012-07-02,TUPY3,TUPY3,20.5,21.495,19.95,21.25,21.25,84600,20.5,21.495,19.95,21.25,1.0,21.495,19.95,0
2012-07-10,TUPY3,TUPY3,20.505,21.01,20.505,21.0,21.0,48800,20.505,21.01,20.505,21.0,1.0,21.01,20.505,0
2012-07-16,TUPY3,TUPY3,20.995,22.25,20.995,22.0,22.0,24600,20.995,22.25,20.995,22.0,1.0,22.25,20.995,0
2012-07-23,TUPY3,TUPY3,22.0,24.0,22.0,23.75,23.75,74600,22.0,24.0,22.0,23.75,1.0,24.0,22.0,0
2012-07-30,TUPY3,TUPY3,23.995,24.15,23.75,24.0,24.0,23200,23.995,24.15,23.75,24.0,1.0,24.15,23.75,0
2012-08-07,TUPY3,TUPY3,24.24,24.25,24.0,24.245,24.245,4600,24.24,24.25,24.0,24.245,1.0,24.25,24.0,0
2012-08-13,TUPY3,TUPY3,24.0,24.975,23.5,24.975,24.975,14800,24.0,24.975,23.5,24.975,1.0,24.975,23.5,0
2012-08-20,TUPY3,TUPY3,24.995,25.0,23.755,24.495,24.495,4400,24.995,25.0,23.755,24.495,1.0,25.0,23.755,0
2012-08-27,TUPY3,TUPY3,24.25,24.345,23.25,23.45,23.45,115800,24.25,24.345,23.25,23.45,1.0,24.345,23.25,0
2012-09-03,TUPY3,TUPY3,23.005,23.995,23.0,23.85,23.85,33600,23.005,23.995,23.0,23.85,1.0,23.995,23.0,0
2012-09-12,TUPY3,TUPY3,23.49,23.95,23.42,23.5,23.5,121400,23.49,23.95,23.42,23.5,1.0,23.95,23.42,0
2012-09-18,TUPY3,TUPY3,23.35,23.995,23.005,23.65,23.65,26400,23.35,23.995,23.005,23.65,1.0,23.995,23.005,0
2012-09-24,TUPY3,TUPY3,23.5,23.925,23.0,23.495,23.495,84200,23.5,23.925,23.0,23.495,1.0,23.925,23.0,0
2012-10-01,TUPY3,TUPY3,23.745,23.75,23.3,23.495,23.495,51200,23.745,23.75,23.3,23.495,1.0,23.75,23.3,0
2012-10-08,TUPY3,TUPY3,23.3,24.0,23.25,23.5,23.5,6400,23.3,24.0,23.25,23.5,1.0,24.0,23.25,0
2012-10-15,TUPY3,TUPY3,23.95,24.445,23.2,23.94,23.94,19600,23.95,24.445,23.2,23.94,1.0,24.445,23.2,0
2012-10-22,TUPY3,TUPY3,24.2,24.85,23.575,24.225,24.225,21000,24.2,24.85,23.575,24.225,1.0,24.85,23.575,0
2012-10-29,TUPY3,TUPY3,24.5,24.75,23.505,24.25,24.25,28800,24.5,24.75,23.505,24.25,1.0,24.75,23.505,0
2012-11-05,TUPY3,TUPY3,24.25,24.25,23.145,23.35,23.35,94400,24.25,24.25,23.145,23.35,1.0,24.25,23.145,0
2012-11-12,TUPY3,TUPY3,24.95,25.0,23.5,25.0,25.0,24600,24.95,25.0,23.5,25.0,1.0,25.0,23.5,0
2012-11-19,TUPY3,TUPY3,25.125,25.745,23.75,25.0,25.0,16600,25.125,25.745,23.75,25.0,1.0,25.745,23.75,0
2012-11-26,TUPY3,TUPY3,24.755,25.0,24.505,25.0,25.0,19000,24.755,25.0,24.505,25.0,1.0,25.0,24.505,0
2012-12-04,TUPY3,TUPY3,25.0,25.0,24.705,24.925,24.925,19800,25.0,25.0,24.705,24.925,1.0,25.0,24.705,0
2012-12-10,TUPY3,TUPY3,24.9,24.925,24.25,24.5,24.5,31200,24.9,24.925,24.25,24.5,1.0,24.925,24.25,0
2012-12-17,TUPY3,TUPY3,24.405,24.95,24.245,24.35,24.35,48000,24.405,24.95,24.245,24.35,1.0,24.95,24.245,0
2012-12-26,TUPY3,TUPY3,24.4,25.095,24.4,24.745,24.745,49800,24.4,25.095,24.4,24.745,1.0,25.095,24.4,0
2013-01-02,TUPY3,TUPY3,24.3,25.25,24.0,24.25,24.25,14400,24.3,25.25,24.0,24.25,1.0,25.25,24.0,0
2013-01-08,TUPY3,TUPY3,24.235,24.675,24.12,24.265,24.265,10800,24.235,24.675,24.12,24.265,1.0,24.675,24.12,0
2013-01-14,TUPY3,TUPY3,24.25,24.25,23.055,23.7,23.7,34800,24.25,24.25,23.055,23.7,1.0,24.25,23.055,0
2013-01-21,TUPY3,TUPY3,23.69,24.195,23.26,23.7,23.7,13400,23.69,24.195,23.26,23.7,1.0,24.195,23.26,0
2013-01-28,TUPY3,TUPY3,24.065,25.0,23.0,23.0,23.0,42000,24.065,25.0,23.0,23.0,1.0,25.0,23.0,0
2013-02-04,TUPY3,TUPY3,23.0,24.745,22.75,24.74,24.74,195000,23.0,24.745,22.75,24.74,1.0,24.745,22.75,0
2013-02-13,TUPY3,TUPY3,24.99,26.65,24.53,25.29,25.29,40200,24.99,26.65,24.53,25.29,1.0,26.65,24.53,0
2013-02-18,TUPY3,TUPY3,25.34,25.89,22.5,22.99,22.99,33800,25.34,25.89,22.5,22.99,1.0,25.89,22.5,0
2013-02-25,TUPY3,TUPY3,23.97,24.97,22.5,24.0,24.0,68700,23.97,24.97,22.5,24.0,1.0,24.97,22.5,0
2013-03-04,TUPY3,TUPY3,23.8,24.6,23.79,24.3,24.3,22700,23.8,24.6,23.79,24.3,1.0,24.6,23.79,0
2013-03-11,TUPY3,TUPY3,24.4,25.76,23.67,25.69,25.69,77900,24.4,25.76,23.67,25.69,1.0,25.76,23.67,0
2013-03-18,TUPY3,TUPY3,25.8,25.92,24.33,24.7,24.7,37200,25.8,25.92,24.33,24.7,1.0,25.92,24.33,0
2013-03-25,TUPY3,TUPY3,24.3,24.3,23.6,23.98,23.98,36700,24.3,24.3,23.6,23.98,1.0,24.3,23.6,0
2013-04-01,TUPY3,TUPY3,24.09,24.09,22.43,22.45,22.45,29400,24.09,24.09,22.43,22.45,1.0,24.09,22.43,0
2013-04-08,TUPY3,TUPY3,22.15,22.3,21.5,22.01,22.01,28800,22.15,22.3,21.5,22.01,1.0,22.3,21.5,0
2013-04-15,TUPY3,TUPY3,22.0,22.3,21.66,22.1,22.1,18900,22.0,22.3,21.66,22.1,1.0,22.3,21.66,0
2013-04-22,TUPY3,TUPY3,21.5,22.48,21.5,21.8,21.8,26800,21.5,22.48,21.5,21.8,1.0,22.48,21.5,0
2013-04-29,TUPY3,TUPY3,22.3,22.3,21.51,21.8,21.8,7200,22.3,22.3,21.51,21.8,1.0,22.3,21.51,0
2013-05-06,TUPY3,TUPY3,22.1,22.1,21.03,21.2,21.2,6900,22.1,22.1,21.03,21.2,1.0,22.1,21.03,0
2013-05-13,TUPY3,TUPY3,20.8,21.1,19.03,20.2,20.2,87800,20.8,21.1,19.03,20.2,1.0,21.1,19.03,0
2013-05-20,TUPY3,TUPY3,20.03,20.03,18.9,19.4,19.4,62400,20.03,20.03,18.9,19.4,1.0,20.03,18.9,0
2013-05-27,TUPY3,TUPY3,19.9,20.2,19.35,19.5,19.5,10700,19.9,20.2,19.35,19.5,1.0,20.2,19.35,0
2013-06-03,TUPY3,TUPY3,19.02,19.4,18.5,19.09,19.09,53200,19.02,19.4,18.5,19.09,1.0,19.4,18.5,0
2013-06-10,TUPY3,TUPY3,19.49,19.99,18.51,19.99,19.99,44900,19.49,19.99,18.51,19.99,1.0,19.99,18.51,0
2013-06-17,TUPY3,TUPY3,19.83,20.99,19.5,20.99,20.99,30900,19.83,20.99,19.5,20.99,1.0,20.99,19.5,0
2013-06-24,TUPY3,TUPY3,20.76,21.0,19.4,21.0,21.0,89600,20.76,21.0,19.4,21.0,1.0,21.0,19.4,0
2013-07-01,TUPY3,TUPY3,20.78,20.8,17.5,17.63,17.63,57500,20.78,20.8,17.5,17.63,1.0,20.8,17.5,0
2013-07-08,TUPY3,TUPY3,17.76,17.76,16.1,16.5,16.5,5800,17.76,17.76,16.1,16.5,1.0,17.76,16.1,0
2013-07-15,TUPY3,TUPY3,17.0,20.0,16.21,19.2,19.2,11000,17.0,20.0,16.21,19.2,1.0,20.0,16.21,0
2013-07-22,TUPY3,TUPY3,19.4,20.89,19.1,20.21,20.21,39400,19.4,20.89,19.1,20.21,1.0,20.89,19.1,0
2013-07-29,TUPY3,TUPY3,20.21,20.69,18.0,19.3,19.3,6945000,20.21,20.69,18.0,19.3,1.0,20.69,18.0,0
2013-08-05,TUPY3,TUPY3,19.51,19.89,19.31,19.85,19.85,39900,19.51,19.89,19.31,19.85,1.0,19.89,19.31,0
2013-08-12,TUPY3,TUPY3,19.9,19.9,19.5,19.7,19.7,55100,19.9,19.9,19.5,19.7,1.0,19.9,19.5,0
2013-08-19,TUPY3,TUPY3,19.5,19.66,19.13,19.35,19.35,42800,19.5,19.66,19.13,19.35,1.0,19.66,19.13,0
2013-08-26,TUPY3,TUPY3,19.5,19.6,19.21,19.45,19.45,90300,19.5,19.6,19.21,19.45,1.0,19.6,19.21,0
2013-09-02,TUPY3,TUPY3,19.4,19.93,19.2,19.31,19.31,89100,19.4,19.93,19.2,19.31,1.0,19.93,19.2,0
2013-09-09,TUPY3,TUPY3,19.38,19.38,19.0,19.3,19.3,54900,19.38,19.38,19.0,19.3,1.0,19.38,19.0,0
2013-09-16,TUPY3,TUPY3,19.2,19.39,18.74,19.1,19.1,172500,19.2,19.39,18.74,19.1,1.0,19.39,18.74,0
2013-09-23,TUPY3,TUPY3,19.19,19.2,18.5,18.99,18.99,123400,19.19,19.2,18.5,18.99,1.0,19.2,18.5,0
2013-09-30,TUPY3,TUPY3,19.14,19.19,18.8,19.09,19.09,30700,19.14,19.19,18.8,19.09,1.0,19.19,18.8,0
2013-10-07,TUPY3,TUPY3,19.1,19.1,18.86,19.0,19.0,33700,19.1,19.1,18.86,19.0,1.0,19.1,18.86,0
2013-10-14,TUPY3,TUPY3,18.95,19.1,17.8,18.03,18.03,1168400,18.95,19.1,17.8,18.03,1.0,19.1,17.8,0
2013-10-21,TUPY3,TUPY3,18.19,18.88,18.15,18.5,18.5,1003000,18.19,18.88,18.15,18.5,1.0,18.88,18.15,0
2013-10-28,TUPY3,TUPY3,18.4,19.48,18.4,18.9,18.9,2064300,18.4,19.48,18.4,18.9,1.0,19.48,18.4,0
2013-11-04,TUPY3,TUPY3,18.99,19.1,17.66,18.05,18.05,1590900,18.99,19.1,17.66,18.05,1.0,19.1,17.66,0
2013-11-11,TUPY3,TUPY3,18.18,18.6,18.0,18.6,18.6,960000,18.18,18.6,18.0,18.6,1.0,18.6,18.0,0
2013-11-18,TUPY3,TUPY3,18.8,19.0,18.5,19.0,19.0,1425300,18.8,19.0,18.5,19.0,1.0,19.0,18.5,0
2013-11-25,TUPY3,TUPY3,18.92,22.3,18.86,21.25,21.25,2366900,18.92,22.3,18.86,21.25,1.0,22.3,18.86,0
2013-12-02,TUPY3,TUPY3,21.25,21.7,20.59,21.0,21.0,1111600,21.25,21.7,20.59,21.0,1.0,21.7,20.59,0
2013-12-09,TUPY3,TUPY3,21.04,21.34,20.61,20.61,20.61,991300,21.04,21.34,20.61,20.61,1.0,21.34,20.61,0
2013-12-16,TUPY3,TUPY3,20.7,21.29,20.36,20.84,20.84,1225600,20.7,21.29,20.36,20.84,1.0,21.29,20.36,0
2013-12-23,TUPY3,TUPY3,20.86,21.06,20.37,20.45,20.45,264700,20.86,21.06,20.37,20.45,1.0,21.06,20.37,0
2013-12-30,TUPY3,TUPY3,20.55,21.39,20.5,20.89,20.89,529500,20.55,21.39,20.5,20.89,1.0,21.39,20.5,0
2014-01-06,TUPY3,TUPY3,20.97,20.97,19.32,20.01,20.01,383900,20.97,20.97,19.32,20.01,1.0,20.97,19.32,0
2014-01-13,TUPY3,TUPY3,19.99,20.34,19.45,19.74,19.74,238300,19.99,20.34,19.45,19.74,1.0,20.34,19.45,0
2014-01-20,TUPY3,TUPY3,19.74,20.02,19.35,19.39,19.39,452200,19.74,20.02,19.35,19.39,1.0,20.02,19.35,0
2014-01-27,TUPY3,TUPY3,19.5,20.14,18.4,19.81,19.81,440900,19.5,20.14,18.4,19.81,1.0,20.14,18.4,0
2014-02-03,TUPY3,TUPY3,19.82,19.95,18.73,19.2,19.2,904900,19.82,19.95,18.73,19.2,1.0,19.95,18.73,0
2014-02-10,TUPY3,TUPY3,19.17,19.17,18.19,18.4,18.4,833100,19.17,19.17,18.19,18.4,1.0,19.17,18.19,0
2014-02-17,TUPY3,TUPY3,18.28,18.44,17.06,17.06,17.06,1158700,18.28,18.44,17.06,17.06,1.0,18.44,17.06,0
2014-02-24,TUPY3,TUPY3,17.02,18.53,16.84,18.49,18.49,1240000,17.02,18.53,16.84,18.49,1.0,18.53,16.84,0
2014-03-05,TUPY3,TUPY3,18.86,19.24,17.69,17.77,17.77,918500,18.86,19.24,17.69,17.77,1.0,19.24,17.69,0
2014-03-10,TUPY3,TUPY3,17.59,17.59,16.65,17.13,17.13,536600,17.59,17.59,16.65,17.13,1.0,17.59,16.65,0
2014-03-17,TUPY3,TUPY3,16.81,17.27,16.73,17.06,17.06,666000,16.81,17.27,16.73,17.06,1.0,17.27,16.73,0
2014-03-24,TUPY3,TUPY3,17.04,18.28,16.8,18.28,18.28,1031300,17.04,18.28,16.8,18.28,1.0,18.28,16.8,0
2014-03-31,TUPY3,TUPY3,18.19,18.41,17.68,18.24,18.24,434500,18.19,18.41,17.68,18.24,1.0,18.41,17.68,0
2014-04-07,TUPY3,TUPY3,18.24,18.6,17.61,18.19,18.19,1299700,18.24,18.6,17.61,18.19,1.0,18.6,17.61,0
2014-04-14,TUPY3,TUPY3,17.88,18.11,17.1,17.95,17.95,415100,17.88,18.11,17.1,17.95,1.0,18.11,17.1,0
2014-04-22,TUPY3,TUPY3,17.94,18.0,17.6,17.88,17.88,1484200,17.94,18.0,17.6,17.88,1.0,18.0,17.6,0
2014-04-28,TUPY3,TUPY3,17.9,18.2,17.7,17.86,17.86,587300,17.9,18.2,17.7,17.86,1.0,18.2,17.7,0
2014-05-05,TUPY3,TUPY3,17.86,18.96,17.42,18.74,18.74,1177200,17.86,18.96,17.42,18.74,1.0,18.96,17.42,0
2014-05-12,TUPY3,TUPY3,18.85,19.48,18.58,18.9,18.9,867500,18.85,19.48,18.58,18.9,1.0,19.48,18.58,0
2014-05-19,TUPY3,TUPY3,18.97,19.13,18.75,19.04,19.04,408600,18.97,19.13,18.75,19.04,1.0,19.13,18.75,0
2014-05-26,TUPY3,TUPY3,19.19,19.35,18.43,19.08,19.08,436700,19.19,19.35,18.43,19.08,1.0,19.35,18.43,0
2014-06-02,TUPY3,TUPY3,19.09,19.26,18.63,19.0,19.0,422300,19.09,19.26,18.63,19.0,1.0,19.26,18.63,0
2014-06-09,TUPY3,TUPY3,18.99,19.1,18.72,18.86,18.86,718700,18.99,19.1,18.72,18.86,1.0,19.1,18.72,0
2014-06-16,TUPY3,TUPY3,18.87,20.19,18.87,19.89,19.89,1254000,18.87,20.19,18.87,19.89,1.0,20.19,18.87,0
2014-06-23,TUPY3,TUPY3,19.91,19.91,19.13,19.3,19.3,593100,19.91,19.91,19.13,19.3,1.0,19.91,19.13,0
2014-06-30,TUPY3,TUPY3,19.31,19.39,18.81,19.03,19.03,359500,19.31,19.39,18.81,19.03,1.0,19.39,18.81,0
2014-07-07,TUPY3,TUPY3,19.04,19.24,18.8,18.95,18.95,721900,19.04,19.24,18.8,18.95,1.0,19.24,18.8,0
2014-07-14,TUPY3,TUPY3,19.03,19.39,18.13,18.22,18.22,671000,19.03,19.39,18.13,18.22,1.0,19.39,18.13,0
2014-07-21,TUPY3,TUPY3,18.22,18.85,18.05,18.25,18.25,430800,18.22,18.85,18.05,18.25,1.0,18.85,18.05,0
2014-07-28,TUPY3,TUPY3,18.32,18.5,17.5,17.6,17.6,489300,18.32,18.5,17.5,17.6,1.0,18.5,17.5,0
2014-08-04,TUPY3,TUPY3,17.6,17.91,17.15,17.83,17.83,694200,17.6,17.91,17.15,17.83,1.0,17.91,17.15,0
2014-08-11,TUPY3,TUPY3,17.85,18.25,17.2,17.63,17.63,1325100,17.85,18.25,17.2,17.63,1.0,18.25,17.2,0
2014-08-18,TUPY3,TUPY3,17.63,18.44,17.24,18.05,18.05,930300,17.63,18.44,17.24,18.05,1.0,18.44,17.24,0
2014-08-25,TUPY3,TUPY3,18.26,19.29,17.68,19.29,19.29,1234000,18.26,19.29,17.68,19.29,1.0,19.29,17.68,0
2014-09-01,TUPY3,TUPY3,19.26,19.66,18.95,19.36,19.36,584400,19.26,19.66,18.95,19.36,1.0,19.66,18.95,0
2014-09-08,TUPY3,TUPY3,19.41,19.5,18.38,18.62,18.62,354700,19.41,19.5,18.38,18.62,1.0,19.5,18.38,0
2014-09-15,TUPY3,TUPY3,18.69,19.96,18.36,19.83,19.83,829200,18.69,19.96,18.36,19.83,1.0,19.96,18.36,0
2014-09-22,TUPY3,TUPY3,19.83,19.83,18.72,18.84,18.84,721500,19.83,19.83,18.72,18.84,1.0,19.83,18.72,0
2014-09-29,TUPY3,TUPY3,18.8,19.13,18.01,18.06,18.06,822900,18.8,19.13,18.01,18.06,1.0,19.13,18.01,0
2014-10-06,TUPY3,TUPY3,18.43,19.07,17.81,17.81,17.81,1092500,18.43,19.07,17.81,17.81,1.0,19.07,17.81,0
2014-10-13,TUPY3,TUPY3,17.94,18.7,17.75,18.5,18.5,598900,17.94,18.7,17.75,18.5,1.0,18.7,17.75,0
2014-10-20,TUPY3,TUPY3,18.5,18.78,16.8,17.25,17.25,734100,18.5,18.78,16.8,17.25,1.0,18.78,16.8,0
2014-10-27,TUPY3,TUPY3,16.65,18.0,16.65,17.6,17.6,656100,16.65,18.0,16.65,17.6,1.0,18.0,16.65,0
2014-11-03,TUPY3,TUPY3,17.61,18.6,17.41,18.6,18.6,484900,17.61,18.6,17.41,18.6,1.0,18.6,17.41,0
2014-11-10,TUPY3,TUPY3,18.61,19.39,17.78,18.06,18.06,604800,18.61,19.39,17.78,18.06,1.0,19.39,17.78,0
2014-11-17,TUPY3,TUPY3,18.04,18.36,17.46,18.2,18.2,240000,18.04,18.36,17.46,18.2,1.0,18.36,17.46,0
2014-11-24,TUPY3,TUPY3,18.21,18.65,17.43,18.0,18.0,1074600,18.21,18.65,17.43,18.0,1.0,18.65,17.43,0
2014-12-01,TUPY3,TUPY3,18.0,18.0,17.21,17.6,17.6,1047500,18.0,18.0,17.21,17.6,1.0,18.0,17.21,0
2014-12-08,TUPY3,TUPY3,17.54,17.99,16.15,16.76,16.76,583900,17.54,17.99,16.15,16.76,1.0,17.99,16.15,0
2014-12-15,TUPY3,TUPY3,16.8,17.05,16.02,17.0,17.0,923600,16.8,17.05,16.02,17.0,1.0,17.05,16.02,0
2014-12-22,TUPY3,TUPY3,16.98,17.19,16.5,17.0,17.0,153800,16.98,17.19,16.5,17.0,1.0,17.19,16.5,0
2014-12-29,TUPY3,TUPY3,17.2,18.28,16.5,16.5,16.5,369300,17.2,18.28,16.5,16.5,1.0,18.28,16.5,0
2015-01-05,TUPY3,TUPY3,16.5,16.8,15.63,15.88,15.88,452000,16.5,16.8,15.63,15.88,1.0,16.8,15.63,0
2015-01-12,TUPY3,TUPY3,15.9,16.63,15.5,15.75,15.75,3140800,15.9,16.63,15.5,15.75,1.0,16.63,15.5,0
2015-01-19,TUPY3,TUPY3,15.75,15.9,15.11,15.6,15.6,707200,15.75,15.9,15.11,15.6,1.0,15.9,15.11,0
2015-01-26,TUPY3,TUPY3,15.6,15.68,14.41,14.5,14.5,999600,15.6,15.68,14.41,14.5,1.0,15.68,14.41,0
2015-02-02,TUPY3,TUPY3,14.4,15.4,14.06,14.45,14.45,1003900,14.4,15.4,14.06,14.45,1.0,15.4,14.06,0
2015-02-09,TUPY3,TUPY3,14.42,15.19,14.16,14.7,14.7,1088800,14.42,15.19,14.16,14.7,1.0,15.19,14.16,0
2015-02-18,TUPY3,TUPY3,14.75,15.45,14.4,15.2,15.2,335900,14.75,15.45,14.4,15.2,1.0,15.45,14.4,0
2015-02-23,TUPY3,TUPY3,14.91,16.06,14.91,15.6,15.6,776500,14.91,16.06,14.91,15.6,1.0,16.06,14.91,0
2015-03-02,TUPY3,TUPY3,15.6,15.69,14.51,14.75,14.75,883700,15.6,15.69,14.51,14.75,1.0,15.69,14.51,0
2015-03-09,TUPY3,TUPY3,14.72,16.91,14.52,16.91,16.91,759800,14.72,16.91,14.52,16.91,1.0,16.91,14.52,0
2015-03-16,TUPY3,TUPY3,17.13,17.61,16.55,17.61,17.61,876700,17.13,17.61,16.55,17.61,1.0,17.61,16.55,0
2015-03-23,TUPY3,TUPY3,17.39,17.49,16.51,16.9,16.9,1261900,17.39,17.49,16.51,16.9,1.0,17.49,16.51,0
2015-03-30,TUPY3,TUPY3,16.9,17.0,16.15,16.6,16.6,1247600,16.9,17.0,16.15,16.6,1.0,17.0,16.15,0
2015-04-06,TUPY3,TUPY3,16.93,17.05,16.5,16.65,16.65,323000,16.93,17.05,16.5,16.65,1.0,17.05,16.5,0
2015-04-13,TUPY3,TUPY3,16.66,17.09,16.4,16.9,16.9,660900,16.66,17.09,16.4,16.9,1.0,17.09,16.4,0
2015-04-20,TUPY3,TUPY3,16.82,17.67,16.8,17.45,17.45,828300,16.82,17.67,16.8,17.45,1.0,17.67,16.8,0
2015-04-27,TUPY3,TUPY3,17.45,17.59,16.75,17.1,17.1,435700,17.45,17.59,16.75,17.1,1.0,17.59,16.75,0
2015-05-04,TUPY3,TUPY3,16.76,18.11,16.76,17.6,17.6,254600,16.76,18.11,16.76,17.6,1.0,18.11,16.76,0
2015-05-11,TUPY3,TUPY3,17.77,17.89,17.0,17.86,17.86,248900,17.77,17.89,17.0,17.86,1.0,17.89,17.0,0
2015-05-18,TUPY3,TUPY3,18.0,18.0,17.2,17.58,17.58,63700,18.0,18.0,17.2,17.58,1.0,18.0,17.2,0
2015-05-25,TUPY3,TUPY3,17.45,17.54,16.42,17.33,17.33,670700,17.45,17.54,16.42,17.33,1.0,17.54,16.42,0
2015-06-01,TUPY3,TUPY3,17.15,17.33,16.02,16.95,16.95,448800,17.15,17.33,16.02,16.95,1.0,17.33,16.02,0
2015-06-08,TUPY3,TUPY3,16.96,17.45,15.71,16.0,16.0,914600,16.96,17.45,15.71,16.0,1.0,17.45,15.71,0
2015-06-15,TUPY3,TUPY3,16.0,17.28,15.98,16.79,16.79,721900,16.0,17.28,15.98,16.79,1.0,17.28,15.98,0
2015-06-22,TUPY3,TUPY3,16.95,17.5,15.93,16.1,16.1,1618500,16.95,17.5,15.93,16.1,1.0,17.5,15.93,0
2015-06-29,TUPY3,TUPY3,16.0,16.8,15.9,16.8,16.8,1370200,16.0,16.8,15.9,16.8,1.0,16.8,15.9,0
2015-07-06,TUPY3,TUPY3,16.8,17.03,16.09,16.98,16.98,605800,16.8,17.03,16.09,16.98,1.0,17.03,16.09,0
2015-07-13,TUPY3,TUPY3,16.99,17.28,16.76,17.05,17.05,700800,16.99,17.28,16.76,17.05,1.0,17.28,16.76,0
2015-07-20,TUPY3,TUPY3,17.01,17.89,16.85,17.89,17.89,334000,17.01,17.89,16.85,17.89,1.0,17.89,16.85,0
2015-07-27,TUPY3,TUPY3,17.4,17.94,17.08,17.8,17.8,343100,17.4,17.94,17.08,17.8,1.0,17.94,17.08,0
2015-08-03,TUPY3,TUPY3,17.81,18.05,17.3,17.86,17.86,640000,17.81,18.05,17.3,17.86,1.0,18.05,17.3,0
2015-08-10,TUPY3,TUPY3,18.02,18.47,17.01,17.09,17.09,1023800,18.02,18.47,17.01,17.09,1.0,18.47,17.01,0
2015-08-17,TUPY3,TUPY3,17.16,17.59,15.85,16.28,16.28,403600,17.16,17.59,15.85,16.28,1.0,17.59,15.85,0
2015-08-24,TUPY3,TUPY3,16.08,16.96,15.5,16.35,16.35,910700,16.08,16.96,15.5,16.35,1.0,16.96,15.5,0
2015-08-31,TUPY3,TUPY3,16.79,18.3,15.91,17.9,17.9,1960600,16.79,18.3,15.91,17.9,1.0,18.3,15.91,0
2015-09-08,TUPY3,TUPY3,18.08,18.25,17.29,17.34,17.34,670700,18.08,18.25,17.29,17.34,1.0,18.25,17.29,0
2015-09-14,TUPY3,TUPY3,17.52,18.5,16.83,17.1,17.1,1710000,17.52,18.5,16.83,17.1,1.0,18.5,16.83,0
2015-09-21,TUPY3,TUPY3,17.5,18.18,17.0,18.15,18.15,4762100,17.5,18.18,17.0,18.15,1.0,18.18,17.0,0
2015-09-28,TUPY3,TUPY3,17.9,20.05,17.58,20.0,20.0,2209800,17.9,20.05,17.58,20.0,1.0,20.05,17.58,0
2015-10-05,TUPY3,TUPY3,20.08,20.4,19.21,20.34,20.34,2126500,20.08,20.4,19.21,20.34,1.0,20.4,19.21,0
2015-10-13,TUPY3,TUPY3,20.48,20.69,19.53,20.69,20.69,1966500,20.48,20.69,19.53,20.69,1.0,20.69,19.53,0
2015-10-19,TUPY3,TUPY3,20.76,20.76,19.72,20.0,20.0,1918100,20.76,20.76,19.72,20.0,1.0,20.76,19.72,0
2015-10-26,TUPY3,TUPY3,20.02,21.1,19.14,21.1,21.1,978600,20.02,21.1,19.14,21.1,1.0,21.1,19.14,0
2015-11-03,TUPY3,TUPY3,21.01,21.46,20.32,21.0,21.0,750300,21.01,21.46,20.32,21.0,1.0,21.46,20.32,0
2015-11-09,TUPY3,TUPY3,20.99,21.64,20.27,21.02,21.02,1350300,20.99,21.64,20.27,21.02,1.0,21.64,20.27,0
2015-11-16,TUPY3,TUPY3,21.02,21.29,19.46,20.6,20.6,950200,21.02,21.29,19.46,20.6,1.0,21.29,19.46,0
2015-11-23,TUPY3,TUPY3,20.16,20.5,19.1,19.9,19.9,1466400,20.16,20.5,19.1,19.9,1.0,20.5,19.1,0
2015-11-30,TUPY3,TUPY3,19.91,20.3,19.47,19.5,19.5,1409100,19.91,20.3,19.47,19.5,1.0,20.3,19.47,0
2015-12-07,TUPY3,TUPY3,19.56,19.99,19.23,19.5,19.5,1780600,19.56,19.99,19.23,19.5,1.0,19.99,19.23,0
2015-12-14,TUPY3,TUPY3,19.68,19.9,18.71,19.2,19.2,1057400,19.68,19.9,18.71,19.2,1.0,19.9,18.71,0
2015-12-21,TUPY3,TUPY3,19.39,19.83,19.15,19.35,19.35,582800,19.39,19.83,19.15,19.35,1.0,19.83,19.15,0
2015-12-28,TUPY3,TUPY3,19.43,19.44,18.0,18.7,18.7,556600,19.43,19.44,18.0,18.7,1.0,19.44,18.0,0
2016-01-04,TUPY3,TUPY3,18.64,19.59,17.7,18.4,18.4,1260900,18.64,19.59,17.7,18.4,1.0,19.59,17.7,0
2016-01-11,TUPY3,TUPY3,18.3,18.79,16.55,17.65,17.65,965800,18.3,18.79,16.55,17.65,1.0,18.79,16.55,0
2016-01-18,TUPY3,TUPY3,18.0,18.0,16.94,17.75,17.75,1027700,18.0,18.0,16.94,17.75,1.0,18.0,16.94,0
2016-01-26,TUPY3,TUPY3,17.79,17.89,16.7,17.76,17.76,617500,17.79,17.89,16.7,17.76,1.0,17.89,16.7,0
2016-02-01,TUPY3,TUPY3,17.77,18.55,17.44,18.42,18.42,2868600,17.77,18.55,17.44,18.42,1.0,18.55,17.44,0
2016-02-10,TUPY3,TUPY3,18.49,18.49,16.77,17.22,17.22,506300,18.49,18.49,16.77,17.22,1.0,18.49,16.77,0
2016-02-15,TUPY3,TUPY3,17.22,17.66,16.53,16.78,16.78,1019700,17.22,17.66,16.53,16.78,1.0,17.66,16.53,0
2016-02-22,TUPY3,TUPY3,16.89,17.2,15.53,17.2,17.2,1964300,16.89,17.2,15.53,17.2,1.0,17.2,15.53,0
2016-02-29,TUPY3,TUPY3,17.45,18.02,15.43,16.35,16.35,1608600,17.45,18.02,15.43,16.35,1.0,18.02,15.43,0
2016-03-07,TUPY3,TUPY3,16.35,17.33,15.98,16.7,16.7,1191000,16.35,17.33,15.98,16.7,1.0,17.33,15.98,0
2016-03-14,TUPY3,TUPY3,16.7,17.02,16.11,17.02,17.02,978000,16.7,17.02,16.11,17.02,1.0,17.02,16.11,0
2016-03-21,TUPY3,TUPY3,17.19,17.19,16.33,16.55,16.55,843900,17.19,17.19,16.33,16.55,1.0,17.19,16.33,0
2016-03-28,TUPY3,TUPY3,16.69,17.4,16.0,16.0,16.0,1831100,16.69,17.4,16.0,16.0,1.0,17.4,16.0,0
2016-04-04,TUPY3,TUPY3,15.98,16.72,15.71,16.25,16.25,801100,15.98,16.72,15.71,16.25,1.0,16.72,15.71,0
2016-04-11,TUPY3,TUPY3,16.38,16.49,15.12,15.3,15.3,1735300,16.38,16.49,15.12,15.3,1.0,16.49,15.12,0
2016-04-18,TUPY3,TUPY3,15.43,15.43,14.62,14.71,14.71,984800,15.43,15.43,14.62,14.71,1.0,15.43,14.62,0
2016-04-25,TUPY3,TUPY3,14.71,15.1,13.65,13.65,13.65,1357500,14.71,15.1,13.65,13.65,1.0,15.1,13.65,0
2016-05-02,TUPY3,TUPY3,13.91,14.85,13.61,14.39,14.39,3970500,13.91,14.85,13.61,14.39,1.0,14.85,13.61,0
2016-05-09,TUPY3,TUPY3,14.51,15.59,14.22,14.31,14.31,2669800,14.51,15.59,14.22,14.31,1.0,15.59,14.22,0
2016-05-16,TUPY3,TUPY3,14.47,14.6,12.97,13.59,13.59,2142500,14.47,14.6,12.97,13.59,1.0,14.6,12.97,0
2016-05-23,TUPY3,TUPY3,13.74,13.74,13.05,13.3,13.3,1212700,13.74,13.74,13.05,13.3,1.0,13.74,13.05,0
2016-05-30,TUPY3,TUPY3,13.31,13.53,12.77,12.8,12.8,2651600,13.31,13.53,12.77,12.8,1.0,13.53,12.77,0
2016-06-06,TUPY3,TUPY3,12.95,13.29,12.35,12.65,12.65,1736200,12.95,13.29,12.35,12.65,1.0,13.29,12.35,0
2016-06-13,TUPY3,TUPY3,12.65,12.71,11.99,12.26,12.26,1869900,12.65,12.71,11.99,12.26,1.0,12.71,11.99,0
2016-06-20,TUPY3,TUPY3,12.54,13.1,12.23,12.6,12.6,1248300,12.54,13.1,12.23,12.6,1.0,13.1,12.23,0
2016-06-27,TUPY3,TUPY3,12.56,12.56,11.56,11.83,11.83,1574600,12.56,12.56,11.56,11.83,1.0,12.56,11.56,0
2016-07-04,TUPY3,TUPY3,11.82,12.19,11.55,11.89,11.89,1944800,11.82,12.19,11.55,11.89,1.0,12.19,11.55,0
2016-07-11,TUPY3,TUPY3,12.0,12.0,11.57,11.89,11.89,2091600,12.0,12.0,11.57,11.89,1.0,12.0,11.57,0
2016-07-18,TUPY3,TUPY3,11.9,14.37,11.8,14.34,14.34,7788800,11.9,14.37,11.8,14.34,1.0,14.37,11.8,0
2016-07-25,TUPY3,TUPY3,14.44,15.06,13.9,14.7,14.7,2991100,14.44,15.06,13.9,14.7,1.0,15.06,13.9,0
2016-08-01,TUPY3,TUPY3,14.7,15.49,14.03,14.81,14.81,3977900,14.7,15.49,14.03,14.81,1.0,15.49,14.03,0
2016-08-08,TUPY3,TUPY3,14.82,14.99,13.81,14.17,14.17,2100100,14.82,14.99,13.81,14.17,1.0,14.99,13.81,0
2016-08-15,TUPY3,TUPY3,14.21,14.46,13.5,13.82,13.82,1684400,14.21,14.46,13.5,13.82,1.0,14.46,13.5,0
2016-08-22,TUPY3,TUPY3,13.89,14.05,13.45,13.74,13.74,1942300,13.89,14.05,13.45,13.74,1.0,14.05,13.45,0
2016-08-29,TUPY3,TUPY3,13.75,14.18,13.51,13.79,13.79,1408300,13.75,14.18,13.51,13.79,1.0,14.18,13.51,0
2016-09-05,TUPY3,TUPY3,13.95,14.37,13.55,13.78,13.78,2751900,13.95,14.37,13.55,13.78,1.0,14.37,13.55,0
2016-09-12,TUPY3,TUPY3,13.79,14.68,13.11,14.53,14.53,2815000,13.79,14.68,13.11,14.53,1.0,14.68,13.11,0
2016-09-19,TUPY3,TUPY3,14.7,14.93,14.43,14.83,14.83,1918000,14.7,14.93,14.43,14.83,1.0,14.93,14.43,0
2016-09-26,TUPY3,TUPY3,14.82,14.82,13.81,13.93,13.93,1783200,14.82,14.82,13.81,13.93,1.0,14.82,13.81,0
2016-10-03,TUPY3,TUPY3,13.97,13.99,13.27,13.5,13.5,1012300,13.97,13.99,13.27,13.5,1.0,13.99,13.27,0
2016-10-10,TUPY3,TUPY3,13.54,13.66,12.9,13.0,13.0,1497300,13.54,13.66,12.9,13.0,1.0,13.66,12.9,0
2016-10-17,TUPY3,TUPY3,13.07,13.38,12.93,13.38,13.38,2573700,13.07,13.38,12.93,13.38,1.0,13.38,12.93,0
2016-10-24,TUPY3,TUPY3,13.38,13.74,13.32,13.6,13.6,1295200,13.38,13.74,13.32,13.6,1.0,13.74,13.32,0
2016-10-31,TUPY3,TUPY3,13.65,13.69,12.76,13.09,13.09,1420700,13.65,13.69,12.76,13.09,1.0,13.69,12.76,0
2016-11-07,TUPY3,TUPY3,13.26,13.4,11.54,11.88,11.88,2661400,13.26,13.4,11.54,11.88,1.0,13.4,11.54,0
2016-11-14,TUPY3,TUPY3,11.99,12.39,11.67,11.82,11.82,2171600,11.99,12.39,11.67,11.82,1.0,12.39,11.67,0
2016-11-21,TUPY3,TUPY3,11.99,12.23,11.6,11.98,11.98,1145300,11.99,12.23,11.6,11.98,1.0,12.23,11.6,0
2016-11-28,TUPY3,TUPY3,11.99,12.05,11.05,11.39,11.39,1223600,11.99,12.05,11.05,11.39,1.0,12.05,11.05,0
2016-12-05,TUPY3,TUPY3,11.5,11.79,11.11,11.45,11.45,2105400,11.5,11.79,11.11,11.45,1.0,11.79,11.11,0
2016-12-12,TUPY3,TUPY3,11.49,12.0,10.76,12.0,12.0,3757100,11.49,12.0,10.76,12.0,1.0,12.0,10.76,0
2016-12-19,TUPY3,TUPY3,11.96,12.2,11.45,12.0,12.0,2224500,11.96,12.2,11.45,12.0,1.0,12.2,11.45,0
2016-12-26,TUPY3,TUPY3,12.1,12.16,11.9,12.01,12.01,908800,12.1,12.16,11.9,12.01,1.0,12.16,11.9,0
2017-01-02,TUPY3,TUPY3,12.01,13.01,11.9,12.86,12.86,2304200,12.01,13.01,11.9,12.86,1.0,13.01,11.9,0
2017-01-09,TUPY3,TUPY3,12.86,13.16,12.42,13.01,13.01,1650000,12.86,13.16,12.42,13.01,1.0,13.16,12.42,0
2017-01-16,TUPY3,TUPY3,13.05,13.31,12.03,12.3,12.3,1927000,13.05,13.31,12.03,12.3,1.0,13.31,12.03,0
2017-01-23,TUPY3,TUPY3,12.3,12.64,11.96,12.1,12.1,2263600,12.3,12.64,11.96,12.1,1.0,12.64,11.96,0
2017-01-30,TUPY3,TUPY3,12.15,12.28,11.74,12.23,12.23,2911900,12.15,12.28,11.74,12.23,1.0,12.28,11.74,0
2017-02-06,TUPY3,TUPY3,12.23,12.6,11.85,12.4,12.4,1203800,12.23,12.6,11.85,12.4,1.0,12.6,11.85,0
2017-02-13,TUPY3,TUPY3,12.5,13.17,12.36,13.17,13.17,1398500,12.5,13.17,12.36,13.17,1.0,13.17,12.36,0
2017-02-20,TUPY3,TUPY3,13.2,13.94,12.7,13.83,13.83,2744600,13.2,13.94,12.7,13.83,1.0,13.94,12.7,0
2017-03-01,TUPY3,TUPY3,13.87,13.97,13.05,13.2,13.2,861400,13.87,13.97,13.05,13.2,1.0,13.97,13.05,0
2017-03-06,TUPY3,TUPY3,13.25,13.95,13.25,13.94,13.94,2253700,13.25,13.95,13.25,13.94,1.0,13.95,13.25,0
2017-03-13,TUPY3,TUPY3,14.0,15.32,13.98,15.24,15.24,3777700,14.0,15.32,13.98,15.24,1.0,15.32,13.98,0
2017-03-20,TUPY3,TUPY3,15.14,15.23,14.16,14.75,14.75,1327300,15.14,15.23,14.16,14.75,1.0,15.23,14.16,0
2017-03-27,TUPY3,TUPY3,14.56,15.34,14.16,14.75,14.75,1906000,14.56,15.34,14.16,14.75,1.0,15.34,14.16,0
2017-04-03,TUPY3,TUPY3,14.7,14.8,14.22,14.35,14.35,1710600,14.7,14.8,14.22,14.35,1.0,14.8,14.22,0
2017-04-10,TUPY3,TUPY3,14.41,15.18,14.16,14.95,14.95,1888100,14.41,15.18,14.16,14.95,1.0,15.18,14.16,0
2017-04-17,TUPY3,TUPY3,15.09,15.09,14.63,15.0,15.0,706600,15.09,15.09,14.63,15.0,1.0,15.09,14.63,0
2017-04-24,TUPY3,TUPY3,15.0,15.75,15.0,15.25,15.25,2336200,15.0,15.75,15.0,15.25,1.0,15.75,15.0,0
2017-05-02,TUPY3,TUPY3,15.29,16.31,15.26,16.31,16.31,3378400,15.29,16.31,15.26,16.31,1.0,16.31,15.26,0
2017-05-08,TUPY3,TUPY3,16.32,17.13,16.06,16.3,16.3,4536400,16.32,17.13,16.06,16.3,1.0,17.13,16.06,0
2017-05-15,TUPY3,TUPY3,16.28,16.79,13.62,16.19,16.19,2054700,16.28,16.79,13.62,16.19,1.0,16.79,13.62,0
2017-05-22,TUPY3,TUPY3,15.9,15.9,15.16,15.29,15.29,2481100,15.9,15.9,15.16,15.29,1.0,15.9,15.16,0
2017-05-29,TUPY3,TUPY3,15.45,15.45,14.15,14.28,14.28,2044600,15.45,15.45,14.15,14.28,1.0,15.45,14.15,0
2017-06-05,TUPY3,TUPY3,14.28,15.55,14.26,14.65,14.65,3630800,14.28,15.55,14.26,14.65,1.0,15.55,14.26,0
2017-06-12,TUPY3,TUPY3,14.86,15.35,14.74,15.34,15.34,1731600,14.86,15.35,14.74,15.34,1.0,15.35,14.74,0
2017-06-19,TUPY3,TUPY3,15.34,15.47,15.06,15.11,15.11,917800,15.34,15.47,15.06,15.11,1.0,15.47,15.06,0
2017-06-26,TUPY3,TUPY3,15.28,16.17,15.09,15.9,15.9,1987300,15.28,16.17,15.09,15.9,1.0,16.17,15.09,0
2017-07-03,TUPY3,TUPY3,15.96,15.96,15.1,15.1,15.1,1490400,15.96,15.96,15.1,15.1,1.0,15.96,15.1,0
2017-07-10,TUPY3,TUPY3,15.1,15.24,14.45,15.0,15.0,2747300,15.1,15.24,14.45,15.0,1.0,15.24,14.45,0
2017-07-17,TUPY3,TUPY3,15.06,15.21,14.55,15.13,15.13,1979900,15.06,15.21,14.55,15.13,1.0,15.21,14.55,0
2017-07-24,TUPY3,TUPY3,15.22,15.35,14.55,14.7,14.7,1212600,15.22,15.35,14.55,14.7,1.0,15.35,14.55,0
2017-07-31,TUPY3,TUPY3,14.77,14.92,14.22,14.51,14.51,1567500,14.77,14.92,14.22,14.51,1.0,14.92,14.22,0
2017-08-07,TUPY3,TUPY3,14.68,15.09,14.67,15.0,15.0,1207900,14.68,15.09,14.67,15.0,1.0,15.09,14.67,0
2017-08-14,TUPY3,TUPY3,14.91,15.96,14.81,15.95,15.95,2867100,14.91,15.96,14.81,15.95,1.0,15.96,14.81,0
2017-08-21,TUPY3,TUPY3,15.71,16.77,15.6,16.7,16.7,2833200,15.71,16.77,15.6,16.7,1.0,16.77,15.6,0
2017-08-28,TUPY3,TUPY3,16.75,17.03,16.22,16.7,16.7,2812700,16.75,17.03,16.22,16.7,1.0,17.03,16.22,0
2017-09-04,TUPY3,TUPY3,16.65,17.99,16.58,17.99,17.99,1550200,16.65,17.99,16.58,17.99,1.0,17.99,16.58,0
2017-09-11,TUPY3,TUPY3,17.98,18.44,17.32,18.33,18.33,4159900,17.98,18.44,17.32,18.33,1.0,18.44,17.32,0
2017-09-18,TUPY3,TUPY3,18.5,18.5,17.33,17.75,17.75,1580300,18.5,18.5,17.33,17.75,1.0,18.5,17.33,0
2017-09-25,TUPY3,TUPY3,17.7,18.1,17.24,17.8,17.8,1414200,17.7,18.1,17.24,17.8,1.0,18.1,17.24,0
2017-10-02,TUPY3,TUPY3,17.72,18.75,17.47,18.05,18.05,2004200,17.72,18.75,17.47,18.05,1.0,18.75,17.47,0
2017-10-09,TUPY3,TUPY3,18.19,18.8,17.87,18.4,18.4,3847700,18.19,18.8,17.87,18.4,1.0,18.8,17.87,0
2017-10-16,TUPY3,TUPY3,18.41,18.61,17.55,17.55,17.55,2305400,18.41,18.61,17.55,17.55,1.0,18.61,17.55,0
2017-10-23,TUPY3,TUPY3,17.6,17.87,17.28,17.4,17.4,2194300,17.6,17.87,17.28,17.4,1.0,17.87,17.28,0
2017-10-30,TUPY3,TUPY3,17.4,17.71,16.74,17.26,17.26,1753700,17.4,17.71,16.74,17.26,1.0,17.71,16.74,0
2017-11-06,TUPY3,TUPY3,17.3,17.38,15.99,15.99,15.99,1612200,17.3,17.38,15.99,15.99,1.0,17.38,15.99,0
2017-11-13,TUPY3,TUPY3,16.0,17.81,15.71,17.79,17.79,2409100,16.0,17.81,15.71,17.79,1.0,17.81,15.71,0
2017-11-21,TUPY3,TUPY3,17.55,18.43,17.5,18.06,18.06,922000,17.55,18.43,17.5,18.06,1.0,18.43,17.5,0
2017-11-27,TUPY3,TUPY3,17.91,18.5,17.26,18.3,18.3,1524100,17.91,18.5,17.26,18.3,1.0,18.5,17.26,0
2017-12-04,TUPY3,TUPY3,18.3,18.88,17.83,18.6,18.6,4463600,18.3,18.88,17.83,18.6,1.0,18.88,17.83,0
2017-12-11,TUPY3,TUPY3,18.6,19.03,18.18,18.56,18.56,2207000,18.6,19.03,18.18,18.56,1.0,19.03,18.18,0
2017-12-18,TUPY3,TUPY3,18.56,19.1,18.04,18.77,18.77,1663500,18.56,19.1,18.04,18.77,1.0,19.1,18.04,0
2017-12-26,TUPY3,TUPY3,18.77,18.92,18.08,18.25,18.25,1339000,18.77,18.92,18.08,18.25,1.0,18.92,18.08,0
2018-01-02,TUPY3,TUPY3,18.33,19.92,18.21,19.58,19.58,1593900,18.33,19.92,18.21,19.58,1.0,19.92,18.21,0
2018-01-08,TUPY3,TUPY3,19.61,19.71,18.6,18.6,18.6,1229100,19.61,19.71,18.6,18.6,1.0,19.71,18.6,0
2018-01-15,TUPY3,TUPY3,18.6,19.16,18.22,18.58,18.58,1149800,18.6,19.16,18.22,18.58,1.0,19.16,18.22,0
2018-01-22,TUPY3,TUPY3,18.55,18.71,17.7,18.71,18.71,1139000,18.55,18.71,17.7,18.71,1.0,18.71,17.7,0
2018-01-29,TUPY3,TUPY3,18.75,18.75,17.01,17.15,17.15,4366300,18.75,18.75,17.01,17.15,1.0,18.75,17.01,0
2018-02-05,TUPY3,TUPY3,17.15,18.13,16.91,17.3,17.3,1677900,17.15,18.13,16.91,17.3,1.0,18.13,16.91,0
2018-02-14,TUPY3,TUPY3,17.66,17.7,17.26,17.35,17.35,911100,17.66,17.7,17.26,17.35,1.0,17.7,17.26,0
2018-02-19,TUPY3,TUPY3,17.35,18.35,17.35,17.81,17.81,2747200,17.35,18.35,17.35,17.81,1.0,18.35,17.35,0
2018-02-26,TUPY3,TUPY3,17.8,18.37,17.33,17.94,17.94,1605700,17.8,18.37,17.33,17.94,1.0,18.37,17.33,0
2018-03-05,TUPY3,TUPY3,17.78,17.98,17.07,17.63,17.63,1452800,17.78,17.98,17.07,17.63,1.0,17.98,17.07,0
2018-03-12,TUPY3,TUPY3,17.64,18.0,17.48,17.75,17.75,1562700,17.64,18.0,17.48,17.75,1.0,18.0,17.48,0
2018-03-19,TUPY3,TUPY3,17.3,17.66,17.03,17.17,17.17,1572800,17.3,17.66,17.03,17.17,1.0,17.66,17.03,0
2018-03-26,TUPY3,TUPY3,17.24,17.42,16.54,16.97,16.97,3892200,17.24,17.42,16.54,16.97,1.0,17.42,16.54,0
2018-04-02,TUPY3,TUPY3,16.98,17.19,16.5,16.78,16.78,763900,16.98,17.19,16.5,16.78,1.0,17.19,16.5,0
2018-04-09,TUPY3,TUPY3,16.96,18.37,16.51,18.1,18.1,1829000,16.96,18.37,16.51,18.1,1.0,18.37,16.51,0
2018-04-16,TUPY3,TUPY3,18.1,18.69,17.9,18.35,18.35,1682200,18.1,18.69,17.9,18.35,1.0,18.69,17.9,0
2018-04-23,TUPY3,TUPY3,18.25,19.5,18.25,19.03,19.03,1844200,18.25,19.5,18.25,19.03,1.0,19.5,18.25,0
2018-04-30,TUPY3,TUPY3,19.03,20.03,18.83,19.44,19.44,1530500,19.03,20.03,18.83,19.44,1.0,20.03,18.83,0
2018-05-07,TUPY3,TUPY3,19.52,20.57,19.33,20.1,20.1,3406900,19.52,20.57,19.33,20.1,1.0,20.57,19.33,0
2018-05-14,TUPY3,TUPY3,20.1,20.33,19.2,19.4,19.4,2305100,20.1,20.33,19.2,19.4,1.0,20.33,19.2,0
2018-05-21,TUPY3,TUPY3,19.24,20.1,18.08,18.1,18.1,3647600,19.24,20.1,18.08,18.1,1.0,20.1,18.08,0
2018-05-28,TUPY3,TUPY3,18.0,18.35,16.83,18.28,18.28,2523700,18.0,18.35,16.83,18.28,1.0,18.35,16.83,0
2018-06-04,TUPY3,TUPY3,18.29,18.63,16.89,17.73,17.73,3543900,18.29,18.63,16.89,17.73,1.0,18.63,16.89,0
2018-06-11,TUPY3,TUPY3,17.89,17.99,16.53,16.98,16.98,2754900,17.89,17.99,16.53,16.98,1.0,17.99,16.53,0
2018-06-18,TUPY3,TUPY3,17.11,17.22,16.43,16.8,16.8,2179200,17.11,17.22,16.43,16.8,1.0,17.22,16.43,0
2018-06-25,TUPY3,TUPY3,16.8,18.16,16.79,17.93,17.93,2464800,16.8,18.16,16.79,17.93,1.0,18.16,16.79,0
2018-07-02,TUPY3,TUPY3,17.89,18.54,17.61,18.32,18.32,972200,17.89,18.54,17.61,18.32,1.0,18.54,17.61,0
2018-07-10,TUPY3,TUPY3,18.5,18.83,17.83,18.45,18.45,1482500,18.5,18.83,17.83,18.45,1.0,18.83,17.83,0
2018-07-16,TUPY3,TUPY3,18.45,19.3,18.1,19.25,19.25,2279700,18.45,19.3,18.1,19.25,1.0,19.3,18.1,0
2018-07-23,TUPY3,TUPY3,19.25,19.7,18.93,19.25,19.25,1096900,19.25,19.7,18.93,19.25,1.0,19.7,18.93,0
2018-07-30,TUPY3,TUPY3,19.25,21.07,18.83,20.68,20.68,3005700,19.25,21.07,18.83,20.68,1.0,21.07,18.83,0
2018-08-06,TUPY3,TUPY3,20.93,22.0,20.68,21.47,21.47,3350800,20.93,22.0,20.68,21.47,1.0,22.0,20.68,0
2018-08-13,TUPY3,TUPY3,21.65,21.86,20.68,21.54,21.54,6797300,21.65,21.86,20.68,21.54,1.0,21.86,20.68,0
2018-08-20,TUPY3,TUPY3,21.5,24.01,21.28,23.04,23.04,10817000,21.5,24.01,21.28,23.04,1.0,24.01,21.28,0
2018-08-27,TUPY3,TUPY3,23.04,24.27,22.36,23.82,23.82,3705500,23.04,24.27,22.36,23.82,1.0,24.27,22.36,0
2018-09-03,TUPY3,TUPY3,23.8,23.93,22.47,22.83,22.83,2188000,23.8,23.93,22.47,22.83,1.0,23.93,22.47,0
2018-09-10,TUPY3,TUPY3,22.85,23.19,21.88,22.87,22.87,3215300,22.85,23.19,21.88,22.87,1.0,23.19,21.88,0
2018-09-17,TUPY3,TUPY3,22.64,22.78,20.26,20.6,20.6,3472600,22.64,22.78,20.26,20.6,1.0,22.78,20.26,0
2018-09-24,TUPY3,TUPY3,20.31,20.34,19.37,20.27,20.27,3606500,20.31,20.34,19.37,20.27,1.0,20.34,19.37,0
2018-10-01,TUPY3,TUPY3,20.58,20.97,19.6,19.6,19.6,3263600,20.58,20.97,19.6,19.6,1.0,20.97,19.6,0
2018-10-08,TUPY3,TUPY3,19.6,19.82,18.43,18.45,18.45,2940600,19.6,19.82,18.43,18.45,1.0,19.82,18.43,0
2018-10-15,TUPY3,TUPY3,18.47,19.6,18.23,18.47,18.47,3277900,18.47,19.6,18.23,18.47,1.0,19.6,18.23,0
2018-10-22,TUPY3,TUPY3,18.51,18.76,17.71,17.99,17.99,1983500,18.51,18.76,17.71,17.99,1.0,18.76,17.71,0
2018-10-29,TUPY3,TUPY3,18.03,18.92,17.0,18.49,18.49,2595000,18.03,18.92,17.0,18.49,1.0,18.92,17.0,0
2018-11-05,TUPY3,TUPY3,18.47,20.62,18.47,20.35,20.35,3474800,18.47,20.62,18.47,20.35,1.0,20.62,18.47,0
2018-11-12,TUPY3,TUPY3,20.45,20.6,19.08,19.99,19.99,2875900,20.45,20.6,19.08,19.99,1.0,20.6,19.08,0
2018-11-19,TUPY3,TUPY3,19.98,20.31,18.8,19.0,19.0,1512700,19.98,20.31,18.8,19.0,1.0,20.31,18.8,0
2018-11-26,TUPY3,TUPY3,19.1,20.03,19.1,19.73,19.73,1546200,19.1,20.03,19.1,19.73,1.0,20.03,19.1,0
2018-12-03,TUPY3,TUPY3,19.99,20.89,18.91,20.89,20.89,3359800,19.99,20.89,18.91,20.89,1.0,20.89,18.91,0
2018-12-10,TUPY3,TUPY3,20.31,22.0,20.18,21.72,21.72,2912300,20.31,22.0,20.18,21.72,1.0,22.0,20.18,0
2018-12-17,TUPY3,TUPY3,21.74,21.76,19.81,20.0,20.0,1695600,21.74,21.76,19.81,20.0,1.0,21.76,19.81,0
2018-12-26,TUPY3,TUPY3,19.77,20.54,19.55,20.15,20.15,1142600,19.77,20.54,19.55,20.15,1.0,20.54,19.55,0
2019-01-02,TUPY3,TUPY3,20.33,21.0,19.93,20.32,20.32,1066100,20.33,21.0,19.93,20.32,1.0,21.0,19.93,0
2019-01-07,TUPY3,TUPY3,20.28,21.15,20.12,20.72,20.72,1957000,20.28,21.15,20.12,20.72,1.0,21.15,20.12,0
2019-01-14,TUPY3,TUPY3,20.7,20.79,19.7,19.98,19.98,4262700,20.7,20.79,19.7,19.98,1.0,20.79,19.7,0
2019-01-21,TUPY3,TUPY3,20.05,20.15,19.38,19.87,19.87,3629800,20.05,20.15,19.38,19.87,1.0,20.15,19.38,0
2019-01-28,TUPY3,TUPY3,19.89,19.89,17.62,18.77,18.77,6570100,19.89,19.89,17.62,18.77,1.0,19.89,17.62,0
2019-02-04,TUPY3,TUPY3,18.98,19.13,17.91,18.01,18.01,3279900,18.98,19.13,17.91,18.01,1.0,19.13,17.91,0
2019-02-11,TUPY3,TUPY3,18.3,19.6,17.62,19.52,19.52,3991900,18.3,19.6,17.62,19.52,1.0,19.6,17.62,0
2019-02-18,TUPY3,TUPY3,19.55,19.55,19.01,19.12,19.12,1761100,19.55,19.55,19.01,19.12,1.0,19.55,19.01,0
2019-02-25,TUPY3,TUPY3,19.12,19.9,18.24,18.97,18.97,3490300,19.12,19.9,18.24,18.97,1.0,19.9,18.24,0
2019-03-06,TUPY3,TUPY3,18.76,18.95,18.13,18.43,18.43,2006500,18.76,18.95,18.13,18.43,1.0,18.95,18.13,0
2019-03-11,TUPY3,TUPY3,18.59,19.62,18.12,19.02,19.02,4358300,18.59,19.62,18.12,19.02,1.0,19.62,18.12,0
2019-03-18,TUPY3,TUPY3,19.25,19.98,17.53,17.59,17.59,7656200,19.25,19.98,17.53,17.59,1.0,19.98,17.53,0
2019-03-25,TUPY3,TUPY3,17.71,18.38,17.2,18.12,18.12,4825800,17.71,18.38,17.2,18.12,1.0,18.38,17.2,0
2019-04-01,TUPY3,TUPY3,18.26,18.57,18.05,18.2,18.2,2449400,18.26,18.57,18.05,18.2,1.0,18.57,18.05,0
2019-04-08,TUPY3,TUPY3,18.22,18.32,17.5,17.68,17.68,1752000,18.22,18.32,17.5,17.68,1.0,18.32,17.5,0
2019-04-15,TUPY3,TUPY3,17.72,17.92,17.47,17.5,17.5,1442200,17.72,17.92,17.47,17.5,1.0,17.92,17.47,0
2019-04-22,TUPY3,TUPY3,17.67,17.88,17.05,17.12,17.12,2069100,17.67,17.88,17.05,17.12,1.0,17.88,17.05,0
2019-04-29,TUPY3,TUPY3,17.22,17.7,17.16,17.47,17.47,1578900,17.22,17.7,17.16,17.47,1.0,17.7,17.16,0
2019-05-06,TUPY3,TUPY3,17.44,18.17,17.22,17.84,17.84,1414300,17.44,18.17,17.22,17.84,1.0,18.17,17.22,0
2019-05-13,TUPY3,TUPY3,17.8,18.0,16.97,18.0,18.0,2291800,17.8,18.0,16.97,18.0,1.0,18.0,16.97,0
2019-05-20,TUPY3,TUPY3,18.0,18.59,17.55,17.65,17.65,2085800,18.0,18.59,17.55,17.65,1.0,18.59,17.55,0
2019-05-27,TUPY3,TUPY3,17.71,19.64,17.71,19.64,19.64,5283900,17.71,19.64,17.71,19.64,1.0,19.64,17.71,0
2019-06-03,TUPY3,TUPY3,19.84,19.9,19.12,19.75,19.75,2654700,19.84,19.9,19.12,19.75,1.0,19.9,19.12,0
2019-06-10,TUPY3,TUPY3,19.6,20.38,19.55,19.87,19.87,1701300,19.6,20.38,19.55,19.87,1.0,20.38,19.55,0
2019-06-17,TUPY3,TUPY3,19.86,20.65,19.78,20.43,20.43,1690900,19.86,20.65,19.78,20.43,1.0,20.65,19.78,0
2019-06-24,TUPY3,TUPY3,20.43,20.89,20.2,20.89,20.89,1266600,20.43,20.89,20.2,20.89,1.0,20.89,20.2,0
2019-07-01,TUPY3,TUPY3,20.58,21.22,20.58,20.88,20.88,1797400,20.58,21.22,20.58,20.88,1.0,21.22,20.58,0
2019-07-08,TUPY3,TUPY3,20.89,20.89,20.12,20.41,20.41,2496700,20.89,20.89,20.12,20.41,1.0,20.89,20.12,0
2019-07-15,TUPY3,TUPY3,20.49,20.57,19.65,19.67,19.67,2235400,20.49,20.57,19.65,19.67,1.0,20.57,19.65,0
2019-07-22,TUPY3,TUPY3,19.78,20.22,19.51,19.9,19.9,2224100,19.78,20.22,19.51,19.9,1.0,20.22,19.51,0
2019-07-29,TUPY3,TUPY3,20.02,20.12,18.27,18.46,18.46,3396100,20.02,20.12,18.27,18.46,1.0,20.12,18.27,0
2019-08-05,TUPY3,TUPY3,18.35,18.85,17.85,18.75,18.75,4930500,18.35,18.85,17.85,18.75,1.0,18.85,17.85,0
2019-08-12,TUPY3,TUPY3,18.5,18.78,17.3,17.72,17.72,3599700,18.5,18.78,17.3,17.72,1.0,18.78,17.3,0
2019-08-19,TUPY3,TUPY3,17.99,17.99,16.51,16.8,16.8,3490400,17.99,17.99,16.51,16.8,1.0,17.99,16.51,0
2019-08-26,TUPY3,TUPY3,16.88,17.64,16.5,17.64,17.64,4031300,16.88,17.64,16.5,17.64,1.0,17.64,16.5,0
2019-09-02,TUPY3,TUPY3,17.64,18.2,17.48,18.1,18.1,2385700,17.64,18.2,17.48,18.1,1.0,18.2,17.48,0
2019-09-09,TUPY3,TUPY3,18.1,18.38,17.42,18.04,18.04,3451300,18.1,18.38,17.42,18.04,1.0,18.38,17.42,0
2019-09-16,TUPY3,TUPY3,18.13,18.15,17.43,17.91,17.91,2341000,18.13,18.15,17.43,17.91,1.0,18.15,17.43,0
2019-09-23,TUPY3,TUPY3,17.89,17.91,17.45,17.68,17.68,1656900,17.89,17.91,17.45,17.68,1.0,17.91,17.45,0
2019-09-30,TUPY3,TUPY3,17.68,18.27,17.64,18.2,18.2,3106700,17.68,18.27,17.64,18.2,1.0,18.27,17.64,0
2019-10-07,TUPY3,TUPY3,18.16,18.49,17.63,18.4,18.4,3354700,18.16,18.49,17.63,18.4,1.0,18.49,17.63,0
2019-10-14,TUPY3,TUPY3,18.49,18.6,18.06,18.13,18.13,2076100,18.49,18.6,18.06,18.13,1.0,18.6,18.06,0
2019-10-21,TUPY3,TUPY3,18.16,18.9,18.16,18.68,18.68,2036100,18.16,18.9,18.16,18.68,1.0,18.9,18.16,0
2019-10-28,TUPY3,TUPY3,18.69,19.25,18.53,19.06,19.06,2207700,18.69,19.25,18.53,19.06,1.0,19.25,18.53,0
2019-11-04,TUPY3,TUPY3,19.15,19.9,18.83,19.74,19.74,3237500,19.15,19.9,18.83,19.74,1.0,19.9,18.83,0
2019-11-11,TUPY3,TUPY3,19.74,20.24,19.4,19.7,19.7,2027000,19.74,20.24,19.4,19.7,1.0,20.24,19.4,0
2019-11-18,TUPY3,TUPY3,19.75,19.98,19.27,19.89,19.89,2914200,19.75,19.98,19.27,19.89,1.0,19.98,19.27,0
2019-11-25,TUPY3,TUPY3,19.9,20.48,19.61,19.7,19.7,2434000,19.9,20.48,19.61,19.7,1.0,20.48,19.61,0
2019-12-02,TUPY3,TUPY3,19.84,19.91,18.87,19.43,19.43,3657500,19.84,19.91,18.87,19.43,1.0,19.91,18.87,0
2019-12-09,TUPY3,TUPY3,19.43,20.0,19.04,19.47,19.47,2654800,19.43,20.0,19.04,19.47,1.0,20.0,19.04,0
2019-12-16,TUPY3,TUPY3,19.51,24.49,19.51,23.9,23.9,6882100,19.51,24.49,19.51,23.9,1.0,24.49,19.51,0
2019-12-23,TUPY3,TUPY3,24.45,25.07,23.52,24.83,24.83,3282500,24.45,25.07,23.52,24.83,1.0,25.07,23.52,0
2019-12-30,TUPY3,TUPY3,25.0,26.39,24.6,26.39,26.39,2705800,25.0,26.39,24.6,26.39,1.0,26.39,24.6,0
2020-01-06,TUPY3,TUPY3,26.5,26.5,25.24,26.3,26.3,3463900,26.5,26.5,25.24,26.3,1.0,26.5,25.24,0
2020-01-13,TUPY3,TUPY3,26.3,27.03,25.88,25.89,25.89,3032900,26.3,27.03,25.88,25.89,1.0,27.03,25.88,0
2020-01-20,TUPY3,TUPY3,25.95,27.33,25.58,26.55,26.55,3527100,25.95,27.33,25.58,26.55,1.0,27.33,25.58,0
2020-01-27,TUPY3,TUPY3,26.4,27.0,24.86,24.89,24.89,2310200,26.4,27.0,24.86,24.89,1.0,27.0,24.86,0
2020-02-03,TUPY3,TUPY3,24.89,26.5,24.68,25.19,25.19,3644600,24.89,26.5,24.68,25.19,1.0,26.5,24.68,0
2020-02-10,TUPY3,TUPY3,25.01,25.11,23.06,23.68,23.68,4432800,25.01,25.11,23.06,23.68,1.0,25.11,23.06,0
2020-02-17,TUPY3,TUPY3,23.68,24.76,23.52,24.51,24.51,2495300,23.68,24.76,23.52,24.51,1.0,24.76,23.52,0
2020-02-26,TUPY3,TUPY3,23.5,23.6,21.07,21.89,21.89,2266200,23.5,23.6,21.07,21.89,1.0,23.6,21.07,0
2020-03-02,TUPY3,TUPY3,21.81,22.65,19.62,20.03,20.03,4168500,21.81,22.65,19.62,20.03,1.0,22.65,19.62,0
2020-03-09,TUPY3,TUPY3,18.97,19.43,14.0,15.78,15.78,6060200,18.97,19.43,14.0,15.78,1.0,19.43,14.0,0
2020-03-16,TUPY3,TUPY3,14.34,14.92,10.4,10.49,10.49,6817600,14.34,14.92,10.4,10.49,1.0,14.92,10.4,0
2020-03-23,TUPY3,TUPY3,10.49,13.47,10.23,13.09,13.09,4230800,10.49,13.47,10.23,13.09,1.0,13.47,10.23,0
2020-03-30,TUPY3,TUPY3,13.11,13.62,11.09,11.4,11.4,4463800,13.11,13.62,11.09,11.4,1.0,13.62,11.09,0
2020-04-06,TUPY3,TUPY3,12.0,13.51,11.66,12.54,12.54,4862000,12.0,13.51,11.66,12.54,1.0,13.51,11.66,0
2020-04-13,TUPY3,TUPY3,12.55,15.46,12.16,14.7,14.7,5256800,12.55,15.46,12.16,14.7,1.0,15.46,12.16,0
2020-04-20,TUPY3,TUPY3,14.49,14.96,13.06,14.75,14.75,4767300,14.49,14.96,13.06,14.75,1.0,14.96,13.06,0
2020-04-27,TUPY3,TUPY3,14.8,16.15,14.2,14.8,14.8,4503400,14.8,16.15,14.2,14.8,1.0,16.15,14.2,0
2020-05-04,TUPY3,TUPY3,14.14,15.2,14.13,14.61,14.61,2842500,14.14,15.2,14.13,14.61,1.0,15.2,14.13,0
2020-05-11,TUPY3,TUPY3,14.76,14.76,12.72,13.0,13.0,4132300,14.76,14.76,12.72,13.0,1.0,14.76,12.72,0
2020-05-18,TUPY3,TUPY3,13.43,15.28,12.86,15.2,15.2,4735200,13.43,15.28,12.86,15.2,1.0,15.28,12.86,0
2020-05-25,TUPY3,TUPY3,15.35,15.98,14.46,15.17,15.17,4929100,15.35,15.98,14.46,15.17,1.0,15.98,14.46,0
2020-06-01,TUPY3,TUPY3,15.29,18.17,15.06,17.75,17.75,7715700,15.29,18.17,15.06,17.75,1.0,18.17,15.06,0
2020-06-08,TUPY3,TUPY3,17.8,19.42,17.26,18.65,18.65,4977500,17.8,19.42,17.26,18.65,1.0,19.42,17.26,0
2020-06-15,TUPY3,TUPY3,18.0,19.99,17.7,19.11,19.11,4587000,18.0,19.99,17.7,19.11,1.0,19.99,17.7,0
2020-06-22,TUPY3,TUPY3,19.54,20.28,18.81,18.98,18.98,3541600,19.54,20.28,18.81,18.98,1.0,20.28,18.81,0
2020-06-29,TUPY3,TUPY3,19.24,19.77,18.73,19.28,19.28,3571100,19.24,19.77,18.73,19.28,1.0,19.77,18.73,0
2020-07-06,TUPY3,TUPY3,19.44,19.99,18.95,19.39,19.39,3552100,19.44,19.99,18.95,19.39,1.0,19.99,18.95,0
2020-07-13,TUPY3,TUPY3,19.55,19.82,18.11,18.37,18.37,4109100,19.55,19.82,18.11,18.37,1.0,19.82,18.11,0
2020-07-20,TUPY3,TUPY3,18.3,18.79,17.37,18.08,18.08,6866900,18.3,18.79,17.37,18.08,1.0,18.79,17.37,0
2020-07-27,TUPY3,TUPY3,18.11,19.04,17.88,18.2,18.2,4638900,18.11,19.04,17.88,18.2,1.0,19.04,17.88,0
2020-08-03,TUPY3,TUPY3,18.36,18.36,17.06,17.58,17.58,5152100,18.36,18.36,17.06,17.58,1.0,18.36,17.06,0
2020-08-10,TUPY3,TUPY3,17.73,18.21,16.76,17.09,17.09,4481400,17.73,18.21,16.76,17.09,1.0,18.21,16.76,0
2020-08-17,TUPY3,TUPY3,17.02,17.59,16.33,17.09,17.09,4972500,17.02,17.59,16.33,17.09,1.0,17.59,16.33,0
2020-08-24,TUPY3,TUPY3,17.2,17.78,16.97,17.42,17.42,3404700,17.2,17.78,16.97,17.42,1.0,17.78,16.97,0
2020-08-31,TUPY3,TUPY3,17.35,17.48,16.59,16.65,16.65,4474900,17.35,17.48,16.59,16.65,1.0,17.48,16.59,0
2020-09-08,TUPY3,TUPY3,16.71,17.27,16.07,16.12,16.12,3081000,16.71,17.27,16.07,16.12,1.0,17.27,16.07,0
2020-09-14,TUPY3,TUPY3,16.21,16.94,15.86,15.92,15.92,3751600,16.21,16.94,15.86,15.92,1.0,16.94,15.86,0
2020-09-21,TUPY3,TUPY3,15.83,16.1,15.14,15.88,15.88,4181000,15.83,16.1,15.14,15.88,1.0,16.1,15.14,0
2020-09-28,TUPY3,TUPY3,16.04,18.38,15.82,17.96,17.96,7971200,16.04,18.38,15.82,17.96,1.0,18.38,15.82,0
2020-10-05,TUPY3,TUPY3,18.08,18.29,17.26,17.36,17.36,3471600,18.08,18.29,17.26,17.36,1.0,18.29,17.26,0
2020-10-13,TUPY3,TUPY3,17.51,17.95,16.83,17.51,17.51,3897600,17.51,17.95,16.83,17.51,1.0,17.95,16.83,0
2020-10-19,TUPY3,TUPY3,17.57,18.34,17.38,18.28,18.28,3797500,17.57,18.34,17.38,18.28,1.0,18.34,17.38,0
2020-10-26,TUPY3,TUPY3,18.3,19.94,17.19,18.87,18.87,10282700,18.3,19.94,17.19,18.87,1.0,19.94,17.19,0
2020-11-03,TUPY3,TUPY3,19.16,22.5,19.1,21.05,21.05,9818600,19.16,22.5,19.1,21.05,1.0,22.5,19.1,0
2020-11-09,TUPY3,TUPY3,21.53,21.66,19.2,19.7,19.7,6172700,21.53,21.66,19.2,19.7,1.0,21.66,19.2,0
2020-11-16,TUPY3,TUPY3,19.99,21.46,19.52,21.0,21.0,7130300,19.99,21.46,19.52,21.0,1.0,21.46,19.52,0
2020-11-23,TUPY3,TUPY3,21.17,22.98,21.0,22.15,22.15,7114300,21.17,22.98,21.0,22.15,1.0,22.98,21.0,0
2020-11-30,TUPY3,TUPY3,22.12,22.37,21.26,21.5,21.5,4634800,22.12,22.37,21.26,21.5,1.0,22.37,21.26,0
2020-12-07,TUPY3,TUPY3,21.87,22.87,20.07,21.18,21.18,8680100,21.87,22.87,20.07,21.18,1.0,22.87,20.07,0
2020-12-14,TUPY3,TUPY3,21.44,22.52,21.25,21.58,21.58,4905500,21.44,22.52,21.25,21.58,1.0,22.52,21.25,0
2020-12-21,TUPY3,TUPY3,21.3,21.65,20.77,21.5,21.5,2701000,21.3,21.65,20.77,21.5,1.0,21.65,20.77,0
2020-12-28,TUPY3,TUPY3,21.6,21.99,20.97,20.97,20.97,3190900,21.6,21.99,20.97,20.97,1.0,21.99,20.97,0
2021-01-04,TUPY3,TUPY3,21.43,24.16,21.18,23.59,23.59,9316200,21.43,24.16,21.18,23.59,1.0,24.16,21.18,0
2021-01-11,TUPY3,TUPY3,23.49,23.72,22.24,22.93,22.93,5118800,23.49,23.72,22.24,22.93,1.0,23.72,22.24,0
2021-01-18,TUPY3,TUPY3,23.07,23.43,20.84,21.22,21.22,3639000,23.07,23.43,20.84,21.22,1.0,23.43,20.84,0
2021-01-26,TUPY3,TUPY3,21.22,22.14,20.84,21.13,21.13,3013400,21.22,22.14,20.84,21.13,1.0,22.14,20.84,0
2021-02-01,TUPY3,TUPY3,21.46,23.8,21.21,22.08,22.08,5587200,21.46,23.8,21.21,22.08,1.0,23.8,21.21,0
2021-02-08,TUPY3,TUPY3,22.08,22.31,21.07,21.48,21.48,3170800,22.08,22.31,21.07,21.48,1.0,22.31,21.07,0
2021-02-17,TUPY3,TUPY3,21.41,21.83,21.14,21.28,21.28,1743900,21.41,21.83,21.14,21.28,1.0,21.83,21.14,0
2021-02-22,TUPY3,TUPY3,20.87,22.05,20.12,21.25,21.25,6117700,20.87,22.05,20.12,21.25,1.0,22.05,20.12,0
2021-03-01,TUPY3,TUPY3,21.7,23.26,20.19,21.36,21.36,11541700,21.7,23.26,20.19,21.36,1.0,23.26,20.19,0
2021-03-08,TUPY3,TUPY3,21.34,21.36,19.07,20.15,20.15,7308500,21.34,21.36,19.07,20.15,1.0,21.36,19.07,0
2021-03-15,TUPY3,TUPY3,20.2,21.16,20.04,20.94,20.94,3884400,20.2,21.16,20.04,20.94,1.0,21.16,20.04,0
2021-03-22,TUPY3,TUPY3,20.84,21.63,19.82,20.37,20.37,4278900,20.84,21.63,19.82,20.37,1.0,21.63,19.82,0
2021-03-29,TUPY3,TUPY3,20.29,21.14,19.81,20.5,20.5,4133600,20.29,21.14,19.81,20.5,1.0,21.14,19.81,0
2021-04-05,TUPY3,TUPY3,20.66,22.09,20.38,22.07,22.07,5407700,20.66,22.09,20.38,22.07,1.0,22.09,20.38,0
2021-04-12,TUPY3,TUPY3,22.31,25.58,22.3,24.26,24.26,13877100,22.31,25.58,22.3,24.26,1.0,25.58,22.3,0
2021-04-19,TUPY3,TUPY3,24.33,24.47,23.02,23.56,23.56,5156500,24.33,24.47,23.02,23.56,1.0,24.47,23.02,0
2021-04-26,TUPY3,TUPY3,23.85,24.42,22.56,23.42,23.42,8651100,23.85,24.42,22.56,23.42,1.0,24.42,22.56,0
2021-05-03,TUPY3,TUPY3,23.76,24.59,23.2,24.47,24.47,6510500,23.76,24.59,23.2,24.47,1.0,24.59,23.2,0
2021-05-10,TUPY3,TUPY3,24.9,25.94,24.68,24.91,24.91,8069800,24.9,25.94,24.68,24.91,1.0,25.94,24.68,0
2021-05-17,TUPY3,TUPY3,24.88,26.78,24.77,26.33,26.33,5675900,24.88,26.78,24.77,26.33,1.0,26.78,24.77,0
2021-05-24,TUPY3,TUPY3,26.43,26.46,24.2,24.61,24.61,6424800,26.43,26.46,24.2,24.61,1.0,26.46,24.2,0
2021-05-31,TUPY3,TUPY3,24.39,25.8,23.92,25.33,25.33,6816700,24.39,25.8,23.92,25.33,1.0,25.8,23.92,0
2021-06-07,TUPY3,TUPY3,25.03,25.76,23.8,24.25,24.25,8397200,25.03,25.76,23.8,24.25,1.0,25.76,23.8,0
2021-06-14,TUPY3,TUPY3,24.25,24.65,22.99,23.5,23.5,7502100,24.25,24.65,22.99,23.5,1.0,24.65,22.99,0
2021-06-21,TUPY3,TUPY3,23.51,24.3,23.13,23.45,23.45,3975700,23.51,24.3,23.13,23.45,1.0,24.3,23.13,0
2021-06-28,TUPY3,TUPY3,23.52,24.28,22.85,23.11,23.11,8183300,23.52,24.28,22.85,23.11,1.0,24.28,22.85,0
2021-07-05,TUPY3,TUPY3,23.17,23.67,22.58,23.18,23.18,3670800,23.17,23.67,22.58,23.18,1.0,23.67,22.58,0
2021-07-12,TUPY3,TUPY3,23.38,23.84,22.74,22.93,22.93,4310000,23.38,23.84,22.74,22.93,1.0,23.84,22.74,0
2021-07-19,TUPY3,TUPY3,22.75,23.13,22.35,22.52,22.52,3910700,22.75,23.13,22.35,22.52,1.0,23.13,22.35,0
2021-07-26,TUPY3,TUPY3,22.51,22.74,21.85,21.9,21.9,3454000,22.51,22.74,21.85,21.9,1.0,22.74,21.85,0
2021-08-02,TUPY3,TUPY3,21.91,22.41,21.12,21.15,21.15,7146800,21.91,22.41,21.12,21.15,1.0,22.41,21.12,0
2021-08-09,TUPY3,TUPY3,21.11,23.2,21.08,22.31,22.31,5866100,21.11,23.2,21.08,22.31,1.0,23.2,21.08,0
2021-08-16,TUPY3,TUPY3,22.25,22.25,20.54,20.98,20.98,7741500,22.25,22.25,20.54,20.98,1.0,22.25,20.54,0
2021-08-23,TUPY3,TUPY3,21.0,22.7,21.0,22.0,22.0,4298800,21.0,22.7,21.0,22.0,1.0,22.7,21.0,0
2021-08-30,TUPY3,TUPY3,21.93,22.99,20.52,20.87,20.87,5402300,21.93,22.99,20.52,20.87,1.0,22.99,20.52,0
2021-09-06,TUPY3,TUPY3,20.89,21.23,19.6,19.91,19.91,3655900,20.89,21.23,19.6,19.91,1.0,21.23,19.6,0
2021-09-13,TUPY3,TUPY3,20.16,20.39,19.4,19.83,19.83,4626900,20.16,20.39,19.4,19.83,1.0,20.39,19.4,0
2021-09-20,TUPY3,TUPY3,19.33,20.24,18.89,19.99,19.99,3939200,19.33,20.24,18.89,19.99,1.0,20.24,18.89,0
2021-09-27,TUPY3,TUPY3,20.05,21.09,19.66,21.03,21.03,4873400,20.05,21.09,19.66,21.03,1.0,21.09,19.66,0
2021-10-04,TUPY3,TUPY3,21.0,21.05,19.34,20.43,20.43,3544000,21.0,21.05,19.34,20.43,1.0,21.05,19.34,0
2021-10-11,TUPY3,TUPY3,20.42,21.51,20.13,21.5,21.5,2729200,20.42,21.51,20.13,21.5,1.0,21.51,20.13,0
2021-10-18,TUPY3,TUPY3,21.48,22.39,20.57,21.12,21.12,6018700,21.48,22.39,20.57,21.12,1.0,22.39,20.57,0
2021-10-25,TUPY3,TUPY3,21.37,22.81,20.61,20.89,20.89,5499800,21.37,22.81,20.61,20.89,1.0,22.81,20.61,0
2021-11-01,TUPY3,TUPY3,21.1,22.19,20.6,21.68,21.68,3288400,21.1,22.19,20.6,21.68,1.0,22.19,20.6,0
2021-11-08,TUPY3,TUPY3,21.68,22.86,21.51,22.0,22.0,4466000,21.68,22.86,21.51,22.0,1.0,22.86,21.51,0
2021-11-16,TUPY3,TUPY3,22.2,22.2,19.93,20.26,20.26,4169700,22.2,22.2,19.93,20.26,1.0,22.2,19.93,0
2021-11-22,TUPY3,TUPY3,20.39,21.05,19.79,20.3,20.3,3487000,20.39,21.05,19.79,20.3,1.0,21.05,19.79,0
2021-11-29,TUPY3,TUPY3,20.6,20.66,18.82,19.64,19.64,4572500,20.6,20.66,18.82,19.64,1.0,20.66,18.82,0
2021-12-06,TUPY3,TUPY3,19.8,22.08,19.64,21.45,21.45,2736900,19.8,22.08,19.64,21.45,1.0,22.08,19.64,0
2021-12-13,TUPY3,TUPY3,21.57,21.88,20.73,20.75,20.75,3421500,21.57,21.88,20.73,20.75,1.0,21.88,20.73,0
2021-12-20,TUPY3,TUPY3,20.63,20.71,19.91,20.19,20.19,1909600,20.63,20.71,19.91,20.19,1.0,20.71,19.91,0
2021-12-27,TUPY3,TUPY3,20.19,20.97,19.95,19.95,19.95,1683800,20.19,20.97,19.95,19.95,1.0,20.97,19.95,0
2022-01-03,TUPY3,TUPY3,20.11,20.81,18.78,19.34,19.34,3340800,20.11,20.81,18.78,19.34,1.0,20.81,18.78,0
2022-01-10,TUPY3,TUPY3,19.34,20.93,19.12,20.43,20.43,2722700,19.34,20.93,19.12,20.43,1.0,20.93,19.12,0
2022-01-17,TUPY3,TUPY3,20.43,20.88,20.04,20.26,20.26,2650400,20.43,20.88,20.04,20.26,1.0,20.88,20.04,0
2022-01-24,TUPY3,TUPY3,20.21,20.85,19.61,20.4,20.4,3111900,20.21,20.85,19.61,20.4,1.0,20.85,19.61,0
2022-01-31,TUPY3,TUPY3,20.48,21.19,19.27,19.61,19.61,3254900,20.48,21.19,19.27,19.61,1.0,21.19,19.27,0
2022-02-07,TUPY3,TUPY3,19.53,20.41,19.05,19.22,19.22,3714800,19.53,20.41,19.05,19.22,1.0,20.41,19.05,0
2022-02-14,TUPY3,TUPY3,19.27,19.95,19.05,19.29,19.29,2446500,19.27,19.95,19.05,19.29,1.0,19.95,19.05,0
2022-02-21,TUPY3,TUPY3,19.49,19.49,17.9,18.42,18.42,3667800,19.49,19.49,17.9,18.42,1.0,19.49,17.9,0
2022-03-02,TUPY3,TUPY3,18.3,18.99,18.16,18.54,18.54,2069900,18.3,18.99,18.16,18.54,1.0,18.99,18.16,0
2022-03-07,TUPY3,TUPY3,18.36,19.01,17.06,17.11,17.11,5126700,18.36,19.01,17.06,17.11,1.0,19.01,17.06,0
2022-03-14,TUPY3,TUPY3,17.16,18.25,16.81,18.18,18.18,3724500,17.16,18.25,16.81,18.18,1.0,18.25,16.81,0
2022-03-21,TUPY3,TUPY3,18.21,18.51,17.61,18.23,18.23,2939300,18.21,18.51,17.61,18.23,1.0,18.51,17.61,0
2022-03-28,TUPY3,TUPY3,18.39,19.6,17.4,17.7,17.7,9216400,18.39,19.6,17.4,17.7,1.0,19.6,17.4,0
2022-04-04,TUPY3,TUPY3,17.72,18.14,16.89,17.02,17.02,4424200,17.72,18.14,16.89,17.02,1.0,18.14,16.89,0
2022-04-11,TUPY3,TUPY3,16.94,17.16,16.6,16.76,16.76,1855000,16.94,17.16,16.6,16.76,1.0,17.16,16.6,0
2022-04-18,TUPY3,TUPY3,17.25,19.52,17.25,19.07,19.07,7771800,17.25,19.52,17.25,19.07,1.0,19.52,17.25,0
2022-04-25,TUPY3,TUPY3,18.93,20.85,18.73,20.46,20.46,8212600,18.93,20.85,18.73,20.46,1.0,20.85,18.73,0
2022-05-02,TUPY3,TUPY3,20.46,21.38,19.79,20.53,20.53,7897300,20.46,21.38,19.79,20.53,1.0,21.38,19.79,0
2022-05-09,TUPY3,TUPY3,20.29,22.33,19.14,22.1,22.1,7603300,20.29,22.33,19.14,22.1,1.0,22.33,19.14,0
2022-05-16,TUPY3,TUPY3,22.1,22.84,21.75,22.32,22.32,5442100,22.1,22.84,21.75,22.32,1.0,22.84,21.75,0
2022-05-23,TUPY3,TUPY3,22.37,22.84,21.38,22.53,22.53,4232300,22.37,22.84,21.38,22.53,1.0,22.84,21.38,0
2022-05-30,TUPY3,TUPY3,22.58,24.46,22.2,24.38,24.38,4203900,22.58,24.46,22.2,24.38,1.0,24.46,22.2,0
2022-06-06,TUPY3,TUPY3,24.44,24.47,22.78,23.08,23.08,3599100,24.44,24.47,22.78,23.08,1.0,24.47,22.78,0
2022-06-13,TUPY3,TUPY3,22.88,22.88,20.91,21.45,21.45,3392700,22.88,22.88,20.91,21.45,1.0,22.88,20.91,0
2022-06-20,TUPY3,TUPY3,21.35,21.7,20.71,21.52,21.52,2513800,21.35,21.7,20.71,21.52,1.0,21.7,20.71,0
2022-06-27,TUPY3,TUPY3,21.54,23.66,21.38,22.0,22.0,3518500,21.54,23.66,21.38,22.0,1.0,23.66,21.38,0
2022-07-04,TUPY3,TUPY3,21.81,22.07,20.38,21.05,21.05,3906800,21.81,22.07,20.38,21.05,1.0,22.07,20.38,0
2022-07-11,TUPY3,TUPY3,20.72,21.66,20.35,21.38,21.38,3371600,20.72,21.66,20.35,21.38,1.0,21.66,20.35,0
2022-07-18,TUPY3,TUPY3,21.5,22.62,21.26,22.09,22.09,2606700,21.5,22.62,21.26,22.09,1.0,22.62,21.26,0
2022-07-25,TUPY3,TUPY3,22.3,23.29,21.63,22.77,22.77,3744900,22.3,23.29,21.63,22.77,1.0,23.29,21.63,0
2022-08-01,TUPY3,TUPY3,22.77,25.97,22.52,25.2,25.2,5325500,22.77,25.97,22.52,25.2,1.0,25.97,22.52,0
2022-08-08,TUPY3,TUPY3,25.48,27.6,25.07,26.47,26.47,7354200,25.48,27.6,25.07,26.47,1.0,27.6,25.07,0
2022-08-15,TUPY3,TUPY3,26.44,28.33,26.13,26.63,26.63,5129000,26.44,28.33,26.13,26.63,1.0,28.33,26.13,0
2022-08-22,TUPY3,TUPY3,26.54,27.33,26.24,26.87,26.87,2912900,26.54,27.33,26.24,26.87,1.0,27.33,26.24,0
2022-08-29,TUPY3,TUPY3,26.79,27.7,26.5,27.1,27.1,3099400,26.79,27.7,26.5,27.1,1.0,27.7,26.5,0
2022-09-05,TUPY3,TUPY3,27.28,28.73,26.76,28.46,28.46,3119300,27.28,28.73,26.76,28.46,1.0,28.73,26.76,0
2022-09-12,TUPY3,TUPY3,28.72,28.75,26.1,26.7,26.7,4807700,28.72,28.75,26.1,26.7,1.0,28.75,26.1,0
2022-09-19,TUPY3,TUPY3,26.56,28.6,26.54,27.41,27.41,3451700,26.56,28.6,26.54,27.41,1.0,28.6,26.54,0
2022-09-26,TUPY3,TUPY3,27.21,27.48,24.85,25.1,25.1,4695800,27.21,27.48,24.85,25.1,1.0,27.48,24.85,0
2022-10-03,TUPY3,TUPY3,25.45,27.15,24.97,26.93,26.93,3954800,25.45,27.15,24.97,26.93,1.0,27.15,24.97,0
2022-10-10,TUPY3,TUPY3,27.1,27.96,26.32,27.71,27.71,2678100,27.1,27.96,26.32,27.71,1.0,27.96,26.32,0
2022-10-17,TUPY3,TUPY3,27.85,29.37,27.38,28.79,28.79,3472300,27.85,29.37,27.38,28.79,1.0,29.37,27.38,0
2022-10-24,TUPY3,TUPY3,28.44,29.96,27.69,29.95,29.95,4376400,28.44,29.96,27.69,29.95,1.0,29.96,27.69,0
2022-10-31,TUPY3,TUPY3,29.1,31.84,28.99,31.4,31.4,3635300,29.1,31.84,28.99,31.4,1.0,31.84,28.99,0
2022-11-07,TUPY3,TUPY3,31.11,31.94,27.88,30.25,30.25,8615900,31.11,31.94,27.88,30.25,1.0,31.94,27.88,0
2022-11-14,TUPY3,TUPY3,29.97,30.81,28.33,28.68,28.68,4479600,29.97,30.81,28.33,28.68,1.0,30.81,28.33,0
2022-11-21,TUPY3,TUPY3,28.59,29.86,27.94,28.98,28.98,2558200,28.59,29.86,27.94,28.98,1.0,29.86,27.94,0
2022-11-28,TUPY3,TUPY3,28.91,29.54,27.56,29.37,29.37,3199200,28.91,29.54,27.56,29.37,1.0,29.54,27.56,0
2022-12-05,TUPY3,TUPY3,29.3,29.98,27.03,27.27,27.27,4107100,29.3,29.98,27.03,27.27,1.0,29.98,27.03,0
2022-12-12,TUPY3,TUPY3,27.27,27.44,25.52,26.05,26.05,4426400,27.27,27.44,25.52,26.05,1.0,27.44,25.52,0
2022-12-19,TUPY3,TUPY3,26.1,27.68,25.49,27.23,27.23,3413300,26.1,27.68,25.49,27.23,1.0,27.68,25.49,0
2022-12-26,TUPY3,TUPY3,27.21,28.94,26.87,27.35,27.35,2841000,27.21,28.94,26.87,27.35,1.0,28.94,26.87,0
2023-01-02,TUPY3,TUPY3,27.71,27.71,25.75,26.54,26.54,2777100,27.71,27.71,25.75,26.54,1.0,27.71,25.75,0
2023-01-09,TUPY3,TUPY3,26.45,27.68,25.92,26.56,26.56,1992100,26.45,27.68,25.92,26.56,1.0,27.68,25.92,0
2023-01-16,TUPY3,TUPY3,26.54,27.14,26.09,26.85,26.85,2637100,26.54,27.14,26.09,26.85,1.0,27.14,26.09,0
2023-01-23,TUPY3,TUPY3,26.85,28.72,26.26,27.38,27.38,2710900,26.85,28.72,26.26,27.38,1.0,28.72,26.26,0
2023-01-30,TUPY3,TUPY3,27.41,27.99,26.48,27.4,27.4,3420800,27.41,27.99,26.48,27.4,1.0,27.99,26.48,0
2023-02-06,TUPY3,TUPY3,27.34,28.58,27.22,28.32,28.32,3830000,27.34,28.58,27.22,28.32,1.0,28.58,27.22,0
2023-02-13,TUPY3,TUPY3,28.56,29.18,28.06,28.57,28.57,2703200,28.56,29.18,28.06,28.57,1.0,29.18,28.06,0
2023-02-22,TUPY3,TUPY3,28.49,28.7,26.62,26.93,26.93,1103700,28.49,28.7,26.62,26.93,1.0,28.7,26.62,0
2023-02-27,TUPY3,TUPY3,26.93,27.77,25.53,26.79,26.79,2516700,26.93,27.77,25.53,26.79,1.0,27.77,25.53,0
2023-03-06,TUPY3,TUPY3,26.86,27.11,25.66,26.0,26.0,2938300,26.86,27.11,25.66,26.0,1.0,27.11,25.66,0
2023-03-13,TUPY3,TUPY3,25.81,26.31,23.91,24.29,24.29,2978300,25.81,26.31,23.91,24.29,1.0,26.31,23.91,0
2023-03-20,TUPY3,TUPY3,24.1,25.45,23.63,24.66,24.66,2980100,24.1,25.45,23.63,24.66,1.0,25.45,23.63,0
2023-03-27,TUPY3,TUPY3,24.76,25.17,23.11,24.22,24.22,5316700,24.76,25.17,23.11,24.22,1.0,25.17,23.11,0
2023-04-03,TUPY3,TUPY3,24.2,25.0,23.32,23.47,23.47,2464500,24.2,25.0,23.32,23.47,1.0,25.0,23.32,0
2023-04-10,TUPY3,TUPY3,23.28,24.56,23.21,23.85,23.85,4493400,23.28,24.56,23.21,23.85,1.0,24.56,23.21,0
2023-04-17,TUPY3,TUPY3,23.86,24.0,22.95,23.09,23.09,3002400,23.86,24.0,22.95,23.09,1.0,24.0,22.95,0
2023-04-24,TUPY3,TUPY3,22.98,23.11,21.79,22.3,22.3,3760400,22.98,23.11,21.79,22.3,1.0,23.11,21.79,0
2023-05-02,TUPY3,TUPY3,21.82,22.74,21.48,22.54,22.54,6174900,21.82,22.74,21.48,22.54,1.0,22.74,21.48,0
2023-05-08,TUPY3,TUPY3,22.73,24.22,22.25,23.45,23.45,4756200,22.73,24.22,22.25,23.45,1.0,24.22,22.25,0
2023-05-15,TUPY3,TUPY3,23.45,25.28,23.32,24.75,24.75,3352900,23.45,25.28,23.32,24.75,1.0,25.28,23.32,0
2023-05-22,TUPY3,TUPY3,25.58,26.3,24.68,26.12,26.12,4087000,25.58,26.3,24.68,26.12,1.0,26.3,24.68,0
2023-05-29,TUPY3,TUPY3,26.37,26.44,24.58,25.17,25.17,4073500,26.37,26.44,24.58,25.17,1.0,26.44,24.58,0
2023-06-05,TUPY3,TUPY3,25.18,26.25,24.73,25.69,25.69,2575900,25.18,26.25,24.73,25.69,1.0,26.25,24.73,0
2023-06-12,TUPY3,TUPY3,25.8,26.9,25.15,26.34,26.34,4193200,25.8,26.9,25.15,26.34,1.0,26.9,25.15,0
2023-06-19,TUPY3,TUPY3,26.35,26.52,25.71,26.0,26.0,3600000,26.35,26.52,25.71,26.0,1.0,26.52,25.71,0
2023-06-26,TUPY3,TUPY3,26.03,26.35,25.01,26.22,26.22,3233800,26.03,26.35,25.01,26.22,1.0,26.35,25.01,0
2023-07-03,TUPY3,TUPY3,26.2,26.23,25.15,25.77,25.77,2893200,26.2,26.23,25.15,25.77,1.0,26.23,25.15,0
2023-07-10,TUPY3,TUPY3,25.78,26.15,25.23,25.42,25.42,5549200,25.78,26.15,25.23,25.42,1.0,26.15,25.23,0
2023-07-17,TUPY3,TUPY3,25.46,26.05,25.31,25.94,25.94,1891300,25.46,26.05,25.31,25.94,1.0,26.05,25.31,0
2023-07-24,TUPY3,TUPY3,25.94,27.08,25.94,26.81,26.81,2513000,25.94,27.08,25.94,26.81,1.0,27.08,25.94,0
2023-07-31,TUPY3,TUPY3,26.91,28.71,26.84,28.61,28.61,3502900,26.91,28.71,26.84,28.61,1.0,28.71,26.84,0
2023-08-07,TUPY3,TUPY3,28.73,28.89,27.19,27.71,27.71,2484200,28.73,28.89,27.19,27.71,1.0,28.89,27.19,0
2023-08-14,TUPY3,TUPY3,27.8,28.29,26.03,26.55,26.55,5148700,27.8,28.29,26.03,26.55,1.0,28.29,26.03,0
2023-08-21,TUPY3,TUPY3,26.69,27.61,26.03,26.5,26.5,2849200,26.69,27.61,26.03,26.5,1.0,27.61,26.03,0
2023-08-28,TUPY3,TUPY3,25.94,26.87,25.17,26.5,26.5,5201300,25.94,26.87,25.17,26.5,1.0,26.87,25.17,0
2023-09-04,TUPY3,TUPY3,26.58,26.94,25.59,25.95,25.95,2413700,26.58,26.94,25.59,25.95,1.0,26.94,25.59,0
2023-09-11,TUPY3,TUPY3,25.96,27.78,25.95,27.78,27.78,2291900,25.96,27.78,25.95,27.78,1.0,27.78,25.95,0
2023-09-18,TUPY3,TUPY3,27.68,28.55,27.4,27.53,27.53,3216200,27.68,28.55,27.4,27.53,1.0,28.55,27.4,0
2023-09-25,TUPY3,TUPY3,27.51,27.8,26.17,27.19,27.19,2892900,27.51,27.8,26.17,27.19,1.0,27.8,26.17,0
2023-10-02,TUPY3,TUPY3,27.27,27.27,25.66,26.14,26.14,2745100,27.27,27.27,25.66,26.14,1.0,27.27,25.66,0
2023-10-09,TUPY3,TUPY3,26.07,27.03,25.31,25.66,25.66,2540100,26.07,27.03,25.31,25.66,1.0,27.03,25.31,0
2023-10-16,TUPY3,TUPY3,25.85,26.07,24.75,24.91,24.91,2825400,25.85,26.07,24.75,24.91,1.0,26.07,24.75,0
2023-10-23,TUPY3,TUPY3,24.91,25.85,24.73,24.91,24.91,2778500,24.91,25.85,24.73,24.91,1.0,25.85,24.73,0
2023-10-30,TUPY3,TUPY3,25.0,25.19,23.86,25.04,25.04,2901900,25.0,25.19,23.86,25.04,1.0,25.19,23.86,0
2023-11-06,TUPY3,TUPY3,24.96,25.88,24.37,25.62,25.62,2174900,24.96,25.88,24.37,25.62,1.0,25.88,24.37,0
2023-11-13,TUPY3,TUPY3,25.62,26.67,25.3,26.5,26.5,2094800,25.62,26.67,25.3,26.5,1.0,26.67,25.3,0
2023-11-20,TUPY3,TUPY3,26.71,26.76,24.78,24.92,24.92,2616900,26.71,26.76,24.78,24.92,1.0,26.76,24.78,0
2023-11-27,TUPY3,TUPY3,24.86,26.14,24.86,26.12,26.12,1973600,24.86,26.14,24.86,26.12,1.0,26.14,24.86,0
2023-12-04,TUPY3,TUPY3,26.09,26.31,25.29,25.68,25.68,2199000,26.09,26.31,25.29,25.68,1.0,26.31,25.29,0
2023-12-11,TUPY3,TUPY3,25.53,26.95,25.26,26.76,26.76,2545300,25.53,26.95,25.26,26.76,1.0,26.95,25.26,0
2023-12-18,TUPY3,TUPY3,26.8,27.5,26.19,27.42,27.42,3031700,26.8,27.5,26.19,27.42,1.0,27.5,26.19,0
2023-12-26,TUPY3,TUPY3,27.45,29.08,27.25,29.08,29.08,4016100,27.45,29.08,27.25,29.08,1.0,29.08,27.25,0
2024-01-02,TUPY3,TUPY3,28.76,28.89,26.5,26.9,26.9,2485800,28.76,28.89,26.5,26.9,1.0,28.89,26.5,0
2024-01-08,TUPY3,TUPY3,26.32,27.21,26.32,26.51,26.51,2815100,26.32,27.21,26.32,26.51,1.0,27.21,26.32,0
2024-01-15,TUPY3,TUPY3,26.53,26.79,26.0,26.31,26.31,2420700,26.53,26.79,26.0,26.31,1.0,26.79,26.0,0
2024-01-22,TUPY3,TUPY3,26.43,26.55,25.81,26.01,26.01,1959900,26.43,26.55,25.81,26.01,1.0,26.55,25.81,0
2024-01-29,TUPY3,TUPY3,26.01,26.7,25.39,25.4,25.4,2729700,26.01,26.7,25.39,25.4,1.0,26.7,25.39,0
2024-02-05,TUPY3,TUPY3,25.38,26.01,25.0,25.0,25.0,2139800,25.38,26.01,25.0,25.0,1.0,26.01,25.0,0
2024-02-14,TUPY3,TUPY3,25.1,25.28,24.75,25.26,25.26,1020900,25.1,25.28,24.75,25.26,1.0,25.28,24.75,0
2024-02-19,TUPY3,TUPY3,25.22,25.7,24.75,24.86,24.86,2570800,25.22,25.7,24.75,24.86,1.0,25.7,24.75,0
2024-02-26,TUPY3,TUPY3,24.91,25.91,24.5,25.69,25.69,3992800,24.91,25.91,24.5,25.69,1.0,25.91,24.5,0
2024-03-04,TUPY3,TUPY3,25.75,27.88,25.32,27.55,27.55,3202200,25.75,27.88,25.32,27.55,1.0,27.88,25.32,0
2024-03-11,TUPY3,TUPY3,27.56,28.07,26.75,26.81,26.81,2263500,27.56,28.07,26.75,26.81,1.0,28.07,26.75,0
2024-03-18,TUPY3,TUPY3,26.81,28.4,26.31,27.1,27.1,4316400,26.81,28.4,26.31,27.1,1.0,28.4,26.31,0
2024-03-25,TUPY3,TUPY3,27.19,27.89,26.89,27.83,27.83,2004600,27.19,27.89,26.89,27.83,1.0,27.89,26.89,0
2024-04-01,TUPY3,TUPY3,27.79,28.8,27.0,28.31,28.31,3395000,27.79,28.8,27.0,28.31,1.0,28.8,27.0,0
2024-04-08,TUPY3,TUPY3,28.31,29.23,27.33,27.44,27.44,2230800,28.31,29.23,27.33,27.44,1.0,29.23,27.33,0
2024-04-15,TUPY3,TUPY3,27.3,27.47,26.37,26.93,26.93,3567600,27.3,27.47,26.37,26.93,1.0,27.47,26.37,0
2024-04-22,TUPY3,TUPY3,26.9,26.99,25.74,26.32,26.32,2337500,26.9,26.99,25.74,26.32,1.0,26.99,25.74,0
2024-04-29,TUPY3,TUPY3,26.46,26.81,25.89,26.61,26.61,2286900,26.46,26.81,25.89,26.61,1.0,26.81,25.89,0
2024-05-06,TUPY3,TUPY3,26.41,26.69,24.79,25.18,25.18,3250900,26.41,26.69,24.79,25.18,1.0,26.69,24.79,0
2024-05-13,TUPY3,TUPY3,25.22,25.22,24.06,24.31,24.31,4194400,25.22,25.22,24.06,24.31,1.0,25.22,24.06,0
2024-05-20,TUPY3,TUPY3,24.2,24.31,23.28,23.43,23.43,3440400,24.2,24.31,23.28,23.43,1.0,24.31,23.28,0
2024-05-27,TUPY3,TUPY3,23.49,23.6,22.81,23.15,23.15,2089700,23.49,23.6,22.81,23.15,1.0,23.6,22.81,0
2024-06-03,TUPY3,TUPY3,23.2,23.61,22.43,22.62,22.62,3388000,23.2,23.61,22.43,22.62,1.0,23.61,22.43,0
2024-06-10,TUPY3,TUPY3,22.5,22.55,21.31,21.47,21.47,3398100,22.5,22.55,21.31,21.47,1.0,22.55,21.31,0
2024-06-17,TUPY3,TUPY3,21.47,22.72,21.21,22.02,22.02,2797600,21.47,22.72,21.21,22.02,1.0,22.72,21.21,0
2024-06-24,TUPY3,TUPY3,22.55,23.84,22.51,23.63,23.63,2541200,22.55,23.84,22.51,23.63,1.0,23.84,22.51,0
2024-07-01,TUPY3,TUPY3,23.75,25.15,23.21,24.92,24.92,2622300,23.75,25.15,23.21,24.92,1.0,25.15,23.21,0
2024-07-08,TUPY3,TUPY3,24.92,25.72,24.54,25.57,25.57,3212100,24.92,25.72,24.54,25.57,1.0,25.72,24.54,0
2024-07-15,TUPY3,TUPY3,25.57,26.8,25.38,25.64,25.64,3131600,25.57,26.8,25.38,25.64,1.0,26.8,25.38,0
2024-07-22,TUPY3,TUPY3,25.88,26.19,24.78,25.13,25.13,1915500,25.88,26.19,24.78,25.13,1.0,26.19,24.78,0
2024-07-29,TUPY3,TUPY3,25.24,25.32,24.43,24.79,24.79,2089000,25.24,25.32,24.43,24.79,1.0,25.32,24.43,0
2024-08-05,TUPY3,TUPY3,24.15,25.79,23.66,25.38,25.38,2657500,24.15,25.79,23.66,25.38,1.0,25.79,23.66,0
2024-08-12,TUPY3,TUPY3,25.59,27.9,25.15,26.98,26.98,2929500,25.59,27.9,25.15,26.98,1.0,27.9,25.15,0
2024-08-19,TUPY3,TUPY3,27.0,27.9,26.85,27.58,27.58,2359900,27.0,27.9,26.85,27.58,1.0,27.9,26.85,0
2024-08-26,TUPY3,TUPY3,27.71,27.9,26.56,27.36,27.36,2650500,27.71,27.9,26.56,27.36,1.0,27.9,26.56,0
2024-09-02,TUPY3,TUPY3,27.0,28.39,26.88,27.03,27.03,2589400,27.0,28.39,26.88,27.03,1.0,28.39,26.88,0
2024-09-09,TUPY3,TUPY3,27.21,27.46,26.38,27.24,27.24,1615800,27.21,27.46,26.38,27.24,1.0,27.46,26.38,0
2024-09-16,TUPY3,TUPY3,27.24,27.66,26.16,26.34,26.34,1563600,27.24,27.66,26.16,26.34,1.0,27.66,26.16,0
2024-09-23,TUPY3,TUPY3,26.27,26.31,25.13,25.38,25.38,2212700,26.27,26.31,25.13,25.38,1.0,26.31,25.13,0
2024-09-30,TUPY3,TUPY3,25.5,25.8,25.15,25.3,25.3,1620300,25.5,25.8,25.15,25.3,1.0,25.8,25.15,0
2024-10-07,TUPY3,TUPY3,25.29,25.44,24.22,24.3,24.3,1895100,25.29,25.44,24.22,24.3,1.0,25.44,24.22,0
2024-10-14,TUPY3,TUPY3,24.39,24.55,23.23,23.23,23.23,3695300,24.39,24.55,23.23,23.23,1.0,24.55,23.23,0
2024-10-21,TUPY3,TUPY3,23.24,23.58,22.95,23.25,23.25,2945400,23.24,23.58,22.95,23.25,1.0,23.58,22.95,0
2024-10-28,TUPY3,TUPY3,23.36,23.68,23.03,23.11,23.11,3041900,23.36,23.68,23.03,23.11,1.0,23.68,23.03,0
2024-11-04,TUPY3,TUPY3,23.19,24.78,23.15,23.67,23.67,3869100,23.19,24.78,23.15,23.67,1.0,24.78,23.15,0
2024-11-11,TUPY3,TUPY3,23.86,24.41,21.97,22.31,22.31,4070900,23.86,24.41,21.97,22.31,1.0,24.41,21.97,0
2024-11-18,TUPY3,TUPY3,22.31,22.56,21.43,21.71,21.71,2730900,22.31,22.56,21.43,21.71,1.0,22.56,21.43,0
2024-11-25,TUPY3,TUPY3,21.42,22.34,20.22,20.68,20.68,4017900,21.42,22.34,20.22,20.68,1.0,22.34,20.22,0
2024-12-02,TUPY3,TUPY3,20.69,22.81,19.94,22.4,22.4,6464300,20.69,22.81,19.94,22.4,1.0,22.81,19.94,0
2024-12-09,TUPY3,TUPY3,22.64,23.77,22.06,23.07,23.07,3786500,22.64,23.77,22.06,23.07,1.0,23.77,22.06,0
2024-12-16,TUPY3,TUPY3,22.91,23.12,22.26,22.95,22.95,3734000,22.91,23.12,22.26,22.95,1.0,23.12,22.26,0
2024-12-23,TUPY3,TUPY3,22.94,23.31,22.55,23.2,23.2,3908400,22.94,23.31,22.55,23.2,1.0,23.31,22.55,0
2024-12-30,TUPY3,TUPY3,23.29,23.91,20.91,21.36,21.36,5998500,23.29,23.91,20.91,21.36,1.0,23.91,20.91,0
2025-01-06,TUPY3,TUPY3,21.84,22.07,21.11,21.28,21.28,2410400,21.84,22.07,21.11,21.28,1.0,22.07,21.11,0
2025-01-13,TUPY3,TUPY3,21.41,22.12,20.95,21.74,21.74,1809900,21.41,22.12,20.95,21.74,1.0,22.12,20.95,0
2025-01-20,TUPY3,TUPY3,21.73,21.91,21.0,21.69,21.69,2655000,21.73,21.91,21.0,21.69,1.0,21.91,21.0,0
2025-01-27,TUPY3,TUPY3,21.45,22.17,21.15,21.38,21.38,2642700,21.45,22.17,21.15,21.38,1.0,22.17,21.15,0
2025-02-03,TUPY3,TUPY3,20.99,21.34,20.65,20.65,20.65,1918800,20.99,21.34,20.65,20.65,1.0,21.34,20.65,0
2025-02-10,TUPY3,TUPY3,20.85,21.36,20.26,21.32,21.32,1476200,20.85,21.36,20.26,21.32,1.0,21.36,20.26,0
2025-02-17,TUPY3,TUPY3,21.4,21.7,20.77,20.88,20.88,1942400,21.4,21.7,20.77,20.88,1.0,21.7,20.77,0
2025-02-24,TUPY3,TUPY3,21.0,21.08,20.47,20.6,20.6,1826900,21.0,21.08,20.47,20.6,1.0,21.08,20.47,0
2025-03-05,TUPY3,TUPY3,20.5,21.48,20.5,21.31,21.31,1580700,20.5,21.48,20.5,21.31,1.0,21.48,20.5,0
2025-03-10,TUPY3,TUPY3,21.31,21.53,20.68,21.33,21.33,1555500,21.31,21.53,20.68,21.33,1.0,21.53,20.68,0
2025-03-17,TUPY3,TUPY3,21.34,21.74,18.7,18.7,18.7,5533200,21.34,21.74,18.7,18.7,1.0,21.74,18.7,0
2025-03-24,TUPY3,TUPY3,18.9,18.91,17.42,18.0,18.0,5091700,18.9,18.91,17.42,18.0,1.0,18.91,17.42,0
2025-03-31,TUPY3,TUPY3,17.81,18.8,17.22,17.5,17.5,5565700,17.81,18.8,17.22,17.5,1.0,18.8,17.22,0
2025-04-07,TUPY3,TUPY3,17.19,19.14,16.99,18.94,18.94,5334900,17.19,19.14,16.99,18.94,1.0,19.14,16.99,0
2025-04-14,TUPY3,TUPY3,19.11,23.69,18.96,23.53,23.53,5978200,19.11,23.69,18.96,23.53,1.0,23.69,18.96,0
2025-04-22,TUPY3,TUPY3,23.5,24.71,21.49,22.75,22.75,7674300,23.5,24.71,21.49,22.75,1.0,24.71,21.49,0
2025-04-28,TUPY3,TUPY3,22.8,23.14,20.73,21.0,21.0,3085300,22.8,23.14,20.73,21.0,1.0,23.14,20.73,0
2025-05-05,TUPY3,TUPY3,21.04,21.12,18.93,19.08,19.08,3987900,21.04,21.12,18.93,19.08,1.0,21.12,18.93,0
2025-05-12,TUPY3,TUPY3,19.17,19.86,18.3,18.43,18.43,3322800,19.17,19.86,18.3,18.43,1.0,19.86,18.3,0
2025-05-19,TUPY3,TUPY3,18.45,19.08,18.35,18.93,18.93,2469800,18.45,19.08,18.35,18.93,1.0,19.08,18.35,0
2025-05-26,TUPY3,TUPY3,19.02,20.23,18.79,19.25,19.25,2417300,19.02,20.23,18.79,19.25,1.0,20.23,18.79,0
2025-06-02,TUPY3,TUPY3,19.25,19.59,18.41,18.48,18.48,1970200,19.25,19.59,18.41,18.48,1.0,19.59,18.41,0
2025-06-09,TUPY3,TUPY3,18.49,19.1,18.09,19.08,19.08,1924100,18.49,19.1,18.09,19.08,1.0,19.1,18.09,0
2025-06-16,TUPY3,TUPY3,19.2,19.3,18.02,18.19,18.19,2008500,19.2,19.3,18.02,18.19,1.0,19.3,18.02,0
2025-06-23,TUPY3,TUPY3,18.19,18.4,17.81,18.2,18.2,1675300,18.19,18.4,17.81,18.2,1.0,18.4,17.81,0
2025-06-30,TUPY3,TUPY3,18.28,18.4,17.9,18.07,18.07,1678300,18.28,18.4,17.9,18.07,1.0,18.4,17.9,0
2025-07-07,TUPY3,TUPY3,18.17,18.72,17.28,17.71,17.71,2989900,18.17,18.72,17.28,17.71,1.0,18.72,17.28,0
2025-07-14,TUPY3,TUPY3,17.69,17.78,16.9,16.98,16.98,2458000,17.69,17.78,16.9,16.98,1.0,17.78,16.9,0
2025-07-21,TUPY3,TUPY3,16.91,17.41,16.51,16.76,16.76,2114000,16.91,17.41,16.51,16.76,1.0,17.41,16.51,0
2025-07-28,TUPY3,TUPY3,16.79,16.88,16.0,16.04,16.04,2882100,16.79,16.88,16.0,16.04,1.0,16.88,16.0,0
2025-08-04,TUPY3,TUPY3,16.11,16.4,15.52,15.72,15.72,1903700,16.11,16.4,15.52,15.72,1.0,16.4,15.52,0
2025-08-11,TUPY3,TUPY3,15.7,17.01,15.27,15.88,15.88,3931700,15.7,17.01,15.27,15.88,1.0,17.01,15.27,0
2025-08-18,TUPY3,TUPY3,15.88,15.89,13.01,14.33,14.33,6974100,15.88,15.89,13.01,14.33,1.0,15.89,13.01,0
2025-08-25,TUPY3,TUPY3,14.4,14.97,14.09,14.4,14.4,2655300,14.4,14.97,14.09,14.4,1.0,14.97,14.09,0
2025-09-01,TUPY3,TUPY3,14.4,14.91,14.02,14.65,14.65,3809900,14.4,14.91,14.02,14.65,1.0,14.91,14.02,0
2025-09-08,TUPY3,TUPY3,14.69,15.36,14.58,14.72,14.72,3174000,14.69,15.36,14.58,14.72,1.0,15.36,14.58,0
2025-09-15,TUPY3,TUPY3,14.82,14.95,14.03,14.1,14.1,3536600,14.82,14.95,14.03,14.1,1.0,14.95,14.03,0
2025-09-22,TUPY3,TUPY3,14.1,14.12,13.2,13.34,13.34,3726400,14.1,14.12,13.2,13.34,1.0,14.12,13.2,0
2025-09-29,TUPY3,TUPY3,13.43,13.64,12.83,13.07,13.07,4081900,13.43,13.64,12.83,13.07,1.0,13.64,12.83,0
2025-10-06,TUPY3,TUPY3,13.1,13.1,12.16,12.57,12.57,4457700,13.1,13.1,12.16,12.57,1.0,13.1,12.16,0
2025-10-13,TUPY3,TUPY3,12.56,12.75,12.23,12.4,12.4,2971600,12.56,12.75,12.23,12.4,1.0,12.75,12.23,0
2025-10-20,TUPY3,TUPY3,12.47,12.6,12.22,12.34,12.34,2880400,12.47,12.6,12.22,12.34,1.0,12.6,12.22,0
2025-10-27,TUPY3,TUPY3,12.5,12.97,12.04,12.38,12.38,4633100,12.5,12.97,12.04,12.38,1.0,12.97,12.04,0
2025-11-03,TUPY3,TUPY3,12.49,13.37,11.71,12.93,12.93,7090800,12.49,13.37,11.71,12.93,1.0,13.37,11.71,0
2025-11-10,TUPY3,TUPY3,12.96,13.28,12.66,13.02,13.02,4550300,12.96,13.28,12.66,13.02,1.0,13.28,12.66,0
2025-11-17,TUPY3,TUPY3,13.02,13.03,11.63,11.77,11.77,3843500,13.02,13.03,11.63,11.77,1.0,13.03,11.63,0
2025-11-24,TUPY3,TUPY3,11.77,12.66,11.39,12.46,12.46,7728800,11.77,12.66,11.39,12.46,1.0,12.66,11.39,0
2025-12-01,TUPY3,TUPY3,12.46,13.0,12.18,12.18,12.18,4967600,12.46,13.0,12.18,12.18,1.0,13.0,12.18,0
2025-12-08,TUPY3,TUPY3,12.21,12.44,11.85,12.31,12.31,4538200,12.21,12.44,11.85,12.31,1.0,12.44,11.85,0
2025-12-15,TUPY3,TUPY3,12.31,12.86,12.02,12.22,12.22,3989900,12.31,12.86,12.02,12.22,1.0,12.86,12.02,0
2025-12-22,TUPY3,TUPY3,12.2,12.29,11.86,12.14,12.14,2510100,12.2,12.29,11.86,12.14,1.0,12.29,11.86,0
2025-12-29,TUPY3,TUPY3,12.14,12.44,11.63,11.63,11.63,4051000,12.14,12.44,11.63,11.63,1.0,12.44,11.63,0
2026-01-05,TUPY3,TUPY3,11.69,12.02,11.41,11.65,11.65,5704700,11.69,12.02,11.41,11.65,1.0,12.02,11.41,0
2026-01-12,TUPY3,TUPY3,11.65,11.73,11.29,11.58,11.58,6751300,11.65,11.73,11.29,11.58,1.0,11.73,11.29,0
2026-01-19,TUPY3,TUPY3,11.58,12.81,11.2,12.68,12.68,9123500,11.58,12.81,11.2,12.68,1.0,12.81,11.2,0
2026-01-26,TUPY3,TUPY3,12.71,13.55,12.29,12.49,12.49,7001200,12.71,13.55,12.29,12.49,1.0,13.55,12.29,0
2026-02-02,TUPY3,TUPY3,12.52,12.57,11.6,11.79,11.79,5635700,12.52,12.57,11.6,11.79,1.0,12.57,11.6,0
2026-02-09,TUPY3,TUPY3,11.79,12.36,11.79,12.13,12.13,5689700,11.79,12.36,11.79,12.13,1.0,12.36,11.79,0
2026-02-18,TUPY3,TUPY3,12.13,12.64,12.03,12.63,12.63,2712000,12.13,12.64,12.03,12.63,1.0,12.64,12.03,0
2026-02-23,TUPY3,TUPY3,12.77,13.8,12.6,13.53,13.53,7518400,12.77,13.8,12.6,13.53,1.0,13.8,12.6,0
2026-03-02,TUPY3,TUPY3,13.45,13.45,12.12,12.62,12.62,6847200,13.45,13.45,12.12,12.62,1.0,13.45,12.12,0
2026-03-09,TUPY3,TUPY3,12.58,13.4,12.16,12.32,12.32,6647400,12.58,13.4,12.16,12.32,1.0,13.4,12.16,0
2026-03-16,TUPY3,TUPY3,12.33,12.6,10.59,11.42,11.42,9315300,12.33,12.6,10.59,11.42,1.0,12.6,10.59,0
2026-03-23,TUPY3,TUPY3,11.57,12.61,11.29,12.27,12.27,7238100,11.57,12.61,11.29,12.27,1.0,12.61,11.29,0
2026-03-30,TUPY3,TUPY3,12.35,13.97,12.19,12.9,12.9,6707200,12.35,13.97,12.19,12.9,1.0,13.97,12.19,0
2026-04-06,TUPY3,TUPY3,12.89,14.91,12.56,14.63,14.63,9990900,12.89,14.91,12.56,14.63,1.0,14.91,12.56,0
2026-04-13,TUPY3,TUPY3,14.65,15.8,14.33,15.62,15.62,6531200,14.65,15.8,14.33,15.62,1.0,15.8,14.33,0
2026-04-20,TUPY3,TUPY3,15.64,16.03,14.31,14.39,14.39,4868800,15.64,16.03,14.31,14.39,1.0,16.03,14.31,0
2026-04-27,TUPY3,TUPY3,14.33,14.42,13.45,14.02,14.02,3869000,14.33,14.42,13.45,14.02,1.0,14.42,13.45,0
2026-05-04,TUPY3,TUPY3,13.99,15.08,13.81,14.59,14.59,3717700,13.99,15.08,13.81,14.59,1.0,15.08,13.81,0
2026-05-11,TUPY3,TUPY3,14.51,14.75,12.81,13.12,13.12,3463600,14.51,14.75,12.81,13.12,1.0,14.75,12.81,0
2026-05-18,TUPY3,TUPY3,13.1,13.64,12.9,13.06,13.06,3289900,13.1,13.64,12.9,13.06,1.0,13.64,12.9,0
2026-05-25,TUPY3,TUPY3,13.0,13.26,12.54,12.8,12.8,4074300,13.0,13.26,12.54,12.8,1.0,13.26,12.54,0
2026-06-01,TUPY3,TUPY3,12.7,13.07,12.32,12.58,12.58,2595600,12.7,13.07,12.32,12.58,1.0,13.07,12.32,0
2026-06-08,TUPY3,TUPY3,12.42,14.67,12.42,14.33,14.33,5739500,12.42,14.67,12.42,14.33,1.0,14.67,12.42,0
2026-06-15,TUPY3,TUPY3,14.52,14.99,13.3,14.55,14.55,5042500,14.52,14.99,13.3,14.55,1.0,14.99,13.3,0
2026-06-22,TUPY3,TUPY3,14.44,15.66,14.16,15.55,15.55,4179200,14.44,15.66,14.16,15.55,1.0,15.66,14.16,0
2026-06-29,TUPY3,TUPY3,15.58,15.6,14.46,14.77,14.77,2955500,15.58,15.6,14.46,14.77,1.0,15.6,14.46,0
2026-07-06,TUPY3,TUPY3,14.69,15.98,13.93,15.98,15.98,3557200,14.69,15.98,13.93,15.98,1.0,15.98,13.93,0
2026-07-13,TUPY3,TUPY3,15.94,16.5,15.47,16.19,16.19,3780500,15.94,16.5,15.47,16.19,1.0,16.5,15.47,0
2026-07-20,TUPY3,TUPY3,16.15,16.31,15.17,15.6,15.6,2365900,16.15,16.31,15.17,15.6,1.0,16.31,15.17,0
2026-07-27,TUPY3,TUPY3,15.65,16.0,15.38,15.87,15.87,1100800,15.65,16.0,15.38,15.87,1.0,16.0,15.38,0
