date,equity,cash,invested_weight,positions,selected,trade_count,turnover,dividend_cash
2000-01-03,10000.0,10000.0,0.0,0,,0,0.0,0.0
2000-01-04,10000.0,10000.0,0.0,0,,0,0.0,0.0
2000-01-05,10000.0,10000.0,0.0,0,,0,0.0,0.0
2000-01-06,10000.0,10000.0,0.0,0,,0,0.0,0.0
2000-01-07,10000.0,10000.0,0.0,0,,0,0.0,0.0
2000-01-10,10000.0,10000.0,0.0,0,,0,0.0,0.0
2000-01-11,10000.0,10000.0,0.0,0,,0,0.0,0.0
2000-01-12,10000.0,10000.0,0.0,0,,0,0.0,0.0
2000-01-13,10000.0,10000.0,0.0,0,,0,0.0,0.0
2000-01-14,10000.0,10000.0,0.0,0,,0,0.0,0.0
2000-01-17,10000.0,10000.0,0.0,0,,0,0.0,0.0
2000-01-18,10000.0,10000.0,0.0,0,,0,0.0,0.0
2000-01-19,10000.0,10000.0,0.0,0,,0,0.0,0.0
2000-01-20,10000.0,10000.0,0.0,0,,0,0.0,0.0
2000-01-21,10000.0,10000.0,0.0,0,,0,0.0,0.0
2000-01-24,10000.0,10000.0,0.0,0,,0,0.0,0.0
2000-01-25,10000.0,10000.0,0.0,0,,0,0.0,0.0
2000-01-26,10000.0,10000.0,0.0,0,,0,0.0,0.0
2000-01-27,10000.0,10000.0,0.0,0,,0,0.0,0.0
2000-01-28,10000.0,10000.0,0.0,0,,0,0.0,0.0
2000-01-31,10000.0,10000.0,0.0,0,,0,0.0,0.0
2000-02-01,10000.0,10000.0,0.0,0,,0,0.0,0.0
2000-02-02,10000.0,10000.0,0.0,0,,0,0.0,0.0
2000-02-03,10000.0,10000.0,0.0,0,,0,0.0,0.0
2000-02-04,10000.0,10000.0,0.0,0,,0,0.0,0.0
2000-02-07,10000.0,10000.0,0.0,0,,0,0.0,0.0
2000-02-08,10000.0,10000.0,0.0,0,,0,0.0,0.0
2000-02-09,10000.0,10000.0,0.0,0,,0,0.0,0.0
2000-02-10,10000.0,10000.0,0.0,0,,0,0.0,0.0
2000-02-11,10000.0,10000.0,0.0,0,,0,0.0,0.0
2000-02-14,10000.0,10000.0,0.0,0,,0,0.0,0.0
2000-02-15,10000.0,10000.0,0.0,0,,0,0.0,0.0
2000-02-16,10000.0,10000.0,0.0,0,,0,0.0,0.0
2000-02-17,10000.0,10000.0,0.0,0,,0,0.0,0.0
2000-02-18,10000.0,10000.0,0.0,0,,0,0.0,0.0
2000-02-21,10000.0,10000.0,0.0,0,,0,0.0,0.0
2000-02-22,10000.0,10000.0,0.0,0,,0,0.0,0.0
2000-02-23,10000.0,10000.0,0.0,0,,0,0.0,0.0
2000-02-24,10000.0,10000.0,0.0,0,,0,0.0,0.0
2000-02-25,10000.0,10000.0,0.0,0,,0,0.0,0.0
2000-02-28,10000.0,10000.0,0.0,0,,0,0.0,0.0
2000-02-29,10000.0,10000.0,0.0,0,,0,0.0,0.0
2000-03-01,10000.0,10000.0,0.0,0,,0,0.0,0.0
2000-03-02,10000.0,10000.0,0.0,0,,0,0.0,0.0
2000-03-03,10000.0,10000.0,0.0,0,,0,0.0,0.0
2000-03-06,10000.0,10000.0,0.0,0,,0,0.0,0.0
2000-03-07,10000.0,10000.0,0.0,0,,0,0.0,0.0
2000-03-08,10000.0,10000.0,0.0,0,,0,0.0,0.0
2000-03-09,10000.0,10000.0,0.0,0,,0,0.0,0.0
2000-03-10,10000.0,10000.0,0.0,0,,0,0.0,0.0
2000-03-13,10000.0,10000.0,0.0,0,,0,0.0,0.0
2000-03-14,10000.0,10000.0,0.0,0,,0,0.0,0.0
2000-03-15,10000.0,10000.0,0.0,0,,0,0.0,0.0
2000-03-16,10000.0,10000.0,0.0,0,,0,0.0,0.0
2000-03-17,10000.0,10000.0,0.0,0,,0,0.0,0.0
2000-03-20,10000.0,10000.0,0.0,0,,0,0.0,0.0
2000-03-21,10000.0,10000.0,0.0,0,,0,0.0,0.0
2000-03-22,10000.0,10000.0,0.0,0,,0,0.0,0.0
2000-03-23,10000.0,10000.0,0.0,0,,0,0.0,0.0
2000-03-24,10000.0,10000.0,0.0,0,,0,0.0,0.0
2000-03-27,10000.0,10000.0,0.0,0,,0,0.0,0.0
2000-03-28,10000.0,10000.0,0.0,0,,0,0.0,0.0
2000-03-29,10000.0,10000.0,0.0,0,,0,0.0,0.0
2000-03-30,10000.0,10000.0,0.0,0,,0,0.0,0.0
2000-03-31,10000.0,10000.0,0.0,0,,0,0.0,0.0
2000-04-03,10000.0,10000.0,0.0,0,,0,0.0,0.0
2000-04-04,10000.0,10000.0,0.0,0,,0,0.0,0.0
2000-04-05,10000.0,10000.0,0.0,0,,0,0.0,0.0
2000-04-06,10000.0,10000.0,0.0,0,,0,0.0,0.0
2000-04-07,10000.0,10000.0,0.0,0,,0,0.0,0.0
2000-04-10,10000.0,10000.0,0.0,0,,0,0.0,0.0
2000-04-11,10000.0,10000.0,0.0,0,,0,0.0,0.0
2000-04-12,10000.0,10000.0,0.0,0,,0,0.0,0.0
2000-04-13,10000.0,10000.0,0.0,0,,0,0.0,0.0
2000-04-14,10000.0,10000.0,0.0,0,,0,0.0,0.0
2000-04-17,10000.0,10000.0,0.0,0,,0,0.0,0.0
2000-04-18,10000.0,10000.0,0.0,0,,0,0.0,0.0
2000-04-19,10000.0,10000.0,0.0,0,,0,0.0,0.0
2000-04-20,10000.0,10000.0,0.0,0,,0,0.0,0.0
2000-04-21,10000.0,10000.0,0.0,0,,0,0.0,0.0
2000-04-24,10000.0,10000.0,0.0,0,,0,0.0,0.0
2000-04-25,10000.0,10000.0,0.0,0,,0,0.0,0.0
2000-04-26,10000.0,10000.0,0.0,0,,0,0.0,0.0
2000-04-27,10000.0,10000.0,0.0,0,,0,0.0,0.0
2000-04-28,10000.0,10000.0,0.0,0,,0,0.0,0.0
2000-05-01,10000.0,10000.0,0.0,0,,0,0.0,0.0
2000-05-02,10000.0,10000.0,0.0,0,,0,0.0,0.0
2000-05-03,10000.0,10000.0,0.0,0,,0,0.0,0.0
2000-05-04,10000.0,10000.0,0.0,0,,0,0.0,0.0
2000-05-05,10000.0,10000.0,0.0,0,,0,0.0,0.0
2000-05-08,10000.0,10000.0,0.0,0,,0,0.0,0.0
2000-05-09,10000.0,10000.0,0.0,0,,0,0.0,0.0
2000-05-10,10000.0,10000.0,0.0,0,,0,0.0,0.0
2000-05-11,10000.0,10000.0,0.0,0,,0,0.0,0.0
2000-05-12,10000.0,10000.0,0.0,0,,0,0.0,0.0
2000-05-15,10000.0,10000.0,0.0,0,,0,0.0,0.0
2000-05-16,10000.0,10000.0,0.0,0,,0,0.0,0.0
2000-05-17,10000.0,10000.0,0.0,0,,0,0.0,0.0
2000-05-18,10000.0,10000.0,0.0,0,,0,0.0,0.0
2000-05-19,10000.0,10000.0,0.0,0,,0,0.0,0.0
2000-05-22,10000.0,10000.0,0.0,0,,0,0.0,0.0
2000-05-23,10000.0,10000.0,0.0,0,,0,0.0,0.0
2000-05-24,10000.0,10000.0,0.0,0,,0,0.0,0.0
2000-05-25,10000.0,10000.0,0.0,0,,0,0.0,0.0
2000-05-26,10000.0,10000.0,0.0,0,,0,0.0,0.0
2000-05-29,10000.0,10000.0,0.0,0,,0,0.0,0.0
2000-05-30,10000.0,10000.0,0.0,0,,0,0.0,0.0
2000-05-31,10000.0,10000.0,0.0,0,,0,0.0,0.0
2000-06-01,10000.0,10000.0,0.0,0,,0,0.0,0.0
2000-06-02,10000.0,10000.0,0.0,0,,0,0.0,0.0
2000-06-05,10000.0,10000.0,0.0,0,,0,0.0,0.0
2000-06-06,10000.0,10000.0,0.0,0,,0,0.0,0.0
2000-06-07,10000.0,10000.0,0.0,0,,0,0.0,0.0
2000-06-08,10000.0,10000.0,0.0,0,,0,0.0,0.0
2000-06-09,10000.0,10000.0,0.0,0,,0,0.0,0.0
2000-06-12,10000.0,10000.0,0.0,0,,0,0.0,0.0
2000-06-13,10000.0,10000.0,0.0,0,,0,0.0,0.0
2000-06-14,10000.0,10000.0,0.0,0,,0,0.0,0.0
2000-06-15,10000.0,10000.0,0.0,0,,0,0.0,0.0
2000-06-16,10000.0,10000.0,0.0,0,,0,0.0,0.0
2000-06-19,10000.0,10000.0,0.0,0,,0,0.0,0.0
2000-06-20,10000.0,10000.0,0.0,0,,0,0.0,0.0
2000-06-21,10000.0,10000.0,0.0,0,,0,0.0,0.0
2000-06-22,10000.0,10000.0,0.0,0,,0,0.0,0.0
2000-06-23,10000.0,10000.0,0.0,0,,0,0.0,0.0
2000-06-26,10000.0,10000.0,0.0,0,,0,0.0,0.0
2000-06-27,10000.0,10000.0,0.0,0,,0,0.0,0.0
2000-06-28,10000.0,10000.0,0.0,0,,0,0.0,0.0
2000-06-29,10000.0,10000.0,0.0,0,,0,0.0,0.0
2000-06-30,10000.0,10000.0,0.0,0,,0,0.0,0.0
2000-07-03,10000.0,10000.0,0.0,0,,0,0.0,0.0
2000-07-04,10000.0,10000.0,0.0,0,,0,0.0,0.0
2000-07-05,10000.0,10000.0,0.0,0,,0,0.0,0.0
2000-07-06,10000.0,10000.0,0.0,0,,0,0.0,0.0
2000-07-07,10000.0,10000.0,0.0,0,,0,0.0,0.0
2000-07-10,10000.0,10000.0,0.0,0,,0,0.0,0.0
2000-07-11,10000.0,10000.0,0.0,0,,0,0.0,0.0
2000-07-12,10000.0,10000.0,0.0,0,,0,0.0,0.0
2000-07-13,10000.0,10000.0,0.0,0,,0,0.0,0.0
2000-07-14,10000.0,10000.0,0.0,0,,0,0.0,0.0
2000-07-17,10000.0,10000.0,0.0,0,,0,0.0,0.0
2000-07-18,10000.0,10000.0,0.0,0,,0,0.0,0.0
2000-07-19,10000.0,10000.0,0.0,0,,0,0.0,0.0
2000-07-20,10000.0,10000.0,0.0,0,,0,0.0,0.0
2000-07-21,10000.0,10000.0,0.0,0,,0,0.0,0.0
2000-07-24,10000.0,10000.0,0.0,0,,0,0.0,0.0
2000-07-25,10000.0,10000.0,0.0,0,,0,0.0,0.0
2000-07-26,10000.0,10000.0,0.0,0,,0,0.0,0.0
2000-07-27,10000.0,10000.0,0.0,0,,0,0.0,0.0
2000-07-28,10000.0,10000.0,0.0,0,,0,0.0,0.0
2000-07-31,10000.0,10000.0,0.0,0,,0,0.0,0.0
2000-08-01,10000.0,10000.0,0.0,0,,0,0.0,0.0
2000-08-02,10000.0,10000.0,0.0,0,,0,0.0,0.0
2000-08-03,10000.0,10000.0,0.0,0,,0,0.0,0.0
2000-08-04,10000.0,10000.0,0.0,0,,0,0.0,0.0
2000-08-07,10000.0,10000.0,0.0,0,,0,0.0,0.0
2000-08-08,10000.0,10000.0,0.0,0,,0,0.0,0.0
2000-08-09,10000.0,10000.0,0.0,0,,0,0.0,0.0
2000-08-10,10000.0,10000.0,0.0,0,,0,0.0,0.0
2000-08-11,10000.0,10000.0,0.0,0,,0,0.0,0.0
2000-08-14,10000.0,10000.0,0.0,0,,0,0.0,0.0
2000-08-15,10000.0,10000.0,0.0,0,,0,0.0,0.0
2000-08-16,10000.0,10000.0,0.0,0,,0,0.0,0.0
2000-08-17,10000.0,10000.0,0.0,0,,0,0.0,0.0
2000-08-18,10000.0,10000.0,0.0,0,,0,0.0,0.0
2000-08-21,10000.0,10000.0,0.0,0,,0,0.0,0.0
2000-08-22,10000.0,10000.0,0.0,0,,0,0.0,0.0
2000-08-23,10000.0,10000.0,0.0,0,,0,0.0,0.0
2000-08-24,10000.0,10000.0,0.0,0,,0,0.0,0.0
2000-08-25,10000.0,10000.0,0.0,0,,0,0.0,0.0
2000-08-28,10000.0,10000.0,0.0,0,,0,0.0,0.0
2000-08-29,10000.0,10000.0,0.0,0,,0,0.0,0.0
2000-08-30,10000.0,10000.0,0.0,0,,0,0.0,0.0
2000-08-31,10000.0,10000.0,0.0,0,,0,0.0,0.0
2000-09-01,10000.0,10000.0,0.0,0,,0,0.0,0.0
2000-09-04,10000.0,10000.0,0.0,0,,0,0.0,0.0
2000-09-05,10000.0,10000.0,0.0,0,,0,0.0,0.0
2000-09-06,10000.0,10000.0,0.0,0,,0,0.0,0.0
2000-09-07,10000.0,10000.0,0.0,0,,0,0.0,0.0
2000-09-08,10000.0,10000.0,0.0,0,,0,0.0,0.0
2000-09-11,10000.0,10000.0,0.0,0,,0,0.0,0.0
2000-09-12,10000.0,10000.0,0.0,0,,0,0.0,0.0
2000-09-13,10000.0,10000.0,0.0,0,,0,0.0,0.0
2000-09-14,10000.0,10000.0,0.0,0,,0,0.0,0.0
2000-09-15,10000.0,10000.0,0.0,0,,0,0.0,0.0
2000-09-18,10000.0,10000.0,0.0,0,,0,0.0,0.0
2000-09-19,10000.0,10000.0,0.0,0,,0,0.0,0.0
2000-09-20,10000.0,10000.0,0.0,0,,0,0.0,0.0
2000-09-21,10000.0,10000.0,0.0,0,,0,0.0,0.0
2000-09-22,10000.0,10000.0,0.0,0,,0,0.0,0.0
2000-09-25,10000.0,10000.0,0.0,0,,0,0.0,0.0
2000-09-26,10000.0,10000.0,0.0,0,,0,0.0,0.0
2000-09-27,10000.0,10000.0,0.0,0,,0,0.0,0.0
2000-09-28,10000.0,10000.0,0.0,0,,0,0.0,0.0
2000-09-29,10000.0,10000.0,0.0,0,,0,0.0,0.0
2000-10-02,10000.0,10000.0,0.0,0,,0,0.0,0.0
2000-10-03,10000.0,10000.0,0.0,0,,0,0.0,0.0
2000-10-04,10000.0,10000.0,0.0,0,,0,0.0,0.0
2000-10-05,10000.0,10000.0,0.0,0,,0,0.0,0.0
2000-10-06,10000.0,10000.0,0.0,0,,0,0.0,0.0
2000-10-09,10000.0,10000.0,0.0,0,,0,0.0,0.0
2000-10-10,10000.0,10000.0,0.0,0,,0,0.0,0.0
2000-10-11,10000.0,10000.0,0.0,0,,0,0.0,0.0
2000-10-12,10000.0,10000.0,0.0,0,,0,0.0,0.0
2000-10-13,10000.0,10000.0,0.0,0,,0,0.0,0.0
2000-10-16,10000.0,10000.0,0.0,0,,0,0.0,0.0
2000-10-17,10000.0,10000.0,0.0,0,,0,0.0,0.0
2000-10-18,10000.0,10000.0,0.0,0,,0,0.0,0.0
2000-10-19,10000.0,10000.0,0.0,0,,0,0.0,0.0
2000-10-20,10000.0,10000.0,0.0,0,,0,0.0,0.0
2000-10-23,10000.0,10000.0,0.0,0,,0,0.0,0.0
2000-10-24,10000.0,10000.0,0.0,0,,0,0.0,0.0
2000-10-25,10000.0,10000.0,0.0,0,,0,0.0,0.0
2000-10-26,10000.0,10000.0,0.0,0,,0,0.0,0.0
2000-10-27,10000.0,10000.0,0.0,0,,0,0.0,0.0
2000-10-30,10000.0,10000.0,0.0,0,,0,0.0,0.0
2000-10-31,10000.0,10000.0,0.0,0,,0,0.0,0.0
2000-11-01,10000.0,10000.0,0.0,0,,0,0.0,0.0
2000-11-02,10000.0,10000.0,0.0,0,,0,0.0,0.0
2000-11-03,10000.0,10000.0,0.0,0,,0,0.0,0.0
2000-11-06,10000.0,10000.0,0.0,0,,0,0.0,0.0
2000-11-07,10000.0,10000.0,0.0,0,,0,0.0,0.0
2000-11-08,10000.0,10000.0,0.0,0,,0,0.0,0.0
2000-11-09,10000.0,10000.0,0.0,0,,0,0.0,0.0
2000-11-10,10000.0,10000.0,0.0,0,,0,0.0,0.0
2000-11-13,10000.0,10000.0,0.0,0,,0,0.0,0.0
2000-11-14,10000.0,10000.0,0.0,0,,0,0.0,0.0
2000-11-15,10000.0,10000.0,0.0,0,,0,0.0,0.0
2000-11-16,10000.0,10000.0,0.0,0,,0,0.0,0.0
2000-11-17,10000.0,10000.0,0.0,0,,0,0.0,0.0
2000-11-20,10000.0,10000.0,0.0,0,,0,0.0,0.0
2000-11-21,10000.0,10000.0,0.0,0,,0,0.0,0.0
2000-11-22,10000.0,10000.0,0.0,0,,0,0.0,0.0
2000-11-23,10000.0,10000.0,0.0,0,,0,0.0,0.0
2000-11-24,10000.0,10000.0,0.0,0,,0,0.0,0.0
2000-11-27,10000.0,10000.0,0.0,0,,0,0.0,0.0
2000-11-28,10000.0,10000.0,0.0,0,,0,0.0,0.0
2000-11-29,10000.0,10000.0,0.0,0,,0,0.0,0.0
2000-11-30,10000.0,10000.0,0.0,0,,0,0.0,0.0
2000-12-01,10000.0,10000.0,0.0,0,,0,0.0,0.0
2000-12-04,10000.0,10000.0,0.0,0,,0,0.0,0.0
2000-12-05,10000.0,10000.0,0.0,0,,0,0.0,0.0
2000-12-06,10000.0,10000.0,0.0,0,,0,0.0,0.0
2000-12-07,10000.0,10000.0,0.0,0,,0,0.0,0.0
2000-12-08,10000.0,10000.0,0.0,0,,0,0.0,0.0
2000-12-11,10000.0,10000.0,0.0,0,,0,0.0,0.0
2000-12-12,10000.0,10000.0,0.0,0,,0,0.0,0.0
2000-12-13,10000.0,10000.0,0.0,0,,0,0.0,0.0
2000-12-14,10000.0,10000.0,0.0,0,,0,0.0,0.0
2000-12-15,10000.0,10000.0,0.0,0,,0,0.0,0.0
2000-12-18,10000.0,10000.0,0.0,0,,0,0.0,0.0
2000-12-19,10000.0,10000.0,0.0,0,,0,0.0,0.0
2000-12-20,10000.0,10000.0,0.0,0,,0,0.0,0.0
2000-12-21,10000.0,10000.0,0.0,0,,0,0.0,0.0
2000-12-22,10000.0,10000.0,0.0,0,,0,0.0,0.0
2000-12-25,10000.0,10000.0,0.0,0,,0,0.0,0.0
2000-12-26,10000.0,10000.0,0.0,0,,0,0.0,0.0
2000-12-27,10000.0,10000.0,0.0,0,,0,0.0,0.0
2000-12-28,10000.0,10000.0,0.0,0,,0,0.0,0.0
2000-12-29,10000.0,10000.0,0.0,0,,0,0.0,0.0
2001-01-01,9975.054400750001,0.8044007500011503,0.9999193587605958,1,VALE3,1,0.9979237125,0.0
2001-01-02,9267.204155274232,0.8044007500011503,0.999913199198321,1,VALE3,0,0.0,0.0
2001-01-03,9867.803582497438,0.8044007500011503,0.9999184822900784,1,VALE3,0,0.0,0.0
2001-01-04,9546.053582497438,0.8044007500011503,0.9999157347334111,1,VALE3,0,0.0,0.0
2001-01-05,9438.802764244874,0.8044007500011503,0.9999147772476984,1,VALE3,0,0.0,0.0
2001-01-08,9331.554400750001,0.8044007500011503,0.9999137977752199,1,VALE3,0,0.0,0.0
2001-01-09,9438.802764244874,0.8044007500011503,0.9999147772476984,1,VALE3,0,0.0,0.0
2001-01-10,9436.658533402284,0.8044007500011503,0.9999147578830839,1,VALE3,0,0.0,0.0
2001-01-11,9277.927764244874,0.8044007500011503,0.9999132995243721,1,VALE3,0,0.0,0.0
2001-01-12,9224.303582497438,0.8044007500011503,0.9999127955034429,1,VALE3,0,0.0,0.0
2001-01-15,9331.554400750001,0.8044007500011503,0.9999137977752199,1,VALE3,0,0.0,0.0
2001-01-16,9224.303582497438,0.8044007500011503,0.9999127955034429,1,VALE3,0,0.0,0.0
2001-01-17,9438.802764244874,0.8044007500011503,0.9999147772476984,1,VALE3,0,0.0,0.0
2001-01-18,9975.054400750001,0.8044007500011503,0.9999193587605958,1,VALE3,0,0.0,0.0
2001-01-19,9975.054400750001,0.8044007500011503,0.9999193587605958,1,VALE3,0,0.0,0.0
2001-01-22,9975.054400750001,0.8044007500011503,0.9999193587605958,1,VALE3,0,0.0,0.0
2001-01-23,10232.454155274232,0.8044007500011503,0.9999213873096527,1,VALE3,0,0.0,0.0
2001-01-24,10509.159351654847,0.8044007500011503,0.9999234571745385,1,VALE3,0,0.0,0.0
2001-01-25,10509.159351654847,0.8044007500011503,0.9999234571745385,1,VALE3,0,0.0,0.0
2001-01-26,10522.02964622577,0.8044007500011503,0.9999235507998887,1,VALE3,0,0.0,0.0
2001-01-29,10833.053582497438,0.8044007500011503,0.9999257457055968,1,VALE3,0,0.0,0.0
2001-01-30,10725.802764244874,0.8044007500011503,0.9999250032125631,1,VALE3,0,0.0,0.0
2001-01-31,10940.304400750001,0.8044007500011503,0.9999264736409029,1,VALE3,0,0.0,0.0
2001-02-01,10630.114243066633,4.6143937471752,0.9995659130615473,1,PETR4,2,1.9945103485386964,0.0
2001-02-02,10630.114243066633,4.6143937471752,0.9995659130615473,1,PETR4,0,0.0,0.0
2001-02-05,10590.614092386091,4.6143937471752,0.9995642940336678,1,PETR4,0,0.0,0.0
2001-02-06,10711.089212930525,4.6143937471752,0.999569194723763,1,PETR4,0,0.0,0.0
2001-02-07,10691.339514291609,4.6143937471752,0.9995683989138118,1,PETR4,0,0.0,0.0
2001-02-08,11007.339212930525,4.6143937471752,0.9995807893571814,1,PETR4,0,0.0,0.0
2001-02-09,11066.589062249983,4.6143937471752,0.999583033785639,1,PETR4,0,0.0,0.0
2001-02-12,11009.314634836042,4.6143937471752,0.9995808645769307,1,PETR4,0,0.0,0.0
2001-02-13,11262.114393747175,4.6143937471752,0.9995902728754259,1,PETR4,0,0.0,0.0
2001-02-14,11501.089212930525,4.6143937471752,0.9995987863704259,1,PETR4,0,0.0,0.0
2001-02-15,11441.839363611067,4.6143937471752,0.9995967087458114,1,PETR4,0,0.0,0.0
2001-02-16,11145.589363611067,4.6143937471752,0.9995859892557821,1,PETR4,0,0.0,0.0
2001-02-19,10946.11469510826,4.6143937471752,0.9995784446010567,1,PETR4,0,0.0,0.0
2001-02-20,11104.114544427717,4.6143937471752,0.9995844428901816,1,PETR4,0,0.0,0.0
2001-02-21,11034.989092386091,4.6143937471752,0.9995818397545713,1,PETR4,0,0.0,0.0
2001-02-22,11064.614393747175,4.6143937471752,0.9995829593709309,1,PETR4,0,0.0,0.0
2001-02-23,11005.364544427717,4.6143937471752,0.9995807141391321,1,PETR4,0,0.0,0.0
2001-02-26,11005.364544427717,4.6143937471752,0.9995807141391321,1,PETR4,0,0.0,0.0
2001-02-27,11005.364544427717,4.6143937471752,0.9995807141391321,1,PETR4,0,0.0,0.0
2001-02-28,10849.339363611067,4.6143937471752,0.9995746843570354,1,PETR4,0,0.0,0.0
2001-03-01,11044.86469510826,4.6143937471752,0.9995822136463819,1,PETR4,0,0.0,0.0
2001-03-02,11163.364393747175,4.6143937471752,0.9995866484704414,1,PETR4,0,0.0,0.0
2001-03-05,11242.36469510826,4.6143937471752,0.999589553099164,1,PETR4,0,0.0,0.0
2001-03-06,11252.239544427717,4.6143937471752,0.9995899133031291,1,PETR4,0,0.0,0.0
2001-03-07,11321.364243066633,4.6143937471752,0.9995924171638589,1,PETR4,0,0.0,0.0
2001-03-08,11321.364243066633,4.6143937471752,0.9995924171638589,1,PETR4,0,0.0,0.0
2001-03-09,11281.864092386091,4.6143937471752,0.9995909901316495,1,PETR4,0,0.0,0.0
2001-03-12,10772.3144841555,4.6143937471752,0.9995716432384181,1,PETR4,0,0.0,0.0
2001-03-13,10867.114393747175,4.6143937471752,0.9995753800337438,1,PETR4,0,0.0,0.0
2001-03-14,10867.114393747175,4.6143937471752,0.9995753800337438,1,PETR4,0,0.0,0.0
2001-03-15,9948.739092386091,4.6143937471752,0.9995361830575388,1,PETR4,0,0.0,0.0
2001-03-16,10090.939333474958,4.6143937471752,0.9995427191072424,1,PETR4,0,0.0,0.0
2001-03-19,10094.889423883284,4.6143937471752,0.9995428980394517,1,PETR4,0,0.0,0.0
2001-03-20,9859.86469510826,4.6143937471752,0.9995320023256035,1,PETR4,0,0.0,0.0
2001-03-21,10057.36469510826,4.6143937471752,0.9995411925601724,1,PETR4,0,0.0,0.0
2001-03-22,9464.86469510826,4.6143937471752,0.9995124712401267,1,PETR4,0,0.0,0.0
2001-03-23,9581.389725244368,4.6143937471752,0.9995184003699361,1,PETR4,0,0.0,0.0
2001-03-26,9385.864393747175,4.6143937471752,0.9995083677375257,1,PETR4,0,0.0,0.0
2001-03-27,9601.139423883284,4.6143937471752,0.9995193910281422,1,PETR4,0,0.0,0.0
2001-03-28,9545.83966497215,4.6143937471752,0.9995166068246351,1,PETR4,0,0.0,0.0
2001-03-29,9287.114393747175,4.6143937471752,0.9995031402057154,1,PETR4,0,0.0,0.0
2001-03-30,9281.189634836042,4.6143937471752,0.9995028230292962,1,PETR4,0,0.0,0.0
2001-04-02,8747.787336646243,1.6220458137231617,0.9998145764464429,1,VALE3,2,1.9943097752815084,0.0
2001-04-03,8387.122045813723,1.6220458137231617,0.9998066028126379,1,VALE3,0,0.0,0.0
2001-04-04,8477.287336646243,1.6220458137231617,0.9998086598048044,1,VALE3,0,0.0,0.0
2001-04-05,8747.787336646243,1.6220458137231617,0.9998145764464429,1,VALE3,0,0.0,0.0
2001-04-06,8657.622045813723,1.6220458137231617,0.9998126453424347,1,VALE3,0,0.0,0.0
2001-04-09,8655.817295371218,1.6220458137231617,0.9998126062787173,1,VALE3,0,0.0,0.0
2001-04-10,8655.817295371218,1.6220458137231617,0.9998126062787173,1,VALE3,0,0.0,0.0
2001-04-11,8657.622045813723,1.6220458137231617,0.9998126453424347,1,VALE3,0,0.0,0.0
2001-04-12,8657.622045813723,1.6220458137231617,0.9998126453424347,1,VALE3,0,0.0,0.0
2001-04-13,8657.622045813723,1.6220458137231617,0.9998126453424347,1,VALE3,0,0.0,0.0
2001-04-16,8657.622045813723,1.6220458137231617,0.9998126453424347,1,VALE3,0,0.0,0.0
2001-04-17,8711.722252188845,1.6220458137231617,0.9998138088237012,1,VALE3,0,0.0,0.0
2001-04-18,8639.587439833804,1.6220458137231617,0.9998122542511412,1,VALE3,0,0.0,0.0
2001-04-19,8621.554897605105,1.6220458137231617,0.9998118615687092,1,VALE3,0,0.0,0.0
2001-04-20,8655.817295371218,1.6220458137231617,0.9998126062787173,1,VALE3,0,0.0,0.0
2001-04-23,8747.787336646243,1.6220458137231617,0.9998145764464429,1,VALE3,0,0.0,0.0
2001-04-24,8745.984649954959,1.6220458137231617,0.9998145382276962,1,VALE3,0,0.0,0.0
2001-04-25,8729.754278479739,1.6220458137231617,0.9998141934169074,1,VALE3,0,0.0,0.0
2001-04-26,8747.787336646243,1.6220458137231617,0.9998145764464429,1,VALE3,0,0.0,0.0
2001-04-27,8747.787336646243,1.6220458137231617,0.9998145764464429,1,VALE3,0,0.0,0.0
2001-04-30,8747.787336646243,1.6220458137231617,0.9998145764464429,1,VALE3,0,0.0,0.0
2001-05-01,8704.178158937886,6.6529104103592545,0.9992356647245866,1,PETR4,2,1.9940661047238613,0.0
2001-05-02,8704.178158937886,6.6529104103592545,0.9992356647245866,1,PETR4,0,0.0,0.0
2001-05-03,9078.790534674123,6.6529104103592545,0.999267203006287,1,PETR4,0,0.0,0.0
2001-05-04,9046.21541041036,6.6529104103592545,0.9992645642284061,1,PETR4,0,0.0,0.0
2001-05-07,8769.327786146596,6.6529104103592545,0.9992413431710389,1,PETR4,0,0.0,0.0
2001-05-08,8801.90291041036,6.6529104103592545,0.9992441508980415,1,PETR4,0,0.0,0.0
2001-05-09,8801.90291041036,6.6529104103592545,0.9992441508980415,1,PETR4,0,0.0,0.0
2001-05-10,9339.390286146596,6.6529104103592545,0.9992876504561301,1,PETR4,0,0.0,0.0
2001-05-11,9209.09041041036,6.6529104103592545,0.9992775713871982,1,PETR4,0,0.0,0.0
2001-05-14,9111.365658937886,6.6529104103592545,0.9992698229157522,1,PETR4,0,0.0,0.0
2001-05-15,9062.502661882832,6.6529104103592545,0.9992658859634501,1,PETR4,0,0.0,0.0
2001-05-16,9209.09041041036,6.6529104103592545,0.9992775713871982,1,PETR4,0,0.0,0.0
2001-05-17,9272.611560999349,6.6529104103592545,0.999282520316246,1,PETR4,0,0.0,0.0
2001-05-18,9451.774433790639,6.6529104103592545,0.9992961204843638,1,PETR4,0,0.0,0.0
2001-05-21,9569.044011293843,6.6529104103592545,0.9993047465972037,1,PETR4,0,0.0,0.0
2001-05-22,9697.71541041036,6.6529104103592545,0.9993139713706986,1,PETR4,0,0.0,0.0
2001-05-23,9730.290534674123,6.6529104103592545,0.9993162680614056,1,PETR4,0,0.0,0.0
2001-05-24,9616.27791041036,6.6529104103592545,0.9993081615909668,1,PETR4,0,0.0,0.0
2001-05-25,9437.115658937886,6.6529104103592545,0.9992950271406223,1,PETR4,0,0.0,0.0
2001-05-28,9388.252661882832,6.6529104103592545,0.9992913579715029,1,PETR4,0,0.0,0.0
2001-05-29,9404.540534674123,6.6529104103592545,0.9992925852798624,1,PETR4,0,0.0,0.0
2001-05-30,9404.540534674123,6.6529104103592545,0.9992925852798624,1,PETR4,0,0.0,0.0
2001-05-31,9746.577786146596,6.6529104103592545,0.9993174106279832,1,PETR4,0,0.0,0.0
2001-06-01,9819.87166041036,6.6529104103592545,0.9993225053605149,1,PETR4,0,0.0,0.0
2001-06-04,10170.053158937886,6.6529104103592545,0.9993458332708406,1,PETR4,0,0.0,0.0
2001-06-05,9942.02791041036,6.6529104103592545,0.9993308296385496,1,PETR4,0,0.0,0.0
2001-06-06,9696.086933790639,6.6529104103592545,0.9993138561508588,1,PETR4,0,0.0,0.0
2001-06-07,9534.84041041036,6.6529104103592545,0.999302252568056,1,PETR4,0,0.0,0.0
2001-06-08,9420.827786146596,6.6529104103592545,0.9992938082978077,1,PETR4,0,0.0,0.0
2001-06-11,9551.127661882832,6.6529104103592545,0.9993034424158197,1,PETR4,0,0.0,0.0
2001-06-12,9404.540534674123,6.6529104103592545,0.9992925852798624,1,PETR4,0,0.0,0.0
2001-06-13,9487.606511293843,6.6529104103592545,0.9992987788434902,1,PETR4,0,0.0,0.0
2001-06-14,9487.606511293843,6.6529104103592545,0.9992987788434902,1,PETR4,0,0.0,0.0
2001-06-15,9243.294011293843,6.6529104103592545,0.9992802446398188,1,PETR4,0,0.0,0.0
2001-06-18,9192.803158937886,6.6529104103592545,0.9992762914319675,1,PETR4,0,0.0,0.0
2001-06-19,9306.815161882832,6.6529104103592545,0.9992851571354283,1,PETR4,0,0.0,0.0
2001-06-20,9469.690161882832,6.6529104103592545,0.9992974521556007,1,PETR4,0,0.0,0.0
2001-06-21,9565.786436735585,6.6529104103592545,0.9993045098325831,1,PETR4,0,0.0,0.0
2001-06-22,9323.103034674123,6.6529104103592545,0.9992864059974864,1,PETR4,0,0.0,0.0
2001-06-25,9111.365658937886,6.6529104103592545,0.9992698229157522,1,PETR4,0,0.0,0.0
2001-06-26,9029.928158937886,6.6529104103592545,0.999263237725344,1,PETR4,0,0.0,0.0
2001-06-27,8738.38175982137,6.6529104103592545,0.9992386564705894,1,PETR4,0,0.0,0.0
2001-06-28,8624.369135557607,6.6529104103592545,0.9992285916447001,1,PETR4,0,0.0,0.0
2001-06-29,8801.90291041036,6.6529104103592545,0.9992441508980415,1,PETR4,0,0.0,0.0
2001-07-02,8774.186038802083,2.82079202931709,0.9996785123979771,1,VALE3,2,1.9939345684137348,0.0
2001-07-03,8288.686038802083,2.82079202931709,0.999659681641202,1,VALE3,0,0.0,0.0
2001-07-04,8288.686038802083,2.82079202931709,0.999659681641202,1,VALE3,0,0.0,0.0
2001-07-05,8579.986224005635,2.82079202931709,0.9996712358323577,1,VALE3,0,0.0,0.0
2001-07-06,8738.583433936055,2.82079202931709,0.9996772025980364,1,VALE3,0,0.0,0.0
2001-07-09,8738.583433936055,2.82079202931709,0.9996772025980364,1,VALE3,0,0.0,0.0
2001-07-10,8741.820792029317,2.82079202931709,0.9996773221395834,1,VALE3,0,0.0,0.0
2001-07-11,8579.986224005635,2.82079202931709,0.9996712358323577,1,VALE3,0,0.0,0.0
2001-07-12,8579.986224005635,2.82079202931709,0.9996712358323577,1,VALE3,0,0.0,0.0
2001-07-13,8418.153508017476,2.82079202931709,0.9996649155866983,1,VALE3,0,0.0,0.0
2001-07-16,8288.686038802083,2.82079202931709,0.999659681641202,1,VALE3,0,0.0,0.0
2001-07-17,8256.320792029317,2.82079202931709,0.9996583475738927,1,VALE3,0,0.0,0.0
2001-07-18,8256.320792029317,2.82079202931709,0.9996583475738927,1,VALE3,0,0.0,0.0
2001-07-19,8191.58659441274,2.82079202931709,0.999655647657898,1,VALE3,0,0.0,0.0
2001-07-20,8337.236224005635,2.82079202931709,0.999661663415366,1,VALE3,0,0.0,0.0
2001-07-23,8482.885853598531,2.82079202931709,0.9996674725938791,1,VALE3,0,0.0,0.0
2001-07-24,8223.953693221029,2.82079202931709,0.9996570029289389,1,VALE3,0,0.0,0.0
2001-07-25,8499.070792029317,2.82079202931709,0.9996681058319973,1,VALE3,0,0.0,0.0
2001-07-26,8499.070792029317,2.82079202931709,0.9996681058319973,1,VALE3,0,0.0,0.0
2001-07-27,8450.520606825765,2.82079202931709,0.999666199023639,1,VALE3,0,0.0,0.0
2001-07-30,8337.236224005635,2.82079202931709,0.999661663415366,1,VALE3,0,0.0,0.0
2001-07-31,8547.62097723287,2.82079202931709,0.9996699909791472,1,VALE3,0,0.0,0.0
2001-08-01,8696.618433435908,0.8807596764472692,0.9998987238909941,1,GGBR3,2,1.9945876387072279,0.0
2001-08-02,8696.618433435908,0.8807596764472692,0.9998987238909941,1,GGBR3,0,0.0,0.0
2001-08-03,8696.618433435908,0.8807596764472692,0.9998987238909941,1,GGBR3,0,0.0,0.0
2001-08-06,8696.618433435908,0.8807596764472692,0.9998987238909941,1,GGBR3,0,0.0,0.0
2001-08-07,8696.618433435908,0.8807596764472692,0.9998987238909941,1,GGBR3,0,0.0,0.0
2001-08-08,8696.618433435908,0.8807596764472692,0.9998987238909941,1,GGBR3,0,0.0,0.0
2001-08-09,8696.618433435908,0.8807596764472692,0.9998987238909941,1,GGBR3,0,0.0,0.0
2001-08-10,8696.618433435908,0.8807596764472692,0.9998987238909941,1,GGBR3,0,0.0,0.0
2001-08-13,8696.618433435908,0.8807596764472692,0.9998987238909941,1,GGBR3,0,0.0,0.0
2001-08-14,8696.618433435908,0.8807596764472692,0.9998987238909941,1,GGBR3,0,0.0,0.0
2001-08-15,8696.618433435908,0.8807596764472692,0.9998987238909941,1,GGBR3,0,0.0,0.0
2001-08-16,8696.618433435908,0.8807596764472692,0.9998987238909941,1,GGBR3,0,0.0,0.0
2001-08-17,8696.618433435908,0.8807596764472692,0.9998987238909941,1,GGBR3,0,0.0,0.0
2001-08-20,8696.618433435908,0.8807596764472692,0.9998987238909941,1,GGBR3,0,0.0,0.0
2001-08-21,8696.618433435908,0.8807596764472692,0.9998987238909941,1,GGBR3,0,0.0,0.0
2001-08-22,8696.618433435908,0.8807596764472692,0.9998987238909941,1,GGBR3,0,0.0,0.0
2001-08-23,8696.618433435908,0.8807596764472692,0.9998987238909941,1,GGBR3,0,0.0,0.0
2001-08-24,8696.618433435908,0.8807596764472692,0.9998987238909941,1,GGBR3,0,0.0,0.0
2001-08-27,8696.618433435908,0.8807596764472692,0.9998987238909941,1,GGBR3,0,0.0,0.0
2001-08-28,8696.618433435908,0.8807596764472692,0.9998987238909941,1,GGBR3,0,0.0,0.0
2001-08-29,8696.618433435908,0.8807596764472692,0.9998987238909941,1,GGBR3,0,0.0,0.0
2001-08-30,8696.618433435908,0.8807596764472692,0.9998987238909941,1,GGBR3,0,0.0,0.0
2001-08-31,8696.618433435908,0.8807596764472692,0.9998987238909941,1,GGBR3,0,0.0,0.0
2001-09-03,8674.887784989183,8674.887784989183,0.0,0,,1,0.9993987745290487,0.0
2001-09-04,8674.887784989183,8674.887784989183,0.0,0,,0,0.0,0.0
2001-09-05,8674.887784989183,8674.887784989183,0.0,0,,0,0.0,0.0
2001-09-06,8674.887784989183,8674.887784989183,0.0,0,,0,0.0,0.0
2001-09-07,8674.887784989183,8674.887784989183,0.0,0,,0,0.0,0.0
2001-09-10,8674.887784989183,8674.887784989183,0.0,0,,0,0.0,0.0
2001-09-11,8674.887784989183,8674.887784989183,0.0,0,,0,0.0,0.0
2001-09-12,8674.887784989183,8674.887784989183,0.0,0,,0,0.0,0.0
2001-09-13,8674.887784989183,8674.887784989183,0.0,0,,0,0.0,0.0
2001-09-14,8674.887784989183,8674.887784989183,0.0,0,,0,0.0,0.0
2001-09-17,8674.887784989183,8674.887784989183,0.0,0,,0,0.0,0.0
2001-09-18,8674.887784989183,8674.887784989183,0.0,0,,0,0.0,0.0
2001-09-19,8674.887784989183,8674.887784989183,0.0,0,,0,0.0,0.0
2001-09-20,8674.887784989183,8674.887784989183,0.0,0,,0,0.0,0.0
2001-09-21,8674.887784989183,8674.887784989183,0.0,0,,0,0.0,0.0
2001-09-24,8674.887784989183,8674.887784989183,0.0,0,,0,0.0,0.0
2001-09-25,8674.887784989183,8674.887784989183,0.0,0,,0,0.0,0.0
2001-09-26,8674.887784989183,8674.887784989183,0.0,0,,0,0.0,0.0
2001-09-27,8674.887784989183,8674.887784989183,0.0,0,,0,0.0,0.0
2001-09-28,8674.887784989183,8674.887784989183,0.0,0,,0,0.0,0.0
2001-10-01,8674.887784989183,8674.887784989183,0.0,0,,0,0.0,0.0
2001-10-02,8674.887784989183,8674.887784989183,0.0,0,,0,0.0,0.0
2001-10-03,8674.887784989183,8674.887784989183,0.0,0,,0,0.0,0.0
2001-10-04,8674.887784989183,8674.887784989183,0.0,0,,0,0.0,0.0
2001-10-05,8674.887784989183,8674.887784989183,0.0,0,,0,0.0,0.0
2001-10-08,8674.887784989183,8674.887784989183,0.0,0,,0,0.0,0.0
2001-10-09,8674.887784989183,8674.887784989183,0.0,0,,0,0.0,0.0
2001-10-10,8674.887784989183,8674.887784989183,0.0,0,,0,0.0,0.0
2001-10-11,8674.887784989183,8674.887784989183,0.0,0,,0,0.0,0.0
2001-10-12,8674.887784989183,8674.887784989183,0.0,0,,0,0.0,0.0
2001-10-15,8674.887784989183,8674.887784989183,0.0,0,,0,0.0,0.0
2001-10-16,8674.887784989183,8674.887784989183,0.0,0,,0,0.0,0.0
2001-10-17,8674.887784989183,8674.887784989183,0.0,0,,0,0.0,0.0
2001-10-18,8674.887784989183,8674.887784989183,0.0,0,,0,0.0,0.0
2001-10-19,8674.887784989183,8674.887784989183,0.0,0,,0,0.0,0.0
2001-10-22,8674.887784989183,8674.887784989183,0.0,0,,0,0.0,0.0
2001-10-23,8674.887784989183,8674.887784989183,0.0,0,,0,0.0,0.0
2001-10-24,8674.887784989183,8674.887784989183,0.0,0,,0,0.0,0.0
2001-10-25,8674.887784989183,8674.887784989183,0.0,0,,0,0.0,0.0
2001-10-26,8674.887784989183,8674.887784989183,0.0,0,,0,0.0,0.0
2001-10-29,8674.887784989183,8674.887784989183,0.0,0,,0,0.0,0.0
2001-10-30,8674.887784989183,8674.887784989183,0.0,0,,0,0.0,0.0
2001-10-31,8674.887784989183,8674.887784989183,0.0,0,,0,0.0,0.0
2001-11-01,8656.520502922345,4.271748421002485,0.999506528238504,1,VALE3,1,0.9975125479670404,0.0
2001-11-02,8656.520502922345,4.271748421002485,0.999506528238504,1,VALE3,0,0.0,0.0
2001-11-05,8707.12947261076,4.271748421002485,0.999509396473954,1,VALE3,0,0.0,0.0
2001-11-06,8460.620689747144,4.271748421002485,0.999495102241591,1,VALE3,0,0.0,0.0
2001-11-07,8346.346499321271,4.271748421002485,0.9994881894225994,1,VALE3,0,0.0,0.0
2001-11-08,8330.021748421002,4.271748421002485,0.999487186402387,1,VALE3,0,0.0,0.0
2001-11-09,8281.046561596204,4.271748421002485,0.9994841535560477,1,VALE3,0,0.0,0.0
2001-11-12,8166.770502922345,4.271748421002485,0.999476935415355,1,VALE3,0,0.0,0.0
2001-11-13,8427.9721220706,4.271748421002485,0.999493146351325,1,VALE3,0,0.0,0.0
2001-11-14,8330.021748421002,4.271748421002485,0.999487186402387,1,VALE3,0,0.0,0.0
2001-11-15,8330.021748421002,4.271748421002485,0.999487186402387,1,VALE3,0,0.0,0.0
2001-11-16,8540.614397880841,4.271748421002485,0.9994998312507748,1,VALE3,0,0.0,0.0
2001-11-19,8574.896748421002,4.271748421002485,0.9995018309203794,1,VALE3,0,0.0,0.0
2001-11-20,8493.271125671674,4.271748421002485,0.999497043205404,1,VALE3,0,0.0,0.0
2001-11-21,8574.896748421002,4.271748421002485,0.9995018309203794,1,VALE3,0,0.0,0.0
2001-11-22,8346.346499321271,4.271748421002485,0.9994881894225994,1,VALE3,0,0.0,0.0
2001-11-23,7954.545938846875,4.271748421002485,0.9994629802311983,1,VALE3,0,0.0,0.0
2001-11-26,7930.0588124964725,4.271748421002485,0.9994613219747789,1,VALE3,0,0.0,0.0
2001-11-27,7921.895502922345,4.271748421002485,0.9994607668809281,1,VALE3,0,0.0,0.0
2001-11-28,7889.246935245801,4.271748421002485,0.9994585353385356,1,VALE3,0,0.0,0.0
2001-11-29,7734.158532259275,4.271748421002485,0.9994476776751879,1,VALE3,0,0.0,0.0
2001-11-30,8085.1467484210025,4.271748421002485,0.9994716548067805,1,VALE3,0,0.0,0.0
2001-12-03,8044.833646564221,0.45330598804957845,0.9999436525342891,1,GGBR3,2,1.9944272621144021,0.0
2001-12-04,8044.833646564221,0.45330598804957845,0.9999436525342891,1,GGBR3,0,0.0,0.0
2001-12-05,8044.833646564221,0.45330598804957845,0.9999436525342891,1,GGBR3,0,0.0,0.0
2001-12-06,8044.833646564221,0.45330598804957845,0.9999436525342891,1,GGBR3,0,0.0,0.0
2001-12-07,8268.286097793316,0.45330598804957845,0.9999451753383123,1,GGBR3,0,0.0,0.0
2001-12-10,8268.286097793316,0.45330598804957845,0.9999451753383123,1,GGBR3,0,0.0,0.0
2001-12-11,8268.286097793316,0.45330598804957845,0.9999451753383123,1,GGBR3,0,0.0,0.0
2001-12-12,8268.286097793316,0.45330598804957845,0.9999451753383123,1,GGBR3,0,0.0,0.0
2001-12-13,8268.286097793316,0.45330598804957845,0.9999451753383123,1,GGBR3,0,0.0,0.0
2001-12-14,8268.286097793316,0.45330598804957845,0.9999451753383123,1,GGBR3,0,0.0,0.0
2001-12-17,8268.286097793316,0.45330598804957845,0.9999451753383123,1,GGBR3,0,0.0,0.0
2001-12-18,8268.286097793316,0.45330598804957845,0.9999451753383123,1,GGBR3,0,0.0,0.0
2001-12-19,8268.286097793316,0.45330598804957845,0.9999451753383123,1,GGBR3,0,0.0,0.0
2001-12-20,8268.286097793316,0.45330598804957845,0.9999451753383123,1,GGBR3,0,0.0,0.0
2001-12-21,8268.286097793316,0.45330598804957845,0.9999451753383123,1,GGBR3,0,0.0,0.0
2001-12-24,8268.286097793316,0.45330598804957845,0.9999451753383123,1,GGBR3,0,0.0,0.0
2001-12-25,8268.286097793316,0.45330598804957845,0.9999451753383123,1,GGBR3,0,0.0,0.0
2001-12-26,8268.286097793316,0.45330598804957845,0.9999451753383123,1,GGBR3,0,0.0,0.0
2001-12-27,8268.286097793316,0.45330598804957845,0.9999451753383123,1,GGBR3,0,0.0,0.0
2001-12-28,8268.286097793316,0.45330598804957845,0.9999451753383123,1,GGBR3,0,0.0,0.0
2001-12-31,8268.286097793316,0.45330598804957845,0.9999451753383123,1,GGBR3,0,0.0,0.0
2002-01-01,8227.05489382226,2.388830513544235,0.9997096372220224,1,VALE3,2,1.9946669813652598,0.0
2002-01-02,8068.888830513544,2.388830513544235,0.9997039455414839,1,VALE3,0,0.0,0.0
2002-01-03,8195.421138138361,2.388830513544235,0.9997085164418913,1,VALE3,0,0.0,0.0
2002-01-04,8369.40453180749,2.388830513544235,0.9997145758094897,1,VALE3,0,0.0,0.0
2002-01-07,8369.40453180749,2.388830513544235,0.9997145758094897,1,VALE3,0,0.0,0.0
2002-01-08,8385.220957130976,2.388830513544235,0.9997151141841394,1,VALE3,0,0.0,0.0
2002-01-09,8385.220957130976,2.388830513544235,0.9997151141841394,1,VALE3,0,0.0,0.0
2002-01-10,8543.388830513544,2.388830513544235,0.9997203884124983,1,VALE3,0,0.0,0.0
2002-01-11,8511.755074829645,2.388830513544235,0.9997193492420138,1,VALE3,0,0.0,0.0
2002-01-14,8147.970957130976,2.388830513544235,0.9997068189705004,1,VALE3,0,0.0,0.0
2002-01-15,7970.824459404535,2.388830513544235,0.9997003032088198,1,VALE3,0,0.0,0.0
2002-01-16,7989.80489382226,2.388830513544235,0.9997010151630372,1,VALE3,0,0.0,0.0
2002-01-17,8068.888830513544,2.388830513544235,0.9997039455414839,1,VALE3,0,0.0,0.0
2002-01-18,8021.438649506159,2.388830513544235,0.9997021942549307,1,VALE3,0,0.0,0.0
2002-01-21,7910.720957130976,2.388830513544235,0.9996980261942635,1,VALE3,0,0.0,0.0
2002-01-22,7989.80489382226,2.388830513544235,0.9997010151630372,1,VALE3,0,0.0,0.0
2002-01-23,8227.05489382226,2.388830513544235,0.9997096372220224,1,VALE3,0,0.0,0.0
2002-01-24,8464.30489382226,2.388830513544235,0.9997177759374798,1,VALE3,0,0.0,0.0
2002-01-25,8464.30489382226,2.388830513544235,0.9997177759374798,1,VALE3,0,0.0,0.0
2002-01-28,8424.763830513544,2.388830513544235,0.999716451337794,1,VALE3,0,0.0,0.0
2002-01-29,8725.27953180749,2.388830513544235,0.9997262173085876,1,VALE3,0,0.0,0.0
2002-01-30,8227.05489382226,2.388830513544235,0.9997096372220224,1,VALE3,0,0.0,0.0
2002-01-31,8100.520776123591,2.388830513544235,0.9997051016126537,1,VALE3,0,0.0,0.0
2002-02-01,8208.07860167257,8208.07860167257,0.0,0,,1,0.9992098381675625,0.0
2002-02-04,8208.07860167257,8208.07860167257,0.0,0,,0,0.0,0.0
2002-02-05,8208.07860167257,8208.07860167257,0.0,0,,0,0.0,0.0
2002-02-06,8208.07860167257,8208.07860167257,0.0,0,,0,0.0,0.0
2002-02-07,8208.07860167257,8208.07860167257,0.0,0,,0,0.0,0.0
2002-02-08,8208.07860167257,8208.07860167257,0.0,0,,0,0.0,0.0
2002-02-11,8208.07860167257,8208.07860167257,0.0,0,,0,0.0,0.0
2002-02-12,8208.07860167257,8208.07860167257,0.0,0,,0,0.0,0.0
2002-02-13,8208.07860167257,8208.07860167257,0.0,0,,0,0.0,0.0
2002-02-14,8208.07860167257,8208.07860167257,0.0,0,,0,0.0,0.0
2002-02-15,8208.07860167257,8208.07860167257,0.0,0,,0,0.0,0.0
2002-02-18,8208.07860167257,8208.07860167257,0.0,0,,0,0.0,0.0
2002-02-19,8208.07860167257,8208.07860167257,0.0,0,,0,0.0,0.0
2002-02-20,8208.07860167257,8208.07860167257,0.0,0,,0,0.0,0.0
2002-02-21,8208.07860167257,8208.07860167257,0.0,0,,0,0.0,0.0
2002-02-22,8208.07860167257,8208.07860167257,0.0,0,,0,0.0,0.0
2002-02-25,8208.07860167257,8208.07860167257,0.0,0,,0,0.0,0.0
2002-02-26,8208.07860167257,8208.07860167257,0.0,0,,0,0.0,0.0
2002-02-27,8208.07860167257,8208.07860167257,0.0,0,,0,0.0,0.0
2002-02-28,8208.07860167257,8208.07860167257,0.0,0,,0,0.0,0.0
2002-03-01,8418.35656321306,2.5575696255655203,0.9996961913401552,1,PETR4,1,0.9976930221995176,0.0
2002-03-04,8419.807569625566,2.5575696255655203,0.9996962436962583,1,PETR4,0,0.0,0.0
2002-03-05,8273.23156321306,2.5575696255655203,0.999690862076563,1,PETR4,0,0.0,0.0
2002-03-06,8112.142724635789,2.5575696255655203,0.9996847232953879,1,PETR4,0,0.0,0.0
2002-03-07,8202.120069625566,2.5575696255655203,0.9996881818842135,1,PETR4,0,0.0,0.0
2002-03-08,8187.607791068742,2.5575696255655203,0.9996876291963624,1,PETR4,0,0.0,0.0
2002-03-11,8290.646408202836,2.5575696255655203,0.9996915114335313,1,PETR4,0,0.0,0.0
2002-03-12,8419.807569625566,2.5575696255655203,0.9996962436962583,1,PETR4,0,0.0,0.0
2002-03-13,8419.807569625566,2.5575696255655203,0.9996962436962583,1,PETR4,0,0.0,0.0
2002-03-14,8506.88234818239,2.5575696255655203,0.9996993528861826,1,PETR4,0,0.0,0.0
2002-03-15,8710.057569625566,2.5575696255655203,0.9997063659332764,1,PETR4,0,0.0,0.0
2002-03-18,8739.082680347154,2.5575696255655203,0.9997073411799482,1,PETR4,0,0.0,0.0
2002-03-19,8746.338819625566,2.5575696255655203,0.9997075839756142,1,PETR4,0,0.0,0.0
2002-03-20,8666.520180347154,2.5575696255655203,0.9997048908244205,1,PETR4,0,0.0,0.0
2002-03-21,8535.907458903977,2.5575696255655203,0.9997003751929272,1,PETR4,0,0.0,0.0
2002-03-22,8427.063708903977,2.5575696255655203,0.999696505246203,1,PETR4,0,0.0,0.0
2002-03-25,8231.145180347154,2.5575696255655203,0.9996892814341712,1,PETR4,0,0.0,0.0
2002-03-26,8334.183797481248,2.5575696255655203,0.9996931229634822,1,PETR4,0,0.0,0.0
2002-03-27,8434.31984818239,2.5575696255655203,0.999696766346119,1,PETR4,0,0.0,0.0
2002-03-28,8383.526319625566,2.5575696255655203,0.9996949291350612,1,PETR4,0,0.0,0.0
2002-03-29,8383.526319625566,2.5575696255655203,0.9996949291350612,1,PETR4,0,0.0,0.0
2002-04-01,8550.420291068742,2.5575696255655203,0.9997008837532539,1,PETR4,0,0.0,0.0
2002-04-02,8434.31984818239,2.5575696255655203,0.999696766346119,1,PETR4,0,0.0,0.0
2002-04-03,8313.866386058518,2.5575696255655203,0.9996923730179433,1,PETR4,0,0.0,0.0
2002-04-04,8406.746297481248,2.5575696255655203,0.9996957717605524,1,PETR4,0,0.0,0.0
2002-04-05,8263.072303893754,2.5575696255655203,0.9996904819985225,1,PETR4,0,0.0,0.0
2002-04-08,8347.245069625566,2.5575696255655203,0.9996936031463995,1,PETR4,0,0.0,0.0
2002-04-09,8100.532458903977,2.5575696255655203,0.9996842714181394,1,PETR4,0,0.0,0.0
2002-04-10,8116.496297481248,2.5575696255655203,0.9996848924053154,1,PETR4,0,0.0,0.0
2002-04-11,8086.020180347154,2.5575696255655203,0.9996837047684123,1,PETR4,0,0.0,0.0
2002-04-12,8017.811253192613,2.5575696255655203,0.9996810139893794,1,PETR4,0,0.0,0.0
2002-04-15,8100.532458903977,2.5575696255655203,0.9996842714181394,1,PETR4,0,0.0,0.0
2002-04-16,8144.069848182389,2.5575696255655203,0.9996859592718085,1,PETR4,0,0.0,0.0
2002-04-17,8231.145180347154,2.5575696255655203,0.9996892814341712,1,PETR4,0,0.0,0.0
2002-04-18,8187.607791068742,2.5575696255655203,0.9996876291963624,1,PETR4,0,0.0,0.0
2002-04-19,8117.947303893754,2.5575696255655203,0.999684948727822,1,PETR4,0,0.0,0.0
2002-04-22,8086.020180347154,2.5575696255655203,0.9996837047684123,1,PETR4,0,0.0,0.0
2002-04-23,8106.337591769883,2.5575696255655203,0.9996844975185635,1,PETR4,0,0.0,0.0
2002-04-24,8194.863930347154,2.5575696255655203,0.9996879057849766,1,PETR4,0,0.0,0.0
2002-04-25,8029.421518924424,2.5575696255655203,0.999681475232115,1,PETR4,0,0.0,0.0
2002-04-26,7853.819848182389,2.5575696255655203,0.9996743534133703,1,PETR4,0,0.0,0.0
2002-04-29,7984.4325696255655,2.5575696255655203,0.999679680477822,1,PETR4,0,0.0,0.0
2002-04-30,7972.822303893754,2.5575696255655203,0.9996792140188153,1,PETR4,0,0.0,0.0
2002-05-01,7933.066115494363,0.8402744489831093,0.9998940794849368,1,GGBR3,2,1.9945849725135019,0.0
2002-05-02,7933.066115494363,0.8402744489831093,0.9998940794849368,1,GGBR3,0,0.0,0.0
2002-05-03,7933.066115494363,0.8402744489831093,0.9998940794849368,1,GGBR3,0,0.0,0.0
2002-05-06,7933.066115494363,0.8402744489831093,0.9998940794849368,1,GGBR3,0,0.0,0.0
2002-05-07,7866.436287518136,0.8402744489831093,0.999893182323193,1,GGBR3,0,0.0,0.0
2002-05-08,7866.436287518136,0.8402744489831093,0.999893182323193,1,GGBR3,0,0.0,0.0
2002-05-09,7866.436287518136,0.8402744489831093,0.999893182323193,1,GGBR3,0,0.0,0.0
2002-05-10,7866.436287518136,0.8402744489831093,0.999893182323193,1,GGBR3,0,0.0,0.0
2002-05-13,7866.436287518136,0.8402744489831093,0.999893182323193,1,GGBR3,0,0.0,0.0
2002-05-14,7777.592393513314,0.8402744489831093,0.9998919621386068,1,GGBR3,0,0.0,0.0
2002-05-15,7869.608337040536,0.8402744489831093,0.999893225378825,1,GGBR3,0,0.0,0.0
2002-05-16,8186.89722930967,0.8402744489831093,0.9998973635034804,1,GGBR3,0,0.0,0.0
2002-05-17,7933.066115494363,0.8402744489831093,0.9998940794849368,1,GGBR3,0,0.0,0.0
2002-05-20,8091.709236260049,0.8402744489831093,0.9998961561241947,1,GGBR3,0,0.0,0.0
2002-05-21,8091.709236260049,0.8402744489831093,0.9998961561241947,1,GGBR3,0,0.0,0.0
2002-05-22,8091.709236260049,0.8402744489831093,0.9998961561241947,1,GGBR3,0,0.0,0.0
2002-05-23,8091.709236260049,0.8402744489831093,0.9998961561241947,1,GGBR3,0,0.0,0.0
2002-05-24,8091.709236260049,0.8402744489831093,0.9998961561241947,1,GGBR3,0,0.0,0.0
2002-05-27,8091.709236260049,0.8402744489831093,0.9998961561241947,1,GGBR3,0,0.0,0.0
2002-05-28,8091.709236260049,0.8402744489831093,0.9998961561241947,1,GGBR3,0,0.0,0.0
2002-05-29,8091.709236260049,0.8402744489831093,0.9998961561241947,1,GGBR3,0,0.0,0.0
2002-05-30,8091.709236260049,0.8402744489831093,0.9998961561241947,1,GGBR3,0,0.0,0.0
2002-05-31,8884.93367588102,0.8402744489831093,0.9999054270431681,1,GGBR3,0,0.0,0.0
2002-06-03,8736.057270393367,3.5397966957043536,0.999594806148112,1,VALE3,2,1.9945180810511502,0.0
2002-06-04,8932.564665184016,3.5397966957043536,0.9996037200033377,1,VALE3,0,0.0,0.0
2002-06-05,8909.581024990077,3.5397966957043536,0.9996026977378873,1,VALE3,0,0.0,0.0
2002-06-06,8840.6307619667,3.5397966957043536,0.9995995990794081,1,VALE3,0,0.0,0.0
2002-06-07,8840.6307619667,3.5397966957043536,0.9995995990794081,1,VALE3,0,0.0,0.0
2002-06-10,8794.664796695704,3.5397966957043536,0.9995975063544168,1,VALE3,0,0.0,0.0
2002-06-11,8898.089533672328,3.5397966957043536,0.9996021846394881,1,VALE3,0,0.0,0.0
2002-06-12,8978.531288013453,3.5397966957043536,0.9996057488043251,1,VALE3,0,0.0,0.0
2002-06-13,8731.459621772761,3.5397966957043536,0.9995945927887157,1,VALE3,0,0.0,0.0
2002-06-14,8737.206024990077,3.5397966957043536,0.9995948594223851,1,VALE3,0,0.0,0.0
2002-06-17,8679.74725328445,3.5397966957043536,0.999592177445678,1,VALE3,0,0.0,0.0
2002-06-18,8737.206024990077,3.5397966957043536,0.9995948594223851,1,VALE3,0,0.0,0.0
2002-06-19,8691.24005971908,3.5397966957043536,0.9995927167272585,1,VALE3,0,0.0,0.0
2002-06-20,8668.2557619667,3.5397966957043536,0.9995916367960397,1,VALE3,0,0.0,0.0
2002-06-21,8564.831024990077,3.5397966957043536,0.9995867056004519,1,VALE3,0,0.0,0.0
2002-06-24,8162.6222532844495,3.5397966957043536,0.9995663407437139,1,VALE3,0,0.0,0.0
2002-06-25,8380.964533672328,3.5397966957043536,0.9995776385067038,1,VALE3,0,0.0,0.0
2002-06-26,8392.456024990077,3.5397966957043536,0.9995782168312632,1,VALE3,0,0.0,0.0
2002-06-27,8794.664796695704,3.5397966957043536,0.9995975063544168,1,VALE3,0,0.0,0.0
2002-06-28,8932.564665184016,3.5397966957043536,0.9996037200033377,1,VALE3,0,0.0,0.0
2002-07-01,9001.514928207393,3.5397966957043536,0.9996067554490621,1,VALE3,0,0.0,0.0
2002-07-02,8988.873367176051,3.5397966957043536,0.9996062024070079,1,VALE3,0,0.0,0.0
2002-07-03,9024.49725328445,3.5397966957043536,0.9996077569091822,1,VALE3,0,0.0,0.0
2002-07-04,8990.022121772761,3.5397966957043536,0.9996062527268835,1,VALE3,0,0.0,0.0
2002-07-05,9024.49725328445,3.5397966957043536,0.9996077569091822,1,VALE3,0,0.0,0.0
2002-07-08,8909.581024990077,3.5397966957043536,0.9996026977378873,1,VALE3,0,0.0,0.0
2002-07-09,8909.581024990077,3.5397966957043536,0.9996026977378873,1,VALE3,0,0.0,0.0
2002-07-10,8737.206024990077,3.5397966957043536,0.9995948594223851,1,VALE3,0,0.0,0.0
2002-07-11,8633.781288013453,3.5397966957043536,0.9995900062119226,1,VALE3,0,0.0,0.0
2002-07-12,8737.206024990077,3.5397966957043536,0.9995948594223851,1,VALE3,0,0.0,0.0
2002-07-15,8840.6307619667,3.5397966957043536,0.9995995990794081,1,VALE3,0,0.0,0.0
2002-07-16,8991.172191486354,3.5397966957043536,0.9996063030914861,1,VALE3,0,0.0,0.0
2002-07-17,8990.022121772761,3.5397966957043536,0.9996062527268835,1,VALE3,0,0.0,0.0
2002-07-18,8738.354779586787,3.5397966957043536,0.9995949126826512,1,VALE3,0,0.0,0.0
2002-07-19,8760.189665184016,3.5397966957043536,0.9995959223680084,1,VALE3,0,0.0,0.0
2002-07-22,8629.18495450973,3.5397966957043536,0.9995897878288199,1,VALE3,0,0.0,0.0
2002-07-23,8656.764928207393,3.5397966957043536,0.999591094742082,1,VALE3,0,0.0,0.0
2002-07-24,8564.831024990077,3.5397966957043536,0.9995867056004519,1,VALE3,0,0.0,0.0
2002-07-25,8563.682270393367,3.5397966957043536,0.999586650160067,1,VALE3,0,0.0,0.0
2002-07-26,8220.081024990077,3.5397966957043536,0.9995693720432994,1,VALE3,0,0.0,0.0
2002-07-29,8220.081024990077,3.5397966957043536,0.9995693720432994,1,VALE3,0,0.0,0.0
2002-07-30,8909.581024990077,3.5397966957043536,0.9996026977378873,1,VALE3,0,0.0,0.0
2002-07-31,9541.62225328445,3.5397966957043536,0.9996290152133737,1,VALE3,0,0.0,0.0
2002-08-01,9024.49725328445,3.5397966957043536,0.9996077569091822,1,VALE3,0,0.0,0.0
2002-08-02,8739.50484930038,3.5397966957043536,0.9995949659898652,1,VALE3,0,0.0,0.0
2002-08-05,8794.664796695704,3.5397966957043536,0.9995975063544168,1,VALE3,0,0.0,0.0
2002-08-06,8691.24005971908,3.5397966957043536,0.9995927167272585,1,VALE3,0,0.0,0.0
2002-08-07,8622.289796695704,3.5397966957043536,0.9995894597863016,1,VALE3,0,0.0,0.0
2002-08-08,8587.814665184016,3.5397966957043536,0.999587811703709,1,VALE3,0,0.0,0.0
2002-08-09,8829.139928207393,3.5397966957043536,0.9995990779708457,1,VALE3,0,0.0,0.0
2002-08-12,8944.056156501765,3.5397966957043536,0.9996042291513195,1,VALE3,0,0.0,0.0
2002-08-13,8852.12225328445,3.5397966957043536,0.9996001188647851,1,VALE3,0,0.0,0.0
2002-08-14,8967.039796695704,3.5397966957043536,0.9996052435613134,1,VALE3,0,0.0,0.0
2002-08-15,8852.12225328445,3.5397966957043536,0.9996001188647851,1,VALE3,0,0.0,0.0
2002-08-16,9265.822516307826,3.5397966957043536,0.9996179727499125,1,VALE3,0,0.0,0.0
2002-08-19,8737.206024990077,3.5397966957043536,0.9995948594223851,1,VALE3,0,0.0,0.0
2002-08-20,8737.206024990077,3.5397966957043536,0.9995948594223851,1,VALE3,0,0.0,0.0
2002-08-21,8955.546990261073,3.5397966957043536,0.9996047369636323,1,VALE3,0,0.0,0.0
2002-08-22,8967.039796695704,3.5397966957043536,0.9996052435613134,1,VALE3,0,0.0,0.0
2002-08-23,8945.204911098475,3.5397966957043536,0.9996042799767155,1,VALE3,0,0.0,0.0
2002-08-26,8933.713419780726,3.5397966957043536,0.9996037709595803,1,VALE3,0,0.0,0.0
2002-08-27,9071.613288269038,3.5397966957043536,0.9996097941365862,1,VALE3,0,0.0,0.0
2002-08-28,9056.674875602717,3.5397966957043536,0.9996091505166824,1,VALE3,0,0.0,0.0
2002-08-29,8737.206024990077,3.5397966957043536,0.9995948594223851,1,VALE3,0,0.0,0.0
2002-08-30,8622.289796695704,3.5397966957043536,0.9995894597863016,1,VALE3,0,0.0,0.0
2002-09-02,8626.178409509508,1.5837997721118882,0.9998163961261958,1,GGBR3,2,1.9944205696614608,0.0
2002-09-03,8626.178409509508,1.5837997721118882,0.9998163961261958,1,GGBR3,0,0.0,0.0
2002-09-04,8626.178409509508,1.5837997721118882,0.9998163961261958,1,GGBR3,0,0.0,0.0
2002-09-05,7987.318989448397,1.5837997721118882,0.9998017107149215,1,GGBR3,0,0.0,0.0
2002-09-06,7987.318989448397,1.5837997721118882,0.9998017107149215,1,GGBR3,0,0.0,0.0
2002-09-09,7987.318989448397,1.5837997721118882,0.9998017107149215,1,GGBR3,0,0.0,0.0
2002-09-10,7987.318989448397,1.5837997721118882,0.9998017107149215,1,GGBR3,0,0.0,0.0
2002-09-11,7984.125541858522,1.5837997721118882,0.9998016314042397,1,GGBR3,0,0.0,0.0
2002-09-12,7984.125541858522,1.5837997721118882,0.9998016314042397,1,GGBR3,0,0.0,0.0
2002-09-13,7984.125541858522,1.5837997721118882,0.9998016314042397,1,GGBR3,0,0.0,0.0
2002-09-16,8019.260581664888,1.5837997721118882,0.9998025005228371,1,GGBR3,0,0.0,0.0
2002-09-17,8019.260581664888,1.5837997721118882,0.9998025005228371,1,GGBR3,0,0.0,0.0
2002-09-18,8019.260581664888,1.5837997721118882,0.9998025005228371,1,GGBR3,0,0.0,0.0
2002-09-19,7667.8897241877,1.5837997721118882,0.9997934503717345,1,GGBR3,0,0.0,0.0
2002-09-20,7667.8897241877,1.5837997721118882,0.9997934503717345,1,GGBR3,0,0.0,0.0
2002-09-23,7667.8897241877,1.5837997721118882,0.9997934503717345,1,GGBR3,0,0.0,0.0
2002-09-24,7667.8897241877,1.5837997721118882,0.9997934503717345,1,GGBR3,0,0.0,0.0
2002-09-25,7667.8897241877,1.5837997721118882,0.9997934503717345,1,GGBR3,0,0.0,0.0
2002-09-26,7667.8897241877,1.5837997721118882,0.9997934503717345,1,GGBR3,0,0.0,0.0
2002-09-27,7667.8897241877,1.5837997721118882,0.9997934503717345,1,GGBR3,0,0.0,0.0
2002-09-30,7667.8897241877,1.5837997721118882,0.9997934503717345,1,GGBR3,0,0.0,0.0
2002-10-01,7365.157958440413,3.2416281028881713,0.999559869846488,1,VALE3,2,1.9943821390279723,0.0
2002-10-02,7470.95785754167,3.2416281028881713,0.999566102745498,1,VALE3,0,0.0,0.0
2002-10-03,7673.741628102888,3.2416281028881713,0.9995775687715343,1,VALE3,0,0.0,0.0
2002-10-04,7523.858059339155,3.2416281028881713,0.9995691534745443,1,VALE3,0,0.0,0.0
2002-10-07,7551.1890062614575,3.2416281028881713,0.999570712890354,1,VALE3,0,0.0,0.0
2002-10-08,7497.407958440413,3.2416281028881713,0.9995676334913537,1,VALE3,0,0.0,0.0
2002-10-09,7671.096567563643,3.2416281028881713,0.9995774231135878,1,VALE3,0,0.0,0.0
2002-10-10,7753.091426305403,3.2416281028881713,0.9995818921866586,1,VALE3,0,0.0,0.0
2002-10-11,7585.574288777937,3.2416281028881713,0.9995726588417064,1,VALE3,0,0.0,0.0
2002-10-14,7497.407958440413,3.2416281028881713,0.9995676334913537,1,VALE3,0,0.0,0.0
2002-10-15,7522.976708821882,3.2416281028881713,0.9995691029989383,1,VALE3,0,0.0,0.0
2002-10-16,7629.657958440413,3.2416281028881713,0.9995751279912487,1,VALE3,0,0.0,0.0
2002-10-17,7762.7893089576855,3.2416281028881713,0.9995824145195918,1,VALE3,0,0.0,0.0
2002-10-18,7850.074288777937,3.2416281028881713,0.9995870576527508,1,VALE3,0,0.0,0.0
2002-10-21,8026.407958440413,3.2416281028881713,0.9995961296610298,1,VALE3,0,0.0,0.0
2002-10-22,8026.407958440413,3.2416281028881713,0.9995961296610298,1,VALE3,0,0.0,0.0
2002-10-23,8281.209066800704,3.2416281028881713,0.999608556181019,1,VALE3,0,0.0,0.0
2002-10-24,8343.808160237899,3.2416281028881713,0.9996114929729165,1,VALE3,0,0.0,0.0
2002-10-25,8467.241628102889,3.2416281028881713,0.9996171565374808,1,VALE3,0,0.0,0.0
2002-10-28,8528.958362035384,3.2416281028881713,0.9996199268462468,1,VALE3,0,0.0,0.0
2002-10-29,8590.674086980453,3.2416281028881713,0.9996226573060428,1,VALE3,0,0.0,0.0
2002-10-30,8431.974490575423,3.2416281028881713,0.9996155552763457,1,VALE3,0,0.0,0.0
2002-10-31,8467.241628102889,3.2416281028881713,0.9996171565374808,1,VALE3,0,0.0,0.0
2002-11-01,8286.499187879195,3.2416281028881713,0.9996088060796976,1,VALE3,0,0.0,0.0
2002-11-04,8291.789308957686,3.2416281028881713,0.999609055659508,1,VALE3,0,0.0,0.0
2002-11-05,7910.027817182173,3.2416281028881713,0.9995901875217371,1,VALE3,0,0.0,0.0
2002-11-06,8125.154026441206,3.2416281028881713,0.9996010379505005,1,VALE3,0,0.0,0.0
2002-11-07,8379.074288777938,3.2416281028881713,0.9996131281343059,1,VALE3,0,0.0,0.0
2002-11-08,8334.991628102889,3.2416281028881713,0.9996110820205314,1,VALE3,0,0.0,0.0
2002-11-11,8237.126406125655,3.2416281028881713,0.999606461289646,1,VALE3,0,0.0,0.0
2002-11-12,8282.091426305404,3.2416281028881713,0.9996085978847573,1,VALE3,0,0.0,0.0
2002-11-13,8291.789308957686,3.2416281028881713,0.999609055659508,1,VALE3,0,0.0,0.0
2002-11-14,8379.074288777938,3.2416281028881713,0.9996131281343059,1,VALE3,0,0.0,0.0
2002-11-15,8379.074288777938,3.2416281028881713,0.9996131281343059,1,VALE3,0,0.0,0.0
2002-11-18,8687.657958440413,3.2416281028881713,0.9996268697365394,1,VALE3,0,0.0,0.0
2002-11-19,8423.157958440413,3.2416281028881713,0.9996151528774738,1,VALE3,0,0.0,0.0
2002-11-20,8116.33799879991,3.2416281028881713,0.9996006045949087,1,VALE3,0,0.0,0.0
2002-11-21,8537.773885182967,3.2416281028881713,0.9996203192838692,1,VALE3,0,0.0,0.0
2002-11-22,8467.241628102889,3.2416281028881713,0.9996171565374808,1,VALE3,0,0.0,0.0
2002-11-25,8379.074288777938,3.2416281028881713,0.9996131281343059,1,VALE3,0,0.0,0.0
2002-11-26,8423.157958440413,3.2416281028881713,0.9996151528774738,1,VALE3,0,0.0,0.0
2002-11-27,8493.691224507918,3.2416281028881713,0.999618348722928,1,VALE3,0,0.0,0.0
2002-11-28,8493.691224507918,3.2416281028881713,0.999618348722928,1,VALE3,0,0.0,0.0
2002-11-29,8819.907958440413,3.2416281028881713,0.9996324646336261,1,VALE3,0,0.0,0.0
2002-12-02,8952.157958440413,3.2416281028881713,0.9996378942241705,1,VALE3,0,0.0,0.0
2002-12-03,9073.827716283431,3.2416281028881713,0.9996427496527103,1,VALE3,0,0.0,0.0
2002-12-04,8952.157958440413,3.2416281028881713,0.9996378942241705,1,VALE3,0,0.0,0.0
2002-12-05,9083.527112416854,3.2416281028881713,0.9996431311248625,1,VALE3,0,0.0,0.0
2002-12-06,9190.208362035384,3.2416281028881713,0.9996472737096712,1,VALE3,0,0.0,0.0
2002-12-09,9199.90674918138,3.2416281028881713,0.9996476455478011,1,VALE3,0,0.0,0.0
2002-12-10,9481.157958440413,3.2416281028881713,0.9996580978697857,1,VALE3,0,0.0,0.0
2002-12-11,9613.407958440413,3.2416281028881713,0.9996628013585918,1,VALE3,0,0.0,0.0
2002-12-12,9595.773885182967,3.2416281028881713,0.9996621816914741,1,VALE3,0,0.0,0.0
2002-12-13,9392.991628102889,3.2416281028881713,0.9996548886413152,1,VALE3,0,0.0,0.0
2002-12-16,9119.674086980453,3.2416281028881713,0.9996445456195067,1,VALE3,0,0.0,0.0
2002-12-17,9084.407958440413,3.2416281028881713,0.9996431657277262,1,VALE3,0,0.0,0.0
2002-12-18,8908.074288777938,3.2416281028881713,0.9996361022598371,1,VALE3,0,0.0,0.0
2002-12-19,8828.724490575423,3.2416281028881713,0.9996328316614309,1,VALE3,0,0.0,0.0
2002-12-20,8775.824288777938,3.2416281028881713,0.9996306183902253,1,VALE3,0,0.0,0.0
2002-12-23,8829.60634558641,3.2416281028881713,0.9996328683322887,1,VALE3,0,0.0,0.0
2002-12-24,8829.60634558641,3.2416281028881713,0.9996328683322887,1,VALE3,0,0.0,0.0
2002-12-25,8829.60634558641,3.2416281028881713,0.9996328683322887,1,VALE3,0,0.0,0.0
2002-12-26,8996.241628102889,3.2416281028881713,0.9996396686264225,1,VALE3,0,0.0,0.0
2002-12-27,8996.241628102889,3.2416281028881713,0.9996396686264225,1,VALE3,0,0.0,0.0
2002-12-30,9075.591426305404,3.2416281028881713,0.9996428190791519,1,VALE3,0,0.0,0.0
2002-12-31,9075.591426305404,3.2416281028881713,0.9996428190791519,1,VALE3,0,0.0,0.0
2003-01-01,9030.345698774418,4.385928571780823,0.9995143122181495,1,TUPY3,2,1.99417156670734,0.0
2003-01-02,9030.345698774418,4.385928571780823,0.9995143122181495,1,TUPY3,0,0.0,0.0
2003-01-03,9030.345698774418,4.385928571780823,0.9995143122181495,1,TUPY3,0,0.0,0.0
2003-01-06,8950.025775373539,4.385928571780823,0.9995099535261843,1,TUPY3,0,0.0,0.0
2003-01-07,8950.025775373539,4.385928571780823,0.9995099535261843,1,TUPY3,0,0.0,0.0
2003-01-08,8950.025775373539,4.385928571780823,0.9995099535261843,1,TUPY3,0,0.0,0.0
2003-01-09,8950.025775373539,4.385928571780823,0.9995099535261843,1,TUPY3,0,0.0,0.0
2003-01-10,8950.025775373539,4.385928571780823,0.9995099535261843,1,TUPY3,0,0.0,0.0
2003-01-13,8950.025775373539,4.385928571780823,0.9995099535261843,1,TUPY3,0,0.0,0.0
2003-01-14,9431.946273267826,4.385928571780823,0.9995349922015341,1,TUPY3,0,0.0,0.0
2003-01-15,10044.38592857178,4.385928571780823,0.9995633452753637,1,TUPY3,0,0.0,0.0
2003-01-16,10044.38592857178,4.385928571780823,0.9995633452753637,1,TUPY3,0,0.0,0.0
2003-01-17,10044.38592857178,4.385928571780823,0.9995633452753637,1,TUPY3,0,0.0,0.0
2003-01-20,10044.38592857178,4.385928571780823,0.9995633452753637,1,TUPY3,0,0.0,0.0
2003-01-21,10044.38592857178,4.385928571780823,0.9995633452753637,1,TUPY3,0,0.0,0.0
2003-01-22,10044.38592857178,4.385928571780823,0.9995633452753637,1,TUPY3,0,0.0,0.0
2003-01-23,10044.38592857178,4.385928571780823,0.9995633452753637,1,TUPY3,0,0.0,0.0
2003-01-24,10044.38592857178,4.385928571780823,0.9995633452753637,1,TUPY3,0,0.0,0.0
2003-01-27,10044.38592857178,4.385928571780823,0.9995633452753637,1,TUPY3,0,0.0,0.0
2003-01-28,10044.38592857178,4.385928571780823,0.9995633452753637,1,TUPY3,0,0.0,0.0
2003-01-29,10044.38592857178,4.385928571780823,0.9995633452753637,1,TUPY3,0,0.0,0.0
2003-01-30,10044.38592857178,4.385928571780823,0.9995633452753637,1,TUPY3,0,0.0,0.0
2003-01-31,10044.38592857178,4.385928571780823,0.9995633452753637,1,TUPY3,0,0.0,0.0
2003-02-03,10044.38592857178,4.385928571780823,0.9995633452753637,1,TUPY3,0,0.0,0.0
2003-02-04,10044.38592857178,4.385928571780823,0.9995633452753637,1,TUPY3,0,0.0,0.0
2003-02-05,11048.38592857178,4.385928571780823,0.999603025401164,1,TUPY3,0,0.0,0.0
2003-02-06,11048.38592857178,4.385928571780823,0.999603025401164,1,TUPY3,0,0.0,0.0
2003-02-07,11048.38592857178,4.385928571780823,0.999603025401164,1,TUPY3,0,0.0,0.0
2003-02-10,11048.38592857178,4.385928571780823,0.999603025401164,1,TUPY3,0,0.0,0.0
2003-02-11,11048.38592857178,4.385928571780823,0.999603025401164,1,TUPY3,0,0.0,0.0
2003-02-12,11048.38592857178,4.385928571780823,0.999603025401164,1,TUPY3,0,0.0,0.0
2003-02-13,11048.38592857178,4.385928571780823,0.999603025401164,1,TUPY3,0,0.0,0.0
2003-02-14,11048.38592857178,4.385928571780823,0.999603025401164,1,TUPY3,0,0.0,0.0
2003-02-17,11048.38592857178,4.385928571780823,0.999603025401164,1,TUPY3,0,0.0,0.0
2003-02-18,11048.38592857178,4.385928571780823,0.999603025401164,1,TUPY3,0,0.0,0.0
2003-02-19,11048.38592857178,4.385928571780823,0.999603025401164,1,TUPY3,0,0.0,0.0
2003-02-20,11048.38592857178,4.385928571780823,0.999603025401164,1,TUPY3,0,0.0,0.0
2003-02-21,11048.38592857178,4.385928571780823,0.999603025401164,1,TUPY3,0,0.0,0.0
2003-02-24,11048.38592857178,4.385928571780823,0.999603025401164,1,TUPY3,0,0.0,0.0
2003-02-25,11048.38592857178,4.385928571780823,0.999603025401164,1,TUPY3,0,0.0,0.0
2003-02-26,11048.38592857178,4.385928571780823,0.999603025401164,1,TUPY3,0,0.0,0.0
2003-02-27,11048.38592857178,4.385928571780823,0.999603025401164,1,TUPY3,0,0.0,0.0
2003-02-28,11048.38592857178,4.385928571780823,0.999603025401164,1,TUPY3,0,0.0,0.0
2003-03-03,10993.302651921353,3.9701247607081314,0.9996388596869918,1,VALE3,2,1.9942555714355337,0.0
2003-03-04,10993.302651921353,3.9701247607081314,0.9996388596869918,1,VALE3,0,0.0,0.0
2003-03-05,10993.302651921353,3.9701247607081314,0.9996388596869918,1,VALE3,0,0.0,0.0
2003-03-06,10771.402410069546,3.9701247607081314,0.999631419882986,1,VALE3,0,0.0,0.0
2003-03-07,10518.859544316372,3.9701247607081314,0.9996225707982903,1,VALE3,0,0.0,0.0
2003-03-10,10490.330705205044,3.9701247607081314,0.999621544365733,1,VALE3,0,0.0,0.0
2003-03-11,10464.970124760708,3.9701247607081314,0.9996206272246,1,VALE3,0,0.0,0.0
2003-03-12,10404.74056009396,3.9701247607081314,0.9996184311624323,1,VALE3,0,0.0,0.0
2003-03-13,10253.63638834103,3.9701247607081314,0.9996128081189594,1,VALE3,0,0.0,0.0
2003-03-14,10169.103135624966,3.9701247607081314,0.9996095894881034,1,VALE3,0,0.0,0.0
2003-03-17,10158.536630192837,3.9701247607081314,0.9996091833986297,1,VALE3,0,0.0,0.0
2003-03-18,10116.270003834805,3.9701247607081314,0.9996075505340206,1,VALE3,0,0.0,0.0
2003-03-19,9969.392797032437,3.9701247607081314,0.9996017686491508,1,VALE3,0,0.0,0.0
2003-03-20,10169.103135624966,3.9701247607081314,0.9996095894881034,1,VALE3,0,0.0,0.0
2003-03-21,9915.502772847256,3.9701247607081314,0.9995996042912135,1,VALE3,0,0.0,0.0
2003-03-24,9788.70289377316,3.9701247607081314,0.9995944176870223,1,VALE3,0,0.0,0.0
2003-03-25,9830.970124760708,3.9701247607081314,0.9995961614458874,1,VALE3,0,0.0,0.0
2003-03-26,9735.870366612515,3.9701247607081314,0.9995922167601653,1,VALE3,0,0.0,0.0
2003-03-27,9894.370366612515,3.9701247607081314,0.9995987491256538,1,VALE3,0,0.0,0.0
2003-03-28,9778.13638834103,3.9701247607081314,0.9995939794043533,1,VALE3,0,0.0,0.0
2003-03-31,9619.63638834103,3.9701247607081314,0.9995872895190175,1,VALE3,0,0.0,0.0
2003-04-01,9571.669470651304,0.5508392883893976,0.9999424510750107,1,GGBR3,2,1.9945413575487556,0.0
2003-04-02,8865.979720456755,0.5508392883893976,0.9999378704547318,1,GGBR3,0,0.0,0.0
2003-04-03,8865.979720456755,0.5508392883893976,0.9999378704547318,1,GGBR3,0,0.0,0.0
2003-04-04,8865.979720456755,0.5508392883893976,0.9999378704547318,1,GGBR3,0,0.0,0.0
2003-04-07,8865.979720456755,0.5508392883893976,0.9999378704547318,1,GGBR3,0,0.0,0.0
2003-04-08,8865.979720456755,0.5508392883893976,0.9999378704547318,1,GGBR3,0,0.0,0.0
2003-04-09,9114.210137231505,0.5508392883893976,0.9999395625863244,1,GGBR3,0,0.0,0.0
2003-04-10,9114.210137231505,0.5508392883893976,0.9999395625863244,1,GGBR3,0,0.0,0.0
2003-04-11,9114.210137231505,0.5508392883893976,0.9999395625863244,1,GGBR3,0,0.0,0.0
2003-04-14,9085.84136997,0.5508392883893976,0.99993937388229,1,GGBR3,0,0.0,0.0
2003-04-15,9575.214702470457,0.5508392883893976,0.9999424723825516,1,GGBR3,0,0.0,0.0
2003-04-16,9397.903735025084,0.5508392883893976,0.9999413870046001,1,GGBR3,0,0.0,0.0
2003-04-17,9575.214702470457,0.5508392883893976,0.9999424723825516,1,GGBR3,0,0.0,0.0
2003-04-18,9575.214702470457,0.5508392883893976,0.9999424723825516,1,GGBR3,0,0.0,0.0
2003-04-21,9575.214702470457,0.5508392883893976,0.9999424723825516,1,GGBR3,0,0.0,0.0
2003-04-22,9575.214702470457,0.5508392883893976,0.9999424723825516,1,GGBR3,0,0.0,0.0
2003-04-23,9575.214702470457,0.5508392883893976,0.9999424723825516,1,GGBR3,0,0.0,0.0
2003-04-24,9575.214702470457,0.5508392883893976,0.9999424723825516,1,GGBR3,0,0.0,0.0
2003-04-25,9397.903735025084,0.5508392883893976,0.9999413870046001,1,GGBR3,0,0.0,0.0
2003-04-28,9575.214702470457,0.5508392883893976,0.9999424723825516,1,GGBR3,0,0.0,0.0
2003-04-29,9752.520732267058,0.5508392883893976,0.9999435182653273,1,GGBR3,0,0.0,0.0
2003-04-30,10248.985515935576,0.5508392883893976,0.999946254262187,1,GGBR3,0,0.0,0.0
2003-05-01,10197.87380984686,1.6051845874608262,0.999842596151179,1,PETR4,2,1.994800088954424,0.0
2003-05-02,10363.417840513212,1.6051845874608262,0.9998451105019441,1,PETR4,0,0.0,0.0
2003-05-05,10526.91768458746,1.6051845874608262,0.9998475161832213,1,PETR4,0,0.0,0.0
2003-05-06,10486.04252866171,1.6051845874608262,0.999846921793129,1,PETR4,0,0.0,0.0
2003-05-07,10698.592715772611,1.6051845874608262,0.9998499630156876,1,PETR4,0,0.0,0.0
2003-05-08,10424.73018458746,1.6051845874608262,0.9998460214740297,1,PETR4,0,0.0,0.0
2003-05-09,10669.980340513212,1.6051845874608262,0.9998495606799418,1,PETR4,0,0.0,0.0
2003-05-12,10935.66768458746,1.6051845874608262,0.9998532156761015,1,PETR4,0,0.0,0.0
2003-05-13,11109.38612273596,1.6051845874608262,0.9998555109553555,1,PETR4,0,0.0,0.0
2003-05-14,11037.85518458746,1.6051845874608262,0.999854574592562,1,PETR4,0,0.0,0.0
2003-05-15,11242.23018458746,1.6051845874608262,0.9998572183133502,1,PETR4,0,0.0,0.0
2003-05-16,11099.16752866171,1.6051845874608262,0.9998553779296225,1,PETR4,0,0.0,0.0
2003-05-19,10776.255434068662,1.6051845874608262,0.9998510443078041,1,PETR4,0,0.0,0.0
2003-05-20,10853.91737273596,1.6051845874608262,0.9998521101154231,1,PETR4,0,0.0,0.0
2003-05-21,10935.66768458746,1.6051845874608262,0.9998532156761015,1,PETR4,0,0.0,0.0
2003-05-22,10874.355340513212,1.6051845874608262,0.9998523880692513,1,PETR4,0,0.0,0.0
2003-05-23,10894.79252866171,1.6051845874608262,0.9998526649696873,1,PETR4,0,0.0,0.0
2003-05-26,10639.32377866171,1.6051845874608262,0.9998491271982266,1,PETR4,0,0.0,0.0
2003-05-27,10892.749121698362,1.6051845874608262,0.9998526373306199,1,PETR4,0,0.0,0.0
2003-05-28,10958.149059328061,1.6051845874608262,0.9998535168139464,1,PETR4,0,0.0,0.0
2003-05-29,10776.255434068662,1.6051845874608262,0.9998510443078041,1,PETR4,0,0.0,0.0
2003-05-30,10792.60502866171,1.6051845874608262,0.9998512699590879,1,PETR4,0,0.0,0.0
2003-06-02,10721.074090513212,1.6051845874608262,0.9998502776332009,1,PETR4,0,0.0,0.0
2003-06-03,10710.855496438962,1.6051845874608262,0.9998501347919413,1,PETR4,0,0.0,0.0
2003-06-04,11037.85518458746,1.6051845874608262,0.999854574592562,1,PETR4,0,0.0,0.0
2003-06-05,11017.417996438962,1.6051845874608262,0.9998543048300446,1,PETR4,0,0.0,0.0
2003-06-06,11101.211715253812,1.6051845874608262,0.999855404560454,1,PETR4,0,0.0,0.0
2003-06-09,11078.730340513212,1.6051845874608262,0.9998551111419699,1,PETR4,0,0.0,0.0
2003-06-10,10829.39259103201,1.6051845874608262,0.9998517751966265,1,PETR4,0,0.0,0.0
2003-06-11,10935.66768458746,1.6051845874608262,0.9998532156761015,1,PETR4,0,0.0,0.0
2003-06-12,11107.342715772611,1.6051845874608262,0.9998554843738474,1,PETR4,0,0.0,0.0
2003-06-13,11062.37996629141,1.6051845874608262,0.9998548969939243,1,PETR4,0,0.0,0.0
2003-06-16,11099.16752866171,1.6051845874608262,0.9998553779296225,1,PETR4,0,0.0,0.0
2003-06-17,11199.311621698362,1.6051845874608262,0.9998566711382197,1,PETR4,0,0.0,0.0
2003-06-18,10937.71109155081,1.6051845874608262,0.999853243098668,1,PETR4,0,0.0,0.0
2003-06-19,10937.71109155081,1.6051845874608262,0.999853243098668,1,PETR4,0,0.0,0.0
2003-06-20,10445.16737273596,1.6051845874608262,0.9998463227509737,1,PETR4,0,0.0,0.0
2003-06-23,10199.917996438962,1.6051845874608262,0.9998426276968088,1,PETR4,0,0.0,0.0
2003-06-24,10324.58609155081,1.6051845874608262,0.9998445279478299,1,PETR4,0,0.0,0.0
2003-06-25,10261.230340513212,1.6051845874608262,0.9998435680192147,1,PETR4,0,0.0,0.0
2003-06-26,10251.011746438962,1.6051845874608262,0.9998434120819325,1,PETR4,0,0.0,0.0
2003-06-27,10365.46124747656,1.6051845874608262,0.999845141036261,1,PETR4,0,0.0,0.0
2003-06-30,10424.73018458746,1.6051845874608262,0.9998460214740297,1,PETR4,0,0.0,0.0
2003-07-01,10393.077483300398,0.6634379665356391,0.9999361653978235,1,GGBR3,2,1.9947933734213856,0.0
2003-07-02,10393.077483300398,0.6634379665356391,0.9999361653978235,1,GGBR3,0,0.0,0.0
2003-07-03,10393.077483300398,0.6634379665356391,0.9999361653978235,1,GGBR3,0,0.0,0.0
2003-07-04,10393.077483300398,0.6634379665356391,0.9999361653978235,1,GGBR3,0,0.0,0.0
2003-07-07,10393.077483300398,0.6634379665356391,0.9999361653978235,1,GGBR3,0,0.0,0.0
2003-07-08,10393.077483300398,0.6634379665356391,0.9999361653978235,1,GGBR3,0,0.0,0.0
2003-07-09,10393.077483300398,0.6634379665356391,0.9999361653978235,1,GGBR3,0,0.0,0.0
2003-07-10,10393.077483300398,0.6634379665356391,0.9999361653978235,1,GGBR3,0,0.0,0.0
2003-07-11,10393.077483300398,0.6634379665356391,0.9999361653978235,1,GGBR3,0,0.0,0.0
2003-07-14,10393.077483300398,0.6634379665356391,0.9999361653978235,1,GGBR3,0,0.0,0.0
2003-07-15,10808.771797303389,0.6634379665356391,0.999938620411368,1,GGBR3,0,0.0,0.0
2003-07-16,10393.077483300398,0.6634379665356391,0.9999361653978235,1,GGBR3,0,0.0,0.0
2003-07-17,10393.077483300398,0.6634379665356391,0.9999361653978235,1,GGBR3,0,0.0,0.0
2003-07-18,10912.69706166191,0.6634379665356391,0.9999392049497217,1,GGBR3,0,0.0,0.0
2003-07-21,10912.69706166191,0.6634379665356391,0.9999392049497217,1,GGBR3,0,0.0,0.0
2003-07-22,10912.69706166191,0.6634379665356391,0.9999392049497217,1,GGBR3,0,0.0,0.0
2003-07-23,10912.69706166191,0.6634379665356391,0.9999392049497217,1,GGBR3,0,0.0,0.0
2003-07-24,10912.69706166191,0.6634379665356391,0.9999392049497217,1,GGBR3,0,0.0,0.0
2003-07-25,10393.077483300398,0.6634379665356391,0.9999361653978235,1,GGBR3,0,0.0,0.0
2003-07-28,10808.771797303389,0.6634379665356391,0.999938620411368,1,GGBR3,0,0.0,0.0
2003-07-29,11141.330845002363,0.6634379665356391,0.9999404525387707,1,GGBR3,0,0.0,0.0
2003-07-30,11141.330845002363,0.6634379665356391,0.9999404525387707,1,GGBR3,0,0.0,0.0
2003-07-31,11307.611492757032,0.6634379665356391,0.9999413281958829,1,GGBR3,0,0.0,0.0
2003-08-01,11348.46890950572,8.319409612531672,0.9992669134771508,1,VALE3,2,1.994217217073525,0.0
2003-08-04,11392.169492963667,8.319409612531672,0.999269725611292,1,VALE3,0,0.0,0.0
2003-08-05,10998.869242910261,8.319409612531672,0.9992436122815176,1,VALE3,0,0.0,0.0
2003-08-06,10878.69357610118,8.319409612531672,0.9992352565540766,1,VALE3,0,0.0,0.0
2003-08-07,10773.813676122541,8.319409612531672,0.9992278120020797,1,VALE3,0,0.0,0.0
2003-08-08,10982.481992963667,8.319409612531672,0.9992424836555287,1,VALE3,0,0.0,0.0
2003-08-11,11234.848392728682,8.319409612531672,0.9992594996103449,1,VALE3,0,0.0,0.0
2003-08-12,11524.361476186628,8.319409612531672,0.9992781023374073,1,VALE3,0,0.0,0.0
2003-08-13,11523.26874280345,8.319409612531672,0.9992780338809917,1,VALE3,0,0.0,0.0
2003-08-14,12002.876176122541,8.319409612531672,0.9993068819930775,1,VALE3,0,0.0,0.0
2003-08-15,12113.218492750044,8.319409612531672,0.999313195777199,1,VALE3,0,0.0,0.0
2003-08-18,12244.318992856855,8.319409612531672,0.9993205494223578,1,VALE3,0,0.0,0.0
2003-08-19,12376.510976079817,8.319409612531672,0.9993278065499549,1,VALE3,0,0.0,0.0
2003-08-20,12714.093075994368,8.319409612531672,0.9993456544982953,1,VALE3,0,0.0,0.0
2003-08-21,12462.819409612532,8.319409612531672,0.9993324616734706,1,VALE3,0,0.0,0.0
2003-08-22,12102.294909719343,8.319409612531672,0.9993125758647766,1,VALE3,0,0.0,0.0
2003-08-25,11971.194409612532,8.319409612531672,0.999305047656243,1,VALE3,0,0.0,0.0
2003-08-26,11929.679292920942,8.319409612531672,0.9993026292318296,1,VALE3,0,0.0,0.0
2003-08-27,11905.644159559126,8.319409612531672,0.9993012213786138,1,VALE3,0,0.0,0.0
2003-08-28,12058.593075994368,8.319409612531672,0.9993100845546323,1,VALE3,0,0.0,0.0
2003-08-29,12113.218492750044,8.319409612531672,0.999313195777199,1,VALE3,0,0.0,0.0
2003-09-01,12052.831524414512,2.9212778038709075,0.9997576272597892,1,GGBR3,2,1.9940845490227816,0.0
2003-09-02,12230.037030977699,2.9212778038709075,0.9997611390876028,1,GGBR3,0,0.0,0.0
2003-09-03,12761.65067605445,2.9212778038709075,0.9997710893458828,1,GGBR3,0,0.0,0.0
2003-09-04,12761.65067605445,2.9212778038709075,0.9997710893458828,1,GGBR3,0,0.0,0.0
2003-09-05,12761.65067605445,2.9212778038709075,0.9997710893458828,1,GGBR3,0,0.0,0.0
2003-09-08,12407.239662928077,2.9212778038709075,0.9997645505460333,1,GGBR3,0,0.0,0.0
2003-09-09,12761.65067605445,2.9212778038709075,0.9997710893458828,1,GGBR3,0,0.0,0.0
2003-09-10,12761.65067605445,2.9212778038709075,0.9997710893458828,1,GGBR3,0,0.0,0.0
2003-09-11,12407.239662928077,2.9212778038709075,0.9997645505460333,1,GGBR3,0,0.0,0.0
2003-09-12,13080.618671459648,2.9212778038709075,0.9997766712815928,1,GGBR3,0,0.0,0.0
2003-09-15,13080.618671459648,2.9212778038709075,0.9997766712815928,1,GGBR3,0,0.0,0.0
2003-09-16,13080.618671459648,2.9212778038709075,0.9997766712815928,1,GGBR3,0,0.0,0.0
2003-09-17,13080.618671459648,2.9212778038709075,0.9997766712815928,1,GGBR3,0,0.0,0.0
2003-09-18,12761.65067605445,2.9212778038709075,0.9997710893458828,1,GGBR3,0,0.0,0.0
2003-09-19,13116.057856363746,2.9212778038709075,0.9997772747089207,1,GGBR3,0,0.0,0.0
2003-09-22,13116.057856363746,2.9212778038709075,0.9997772747089207,1,GGBR3,0,0.0,0.0
2003-09-23,13116.057856363746,2.9212778038709075,0.9997772747089207,1,GGBR3,0,0.0,0.0
2003-09-24,13116.057856363746,2.9212778038709075,0.9997772747089207,1,GGBR3,0,0.0,0.0
2003-09-25,12123.714685244056,2.9212778038709075,0.9997590443292578,1,GGBR3,0,0.0,0.0
2003-09-26,11347.557728571388,2.9212778038709075,0.9997425633009546,1,GGBR3,0,0.0,0.0
2003-09-29,11521.21883754203,2.9212778038709075,0.9997464436840352,1,GGBR3,0,0.0,0.0
2003-09-30,12368.255122227165,2.9212778038709075,0.999763808413151,1,GGBR3,0,0.0,0.0
2003-10-01,12848.187888717894,2.0805984499493206,0.9998380628873138,1,VALE3,2,1.9946066105288072,0.0
2003-10-02,13337.212648010496,2.0805984499493206,0.9998440005040888,1,VALE3,0,0.0,0.0
2003-10-03,13621.163129425291,2.0805984499493206,0.9998472525121255,1,VALE3,0,0.0,0.0
2003-10-06,13831.49686393762,2.0805984499493206,0.9998495753228724,1,VALE3,0,0.0,0.0
2003-10-07,13830.446176147703,2.0805984499493206,0.9998495638952316,1,VALE3,0,0.0,0.0
2003-10-08,13463.413129425291,2.0805984499493206,0.9998454627790183,1,VALE3,0,0.0,0.0
2003-10-09,13463.413129425291,2.0805984499493206,0.9998454627790183,1,VALE3,0,0.0,0.0
2003-10-10,13260.441430664305,2.0805984499493206,0.9998430973462815,1,VALE3,0,0.0,0.0
2003-10-13,14094.413129425291,2.0805984499493206,0.9998523813350124,1,VALE3,0,0.0,0.0
2003-10-14,14041.83059844995,2.0805984499493206,0.9998518285464733,1,VALE3,0,0.0,0.0
2003-10-15,14026.055839157347,2.0805984499493206,0.9998516619016915,1,VALE3,0,0.0,0.0
2003-10-16,13884.08059844995,2.0805984499493206,0.9998501450322766,1,VALE3,0,0.0,0.0
2003-10-17,13894.597104645018,2.0805984499493206,0.9998502584541114,1,VALE3,0,0.0,0.0
2003-10-20,13778.913129425291,2.0805984499493206,0.9998490012651646,1,VALE3,0,0.0,0.0
2003-10-21,13695.831767654661,2.0805984499493206,0.9998480852798687,1,VALE3,0,0.0,0.0
2003-10-22,13358.24686393762,2.0805984499493206,0.999844246144637,1,VALE3,0,0.0,0.0
2003-10-23,13163.687888717894,2.0805984499493206,0.9998419441065803,1,VALE3,0,0.0,0.0
2003-10-24,13043.797551727537,2.0805984499493206,0.9998404913567772,1,VALE3,0,0.0,0.0
2003-10-27,13074.296382522825,2.0805984499493206,0.9998408634477087,1,VALE3,0,0.0,0.0
2003-10-28,13204.70322570825,2.0805984499493206,0.9998424350464842,1,VALE3,0,0.0,0.0
2003-10-29,13411.881286239866,2.0805984499493206,0.9998448690078935,1,VALE3,0,0.0,0.0
2003-10-30,13854.633658981566,2.0805984499493206,0.9998498265272716,1,VALE3,0,0.0,0.0
2003-10-31,13673.74686393762,2.0805984499493206,0.9998478399175695,1,VALE3,0,0.0,0.0
2003-11-03,13779.965020752195,2.0805984499493206,0.9998490127916279,1,VALE3,0,0.0,0.0
2003-11-04,13905.113610840086,2.0805984499493206,0.9998503717043831,1,VALE3,0,0.0,0.0
2003-11-05,13642.197345352415,2.0805984499493206,0.9998474880257718,1,VALE3,0,0.0,0.0
2003-11-06,13284.630117035154,2.0805984499493206,0.9998433830350096,1,VALE3,0,0.0,0.0
2003-11-07,13147.913129425291,2.0805984499493206,0.9998417544724042,1,VALE3,0,0.0,0.0
2003-11-10,12779.83059844995,2.0805984499493206,0.9998371967113396,1,VALE3,0,0.0,0.0
2003-11-11,12874.480357742552,2.0805984499493206,0.9998383935978667,1,VALE3,0,0.0,0.0
2003-11-12,13147.913129425291,2.0805984499493206,0.9998417544724042,1,VALE3,0,0.0,0.0
2003-11-13,13438.172551727537,2.0805984499493206,0.9998451725156869,1,VALE3,0,0.0,0.0
2003-11-14,13463.413129425291,2.0805984499493206,0.9998454627790183,1,VALE3,0,0.0,0.0
2003-11-17,13123.725646591429,2.0805984499493206,0.9998414628203928,1,VALE3,0,0.0,0.0
2003-11-18,13132.138370132689,2.0805984499493206,0.9998415643826385,1,VALE3,0,0.0,0.0
2003-11-19,12981.750405884031,2.0805984499493206,0.9998397289745298,1,VALE3,0,0.0,0.0
2003-11-20,13042.74686393762,2.0805984499493206,0.9998404785071999,1,VALE3,0,0.0,0.0
2003-11-21,12969.130117035154,2.0805984499493206,0.9998395730144448,1,VALE3,0,0.0,0.0
2003-11-24,12979.646623230223,2.0805984499493206,0.9998397029972892,1,VALE3,0,0.0,0.0
2003-11-25,13421.347104645018,2.0805984499493206,0.9998449784188035,1,VALE3,0,0.0,0.0
2003-11-26,13442.380117035154,2.0805984499493206,0.9998452209778451,1,VALE3,0,0.0,0.0
2003-11-27,13200.49686393762,2.0805984499493206,0.9998423848381318,1,VALE3,0,0.0,0.0
2003-11-28,13568.58059844995,2.0805984499493206,0.9998466605674151,1,VALE3,0,0.0,0.0
2003-12-01,13994.875172131735,0.4336638385830156,0.999969012668334,1,GGBR3,2,1.994824498162626,0.0
2003-12-02,13813.132126801687,0.4336638385830156,0.9999686049597873,1,GGBR3,0,0.0,0.0
2003-12-03,14354.733890526968,0.4336638385830156,0.9999697894895238,1,GGBR3,0,0.0,0.0
2003-12-04,14354.733890526968,0.4336638385830156,0.9999697894895238,1,GGBR3,0,0.0,0.0
2003-12-05,14354.733890526968,0.4336638385830156,0.9999697894895238,1,GGBR3,0,0.0,0.0
2003-12-08,14354.733890526968,0.4336638385830156,0.9999697894895238,1,GGBR3,0,0.0,0.0
2003-12-09,14176.622148507315,0.4336638385830156,0.9999694099317848,1,GGBR3,0,0.0,0.0
2003-12-10,14176.622148507315,0.4336638385830156,0.9999694099317848,1,GGBR3,0,0.0,0.0
2003-12-11,15445.208869450766,0.4336638385830156,0.9999719224361258,1,GGBR3,0,0.0,0.0
2003-12-12,14540.112170212942,0.4336638385830156,0.9999701746565978,1,GGBR3,0,0.0,0.0
2003-12-15,14176.622148507315,0.4336638385830156,0.9999694099317848,1,GGBR3,0,0.0,0.0
2003-12-16,14176.622148507315,0.4336638385830156,0.9999694099317848,1,GGBR3,0,0.0,0.0
2003-12-17,14903.607105725485,0.4336638385830156,0.9999709020886349,1,GGBR3,0,0.0,0.0
2003-12-18,15448.845086568075,0.4336638385830156,0.9999719290447827,1,GGBR3,0,0.0,0.0
2003-12-19,15448.845086568075,0.4336638385830156,0.9999719290447827,1,GGBR3,0,0.0,0.0
2003-12-22,15448.845086568075,0.4336638385830156,0.9999719290447827,1,GGBR3,0,0.0,0.0
2003-12-23,17080.92084645577,0.4336638385830156,0.9999746112143203,1,GGBR3,0,0.0,0.0
2003-12-24,17080.92084645577,0.4336638385830156,0.9999746112143203,1,GGBR3,0,0.0,0.0
2003-12-25,17080.92084645577,0.4336638385830156,0.9999746112143203,1,GGBR3,0,0.0,0.0
2003-12-26,16721.067041867453,0.4336638385830156,0.9999740648226876,1,GGBR3,0,0.0,0.0
2003-12-29,18756.62138413735,0.4336638385830156,0.9999768794267527,1,GGBR3,0,0.0,0.0
2003-12-30,18756.62138413735,0.4336638385830156,0.9999768794267527,1,GGBR3,0,0.0,0.0
2003-12-31,18756.62138413735,0.4336638385830156,0.9999768794267527,1,GGBR3,0,0.0,0.0
2004-01-01,18663.083199399327,3.958199399326986,0.999787912888935,1,VALE3,2,1.99477632046148,0.0
2004-01-02,19213.499026196812,3.958199399326986,0.9997939886225862,1,VALE3,0,0.0,0.0
2004-01-05,19818.958199399327,3.958199399326986,0.9998002821662216,1,VALE3,0,0.0,0.0
2004-01-06,19796.94060887656,3.958199399326986,0.9998000600457653,1,VALE3,0,0.0,0.0
2004-01-07,18828.208199399327,3.958199399326986,0.9997897729110806,1,VALE3,0,0.0,0.0
2004-01-08,19202.490860837315,3.958199399326986,0.9997938705229434,1,VALE3,0,0.0,0.0
2004-01-09,19157.35587109885,3.958199399326986,0.9997933848791054,1,VALE3,0,0.0,0.0
2004-01-12,18718.124026196812,3.958199399326986,0.9997885365331597,1,VALE3,0,0.0,0.0
2004-01-13,18938.29111279807,3.958199399326986,0.9997909949015066,1,VALE3,0,0.0,0.0
2004-01-14,18718.124026196812,3.958199399326986,0.9997885365331597,1,VALE3,0,0.0,0.0
2004-01-15,18222.749026196812,3.958199399326986,0.9997827880198736,1,VALE3,0,0.0,0.0
2004-01-16,18255.773522275304,3.958199399326986,0.9997831809539871,1,VALE3,0,0.0,0.0
2004-01-19,18277.79111279807,3.958199399326986,0.9997834421361477,1,VALE3,0,0.0,0.0
2004-01-20,18609.140921491,3.958199399326986,0.9997872981124692,1,VALE3,0,0.0,0.0
2004-01-21,18332.833199399327,3.958199399326986,0.9997840923246137,1,VALE3,0,0.0,0.0
2004-01-22,18057.624026196812,3.958199399326986,0.999780801760321,1,VALE3,0,0.0,0.0
2004-01-23,17787.92019547782,3.958199399326986,0.9997774782349016,1,VALE3,0,0.0,0.0
2004-01-26,17672.333199399327,3.958199399326986,0.9997760228174364,1,VALE3,0,0.0,0.0
2004-01-27,18261.278864758824,3.958199399326986,0.9997832463197873,1,VALE3,0,0.0,0.0
2004-01-28,18387.874026196812,3.958199399326986,0.999784738605796,1,VALE3,0,0.0,0.0
2004-01-29,17562.249026196812,3.958199399326986,0.9997746188774899,1,VALE3,0,0.0,0.0
2004-01-30,17176.958199399327,3.958199399326986,0.9997695634259932,1,VALE3,0,0.0,0.0
2004-02-02,17156.748055798133,6.747722012121812,0.9996067015736213,1,PETR4,2,1.9943833627809882,0.0
2004-02-03,17506.74772201212,6.747722012121812,0.9996145645028267,1,PETR4,0,0.0,0.0
2004-02-04,17132.68542228373,6.747722012121812,0.9996061491911044,1,PETR4,0,0.0,0.0
2004-02-05,17025.498389584143,6.747722012121812,0.9996036696337623,1,PETR4,0,0.0,0.0
2004-02-06,17861.12332282694,6.747722012121812,0.999622211778612,1,PETR4,0,0.0,0.0
2004-02-09,17834.87272201212,6.747722012121812,0.9996216557237443,1,PETR4,0,0.0,0.0
2004-02-10,18359.873055798133,6.747722012121812,0.9996324744734555,1,PETR4,0,0.0,0.0
2004-02-11,19077.372788769324,6.747722012121812,0.9996462971035459,1,PETR4,0,0.0,0.0
2004-02-12,19070.810555798133,6.747722012121812,0.9996461753949902,1,PETR4,0,0.0,0.0
2004-02-13,18773.31042228373,6.747722012121812,0.9996405683462138,1,PETR4,0,0.0,0.0
2004-02-16,18556.748389584143,6.747722012121812,0.9996363736862484,1,PETR4,0,0.0,0.0
2004-02-17,18666.123389584143,6.747722012121812,0.9996385043711922,1,PETR4,0,0.0,0.0
2004-02-18,18534.8720544401,6.747722012121812,0.9996359445054542,1,PETR4,0,0.0,0.0
2004-02-19,17690.496920925696,6.747722012121812,0.9996185679779215,1,PETR4,0,0.0,0.0
2004-02-20,17703.623055798133,6.747722012121812,0.999618850786031,1,PETR4,0,0.0,0.0
2004-02-23,17703.623055798133,6.747722012121812,0.999618850786031,1,PETR4,0,0.0,0.0
2004-02-24,17703.623055798133,6.747722012121812,0.999618850786031,1,PETR4,0,0.0,0.0
2004-02-25,18009.873389584143,6.747722012121812,0.9996253320683518,1,PETR4,0,0.0,0.0
2004-02-26,17751.74832282694,6.747722012121812,0.9996198840875045,1,PETR4,0,0.0,0.0
2004-02-27,17944.24772201212,6.747722012121812,0.9996239618335271,1,PETR4,0,0.0,0.0
2004-03-01,18560.405045949894,6.4302887553749315,0.9996535480373702,1,VALE3,2,1.9942828419776752,0.0
2004-03-02,18358.84614607044,6.4302887553749315,0.9996497443954695,1,VALE3,0,0.0,0.0
2004-03-03,17966.337731801945,6.4302887553749315,0.9996420924035068,1,VALE3,0,0.0,0.0
2004-03-04,18040.59614607044,6.4302887553749315,0.99964356561705,1,VALE3,0,0.0,0.0
2004-03-05,17669.305288755375,6.4302887553749315,0.9996360757454642,1,VALE3,0,0.0,0.0
2004-03-08,17299.073063337284,6.4302887553749315,0.999628287091925,1,VALE3,0,0.0,0.0
2004-03-09,16979.763217412907,6.4302887553749315,0.9996212969125046,1,VALE3,0,0.0,0.0
2004-03-10,15918.930288755375,6.4302887553749315,0.9995960602478474,1,VALE3,0,0.0,0.0
2004-03-11,15653.721146070438,6.4302887553749315,0.9995892166025335,1,VALE3,0,0.0,0.0
2004-03-12,16153.373548948246,6.4302887553749315,0.9996019228592783,1,VALE3,0,0.0,0.0
2004-03-15,15876.49638887592,6.4302887553749315,0.9995949806180234,1,VALE3,0,0.0,0.0
2004-03-16,15817.090385877567,6.4302887553749315,0.9995934594417494,1,VALE3,0,0.0,0.0
2004-03-17,16608.47114607044,6.4302887553749315,0.9996128307838319,1,VALE3,0,0.0,0.0
2004-03-18,16576.6466316814,6.4302887553749315,0.9996120874807644,1,VALE3,0,0.0,0.0
2004-03-19,16555.430288755375,6.4302887553749315,0.9996115903577727,1,VALE3,0,0.0,0.0
2004-03-22,16079.115134679752,6.4302887553749315,0.9996000844137557,1,VALE3,0,0.0,0.0
2004-03-23,16025.013217412907,6.4302887553749315,0.9995987342619856,1,VALE3,0,0.0,0.0
2004-03-24,15749.195903264957,6.4302887553749315,0.9995917068531707,1,VALE3,0,0.0,0.0
2004-03-25,15399.12138887592,6.4302887553749315,0.9995824249583473,1,VALE3,0,0.0,0.0
2004-03-26,16247.788460218388,6.4302887553749315,0.9996042360613496,1,VALE3,0,0.0,0.0
2004-03-29,16566.038460218388,6.4302887553749315,0.9996118390784365,1,VALE3,0,0.0,0.0
2004-03-30,16820.638217412907,6.4302887553749315,0.9996177143416165,1,VALE3,0,0.0,0.0
2004-03-31,16927.78220602222,6.4302887553749315,0.9996201340094577,1,VALE3,0,0.0,0.0
2004-04-01,17064.012785586187,3.5666295612536487,0.9997909852971825,1,GGBR3,2,1.994422778274716,0.0
2004-04-02,17232.929920824834,3.5666295612536487,0.9997930340587677,1,GGBR3,0,0.0,0.0
2004-04-05,17570.75871101267,3.5666295612536487,0.9997970133435946,1,GGBR3,0,0.0,0.0
2004-04-06,17570.75871101267,3.5666295612536487,0.9997970133435946,1,GGBR3,0,0.0,0.0
2004-04-07,17570.75871101267,3.5666295612536487,0.9997970133435946,1,GGBR3,0,0.0,0.0
2004-04-08,16895.101130637,3.5666295612536487,0.9997888956370444,1,GGBR3,0,0.0,0.0
2004-04-09,16895.101130637,3.5666295612536487,0.9997888956370444,1,GGBR3,0,0.0,0.0
2004-04-12,16895.101130637,3.5666295612536487,0.9997888956370444,1,GGBR3,0,0.0,0.0
2004-04-13,17564.005167635747,3.5666295612536487,0.9997969352931059,1,GGBR3,0,0.0,0.0
2004-04-14,16895.101130637,3.5666295612536487,0.9997888956370444,1,GGBR3,0,0.0,0.0
2004-04-15,16895.101130637,3.5666295612536487,0.9997888956370444,1,GGBR3,0,0.0,0.0
2004-04-16,17232.929920824834,3.5666295612536487,0.9997930340587677,1,GGBR3,0,0.0,0.0
2004-04-19,17232.929920824834,3.5666295612536487,0.9997930340587677,1,GGBR3,0,0.0,0.0
2004-04-20,17229.550408991643,3.5666295612536487,0.9997929934631729,1,GGBR3,0,0.0,0.0
2004-04-21,17229.550408991643,3.5666295612536487,0.9997929934631729,1,GGBR3,0,0.0,0.0
2004-04-22,16895.101130637,3.5666295612536487,0.9997888956370444,1,GGBR3,0,0.0,0.0
2004-04-23,16895.101130637,3.5666295612536487,0.9997888956370444,1,GGBR3,0,0.0,0.0
2004-04-26,16219.438069971868,3.5666295612536487,0.9997801015333659,1,GGBR3,0,0.0,0.0
2004-04-27,16219.438069971868,3.5666295612536487,0.9997801015333659,1,GGBR3,0,0.0,0.0
2004-04-28,16895.101130637,3.5666295612536487,0.9997888956370444,1,GGBR3,0,0.0,0.0
2004-04-29,16895.101130637,3.5666295612536487,0.9997888956370444,1,GGBR3,0,0.0,0.0
2004-04-30,17570.75871101267,3.5666295612536487,0.9997970133435946,1,GGBR3,0,0.0,0.0
2004-05-03,17570.75871101267,3.5666295612536487,0.9997970133435946,1,GGBR3,0,0.0,0.0
2004-05-04,16888.342106970616,3.5666295612536487,0.9997888111492139,1,GGBR3,0,0.0,0.0
2004-05-05,16888.342106970616,3.5666295612536487,0.9997888111492139,1,GGBR3,0,0.0,0.0
2004-05-06,16888.342106970616,3.5666295612536487,0.9997888111492139,1,GGBR3,0,0.0,0.0
2004-05-07,16557.268686922856,3.5666295612536487,0.9997845882899714,1,GGBR3,0,0.0,0.0
2004-05-10,16557.268686922856,3.5666295612536487,0.9997845882899714,1,GGBR3,0,0.0,0.0
2004-05-11,16205.92367616541,3.5666295612536487,0.999779918156316,1,GGBR3,0,0.0,0.0
2004-05-12,15273.510881098577,3.5666295612536487,0.9997664826647247,1,GGBR3,0,0.0,0.0
2004-05-13,15205.943478974172,3.5666295612536487,0.9997654450336353,1,GGBR3,0,0.0,0.0
2004-05-14,15523.507072123357,3.5666295612536487,0.9997702433126301,1,GGBR3,0,0.0,0.0
2004-05-17,15523.507072123357,3.5666295612536487,0.9997702433126301,1,GGBR3,0,0.0,0.0
2004-05-18,15523.507072123357,3.5666295612536487,0.9997702433126301,1,GGBR3,0,0.0,0.0
2004-05-19,15523.507072123357,3.5666295612536487,0.9997702433126301,1,GGBR3,0,0.0,0.0
2004-05-20,15523.507072123357,3.5666295612536487,0.9997702433126301,1,GGBR3,0,0.0,0.0
2004-05-21,15543.77683606989,3.5666295612536487,0.9997705429253863,1,GGBR3,0,0.0,0.0
2004-05-24,15543.77683606989,3.5666295612536487,0.9997705429253863,1,GGBR3,0,0.0,0.0
2004-05-25,15070.813241633245,3.5666295612536487,0.9997633419309184,1,GGBR3,0,0.0,0.0
2004-05-26,15881.605626257726,3.5666295612536487,0.9997754238680152,1,GGBR3,0,0.0,0.0
2004-05-27,16151.87158122904,3.5666295612536487,0.9997791816543787,1,GGBR3,0,0.0,0.0
2004-05-28,15881.605626257726,3.5666295612536487,0.9997754238680152,1,GGBR3,0,0.0,0.0
2004-05-31,16219.438069971868,3.5666295612536487,0.9997801015333659,1,GGBR3,0,0.0,0.0
2004-06-01,16087.36319009537,7.946914117281267,0.9995060151235863,1,VALE3,2,1.9943017555630096,0.0
2004-06-02,15769.871679704134,7.946914117281267,0.9994960698299461,1,VALE3,0,0.0,0.0
2004-06-03,15319.23819009537,7.946914117281267,0.9994812461286476,1,VALE3,0,0.0,0.0
2004-06-04,15729.928851525729,7.946914117281267,0.9994947902058368,1,VALE3,0,0.0,0.0
2004-06-07,16446.845127503817,7.946914117281267,0.9995168122484481,1,VALE3,0,0.0,0.0
2004-06-08,16272.737106721346,7.946914117281267,0.9995116424443434,1,VALE3,0,0.0,0.0
2004-06-09,15524.071914117281,7.946914117281267,0.9994880908719539,1,VALE3,0,0.0,0.0
2004-06-10,15524.071914117281,7.946914117281267,0.9994880908719539,1,VALE3,0,0.0,0.0
2004-06-11,15585.522148530428,7.946914117281267,0.9994901092153636,1,VALE3,0,0.0,0.0
2004-06-14,15165.61319009537,7.946914117281267,0.9994759912429738,1,VALE3,0,0.0,0.0
2004-06-15,14593.104789178316,7.946914117281267,0.9994554336289578,1,VALE3,0,0.0,0.0
2004-06-16,14146.566497247164,7.946914117281267,0.999438244317529,1,VALE3,0,0.0,0.0
2004-06-17,14511.170361916964,7.946914117281267,0.99945235884363,1,VALE3,0,0.0,0.0
2004-06-18,14612.563424508517,7.946914117281267,0.9994561587938806,1,VALE3,0,0.0,0.0
2004-06-21,14417.972382943575,7.946914117281267,0.9994488188833901,1,VALE3,0,0.0,0.0
2004-06-22,14448.696914117281,7.946914117281267,0.9994499909462758,1,VALE3,0,0.0,0.0
2004-06-23,14909.571914117281,7.946914117281267,0.999466992468794,1,VALE3,0,0.0,0.0
2004-06-24,15268.029466073458,7.946914117281267,0.9994795062365487,1,VALE3,0,0.0,0.0
2004-06-25,15595.763658921664,7.946914117281267,0.9994904440532006,1,VALE3,0,0.0,0.0
2004-06-28,14807.154466073458,7.946914117281267,0.9994633057867067,1,VALE3,0,0.0,0.0
2004-06-29,14807.154466073458,7.946914117281267,0.9994633057867067,1,VALE3,0,0.0,0.0
2004-06-30,14909.571914117281,7.946914117281267,0.999466992468794,1,VALE3,0,0.0,0.0
2004-07-01,14901.472636582756,2.001933457755513,0.9998656553277264,1,GGBR3,2,1.9943475224642913,0.0
2004-07-02,15064.011699082756,2.001933457755513,0.9998671048922594,1,GGBR3,0,0.0,0.0
2004-07-05,15172.370585801506,2.001933457755513,0.9998680540099891,1,GGBR3,0,0.0,0.0
2004-07-06,15443.271464707756,2.001933457755513,0.9998703685639192,1,GGBR3,0,0.0,0.0
2004-07-07,15036.919413926506,2.001933457755513,0.99986686545278,1,GGBR3,0,0.0,0.0
2004-07-08,15172.370585801506,2.001933457755513,0.9998680540099891,1,GGBR3,0,0.0,0.0
2004-07-09,15172.370585801506,2.001933457755513,0.9998680540099891,1,GGBR3,0,0.0,0.0
2004-07-12,14955.649882676506,2.001933457755513,0.9998661419949343,1,GGBR3,0,0.0,0.0
2004-07-13,16797.768535020256,2.001933457755513,0.9998808214642568,1,GGBR3,0,0.0,0.0
2004-07-14,17447.926249864006,2.001933457755513,0.9998852623842464,1,GGBR3,0,0.0,0.0
2004-07-15,17339.564433457756,2.001933457755513,0.9998845453433713,1,GGBR3,0,0.0,0.0
2004-07-16,17068.666484239006,2.001933457755513,0.9998827129547816,1,GGBR3,0,0.0,0.0
2004-07-19,17231.207011582756,2.001933457755513,0.9998838193136204,1,GGBR3,0,0.0,0.0
2004-07-20,18417.745097520256,2.001933457755513,0.9998913040957427,1,GGBR3,0,0.0,0.0
2004-07-21,17881.364726426506,2.001933457755513,0.9998880435868076,1,GGBR3,0,0.0,0.0
2004-07-22,17881.364726426506,2.001933457755513,0.9998880435868076,1,GGBR3,0,0.0,0.0
2004-07-23,17610.466777207756,2.001933457755513,0.9998863213858507,1,GGBR3,0,0.0,0.0
2004-07-26,17827.186015489006,2.001933457755513,0.999887703339382,1,GGBR3,0,0.0,0.0
2004-07-27,17881.364726426506,2.001933457755513,0.9998880435868076,1,GGBR3,0,0.0,0.0
2004-07-28,17881.364726426506,2.001933457755513,0.9998880435868076,1,GGBR3,0,0.0,0.0
2004-07-29,17881.364726426506,2.001933457755513,0.9998880435868076,1,GGBR3,0,0.0,0.0
2004-07-30,18157.681132676506,2.001933457755513,0.999889747295201,1,GGBR3,0,0.0,0.0
2004-08-02,18779.328457453325,2.4100938821575255,0.9998716624032846,1,VALE3,2,1.994774545794136,0.0
2004-08-03,18618.001847841813,2.4100938821575255,0.9998705503468174,1,VALE3,0,0.0,0.0
2004-08-04,18323.94974003084,2.4100938821575255,0.9998684730139326,1,VALE3,0,0.0,0.0
2004-08-05,17862.851585962846,2.4100938821575255,0.9998650778756931,1,VALE3,0,0.0,0.0
2004-08-06,18059.64708290346,2.4100938821575255,0.9998665481185156,1,VALE3,0,0.0,0.0
2004-08-09,17966.96942577608,2.4100938821575255,0.9998658597437863,1,VALE3,0,0.0,0.0
2004-08-10,18331.960617640092,2.4100938821575255,0.9998685304898681,1,VALE3,0,0.0,0.0
2004-08-11,18274.751847841813,2.4100938821575255,0.9998681189270189,1,VALE3,0,0.0,0.0
2004-08-12,18652.32632408388,2.4100938821575255,0.9998707885632986,1,VALE3,0,0.0,0.0
2004-08-13,18742.715159037187,2.4100938821575255,0.999871411699868,1,VALE3,0,0.0,0.0
2004-08-16,18855.986978151872,2.4100938821575255,0.9998721841564194,1,VALE3,0,0.0,0.0
2004-08-17,19224.410093882158,2.4100938821575255,0.9998746336625994,1,VALE3,0,0.0,0.0
2004-08-18,19580.244687655046,2.4100938821575255,0.9998769119630218,1,VALE3,0,0.0,0.0
2004-08-19,19945.234570124223,2.4100938821575255,0.9998791644252825,1,VALE3,0,0.0,0.0
2004-08-20,19670.63483200319,2.4100938821575255,0.9998774775749364,1,VALE3,0,0.0,0.0
2004-08-23,19018.460617640092,2.4100938821575255,0.9998732760799829,1,VALE3,0,0.0,0.0
2004-08-24,18709.535093882158,2.4100938821575255,0.9998711836574204,1,VALE3,0,0.0,0.0
2004-08-25,19100.839884378984,2.4100938821575255,0.9998738226226309,1,VALE3,0,0.0,0.0
2004-08-26,18970.40451774843,2.4100938821575255,0.9998729550611374,1,VALE3,0,0.0,0.0
2004-08-27,19251.87072239168,2.4100938821575255,0.9998748124835809,1,VALE3,0,0.0,0.0
2004-08-30,19159.1930652643,2.4100938821575255,0.9998742069212442,1,VALE3,0,0.0,0.0
2004-08-31,19224.410093882158,2.4100938821575255,0.9998746336625994,1,VALE3,0,0.0,0.0
2004-09-01,19628.742747889795,6.132507907190302,0.9996875751042257,1,GGBR3,2,1.9945658368727412,0.0
2004-09-02,19314.42134057168,6.132507907190302,0.9996824907255022,1,GGBR3,0,0.0,0.0
2004-09-03,19628.742747889795,6.132507907190302,0.9996875751042257,1,GGBR3,0,0.0,0.0
2004-09-06,19628.742747889795,6.132507907190302,0.9996875751042257,1,GGBR3,0,0.0,0.0
2004-09-07,19628.742747889795,6.132507907190302,0.9996875751042257,1,GGBR3,0,0.0,0.0
2004-09-08,19898.160923587122,6.132507907190302,0.9996918052914167,1,GGBR3,0,0.0,0.0
2004-09-09,19224.613663302698,6.132507907190302,0.9996810074826681,1,GGBR3,0,0.0,0.0
2004-09-10,19224.613663302698,6.132507907190302,0.9996810074826681,1,GGBR3,0,0.0,0.0
2004-09-13,19534.446811305323,6.132507907190302,0.999686066978685,1,GGBR3,0,0.0,0.0
2004-09-14,19291.96790372018,6.132507907190302,0.999682121184433,1,GGBR3,0,0.0,0.0
2004-09-15,19309.929439173975,6.132507907190302,0.9996824168660736,1,GGBR3,0,0.0,0.0
2004-09-16,19511.99337445382,6.132507907190302,0.9996857057200922,1,GGBR3,0,0.0,0.0
2004-09-17,19184.20111905221,6.132507907190302,0.9996803355078935,1,GGBR3,0,0.0,0.0
2004-09-20,19089.905182467737,6.132507907190302,0.9996787565025298,1,GGBR3,0,0.0,0.0
2004-09-21,19089.905182467737,6.132507907190302,0.9996787565025298,1,GGBR3,0,0.0,0.0
2004-09-22,19089.905182467737,6.132507907190302,0.9996787565025298,1,GGBR3,0,0.0,0.0
2004-09-23,19085.41570912484,6.132507907190302,0.9996786809362367,1,GGBR3,0,0.0,0.0
2004-09-24,19085.41570912484,6.132507907190302,0.9996786809362367,1,GGBR3,0,0.0,0.0
2004-09-27,19000.099933253565,6.132507907190302,0.9996772381235502,1,GGBR3,0,0.0,0.0
2004-09-28,18955.19548760537,6.132507907190302,0.9996764735076882,1,GGBR3,0,0.0,0.0
2004-09-29,18865.3902383912,6.132507907190302,0.9996749334188322,1,GGBR3,0,0.0,0.0
2004-09-30,18640.874080287256,6.132507907190302,0.9996710182215288,1,GGBR3,0,0.0,0.0
2004-10-01,19326.186187468025,9.18618746802531,0.999524676654829,1,PETR4,2,1.994199925295414,0.0
2004-10-04,19428.936187468025,9.18618746802531,0.9995271904040762,1,PETR4,0,0.0,0.0
2004-10-05,19819.38650103614,9.18618746802531,0.9995365049534937,1,PETR4,0,0.0,0.0
2004-10-06,19852.26568575904,9.18618746802531,0.9995372725907746,1,PETR4,0,0.0,0.0
2004-10-07,19973.51150103614,9.18618746802531,0.9995400814990619,1,PETR4,0,0.0,0.0
2004-10-08,19901.586814604256,9.18618746802531,0.9995384193454723,1,PETR4,0,0.0,0.0
2004-10-11,19665.26150103614,9.18618746802531,0.9995328723461144,1,PETR4,0,0.0,0.0
2004-10-12,19665.26150103614,9.18618746802531,0.9995328723461144,1,PETR4,0,0.0,0.0
2004-10-13,18894.63650103614,9.18618746802531,0.9995138203655031,1,PETR4,0,0.0,0.0
2004-10-14,18761.061187468025,9.18618746802531,0.9995103588557047,1,PETR4,0,0.0,0.0
2004-10-15,19124.79549761817,9.18618746802531,0.999519671336137,1,PETR4,0,0.0,0.0
2004-10-18,19511.13650103614,9.18618746802531,0.9995291823483713,1,PETR4,0,0.0,0.0
2004-10-19,19017.936187468025,9.18618746802531,0.9995169724318416,1,PETR4,0,0.0,0.0
2004-10-20,19098.08106204078,9.18618746802531,0.9995189994514012,1,PETR4,0,0.0,0.0
2004-10-21,19389.89068575904,9.18618746802531,0.9995262383054706,1,PETR4,0,0.0,0.0
2004-10-22,19490.586814604256,9.18618746802531,0.9995286859469443,1,PETR4,0,0.0,0.0
2004-10-25,19513.191940031502,9.18618746802531,0.9995292319423569,1,PETR4,0,0.0,0.0
2004-10-26,19254.26150103614,9.18618746802531,0.9995229010747813,1,PETR4,0,0.0,0.0
2004-10-27,19385.781375608894,9.18618746802531,0.999526137879612,1,PETR4,0,0.0,0.0
2004-10-28,19118.630748472664,9.18618746802531,0.9995195164554993,1,PETR4,0,0.0,0.0
2004-10-29,19213.160560331795,9.18618746802531,0.9995218804610944,1,PETR4,0,0.0,0.0
2004-11-01,19127.583648469772,0.7830693987270934,0.9999590607254362,1,TUPY3,2,1.994492892969651,0.0
2004-11-03,19097.222953584518,0.7830693987270934,0.9999589956403279,1,TUPY3,0,0.0,0.0
2004-11-04,19097.222953584518,0.7830693987270934,0.9999589956403279,1,TUPY3,0,0.0,0.0
2004-11-05,19734.783069398727,0.7830693987270934,0.9999603203442382,1,TUPY3,0,0.0,0.0
2004-11-08,19734.783069398727,0.7830693987270934,0.9999603203442382,1,TUPY3,0,0.0,0.0
2004-11-09,18216.783069398727,0.7830693987270934,0.9999570138483977,1,TUPY3,0,0.0,0.0
2004-11-10,18216.783069398727,0.7830693987270934,0.9999570138483977,1,TUPY3,0,0.0,0.0
2004-11-11,19734.783069398727,0.7830693987270934,0.9999603203442382,1,TUPY3,0,0.0,0.0
2004-11-12,18216.783069398727,0.7830693987270934,0.9999570138483977,1,TUPY3,0,0.0,0.0
2004-11-15,18216.783069398727,0.7830693987270934,0.9999570138483977,1,TUPY3,0,0.0,0.0
2004-11-16,18216.783069398727,0.7830693987270934,0.9999570138483977,1,TUPY3,0,0.0,0.0
2004-11-17,18216.783069398727,0.7830693987270934,0.9999570138483977,1,TUPY3,0,0.0,0.0
2004-11-18,18216.783069398727,0.7830693987270934,0.9999570138483977,1,TUPY3,0,0.0,0.0
2004-11-19,18216.783069398727,0.7830693987270934,0.9999570138483977,1,TUPY3,0,0.0,0.0
2004-11-22,18216.783069398727,0.7830693987270934,0.9999570138483977,1,TUPY3,0,0.0,0.0
2004-11-23,18216.783069398727,0.7830693987270934,0.9999570138483977,1,TUPY3,0,0.0,0.0
2004-11-24,18216.783069398727,0.7830693987270934,0.9999570138483977,1,TUPY3,0,0.0,0.0
2004-11-25,19097.222953584518,0.7830693987270934,0.9999589956403279,1,TUPY3,0,0.0,0.0
2004-11-26,19097.222953584518,0.7830693987270934,0.9999589956403279,1,TUPY3,0,0.0,0.0
2004-11-29,19097.222953584518,0.7830693987270934,0.9999589956403279,1,TUPY3,0,0.0,0.0
2004-11-30,19734.783069398727,0.7830693987270934,0.9999603203442382,1,TUPY3,0,0.0,0.0
2004-12-01,19413.260063049747,3.2088125919835875,0.9998347102659954,1,GGBR3,2,1.9948081469292143,0.0
2004-12-02,19413.260063049747,3.2088125919835875,0.9998347102659954,1,GGBR3,0,0.0,0.0
2004-12-03,20261.05626475568,3.2088125919835875,0.999841626588957,1,GGBR3,0,0.0,0.0
2004-12-06,19859.46808230634,3.2088125919835875,0.9998384240414353,1,GGBR3,0,0.0,0.0
2004-12-07,19413.260063049747,3.2088125919835875,0.9998347102659954,1,GGBR3,0,0.0,0.0
2004-12-08,18726.099375603153,3.2088125919835875,0.9998286449020898,1,GGBR3,0,0.0,0.0
2004-12-09,17985.39391886945,3.2088125919835875,0.9998215878614359,1,GGBR3,0,0.0,0.0
2004-12-10,18030.01496207471,3.2088125919835875,0.9998220293993803,1,GGBR3,0,0.0,0.0
2004-12-13,18092.483457443668,3.2088125919835875,0.999822643884156,1,GGBR3,0,0.0,0.0
2004-12-14,18476.224187729313,3.2088125919835875,0.9998263274704084,1,GGBR3,0,0.0,0.0
2004-12-15,18520.842818138553,3.2088125919835875,0.9998267458655369,1,GGBR3,0,0.0,0.0
2004-12-16,18699.3269909596,3.2088125919835875,0.9998283995678809,1,GGBR3,0,0.0,0.0
2004-12-17,18654.708360550358,3.2088125919835875,0.9998279891312174,1,GGBR3,0,0.0,0.0
2004-12-20,18480.68424117322,3.2088125919835875,0.999826369383833,1,GGBR3,0,0.0,0.0
2004-12-21,18605.623644707157,3.2088125919835875,0.9998275353380645,1,GGBR3,0,0.0,0.0
2004-12-22,18476.224187729313,3.2088125919835875,0.9998263274704084,1,GGBR3,0,0.0,0.0
2004-12-23,18230.80905329938,3.2088125919835875,0.999823989567188,1,GGBR3,0,0.0,0.0
2004-12-24,18230.80905329938,3.2088125919835875,0.999823989567188,1,GGBR3,0,0.0,0.0
2004-12-27,18320.049933311893,3.2088125919835875,0.9998248469516369,1,GGBR3,0,0.0,0.0
2004-12-28,18342.36105811353,3.2088125919835875,0.9998250600028089,1,GGBR3,0,0.0,0.0
2004-12-29,18650.244687912418,3.2088125919835875,0.9998279479628456,1,GGBR3,0,0.0,0.0
2004-12-30,18520.842818138553,3.2088125919835875,0.9998267458655369,1,GGBR3,0,0.0,0.0
2004-12-31,18520.842818138553,3.2088125919835875,0.9998267458655369,1,GGBR3,0,0.0,0.0
2005-01-03,18031.267528528348,11.130395883694291,0.9993827169462112,1,VALE3,2,1.9942374782140697,0.0
2005-01-04,17296.981130594388,11.130395883694291,0.999356512226055,1,VALE3,0,0.0,0.0
2005-01-05,17176.606130594388,11.130395883694291,0.9993520026133761,1,VALE3,0,0.0,0.0
2005-01-06,17104.380395883694,11.130395883694291,0.9993492663501349,1,VALE3,0,0.0,0.0
2005-01-07,17561.80576323904,11.130395883694291,0.9993662157506039,1,VALE3,0,0.0,0.0
2005-01-10,17417.356130594388,11.130395883694291,0.9993609595049766,1,VALE3,0,0.0,0.0
2005-01-11,17321.05576323904,11.130395883694291,0.9993574066133245,1,VALE3,0,0.0,0.0
2005-01-12,17219.941204065457,11.130395883694291,0.9993536333398707,1,VALE3,0,0.0,0.0
2005-01-13,18064.97238158621,11.130395883694291,0.9993838686465395,1,VALE3,0,0.0,0.0
2005-01-14,18910.005395883694,11.130395883694291,0.9994114017605665,1,VALE3,0,0.0,0.0
2005-01-17,18669.255395883694,11.130395883694291,0.999403811472516,1,VALE3,0,0.0,0.0
2005-01-18,18837.779661173,11.130395883694291,0.9994091450221899,1,VALE3,0,0.0,0.0
2005-01-19,18717.404661173,11.130395883694291,0.9994053451274266,1,VALE3,0,0.0,0.0
2005-01-20,18524.80576323904,11.130395883694291,0.9993991626133116,1,VALE3,0,0.0,0.0
2005-01-21,19295.205028528348,11.130395883694291,0.9994231522356338,1,VALE3,0,0.0,0.0
2005-01-24,19692.442895883694,11.130395883694291,0.9994347884646643,1,VALE3,0,0.0,0.0
2005-01-26,19632.255395883694,11.130395883694291,0.9994330556699039,1,VALE3,0,0.0,0.0
2005-01-27,19511.880395883694,11.130395883694291,0.9994295580098963,1,VALE3,0,0.0,0.0
2005-01-28,19102.606130594388,11.130395883694291,0.9994173362625183,1,VALE3,0,0.0,0.0
2005-01-31,19078.529661173,11.130395883694291,0.999416600960275,1,VALE3,0,0.0,0.0
2005-02-01,19174.830028528348,11.130395883694291,0.9994195309232398,1,VALE3,0,0.0,0.0
2005-02-02,18982.231130594388,11.130395883694291,0.9994136413255577,1,VALE3,0,0.0,0.0
2005-02-03,18741.481130594388,11.130395883694291,0.9994061090579696,1,VALE3,0,0.0,0.0
2005-02-04,18714.99848365225,11.130395883694291,0.9994052686729621,1,VALE3,0,0.0,0.0
2005-02-09,18428.505395883694,11.130395883694291,0.9993960228654147,1,VALE3,0,0.0,0.0
2005-02-10,18334.613042825833,11.130395883694291,0.9993929298721661,1,VALE3,0,0.0,0.0
2005-02-11,18259.981130594388,11.130395883694291,0.9993904486645364,1,VALE3,0,0.0,0.0
2005-02-14,18551.28841018118,11.130395883694291,0.9994000203307936,1,VALE3,0,0.0,0.0
2005-02-15,18910.005395883694,11.130395883694291,0.9994114017605665,1,VALE3,0,0.0,0.0
2005-02-16,18789.630395883694,11.130395883694291,0.9994076309299765,1,VALE3,0,0.0,0.0
2005-02-17,19222.981130594388,11.130395883694291,0.9994209849238223,1,VALE3,0,0.0,0.0
2005-02-18,19584.106130594388,11.130395883694291,0.9994316617868861,1,VALE3,0,0.0,0.0
2005-02-21,20113.755395883694,11.130395883694291,0.999446627660294,1,VALE3,0,0.0,0.0
2005-02-22,20860.080028528348,11.130395883694291,0.9994664260219294,1,VALE3,0,0.0,0.0
2005-02-23,21705.113042825833,11.130395883694291,0.9994871993588915,1,VALE3,0,0.0,0.0
2005-02-24,23062.942895883694,11.130395883694291,0.9995173904764044,1,VALE3,0,0.0,0.0
2005-02-25,22280.505395883694,11.130395883694291,0.9995004423963493,1,VALE3,0,0.0,0.0
2005-02-28,21799.005395883694,11.130395883694291,0.999489408086215,1,VALE3,0,0.0,0.0
2005-03-01,21075.767600683146,10.416877416544594,0.9995057414935526,1,PETR4,2,1.9940208424378993,0.0
2005-03-02,21676.166274694377,10.416877416544594,0.9995194317443161,1,PETR4,0,0.0,0.0
2005-03-03,22426.666877416545,10.416877416544594,0.9995355137937579,1,PETR4,0,0.0,0.0
2005-03-04,22782.167480138713,10.416877416544594,0.9995427617927212,1,PETR4,0,0.0,0.0
2005-03-07,22871.041877416545,10.416877416544594,0.9995445385709852,1,PETR4,0,0.0,0.0
2005-03-08,22604.41717877763,10.416877416544594,0.9995391662906343,1,PETR4,0,0.0,0.0
2005-03-09,22209.41717877763,10.416877416544594,0.9995309702486701,1,PETR4,0,0.0,0.0
2005-03-10,21616.91717877763,10.416877416544594,0.999518114570621,1,PETR4,0,0.0,0.0
2005-03-11,21261.41657605546,10.416877416544594,0.9995100572259952,1,PETR4,0,0.0,0.0
2005-03-14,21103.417480138713,10.416877416544594,0.9995063890753074,1,PETR4,0,0.0,0.0
2005-03-15,20550.416877416545,10.416877416544594,0.9994931062723116,1,PETR4,0,0.0,0.0
2005-03-16,20984.916274694377,10.416877416544594,0.9995036016689232,1,PETR4,0,0.0,0.0
2005-03-17,21200.192058233195,10.416877416544594,0.9995086423090918,1,PETR4,0,0.0,0.0
2005-03-18,20905.917480138713,10.416877416544594,0.9995017258904595,1,PETR4,0,0.0,0.0
2005-03-21,20886.166274694377,10.416877416544594,0.9995012546927214,1,PETR4,0,0.0,0.0
2005-03-22,20315.39139523881,10.416877416544594,0.9994872421006378,1,PETR4,0,0.0,0.0
2005-03-23,20017.167480138713,10.416877416544594,0.9994796028245815,1,PETR4,0,0.0,0.0
2005-03-24,20273.91657605546,10.416877416544594,0.9994861931399655,1,PETR4,0,0.0,0.0
2005-03-28,19908.541877416545,10.416877416544594,0.9994767634173972,1,PETR4,0,0.0,0.0
2005-03-29,19602.416274694377,10.416877416544594,0.9994685921740172,1,PETR4,0,0.0,0.0
2005-03-30,20036.91717877763,10.416877416544594,0.9994801157621404,1,PETR4,0,0.0,0.0
2005-03-31,20382.54217877763,10.416877416544594,0.9994889313940736,1,PETR4,0,0.0,0.0
2005-04-01,20489.236493825578,20489.236493825578,0.0,0,,1,0.9989931161336696,0.0
2005-04-04,20489.236493825578,20489.236493825578,0.0,0,,0,0.0,0.0
2005-04-05,20489.236493825578,20489.236493825578,0.0,0,,0,0.0,0.0
2005-04-06,20489.236493825578,20489.236493825578,0.0,0,,0,0.0,0.0
2005-04-07,20489.236493825578,20489.236493825578,0.0,0,,0,0.0,0.0
2005-04-08,20489.236493825578,20489.236493825578,0.0,0,,0,0.0,0.0
2005-04-11,20489.236493825578,20489.236493825578,0.0,0,,0,0.0,0.0
2005-04-12,20489.236493825578,20489.236493825578,0.0,0,,0,0.0,0.0
2005-04-13,20489.236493825578,20489.236493825578,0.0,0,,0,0.0,0.0
2005-04-14,20489.236493825578,20489.236493825578,0.0,0,,0,0.0,0.0
2005-04-15,20489.236493825578,20489.236493825578,0.0,0,,0,0.0,0.0
2005-04-18,20489.236493825578,20489.236493825578,0.0,0,,0,0.0,0.0
2005-04-19,20489.236493825578,20489.236493825578,0.0,0,,0,0.0,0.0
2005-04-20,20489.236493825578,20489.236493825578,0.0,0,,0,0.0,0.0
2005-04-22,20489.236493825578,20489.236493825578,0.0,0,,0,0.0,0.0
2005-04-25,20489.236493825578,20489.236493825578,0.0,0,,0,0.0,0.0
2005-04-26,20489.236493825578,20489.236493825578,0.0,0,,0,0.0,0.0
2005-04-27,20489.236493825578,20489.236493825578,0.0,0,,0,0.0,0.0
2005-04-28,20489.236493825578,20489.236493825578,0.0,0,,0,0.0,0.0
2005-04-29,20489.236493825578,20489.236493825578,0.0,0,,0,0.0,0.0
2005-05-02,20489.236493825578,20489.236493825578,0.0,0,,0,0.0,0.0
2005-05-03,20489.236493825578,20489.236493825578,0.0,0,,0,0.0,0.0
2005-05-04,20489.236493825578,20489.236493825578,0.0,0,,0,0.0,0.0
2005-05-05,20489.236493825578,20489.236493825578,0.0,0,,0,0.0,0.0
2005-05-06,20489.236493825578,20489.236493825578,0.0,0,,0,0.0,0.0
2005-05-09,20489.236493825578,20489.236493825578,0.0,0,,0,0.0,0.0
2005-05-10,20489.236493825578,20489.236493825578,0.0,0,,0,0.0,0.0
2005-05-11,20489.236493825578,20489.236493825578,0.0,0,,0,0.0,0.0
2005-05-12,20489.236493825578,20489.236493825578,0.0,0,,0,0.0,0.0
2005-05-13,20489.236493825578,20489.236493825578,0.0,0,,0,0.0,0.0
2005-05-16,20489.236493825578,20489.236493825578,0.0,0,,0,0.0,0.0
2005-05-17,20489.236493825578,20489.236493825578,0.0,0,,0,0.0,0.0
2005-05-18,20489.236493825578,20489.236493825578,0.0,0,,0,0.0,0.0
2005-05-19,20489.236493825578,20489.236493825578,0.0,0,,0,0.0,0.0
2005-05-20,20489.236493825578,20489.236493825578,0.0,0,,0,0.0,0.0
2005-05-23,20489.236493825578,20489.236493825578,0.0,0,,0,0.0,0.0
2005-05-24,20489.236493825578,20489.236493825578,0.0,0,,0,0.0,0.0
2005-05-25,20489.236493825578,20489.236493825578,0.0,0,,0,0.0,0.0
2005-05-27,20489.236493825578,20489.236493825578,0.0,0,,0,0.0,0.0
2005-05-30,20489.236493825578,20489.236493825578,0.0,0,,0,0.0,0.0
2005-05-31,20489.236493825578,20489.236493825578,0.0,0,,0,0.0,0.0
2005-06-01,21005.822126962255,0.9224363342036668,0.9999560866349991,1,PETR4,1,0.9979590613449695,0.0
2005-06-02,21107.197126962255,0.9224363342036668,0.9999562975449249,1,PETR4,0,0.0,0.0
2005-06-03,21082.86811695249,0.9224363342036668,0.9999562471135764,1,PETR4,0,0.0,0.0
2005-06-06,20853.759626962255,0.9224363342036668,0.9999557664253015,1,PETR4,0,0.0,0.0
2005-06-07,20316.471817590307,0.9224363342036668,0.9999545966276779,1,PETR4,0,0.0,0.0
2005-06-08,20336.7480550781,0.9224363342036668,0.9999546418959557,1,PETR4,0,0.0,0.0
2005-06-09,20519.221817590307,0.9224363342036668,0.9999550452574467,1,PETR4,0,0.0,0.0
2005-06-10,20620.596817590307,0.9224363342036668,0.9999552662639999,1,PETR4,0,0.0,0.0
2005-06-13,20511.11317882688,0.9224363342036668,0.9999550274855313,1,PETR4,0,0.0,0.0
2005-06-14,20884.172436334204,0.9224363342036668,0.9999558308409388,1,PETR4,0,0.0,0.0
2005-06-15,21076.784317590307,0.9224363342036668,0.9999562344843358,1,PETR4,0,0.0,0.0
2005-06-16,21391.047436334204,0.9224363342036668,0.9999568774583409,1,PETR4,0,0.0,0.0
2005-06-17,21837.096817590307,0.9224363342036668,0.999957758288938,1,PETR4,0,0.0,0.0
2005-06-20,22161.4980550781,0.9224363342036668,0.999958376625447,1,PETR4,0,0.0,0.0
2005-06-21,22078.369812585424,0.9224363342036668,0.9999582199074464,1,PETR4,0,0.0,0.0
2005-06-22,22303.422436334204,0.9224363342036668,0.9999586414893572,1,PETR4,0,0.0,0.0
2005-06-23,21936.44543132932,0.9224363342036668,0.9999579495986671,1,PETR4,0,0.0,0.0
2005-06-24,21593.797436334204,0.9224363342036668,0.9999572823475388,1,PETR4,0,0.0,0.0
2005-06-27,22465.6230550781,0.9224363342036668,0.9999589400956322,1,PETR4,0,0.0,0.0
2005-06-28,22202.047436334204,0.9224363342036668,0.9999584526455567,1,PETR4,0,0.0,0.0
2005-06-29,22021.600060082983,0.9224363342036668,0.999958112202034,1,PETR4,0,0.0,0.0
2005-06-30,21755.9980550781,0.9224363342036668,0.9999576008265919,1,PETR4,0,0.0,0.0
2005-07-01,21936.44543132932,0.9224363342036668,0.9999579495986671,1,PETR4,0,0.0,0.0
2005-07-04,21918.197126962255,0.9224363342036668,0.9999579145890121,1,PETR4,0,0.0,0.0
2005-07-05,22161.4980550781,0.9224363342036668,0.999958376625447,1,PETR4,0,0.0,0.0
2005-07-06,22082.42567882688,0.9224363342036668,0.9999582275811716,1,PETR4,0,0.0,0.0
2005-07-07,21614.072126962255,0.9224363342036668,0.9999573224180623,1,PETR4,0,0.0,0.0
2005-07-08,22001.32536945493,0.9224363342036668,0.9999580736015348,1,PETR4,0,0.0,0.0
2005-07-11,21895.894503213476,0.9224363342036668,0.9999578717218396,1,PETR4,0,0.0,0.0
2005-07-12,22303.422436334204,0.9224363342036668,0.9999586414893572,1,PETR4,0,0.0,0.0
2005-07-13,22266.927374459814,0.9224363342036668,0.9999585737035608,1,PETR4,0,0.0,0.0
2005-07-14,21897.922436334204,0.9224363342036668,0.999957875623275,1,PETR4,0,0.0,0.0
2005-07-15,21249.1230550781,0.9224363342036668,0.9999565894398648,1,PETR4,0,0.0,0.0
2005-07-18,21107.197126962255,0.9224363342036668,0.9999562975449249,1,PETR4,0,0.0,0.0
2005-07-19,21188.297436334204,0.9224363342036668,0.999956464820405,1,PETR4,0,0.0,0.0
2005-07-20,21289.672436334204,0.9224363342036668,0.9999566721218017,1,PETR4,0,0.0,0.0
2005-07-21,21563.384626962255,0.9224363342036668,0.9999572220989348,1,PETR4,0,0.0,0.0
2005-07-22,21877.647745706152,0.9224363342036668,0.9999578365853165,1,PETR4,0,0.0,0.0
2005-07-25,21411.322126962255,0.9224363342036668,0.9999569182916994,1,PETR4,0,0.0,0.0
2005-07-26,21482.284317590307,0.9224363342036668,0.9999570606030268,1,PETR4,0,0.0,0.0
2005-07-27,22031.73817882688,0.9224363342036668,0.999958131477112,1,PETR4,0,0.0,0.0
2005-07-28,22384.522745706152,0.9224363342036668,0.9999587913334279,1,PETR4,0,0.0,0.0
2005-07-29,22096.61811695249,0.9224363342036668,0.9999582544111809,1,PETR4,0,0.0,0.0
2005-08-01,22114.777602620317,18.444497533037065,0.9991659650454341,1,VALE3,2,1.9941346626230851,0.0
2005-08-02,22536.819497533037,18.444497533037065,0.9991815838284077,1,VALE3,0,0.0,0.0
2005-08-03,22664.281133122637,18.444497533037065,0.9991861865185708,1,VALE3,0,0.0,0.0
2005-08-04,22395.194497533037,18.444497533037065,0.9991764082453015,1,VALE3,0,0.0,0.0
2005-08-05,22253.569497533037,18.444497533037065,0.9991711667858462,1,VALE3,0,0.0,0.0
2005-08-08,22763.420361943437,18.444497533037065,0.9991897308383465,1,VALE3,0,0.0,0.0
2005-08-09,23125.980016179277,18.444497533037065,0.9992024339067952,1,VALE3,0,0.0,0.0
2005-08-10,23244.944497533037,18.444497533037065,0.9992065157421651,1,VALE3,0,0.0,0.0
2005-08-11,23168.467948384477,18.444497533037065,0.9992038965384277,1,VALE3,0,0.0,0.0
2005-08-12,23301.593633122637,18.444497533037065,0.9992084448032422,1,VALE3,0,0.0,0.0
2005-08-15,23457.381997533037,18.444497533037065,0.9992137017875662,1,VALE3,0,0.0,0.0
2005-08-16,22890.881997533037,18.444497533037065,0.999194242601267,1,VALE3,0,0.0,0.0
2005-08-17,22791.744929738237,18.444497533037065,0.9991907378048545,1,VALE3,0,0.0,0.0
2005-08-18,22536.819497533037,18.444497533037065,0.9991815838284077,1,VALE3,0,0.0,0.0
2005-08-19,23015.512689061357,18.444497533037065,0.9991986058367579,1,VALE3,0,0.0,0.0
2005-08-22,23497.036824650957,18.444497533037065,0.9992150287855154,1,VALE3,0,0.0,0.0
2005-08-23,23106.152602620317,18.444497533037065,0.9992017495145018,1,VALE3,0,0.0,0.0
2005-08-24,22536.819497533037,18.444497533037065,0.9991815838284077,1,VALE3,0,0.0,0.0
2005-08-25,22961.694497533037,18.444497533037065,0.9991967275091558,1,VALE3,0,0.0,0.0
2005-08-26,22820.069497533037,18.444497533037065,0.9991917422716424,1,VALE3,0,0.0,0.0
2005-08-29,22990.019065327837,18.444497533037065,0.9991977171710634,1,VALE3,0,0.0,0.0
2005-08-30,22961.694497533037,18.444497533037065,0.9991967275091558,1,VALE3,0,0.0,0.0
2005-08-31,22990.019065327837,18.444497533037065,0.9991977171710634,1,VALE3,0,0.0,0.0
2005-09-01,23421.978837654173,5.728837654172821,0.999755407615476,1,PETR4,2,1.9939612793691768,0.0
2005-09-02,23421.978837654173,5.728837654172821,0.999755407615476,1,PETR4,0,0.0,0.0
2005-09-05,23421.978837654173,5.728837654172821,0.999755407615476,1,PETR4,0,0.0,0.0
2005-09-06,23421.978837654173,5.728837654172821,0.999755407615476,1,PETR4,0,0.0,0.0
2005-09-08,23421.978837654173,5.728837654172821,0.999755407615476,1,PETR4,0,0.0,0.0
2005-09-09,24394.65273825842,5.728837654172821,0.9997651601063708,1,PETR4,0,0.0,0.0
2005-09-12,24502.728837654173,5.728837654172821,0.9997661959330273,1,PETR4,0,0.0,0.0
2005-09-13,24250.554937049925,5.728837654172821,0.9997637646780024,1,PETR4,0,0.0,0.0
2005-09-14,24632.419057533323,5.728837654172821,0.9997674269165041,1,PETR4,0,0.0,0.0
2005-09-15,24733.288617775022,5.728837654172821,0.999768375417329,1,PETR4,0,0.0,0.0
2005-09-16,25057.5141674729,5.728837654172821,0.9997713724667227,1,PETR4,0,0.0,0.0
2005-09-19,25691.554937049925,5.728837654172821,0.9997770147556966,1,PETR4,0,0.0,0.0
2005-09-20,25705.96251837927,5.728837654172821,0.9997771397336288,1,PETR4,0,0.0,0.0
2005-09-21,26671.432628318846,5.728837654172821,0.9997852069765427,1,PETR4,0,0.0,0.0
2005-09-22,25972.549497291624,5.728837654172821,0.9997794272119966,1,PETR4,0,0.0,0.0
2005-09-23,25785.21795813757,5.728837654172821,0.9997778247341762,1,PETR4,0,0.0,0.0
2005-09-26,25367.32938735205,5.728837654172821,0.9997741647310722,1,PETR4,0,0.0,0.0
2005-09-27,25929.318507835447,5.728837654172821,0.9997790594591817,1,PETR4,0,0.0,0.0
2005-09-28,26246.33751837927,5.728837654172821,0.9997817281115827,1,PETR4,0,0.0,0.0
2005-09-29,25612.299497291624,5.728837654172821,0.9997763247437124,1,PETR4,0,0.0,0.0
2005-09-30,25691.554937049925,5.728837654172821,0.9997770147556966,1,PETR4,0,0.0,0.0
2005-10-03,25414.312298877474,4.792416675325512,0.9998114284337516,1,GGBR3,2,1.9946020700589226,0.0
2005-10-04,25063.83744536185,4.792416675325512,0.9998087915832612,1,GGBR3,0,0.0,0.0
2005-10-05,24343.415158374544,4.792416675325512,0.9998031329357797,1,GGBR3,0,0.0,0.0
2005-10-06,23856.64277373099,4.792416675325512,0.999799116048273,1,GGBR3,0,0.0,0.0
2005-10-07,24100.029843433138,4.792416675325512,0.9998011447825393,1,GGBR3,0,0.0,0.0
2005-10-10,24148.705151660677,4.792416675325512,0.999801545604817,1,GGBR3,0,0.0,0.0
2005-10-11,24148.705151660677,4.792416675325512,0.999801545604817,1,GGBR3,0,0.0,0.0
2005-10-13,23165.42496977591,4.792416675325512,0.9997931220048163,1,GGBR3,0,0.0,0.0
2005-10-14,23165.42496977591,4.792416675325512,0.9997931220048163,1,GGBR3,0,0.0,0.0
2005-10-17,23155.691311938997,4.792416675325512,0.9997930350421949,1,GGBR3,0,0.0,0.0
2005-10-18,22834.419186694857,4.792416675325512,0.9997901231191324,1,GGBR3,0,0.0,0.0
2005-10-19,22289.234326465365,4.792416675325512,0.9997849896230112,1,GGBR3,0,0.0,0.0
2005-10-20,20936.00671110892,4.792416675325512,0.9997710921313001,1,GGBR3,0,0.0,0.0
2005-10-21,21812.195599658724,4.792416675325512,0.9997802872868332,1,GGBR3,0,0.0,0.0
2005-10-24,22386.588452441927,4.792416675325512,0.9997859246537047,1,GGBR3,0,0.0,0.0
2005-10-25,22591.035626514193,4.792416675325512,0.999787862019495,1,GGBR3,0,0.0,0.0
2005-10-26,22688.389752490755,4.792416675325512,0.9997887722871651,1,GGBR3,0,0.0,0.0
2005-10-27,22386.588452441927,4.792416675325512,0.9997859246537047,1,GGBR3,0,0.0,0.0
2005-10-28,22464.47350798392,4.792416675325512,0.9997866668598477,1,GGBR3,0,0.0,0.0
2005-10-31,22834.419186694857,4.792416675325512,0.9997901231191324,1,GGBR3,0,0.0,0.0
2005-11-01,23165.81305183516,23165.81305183516,0.0,0,,1,0.999293745522106,0.0
2005-11-03,23165.81305183516,23165.81305183516,0.0,0,,0,0.0,0.0
2005-11-04,23165.81305183516,23165.81305183516,0.0,0,,0,0.0,0.0
2005-11-07,23165.81305183516,23165.81305183516,0.0,0,,0,0.0,0.0
2005-11-08,23165.81305183516,23165.81305183516,0.0,0,,0,0.0,0.0
2005-11-09,23165.81305183516,23165.81305183516,0.0,0,,0,0.0,0.0
2005-11-10,23165.81305183516,23165.81305183516,0.0,0,,0,0.0,0.0
2005-11-11,23165.81305183516,23165.81305183516,0.0,0,,0,0.0,0.0
2005-11-14,23165.81305183516,23165.81305183516,0.0,0,,0,0.0,0.0
2005-11-16,23165.81305183516,23165.81305183516,0.0,0,,0,0.0,0.0
2005-11-17,23165.81305183516,23165.81305183516,0.0,0,,0,0.0,0.0
2005-11-18,23165.81305183516,23165.81305183516,0.0,0,,0,0.0,0.0
2005-11-21,23165.81305183516,23165.81305183516,0.0,0,,0,0.0,0.0
2005-11-22,23165.81305183516,23165.81305183516,0.0,0,,0,0.0,0.0
2005-11-23,23165.81305183516,23165.81305183516,0.0,0,,0,0.0,0.0
2005-11-24,23165.81305183516,23165.81305183516,0.0,0,,0,0.0,0.0
2005-11-25,23165.81305183516,23165.81305183516,0.0,0,,0,0.0,0.0
2005-11-28,23165.81305183516,23165.81305183516,0.0,0,,0,0.0,0.0
2005-11-29,23165.81305183516,23165.81305183516,0.0,0,,0,0.0,0.0
2005-11-30,23165.81305183516,23165.81305183516,0.0,0,,0,0.0,0.0
2005-12-01,23291.86985783795,6.314769794738822,0.9997288852362098,1,GGBR3,1,0.9977319460726762,0.0
2005-12-02,23335.637954284943,6.314769794738822,0.999729393736434,1,GGBR3,0,0.0,0.0
2005-12-05,23335.637954284943,6.314769794738822,0.999729393736434,1,GGBR3,0,0.0,0.0
2005-12-06,24718.764395763672,6.314769794738822,0.9997445353783209,1,GGBR3,0,0.0,0.0
2005-12-07,24771.28800492505,6.314769794738822,0.999745077050758,1,GGBR3,0,0.0,0.0
2005-12-08,24920.106475403107,6.314769794738822,0.9997465994055454,1,GGBR3,0,0.0,0.0
2005-12-09,25235.249708225525,6.314769794738822,0.9997497639267393,1,GGBR3,0,0.0,0.0
2005-12-12,24858.830509235657,6.314769794738822,0.9997459747837939,1,GGBR3,0,0.0,0.0
2005-12-13,25033.909206440247,6.314769794738822,0.9997477513502719,1,GGBR3,0,0.0,0.0
2005-12-14,25436.59178786496,6.314769794738822,0.9997517446579557,1,GGBR3,0,0.0,0.0
2005-12-15,24867.58286624173,6.314769794738822,0.9997460641901263,1,GGBR3,0,0.0,0.0
2005-12-16,25550.391363193787,6.314769794738822,0.999752850369101,1,GGBR3,0,0.0,0.0
2005-12-19,25384.068178703583,6.314769794738822,0.9997512309788059,1,GGBR3,0,0.0,0.0
2005-12-20,25200.233968784607,6.314769794738822,0.9997494162235732,1,GGBR3,0,0.0,0.0
2005-12-21,25296.528830101288,6.314769794738822,0.9997503701066202,1,GGBR3,0,0.0,0.0
2005-12-22,25813.010986854828,6.314769794738822,0.9997553648507741,1,GGBR3,0,0.0,0.0
2005-12-23,26224.44750313977,6.314769794738822,0.9997592029424459,1,GGBR3,0,0.0,0.0
2005-12-26,26093.13690238217,6.314769794738822,0.9997579911599604,1,GGBR3,0,0.0,0.0
2005-12-27,26311.988429596222,6.314769794738822,0.9997600040828676,1,GGBR3,0,0.0,0.0
2005-12-28,26268.217177440918,6.314769794738822,0.9997596041729029,1,GGBR3,0,0.0,0.0
2005-12-29,25988.089684059418,6.314769794738822,0.9997570129289414,1,GGBR3,0,0.0,0.0
2006-01-02,25710.46284878814,18.75774586760599,0.9992704236412263,1,PETR4,2,1.9940418348746225,0.0
2006-01-03,26519.8633633908,18.75774586760599,0.9992926907046776,1,PETR4,0,0.0,0.0
2006-01-04,26648.01743710601,18.75774586760599,0.9992960922548224,1,PETR4,0,0.0,0.0
2006-01-05,26594.05877507293,18.75774586760599,0.9992946640440914,1,PETR4,0,0.0,0.0
2006-01-06,27572.081716662284,18.75774586760599,0.9993196833644856,1,PETR4,0,0.0,0.0
2006-01-09,27565.33784878814,18.75774586760599,0.9993195169248241,1,PETR4,0,0.0,0.0
2006-01-10,27612.552642947074,18.75774586760599,0.9993206804850621,1,PETR4,0,0.0,0.0
2006-01-11,28550.107231264945,18.75774586760599,0.999342988601911,1,PETR4,0,0.0,0.0
2006-01-12,28786.18377507293,18.75774586760599,0.999348376776367,1,PETR4,0,0.0,0.0
2006-01-13,28752.456716662284,18.75774586760599,0.9993476124126557,1,PETR4,0,0.0,0.0
2006-01-16,29325.783260470267,18.75774586760599,0.9993603667564136,1,PETR4,0,0.0,0.0
2006-01-17,28887.357231264945,18.75774586760599,0.9993506589849173,1,PETR4,0,0.0,0.0
2006-01-18,28604.06846631133,18.75774586760599,0.9993442280461012,1,PETR4,0,0.0,0.0
2006-01-19,29494.408260470267,18.75774586760599,0.999364023658249,1,PETR4,0,0.0,0.0
2006-01-20,29865.382745867606,18.75774586760599,0.9993719234731655,1,PETR4,0,0.0,0.0
2006-01-23,30168.908260470267,18.75774586760599,0.9993782424705046,1,PETR4,0,0.0,0.0
2006-01-24,30742.232231264945,18.75774586760599,0.9993898378710272,1,PETR4,0,0.0,0.0
2006-01-25,30742.232231264945,18.75774586760599,0.9993898378710272,1,PETR4,0,0.0,0.0
2006-01-26,30708.507745867606,18.75774586760599,0.9993891677829858,1,PETR4,0,0.0,0.0
2006-01-27,30364.51387799346,18.75774586760599,0.9993822477796622,1,PETR4,0,0.0,0.0
2006-01-30,31268.343980913993,18.75774586760599,0.9994001042754597,1,PETR4,0,0.0,0.0
2006-01-31,31720.257745867606,18.75774586760599,0.9994086509000688,1,PETR4,0,0.0,0.0
2006-02-01,31551.632745867606,18.75774586760599,0.9994054904854309,1,PETR4,0,0.0,0.0
2006-02-02,30168.908260470267,18.75774586760599,0.9993782424705046,1,PETR4,0,0.0,0.0
2006-02-03,29824.911819582816,18.75774586760599,0.9993710712044658,1,PETR4,0,0.0,0.0
2006-02-06,30607.331716662284,18.75774586760599,0.9993871486073582,1,PETR4,0,0.0,0.0
2006-02-07,29278.56846631133,18.75774586760599,0.9993593352800295,1,PETR4,0,0.0,0.0
2006-02-08,28705.241922503348,18.75774586760599,0.9993465393561829,1,PETR4,0,0.0,0.0
2006-02-09,28482.658260470267,18.75774586760599,0.999341432751955,1,PETR4,0,0.0,0.0
2006-02-10,27916.078157549735,18.75774586760599,0.9993280665800639,1,PETR4,0,0.0,0.0
2006-02-13,27538.357231264945,18.75774586760599,0.999318850223705,1,PETR4,0,0.0,0.0
2006-02-14,27605.80877507293,18.75774586760599,0.9993205145329941,1,PETR4,0,0.0,0.0
2006-02-15,27774.43377507293,18.75774586760599,0.9993246398461436,1,PETR4,0,0.0,0.0
2006-02-16,28482.658260470267,18.75774586760599,0.999341432751955,1,PETR4,0,0.0,0.0
2006-02-17,29696.757745867606,18.75774586760599,0.9993683571106271,1,PETR4,0,0.0,0.0
2006-02-20,30175.652128344413,18.75774586760599,0.9993783814252688,1,PETR4,0,0.0,0.0
2006-02-21,29737.228672152396,18.75774586760599,0.9993692167459717,1,PETR4,0,0.0,0.0
2006-02-22,29393.232231264945,18.75774586760599,0.9993618345297985,1,PETR4,0,0.0,0.0
2006-02-23,29690.01387799346,18.75774586760599,0.9993682136375992,1,PETR4,0,0.0,0.0
2006-02-24,30182.398569231864,18.75774586760599,0.9993785203709181,1,PETR4,0,0.0,0.0
2006-02-27,30182.398569231864,18.75774586760599,0.9993785203709181,1,PETR4,0,0.0,0.0
2006-02-28,30182.398569231864,18.75774586760599,0.9993785203709181,1,PETR4,0,0.0,0.0
2006-03-01,30096.74773508107,5.954516468398651,0.9998021541556313,1,GGBR3,2,1.9941774706498931,0.0
2006-03-02,30972.881959019058,5.954516468398651,0.9998077506485745,1,GGBR3,0,0.0,0.0
2006-03-03,31199.471118984573,5.954516468398651,0.9998091468779811,1,GGBR3,0,0.0,0.0
2006-03-06,31191.91823774373,5.954516468398651,0.9998091006643768,1,GGBR3,0,0.0,0.0
2006-03-07,29839.947050152176,5.954516468398651,0.999800451506888,1,GGBR3,0,0.0,0.0
2006-03-08,29915.475862560623,5.954516468398651,0.9998009553150431,1,GGBR3,0,0.0,0.0
2006-03-09,29613.360612926834,5.954516468398651,0.9997989246628834,1,GGBR3,0,0.0,0.0
2006-03-10,29424.535859165542,5.954516468398651,0.9997976343111443,1,GGBR3,0,0.0,0.0
2006-03-13,29613.360612926834,5.954516468398651,0.9997989246628834,1,GGBR3,0,0.0,0.0
2006-03-14,29386.774175701492,5.954516468398651,0.9997973742734471,1,GGBR3,0,0.0,0.0
2006-03-15,30368.65145975148,5.954516468398651,0.9998039255553942,1,GGBR3,0,0.0,0.0
2006-03-16,30028.771803913467,5.954516468398651,0.9998017062933082,1,GGBR3,0,0.0,0.0
2006-03-17,30406.415865955703,5.954516468398651,0.9998041690775181,1,GGBR3,0,0.0,0.0
2006-03-20,29847.49993139302,5.954516468398651,0.9998005020024429,1,GGBR3,0,0.0,0.0
2006-03-21,28631.483328876846,5.954516468398651,0.9997920290611562,1,GGBR3,0,0.0,0.0
2006-03-22,29084.658926067703,5.954516468398651,0.9997952695101725,1,GGBR3,0,0.0,0.0
2006-03-23,28933.598578510635,5.954516468398651,0.999794200626229,1,GGBR3,0,0.0,0.0
2006-03-24,29462.30298810994,5.954516468398651,0.9997978937196186,1,GGBR3,0,0.0,0.0
2006-03-27,29258.37247186696,5.954516468398651,0.9997964850411921,1,GGBR3,0,0.0,0.0
2006-03-28,27951.718571720474,5.954516468398651,0.9997869713644576,1,GGBR3,0,0.0,0.0
2006-03-29,28858.069766102188,5.954516468398651,0.999793661997609,1,GGBR3,0,0.0,0.0
2006-03-30,28555.9545164684,5.954516468398651,0.9997914789903113,1,GGBR3,0,0.0,0.0
2006-03-31,28707.012141285293,5.954516468398651,0.9997925762375028,1,GGBR3,0,0.0,0.0
2006-04-03,29785.661549086995,26.161549086995365,0.9991216730558802,1,VALE3,2,1.9939355059566612,0.0
2006-04-04,29488.0672345118,26.161549086995365,0.9991128089583173,1,VALE3,0,0.0,0.0
2006-04-05,29645.286549086995,26.161549086995365,0.9991175140424541,1,VALE3,0,0.0,0.0
2006-04-06,29785.661549086995,26.161549086995365,0.9991216730558802,1,VALE3,0,0.0,0.0
2006-04-07,29586.329306121297,26.161549086995365,0.9991157554958471,1,VALE3,0,0.0,0.0
2006-04-10,29336.4619774775,26.161549086995365,0.9991082241237175,1,VALE3,0,0.0,0.0
2006-04-11,28800.22844934029,26.161549086995365,0.9990916200844374,1,VALE3,0,0.0,0.0
2006-04-12,28873.224049086995,26.161549086995365,0.9990939165975189,1,VALE3,0,0.0,0.0
2006-04-13,28887.262405868,26.161549086995365,0.9990943569273051,1,VALE3,0,0.0,0.0
2006-04-14,28887.262405868,26.161549086995365,0.9990943569273051,1,VALE3,0,0.0,0.0
2006-04-17,29226.9696488337,26.161549086995365,0.9991048832841266,1,VALE3,0,0.0,0.0
2006-04-18,29970.957577224202,26.161549086995365,0.9991271033292951,1,VALE3,0,0.0,0.0
2006-04-19,29785.661549086995,26.161549086995365,0.9991216730558802,1,VALE3,0,0.0,0.0
2006-04-20,29631.24819230599,26.161549086995365,0.9991170959482636,1,VALE3,0,0.0,0.0
2006-04-21,29631.24819230599,26.161549086995365,0.9991170959482636,1,VALE3,0,0.0,0.0
2006-04-24,30521.2273201899,26.161549086995365,0.9991428408558889,1,VALE3,0,0.0,0.0
2006-04-25,30557.724049086995,26.161549086995365,0.9991438646070313,1,VALE3,0,0.0,0.0
2006-04-26,31133.262405868,26.161549086995365,0.9991596913697659,1,VALE3,0,0.0,0.0
2006-04-27,29785.661549086995,26.161549086995365,0.9991216730558802,1,VALE3,0,0.0,0.0
2006-04-28,30072.02560662789,26.161549086995365,0.9991300370174855,1,VALE3,0,0.0,0.0
2006-05-01,29922.11583697902,4.020927311052219,0.9998656202210779,1,GGBR3,2,1.9940091787305094,0.0
2006-05-02,30890.686157108416,4.020927311052219,0.999869833667967,1,GGBR3,0,0.0,0.0
2006-05-03,29814.494613529314,4.020927311052219,0.9998651351511011,1,GGBR3,0,0.0,0.0
2006-05-04,29760.68788135158,4.020927311052219,0.9998648913181347,1,GGBR3,0,0.0,0.0
2006-05-05,29868.303932071794,4.020927311052219,0.9998653781172109,1,GGBR3,0,0.0,0.0
2006-05-08,30557.068382145037,4.020927311052219,0.9998684125302608,1,GGBR3,0,0.0,0.0
2006-05-09,30557.068382145037,4.020927311052219,0.9998684125302608,1,GGBR3,0,0.0,0.0
2006-05-10,31213.5420683633,4.020927311052219,0.9998711800377462,1,GGBR3,0,0.0,0.0
2006-05-11,30987.545516849626,4.020927311052219,0.9998702405355446,1,GGBR3,0,0.0,0.0
2006-05-12,30890.686157108416,4.020927311052219,0.999869833667967,1,GGBR3,0,0.0,0.0
2006-05-15,30890.686157108416,4.020927311052219,0.999869833667967,1,GGBR3,0,0.0,0.0
2006-05-16,29061.16156756984,4.020927311052219,0.9998616391398636,1,GGBR3,0,0.0,0.0
2006-05-17,28953.545516849626,4.020927311052219,0.9998611248729896,1,GGBR3,0,0.0,0.0
2006-05-18,27866.59210956203,4.020927311052219,0.9998557079640293,1,GGBR3,0,0.0,0.0
2006-05-19,27662.114112735857,4.020927311052219,0.9998546413591287,1,GGBR3,0,0.0,0.0
2006-05-22,26854.971748233904,4.020927311052219,0.9998502725175529,1,GGBR3,0,0.0,0.0
2006-05-23,26854.971748233904,4.020927311052219,0.9998502725175529,1,GGBR3,0,0.0,0.0
2006-05-24,27188.59210956203,4.020927311052219,0.9998521097637255,1,GGBR3,0,0.0,0.0
2006-05-25,27231.639564396013,4.020927311052219,0.9998523435468678,1,GGBR3,0,0.0,0.0
2006-05-26,28619.9251555215,4.020927311052219,0.9998595060158543,1,GGBR3,0,0.0,0.0
2006-05-29,29168.78279101955,4.020927311052219,0.9998621496364843,1,GGBR3,0,0.0,0.0
2006-05-30,29168.78279101955,4.020927311052219,0.9998621496364843,1,GGBR3,0,0.0,0.0
2006-05-31,28619.9251555215,4.020927311052219,0.9998595060158543,1,GGBR3,0,0.0,0.0
2006-06-01,29632.648541676575,29632.648541676575,0.0,0,,1,0.9993647142550237,0.0
2006-06-02,29632.648541676575,29632.648541676575,0.0,0,,0,0.0,0.0
2006-06-05,29632.648541676575,29632.648541676575,0.0,0,,0,0.0,0.0
2006-06-06,29632.648541676575,29632.648541676575,0.0,0,,0,0.0,0.0
2006-06-07,29632.648541676575,29632.648541676575,0.0,0,,0,0.0,0.0
2006-06-08,29632.648541676575,29632.648541676575,0.0,0,,0,0.0,0.0
2006-06-09,29632.648541676575,29632.648541676575,0.0,0,,0,0.0,0.0
2006-06-12,29632.648541676575,29632.648541676575,0.0,0,,0,0.0,0.0
2006-06-13,29632.648541676575,29632.648541676575,0.0,0,,0,0.0,0.0
2006-06-14,29632.648541676575,29632.648541676575,0.0,0,,0,0.0,0.0
2006-06-15,29632.648541676575,29632.648541676575,0.0,0,,0,0.0,0.0
2006-06-16,29632.648541676575,29632.648541676575,0.0,0,,0,0.0,0.0
2006-06-19,29632.648541676575,29632.648541676575,0.0,0,,0,0.0,0.0
2006-06-20,29632.648541676575,29632.648541676575,0.0,0,,0,0.0,0.0
2006-06-21,29632.648541676575,29632.648541676575,0.0,0,,0,0.0,0.0
2006-06-22,29632.648541676575,29632.648541676575,0.0,0,,0,0.0,0.0
2006-06-23,29632.648541676575,29632.648541676575,0.0,0,,0,0.0,0.0
2006-06-26,29632.648541676575,29632.648541676575,0.0,0,,0,0.0,0.0
2006-06-27,29632.648541676575,29632.648541676575,0.0,0,,0,0.0,0.0
2006-06-28,29632.648541676575,29632.648541676575,0.0,0,,0,0.0,0.0
2006-06-29,29632.648541676575,29632.648541676575,0.0,0,,0,0.0,0.0
2006-06-30,29632.648541676575,29632.648541676575,0.0,0,,0,0.0,0.0
2006-07-03,29632.648541676575,29632.648541676575,0.0,0,,0,0.0,0.0
2006-07-04,29632.648541676575,29632.648541676575,0.0,0,,0,0.0,0.0
2006-07-05,29632.648541676575,29632.648541676575,0.0,0,,0,0.0,0.0
2006-07-06,29632.648541676575,29632.648541676575,0.0,0,,0,0.0,0.0
2006-07-07,29632.648541676575,29632.648541676575,0.0,0,,0,0.0,0.0
2006-07-10,29632.648541676575,29632.648541676575,0.0,0,,0,0.0,0.0
2006-07-11,29632.648541676575,29632.648541676575,0.0,0,,0,0.0,0.0
2006-07-12,29632.648541676575,29632.648541676575,0.0,0,,0,0.0,0.0
2006-07-13,29632.648541676575,29632.648541676575,0.0,0,,0,0.0,0.0
2006-07-14,29632.648541676575,29632.648541676575,0.0,0,,0,0.0,0.0
2006-07-17,29632.648541676575,29632.648541676575,0.0,0,,0,0.0,0.0
2006-07-18,29632.648541676575,29632.648541676575,0.0,0,,0,0.0,0.0
2006-07-19,29632.648541676575,29632.648541676575,0.0,0,,0,0.0,0.0
2006-07-20,29632.648541676575,29632.648541676575,0.0,0,,0,0.0,0.0
2006-07-21,29632.648541676575,29632.648541676575,0.0,0,,0,0.0,0.0
2006-07-24,29632.648541676575,29632.648541676575,0.0,0,,0,0.0,0.0
2006-07-25,29632.648541676575,29632.648541676575,0.0,0,,0,0.0,0.0
2006-07-26,29632.648541676575,29632.648541676575,0.0,0,,0,0.0,0.0
2006-07-27,29632.648541676575,29632.648541676575,0.0,0,,0,0.0,0.0
2006-07-28,29632.648541676575,29632.648541676575,0.0,0,,0,0.0,0.0
2006-07-31,29632.648541676575,29632.648541676575,0.0,0,,0,0.0,0.0
2006-08-01,29757.502268494376,11.251257599600649,0.9996219018149413,1,PETR4,1,0.9976250586248535,0.0
2006-08-02,29830.375145615348,11.251257599600649,0.9996228254742129,1,PETR4,0,0.0,0.0
2006-08-03,30287.50176304699,11.251257599600649,0.9996285181363711,1,PETR4,0,0.0,0.0
2006-08-04,30433.25004452587,11.251257599600649,0.9996302972050918,1,PETR4,0,0.0,0.0
2006-08-07,30280.875347794303,11.251257599600649,0.9996284368443655,1,PETR4,0,0.0,0.0
2006-08-08,30651.8762575996,11.251257599600649,0.9996329341308491,1,PETR4,0,0.0,0.0
2006-08-09,30618.75176304699,11.251257599600649,0.9996325370254584,1,PETR4,0,0.0,0.0
2006-08-10,30386.875246704825,11.251257599600649,0.9996297329847754,1,PETR4,0,0.0,0.0
2006-08-11,30088.752268494376,11.251257599600649,0.9996260643346324,1,PETR4,0,0.0,0.0
2006-08-14,30088.752268494376,11.251257599600649,0.9996260643346324,1,PETR4,0,0.0,0.0
2006-08-15,29366.6271674049,11.251257599600649,0.9996168692599439,1,PETR4,0,0.0,0.0
2006-08-16,29956.25176304699,11.251257599600649,0.9996244103672048,1,PETR4,0,0.0,0.0
2006-08-17,30015.876864136466,11.251257599600649,0.999625156458013,1,PETR4,0,0.0,0.0
2006-08-18,29393.125246704825,11.251257599600649,0.9996172146546117,1,PETR4,0,0.0,0.0
2006-08-21,29750.87585324169,11.251257599600649,0.9996218176010985,1,PETR4,0,0.0,0.0
2006-08-22,29393.125246704825,11.251257599600649,0.9996172146546117,1,PETR4,0,0.0,0.0
2006-08-23,29326.8762575996,11.251257599600649,0.9996163499480554,1,PETR4,0,0.0,0.0
2006-08-24,28399.375246704825,11.251257599600649,0.9996038202424574,1,PETR4,0,0.0,0.0
2006-08-25,28697.500752152213,11.251257599600649,0.9996079359768374,1,PETR4,0,0.0,0.0
2006-08-28,29095.002268494376,11.251257599600649,0.9996132924309209,1,PETR4,0,0.0,0.0
2006-08-29,28929.377268494376,11.251257599600649,0.9996110784724062,1,PETR4,0,0.0,0.0
2006-08-30,28598.127268494376,11.251257599600649,0.999606573623022,1,PETR4,0,0.0,0.0
2006-08-31,28565.000246704825,11.251257599600649,0.9996061173638219,1,PETR4,0,0.0,0.0
2006-09-01,28041.56168138592,5.762333508417214,0.9997945073967744,1,TUPY3,2,1.9944186949941987,0.0
2006-09-04,30434.861029263422,5.762333508417214,0.999810666672574,1,TUPY3,0,0.0,0.0
2006-09-05,32469.16694223492,5.762333508417214,0.9998225290621509,1,TUPY3,0,0.0,0.0
2006-09-06,31802.462985630915,5.762333508417214,0.9998188085774671,1,TUPY3,0,0.0,0.0
2006-09-07,31802.462985630915,5.762333508417214,0.9998188085774671,1,TUPY3,0,0.0,0.0
2006-09-08,29751.06168138592,5.762333508417214,0.999806315029355,1,TUPY3,0,0.0,0.0
2006-09-11,28212.512333508417,5.762333508417214,0.9997957525568691,1,TUPY3,0,0.0,0.0
2006-09-12,28212.512333508417,5.762333508417214,0.9997957525568691,1,TUPY3,0,0.0,0.0
2006-09-13,28212.512333508417,5.762333508417214,0.9997957525568691,1,TUPY3,0,0.0,0.0
2006-09-14,28212.512333508417,5.762333508417214,0.9997957525568691,1,TUPY3,0,0.0,0.0
2006-09-15,27870.611029263422,5.762333508417214,0.9997932469617417,1,TUPY3,0,0.0,0.0
2006-09-18,28212.512333508417,5.762333508417214,0.9997957525568691,1,TUPY3,0,0.0,0.0
2006-09-19,28212.512333508417,5.762333508417214,0.9997957525568691,1,TUPY3,0,0.0,0.0
2006-09-20,28212.512333508417,5.762333508417214,0.9997957525568691,1,TUPY3,0,0.0,0.0
2006-09-21,27460.33142053692,5.762333508417214,0.9997901579037715,1,TUPY3,0,0.0,0.0
2006-09-22,27460.33142053692,5.762333508417214,0.9997901579037715,1,TUPY3,0,0.0,0.0
2006-09-25,27460.33142053692,5.762333508417214,0.9997901579037715,1,TUPY3,0,0.0,0.0
2006-09-26,28212.512333508417,5.762333508417214,0.9997957525568691,1,TUPY3,0,0.0,0.0
2006-09-27,28212.512333508417,5.762333508417214,0.9997957525568691,1,TUPY3,0,0.0,0.0
2006-09-28,29067.262333508417,5.762333508417214,0.9998017586437173,1,TUPY3,0,0.0,0.0
2006-09-29,28725.361029263422,5.762333508417214,0.9997993990918844,1,TUPY3,0,0.0,0.0
2006-10-02,28725.361029263422,5.762333508417214,0.9997993990918844,1,TUPY3,0,0.0,0.0
2006-10-03,29067.262333508417,5.762333508417214,0.9998017586437173,1,TUPY3,0,0.0,0.0
2006-10-04,29067.262333508417,5.762333508417214,0.9998017586437173,1,TUPY3,0,0.0,0.0
2006-10-05,29580.111029263422,5.762333508417214,0.9998051956768277,1,TUPY3,0,0.0,0.0
2006-10-06,29580.111029263422,5.762333508417214,0.9998051956768277,1,TUPY3,0,0.0,0.0
2006-10-09,30776.762333508417,5.762333508417214,0.9998127699903592,1,TUPY3,0,0.0,0.0
2006-10-10,32486.262333508417,5.762333508417214,0.9998226224534771,1,TUPY3,0,0.0,0.0
2006-10-11,32469.16694223492,5.762333508417214,0.9998225290621509,1,TUPY3,0,0.0,0.0
2006-10-12,32469.16694223492,5.762333508417214,0.9998225290621509,1,TUPY3,0,0.0,0.0
2006-10-13,32469.16694223492,5.762333508417214,0.9998225290621509,1,TUPY3,0,0.0,0.0
2006-10-16,31546.038637753412,5.762333508417214,0.9998173357493603,1,TUPY3,0,0.0,0.0
2006-10-17,31716.986029263422,5.762333508417214,0.999818320268417,1,TUPY3,0,0.0,0.0
2006-10-18,30776.762333508417,5.762333508417214,0.9998127699903592,1,TUPY3,0,0.0,0.0
2006-10-19,32486.262333508417,5.762333508417214,0.9998226224534771,1,TUPY3,0,0.0,0.0
2006-10-20,32486.262333508417,5.762333508417214,0.9998226224534771,1,TUPY3,0,0.0,0.0
2006-10-23,32999.111029263426,5.762333508417214,0.9998253791290526,1,TUPY3,0,0.0,0.0
2006-10-24,34024.81168138592,5.762333508417214,0.9998306431917279,1,TUPY3,0,0.0,0.0
2006-10-25,30776.762333508417,5.762333508417214,0.9998127699903592,1,TUPY3,0,0.0,0.0
2006-10-26,30776.762333508417,5.762333508417214,0.9998127699903592,1,TUPY3,0,0.0,0.0
2006-10-27,34195.76233350842,5.762333508417214,0.9998314898363072,1,TUPY3,0,0.0,0.0
2006-10-30,35905.26233350842,5.762333508417214,0.9998395128420203,1,TUPY3,0,0.0,0.0
2006-10-31,35905.26233350842,5.762333508417214,0.9998395128420203,1,TUPY3,0,0.0,0.0
2006-11-01,39799.78297337255,2.1324282523128204,0.9999464211085337,1,VALE3,2,1.9948097664197737,0.0
2006-11-02,39799.78297337255,2.1324282523128204,0.9999464211085337,1,VALE3,0,0.0,0.0
2006-11-03,40299.93351849279,2.1324282523128204,0.999947086060295,1,VALE3,0,0.0,0.0
2006-11-06,41435.98862751684,2.1324282523128204,0.9999485368076654,1,VALE3,0,0.0,0.0
2006-11-07,40985.852864348504,2.1324282523128204,0.9999479716023143,1,VALE3,0,0.0,0.0
2006-11-08,40942.98188313207,2.1324282523128204,0.9999479171239066,1,VALE3,0,0.0,0.0
2006-11-09,42157.63242825231,2.1324282523128204,0.9999494177417116,1,VALE3,0,0.0,0.0
2006-11-10,41443.13242825231,2.1324282523128204,0.9999485456786839,1,VALE3,0,0.0,0.0
2006-11-13,40585.73188313207,2.1324282523128204,0.9999474586719674,1,VALE3,0,0.0,0.0
2006-11-14,40692.90797337255,2.1324282523128204,0.999947597054167,1,VALE3,0,0.0,0.0
2006-11-15,40692.90797337255,2.1324282523128204,0.999947597054167,1,VALE3,0,0.0,0.0
2006-11-16,40585.73188313207,2.1324282523128204,0.9999474586719674,1,VALE3,0,0.0,0.0
2006-11-17,40721.48862751684,2.1324282523128204,0.9999476338335315,1,VALE3,0,0.0,0.0
2006-11-20,40721.48862751684,2.1324282523128204,0.9999476338335315,1,VALE3,0,0.0,0.0
2006-11-21,41578.88644703588,2.1324282523128204,0.9999487136757491,1,VALE3,0,0.0,0.0
2006-11-22,42014.73188313207,2.1324282523128204,0.9999492457012877,1,VALE3,0,0.0,0.0
2006-11-23,42050.456338011834,2.1324282523128204,0.9999492888201933,1,VALE3,0,0.0,0.0
2006-11-24,42086.18351849279,2.1324282523128204,0.999949331869178,1,VALE3,0,0.0,0.0
2006-11-27,41800.38242825231,2.1324282523128204,0.9999489854367727,1,VALE3,0,0.0,0.0
2006-11-28,41521.727864348504,2.1324282523128204,0.9999486430752766,1,VALE3,0,0.0,0.0
2006-11-29,42872.13242825231,2.1324282523128204,0.9999502607374177,1,VALE3,0,0.0,0.0
2006-11-30,42672.073300444696,2.1324282523128204,0.9999500275452449,1,VALE3,0,0.0,0.0
2006-12-01,42347.61614016201,9.866140162012016,0.9997670201758381,1,PETR4,2,1.9947294103352384,0.0
2006-12-04,42961.74599817898,9.866140162012016,0.9997703505774084,1,PETR4,0,0.0,0.0
2006-12-05,43278.11614016201,9.866140162012016,0.9997720293524316,1,PETR4,0,0.0,0.0
2006-12-06,43045.49114016201,9.866140162012016,0.9997707973611014,1,PETR4,0,0.0,0.0
2006-12-07,43464.21685007717,9.866140162012016,0.9997730054542098,1,PETR4,0,0.0,0.0
2006-12-08,43929.46685007717,9.866140162012016,0.9997754095173592,1,PETR4,0,0.0,0.0
2006-12-11,43827.111282145044,9.866140162012016,0.9997748849998692,1,PETR4,0,0.0,0.0
2006-12-12,43650.317559992334,9.866140162012016,0.9997739732328762,1,PETR4,0,0.0,0.0
2006-12-13,43650.317559992334,9.866140162012016,0.9997739732328762,1,PETR4,0,0.0,0.0
2006-12-14,43948.07727602627,9.866140162012016,0.9997755046233298,1,PETR4,0,0.0,0.0
2006-12-15,43938.77028826382,9.866140162012016,0.9997754570713453,1,PETR4,0,0.0,0.0
2006-12-18,44115.567559992334,9.866140162012016,0.9997763569481772,1,PETR4,0,0.0,0.0
2006-12-19,44441.24114016201,9.866140162012016,0.9997779958455504,1,PETR4,0,0.0,0.0
2006-12-20,44711.086992060205,9.866140162012016,0.9997793357123309,1,PETR4,0,0.0,0.0
2006-12-21,44999.53972033169,9.866140162012016,0.9997807501982614,1,PETR4,0,0.0,0.0
2006-12-22,44832.049436365625,9.866140162012016,0.999779931092019,1,PETR4,0,0.0,0.0
2006-12-26,45213.5578439584,9.866140162012016,0.9997817880159738,1,PETR4,0,0.0,0.0
2006-12-27,46255.71685007717,9.866140162012016,0.9997867044154998,1,PETR4,0,0.0,0.0
2006-12-28,46348.76543024685,9.866140162012016,0.9997871326221869,1,PETR4,0,0.0,0.0
2007-01-02,46832.62585619595,9.866140162012016,0.9997893319030988,1,PETR4,0,0.0,0.0
2007-01-03,45408.961992060205,9.866140162012016,0.9997827270272389,1,PETR4,0,0.0,0.0
2007-01-04,44394.71685007717,9.866140162012016,0.9997777631920634,1,PETR4,0,0.0,0.0
2007-01-05,43045.49114016201,9.866140162012016,0.9997707973611014,1,PETR4,0,0.0,0.0
2007-01-08,43547.961992060205,9.866140162012016,0.999773441977289,1,PETR4,0,0.0,0.0
2007-01-09,42217.34670809414,9.866140162012016,0.9997663012734971,1,PETR4,0,0.0,0.0
2007-01-10,42114.99114016201,9.866140162012016,0.9997657332960328,1,PETR4,0,0.0,0.0
2007-01-11,42049.85642412808,9.866140162012016,0.9997653704197584,1,PETR4,0,0.0,0.0
2007-01-12,42077.77028826382,9.866140162012016,0.999765526070074,1,PETR4,0,0.0,0.0
2007-01-15,41780.01057222988,9.866140162012016,0.9997638550104013,1,PETR4,0,0.0,0.0
2007-01-16,41221.711992060205,9.866140162012016,0.9997606567101358,1,PETR4,0,0.0,0.0
2007-01-17,41007.6974180093,9.866140162012016,0.999759407604347,1,PETR4,0,0.0,0.0
2007-01-18,40347.03972033169,9.866140162012016,0.9997554680534086,1,PETR4,0,0.0,0.0
2007-01-19,42198.736282145044,9.866140162012016,0.999766198208021,1,PETR4,0,0.0,0.0
2007-01-22,42142.905004297754,9.866140162012016,0.9997658884654248,1,PETR4,0,0.0,0.0
2007-01-23,43464.21685007717,9.866140162012016,0.9997730054542098,1,PETR4,0,0.0,0.0
2007-01-24,43836.41472033169,9.866140162012016,0.99977493277621,1,PETR4,0,0.0,0.0
2007-01-26,43278.11614016201,9.866140162012016,0.9997720293524316,1,PETR4,0,0.0,0.0
2007-01-29,42905.91472033169,9.866140162012016,0.9997700517463309,1,PETR4,0,0.0,0.0
2007-01-30,42170.8224180093,9.866140162012016,0.9997660434490887,1,PETR4,0,0.0,0.0
2007-01-31,43622.40014628079,9.866140162012016,0.9997738285805245,1,PETR4,0,0.0,0.0
2007-02-01,43427.33080786678,10.856736364097742,0.9997500022183695,1,VALE3,2,1.9945393153812159,0.0
2007-02-02,43336.05487936947,10.856736364097742,0.9997494756642172,1,VALE3,0,0.0,0.0
2007-02-05,43123.08080786678,10.856736364097742,0.9997482383874086,1,VALE3,0,0.0,0.0
2007-02-06,44187.95580786678,10.856736364097742,0.9997543055304187,1,VALE3,0,0.0,0.0
2007-02-07,43092.65859335873,10.856736364097742,0.9997480606507353,1,VALE3,0,0.0,0.0
2007-02-08,43323.88692206356,10.856736364097742,0.999749405301892,1,VALE3,0,0.0,0.0
2007-02-09,42605.8567363641,10.856736364097742,0.9997451820666047,1,VALE3,0,0.0,0.0
2007-02-12,42392.88266486141,10.856736364097742,0.9997439019080178,1,VALE3,0,0.0,0.0
2007-02-13,44492.20580786678,10.856736364097742,0.9997559856571063,1,VALE3,0,0.0,0.0
2007-02-14,45709.20580786678,10.856736364097742,0.9997624824983892,1,VALE3,0,0.0,0.0
2007-02-15,46043.88266486141,10.856736364097742,0.9997642089299219,1,VALE3,0,0.0,0.0
2007-02-16,45830.90859335873,10.856736364097742,0.9997631132199358,1,VALE3,0,0.0,0.0
2007-02-21,46500.25766486141,10.856736364097742,0.999766523092359,1,VALE3,0,0.0,0.0
2007-02-22,46798.42136496517,10.856736364097742,0.9997680106284049,1,VALE3,0,0.0,0.0
2007-02-23,46646.29636496517,10.856736364097742,0.9997672540542307,1,VALE3,0,0.0,0.0
2007-02-26,46682.80487936947,10.856736364097742,0.9997674360743286,1,VALE3,0,0.0,0.0
2007-02-27,42812.74450797054,10.856736364097742,0.999746413445602,1,VALE3,0,0.0,0.0
2007-02-28,44133.19303626034,10.856736364097742,0.9997540006598847,1,VALE3,0,0.0,0.0
2007-03-01,42359.528665914266,1.196899785725691,0.99997174426101,1,GGBR3,2,1.9947313901003305,0.0
2007-03-02,42175.36270178768,1.196899785725691,0.9999716208774733,1,GGBR3,0,0.0,0.0
2007-03-05,40475.36237753841,1.196899785725691,0.9999704289297138,1,GGBR3,0,0.0,0.0
2007-03-06,42501.19479216549,1.196899785725691,0.9999718384437996,1,GGBR3,0,0.0,0.0
2007-03-07,42076.196413411824,1.196899785725691,0.9999715539928095,1,GGBR3,0,0.0,0.0
2007-03-08,43280.36189116451,1.196899785725691,0.999972345430273,1,GGBR3,0,0.0,0.0
2007-03-09,43280.36189116451,1.196899785725691,0.999972345430273,1,GGBR3,0,0.0,0.0
2007-03-12,44541.193819417684,1.196899785725691,0.9999731282508821,1,GGBR3,0,0.0,0.0
2007-03-13,42359.528665914266,1.196899785725691,0.99997174426101,1,GGBR3,0,0.0,0.0
2007-03-14,42614.52769316646,1.196899785725691,0.9999719133391706,1,GGBR3,0,0.0,0.0
2007-03-15,42501.19479216549,1.196899785725691,0.9999718384437996,1,GGBR3,0,0.0,0.0
2007-03-16,41920.36026991817,1.196899785725691,0.9999714482466749,1,GGBR3,0,0.0,0.0
2007-03-19,43195.36221541378,1.196899785725691,0.9999722910117119,1,GGBR3,0,0.0,0.0
2007-03-20,42997.02623404476,1.196899785725691,0.9999721631961427,1,GGBR3,0,0.0,0.0
2007-03-21,44626.196899785726,1.196899785725691,0.9999731794356482,1,GGBR3,0,0.0,0.0
2007-03-22,45377.027368917195,1.196899785725691,0.9999736232218124,1,GGBR3,0,0.0,0.0
2007-03-23,45674.52623404476,1.196899785725691,0.9999737950257088,1,GGBR3,0,0.0,0.0
2007-03-26,46028.69495429012,1.196899785725691,0.9999739966604112,1,GGBR3,0,0.0,0.0
2007-03-27,44626.196899785726,1.196899785725691,0.9999731794356482,1,GGBR3,0,0.0,0.0
2007-03-28,43634.53061140987,1.196899785725691,0.9999725698943256,1,GGBR3,0,0.0,0.0
2007-03-29,45306.197710408895,1.196899785725691,0.9999735819855514,1,GGBR3,0,0.0,0.0
2007-03-30,45901.19544066402,1.196899785725691,0.999973924431069,1,GGBR3,0,0.0,0.0
2007-04-02,45137.87525608392,15.264807246639975,0.9996618182145253,1,PETR4,2,1.994647614846819,0.0
2007-04-03,44520.15920879693,15.264807246639975,0.9996571259510765,1,PETR4,0,0.0,0.0
2007-04-04,44971.18831112237,15.264807246639975,0.9996605647344465,1,PETR4,0,0.0,0.0
2007-04-05,45314.365555308774,15.264807246639975,0.9996631353642587,1,PETR4,0,0.0,0.0
2007-04-09,45147.678610347226,15.264807246639975,0.9996618916472232,1,PETR4,0,0.0,0.0
2007-04-10,45804.615555308774,15.264807246639975,0.9996667408499869,1,PETR4,0,0.0,0.0
2007-04-11,45216.31331112237,15.264807246639975,0.9996624048683136,1,PETR4,0,0.0,0.0
2007-04-12,45853.63980724664,15.264807246639975,0.9996670971527929,1,PETR4,0,0.0,0.0
2007-04-13,46745.89465763421,15.264807246639975,0.9996734513830907,1,PETR4,0,0.0,0.0
2007-04-16,47579.318161509946,15.264807246639975,0.9996791713745282,1,PETR4,0,0.0,0.0
2007-04-17,46834.13980724664,15.264807246639975,0.9996740666678311,1,PETR4,0,0.0,0.0
2007-04-18,46481.15920879693,15.264807246639975,0.9996715915113461,1,PETR4,0,0.0,0.0
2007-04-19,45804.615555308774,15.264807246639975,0.9996667408499869,1,PETR4,0,0.0,0.0
2007-04-20,46098.76480724664,15.264807246639975,0.999668867326262,1,PETR4,0,0.0,0.0
2007-04-23,45765.39465763421,15.264807246639975,0.999666455247227,1,PETR4,0,0.0,0.0
2007-04-24,45324.16890957208,15.264807246639975,0.9996632082261211,1,PETR4,0,0.0,0.0
2007-04-25,46579.211452983334,15.264807246639975,0.9996722828323952,1,PETR4,0,0.0,0.0
2007-04-26,45598.711452983334,15.264807246639975,0.9996652359954868,1,PETR4,0,0.0,0.0
2007-04-27,45520.26965763421,15.264807246639975,0.9996646591208389,1,PETR4,0,0.0,0.0
2007-04-30,44333.865555308774,15.264807246639975,0.9996556851730514,1,PETR4,0,0.0,0.0
2007-05-02,45260.50445816984,32.17494843473105,0.9992891164422512,1,VALE3,2,1.9939563836203587,0.0
2007-05-03,46513.57658265104,32.17494843473105,0.9993082675898389,1,VALE3,0,0.0,0.0
2007-05-04,47927.29625580778,32.17494843473105,0.9993286717393153,1,VALE3,0,0.0,0.0
2007-05-07,46995.52331421842,32.17494843473105,0.9993153614181588,1,VALE3,0,0.0,0.0
2007-05-08,46433.250765542885,32.17494843473105,0.9993070709479895,1,VALE3,0,0.0,0.0
2007-05-09,48446.7319094943,32.17494843473105,0.9993358695795036,1,VALE3,0,0.0,0.0
2007-05-10,47343.59913132658,32.17494843473105,0.9993203949630978,1,VALE3,0,0.0,0.0
2007-05-11,48066.52331421842,32.17494843473105,0.999330616274774,1,VALE3,0,0.0,0.0
2007-05-14,46915.20158265104,32.17494843473105,0.9993141892744924,1,VALE3,0,0.0,0.0
2007-05-15,46781.32658265104,32.17494843473105,0.999312226677072,1,VALE3,0,0.0,0.0
2007-05-16,47531.02331421842,32.17494843473105,0.9993230747795597,1,VALE3,0,0.0,0.0
2007-05-17,46941.97413132658,32.17494843473105,0.9993145804148603,1,VALE3,0,0.0,0.0
2007-05-18,47477.47413132658,32.17494843473105,0.9993223112850163,1,VALE3,0,0.0,0.0
2007-05-21,46979.458967904946,32.17494843473105,0.9993151273100715,1,VALE3,0,0.0,0.0
2007-05-22,46674.22413132658,32.17494843473105,0.9993106484567542,1,VALE3,0,0.0,0.0
2007-05-23,45978.07658265104,32.17494843473105,0.9993002110826256,1,VALE3,0,0.0,0.0
2007-05-24,44478.67494843473,32.17494843473105,0.9992766207969992,1,VALE3,0,0.0,0.0
2007-05-25,45442.57658265104,32.17494843473105,0.9992919646979918,1,VALE3,0,0.0,0.0
2007-05-28,45972.72043869962,32.17494843473105,0.999300129552315,1,VALE3,0,0.0,0.0
2007-05-29,45281.92494843473,32.17494843473105,0.9992894527237662,1,VALE3,0,0.0,0.0
2007-05-30,46090.53109238615,32.17494843473105,0.9993019184706239,1,VALE3,0,0.0,0.0
2007-05-31,46631.38315079679,32.17494843473105,0.9993100151387171,1,VALE3,0,0.0,0.0
2007-06-01,48669.996831750905,2.035972452198621,0.9999581678121073,1,GGBR3,2,1.9942894914096811,0.0
2007-06-04,49263.97869286541,2.035972452198621,0.9999586721879511,1,GGBR3,0,0.0,0.0
2007-06-05,49199.41544709209,2.035972452198621,0.999958617954427,1,GGBR3,0,0.0,0.0
2007-06-06,49070.28895554546,2.035972452198621,0.9999585090592387,1,GGBR3,0,0.0,0.0
2007-06-08,49070.28895554546,2.035972452198621,0.9999585090592387,1,GGBR3,0,0.0,0.0
2007-06-11,49328.54193863872,2.035972452198621,0.9999587262795091,1,GGBR3,0,0.0,0.0
2007-06-12,49638.44862160686,2.035972452198621,0.9999589839628608,1,GGBR3,0,0.0,0.0
2007-06-13,49677.18656907085,2.035972452198621,0.9999590159469002,1,GGBR3,0,0.0,0.0
2007-06-14,50477.77081665996,2.035972452198621,0.9999596659595054,1,GGBR3,0,0.0,0.0
2007-06-15,51330.01186738018,2.035972452198621,0.9999603356325446,1,GGBR3,0,0.0,0.0
2007-06-18,51575.352201318776,2.035972452198621,0.9999605243131593,1,GGBR3,0,0.0,0.0
2007-06-19,51136.319026804005,2.035972452198621,0.9999601853928686,1,GGBR3,0,0.0,0.0
2007-06-20,51639.91544709209,2.035972452198621,0.9999605736679743,1,GGBR3,0,0.0,0.0
2007-06-21,51523.70160470012,2.035972452198621,0.9999604847402499,1,GGBR3,0,0.0,0.0
2007-06-22,51652.828096246754,2.035972452198621,0.9999605835241314,1,GGBR3,0,0.0,0.0
2007-06-25,51717.39134202007,2.035972452198621,0.9999606327310917,1,GGBR3,0,0.0,0.0
2007-06-26,51781.954587793385,2.035972452198621,0.9999606818153466,1,GGBR3,0,0.0,0.0
2007-06-27,51911.081079340016,2.035972452198621,0.9999607796175717,1,GGBR3,0,0.0,0.0
2007-06-28,52685.84313187603,2.035972452198621,0.9999613563657489,1,GGBR3,0,0.0,0.0
2007-06-29,52685.84313187603,2.035972452198621,0.9999613563657489,1,GGBR3,0,0.0,0.0
2007-07-02,54222.45769104961,2.035972452198621,0.9999624514907863,1,GGBR3,0,0.0,0.0
2007-07-03,54751.87320313457,2.035972452198621,0.9999628145607978,1,GGBR3,0,0.0,0.0
2007-07-04,54364.49372849468,2.035972452198621,0.999962549592343,1,GGBR3,0,0.0,0.0
2007-07-05,55139.258884286915,2.035972452198621,0.99996307581035,1,GGBR3,0,0.0,0.0
2007-07-06,55268.379169321095,2.035972452198621,0.999963162074177,1,GGBR3,0,0.0,0.0
2007-07-10,55629.93955216411,2.035972452198621,0.9999634014980316,1,GGBR3,0,0.0,0.0
2007-07-11,55203.819026804005,2.035972452198621,0.9999631189927057,1,GGBR3,0,0.0,0.0
2007-07-12,55229.64432511333,2.035972452198621,0.9999631362382091,1,GGBR3,0,0.0,0.0
2007-07-13,55126.34313187603,2.035972452198621,0.9999630671592468,1,GGBR3,0,0.0,0.0
2007-07-16,54622.74671158794,2.035972452198621,0.9999627266555644,1,GGBR3,0,0.0,0.0
2007-07-17,54881.005901193654,2.035972452198621,0.9999629020565719,1,GGBR3,0,0.0,0.0
2007-07-18,54881.005901193654,2.035972452198621,0.9999629020565719,1,GGBR3,0,0.0,0.0
2007-07-19,55500.81306061748,2.035972452198621,0.9999633163490781,1,GGBR3,0,0.0,0.0
2007-07-20,55074.692535257374,2.035972452198621,0.9999630325225893,1,GGBR3,0,0.0,0.0
2007-07-23,55784.89134202007,2.035972452198621,0.9999635031564422,1,GGBR3,0,0.0,0.0
2007-07-24,53292.74074540142,2.035972452198621,0.9999617964393701,1,GGBR3,0,0.0,0.0
2007-07-25,52685.84313187603,2.035972452198621,0.9999613563657489,1,GGBR3,0,0.0,0.0
2007-07-26,51394.57200989727,2.035972452198621,0.9999603854575965,1,GGBR3,0,0.0,0.0
2007-07-27,50103.30399117473,2.035972452198621,0.999959364507128,1,GGBR3,0,0.0,0.0
2007-07-30,50942.62928948406,2.035972452198621,0.9999600340131517,1,GGBR3,0,0.0,0.0
2007-07-31,51007.1956385136,2.035972452198621,0.9999600846032268,1,GGBR3,0,0.0,0.0
2007-08-01,49065.94462511545,21.944625115451345,0.9995527524175246,1,VALE3,2,1.9945292555378007,0.0
2007-08-02,49628.74626085764,21.944625115451345,0.9995578243101265,1,VALE3,0,0.0,0.0
2007-08-03,47457.94462511545,21.944625115451345,0.9995375984929648,1,VALE3,0,0.0,0.0
2007-08-06,47484.74626085764,21.944625115451345,0.9995378594844985,1,VALE3,0,0.0,0.0
2007-08-07,48524.58348009592,21.944625115451345,0.9995477627309372,1,VALE3,0,0.0,0.0
2007-08-08,49612.662825799045,21.944625115451345,0.9995576809655933,1,VALE3,0,0.0,0.0
2007-08-09,48208.345442986545,21.944625115451345,0.9995447961361502,1,VALE3,0,0.0,0.0
2007-08-10,46830.825606560764,21.944625115451345,0.9995314064009929,1,VALE3,0,0.0,0.0
2007-08-13,47109.54380724436,21.944625115451345,0.9995341787811565,1,VALE3,0,0.0,0.0
2007-08-14,45040.58348009592,21.944625115451345,0.9995127810649889,1,VALE3,0,0.0,0.0
2007-08-15,43164.58348009592,21.944625115451345,0.9994916057715333,1,VALE3,0,0.0,0.0
2007-08-16,42628.58348009592,21.944625115451345,0.9994852133633364,1,VALE3,0,0.0,0.0
2007-08-17,43330.74626085764,21.944625115451345,0.9994935553386655,1,VALE3,0,0.0,0.0
2007-08-20,43529.06364367014,21.944625115451345,0.9994958626885455,1,VALE3,0,0.0,0.0
2007-08-21,44536.74626085764,21.944625115451345,0.999507269233659,1,VALE3,0,0.0,0.0
2007-08-22,47323.94462511545,21.944625115451345,0.999536289181105,1,VALE3,0,0.0,0.0
2007-08-23,48208.345442986545,21.944625115451345,0.9995447961361502,1,VALE3,0,0.0,0.0
2007-08-24,49693.06364367014,21.944625115451345,0.9995583966150123,1,VALE3,0,0.0,0.0
2007-08-27,50941.94462511545,21.944625115451345,0.9995692228618883,1,VALE3,0,0.0,0.0
2007-08-28,48529.94462511545,21.944625115451345,0.9995478126899799,1,VALE3,0,0.0,0.0
2007-08-29,50298.74626085764,21.944625115451345,0.9995637142722874,1,VALE3,0,0.0,0.0
2007-08-30,50513.142989373264,21.944625115451345,0.9995655660325855,1,VALE3,0,0.0,0.0
2007-08-31,52003.22642443186,21.944625115451345,0.9995780141613455,1,VALE3,0,0.0,0.0
2007-09-03,52507.06364367014,21.944625115451345,0.9995820633721898,1,VALE3,0,0.0,0.0
2007-09-04,53621.94462511545,21.944625115451345,0.9995907529040793,1,VALE3,0,0.0,0.0
2007-09-05,52389.142989373264,21.944625115451345,0.9995811226551291,1,VALE3,0,0.0,0.0
2007-09-06,54168.662825799045,21.944625115451345,0.9995948833888327,1,VALE3,0,0.0,0.0
2007-09-10,52549.94462511545,21.944625115451345,0.9995824044102806,1,VALE3,0,0.0,0.0
2007-09-11,54040.023970818576,21.944625115451345,0.9995939190343938,1,VALE3,0,0.0,0.0
2007-09-12,54415.22642443186,21.944625115451345,0.9995967190333035,1,VALE3,0,0.0,0.0
2007-09-13,56355.54380724436,21.944625115451345,0.999610603968431,1,VALE3,0,0.0,0.0
2007-09-14,55026.26609728342,21.944625115451345,0.9996011972704698,1,VALE3,0,0.0,0.0
2007-09-17,55605.142989373264,21.944625115451345,0.9996053490030653,1,VALE3,0,0.0,0.0
2007-09-18,59185.62315294748,21.944625115451345,0.9996292237211266,1,VALE3,0,0.0,0.0
2007-09-19,59882.42478868967,21.944625115451345,0.9996335381342207,1,VALE3,0,0.0,0.0
2007-09-20,60375.54380724436,21.944625115451345,0.9996365312222195,1,VALE3,0,0.0,0.0
2007-09-21,60804.345442986545,21.944625115451345,0.9996390944601808,1,VALE3,0,0.0,0.0
2007-09-24,63591.54380724436,21.944625115451345,0.9996549128421545,1,VALE3,0,0.0,0.0
2007-09-25,63859.54380724436,21.944625115451345,0.9996563610729559,1,VALE3,0,0.0,0.0
2007-09-26,65006.58348009592,21.944625115451345,0.9996624245739331,1,VALE3,0,0.0,0.0
2007-09-27,67708.02397081858,21.944625115451345,0.999675893286667,1,VALE3,0,0.0,0.0
2007-09-28,66432.34544298655,21.944625115451345,0.9996696695718159,1,VALE3,0,0.0,0.0
2007-10-01,70345.14298937327,21.944625115451345,0.9996880434926577,1,VALE3,0,0.0,0.0
2007-10-02,69701.94462511546,21.944625115451345,0.9996851648080483,1,VALE3,0,0.0,0.0
2007-10-03,64449.142989373264,21.944625115451345,0.9996595047800858,1,VALE3,0,0.0,0.0
2007-10-04,62412.345442986545,21.944625115451345,0.9996483928786895,1,VALE3,0,0.0,0.0
2007-10-05,64920.825606560764,21.944625115451345,0.9996619786499875,1,VALE3,0,0.0,0.0
2007-10-08,65038.74626085764,21.944625115451345,0.9996625915107983,1,VALE3,0,0.0,0.0
2007-10-09,66668.18266222483,21.944625115451345,0.9996708381083876,1,VALE3,0,0.0,0.0
2007-10-10,65842.74626085765,21.944625115451345,0.9996667115762682,1,VALE3,0,0.0,0.0
2007-10-11,66057.14298937327,21.944625115451345,0.9996677933055781,1,VALE3,0,0.0,0.0
2007-10-15,68201.14298937327,21.944625115451345,0.9996782366958442,1,VALE3,0,0.0,0.0
2007-10-16,66496.66282579905,21.944625115451345,0.9996699890764,1,VALE3,0,0.0,0.0
2007-10-17,67557.94462511546,21.944625115451345,0.9996751732866174,1,VALE3,0,0.0,0.0
2007-10-18,68201.14298937327,21.944625115451345,0.9996782366958442,1,VALE3,0,0.0,0.0
2007-10-19,63945.30577013498,21.944625115451345,0.9996568219535249,1,VALE3,0,0.0,0.0
2007-10-22,63302.1033165217,21.944625115451345,0.9996533349767902,1,VALE3,0,0.0,0.0
2007-10-23,65253.142989373264,21.944625115451345,0.999663700105311,1,VALE3,0,0.0,0.0
2007-10-24,63269.94462511545,21.944625115451345,0.9996531587747473,1,VALE3,0,0.0,0.0
2007-10-25,64127.54380724436,21.944625115451345,0.9996577971989475,1,VALE3,0,0.0,0.0
2007-10-26,67482.9049522639,21.944625115451345,0.9996748120856537,1,VALE3,0,0.0,0.0
2007-10-29,70345.14298937327,21.944625115451345,0.9996880434926577,1,VALE3,0,0.0,0.0
2007-10-30,68565.62315294749,21.944625115451345,0.9996799471206365,1,VALE3,0,0.0,0.0
2007-10-31,69701.94462511546,21.944625115451345,0.9996851648080483,1,VALE3,0,0.0,0.0
2007-11-01,67172.99457906482,2.2417676329350797,0.9999666269510987,1,GGBR3,2,1.9946583104439957,0.0
2007-11-05,65368.62941907642,2.2417676329350797,0.9999657057574427,1,GGBR3,0,0.0,0.0
2007-11-06,65368.62941907642,2.2417676329350797,0.9999657057574427,1,GGBR3,0,0.0,0.0
2007-11-07,65050.2176110625,2.2417676329350797,0.9999655378918739,1,GGBR3,0,0.0,0.0
2007-11-08,64898.58391736743,2.2417676329350797,0.9999654573721395,1,GGBR3,0,0.0,0.0
2007-11-09,64565.013112771485,2.2417676329350797,0.9999652789099722,1,GGBR3,0,0.0,0.0
2007-11-12,61396.003013360474,2.2417676329350797,0.999963486749578,1,GGBR3,0,0.0,0.0
2007-11-13,62245.11817334888,2.2417676329350797,0.9999639848441336,1,GGBR3,0,0.0,0.0
2007-11-14,64746.964799630616,2.2417676329350797,0.9999653764830541,1,GGBR3,0,0.0,0.0
2007-11-16,65944.81704877612,2.2417676329350797,0.999966005400678,1,GGBR3,0,0.0,0.0
2007-11-19,62169.30132650134,2.2417676329350797,0.9999639409228493,1,GGBR3,0,0.0,0.0
2007-11-21,60349.77716993091,2.2417676329350797,0.9999628537545943,1,GGBR3,0,0.0,0.0
2007-11-22,59136.76228021381,2.2417676329350797,0.9999620918097898,1,GGBR3,0,0.0,0.0
2007-11-23,59015.46115564105,2.2417676329350797,0.9999620138928166,1,GGBR3,0,0.0,0.0
2007-11-26,57832.77154706714,2.2417676329350797,0.9999612370707306,1,GGBR3,0,0.0,0.0
2007-11-27,57029.151596772645,2.2417676329350797,0.9999606908472217,1,GGBR3,0,0.0,0.0
2007-11-28,59576.47885679004,2.2417676329350797,0.9999623715990613,1,GGBR3,0,0.0,0.0
2007-11-29,60349.77716993091,2.2417676329350797,0.9999628537545943,1,GGBR3,0,0.0,0.0
2007-11-30,61866.04851506946,2.2417676329350797,0.9999637641697386,1,GGBR3,0,0.0,0.0
2007-12-03,62226.666548920024,6.669142914164695,0.9998928250011766,1,PETR4,2,1.994866934272218,0.0
2007-12-04,62685.667327118266,6.669142914164695,0.9998936097644241,1,PETR4,0,0.0,0.0
2007-12-05,66731.66914291416,6.669142914164695,0.999900060301206,1,PETR4,0,0.0,0.0
2007-12-06,68559.17043991124,6.669142914164695,0.999902724276397,1,PETR4,0,0.0,0.0
2007-12-07,68270.16706771885,6.669142914164695,0.9999023124858103,1,PETR4,0,0.0,0.0
2007-12-10,67751.66654892002,6.669142914164695,0.9999015648875685,1,PETR4,0,0.0,0.0
2007-12-11,67479.66680831944,6.669142914164695,0.9999011681113793,1,PETR4,0,0.0,0.0
2007-12-12,72256.66914291416,6.669142914164695,0.9999077020433785,1,PETR4,0,0.0,0.0
2007-12-13,70301.66654892002,6.669142914164695,0.9999051353511011,1,PETR4,0,0.0,0.0
2007-12-14,68899.1717369083,6.669142914164695,0.9999032043093402,1,PETR4,0,0.0,0.0
2007-12-17,65320.666030121196,6.669142914164695,0.9998979014863215,1,PETR4,0,0.0,0.0
2007-12-18,66986.6717369083,6.669142914164695,0.9999004407482677,1,PETR4,0,0.0,0.0
2007-12-19,68576.16758651768,6.669142914164695,0.999902748386956,1,PETR4,0,0.0,0.0
2007-12-20,71440.6699211124,6.669142914164695,0.9999066478110924,1,PETR4,0,0.0,0.0
2007-12-21,72282.16810531651,6.669142914164695,0.9999077346033056,1,PETR4,0,0.0,0.0
2007-12-26,74211.6717369083,6.669142914164695,0.9999101335038266,1,PETR4,0,0.0,0.0
2007-12-27,73395.6660301212,6.669142914164695,0.9999091343770703,1,PETR4,0,0.0,0.0
2007-12-28,75146.67043991124,6.669142914164695,0.9999112516512692,1,PETR4,0,0.0,0.0
2008-01-02,73956.66914291416,6.669142914164695,0.9999098236441493,1,PETR4,0,0.0,0.0
2008-01-03,72766.6678459171,6.669142914164695,0.9999083489307455,1,PETR4,0,0.0,0.0
2008-01-04,69196.67043991124,6.669142914164695,0.9999036204650922,1,PETR4,0,0.0,0.0
2008-01-07,67165.17095871006,6.669142914164695,0.9999007053385115,1,PETR4,0,0.0,0.0
2008-01-08,70854.1678459171,6.669142914164695,0.9999058750795201,1,PETR4,0,0.0,0.0
2008-01-09,72188.66758651768,6.669142914164695,0.9999076150989188,1,PETR4,0,0.0,0.0
2008-01-10,71491.6678459171,6.669142914164695,0.9999067144030191,1,PETR4,0,0.0,0.0
2008-01-11,69332.66706771885,6.669142914164695,0.9999038095143858,1,PETR4,0,0.0,0.0
2008-01-14,68933.1660301212,6.669142914164695,0.999903252043998,1,PETR4,0,0.0,0.0
2008-01-15,65898.66628952061,6.669142914164695,0.9998987969971218,1,PETR4,0,0.0,0.0
2008-01-16,63416.667845917094,6.669142914164695,0.9998948361189464,1,PETR4,0,0.0,0.0
2008-01-17,60229.167845917094,6.669142914164695,0.9998892705452742,1,PETR4,0,0.0,0.0
2008-01-18,61036.671736908305,6.669142914164695,0.9998907354755038,1,PETR4,0,0.0,0.0
2008-01-21,56506.17018051182,6.669142914164695,0.9998819749614447,1,PETR4,0,0.0,0.0
2008-01-22,62022.66836471592,6.669142914164695,0.9998924724928804,1,PETR4,0,0.0,0.0
2008-01-23,60960.16836471592,6.669142914164695,0.9998905983514634,1,PETR4,0,0.0,0.0
2008-01-24,65235.667327118266,6.669142914164695,0.9998977684572349,1,PETR4,0,0.0,0.0
2008-01-28,68746.17147750889,6.669142914164695,0.9999029888825686,1,PETR4,0,0.0,0.0
2008-01-29,68686.6717369083,6.669142914164695,0.9999029048468135,1,PETR4,0,0.0,0.0
2008-01-30,70242.16680831944,6.669142914164695,0.9999050549944969,1,PETR4,0,0.0,0.0
2008-01-31,68346.67043991124,6.669142914164695,0.9999024218316527,1,PETR4,0,0.0,0.0
2008-02-01,69914.03038790241,69914.03038790241,0.0,0,,1,0.9994048953116307,0.0
2008-02-06,69914.03038790241,69914.03038790241,0.0,0,,0,0.0,0.0
2008-02-07,69914.03038790241,69914.03038790241,0.0,0,,0,0.0,0.0
2008-02-08,69914.03038790241,69914.03038790241,0.0,0,,0,0.0,0.0
2008-02-11,69914.03038790241,69914.03038790241,0.0,0,,0,0.0,0.0
2008-02-12,69914.03038790241,69914.03038790241,0.0,0,,0,0.0,0.0
2008-02-13,69914.03038790241,69914.03038790241,0.0,0,,0,0.0,0.0
2008-02-14,69914.03038790241,69914.03038790241,0.0,0,,0,0.0,0.0
2008-02-15,69914.03038790241,69914.03038790241,0.0,0,,0,0.0,0.0
2008-02-18,69914.03038790241,69914.03038790241,0.0,0,,0,0.0,0.0
2008-02-19,69914.03038790241,69914.03038790241,0.0,0,,0,0.0,0.0
2008-02-20,69914.03038790241,69914.03038790241,0.0,0,,0,0.0,0.0
2008-02-21,69914.03038790241,69914.03038790241,0.0,0,,0,0.0,0.0
2008-02-22,69914.03038790241,69914.03038790241,0.0,0,,0,0.0,0.0
2008-02-25,69914.03038790241,69914.03038790241,0.0,0,,0,0.0,0.0
2008-02-26,69914.03038790241,69914.03038790241,0.0,0,,0,0.0,0.0
2008-02-27,69914.03038790241,69914.03038790241,0.0,0,,0,0.0,0.0
2008-02-28,69914.03038790241,69914.03038790241,0.0,0,,0,0.0,0.0
2008-02-29,69914.03038790241,69914.03038790241,0.0,0,,0,0.0,0.0
2008-03-03,70690.05183881204,6.350159582303604,0.9999101689782774,1,GGBR3,1,0.9979133451947518,0.0
2008-03-04,70122.86381047647,6.350159582303604,0.9999094423810262,1,GGBR3,0,0.0,0.0
2008-03-05,71901.07074445169,6.350159582303604,0.999911681988647,1,GGBR3,0,0.0,0.0
2008-03-06,69754.960452017,6.350159582303604,0.9999089647597654,1,GGBR3,0,0.0,0.0
2008-03-07,67762.14322560708,6.350159582303604,0.9999062875039066,1,GGBR3,0,0.0,0.0
2008-03-10,67256.27242368142,6.350159582303604,0.9999055826415372,1,GGBR3,0,0.0,0.0
2008-03-11,69754.960452017,6.350159582303604,0.9999089647597654,1,GGBR3,0,0.0,0.0
2008-03-12,69923.58650868814,6.350159582303604,0.9999091842981837,1,GGBR3,0,0.0,0.0
2008-03-13,72054.36381047647,6.350159582303604,0.9999118698820378,1,GGBR3,0,0.0,0.0
2008-03-14,72207.65687650125,6.350159582303604,0.9999120569776532,1,GGBR3,0,0.0,0.0
2008-03-17,71379.87431996744,6.350159582303604,0.9999110371145536,1,GGBR3,0,0.0,0.0
2008-03-18,73571.96884816568,6.350159582303604,0.9999136877851481,1,GGBR3,0,0.0,0.0
2008-03-19,68988.48775380533,6.350159582303604,0.99990795334426,1,GGBR3,0,0.0,0.0
2008-03-20,69448.37431996744,6.350159582303604,0.9999085628764606,1,GGBR3,0,0.0,0.0
2008-03-24,68988.48775380533,6.350159582303604,0.99990795334426,1,GGBR3,0,0.0,0.0
2008-03-25,70981.30498021524,6.350159582303604,0.9999105375762805,1,GGBR3,0,0.0,0.0
2008-03-26,70521.4257821409,6.350159582303604,0.9999099541804228,1,GGBR3,0,0.0,0.0
2008-03-27,68528.60855573099,6.350159582303604,0.9999073356410391,1,GGBR3,0,0.0,0.0
2008-03-28,70506.1001595823,6.350159582303604,0.9999099346075314,1,GGBR3,0,0.0,0.0
2008-03-31,69233.75665944497,6.350159582303604,0.9999082794306029,1,GGBR3,0,0.0,0.0
2008-04-01,69810.02732971284,69810.02732971284,0.0,0,,1,0.9994093092343668,0.0
2008-04-02,69810.02732971284,69810.02732971284,0.0,0,,0,0.0,0.0
2008-04-03,69810.02732971284,69810.02732971284,0.0,0,,0,0.0,0.0
2008-04-04,69810.02732971284,69810.02732971284,0.0,0,,0,0.0,0.0
2008-04-07,69810.02732971284,69810.02732971284,0.0,0,,0,0.0,0.0
2008-04-08,69810.02732971284,69810.02732971284,0.0,0,,0,0.0,0.0
2008-04-09,69810.02732971284,69810.02732971284,0.0,0,,0,0.0,0.0
2008-04-10,69810.02732971284,69810.02732971284,0.0,0,,0,0.0,0.0
2008-04-11,69810.02732971284,69810.02732971284,0.0,0,,0,0.0,0.0
2008-04-14,69810.02732971284,69810.02732971284,0.0,0,,0,0.0,0.0
2008-04-15,69810.02732971284,69810.02732971284,0.0,0,,0,0.0,0.0
2008-04-16,69810.02732971284,69810.02732971284,0.0,0,,0,0.0,0.0
2008-04-17,69810.02732971284,69810.02732971284,0.0,0,,0,0.0,0.0
2008-04-18,69810.02732971284,69810.02732971284,0.0,0,,0,0.0,0.0
2008-04-22,69810.02732971284,69810.02732971284,0.0,0,,0,0.0,0.0
2008-04-23,69810.02732971284,69810.02732971284,0.0,0,,0,0.0,0.0
2008-04-24,69810.02732971284,69810.02732971284,0.0,0,,0,0.0,0.0
2008-04-25,69810.02732971284,69810.02732971284,0.0,0,,0,0.0,0.0
2008-04-28,69810.02732971284,69810.02732971284,0.0,0,,0,0.0,0.0
2008-04-29,69810.02732971284,69810.02732971284,0.0,0,,0,0.0,0.0
2008-04-30,69810.02732971284,69810.02732971284,0.0,0,,0,0.0,0.0
2008-05-02,67745.91901007794,20.919010077937855,0.9996912137235185,1,PETR4,1,0.9977049338954461,0.0
2008-05-05,69084.66660681866,20.919010077937855,0.9996971974954009,1,PETR4,0,0.0,0.0
2008-05-06,70895.91901007794,20.919010077937855,0.9997049335085851,1,PETR4,0,0.0,0.0
2008-05-07,70659.66660681866,20.919010077937855,0.9997039469462212,1,PETR4,0,0.0,0.0
2008-05-08,70895.91901007794,20.919010077937855,0.9997049335085851,1,PETR4,0,0.0,0.0
2008-05-09,71951.1661261668,20.919010077937855,0.9997092610001448,1,PETR4,0,0.0,0.0
2008-05-12,72077.16901007794,20.919010077937855,0.9997097692602909,1,PETR4,0,0.0,0.0
2008-05-13,72077.16901007794,20.919010077937855,0.9997097692602909,1,PETR4,0,0.0,0.0
2008-05-14,72943.4178084483,20.919010077937855,0.9997132159322055,1,PETR4,0,0.0,0.0
2008-05-15,74219.16997138165,20.919010077937855,0.9997181454591044,1,PETR4,0,0.0,0.0
2008-05-16,75857.17141333722,20.919010077937855,0.9997242316093761,1,PETR4,0,0.0,0.0
2008-05-19,78770.91901007794,20.919010077937855,0.9997344323217143,1,PETR4,0,0.0,0.0
2008-05-20,81385.41876975201,20.919010077937855,0.9997429636611305,1,PETR4,0,0.0,0.0
2008-05-21,82724.16636649273,20.919010077937855,0.9997471233498412,1,PETR4,0,0.0,0.0
2008-05-23,79652.92117301129,20.919010077937855,0.9997373729705091,1,PETR4,0,0.0,0.0
2008-05-26,81243.66852942608,20.919010077937855,0.999742515195872,1,PETR4,0,0.0,0.0
2008-05-27,78613.42141333722,20.919010077937855,0.9997339002717113,1,PETR4,0,0.0,0.0
2008-05-28,80330.17165366314,20.919010077937855,0.9997395871358506,1,PETR4,0,0.0,0.0
2008-05-29,80330.17165366314,20.919010077937855,0.9997395871358506,1,PETR4,0,0.0,0.0
2008-05-30,77195.91901007794,20.919010077937855,0.9997290140418535,1,PETR4,0,0.0,0.0
2008-06-02,80394.50574873763,17.324409473716514,0.9997845075442362,1,GGBR3,2,1.9945349259987732,0.0
2008-06-03,79886.16853712875,17.324409473716514,0.9997831363076868,1,GGBR3,0,0.0,0.0
2008-06-04,79535.18072127181,17.324409473716514,0.9997821792907665,1,GGBR3,0,0.0,0.0
2008-06-05,77538.15580366927,17.324409473716514,0.999776569234925,1,GGBR3,0,0.0,0.0
2008-06-06,81677.44318007308,17.324409473716514,0.9997878923629439,1,GGBR3,0,0.0,0.0
2008-06-09,81411.16853712875,17.324409473716514,0.99978719861433,1,GGBR3,0,0.0,0.0
2008-06-10,80600.25602339584,17.324409473716514,0.9997850576371782,1,GGBR3,0,0.0,0.0
2008-06-11,78615.33714293319,17.324409473716514,0.9997796306661865,1,GGBR3,0,0.0,0.0
2008-06-12,77634.9808311351,17.324409473716514,0.9997768478939745,1,GGBR3,0,0.0,0.0
2008-06-13,78010.18072127181,17.324409473716514,0.9997779211724221,1,GGBR3,0,0.0,0.0
2008-06-16,78566.92462920028,17.324409473716514,0.9997794948757956,1,GGBR3,0,0.0,0.0
2008-06-17,79849.86206053573,17.324409473716514,0.9997830377031762,1,GGBR3,0,0.0,0.0
2008-06-18,79510.97446440536,17.324409473716514,0.9997821129776058,1,GGBR3,0,0.0,0.0
2008-06-19,79172.08105086166,17.324409473716514,0.9997811803195803,1,GGBR3,0,0.0,0.0
2008-06-20,74548.66853712875,17.324409473716514,0.9997676094045183,1,GGBR3,0,0.0,0.0
2008-06-23,73362.56195067245,17.324409473716514,0.9997638521745551,1,GGBR3,0,0.0,0.0
2008-06-24,71789.14943693954,17.324409473716514,0.9997586764906731,1,GGBR3,0,0.0,0.0
2008-06-25,74500.25602339584,17.324409473716514,0.9997674583900991,1,GGBR3,0,0.0,0.0
2008-06-26,72394.30585860091,17.324409473716514,0.9997606937552858,1,GGBR3,0,0.0,0.0
2008-06-27,72273.27457426864,17.324409473716514,0.9997602930049072,1,GGBR3,0,0.0,0.0
2008-06-30,75565.33714293319,17.324409473716514,0.999770736026216,1,GGBR3,0,0.0,0.0
2008-07-01,73807.06210325118,73807.06210325118,0.0,0,,1,0.9992659778772379,0.0
2008-07-02,73807.06210325118,73807.06210325118,0.0,0,,0,0.0,0.0
2008-07-03,73807.06210325118,73807.06210325118,0.0,0,,0,0.0,0.0
2008-07-04,73807.06210325118,73807.06210325118,0.0,0,,0,0.0,0.0
2008-07-07,73807.06210325118,73807.06210325118,0.0,0,,0,0.0,0.0
2008-07-08,73807.06210325118,73807.06210325118,0.0,0,,0,0.0,0.0
2008-07-10,73807.06210325118,73807.06210325118,0.0,0,,0,0.0,0.0
2008-07-11,73807.06210325118,73807.06210325118,0.0,0,,0,0.0,0.0
2008-07-14,73807.06210325118,73807.06210325118,0.0,0,,0,0.0,0.0
2008-07-15,73807.06210325118,73807.06210325118,0.0,0,,0,0.0,0.0
2008-07-16,73807.06210325118,73807.06210325118,0.0,0,,0,0.0,0.0
2008-07-17,73807.06210325118,73807.06210325118,0.0,0,,0,0.0,0.0
2008-07-18,73807.06210325118,73807.06210325118,0.0,0,,0,0.0,0.0
2008-07-21,73807.06210325118,73807.06210325118,0.0,0,,0,0.0,0.0
2008-07-22,73807.06210325118,73807.06210325118,0.0,0,,0,0.0,0.0
2008-07-23,73807.06210325118,73807.06210325118,0.0,0,,0,0.0,0.0
2008-07-24,73807.06210325118,73807.06210325118,0.0,0,,0,0.0,0.0
2008-07-25,73807.06210325118,73807.06210325118,0.0,0,,0,0.0,0.0
2008-07-28,73807.06210325118,73807.06210325118,0.0,0,,0,0.0,0.0
2008-07-29,73807.06210325118,73807.06210325118,0.0,0,,0,0.0,0.0
2008-07-30,73807.06210325118,73807.06210325118,0.0,0,,0,0.0,0.0
2008-07-31,73807.06210325118,73807.06210325118,0.0,0,,0,0.0,0.0
2008-08-01,73807.06210325118,73807.06210325118,0.0,0,,0,0.0,0.0
2008-08-04,73807.06210325118,73807.06210325118,0.0,0,,0,0.0,0.0
2008-08-05,73807.06210325118,73807.06210325118,0.0,0,,0,0.0,0.0
2008-08-06,73807.06210325118,73807.06210325118,0.0,0,,0,0.0,0.0
2008-08-07,73807.06210325118,73807.06210325118,0.0,0,,0,0.0,0.0
2008-08-08,73807.06210325118,73807.06210325118,0.0,0,,0,0.0,0.0
2008-08-11,73807.06210325118,73807.06210325118,0.0,0,,0,0.0,0.0
2008-08-12,73807.06210325118,73807.06210325118,0.0,0,,0,0.0,0.0
2008-08-13,73807.06210325118,73807.06210325118,0.0,0,,0,0.0,0.0
2008-08-14,73807.06210325118,73807.06210325118,0.0,0,,0,0.0,0.0
2008-08-15,73807.06210325118,73807.06210325118,0.0,0,,0,0.0,0.0
2008-08-18,73807.06210325118,73807.06210325118,0.0,0,,0,0.0,0.0
2008-08-19,73807.06210325118,73807.06210325118,0.0,0,,0,0.0,0.0
2008-08-20,73807.06210325118,73807.06210325118,0.0,0,,0,0.0,0.0
2008-08-21,73807.06210325118,73807.06210325118,0.0,0,,0,0.0,0.0
2008-08-22,73807.06210325118,73807.06210325118,0.0,0,,0,0.0,0.0
2008-08-25,73807.06210325118,73807.06210325118,0.0,0,,0,0.0,0.0
2008-08-26,73807.06210325118,73807.06210325118,0.0,0,,0,0.0,0.0
2008-08-27,73807.06210325118,73807.06210325118,0.0,0,,0,0.0,0.0
2008-08-28,73807.06210325118,73807.06210325118,0.0,0,,0,0.0,0.0
2008-08-29,73807.06210325118,73807.06210325118,0.0,0,,0,0.0,0.0
2008-09-01,73622.9531125041,8.802473923773505,0.9998804384563287,1,TUPY3,1,0.9978849667646547,0.0
2008-09-02,67178.04928102216,8.802473923773505,0.9998689680034181,1,TUPY3,0,0.0,0.0
2008-09-03,69019.45151605329,8.802473923773505,0.9998724638673531,1,TUPY3,0,0.0,0.0
2008-09-04,66089.9523142787,8.802473923773505,0.9998668107085036,1,TUPY3,0,0.0,0.0
2008-09-05,66131.80327214918,8.802473923773505,0.9998668949962313,1,TUPY3,0,0.0,0.0
2008-09-08,66089.9523142787,8.802473923773505,0.9998668107085036,1,TUPY3,0,0.0,0.0
2008-09-09,66089.9523142787,8.802473923773505,0.9998668107085036,1,TUPY3,0,0.0,0.0
2008-09-10,66089.9523142787,8.802473923773505,0.9998668107085036,1,TUPY3,0,0.0,0.0
2008-09-11,64876.30247392377,8.802473923773505,0.9998643191182588,1,TUPY3,0,0.0,0.0
2008-09-12,64039.303272149176,8.802473923773505,0.9998625457574645,1,TUPY3,0,0.0,0.0
2008-09-15,64457.80087747297,8.802473923773505,0.9998634381905069,1,TUPY3,0,0.0,0.0
2008-09-16,64206.703112504096,8.802473923773505,0.9998629041284312,1,TUPY3,0,0.0,0.0
2008-09-17,58138.4539107295,8.802473923773505,0.9998485946334712,1,TUPY3,0,0.0,0.0
2008-09-18,52990.90183534345,8.802473923773505,0.9998338870708198,1,TUPY3,0,0.0,0.0
2008-09-19,56631.85135640821,8.802473923773505,0.9998445667285646,1,TUPY3,0,0.0,0.0
2008-09-22,56715.553272149176,8.802473923773505,0.9998447961200072,1,TUPY3,0,0.0,0.0
2008-09-23,58515.10055818281,8.802473923773505,0.9998495691908618,1,TUPY3,0,0.0,0.0
2008-09-24,56506.30247392377,8.802473923773505,0.9998442213781757,1,TUPY3,0,0.0,0.0
2008-09-25,62365.30087747297,8.802473923773505,0.9998588562261398,1,TUPY3,0,0.0,0.0
2008-09-26,62365.30087747297,8.802473923773505,0.9998588562261398,1,TUPY3,0,0.0,0.0
2008-09-29,60691.30247392377,8.802473923773505,0.9998549631732231,1,TUPY3,0,0.0,0.0
2008-09-30,60063.55407037458,8.802473923773505,0.9998534473349103,1,TUPY3,0,0.0,0.0
2008-10-01,56365.11522142378,56365.11522142378,0.0,0,,1,0.9993442992674868,0.0
2008-10-02,56365.11522142378,56365.11522142378,0.0,0,,0,0.0,0.0
2008-10-03,56365.11522142378,56365.11522142378,0.0,0,,0,0.0,0.0
2008-10-06,56365.11522142378,56365.11522142378,0.0,0,,0,0.0,0.0
2008-10-07,56365.11522142378,56365.11522142378,0.0,0,,0,0.0,0.0
2008-10-08,56365.11522142378,56365.11522142378,0.0,0,,0,0.0,0.0
2008-10-09,56365.11522142378,56365.11522142378,0.0,0,,0,0.0,0.0
2008-10-10,56365.11522142378,56365.11522142378,0.0,0,,0,0.0,0.0
2008-10-13,56365.11522142378,56365.11522142378,0.0,0,,0,0.0,0.0
2008-10-14,56365.11522142378,56365.11522142378,0.0,0,,0,0.0,0.0
2008-10-15,56365.11522142378,56365.11522142378,0.0,0,,0,0.0,0.0
2008-10-16,56365.11522142378,56365.11522142378,0.0,0,,0,0.0,0.0
2008-10-17,56365.11522142378,56365.11522142378,0.0,0,,0,0.0,0.0
2008-10-20,56365.11522142378,56365.11522142378,0.0,0,,0,0.0,0.0
2008-10-21,56365.11522142378,56365.11522142378,0.0,0,,0,0.0,0.0
2008-10-22,56365.11522142378,56365.11522142378,0.0,0,,0,0.0,0.0
2008-10-23,56365.11522142378,56365.11522142378,0.0,0,,0,0.0,0.0
2008-10-24,56365.11522142378,56365.11522142378,0.0,0,,0,0.0,0.0
2008-10-27,56365.11522142378,56365.11522142378,0.0,0,,0,0.0,0.0
2008-10-28,56365.11522142378,56365.11522142378,0.0,0,,0,0.0,0.0
2008-10-29,56365.11522142378,56365.11522142378,0.0,0,,0,0.0,0.0
2008-10-30,56365.11522142378,56365.11522142378,0.0,0,,0,0.0,0.0
2008-10-31,56365.11522142378,56365.11522142378,0.0,0,,0,0.0,0.0
2008-11-03,56365.11522142378,56365.11522142378,0.0,0,,0,0.0,0.0
2008-11-04,56365.11522142378,56365.11522142378,0.0,0,,0,0.0,0.0
2008-11-05,56365.11522142378,56365.11522142378,0.0,0,,0,0.0,0.0
2008-11-06,56365.11522142378,56365.11522142378,0.0,0,,0,0.0,0.0
2008-11-07,56365.11522142378,56365.11522142378,0.0,0,,0,0.0,0.0
2008-11-10,56365.11522142378,56365.11522142378,0.0,0,,0,0.0,0.0
2008-11-11,56365.11522142378,56365.11522142378,0.0,0,,0,0.0,0.0
2008-11-12,56365.11522142378,56365.11522142378,0.0,0,,0,0.0,0.0
2008-11-13,56365.11522142378,56365.11522142378,0.0,0,,0,0.0,0.0
2008-11-14,56365.11522142378,56365.11522142378,0.0,0,,0,0.0,0.0
2008-11-17,56365.11522142378,56365.11522142378,0.0,0,,0,0.0,0.0
2008-11-18,56365.11522142378,56365.11522142378,0.0,0,,0,0.0,0.0
2008-11-19,56365.11522142378,56365.11522142378,0.0,0,,0,0.0,0.0
2008-11-21,56365.11522142378,56365.11522142378,0.0,0,,0,0.0,0.0
2008-11-24,56365.11522142378,56365.11522142378,0.0,0,,0,0.0,0.0
2008-11-25,56365.11522142378,56365.11522142378,0.0,0,,0,0.0,0.0
2008-11-26,56365.11522142378,56365.11522142378,0.0,0,,0,0.0,0.0
2008-11-27,56365.11522142378,56365.11522142378,0.0,0,,0,0.0,0.0
2008-11-28,56365.11522142378,56365.11522142378,0.0,0,,0,0.0,0.0
2008-12-01,56365.11522142378,56365.11522142378,0.0,0,,0,0.0,0.0
2008-12-02,56365.11522142378,56365.11522142378,0.0,0,,0,0.0,0.0
2008-12-03,56365.11522142378,56365.11522142378,0.0,0,,0,0.0,0.0
2008-12-04,56365.11522142378,56365.11522142378,0.0,0,,0,0.0,0.0
2008-12-05,56365.11522142378,56365.11522142378,0.0,0,,0,0.0,0.0
2008-12-08,56365.11522142378,56365.11522142378,0.0,0,,0,0.0,0.0
2008-12-09,56365.11522142378,56365.11522142378,0.0,0,,0,0.0,0.0
2008-12-10,56365.11522142378,56365.11522142378,0.0,0,,0,0.0,0.0
2008-12-11,56365.11522142378,56365.11522142378,0.0,0,,0,0.0,0.0
2008-12-12,56365.11522142378,56365.11522142378,0.0,0,,0,0.0,0.0
2008-12-15,56365.11522142378,56365.11522142378,0.0,0,,0,0.0,0.0
2008-12-16,56365.11522142378,56365.11522142378,0.0,0,,0,0.0,0.0
2008-12-17,56365.11522142378,56365.11522142378,0.0,0,,0,0.0,0.0
2008-12-18,56365.11522142378,56365.11522142378,0.0,0,,0,0.0,0.0
2008-12-19,56365.11522142378,56365.11522142378,0.0,0,,0,0.0,0.0
2008-12-22,56365.11522142378,56365.11522142378,0.0,0,,0,0.0,0.0
2008-12-23,56365.11522142378,56365.11522142378,0.0,0,,0,0.0,0.0
2008-12-26,56365.11522142378,56365.11522142378,0.0,0,,0,0.0,0.0
2008-12-29,56365.11522142378,56365.11522142378,0.0,0,,0,0.0,0.0
2008-12-30,56365.11522142378,56365.11522142378,0.0,0,,0,0.0,0.0
2009-01-02,56365.11522142378,56365.11522142378,0.0,0,,0,0.0,0.0
2009-01-05,56365.11522142378,56365.11522142378,0.0,0,,0,0.0,0.0
2009-01-06,56365.11522142378,56365.11522142378,0.0,0,,0,0.0,0.0
2009-01-07,56365.11522142378,56365.11522142378,0.0,0,,0,0.0,0.0
2009-01-08,56365.11522142378,56365.11522142378,0.0,0,,0,0.0,0.0
2009-01-09,56365.11522142378,56365.11522142378,0.0,0,,0,0.0,0.0
2009-01-12,56365.11522142378,56365.11522142378,0.0,0,,0,0.0,0.0
2009-01-13,56365.11522142378,56365.11522142378,0.0,0,,0,0.0,0.0
2009-01-14,56365.11522142378,56365.11522142378,0.0,0,,0,0.0,0.0
2009-01-15,56365.11522142378,56365.11522142378,0.0,0,,0,0.0,0.0
2009-01-16,56365.11522142378,56365.11522142378,0.0,0,,0,0.0,0.0
2009-01-19,56365.11522142378,56365.11522142378,0.0,0,,0,0.0,0.0
2009-01-20,56365.11522142378,56365.11522142378,0.0,0,,0,0.0,0.0
2009-01-21,56365.11522142378,56365.11522142378,0.0,0,,0,0.0,0.0
2009-01-22,56365.11522142378,56365.11522142378,0.0,0,,0,0.0,0.0
2009-01-23,56365.11522142378,56365.11522142378,0.0,0,,0,0.0,0.0
2009-01-26,56365.11522142378,56365.11522142378,0.0,0,,0,0.0,0.0
2009-01-27,56365.11522142378,56365.11522142378,0.0,0,,0,0.0,0.0
2009-01-28,56365.11522142378,56365.11522142378,0.0,0,,0,0.0,0.0
2009-01-29,56365.11522142378,56365.11522142378,0.0,0,,0,0.0,0.0
2009-01-30,56365.11522142378,56365.11522142378,0.0,0,,0,0.0,0.0
2009-02-02,56365.11522142378,56365.11522142378,0.0,0,,0,0.0,0.0
2009-02-03,56365.11522142378,56365.11522142378,0.0,0,,0,0.0,0.0
2009-02-04,56365.11522142378,56365.11522142378,0.0,0,,0,0.0,0.0
2009-02-05,56365.11522142378,56365.11522142378,0.0,0,,0,0.0,0.0
2009-02-06,56365.11522142378,56365.11522142378,0.0,0,,0,0.0,0.0
2009-02-09,56365.11522142378,56365.11522142378,0.0,0,,0,0.0,0.0
2009-02-10,56365.11522142378,56365.11522142378,0.0,0,,0,0.0,0.0
2009-02-11,56365.11522142378,56365.11522142378,0.0,0,,0,0.0,0.0
2009-02-12,56365.11522142378,56365.11522142378,0.0,0,,0,0.0,0.0
2009-02-13,56365.11522142378,56365.11522142378,0.0,0,,0,0.0,0.0
2009-02-16,56365.11522142378,56365.11522142378,0.0,0,,0,0.0,0.0
2009-02-17,56365.11522142378,56365.11522142378,0.0,0,,0,0.0,0.0
2009-02-18,56365.11522142378,56365.11522142378,0.0,0,,0,0.0,0.0
2009-02-19,56365.11522142378,56365.11522142378,0.0,0,,0,0.0,0.0
2009-02-20,56365.11522142378,56365.11522142378,0.0,0,,0,0.0,0.0
2009-02-25,56365.11522142378,56365.11522142378,0.0,0,,0,0.0,0.0
2009-02-26,56365.11522142378,56365.11522142378,0.0,0,,0,0.0,0.0
2009-02-27,56365.11522142378,56365.11522142378,0.0,0,,0,0.0,0.0
2009-03-02,56365.11522142378,56365.11522142378,0.0,0,,0,0.0,0.0
2009-03-03,56365.11522142378,56365.11522142378,0.0,0,,0,0.0,0.0
2009-03-04,56365.11522142378,56365.11522142378,0.0,0,,0,0.0,0.0
2009-03-05,56365.11522142378,56365.11522142378,0.0,0,,0,0.0,0.0
2009-03-06,56365.11522142378,56365.11522142378,0.0,0,,0,0.0,0.0
2009-03-09,56365.11522142378,56365.11522142378,0.0,0,,0,0.0,0.0
2009-03-10,56365.11522142378,56365.11522142378,0.0,0,,0,0.0,0.0
2009-03-11,56365.11522142378,56365.11522142378,0.0,0,,0,0.0,0.0
2009-03-12,56365.11522142378,56365.11522142378,0.0,0,,0,0.0,0.0
2009-03-13,56365.11522142378,56365.11522142378,0.0,0,,0,0.0,0.0
2009-03-16,56365.11522142378,56365.11522142378,0.0,0,,0,0.0,0.0
2009-03-17,56365.11522142378,56365.11522142378,0.0,0,,0,0.0,0.0
2009-03-18,56365.11522142378,56365.11522142378,0.0,0,,0,0.0,0.0
2009-03-19,56365.11522142378,56365.11522142378,0.0,0,,0,0.0,0.0
2009-03-20,56365.11522142378,56365.11522142378,0.0,0,,0,0.0,0.0
2009-03-23,56365.11522142378,56365.11522142378,0.0,0,,0,0.0,0.0
2009-03-24,56365.11522142378,56365.11522142378,0.0,0,,0,0.0,0.0
2009-03-25,56365.11522142378,56365.11522142378,0.0,0,,0,0.0,0.0
2009-03-26,56365.11522142378,56365.11522142378,0.0,0,,0,0.0,0.0
2009-03-27,56365.11522142378,56365.11522142378,0.0,0,,0,0.0,0.0
2009-03-30,56365.11522142378,56365.11522142378,0.0,0,,0,0.0,0.0
2009-03-31,56365.11522142378,56365.11522142378,0.0,0,,0,0.0,0.0
2009-04-01,56365.11522142378,56365.11522142378,0.0,0,,0,0.0,0.0
2009-04-02,56365.11522142378,56365.11522142378,0.0,0,,0,0.0,0.0
2009-04-03,56365.11522142378,56365.11522142378,0.0,0,,0,0.0,0.0
2009-04-06,56365.11522142378,56365.11522142378,0.0,0,,0,0.0,0.0
2009-04-07,56365.11522142378,56365.11522142378,0.0,0,,0,0.0,0.0
2009-04-08,56365.11522142378,56365.11522142378,0.0,0,,0,0.0,0.0
2009-04-09,56365.11522142378,56365.11522142378,0.0,0,,0,0.0,0.0
2009-04-13,56365.11522142378,56365.11522142378,0.0,0,,0,0.0,0.0
2009-04-14,56365.11522142378,56365.11522142378,0.0,0,,0,0.0,0.0
2009-04-15,56365.11522142378,56365.11522142378,0.0,0,,0,0.0,0.0
2009-04-16,56365.11522142378,56365.11522142378,0.0,0,,0,0.0,0.0
2009-04-17,56365.11522142378,56365.11522142378,0.0,0,,0,0.0,0.0
2009-04-20,56365.11522142378,56365.11522142378,0.0,0,,0,0.0,0.0
2009-04-22,56365.11522142378,56365.11522142378,0.0,0,,0,0.0,0.0
2009-04-23,56365.11522142378,56365.11522142378,0.0,0,,0,0.0,0.0
2009-04-24,56365.11522142378,56365.11522142378,0.0,0,,0,0.0,0.0
2009-04-27,56365.11522142378,56365.11522142378,0.0,0,,0,0.0,0.0
2009-04-28,56365.11522142378,56365.11522142378,0.0,0,,0,0.0,0.0
2009-04-29,56365.11522142378,56365.11522142378,0.0,0,,0,0.0,0.0
2009-04-30,56365.11522142378,56365.11522142378,0.0,0,,0,0.0,0.0
2009-05-04,54182.43602059945,4.936020599452604,0.9999088999874871,1,TUPY3,1,0.9979165945495818,0.0
2009-05-05,56224.5100667344,4.936020599452604,0.9999122087396832,1,TUPY3,0,0.0,0.0
2009-05-06,56266.18602059945,4.936020599452604,0.9999122737660299,1,TUPY3,0,0.0,0.0
2009-05-07,54474.159748779384,4.936020599452604,0.9999093878524751,1,TUPY3,0,0.0,0.0
2009-05-08,54599.18761037454,4.936020599452604,0.9999095953471931,1,TUPY3,0,0.0,0.0
2009-05-11,54182.43602059945,4.936020599452604,0.9999088999874871,1,TUPY3,0,0.0,0.0
2009-05-12,54182.43602059945,4.936020599452604,0.9999088999874871,1,TUPY3,0,0.0,0.0
2009-05-13,53015.53713344201,4.936020599452604,0.9999068948299622,1,TUPY3,0,0.0,0.0
2009-05-14,53015.53713344201,4.936020599452604,0.9999068948299622,1,TUPY3,0,0.0,0.0
2009-05-15,53015.53713344201,4.936020599452604,0.9999068948299622,1,TUPY3,0,0.0,0.0
2009-05-18,54182.43602059945,4.936020599452604,0.9999088999874871,1,TUPY3,0,0.0,0.0
2009-05-19,54182.43602059945,4.936020599452604,0.9999088999874871,1,TUPY3,0,0.0,0.0
2009-05-20,53140.56102059945,4.936020599452604,0.9999071138786522,1,TUPY3,0,0.0,0.0
2009-05-21,54140.7600667344,4.936020599452604,0.9999088298613952,1,TUPY3,0,0.0,0.0
2009-05-22,51723.61038468942,4.936020599452604,0.999904569295091,1,TUPY3,0,0.0,0.0
2009-05-25,54182.43602059945,4.936020599452604,0.9999088999874871,1,TUPY3,0,0.0,0.0
2009-05-26,54182.43602059945,4.936020599452604,0.9999088999874871,1,TUPY3,0,0.0,0.0
2009-05-27,54140.7600667344,4.936020599452604,0.9999088298613952,1,TUPY3,0,0.0,0.0
2009-05-28,54140.7600667344,4.936020599452604,0.9999088298613952,1,TUPY3,0,0.0,0.0
2009-05-29,54140.7600667344,4.936020599452604,0.9999088298613952,1,TUPY3,0,0.0,0.0
2009-06-01,56299.7472508339,8.176399507909082,0.9998547702270939,1,GGBR3,2,1.994768549007936,0.0
2009-06-02,57476.69124630967,8.176399507909082,0.9998577440814596,1,GGBR3,0,0.0,0.0
2009-06-03,55997.10150746384,8.176399507909082,0.9998539853083857,1,GGBR3,0,0.0,0.0
2009-06-04,57140.41864708939,8.176399507909082,0.9998569069023031,1,GGBR3,0,0.0,0.0
2009-06-05,57812.959804811864,8.176399507909082,0.9998585715117249,1,GGBR3,0,0.0,0.0
2009-06-08,56636.015809336095,8.176399507909082,0.9998556325089067,1,GGBR3,0,0.0,0.0
2009-06-09,55156.43011120835,8.176399507909082,0.9998517598131093,1,GGBR3,0,0.0,0.0
2009-06-10,55694.459804811864,8.176399507909082,0.9998531918697737,1,GGBR3,0,0.0,0.0
2009-06-12,55492.698669710546,8.176399507909082,0.999852658102707,1,GGBR3,0,0.0,0.0
2009-06-15,52264.508385935216,8.176399507909082,0.9998435573248382,1,GGBR3,0,0.0,0.0
2009-06-16,51087.56439045945,8.176399507909082,0.9998399532331309,1,GGBR3,0,0.0,0.0
2009-06-17,51356.579237261205,8.176399507909082,0.9998407915864074,1,GGBR3,0,0.0,0.0
2009-06-18,51928.23982743302,8.176399507909082,0.999842544258479,1,GGBR3,0,0.0,0.0
2009-06-19,52130.00096253434,8.176399507909082,0.9998431536666614,1,GGBR3,0,0.0,0.0
2009-06-22,50078.75467423478,8.176399507909082,0.9998367291766519,1,GGBR3,0,0.0,0.0
2009-06-23,51760.10150746384,8.176399507909082,0.9998420327767956,1,GGBR3,0,0.0,0.0
2009-06-24,50953.05696705857,8.176399507909082,0.9998395307368272,1,GGBR3,0,0.0,0.0
2009-06-25,52970.67639950791,8.176399507909082,0.9998456429091779,1,GGBR3,0,0.0,0.0
2009-06-26,53071.55696705857,8.176399507909082,0.9998459363173953,1,GGBR3,0,0.0,0.0
2009-06-29,53979.48611573258,8.176399507909082,0.9998485276519606,1,GGBR3,0,0.0,0.0
2009-06-30,53407.825525560766,8.176399507909082,0.9998469063395214,1,GGBR3,0,0.0,0.0
2009-07-01,53206.06439045945,8.176399507909082,0.9998463257976026,1,GGBR3,0,0.0,0.0
2009-07-02,53037.93011120835,8.176399507909082,0.999845838638673,1,GGBR3,0,0.0,0.0
2009-07-03,53138.81067875901,8.176399507909082,0.9998461313039666,1,GGBR3,0,0.0,0.0
2009-07-06,51995.49353913346,8.176399507909082,0.9998427479200336,1,GGBR3,0,0.0,0.0
2009-07-07,50650.41122368851,8.176399507909082,0.999838571902767,1,GGBR3,0,0.0,0.0
2009-07-08,50179.63120106736,8.176399507909082,0.9998370574013359,1,GGBR3,0,0.0,0.0
2009-07-09,50179.63120106736,8.176399507909082,0.9998370574013359,1,GGBR3,0,0.0,0.0
2009-07-10,49607.9786923317,8.176399507909082,0.999835179748834,1,GGBR3,0,0.0,0.0
2009-07-13,48229.269521036535,8.176399507909082,0.9998304681039313,1,GGBR3,0,0.0,0.0
2009-07-14,47859.37006596604,8.176399507909082,0.9998291578118007,1,GGBR3,0,0.0,0.0
2009-07-15,51558.34037236252,8.176399507909082,0.9998414146101512,1,GGBR3,0,0.0,0.0
2009-07-16,53475.079237261205,8.176399507909082,0.9998470988799917,1,GGBR3,0,0.0,0.0
2009-07-17,53643.2135165123,8.176399507909082,0.9998475781189844,1,GGBR3,0,0.0,0.0
2009-07-20,55795.34037236252,8.176399507909082,0.9998534573056936,1,GGBR3,0,0.0,0.0
2009-07-21,55492.698669710546,8.176399507909082,0.999852658102707,1,GGBR3,0,0.0,0.0
2009-07-22,56131.60893086472,8.176399507909082,0.9998543352014374,1,GGBR3,0,0.0,0.0
2009-07-23,57174.04550293961,8.176399507909082,0.9998569910623608,1,GGBR3,0,0.0,0.0
2009-07-24,56837.77694443741,8.176399507909082,0.9998561449805488,1,GGBR3,0,0.0,0.0
2009-07-27,56501.508385935216,8.176399507909082,0.9998552888278299,1,GGBR3,0,0.0,0.0
2009-07-28,55828.97126893082,8.176399507909082,0.999853545581764,1,GGBR3,0,0.0,0.0
2009-07-29,54349.37748936692,8.176399507909082,0.9998495585435269,1,GGBR3,0,0.0,0.0
2009-07-30,55459.071813860326,8.176399507909082,0.9998525687639462,1,GGBR3,0,0.0,0.0
2009-07-31,56266.1163542656,8.176399507909082,0.9998546834216098,1,GGBR3,0,0.0,0.0
2009-08-03,57745.706093111425,8.176399507909082,0.9998584067966071,1,GGBR3,0,0.0,0.0
2009-08-04,57779.332948961644,8.176399507909082,0.9998584892020971,1,GGBR3,0,0.0,0.0
2009-08-05,57846.586660662084,8.176399507909082,0.9998586537256576,1,GGBR3,0,0.0,0.0
2009-08-06,56636.015809336095,8.176399507909082,0.9998556325089067,1,GGBR3,0,0.0,0.0
2009-08-07,56770.523232736974,8.176399507909082,0.9998559745614042,1,GGBR3,0,0.0,0.0
2009-08-10,56602.388953485875,8.176399507909082,0.9998555467417705,1,GGBR3,0,0.0,0.0
2009-08-11,54820.15751198807,8.176399507909082,0.999850850492246,1,GGBR3,0,0.0,0.0
2009-08-12,57039.53807953873,8.176399507909082,0.9998566538267455,1,GGBR3,0,0.0,0.0
2009-08-13,58821.769521036535,8.176399507909082,0.9998609970496555,1,GGBR3,0,0.0,0.0
2009-08-14,59326.17639950791,8.176399507909082,0.9998621788895875,1,GGBR3,0,0.0,0.0
2009-08-17,56770.523232736974,8.176399507909082,0.9998559745614042,1,GGBR3,0,0.0,0.0
2009-08-18,56367.00096253434,8.176399507909082,0.9998549435065147,1,GGBR3,0,0.0,0.0
2009-08-19,55862.59408406296,8.176399507909082,0.9998536337303705,1,GGBR3,0,0.0,0.0
2009-08-20,58081.9786923317,8.176399507909082,0.9998592265674828,1,GGBR3,0,0.0,0.0
2009-08-21,58889.023232736974,8.176399507909082,0.9998611557968011,1,GGBR3,0,0.0,0.0
2009-08-24,58855.396376886754,8.176399507909082,0.9998610764685781,1,GGBR3,0,0.0,0.0
2009-08-25,58048.3477957634,8.176399507909082,0.9998591450089729,1,GGBR3,0,0.0,0.0
2009-08-26,57308.55696705857,8.176399507909082,0.9998573267250018,1,GGBR3,0,0.0,0.0
2009-08-27,58989.90380028763,8.176399507909082,0.9998613932388228,1,GGBR3,0,0.0,0.0
2009-08-28,58687.262097635656,8.176399507909082,0.9998606784638495,1,GGBR3,0,0.0,0.0
2009-08-31,57342.18382290879,8.176399507909082,0.9998574103920917,1,GGBR3,0,0.0,0.0
2009-09-01,55828.97126893082,8.176399507909082,0.999853545581764,1,GGBR3,0,0.0,0.0
2009-09-02,55089.17639950791,8.176399507909082,0.9998515788392149,1,GGBR3,0,0.0,0.0
2009-09-03,55795.34037236252,8.176399507909082,0.9998534573056936,1,GGBR3,0,0.0,0.0
2009-09-04,57207.67639950791,8.176399507909082,0.9998570751335746,1,GGBR3,0,0.0,0.0
2009-09-08,59090.78436783829,8.176399507909082,0.9998616298701163,1,GGBR3,0,0.0,0.0
2009-09-09,58687.262097635656,8.176399507909082,0.9998606784638495,1,GGBR3,0,0.0,0.0
2009-09-10,59494.31067875901,8.176399507909082,0.9998625683798228,1,GGBR3,0,0.0,0.0
2009-09-11,59830.579237261205,8.176399507909082,0.9998633407930837,1,GGBR3,0,0.0,0.0
2009-09-14,59527.93753460923,8.176399507909082,0.9998626460138459,1,GGBR3,0,0.0,0.0
2009-09-15,59527.93753460923,8.176399507909082,0.9998626460138459,1,GGBR3,0,0.0,0.0
2009-09-16,61713.69124630967,8.176399507909082,0.9998675107687972,1,GGBR3,0,0.0,0.0
2009-09-17,62722.50096253434,8.176399507909082,0.9998696416854808,1,GGBR3,0,0.0,0.0
2009-09-18,63327.78436783829,8.176399507909082,0.9998708876429275,1,GGBR3,0,0.0,0.0
2009-09-21,63933.071813860326,8.176399507909082,0.9998721100163666,1,GGBR3,0,0.0,0.0
2009-09-22,64639.23982743302,8.176399507909082,0.9998735071834115,1,GGBR3,0,0.0,0.0
2009-09-23,63159.650088587194,8.176399507909082,0.999870543939106,1,GGBR3,0,0.0,0.0
2009-09-24,62184.47126893082,8.176399507909082,0.9998685138051179,1,GGBR3,0,0.0,0.0
2009-09-25,62251.72498063126,8.176399507909082,0.9998686558563565,1,GGBR3,0,0.0,0.0
2009-09-28,62957.888953485875,8.176399507909082,0.9998701290712916,1,GGBR3,0,0.0,0.0
2009-09-29,62218.09408406296,8.176399507909082,0.9998685848605896,1,GGBR3,0,0.0,0.0
2009-09-30,62386.23240403214,8.176399507909082,0.999868939040028,1,GGBR3,0,0.0,0.0
2009-10-01,60507.00500433311,0.15636007651482942,0.9999974158351335,1,PETR4,2,1.9948757246720499,0.0
2009-10-02,60702.47608892783,0.15636007651482942,0.9999974241565321,1,PETR4,0,0.0,0.0
2009-10-05,61217.80771581992,0.15636007651482942,0.9999974458399876,1,PETR4,0,0.0,0.0
2009-10-06,61288.88934271201,0.15636007651482942,0.9999974488022513,1,PETR4,0,0.0,0.0
2009-10-07,61590.97608892783,0.15636007651482942,0.9999974613151724,1,PETR4,0,0.0,0.0
2009-10-08,62994.80771581992,0.15636007651482942,0.9999975178894549,1,PETR4,0,0.0,0.0
2009-10-09,63332.43527548179,0.15636007651482942,0.9999975311216782,1,PETR4,0,0.0,0.0
2009-10-13,63652.29581777915,0.15636007651482942,0.9999975435280927,1,PETR4,0,0.0,0.0
2009-10-14,64238.70907156333,0.15636007651482942,0.9999975659523864,1,PETR4,0,0.0,0.0
2009-10-15,65038.3536485897,0.15636007651482942,0.9999975958789277,1,PETR4,0,0.0,0.0
2009-10-16,64682.95907156333,0.15636007651482942,0.9999975826697053,1,PETR4,0,0.0,0.0
2009-10-19,66388.87744467123,0.15636007651482942,0.9999976447850525,1,PETR4,0,0.0,0.0
2009-10-20,64860.656360076515,0.15636007651482942,0.999997589292411,1,PETR4,0,0.0,0.0
2009-10-21,65216.05771581992,0.15636007651482942,0.9999976024298004,1,PETR4,0,0.0,0.0
2009-10-22,65749.15636007651,0.15636007651482942,0.9999976218694632,1,PETR4,0,0.0,0.0
2009-10-23,64860.656360076515,0.15636007651482942,0.999997589292411,1,PETR4,0,0.0,0.0
2009-10-26,65216.05771581992,0.15636007651482942,0.9999976024298004,1,PETR4,0,0.0,0.0
2009-10-27,63883.30771581992,0.15636007651482942,0.9999975524110741,1,PETR4,0,0.0,0.0
2009-10-28,60844.63934271201,0.15636007651482942,0.99999743017498,1,PETR4,0,0.0,0.0
2009-10-29,64078.77880041465,0.15636007651482942,0.9999975598773971,1,PETR4,0,0.0,0.0
2009-10-30,62266.237986968605,0.15636007651482942,0.9999974888465794,1,PETR4,0,0.0,0.0
2009-11-03,64623.82187798443,35.32187798443192,0.9994534232585142,1,VALE3,2,1.9944365914169244,0.0
2009-11-04,65234.97997048321,35.32187798443192,0.9994585438977613,1,VALE3,0,0.0,0.0
2009-11-05,65512.78103020611,35.32187798443192,0.9994608398936973,1,VALE3,0,0.0,0.0
2009-11-06,65096.08208992901,35.32187798443192,0.9994573885731612,1,VALE3,0,0.0,0.0
2009-11-09,67332.37293770733,35.32187798443192,0.9994754101713137,1,VALE3,0,0.0,0.0
2009-11-10,66596.19933464947,35.32187798443192,0.9994696112039827,1,VALE3,0,0.0,0.0
2009-11-11,66471.1944213194,35.32187798443192,0.9994686137613152,1,VALE3,0,0.0,0.0
2009-11-12,64068.21975853863,35.32187798443192,0.9994486833235331,1,VALE3,0,0.0,0.0
2009-11-13,65179.42399743023,35.32187798443192,0.9994580823852351,1,VALE3,0,0.0,0.0
2009-11-16,67776.85251381817,35.32187798443192,0.9994788504234948,1,VALE3,0,0.0,0.0
2009-11-17,68665.81166603985,35.32187798443192,0.9994855973136061,1,VALE3,0,0.0,0.0
2009-11-18,67485.16378548565,35.32187798443192,0.9994765978771762,1,VALE3,0,0.0,0.0
2009-11-19,67637.94933464947,35.32187798443192,0.9994777801761897,1,VALE3,0,0.0,0.0
2009-11-23,68360.22997048321,35.32187798443192,0.9994832978473056,1,VALE3,0,0.0,0.0
2009-11-24,68749.15357354107,35.32187798443192,0.9994862209038451,1,VALE3,0,0.0,0.0
2009-11-25,69902.02081826153,35.32187798443192,0.9994946944656111,1,VALE3,0,0.0,0.0
2009-11-26,67818.52081826153,35.32187798443192,0.9994791706224456,1,VALE3,0,0.0,0.0
2009-11-27,68929.71975853863,35.32187798443192,0.9994875667838464,1,VALE3,0,0.0,0.0
2009-11-30,68124.10251381817,35.32187798443192,0.9994815068869749,1,VALE3,0,0.0,0.0
2009-12-01,69487.43530089532,14.093702384576318,0.9997971762474245,1,PETR4,2,1.9942945918984272,0.0
2009-12-02,68823.95343596612,14.093702384576318,0.9997952209705929,1,PETR4,0,0.0,0.0
2009-12-03,68631.89237029229,14.093702384576318,0.9997946479122485,1,PETR4,0,0.0,0.0
2009-12-04,67060.49636656915,14.093702384576318,0.9997898359966271,1,PETR4,0,0.0,0.0
2009-12-07,67060.49636656915,14.093702384576318,0.9997898359966271,1,PETR4,0,0.0,0.0
2009-12-08,65646.23396880303,14.093702384576318,0.9997853082875817,1,PETR4,0,0.0,0.0
2009-12-09,65646.23396880303,14.093702384576318,0.9997853082875817,1,PETR4,0,0.0,0.0
2009-12-10,65943.05077178155,14.093702384576318,0.9997862746381972,1,PETR4,0,0.0,0.0
2009-12-11,66012.89237029229,14.093702384576318,0.9997865007594953,1,PETR4,0,0.0,0.0
2009-12-14,66187.49636656915,14.093702384576318,0.999787063974946,1,PETR4,0,0.0,0.0
2009-12-15,66362.09370238458,14.093702384576318,0.9997876242053516,1,PETR4,0,0.0,0.0
2009-12-16,66117.6547680584,14.093702384576318,0.9997868390457282,1,PETR4,0,0.0,0.0
2009-12-17,64389.11183745538,14.093702384576318,0.9997811166828927,1,PETR4,0,0.0,0.0
2009-12-18,63882.77689940606,14.093702384576318,0.9997793818135556,1,PETR4,0,0.0,0.0
2009-12-21,61473.29503447686,14.093702384576318,0.9997707345543024,1,PETR4,0,0.0,0.0
2009-12-22,63463.73396880303,14.093702384576318,0.9997779250998451,1,PETR4,0,0.0,0.0
2009-12-23,64092.29503447686,14.093702384576318,0.9997801030158618,1,PETR4,0,0.0,0.0
2009-12-24,64092.29503447686,14.093702384576318,0.9997801030158618,1,PETR4,0,0.0,0.0
2009-12-28,64179.593702384576,14.093702384576318,0.9997804021251687,1,PETR4,0,0.0,0.0
2009-12-29,64179.593702384576,14.093702384576318,0.9997804021251687,1,PETR4,0,0.0,0.0
2009-12-30,64074.83130461846,14.093702384576318,0.9997800430824769,1,PETR4,0,0.0,0.0
2010-01-04,64349.93863150368,17.785984485250083,0.9997236052611161,1,GGBR3,2,1.9945171459621716,0.0
2010-01-05,65178.73705717812,17.785984485250083,0.9997271198355738,1,GGBR3,0,0.0,0.0
2010-01-06,65378.791849582296,17.785984485250083,0.9997279548308851,1,GGBR3,0,0.0,0.0
2010-01-07,64178.45622679482,17.785984485250083,0.9997228667448403,1,GGBR3,0,0.0,0.0
2010-01-08,64092.7184586216,17.785984485250083,0.9997224960196262,1,GGBR3,0,0.0,0.0
2010-01-11,63864.08441015969,17.785984485250083,0.9997215025526551,1,GGBR3,0,0.0,0.0
2010-01-12,63321.07854506264,17.785984485250083,0.9997191143155815,1,GGBR3,0,0.0,0.0
2010-01-13,63749.76738592873,17.785984485250083,0.9997210031469201,1,GGBR3,0,0.0,0.0
2010-01-14,63463.97482535134,17.785984485250083,0.9997197467613052,1,GGBR3,0,0.0,0.0
2010-01-15,61892.10887381325,17.785984485250083,0.999712629205744,1,GGBR3,0,0.0,0.0
2010-01-18,62035.00515410195,17.785984485250083,0.9997132911580958,1,GGBR3,0,0.0,0.0
2010-01-19,61977.84664198647,17.785984485250083,0.9997130267434429,1,GGBR3,0,0.0,0.0
2010-01-20,59920.13333746682,17.785984485250083,0.9997031718139697,1,GGBR3,0,0.0,0.0
2010-01-21,57176.51445338021,17.785984485250083,0.9996889284935382,1,GGBR3,0,0.0,0.0
2010-01-22,56604.92589804421,17.785984485250083,0.9996857873373549,1,GGBR3,0,0.0,0.0
2010-01-26,57176.51445338021,17.785984485250083,0.9996889284935382,1,GGBR3,0,0.0,0.0
2010-01-27,56404.871105640035,17.785984485250083,0.9996846728990492,1,GGBR3,0,0.0,0.0
2010-01-28,56033.340776889425,17.785984485250083,0.9996825821156002,1,GGBR3,0,0.0,0.0
2010-01-29,55747.54478213082,17.785984485250083,0.9996809548374774,1,GGBR3,0,0.0,0.0
2010-02-01,56292.467616419126,56292.467616419126,0.0,0,,1,0.9991849901719803,0.0
2010-02-02,56292.467616419126,56292.467616419126,0.0,0,,0,0.0,0.0
2010-02-03,56292.467616419126,56292.467616419126,0.0,0,,0,0.0,0.0
2010-02-04,56292.467616419126,56292.467616419126,0.0,0,,0,0.0,0.0
2010-02-05,56292.467616419126,56292.467616419126,0.0,0,,0,0.0,0.0
2010-02-08,56292.467616419126,56292.467616419126,0.0,0,,0,0.0,0.0
2010-02-09,56292.467616419126,56292.467616419126,0.0,0,,0,0.0,0.0
2010-02-10,56292.467616419126,56292.467616419126,0.0,0,,0,0.0,0.0
2010-02-11,56292.467616419126,56292.467616419126,0.0,0,,0,0.0,0.0
2010-02-12,56292.467616419126,56292.467616419126,0.0,0,,0,0.0,0.0
2010-02-17,56292.467616419126,56292.467616419126,0.0,0,,0,0.0,0.0
2010-02-18,56292.467616419126,56292.467616419126,0.0,0,,0,0.0,0.0
2010-02-19,56292.467616419126,56292.467616419126,0.0,0,,0,0.0,0.0
2010-02-22,56292.467616419126,56292.467616419126,0.0,0,,0,0.0,0.0
2010-02-23,56292.467616419126,56292.467616419126,0.0,0,,0,0.0,0.0
2010-02-24,56292.467616419126,56292.467616419126,0.0,0,,0,0.0,0.0
2010-02-25,56292.467616419126,56292.467616419126,0.0,0,,0,0.0,0.0
2010-02-26,56292.467616419126,56292.467616419126,0.0,0,,0,0.0,0.0
2010-03-01,57099.45357176159,3.9094605097561725,0.9999315324356853,1,GGBR3,1,0.9979346815493892,0.0
2010-03-02,56653.61400266979,3.9094605097561725,0.9999309936254098,1,GGBR3,0,0.0,0.0
2010-03-03,56820.803841079214,3.9094605097561725,0.9999311966701371,1,GGBR3,0,0.0,0.0
2010-03-04,56458.55919119213,3.9094605097561725,0.9999307552200098,1,GGBR3,0,0.0,0.0
2010-03-05,57601.02308698986,3.9094605097561725,0.999932128627232,1,GGBR3,0,0.0,0.0
2010-03-08,58353.384056533316,3.9094605097561725,0.9999330037053897,1,GGBR3,0,0.0,0.0
2010-03-09,58799.22362562511,3.9094605097561725,0.9999335116984767,1,GGBR3,0,0.0,0.0
2010-03-10,58659.898760283926,3.9094605097561725,0.9999333537801398,1,GGBR3,0,0.0,0.0
2010-03-11,58325.51908346508,3.9094605097561725,0.9999329716979601,1,GGBR3,0,0.0,0.0
2010-03-12,57963.27443357799,3.9094605097561725,0.9999325528009251,1,GGBR3,0,0.0,0.0
2010-03-15,57433.833248580435,3.9094605097561725,0.9999319310537251,1,GGBR3,0,0.0,0.0
2010-03-16,59077.873356307486,3.9094605097561725,0.9999338253006134,1,GGBR3,0,0.0,0.0
2010-03-17,58799.22362562511,3.9094605097561725,0.9999335116984767,1,GGBR3,0,0.0,0.0
2010-03-18,58520.57389494274,3.9094605097561725,0.9999331951098639,1,GGBR3,0,0.0,0.0
2010-03-19,58130.46427198742,3.9094605097561725,0.9999327467867543,1,GGBR3,0,0.0,0.0
2010-03-22,57127.318544829825,3.9094605097561725,0.9999315658320863,1,GGBR3,0,0.0,0.0
2010-03-23,57210.91346403454,3.9094605097561725,0.9999316658260978,1,GGBR3,0,0.0,0.0
2010-03-24,56374.96427198742,3.9094605097561725,0.9999306525412434,1,GGBR3,0,0.0,0.0
2010-03-25,55650.47162386272,3.9094605097561725,0.9999297497326495,1,GGBR3,0,0.0,0.0
2010-03-26,57405.97497221325,3.9094605097561725,0.9999318980208655,1,GGBR3,0,0.0,0.0
2010-03-29,60136.74902960155,3.9094605097561725,0.9999349904912912,1,GGBR3,0,0.0,0.0
2010-03-30,60610.45357176159,3.9094605097561725,0.9999354985769059,1,GGBR3,0,0.0,0.0
2010-03-31,61307.08459516857,3.9094605097561725,0.9999362315051259,1,GGBR3,0,0.0,0.0
2010-04-01,60938.104415819376,32.95489876005013,0.9994592070252928,1,VALE3,2,1.9944099372177881,0.0
2010-04-05,60769.3045767996,32.95489876005013,0.9994577048562666,1,VALE3,0,0.0,0.0
2010-04-06,60684.90666954252,32.95489876005013,0.9994569506559595,1,VALE3,0,0.0,0.0
2010-04-07,61296.8045767996,32.95489876005013,0.9994623716686771,1,VALE3,0,0.0,0.0
2010-04-08,62488.95570366117,32.95489876005013,0.9994726284286726,1,VALE3,0,0.0,0.0
2010-04-09,62583.9058646414,32.95489876005013,0.9994734285387792,1,VALE3,0,0.0,0.0
2010-04-12,62151.35602562162,32.95489876005013,0.9994697638013487,1,VALE3,0,0.0,0.0
2010-04-13,62647.203288957804,32.95489876005013,0.9994739605755736,1,VALE3,0,0.0,0.0
2010-04-14,63174.703288957804,32.95489876005013,0.9994783529317215,1,VALE3,0,0.0,0.0
2010-04-15,62647.203288957804,32.95489876005013,0.9994739605755736,1,VALE3,0,0.0,0.0
2010-04-16,61782.10361091825,32.95489876005013,0.9994665947445301,1,VALE3,0,0.0,0.0
2010-04-19,60695.45489876005,32.95489876005013,0.9994570450322019,1,VALE3,0,0.0,0.0
2010-04-20,59851.45570366117,32.95489876005013,0.9994493885174118,1,VALE3,0,0.0,0.0
2010-04-22,60062.456508562296,32.95489876005013,0.9994513228283404,1,VALE3,0,0.0,0.0
2010-04-23,59534.956508562296,32.95489876005013,0.9994464613616487,1,VALE3,0,0.0,0.0
2010-04-26,59292.302966997355,32.95489876005013,0.9994441960067162,1,VALE3,0,0.0,0.0
2010-04-27,56275.00634758207,32.95489876005013,0.9994143954679187,1,VALE3,0,0.0,0.0
2010-04-28,55895.20570366117,32.95489876005013,0.9994104163613823,1,VALE3,0,0.0,0.0
2010-04-29,57424.956508562296,32.95489876005013,0.9994261223557891,1,VALE3,0,0.0,0.0
2010-04-30,56053.453288957804,32.95489876005013,0.9994120808473624,1,VALE3,0,0.0,0.0
2010-05-03,55952.44060837329,6.280284276610473,0.9998877567411122,1,TUPY3,2,1.9943142299361867,0.0
2010-05-04,54593.08190476001,6.280284276610473,0.9998849619025435,1,TUPY3,0,0.0,0.0
2010-05-05,53148.76125656665,6.280284276610473,0.9998818357356196,1,TUPY3,0,0.0,0.0
2010-05-06,53063.79931198657,6.280284276610473,0.9998816465394856,1,TUPY3,0,0.0,0.0
2010-05-07,52171.71914993823,6.280284276610473,0.999879622822883,1,TUPY3,0,0.0,0.0
2010-05-10,53106.28028427661,6.280284276610473,0.9998817412132239,1,TUPY3,0,0.0,0.0
2010-05-11,53106.28028427661,6.280284276610473,0.9998817412132239,1,TUPY3,0,0.0,0.0
2010-05-12,53743.47866379321,6.280284276610473,0.9998831433239389,1,TUPY3,0,0.0,0.0
2010-05-13,53318.68109451831,6.280284276610473,0.999882212310063,1,TUPY3,0,0.0,0.0
2010-05-14,53276.20012222827,6.280284276610473,0.9998821183894083,1,TUPY3,0,0.0,0.0
2010-05-17,53106.28028427661,6.280284276610473,0.9998817412132239,1,TUPY3,0,0.0,0.0
2010-05-18,53531.08190476001,6.280284276610473,0.9998826796684628,1,TUPY3,0,0.0,0.0
2010-05-19,52681.47866379321,6.280284276610473,0.9998807876233564,1,TUPY3,0,0.0,0.0
2010-05-20,50939.79931198657,6.280284276610473,0.9998767116407714,1,TUPY3,0,0.0,0.0
2010-05-21,55017.87947403491,6.280284276610473,0.9998858501211488,1,TUPY3,0,0.0,0.0
2010-05-24,51534.52077042163,6.280284276610473,0.9998781344197497,1,TUPY3,0,0.0,0.0
2010-05-25,53573.55882584155,6.280284276610473,0.9998827726883512,1,TUPY3,0,0.0,0.0
2010-05-26,53531.08190476001,6.280284276610473,0.9998826796684628,1,TUPY3,0,0.0,0.0
2010-05-27,55740.03979813159,6.280284276610473,0.9998873290313506,1,TUPY3,0,0.0,0.0
2010-05-28,55655.08190476001,6.280284276610473,0.9998871570382852,1,TUPY3,0,0.0,0.0
2010-05-31,58841.08190476001,6.280284276610473,0.999893267015607,1,TUPY3,0,0.0,0.0
2010-06-01,57566.68109451831,6.280284276610473,0.999890904180036,1,TUPY3,0,0.0,0.0
2010-06-02,57779.08190476001,6.280284276610473,0.9998913052255319,1,TUPY3,0,0.0,0.0
2010-06-04,58543.71914993823,6.280284276610473,0.9998927248837655,1,TUPY3,0,0.0,0.0
2010-06-07,59053.47866379321,6.280284276610473,0.9998936509005275,1,TUPY3,0,0.0,0.0
2010-06-08,59053.47866379321,6.280284276610473,0.9998936509005275,1,TUPY3,0,0.0,0.0
2010-06-09,59478.28028427661,6.280284276610473,0.9998944104596401,1,TUPY3,0,0.0,0.0
2010-06-10,60285.39850174487,6.280284276610473,0.9998958241227114,1,TUPY3,0,0.0,0.0
2010-06-11,60115.47866379321,6.280284276610473,0.9998955296636373,1,TUPY3,0,0.0,0.0
2010-06-14,58926.03979813159,6.280284276610473,0.9998934209001975,1,TUPY3,0,0.0,0.0
2010-06-15,56632.11996017993,6.280284276610473,0.9998891038463503,1,TUPY3,0,0.0,0.0
2010-06-16,59478.28028427661,6.280284276610473,0.9998944104596401,1,TUPY3,0,0.0,0.0
2010-06-17,59478.28028427661,6.280284276610473,0.9998944104596401,1,TUPY3,0,0.0,0.0
2010-06-18,59478.28028427661,6.280284276610473,0.9998944104596401,1,TUPY3,0,0.0,0.0
2010-06-21,59053.47866379321,6.280284276610473,0.9998936509005275,1,TUPY3,0,0.0,0.0
2010-06-22,59053.47866379321,6.280284276610473,0.9998936509005275,1,TUPY3,0,0.0,0.0
2010-06-23,59265.87947403491,6.280284276610473,0.9998940320411619,1,TUPY3,0,0.0,0.0
2010-06-24,58841.08190476001,6.280284276610473,0.999893267015607,1,TUPY3,0,0.0,0.0
2010-06-25,58841.08190476001,6.280284276610473,0.999893267015607,1,TUPY3,0,0.0,0.0
2010-06-28,58841.08190476001,6.280284276610473,0.999893267015607,1,TUPY3,0,0.0,0.0
2010-06-29,57609.16206680835,6.280284276610473,0.9998909846272486,1,TUPY3,0,0.0,0.0
2010-06-30,59265.87947403491,6.280284276610473,0.9998940320411619,1,TUPY3,0,0.0,0.0
2010-07-01,58203.87947403491,6.280284276610473,0.9998920985279097,1,TUPY3,0,0.0,0.0
2010-07-02,57779.08190476001,6.280284276610473,0.9998913052255319,1,TUPY3,0,0.0,0.0
2010-07-05,58926.03979813159,6.280284276610473,0.9998934209001975,1,TUPY3,0,0.0,0.0
2010-07-06,58883.55882584155,6.280284276610473,0.9998933440097398,1,TUPY3,0,0.0,0.0
2010-07-07,58968.52077042163,6.280284276610473,0.9998934976798712,1,TUPY3,0,0.0,0.0
2010-07-08,58968.52077042163,6.280284276610473,0.9998934976798712,1,TUPY3,0,0.0,0.0
2010-07-12,58968.52077042163,6.280284276610473,0.9998934976798712,1,TUPY3,0,0.0,0.0
2010-07-13,58501.24222885669,6.280284276610473,0.9998926469928272,1,TUPY3,0,0.0,0.0
2010-07-14,58203.87947403491,6.280284276610473,0.9998920985279097,1,TUPY3,0,0.0,0.0
2010-07-15,56079.87947403491,6.280284276610473,0.9998880118085932,1,TUPY3,0,0.0,0.0
2010-07-16,56462.20012222827,6.280284276610473,0.9998887701105693,1,TUPY3,0,0.0,0.0
2010-07-19,55825.00174271167,6.280284276610473,0.9998875005090809,1,TUPY3,0,0.0,0.0
2010-07-20,60242.92158066333,6.280284276610473,0.999895750668928,1,TUPY3,0,0.0,0.0
2010-07-21,60200.44060837329,6.280284276610473,0.9998956771044673,1,TUPY3,0,0.0,0.0
2010-07-22,59903.08190476001,6.280284276610473,0.9998951592459534,1,TUPY3,0,0.0,0.0
2010-07-23,59903.08190476001,6.280284276610473,0.9998951592459534,1,TUPY3,0,0.0,0.0
2010-07-26,60752.68109451831,6.280284276610473,0.9998966253972094,1,TUPY3,0,0.0,0.0
2010-07-27,59138.44060837329,6.280284276610473,0.9998938036882271,1,TUPY3,0,0.0,0.0
2010-07-28,59903.08190476001,6.280284276610473,0.9998951592459534,1,TUPY3,0,0.0,0.0
2010-07-29,59478.28028427661,6.280284276610473,0.9998944104596401,1,TUPY3,0,0.0,0.0
2010-07-30,60327.87947403491,6.280284276610473,0.9998958974800479,1,TUPY3,0,0.0,0.0
2010-08-02,62239.47866379321,6.280284276610473,0.999899094844439,1,TUPY3,0,0.0,0.0
2010-08-03,64575.87947403491,6.280284276610473,0.9999027456640504,1,TUPY3,0,0.0,0.0
2010-08-04,64151.08190476001,6.280284276610473,0.9999021016623549,1,TUPY3,0,0.0,0.0
2010-08-05,65000.68109451831,6.280284276610473,0.999903381254306,1,TUPY3,0,0.0,0.0
2010-08-06,63726.28028427661,6.280284276610473,0.999901449068601,1,TUPY3,0,0.0,0.0
2010-08-09,64151.08190476001,6.280284276610473,0.9999021016623549,1,TUPY3,0,0.0,0.0
2010-08-10,64151.08190476001,6.280284276610473,0.9999021016623549,1,TUPY3,0,0.0,0.0
2010-08-11,65213.08190476001,6.280284276610473,0.9999036959442312,1,TUPY3,0,0.0,0.0
2010-08-12,68399.08190476001,6.280284276610473,0.9999081817459866,1,TUPY3,0,0.0,0.0
2010-08-13,74983.47866379321,6.280284276610473,0.9999162444262586,1,TUPY3,0,0.0,0.0
2010-08-16,76937.56287705005,6.280284276610473,0.9999183716764378,1,TUPY3,0,0.0,0.0
2010-08-17,78424.35639511645,6.280284276610473,0.9999199192117693,1,TUPY3,0,0.0,0.0
2010-08-18,80718.28028427661,6.280284276610473,0.9999221950188422,1,TUPY3,0,0.0,0.0
2010-08-19,79486.35639511645,6.280284276610473,0.9999209891538443,1,TUPY3,0,0.0,0.0
2010-08-20,78594.28028427661,6.280284276610473,0.9999200923495464,1,TUPY3,0,0.0,0.0
2010-08-23,80675.79931198657,6.280284276610473,0.9999221540495394,1,TUPY3,0,0.0,0.0
2010-08-24,79443.88352524341,6.280284276610473,0.999920946912488,1,TUPY3,0,0.0,0.0
2010-08-25,79443.88352524341,6.280284276610473,0.999920946912488,1,TUPY3,0,0.0,0.0
2010-08-26,81652.8373674065,6.280284276610473,0.9999230855353091,1,TUPY3,0,0.0,0.0
2010-08-27,84116.67704330981,6.280284276610473,0.999925338416859,1,TUPY3,0,0.0,0.0
2010-08-30,86665.47866379321,6.280284276610473,0.9999275341880822,1,TUPY3,0,0.0,0.0
2010-08-31,85815.88352524341,6.280284276610473,0.999926816761436,1,TUPY3,0,0.0,0.0
2010-09-01,82842.28028427661,6.280284276610473,0.9999241898671178,1,TUPY3,0,0.0,0.0
2010-09-02,82842.28028427661,6.280284276610473,0.9999241898671178,1,TUPY3,0,0.0,0.0
2010-09-03,82842.28028427661,6.280284276610473,0.9999241898671178,1,TUPY3,0,0.0,0.0
2010-09-06,80718.28028427661,6.280284276610473,0.9999221950188422,1,TUPY3,0,0.0,0.0
2010-09-08,80718.28028427661,6.280284276610473,0.9999221950188422,1,TUPY3,0,0.0,0.0
2010-09-09,80718.28028427661,6.280284276610473,0.9999221950188422,1,TUPY3,0,0.0,0.0
2010-09-10,80718.28028427661,6.280284276610473,0.9999221950188422,1,TUPY3,0,0.0,0.0
2010-09-13,80718.28028427661,6.280284276610473,0.9999221950188422,1,TUPY3,0,0.0,0.0
2010-09-14,81143.08190476001,6.280284276610473,0.9999226023447818,1,TUPY3,0,0.0,0.0
2010-09-15,80718.28028427661,6.280284276610473,0.9999221950188422,1,TUPY3,0,0.0,0.0
2010-09-16,80760.76125656665,6.280284276610473,0.9999222359450444,1,TUPY3,0,0.0,0.0
2010-09-17,80718.28028427661,6.280284276610473,0.9999221950188422,1,TUPY3,0,0.0,0.0
2010-09-20,80718.28028427661,6.280284276610473,0.9999221950188422,1,TUPY3,0,0.0,0.0
2010-09-21,80718.28028427661,6.280284276610473,0.9999221950188422,1,TUPY3,0,0.0,0.0
2010-09-22,80760.76125656665,6.280284276610473,0.9999222359450444,1,TUPY3,0,0.0,0.0
2010-09-23,81567.88352524341,6.280284276610473,0.9999230054280535,1,TUPY3,0,0.0,0.0
2010-09-24,82842.28028427661,6.280284276610473,0.9999241898671178,1,TUPY3,0,0.0,0.0
2010-09-27,87090.28028427661,6.280284276610473,0.999927887655705,1,TUPY3,0,0.0,0.0
2010-09-28,89214.28028427661,6.280284276610473,0.9999296044954171,1,TUPY3,0,0.0,0.0
2010-09-29,89639.08190476001,6.280284276610473,0.9999299381012928,1,TUPY3,0,0.0,0.0
2010-09-30,90870.99769150317,6.280284276610473,0.9999308879132379,1,TUPY3,0,0.0,0.0
2010-10-01,90786.72730014152,23.528611634435947,0.9997408364379449,1,VALE3,2,1.994682821407282,0.0
2010-10-04,90855.48887393302,23.528611634435947,0.9997410325790324,1,VALE3,0,0.0,0.0
2010-10-05,92007.21572635001,23.528611634435947,0.9997442742783955,1,VALE3,0,0.0,0.0
2010-10-06,92282.25546405143,23.528611634435947,0.9997450364480569,1,VALE3,0,0.0,0.0
2010-10-07,91955.64782473868,23.528611634435947,0.9997441308697071,1,VALE3,0,0.0,0.0
2010-10-08,91646.22730014152,23.528611634435947,0.9997432669916965,1,VALE3,0,0.0,0.0
2010-10-11,92161.9259886486,23.528611634435947,0.999744703559718,1,VALE3,0,0.0,0.0
2010-10-13,92075.97730014152,23.528611634435947,0.9997444652522368,1,VALE3,0,0.0,0.0
2010-10-14,92419.77861163444,23.528611634435947,0.999745415840766,1,VALE3,0,0.0,0.0
2010-10-15,91732.1759886486,23.528611634435947,0.9997435075383216,1,VALE3,0,0.0,0.0
2010-10-18,93709.02861163444,23.528611634435947,0.9997489184128463,1,VALE3,0,0.0,0.0
2010-10-19,91474.32992312736,23.528611634435947,0.9997427845423497,1,VALE3,0,0.0,0.0
2010-10-20,94190.34651324576,23.528611634435947,0.9997502014537007,1,VALE3,0,0.0,0.0
2010-10-21,92677.63123462028,23.528611634435947,0.9997461241583218,1,VALE3,0,0.0,0.0
2010-10-22,92763.57992312736,23.528611634435947,0.9997463593831336,1,VALE3,0,0.0,0.0
2010-10-25,93537.13123462028,23.528611634435947,0.9997484569889639,1,VALE3,0,0.0,0.0
2010-10-26,94912.32992312736,23.528611634435947,0.9997521016325962,1,VALE3,0,0.0,0.0
2010-10-27,93966.88123462028,23.528611634435947,0.999749607400764,1,VALE3,0,0.0,0.0
2010-10-28,92161.9259886486,23.528611634435947,0.999744703559718,1,VALE3,0,0.0,0.0
2010-10-29,92161.9259886486,23.528611634435947,0.999744703559718,1,VALE3,0,0.0,0.0
2010-11-01,91105.62011147574,6.81777669028088,0.9999251662336315,1,TUPY3,2,1.9946840512442066,0.0
2010-11-03,88155.6792230709,6.81777669028088,0.999922662082008,1,TUPY3,0,0.0,0.0
2010-11-04,88116.87073803977,6.81777669028088,0.9999226280207958,1,TUPY3,0,0.0,0.0
2010-11-05,89242.50188828543,6.81777669028088,0.9999236039269852,1,TUPY3,0,0.0,0.0
2010-11-08,89281.31777669028,6.81777669028088,0.9999236371408928,1,TUPY3,0,0.0,0.0
2010-11-09,89281.31777669028,6.81777669028088,0.9999236371408928,1,TUPY3,0,0.0,0.0
2010-11-10,86564.2648153408,6.81777669028088,0.9999212402865683,1,TUPY3,0,0.0,0.0
2010-11-11,84662.33070374564,6.81777669028088,0.9999194709543948,1,TUPY3,0,0.0,0.0
2010-11-12,85399.81777669028,6.81777669028088,0.9999201663789482,1,TUPY3,0,0.0,0.0
2010-11-16,90057.62073803977,6.81777669028088,0.9999242953940554,1,TUPY3,0,0.0,0.0
2010-11-17,93124.00188828543,6.81777669028088,0.9999267881904553,1,TUPY3,0,0.0,0.0
2010-11-18,97044.31777669028,6.81777669028088,0.9999297457404361,1,TUPY3,0,0.0,0.0
2010-11-19,99179.1398153408,6.81777669028088,0.9999312579570364,1,TUPY3,0,0.0,0.0
2010-11-22,100925.81777669028,6.81777669028088,0.9999324476448102,1,TUPY3,0,0.0,0.0
2010-11-23,102827.75188828543,6.81777669028088,0.9999336971142023,1,TUPY3,0,0.0,0.0
2010-11-24,105583.62073803977,6.81777669028088,0.9999354277051438,1,TUPY3,0,0.0,0.0
2010-11-25,106359.91629601554,6.81777669028088,0.9999358990028602,1,TUPY3,0,0.0,0.0
2010-11-26,105971.7648153408,6.81777669028088,0.9999356642148769,1,TUPY3,0,0.0,0.0
2010-11-29,104807.31777669028,6.81777669028088,0.9999349494211386,1,TUPY3,0,0.0,0.0
2010-11-30,104768.50188828543,6.81777669028088,0.9999349253204217,1,TUPY3,0,0.0,0.0
2010-12-01,107446.73896123008,6.81777669028088,0.9999365473837903,1,TUPY3,0,0.0,0.0
2010-12-02,104419.16629601554,6.81777669028088,0.9999347076122888,1,TUPY3,0,0.0,0.0
2010-12-03,104807.31777669028,6.81777669028088,0.9999349494211386,1,TUPY3,0,0.0,0.0
2010-12-06,104807.31777669028,6.81777669028088,0.9999349494211386,1,TUPY3,0,0.0,0.0
2010-12-07,104768.50188828543,6.81777669028088,0.9999349253204217,1,TUPY3,0,0.0,0.0
2010-12-08,104380.35040761069,6.81777669028088,0.999934683332029,1,TUPY3,0,0.0,0.0
2010-12-09,101313.96925736502,6.81777669028088,0.9999327064496608,1,TUPY3,0,0.0,0.0
2010-12-10,103992.20633030967,6.81777669028088,0.9999344395418573,1,TUPY3,0,0.0,0.0
2010-12-13,102866.56777669028,6.81777669028088,0.9999337221330736,1,TUPY3,0,0.0,0.0
2010-12-14,100925.81777669028,6.81777669028088,0.9999324476448102,1,TUPY3,0,0.0,0.0
2010-12-15,102245.52836896018,6.81777669028088,0.9999333195612655,1,TUPY3,0,0.0,0.0
2010-12-16,101702.12073803977,6.81777669028088,0.9999329632790269,1,TUPY3,0,0.0,0.0
2010-12-17,101702.12073803977,6.81777669028088,0.9999329632790269,1,TUPY3,0,0.0,0.0
2010-12-20,97005.50188828543,6.81777669028088,0.9999297176288193,1,TUPY3,0,0.0,0.0
2010-12-21,98208.7648153408,6.81777669028088,0.9999305787349724,1,TUPY3,0,0.0,0.0
2010-12-22,96850.24573803977,6.81777669028088,0.9999296049624001,1,TUPY3,0,0.0,0.0
2010-12-23,96811.42984963492,6.81777669028088,0.9999295767379857,1,TUPY3,0,0.0,0.0
2010-12-27,95103.56777669028,6.81777669028088,0.9999283120828202,1,TUPY3,0,0.0,0.0
2010-12-28,95103.56777669028,6.81777669028088,0.9999283120828202,1,TUPY3,0,0.0,0.0
2010-12-29,97044.31777669028,6.81777669028088,0.9999297457404361,1,TUPY3,0,0.0,0.0
2010-12-30,98985.06777669028,6.81777669028088,0.9999311231800572,1,TUPY3,0,0.0,0.0
2011-01-03,101187.57235560406,8.850187635311158,0.9999125368122855,1,VALE3,2,1.994854456999488,0.0
2011-01-04,103283.25289759625,8.850187635311158,0.9999143114940029,1,VALE3,0,0.0,0.0
2011-01-05,105148.05154261578,8.850187635311158,0.9999158311779869,1,VALE3,0,0.0,0.0
2011-01-06,103798.28774867047,8.850187635311158,0.9999147366702548,1,VALE3,0,0.0,0.0
2011-01-07,103016.85018763531,8.850187635311158,0.999914089902582,1,VALE3,0,0.0,0.0
2011-01-10,102821.48910365094,8.850187635311158,0.9999139266731841,1,VALE3,0,0.0,0.0
2011-01-11,103904.85018763531,8.850187635311158,0.9999148241143765,1,VALE3,0,0.0,0.0
2011-01-12,106781.96829066265,8.850187635311158,0.9999171190812739,1,VALE3,0,0.0,0.0
2011-01-13,106036.05154261578,8.850187635311158,0.9999165360506492,1,VALE3,0,0.0,0.0
2011-01-14,106497.80856165875,8.850187635311158,0.9999168979366351,1,VALE3,0,0.0,0.0
2011-01-17,106870.76693568219,8.850187635311158,0.9999171879468158,1,VALE3,0,0.0,0.0
2011-01-18,108202.76693568219,8.850187635311158,0.999918207381512,1,VALE3,0,0.0,0.0
2011-01-19,105858.44747767437,8.850187635311158,0.9999163960189651,1,VALE3,0,0.0,0.0
2011-01-20,104082.44747767437,8.850187635311158,0.9999149694511439,1,VALE3,0,0.0,0.0
2011-01-21,104792.85018763531,8.850187635311158,0.9999155458829542,1,VALE3,0,0.0,0.0
2011-01-24,105503.25289759625,8.850187635311158,0.9999161145519949,1,VALE3,0,0.0,0.0
2011-01-26,105414.44747767437,8.850187635311158,0.9999160438834801,1,VALE3,0,0.0,0.0
2011-01-27,104366.60720667828,8.850187635311158,0.9999152009644446,1,VALE3,0,0.0,0.0
2011-01-28,101365.16964564312,8.850187635311158,0.9999126900525471,1,VALE3,0,0.0,0.0
2011-01-31,101382.93343958844,8.850187635311158,0.9999127053505452,1,VALE3,0,0.0,0.0
2011-02-01,104348.85018763531,8.850187635311158,0.999915186534213,1,VALE3,0,0.0,0.0
2011-02-02,101951.25289759625,8.850187635311158,0.9999131919678889,1,VALE3,0,0.0,0.0
2011-02-03,101773.64883265484,8.850187635311158,0.9999130404801555,1,VALE3,0,0.0,0.0
2011-02-04,100068.6904586314,8.850187635311158,0.9999115588742618,1,VALE3,0,0.0,0.0
2011-02-07,100814.60720667828,8.850187635311158,0.999912213240913,1,VALE3,0,0.0,0.0
2011-02-08,100228.5307296275,8.850187635311158,0.999911699916472,1,VALE3,0,0.0,0.0
2011-02-09,96978.44747767437,8.850187635311158,0.9999087406752171,1,VALE3,0,0.0,0.0
2011-02-10,98239.41262660015,8.850187635311158,0.9999099120465128,1,VALE3,0,0.0,0.0
2011-02-11,100264.05154261578,8.850187635311158,0.9999117311987782,1,VALE3,0,0.0,0.0
2011-02-14,102217.64883265484,8.850187635311158,0.9999134182038387,1,VALE3,0,0.0,0.0
2011-02-15,101880.21127161969,8.850187635311158,0.9999131314361754,1,VALE3,0,0.0,0.0
2011-02-16,102857.00991663922,8.850187635311158,0.9999139563978917,1,VALE3,0,0.0,0.0
2011-02-17,102999.09316859234,8.850187635311158,0.9999140750917018,1,VALE3,0,0.0,0.0
2011-02-18,101951.25289759625,8.850187635311158,0.9999131919678889,1,VALE3,0,0.0,0.0
2011-02-21,99642.44747767437,8.850187635311158,0.999911180547454,1,VALE3,0,0.0,0.0
2011-02-22,97653.32937464703,8.850187635311158,0.9999093713681655,1,VALE3,0,0.0,0.0
2011-02-23,99464.85018763531,8.850187635311158,0.9999110219578211,1,VALE3,0,0.0,0.0
2011-02-24,99464.85018763531,8.850187635311158,0.9999110219578211,1,VALE3,0,0.0,0.0
2011-02-25,98932.05154261578,8.850187635311158,0.9999105427665017,1,VALE3,0,0.0,0.0
2011-02-28,99997.64883265484,8.850187635311158,0.9999114960427707,1,VALE3,0,0.0,0.0
2011-03-01,98853.56968189913,8.306483046588255,0.9999159718452928,1,PETR4,2,1.994838991921759,0.0
2011-03-02,100984.90515019136,8.306483046588255,0.9999177453003076,1,PETR4,0,0.0,0.0
2011-03-03,101194.54328419405,8.306483046588255,0.9999179157020032,1,PETR4,0,0.0,0.0
2011-03-04,101613.82621647554,8.306483046588255,0.9999182544014346,1,PETR4,0,0.0,0.0
2011-03-09,101613.82621647554,8.306483046588255,0.9999182544014346,1,PETR4,0,0.0,0.0
2011-03-10,98259.58941532808,8.306483046588255,0.9999154638942009,1,PETR4,0,0.0,0.0
2011-03-11,98434.28674961763,8.306483046588255,0.9999156139255855,1,PETR4,0,0.0,0.0
2011-03-14,98818.62888218599,8.306483046588255,0.9999159421341851,1,PETR4,0,0.0,0.0
2011-03-15,97980.06968189913,8.306483046588255,0.9999152227277083,1,PETR4,0,0.0,0.0
2011-03-16,97071.62888218599,8.306483046588255,0.9999144293431331,1,PETR4,0,0.0,0.0
2011-03-17,98119.82621647554,8.306483046588255,0.9999153434798359,1,PETR4,0,0.0,0.0
2011-03-18,97490.90515019136,8.306483046588255,0.99991479735434,1,PETR4,0,0.0,0.0
2011-03-21,98294.5235507651,8.306483046588255,0.999915493938558,1,PETR4,0,0.0,0.0
2011-03-22,98294.5235507651,8.306483046588255,0.999915493938558,1,PETR4,0,0.0,0.0
2011-03-23,98294.5235507651,8.306483046588255,0.999915493938558,1,PETR4,0,0.0,0.0
2011-03-24,99342.72754933077,8.306483046588255,0.9999163855950858,1,PETR4,0,0.0,0.0
2011-03-25,99342.72754933077,8.306483046588255,0.9999163855950858,1,PETR4,0,0.0,0.0
2011-03-28,99063.20781590181,8.306483046588255,0.9999161496661604,1,PETR4,0,0.0,0.0
2011-03-29,99063.20781590181,8.306483046588255,0.9999161496661604,1,PETR4,0,0.0,0.0
2011-03-30,99063.20781590181,8.306483046588255,0.9999161496661604,1,PETR4,0,0.0,0.0
2011-03-31,99133.08941532808,8.306483046588255,0.9999162087745315,1,PETR4,0,0.0,0.0
2011-04-01,98885.37658278031,98885.37658278031,0.0,0,,1,0.9994162506701443,0.0
2011-04-04,98885.37658278031,98885.37658278031,0.0,0,,0,0.0,0.0
2011-04-05,98885.37658278031,98885.37658278031,0.0,0,,0,0.0,0.0
2011-04-06,98885.37658278031,98885.37658278031,0.0,0,,0,0.0,0.0
2011-04-07,98885.37658278031,98885.37658278031,0.0,0,,0,0.0,0.0
2011-04-08,98885.37658278031,98885.37658278031,0.0,0,,0,0.0,0.0
2011-04-11,98885.37658278031,98885.37658278031,0.0,0,,0,0.0,0.0
2011-04-12,98885.37658278031,98885.37658278031,0.0,0,,0,0.0,0.0
2011-04-13,98885.37658278031,98885.37658278031,0.0,0,,0,0.0,0.0
2011-04-14,98885.37658278031,98885.37658278031,0.0,0,,0,0.0,0.0
2011-04-15,98885.37658278031,98885.37658278031,0.0,0,,0,0.0,0.0
2011-04-18,98885.37658278031,98885.37658278031,0.0,0,,0,0.0,0.0
2011-04-19,98885.37658278031,98885.37658278031,0.0,0,,0,0.0,0.0
2011-04-20,98885.37658278031,98885.37658278031,0.0,0,,0,0.0,0.0
2011-04-25,98885.37658278031,98885.37658278031,0.0,0,,0,0.0,0.0
2011-04-26,98885.37658278031,98885.37658278031,0.0,0,,0,0.0,0.0
2011-04-27,98885.37658278031,98885.37658278031,0.0,0,,0,0.0,0.0
2011-04-28,98885.37658278031,98885.37658278031,0.0,0,,0,0.0,0.0
2011-04-29,98885.37658278031,98885.37658278031,0.0,0,,0,0.0,0.0
2011-05-02,98885.37658278031,98885.37658278031,0.0,0,,0,0.0,0.0
2011-05-03,98885.37658278031,98885.37658278031,0.0,0,,0,0.0,0.0
2011-05-04,98885.37658278031,98885.37658278031,0.0,0,,0,0.0,0.0
2011-05-05,98885.37658278031,98885.37658278031,0.0,0,,0,0.0,0.0
2011-05-06,98885.37658278031,98885.37658278031,0.0,0,,0,0.0,0.0
2011-05-09,98885.37658278031,98885.37658278031,0.0,0,,0,0.0,0.0
2011-05-10,98885.37658278031,98885.37658278031,0.0,0,,0,0.0,0.0
2011-05-11,98885.37658278031,98885.37658278031,0.0,0,,0,0.0,0.0
2011-05-12,98885.37658278031,98885.37658278031,0.0,0,,0,0.0,0.0
2011-05-13,98885.37658278031,98885.37658278031,0.0,0,,0,0.0,0.0
2011-05-16,98885.37658278031,98885.37658278031,0.0,0,,0,0.0,0.0
2011-05-17,98885.37658278031,98885.37658278031,0.0,0,,0,0.0,0.0
2011-05-18,98885.37658278031,98885.37658278031,0.0,0,,0,0.0,0.0
2011-05-19,98885.37658278031,98885.37658278031,0.0,0,,0,0.0,0.0
2011-05-20,98885.37658278031,98885.37658278031,0.0,0,,0,0.0,0.0
2011-05-23,98885.37658278031,98885.37658278031,0.0,0,,0,0.0,0.0
2011-05-24,98885.37658278031,98885.37658278031,0.0,0,,0,0.0,0.0
2011-05-25,98885.37658278031,98885.37658278031,0.0,0,,0,0.0,0.0
2011-05-26,98885.37658278031,98885.37658278031,0.0,0,,0,0.0,0.0
2011-05-27,98885.37658278031,98885.37658278031,0.0,0,,0,0.0,0.0
2011-05-30,98885.37658278031,98885.37658278031,0.0,0,,0,0.0,0.0
2011-05-31,98885.37658278031,98885.37658278031,0.0,0,,0,0.0,0.0
2011-06-01,98811.72905374688,0.18169428032706492,0.999998161207358,1,TUPY3,1,0.9980021582603273,0.0
2011-06-02,103830.18169428033,0.18169428032706492,0.999998250082227,1,TUPY3,0,0.0,0.0
2011-06-03,101407.47905374688,0.18169428032706492,0.9999982082753459,1,TUPY3,0,0.0,0.0
2011-06-06,100680.67222238702,0.18169428032706492,0.9999981953410092,1,TUPY3,0,0.0,0.0
2011-06-07,101407.47905374688,0.18169428032706492,0.9999982082753459,1,TUPY3,0,0.0,0.0
2011-06-08,100369.18169428033,0.18169428032706492,0.999998189740344,1,TUPY3,0,0.0,0.0
2011-06-09,100369.18169428033,0.18169428032706492,0.999998189740344,1,TUPY3,0,0.0,0.0
2011-06-10,100334.5709021203,0.18169428032706492,0.999998189115888,1,TUPY3,0,0.0,0.0
2011-06-13,100369.18169428033,0.18169428032706492,0.999998189740344,1,TUPY3,0,0.0,0.0
2011-06-14,102065.0709021203,0.18169428032706492,0.9999982198191926,1,TUPY3,0,0.0,0.0
2011-06-15,102065.0709021203,0.18169428032706492,0.9999982198191926,1,TUPY3,0,0.0,0.0
2011-06-16,102065.0709021203,0.18169428032706492,0.9999982198191926,1,TUPY3,0,0.0,0.0
2011-06-17,100369.18169428033,0.18169428032706492,0.999998189740344,1,TUPY3,0,0.0,0.0
2011-06-20,101926.63433481377,0.18169428032706492,0.9999982174013543,1,TUPY3,0,0.0,0.0
2011-06-21,101926.63433481377,0.18169428032706492,0.9999982174013543,1,TUPY3,0,0.0,0.0
2011-06-22,96908.18169428033,0.18169428032706492,0.9999981250883346,1,TUPY3,0,0.0,0.0
2011-06-24,99676.97905374688,0.18169428032706492,0.999998177169071,1,TUPY3,0,0.0,0.0
2011-06-27,100023.0803740136,0.18169428032706492,0.9999981834764572,1,TUPY3,0,0.0,0.0
2011-06-28,100369.18169428033,0.18169428032706492,0.999998189740344,1,TUPY3,0,0.0,0.0
2011-06-29,101372.87486292046,0.18169428032706492,0.9999982076637308,1,TUPY3,0,0.0,0.0
2011-06-30,101407.47905374688,0.18169428032706492,0.9999982082753459,1,TUPY3,0,0.0,0.0
2011-07-01,101234.43169428033,0.18169428032706492,0.999998205212621,1,TUPY3,0,0.0,0.0
2011-07-04,100369.18169428033,0.18169428032706492,0.999998189740344,1,TUPY3,0,0.0,0.0
2011-07-05,101269.04248644036,0.18169428032706492,0.9999982058260267,1,TUPY3,0,0.0,0.0
2011-07-06,98638.68169428033,0.18169428032706492,0.9999981579814612,1,TUPY3,0,0.0,0.0
2011-07-07,98292.5803740136,0.18169428032706492,0.9999981514954676,1,TUPY3,0,0.0,0.0
2011-07-08,98396.4127504937,0.18169428032706492,0.9999981534460938,1,TUPY3,0,0.0,0.0
2011-07-11,95869.88433481377,0.18169428032706492,0.9999981047825228,1,TUPY3,0,0.0,0.0
2011-07-12,92754.97905374688,0.18169428032706492,0.9999980411371747,1,TUPY3,0,0.0,0.0
2011-07-13,100369.18169428033,0.18169428032706492,0.999998189740344,1,TUPY3,0,0.0,0.0
2011-07-14,93101.0803740136,0.18169428032706492,0.9999980484192064,1,TUPY3,0,0.0,0.0
2011-07-15,94658.53301454705,0.18169428032706492,0.9999980805293032,1,TUPY3,0,0.0,0.0
2011-07-18,93447.18169428033,0.18169428032706492,0.9999980556472968,1,TUPY3,0,0.0,0.0
2011-07-19,93447.18169428033,0.18169428032706492,0.9999980556472968,1,TUPY3,0,0.0,0.0
2011-07-20,93447.18169428033,0.18169428032706492,0.9999980556472968,1,TUPY3,0,0.0,0.0
2011-07-21,94831.5803740136,0.18169428032706492,0.9999980840319268,1,TUPY3,0,0.0,0.0
2011-07-22,94831.5803740136,0.18169428032706492,0.9999980840319268,1,TUPY3,0,0.0,0.0
2011-07-25,97911.87486292046,0.18169428032706492,0.9999981443080261,1,TUPY3,0,0.0,0.0
2011-07-26,97911.87486292046,0.18169428032706492,0.9999981443080261,1,TUPY3,0,0.0,0.0
2011-07-27,97911.87486292046,0.18169428032706492,0.9999981443080261,1,TUPY3,0,0.0,0.0
2011-07-28,97911.87486292046,0.18169428032706492,0.9999981443080261,1,TUPY3,0,0.0,0.0
2011-07-29,95627.60878969354,0.18169428032706492,0.9999980999809299,1,TUPY3,0,0.0,0.0
2011-08-01,95388.6358493821,95388.6358493821,0.0,0,,1,0.9994981009309395,0.0
2011-08-02,95388.6358493821,95388.6358493821,0.0,0,,0,0.0,0.0
2011-08-03,95388.6358493821,95388.6358493821,0.0,0,,0,0.0,0.0
2011-08-04,95388.6358493821,95388.6358493821,0.0,0,,0,0.0,0.0
2011-08-05,95388.6358493821,95388.6358493821,0.0,0,,0,0.0,0.0
2011-08-08,95388.6358493821,95388.6358493821,0.0,0,,0,0.0,0.0
2011-08-09,95388.6358493821,95388.6358493821,0.0,0,,0,0.0,0.0
2011-08-10,95388.6358493821,95388.6358493821,0.0,0,,0,0.0,0.0
2011-08-11,95388.6358493821,95388.6358493821,0.0,0,,0,0.0,0.0
2011-08-12,95388.6358493821,95388.6358493821,0.0,0,,0,0.0,0.0
2011-08-15,95388.6358493821,95388.6358493821,0.0,0,,0,0.0,0.0
2011-08-16,95388.6358493821,95388.6358493821,0.0,0,,0,0.0,0.0
2011-08-17,95388.6358493821,95388.6358493821,0.0,0,,0,0.0,0.0
2011-08-18,95388.6358493821,95388.6358493821,0.0,0,,0,0.0,0.0
2011-08-19,95388.6358493821,95388.6358493821,0.0,0,,0,0.0,0.0
2011-08-22,95388.6358493821,95388.6358493821,0.0,0,,0,0.0,0.0
2011-08-23,95388.6358493821,95388.6358493821,0.0,0,,0,0.0,0.0
2011-08-24,95388.6358493821,95388.6358493821,0.0,0,,0,0.0,0.0
2011-08-25,95388.6358493821,95388.6358493821,0.0,0,,0,0.0,0.0
2011-08-26,95388.6358493821,95388.6358493821,0.0,0,,0,0.0,0.0
2011-08-29,95388.6358493821,95388.6358493821,0.0,0,,0,0.0,0.0
2011-08-30,95388.6358493821,95388.6358493821,0.0,0,,0,0.0,0.0
2011-08-31,95388.6358493821,95388.6358493821,0.0,0,,0,0.0,0.0
2011-09-01,95388.6358493821,95388.6358493821,0.0,0,,0,0.0,0.0
2011-09-02,95388.6358493821,95388.6358493821,0.0,0,,0,0.0,0.0
2011-09-05,95388.6358493821,95388.6358493821,0.0,0,,0,0.0,0.0
2011-09-06,95388.6358493821,95388.6358493821,0.0,0,,0,0.0,0.0
2011-09-08,95388.6358493821,95388.6358493821,0.0,0,,0,0.0,0.0
2011-09-09,95388.6358493821,95388.6358493821,0.0,0,,0,0.0,0.0
2011-09-12,95388.6358493821,95388.6358493821,0.0,0,,0,0.0,0.0
2011-09-13,95388.6358493821,95388.6358493821,0.0,0,,0,0.0,0.0
2011-09-14,95388.6358493821,95388.6358493821,0.0,0,,0,0.0,0.0
2011-09-15,95388.6358493821,95388.6358493821,0.0,0,,0,0.0,0.0
2011-09-16,95388.6358493821,95388.6358493821,0.0,0,,0,0.0,0.0
2011-09-19,95388.6358493821,95388.6358493821,0.0,0,,0,0.0,0.0
2011-09-20,95388.6358493821,95388.6358493821,0.0,0,,0,0.0,0.0
2011-09-21,95388.6358493821,95388.6358493821,0.0,0,,0,0.0,0.0
2011-09-22,95388.6358493821,95388.6358493821,0.0,0,,0,0.0,0.0
2011-09-23,95388.6358493821,95388.6358493821,0.0,0,,0,0.0,0.0
2011-09-26,95388.6358493821,95388.6358493821,0.0,0,,0,0.0,0.0
2011-09-27,95388.6358493821,95388.6358493821,0.0,0,,0,0.0,0.0
2011-09-28,95388.6358493821,95388.6358493821,0.0,0,,0,0.0,0.0
2011-09-29,95388.6358493821,95388.6358493821,0.0,0,,0,0.0,0.0
2011-09-30,95388.6358493821,95388.6358493821,0.0,0,,0,0.0,0.0
2011-10-03,93320.92320238211,3.6732023821095936,0.9999606390265328,1,TUPY3,1,0.9979655611210487,0.0
2011-10-04,96980.42320238211,3.6732023821095936,0.9999621242900287,1,TUPY3,0,0.0,0.0
2011-10-05,95150.67320238211,3.6732023821095936,0.9999613959391092,1,TUPY3,0,0.0,0.0
2011-10-06,93101.35515676596,3.6732023821095936,0.9999605461985389,1,TUPY3,0,0.0,0.0
2011-10-07,91491.17320238211,3.6732023821095936,0.9999598518386688,1,TUPY3,0,0.0,0.0
2011-10-10,91491.17320238211,3.6732023821095936,0.9999598518386688,1,TUPY3,0,0.0,0.0
2011-10-11,94748.12596880057,3.6732023821095936,0.9999612319257553,1,TUPY3,0,0.0,0.0
2011-10-13,94235.79820238211,3.6732023821095936,0.9999610211570106,1,TUPY3,0,0.0,0.0
2011-10-14,96980.42320238211,3.6732023821095936,0.9999621242900287,1,TUPY3,0,0.0,0.0
2011-10-17,96980.42320238211,3.6732023821095936,0.9999621242900287,1,TUPY3,0,0.0,0.0
2011-10-18,96614.47180639365,3.6732023821095936,0.9999619808263355,1,TUPY3,0,0.0,0.0
2011-10-19,96614.47180639365,3.6732023821095936,0.9999619808263355,1,TUPY3,0,0.0,0.0
2011-10-20,96614.47180639365,3.6732023821095936,0.9999619808263355,1,TUPY3,0,0.0,0.0
2011-10-21,96980.42320238211,3.6732023821095936,0.9999621242900287,1,TUPY3,0,0.0,0.0
2011-10-24,94418.77041040518,3.6732023821095936,0.9999610966933149,1,TUPY3,0,0.0,0.0
2011-10-25,95480.0287607775,3.6732023821095936,0.9999615291026848,1,TUPY3,0,0.0,0.0
2011-10-26,98407.62596880057,3.6732023821095936,0.999962673600283,1,TUPY3,0,0.0,0.0
2011-10-27,100237.37596880057,3.6732023821095936,0.9999633549626913,1,TUPY3,0,0.0,0.0
2011-10-28,100237.37596880057,3.6732023821095936,0.9999633549626913,1,TUPY3,0,0.0,0.0
2011-10-31,100200.78013120749,3.6732023821095936,0.9999633415790047,1,TUPY3,0,0.0,0.0
2011-11-01,98773.57736478903,3.6732023821095936,0.9999628118928148,1,TUPY3,0,0.0,0.0
2011-11-03,100639.92320238211,3.6732023821095936,0.9999635015383038,1,TUPY3,0,0.0,0.0
2011-11-04,101993.94127355673,3.6732023821095936,0.9999639860727388,1,TUPY3,0,0.0,0.0
2011-11-07,101993.94127355673,3.6732023821095936,0.9999639860727388,1,TUPY3,0,0.0,0.0
2011-11-08,102030.53013120749,3.6732023821095936,0.9999639989875836,1,TUPY3,0,0.0,0.0
2011-11-09,102030.53013120749,3.6732023821095936,0.9999639989875836,1,TUPY3,0,0.0,0.0
2011-11-10,102103.72180639365,3.6732023821095936,0.9999640247944235,1,TUPY3,0,0.0,0.0
2011-11-11,102103.72180639365,3.6732023821095936,0.9999640247944235,1,TUPY3,0,0.0,0.0
2011-11-14,102103.72180639365,3.6732023821095936,0.9999640247944235,1,TUPY3,0,0.0,0.0
2011-11-16,101957.34543596365,3.6732023821095936,0.9999639731461583,1,TUPY3,0,0.0,0.0
2011-11-17,101957.34543596365,3.6732023821095936,0.9999639731461583,1,TUPY3,0,0.0,0.0
2011-11-18,101957.34543596365,3.6732023821095936,0.9999639731461583,1,TUPY3,0,0.0,0.0
2011-11-21,100639.92320238211,3.6732023821095936,0.9999635015383038,1,TUPY3,0,0.0,0.0
2011-11-22,100639.92320238211,3.6732023821095936,0.9999635015383038,1,TUPY3,0,0.0,0.0
2011-11-23,100603.32736478903,3.6732023821095936,0.9999634882614887,1,TUPY3,0,0.0,0.0
2011-11-24,99871.43155275442,3.6732023821095936,0.9999632206895906,1,TUPY3,0,0.0,0.0
2011-11-25,100273.97180639365,3.6732023821095936,0.9999633683366088,1,TUPY3,0,0.0,0.0
2011-11-28,100273.97180639365,3.6732023821095936,0.9999633683366088,1,TUPY3,0,0.0,0.0
2011-11-29,96907.23152719595,3.6732023821095936,0.9999620956834261,1,TUPY3,0,0.0,0.0
2011-11-30,96797.45099435904,3.6732023821095936,0.9999620526951446,1,TUPY3,0,0.0,0.0
2011-12-01,96701.57391953717,96701.57391953717,0.0,0,,1,0.9994621289371307,0.0
2011-12-02,96701.57391953717,96701.57391953717,0.0,0,,0,0.0,0.0
2011-12-05,96701.57391953717,96701.57391953717,0.0,0,,0,0.0,0.0
2011-12-06,96701.57391953717,96701.57391953717,0.0,0,,0,0.0,0.0
2011-12-07,96701.57391953717,96701.57391953717,0.0,0,,0,0.0,0.0
2011-12-08,96701.57391953717,96701.57391953717,0.0,0,,0,0.0,0.0
2011-12-09,96701.57391953717,96701.57391953717,0.0,0,,0,0.0,0.0
2011-12-12,96701.57391953717,96701.57391953717,0.0,0,,0,0.0,0.0
2011-12-13,96701.57391953717,96701.57391953717,0.0,0,,0,0.0,0.0
2011-12-14,96701.57391953717,96701.57391953717,0.0,0,,0,0.0,0.0
2011-12-15,96701.57391953717,96701.57391953717,0.0,0,,0,0.0,0.0
2011-12-16,96701.57391953717,96701.57391953717,0.0,0,,0,0.0,0.0
2011-12-19,96701.57391953717,96701.57391953717,0.0,0,,0,0.0,0.0
2011-12-20,96701.57391953717,96701.57391953717,0.0,0,,0,0.0,0.0
2011-12-21,96701.57391953717,96701.57391953717,0.0,0,,0,0.0,0.0
2011-12-22,96701.57391953717,96701.57391953717,0.0,0,,0,0.0,0.0
2011-12-23,96701.57391953717,96701.57391953717,0.0,0,,0,0.0,0.0
2011-12-26,96701.57391953717,96701.57391953717,0.0,0,,0,0.0,0.0
2011-12-27,96701.57391953717,96701.57391953717,0.0,0,,0,0.0,0.0
2011-12-28,96701.57391953717,96701.57391953717,0.0,0,,0,0.0,0.0
2011-12-29,96701.57391953717,96701.57391953717,0.0,0,,0,0.0,0.0
2012-01-02,96460.35172253536,10.053041276201839,0.9998957805865656,1,TUPY3,1,0.997900240081859,0.0
2012-01-03,96460.35172253536,10.053041276201839,0.9998957805865656,1,TUPY3,0,0.0,0.0
2012-01-04,96460.35172253536,10.053041276201839,0.9998957805865656,1,TUPY3,0,0.0,0.0
2012-01-05,96460.35172253536,10.053041276201839,0.9998957805865656,1,TUPY3,0,0.0,0.0
2012-01-06,96460.35172253536,10.053041276201839,0.9998957805865656,1,TUPY3,0,0.0,0.0
2012-01-09,93349.0530412762,10.053041276201839,0.9998923069817135,1,TUPY3,0,0.0,0.0
2012-01-10,94005.88488751338,10.053041276201839,0.999893059447414,1,TUPY3,0,0.0,0.0
2012-01-11,92311.95567875789,10.053041276201839,0.9998910970826879,1,TUPY3,0,0.0,0.0
2012-01-12,95734.38488751338,10.053041276201839,0.9998949902766073,1,TUPY3,0,0.0,0.0
2012-01-13,95734.38488751338,10.053041276201839,0.9998949902766073,1,TUPY3,0,0.0,0.0
2012-01-16,95734.38488751338,10.053041276201839,0.9998949902766073,1,TUPY3,0,0.0,0.0
2012-01-17,97497.45567875789,10.053041276201839,0.9998968891936081,1,TUPY3,0,0.0,0.0
2012-01-18,96425.78093129085,10.053041276201839,0.9998957432215834,1,TUPY3,0,0.0,0.0
2012-01-19,95734.38488751338,10.053041276201839,0.9998949902766073,1,TUPY3,0,0.0,0.0
2012-01-20,96425.78093129085,10.053041276201839,0.9998957432215834,1,TUPY3,0,0.0,0.0
2012-01-23,96391.21014004634,10.053041276201839,0.9998957058297993,1,TUPY3,0,0.0,0.0
2012-01-24,96460.35172253536,10.053041276201839,0.9998957805865656,1,TUPY3,0,0.0,0.0
2012-01-26,96460.35172253536,10.053041276201839,0.9998957805865656,1,TUPY3,0,0.0,0.0
2012-01-27,96460.35172253536,10.053041276201839,0.9998957805865656,1,TUPY3,0,0.0,0.0
2012-01-30,96460.35172253536,10.053041276201839,0.9998957805865656,1,TUPY3,0,0.0,0.0
2012-01-31,96460.35172253536,10.053041276201839,0.9998957805865656,1,TUPY3,0,0.0,0.0
2012-02-01,98654.85073510389,9.93076268414734,0.9998993383233551,1,GGBR3,2,1.99480310398111,0.0
2012-02-02,100322.08247033338,9.93076268414734,0.999901011198735,1,GGBR3,0,0.0,0.0
2012-02-03,103100.81037656049,9.93076268414734,0.9999036791015717,1,GGBR3,0,0.0,0.0
2012-02-06,102753.4787792323,9.93076268414734,0.999903353513651,1,GGBR3,0,0.0,0.0
2012-02-07,103239.74635449628,9.93076268414734,0.9999038087264371,1,GGBR3,0,0.0,0.0
2012-02-08,101711.45059720258,9.93076268414734,0.9999023633757473,1,GGBR3,0,0.0,0.0
2012-02-09,102753.4787792323,9.93076268414734,0.999903353513651,1,GGBR3,0,0.0,0.0
2012-02-10,98932.72269097547,9.93076268414734,0.9998996210514173,1,GGBR3,0,0.0,0.0
2012-02-13,98932.72269097547,9.93076268414734,0.9998996210514173,1,GGBR3,0,0.0,0.0
2012-02-14,98029.63048688154,9.93076268414734,0.9998986963162584,1,GGBR3,0,0.0,0.0
2012-02-15,96362.39040414075,9.93076268414734,0.9998969435830463,1,GGBR3,0,0.0,0.0
2012-02-16,99141.11831036786,9.93076268414734,0.9998998320489683,1,GGBR3,0,0.0,0.0
2012-02-17,100252.61448136548,9.93076268414734,0.9999009426064794,1,GGBR3,0,0.0,0.0
2012-02-23,99141.11831036786,9.93076268414734,0.9998998320489683,1,GGBR3,0,0.0,0.0
2012-02-24,101294.6426633952,9.93076268414734,0.9999019616198543,1,GGBR3,0,0.0,0.0
2012-02-27,100947.30271855573,9.93076268414734,0.9999016242889438,1,GGBR3,0,0.0,0.0
2012-02-28,100322.08247033338,9.93076268414734,0.999901011198735,1,GGBR3,0,0.0,0.0
2012-02-29,101433.578641331,9.93076268414734,0.9999020959053484,1,GGBR3,0,0.0,0.0
2012-03-01,101618.92721927208,4.528720736925607,0.999955434279215,1,TUPY3,2,1.9948687780705208,0.0
2012-03-02,101684.52872073693,4.528720736925607,0.9999554630306704,1,TUPY3,0,0.0,0.0
2012-03-05,100044.52872073693,4.528720736925607,0.9999547329494692,1,TUPY3,0,0.0,0.0
2012-03-06,101618.92721927208,4.528720736925607,0.999955434279215,1,TUPY3,0,0.0,0.0
2012-03-07,100044.52872073693,4.528720736925607,0.9999547329494692,1,TUPY3,0,0.0,0.0
2012-03-08,100044.52872073693,4.528720736925607,0.9999547329494692,1,TUPY3,0,0.0,0.0
2012-03-09,100044.52872073693,4.528720736925607,0.9999547329494692,1,TUPY3,0,0.0,0.0
2012-03-12,100044.52872073693,4.528720736925607,0.9999547329494692,1,TUPY3,0,0.0,0.0
2012-03-13,99946.12646853966,4.528720736925607,0.9999546883816618,1,TUPY3,0,0.0,0.0
2012-03-14,100044.52872073693,4.528720736925607,0.9999547329494692,1,TUPY3,0,0.0,0.0
2012-03-15,99191.7279700045,4.528720736925607,0.9999543437660618,1,TUPY3,0,0.0,0.0
2012-03-16,99191.7279700045,4.528720736925607,0.9999543437660618,1,TUPY3,0,0.0,0.0
2012-03-19,99191.7279700045,4.528720736925607,0.9999543437660618,1,TUPY3,0,0.0,0.0
2012-03-20,98404.52872073693,4.528720736925607,0.999953978533348,1,TUPY3,0,0.0,0.0
2012-03-21,98404.52872073693,4.528720736925607,0.999953978533348,1,TUPY3,0,0.0,0.0
2012-03-22,98240.53122317833,4.528720736925607,0.9999539017075688,1,TUPY3,0,0.0,0.0
2012-03-23,98240.53122317833,4.528720736925607,0.9999539017075688,1,TUPY3,0,0.0,0.0
2012-03-26,98240.53122317833,4.528720736925607,0.9999539017075688,1,TUPY3,0,0.0,0.0
2012-03-27,97879.7292212252,4.528720736925607,0.9999537317811057,1,TUPY3,0,0.0,0.0
2012-03-28,98240.53122317833,4.528720736925607,0.9999539017075688,1,TUPY3,0,0.0,0.0
2012-03-29,98076.52746951622,4.528720736925607,0.9999538246219175,1,TUPY3,0,0.0,0.0
2012-03-30,96731.7279700045,4.528720736925607,0.9999531826750957,1,TUPY3,0,0.0,0.0
2012-04-02,96849.90705683084,96849.90705683084,0.0,0,,1,0.9994533799729202,0.0
2012-04-03,96849.90705683084,96849.90705683084,0.0,0,,0,0.0,0.0
2012-04-04,96849.90705683084,96849.90705683084,0.0,0,,0,0.0,0.0
2012-04-05,96849.90705683084,96849.90705683084,0.0,0,,0,0.0,0.0
2012-04-09,96849.90705683084,96849.90705683084,0.0,0,,0,0.0,0.0
2012-04-10,96849.90705683084,96849.90705683084,0.0,0,,0,0.0,0.0
2012-04-11,96849.90705683084,96849.90705683084,0.0,0,,0,0.0,0.0
2012-04-12,96849.90705683084,96849.90705683084,0.0,0,,0,0.0,0.0
2012-04-13,96849.90705683084,96849.90705683084,0.0,0,,0,0.0,0.0
2012-04-16,96849.90705683084,96849.90705683084,0.0,0,,0,0.0,0.0
2012-04-17,96849.90705683084,96849.90705683084,0.0,0,,0,0.0,0.0
2012-04-18,96849.90705683084,96849.90705683084,0.0,0,,0,0.0,0.0
2012-04-19,96849.90705683084,96849.90705683084,0.0,0,,0,0.0,0.0
2012-04-20,96849.90705683084,96849.90705683084,0.0,0,,0,0.0,0.0
2012-04-23,96849.90705683084,96849.90705683084,0.0,0,,0,0.0,0.0
2012-04-24,96849.90705683084,96849.90705683084,0.0,0,,0,0.0,0.0
2012-04-25,96849.90705683084,96849.90705683084,0.0,0,,0,0.0,0.0
2012-04-26,96849.90705683084,96849.90705683084,0.0,0,,0,0.0,0.0
2012-04-27,96849.90705683084,96849.90705683084,0.0,0,,0,0.0,0.0
2012-04-30,96849.90705683084,96849.90705683084,0.0,0,,0,0.0,0.0
2012-05-02,100037.91164236519,7.911642365186708,0.9999209135593167,1,TUPY3,1,0.9979224653433691,0.0
2012-05-03,102324.30946188423,7.911642365186708,0.9999226807157869,1,TUPY3,0,0.0,0.0
2012-05-04,104296.33643942329,7.911642365186708,0.9999241426627695,1,TUPY3,0,0.0,0.0
2012-05-07,105611.01382284614,7.911642365186708,0.9999250869575169,1,TUPY3,0,0.0,0.0
2012-05-08,103496.08902578804,7.911642365186708,0.999923556122365,1,TUPY3,0,0.0,0.0
2012-05-09,105753.91164236519,7.911642365186708,0.9999251881822401,1,TUPY3,0,0.0,0.0
2012-05-10,106296.92771749946,7.911642365186708,0.9999255703571582,1,TUPY3,0,0.0,0.0
2012-05-11,106325.51382284614,7.911642365186708,0.9999255903679114,1,TUPY3,0,0.0,0.0
2012-05-14,106325.51382284614,7.911642365186708,0.9999255903679114,1,TUPY3,0,0.0,0.0
2012-05-15,106268.35251455757,7.911642365186708,0.9999255503432773,1,TUPY3,0,0.0,0.0
2012-05-16,104324.91164236519,7.911642365186708,0.9999241634405375,1,TUPY3,0,0.0,0.0
2012-05-17,104324.91164236519,7.911642365186708,0.9999241634405375,1,TUPY3,0,0.0,0.0
2012-05-18,104296.33643942329,7.911642365186708,0.9999241426627695,1,TUPY3,0,0.0,0.0
2012-05-21,104296.33643942329,7.911642365186708,0.9999241426627695,1,TUPY3,0,0.0,0.0
2012-05-22,108326.1160033271,7.911642365186708,0.9999269645893614,1,TUPY3,0,0.0,0.0
2012-05-23,110012.33643942329,7.911642365186708,0.9999280840438332,1,TUPY3,0,0.0,0.0
2012-05-24,115471.1160033271,7.911642365186708,0.9999314837975156,1,TUPY3,0,0.0,0.0
2012-05-25,114899.51382284614,7.911642365186708,0.9999311429430643,1,TUPY3,0,0.0,0.0
2012-05-28,117185.91164236519,7.911642365186708,0.9999324864034055,1,TUPY3,0,0.0,0.0
2012-05-29,117728.92771749946,7.911642365186708,0.9999327978049357,1,TUPY3,0,0.0,0.0
2012-05-30,117157.33643942329,7.911642365186708,0.9999324699365346,1,TUPY3,0,0.0,0.0
2012-05-31,115756.91164236519,7.911642365186708,0.9999316529591803,1,TUPY3,0,0.0,0.0
2012-06-01,114785.191206269,7.911642365186708,0.9999310743634955,1,TUPY3,0,0.0,0.0
2012-06-04,117185.91164236519,7.911642365186708,0.9999324864034055,1,TUPY3,0,0.0,0.0
2012-06-05,115756.91164236519,7.911642365186708,0.9999316529591803,1,TUPY3,0,0.0,0.0
2012-06-06,117185.91164236519,7.911642365186708,0.9999324864034055,1,TUPY3,0,0.0,0.0
2012-06-08,115213.89556723091,7.911642365186708,0.9999313308318738,1,TUPY3,0,0.0,0.0
2012-06-11,109583.63207846138,7.911642365186708,0.9999278026999551,1,TUPY3,0,0.0,0.0
2012-06-12,111469.91164236519,7.911642365186708,0.9999290244134169,1,TUPY3,0,0.0,0.0
2012-06-13,112898.91164236519,7.911642365186708,0.9999299227756043,1,TUPY3,0,0.0,0.0
2012-06-14,111469.91164236519,7.911642365186708,0.9999290244134169,1,TUPY3,0,0.0,0.0
2012-06-15,117185.91164236519,7.911642365186708,0.9999324864034055,1,TUPY3,0,0.0,0.0
2012-06-18,117185.91164236519,7.911642365186708,0.9999324864034055,1,TUPY3,0,0.0,0.0
2012-06-19,111469.91164236519,7.911642365186708,0.9999290244134169,1,TUPY3,0,0.0,0.0
2012-06-20,111469.91164236519,7.911642365186708,0.9999290244134169,1,TUPY3,0,0.0,0.0
2012-06-21,117185.91164236519,7.911642365186708,0.9999324864034055,1,TUPY3,0,0.0,0.0
2012-06-22,112927.48684530708,7.911642365186708,0.9999299405079649,1,TUPY3,0,0.0,0.0
2012-06-25,115756.91164236519,7.911642365186708,0.9999316529591803,1,TUPY3,0,0.0,0.0
2012-06-26,117128.75033407661,7.911642365186708,0.9999324534553419,1,TUPY3,0,0.0,0.0
2012-06-27,117185.91164236519,7.911642365186708,0.9999324864034055,1,TUPY3,0,0.0,0.0
2012-06-28,117185.91164236519,7.911642365186708,0.9999324864034055,1,TUPY3,0,0.0,0.0
2012-06-29,117185.91164236519,7.911642365186708,0.9999324864034055,1,TUPY3,0,0.0,0.0
2012-07-02,117977.9463252409,7.202764449888491,0.9999389482129988,1,GGBR3,2,1.9948813268402614,0.0
2012-07-03,117977.9463252409,7.202764449888491,0.9999389482129988,1,GGBR3,0,0.0,0.0
2012-07-04,116115.67385858136,7.202764449888491,0.9999379690595547,1,GGBR3,0,0.0,0.0
2012-07-05,119840.20906251507,7.202764449888491,0.999939896930202,1,GGBR3,0,0.0,0.0
2012-07-06,116196.64180368024,7.202764449888491,0.9999380122838485,1,GGBR3,0,0.0,0.0
2012-07-10,113038.88221543866,7.202764449888491,0.9999362806469002,1,GGBR3,0,0.0,0.0
2012-07-11,112553.0745448454,7.202764449888491,0.9999360056179806,1,GGBR3,0,0.0,0.0
2012-07-12,112634.04248994427,7.202764449888491,0.9999360516208896,1,GGBR3,0,0.0,0.0
2012-07-13,116196.64180368024,7.202764449888491,0.9999380122838485,1,GGBR3,0,0.0,0.0
2012-07-16,116196.64180368024,7.202764449888491,0.9999380122838485,1,GGBR3,0,0.0,0.0
2012-07-17,115629.8661879881,7.202764449888491,0.9999377084425733,1,GGBR3,0,0.0,0.0
2012-07-18,119597.31495660382,7.202764449888491,0.9999397748649081,1,GGBR3,0,0.0,0.0
2012-07-19,119354.40139192181,7.202764449888491,0.9999396522929537,1,GGBR3,0,0.0,0.0
2012-07-20,115872.77002328473,7.202764449888491,0.9999378390242294,1,GGBR3,0,0.0,0.0
2012-07-23,113929.5296115263,7.202764449888491,0.9999367787747878,1,GGBR3,0,0.0,0.0
2012-07-24,112229.20276444989,7.202764449888491,0.9999358209425669,1,GGBR3,0,0.0,0.0
2012-07-25,109557.25084680157,7.202764449888491,0.9999342557028931,1,GGBR3,0,0.0,0.0
2012-07-26,113686.62577622967,7.202764449888491,0.9999366436957671,1,GGBR3,0,0.0,0.0
2012-07-27,113686.62577622967,7.202764449888491,0.9999366436957671,1,GGBR3,0,0.0,0.0
2012-07-30,121378.60974877911,7.202764449888491,0.9999406587003691,1,GGBR3,0,0.0,0.0
2012-07-31,123078.9463252409,7.202764449888491,0.9999414785008733,1,GGBR3,0,0.0,0.0
2012-08-01,122975.34953634103,17.147590082488023,0.9998605607534587,1,TUPY3,2,1.9948125899633231,0.0
2012-08-02,122465.14759008249,17.147590082488023,0.9998599798357335,1,TUPY3,0,0.0,0.0
2012-08-03,122465.14759008249,17.147590082488023,0.9998599798357335,1,TUPY3,0,0.0,0.0
2012-08-06,122465.14759008249,17.147590082488023,0.9998599798357335,1,TUPY3,0,0.0,0.0
2012-08-07,123689.62642232736,17.147590082488023,0.999861365980491,1,TUPY3,0,0.0,0.0
2012-08-08,123689.62642232736,17.147590082488023,0.999861365980491,1,TUPY3,0,0.0,0.0
2012-08-09,123230.44564382394,17.147590082488023,0.9998608494029791,1,TUPY3,0,0.0,0.0
2012-08-10,123715.14187185129,17.147590082488023,0.9998613945728628,1,TUPY3,0,0.0,0.0
2012-08-13,123715.14187185129,17.147590082488023,0.9998613945728628,1,TUPY3,0,0.0,0.0
2012-08-14,123689.62642232736,17.147590082488023,0.999861365980491,1,TUPY3,0,0.0,0.0
2012-08-15,123715.14187185129,17.147590082488023,0.9998613945728628,1,TUPY3,0,0.0,0.0
2012-08-16,126011.03603307565,17.147590082488023,0.9998639199341398,1,TUPY3,0,0.0,0.0
2012-08-17,127439.59953634103,17.147590082488023,0.9998654453549377,1,TUPY3,0,0.0,0.0
2012-08-20,127439.59953634103,17.147590082488023,0.9998654453549377,1,TUPY3,0,0.0,0.0
2012-08-21,127439.59953634103,17.147590082488023,0.9998654453549377,1,TUPY3,0,0.0,0.0
2012-08-22,127439.59953634103,17.147590082488023,0.9998654453549377,1,TUPY3,0,0.0,0.0
2012-08-23,127439.59953634103,17.147590082488023,0.9998654453549377,1,TUPY3,0,0.0,0.0
2012-08-24,124990.64187185129,17.147590082488023,0.9998628090085331,1,TUPY3,0,0.0,0.0
2012-08-27,123536.56291906198,17.147590082488023,0.999861194211031,1,TUPY3,0,0.0,0.0
2012-08-28,123689.62642232736,17.147590082488023,0.999861365980491,1,TUPY3,0,0.0,0.0
2012-08-29,119914.14759008249,17.147590082488023,0.9998570011093177,1,TUPY3,0,0.0,0.0
2012-08-30,118638.64759008249,17.147590082488023,0.9998554637090795,1,TUPY3,0,0.0,0.0
2012-08-31,119659.05148259958,17.147590082488023,0.999856696255987,1,TUPY3,0,0.0,0.0
2012-09-03,118342.2124615825,118342.2124615825,0.0,0,,1,0.9993555359772252,0.0
2012-09-04,118342.2124615825,118342.2124615825,0.0,0,,0,0.0,0.0
2012-09-05,118342.2124615825,118342.2124615825,0.0,0,,0,0.0,0.0
2012-09-06,118342.2124615825,118342.2124615825,0.0,0,,0,0.0,0.0
2012-09-10,118342.2124615825,118342.2124615825,0.0,0,,0,0.0,0.0
2012-09-11,118342.2124615825,118342.2124615825,0.0,0,,0,0.0,0.0
2012-09-12,118342.2124615825,118342.2124615825,0.0,0,,0,0.0,0.0
2012-09-13,118342.2124615825,118342.2124615825,0.0,0,,0,0.0,0.0
2012-09-14,118342.2124615825,118342.2124615825,0.0,0,,0,0.0,0.0
2012-09-17,118342.2124615825,118342.2124615825,0.0,0,,0,0.0,0.0
2012-09-18,118342.2124615825,118342.2124615825,0.0,0,,0,0.0,0.0
2012-09-19,118342.2124615825,118342.2124615825,0.0,0,,0,0.0,0.0
2012-09-20,118342.2124615825,118342.2124615825,0.0,0,,0,0.0,0.0
2012-09-21,118342.2124615825,118342.2124615825,0.0,0,,0,0.0,0.0
2012-09-24,118342.2124615825,118342.2124615825,0.0,0,,0,0.0,0.0
2012-09-25,118342.2124615825,118342.2124615825,0.0,0,,0,0.0,0.0
2012-09-26,118342.2124615825,118342.2124615825,0.0,0,,0,0.0,0.0
2012-09-27,118342.2124615825,118342.2124615825,0.0,0,,0,0.0,0.0
2012-09-28,118342.2124615825,118342.2124615825,0.0,0,,0,0.0,0.0
2012-10-01,118953.8416872497,4.421908425851143,0.9999628266866952,1,GGBR3,1,0.9979667011611705,0.0
2012-10-02,117291.27660088496,4.421908425851143,0.9999622997672631,1,GGBR3,0,0.0,0.0
2012-10-03,117442.41888146357,4.421908425851143,0.9999623482855006,1,GGBR3,0,0.0,0.0
2012-10-04,115779.84471421198,4.421908425851143,0.9999618076148161,1,GGBR3,0,0.0,0.0
2012-10-05,116233.28063683466,4.421908425851143,0.9999619566065621,1,GGBR3,0,0.0,0.0
2012-10-08,117442.41888146357,4.421908425851143,0.9999623482855006,1,GGBR3,0,0.0,0.0
2012-10-09,118651.55712609248,4.421908425851143,0.9999627319815015,1,GGBR3,0,0.0,0.0
2012-10-10,116082.13835625605,4.421908425851143,0.9999619070729704,1,GGBR3,0,0.0,0.0
2012-10-11,117820.2745829101,4.421908425851143,0.9999624690364922,1,GGBR3,0,0.0,0.0
2012-10-15,118500.41484551386,4.421908425851143,0.999962684447716,1,GGBR3,0,0.0,0.0
2012-10-16,120162.98901276545,4.421908425851143,0.9999632007454027,1,GGBR3,0,0.0,0.0
2012-10-17,118273.70142464594,4.421908425851143,0.9999626129192493,1,GGBR3,0,0.0,0.0
2012-10-18,116611.12725739436,4.421908425851143,0.9999620798758244,1,GGBR3,0,0.0,0.0
2012-10-19,112454.69637970881,4.421908425851143,0.9999606783125276,1,GGBR3,0,0.0,0.0
2012-10-22,111623.42291741328,4.421908425851143,0.9999603854790484,1,GGBR3,0,0.0,0.0
2012-10-23,111396.70041565852,4.421908425851143,0.9999603048527528,1,GGBR3,0,0.0,0.0
2012-10-24,113512.70142464594,4.421908425851143,0.999961044813749,1,GGBR3,0,0.0,0.0
2012-10-25,112227.99203972773,4.421908425851143,0.9999605988813888,1,GGBR3,0,0.0,0.0
2012-10-26,110187.56217102961,4.421908425851143,0.9999598692598445,1,GGBR3,0,0.0,0.0
2012-10-29,111925.7074785705,4.421908425851143,0.9999604924683929,1,GGBR3,0,0.0,0.0
2012-10-30,113437.13028435664,4.421908425851143,0.999961018862036,1,GGBR3,0,0.0,0.0
2012-10-31,111623.42291741328,4.421908425851143,0.9999603854790484,1,GGBR3,0,0.0,0.0
2012-11-01,109562.81890400365,1.3189040036522783,0.999987962120573,1,TUPY3,2,1.9949579880580641,0.0
2012-11-05,109562.81890400365,1.3189040036522783,0.999987962120573,1,TUPY3,0,0.0,0.0
2012-11-06,109314.32752521947,1.3189040036522783,0.9999879347562802,1,TUPY3,0,0.0,0.0
2012-11-07,108162.24131687597,1.3189040036522783,0.9999878062437724,1,TUPY3,0,0.0,0.0
2012-11-08,106106.55166157201,1.3189040036522783,0.9999875700040856,1,TUPY3,0,0.0,0.0
2012-11-09,105496.62062748388,1.3189040036522783,0.9999874981397906,1,TUPY3,0,0.0,0.0
2012-11-12,108094.4654570432,1.3189040036522783,0.9999877985982162,1,TUPY3,0,0.0,0.0
2012-11-13,109562.81890400365,1.3189040036522783,0.999987962120573,1,TUPY3,0,0.0,0.0
2012-11-14,110466.4223509641,1.3189040036522783,0.9999880605891313,1,TUPY3,0,0.0,0.0
2012-11-16,112951.31890400365,1.3189040036522783,0.9999883232527389,1,TUPY3,0,0.0,0.0
2012-11-19,112951.31890400365,1.3189040036522783,0.9999883232527389,1,TUPY3,0,0.0,0.0
2012-11-21,112499.51718052343,1.3189040036522783,0.9999882763585417,1,TUPY3,0,0.0,0.0
2012-11-22,112499.51718052343,1.3189040036522783,0.9999882763585417,1,TUPY3,0,0.0,0.0
2012-11-23,112951.31890400365,1.3189040036522783,0.9999883232527389,1,TUPY3,0,0.0,0.0
2012-11-26,112951.31890400365,1.3189040036522783,0.9999883232527389,1,TUPY3,0,0.0,0.0
2012-11-27,112928.73269566015,1.3189040036522783,0.9999883209173417,1,TUPY3,0,0.0,0.0
2012-11-28,112951.31890400365,1.3189040036522783,0.9999883232527389,1,TUPY3,0,0.0,0.0
2012-11-29,112906.13786991552,1.3189040036522783,0.9999883185801185,1,TUPY3,0,0.0,0.0
2012-11-30,112951.31890400365,1.3189040036522783,0.9999883232527389,1,TUPY3,0,0.0,0.0
2012-12-03,112951.31890400365,1.3189040036522783,0.9999883232527389,1,TUPY3,0,0.0,0.0
2012-12-04,112951.31890400365,1.3189040036522783,0.9999883232527389,1,TUPY3,0,0.0,0.0
2012-12-05,112951.31890400365,1.3189040036522783,0.9999883232527389,1,TUPY3,0,0.0,0.0
2012-12-06,112612.4654570432,1.3189040036522783,0.9999882881171431,1,TUPY3,0,0.0,0.0
2012-12-07,112612.4654570432,1.3189040036522783,0.9999882881171431,1,TUPY3,0,0.0,0.0
2012-12-10,112612.4654570432,1.3189040036522783,0.9999882881171431,1,TUPY3,0,0.0,0.0
2012-12-11,112251.02580173925,1.3189040036522783,0.9999882504057827,1,TUPY3,0,0.0,0.0
2012-12-12,110127.56890400365,1.3189040036522783,0.9999880238525487,1,TUPY3,0,0.0,0.0
2012-12-13,110150.15511234716,1.3189040036522783,0.9999880263082489,1,TUPY3,0,0.0,0.0
2012-12-14,110692.31890400365,1.3189040036522783,0.9999880849546138,1,TUPY3,0,0.0,0.0
2012-12-17,110692.31890400365,1.3189040036522783,0.9999880849546138,1,TUPY3,0,0.0,0.0
2012-12-18,110240.51718052343,1.3189040036522783,0.9999880361228577,1,TUPY3,0,0.0,0.0
2012-12-19,110240.51718052343,1.3189040036522783,0.9999880361228577,1,TUPY3,0,0.0,0.0
2012-12-20,110240.51718052343,1.3189040036522783,0.9999880361228577,1,TUPY3,0,0.0,0.0
2012-12-21,110014.62062748388,1.3189040036522783,0.9999880115570446,1,TUPY3,0,0.0,0.0
2012-12-26,112499.51718052343,1.3189040036522783,0.9999882763585417,1,TUPY3,0,0.0,0.0
2012-12-27,111821.81890400365,1.3189040036522783,0.999988205307188,1,TUPY3,0,0.0,0.0
2012-12-28,111799.23269566015,1.3189040036522783,0.9999882029243685,1,TUPY3,0,0.0,0.0
2013-01-02,113879.56747113084,13.371410950174322,0.9998825828790264,1,VALE3,2,1.9948786161299532,0.0
2013-01-03,111943.06747113084,13.371410950174322,0.9998805516835276,1,VALE3,0,0.0,0.0
2013-01-04,110213.13219891404,13.371410950174322,0.9998786767902935,1,VALE3,0,0.0,0.0
2013-01-07,108044.25180493211,13.371410950174322,0.9998762413480884,1,VALE3,0,0.0,0.0
2013-01-08,107192.1870771489,13.371410950174322,0.9998752575974539,1,VALE3,0,0.0,0.0
2013-01-09,107682.77338085984,13.371410950174322,0.999875825904828,1,VALE3,0,0.0,0.0
2013-01-10,108818.84983502244,13.371410950174322,0.9998771222911247,1,VALE3,0,0.0,0.0
2013-01-11,106572.51259289598,13.371410950174322,0.9998745322726766,1,VALE3,0,0.0,0.0
2013-01-14,106546.6870771489,13.371410950174322,0.9998745018609495,1,VALE3,0,0.0,0.0
2013-01-15,106288.49101696824,13.371410950174322,0.9998741970008019,1,VALE3,0,0.0,0.0
2013-01-16,105617.17535076951,13.371410950174322,0.9998733973815739,1,VALE3,0,0.0,0.0
2013-01-17,105823.73022900437,13.371410950174322,0.9998736444942808,1,VALE3,0,0.0,0.0
2013-01-18,104868.39298687791,13.371410950174322,0.999872493412273,1,VALE3,0,0.0,0.0
2013-01-21,104790.93613873338,13.371410950174322,0.9998723991650149,1,VALE3,0,0.0,0.0
2013-01-22,106056.1106229863,13.371410950174322,0.9998739213528421,1,VALE3,0,0.0,0.0
2013-01-23,105488.06747113084,13.371410950174322,0.9998732424313884,1,VALE3,0,0.0,0.0
2013-01-24,103293.37141095017,13.371410950174322,0.9998705491865787,1,VALE3,0,0.0,0.0
2013-01-28,100169.15377484178,13.371410950174322,0.9998665116910119,1,VALE3,0,0.0,0.0
2013-01-29,101331.05574475144,13.371410950174322,0.9998680423207683,1,VALE3,0,0.0,0.0
2013-01-30,100065.87141095017,13.371410950174322,0.9998663739118879,1,VALE3,0,0.0,0.0
2013-01-31,103964.6870771489,13.371410950174322,0.999871385070007,1,VALE3,0,0.0,0.0
2013-02-01,105333.09423965849,4.26591915525205,0.9999595006755849,1,GGBR3,2,1.9948407996996844,0.0
2013-02-04,103176.64992374815,4.26591915525205,0.999958654219163,1,GGBR3,0,0.0,0.0
2013-02-05,103783.15570778288,4.26591915525205,0.9999588958427198,1,GGBR3,0,0.0,0.0
2013-02-06,105130.92834419645,4.26591915525205,0.999959422795723,1,GGBR3,0,0.0,0.0
2013-02-07,101963.64645332731,4.26591915525205,0.9999581623519398,1,GGBR3,0,0.0,0.0
2013-02-08,101761.48055786527,4.26591915525205,0.99995807923458,1,GGBR3,0,0.0,0.0
2013-02-13,102839.70676464475,4.26591915525205,0.9999585187541907,1,GGBR3,0,0.0,0.0
2013-02-14,103715.75897831358,4.26591915525205,0.9999588691323549,1,GGBR3,0,0.0,0.0
2013-02-15,101087.59423965849,4.26591915525205,0.9999577997756566,1,GGBR3,0,0.0,0.0
2013-02-18,100076.7647623483,4.26591915525205,0.9999573735305555,1,GGBR3,0,0.0,0.0
2013-02-19,99335.48171467222,4.26591915525205,0.9999570554339535,1,GGBR3,0,0.0,0.0
2013-02-20,95022.60118050016,4.26591915525205,0.9999551062683798,1,GGBR3,0,0.0,0.0
2013-02-21,95157.37844414152,4.26591915525205,0.9999551698541406,1,GGBR3,0,0.0,0.0
2013-02-22,95494.31350559629,4.26591915525205,0.9999553280295062,1,GGBR3,0,0.0,0.0
2013-02-25,96437.76244873441,4.26591915525205,0.9999557650546121,1,GGBR3,0,0.0,0.0
2013-02-26,99874.59076923765,4.26591915525205,0.9999572872427072,1,GGBR3,0,0.0,0.0
2013-02-27,99335.48171467222,4.26591915525205,0.9999570554339535,1,GGBR3,0,0.0,0.0
2013-02-28,97381.20329422392,4.26591915525205,0.9999561936080995,1,GGBR3,0,0.0,0.0
2013-03-01,96196.77514090699,96196.77514090699,0.0,0,,1,0.9994557871720847,0.0
2013-03-04,96196.77514090699,96196.77514090699,0.0,0,,0,0.0,0.0
2013-03-05,96196.77514090699,96196.77514090699,0.0,0,,0,0.0,0.0
2013-03-06,96196.77514090699,96196.77514090699,0.0,0,,0,0.0,0.0
2013-03-07,96196.77514090699,96196.77514090699,0.0,0,,0,0.0,0.0
2013-03-08,96196.77514090699,96196.77514090699,0.0,0,,0,0.0,0.0
2013-03-11,96196.77514090699,96196.77514090699,0.0,0,,0,0.0,0.0
2013-03-12,96196.77514090699,96196.77514090699,0.0,0,,0,0.0,0.0
2013-03-13,96196.77514090699,96196.77514090699,0.0,0,,0,0.0,0.0
2013-03-14,96196.77514090699,96196.77514090699,0.0,0,,0,0.0,0.0
2013-03-15,96196.77514090699,96196.77514090699,0.0,0,,0,0.0,0.0
2013-03-18,96196.77514090699,96196.77514090699,0.0,0,,0,0.0,0.0
2013-03-19,96196.77514090699,96196.77514090699,0.0,0,,0,0.0,0.0
2013-03-20,96196.77514090699,96196.77514090699,0.0,0,,0,0.0,0.0
2013-03-21,96196.77514090699,96196.77514090699,0.0,0,,0,0.0,0.0
2013-03-22,96196.77514090699,96196.77514090699,0.0,0,,0,0.0,0.0
2013-03-25,96196.77514090699,96196.77514090699,0.0,0,,0,0.0,0.0
2013-03-26,96196.77514090699,96196.77514090699,0.0,0,,0,0.0,0.0
2013-03-27,96196.77514090699,96196.77514090699,0.0,0,,0,0.0,0.0
2013-03-28,96196.77514090699,96196.77514090699,0.0,0,,0,0.0,0.0
2013-04-01,94157.69613867506,4.799188906996278,0.9999490303065622,1,TUPY3,1,0.9979542023044045,0.0
2013-04-02,93757.90223913893,4.799188906996278,0.9999488129662419,1,TUPY3,0,0.0,0.0
2013-04-03,93158.19613867506,4.799188906996278,0.9999484834495952,1,TUPY3,0,0.0,0.0
2013-04-04,91159.19613867506,4.799188906996278,0.9999473537601221,1,TUPY3,0,0.0,0.0
2013-04-05,89759.90223913893,4.799188906996278,0.9999465330421795,1,TUPY3,0,0.0,0.0
2013-04-08,88760.40223913893,4.799188906996278,0.9999459309693746,1,TUPY3,0,0.0,0.0
2013-04-09,87321.11979895338,4.799188906996278,0.9999450397690954,1,TUPY3,0,0.0,0.0
2013-04-10,87600.97857886061,4.799188906996278,0.9999452153505035,1,TUPY3,0,0.0,0.0
2013-04-11,87161.19613867506,4.799188906996278,0.9999449389278761,1,TUPY3,0,0.0,0.0
2013-04-12,87001.28010397658,4.799188906996278,0.9999448377207639,1,TUPY3,0,0.0,0.0
2013-04-15,86601.47857886061,4.799188906996278,0.9999445830604078,1,TUPY3,0,0.0,0.0
2013-04-16,87560.99766379103,4.799188906996278,0.9999451903354799,1,TUPY3,0,0.0,0.0
2013-04-17,87560.99766379103,4.799188906996278,0.9999451903354799,1,TUPY3,0,0.0,0.0
2013-04-18,86961.299188907,4.799188906996278,0.9999448123596156,1,TUPY3,0,0.0,0.0
2013-04-19,88360.60071402296,4.799188906996278,0.9999456863254865,1,TUPY3,0,0.0,0.0
2013-04-22,86921.31827383742,4.799188906996278,0.9999447869751368,1,TUPY3,0,0.0,0.0
2013-04-23,86641.45949393019,4.799188906996278,0.9999446086326912,1,TUPY3,0,0.0,0.0
2013-04-24,87161.19613867506,4.799188906996278,0.9999449389278761,1,TUPY3,0,0.0,0.0
2013-04-25,87960.799188907,4.799188906996278,0.999945439457676,1,TUPY3,0,0.0,0.0
2013-04-26,87960.799188907,4.799188906996278,0.999945439457676,1,TUPY3,0,0.0,0.0
2013-04-29,87960.799188907,4.799188906996278,0.999945439457676,1,TUPY3,0,0.0,0.0
2013-04-30,88360.60071402296,4.799188906996278,0.9999456863254865,1,TUPY3,0,0.0,0.0
2013-05-02,89529.1939824149,3.9439824149012566,0.9999559475268405,1,PETR4,2,1.9949111040384686,0.0
2013-05-03,88291.31094675511,3.9439824149012566,0.9999553298917797,1,PETR4,0,0.0,0.0
2013-05-06,89882.87364511937,3.9439824149012566,0.9999561208686932,1,PETR4,0,0.0,0.0
2013-05-07,91164.96769266576,3.9439824149012566,0.9999567379607022,1,PETR4,0,0.0,0.0
2013-05-08,89706.03802996129,3.9439824149012566,0.9999560343706899,1,PETR4,0,0.0,0.0
2013-05-09,89750.24060945958,3.9439824149012566,0.9999560560240495,1,PETR4,0,0.0,0.0
2013-05-10,88247.09993486851,3.9439824149012566,0.999955307512453,1,PETR4,0,0.0,0.0
2013-05-13,86169.2329705283,3.9439824149012566,0.9999542298071024,1,PETR4,0,0.0,0.0
2013-05-14,86434.49060945958,3.9439824149012566,0.9999543702706282,1,PETR4,0,0.0,0.0
2013-05-15,86522.91263323277,3.9439824149012566,0.9999544169018949,1,PETR4,0,0.0,0.0
2013-05-16,87318.6939824149,3.9439824149012566,0.9999548323247288,1,PETR4,0,0.0,0.0
2013-05-17,87937.63128405064,3.9439824149012566,0.9999551502313934,1,PETR4,0,0.0,0.0
2013-05-20,89308.14735537022,3.9439824149012566,0.9999558384925487,1,PETR4,0,0.0,0.0
2013-05-21,89529.1939824149,3.9439824149012566,0.9999559475268405,1,PETR4,0,0.0,0.0
2013-05-22,88070.26431971043,3.9439824149012566,0.9999552177747465,1,PETR4,0,0.0,0.0
2013-05-23,87805.00668077916,3.9439824149012566,0.9999550824883,1,PETR4,0,0.0,0.0
2013-05-24,88821.83465700597,3.9439824149012566,0.9999555967017555,1,PETR4,0,0.0,0.0
2013-05-27,88114.47533159703,3.9439824149012566,0.9999552402440115,1,PETR4,0,0.0,0.0
2013-05-28,88600.78802996129,3.9439824149012566,0.9999554859217102,1,PETR4,0,0.0,0.0
2013-05-29,87760.79566889256,3.9439824149012566,0.9999550598603301,1,PETR4,0,0.0,0.0
2013-05-31,88689.20162134618,3.9439824149012566,0.9999555302974568,1,PETR4,0,0.0,0.0
2013-06-03,89706.03802996129,3.9439824149012566,0.9999560343706899,1,PETR4,0,0.0,0.0
2013-06-04,88733.41263323277,3.9439824149012566,0.99995555245428,1,PETR4,0,0.0,0.0
2013-06-05,85859.76431971043,3.9439824149012566,0.9999540648353027,1,PETR4,0,0.0,0.0
2013-06-06,86036.59993486851,3.9439824149012566,0.999954159248298,1,PETR4,0,0.0,0.0
2013-06-07,83295.58465700597,3.9439824149012566,0.9999526507625687,1,PETR4,0,0.0,0.0
2013-06-10,83472.42027216405,3.9439824149012566,0.999952751071527,1,PETR4,0,0.0,0.0
2013-06-11,81925.07701807469,3.9439824149012566,0.9999518586669863,1,PETR4,0,0.0,0.0
2013-06-12,80112.46769266576,3.9439824149012566,0.9999507694304208,1,PETR4,0,0.0,0.0
2013-06-13,83118.74060945958,3.9439824149012566,0.9999525500219808,1,PETR4,0,0.0,0.0
2013-06-14,81129.29566889256,3.9439824149012566,0.9999513864580928,1,PETR4,0,0.0,0.0
2013-06-17,79979.83465700597,3.9439824149012566,0.9999506877898433,1,PETR4,0,0.0,0.0
2013-06-18,78830.37364511937,3.9439824149012566,0.9999499687464041,1,PETR4,0,0.0,0.0
2013-06-19,76045.14735537022,3.9439824149012566,0.999948136303866,1,PETR4,0,0.0,0.0
2013-06-20,74674.63128405064,3.9439824149012566,0.9999471844407253,1,PETR4,0,0.0,0.0
2013-06-21,72552.55330782384,3.9439824149012566,0.9999456396469169,1,PETR4,0,0.0,0.0
2013-06-24,70342.05330782384,3.9439824149012566,0.9999439313720678,1,PETR4,0,0.0,0.0
2013-06-25,71182.04566889256,3.9439824149012566,0.9999445930167103,1,PETR4,0,0.0,0.0
2013-06-26,71403.09229593724,3.9439824149012566,0.99994476454327,1,PETR4,0,0.0,0.0
2013-06-27,72419.92027216405,3.9439824149012566,0.9999455400889689,1,PETR4,0,0.0,0.0
2013-06-28,71491.51431971043,3.9439824149012566,0.9999448328595019,1,PETR4,0,0.0,0.0
2013-07-01,72106.65957302807,72106.65957302807,0.0,0,,1,0.9994454674519608,0.0
2013-07-02,72106.65957302807,72106.65957302807,0.0,0,,0,0.0,0.0
2013-07-03,72106.65957302807,72106.65957302807,0.0,0,,0,0.0,0.0
2013-07-04,72106.65957302807,72106.65957302807,0.0,0,,0,0.0,0.0
2013-07-05,72106.65957302807,72106.65957302807,0.0,0,,0,0.0,0.0
2013-07-08,72106.65957302807,72106.65957302807,0.0,0,,0,0.0,0.0
2013-07-10,72106.65957302807,72106.65957302807,0.0,0,,0,0.0,0.0
2013-07-11,72106.65957302807,72106.65957302807,0.0,0,,0,0.0,0.0
2013-07-12,72106.65957302807,72106.65957302807,0.0,0,,0,0.0,0.0
2013-07-15,72106.65957302807,72106.65957302807,0.0,0,,0,0.0,0.0
2013-07-16,72106.65957302807,72106.65957302807,0.0,0,,0,0.0,0.0
2013-07-17,72106.65957302807,72106.65957302807,0.0,0,,0,0.0,0.0
2013-07-18,72106.65957302807,72106.65957302807,0.0,0,,0,0.0,0.0
2013-07-19,72106.65957302807,72106.65957302807,0.0,0,,0,0.0,0.0
2013-07-22,72106.65957302807,72106.65957302807,0.0,0,,0,0.0,0.0
2013-07-23,72106.65957302807,72106.65957302807,0.0,0,,0,0.0,0.0
2013-07-24,72106.65957302807,72106.65957302807,0.0,0,,0,0.0,0.0
2013-07-25,72106.65957302807,72106.65957302807,0.0,0,,0,0.0,0.0
2013-07-26,72106.65957302807,72106.65957302807,0.0,0,,0,0.0,0.0
2013-07-29,72106.65957302807,72106.65957302807,0.0,0,,0,0.0,0.0
2013-07-30,72106.65957302807,72106.65957302807,0.0,0,,0,0.0,0.0
2013-07-31,72106.65957302807,72106.65957302807,0.0,0,,0,0.0,0.0
2013-08-01,72106.65957302807,72106.65957302807,0.0,0,,0,0.0,0.0
2013-08-02,72106.65957302807,72106.65957302807,0.0,0,,0,0.0,0.0
2013-08-05,72106.65957302807,72106.65957302807,0.0,0,,0,0.0,0.0
2013-08-06,72106.65957302807,72106.65957302807,0.0,0,,0,0.0,0.0
2013-08-07,72106.65957302807,72106.65957302807,0.0,0,,0,0.0,0.0
2013-08-08,72106.65957302807,72106.65957302807,0.0,0,,0,0.0,0.0
2013-08-09,72106.65957302807,72106.65957302807,0.0,0,,0,0.0,0.0
2013-08-12,72106.65957302807,72106.65957302807,0.0,0,,0,0.0,0.0
2013-08-13,72106.65957302807,72106.65957302807,0.0,0,,0,0.0,0.0
2013-08-14,72106.65957302807,72106.65957302807,0.0,0,,0,0.0,0.0
2013-08-15,72106.65957302807,72106.65957302807,0.0,0,,0,0.0,0.0
2013-08-16,72106.65957302807,72106.65957302807,0.0,0,,0,0.0,0.0
2013-08-19,72106.65957302807,72106.65957302807,0.0,0,,0,0.0,0.0
2013-08-20,72106.65957302807,72106.65957302807,0.0,0,,0,0.0,0.0
2013-08-21,72106.65957302807,72106.65957302807,0.0,0,,0,0.0,0.0
2013-08-22,72106.65957302807,72106.65957302807,0.0,0,,0,0.0,0.0
2013-08-23,72106.65957302807,72106.65957302807,0.0,0,,0,0.0,0.0
2013-08-26,72106.65957302807,72106.65957302807,0.0,0,,0,0.0,0.0
2013-08-27,72106.65957302807,72106.65957302807,0.0,0,,0,0.0,0.0
2013-08-28,72106.65957302807,72106.65957302807,0.0,0,,0,0.0,0.0
2013-08-29,72106.65957302807,72106.65957302807,0.0,0,,0,0.0,0.0
2013-08-30,72106.65957302807,72106.65957302807,0.0,0,,0,0.0,0.0
2013-09-02,71729.61521601141,7.354439491638914,0.9998974699715105,1,GGBR3,1,0.9979022016956959,0.0
2013-09-03,70694.44657492102,7.354439491638914,0.9998959686390098,1,GGBR3,0,0.0,0.0
2013-09-04,71285.96812796057,7.354439491638914,0.9998968318775101,1,GGBR3,0,0.0,0.0
2013-09-05,69264.93023180426,7.354439491638914,0.9998938215996606,1,GGBR3,0,0.0,0.0
2013-09-06,69757.86485933722,7.354439491638914,0.9998945718951338,1,GGBR3,0,0.0,0.0
2013-09-09,70004.33809637488,7.354439491638914,0.9998949430893623,1,GGBR3,0,0.0,0.0
2013-09-10,73159.125635857,7.354439491638914,0.9998994733817864,1,GGBR3,0,0.0,0.0
2013-09-11,70645.15311216773,7.354439491638914,0.999895896049939,1,GGBR3,0,0.0,0.0
2013-09-12,70990.2073514408,7.354439491638914,0.9998964020564804,1,GGBR3,0,0.0,0.0
2013-09-13,71680.32175325812,7.354439491638914,0.9998973994631755,1,GGBR3,0,0.0,0.0
2013-09-16,70793.03350042761,7.354439491638914,0.999896113513887,1,GGBR3,0,0.0,0.0
2013-09-17,67786.1204259342,7.354439491638914,0.9998915052307843,1,GGBR3,0,0.0,0.0
2013-09-18,70250.79948687018,7.354439491638914,0.9998953116612856,1,GGBR3,0,0.0,0.0
2013-09-19,70447.97333788336,7.354439491638914,0.9998956046690461,1,GGBR3,0,0.0,0.0
2013-09-20,69018.46291803778,7.354439491638914,0.9998934424329273,1,GGBR3,0,0.0,0.0
2013-09-23,71581.73482775153,7.354439491638914,0.9998972581551797,1,GGBR3,0,0.0,0.0
2013-09-24,71384.55505346716,7.354439491638914,0.9998969743597038,1,GGBR3,0,0.0,0.0
2013-09-25,72321.13676905097,7.354439491638914,0.9998983085745026,1,GGBR3,0,0.0,0.0
2013-09-26,72074.66945528449,7.354439491638914,0.9998979608294117,1,GGBR3,0,0.0,0.0
2013-09-27,70793.03350042761,7.354439491638914,0.999896113513887,1,GGBR3,0,0.0,0.0
2013-09-30,67539.65311216773,7.354439491638914,0.9998911093090835,1,GGBR3,0,0.0,0.0
2013-10-01,68069.34420404653,16.32476053456776,0.9997601745583793,1,PETR4,2,1.994662221978997,0.0
2013-10-02,68506.98726473073,16.32476053456776,0.9997617066348067,1,PETR4,0,0.0,0.0
2013-10-03,67631.70809946279,16.32476053456776,0.9997586226787211,1,PETR4,0,0.0,0.0
2013-10-04,68105.81503877859,16.32476053456776,0.9997603029855047,1,PETR4,0,0.0,0.0
2013-10-07,67923.46782121877,16.32476053456776,0.9997596594953376,1,PETR4,0,0.0,0.0
2013-10-08,66792.89281282644,16.32476053456776,0.9997555913534047,1,PETR4,0,0.0,0.0
2013-10-09,65917.6136475585,16.32476053456776,0.9997523460023621,1,PETR4,0,0.0,0.0
2013-10-10,66209.37336931447,16.32476053456776,0.9997534373200678,1,PETR4,0,0.0,0.0
2013-10-11,66027.02615175466,16.32476053456776,0.9997527563864977,1,PETR4,0,0.0,0.0
2013-10-14,66647.01642999868,16.32476053456776,0.9997550563939841,1,PETR4,0,0.0,0.0
2013-10-15,67194.06503877859,16.32476053456776,0.9997570505590763,1,PETR4,0,0.0,0.0
2013-10-16,66938.77615175466,16.32476053456776,0.9997561240065466,1,PETR4,0,0.0,0.0
2013-10-17,66428.19142160635,16.32476053456776,0.9997542495108597,1,PETR4,0,0.0,0.0
2013-10-18,65443.5067082427,16.32476053456776,0.9997505518674703,1,PETR4,0,0.0,0.0
2013-10-21,68871.68169985036,16.32476053456776,0.9997629684635012,1,PETR4,0,0.0,0.0
2013-10-22,67668.17197809438,16.32476053456776,0.9997587527480445,1,PETR4,0,0.0,0.0
2013-10-23,66865.83448229055,16.32476053456776,0.9997558579705023,1,PETR4,0,0.0,0.0
2013-10-24,66537.60392580251,16.32476053456776,0.9997546536158295,1,PETR4,0,0.0,0.0
2013-10-25,67449.35392580251,16.32476053456776,0.9997579700977933,1,PETR4,0,0.0,0.0
2013-10-28,72555.15253458242,16.32476053456776,0.9997750020506567,1,PETR4,0,0.0,0.0
2013-10-29,71862.22754297475,16.32476053456776,0.9997728325283988,1,PETR4,0,0.0,0.0
2013-10-30,72773.97754297475,16.32476053456776,0.9997756785998824,1,PETR4,0,0.0,0.0
2013-10-31,74013.95809946279,16.32476053456776,0.9997794367312092,1,PETR4,0,0.0,0.0
2013-11-01,75053.57287371093,7.740859627068858,0.999896862210143,1,GGBR3,2,1.9946829600745475,0.0
2013-11-04,74164.28461515838,7.740859627068858,0.9998956255067081,1,GGBR3,0,0.0,0.0
2013-11-05,74510.11662924224,7.740859627068858,0.9998961099515441,1,GGBR3,0,0.0,0.0
2013-11-06,74855.95457994872,7.740859627068858,0.999896589928343,1,GGBR3,0,0.0,0.0
2013-11-07,74707.74085962707,7.740859627068858,0.9998963847716716,1,GGBR3,0,0.0,0.0
2013-11-08,73917.26174795562,7.740859627068858,0.9998952766993254,1,GGBR3,0,0.0,0.0
2013-11-11,74954.76372682983,7.740859627068858,0.9998967262487107,1,GGBR3,0,0.0,0.0
2013-11-12,74114.88004171783,7.740859627068858,0.999895555931242,1,GGBR3,0,0.0,0.0
2013-11-13,73027.97348940307,7.740859627068858,0.999894001445512,1,GGBR3,0,0.0,0.0
2013-11-14,75102.97744715148,7.740859627068858,0.9998969300567009,1,GGBR3,0,0.0,0.0
2013-11-18,76288.69314634734,7.740859627068858,0.9998985320195193,1,GGBR3,0,0.0,0.0
2013-11-19,75102.97744715148,7.740859627068858,0.9998969300567009,1,GGBR3,0,0.0,0.0
2013-11-21,74707.74085962707,7.740859627068858,0.9998963847716716,1,GGBR3,0,0.0,0.0
2013-11-22,74114.88004171783,7.740859627068858,0.999895555931242,1,GGBR3,0,0.0,0.0
2013-11-25,71891.66830027038,7.740859627068858,0.9998923260537683,1,GGBR3,0,0.0,0.0
2013-11-26,71644.639496445,7.740859627068858,0.999891954796877,1,GGBR3,0,0.0,0.0
2013-11-27,74114.88004171783,7.740859627068858,0.999895555931242,1,GGBR3,0,0.0,0.0
2013-11-28,72879.76570570403,7.740859627068858,0.9998937858875901,1,GGBR3,0,0.0,0.0
2013-11-29,74114.88004171783,7.740859627068858,0.999895555931242,1,GGBR3,0,0.0,0.0
2013-12-02,73502.36987236177,7.7688134018098935,0.9998943052664111,1,TUPY3,2,1.9948012366650385,0.0
2013-12-03,72981.87119606172,7.7688134018098935,0.9998935514631991,1,TUPY3,0,0.0,0.0
2013-12-04,73571.77146080171,7.7688134018098935,0.9998944049701732,1,TUPY3,0,0.0,0.0
2013-12-05,73085.96696022188,7.7688134018098935,0.9998937030770074,1,TUPY3,0,0.0,0.0
2013-12-06,72877.76881340181,7.7688134018098935,0.9998933994065913,1,TUPY3,0,0.0,0.0
2013-12-09,73432.96828392183,7.7688134018098935,0.9998942053741887,1,TUPY3,0,0.0,0.0
2013-12-10,72808.36722496187,7.7688134018098935,0.9998932977939499,1,TUPY3,0,0.0,0.0
2013-12-11,72530.76748970186,7.7688134018098935,0.9998928894085822,1,TUPY3,0,0.0,0.0
2013-12-12,72877.76881340181,7.7688134018098935,0.9998933994065913,1,TUPY3,0,0.0,0.0
2013-12-13,71524.47093132173,7.7688134018098935,0.9998913824415525,1,TUPY3,0,0.0,0.0
2013-12-16,71489.77013710176,7.7688134018098935,0.9998913297191065,1,TUPY3,0,0.0,0.0
2013-12-17,71663.26748970186,7.7688134018098935,0.9998915928107391,1,TUPY3,0,0.0,0.0
2013-12-18,72183.76616600191,7.7688134018098935,0.999892374507255,1,TUPY3,0,0.0,0.0
2013-12-19,73224.77013710176,7.7688134018098935,0.9998939045709906,1,TUPY3,0,0.0,0.0
2013-12-20,72322.56934288179,7.7688134018098935,0.9998925810646331,1,TUPY3,0,0.0,0.0
2013-12-23,71316.26616600191,7.7688134018098935,0.999891065337272,1,TUPY3,0,0.0,0.0
2013-12-26,70934.57066658174,7.7688134018098935,0.9998904791651122,1,TUPY3,0,0.0,0.0
2013-12-27,70969.27146080171,7.7688134018098935,0.9998905327158938,1,TUPY3,0,0.0,0.0
2013-12-30,72877.76881340181,7.7688134018098935,0.9998933994065913,1,TUPY3,0,0.0,0.0
2014-01-02,70628.86742057021,34.18463553603215,0.9995159962663358,1,VALE3,2,1.9944382888467131,0.0
2014-01-03,69107.86742057021,34.18463553603215,0.9995053437935222,1,VALE3,0,0.0,0.0
2014-01-06,69168.70494498427,34.18463553603215,0.9995057788697472,1,VALE3,0,0.0,0.0
2014-01-07,67465.18463553603,34.18463553603215,0.9994932996074833,1,VALE3,0,0.0,0.0
2014-01-08,67931.6237071913,34.18463553603215,0.9994967787656103,1,VALE3,0,0.0,0.0
2014-01-09,65518.306492225485,34.18463553603215,0.9994782429924361,1,VALE3,0,0.0,0.0
2014-01-10,65437.18463553603,34.18463553603215,0.9994775961752262,1,VALE3,0,0.0,0.0
2014-01-13,65011.306492225485,34.18463553603215,0.999474173995563,1,VALE3,0,0.0,0.0
2014-01-14,64970.74556388076,34.18463553603215,0.9994738457248821,1,VALE3,0,0.0,0.0
2014-01-15,65842.78618277724,34.18463553603215,0.9994808142620037,1,VALE3,0,0.0,0.0
2014-01-16,66613.42834891494,34.18463553603215,0.9994868206548839,1,VALE3,0,0.0,0.0
2014-01-17,65923.9080394667,34.18463553603215,0.9994814531396475,1,VALE3,0,0.0,0.0
2014-01-20,64504.306492225485,34.18463553603215,0.9994700410345447,1,VALE3,0,0.0,0.0
2014-01-21,63064.42448081191,34.18463553603215,0.9994579410528605,1,VALE3,0,0.0,0.0
2014-01-22,64544.863552467184,34.18463553603215,0.9994703740366847,1,VALE3,0,0.0,0.0
2014-01-23,62760.22525443252,34.18463553603215,0.999455313689563,1,VALE3,0,0.0,0.0
2014-01-24,63409.18463553603,34.18463553603215,0.9994608882651225,1,VALE3,0,0.0,0.0
2014-01-27,63145.546337501364,34.18463553603215,0.9994586374254596,1,VALE3,0,0.0,0.0
2014-01-28,64423.18463553603,34.18463553603215,0.9994693737087134,1,VALE3,0,0.0,0.0
2014-01-29,67160.98154105361,34.18463553603215,0.9994910045274557,1,VALE3,0,0.0,0.0
2014-01-30,65944.18463553603,34.18463553603215,0.9994816125830509,1,VALE3,0,0.0,0.0
2014-01-31,67059.58308829482,34.18463553603215,0.9994902348931841,1,VALE3,0,0.0,0.0
2014-02-03,66730.25606809548,66730.25606809548,0.0,0,,1,0.9989892541379629,0.0
2014-02-04,66730.25606809548,66730.25606809548,0.0,0,,0,0.0,0.0
2014-02-05,66730.25606809548,66730.25606809548,0.0,0,,0,0.0,0.0
2014-02-06,66730.25606809548,66730.25606809548,0.0,0,,0,0.0,0.0
2014-02-07,66730.25606809548,66730.25606809548,0.0,0,,0,0.0,0.0
2014-02-10,66730.25606809548,66730.25606809548,0.0,0,,0,0.0,0.0
2014-02-11,66730.25606809548,66730.25606809548,0.0,0,,0,0.0,0.0
2014-02-12,66730.25606809548,66730.25606809548,0.0,0,,0,0.0,0.0
2014-02-13,66730.25606809548,66730.25606809548,0.0,0,,0,0.0,0.0
2014-02-14,66730.25606809548,66730.25606809548,0.0,0,,0,0.0,0.0
2014-02-17,66730.25606809548,66730.25606809548,0.0,0,,0,0.0,0.0
2014-02-18,66730.25606809548,66730.25606809548,0.0,0,,0,0.0,0.0
2014-02-19,66730.25606809548,66730.25606809548,0.0,0,,0,0.0,0.0
2014-02-20,66730.25606809548,66730.25606809548,0.0,0,,0,0.0,0.0
2014-02-21,66730.25606809548,66730.25606809548,0.0,0,,0,0.0,0.0
2014-02-24,66730.25606809548,66730.25606809548,0.0,0,,0,0.0,0.0
2014-02-25,66730.25606809548,66730.25606809548,0.0,0,,0,0.0,0.0
2014-02-26,66730.25606809548,66730.25606809548,0.0,0,,0,0.0,0.0
2014-02-27,66730.25606809548,66730.25606809548,0.0,0,,0,0.0,0.0
2014-02-28,66730.25606809548,66730.25606809548,0.0,0,,0,0.0,0.0
2014-03-05,66730.25606809548,66730.25606809548,0.0,0,,0,0.0,0.0
2014-03-06,66730.25606809548,66730.25606809548,0.0,0,,0,0.0,0.0
2014-03-07,66730.25606809548,66730.25606809548,0.0,0,,0,0.0,0.0
2014-03-10,66730.25606809548,66730.25606809548,0.0,0,,0,0.0,0.0
2014-03-11,66730.25606809548,66730.25606809548,0.0,0,,0,0.0,0.0
2014-03-12,66730.25606809548,66730.25606809548,0.0,0,,0,0.0,0.0
2014-03-13,66730.25606809548,66730.25606809548,0.0,0,,0,0.0,0.0
2014-03-14,66730.25606809548,66730.25606809548,0.0,0,,0,0.0,0.0
2014-03-17,66730.25606809548,66730.25606809548,0.0,0,,0,0.0,0.0
2014-03-18,66730.25606809548,66730.25606809548,0.0,0,,0,0.0,0.0
2014-03-19,66730.25606809548,66730.25606809548,0.0,0,,0,0.0,0.0
2014-03-20,66730.25606809548,66730.25606809548,0.0,0,,0,0.0,0.0
2014-03-21,66730.25606809548,66730.25606809548,0.0,0,,0,0.0,0.0
2014-03-24,66730.25606809548,66730.25606809548,0.0,0,,0,0.0,0.0
2014-03-25,66730.25606809548,66730.25606809548,0.0,0,,0,0.0,0.0
2014-03-26,66730.25606809548,66730.25606809548,0.0,0,,0,0.0,0.0
2014-03-27,66730.25606809548,66730.25606809548,0.0,0,,0,0.0,0.0
2014-03-28,66730.25606809548,66730.25606809548,0.0,0,,0,0.0,0.0
2014-03-31,66730.25606809548,66730.25606809548,0.0,0,,0,0.0,0.0
2014-04-01,66730.25606809548,66730.25606809548,0.0,0,,0,0.0,0.0
2014-04-02,66730.25606809548,66730.25606809548,0.0,0,,0,0.0,0.0
2014-04-03,66730.25606809548,66730.25606809548,0.0,0,,0,0.0,0.0
2014-04-04,66730.25606809548,66730.25606809548,0.0,0,,0,0.0,0.0
2014-04-07,66730.25606809548,66730.25606809548,0.0,0,,0,0.0,0.0
2014-04-08,66730.25606809548,66730.25606809548,0.0,0,,0,0.0,0.0
2014-04-09,66730.25606809548,66730.25606809548,0.0,0,,0,0.0,0.0
2014-04-10,66730.25606809548,66730.25606809548,0.0,0,,0,0.0,0.0
2014-04-11,66730.25606809548,66730.25606809548,0.0,0,,0,0.0,0.0
2014-04-14,66730.25606809548,66730.25606809548,0.0,0,,0,0.0,0.0
2014-04-15,66730.25606809548,66730.25606809548,0.0,0,,0,0.0,0.0
2014-04-16,66730.25606809548,66730.25606809548,0.0,0,,0,0.0,0.0
2014-04-17,66730.25606809548,66730.25606809548,0.0,0,,0,0.0,0.0
2014-04-22,66730.25606809548,66730.25606809548,0.0,0,,0,0.0,0.0
2014-04-23,66730.25606809548,66730.25606809548,0.0,0,,0,0.0,0.0
2014-04-24,66730.25606809548,66730.25606809548,0.0,0,,0,0.0,0.0
2014-04-25,66730.25606809548,66730.25606809548,0.0,0,,0,0.0,0.0
2014-04-28,66730.25606809548,66730.25606809548,0.0,0,,0,0.0,0.0
2014-04-29,66730.25606809548,66730.25606809548,0.0,0,,0,0.0,0.0
2014-04-30,66730.25606809548,66730.25606809548,0.0,0,,0,0.0,0.0
2014-05-02,71187.97678877709,16.27372099754575,0.9997713978998752,1,PETR4,1,0.9977606055901176,0.0
2014-05-05,70665.24249388573,16.27372099754575,0.9997697068541306,1,PETR4,0,0.0,0.0
2014-05-06,73359.31280066368,16.27372099754575,0.9997781642115192,1,PETR4,0,0.0,0.0
2014-05-07,74726.45341421959,16.27372099754575,0.9997822227570826,1,PETR4,0,0.0,0.0
2014-05-08,71911.75034644005,16.27372099754575,0.9997736987221262,1,PETR4,0,0.0,0.0
2014-05-09,71067.3440277755,16.27372099754575,0.9997710098608555,1,PETR4,0,0.0,0.0
2014-05-12,72514.90648199913,16.27372099754575,0.9997755810248258,1,PETR4,0,0.0,0.0
2014-05-13,72233.4300396621,16.27372099754575,0.9997747065176247,1,PETR4,0,0.0,0.0
2014-05-14,73560.367402333,16.27372099754575,0.9997787705313034,1,PETR4,0,0.0,0.0
2014-05-15,72514.90648199913,16.27372099754575,0.9997755810248258,1,PETR4,0,0.0,0.0
2014-05-16,72434.48464133141,16.27372099754575,0.9997753318591535,1,PETR4,0,0.0,0.0
2014-05-19,72153.01586844322,16.27372099754575,0.9997744554291782,1,PETR4,0,0.0,0.0
2014-05-20,69579.570653218,16.27372099754575,0.999766113518023,1,PETR4,0,0.0,0.0
2014-05-21,70222.9300396621,16.27372099754575,0.9997682563090382,1,PETR4,0,0.0,0.0
2014-05-22,71107.55494810936,16.27372099754575,0.9997711393534847,1,PETR4,0,0.0,0.0
2014-05-23,71187.97678877709,16.27372099754575,0.9997713978998752,1,PETR4,0,0.0,0.0
2014-05-26,71831.33617522118,16.27372099754575,0.9997734453810263,1,PETR4,0,0.0,0.0
2014-05-27,70343.56280066368,16.27372099754575,0.9997686537282215,1,PETR4,0,0.0,0.0
2014-05-28,71187.97678877709,16.27372099754575,0.9997713978998752,1,PETR4,0,0.0,0.0
2014-05-29,69579.570653218,16.27372099754575,0.999766113518023,1,PETR4,0,0.0,0.0
2014-05-30,67126.76586844322,16.27372099754575,0.9997575673311978,1,PETR4,0,0.0,0.0
2014-06-02,67161.61965839361,17.060913963068742,0.9997459722673478,1,BBSE3,2,1.9945178634960177,0.0
2014-06-03,69136.46001712774,17.060913963068742,0.9997532284129266,1,BBSE3,0,0.0,0.0
2014-06-04,69841.76270763372,17.060913963068742,0.999755720455761,1,BBSE3,0,0.0,0.0
2014-06-05,70970.24163143133,17.060913963068742,0.9997596046797801,1,BBSE3,0,0.0,0.0
2014-06-06,72028.18894092535,17.060913963068742,0.9997631355971333,1,BBSE3,0,0.0,0.0
2014-06-09,73250.71001712774,17.060913963068742,0.9997670887564218,1,BBSE3,0,0.0,0.0
2014-06-10,75249.06091396307,17.060913963068742,0.9997732740614188,1,BBSE3,0,0.0,0.0
2014-06-11,74966.93894092535,17.060913963068742,0.999772420827046,1,BBSE3,0,0.0,0.0
2014-06-13,76189.46450130438,17.060913963068742,0.9997760725308317,1,BBSE3,0,0.0,0.0
2014-06-16,76988.80486003851,17.060913963068742,0.999778397469683,1,BBSE3,0,0.0,0.0
2014-06-17,75037.47055522894,17.060913963068742,0.9997726347405259,1,BBSE3,0,0.0,0.0
2014-06-18,76071.90732662176,17.060913963068742,0.9997757264861282,1,BBSE3,0,0.0,0.0
2014-06-20,74708.33199016546,17.060913963068742,0.9997716330493724,1,BBSE3,0,0.0,0.0
2014-06-23,73626.86965839361,17.060913963068742,0.9997682786998521,1,BBSE3,0,0.0,0.0
2014-06-24,76448.06696788763,17.060913963068742,0.9997768300149402,1,BBSE3,0,0.0,0.0
2014-06-25,75249.06091396307,17.060913963068742,0.9997732740614188,1,BBSE3,0,0.0,0.0
2014-06-26,76518.60306636785,17.060913963068742,0.9997770357366786,1,BBSE3,0,0.0,0.0
2014-06-27,75695.74768535589,17.060913963068742,0.9997746119896459,1,BBSE3,0,0.0,0.0
2014-06-30,76283.49768535589,17.060913963068742,0.999776348561868,1,BBSE3,0,0.0,0.0
2014-07-01,77717.60912029241,17.060913963068742,0.9997804755684563,1,BBSE3,0,0.0,0.0
2014-07-02,76424.56091396307,17.060913963068742,0.9997767613741049,1,BBSE3,0,0.0,0.0
2014-07-03,76894.76270763372,17.060913963068742,0.9997781264501987,1,BBSE3,0,0.0,0.0
2014-07-04,77129.85912029241,17.060913963068742,0.9997788027340169,1,BBSE3,0,0.0,0.0
2014-07-07,76894.76270763372,17.060913963068742,0.9997781264501987,1,BBSE3,0,0.0,0.0
2014-07-08,77670.58804409002,17.060913963068742,0.9997803426703377,1,BBSE3,0,0.0,0.0
2014-07-10,78469.92840282415,17.060913963068742,0.999782580227734,1,BBSE3,0,0.0,0.0
2014-07-11,78117.28378383612,17.060913963068742,0.9997815987303107,1,BBSE3,0,0.0,0.0
2014-07-14,77576.55486003851,17.060913963068742,0.9997800764162078,1,BBSE3,0,0.0,0.0
2014-07-15,77247.40732662176,17.060913963068742,0.9997791393322635,1,BBSE3,0,0.0,0.0
2014-07-16,75930.85306636785,17.060913963068742,0.9997753098605627,1,BBSE3,0,0.0,0.0
2014-07-17,75789.78983776068,17.060913963068742,0.9997748916575756,1,BBSE3,0,0.0,0.0
2014-07-18,77035.81696788763,17.060913963068742,0.9997785327055053,1,BBSE3,0,0.0,0.0
2014-07-21,79692.44947902655,17.060913963068742,0.9997859155531722,1,BBSE3,0,0.0,0.0
2014-07-22,80444.76876155828,17.060913963068742,0.9997879176704002,1,BBSE3,0,0.0,0.0
2014-07-23,81244.10912029241,17.060913963068742,0.9997900042951077,1,BBSE3,0,0.0,0.0
2014-07-24,82066.96450130438,17.060913963068742,0.9997921098450913,1,BBSE3,0,0.0,0.0
2014-07-25,82443.12414257025,17.060913963068742,0.9997930583764201,1,BBSE3,0,0.0,0.0
2014-07-28,82631.19947902655,17.060913963068742,0.999793529392401,1,BBSE3,0,0.0,0.0
2014-07-29,81667.28983776068,17.060913963068742,0.9997910924435357,1,BBSE3,0,0.0,0.0
2014-07-30,79904.03983776068,17.060913963068742,0.9997864824607403,1,BBSE3,0,0.0,0.0
2014-07-31,77835.15732662176,17.060913963068742,0.9997808070986293,1,BBSE3,0,0.0,0.0
2014-08-01,75778.43402844985,6.982936683489243,0.9999078506071943,1,VALE3,2,1.994701721859949,0.0
2014-08-04,76660.88148099501,6.982936683489243,0.9999089113437181,1,VALE3,0,0.0,0.0
2014-08-05,75420.68493825514,6.982936683489243,0.9999074135074588,1,VALE3,0,0.0,0.0
2014-08-06,75849.9811170729,6.982936683489243,0.9999079375290455,1,VALE3,0,0.0,0.0
2014-08-07,75372.98384648879,6.982936683489243,0.9999073549125014,1,VALE3,0,0.0,0.0
2014-08-08,75396.83439237197,6.982936683489243,0.9999073842192479,1,VALE3,0,0.0,0.0
2014-08-11,75945.38330060561,6.982936683489243,0.9999080531774281,1,VALE3,0,0.0,0.0
2014-08-12,76350.82893354018,6.982936683489243,0.9999085414424306,1,VALE3,0,0.0,0.0
2014-08-13,74752.88330060561,6.982936683489243,0.9999065863900473,1,VALE3,0,0.0,0.0
2014-08-14,72964.13330060561,6.982936683489243,0.9999042963115217,1,VALE3,0,0.0,0.0
2014-08-15,73941.98293668349,6.982936683489243,0.9999055619499755,1,VALE3,0,0.0,0.0
2014-08-18,74514.38239080031,6.982936683489243,0.9999062873976883,1,VALE3,0,0.0,0.0
2014-08-19,74538.23293668349,6.982936683489243,0.999906317383598,1,VALE3,0,0.0,0.0
2014-08-20,75778.43402844985,6.982936683489243,0.9999078506071943,1,VALE3,0,0.0,0.0
2014-08-21,75277.58166295607,6.982936683489243,0.9999072374998077,1,VALE3,0,0.0,0.0
2014-08-22,74824.43493825514,6.982936683489243,0.9999066757177753,1,VALE3,0,0.0,0.0
2014-08-25,74347.43311864455,6.982936683489243,0.9999060769633789,1,VALE3,0,0.0,0.0
2014-08-26,73989.68402844985,6.982936683489243,0.9999056228341129,1,VALE3,0,0.0,0.0
2014-08-27,73178.78366452773,6.982936683489243,0.9999045770326616,1,VALE3,0,0.0,0.0
2014-08-28,69959.03275472243,6.982936683489243,0.9999001853455011,1,VALE3,0,0.0,0.0
2014-08-29,69648.98475629408,6.982936683489243,0.9998997410126231,1,VALE3,0,0.0,0.0
2014-09-01,69029.49259616836,27.128994483791757,0.9996069941489719,1,BBSE3,2,1.99452543650327,0.0
2014-09-02,68164.00779392227,27.128994483791757,0.9996020041168089,1,BBSE3,0,0.0,0.0
2014-09-03,68872.12899448379,27.128994483791757,0.999606096183175,1,BBSE3,0,0.0,0.0
2014-09-04,69698.26539279922,27.128994483791757,0.9996107651412715,1,BBSE3,0,0.0,0.0
2014-09-05,69068.82599307998,27.128994483791757,0.9996072179584099,1,BBSE3,0,0.0,0.0
2014-09-08,67652.59109546646,27.128994483791757,0.9995989954849548,1,BBSE3,0,0.0,0.0
2014-09-09,66924.7956929396,27.128994483791757,0.9995946346312619,1,BBSE3,0,0.0,0.0
2014-09-10,66708.4319958876,27.128994483791757,0.9995933198596924,1,BBSE3,0,0.0,0.0
2014-09-11,67200.1819958876,27.128994483791757,0.9995962958182844,1,BBSE3,0,0.0,0.0
2014-09-12,64367.69719364151,27.128994483791757,0.9995785309143159,1,BBSE3,0,0.0,0.0
2014-09-15,64210.34109546646,27.128994483791757,0.9995774980474958,1,BBSE3,0,0.0,0.0
2014-09-16,65429.87899448379,27.128994483791757,0.9995853729992978,1,BBSE3,0,0.0,0.0
2014-09-17,64977.469894904934,27.128994483791757,0.9995824861366921,1,BBSE3,0,0.0,0.0
2014-09-18,63403.87139560684,27.128994483791757,0.9995721240062059,1,BBSE3,0,0.0,0.0
2014-09-19,63757.9319958876,27.128994483791757,0.9995745000875257,1,BBSE3,0,0.0,0.0
2014-09-22,62420.36764385208,27.128994483791757,0.9995653823341993,1,BBSE3,0,0.0,0.0
2014-09-23,61987.62899448379,27.128994483791757,0.9995623482471606,1,BBSE3,0,0.0,0.0
2014-09-24,62951.45854427322,27.128994483791757,0.9995690489924913,1,BBSE3,0,0.0,0.0
2014-09-25,62951.45854427322,27.128994483791757,0.9995690489924913,1,BBSE3,0,0.0,0.0
2014-09-26,61397.530495185696,27.128994483791757,0.9995581419274523,1,BBSE3,0,0.0,0.0
2014-09-29,62577.72749378189,27.128994483791757,0.9995664752369525,1,BBSE3,0,0.0,0.0
2014-09-30,63364.530495185696,27.128994483791757,0.9995718583524287,1,BBSE3,0,0.0,0.0
2014-10-01,62892.317113505764,62892.317113505764,0.0,0,,1,0.9990699363781665,0.0
2014-10-02,62892.317113505764,62892.317113505764,0.0,0,,0,0.0,0.0
2014-10-03,62892.317113505764,62892.317113505764,0.0,0,,0,0.0,0.0
2014-10-06,62892.317113505764,62892.317113505764,0.0,0,,0,0.0,0.0
2014-10-07,62892.317113505764,62892.317113505764,0.0,0,,0,0.0,0.0
2014-10-08,62892.317113505764,62892.317113505764,0.0,0,,0,0.0,0.0
2014-10-09,62892.317113505764,62892.317113505764,0.0,0,,0,0.0,0.0
2014-10-10,62892.317113505764,62892.317113505764,0.0,0,,0,0.0,0.0
2014-10-13,62892.317113505764,62892.317113505764,0.0,0,,0,0.0,0.0
2014-10-14,62892.317113505764,62892.317113505764,0.0,0,,0,0.0,0.0
2014-10-15,62892.317113505764,62892.317113505764,0.0,0,,0,0.0,0.0
2014-10-16,62892.317113505764,62892.317113505764,0.0,0,,0,0.0,0.0
2014-10-17,62892.317113505764,62892.317113505764,0.0,0,,0,0.0,0.0
2014-10-20,62892.317113505764,62892.317113505764,0.0,0,,0,0.0,0.0
2014-10-21,62892.317113505764,62892.317113505764,0.0,0,,0,0.0,0.0
2014-10-22,62892.317113505764,62892.317113505764,0.0,0,,0,0.0,0.0
2014-10-23,62892.317113505764,62892.317113505764,0.0,0,,0,0.0,0.0
2014-10-24,62892.317113505764,62892.317113505764,0.0,0,,0,0.0,0.0
2014-10-27,62892.317113505764,62892.317113505764,0.0,0,,0,0.0,0.0
2014-10-28,62892.317113505764,62892.317113505764,0.0,0,,0,0.0,0.0
2014-10-29,62892.317113505764,62892.317113505764,0.0,0,,0,0.0,0.0
2014-10-30,62892.317113505764,62892.317113505764,0.0,0,,0,0.0,0.0
2014-10-31,62892.317113505764,62892.317113505764,0.0,0,,0,0.0,0.0
2014-11-03,62036.18092060103,25.278325081009825,0.999592522868012,1,BBSE3,1,0.9976028640165528,0.0
2014-11-04,62300.779767036576,25.278325081009825,0.9995942534720186,1,BBSE3,0,0.0,0.0
2014-11-05,61677.07630634322,25.278325081009825,0.9995901503995511,1,BBSE3,0,0.0,0.0
2014-11-06,59220.07774829878,25.278325081009825,0.9995731460335386,1,BBSE3,0,0.0,0.0
2014-11-07,59768.17947864546,25.278325081009825,0.9995770604809865,1,BBSE3,0,0.0,0.0
2014-11-10,60694.27544116988,25.278325081009825,0.999583513850404,1,BBSE3,0,0.0,0.0
2014-11-11,60410.779767036576,25.278325081009825,0.9995815593644298,1,BBSE3,0,0.0,0.0
2014-11-12,61091.18092060103,25.278325081009825,0.999586219734173,1,BBSE3,0,0.0,0.0
2014-11-13,59182.27688312544,25.278325081009825,0.9995728733936524,1,BBSE3,0,0.0,0.0
2014-11-14,58615.27832508101,25.278325081009825,0.9995687417034717,1,BBSE3,0,0.0,0.0
2014-11-17,58955.47890186324,25.278325081009825,0.9995712302647378,1,BBSE3,0,0.0,0.0
2014-11-18,61091.18092060103,25.278325081009825,0.999586219734173,1,BBSE3,0,0.0,0.0
2014-11-19,62943.38005542769,25.278325081009825,0.9995983958113029,1,BBSE3,0,0.0,0.0
2014-11-21,65702.77832508102,25.278325081009825,0.9996152624633932,1,BBSE3,0,0.0,0.0
2014-11-24,63151.28120899214,25.278325081009825,0.9995997179376717,1,BBSE3,0,0.0,0.0
2014-11-25,63340.27832508101,25.278325081009825,0.999600912314416,1,BBSE3,0,0.0,0.0
2014-11-26,63151.28120899214,25.278325081009825,0.9995997179376717,1,BBSE3,0,0.0,0.0
2014-11-27,63302.47745990767,25.278325081009825,0.9996006740005235,1,BBSE3,0,0.0,0.0
2014-11-28,63378.07919025435,25.278325081009825,0.999601150344031,1,BBSE3,0,0.0,0.0
2014-12-01,60429.67659473433,25.278325081009825,0.999581690214056,1,BBSE3,0,0.0,0.0
2014-12-02,60656.48178577437,25.278325081009825,0.9995832543474861,1,BBSE3,0,0.0,0.0
2014-12-03,59862.6780366899,25.278325081009825,0.9995777281286093,1,BBSE3,0,0.0,0.0
2014-12-04,59919.379334449906,25.278325081009825,0.9995781277215855,1,BBSE3,0,0.0,0.0
2014-12-05,60505.27832508101,25.278325081009825,0.9995822128947958,1,BBSE3,0,0.0,0.0
2014-12-08,59635.88005542769,25.278325081009825,0.9995761222093559,1,BBSE3,0,0.0,0.0
2014-12-09,59976.077027321,25.278325081009825,0.9995785265336795,1,BBSE3,0,0.0,0.0
2014-12-10,59843.77760410323,25.278325081009825,0.9995775947626796,1,BBSE3,0,0.0,0.0
2014-12-11,60221.77904605879,25.278325081009825,0.9995802461255474,1,BBSE3,0,0.0,0.0
2014-12-12,59182.27688312544,25.278325081009825,0.9995728733936524,1,BBSE3,0,0.0,0.0
2014-12-15,58180.57919025435,25.278325081009825,0.9995655195353359,1,BBSE3,0,0.0,0.0
2014-12-16,57027.6780366899,25.278325081009825,0.9995567358526373,1,BBSE3,0,0.0,0.0
2014-12-17,58766.47818088545,25.278325081009825,0.9995698512848906,1,BBSE3,0,0.0,0.0
2014-12-18,58634.17875766768,25.278325081009825,0.9995688807174142,1,BBSE3,0,0.0,0.0
2014-12-19,58709.77688312544,25.278325081009825,0.9995694358516924,1,BBSE3,0,0.0,0.0
2014-12-22,58898.77760410323,25.278325081009825,0.9995708174921571,1,BBSE3,0,0.0,0.0
2014-12-23,59522.47745990767,25.278325081009825,0.9995753146347439,1,BBSE3,0,0.0,0.0
2014-12-26,61866.080632209916,25.278325081009825,0.9995914025129329,1,BBSE3,0,0.0,0.0
2014-12-29,61128.98178577437,25.278325081009825,0.999586475607109,1,BBSE3,0,0.0,0.0
2014-12-30,60259.57991123213,25.278325081009825,0.9995805094373666,1,BBSE3,0,0.0,0.0
2015-01-02,60071.347990757065,60071.347990757065,0.0,0,,1,0.9990804560024846,0.0
2015-01-05,60071.347990757065,60071.347990757065,0.0,0,,0,0.0,0.0
2015-01-06,60071.347990757065,60071.347990757065,0.0,0,,0,0.0,0.0
2015-01-07,60071.347990757065,60071.347990757065,0.0,0,,0,0.0,0.0
2015-01-08,60071.347990757065,60071.347990757065,0.0,0,,0,0.0,0.0
2015-01-09,60071.347990757065,60071.347990757065,0.0,0,,0,0.0,0.0
2015-01-12,60071.347990757065,60071.347990757065,0.0,0,,0,0.0,0.0
2015-01-13,60071.347990757065,60071.347990757065,0.0,0,,0,0.0,0.0
2015-01-14,60071.347990757065,60071.347990757065,0.0,0,,0,0.0,0.0
2015-01-15,60071.347990757065,60071.347990757065,0.0,0,,0,0.0,0.0
2015-01-16,60071.347990757065,60071.347990757065,0.0,0,,0,0.0,0.0
2015-01-19,60071.347990757065,60071.347990757065,0.0,0,,0,0.0,0.0
2015-01-20,60071.347990757065,60071.347990757065,0.0,0,,0,0.0,0.0
2015-01-21,60071.347990757065,60071.347990757065,0.0,0,,0,0.0,0.0
2015-01-22,60071.347990757065,60071.347990757065,0.0,0,,0,0.0,0.0
2015-01-23,60071.347990757065,60071.347990757065,0.0,0,,0,0.0,0.0
2015-01-26,60071.347990757065,60071.347990757065,0.0,0,,0,0.0,0.0
2015-01-27,60071.347990757065,60071.347990757065,0.0,0,,0,0.0,0.0
2015-01-28,60071.347990757065,60071.347990757065,0.0,0,,0,0.0,0.0
2015-01-29,60071.347990757065,60071.347990757065,0.0,0,,0,0.0,0.0
2015-01-30,60071.347990757065,60071.347990757065,0.0,0,,0,0.0,0.0
2015-02-02,60071.347990757065,60071.347990757065,0.0,0,,0,0.0,0.0
2015-02-03,60071.347990757065,60071.347990757065,0.0,0,,0,0.0,0.0
2015-02-04,60071.347990757065,60071.347990757065,0.0,0,,0,0.0,0.0
2015-02-05,60071.347990757065,60071.347990757065,0.0,0,,0,0.0,0.0
2015-02-06,60071.347990757065,60071.347990757065,0.0,0,,0,0.0,0.0
2015-02-09,60071.347990757065,60071.347990757065,0.0,0,,0,0.0,0.0
2015-02-10,60071.347990757065,60071.347990757065,0.0,0,,0,0.0,0.0
2015-02-11,60071.347990757065,60071.347990757065,0.0,0,,0,0.0,0.0
2015-02-12,60071.347990757065,60071.347990757065,0.0,0,,0,0.0,0.0
2015-02-13,60071.347990757065,60071.347990757065,0.0,0,,0,0.0,0.0
2015-02-18,60071.347990757065,60071.347990757065,0.0,0,,0,0.0,0.0
2015-02-19,60071.347990757065,60071.347990757065,0.0,0,,0,0.0,0.0
2015-02-20,60071.347990757065,60071.347990757065,0.0,0,,0,0.0,0.0
2015-02-23,60071.347990757065,60071.347990757065,0.0,0,,0,0.0,0.0
2015-02-24,60071.347990757065,60071.347990757065,0.0,0,,0,0.0,0.0
2015-02-25,60071.347990757065,60071.347990757065,0.0,0,,0,0.0,0.0
2015-02-26,60071.347990757065,60071.347990757065,0.0,0,,0,0.0,0.0
2015-02-27,60071.347990757065,60071.347990757065,0.0,0,,0,0.0,0.0
2015-03-02,60854.541599278135,22.94444656817359,0.9996229624615487,1,BBSE3,1,0.9976228011481827,0.0
2015-03-03,61153.10131454913,22.94444656817359,0.9996248032221595,1,BBSE3,0,0.0,0.0
2015-03-04,59287.10487366168,22.94444656817359,0.9996129943160985,1,BBSE3,0,0.0,0.0
2015-03-05,58839.265300755185,22.94444656817359,0.9996100487242509,1,BBSE3,0,0.0,0.0
2015-03-06,56842.64587021319,22.94444656817359,0.9995963515382348,1,BBSE3,0,0.0,0.0
2015-03-09,55723.04515839068,22.94444656817359,0.9995882413370814,1,BBSE3,0,0.0,0.0
2015-03-10,55909.64587021319,22.94444656817359,0.9995896155983274,1,BBSE3,0,0.0,0.0
2015-03-11,57010.5861549422,22.94444656817359,0.9995975405952534,1,BBSE3,0,0.0,0.0
2015-03-12,55685.72430420367,22.94444656817359,0.999587965374342,1,BBSE3,0,0.0,0.0
2015-03-13,55107.265300755185,22.94444656817359,0.9995836402615345,1,BBSE3,0,0.0,0.0
2015-03-16,56189.54515839068,22.94444656817359,0.9995916598629959,1,BBSE3,0,0.0,0.0
2015-03-17,58876.5861549422,22.94444656817359,0.99961029590765,1,BBSE3,0,0.0,0.0
2015-03-18,60985.16102982013,22.94444656817359,0.9996237700092822,1,BBSE3,0,0.0,0.0
2015-03-19,61078.466724400205,22.94444656817359,0.999624344751945,1,BBSE3,0,0.0,0.0
2015-03-20,61041.14587021319,22.94444656817359,0.9996241150744949,1,BBSE3,0,0.0,0.0
2015-03-23,61227.743022923154,22.94444656817359,0.9996252606182203,1,BBSE3,0,0.0,0.0
2015-03-24,61339.70558548419,22.94444656817359,0.999625944625114,1,BBSE3,0,0.0,0.0
2015-03-25,61153.10131454913,22.94444656817359,0.9996248032221595,1,BBSE3,0,0.0,0.0
2015-03-26,59212.463165287656,22.94444656817359,0.9996125064666854,1,BBSE3,0,0.0,0.0
2015-03-27,59511.02288055865,22.94444656817359,0.9996144504755997,1,BBSE3,0,0.0,0.0
2015-03-30,61321.041599278135,22.94444656817359,0.9996258307757049,1,BBSE3,0,0.0,0.0
2015-03-31,61358.362453465146,22.94444656817359,0.9996260583618806,1,BBSE3,0,0.0,0.0
2015-04-01,62440.64587021319,22.94444656817359,0.9996325398905087,1,BBSE3,0,0.0,0.0
2015-04-02,64343.966724400205,22.94444656817359,0.999643409510849,1,BBSE3,0,0.0,0.0
2015-04-06,67180.28757858722,22.94444656817359,0.9996584645973519,1,BBSE3,0,0.0,0.0
2015-04-07,64959.743022923154,22.94444656817359,0.9996467897577723,1,BBSE3,0,0.0,0.0
2015-04-08,63093.743022923154,22.94444656817359,0.9996363435505825,1,BBSE3,0,0.0,0.0
2015-04-09,63373.64587021319,22.94444656817359,0.9996379497146943,1,BBSE3,0,0.0,0.0
2015-04-10,66098.00416183917,22.94444656817359,0.9996528723240721,1,BBSE3,0,0.0,0.0
2015-04-13,65930.06387711017,22.94444656817359,0.9996519881034707,1,BBSE3,0,0.0,0.0
2015-04-14,65146.34729385821,22.94444656817359,0.9996478014881682,1,BBSE3,0,0.0,0.0
2015-04-15,67217.60131454913,22.94444656817359,0.9996586541899821,1,BBSE3,0,0.0,0.0
2015-04-16,67553.48188400714,22.94444656817359,0.9996603513848838,1,BBSE3,0,0.0,0.0
2015-04-17,66079.34729385821,22.94444656817359,0.9996527743159124,1,BBSE3,0,0.0,0.0
2015-04-20,65370.265300755185,22.94444656817359,0.9996490079019473,1,BBSE3,0,0.0,0.0
2015-04-22,66247.28757858722,22.94444656817359,0.9996536545508983,1,BBSE3,0,0.0,0.0
2015-04-23,68131.94444656817,22.94444656817359,0.9996632351130655,1,BBSE3,0,0.0,0.0
2015-04-24,67366.88473129718,22.94444656817359,0.999659410604191,1,BBSE3,0,0.0,0.0
2015-04-27,64362.62359238116,22.94444656817359,0.9996435128761456,1,BBSE3,0,0.0,0.0
2015-04-28,65388.92216873614,22.94444656817359,0.9996491080475532,1,BBSE3,0,0.0,0.0
2015-04-29,64698.50416183917,22.94444656817359,0.9996453635696,1,BBSE3,0,0.0,0.0
2015-04-30,65687.48188400714,22.94444656817359,0.9996507029054837,1,BBSE3,0,0.0,0.0
2015-05-04,65538.20558548419,22.94444656817359,0.9996499073118771,1,BBSE3,0,0.0,0.0
2015-05-05,65594.18330765216,22.94444656817359,0.9996502060790885,1,BBSE3,0,0.0,0.0
2015-05-06,67105.6458702132,22.94444656817359,0.9996580847070222,1,BBSE3,0,0.0,0.0
2015-05-07,67646.78757858722,22.94444656817359,0.9996608198646312,1,BBSE3,0,0.0,0.0
2015-05-08,69774.0264396712,22.94444656817359,0.9996711606347096,1,BBSE3,0,0.0,0.0
2015-05-11,69643.40700912921,22.94444656817359,0.9996705438812727,1,BBSE3,0,0.0,0.0
2015-05-12,68617.10131454913,22.94444656817359,0.9996656162074963,1,BBSE3,0,0.0,0.0
2015-05-13,67814.72786331622,22.94444656817359,0.9996616598297877,1,BBSE3,0,0.0,0.0
2015-05-14,67740.0861549422,22.94444656817359,0.9996612870182111,1,BBSE3,0,0.0,0.0
2015-05-15,68505.1458702132,22.94444656817359,0.999665069736343,1,BBSE3,0,0.0,0.0
2015-05-18,67068.32501602618,22.94444656817359,0.9996578944447667,1,BBSE3,0,0.0,0.0
2015-05-19,65762.12359238116,22.94444656817359,0.9996510993667055,1,BBSE3,0,0.0,0.0
2015-05-20,64847.78757858722,22.94444656817359,0.9996461799634974,1,BBSE3,0,0.0,0.0
2015-05-21,65687.48188400714,22.94444656817359,0.9996507029054837,1,BBSE3,0,0.0,0.0
2015-05-22,63093.743022923154,22.94444656817359,0.9996363435505825,1,BBSE3,0,0.0,0.0
2015-05-25,63970.765300755185,22.94444656817359,0.99964132918435,1,BBSE3,0,0.0,0.0
2015-05-26,63616.22786331622,22.94444656817359,0.9996393302882172,1,BBSE3,0,0.0,0.0
2015-05-27,63466.94444656817,22.94444656817359,0.9996384819409813,1,BBSE3,0,0.0,0.0
2015-05-28,64008.0861549422,22.94444656817359,0.9996415383126339,1,BBSE3,0,0.0,0.0
2015-05-29,62216.72786331622,22.94444656817359,0.9996312174015551,1,BBSE3,0,0.0,0.0
2015-06-01,62210.20885561071,62210.20885561071,0.0,0,,1,0.9991322840519753,0.0
2015-06-02,62210.20885561071,62210.20885561071,0.0,0,,0,0.0,0.0
2015-06-03,62210.20885561071,62210.20885561071,0.0,0,,0,0.0,0.0
2015-06-05,62210.20885561071,62210.20885561071,0.0,0,,0,0.0,0.0
2015-06-08,62210.20885561071,62210.20885561071,0.0,0,,0,0.0,0.0
2015-06-09,62210.20885561071,62210.20885561071,0.0,0,,0,0.0,0.0
2015-06-10,62210.20885561071,62210.20885561071,0.0,0,,0,0.0,0.0
2015-06-11,62210.20885561071,62210.20885561071,0.0,0,,0,0.0,0.0
2015-06-12,62210.20885561071,62210.20885561071,0.0,0,,0,0.0,0.0
2015-06-15,62210.20885561071,62210.20885561071,0.0,0,,0,0.0,0.0
2015-06-16,62210.20885561071,62210.20885561071,0.0,0,,0,0.0,0.0
2015-06-17,62210.20885561071,62210.20885561071,0.0,0,,0,0.0,0.0
2015-06-18,62210.20885561071,62210.20885561071,0.0,0,,0,0.0,0.0
2015-06-19,62210.20885561071,62210.20885561071,0.0,0,,0,0.0,0.0
2015-06-22,62210.20885561071,62210.20885561071,0.0,0,,0,0.0,0.0
2015-06-23,62210.20885561071,62210.20885561071,0.0,0,,0,0.0,0.0
2015-06-24,62210.20885561071,62210.20885561071,0.0,0,,0,0.0,0.0
2015-06-25,62210.20885561071,62210.20885561071,0.0,0,,0,0.0,0.0
2015-06-26,62210.20885561071,62210.20885561071,0.0,0,,0,0.0,0.0
2015-06-29,62210.20885561071,62210.20885561071,0.0,0,,0,0.0,0.0
2015-06-30,62210.20885561071,62210.20885561071,0.0,0,,0,0.0,0.0
2015-07-01,62210.20885561071,62210.20885561071,0.0,0,,0,0.0,0.0
2015-07-02,62210.20885561071,62210.20885561071,0.0,0,,0,0.0,0.0
2015-07-03,62210.20885561071,62210.20885561071,0.0,0,,0,0.0,0.0
2015-07-06,62210.20885561071,62210.20885561071,0.0,0,,0,0.0,0.0
2015-07-07,62210.20885561071,62210.20885561071,0.0,0,,0,0.0,0.0
2015-07-08,62210.20885561071,62210.20885561071,0.0,0,,0,0.0,0.0
2015-07-10,62210.20885561071,62210.20885561071,0.0,0,,0,0.0,0.0
2015-07-13,62210.20885561071,62210.20885561071,0.0,0,,0,0.0,0.0
2015-07-14,62210.20885561071,62210.20885561071,0.0,0,,0,0.0,0.0
2015-07-15,62210.20885561071,62210.20885561071,0.0,0,,0,0.0,0.0
2015-07-16,62210.20885561071,62210.20885561071,0.0,0,,0,0.0,0.0
2015-07-17,62210.20885561071,62210.20885561071,0.0,0,,0,0.0,0.0
2015-07-20,62210.20885561071,62210.20885561071,0.0,0,,0,0.0,0.0
2015-07-21,62210.20885561071,62210.20885561071,0.0,0,,0,0.0,0.0
2015-07-22,62210.20885561071,62210.20885561071,0.0,0,,0,0.0,0.0
2015-07-23,62210.20885561071,62210.20885561071,0.0,0,,0,0.0,0.0
2015-07-24,62210.20885561071,62210.20885561071,0.0,0,,0,0.0,0.0
2015-07-27,62210.20885561071,62210.20885561071,0.0,0,,0,0.0,0.0
2015-07-28,62210.20885561071,62210.20885561071,0.0,0,,0,0.0,0.0
2015-07-29,62210.20885561071,62210.20885561071,0.0,0,,0,0.0,0.0
2015-07-30,62210.20885561071,62210.20885561071,0.0,0,,0,0.0,0.0
2015-07-31,62210.20885561071,62210.20885561071,0.0,0,,0,0.0,0.0
2015-08-03,62368.58224184043,4.983570880955085,0.9999200948506152,1,TUPY3,1,0.9979240433431509,0.0
2015-08-04,60765.94543153769,4.983570880955085,0.9999179874377735,1,TUPY3,0,0.0,0.0
2015-08-05,62368.58224184043,4.983570880955085,0.9999200948506152,1,TUPY3,0,0.0,0.0
2015-08-06,62716.983570880955,4.983570880955085,0.9999205387345308,1,TUPY3,0,0.0,0.0
2015-08-07,62229.2256973458,4.983570880955085,0.9999199159104889,1,TUPY3,0,0.0,0.0
2015-08-10,63204.74144441611,4.983570880955085,0.9999211519457708,1,TUPY3,0,0.0,0.0
2015-08-11,63030.544102497166,4.983570880955085,0.9999209340336195,1,TUPY3,0,0.0,0.0
2015-08-12,63065.38489992148,4.983570880955085,0.9999209777140207,1,TUPY3,0,0.0,0.0
2015-08-13,62194.38489992148,4.983570880955085,0.9999198710480218,1,TUPY3,0,0.0,0.0
2015-08-14,59546.544102497166,4.983570880955085,0.9999163079746093,1,TUPY3,0,0.0,0.0
2015-08-17,58536.1809127999,4.983570880955085,0.9999148634092071,1,TUPY3,0,0.0,0.0
2015-08-18,57072.900646991795,4.983570880955085,0.9999126806098085,1,TUPY3,0,0.0,0.0
2015-08-19,56236.74144441611,4.983570880955085,0.9999113822964675,1,TUPY3,0,0.0,0.0
2015-08-20,56445.78622896201,4.983570880955085,0.9999117104887025,1,TUPY3,0,0.0,0.0
2015-08-21,56724.505963153904,4.983570880955085,0.9999121443052462,1,TUPY3,0,0.0,0.0
2015-08-24,55574.78290636069,4.983570880955085,0.9999103267593622,1,TUPY3,0,0.0,0.0
2015-08-25,56410.94543153769,4.983570880955085,0.9999116559589131,1,TUPY3,0,0.0,0.0
2015-08-26,57316.78622896201,4.983570880955085,0.999913052157861,1,TUPY3,0,0.0,0.0
2015-08-27,58814.900646991795,4.983570880955085,0.999915266865605,1,TUPY3,0,0.0,0.0
2015-08-28,56968.38489992148,4.983570880955085,0.9999125204112823,1,TUPY3,0,0.0,0.0
2015-08-31,59511.70330507285,4.983570880955085,0.9999162589775761,1,TUPY3,0,0.0,0.0
2015-09-01,59058.78622896201,4.983570880955085,0.9999156167744181,1,TUPY3,0,0.0,0.0
2015-09-02,60940.14277345664,4.983570880955085,0.999918221870607,1,TUPY3,0,0.0,0.0
2015-09-03,62542.78622896201,4.983570880955085,0.999920317414982,1,TUPY3,0,0.0,0.0
2015-09-04,62368.58224184043,4.983570880955085,0.9999200948506152,1,TUPY3,0,0.0,0.0
2015-09-08,62716.983570880955,4.983570880955085,0.9999205387345308,1,TUPY3,0,0.0,0.0
2015-09-09,62682.14277345664,4.983570880955085,0.9999204945673449,1,TUPY3,0,0.0,0.0
2015-09-10,62020.1809127999,4.983570880955085,0.9999196459796214,1,TUPY3,0,0.0,0.0
2015-09-11,60417.544102497166,4.983570880955085,0.9999175145074997,1,TUPY3,0,0.0,0.0
2015-09-14,59232.983570880955,4.983570880955085,0.9999158649357078,1,TUPY3,0,0.0,0.0
2015-09-15,61497.58224184043,4.983570880955085,0.9999189631413256,1,TUPY3,0,0.0,0.0
2015-09-16,59337.505963153904,4.983570880955085,0.9999160131387381,1,TUPY3,0,0.0,0.0
2015-09-17,59929.78622896201,4.983570880955085,0.9999168431727435,1,TUPY3,0,0.0,0.0
2015-09-18,59581.38489992148,4.983570880955085,0.9999163569143396,1,TUPY3,0,0.0,0.0
2015-09-21,60522.066494770115,4.983570880955085,0.999917656961013,1,TUPY3,0,0.0,0.0
2015-09-22,60974.983570880955,4.983570880955085,0.9999182685982169,1,TUPY3,0,0.0,0.0
2015-09-23,61671.78622896201,4.983570880955085,0.9999191920457362,1,TUPY3,0,0.0,0.0
2015-09-24,61184.02171022422,4.983570880955085,0.9999185478374639,1,TUPY3,0,0.0,0.0
2015-09-25,63239.58224184043,4.983570880955085,0.9999211953857966,1,TUPY3,0,0.0,0.0
2015-09-28,62926.02171022422,4.983570880955085,0.9999208027021969,1,TUPY3,0,0.0,0.0
2015-09-29,61253.70330507285,4.983570880955085,0.9999186404966222,1,TUPY3,0,0.0,0.0
2015-09-30,62716.983570880955,4.983570880955085,0.9999205387345308,1,TUPY3,0,0.0,0.0
2015-10-01,64458.983570880955,4.983570880955085,0.9999226861702609,1,TUPY3,0,0.0,0.0
2015-10-02,69684.98357088096,4.983570880955085,0.9999284842928048,1,TUPY3,0,0.0,0.0
2015-10-05,68639.78622896201,4.983570880955085,0.999927395303005,1,TUPY3,0,0.0,0.0
2015-10-06,68813.98357088096,4.983570880955085,0.9999275790962483,1,TUPY3,0,0.0,0.0
2015-10-07,68988.1809127999,4.983570880955085,0.9999277619613242,1,TUPY3,0,0.0,0.0
2015-10-08,67942.98357088096,4.983570880955085,0.9999266506912262,1,TUPY3,0,0.0,0.0
2015-10-09,70869.54410249717,4.983570880955085,0.9999296796537347,1,TUPY3,0,0.0,0.0
2015-10-13,70103.06649477012,4.983570880955085,0.9999289108004807,1,TUPY3,0,0.0,0.0
2015-10-14,68779.14277345664,4.983570880955085,0.9999275424106786,1,TUPY3,0,0.0,0.0
2015-10-15,68779.14277345664,4.983570880955085,0.9999275424106786,1,TUPY3,0,0.0,0.0
2015-10-16,72088.9454315377,4.983570880955085,0.9999308691387963,1,TUPY3,0,0.0,0.0
2015-10-19,70730.1809127999,4.983570880955085,0.9999295410980625,1,TUPY3,0,0.0,0.0
2015-10-20,69684.98357088096,4.983570880955085,0.9999284842928048,1,TUPY3,0,0.0,0.0
2015-10-21,70346.9454315377,4.983570880955085,0.9999291572526656,1,TUPY3,0,0.0,0.0
2015-10-22,70904.38489992148,4.983570880955085,0.9999297142075488,1,TUPY3,0,0.0,0.0
2015-10-23,69684.98357088096,4.983570880955085,0.9999284842928048,1,TUPY3,0,0.0,0.0
2015-10-26,67594.58224184043,4.983570880955085,0.9999262726284316,1,TUPY3,0,0.0,0.0
2015-10-27,70974.06649477012,4.983570880955085,0.9999297832134034,1,TUPY3,0,0.0,0.0
2015-10-28,71775.38489992148,4.983570880955085,0.9999305671312261,1,TUPY3,0,0.0,0.0
2015-10-29,70451.461178608,4.983570880955085,0.9999292623488912,1,TUPY3,0,0.0,0.0
2015-10-30,73517.38489992148,4.983570880955085,0.9999322123483073,1,TUPY3,0,0.0,0.0
2015-11-03,72507.02171022422,4.983570880955085,0.9999312677480966,1,TUPY3,0,0.0,0.0
2015-11-04,74318.70330507285,4.983570880955085,0.9999329432476708,1,TUPY3,0,0.0,0.0
2015-11-05,74214.1809127999,4.983570880955085,0.999932848805718,1,TUPY3,0,0.0,0.0
2015-11-06,73168.98357088096,4.983570880955085,0.9999318895707205,1,TUPY3,0,0.0,0.0
2015-11-09,72820.58224184043,4.983570880955085,0.9999315637045526,1,TUPY3,0,0.0,0.0
2015-11-10,71461.82436830527,4.983570880955085,0.9999302624733554,1,TUPY3,0,0.0,0.0
2015-11-11,73168.98357088096,4.983570880955085,0.9999318895707205,1,TUPY3,0,0.0,0.0
2015-11-12,72646.38489992148,4.983570880955085,0.9999313996025017,1,TUPY3,0,0.0,0.0
2015-11-13,73238.66516572959,4.983570880955085,0.9999319543731487,1,TUPY3,0,0.0,0.0
2015-11-16,72402.5059631539,4.983570880955085,0.9999311685304996,1,TUPY3,0,0.0,0.0
2015-11-17,71775.38489992148,4.983570880955085,0.9999305671312261,1,TUPY3,0,0.0,0.0
2015-11-18,71078.58224184043,4.983570880955085,0.9999298864619444,1,TUPY3,0,0.0,0.0
2015-11-19,71775.38489992148,4.983570880955085,0.9999305671312261,1,TUPY3,0,0.0,0.0
2015-11-23,68291.38489992148,4.983570880955085,0.999927024896504,1,TUPY3,0,0.0,0.0
2015-11-24,68639.78622896201,4.983570880955085,0.999927395303005,1,TUPY3,0,0.0,0.0
2015-11-25,68988.1809127999,4.983570880955085,0.9999277619613242,1,TUPY3,0,0.0,0.0
2015-11-26,68291.38489992148,4.983570880955085,0.999927024896504,1,TUPY3,0,0.0,0.0
2015-11-27,69336.58224184043,4.983570880955085,0.9999281249418442,1,TUPY3,0,0.0,0.0
2015-11-30,69650.14277345664,4.983570880955085,0.999928448518804,1,TUPY3,0,0.0,0.0
2015-12-01,69858.3839250002,69858.3839250002,0.0,0,,1,0.9994288756483407,0.0
2015-12-02,69858.3839250002,69858.3839250002,0.0,0,,0,0.0,0.0
2015-12-03,69858.3839250002,69858.3839250002,0.0,0,,0,0.0,0.0
2015-12-04,69858.3839250002,69858.3839250002,0.0,0,,0,0.0,0.0
2015-12-07,69858.3839250002,69858.3839250002,0.0,0,,0,0.0,0.0
2015-12-08,69858.3839250002,69858.3839250002,0.0,0,,0,0.0,0.0
2015-12-09,69858.3839250002,69858.3839250002,0.0,0,,0,0.0,0.0
2015-12-10,69858.3839250002,69858.3839250002,0.0,0,,0,0.0,0.0
2015-12-11,69858.3839250002,69858.3839250002,0.0,0,,0,0.0,0.0
2015-12-14,69858.3839250002,69858.3839250002,0.0,0,,0,0.0,0.0
2015-12-15,69858.3839250002,69858.3839250002,0.0,0,,0,0.0,0.0
2015-12-16,69858.3839250002,69858.3839250002,0.0,0,,0,0.0,0.0
2015-12-17,69858.3839250002,69858.3839250002,0.0,0,,0,0.0,0.0
2015-12-18,69858.3839250002,69858.3839250002,0.0,0,,0,0.0,0.0
2015-12-21,69858.3839250002,69858.3839250002,0.0,0,,0,0.0,0.0
2015-12-22,69858.3839250002,69858.3839250002,0.0,0,,0,0.0,0.0
2015-12-23,69858.3839250002,69858.3839250002,0.0,0,,0,0.0,0.0
2015-12-28,69858.3839250002,69858.3839250002,0.0,0,,0,0.0,0.0
2015-12-29,69858.3839250002,69858.3839250002,0.0,0,,0,0.0,0.0
2015-12-30,69858.3839250002,69858.3839250002,0.0,0,,0,0.0,0.0
2016-01-04,69858.3839250002,69858.3839250002,0.0,0,,0,0.0,0.0
2016-01-05,69858.3839250002,69858.3839250002,0.0,0,,0,0.0,0.0
2016-01-06,69858.3839250002,69858.3839250002,0.0,0,,0,0.0,0.0
2016-01-07,69858.3839250002,69858.3839250002,0.0,0,,0,0.0,0.0
2016-01-08,69858.3839250002,69858.3839250002,0.0,0,,0,0.0,0.0
2016-01-11,69858.3839250002,69858.3839250002,0.0,0,,0,0.0,0.0
2016-01-12,69858.3839250002,69858.3839250002,0.0,0,,0,0.0,0.0
2016-01-13,69858.3839250002,69858.3839250002,0.0,0,,0,0.0,0.0
2016-01-14,69858.3839250002,69858.3839250002,0.0,0,,0,0.0,0.0
2016-01-15,69858.3839250002,69858.3839250002,0.0,0,,0,0.0,0.0
2016-01-18,69858.3839250002,69858.3839250002,0.0,0,,0,0.0,0.0
2016-01-19,69858.3839250002,69858.3839250002,0.0,0,,0,0.0,0.0
2016-01-20,69858.3839250002,69858.3839250002,0.0,0,,0,0.0,0.0
2016-01-21,69858.3839250002,69858.3839250002,0.0,0,,0,0.0,0.0
2016-01-22,69858.3839250002,69858.3839250002,0.0,0,,0,0.0,0.0
2016-01-26,69858.3839250002,69858.3839250002,0.0,0,,0,0.0,0.0
2016-01-27,69858.3839250002,69858.3839250002,0.0,0,,0,0.0,0.0
2016-01-28,69858.3839250002,69858.3839250002,0.0,0,,0,0.0,0.0
2016-01-29,69858.3839250002,69858.3839250002,0.0,0,,0,0.0,0.0
2016-02-01,69858.3839250002,69858.3839250002,0.0,0,,0,0.0,0.0
2016-02-02,69858.3839250002,69858.3839250002,0.0,0,,0,0.0,0.0
2016-02-03,69858.3839250002,69858.3839250002,0.0,0,,0,0.0,0.0
2016-02-04,69858.3839250002,69858.3839250002,0.0,0,,0,0.0,0.0
2016-02-05,69858.3839250002,69858.3839250002,0.0,0,,0,0.0,0.0
2016-02-10,69858.3839250002,69858.3839250002,0.0,0,,0,0.0,0.0
2016-02-11,69858.3839250002,69858.3839250002,0.0,0,,0,0.0,0.0
2016-02-12,69858.3839250002,69858.3839250002,0.0,0,,0,0.0,0.0
2016-02-15,69858.3839250002,69858.3839250002,0.0,0,,0,0.0,0.0
2016-02-16,69858.3839250002,69858.3839250002,0.0,0,,0,0.0,0.0
2016-02-17,69858.3839250002,69858.3839250002,0.0,0,,0,0.0,0.0
2016-02-18,69858.3839250002,69858.3839250002,0.0,0,,0,0.0,0.0
2016-02-19,69858.3839250002,69858.3839250002,0.0,0,,0,0.0,0.0
2016-02-22,69858.3839250002,69858.3839250002,0.0,0,,0,0.0,0.0
2016-02-23,69858.3839250002,69858.3839250002,0.0,0,,0,0.0,0.0
2016-02-24,69858.3839250002,69858.3839250002,0.0,0,,0,0.0,0.0
2016-02-25,69858.3839250002,69858.3839250002,0.0,0,,0,0.0,0.0
2016-02-26,69858.3839250002,69858.3839250002,0.0,0,,0,0.0,0.0
2016-02-29,69858.3839250002,69858.3839250002,0.0,0,,0,0.0,0.0
2016-03-01,69858.3839250002,69858.3839250002,0.0,0,,0,0.0,0.0
2016-03-02,69858.3839250002,69858.3839250002,0.0,0,,0,0.0,0.0
2016-03-03,69858.3839250002,69858.3839250002,0.0,0,,0,0.0,0.0
2016-03-04,69858.3839250002,69858.3839250002,0.0,0,,0,0.0,0.0
2016-03-07,69858.3839250002,69858.3839250002,0.0,0,,0,0.0,0.0
2016-03-08,69858.3839250002,69858.3839250002,0.0,0,,0,0.0,0.0
2016-03-09,69858.3839250002,69858.3839250002,0.0,0,,0,0.0,0.0
2016-03-10,69858.3839250002,69858.3839250002,0.0,0,,0,0.0,0.0
2016-03-11,69858.3839250002,69858.3839250002,0.0,0,,0,0.0,0.0
2016-03-14,69858.3839250002,69858.3839250002,0.0,0,,0,0.0,0.0
2016-03-15,69858.3839250002,69858.3839250002,0.0,0,,0,0.0,0.0
2016-03-16,69858.3839250002,69858.3839250002,0.0,0,,0,0.0,0.0
2016-03-17,69858.3839250002,69858.3839250002,0.0,0,,0,0.0,0.0
2016-03-18,69858.3839250002,69858.3839250002,0.0,0,,0,0.0,0.0
2016-03-21,69858.3839250002,69858.3839250002,0.0,0,,0,0.0,0.0
2016-03-22,69858.3839250002,69858.3839250002,0.0,0,,0,0.0,0.0
2016-03-23,69858.3839250002,69858.3839250002,0.0,0,,0,0.0,0.0
2016-03-24,69858.3839250002,69858.3839250002,0.0,0,,0,0.0,0.0
2016-03-28,69858.3839250002,69858.3839250002,0.0,0,,0,0.0,0.0
2016-03-29,69858.3839250002,69858.3839250002,0.0,0,,0,0.0,0.0
2016-03-30,69858.3839250002,69858.3839250002,0.0,0,,0,0.0,0.0
2016-03-31,69858.3839250002,69858.3839250002,0.0,0,,0,0.0,0.0
2016-04-01,69684.11275155707,3.5156131522235228,0.9999495492872994,1,PETR4,1,0.9979537676081995,0.0
2016-04-04,62849.41529519721,3.5156131522235228,0.9999440629139394,1,PETR4,0,0.0,0.0
2016-04-05,65016.51720292731,3.5156131522235228,0.9999459273842484,1,PETR4,0,0.0,0.0
2016-04-06,63182.81497724219,3.5156131522235228,0.9999443580797486,1,PETR4,0,0.0,0.0
2016-04-07,64183.01402337714,3.5156131522235228,0.9999452251782545,1,PETR4,0,0.0,0.0
2016-04-08,68850.61752088233,3.5156131522235228,0.9999489385385518,1,PETR4,0,0.0,0.0
2016-04-11,69934.16847474738,3.5156131522235228,0.999949729678226,1,PETR4,0,0.0,0.0
2016-04-12,75351.9152951972,3.5156131522235228,0.9999533440770756,1,PETR4,0,0.0,0.0
2016-04-13,79102.66370542212,3.5156131522235228,0.9999555563240535,1,PETR4,0,0.0,0.0
2016-04-14,76352.11434133216,3.5156131522235228,0.9999539552613238,1,PETR4,0,0.0,0.0
2016-04-15,80769.66211564704,3.5156131522235228,0.9999564735934243,1,PETR4,0,0.0,0.0
2016-04-18,77018.91370542212,3.5156131522235228,0.9999543538985025,1,PETR4,0,0.0,0.0
2016-04-19,80102.86275155707,3.5156131522235228,0.9999561112670451,1,PETR4,0,0.0,0.0
2016-04-20,79019.31179769202,3.5156131522235228,0.9999555094435494,1,PETR4,0,0.0,0.0
2016-04-22,81269.76561315222,3.5156131522235228,0.9999567414385202,1,PETR4,0,0.0,0.0
2016-04-25,77769.06497724219,3.5156131522235228,0.9999547941954394,1,PETR4,0,0.0,0.0
2016-04-26,80602.96624906226,3.5156131522235228,0.9999563835759919,1,PETR4,0,0.0,0.0
2016-04-27,85437.26561315222,3.5156131522235228,0.9999588515254205,1,PETR4,0,0.0,0.0
2016-04-28,85270.56179769202,3.5156131522235228,0.9999587710802168,1,PETR4,0,0.0,0.0
2016-04-29,85270.56179769202,3.5156131522235228,0.9999587710802168,1,PETR4,0,0.0,0.0
2016-05-02,83871.49043610366,0.2168936994858086,0.9999974139758533,1,VALE3,2,1.9949664212003955,0.0
2016-05-03,78764.076249626,0.2168936994858086,0.9999972462865075,1,VALE3,0,0.0,0.0
2016-05-04,73445.61528351577,0.2168936994858086,0.9999970468802167,1,VALE3,0,0.0,0.0
2016-05-05,70322.076249626,0.2168936994858086,0.999996915709674,1,VALE3,0,0.0,0.0
2016-05-06,71250.69335129531,0.2168936994858086,0.9999969559075248,1,VALE3,0,0.0,0.0
2016-05-09,64286.04496147903,0.2168936994858086,0.9999966261153628,1,VALE3,0,0.0,0.0
2016-05-10,66987.48641064437,0.2168936994858086,0.9999967621758763,1,VALE3,0,0.0,0.0
2016-05-11,67282.9551224974,0.2168936994858086,0.9999967763945699,1,VALE3,0,0.0,0.0
2016-05-12,65172.4551224974,0.2168936994858086,0.9999966720035469,1,VALE3,0,0.0,0.0
2016-05-13,61964.49818184646,0.2168936994858086,0.9999964997102236,1,VALE3,0,0.0,0.0
2016-05-16,63019.74818184646,0.2168936994858086,0.9999965583217049,1,VALE3,0,0.0,0.0
2016-05-17,63863.9473767546,0.2168936994858086,0.9999966038162627,1,VALE3,0,0.0,0.0
2016-05-18,62091.12705471786,0.2168936994858086,0.9999965068487274,1,VALE3,0,0.0,0.0
2016-05-19,62850.90834286483,0.2168936994858086,0.9999965490761358,1,VALE3,0,0.0,0.0
2016-05-20,59642.9473767546,0.2168936994858086,0.9999963634644325,1,VALE3,0,0.0,0.0
2016-05-23,60951.4551224974,0.2168936994858086,0.9999964415336918,1,VALE3,0,0.0,0.0
2016-05-24,59178.638825919945,0.2168936994858086,0.9999963349326076,1,VALE3,0,0.0,0.0
2016-05-25,61711.23641064437,0.2168936994858086,0.9999964853450992,1,VALE3,0,0.0,0.0
2016-05-27,60318.306732681114,0.2168936994858086,0.9999964041812306,1,VALE3,0,0.0,0.0
2016-05-30,60276.095766570885,0.2168936994858086,0.9999964016631017,1,VALE3,0,0.0,0.0
2016-05-31,60022.83802082809,0.2168936994858086,0.9999963864804359,1,VALE3,0,0.0,0.0
2016-06-01,59325.48228505344,59325.48228505344,0.0,0,,1,0.9994963549641751,0.0
2016-06-02,59325.48228505344,59325.48228505344,0.0,0,,0,0.0,0.0
2016-06-03,59325.48228505344,59325.48228505344,0.0,0,,0,0.0,0.0
2016-06-06,59325.48228505344,59325.48228505344,0.0,0,,0,0.0,0.0
2016-06-07,59325.48228505344,59325.48228505344,0.0,0,,0,0.0,0.0
2016-06-08,59325.48228505344,59325.48228505344,0.0,0,,0,0.0,0.0
2016-06-09,59325.48228505344,59325.48228505344,0.0,0,,0,0.0,0.0
2016-06-10,59325.48228505344,59325.48228505344,0.0,0,,0,0.0,0.0
2016-06-13,59325.48228505344,59325.48228505344,0.0,0,,0,0.0,0.0
2016-06-14,59325.48228505344,59325.48228505344,0.0,0,,0,0.0,0.0
2016-06-15,59325.48228505344,59325.48228505344,0.0,0,,0,0.0,0.0
2016-06-16,59325.48228505344,59325.48228505344,0.0,0,,0,0.0,0.0
2016-06-17,59325.48228505344,59325.48228505344,0.0,0,,0,0.0,0.0
2016-06-20,59325.48228505344,59325.48228505344,0.0,0,,0,0.0,0.0
2016-06-21,59325.48228505344,59325.48228505344,0.0,0,,0,0.0,0.0
2016-06-22,59325.48228505344,59325.48228505344,0.0,0,,0,0.0,0.0
2016-06-23,59325.48228505344,59325.48228505344,0.0,0,,0,0.0,0.0
2016-06-24,59325.48228505344,59325.48228505344,0.0,0,,0,0.0,0.0
2016-06-27,59325.48228505344,59325.48228505344,0.0,0,,0,0.0,0.0
2016-06-28,59325.48228505344,59325.48228505344,0.0,0,,0,0.0,0.0
2016-06-29,59325.48228505344,59325.48228505344,0.0,0,,0,0.0,0.0
2016-06-30,59325.48228505344,59325.48228505344,0.0,0,,0,0.0,0.0
2016-07-01,61299.768670493315,3.33057540054142,0.9999456674067003,1,PETR4,1,0.997947963351431,0.0
2016-07-04,61611.86986106033,3.33057540054142,0.9999459426339754,1,PETR4,0,0.0,0.0
2016-07-05,57991.51033728714,3.33057540054142,0.9999425678796574,1,PETR4,0,0.0,0.0
2016-07-06,59302.33057540054,3.33057540054142,0.9999438373607205,1,PETR4,0,0.0,0.0
2016-07-07,59676.85319464798,3.33057540054142,0.9999441898286815,1,PETR4,0,0.0,0.0
2016-07-08,61424.611527854155,3.33057540054142,0.9999457778353383,1,PETR4,0,0.0,0.0
2016-07-11,64670.44843237991,3.33057540054142,0.9999484992685025,1,PETR4,0,0.0,0.0
2016-07-12,66480.62819426651,3.33057540054142,0.9999499015654484,1,PETR4,0,0.0,0.0
2016-07-13,66355.79128974075,3.33057540054142,0.9999498073139389,1,PETR4,0,0.0,0.0
2016-07-14,68228.39248030777,3.33057540054142,0.9999511849058806,1,PETR4,0,0.0,0.0
2016-07-15,68790.17343276138,3.33057540054142,0.9999515835586053,1,PETR4,0,0.0,0.0
2016-07-18,72098.43176596756,3.33057540054142,0.9999538051616524,1,PETR4,0,0.0,0.0
2016-07-19,73534.08890860672,3.33057540054142,0.9999547070555986,1,PETR4,0,0.0,0.0
2016-07-20,73783.76867049331,3.33057540054142,0.9999548603241531,1,PETR4,0,0.0,0.0
2016-07-21,73971.03295653457,3.33057540054142,0.99995497459928,1,PETR4,0,0.0,0.0
2016-07-22,74532.8079561531,3.33057540054142,0.9999553139685479,1,PETR4,0,0.0,0.0
2016-07-25,75094.58890860672,3.33057540054142,0.9999556482637572,1,PETR4,0,0.0,0.0
2016-07-26,74158.29128974075,3.33057540054142,0.9999550882936673,1,PETR4,0,0.0,0.0
2016-07-27,71848.75200408096,3.33057540054142,0.9999536446311503,1,PETR4,0,0.0,0.0
2016-07-28,71411.8079561531,3.33057540054142,0.9999533609987499,1,PETR4,0,0.0,0.0
2016-07-29,74095.86986106033,3.33057540054142,0.9999550504581863,1,PETR4,0,0.0,0.0
2016-08-01,75840.8874911952,1.3870939898479264,0.9999817104725995,1,GGBR3,2,1.9949468015229233,0.0
2016-08-02,73027.0487909007,1.3870939898479264,0.9999810057504334,1,GGBR3,0,0.0,0.0
2016-08-03,73964.99770781278,1.3870939898479264,0.9999812466161991,1,GGBR3,0,0.0,0.0
2016-08-04,78252.74348398924,1.3870939898479264,0.9999822741807112,1,GGBR3,0,0.0,0.0
2016-08-05,81066.58218428373,1.3870939898479264,0.9999828894477543,1,GGBR3,0,0.0,0.0
2016-08-08,77850.77687737226,1.3870939898479264,0.999982182657059,1,GGBR3,0,0.0,0.0
2016-08-09,79994.64171501875,1.3870939898479264,0.9999826601637296,1,GGBR3,0,0.0,0.0
2016-08-10,81468.5487909007,1.3870939898479264,0.9999829738713844,1,GGBR3,0,0.0,0.0
2016-08-11,86828.24308678388,1.3870939898479264,0.9999840248525073,1,GGBR3,0,0.0,0.0
2016-08-12,85488.31951281309,1.3870939898479264,0.9999837744618475,1,GGBR3,0,0.0,0.0
2016-08-15,92187.92128178358,1.3870939898479264,0.9999849536254798,1,GGBR3,0,0.0,0.0
2016-08-16,91517.94741913557,1.3870939898479264,0.9999848434757448,1,GGBR3,0,0.0,0.0
2016-08-17,93795.81991001844,1.3870939898479264,0.9999852115585622,1,GGBR3,0,0.0,0.0
2016-08-18,98351.5487909007,1.3870939898479264,0.9999858965719717,1,GGBR3,0,0.0,0.0
2016-08-19,97815.58258148908,1.3870939898479264,0.9999858192942961,1,GGBR3,0,0.0,0.0
2016-08-22,92321.90478369474,1.3870939898479264,0.9999849754617488,1,GGBR3,0,0.0,0.0
2016-08-23,92723.8874911952,1.3870939898479264,0.9999850405971171,1,GGBR3,0,0.0,0.0
2016-08-24,86292.27687737226,1.3870939898479264,0.9999839256299632,1,GGBR3,0,0.0,0.0
2016-08-25,86560.25998207807,1.3870939898479264,0.9999839753948274,1,GGBR3,0,0.0,0.0
2016-08-26,87364.2092961955,1.3870939898479264,0.9999841228576207,1,GGBR3,0,0.0,0.0
2016-08-29,88436.14171501875,1.3870939898479264,0.9999843153040946,1,GGBR3,0,0.0,0.0
2016-08-30,87096.2261914897,1.3870939898479264,0.9999840740058381,1,GGBR3,0,0.0,0.0
2016-08-31,86426.26037928343,1.3870939898479264,0.999983950549477,1,GGBR3,0,0.0,0.0
2016-09-01,84857.79513853801,6.795138538014726,0.9999199232253569,1,PETR4,2,1.9949140243705659,0.0
2016-09-02,88578.18314665569,6.795138538014726,0.999923286544196,1,PETR4,0,0.0,0.0
2016-09-05,90275.20464056743,6.795138538014726,0.9999247286276994,1,PETR4,0,0.0,0.0
2016-09-06,91254.25215071453,6.795138538014726,0.9999255361982826,1,PETR4,0,0.0,0.0
2016-09-08,92820.73688143505,6.795138538014726,0.9999267928830743,1,PETR4,0,0.0,0.0
2016-09-09,88186.56663244976,6.795138538014726,0.9999229458771614,1,PETR4,0,0.0,0.0
2016-09-12,91058.44389361156,6.795138538014726,0.9999253760744479,1,PETR4,0,0.0,0.0
2016-09-13,84923.06663244976,6.795138538014726,0.9999199847720123,1,PETR4,0,0.0,0.0
2016-09-14,85575.7628976704,6.795138538014726,0.999920595057433,1,PETR4,0,0.0,0.0
2016-09-15,88186.56663244976,6.795138538014726,0.9999229458771614,1,PETR4,0,0.0,0.0
2016-09-16,85902.11414259685,6.795138538014726,0.9999208967252339,1,PETR4,0,0.0,0.0
2016-09-19,85184.14638346447,6.795138538014726,0.9999202300096144,1,PETR4,0,0.0,0.0
2016-09-20,88121.29513853801,6.795138538014726,0.9999228888031283,1,PETR4,0,0.0,0.0
2016-09-21,89165.61414259685,6.795138538014726,0.9999237919392654,1,PETR4,0,0.0,0.0
2016-09-22,91384.79513853801,6.795138538014726,0.999925642569667,1,PETR4,0,0.0,0.0
2016-09-23,89361.42239969982,6.795138538014726,0.9999239589259488,1,PETR4,0,0.0,0.0
2016-09-26,87468.59264868511,6.795138538014726,0.9999223133889291,1,PETR4,0,0.0,0.0
2016-09-27,85641.03439158214,6.795138538014726,0.9999206555760765,1,PETR4,0,0.0,0.0
2016-09-28,90405.74762839092,6.795138538014726,0.9999248373171367,1,PETR4,0,0.0,0.0
2016-09-29,87664.40713042034,6.795138538014726,0.999922486916179,1,PETR4,0,0.0,0.0
2016-09-30,88578.18314665569,6.795138538014726,0.999923286544196,1,PETR4,0,0.0,0.0
2016-10-03,89967.51112973703,18.208876013886766,0.9997976060937417,1,BBSE3,2,1.9947303983167772,0.0
2016-10-04,90292.44729840769,18.208876013886766,0.9997983344503477,1,BBSE3,0,0.0,0.0
2016-10-05,88963.1506789924,18.208876013886766,0.9997953211428,1,BBSE3,0,0.0,0.0
2016-10-06,88844.98797452463,18.208876013886766,0.9997950489225221,1,BBSE3,0,0.0,0.0
2016-10-07,89849.34842526926,18.208876013886766,0.9997973399214015,1,BBSE3,0,0.0,0.0
2016-10-10,91119.56932675852,18.208876013886766,0.9998001650342685,1,BBSE3,0,0.0,0.0
2016-10-11,89967.51112973703,18.208876013886766,0.9997976060937417,1,BBSE3,0,0.0,0.0
2016-10-13,91296.80774915231,18.208876013886766,0.9998005529824885,1,BBSE3,0,0.0,0.0
2016-10-14,93157.83090436472,18.208876013886766,0.999804537355184,1,BBSE3,0,0.0,0.0
2016-10-17,94309.8891013862,18.208876013886766,0.9998069250617577,1,BBSE3,0,0.0,0.0
2016-10-18,95432.40662229074,18.208876013886766,0.9998091960932521,1,BBSE3,0,0.0,0.0
2016-10-19,95521.03428494943,18.208876013886766,0.9998093731276028,1,BBSE3,0,0.0,0.0
2016-10-20,95521.03428494943,18.208876013886766,0.9998093731276028,1,BBSE3,0,0.0,0.0
2016-10-21,94693.90662229074,18.208876013886766,0.9998077080494048,1,BBSE3,0,0.0,0.0
2016-10-24,93984.94729840769,18.208876013886766,0.9998062575280692,1,BBSE3,0,0.0,0.0
2016-10-25,93482.76707303537,18.208876013886766,0.9998052167625755,1,BBSE3,0,0.0,0.0
2016-10-26,92242.08684766306,18.208876013886766,0.9998025968770203,1,BBSE3,0,0.0,0.0
2016-10-27,92921.51112973703,18.208876013886766,0.9998040402508256,1,BBSE3,0,0.0,0.0
2016-10-28,92596.56932675852,18.208876013886766,0.9998033525848066,1,BBSE3,0,0.0,0.0
2016-10-31,94959.76707303537,18.208876013886766,0.9998082464124003,1,BBSE3,0,0.0,0.0
2016-11-01,89401.51138958186,9.788153497880558,0.999890514675359,1,PETR4,2,1.9947169322359681,0.0
2016-11-03,85531.0437038824,9.788153497880558,0.9998855602238204,1,PETR4,0,0.0,0.0
2016-11-04,84788.76693996639,9.788153497880558,0.9998845583695679,1,PETR4,0,0.0,0.0
2016-11-07,91257.2032993719,9.788153497880558,0.9998927410314584,1,PETR4,0,0.0,0.0
2016-11-08,90355.87300762386,9.788153497880558,0.9998916710870908,1,PETR4,0,0.0,0.0
2016-11-09,88288.08613094539,9.788153497880558,0.9998891339259143,1,PETR4,0,0.0,0.0
2016-11-10,82190.78815349788,9.788153497880558,0.999880909360796,1,PETR4,0,0.0,0.0
2016-11-11,74290.80936702937,9.788153497880558,0.9998682454319548,1,PETR4,0,0.0,0.0
2016-11-14,74237.78815349788,9.788153497880558,0.9998681513318036,1,PETR4,0,0.0,0.0
2016-11-16,78161.26693996639,9.788153497880558,0.9998747697692081,1,PETR4,0,0.0,0.0
2016-11-17,75775.36795124263,9.788153497880558,0.9998708267110734,1,PETR4,0,0.0,0.0
2016-11-18,76994.83058056087,9.788153497880558,0.9998728725886651,1,PETR4,0,0.0,0.0
2016-11-21,82614.94774898738,9.788153497880558,0.999881520792973,1,PETR4,0,0.0,0.0
2016-11-22,84470.64977153987,9.788153497880558,0.9998841236154291,1,PETR4,0,0.0,0.0
2016-11-23,84046.49017605037,9.788153497880558,0.9998835388190824,1,PETR4,0,0.0,0.0
2016-11-24,82614.94774898738,9.788153497880558,0.999881520792973,1,PETR4,0,0.0,0.0
2016-11-25,81130.38916477413,9.788153497880558,0.9998793528097345,1,PETR4,0,0.0,0.0
2016-11-28,81978.70835575313,9.788153497880558,0.9998806012720352,1,PETR4,0,0.0,0.0
2016-11-29,77737.10734447688,9.788153497880558,0.9998740864712845,1,PETR4,0,0.0,0.0
2016-11-30,84841.78815349788,9.788153497880558,0.9998846305139141,1,PETR4,0,0.0,0.0
2016-12-01,80763.80358643892,0.37782044771302026,0.9999953219086901,1,GGBR3,2,1.9948905116248294,0.0
2016-12-02,79515.80299134615,0.37782044771302026,0.999995248486043,1,GGBR3,0,0.0,0.0
2016-12-05,81031.2257818735,0.37782044771302026,0.999995337347497,1,GGBR3,0,0.0,0.0
2016-12-06,80585.51855225924,0.37782044771302026,0.9999953115590183,1,GGBR3,0,0.0,0.0
2016-12-07,83348.93658204439,0.37782044771302026,0.9999954670033812,1,GGBR3,0,0.0,0.0
2016-12-08,83081.51438660982,0.37782044771302026,0.9999954524126035,1,GGBR3,0,0.0,0.0
2016-12-09,79694.0933813608,0.37782044771302026,0.9999952591160564,1,GGBR3,0,0.0,0.0
2016-12-12,75860.94372315767,0.37782044771302026,0.9999950195656794,1,GGBR3,0,0.0,0.0
2016-12-13,73899.80299134615,0.37782044771302026,0.9999948873957383,1,GGBR3,0,0.0,0.0
2016-12-14,69531.80358643892,0.37782044771302026,0.9999945662210927,1,GGBR3,0,0.0,0.0
2016-12-15,71938.6515478647,0.37782044771302026,0.999994748018769,1,GGBR3,0,0.0,0.0
2016-12-16,70244.94372315767,0.37782044771302026,0.999994621385858,1,GGBR3,0,0.0,0.0
2016-12-19,67748.94788880709,0.37782044771302026,0.9999944232278214,1,GGBR3,0,0.0,0.0
2016-12-20,66768.37484498385,0.37782044771302026,0.9999943413262853,1,GGBR3,0,0.0,0.0
2016-12-21,68640.37841554049,0.37782044771302026,0.9999944956531938,1,GGBR3,0,0.0,0.0
2016-12-22,65966.08147950533,0.37782044771302026,0.9999942725043046,1,GGBR3,0,0.0,0.0
2016-12-23,65342.089215711385,0.37782044771302026,0.9999942178088848,1,GGBR3,0,0.0,0.0
2016-12-26,66679.22697205904,0.37782044771302026,0.9999943337608297,1,GGBR3,0,0.0,0.0
2016-12-27,69442.65571351412,0.37782044771302026,0.9999945592454115,1,GGBR3,0,0.0,0.0
2016-12-28,68462.0933813608,0.37782044771302026,0.9999944813190913,1,GGBR3,0,0.0,0.0
2016-12-29,70423.23411317232,0.37782044771302026,0.9999946350028869,1,GGBR3,0,0.0,0.0
2017-01-02,69634.81826869088,14.478993330776575,0.9997920725049514,1,PETR4,2,1.9947978305561378,0.0
2017-01-03,73623.97899333078,14.478993330776575,0.9998033386197167,1,PETR4,0,0.0,0.0
2017-01-04,73623.97899333078,14.478993330776575,0.9998033386197167,1,PETR4,0,0.0,0.0
2017-01-05,74811.22899333078,14.478993330776575,0.9998064596247701,1,PETR4,0,0.0,0.0
2017-01-06,74383.81826869088,14.478993330776575,0.9998053475383789,1,PETR4,0,0.0,0.0
2017-01-09,72816.64863101083,14.478993330776575,0.9998011582021009,1,PETR4,0,0.0,0.0
2017-01-10,73528.9968194111,14.478993330776575,0.9998030845794573,1,PETR4,0,0.0,0.0
2017-01-11,74383.81826869088,14.478993330776575,0.9998053475383789,1,PETR4,0,0.0,0.0
2017-01-12,75523.57718173105,14.478993330776575,0.9998082851227248,1,PETR4,0,0.0,0.0
2017-01-13,74478.80044261056,14.478993330776575,0.9998055957769898,1,PETR4,0,0.0,0.0
2017-01-16,74811.22899333078,14.478993330776575,0.9998064596247701,1,PETR4,0,0.0,0.0
2017-01-17,75143.65754405099,14.478993330776575,0.999807315829386,1,PETR4,0,0.0,0.0
2017-01-18,75001.1888121708,14.478993330776575,0.9998069498155951,1,PETR4,0,0.0,0.0
2017-01-19,74906.21116725045,14.478993330776575,0.9998067050368034,1,PETR4,0,0.0,0.0
2017-01-20,75998.47899333078,14.478993330776575,0.999809483116997,1,PETR4,0,0.0,0.0
2017-01-23,75950.98790637094,14.478993330776575,0.9998093639894635,1,PETR4,0,0.0,0.0
2017-01-24,76188.44334117013,14.478993330776575,0.9998099581419988,1,PETR4,0,0.0,0.0
2017-01-26,75048.67989913064,14.478993330776575,0.999807071978478,1,PETR4,0,0.0,0.0
2017-01-27,74193.85844985086,14.478993330776575,0.9998048491663153,1,PETR4,0,0.0,0.0
2017-01-30,70489.63971797067,14.478993330776575,0.9997945940227712,1,PETR4,0,0.0,0.0
2017-01-31,71344.46116725045,14.478993330776575,0.999797055116909,1,PETR4,0,0.0,0.0
2017-02-01,72541.73431150023,19.285657325424836,0.9997341439723152,1,VALE3,2,1.9945452884696242,0.0
2017-02-02,72034.58532086913,19.285657325424836,0.9997322722517313,1,VALE3,0,0.0,0.0
2017-02-03,67514.33700315062,19.285657325424836,0.9997143472308033,1,VALE3,0,0.0,0.0
2017-02-06,65992.88582555357,19.285657325424836,0.9997077615702941,1,VALE3,0,0.0,0.0
2017-02-07,66698.48515264098,19.285657325424836,0.9997108531433466,1,VALE3,0,0.0,0.0
2017-02-08,67470.23599378172,19.285657325424836,0.9997141605177251,1,VALE3,0,0.0,0.0
2017-02-09,68550.68548909728,19.285657325424836,0.9997186657261291,1,VALE3,0,0.0,0.0
2017-02-10,72343.28397504393,19.285657325424836,0.9997334146825284,1,VALE3,0,0.0,0.0
2017-02-13,78980.33868543211,19.285657325424836,0.9997558169837403,1,VALE3,0,0.0,0.0
2017-02-14,75871.28902188841,19.285657325424836,0.9997458108650314,1,VALE3,0,0.0,0.0
2017-02-15,74592.38498441283,19.285657325424836,0.9997414527323472,1,VALE3,0,0.0,0.0
2017-02-16,74482.13666669432,19.285657325424836,0.999741070031171,1,VALE3,0,0.0,0.0
2017-02-17,75143.63498441283,19.285657325424836,0.9997433494223507,1,VALE3,0,0.0,0.0
2017-02-20,80347.43633023802,19.285657325424836,0.9997599717152622,1,VALE3,0,0.0,0.0
2017-02-21,78384.98767606322,19.285657325424836,0.9997539623606867,1,VALE3,0,0.0,0.0
2017-02-22,76510.73262921874,19.285657325424836,0.9997479352678678,1,VALE3,0,0.0,0.0
2017-02-23,73159.13161984984,19.285657325424836,0.9997363875582116,1,VALE3,0,0.0,0.0
2017-02-24,72166.88834897582,19.285657325424836,0.9997327630750523,1,VALE3,0,0.0,0.0
2017-03-01,72321.87082923511,4.801228176147561,0.9999336130534083,1,TUPY3,2,1.9946804689035842,0.0
2017-03-02,70021.11302341083,4.801228176147561,0.9999314317072546,1,TUPY3,0,0.0,0.0
2017-03-03,69027.60023082355,4.801228176147561,0.9999304448052649,1,TUPY3,0,0.0,0.0
2017-03-06,71537.52282394031,4.801228176147561,0.9999328851770845,1,TUPY3,0,0.0,0.0
2017-03-07,70387.14142764667,4.801228176147561,0.9999317882772512,1,TUPY3,0,0.0,0.0
2017-03-08,70596.30122817615,4.801228176147561,0.9999319903721212,1,TUPY3,0,0.0,0.0
2017-03-09,71589.80903400043,4.801228176147561,0.9999329341949513,1,TUPY3,0,0.0,0.0
2017-03-10,72897.05903400043,4.801228176147561,0.9999341368741103,1,TUPY3,0,0.0,0.0
2017-03-13,75040.95322288135,4.801228176147561,0.9999360185609332,1,TUPY3,0,0.0,0.0
2017-03-14,75773.01003135303,4.801228176147561,0.9999366366972334,1,TUPY3,0,0.0,0.0
2017-03-15,76609.64923347095,4.801228176147561,0.9999373286756409,1,TUPY3,0,0.0,0.0
2017-03-16,79433.30903400043,4.801228176147561,0.9999395564878949,1,TUPY3,0,0.0,0.0
2017-03-17,79694.76003135303,4.801228176147561,0.9999397547821932,1,TUPY3,0,0.0,0.0
2017-03-20,78178.35023082355,4.801228176147561,0.9999385862177703,1,TUPY3,0,0.0,0.0
2017-03-21,77027.96883452991,4.801228176147561,0.9999376690279026,1,TUPY3,0,0.0,0.0
2017-03-22,78021.48162711719,4.801228176147561,0.9999384627403117,1,TUPY3,0,0.0,0.0
2017-03-23,78962.70322288135,4.801228176147561,0.9999391962536719,1,TUPY3,0,0.0,0.0
2017-03-24,77132.55122817615,4.801228176147561,0.9999377535411483,1,TUPY3,0,0.0,0.0
2017-03-27,75929.88362182239,4.801228176147561,0.9999367676078623,1,TUPY3,0,0.0,0.0
2017-03-28,77550.87082923511,4.801228176147561,0.9999380893067376,1,TUPY3,0,0.0,0.0
2017-03-29,79433.30903400043,4.801228176147561,0.9999395564878949,1,TUPY3,0,0.0,0.0
2017-03-30,77394.00222552875,4.801228176147561,0.9999379638209928,1,TUPY3,0,0.0,0.0
2017-03-31,77132.55122817615,4.801228176147561,0.9999377535411483,1,TUPY3,0,0.0,0.0
2017-04-03,75539.86863898793,2.3121099428244634,0.9999693921900517,1,GGBR3,2,1.9949176911540698,0.0
2017-04-04,77508.50398635426,2.3121099428244634,0.9999701695965745,1,GGBR3,0,0.0,0.0
2017-04-05,74737.82325458089,2.3121099428244634,0.9999690637237996,1,GGBR3,0,0.0,0.0
2017-04-06,74227.4363126711,2.3121099428244634,0.9999688510063437,1,GGBR3,0,0.0,0.0
2017-04-07,75102.39411735097,2.3121099428244634,0.9999692138983052,1,GGBR3,0,0.0,0.0
2017-04-10,72185.87540292302,2.3121099428244634,0.9999679700505131,1,GGBR3,0,0.0,0.0
2017-04-11,72185.87540292302,2.3121099428244634,0.9999679700505131,1,GGBR3,0,0.0,0.0
2017-04-12,67811.11704444447,2.3121099428244634,0.9999659036741526,1,GGBR3,0,0.0,0.0
2017-04-13,67738.20024346867,2.3121099428244634,0.9999658669711549,1,GGBR3,0,0.0,0.0
2017-04-17,67154.90088128606,2.3121099428244634,0.9999655704957868,1,GGBR3,0,0.0,0.0
2017-04-18,66352.86425828496,2.3121099428244634,0.9999651543310349,1,GGBR3,0,0.0,0.0
2017-04-19,66134.1226167635,2.3121099428244634,0.9999650390773879,1,GGBR3,0,0.0,0.0
2017-04-20,67592.37540292302,2.3121099428244634,0.9999657933320283,1,GGBR3,0,0.0,0.0
2017-04-24,68904.81210994282,2.3121099428244634,0.9999664448697845,1,GGBR3,0,0.0,0.0
2017-04-25,70946.36425828496,2.3121099428244634,0.9999674104520084,1,GGBR3,0,0.0,0.0
2017-04-26,69852.67357348958,2.3121099428244634,0.9999669001940149,1,GGBR3,0,0.0,0.0
2017-04-27,68321.50398635426,2.3121099428244634,0.9999661583863364,1,GGBR3,0,0.0,0.0
2017-04-28,70508.889736648,2.3121099428244634,0.9999672082491802,1,GGBR3,0,0.0,0.0
2017-05-02,72451.2473490766,6.727524094909313,0.9999071441232407,1,TUPY3,2,1.9948820630723612,0.0
2017-05-03,73231.20769911322,6.727524094909313,0.9999081330991761,1,TUPY3,0,0.0,0.0
2017-05-04,72497.12839918646,6.727524094909313,0.9999072028886735,1,TUPY3,0,0.0,0.0
2017-05-05,74837.00507383856,6.727524094909313,0.9999101043115198,1,TUPY3,0,0.0,0.0
2017-05-08,74561.72752409491,6.727524094909313,0.9999097724218804,1,TUPY3,0,0.0,0.0
2017-05-09,75387.5689242414,6.727524094909313,0.9999107608297905,1,TUPY3,0,0.0,0.0
2017-05-10,77452.16367369208,6.727524094909313,0.9999131396235327,1,TUPY3,0,0.0,0.0
2017-05-11,75479.33102446112,6.727524094909313,0.9999108693200695,1,TUPY3,0,0.0,0.0
2017-05-12,74791.1240237287,6.727524094909313,0.9999100491644868,1,TUPY3,0,0.0,0.0
2017-05-15,75387.5689242414,6.727524094909313,0.9999107608297905,1,TUPY3,0,0.0,0.0
2017-05-16,75341.68787413153,6.727524094909313,0.9999107064855496,1,TUPY3,0,0.0,0.0
2017-05-17,73644.1240237287,6.727524094909313,0.9999086481890566,1,TUPY3,0,0.0,0.0
2017-05-18,68826.72752409491,6.727524094909313,0.9999022541919844,1,TUPY3,0,0.0,0.0
2017-05-19,74286.44997435126,6.727524094909313,0.9999094380725255,1,TUPY3,0,0.0,0.0
2017-05-22,69744.32664900336,6.727524094909313,0.9999035401957672,1,TUPY3,0,0.0,0.0
2017-05-23,71579.52927427801,6.727524094909313,0.9999060132950982,1,TUPY3,0,0.0,0.0
2017-05-24,71396.00944929633,6.727524094909313,0.9999057717070352,1,TUPY3,0,0.0,0.0
2017-05-25,70111.36629896674,6.727524094909313,0.9999040451719879,1,TUPY3,0,0.0,0.0
2017-05-26,70157.2473490766,6.727524094909313,0.9999041079239978,1,TUPY3,0,0.0,0.0
2017-05-29,70157.2473490766,6.727524094909313,0.9999041079239978,1,TUPY3,0,0.0,0.0
2017-05-30,67542.08874922308,6.727524094909313,0.999900395083725,1,TUPY3,0,0.0,0.0
2017-05-31,66624.48962431464,6.727524094909313,0.9998990232550696,1,TUPY3,0,0.0,0.0
2017-06-01,66549.54025903398,66549.54025903398,0.0,0,,1,0.9993992125516641,0.0
2017-06-02,66549.54025903398,66549.54025903398,0.0,0,,0,0.0,0.0
2017-06-05,66549.54025903398,66549.54025903398,0.0,0,,0,0.0,0.0
2017-06-06,66549.54025903398,66549.54025903398,0.0,0,,0,0.0,0.0
2017-06-07,66549.54025903398,66549.54025903398,0.0,0,,0,0.0,0.0
2017-06-08,66549.54025903398,66549.54025903398,0.0,0,,0,0.0,0.0
2017-06-09,66549.54025903398,66549.54025903398,0.0,0,,0,0.0,0.0
2017-06-12,66549.54025903398,66549.54025903398,0.0,0,,0,0.0,0.0
2017-06-13,66549.54025903398,66549.54025903398,0.0,0,,0,0.0,0.0
2017-06-14,66549.54025903398,66549.54025903398,0.0,0,,0,0.0,0.0
2017-06-15,66549.54025903398,66549.54025903398,0.0,0,,0,0.0,0.0
2017-06-16,66549.54025903398,66549.54025903398,0.0,0,,0,0.0,0.0
2017-06-19,66549.54025903398,66549.54025903398,0.0,0,,0,0.0,0.0
2017-06-20,66549.54025903398,66549.54025903398,0.0,0,,0,0.0,0.0
2017-06-21,66549.54025903398,66549.54025903398,0.0,0,,0,0.0,0.0
2017-06-22,66549.54025903398,66549.54025903398,0.0,0,,0,0.0,0.0
2017-06-23,66549.54025903398,66549.54025903398,0.0,0,,0,0.0,0.0
2017-06-26,66549.54025903398,66549.54025903398,0.0,0,,0,0.0,0.0
2017-06-27,66549.54025903398,66549.54025903398,0.0,0,,0,0.0,0.0
2017-06-28,66549.54025903398,66549.54025903398,0.0,0,,0,0.0,0.0
2017-06-29,66549.54025903398,66549.54025903398,0.0,0,,0,0.0,0.0
2017-06-30,66549.54025903398,66549.54025903398,0.0,0,,0,0.0,0.0
2017-07-03,64886.29120887653,5.889622343936935,0.9999092316383906,1,TUPY3,1,0.9979156688421664,0.0
2017-07-04,65385.37073291675,5.889622343936935,0.9999099244635624,1,TUPY3,0,0.0,0.0
2017-07-05,64844.700256956974,5.889622343936935,0.9999091734201778,1,TUPY3,0,0.0,0.0
2017-07-06,65302.18882907764,5.889622343936935,0.9999098097253776,1,TUPY3,0,0.0,0.0
2017-07-07,62806.79120887653,5.889622343936935,0.9999062263454226,1,TUPY3,0,0.0,0.0
2017-07-10,61767.04120887653,5.889622343936935,0.9999046478149404,1,TUPY3,0,0.0,0.0
2017-07-11,60560.93136752979,5.889622343936935,0.9999027488149382,1,TUPY3,0,0.0,0.0
2017-07-12,60852.060098303715,5.889622343936935,0.999903214084545,1,TUPY3,0,0.0,0.0
2017-07-13,61767.04120887653,5.889622343936935,0.9999046478149404,1,TUPY3,0,0.0,0.0
2017-07-14,62390.88962234394,5.889622343936935,0.9999056012443549,1,TUPY3,0,0.0,0.0
2017-07-17,62973.15105022327,5.889622343936935,0.9999064740727482,1,TUPY3,0,0.0,0.0
2017-07-18,62723.60930503742,5.889622343936935,0.9999061019860115,1,TUPY3,0,0.0,0.0
2017-07-19,60519.34041561023,5.889622343936935,0.9999026819806116,1,TUPY3,0,0.0,0.0
2017-07-20,61725.450256956974,5.889622343936935,0.9999045835661073,1,TUPY3,0,0.0,0.0
2017-07-21,62931.560098303715,5.889622343936935,0.99990641226223,1,TUPY3,0,0.0,0.0
2017-07-24,62307.707718504826,5.889622343936935,0.9999054752203284,1,TUPY3,0,0.0,0.0
2017-07-25,61767.04120887653,5.889622343936935,0.9999046478149404,1,TUPY3,0,0.0,0.0
2017-07-26,61018.419939650455,5.889622343936935,0.9999034779604297,1,TUPY3,0,0.0,0.0
2017-07-27,61351.13962234394,5.889622343936935,0.9999040014190415,1,TUPY3,0,0.0,0.0
2017-07-28,61143.18882907764,5.889622343936935,0.9999036749234588,1,TUPY3,0,0.0,0.0
2017-07-31,61559.09041561023,5.889622343936935,0.9999043257087755,1,TUPY3,0,0.0,0.0
2017-08-01,60879.68167007494,2.082716827870172,0.9999657896235536,1,VALE3,2,1.994880826922178,0.0
2017-08-02,60977.68391311693,2.082716827870172,0.9999658446058588,1,VALE3,0,0.0,0.0
2017-08-03,60134.8833149724,2.082716827870172,0.9999653659122117,1,VALE3,0,0.0,0.0
2017-08-04,61212.88181961107,2.082716827870172,0.9999659758409348,1,VALE3,0,0.0,0.0
2017-08-07,63545.27912796068,2.082716827870172,0.9999672246804727,1,VALE3,0,0.0,0.0
2017-08-08,62820.08122146654,2.082716827870172,0.9999668463206769,1,VALE3,0,0.0,0.0
2017-08-09,62565.282866364,2.082716827870172,0.9999667113016604,1,VALE3,0,0.0,0.0
2017-08-10,61742.08271682787,2.082716827870172,0.9999662674672407,1,VALE3,0,0.0,0.0
2017-08-11,60370.08122146654,2.082716827870172,0.9999655008443631,1,VALE3,0,0.0,0.0
2017-08-14,61350.08122146654,2.082716827870172,0.9999660519303902,1,VALE3,0,0.0,0.0
2017-08-15,60997.28436172533,2.082716827870172,0.9999658555811187,1,VALE3,0,0.0,0.0
2017-08-16,62192.88181961107,2.082716827870172,0.9999665119742496,1,VALE3,0,0.0,0.0
2017-08-17,61154.0842121892,2.082716827870172,0.9999659431278434,1,VALE3,0,0.0,0.0
2017-08-18,61840.08122146654,2.082716827870172,0.9999663209234734,1,VALE3,0,0.0,0.0
2017-08-21,62232.08271682787,2.082716827870172,0.9999665330688458,1,VALE3,0,0.0,0.0
2017-08-22,62447.68391311693,2.082716827870172,0.9999666486137297,1,VALE3,0,0.0,0.0
2017-08-23,63780.484511261464,2.082716827870172,0.9999673455470928,1,VALE3,0,0.0,0.0
2017-08-24,66406.88481033372,2.082716827870172,0.9999686370346417,1,VALE3,0,0.0,0.0
2017-08-25,66308.88630569505,2.082716827870172,0.9999685906830306,1,VALE3,0,0.0,0.0
2017-08-28,67347.68391311693,2.082716827870172,0.9999690751528953,1,VALE3,0,0.0,0.0
2017-08-29,67504.48002517747,2.082716827870172,0.9999691469836212,1,VALE3,0,0.0,0.0
2017-08-30,67308.48301590013,2.082716827870172,0.9999690571420637,1,VALE3,0,0.0,0.0
2017-08-31,68758.88630569505,2.082716827870172,0.9999697098522131,1,VALE3,0,0.0,0.0
2017-09-01,68741.13966521171,3.9365249529219,0.9999427340749354,1,TUPY3,2,1.994923676949643,0.0
2017-09-04,71992.77558287529,3.9365249529219,0.9999453205558329,1,TUPY3,0,0.0,0.0
2017-09-05,72445.53809508232,3.9365249529219,0.9999456622856779,1,TUPY3,0,0.0,0.0
2017-09-06,73598.01307066825,3.9365249529219,0.99994651316267,1,TUPY3,0,0.0,0.0
2017-09-07,73598.01307066825,3.9365249529219,0.99994651316267,1,TUPY3,0,0.0,0.0
2017-09-08,74050.77558287529,3.9365249529219,0.999946840192801,1,TUPY3,0,0.0,0.0
2017-09-11,72033.93652495292,3.9365249529219,0.9999453518002371,1,TUPY3,0,0.0,0.0
2017-09-12,72527.85997923759,3.9365249529219,0.9999457239610537,1,TUPY3,0,0.0,0.0
2017-09-13,74709.33495482353,3.9365249529219,0.999947308794071,1,TUPY3,0,0.0,0.0
2017-09-14,74462.37715300468,3.9365249529219,0.9999471340413316,1,TUPY3,0,0.0,0.0
2017-09-15,75450.21621092704,3.9365249529219,0.9999478261938718,1,TUPY3,0,0.0,0.0
2017-09-18,75120.93652495292,3.9365249529219,0.9999475974989793,1,TUPY3,0,0.0,0.0
2017-09-19,74174.2584091082,3.9365249529219,0.9999469286914713,1,TUPY3,0,0.0,0.0
2017-09-20,76067.61464079765,3.9365249529219,0.9999482496595757,1,TUPY3,0,0.0,0.0
2017-09-21,74503.53809508232,3.9365249529219,0.9999471632481682,1,TUPY3,0,0.0,0.0
2017-09-22,73062.93652495292,3.9365249529219,0.9999461214517216,1,TUPY3,0,0.0,0.0
2017-09-25,73268.73338469413,3.9365249529219,0.9999462727855243,1,TUPY3,0,0.0,0.0
2017-09-26,72651.33495482353,3.9365249529219,0.999945816206194,1,TUPY3,0,0.0,0.0
2017-09-27,74503.53809508232,3.9365249529219,0.9999471632481682,1,TUPY3,0,0.0,0.0
2017-09-28,73268.73338469413,3.9365249529219,0.9999462727855243,1,TUPY3,0,0.0,0.0
2017-09-29,73268.73338469413,3.9365249529219,0.9999462727855243,1,TUPY3,0,0.0,0.0
2017-10-02,73578.87889091414,13.080713195027784,0.999822221901282,1,PETR4,2,1.9947771932273504,0.0
2017-10-03,76349.53852645797,13.080713195027784,0.9998286733168598,1,PETR4,0,0.0,0.0
2017-10-04,74820.89998428267,13.080713195027784,0.9998251730038294,1,PETR4,0,0.0,0.0
2017-10-05,75967.37889091414,13.080713195027784,0.999827811445044,1,PETR4,0,0.0,0.0
2017-10-06,74964.20870868606,13.080713195027784,0.9998255072197739,1,PETR4,0,0.0,0.0
2017-10-09,75919.61235324782,13.080713195027784,0.9998277031087281,1,PETR4,0,0.0,0.0
2017-10-10,77352.71326438827,13.080713195027784,0.999830895224705,1,PETR4,0,0.0,0.0
2017-10-11,76827.24034873885,13.080713195027784,0.9998297386039684,1,PETR4,0,0.0,0.0
2017-10-12,76827.24034873885,13.080713195027784,0.9998297386039684,1,PETR4,0,0.0,0.0
2017-10-13,76827.24034873885,13.080713195027784,0.9998297386039684,1,PETR4,0,0.0,0.0
2017-10-16,77018.32472221297,13.080713195027784,0.999830161026714,1,PETR4,0,0.0,0.0
2017-10-17,77066.08670417708,13.080713195027784,0.9998302662850231,1,PETR4,0,0.0,0.0
2017-10-18,77209.39998428267,13.080713195027784,0.9998305813385716,1,PETR4,0,0.0,0.0
2017-10-19,77161.62889091414,13.080713195027784,0.9998304764507561,1,PETR4,0,0.0,0.0
2017-10-20,77496.01743308944,13.080713195027784,0.999831207930055,1,PETR4,0,0.0,0.0
2017-10-23,77400.4843577568,13.080713195027784,0.9998309995951115,1,PETR4,0,0.0,0.0
2017-10-24,78881.35180656356,13.080713195027784,0.9998341722993401,1,PETR4,0,0.0,0.0
2017-10-25,79884.51743308944,13.080713195027784,0.999836254713487,1,PETR4,0,0.0,0.0
2017-10-26,79932.28852645797,13.080713195027784,0.9998363525749585,1,PETR4,0,0.0,0.0
2017-10-27,81365.39399330062,13.080713195027784,0.9998392349308097,1,PETR4,0,0.0,0.0
2017-10-30,80171.14399330062,13.080713195027784,0.999836840132952,1,PETR4,0,0.0,0.0
2017-10-31,80123.37289993209,13.080713195027784,0.9998367428539066,1,PETR4,0,0.0,0.0
2017-11-01,80744.37889091414,13.080713195027784,0.9998379984665843,1,PETR4,0,0.0,0.0
2017-11-02,80744.37889091414,13.080713195027784,0.9998379984665843,1,PETR4,0,0.0,0.0
2017-11-03,80935.46326438827,13.080713195027784,0.9998383809436873,1,PETR4,0,0.0,0.0
2017-11-06,83276.19217101973,13.080713195027784,0.9998429237354157,1,PETR4,0,0.0,0.0
2017-11-07,78833.58071319503,13.080713195027784,0.9998340718120795,1,PETR4,0,0.0,0.0
2017-11-08,80983.2343577568,13.080713195027784,0.9998384762809394,1,PETR4,0,0.0,0.0
2017-11-09,79884.51743308944,13.080713195027784,0.999836254713487,1,PETR4,0,0.0,0.0
2017-11-10,79884.51743308944,13.080713195027784,0.999836254713487,1,PETR4,0,0.0,0.0
2017-11-13,79502.35779754561,13.080713195027784,0.9998354676067804,1,PETR4,0,0.0,0.0
2017-11-14,73340.03253547591,13.080713195027784,0.9998216429316594,1,PETR4,0,0.0,0.0
2017-11-15,73340.03253547591,13.080713195027784,0.9998216429316594,1,PETR4,0,0.0,0.0
2017-11-16,75537.452717704,13.080713195027784,0.9998268314230305,1,PETR4,0,0.0,0.0
2017-11-17,76540.62289993209,13.080713195027784,0.9998291010355099,1,PETR4,0,0.0,0.0
2017-11-20,76540.62289993209,13.080713195027784,0.9998291010355099,1,PETR4,0,0.0,0.0
2017-11-21,75967.37889091414,13.080713195027784,0.999827811445044,1,PETR4,0,0.0,0.0
2017-11-22,76970.55362884444,13.080713195027784,0.9998300556176574,1,PETR4,0,0.0,0.0
2017-11-23,77352.71326438827,13.080713195027784,0.999830895224705,1,PETR4,0,0.0,0.0
2017-11-24,76922.78253547591,13.080713195027784,0.9998299500776769,1,PETR4,0,0.0,0.0
2017-11-27,75824.07016651076,13.080713195027784,0.9998274860058778,1,PETR4,0,0.0,0.0
2017-11-28,75680.76144210738,13.080713195027784,0.9998271593342116,1,PETR4,0,0.0,0.0
2017-11-29,73244.49034873885,13.080713195027784,0.9998214102776503,1,PETR4,0,0.0,0.0
2017-11-30,73483.3412598793,13.080713195027784,0.9998219907672847,1,PETR4,0,0.0,0.0
2017-12-01,73506.69333823795,27.614286266514682,0.9996243296356776,1,VALE3,2,1.9944560236396829,0.0
2017-12-04,76302.54807838077,27.614286266514682,0.9996380948348127,1,VALE3,0,0.0,0.0
2017-12-05,74625.03523429508,27.614286266514682,0.9996299594877267,1,VALE3,0,0.0,0.0
2017-12-06,74086.57081016178,27.614286266514682,0.9996272700171631,1,VALE3,0,0.0,0.0
2017-12-07,73216.75460227604,27.614286266514682,0.9996228419790454,1,VALE3,0,0.0,0.0
2017-12-08,73506.69333823795,27.614286266514682,0.9996243296356776,1,VALE3,0,0.0,0.0
2017-12-11,74086.57081016178,27.614286266514682,0.9996272700171631,1,VALE3,0,0.0,0.0
2017-12-12,74956.39491828556,27.614286266514682,0.9996315953255673,1,VALE3,0,0.0,0.0
2017-12-13,74811.4255503046,27.614286266514682,0.9996308814320355,1,VALE3,0,0.0,0.0
2017-12-14,75080.65776237125,27.614286266514682,0.999632205056675,1,VALE3,0,0.0,0.0
2017-12-15,76426.80302222843,27.614286266514682,0.9996386832214023,1,VALE3,0,0.0,0.0
2017-12-18,78394.25460227604,27.614286266514682,0.9996477511469863,1,VALE3,0,0.0,0.0
2017-12-19,78414.9611261713,27.614286266514682,0.999647844163028,1,VALE3,0,0.0,0.0
2017-12-20,81107.26744636173,27.614286266514682,0.9996595337614502,1,VALE3,0,0.0,0.0
2017-12-21,82308.44333823795,27.614286266514682,0.999664502387039,1,VALE3,0,0.0,0.0
2017-12-22,82432.70618232364,27.614286266514682,0.9996650081315366,1,VALE3,0,0.0,0.0
2017-12-25,82432.70618232364,27.614286266514682,0.9996650081315366,1,VALE3,0,0.0,0.0
2017-12-26,82556.9611261713,27.614286266514682,0.9996655123215556,1,VALE3,0,0.0,0.0
2017-12-27,82577.6755503046,27.614286266514682,0.9996655962270372,1,VALE3,0,0.0,0.0
2017-12-28,83406.07081016178,27.614286266514682,0.9996689175500262,1,VALE3,0,0.0,0.0
2017-12-29,83406.07081016178,27.614286266514682,0.9996689175500262,1,VALE3,0,0.0,0.0
2018-01-02,86429.73681434269,27.614286266514682,0.9996805001694518,1,VALE3,0,0.0,0.0
2018-01-03,85911.98681434269,27.614286266514682,0.9996785746984738,1,VALE3,0,0.0,0.0
2018-01-04,86264.05302222843,27.614286266514682,0.9996798865193663,1,VALE3,0,0.0,0.0
2018-01-05,87610.20618232364,27.614286266514682,0.9996848051446307,1,VALE3,0,0.0,0.0
2018-01-08,89556.94333823795,27.614286266514682,0.9996916566685151,1,VALE3,0,0.0,0.0
2018-01-09,89225.58365424747,27.614286266514682,0.9996905115647826,1,VALE3,0,0.0,0.0
2018-01-10,87982.98681434269,27.614286266514682,0.9996861406134713,1,VALE3,0,0.0,0.0
2018-01-11,89701.9127062189,27.614286266514682,0.9996921549894153,1,VALE3,0,0.0,0.0
2018-01-12,90219.6627062189,27.614286266514682,0.9996939216414892,1,VALE3,0,0.0,0.0
2018-01-15,90053.98681434269,27.614286266514682,0.9996933585369914,1,VALE3,0,0.0,0.0
2018-01-16,87630.9127062189,27.614286266514682,0.9996848796227983,1,VALE3,0,0.0,0.0
2018-01-17,89391.26744636173,27.614286266514682,0.9996910851914804,1,VALE3,0,0.0,0.0
2018-01-18,88790.6755503046,27.614286266514682,0.9996889956507778,1,VALE3,0,0.0,0.0
2018-01-19,88832.09649833317,27.614286266514682,0.9996891406669994,1,VALE3,0,0.0,0.0
2018-01-22,88355.76744636173,27.614286266514682,0.9996874648133945,1,VALE3,0,0.0,0.0
2018-01-23,84793.64491828556,27.614286266514682,0.9996743354258079,1,VALE3,0,0.0,0.0
2018-01-24,86553.99175819034,27.614286266514682,0.9996809588361486,1,VALE3,0,0.0,0.0
2018-01-25,86553.99175819034,27.614286266514682,0.9996809588361486,1,VALE3,0,0.0,0.0
2018-01-26,85829.14491828556,27.614286266514682,0.9996782644602505,1,VALE3,0,0.0,0.0
2018-01-29,86781.80302222843,27.614286266514682,0.9996817963524053,1,VALE3,0,0.0,0.0
2018-01-30,85911.98681434269,27.614286266514682,0.9996785746984738,1,VALE3,0,0.0,0.0
2018-01-31,85870.56586631412,27.614286266514682,0.9996784196541862,1,VALE3,0,0.0,0.0
2018-02-01,89049.12193966289,12.839953426315333,0.9998558104431955,1,PETR4,2,1.9945418277244416,0.0
2018-02-02,86662.66697407146,12.839953426315333,0.9998518398535997,1,PETR4,0,0.0,0.0
2018-02-05,82627.40392589946,12.839953426315333,0.9998446041771102,1,PETR4,0,0.0,0.0
2018-02-06,86749.44896030803,12.839953426315333,0.9998519880693169,1,PETR4,0,0.0,0.0
2018-02-07,84363.00227070232,12.839953426315333,0.9998478011322415,1,PETR4,0,0.0,0.0
2018-02-08,82670.78664303203,12.839953426315333,0.9998446857233649,1,PETR4,0,0.0,0.0
2018-02-09,81455.87193966289,12.839953426315333,0.999842369210217,1,PETR4,0,0.0,0.0
2018-02-14,83538.58995342632,12.839953426315333,0.9998462991363216,1,PETR4,0,0.0,0.0
2018-02-15,84189.43829822917,12.839953426315333,0.9998474873608156,1,PETR4,0,0.0,0.0
2018-02-16,84276.22028446574,12.839953426315333,0.9998476444080788,1,PETR4,0,0.0,0.0
2018-02-19,87009.78664303203,12.839953426315333,0.9998524309285001,1,PETR4,0,0.0,0.0
2018-02-20,88702.00227070232,12.839953426315333,0.999855246182751,1,PETR4,0,0.0,0.0
2018-02-21,87877.58995342632,12.839953426315333,0.9998538881934164,1,PETR4,0,0.0,0.0
2018-02-22,90003.69896030803,12.839953426315333,0.9998573397140935,1,PETR4,0,0.0,0.0
2018-02-23,91652.52359486003,12.839953426315333,0.9998599061659985,1,PETR4,0,0.0,0.0
2018-02-26,93388.12193966289,12.839953426315333,0.9998625097800488,1,PETR4,0,0.0,0.0
2018-02-27,93301.33995342632,12.839953426315333,0.9998623818968438,1,PETR4,0,0.0,0.0
2018-02-28,93127.77598095317,12.839953426315333,0.9998621254154191,1,PETR4,0,0.0,0.0
2018-03-01,95404.68472190597,6.211913068080321,0.9999348888046097,1,GGBR3,2,1.9948053763075442,0.0
2018-03-02,93358.97004600265,6.211913068080321,0.999933462065134,1,GGBR3,0,0.0,0.0
2018-03-05,93768.11134238937,6.211913068080321,0.9999337523921603,1,GGBR3,0,0.0,0.0
2018-03-06,91245.06515403488,6.211913068080321,0.9999319205585793,1,GGBR3,0,0.0,0.0
2018-03-07,93768.11134238937,6.211913068080321,0.9999337523921603,1,GGBR3,0,0.0,0.0
2018-03-08,91176.87493797042,6.211913068080321,0.9999318696426884,1,GGBR3,0,0.0,0.0
2018-03-09,90767.7336415837,6.211913068080321,0.9999315625407966,1,GGBR3,0,0.0,0.0
2018-03-12,91654.2064504216,6.211913068080321,0.9999322244629172,1,GGBR3,0,0.0,0.0
2018-03-13,91722.40486045578,6.211913068080321,0.9999322748560995,1,GGBR3,0,0.0,0.0
2018-03-14,89403.92112632492,6.211913068080321,0.9999305185612687,1,GGBR3,0,0.0,0.0
2018-03-15,87017.25537009933,6.211913068080321,0.9999286128591202,1,GGBR3,0,0.0,0.0
2018-03-16,88312.86947532394,6.211913068080321,0.9999296601604615,1,GGBR3,0,0.0,0.0
2018-03-19,85994.3939351628,6.211913068080321,0.9999277637438463,1,GGBR3,0,0.0,0.0
2018-03-20,90426.78256126144,6.211913068080321,0.9999313044997054,1,GGBR3,0,0.0,0.0
2018-03-21,90494.9727773259,6.211913068080321,0.999931356263476,1,GGBR3,0,0.0,0.0
2018-03-22,87835.5461568425,6.211913068080321,0.9999292779137846,1,GGBR3,0,0.0,0.0
2018-03-23,87903.72817893722,6.211913068080321,0.9999293327689648,1,GGBR3,0,0.0,0.0
2018-03-26,88994.7798299382,6.211913068080321,0.9999301991298821,1,GGBR3,0,0.0,0.0
2018-03-27,87085.44558616378,6.211913068080321,0.9999286687571468,1,GGBR3,0,0.0,0.0
2018-03-28,86062.59234519699,6.211913068080321,0.9999278209858801,1,GGBR3,0,0.0,0.0
2018-03-29,89676.68199058273,6.211913068080321,0.9999307298962206,1,GGBR3,0,0.0,0.0
2018-04-02,90472.90079006966,90472.90079006966,0.0,0,,1,0.9994315453322361,0.0
2018-04-03,90472.90079006966,90472.90079006966,0.0,0,,0,0.0,0.0
2018-04-04,90472.90079006966,90472.90079006966,0.0,0,,0,0.0,0.0
2018-04-05,90472.90079006966,90472.90079006966,0.0,0,,0,0.0,0.0
2018-04-06,90472.90079006966,90472.90079006966,0.0,0,,0,0.0,0.0
2018-04-09,90472.90079006966,90472.90079006966,0.0,0,,0,0.0,0.0
2018-04-10,90472.90079006966,90472.90079006966,0.0,0,,0,0.0,0.0
2018-04-11,90472.90079006966,90472.90079006966,0.0,0,,0,0.0,0.0
2018-04-12,90472.90079006966,90472.90079006966,0.0,0,,0,0.0,0.0
2018-04-13,90472.90079006966,90472.90079006966,0.0,0,,0,0.0,0.0
2018-04-16,90472.90079006966,90472.90079006966,0.0,0,,0,0.0,0.0
2018-04-17,90472.90079006966,90472.90079006966,0.0,0,,0,0.0,0.0
2018-04-18,90472.90079006966,90472.90079006966,0.0,0,,0,0.0,0.0
2018-04-19,90472.90079006966,90472.90079006966,0.0,0,,0,0.0,0.0
2018-04-20,90472.90079006966,90472.90079006966,0.0,0,,0,0.0,0.0
2018-04-23,90472.90079006966,90472.90079006966,0.0,0,,0,0.0,0.0
2018-04-24,90472.90079006966,90472.90079006966,0.0,0,,0,0.0,0.0
2018-04-25,90472.90079006966,90472.90079006966,0.0,0,,0,0.0,0.0
2018-04-26,90472.90079006966,90472.90079006966,0.0,0,,0,0.0,0.0
2018-04-27,90472.90079006966,90472.90079006966,0.0,0,,0,0.0,0.0
2018-04-30,90472.90079006966,90472.90079006966,0.0,0,,0,0.0,0.0
2018-05-02,90637.88387718881,37.28558006967069,0.9995886313925842,1,VALE3,1,0.9975926958440845,0.0
2018-05-03,91344.68586388315,37.28558006967069,0.9995918144584215,1,VALE3,0,0.0,0.0
2018-05-04,92479.28699913705,37.28558006967069,0.9995968223666125,1,VALE3,0,0.0,0.0
2018-05-07,91623.68870201791,37.28558006967069,0.9995930574221812,1,VALE3,0,0.0,0.0
2018-05-08,91530.68302574838,37.28558006967069,0.9995926439218291,1,VALE3,0,0.0,0.0
2018-05-09,93502.28558006967,37.28558006967069,0.9996012334903007,1,VALE3,0,0.0,0.0
2018-05-10,95641.28841820444,37.28558006967069,0.9996101518425115,1,VALE3,0,0.0,0.0
2018-05-11,97929.087566764,37.28558006967069,0.9996192593947713,1,VALE3,0,0.0,0.0
2018-05-14,100979.4864315101,37.28558006967069,0.9996307608467095,1,VALE3,0,0.0,0.0
2018-05-15,101686.28841820444,37.28558006967069,0.9996333273576047,1,VALE3,0,0.0,0.0
2018-05-16,104011.28841820444,37.28558006967069,0.9996415237169282,1,VALE3,0,0.0,0.0
2018-05-17,103044.087566764,37.28558006967069,0.9996381589574898,1,VALE3,0,0.0,0.0
2018-05-18,101909.4864315101,37.28558006967069,0.9996341304291163,1,VALE3,0,0.0,0.0
2018-05-21,98617.28558006967,37.28558006967069,0.9996219163826062,1,VALE3,0,0.0,0.0
2018-05-22,97389.68586388315,37.28558006967069,0.9996171506280266,1,VALE3,0,0.0,0.0
2018-05-23,96645.68302574838,37.28558006967069,0.9996142033570218,1,VALE3,0,0.0,0.0
2018-05-24,97612.88387718881,37.28558006967069,0.9996180260372536,1,VALE3,0,0.0,0.0
2018-05-25,95790.08472862924,37.28558006967069,0.9996107574163308,1,VALE3,0,0.0,0.0
2018-05-28,95027.48501244272,37.28558006967069,0.9996076337276022,1,VALE3,0,0.0,0.0
2018-05-29,93334.8852962562,37.28558006967069,0.9996005182847623,1,VALE3,0,0.0,0.0
2018-05-30,94209.087566764,37.28558006967069,0.9996042252288746,1,VALE3,0,0.0,0.0
2018-06-01,98170.88245812143,37.28558006967069,0.9996201971589124,1,VALE3,0,0.0,0.0
2018-06-04,97724.4864315101,37.28558006967069,0.9996184622561736,1,VALE3,0,0.0,0.0
2018-06-05,99975.08472862924,37.28558006967069,0.9996270512781171,1,VALE3,0,0.0,0.0
2018-06-06,104327.48501244272,37.28558006967069,0.9996426101897767,1,VALE3,0,0.0,0.0
2018-06-07,101165.48359337533,37.28558006967069,0.9996314397090262,1,VALE3,0,0.0,0.0
2018-06-08,94692.68444481576,37.28558006967069,0.9996062464562254,1,VALE3,0,0.0,0.0
2018-06-11,94618.2827419349,37.28558006967069,0.9996059368338848,1,VALE3,0,0.0,0.0
2018-06-12,96199.28699913705,37.28558006967069,0.9996124131349331,1,VALE3,0,0.0,0.0
2018-06-13,95920.28416100229,37.28558006967069,0.9996112857630083,1,VALE3,0,0.0,0.0
2018-06-14,96217.88387718881,37.28558006967069,0.9996124880472609,1,VALE3,0,0.0,0.0
2018-06-15,91419.087566764,37.28558006967069,0.9995921466614678,1,VALE3,0,0.0,0.0
2018-06-18,91567.88387718881,37.28558006967069,0.9995928094164579,1,VALE3,0,0.0,0.0
2018-06-19,89875.28416100229,37.28558006967069,0.9995851408936535,1,VALE3,0,0.0,0.0
2018-06-20,90823.88813439096,37.28558006967069,0.9995894738616068,1,VALE3,0,0.0,0.0
2018-06-21,87847.88387718881,37.28558006967069,0.9995755665540925,1,VALE3,0,0.0,0.0
2018-06-22,89335.88245812143,37.28558006967069,0.9995826360131703,1,VALE3,0,0.0,0.0
2018-06-25,87754.8852962562,37.28558006967069,0.9995751167590978,1,VALE3,0,0.0,0.0
2018-06-26,89949.68586388315,37.28558006967069,0.9995854840435342,1,VALE3,0,0.0,0.0
2018-06-27,89596.28841820444,37.28558006967069,0.9995838490552685,1,VALE3,0,0.0,0.0
2018-06-28,91307.48501244272,37.28558006967069,0.9995916481538771,1,VALE3,0,0.0,0.0
2018-06-29,92274.68586388315,37.28558006967069,0.9995959283987738,1,VALE3,0,0.0,0.0
2018-07-02,93200.3560840049,13.57569803383376,0.9998543385604493,1,TUPY3,2,1.994452422046132,0.0
2018-07-03,91379.11299623635,13.57569803383376,0.9998514354365161,1,TUPY3,0,0.0,0.0
2018-07-04,92289.73454012063,13.57569803383376,0.9998529013210247,1,TUPY3,0,0.0,0.0
2018-07-05,92239.14338220742,13.57569803383376,0.9998528206406083,1,TUPY3,0,0.0,0.0
2018-07-06,92694.45415414956,13.57569803383376,0.9998535435786562,1,TUPY3,0,0.0,0.0
2018-07-10,92896.81878580239,13.57569803383376,0.9998538626164892,1,TUPY3,0,0.0,0.0
2018-07-11,93402.711066381,13.57569803383376,0.9998546541328529,1,TUPY3,0,0.0,0.0
2018-07-12,92947.4099437156,13.57569803383376,0.9998539421588826,1,TUPY3,0,0.0,0.0
2018-07-13,93352.12955774453,13.57569803383376,0.9998545753792855,1,TUPY3,0,0.0,0.0
2018-07-16,93605.07569803383,13.57569803383376,0.9998549683558012,1,TUPY3,0,0.0,0.0
2018-07-17,93099.17376817849,13.57569803383376,0.9998541802522584,1,TUPY3,0,0.0,0.0
2018-07-18,93554.48454012063,13.57569803383376,0.9998548899275052,1,TUPY3,0,0.0,0.0
2018-07-19,96792.24145235207,13.57569803383376,0.999859743944038,1,TUPY3,0,0.0,0.0
2018-07-20,97399.32569803383,13.57569803383376,0.9998606181517526,1,TUPY3,0,0.0,0.0
2018-07-23,96539.29531206276,13.57569803383376,0.9998593764540133,1,TUPY3,0,0.0,0.0
2018-07-24,98360.53839983132,13.57569803383376,0.9998619802386741,1,TUPY3,0,0.0,0.0
2018-07-25,98309.94724191811,13.57569803383376,0.9998619092124988,1,TUPY3,0,0.0,0.0
2018-07-26,96741.6599437156,13.57569803383376,0.9998596706109681,1,TUPY3,0,0.0,0.0
2018-07-27,97399.32569803383,13.57569803383376,0.9998606181517526,1,TUPY3,0,0.0,0.0
2018-07-30,98917.02183832314,13.57569803383376,0.9998627567047457,1,TUPY3,0,0.0,0.0
2018-07-31,101851.24145235207,13.57569803383376,0.9998667105295895,1,TUPY3,0,0.0,0.0
2018-08-01,103166.58261026528,13.57569803383376,0.9998684099279985,1,TUPY3,0,0.0,0.0
2018-08-02,104987.82569803383,13.57569803383376,0.999870692645137,1,TUPY3,0,0.0,0.0
2018-08-03,104633.69724191811,13.57569803383376,0.9998702550096987,1,TUPY3,0,0.0,0.0
2018-08-06,107517.32569803383,13.57569803383376,0.9998737347869685,1,TUPY3,0,0.0,0.0
2018-08-07,105696.08261026528,13.57569803383376,0.9998715591183839,1,TUPY3,0,0.0,0.0
2018-08-08,107517.32569803383,13.57569803383376,0.9998737347869685,1,TUPY3,0,0.0,0.0
2018-08-09,106252.57569803383,13.57569803383376,0.9998722318217262,1,TUPY3,0,0.0,0.0
2018-08-10,108630.30222429421,13.57569803383376,0.999875028442747,1,TUPY3,0,0.0,0.0
2018-08-13,107820.86299623635,13.57569803383376,0.9998740902488018,1,TUPY3,0,0.0,0.0
2018-08-14,109540.92376817849,13.57569803383376,0.9998760673402521,1,TUPY3,0,0.0,0.0
2018-08-15,107365.55222429421,13.57569803383376,0.9998735562966651,1,TUPY3,0,0.0,0.0
2018-08-16,107669.09917177346,13.57569803383376,0.9998739127740618,1,TUPY3,0,0.0,0.0
2018-08-17,108984.44032968667,13.57569803383376,0.9998754345299864,1,TUPY3,0,0.0,0.0
2018-08-20,110299.77183832314,13.57569803383376,0.9998769199808162,1,TUPY3,0,0.0,0.0
2018-08-21,110552.72762788918,13.57569803383376,0.9998772016003121,1,TUPY3,0,0.0,0.0
2018-08-22,114397.56878580239,13.57569803383376,0.9998813287889077,1,TUPY3,0,0.0,0.0
2018-08-23,118394.17376817849,13.57569803383376,0.9998853347457755,1,TUPY3,0,0.0,0.0
2018-08-24,116572.94032968667,13.57569803383376,0.9998835433163525,1,TUPY3,0,0.0,0.0
2018-08-27,116370.57569803383,13.57569803383376,0.9998833408019819,1,TUPY3,0,0.0,0.0
2018-08-28,117837.69032968667,13.57569803383376,0.9998847932440303,1,TUPY3,0,0.0,0.0
2018-08-29,119153.02183832314,13.57569803383376,0.9998860650126671,1,TUPY3,0,0.0,0.0
2018-08-30,117483.55222429421,13.57569803383376,0.999884445969016,1,TUPY3,0,0.0,0.0
2018-08-31,120518.95415414956,13.57569803383376,0.9998873563239151,1,TUPY3,0,0.0,0.0
2018-09-03,119001.25801386025,13.57569803383376,0.9998859197099222,1,TUPY3,0,0.0,0.0
2018-09-04,116269.39338220742,13.57569803383376,0.9998832392804424,1,TUPY3,0,0.0,0.0
2018-09-05,116370.57569803383,13.57569803383376,0.9998833408019819,1,TUPY3,0,0.0,0.0
2018-09-06,115510.54531206276,13.57569803383376,0.9998824722193358,1,TUPY3,0,0.0,0.0
2018-09-10,113436.3560840049,13.57569803383376,0.9998803232182125,1,TUPY3,0,0.0,0.0
2018-09-11,114852.87955774453,13.57569803383376,0.9998817992366748,1,TUPY3,0,0.0,0.0
2018-09-12,113739.89338220742,13.57569803383376,0.9998806425992662,1,TUPY3,0,0.0,0.0
2018-09-13,114195.20415414956,13.57569803383376,0.9998811184923712,1,TUPY3,0,0.0,0.0
2018-09-14,115712.9099437156,13.57569803383376,0.9998826777579058,1,TUPY3,0,0.0,0.0
2018-09-17,110198.59917177346,13.57569803383376,0.9998768069817959,1,TUPY3,0,0.0,0.0
2018-09-18,105341.95415414956,13.57569803383376,0.9998711273381736,1,TUPY3,0,0.0,0.0
2018-09-19,106353.75801386025,13.57569803383376,0.999872353377188,1,TUPY3,0,0.0,0.0
2018-09-20,106252.57569803383,13.57569803383376,0.9998722318217262,1,TUPY3,0,0.0,0.0
2018-09-21,104228.97762788918,13.57569803383376,0.9998697512117762,1,TUPY3,0,0.0,0.0
2018-09-24,101952.42376817849,13.57569803383376,0.9998668428122445,1,TUPY3,0,0.0,0.0
2018-09-25,102003.0149260917,13.57569803383376,0.9998669088551582,1,TUPY3,0,0.0,0.0
2018-09-26,98714.66685594704,13.57569803383376,0.9998624753700112,1,TUPY3,0,0.0,0.0
2018-09-27,98664.07569803383,13.57569803383376,0.9998624048526499,1,TUPY3,0,0.0,0.0
2018-09-28,102559.50801386025,13.57569803383376,0.9998676310144545,1,TUPY3,0,0.0,0.0
2018-10-01,102389.77590849734,14.775908497336786,0.9998556896099612,1,PETR4,2,1.9947383765952051,0.0
2018-10-02,111262.2744207654,14.775908497336786,0.9998671974973165,1,PETR4,0,0.0,0.0
2018-10-03,115991.03037169314,14.775908497336786,0.9998726116282441,1,PETR4,0,0.0,0.0
2018-10-04,117112.27814009524,14.775908497336786,0.999873831260633,1,PETR4,0,0.0,0.0
2018-10-05,116819.77144530154,14.775908497336786,0.9998735153449239,1,PETR4,0,0.0,0.0
2018-10-08,129689.77776816225,14.775908497336786,0.9998860672849348,1,PETR4,0,0.0,0.0
2018-10-09,130762.2744207654,14.775908497336786,0.9998870017475393,1,PETR4,0,0.0,0.0
2018-10-10,127008.5221891675,14.775908497336786,0.9998836620705237,1,PETR4,0,0.0,0.0
2018-10-11,123303.53037169314,14.775908497336786,0.9998801663792367,1,PETR4,0,0.0,0.0
2018-10-15,125643.52814009524,14.775908497336786,0.9998823981727029,1,PETR4,0,0.0,0.0
2018-10-16,130323.52367689944,14.775908497336786,0.999886621324528,1,PETR4,0,0.0,0.0
2018-10-17,128958.52962782717,14.775908497336786,0.9998854212393706,1,PETR4,0,0.0,0.0
2018-10-18,125302.27962782717,14.775908497336786,0.9998820778956199,1,PETR4,0,0.0,0.0
2018-10-19,126374.77628043032,14.775908497336786,0.9998830786575278,1,PETR4,0,0.0,0.0
2018-10-22,129348.52925589419,14.775908497336786,0.9998857667065691,1,PETR4,0,0.0,0.0
2018-10-23,127739.77962782717,14.775908497336786,0.999884328057083,1,PETR4,0,0.0,0.0
2018-10-24,125204.77739622927,14.775908497336786,0.9998819860647123,1,PETR4,0,0.0,0.0
2018-10-25,128324.7744207654,14.775908497336786,0.9998848553713495,1,PETR4,0,0.0,0.0
2018-10-26,134564.77776816225,14.775908497336786,0.9998901948285249,1,PETR4,0,0.0,0.0
2018-10-29,128812.27628043032,14.775908497336786,0.9998852911467446,1,PETR4,0,0.0,0.0
2018-10-30,136514.77590849734,14.775908497336786,0.9998917633025509,1,PETR4,0,0.0,0.0
2018-10-31,134662.27999976015,14.775908497336786,0.9998902743329656,1,PETR4,0,0.0,0.0
2018-11-01,133199.7744207654,14.775908497336786,0.9998890695681611,1,PETR4,0,0.0,0.0
2018-11-05,137294.77516463137,14.775908497336786,0.9998923782170179,1,PETR4,0,0.0,0.0
2018-11-06,132566.02851202822,14.775908497336786,0.9998885392535087,1,PETR4,0,0.0,0.0
2018-11-07,128227.2721891675,14.775908497336786,0.9998847678169778,1,PETR4,0,0.0,0.0
2018-11-08,123596.02776816225,14.775908497336786,0.9998804499726718,1,PETR4,0,0.0,0.0
2018-11-09,124132.27144530154,14.775908497336786,0.99988096642134,1,PETR4,0,0.0,0.0
2018-11-12,123498.52553656435,14.775908497336786,0.9998803555877842,1,PETR4,0,0.0,0.0
2018-11-13,118184.77479269839,14.775908497336786,0.9998749762097253,1,PETR4,0,0.0,0.0
2018-11-14,122377.27776816225,14.775908497336786,0.9998792593791364,1,PETR4,0,0.0,0.0
2018-11-16,125789.7721891675,14.775908497336786,0.9998825348973912,1,PETR4,0,0.0,0.0
2018-11-19,126764.77590849734,14.775908497336786,0.9998834383732276,1,PETR4,0,0.0,0.0
2018-11-21,122718.52628043032,14.775908497336786,0.9998795951276047,1,PETR4,0,0.0,0.0
2018-11-22,122621.02404883242,14.775908497336786,0.9998794993875483,1,PETR4,0,0.0,0.0
2018-11-23,118818.52999976015,14.775908497336786,0.9998756430625984,1,PETR4,0,0.0,0.0
2018-11-26,118233.52590849734,14.775908497336786,0.9998750277606643,1,PETR4,0,0.0,0.0
2018-11-27,124473.52925589419,14.775908497336786,0.9998812927649303,1,PETR4,0,0.0,0.0
2018-11-28,123742.27181723452,14.775908497336786,0.9998805912621423,1,PETR4,0,0.0,0.0
2018-11-29,122718.52628043032,14.775908497336786,0.9998795951276047,1,PETR4,0,0.0,0.0
2018-11-30,124132.27144530154,14.775908497336786,0.99988096642134,1,PETR4,0,0.0,0.0
2018-12-03,123864.06654518719,6.0441777097730665,0.9999512031384213,1,BBSE3,2,1.994848050503569,0.0
2018-12-04,121913.54417770977,6.0441777097730665,0.9999504224263962,1,BBSE3,0,0.0,0.0
2018-12-05,123243.44079559918,6.0441777097730665,0.9999509574085992,1,BBSE3,0,0.0,0.0
2018-12-06,126346.54417770977,6.0441777097730665,0.9999521619071648,1,BBSE3,0,0.0,0.0
2018-12-07,127188.81654518719,6.0441777097730665,0.9999524787015561,1,BBSE3,0,0.0,0.0
2018-12-10,125903.24248665448,6.0441777097730665,0.9999519934706176,1,BBSE3,0,0.0,0.0
2018-12-11,126169.22011917706,6.0441777097730665,0.9999520946732962,1,BBSE3,0,0.0,0.0
2018-12-12,120406.32350128765,6.0441777097730665,0.9999498018249041,1,BBSE3,0,0.0,0.0
2018-12-13,120982.61823624249,6.0441777097730665,0.9999500409414354,1,BBSE3,0,0.0,0.0
2018-12-14,120361.99248665448,6.0441777097730665,0.9999497833362102,1,BBSE3,0,0.0,0.0
2018-12-17,118588.79417770977,6.0441777097730665,0.9999490324718142,1,BBSE3,0,0.0,0.0
2018-12-18,119697.04417770977,6.0441777097730665,0.9999495043695414,1,BBSE3,0,0.0,0.0
2018-12-19,117480.54417770977,6.0441777097730665,0.9999485516708143,1,BBSE3,0,0.0,0.0
2018-12-20,116416.62519234295,6.0441777097730665,0.9999480814900811,1,BBSE3,0,0.0,0.0
2018-12-21,119253.74248665448,6.0441777097730665,0.9999493166622385,1,BBSE3,0,0.0,0.0
2018-12-26,118810.44079559918,6.0441777097730665,0.9999491275542006,1,BBSE3,0,0.0,0.0
2018-12-27,120539.31654518719,6.0441777097730665,0.9999498572093902,1,BBSE3,0,0.0,0.0
2018-12-28,122312.51485413189,6.0441777097730665,0.9999505841432744,1,BBSE3,0,0.0,0.0
2019-01-02,125548.60282486553,6.0441777097730665,0.9999518578656091,1,BBSE3,0,0.0,0.0
2019-01-03,126922.83045738812,6.0441777097730665,0.9999523791134504,1,BBSE3,0,0.0,0.0
2019-01-04,125681.59586876507,6.0441777097730665,0.999951908808382,1,BBSE3,0,0.0,0.0
2019-01-07,123819.73553055401,6.0441777097730665,0.9999511856677461,1,BBSE3,0,0.0,0.0
2019-01-08,122002.20620697613,6.0441777097730665,0.9999504584556486,1,BBSE3,0,0.0,0.0
2019-01-09,118145.49248665448,6.0441777097730665,0.9999488412331053,1,BBSE3,0,0.0,0.0
2019-01-10,121470.24248665448,6.0441777097730665,0.9999502414946572,1,BBSE3,0,0.0,0.0
2019-01-11,123021.79417770977,6.0441777097730665,0.9999508690492593,1,BBSE3,0,0.0,0.0
2019-01-14,124130.04417770977,6.0441777097730665,0.9999513076971026,1,BBSE3,0,0.0,0.0
2019-01-15,124706.33045738812,6.0441777097730665,0.99995153271139,1,BBSE3,0,0.0,0.0
2019-01-16,125903.24248665448,6.0441777097730665,0.9999519934706176,1,BBSE3,0,0.0,0.0
2019-01-17,128696.03722160931,6.0441777097730665,0.9999530352461485,1,BBSE3,0,0.0,0.0
2019-01-18,131400.1614720213,6.0441777097730665,0.9999540017482317,1,BBSE3,0,0.0,0.0
2019-01-21,129006.34586876507,6.0441777097730665,0.9999531482139962,1,BBSE3,0,0.0,0.0
2019-01-22,129227.99248665448,6.0441777097730665,0.9999532285722816,1,BBSE3,0,0.0,0.0
2019-01-23,131444.4924866545,6.0441777097730665,0.9999540172616178,1,BBSE3,0,0.0,0.0
2019-01-24,132951.7131630766,6.0441777097730665,0.9999545385496283,1,BBSE3,0,0.0,0.0
2019-01-28,133262.02181023237,6.0441777097730665,0.9999546444093547,1,BBSE3,0,0.0,0.0
2019-01-29,133217.6907955992,6.0441777097730665,0.9999546293163191,1,BBSE3,0,0.0,0.0
2019-01-30,135921.82350128767,6.0441777097730665,0.9999555319553984,1,BBSE3,0,0.0,0.0
2019-01-31,137695.02181023237,6.0441777097730665,0.999956104602546,1,BBSE3,0,0.0,0.0
2019-02-01,138352.2557788284,12.659869709750637,0.9999084953863709,1,PETR4,2,1.9948741959195417,0.0
2019-02-04,139585.52355150296,12.659869709750637,0.9999093038490837,1,PETR4,0,0.0,0.0
2019-02-05,139853.61946062162,12.659869709750637,0.9999094777113486,1,PETR4,0,0.0,0.0
2019-02-06,136690.03864244535,12.659869709750637,0.9999073826459083,1,PETR4,0,0.0,0.0
2019-02-07,134545.24068788602,12.659869709750637,0.9999059062242185,1,PETR4,0,0.0,0.0
2019-02-08,134759.71536974027,12.659869709750637,0.9999060559776709,1,PETR4,0,0.0,0.0
2019-02-11,133204.74068788602,12.659869709750637,0.9999049593156792,1,PETR4,0,0.0,0.0
2019-02-12,137923.29618791654,12.659869709750637,0.9999082107949878,1,PETR4,0,0.0,0.0
2019-02-13,139692.7557788284,12.659869709750637,0.9999093734700903,1,PETR4,0,0.0,0.0
2019-02-14,144518.5639605911,12.659869709750637,0.9999123996989535,1,PETR4,0,0.0,0.0
2019-02-15,143928.74068788602,12.659869709750637,0.9999120407109153,1,PETR4,0,0.0,0.0
2019-02-18,143499.78109697415,12.659869709750637,0.9999117777768511,1,PETR4,0,0.0,0.0
2019-02-19,146824.21536974027,12.659869709750637,0.9999137753286959,1,PETR4,0,0.0,0.0
2019-02-20,145001.14477876737,12.659869709750637,0.9999126912430307,1,PETR4,0,0.0,0.0
2019-02-21,146931.45782426908,12.659869709750637,0.9999138382624305,1,PETR4,0,0.0,0.0
2019-02-22,145483.71536974027,12.659869709750637,0.999912980846842,1,PETR4,0,0.0,0.0
2019-02-25,143178.0639605911,12.659869709750637,0.9999115795439639,1,PETR4,0,0.0,0.0
2019-02-26,142534.61946062162,12.659869709750637,0.9999111803872094,1,PETR4,0,0.0,0.0
2019-02-27,145215.61946062162,12.659869709750637,0.999912820192781,1,PETR4,0,0.0,0.0
2019-02-28,145108.3770060928,12.659869709750637,0.9999127557624794,1,PETR4,0,0.0,0.0
2019-03-01,143178.0639605911,12.659869709750637,0.9999115795439639,1,PETR4,0,0.0,0.0
2019-03-06,143499.78109697415,12.659869709750637,0.9999117777768511,1,PETR4,0,0.0,0.0
2019-03-07,143553.40232423856,12.659869709750637,0.9999118107303291,1,PETR4,0,0.0,0.0
2019-03-08,143017.20027879789,12.659869709750637,0.9999114800899117,1,PETR4,0,0.0,0.0
2019-03-11,148808.15986970975,12.659869709750637,0.9999149248957797,1,PETR4,0,0.0,0.0
2019-03-12,147467.65986970975,12.659869709750637,0.9999141515521374,1,PETR4,0,0.0,0.0
2019-03-13,150684.86191515042,12.659869709750637,0.9999159844622157,1,PETR4,0,0.0,0.0
2019-03-14,151167.4427333267,12.659869709750637,0.9999162526700138,1,PETR4,0,0.0,0.0
2019-03-15,151489.15986970975,12.659869709750637,0.9999164305240016,1,PETR4,0,0.0,0.0
2019-03-18,154116.53864244535,12.659869709750637,0.9999178552164403,1,PETR4,0,0.0,0.0
2019-03-19,156583.0639605911,12.659869709750637,0.9999191491762294,1,PETR4,0,0.0,0.0
2019-03-20,155349.79618791654,12.659869709750637,0.9999185073297783,1,PETR4,0,0.0,0.0
2019-03-21,153151.3770060928,12.659869709750637,0.9999173375391248,1,PETR4,0,0.0,0.0
2019-03-22,144786.65986970975,12.659869709750637,0.9999125619050737,1,PETR4,0,0.0,0.0
2019-03-25,146609.74068788602,12.659869709750637,0.9999136491910404,1,PETR4,0,0.0,0.0
2019-03-26,153526.71536974027,12.659869709750637,0.99991753963029,1,PETR4,0,0.0,0.0
2019-03-27,146609.74068788602,12.659869709750637,0.9999136491910404,1,PETR4,0,0.0,0.0
2019-03-28,150470.3770060928,12.659869709750637,0.9999158647039926,1,PETR4,0,0.0,0.0
2019-03-29,150470.3770060928,12.659869709750637,0.9999158647039926,1,PETR4,0,0.0,0.0
2019-04-01,150148.65986970975,12.659869709750637,0.9999156844308784,1,PETR4,0,0.0,0.0
2019-04-02,151703.64477876737,12.659869709750637,0.9999165486779951,1,PETR4,0,0.0,0.0
2019-04-03,147682.14477876737,12.659869709750637,0.9999142762334017,1,PETR4,0,0.0,0.0
2019-04-04,152668.79618791654,12.659869709750637,0.9999170762459267,1,PETR4,0,0.0,0.0
2019-04-05,154331.02355150296,12.659869709750637,0.9999179693789465,1,PETR4,0,0.0,0.0
2019-04-08,156851.15986970975,12.659869709750637,0.999919287369502,1,PETR4,0,0.0,0.0
2019-04-09,156368.57905153348,12.659869709750637,0.9999190382761899,1,PETR4,0,0.0,0.0
2019-04-10,154331.02355150296,12.659869709750637,0.9999179693789465,1,PETR4,0,0.0,0.0
2019-04-11,150148.65986970975,12.659869709750637,0.9999156844308784,1,PETR4,0,0.0,0.0
2019-04-12,138513.11946062162,12.659869709750637,0.9999086016562254,1,PETR4,0,0.0,0.0
2019-04-15,139049.3215060623,12.659869709750637,0.9999089541065528,1,PETR4,0,0.0,0.0
2019-04-16,143285.29618791654,12.659869709750637,0.9999116457162978,1,PETR4,0,0.0,0.0
2019-04-17,143446.15986970975,12.659869709750637,0.9999117447987367,1,PETR4,0,0.0,0.0
2019-04-18,148003.86191515042,12.659869709750637,0.9999144625718145,1,PETR4,0,0.0,0.0
2019-04-22,147145.9427333267,12.659869709750637,0.999913963854697,1,PETR4,0,0.0,0.0
2019-04-23,148432.8215060623,12.659869709750637,0.9999147097684913,1,PETR4,0,0.0,0.0
2019-04-24,148003.86191515042,12.659869709750637,0.9999144625718145,1,PETR4,0,0.0,0.0
2019-04-25,149076.2557788284,12.659869709750637,0.9999150778932325,1,PETR4,0,0.0,0.0
2019-04-26,146127.15986970975,12.659869709750637,0.9999133640199328,1,PETR4,0,0.0,0.0
2019-04-29,146770.60436967923,12.659869709750637,0.9999137438333505,1,PETR4,0,0.0,0.0
2019-04-30,145376.48314241483,12.659869709750637,0.9999129166599983,1,PETR4,0,0.0,0.0
2019-05-02,143959.89284150212,12.592455073288875,0.9999125280324628,1,BBSE3,2,1.994834706639212,0.0
2019-05-03,141984.5459329328,12.592455073288875,0.9999113110867768,1,BBSE3,0,0.0,0.0
2019-05-06,144466.3947736463,12.592455073288875,0.9999128347108474,1,BBSE3,0,0.0,0.0
2019-05-07,139705.29206864446,12.592455073288875,0.9999098641512656,1,BBSE3,0,0.0,0.0
2019-05-08,138945.54400078862,12.592455073288875,0.9999093712924452,1,BBSE3,0,0.0,0.0
2019-05-09,139907.89670579045,12.592455073288875,0.9999099946795729,1,BBSE3,0,0.0,0.0
2019-05-10,142339.09438721745,12.592455073288875,0.9999115319995009,1,BBSE3,0,0.0,0.0
2019-05-13,141832.5924550733,12.592455073288875,0.999911216069203,1,BBSE3,0,0.0,0.0
2019-05-14,144871.59438721745,12.592455073288875,0.999913078508409,1,BBSE3,0,0.0,0.0
2019-05-15,143098.8424550733,12.592455073288875,0.9999120016985655,1,BBSE3,0,0.0,0.0
2019-05-16,143757.28820435613,12.592455073288875,0.9999124047536609,1,BBSE3,0,0.0,0.0
2019-05-17,140920.89090935796,12.592455073288875,0.9999106416728419,1,BBSE3,0,0.0,0.0
2019-05-20,143605.34438721745,12.592455073288875,0.9999123120721793,1,BBSE3,0,0.0,0.0
2019-05-21,143554.69322793095,12.592455073288875,0.9999122811327854,1,BBSE3,0,0.0,0.0
2019-05-22,143352.08859078496,12.592455073288875,0.9999121571565711,1,BBSE3,0,0.0,0.0
2019-05-23,145428.7378179273,12.592455073288875,0.9999134115081914,1,BBSE3,0,0.0,0.0
2019-05-24,144871.59438721745,12.592455073288875,0.999913078508409,1,BBSE3,0,0.0,0.0
2019-05-27,148366.44709221928,12.592455073288875,0.9999151259916236,1,BBSE3,0,0.0,0.0
2019-05-28,150595.0401365003,12.592455073288875,0.9999163820065928,1,BBSE3,0,0.0,0.0
2019-05-29,148872.93936364262,12.592455073288875,0.9999154147481261,1,BBSE3,0,0.0,0.0
2019-05-30,149885.94322793095,12.592455073288875,0.9999159864173911,1,BBSE3,0,0.0,0.0
2019-05-31,151152.19322793095,12.592455073288875,0.999916690225895,1,BBSE3,0,0.0,0.0
2019-06-03,151685.7296782241,18.013272355572553,0.9998812460974821,1,TUPY3,2,1.9948093959803719,0.0
2019-06-04,148021.8786135421,18.013272355572553,0.999878306690036,1,TUPY3,0,0.0,0.0
2019-06-05,149319.48919589378,18.013272355572553,0.9998793642246395,1,TUPY3,0,0.0,0.0
2019-06-06,151304.07094294883,18.013272355572553,0.9998809465453024,1,TUPY3,0,0.0,0.0
2019-06-07,150769.76327235557,18.013272355572553,0.9998805246359442,1,TUPY3,0,0.0,0.0
2019-06-10,149624.816184114,18.013272355572553,0.9998796103960896,1,TUPY3,0,0.0,0.0
2019-06-11,153899.2921076522,18.013272355572553,0.9998829541571707,1,TUPY3,0,0.0,0.0
2019-06-12,153593.9796782241,18.013272355572553,0.9998827214947271,1,TUPY3,0,0.0,0.0
2019-06-13,153899.2921076522,18.013272355572553,0.9998829541571707,1,TUPY3,0,0.0,0.0
2019-06-14,151685.7296782241,18.013272355572553,0.9998812460974821,1,TUPY3,0,0.0,0.0
2019-06-17,152678.01327235557,18.013272355572553,0.9998820179017954,1,TUPY3,0,0.0,0.0
2019-06-18,152678.01327235557,18.013272355572553,0.9998820179017954,1,TUPY3,0,0.0,0.0
2019-06-19,157181.48443705894,18.013272355572553,0.999885398255271,1,TUPY3,0,0.0,0.0
2019-06-21,155960.2056017623,18.013272355572553,0.9998845008424677,1,TUPY3,0,0.0,0.0
2019-06-24,157486.79686648704,18.013272355572553,0.999885620428417,1,TUPY3,0,0.0,0.0
2019-06-25,155807.5421076522,18.013272355572553,0.9998843876739733,1,TUPY3,0,0.0,0.0
2019-06-26,156570.84501941063,18.013272355572553,0.9998849512988619,1,TUPY3,0,0.0,0.0
2019-06-27,155196.9026900039,18.013272355572553,0.9998839327844605,1,TUPY3,0,0.0,0.0
2019-06-28,159471.3786135421,18.013272355572553,0.9998870438538113,1,TUPY3,0,0.0,0.0
2019-07-01,160311.01327235557,18.013272355572553,0.9998876354656622,1,TUPY3,0,0.0,0.0
2019-07-02,160311.01327235557,18.013272355572553,0.9998876354656622,1,TUPY3,0,0.0,0.0
2019-07-03,158937.07094294883,18.013272355572553,0.9998866641227959,1,TUPY3,0,0.0,0.0
2019-07-04,159471.3786135421,18.013272355572553,0.9998870438538113,1,TUPY3,0,0.0,0.0
2019-07-05,159395.04686648704,18.013272355572553,0.9998869897609136,1,TUPY3,0,0.0,0.0
2019-07-08,156265.5180311904,18.013272355572553,0.9998847265053575,1,TUPY3,0,0.0,0.0
2019-07-10,156952.48919589378,18.013272355572553,0.9998852310501869,1,TUPY3,0,0.0,0.0
2019-07-11,156036.53734881736,18.013272355572553,0.9998845573436733,1,TUPY3,0,0.0,0.0
2019-07-12,155807.5421076522,18.013272355572553,0.9998843876739733,1,TUPY3,0,0.0,0.0
2019-07-15,156876.15744883873,18.013272355572553,0.9998851752066821,1,TUPY3,0,0.0,0.0
2019-07-16,153059.65744883873,18.013272355572553,0.9998823120823879,1,TUPY3,0,0.0,0.0
2019-07-17,151151.40744883873,18.013272355572553,0.9998808263008622,1,TUPY3,0,0.0,0.0
2019-07-18,151075.0902605758,18.013272355572553,0.9998807660990008,1,TUPY3,0,0.0,0.0
2019-07-19,150159.12385470726,18.013272355572553,0.9998800387755792,1,TUPY3,0,0.0,0.0
2019-07-22,150693.43152530052,18.013272355572553,0.9998804641172927,1,TUPY3,0,0.0,0.0
2019-07-23,151304.07094294883,18.013272355572553,0.9998809465453024,1,TUPY3,0,0.0,0.0
2019-07-24,153059.65744883873,18.013272355572553,0.9998823120823879,1,TUPY3,0,0.0,0.0
2019-07-25,152983.3402605758,18.013272355572553,0.9998822533726556,1,TUPY3,0,0.0,0.0
2019-07-26,151914.71036059715,18.013272355572553,0.9998814250949575,1,TUPY3,0,0.0,0.0
2019-07-29,152601.68152530052,18.013272355572553,0.9998819588868515,1,TUPY3,0,0.0,0.0
2019-07-30,153517.64793116905,18.013272355572553,0.9998826631817362,1,TUPY3,0,0.0,0.0
2019-07-31,146647.93628413536,18.013272355572553,0.9998771665472287,1,TUPY3,0,0.0,0.0
2019-08-01,142895.0266983554,15.825343374919612,0.9998892519653023,1,BBSE3,2,1.9947769043296193,0.0
2019-08-02,143871.83211827726,15.825343374919612,0.9998900038795508,1,BBSE3,0,0.0,0.0
2019-08-05,140275.42602086515,15.825343374919612,0.9998871837796267,1,BBSE3,0,0.0,0.0
2019-08-06,143694.22805333586,15.825343374919612,0.9998898679258776,1,BBSE3,0,0.0,0.0
2019-08-07,146624.62737584562,15.825343374919612,0.9998920689951057,1,BBSE3,0,0.0,0.0
2019-08-08,152929.4192459628,15.825343374919612,0.9998965186459678,1,BBSE3,0,0.0,0.0
2019-08-09,157413.8287308261,15.825343374919612,0.9998994666256293,1,BBSE3,0,0.0,0.0
2019-08-12,149643.8287308261,15.825343374919612,0.9998942466020206,1,BBSE3,0,0.0,0.0
2019-08-13,151286.62398839445,15.825343374919612,0.9998953949598602,1,BBSE3,0,0.0,0.0
2019-08-14,148045.42602086515,15.825343374919612,0.9998931048138381,1,BBSE3,0,0.0,0.0
2019-08-15,146979.81856847258,15.825343374919612,0.9998923298209982,1,BBSE3,0,0.0,0.0
2019-08-16,147601.4327957675,15.825343374919612,0.999892783267241,1,BBSE3,0,0.0,0.0
2019-08-19,147201.83211827726,15.825343374919612,0.9998924922119026,1,BBSE3,0,0.0,0.0
2019-08-20,146891.03347325773,15.825343374919612,0.9998922647420967,1,BBSE3,0,0.0,0.0
2019-08-21,147823.42940831633,15.825343374919612,0.9998929442819838,1,BBSE3,0,0.0,0.0
2019-08-22,144759.81856847258,15.825343374919612,0.9998906786183389,1,BBSE3,0,0.0,0.0
2019-08-23,142939.4192459628,15.825343374919612,0.9998892863602049,1,BBSE3,0,0.0,0.0
2019-08-26,141563.02161717863,15.825343374919612,0.9998882099068377,1,BBSE3,0,0.0,0.0
2019-08-27,142539.81856847258,15.825343374919612,0.999888975982053,1,BBSE3,0,0.0,0.0
2019-08-28,144360.21789098234,15.825343374919612,0.9998903760079743,1,BBSE3,0,0.0,0.0
2019-08-29,146003.03008580656,15.825343374919612,0.9998916094866961,1,BBSE3,0,0.0,0.0
2019-08-30,145070.6172134921,15.825343374919612,0.9998909128279807,1,BBSE3,0,0.0,0.0
2019-09-02,144981.83211827726,15.825343374919612,0.9998908460243349,1,BBSE3,0,0.0,0.0
2019-09-03,143072.6307632968,15.825343374919612,0.9998893894430368,1,BBSE3,0,0.0,0.0
2019-09-04,144848.62060094328,15.825343374919612,0.9998907456397633,1,BBSE3,0,0.0,0.0
2019-09-05,145736.62398839445,15.825343374919612,0.9998914113491735,1,BBSE3,0,0.0,0.0
2019-09-06,145337.02331090422,15.825343374919612,0.9998911127872692,1,BBSE3,0,0.0,0.0
2019-09-09,144005.0266983554,15.825343374919612,0.9998901056182707,1,BBSE3,0,0.0,0.0
2019-09-10,145292.6307632968,15.825343374919612,0.9998910795179922,1,BBSE3,0,0.0,0.0
2019-09-11,148711.4327957675,15.825343374919612,0.9998935835458148,1,BBSE3,0,0.0,0.0
2019-09-12,150487.42263341398,15.825343374919612,0.9998948394284519,1,BBSE3,0,0.0,0.0
2019-09-13,149377.42263341398,15.825343374919612,0.9998940579968785,1,BBSE3,0,0.0,0.0
2019-09-16,148445.0266983554,15.825343374919612,0.9998933925660771,1,BBSE3,0,0.0,0.0
2019-09-17,149732.6307632968,15.825343374919612,0.9998943093212599,1,BBSE3,0,0.0,0.0
2019-09-18,150753.8287308261,15.825343374919612,0.9998950252639807,1,BBSE3,0,0.0,0.0
2019-09-19,152618.62060094328,15.825343374919612,0.9998963079124119,1,BBSE3,0,0.0,0.0
2019-09-20,153861.83211827726,15.825343374919612,0.999897145749813,1,BBSE3,0,0.0,0.0
2019-09-23,153329.01992345304,15.825343374919612,0.9998967883354187,1,BBSE3,0,0.0,0.0
2019-09-24,153107.02331090422,15.825343374919612,0.999896638684283,1,BBSE3,0,0.0,0.0
2019-09-25,154439.01992345304,15.825343374919612,0.9998975301489044,1,BBSE3,0,0.0,0.0
2019-09-26,157635.82534337492,15.825343374919612,0.9998996082055558,1,BBSE3,0,0.0,0.0
2019-09-27,158346.22466588469,15.825343374919612,0.9999000586000183,1,BBSE3,0,0.0,0.0
2019-09-30,155549.01992345304,15.825343374919612,0.999898261375207,1,BBSE3,0,0.0,0.0
2019-10-01,152796.22466588469,15.825343374919612,0.9998964284398418,1,BBSE3,0,0.0,0.0
2019-10-02,149199.81856847258,15.825343374919612,0.9998939318859315,1,BBSE3,0,0.0,0.0
2019-10-03,148445.0266983554,15.825343374919612,0.9998933925660771,1,BBSE3,0,0.0,0.0
2019-10-04,148667.02331090422,15.825343374919612,0.9998935517573266,1,BBSE3,0,0.0,0.0
2019-10-07,144315.82534337492,15.825343374919612,0.9998903422868749,1,BBSE3,0,0.0,0.0
2019-10-08,143161.4327957675,15.825343374919612,0.9998894580539893,1,BBSE3,0,0.0,0.0
2019-10-09,145647.82195592375,15.825343374919612,0.999891345142259,1,BBSE3,0,0.0,0.0
2019-10-10,146757.82195592375,15.825343374919612,0.9998921669512125,1,BBSE3,0,0.0,0.0
2019-10-11,152130.21789098234,15.825343374919612,0.999895975016704,1,BBSE3,0,0.0,0.0
2019-10-14,152130.21789098234,15.825343374919612,0.999895975016704,1,BBSE3,0,0.0,0.0
2019-10-15,152796.22466588469,15.825343374919612,0.9998964284398418,1,BBSE3,0,0.0,0.0
2019-10-16,154927.42263341398,15.825343374919612,0.9998978531811481,1,BBSE3,0,0.0,0.0
2019-10-17,155726.62398839445,15.825343374919612,0.9998983774067041,1,BBSE3,0,0.0,0.0
2019-10-18,153018.2212784335,15.825343374919612,0.9998965786999567,1,BBSE3,0,0.0,0.0
2019-10-21,154527.82195592375,15.825343374919612,0.9998975890349413,1,BBSE3,0,0.0,0.0
2019-10-22,156969.81856847258,15.825343374919612,0.9998991822535106,1,BBSE3,0,0.0,0.0
2019-10-23,157813.42940831633,15.825343374919612,0.9998997211870102,1,BBSE3,0,0.0,0.0
2019-10-24,158301.83211827726,15.825343374919612,0.9999000305734738,1,BBSE3,0,0.0,0.0
2019-10-25,156259.4192459628,15.825343374919612,0.9998987239076448,1,BBSE3,0,0.0,0.0
2019-10-28,154439.01992345304,15.825343374919612,0.9998975301489044,1,BBSE3,0,0.0,0.0
2019-10-29,151775.0266983554,15.825343374919612,0.9998957315724518,1,BBSE3,0,0.0,0.0
2019-10-30,150975.82534337492,15.825343374919612,0.9998951796200556,1,BBSE3,0,0.0,0.0
2019-10-31,150842.6307632968,15.825343374919612,0.9998950870632868,1,BBSE3,0,0.0,0.0
2019-11-01,149920.73270839173,22.55120509583503,0.9998495791430015,1,PETR4,2,1.9947572196666636,0.0
2019-11-04,149575.91421168763,22.55120509583503,0.9998492323766518,1,PETR4,0,0.0,0.0
2019-11-05,146078.44932597596,22.55120509583503,0.9998456226418073,1,PETR4,0,0.0,0.0
2019-11-06,146374.00669520814,22.55120509583503,0.9998459343594878,1,PETR4,0,0.0,0.0
2019-11-07,152235.94932597596,22.55120509583503,0.9998518667555484,1,PETR4,0,0.0,0.0
2019-11-08,147901.07346003968,22.55120509583503,0.9998475250749148,1,PETR4,0,0.0,0.0
2019-11-11,150019.25496333558,22.55120509583503,0.9998496779290009,1,PETR4,0,0.0,0.0
2019-11-12,147901.07346003968,22.55120509583503,0.9998475250749148,1,PETR4,0,0.0,0.0
2019-11-13,147309.94932597596,22.55120509583503,0.9998469132248092,1,PETR4,0,0.0,0.0
2019-11-14,144354.3474468561,22.55120509583503,0.9998437788297014,1,PETR4,0,0.0,0.0
2019-11-18,143270.63082927186,22.55120509583503,0.9998425971536155,1,PETR4,0,0.0,0.0
2019-11-19,141792.8345875116,22.55120509583503,0.9998409566663827,1,PETR4,0,0.0,0.0
2019-11-21,147063.6530842157,22.55120509583503,0.9998466568412868,1,PETR4,0,0.0,0.0
2019-11-22,147704.028950152,22.55120509583503,0.9998473216657926,1,PETR4,0,0.0,0.0
2019-11-25,146472.528950152,22.55120509583503,0.9998460379891201,1,PETR4,0,0.0,0.0
2019-11-26,143812.49383586366,22.55120509583503,0.999843190222947,1,PETR4,0,0.0,0.0
2019-11-27,144502.13082927186,22.55120509583503,0.999843938598231,1,PETR4,0,0.0,0.0
2019-11-28,145487.3345875116,22.55120509583503,0.9998449954069214,1,PETR4,0,0.0,0.0
2019-11-29,143615.44932597596,22.55120509583503,0.9998429750754416,1,PETR4,0,0.0,0.0
2019-12-02,146046.16423523088,7.349062081775628,0.9999496798692369,1,GGBR3,2,1.9948041208212648,0.0
2019-12-03,143214.39725982805,7.349062081775628,0.9999486848932622,1,GGBR3,0,0.0,0.0
2019-12-04,145237.08795654436,7.349062081775628,0.9999493995494871,1,GGBR3,0,0.0,0.0
2019-12-05,146147.2987700667,7.349062081775628,0.9999497146909753,1,GGBR3,0,0.0,0.0
2019-12-06,148271.13615429064,7.349062081775628,0.9999504349782946,1,GGBR3,0,0.0,0.0
2019-12-09,146349.56783973833,7.349062081775628,0.9999497841900714,1,GGBR3,0,0.0,0.0
2019-12-10,149282.4815026488,7.349062081775628,0.9999507707668857,1,GGBR3,0,0.0,0.0
2019-12-11,147866.59801494738,7.349062081775628,0.9999502993767326,1,GGBR3,0,0.0,0.0
2019-12-12,149788.16632949968,7.349062081775628,0.9999509369647692,1,GGBR3,0,0.0,0.0
2019-12-13,154541.50161945482,7.349062081775628,0.9999524460290293,1,GGBR3,0,0.0,0.0
2019-12-16,154743.77068912645,7.349062081775628,0.9999525081878964,1,GGBR3,0,0.0,0.0
2019-12-17,153833.5598756041,7.349062081775628,0.9999522271857473,1,GGBR3,0,0.0,0.0
2019-12-18,152619.93330490252,7.349062081775628,0.9999518472985629,1,GGBR3,0,0.0,0.0
2019-12-19,153732.4253407683,7.349062081775628,0.999952195757886,1,GGBR3,0,0.0,0.0
2019-12-20,162328.89725982805,7.349062081775628,0.9999547273331746,1,GGBR3,0,0.0,0.0
2019-12-23,167183.367084619,7.349062081775628,0.999956041906501,1,GGBR3,0,0.0,0.0
2019-12-26,170520.81888687273,7.349062081775628,0.9999569022590336,1,GGBR3,0,0.0,0.0
2019-12-27,170723.08795654436,7.349062081775628,0.9999569533203169,1,GGBR3,0,0.0,0.0
2019-12-30,173049.19441043993,7.349062081775628,0.9999575319486068,1,GGBR3,0,0.0,0.0
2020-01-02,178308.20237457415,7.349062081775628,0.9999587844979428,1,GGBR3,0,0.0,0.0
2020-01-03,178510.47144424578,7.349062081775628,0.9999588311989638,1,GGBR3,0,0.0,0.0
2020-01-06,175982.09592067858,7.349062081775628,0.9999582397172659,1,GGBR3,0,0.0,0.0
2020-01-07,178004.7987700667,7.349062081775628,0.9999587142474105,1,GGBR3,0,0.0,0.0
2020-01-08,178915.02173626085,7.349062081775628,0.9999589242870137,1,GGBR3,0,0.0,0.0
2020-01-09,177600.26063072344,7.349062081775628,0.9999586202066614,1,GGBR3,0,0.0,0.0
2020-01-10,179622.96348011156,7.349062081775628,0.9999590861772939,1,GGBR3,0,0.0,0.0
2020-01-13,188118.28871166368,7.349062081775628,0.9999609338244989,1,GGBR3,0,0.0,0.0
2020-01-14,186095.59801494738,7.349062081775628,0.9999605092105339,1,GGBR3,0,0.0,0.0
2020-01-15,186601.27068912645,7.349062081775628,0.9999606162270244,1,GGBR3,0,0.0,0.0
2020-01-16,187713.75057232042,7.349062081775628,0.9999608496337675,1,GGBR3,0,0.0,0.0
2020-01-17,189534.18435203691,7.349062081775628,0.9999612256643471,1,GGBR3,0,0.0,0.0
2020-01-20,196815.89516555925,7.349062081775628,0.9999626602207327,1,GGBR3,0,0.0,0.0
2020-01-21,192163.69441043993,7.349062081775628,0.999961756240666,1,GGBR3,0,0.0,0.0
2020-01-22,193377.32098114153,7.349062081775628,0.9999619962566215,1,GGBR3,0,0.0,0.0
2020-01-23,193680.71243297716,7.349062081775628,0.9999620557876442,1,GGBR3,0,0.0,0.0
2020-01-24,191051.20237457415,7.349062081775628,0.9999615335470783,1,GGBR3,0,0.0,0.0
2020-01-27,182050.20446884295,7.349062081775628,0.9999596316735638,1,GGBR3,0,0.0,0.0
2020-01-28,182151.32685100695,7.349062081775628,0.999959654084278,1,GGBR3,0,0.0,0.0
2020-01-29,183567.22249138018,7.349062081775628,0.9999599652814809,1,GGBR3,0,0.0,0.0
2020-01-30,184780.84906208178,7.349062081775628,0.9999602282264689,1,GGBR3,0,0.0,0.0
2020-01-31,184881.97144424578,7.349062081775628,0.999960249979896,1,GGBR3,0,0.0,0.0
2020-02-03,184072.89516555925,7.349062081775628,0.9999600752621663,1,GGBR3,0,0.0,0.0
2020-02-04,189129.63406002184,7.349062081775628,0.9999611427256321,1,GGBR3,0,0.0,0.0
2020-02-05,192163.69441043993,7.349062081775628,0.999961756240666,1,GGBR3,0,0.0,0.0
2020-02-06,190140.9915610518,7.349062081775628,0.9999613494069772,1,GGBR3,0,0.0,0.0
2020-02-07,182050.20446884295,7.349062081775628,0.9999596316735638,1,GGBR3,0,0.0,0.0
2020-02-10,180330.90522396227,7.349062081775628,0.9999592467964786,1,GGBR3,0,0.0,0.0
2020-02-11,187511.4815026488,7.349062081775628,0.9999608074021767,1,GGBR3,0,0.0,0.0
2020-02-12,187106.94336330553,7.349062081775628,0.9999607226650723,1,GGBR3,0,0.0,0.0
2020-02-13,187410.3591204848,7.349062081775628,0.9999607862547393,1,GGBR3,0,0.0,0.0
2020-02-14,183364.95342170855,7.349062081775628,0.9999599211193598,1,GGBR3,0,0.0,0.0
2020-02-17,185286.52173626085,7.349062081775628,0.9999603367691675,1,GGBR3,0,0.0,0.0
2020-02-18,181342.25057232042,7.349062081775628,0.9999594740770086,1,GGBR3,0,0.0,0.0
2020-02-19,180836.59005081316,7.349062081775628,0.9999593607572466,1,GGBR3,0,0.0,0.0
2020-02-20,175779.82685100695,7.349062081775628,0.9999581916638932,1,GGBR3,0,0.0,0.0
2020-02-21,168902.66632949968,7.349062081775628,0.9999564893660859,1,GGBR3,0,0.0,0.0
2020-02-26,151709.72249138018,7.349062081775628,0.9999515583974377,1,GGBR3,0,0.0,0.0
2020-02-27,152316.52970039507,7.349062081775628,0.9999517513818347,1,GGBR3,0,0.0,0.0
2020-02-28,149484.75057232042,7.349062081775628,0.9999508373793738,1,GGBR3,0,0.0,0.0
2020-03-02,151027.97286128058,151027.97286128058,0.0,0,,1,0.9994514855944935,0.0
2020-03-03,151027.97286128058,151027.97286128058,0.0,0,,0,0.0,0.0
2020-03-04,151027.97286128058,151027.97286128058,0.0,0,,0,0.0,0.0
2020-03-05,151027.97286128058,151027.97286128058,0.0,0,,0,0.0,0.0
2020-03-06,151027.97286128058,151027.97286128058,0.0,0,,0,0.0,0.0
2020-03-09,151027.97286128058,151027.97286128058,0.0,0,,0,0.0,0.0
2020-03-10,151027.97286128058,151027.97286128058,0.0,0,,0,0.0,0.0
2020-03-11,151027.97286128058,151027.97286128058,0.0,0,,0,0.0,0.0
2020-03-12,151027.97286128058,151027.97286128058,0.0,0,,0,0.0,0.0
2020-03-13,151027.97286128058,151027.97286128058,0.0,0,,0,0.0,0.0
2020-03-16,151027.97286128058,151027.97286128058,0.0,0,,0,0.0,0.0
2020-03-17,151027.97286128058,151027.97286128058,0.0,0,,0,0.0,0.0
2020-03-18,151027.97286128058,151027.97286128058,0.0,0,,0,0.0,0.0
2020-03-19,151027.97286128058,151027.97286128058,0.0,0,,0,0.0,0.0
2020-03-20,151027.97286128058,151027.97286128058,0.0,0,,0,0.0,0.0
2020-03-23,151027.97286128058,151027.97286128058,0.0,0,,0,0.0,0.0
2020-03-24,151027.97286128058,151027.97286128058,0.0,0,,0,0.0,0.0
2020-03-25,151027.97286128058,151027.97286128058,0.0,0,,0,0.0,0.0
2020-03-26,151027.97286128058,151027.97286128058,0.0,0,,0,0.0,0.0
2020-03-27,151027.97286128058,151027.97286128058,0.0,0,,0,0.0,0.0
2020-03-30,151027.97286128058,151027.97286128058,0.0,0,,0,0.0,0.0
2020-03-31,151027.97286128058,151027.97286128058,0.0,0,,0,0.0,0.0
2020-04-01,151027.97286128058,151027.97286128058,0.0,0,,0,0.0,0.0
2020-04-02,151027.97286128058,151027.97286128058,0.0,0,,0,0.0,0.0
2020-04-03,151027.97286128058,151027.97286128058,0.0,0,,0,0.0,0.0
2020-04-06,151027.97286128058,151027.97286128058,0.0,0,,0,0.0,0.0
2020-04-07,151027.97286128058,151027.97286128058,0.0,0,,0,0.0,0.0
2020-04-08,151027.97286128058,151027.97286128058,0.0,0,,0,0.0,0.0
2020-04-09,151027.97286128058,151027.97286128058,0.0,0,,0,0.0,0.0
2020-04-13,151027.97286128058,151027.97286128058,0.0,0,,0,0.0,0.0
2020-04-14,151027.97286128058,151027.97286128058,0.0,0,,0,0.0,0.0
2020-04-15,151027.97286128058,151027.97286128058,0.0,0,,0,0.0,0.0
2020-04-16,151027.97286128058,151027.97286128058,0.0,0,,0,0.0,0.0
2020-04-17,151027.97286128058,151027.97286128058,0.0,0,,0,0.0,0.0
2020-04-20,151027.97286128058,151027.97286128058,0.0,0,,0,0.0,0.0
2020-04-22,151027.97286128058,151027.97286128058,0.0,0,,0,0.0,0.0
2020-04-23,151027.97286128058,151027.97286128058,0.0,0,,0,0.0,0.0
2020-04-24,151027.97286128058,151027.97286128058,0.0,0,,0,0.0,0.0
2020-04-27,151027.97286128058,151027.97286128058,0.0,0,,0,0.0,0.0
2020-04-28,151027.97286128058,151027.97286128058,0.0,0,,0,0.0,0.0
2020-04-29,151027.97286128058,151027.97286128058,0.0,0,,0,0.0,0.0
2020-04-30,151027.97286128058,151027.97286128058,0.0,0,,0,0.0,0.0
2020-05-04,151027.97286128058,151027.97286128058,0.0,0,,0,0.0,0.0
2020-05-05,151027.97286128058,151027.97286128058,0.0,0,,0,0.0,0.0
2020-05-06,151027.97286128058,151027.97286128058,0.0,0,,0,0.0,0.0
2020-05-07,151027.97286128058,151027.97286128058,0.0,0,,0,0.0,0.0
2020-05-08,151027.97286128058,151027.97286128058,0.0,0,,0,0.0,0.0
2020-05-11,151027.97286128058,151027.97286128058,0.0,0,,0,0.0,0.0
2020-05-12,151027.97286128058,151027.97286128058,0.0,0,,0,0.0,0.0
2020-05-13,151027.97286128058,151027.97286128058,0.0,0,,0,0.0,0.0
2020-05-14,151027.97286128058,151027.97286128058,0.0,0,,0,0.0,0.0
2020-05-15,151027.97286128058,151027.97286128058,0.0,0,,0,0.0,0.0
2020-05-18,151027.97286128058,151027.97286128058,0.0,0,,0,0.0,0.0
2020-05-19,151027.97286128058,151027.97286128058,0.0,0,,0,0.0,0.0
2020-05-20,151027.97286128058,151027.97286128058,0.0,0,,0,0.0,0.0
2020-05-21,151027.97286128058,151027.97286128058,0.0,0,,0,0.0,0.0
2020-05-22,151027.97286128058,151027.97286128058,0.0,0,,0,0.0,0.0
2020-05-25,151027.97286128058,151027.97286128058,0.0,0,,0,0.0,0.0
2020-05-26,151027.97286128058,151027.97286128058,0.0,0,,0,0.0,0.0
2020-05-27,151027.97286128058,151027.97286128058,0.0,0,,0,0.0,0.0
2020-05-28,151027.97286128058,151027.97286128058,0.0,0,,0,0.0,0.0
2020-05-29,151027.97286128058,151027.97286128058,0.0,0,,0,0.0,0.0
2020-06-01,152362.41126901074,8.576491178711876,0.9999437099274862,1,VALE3,1,0.9979473179292299,0.0
2020-06-02,152362.41126901074,8.576491178711876,0.9999437099274862,1,VALE3,0,0.0,0.0
2020-06-03,153046.89605599805,8.576491178711876,0.9999439616784154,1,VALE3,0,0.0,0.0
2020-06-04,158750.89605599805,8.576491178711876,0.9999459751636571,1,VALE3,0,0.0,0.0
2020-06-05,155756.29823190137,8.576491178711876,0.9999449364727072,1,VALE3,0,0.0,0.0
2020-06-08,156241.1330097334,8.576491178711876,0.9999451073413672,1,VALE3,0,0.0,0.0
2020-06-09,156840.06127816602,8.576491178711876,0.9999453169610569,1,VALE3,0,0.0,0.0
2020-06-10,154586.97866708203,8.576491178711876,0.9999445199637598,1,VALE3,0,0.0,0.0
2020-06-12,152305.38084298535,8.576491178711876,0.9999436888497882,1,VALE3,0,0.0,0.0
2020-06-15,153674.33953744336,8.576491178711876,0.9999441904796563,1,VALE3,0,0.0,0.0
2020-06-16,157980.85475045606,8.576491178711876,0.9999457118320302,1,VALE3,0,0.0,0.0
2020-06-17,160290.97866708203,8.576491178711876,0.9999464942366063,1,VALE3,0,0.0,0.0
2020-06-18,160205.41126901074,8.576491178711876,0.9999464656586143,1,VALE3,0,0.0,0.0
2020-06-19,157353.41126901074,8.576491178711876,0.9999454953590803,1,VALE3,0,0.0,0.0
2020-06-22,156868.5764911787,8.576491178711876,0.9999453269012153,1,VALE3,0,0.0,0.0
2020-06-23,158551.25692635938,8.576491178711876,0.999945907138518,1,VALE3,0,0.0,0.0
2020-06-24,157980.85475045606,8.576491178711876,0.9999457118320302,1,VALE3,0,0.0,0.0
2020-06-25,159720.5764911787,8.576491178711876,0.9999463031541262,1,VALE3,0,0.0,0.0
2020-06-26,158636.81344491406,8.576491178711876,0.9999459363120548,1,VALE3,0,0.0,0.0
2020-06-29,158665.33953744336,8.576491178711876,0.9999459460320463,1,VALE3,0,0.0,0.0
2020-06-30,159492.41126901074,8.576491178711876,0.9999462263369745,1,VALE3,0,0.0,0.0
2020-07-01,162092.50005757174,25.077114456507843,0.9998452913339754,1,LOGG3,2,1.994800051077444,0.0
2020-07-02,159488.6156428989,25.077114456507843,0.9998427654892142,1,LOGG3,0,0.0,0.0
2020-07-03,161513.8652080234,25.077114456507843,0.9998447370792334,1,LOGG3,0,0.0,0.0
2020-07-06,159151.0771144565,25.077114456507843,0.9998424320154712,1,LOGG3,0,0.0,0.0
2020-07-07,163105.1156428989,25.077114456507843,0.9998462518213628,1,LOGG3,0,0.0,0.0
2020-07-08,169277.26975666842,25.077114456507843,0.9998518577568474,1,LOGG3,0,0.0,0.0
2020-07-09,168795.0771144565,25.077114456507843,0.9998514345626354,1,LOGG3,0,0.0,0.0
2020-07-10,170289.90373646579,25.077114456507843,0.9998527386891044,1,LOGG3,0,0.0,0.0
2020-07-13,167059.15417134127,25.077114456507843,0.9998498908091514,1,LOGG3,0,0.0,0.0
2020-07-14,170531.00005757174,25.077114456507843,0.9998529468867945,1,LOGG3,0,0.0,0.0
2020-07-15,167878.90373646579,25.077114456507843,0.9998506237895389,1,LOGG3,0,0.0,0.0
2020-07-16,167830.67343556246,25.077114456507843,0.999850580862585,1,LOGG3,0,0.0,0.0
2020-07-17,164985.69269978366,25.077114456507843,0.9998480043084575,1,LOGG3,0,0.0,0.0
2020-07-20,171109.63490712008,25.077114456507843,0.9998534441706329,1,LOGG3,0,0.0,0.0
2020-07-21,167830.67343556246,25.077114456507843,0.999850580862585,1,LOGG3,0,0.0,0.0
2020-07-22,167782.46152912936,25.077114456507843,0.9998505379273378,1,LOGG3,0,0.0,0.0
2020-07-23,163056.90373646579,25.077114456507843,0.9998462063618169,1,LOGG3,0,0.0,0.0
2020-07-24,162381.8082851108,25.077114456507843,0.9998455669713169,1,LOGG3,0,0.0,0.0
2020-07-27,163635.53858601413,25.077114456507843,0.9998467501945286,1,LOGG3,0,0.0,0.0
2020-07-28,163924.8652080234,25.077114456507843,0.9998470206797201,1,LOGG3,0,0.0,0.0
2020-07-29,167541.3652080234,25.077114456507843,0.9998503228475824,1,LOGG3,0,0.0,0.0
2020-07-30,177956.8844722446,25.077114456507843,0.9998590832013559,1,LOGG3,0,0.0,0.0
2020-07-31,177474.67343556246,25.077114456507843,0.9998587003206088,1,LOGG3,0,0.0,0.0
2020-08-03,184849.3365726241,8.34294412221061,0.9999548662479568,1,GGBR3,2,1.9948280217441416,0.0
2020-08-04,184106.9912042388,8.34294412221061,0.9999546842622996,1,GGBR3,0,0.0,0.0
2020-08-05,192767.5583228835,8.34294412221061,0.9999567201857263,1,GGBR3,0,0.0,0.0
2020-08-06,188313.5604467162,8.34294412221061,0.9999556965302848,1,GGBR3,0,0.0,0.0
2020-08-07,187323.786444641,8.34294412221061,0.9999554624413666,1,GGBR3,0,0.0,0.0
2020-08-10,192396.37820527639,8.34294412221061,0.9999566366882785,1,GGBR3,0,0.0,0.0
2020-08-11,190788.0103187331,8.34294412221061,0.9999562711298877,1,GGBR3,0,0.0,0.0
2020-08-12,189550.7779493102,8.34294412221061,0.9999559857036069,1,GGBR3,0,0.0,0.0
2020-08-13,186457.7193259963,8.34294412221061,0.9999552555713308,1,GGBR3,0,0.0,0.0
2020-08-14,187447.5081949004,8.34294412221061,0.9999554918376747,1,GGBR3,0,0.0,0.0
2020-08-17,186581.4410762557,8.34294412221061,0.9999552852412646,1,GGBR3,0,0.0,0.0
2020-08-18,203160.2299451598,8.34294412221061,0.9999589341667684,1,GGBR3,0,0.0,0.0
2020-08-19,207366.7843208083,8.34294412221061,0.9999597672107925,1,GGBR3,0,0.0,0.0
2020-08-20,210336.1063270339,8.34294412221061,0.9999603351784537,1,GGBR3,0,0.0,0.0
2020-08-21,203655.1169461974,8.34294412221061,0.9999590339577649,1,GGBR3,0,0.0,0.0
2020-08-24,201799.2758254775,8.34294412221061,0.9999586572147592,1,GGBR3,0,0.0,0.0
2020-08-25,203283.9516954192,8.34294412221061,0.9999589591600683,1,GGBR3,0,0.0,0.0
2020-08-26,201675.5540752181,8.34294412221061,0.9999586318522319,1,GGBR3,0,0.0,0.0
2020-08-27,201304.3888244399,8.34294412221061,0.999958555577596,1,GGBR3,0,0.0,0.0
2020-08-28,203407.6734456786,8.34294412221061,0.9999589841229641,1,GGBR3,0,0.0,0.0
2020-08-31,198458.7737016448,8.34294412221061,0.9999579613238225,1,GGBR3,0,0.0,0.0
2020-09-01,206005.830201126,8.34294412221061,0.9999595014174402,1,GGBR3,0,0.0,0.0
2020-09-02,202789.0498275527,8.34294412221061,0.9999588590008716,1,GGBR3,0,0.0,0.0
2020-09-03,200314.6148223647,8.34294412221061,0.9999583507966725,1,GGBR3,0,0.0,0.0
2020-09-04,206005.830201126,8.34294412221061,0.9999595014174402,1,GGBR3,0,0.0,0.0
2020-09-08,202789.0498275527,8.34294412221061,0.9999588590008716,1,GGBR3,0,0.0,0.0
2020-09-09,210212.3845767745,8.34294412221061,0.9999603118334869,1,GGBR3,0,0.0,0.0
2020-09-10,203655.1169461974,8.34294412221061,0.9999590339577649,1,GGBR3,0,0.0,0.0
2020-09-11,203778.8386964568,8.34294412221061,0.9999590588297804,1,GGBR3,0,0.0,0.0
2020-09-14,208604.0018234023,8.34294412221061,0.9999600058289904,1,GGBR3,0,0.0,0.0
2020-09-15,218378.0498275527,8.34294412221061,0.9999617958667146,1,GGBR3,0,0.0,0.0
2020-09-16,217264.5540752181,8.34294412221061,0.9999616000679092,1,GGBR3,0,0.0,0.0
2020-09-17,219986.4474477538,8.34294412221061,0.9999620751904538,1,GGBR3,0,0.0,0.0
2020-09-18,212315.6691980132,8.34294412221061,0.999960705000466,1,GGBR3,0,0.0,0.0
2020-09-21,210459.8429441222,8.34294412221061,0.9999603584987734,1,GGBR3,0,0.0,0.0
2020-09-22,211944.503947235,8.34294412221061,0.999960636185573,1,GGBR3,0,0.0,0.0
2020-09-23,210831.0081949004,8.34294412221061,0.9999604282871213,1,GGBR3,0,0.0,0.0
2020-09-24,208480.2800731429,8.34294412221061,0.9999599820946169,1,GGBR3,0,0.0,0.0
2020-09-25,208356.5583228835,8.34294412221061,0.9999599583320565,1,GGBR3,0,0.0,0.0
2020-09-28,209098.8888244399,8.34294412221061,0.9999601004856166,1,GGBR3,0,0.0,0.0
2020-09-29,205016.0561990508,8.34294412221061,0.9999593058988799,1,GGBR3,0,0.0,0.0
2020-09-30,210459.8429441222,8.34294412221061,0.9999603584987734,1,GGBR3,0,0.0,0.0
2020-10-01,210954.7299451598,8.34294412221061,0.9999604514953309,1,GGBR3,0,0.0,0.0
2020-10-02,209346.3323249587,8.34294412221061,0.9999601476461061,1,GGBR3,0,0.0,0.0
2020-10-05,218996.6734456786,8.34294412221061,0.999961903786067,1,GGBR3,0,0.0,0.0
2020-10-06,216893.3888244399,8.34294412221061,0.9999615343548854,1,GGBR3,0,0.0,0.0
2020-10-07,224069.2800731429,8.34294412221061,0.9999627662296255,1,GGBR3,0,0.0,0.0
2020-10-08,222832.04770372,8.34294412221061,0.9999625594962296,1,GGBR3,0,0.0,0.0
2020-10-09,220481.3344487914,8.34294412221061,0.9999621603155521,1,GGBR3,0,0.0,0.0
2020-10-13,221223.67981717672,8.34294412221061,0.9999622872916267,1,GGBR3,0,0.0,0.0
2020-10-14,223326.9347047576,8.34294412221061,0.9999626424634662,1,GGBR3,0,0.0,0.0
2020-10-15,225801.3845767745,8.34294412221061,0.9999630518469236,1,GGBR3,0,0.0,0.0
2020-10-16,229884.2172021636,8.34294412221061,0.9999637080604151,1,GGBR3,0,0.0,0.0
2020-10-19,231245.1713218459,8.34294412221061,0.9999639216504521,1,GGBR3,0,0.0,0.0
2020-10-20,234338.2299451598,8.34294412221061,0.9999643978529489,1,GGBR3,0,0.0,0.0
2020-10-21,234833.1169461974,8.34294412221061,0.9999644728808667,1,GGBR3,0,0.0,0.0
2020-10-22,236194.0561990508,8.34294412221061,0.9999646775864877,1,GGBR3,0,0.0,0.0
2020-10-23,237431.2737016448,8.34294412221061,0.9999648616461002,1,GGBR3,0,0.0,0.0
2020-10-26,234090.786444641,8.34294412221061,0.9999643602200287,1,GGBR3,0,0.0,0.0
2020-10-27,239782.0018234023,8.34294412221061,0.9999652061286554,1,GGBR3,0,0.0,0.0
2020-10-28,226914.895195938,8.34294412221061,0.9999632331578983,1,GGBR3,0,0.0,0.0
2020-10-29,230007.9538192519,8.34294412221061,0.9999637275842697,1,GGBR3,0,0.0,0.0
2020-10-30,223945.5583228835,8.34294412221061,0.9999627456593259,1,GGBR3,0,0.0,0.0
2020-11-03,234956.8386964568,8.34294412221061,0.9999644915884616,1,GGBR3,0,0.0,0.0
2020-11-04,224811.6105746993,8.34294412221061,0.9999628891759599,1,GGBR3,0,0.0,0.0
2020-11-05,226172.5498275527,8.34294412221061,0.9999631124814723,1,GGBR3,0,0.0,0.0
2020-11-06,232606.1105746993,8.34294412221061,0.9999641327388107,1,GGBR3,0,0.0,0.0
2020-11-09,226420.0081949004,8.34294412221061,0.9999631527964833,1,GGBR3,0,0.0,0.0
2020-11-10,215656.1713218459,8.34294412221061,0.9999613136778277,1,GGBR3,0,0.0,0.0
2020-11-11,217759.4410762557,8.34294412221061,0.9999616873368109,1,GGBR3,0,0.0,0.0
2020-11-12,213057.9996995696,8.34294412221061,0.9999608419109633,1,GGBR3,0,0.0,0.0
2020-11-13,217635.7193259963,8.34294412221061,0.9999616655567934,1,GGBR3,0,0.0,0.0
2020-11-16,218749.2299451598,8.34294412221061,0.99996186069261,1,GGBR3,0,0.0,0.0
2020-11-17,217264.5540752181,8.34294412221061,0.9999616000679092,1,GGBR3,0,0.0,0.0
2020-11-18,217140.8323249587,8.34294412221061,0.9999615781885292,1,GGBR3,0,0.0,0.0
2020-11-19,217883.1628265151,8.34294412221061,0.9999617090920933,1,GGBR3,0,0.0,0.0
2020-11-23,224193.0018234023,8.34294412221061,0.9999627867772216,1,GGBR3,0,0.0,0.0
2020-11-24,228152.112698532,8.34294412221061,0.999963432536199,1,GGBR3,0,0.0,0.0
2020-11-25,229636.7737016448,8.34294412221061,0.9999636689542893,1,GGBR3,0,0.0,0.0
2020-11-26,232729.8323249587,8.34294412221061,0.999964151806243,1,GGBR3,0,0.0,0.0
2020-11-27,230997.7278213271,8.34294412221061,0.9999638830035217,1,GGBR3,0,0.0,0.0
2020-11-30,230131.6607026824,8.34294412221061,0.9999637470824452,1,GGBR3,0,0.0,0.0
2020-12-01,235186.28465422874,48.78465422874433,0.9997925701564593,1,VALE3,2,1.99476451635728,0.0
2020-12-02,231105.7340560842,48.78465422874433,0.9997889076425213,1,VALE3,0,0.0,0.0
2020-12-03,228559.0220046926,48.78465422874433,0.9997865555522558,1,VALE3,0,0.0,0.0
2020-12-04,237298.91436919456,48.78465422874433,0.9997944168671887,1,VALE3,0,0.0,0.0
2020-12-07,240106.07582244163,48.78465422874433,0.9997968204092227,1,VALE3,0,0.0,0.0
2020-12-08,239961.3890701223,48.78465422874433,0.9997966979003673,1,VALE3,0,0.0,0.0
2020-12-09,239382.57582244163,48.78465422874433,0.9997962063276279,1,VALE3,0,0.0,0.0
2020-12-10,246038.78465422874,48.78465422874433,0.9998017196585599,1,VALE3,0,0.0,0.0
2020-12-11,245633.62642058617,48.78465422874433,0.9998013926067875,1,VALE3,0,0.0,0.0
2020-12-14,241842.49348601585,48.78465422874433,0.9997982792290737,1,VALE3,0,0.0,0.0
2020-12-15,244591.78465422874,48.78465422874433,0.9998005466361116,1,VALE3,0,0.0,0.0
2020-12-16,249569.4681869436,48.78465422874433,0.9998045247498296,1,VALE3,0,0.0,0.0
2020-12-17,252405.57582244163,48.78465422874433,0.999806721170601,1,VALE3,0,0.0,0.0
2020-12-18,254141.99348601585,48.78465422874433,0.9998080417424937,1,VALE3,0,0.0,0.0
2020-12-21,251421.62642058617,48.78465422874433,0.9998059647655483,1,VALE3,0,0.0,0.0
2020-12-22,251653.15171965843,48.78465422874433,0.9998061432813562,1,VALE3,0,0.0,0.0
2020-12-23,252868.62642058617,48.78465422874433,0.9998070751009356,1,VALE3,0,0.0,0.0
2020-12-28,252723.91758879906,48.78465422874433,0.9998069646328128,1,VALE3,0,0.0,0.0
2020-12-29,252029.36377105003,48.78465422874433,0.9998064326572952,1,VALE3,0,0.0,0.0
2020-12-30,253129.07582244163,48.78465422874433,0.9998072736050956,1,VALE3,0,0.0,0.0
2021-01-04,264734.0220046926,48.78465422874433,0.9998157220070949,1,VALE3,0,0.0,0.0
2021-01-05,269190.7846542287,48.78465422874433,0.9998187729409408,1,VALE3,0,0.0,0.0
2021-01-06,278017.4934860158,48.78465422874433,0.9998245266741419,1,VALE3,0,0.0,0.0
2021-01-07,296162.86377105,48.78465422874433,0.9998352776117588,1,VALE3,0,0.0,0.0
2021-01-08,295236.7846542287,48.78465422874433,0.9998347609215232,1,VALE3,0,0.0,0.0
2021-01-11,295178.91436919454,48.78465422874433,0.999834728526145,1,VALE3,0,0.0,0.0
2021-01-12,287104.6517196584,48.78465422874433,0.9998300805858195,1,VALE3,0,0.0,0.0
2021-01-13,278509.46818694356,48.78465422874433,0.9998248366400385,1,VALE3,0,0.0,0.0
2021-01-14,283081.9934860158,48.78465422874433,0.9998276659930646,1,VALE3,0,0.0,0.0
2021-01-15,270782.4934860158,48.78465422874433,0.9998198382266126,1,VALE3,0,0.0,0.0
2021-01-18,272981.917588799,48.78465422874433,0.9998212897958237,1,VALE3,0,0.0,0.0
2021-01-19,272258.417588799,48.78465422874433,0.9998208148910114,1,VALE3,0,0.0,0.0
2021-01-20,267222.86377105,48.78465422874433,0.9998174383226784,1,VALE3,0,0.0,0.0
2021-01-21,270232.62642058614,48.78465422874433,0.999819471634958,1,VALE3,0,0.0,0.0
2021-01-22,269682.75935515645,48.78465422874433,0.9998191035483864,1,VALE3,0,0.0,0.0
2021-01-26,265573.2846542287,48.78465422874433,0.9998163043609893,1,VALE3,0,0.0,0.0
2021-01-27,258193.57582244163,48.78465422874433,0.9998110539579719,1,VALE3,0,0.0,0.0
2021-01-28,263692.18023833516,48.78465422874433,0.9998149939289643,1,VALE3,0,0.0,0.0
2021-01-29,254576.07582244163,48.78465422874433,0.9998083690540396,1,VALE3,0,0.0,0.0
2021-02-01,264184.1549392629,48.78465422874433,0.9998153384549504,1,VALE3,0,0.0,0.0
2021-02-02,253736.83525237328,48.78465422874433,0.9998077352301639,1,VALE3,0,0.0,0.0
2021-02-03,261753.20553740746,48.78465422874433,0.9998136234697543,1,VALE3,0,0.0,0.0
2021-02-04,258454.04730376488,48.78465422874433,0.9998112443788841,1,VALE3,0,0.0,0.0
2021-02-05,268293.6517196584,48.78465422874433,0.9998181669453748,1,VALE3,0,0.0,0.0
2021-02-08,272113.7308364797,48.78465422874433,0.9998207196157329,1,VALE3,0,0.0,0.0
2021-02-09,272808.2846542287,48.78465422874433,0.9998211760530273,1,VALE3,0,0.0,0.0
2021-02-10,274110.5758224416,48.78465422874433,0.9998220256402646,1,VALE3,0,0.0,0.0
2021-02-11,269480.18023833516,48.78465422874433,0.99981896756123,1,VALE3,0,0.0,0.0
2021-02-12,271766.4428878713,48.78465422874433,0.9998204905149057,1,VALE3,0,0.0,0.0
2021-02-17,278885.68023833516,48.78465422874433,0.9998250729324395,1,VALE3,0,0.0,0.0
2021-02-18,281924.38907012227,48.78465422874433,0.9998269583756495,1,VALE3,0,0.0,0.0
2021-02-19,282995.1549392629,48.78465422874433,0.9998276131114712,1,VALE3,0,0.0,0.0
2021-02-22,275991.68023833516,48.78465422874433,0.9998232386781131,1,VALE3,0,0.0,0.0
2021-02-23,280622.0758224416,48.78465422874433,0.9998261553226497,1,VALE3,0,0.0,0.0
2021-02-24,283458.2055374074,48.78465422874433,0.9998278947186016,1,VALE3,0,0.0,0.0
2021-02-25,277033.5220046926,48.78465422874433,0.9998239034255649,1,VALE3,0,0.0,0.0
2021-02-26,273589.6549392629,48.78465422874433,0.9998216867730633,1,VALE3,0,0.0,0.0
2021-03-01,285310.36377105,48.78465422874433,0.9998290119798527,1,VALE3,0,0.0,0.0
2021-03-02,294079.18023833516,48.78465422874433,0.9998341104793982,1,VALE3,0,0.0,0.0
2021-03-03,290461.68023833516,48.78465422874433,0.9998320444397737,1,VALE3,0,0.0,0.0
2021-03-04,286149.62642058614,48.78465422874433,0.9998295134792278,1,VALE3,0,0.0,0.0
2021-03-05,290056.5220046926,48.78465422874433,0.9998318098352296,1,VALE3,0,0.0,0.0
2021-03-08,288493.75935515645,48.78465422874433,0.9998308987537972,1,VALE3,0,0.0,0.0
2021-03-09,285599.75935515645,48.78465422874433,0.9998291852404257,1,VALE3,0,0.0,0.0
2021-03-10,281200.88907012227,48.78465422874433,0.9998265131579419,1,VALE3,0,0.0,0.0
2021-03-11,288580.5758224416,48.78465422874433,0.9998309496261497,1,VALE3,0,0.0,0.0
2021-03-12,281924.38907012227,48.78465422874433,0.9998269583756495,1,VALE3,0,0.0,0.0
2021-03-15,280245.86377105,48.78465422874433,0.9998259219473492,1,VALE3,0,0.0,0.0
2021-03-16,279348.7308364797,48.78465422874433,0.9998253628928879,1,VALE3,0,0.0,0.0
2021-03-17,283371.38907012227,48.78465422874433,0.9998278419907218,1,VALE3,0,0.0,0.0
2021-03-18,278335.83525237325,48.78465422874433,0.9998247273687038,1,VALE3,0,0.0,0.0
2021-03-19,274342.1011215139,48.78465422874433,0.9998221758380166,1,VALE3,0,0.0,0.0
2021-03-22,269798.5220046926,48.78465422874433,0.9998191811657594,1,VALE3,0,0.0,0.0
2021-03-23,263576.417588799,48.78465422874433,0.9998149126743773,1,VALE3,0,0.0,0.0
2021-03-24,269624.88907012227,48.78465422874433,0.9998190647221147,1,VALE3,0,0.0,0.0
2021-03-25,267570.1517196584,48.78465422874433,0.9998176752753803,1,VALE3,0,0.0,0.0
2021-03-26,276512.6011215139,48.78465422874433,0.9998235716779964,1,VALE3,0,0.0,0.0
2021-03-29,283602.91436919454,48.78465422874433,0.9998279825355912,1,VALE3,0,0.0,0.0
2021-03-30,280969.36377105,48.78465422874433,0.9998263702007438,1,VALE3,0,0.0,0.0
2021-03-31,283573.96818694356,48.78465422874433,0.9998279649766845,1,VALE3,0,0.0,0.0
2021-04-01,278782.9452994505,12.399254147137981,0.999955523627409,1,GGBR3,2,1.9947959799290482,0.0
2021-04-05,280767.51340324077,12.399254147137981,0.9999558380027773,1,GGBR3,0,0.0,0.0
2021-04-06,287538.32515365275,12.399254147137981,0.9999568779078736,1,GGBR3,0,0.0,0.0
2021-04-07,292441.3345053831,12.399254147137981,0.9999576008837188,1,GGBR3,0,0.0,0.0
2021-04-08,295943.4640029112,12.399254147137981,0.9999581026254831,1,GGBR3,0,0.0,0.0
2021-04-09,300146.01939994487,12.399254147137981,0.9999586892600744,1,GGBR3,0,0.0,0.0
2021-04-12,299212.11820060405,12.399254147137981,0.9999585603209465,1,GGBR3,0,0.0,0.0
2021-04-13,304698.8158019224,12.399254147137981,0.9999593065233466,1,GGBR3,0,0.0,0.0
2021-04-14,311352.8899024168,12.399254147137981,0.9999601762034358,1,GGBR3,0,0.0,0.0
2021-04-15,315672.2110045591,12.399254147137981,0.9999607211096989,1,GGBR3,0,0.0,0.0
2021-04-16,316956.32515365275,12.399254147137981,0.9999608802438597,1,GGBR3,0,0.0,0.0
2021-04-19,316722.84985381755,12.399254147137981,0.9999608514063546,1,GGBR3,0,0.0,0.0
2021-04-20,312637.0040515104,12.399254147137981,0.9999603397742863,1,GGBR3,0,0.0,0.0
2021-04-22,322793.2357047239,12.399254147137981,0.9999615876270763,1,GGBR3,0,0.0,0.0
2021-04-23,324661.03810340556,12.399254147137981,0.999961808616705,1,GGBR3,0,0.0,0.0
2021-04-26,331081.63690406474,12.399254147137981,0.9999625492544284,1,GGBR3,0,0.0,0.0
2021-04-27,333299.6522524992,12.399254147137981,0.9999627984785963,1,GGBR3,0,0.0,0.0
2021-04-28,337618.9452994505,12.399254147137981,0.9999632744124115,1,GGBR3,0,0.0,0.0
2021-04-29,332365.75105315837,12.399254147137981,0.9999626939475327,1,GGBR3,0,0.0,0.0
2021-04-30,322559.7604048887,12.399254147137981,0.9999615598234213,1,GGBR3,0,0.0,0.0
2021-05-03,315205.2604048887,12.399254147137981,0.9999606629212622,1,GGBR3,0,0.0,0.0
2021-05-04,315788.9205992857,12.399254147137981,0.9999607356264317,1,GGBR3,0,0.0,0.0
2021-05-05,335050.7170012632,12.399254147137981,0.9999629929037069,1,GGBR3,0,0.0,0.0
2021-05-06,349876.45465118083,12.399254147137981,0.9999645610501012,1,GGBR3,0,0.0,0.0
2021-05-07,350343.40525085124,12.399254147137981,0.9999646082844394,1,GGBR3,0,0.0,0.0
2021-05-10,352211.2357047239,12.399254147137981,0.9999647959721605,1,GGBR3,0,0.0,0.0
2021-05-11,361783.75105315837,12.399254147137981,0.9999657274432281,1,GGBR3,0,0.0,0.0
2021-05-12,352094.4699996153,12.399254147137981,0.9999647842973871,1,GGBR3,0,0.0,0.0
2021-05-13,342171.741701428,12.399254147137981,0.9999637630679685,1,GGBR3,0,0.0,0.0
2021-05-14,332715.9640029112,12.399254147137981,0.9999627332154492,1,GGBR3,0,0.0,0.0
2021-05-17,339486.77575332316,12.399254147137981,0.9999634764738048,1,GGBR3,0,0.0,0.0
2021-05-18,345323.68630439433,12.399254147137981,0.9999640938208444,1,GGBR3,0,0.0,0.0
2021-05-19,342171.741701428,12.399254147137981,0.9999637630679685,1,GGBR3,0,0.0,0.0
2021-05-20,333533.1275523344,12.399254147137981,0.9999628245198966,1,GGBR3,0,0.0,0.0
2021-05-21,332715.9640029112,12.399254147137981,0.9999627332154492,1,GGBR3,0,0.0,0.0
2021-05-24,321625.8592055479,12.399254147137981,0.9999614482051358,1,GGBR3,0,0.0,0.0
2021-05-25,319291.0781520048,12.399254147137981,0.9999611662993564,1,GGBR3,0,0.0,0.0
2021-05-26,321275.61820060405,12.399254147137981,0.9999614061776098,1,GGBR3,0,0.0,0.0
2021-05-27,327112.5287516752,12.399254147137981,0.9999620948356993,1,GGBR3,0,0.0,0.0
2021-05-28,320808.66760093364,12.399254147137981,0.9999613500026672,1,GGBR3,0,0.0,0.0
2021-05-31,323843.87455398234,12.399254147137981,0.9999617122474087,1,GGBR3,0,0.0,0.0
2021-06-01,327760.83064089814,7.919645414745901,0.9999758371206247,1,PETR4,2,1.9949487038241682,0.0
2021-06-02,334726.62972460786,7.919645414745901,0.9999763399601004,1,PETR4,0,0.0,0.0
2021-06-04,342292.91964541475,7.919645414745901,0.999976862958711,1,PETR4,0,0.0,0.0
2021-06-07,339770.83064089814,7.919645414745901,0.9999766912144877,1,PETR4,0,0.0,0.0
2021-06-08,344214.5178128342,7.919645414745901,0.9999769921226301,1,PETR4,0,0.0,0.0
2021-06-09,344214.5178128342,7.919645414745901,0.9999769921226301,1,PETR4,0,0.0,0.0
2021-06-10,344454.7233105759,7.919645414745901,0.9999770081671733,1,PETR4,0,0.0,0.0
2021-06-11,343133.6159802536,7.919645414745901,0.9999769196457418,1,PETR4,0,0.0,0.0
2021-06-14,345295.41964541475,7.919645414745901,0.9999770641457599,1,PETR4,0,0.0,0.0
2021-06-15,348658.2278920273,7.919645414745901,0.9999772853620503,1,PETR4,0,0.0,0.0
2021-06-16,349979.3123150925,7.919645414745901,0.9999773711041308,1,PETR4,0,0.0,0.0
2021-06-17,337849.20956622163,7.919645414745901,0.999976558638616,1,PETR4,0,0.0,0.0
2021-06-18,340131.1159802536,7.919645414745901,0.9999767159044184,1,PETR4,0,0.0,0.0
2021-06-21,347697.4288083176,7.919645414745901,0.9999772225942484,1,PETR4,0,0.0,0.0
2021-06-22,349498.92422686616,7.919645414745901,0.9999773400005958,1,PETR4,0,0.0,0.0
2021-06-23,351900.9104825119,7.919645414745901,0.9999774946719976,1,PETR4,0,0.0,0.0
2021-06-24,356104.41506396333,7.919645414745901,0.9999777603279271,1,PETR4,0,0.0,0.0
2021-06-25,349498.92422686616,7.919645414745901,0.9999773400005958,1,PETR4,0,0.0,0.0
2021-06-28,348898.4104825119,7.919645414745901,0.9999773009988673,1,PETR4,0,0.0,0.0
2021-06-29,350459.7233105759,7.919645414745901,0.9999774021238733,1,PETR4,0,0.0,0.0
2021-06-30,353462.2233105759,7.919645414745901,0.9999775940825003,1,PETR4,0,0.0,0.0
2021-07-01,349018.51323138276,7.919645414745901,0.9999773088099498,1,PETR4,0,0.0,0.0
2021-07-02,350459.7233105759,7.919645414745901,0.9999774021238733,1,PETR4,0,0.0,0.0
2021-07-05,346496.42422686616,7.919645414745901,0.9999771436446064,1,PETR4,0,0.0,0.0
2021-07-06,332324.62056170503,7.919645414745901,0.9999761689476953,1,PETR4,0,0.0,0.0
2021-07-07,336888.4104825119,7.919645414745901,0.9999764917843169,1,PETR4,0,0.0,0.0
2021-07-08,330162.8168965439,7.919645414745901,0.9999760129093603,1,PETR4,0,0.0,0.0
2021-07-12,333045.21414767305,7.919645414745901,0.9999762205097736,1,PETR4,0,0.0,0.0
2021-07-13,335086.91506396333,7.919645414745901,0.9999763653993674,1,PETR4,0,0.0,0.0
2021-07-14,332324.62056170503,7.919645414745901,0.9999761689476953,1,PETR4,0,0.0,0.0
2021-07-15,325238.71872912446,7.919645414745901,0.9999756497459906,1,PETR4,0,0.0,0.0
2021-07-16,320434.7233105759,7.919645414745901,0.9999752846840912,1,PETR4,0,0.0,0.0
2021-07-19,315150.3168965439,7.919645414745901,0.9999748702603484,1,PETR4,0,0.0,0.0
2021-07-20,319353.8214779953,7.919645414745901,0.999975201031326,1,PETR4,0,0.0,0.0
2021-07-21,323797.50864993135,7.919645414745901,0.9999755413639599,1,PETR4,0,0.0,0.0
2021-07-22,323076.91506396333,7.919645414745901,0.9999754868112035,1,PETR4,0,0.0,0.0
2021-07-23,321155.3168965439,7.919645414745901,0.9999753401391848,1,PETR4,0,0.0,0.0
2021-07-26,329922.6113988022,7.919645414745901,0.9999759954451707,1,PETR4,0,0.0,0.0
2021-07-27,326079.41506396333,7.919645414745901,0.9999757125256951,1,PETR4,0,0.0,0.0
2021-07-28,332805.00864993135,7.919645414745901,0.9999762033466778,1,PETR4,0,0.0,0.0
2021-07-29,334006.01323138276,7.919645414745901,0.9999762889136692,1,PETR4,0,0.0,0.0
2021-07-30,323197.0178128342,7.919645414745901,0.999975495920512,1,PETR4,0,0.0,0.0
2021-08-02,324056.601541676,2.264185108593665,0.9999930129949588,1,GGBR3,2,1.9949788927315704,0.0
2021-08-03,328529.727335133,2.264185108593665,0.9999931081271489,1,GGBR3,0,0.0,0.0
2021-08-04,328281.2203466076,2.264185108593665,0.999993102910041,1,GGBR3,0,0.0,0.0
2021-08-05,319334.96875969355,2.264185108593665,0.9999929096862853,1,GGBR3,0,0.0,0.0
2021-08-06,326417.4477941174,2.264185108593665,0.9999930635291591,1,GGBR3,0,0.0,0.0
2021-08-09,323062.5735875744,2.264185108593665,0.999992991496714,1,GGBR3,0,0.0,0.0
2021-08-10,327659.98273674434,2.264185108593665,0.9999930898332787,1,GGBR3,0,0.0,0.0
2021-08-11,331760.3480474133,2.264185108593665,0.999993175238928,1,GGBR3,0,0.0,0.0
2021-08-12,327659.98273674434,2.264185108593665,0.9999930898332787,1,GGBR3,0,0.0,0.0
2021-08-13,323683.8410588879,2.264185108593665,0.9999930049485907,1,GGBR3,0,0.0,0.0
2021-08-16,313122.2641851086,2.264185108593665,0.9999927690063353,1,GGBR3,0,0.0,0.0
2021-08-17,297093.5037023205,2.264185108593665,0.9999923788804522,1,GGBR3,0,0.0,0.0
2021-08-18,294856.9109441418,2.264185108593665,0.9999923210715959,1,GGBR3,0,0.0,0.0
2021-08-19,284668.0945531506,2.264185108593665,0.9999920462280392,1,GGBR3,0,0.0,0.0
2021-08-20,284543.8410588879,2.264185108593665,0.9999920427548171,1,GGBR3,0,0.0,0.0
2021-08-23,285786.37600151484,2.264185108593665,0.999992077351131,1,GGBR3,0,0.0,0.0
2021-08-24,295353.9547826428,2.264185108593665,0.9999923339942739,1,GGBR3,0,0.0,0.0
2021-08-25,297466.2641851086,2.264185108593665,0.9999923884306182,1,GGBR3,0,0.0,0.0
2021-08-26,292371.8410588879,2.264185108593665,0.9999922558030883,1,GGBR3,0,0.0,0.0
2021-08-27,295726.68540398066,2.264185108593665,0.9999923436564221,1,GGBR3,0,0.0,0.0
2021-08-30,296596.4897252697,2.264185108593665,0.9999923661095561,1,GGBR3,0,0.0,0.0
2021-08-31,290011.0246678967,2.264185108593665,0.9999921927619435,1,GGBR3,0,0.0,0.0
2021-09-01,283894.01528001815,1.0456678965711035,0.9999963166962307,1,PETR4,2,1.9949985290739936,0.0
2021-09-02,279274.44967294723,1.0456678965711035,0.9999962557695564,1,PETR4,0,0.0,0.0
2021-09-03,276439.71486688644,1.0456678965711035,0.9999962173745655,1,PETR4,0,0.0,0.0
2021-09-06,277804.576055775,1.0456678965711035,0.9999962359587037,1,PETR4,0,0.0,0.0
2021-09-08,262161.0684588054,1.0456678965711035,0.999996011353239,1,PETR4,0,0.0,0.0
2021-09-09,267725.5456678966,1.0456678965711035,0.9999960942543082,1,PETR4,0,0.0,0.0
2021-09-10,266045.70726991683,1.0456678965711035,0.9999960695930511,1,PETR4,0,0.0,0.0
2021-09-13,275389.8108618358,1.0456678965711035,0.9999962029535758,1,PETR4,0,0.0,0.0
2021-09-14,271715.1568567851,1.0456678965711035,0.9999961516026243,1,PETR4,0,0.0,0.0
2021-09-15,276439.71486688644,1.0456678965711035,0.9999962173745655,1,PETR4,0,0.0,0.0
2021-09-16,274024.94967294723,1.0456678965711035,0.9999961840412787,1,PETR4,0,0.0,0.0
2021-09-17,261741.1188719371,1.0456678965711035,0.9999960049536691,1,PETR4,0,0.0,0.0
2021-09-20,258801.3916628459,1.0456678965711035,0.999995959573904,1,PETR4,0,0.0,0.0
2021-09-21,264680.826055775,1.0456678965711035,0.9999960493250979,1,PETR4,0,0.0,0.0
2021-09-22,271400.19967294723,1.0456678965711035,0.9999961471365981,1,PETR4,0,0.0,0.0
2021-09-23,281794.20726991683,1.0456678965711035,0.9999962892498512,1,PETR4,0,0.0,0.0
2021-09-24,282424.1416628459,1.0456678965711035,0.9999962975265131,1,PETR4,0,0.0,0.0
2021-09-27,284943.8992598155,1.0456678965711035,0.9999963302674691,1,PETR4,0,0.0,0.0
2021-09-28,283054.076055775,1.0456678965711035,0.9999963057663357,1,PETR4,0,0.0,0.0
2021-09-29,287568.6492598155,1.0456678965711035,0.9999963637625338,1,PETR4,0,0.0,0.0
2021-09-30,285888.8108618358,1.0456678965711035,0.9999963423965652,1,PETR4,0,0.0,0.0
2021-10-01,284022.38698986906,284022.38698986906,0.0,0,,1,0.9994963293976021,0.0
2021-10-04,284022.38698986906,284022.38698986906,0.0,0,,0,0.0,0.0
2021-10-05,284022.38698986906,284022.38698986906,0.0,0,,0,0.0,0.0
2021-10-06,284022.38698986906,284022.38698986906,0.0,0,,0,0.0,0.0
2021-10-07,284022.38698986906,284022.38698986906,0.0,0,,0,0.0,0.0
2021-10-08,284022.38698986906,284022.38698986906,0.0,0,,0,0.0,0.0
2021-10-11,284022.38698986906,284022.38698986906,0.0,0,,0,0.0,0.0
2021-10-13,284022.38698986906,284022.38698986906,0.0,0,,0,0.0,0.0
2021-10-14,284022.38698986906,284022.38698986906,0.0,0,,0,0.0,0.0
2021-10-15,284022.38698986906,284022.38698986906,0.0,0,,0,0.0,0.0
2021-10-18,284022.38698986906,284022.38698986906,0.0,0,,0,0.0,0.0
2021-10-19,284022.38698986906,284022.38698986906,0.0,0,,0,0.0,0.0
2021-10-20,284022.38698986906,284022.38698986906,0.0,0,,0,0.0,0.0
2021-10-21,284022.38698986906,284022.38698986906,0.0,0,,0,0.0,0.0
2021-10-22,284022.38698986906,284022.38698986906,0.0,0,,0,0.0,0.0
2021-10-25,284022.38698986906,284022.38698986906,0.0,0,,0,0.0,0.0
2021-10-26,284022.38698986906,284022.38698986906,0.0,0,,0,0.0,0.0
2021-10-27,284022.38698986906,284022.38698986906,0.0,0,,0,0.0,0.0
2021-10-28,284022.38698986906,284022.38698986906,0.0,0,,0,0.0,0.0
2021-10-29,284022.38698986906,284022.38698986906,0.0,0,,0,0.0,0.0
2021-11-01,286278.80546659086,6.805466590856668,0.9999762278364276,1,PETR4,1,0.9979800788206132,0.0
2021-11-03,274521.20936673734,6.805466590856668,0.999975209687417,1,PETR4,0,0.0,0.0
2021-11-04,265830.80546659086,6.805466590856668,0.9999743992552748,1,PETR4,0,0.0,0.0
2021-11-05,264297.20936673734,6.805466590856668,0.9999742507058355,1,PETR4,0,0.0,0.0
2021-11-08,267057.6940469131,6.805466590856668,0.9999745168675438,1,PETR4,0,0.0,0.0
2021-11-09,272374.1592263565,6.805466590856668,0.9999750142722416,1,PETR4,0,0.0,0.0
2021-11-10,270227.12858670804,6.805466590856668,0.9999748157535979,1,PETR4,0,0.0,0.0
2021-11-11,270431.6132668838,6.805466590856668,0.9999748347964624,1,PETR4,0,0.0,0.0
2021-11-12,275952.56312650297,6.805466590856668,0.9999753382736737,1,PETR4,0,0.0,0.0
2021-11-16,278815.29014676664,6.805466590856668,0.9999755914871553,1,PETR4,0,0.0,0.0
2021-11-17,271760.72468656156,6.805466590856668,0.9999749578729645,1,PETR4,0,0.0,0.0
2021-11-18,271351.7748269424,6.805466590856668,0.999974920132381,1,PETR4,0,0.0,0.0
2021-11-19,266853.20936673734,6.805466590856668,0.9999744973402905,1,PETR4,0,0.0,0.0
2021-11-22,269511.45170682523,6.805466590856668,0.9999747488778389,1,PETR4,0,0.0,0.0
2021-11-23,284233.9976662979,6.805466590856668,0.9999760568171059,1,PETR4,0,0.0,0.0
2021-11-24,290061.6940469131,6.805466590856668,0.9999765378651144,1,PETR4,0,0.0,0.0
2021-11-25,302841.6940469131,6.805466590856668,0.9999775279734441,1,PETR4,0,0.0,0.0
2021-11-26,291084.0784463272,6.805466590856668,0.99997662027196,1,PETR4,0,0.0,0.0
2021-11-29,301308.0784463272,6.805466590856668,0.999977413594,1,PETR4,0,0.0,0.0
2021-11-30,300899.12858670804,6.805466590856668,0.9999773828969767,1,PETR4,0,0.0,0.0
2021-12-01,302637.20936673734,6.805466590856668,0.9999775127896365,1,PETR4,0,0.0,0.0
2021-12-02,289959.45170682523,6.805466590856668,0.9999765295921523,1,PETR4,0,0.0,0.0
2021-12-03,294049.04780667875,6.805466590856668,0.999976856015547,1,PETR4,0,0.0,0.0
2021-12-06,295378.1592263565,6.805466590856668,0.9999769601564019,1,PETR4,0,0.0,0.0
2021-12-07,300183.45170682523,6.805466590856668,0.9999773289748247,1,PETR4,0,0.0,0.0
2021-12-08,300081.20936673734,6.805466590856668,0.9999773212504535,1,PETR4,0,0.0,0.0
2021-12-09,299467.7748269424,6.805466590856668,0.9999772747949431,1,PETR4,0,0.0,0.0
2021-12-10,303148.4015664444,6.805466590856668,0.9999775507093038,1,PETR4,0,0.0,0.0
2021-12-13,301308.0784463272,6.805466590856668,0.999977413594,1,PETR4,0,0.0,0.0
2021-12-14,297729.6940469131,6.805466590856668,0.9999771421301706,1,PETR4,0,0.0,0.0
2021-12-15,299569.9976662979,6.805466590856668,0.999977282549508,1,PETR4,0,0.0,0.0
2021-12-16,303557.37092679593,6.805466590856668,0.9999775809542358,1,PETR4,0,0.0,0.0
2021-12-17,296400.56312650297,6.805466590856668,0.9999770396300227,1,PETR4,0,0.0,0.0
2021-12-20,287914.64390653226,6.805466590856668,0.9999763629022181,1,PETR4,0,0.0,0.0
2021-12-21,288323.6132668838,6.805466590856668,0.9999763964299915,1,PETR4,0,0.0,0.0
2021-12-22,287914.64390653226,6.805466590856668,0.9999763629022181,1,PETR4,0,0.0,0.0
2021-12-23,289652.72468656156,6.805466590856668,0.9999765047382233,1,PETR4,0,0.0,0.0
2021-12-27,293946.80546659086,6.805466590856668,0.9999768479654676,1,PETR4,0,0.0,0.0
2021-12-28,294253.5324868545,6.805466590856668,0.9999768720989232,1,PETR4,0,0.0,0.0
2021-12-29,291799.7748269424,6.805466590856668,0.9999766776153447,1,PETR4,0,0.0,0.0
2021-12-30,290879.6132668838,6.805466590856668,0.999976603837875,1,PETR4,0,0.0,0.0
2022-01-03,297422.96702664945,6.805466590856668,0.9999771185572557,1,PETR4,0,0.0,0.0
2022-01-04,298547.6132668838,6.805466590856668,0.9999772047529827,1,PETR4,0,0.0,0.0
2022-01-05,286994.48234647367,6.805466590856668,0.9999762871169675,1,PETR4,0,0.0,0.0
2022-01-06,286789.9976662979,6.805466590856668,0.9999762702093998,1,PETR4,0,0.0,0.0
2022-01-07,288119.12858670804,6.805466590856668,0.9999763796780025,1,PETR4,0,0.0,0.0
2022-01-10,286381.04780667875,6.805466590856668,0.9999762363234475,1,PETR4,0,0.0,0.0
2022-01-11,294866.96702664945,6.805466590856668,0.9999769202136832,1,PETR4,0,0.0,0.0
2022-01-12,303864.0784463272,6.805466590856668,0.9999776035830703,1,PETR4,0,0.0,0.0
2022-01-13,309998.48234647367,6.805466590856668,0.9999780467744895,1,PETR4,0,0.0,0.0
2022-01-14,321551.6132668838,6.805466590856668,0.9999788355389615,1,PETR4,0,0.0,0.0
2022-01-17,322062.80546659086,6.805466590856668,0.9999788691321216,1,PETR4,0,0.0,0.0
2022-01-18,323494.1592263565,6.805466590856668,0.9999789626291642,1,PETR4,0,0.0,0.0
2022-01-19,321960.56312650297,6.805466590856668,0.9999788624217675,1,PETR4,0,0.0,0.0
2022-01-20,324312.0784463272,6.805466590856668,0.9999790156856831,1,PETR4,0,0.0,0.0
2022-01-21,324823.29014676664,6.805466590856668,0.9999790487111075,1,PETR4,0,0.0,0.0
2022-01-24,326663.6132668838,6.805466590856668,0.9999791667442762,1,PETR4,0,0.0,0.0
2022-01-25,337296.5826272354,6.805466590856668,0.9999798234937993,1,PETR4,0,0.0,0.0
2022-01-26,346293.6745461807,6.805466590856668,0.9999803477017021,1,PETR4,0,0.0,0.0
2022-01-27,346395.936387001,6.805466590856668,0.9999803535033873,1,PETR4,0,0.0,0.0
2022-01-28,332695.7748269424,6.805466590856668,0.9999795444754463,1,PETR4,0,0.0,0.0
2022-01-31,330753.1898660049,6.805466590856668,0.9999794243357302,1,PETR4,0,0.0,0.0
2022-02-01,337398.80546659086,6.805466590856668,0.9999798296067426,1,PETR4,0,0.0,0.0
2022-02-02,332491.29014676664,6.805466590856668,0.9999795318951428,1,PETR4,0,0.0,0.0
2022-02-03,327890.48234647367,6.805466590856668,0.9999792446961493,1,PETR4,0,0.0,0.0
2022-02-04,333615.936387001,6.805466590856668,0.9999796008947757,1,PETR4,0,0.0,0.0
2022-02-07,328708.4210671768,6.805466590856668,0.9999792963424279,1,PETR4,0,0.0,0.0
2022-02-08,325436.72468656156,6.805466590856668,0.999979088203406,1,PETR4,0,0.0,0.0
2022-02-09,326663.6132668838,6.805466590856668,0.9999791667442762,1,PETR4,0,0.0,0.0
2022-02-10,331673.3514260635,6.805466590856668,0.9999794814188068,1,PETR4,0,0.0,0.0
2022-02-11,345169.0283059463,6.805466590856668,0.9999802836696436,1,PETR4,0,0.0,0.0
2022-02-14,337398.80546659086,6.805466590856668,0.9999798296067426,1,PETR4,0,0.0,0.0
2022-02-15,332082.3207864151,6.805466590856668,0.9999795066880564,1,PETR4,0,0.0,0.0
2022-02-16,336683.12858670804,6.805466590856668,0.9999797867311634,1,PETR4,0,0.0,0.0
2022-02-17,335353.9976662979,6.805466590856668,0.9999797066185636,1,PETR4,0,0.0,0.0
2022-02-18,337398.80546659086,6.805466590856668,0.9999798296067426,1,PETR4,0,0.0,0.0
2022-02-21,346089.1898660049,6.805466590856668,0.9999803360902619,1,PETR4,0,0.0,0.0
2022-02-22,344964.5826272354,6.805466590856668,0.9999802719846222,1,PETR4,0,0.0,0.0
2022-02-23,349872.0979470596,6.805466590856668,0.9999805487015662,1,PETR4,0,0.0,0.0
2022-02-24,341386.1592263565,6.805466590856668,0.9999800651947746,1,PETR4,0,0.0,0.0
2022-02-25,347622.80546659086,6.805466590856668,0.999980422841989,1,PETR4,0,0.0,0.0
2022-03-02,371414.2105585201,11.55810414388543,0.9999688808241168,1,BBSE3,2,1.9949591620940395,0.0
2022-03-03,371092.50319539144,11.55810414388543,0.9999688538462934,1,BBSE3,0,0.0,0.0
2022-03-04,362567.4728304012,11.55810414388543,0.9999681215083812,1,BBSE3,0,0.0,0.0
2022-03-07,355490.06424008444,11.55810414388543,0.9999674868433563,1,BBSE3,0,0.0,0.0
2022-03-08,351951.3446050747,11.55810414388543,0.9999671599375282,1,BBSE3,0,0.0,0.0
2022-03-09,360154.698286639,11.55810414388543,0.999967907945672,1,BBSE3,0,0.0,0.0
2022-03-10,363050.00319539144,11.55810414388543,0.9999681638781376,1,BBSE3,0,0.0,0.0
2022-03-11,361924.0581041439,11.55810414388543,0.99996806483602,1,BBSE3,0,0.0,0.0
2022-03-14,361441.4970594509,11.55810414388543,0.9999680221993381,1,BBSE3,0,0.0,0.0
2022-03-15,361280.64337788656,11.55810414388543,0.9999680079618,1,BBSE3,0,0.0,0.0
2022-03-16,366749.5458322628,11.55810414388543,0.9999684850212489,1,BBSE3,0,0.0,0.0
2022-03-17,374792.0458322628,11.55810414388543,0.9999691612875129,1,BBSE3,0,0.0,0.0
2022-03-18,375435.4605585201,11.55810414388543,0.9999692141383589,1,BBSE3,0,0.0,0.0
2022-03-21,380260.948286639,11.55810414388543,0.999969604809024,1,BBSE3,0,0.0,0.0
2022-03-22,387338.3568769558,11.55810414388543,0.999970160186982,1,BBSE3,0,0.0,0.0
2022-03-23,386855.7958322628,11.55810414388543,0.9999701229650211,1,BBSE3,0,0.0,0.0
2022-03-24,392485.55196820333,11.55810414388543,0.9999705515169006,1,BBSE3,0,0.0,0.0
2022-03-25,393289.820376025,11.55810414388543,0.9999706117383541,1,BBSE3,0,0.0,0.0
2022-03-28,395541.7105585201,11.55810414388543,0.9999707790510195,1,BBSE3,0,0.0,0.0
2022-03-29,398919.5458322628,11.55810414388543,0.9999710264782344,1,BBSE3,0,0.0,0.0
2022-03-30,400528.05196820333,11.55810414388543,0.9999711428348474,1,BBSE3,0,0.0,0.0
2022-03-31,411144.1495138271,11.55810414388543,0.9999718879518107,1,BBSE3,0,0.0,0.0
2022-04-01,416773.90564976766,11.55810414388543,0.9999722676876186,1,BBSE3,0,0.0,0.0
2022-04-04,415004.5458322628,11.55810414388543,0.999972149451711,1,BBSE3,0,0.0,0.0
2022-04-05,410500.76546727255,11.55810414388543,0.9999718438913732,1,BBSE3,0,0.0,0.0
2022-04-06,414361.1617857082,11.55810414388543,0.9999721062077969,1,BBSE3,0,0.0,0.0
2022-04-07,418221.5581041439,11.55810414388543,0.9999723636815944,1,BBSE3,0,0.0,0.0
2022-04-08,421438.570376025,11.55810414388543,0.9999725746408697,1,BBSE3,0,0.0,0.0
2022-04-11,417095.6130128963,11.55810414388543,0.999972289077652,1,BBSE3,0,0.0,0.0
2022-04-12,413556.89337788656,11.55810414388543,0.9999720519610991,1,BBSE3,0,0.0,0.0
2022-04-13,417256.46669446066,11.55810414388543,0.9999722997602998,1,BBSE3,0,0.0,0.0
2022-04-14,420795.15564976766,11.55810414388543,0.9999725327062617,1,BBSE3,0,0.0,0.0
2022-04-18,430767.8691488369,11.55810414388543,0.9999731686019974,1,BBSE3,0,0.0,0.0
2022-04-19,418543.26546727255,11.55810414388543,0.9999723849238598,1,BBSE3,0,0.0,0.0
2022-04-20,430446.1617857082,11.55810414388543,0.9999731485487153,1,BBSE3,0,0.0,0.0
2022-04-22,424494.698286639,11.55810414388543,0.9999727720883428,1,BBSE3,0,0.0,0.0
2022-04-25,424173.0216032131,11.55810414388543,0.9999727514397304,1,BBSE3,0,0.0,0.0
2022-04-26,419347.50319539144,11.55810414388543,0.9999724378849145,1,BBSE3,0,0.0,0.0
2022-04-27,419508.3568769558,11.55810414388543,0.9999724484531609,1,BBSE3,0,0.0,0.0
2022-04-28,416452.198286639,11.55810414388543,0.9999722462645378,1,BBSE3,0,0.0,0.0
2022-04-29,409053.1130128963,11.55810414388543,0.9999717442459763,1,BBSE3,0,0.0,0.0
2022-05-02,401332.320376025,11.55810414388543,0.9999712006644941,1,BBSE3,0,0.0,0.0
2022-05-03,404066.7716032131,11.55810414388543,0.9999713955589616,1,BBSE3,0,0.0,0.0
2022-05-04,412109.2716032131,11.55810414388543,0.9999719537876474,1,BBSE3,0,0.0,0.0
2022-05-05,402619.1191488369,11.55810414388543,0.9999712927091781,1,BBSE3,0,0.0,0.0
2022-05-06,402619.1191488369,11.55810414388543,0.9999712927091781,1,BBSE3,0,0.0,0.0
2022-05-09,408248.8446050747,11.55810414388543,0.9999716885808824,1,BBSE3,0,0.0,0.0
2022-05-10,401814.8507410152,11.55810414388543,0.9999712352489646,1,BBSE3,0,0.0,0.0
2022-05-11,398758.7228304012,11.55810414388543,0.9999710147929509,1,BBSE3,0,0.0,0.0
2022-05-12,408409.698286639,11.55810414388543,0.9999716997314403,1,BBSE3,0,0.0,0.0
2022-05-13,414682.8691488369,11.55810414388543,0.9999721278475583,1,BBSE3,0,0.0,0.0
2022-05-16,410500.76546727255,11.55810414388543,0.9999718438913732,1,BBSE3,0,0.0,0.0
2022-05-17,415165.3995138271,11.55810414388543,0.9999721602422614,1,BBSE3,0,0.0,0.0
2022-05-18,408731.40564976766,11.55810414388543,0.9999717220062267,1,BBSE3,0,0.0,0.0
2022-05-19,408570.55196820333,11.55810414388543,0.9999717108732183,1,BBSE3,0,0.0,0.0
2022-05-20,409696.4970594509,11.55810414388543,0.9999717886185827,1,BBSE3,0,0.0,0.0
2022-05-23,411465.8568769558,11.55810414388543,0.9999719099314057,1,BBSE3,0,0.0,0.0
2022-05-24,415647.9605585201,11.55810414388543,0.9999721925638024,1,BBSE3,0,0.0,0.0
2022-05-25,412591.80196820333,11.55810414388543,0.9999719865879818,1,BBSE3,0,0.0,0.0
2022-05-26,411305.00319539144,11.55810414388543,0.9999718989459061,1,BBSE3,0,0.0,0.0
2022-05-27,417095.6130128963,11.55810414388543,0.999972289077652,1,BBSE3,0,0.0,0.0
2022-05-30,428033.41792164877,11.55810414388543,0.9999729971921352,1,BBSE3,0,0.0,0.0
2022-05-31,432376.3446050747,11.55810414388543,0.9999732684169981,1,BBSE3,0,0.0,0.0
2022-06-01,429802.7470594509,11.55810414388543,0.9999731083520919,1,BBSE3,0,0.0,0.0
2022-06-02,429802.7470594509,11.55810414388543,0.9999731083520919,1,BBSE3,0,0.0,0.0
2022-06-03,416291.3446050747,11.55810414388543,0.9999722355405807,1,BBSE3,0,0.0,0.0
2022-06-06,412913.509331332,11.55810414388543,0.9999720084136685,1,BBSE3,0,0.0,0.0
2022-06-07,408892.259331332,11.55810414388543,0.999971733130476,1,BBSE3,0,0.0,0.0
2022-06-08,407283.75319539144,11.55810414388543,0.9999716214947117,1,BBSE3,0,0.0,0.0
2022-06-09,404710.15564976766,11.55810414388543,0.9999714410325945,1,BBSE3,0,0.0,0.0
2022-06-10,395702.56424008444,11.55810414388543,0.9999707909293788,1,BBSE3,0,0.0,0.0
2022-06-13,394737.4728304012,11.55810414388543,0.9999707195162876,1,BBSE3,0,0.0,0.0
2022-06-14,394415.76546727255,11.55810414388543,0.9999706956335019,1,BBSE3,0,0.0,0.0
2022-06-15,400688.90564976766,11.55810414388543,0.999971154419349,1,BBSE3,0,0.0,0.0
2022-06-17,400045.5216032131,11.55810414388543,0.9999711080276625,1,BBSE3,0,0.0,0.0
2022-06-20,405675.2470594509,11.55810414388543,0.9999715089736737,1,BBSE3,0,0.0,0.0
2022-06-21,407122.8995138271,11.55810414388543,0.9999716102824044,1,BBSE3,0,0.0,0.0
2022-06-22,402619.1191488369,11.55810414388543,0.9999712927091781,1,BBSE3,0,0.0,0.0
2022-06-23,404066.7716032131,11.55810414388543,0.9999713955589616,1,BBSE3,0,0.0,0.0
2022-06-24,398115.3081041439,11.55810414388543,0.9999709679484596,1,BBSE3,0,0.0,0.0
2022-06-27,400849.759331332,11.55810414388543,0.9999711659945533,1,BBSE3,0,0.0,0.0
2022-06-28,409374.820376025,11.55810414388543,0.9999717664507718,1,BBSE3,0,0.0,0.0
2022-06-29,409857.3507410152,11.55810414388543,0.9999717996904948,1,BBSE3,0,0.0,0.0
2022-06-30,417578.14337788656,11.55810414388543,0.9999723210988717,1,BBSE3,0,0.0,0.0
2022-07-01,417015.9996059298,417015.9996059298,0.0,0,,1,0.9994723668716778,0.0
2022-07-04,417015.9996059298,417015.9996059298,0.0,0,,0,0.0,0.0
2022-07-05,417015.9996059298,417015.9996059298,0.0,0,,0,0.0,0.0
2022-07-06,417015.9996059298,417015.9996059298,0.0,0,,0,0.0,0.0
2022-07-07,417015.9996059298,417015.9996059298,0.0,0,,0,0.0,0.0
2022-07-08,417015.9996059298,417015.9996059298,0.0,0,,0,0.0,0.0
2022-07-11,417015.9996059298,417015.9996059298,0.0,0,,0,0.0,0.0
2022-07-12,417015.9996059298,417015.9996059298,0.0,0,,0,0.0,0.0
2022-07-13,417015.9996059298,417015.9996059298,0.0,0,,0,0.0,0.0
2022-07-14,417015.9996059298,417015.9996059298,0.0,0,,0,0.0,0.0
2022-07-15,417015.9996059298,417015.9996059298,0.0,0,,0,0.0,0.0
2022-07-18,417015.9996059298,417015.9996059298,0.0,0,,0,0.0,0.0
2022-07-19,417015.9996059298,417015.9996059298,0.0,0,,0,0.0,0.0
2022-07-20,417015.9996059298,417015.9996059298,0.0,0,,0,0.0,0.0
2022-07-21,417015.9996059298,417015.9996059298,0.0,0,,0,0.0,0.0
2022-07-22,417015.9996059298,417015.9996059298,0.0,0,,0,0.0,0.0
2022-07-25,417015.9996059298,417015.9996059298,0.0,0,,0,0.0,0.0
2022-07-26,417015.9996059298,417015.9996059298,0.0,0,,0,0.0,0.0
2022-07-27,417015.9996059298,417015.9996059298,0.0,0,,0,0.0,0.0
2022-07-28,417015.9996059298,417015.9996059298,0.0,0,,0,0.0,0.0
2022-07-29,417015.9996059298,417015.9996059298,0.0,0,,0,0.0,0.0
2022-08-01,412060.8173834504,19.693649929889943,0.9999522069337848,1,PETR4,1,0.9979568611114801,0.0
2022-08-02,413895.93605105294,19.693649929889943,0.9999524188371652,1,PETR4,0,0.0,0.0
2022-08-03,414140.57498232735,19.693649929889943,0.9999524469440583,1,PETR4,0,0.0,0.0
2022-08-04,418544.82244936837,19.693649929889943,0.9999529473335386,1,PETR4,0,0.0,0.0
2022-08-05,426619.2605826081,19.693649929889943,0.9999538378789954,1,PETR4,0,0.0,0.0
2022-08-08,448151.12671725167,19.693649929889943,0.9999560557839625,1,PETR4,0,0.0,0.0
2022-08-09,455491.5080496491,19.693649929889943,0.999956763958094,1,PETR4,0,0.0,0.0
2022-08-10,454023.4411169709,19.693649929889943,0.9999566241560536,1,PETR4,0,0.0,0.0
2022-08-11,443502.1936499299,19.693649929889943,0.9999555951465137,1,PETR4,0,0.0,0.0
2022-08-12,387959.82244936837,19.693649929889943,0.99994923791385,1,PETR4,0,0.0,0.0
2022-08-15,388082.16524950875,19.693649929889943,0.9999492539165843,1,PETR4,0,0.0,0.0
2022-08-16,391630.0131155671,19.693649929889943,0.9999497136346287,1,PETR4,0,0.0,0.0
2022-08-17,400805.5131155671,19.693649929889943,0.9999508648227495,1,PETR4,0,0.0,0.0
2022-08-18,408879.95124880684,19.693649929889943,0.9999518351294316,1,PETR4,0,0.0,0.0
2022-08-19,388204.5080496491,19.693649929889943,0.999949269909232,1,PETR4,0,0.0,0.0
2022-08-22,396523.63178316964,19.693649929889943,0.9999503342339489,1,PETR4,0,0.0,0.0
2022-08-23,409124.6368490876,19.693649929889943,0.9999518639354462,1,PETR4,0,0.0,0.0
2022-08-24,411571.4461828889,19.693649929889943,0.9999521501063484,1,PETR4,0,0.0,0.0
2022-08-25,407167.19871584786,19.693649929889943,0.9999516325234645,1,PETR4,0,0.0,0.0
2022-08-26,411571.4461828889,19.693649929889943,0.9999521501063484,1,PETR4,0,0.0,0.0
2022-08-29,421848.0080496491,19.693649929889943,0.9999533157688217,1,PETR4,0,0.0,0.0
2022-08-30,396768.3173834504,19.693649929889943,0.9999503648626489,1,PETR4,0,0.0,0.0
2022-08-31,406555.5080496491,19.693649929889943,0.9999515597512764,1,PETR4,0,0.0,0.0
2022-09-01,416601.148580336,11.554380201734602,0.9999722651263898,1,TUPY3,2,1.9949336200879204,0.0
2022-09-02,412039.96018006746,11.554380201734602,0.9999719581076635,1,TUPY3,0,0.0,0.0
2022-09-05,417361.3659799332,11.554380201734602,0.9999723156450415,1,TUPY3,0,0.0,0.0
2022-09-06,421770.5109002823,11.554380201734602,0.9999726050544001,1,TUPY3,0,0.0,0.0
2022-09-08,419641.96018006746,11.554380201734602,0.999972466098965,1,TUPY3,0,0.0,0.0
2022-09-09,432717.380460524,11.554380201734602,0.9999732980908014,1,TUPY3,0,0.0,0.0
2022-09-12,409759.3659799332,11.554380201734602,0.999971802035143,1,TUPY3,0,0.0,0.0
2022-09-13,402157.3659799332,11.554380201734602,0.9999712690076593,1,TUPY3,0,0.0,0.0
2022-09-14,406870.59786012117,11.554380201734602,0.9999716018305022,1,TUPY3,0,0.0,0.0
2022-09-15,411431.7862603897,11.554380201734602,0.999971916656448,1,TUPY3,0,0.0,0.0
2022-09-16,405958.3659799332,11.554380201734602,0.9999715380167771,1,TUPY3,0,0.0,0.0
2022-09-19,419337.8732202286,11.554380201734602,0.9999724461324874,1,TUPY3,0,0.0,0.0
2022-09-20,428612.32250001375,11.554380201734602,0.9999730423518056,1,TUPY3,0,0.0,0.0
2022-09-21,415840.96018006746,11.554380201734602,0.999972214424965,1,TUPY3,0,0.0,0.0
2022-09-22,421922.55438020173,11.554380201734602,0.9999726149264082,1,TUPY3,0,0.0,0.0
2022-09-23,416753.19206025545,11.554380201734602,0.9999722752448647,1,TUPY3,0,0.0,0.0
2022-09-26,401397.148580336,11.554380201734602,0.9999712145932212,1,TUPY3,0,0.0,0.0
2022-09-27,399572.68481996004,11.554380201734602,0.9999710831579818,1,TUPY3,0,0.0,0.0
2022-09-28,401549.19206025545,11.554380201734602,0.9999712254925917,1,TUPY3,0,0.0,0.0
2022-09-29,387713.55438020173,11.554380201734602,0.9999701986683953,1,TUPY3,0,0.0,0.0
2022-09-30,381631.96018006746,11.554380201734602,0.9999697237616151,1,TUPY3,0,0.0,0.0
2022-10-03,385986.39839274547,385986.39839274547,0.0,0,,1,0.9994701550521925,0.0
2022-10-04,385986.39839274547,385986.39839274547,0.0,0,,0,0.0,0.0
2022-10-05,385986.39839274547,385986.39839274547,0.0,0,,0,0.0,0.0
2022-10-06,385986.39839274547,385986.39839274547,0.0,0,,0,0.0,0.0
2022-10-07,385986.39839274547,385986.39839274547,0.0,0,,0,0.0,0.0
2022-10-10,385986.39839274547,385986.39839274547,0.0,0,,0,0.0,0.0
2022-10-11,385986.39839274547,385986.39839274547,0.0,0,,0,0.0,0.0
2022-10-13,385986.39839274547,385986.39839274547,0.0,0,,0,0.0,0.0
2022-10-14,385986.39839274547,385986.39839274547,0.0,0,,0,0.0,0.0
2022-10-17,385986.39839274547,385986.39839274547,0.0,0,,0,0.0,0.0
2022-10-18,385986.39839274547,385986.39839274547,0.0,0,,0,0.0,0.0
2022-10-19,385986.39839274547,385986.39839274547,0.0,0,,0,0.0,0.0
2022-10-20,385986.39839274547,385986.39839274547,0.0,0,,0,0.0,0.0
2022-10-21,385986.39839274547,385986.39839274547,0.0,0,,0,0.0,0.0
2022-10-24,385986.39839274547,385986.39839274547,0.0,0,,0,0.0,0.0
2022-10-25,385986.39839274547,385986.39839274547,0.0,0,,0,0.0,0.0
2022-10-26,385986.39839274547,385986.39839274547,0.0,0,,0,0.0,0.0
2022-10-27,385986.39839274547,385986.39839274547,0.0,0,,0,0.0,0.0
2022-10-28,385986.39839274547,385986.39839274547,0.0,0,,0,0.0,0.0
2022-10-31,385986.39839274547,385986.39839274547,0.0,0,,0,0.0,0.0
2022-11-01,394569.23344652203,11.150412006652914,0.9999717402902673,1,TUPY3,1,0.997975161581161,0.0
2022-11-03,397883.73344652203,11.150412006652914,0.9999719757027761,1,TUPY3,0,0.0,0.0
2022-11-04,416312.345354481,11.150412006652914,0.9999732162350431,1,TUPY3,0,0.0,0.0
2022-11-07,397220.81827394513,11.150412006652914,0.9999719289334957,1,TUPY3,0,0.0,0.0
2022-11-08,397485.9843429759,11.150412006652914,0.999971947659928,1,TUPY3,0,0.0,0.0
2022-11-09,402126.2894005015,11.150412006652914,0.9999722713677256,1,TUPY3,0,0.0,0.0
2022-11-10,374682.23344652203,11.150412006652914,0.9999702403503254,1,TUPY3,0,0.0,0.0
2022-11-11,401065.65041200665,11.150412006652914,0.9999721980379143,1,TUPY3,0,0.0,0.0
2022-11-14,396823.09445802716,11.150412006652914,0.9999719007987127,1,TUPY3,0,0.0,0.0
2022-11-16,397088.2605270579,11.150412006652914,0.999971919562689,1,TUPY3,0,0.0,0.0
2022-11-17,387012.17749254254,11.150412006652914,0.999971188472469,1,TUPY3,0,0.0,0.0
2022-11-18,380250.59445802716,11.150412006652914,0.9999706761483896,1,TUPY3,0,0.0,0.0
2022-11-21,379587.67928545026,11.150412006652914,0.9999706249369641,1,TUPY3,0,0.0,0.0
2022-11-22,380515.7605270579,11.150412006652914,0.9999706965829978,1,TUPY3,0,0.0,0.0
2022-11-23,374151.9013084605,11.150412006652914,0.9999701981682636,1,TUPY3,0,0.0,0.0
2022-11-24,392050.20636598615,11.150412006652914,0.9999715587140994,1,TUPY3,0,0.0,0.0
2022-11-25,384227.9843429759,11.150412006652914,0.9999709796983535,1,TUPY3,0,0.0,0.0
2022-11-28,383299.9283889964,11.150412006652914,0.9999709094336294,1,TUPY3,0,0.0,0.0
2022-11-29,374682.23344652203,11.150412006652914,0.9999702403503254,1,TUPY3,0,0.0,0.0
2022-11-30,375477.70636598615,11.150412006652914,0.9999703033979978,1,TUPY3,0,0.0,0.0
2022-12-01,375330.18610767036,16.284778629837092,0.9999566121265153,1,VALE3,2,1.9949376246119581,0.0
2022-12-02,378030.2980690351,16.284778629837092,0.9999569220279089,1,VALE3,0,0.0,0.0
2022-12-05,377638.33079150826,16.284778629837092,0.9999568773154046,1,VALE3,0,0.0,0.0
2022-12-06,383125.64009479195,16.284778629837092,0.9999574949391907,1,VALE3,0,0.0,0.0
2022-12-07,369494.4688301435,16.284778629837092,0.9999559268676432,1,VALE3,0,0.0,0.0
2022-12-08,374023.6728172651,16.284778629837092,0.9999564605670354,1,VALE3,0,0.0,0.0
2022-12-09,386478.97547534615,16.284778629837092,0.9999578637399102,1,VALE3,0,0.0,0.0
2022-12-12,374938.2188301435,16.284778629837092,0.9999565667680381,1,VALE3,0,0.0,0.0
2022-12-13,375243.10072711617,16.284778629837092,0.9999566020571776,1,VALE3,0,0.0,0.0
2022-12-14,378422.2321205488,16.284778629837092,0.9999569666440088,1,VALE3,0,0.0,0.0
2022-12-15,379641.6268043867,16.284778629837092,0.9999571048655361,1,VALE3,0,0.0,0.0
2022-12-16,373152.68610767036,16.284778629837092,0.9999563589403584,1,VALE3,0,0.0,0.0
2022-12-19,371802.6467399946,16.284778629837092,0.9999562004768588,1,VALE3,0,0.0,0.0
2022-12-20,373457.53477862984,16.284778629837092,0.9999563945640044,1,VALE3,0,0.0,0.0
2022-12-21,375591.47547534615,16.284778629837092,0.9999566423103473,1,VALE3,0,0.0,0.0
2022-12-22,373457.53477862984,16.284778629837092,0.9999563945640044,1,VALE3,0,0.0,0.0
2022-12-23,375939.8834495893,16.284778629837092,0.9999566824927422,1,VALE3,0,0.0,0.0
2022-12-26,379380.3374367109,16.284778629837092,0.9999570753225118,1,VALE3,0,0.0,0.0
2022-12-27,388438.74541095406,16.284778629837092,0.9999580763278065,1,VALE3,0,0.0,0.0
2022-12-28,387567.72547534615,16.284778629837092,0.9999579821085208,1,VALE3,0,0.0,0.0
2022-12-29,387088.6728172651,16.284778629837092,0.9999579301080775,1,VALE3,0,0.0,0.0
2023-01-02,384752.4283897257,32.855422196385916,0.9999146063292339,1,BBSE3,2,1.9948830416161185,0.0
2023-01-03,372769.5378410196,32.855422196385916,0.9999118613007203,1,BBSE3,0,0.0,0.0
2023-01-04,374613.05608290195,32.855422196385916,0.9999122950424101,1,BBSE3,0,0.0,0.0
2023-01-05,375419.6365196085,32.855422196385916,0.9999124834744901,1,BBSE3,0,0.0,0.0
2023-01-06,386365.501357255,32.855422196385916,0.9999149628471461,1,BBSE3,0,0.0,0.0
2023-01-09,388209.0195991373,32.855422196385916,0.9999153666696609,1,BBSE3,0,0.0,0.0
2023-01-10,394085.26421278476,32.855422196385916,0.9999166286456764,1,BBSE3,0,0.0,0.0
2023-01-11,396389.67300337314,32.855422196385916,0.9999171133245035,1,BBSE3,0,0.0,0.0
2023-01-12,395122.24597090244,32.855422196385916,0.9999168474502982,1,BBSE3,0,0.0,0.0
2023-01-13,394085.26421278476,32.855422196385916,0.9999166286456764,1,BBSE3,0,0.0,0.0
2023-01-16,390398.2277290201,32.855422196385916,0.9999158412619148,1,BBSE3,0,0.0,0.0
2023-01-17,396159.2277290201,32.855422196385916,0.9999170651094391,1,BBSE3,0,0.0,0.0
2023-01-18,399385.3736640787,32.855422196385916,0.9999177350389801,1,BBSE3,0,0.0,0.0
2023-01-19,403763.74597090244,32.855422196385916,0.9999186271117101,1,BBSE3,0,0.0,0.0
2023-01-20,403763.74597090244,32.855422196385916,0.9999186271117101,1,BBSE3,0,0.0,0.0
2023-01-23,406989.89190596103,32.855422196385916,0.9999192721420119,1,BBSE3,0,0.0,0.0
2023-01-24,411368.26421278476,32.855422196385916,0.9999201313639027,1,BBSE3,0,0.0,0.0
2023-01-25,428420.81893843174,32.855422196385916,0.9999233103977585,1,BBSE3,0,0.0,0.0
2023-01-26,427038.19124525547,32.855422196385916,0.9999230620987304,1,BBSE3,0,0.0,0.0
2023-01-27,429457.8006965494,32.855422196385916,0.999923495574785,1,BBSE3,0,0.0,0.0
2023-01-30,436716.67300337314,32.855422196385916,0.9999247671906584,1,BBSE3,0,0.0,0.0
2023-01-31,435334.001357255,32.855422196385916,0.9999245282424668,1,BBSE3,0,0.0,0.0
2023-02-01,422083.7277290201,32.855422196385916,0.9999221589934937,1,BBSE3,0,0.0,0.0
2023-02-02,420585.8554221964,32.855422196385916,0.9999218817709326,1,BBSE3,0,0.0,0.0
2023-02-03,419433.67300337314,32.855422196385916,0.9999216671805077,1,BBSE3,0,0.0,0.0
2023-02-06,421507.6365196085,32.855422196385916,0.9999220526051018,1,BBSE3,0,0.0,0.0
2023-02-07,424272.89190596103,32.855422196385916,0.9999225606376858,1,BBSE3,0,0.0,0.0
2023-02-08,426922.946631608,32.855422196385916,0.999923041329927,1,BBSE3,0,0.0,0.0
2023-02-09,404570.2824546671,32.855422196385916,0.9999187893337171,1,BBSE3,0,0.0,0.0
2023-02-10,414248.76421278476,32.855422196385916,0.9999206867345547,1,BBSE3,0,0.0,0.0
2023-02-13,418857.5378410196,32.855422196385916,0.9999215594343467,1,BBSE3,0,0.0,0.0
2023-02-14,421392.39190596103,32.855422196385916,0.9999220312876372,1,BBSE3,0,0.0,0.0
2023-02-15,402611.5195991373,32.855422196385916,0.9999183942321643,1,BBSE3,0,0.0,0.0
2023-02-16,407565.98311537266,32.855422196385916,0.999919386250184,1,BBSE3,0,0.0,0.0
2023-02-17,409409.501357255,32.855422196385916,0.9999197492435142,1,BBSE3,0,0.0,0.0
2023-02-22,407450.7824546671,32.855422196385916,0.9999193634578428,1,BBSE3,0,0.0,0.0
2023-02-23,405146.3736640787,32.855422196385916,0.9999189048098858,1,BBSE3,0,0.0,0.0
2023-02-24,392933.0378410196,32.855422196385916,0.9999163841697382,1,BBSE3,0,0.0,0.0
2023-02-27,395122.24597090244,32.855422196385916,0.9999168474502982,1,BBSE3,0,0.0,0.0
2023-02-28,394200.46487349033,32.855422196385916,0.9999166530100189,1,BBSE3,0,0.0,0.0
2023-03-01,393215.44001747156,393215.44001747156,0.0,0,,1,0.9994166946835139,0.0
2023-03-02,393215.44001747156,393215.44001747156,0.0,0,,0,0.0,0.0
2023-03-03,393215.44001747156,393215.44001747156,0.0,0,,0,0.0,0.0
2023-03-06,393215.44001747156,393215.44001747156,0.0,0,,0,0.0,0.0
2023-03-07,393215.44001747156,393215.44001747156,0.0,0,,0,0.0,0.0
2023-03-08,393215.44001747156,393215.44001747156,0.0,0,,0,0.0,0.0
2023-03-09,393215.44001747156,393215.44001747156,0.0,0,,0,0.0,0.0
2023-03-10,393215.44001747156,393215.44001747156,0.0,0,,0,0.0,0.0
2023-03-13,393215.44001747156,393215.44001747156,0.0,0,,0,0.0,0.0
2023-03-14,393215.44001747156,393215.44001747156,0.0,0,,0,0.0,0.0
2023-03-15,393215.44001747156,393215.44001747156,0.0,0,,0,0.0,0.0
2023-03-16,393215.44001747156,393215.44001747156,0.0,0,,0,0.0,0.0
2023-03-17,393215.44001747156,393215.44001747156,0.0,0,,0,0.0,0.0
2023-03-20,393215.44001747156,393215.44001747156,0.0,0,,0,0.0,0.0
2023-03-21,393215.44001747156,393215.44001747156,0.0,0,,0,0.0,0.0
2023-03-22,393215.44001747156,393215.44001747156,0.0,0,,0,0.0,0.0
2023-03-23,393215.44001747156,393215.44001747156,0.0,0,,0,0.0,0.0
2023-03-24,393215.44001747156,393215.44001747156,0.0,0,,0,0.0,0.0
2023-03-27,393215.44001747156,393215.44001747156,0.0,0,,0,0.0,0.0
2023-03-28,393215.44001747156,393215.44001747156,0.0,0,,0,0.0,0.0
2023-03-29,393215.44001747156,393215.44001747156,0.0,0,,0,0.0,0.0
2023-03-30,393215.44001747156,393215.44001747156,0.0,0,,0,0.0,0.0
2023-03-31,393215.44001747156,393215.44001747156,0.0,0,,0,0.0,0.0
2023-04-03,393215.44001747156,393215.44001747156,0.0,0,,0,0.0,0.0
2023-04-04,393215.44001747156,393215.44001747156,0.0,0,,0,0.0,0.0
2023-04-05,393215.44001747156,393215.44001747156,0.0,0,,0,0.0,0.0
2023-04-06,393215.44001747156,393215.44001747156,0.0,0,,0,0.0,0.0
2023-04-10,393215.44001747156,393215.44001747156,0.0,0,,0,0.0,0.0
2023-04-11,393215.44001747156,393215.44001747156,0.0,0,,0,0.0,0.0
2023-04-12,393215.44001747156,393215.44001747156,0.0,0,,0,0.0,0.0
2023-04-13,393215.44001747156,393215.44001747156,0.0,0,,0,0.0,0.0
2023-04-14,393215.44001747156,393215.44001747156,0.0,0,,0,0.0,0.0
2023-04-17,393215.44001747156,393215.44001747156,0.0,0,,0,0.0,0.0
2023-04-18,393215.44001747156,393215.44001747156,0.0,0,,0,0.0,0.0
2023-04-19,393215.44001747156,393215.44001747156,0.0,0,,0,0.0,0.0
2023-04-20,393215.44001747156,393215.44001747156,0.0,0,,0,0.0,0.0
2023-04-24,393215.44001747156,393215.44001747156,0.0,0,,0,0.0,0.0
2023-04-25,393215.44001747156,393215.44001747156,0.0,0,,0,0.0,0.0
2023-04-26,393215.44001747156,393215.44001747156,0.0,0,,0,0.0,0.0
2023-04-27,393215.44001747156,393215.44001747156,0.0,0,,0,0.0,0.0
2023-04-28,393215.44001747156,393215.44001747156,0.0,0,,0,0.0,0.0
2023-05-02,376347.46311094373,23.206898709235247,0.9999383365081901,1,PETR4,1,0.99794509153751,0.0
2023-05-03,375023.54437353223,23.206898709235247,0.9999381188219849,1,PETR4,0,0.0,0.0
2023-05-04,380981.19447424024,23.206898709235247,0.9999390864981111,1,PETR4,0,0.0,0.0
2023-05-05,397199.20689870924,23.206898709235247,0.9999415736529526,1,PETR4,0,0.0,0.0
2023-05-08,405639.20068647474,23.206898709235247,0.9999427893096379,1,PETR4,0,0.0,0.0
2023-05-09,406963.11942388624,23.206898709235247,0.9999429754255322,1,PETR4,0,0.0,0.0
2023-05-10,405970.18826200574,23.206898709235247,0.9999428359535251,1,PETR4,0,0.0,0.0
2023-05-11,420864.28194906324,23.206898709235247,0.9999448589492989,1,PETR4,0,0.0,0.0
2023-05-12,434434.45689870924,23.206898709235247,0.9999465813580375,1,PETR4,0,0.0,0.0
2023-05-15,424670.54437353223,23.206898709235247,0.9999453531707893,1,PETR4,0,0.0,0.0
2023-05-16,435261.8942728242,23.206898709235247,0.9999466829074298,1,PETR4,0,0.0,0.0
2023-05-17,424670.54437353223,23.206898709235247,0.9999453531707893,1,PETR4,0,0.0,0.0
2023-05-18,427152.8880605897,23.206898709235247,0.9999456707437597,1,PETR4,0,0.0,0.0
2023-05-19,426490.94447424024,23.206898709235247,0.9999455864209782,1,PETR4,0,0.0,0.0
2023-05-22,424008.60078718275,23.206898709235247,0.999945267858562,1,PETR4,0,0.0,0.0
2023-05-23,434434.45689870924,23.206898709235247,0.9999465813580375,1,PETR4,0,0.0,0.0
2023-05-24,441054.05058576673,23.206898709235247,0.9999473830958396,1,PETR4,0,0.0,0.0
2023-05-25,437744.26952459425,23.206898709235247,0.9999469852598312,1,PETR4,0,0.0,0.0
2023-05-26,443536.3942728242,23.206898709235247,0.9999476775772882,1,PETR4,0,0.0,0.0
2023-05-29,441716.02573682874,23.206898709235247,0.9999474619498567,1,PETR4,0,0.0,0.0
2023-05-30,436751.3067980012,23.206898709235247,0.9999468647297718,1,PETR4,0,0.0,0.0
2023-05-31,432283.10078718275,23.206898709235247,0.9999463155078998,1,PETR4,0,0.0,0.0
2023-06-01,417397.39700607705,19.17415527749108,0.9999540625901958,1,LOGG3,2,1.9949128585113802,0.0
2023-06-02,423375.95130447793,19.17415527749108,0.9999547112791399,1,LOGG3,0,0.0,0.0
2023-06-05,426738.89700607705,19.17415527749108,0.9999550681800699,1,LOGG3,0,0.0,0.0
2023-06-06,439817.01126007485,19.17415527749108,0.9999564042436137,1,LOGG3,0,0.0,0.0
2023-06-07,455697.53275207925,19.17415527749108,0.9999579235042997,1,LOGG3,0,0.0,0.0
2023-06-09,464852.1984758799,19.17415527749108,0.9999587521467246,1,LOGG3,0,0.0,0.0
2023-06-12,449345.3099012797,19.17415527749108,0.9999573286849668,1,LOGG3,0,0.0,0.0
2023-06-13,436267.2312822764,19.17415527749108,0.9999560495175832,1,LOGG3,0,0.0,0.0
2023-06-14,426925.7312822764,19.17415527749108,0.9999550878434526,1,LOGG3,0,0.0,0.0
2023-06-15,424496.92132667947,19.17415527749108,0.999954830873172,1,LOGG3,0,0.0,0.0
2023-06-16,417023.72845367837,19.17415527749108,0.9999540214285921,1,LOGG3,0,0.0,0.0
2023-06-19,413473.9484758799,19.17415527749108,0.9999536266907548,1,LOGG3,0,0.0,0.0
2023-06-20,427299.3998346751,19.17415527749108,0.9999551271186318,1,LOGG3,0,0.0,0.0
2023-06-21,442245.7855806773,19.17415527749108,0.9999566436676105,1,LOGG3,0,0.0,0.0
2023-06-22,438322.3370504801,19.17415527749108,0.9999562555825776,1,LOGG3,0,0.0,0.0
2023-06-23,451400.45130447793,19.17415527749108,0.9999575229594431,1,LOGG3,0,0.0,0.0
2023-06-26,446169.1984758799,19.17415527749108,0.9999570249238563,1,LOGG3,0,0.0,0.0
2023-06-27,432343.78275207925,19.17415527749108,0.9999556506742032,1,LOGG3,0,0.0,0.0
2023-06-28,424123.2884092753,19.17415527749108,0.9999547910812693,1,LOGG3,0,0.0,0.0
2023-06-29,430849.14417747903,19.17415527749108,0.9999554968240355,1,LOGG3,0,0.0,0.0
2023-06-30,437014.53275207925,19.17415527749108,0.9999561246735738,1,LOGG3,0,0.0,0.0
2023-07-03,435210.1226443051,12.683748125913553,0.999970856036048,1,PETR4,2,1.994936453097909,0.0
2023-07-04,436222.8782290219,12.683748125913553,0.9999709236980476,1,PETR4,0,0.0,0.0
2023-07-05,435644.1725786923,12.683748125913553,0.9999708850733596,1,PETR4,0,0.0,0.0
2023-07-06,428988.8782290219,12.683748125913553,0.999970433387042,1,PETR4,0,0.0,0.0
2023-07-07,426818.6837481259,12.683748125913553,0.9999702830531819,1,PETR4,0,0.0,0.0
2023-07-10,427542.0727099179,12.683748125913553,0.9999703333334062,1,PETR4,0,0.0,0.0
2023-07-11,421754.8782290219,12.683748125913553,0.9999699262562672,1,PETR4,0,0.0,0.0
2023-07-12,422044.2448519467,12.683748125913553,0.9999699468757586,1,PETR4,0,0.0,0.0
2023-07-13,428699.5116060971,12.683748125913553,0.9999704134299607,1,PETR4,0,0.0,0.0
2023-07-14,420308.0727099179,12.683748125913553,0.9999698227349189,1,PETR4,0,0.0,0.0
2023-07-17,419440.0004366635,12.683748125913553,0.9999697602801051,1,PETR4,0,0.0,0.0
2023-07-18,417125.1226443051,12.683748125913553,0.9999695924617402,1,PETR4,0,0.0,0.0
2023-07-19,421031.4892672299,12.683748125913553,0.9999698745855138,1,PETR4,0,0.0,0.0
2023-07-20,421465.5116060971,12.683748125913553,0.9999699056084623,1,PETR4,0,0.0,0.0
2023-07-21,429422.9281634091,12.683748125913553,0.9999704632722334,1,PETR4,0,0.0,0.0
2023-07-24,438393.0727099179,12.683748125913553,0.9999710676356095,1,PETR4,0,0.0,0.0
2023-07-25,448520.6837481259,12.683748125913553,0.9999717209293004,1,PETR4,0,0.0,0.0
2023-07-26,448520.6837481259,12.683748125913553,0.9999717209293004,1,PETR4,0,0.0,0.0
2023-07-27,425227.1949175595,12.683748125913553,0.9999701718321934,1,PETR4,0,0.0,0.0
2023-07-28,430580.3670595883,12.683748125913553,0.9999705426696239,1,PETR4,0,0.0,0.0
2023-07-31,450112.1725786923,12.683748125913553,0.9999718209173211,1,PETR4,0,0.0,0.0
2023-08-01,447239.8165880054,8.551043114042841,0.999980880407341,1,GGBR3,2,1.9949628953929983,0.0
2023-08-02,443674.16827066836,8.551043114042841,0.9999807267501117,1,GGBR3,0,0.0,0.0
2023-08-03,442146.0665880054,8.551043114042841,0.9999806601398039,1,GGBR3,0,0.0,0.0
2023-08-04,439429.36364992557,8.551043114042841,0.9999805405741596,1,GGBR3,0,0.0,0.0
2023-08-07,431449.1604982227,8.551043114042841,0.9999801806472305,1,GGBR3,0,0.0,0.0
2023-08-08,420242.92604311404,8.551043114042841,0.9999796521426438,1,GGBR3,0,0.0,0.0
2023-08-09,399867.92604311404,8.551043114042841,0.9999786153313204,1,GGBR3,0,0.0,0.0
2023-08-10,408017.91827066836,8.551043114042841,0.9999790424813932,1,GGBR3,0,0.0,0.0
2023-08-11,400547.0823465198,8.551043114042841,0.9999786515905598,1,GGBR3,0,0.0,0.0
2023-08-14,404961.67604311404,8.551043114042841,0.9999788843151836,1,GGBR3,0,0.0,0.0
2023-08-15,406829.3558774799,8.551043114042841,0.9999789812534654,1,GGBR3,0,0.0,0.0
2023-08-16,405471.04327066836,8.551043114042841,0.9999789108414622,1,GGBR3,0,0.0,0.0
2023-08-17,404622.09789141116,8.551043114042841,0.9999788665938943,1,GGBR3,0,0.0,0.0
2023-08-18,403263.74642237124,8.551043114042841,0.9999787954082411,1,GGBR3,0,0.0,0.0
2023-08-21,399358.5468422626,7309.585918114043,0.9816966834041462,1,GGBR3,0,0.0,7301.034875
2023-08-22,408187.6953732227,7309.585918114043,0.9820925863249489,1,GGBR3,0,0.0,0.0
2023-08-23,407848.1172215198,7309.585918114043,0.9820776764450676,1,GGBR3,0,0.0,0.0
2023-08-24,400547.0703732227,7309.585918114043,0.9817509939311175,1,GGBR3,0,0.0,0.0
2023-08-25,402244.9999939655,7309.585918114043,0.9818280254118169,1,GGBR3,0,0.0,0.0
2023-08-28,408017.90629737126,7309.585918114043,0.9820851344872431,1,GGBR3,0,0.0,0.0
2023-08-29,414300.21869055973,7309.585918114043,0.9823567896217463,1,GGBR3,0,0.0,0.0
2023-08-30,418205.40629737126,7309.585918114043,0.982521541309496,1,GGBR3,0,0.0,0.0
2023-08-31,415488.7422215198,7309.585918114043,0.9824072587886944,1,GGBR3,0,0.0,0.0
2023-09-01,421563.86470251303,16.8809035323211,0.9999599564741057,1,PETR4,2,1.9775435675319593,0.0
2023-09-04,417171.4027312301,16.8809035323211,0.9999595348496522,1,PETR4,0,0.0,0.0
2023-09-05,431123.8971045516,16.8809035323211,0.9999608444262874,1,PETR4,0,0.0,0.0
2023-09-06,433061.7668173812,16.8809035323211,0.9999610196400934,1,PETR4,0,0.0,0.0
2023-09-08,431511.5006163619,16.8809035323211,0.9999608795976278,1,PETR4,0,0.0,0.0
2023-09-11,431123.8971045516,16.8809035323211,0.9999608444262874,1,PETR4,0,0.0,0.0
2023-09-12,433190.93513326865,16.8809035323211,0.999961031263207,1,PETR4,0,0.0,0.0
2023-09-13,426731.43513326865,16.8809035323211,0.9999604413873868,1,PETR4,0,0.0,0.0
2023-09-14,437583.3971045516,16.8809035323211,0.9999614224313719,1,PETR4,0,0.0,0.0
2023-09-15,437841.7830184005,16.8809035323211,0.9999614451973589,1,PETR4,0,0.0,0.0
2023-09-18,440942.36470251303,16.8809035323211,0.9999617163037993,1,PETR4,0,0.0,0.0
2023-09-19,441975.85907583457,16.8809035323211,0.9999618058244909,1,PETR4,0,0.0,0.0
2023-09-20,443009.4027312301,16.8809035323211,0.9999618949317368,1,PETR4,0,0.0,0.0
2023-09-21,436162.2992194198,16.8809035323211,0.9999612967384789,1,PETR4,0,0.0,0.0
2023-09-22,439650.43513326865,16.8809035323211,0.999961603805698,1,PETR4,0,0.0,0.0
2023-09-25,442492.6309035323,16.8809035323211,0.9999618504301465,1,PETR4,0,0.0,0.0
2023-09-26,432286.60907583457,16.8809035323211,0.9999609497421897,1,PETR4,0,0.0,0.0
2023-09-27,445980.7668173812,16.8809035323211,0.999962148808226,1,PETR4,0,0.0,0.0
2023-09-28,445076.4407599471,16.8809035323211,0.9999620719004954,1,PETR4,0,0.0,0.0
2023-09-29,447531.0330184005,16.8809035323211,0.9999622799263361,1,PETR4,0,0.0,0.0
2023-10-02,440813.1471045516,16.8809035323211,0.9999617050815222,1,PETR4,0,0.0,0.0
2023-10-03,438875.326673796,16.8809035323211,0.9999615359932392,1,PETR4,0,0.0,0.0
2023-10-04,421434.6471045516,16.8809035323211,0.9999599441962157,1,PETR4,0,0.0,0.0
2023-10-05,422855.74498968344,16.8809035323211,0.999960078812379,1,PETR4,0,0.0,0.0
2023-10-06,432932.5492194198,16.8809035323211,0.9999610080056056,1,PETR4,0,0.0,0.0
2023-10-09,451535.9407599471,16.8809035323211,0.9999626144853411,1,PETR4,0,0.0,0.0
2023-10-10,454894.85907583457,16.8809035323211,0.9999628905379001,1,PETR4,0,0.0,0.0
2023-10-11,453732.1471045516,16.8809035323211,0.9999627954429942,1,PETR4,0,0.0,0.0
2023-10-13,468718.18513326865,16.8809035323211,0.9999639849613953,1,PETR4,0,0.0,0.0
2023-10-16,473885.80484609824,16.8809035323211,0.9999643776974121,1,PETR4,0,0.0,0.0
2023-10-17,486675.5872481368,16.8809035323211,0.9999653138477157,1,PETR4,0,0.0,0.0
2023-10-18,497656.7668173812,16.8809035323211,0.9999660792243612,1,PETR4,0,0.0,0.0
2023-10-19,495331.3428748153,16.8809035323211,0.9999659199770514,1,PETR4,0,0.0,0.0
2023-10-20,489001.01119070273,16.8809035323211,0.9999654787962683,1,PETR4,0,0.0,0.0
2023-10-23,456703.51119070273,16.8809035323211,0.9999630375000002,1,PETR4,0,0.0,0.0
2023-10-24,463550.61470251303,16.8809035323211,0.9999635834728788,1,PETR4,0,0.0,0.0
2023-10-25,466005.2069609664,16.8809035323211,0.9999637752898891,1,PETR4,0,0.0,0.0
2023-10-26,461225.1907599471,16.8809035323211,0.99996339986655,1,PETR4,0,0.0,0.0
2023-10-27,457866.2231619857,16.8809035323211,0.9999631313630961,1,PETR4,0,0.0,0.0
2023-10-30,453215.4245589278,16.8809035323211,0.9999627530251232,1,PETR4,0,0.0,0.0
2023-10-31,448822.96258764487,16.8809035323211,0.9999623885029523,1,PETR4,0,0.0,0.0
2023-11-01,496245.0102638783,0.32694860122865066,0.9999993411548842,1,LOGG3,2,1.994972059768069,0.0
2023-11-03,509281.2185520711,0.32694860122865066,0.9999993580195198,1,LOGG3,0,0.0,0.0
2023-11-06,502980.3686604085,0.32694860122865066,0.9999993499774115,1,LOGG3,0,0.0,0.0
2023-11-07,511671.16037221573,0.32694860122865066,0.9999993610181176,1,LOGG3,0,0.0,0.0
2023-11-08,520579.22705693863,0.32694860122865066,0.9999993719522712,1,LOGG3,0,0.0,0.0
2023-11-09,522534.66037221573,0.32694860122865066,0.9999993743025564,1,LOGG3,0,0.0,0.0
2023-11-10,539699.0102638784,0.32694860122865066,0.9999993942019625,1,LOGG3,0,0.0,0.0
2023-11-13,522534.66037221573,0.32694860122865066,0.9999993743025564,1,LOGG3,0,0.0,0.0
2023-11-14,523838.3102097096,0.32694860122865066,0.9999993758596978,1,LOGG3,0,0.0,0.0
2023-11-16,525141.9186062398,0.32694860122865066,0.999999377409059,1,LOGG3,0,0.0,0.0
2023-11-17,517754.7352909627,0.32694860122865066,0.9999993685261014,1,LOGG3,0,0.0,0.0
2023-11-20,527966.4103722158,0.32694860122865066,0.9999993807397689,1,LOGG3,0,0.0,0.0
2023-11-21,528618.2352909627,0.32694860122865066,0.9999993815033621,1,LOGG3,0,0.0,0.0
2023-11-22,527314.6268944326,0.32694860122865066,0.9999993799743367,1,LOGG3,0,0.0,0.0
2023-11-23,503197.6436333241,0.32694860122865066,0.9999993502580837,1,LOGG3,0,0.0,0.0
2023-11-24,490161.4353451314,0.32694860122865066,0.9999993329777138,1,LOGG3,0,0.0,0.0
2023-11-27,493637.7520298543,0.32694860122865066,0.9999993376750463,1,LOGG3,0,0.0,0.0
2023-11-28,497114.0687145772,0.32694860122865066,0.9999993423066821,1,LOGG3,0,0.0,0.0
2023-11-29,484512.41037221573,0.32694860122865066,0.9999993252007704,1,LOGG3,0,0.0,0.0
2023-11-30,499504.0519756856,0.32694860122865066,0.9999993454535555,1,LOGG3,0,0.0,0.0
2023-12-01,497007.4641146185,28.91604943294078,0.99994181968779,1,VALE3,2,1.9949511697710474,0.0
2023-12-04,485841.6179842474,28.91604943294078,0.9999404825598249,1,VALE3,0,0.0,0.0
2023-12-05,481348.855967951,28.91604943294078,0.9999399270423635,1,VALE3,0,0.0,0.0
2023-12-06,478177.5241961004,28.91604943294078,0.9999395286311678,1,VALE3,0,0.0,0.0
2023-12-07,479697.105967951,28.91604943294078,0.999939720192027,1,VALE3,0,0.0,0.0
2023-12-08,481018.5362123968,28.91604943294078,0.9999398857897231,1,VALE3,0,0.0,0.0
2023-12-11,481414.9400820257,28.91604943294078,0.999939935288614,1,VALE3,0,0.0,0.0
2023-12-12,482273.83193535823,28.91604943294078,0.999940042259152,1,VALE3,0,0.0,0.0
2023-12-13,482339.91604943294,28.91604943294078,0.9999400504738033,1,VALE3,0,0.0,0.0
2023-12-14,484982.7261309149,28.91604943294078,0.999940377155979,1,VALE3,0,0.0,0.0
2023-12-15,488021.9400820257,28.91604943294078,0.9999407484642431,1,VALE3,0,0.0,0.0
2023-12-18,490334.3800005438,28.91604943294078,0.9999410278972629,1,VALE3,0,0.0,0.0
2023-12-19,493770.0482286932,28.91604943294078,0.9999414382270924,1,VALE3,0,0.0,0.0
2023-12-20,492184.33193535823,28.91604943294078,0.9999412495531517,1,VALE3,0,0.0,0.0
2023-12-21,508569.7141146185,28.91604943294078,0.9999431424077557,1,VALE3,0,0.0,0.0
2023-12-22,504737.64201684017,28.91604943294078,0.9999427107332091,1,VALE3,0,0.0,0.0
2023-12-26,506521.5602449896,28.91604943294078,0.9999429125002716,1,VALE3,0,0.0,0.0
2023-12-27,511410.7261309149,28.91604943294078,0.9999434582656259,1,VALE3,0,0.0,0.0
2023-12-28,510089.2958864691,28.91604943294078,0.9999433117893942,1,VALE3,0,0.0,0.0
2024-01-02,487291.5901720108,1.272352415486239,0.9999973889300756,1,TUPY3,2,1.994951276309699,0.0
2024-01-03,477889.94182606356,1.272352415486239,0.999997337561844,1,TUPY3,0,0.0,0.0
2024-01-04,471858.67911930697,1.272352415486239,0.9999973035307566,1,TUPY3,0,0.0,0.0
2024-01-05,477180.365585524,1.272352415486239,0.999997333602748,1,TUPY3,0,0.0,0.0
2024-01-08,477712.54776592867,1.272352415486239,0.9999973365731727,1,TUPY3,0,0.0,0.0
2024-01-09,479486.45453282015,1.272352415486239,0.9999973464267792,1,TUPY3,0,0.0,0.0
2024-01-10,477889.94182606356,1.272352415486239,0.999997337561844,1,TUPY3,0,0.0,0.0
2024-01-11,470084.7723524155,1.272352415486239,0.9999972933553897,1,TUPY3,0,0.0,0.0
2024-01-12,470262.1664125504,1.272352415486239,0.9999972943764003,1,TUPY3,0,0.0,0.0
2024-01-15,467246.5350591721,1.272352415486239,0.999997276914177,1,TUPY3,0,0.0,0.0
2024-01-16,471149.1028787674,1.272352415486239,0.9999972994697268,1,TUPY3,0,0.0,0.0
2024-01-17,469375.19611187594,1.272352415486239,0.9999972892636295,1,TUPY3,0,0.0,0.0
2024-01-18,464763.08588619845,1.272352415486239,0.9999972623634403,1,TUPY3,0,0.0,0.0
2024-01-19,466714.3528787674,1.272352415486239,0.9999972738091133,1,TUPY3,0,0.0,0.0
2024-01-22,462279.6028787674,1.272352415486239,0.999997247656164,1,TUPY3,0,0.0,0.0
2024-01-23,466101.08002568525,4532.291905415486,0.9902761609023396,1,TUPY3,0,0.0,4531.019553
2024-01-24,466101.08002568525,4532.291905415486,0.9902761609023396,1,TUPY3,0,0.0,0.0
2024-01-25,467165.4105520372,4532.291905415486,0.990298314466262,1,TUPY3,0,0.0,0.0
2024-01-26,465923.68596555036,4532.291905415486,0.9902724586838227,1,TUPY3,0,0.0,0.0
2024-01-29,464327.1732587938,4532.291905415486,0.9902390121310229,1,TUPY3,0,0.0,0.0
2024-01-30,463440.23679257673,4532.291905415486,0.9902203314567958,1,TUPY3,0,0.0,0.0
2024-01-31,474261.0037851457,4532.291905415486,0.9904434649502224,1,TUPY3,0,0.0,0.0
2024-02-01,484107.1250885524,24.47864232439315,0.9999494354843055,1,PETR4,2,1.9854910729377278,0.0
2024-02-02,477818.8144272365,24.47864232439315,0.9999487700325201,1,PETR4,0,0.0,0.0
2024-02-05,479914.9179810085,24.47864232439315,0.9999489937874251,1,PETR4,0,0.0,0.0
2024-02-06,484340.0304192104,24.47864232439315,0.9999494597993414,1,PETR4,0,0.0,0.0
2024-02-07,491443.4875267543,24.47864232439315,0.9999501903210731,1,PETR4,0,0.0,0.0
2024-02-08,487484.18574986834,24.47864232439315,0.9999497857714363,1,PETR4,0,0.0,0.0
2024-02-09,480962.96975789446,24.47864232439315,0.9999491049335114,1,PETR4,0,0.0,0.0
2024-02-14,477353.04818807024,24.47864232439315,0.9999487200460596,1,PETR4,0,0.0,0.0
2024-02-15,492607.96975789446,24.47864232439315,0.9999503080668053,1,PETR4,0,0.0,0.0
2024-02-16,497149.5126503505,24.47864232439315,0.9999507620108207,1,PETR4,0,0.0,0.0
2024-02-19,499594.99641118426,24.47864232439315,0.9999510030274518,1,PETR4,0,0.0,0.0
2024-02-20,494354.7375267543,24.47864232439315,0.9999504836497636,1,PETR4,0,0.0,0.0
2024-02-21,495053.40909657854,24.47864232439315,0.9999505535324581,1,PETR4,0,0.0,0.0
2024-02-22,491327.0126503505,24.47864232439315,0.9999501785131,1,PETR4,0,0.0,0.0
2024-02-23,487949.99641118426,24.47864232439315,0.999949833707338,1,PETR4,0,0.0,0.0
2024-02-26,497149.5126503505,24.47864232439315,0.9999507620108207,1,PETR4,0,0.0,0.0
2024-02-27,496450.8410805263,24.47864232439315,0.9999506927165818,1,PETR4,0,0.0,0.0
2024-02-28,470831.83219609637,24.47864232439315,0.9999480097974468,1,PETR4,0,0.0,0.0
2024-02-29,467454.77153478045,24.47864232439315,0.9999476342016063,1,PETR4,0,0.0,0.0
2024-03-01,469483.37032633077,5.923793127643876,0.9999873823153235,1,LOGG3,2,1.99494546140072,0.0
2024-03-04,467770.73195963155,5.923793127643876,0.9999873361184809,1,LOGG3,0,0.0,0.0
2024-03-05,466700.30746011983,5.923793127643876,0.999987307072584,1,LOGG3,0,0.0,0.0
2024-03-06,469911.54012613546,5.923793127643876,0.9999873938121927,1,LOGG3,0,0.0,0.0
2024-03-07,478474.73195963155,5.923793127643876,0.99998761942328,1,LOGG3,0,0.0,0.0
2024-03-08,479331.0307267214,5.923793127643876,0.9999876415405056,1,LOGG3,0,0.0,0.0
2024-03-11,485539.37032633077,5.923793127643876,0.9999877995617046,1,LOGG3,0,0.0,0.0
2024-03-12,488108.30746011983,5.923793127643876,0.999987863773189,1,LOGG3,0,0.0,0.0
2024-03-13,488322.3923600222,5.923793127643876,0.9999878690938193,1,LOGG3,0,0.0,0.0
2024-03-14,488750.56215982686,5.923793127643876,0.9999878797210965,1,LOGG3,0,0.0,0.0
2024-03-15,474621.2854264284,5.923793127643876,0.9999875189054737,1,LOGG3,0,0.0,0.0
2024-03-18,478260.6470597292,5.923793127643876,0.9999876138813343,1,LOGG3,0,0.0,0.0
2024-03-19,478902.90175943624,5.923793127643876,0.9999876304923068,1,LOGG3,0,0.0,0.0
2024-03-20,494744.8168595339,5.923793127643876,0.999988026568595,1,LOGG3,0,0.0,0.0
2024-03-21,493032.1784928347,5.923793127643876,0.9999879849766687,1,LOGG3,0,0.0,0.0
2024-03-22,488322.3923600222,5.923793127643876,0.9999878690938193,1,LOGG3,0,0.0,0.0
2024-03-25,481257.75399332296,5.923793127643876,0.9999876910177997,1,LOGG3,0,0.0,0.0
2024-03-26,491319.54012613546,5.923793127643876,0.9999879430947808,1,LOGG3,0,0.0,0.0
2024-03-27,494958.90175943624,5.923793127643876,0.9999880317474712,1,LOGG3,0,0.0,0.0
2024-03-28,488964.6470597292,5.923793127643876,0.9999878850277556,1,LOGG3,0,0.0,0.0
2024-04-01,481107.9603974182,25.617034609953407,0.9999467540828283,1,TUPY3,2,1.9949452185951202,0.0
2024-04-02,481803.93632667843,25.617034609953407,0.9999468309976767,1,TUPY3,0,0.0,0.0
2024-04-03,483021.861016925,25.617034609953407,0.9999469650616724,1,TUPY3,0,0.0,0.0
2024-04-04,491547.36703460995,25.617034609953407,0.9999478849113475,1,TUPY3,0,0.0,0.0
2024-04-05,492591.2977425415,25.617034609953407,0.9999479953569473,1,TUPY3,0,0.0,0.0
2024-04-08,502508.72243278805,25.617034609953407,0.9999490217115318,1,TUPY3,0,0.0,0.0
2024-04-09,505466.5537602264,25.617034609953407,0.9999493200204457,1,TUPY3,0,0.0,0.0
2024-04-10,494331.20437973324,25.617034609953407,0.9999481783986465,1,TUPY3,0,0.0,0.0
2024-04-11,496419.09898155514,25.617034609953407,0.9999483963556952,1,TUPY3,0,0.0,0.0
2024-04-12,477454.18632667843,25.617034609953407,0.999946346612212,1,TUPY3,0,0.0,0.0
2024-04-15,472408.4603974182,25.617034609953407,0.9999457735481951,1,TUPY3,0,0.0,0.0
2024-04-16,468058.7103974182,25.617034609953407,0.9999452696124633,1,TUPY3,0,0.0,0.0
2024-04-17,469798.61703460995,25.617034609953407,0.9999454723073226,1,TUPY3,0,0.0,0.0
2024-04-18,471364.52968948666,25.617034609953407,0.9999456534529086,1,TUPY3,0,0.0,0.0
2024-04-19,468580.6923443634,25.617034609953407,0.999945330580136,1,TUPY3,0,0.0,0.0
2024-04-22,464230.9423443634,25.617034609953407,0.9999448183387333,1,TUPY3,0,0.0,0.0
2024-04-23,464578.9303089935,25.617034609953407,0.9999448596719767,1,TUPY3,0,0.0,0.0
2024-04-24,460577.13508766476,25.617034609953407,0.9999443805767625,1,TUPY3,0,0.0,0.0
2024-04-25,456575.3730522949,25.617034609953407,0.9999438930872713,1,TUPY3,0,0.0,0.0
2024-04-26,457967.29172485654,25.617034609953407,0.9999440636153,1,TUPY3,0,0.0,0.0
2024-04-29,459011.22243278805,25.617034609953407,0.9999441908316006,1,TUPY3,0,0.0,0.0
2024-04-30,452921.59898155514,25.617034609953407,0.9999434404659271,1,TUPY3,0,0.0,0.0
2024-05-02,450261.8281932954,32.50493584910873,0.9999278088129755,1,PETR4,2,1.99488206411846,0.0
2024-05-03,444775.6172489565,18989.763763849107,0.9573048453480761,1,PETR4,0,0.0,18957.258827999998
2024-05-06,447657.60213512596,18989.763763849107,0.9575797134388505,1,PETR4,0,0.0,0.0
2024-05-07,452887.88005108054,18989.763763849107,0.9580696136939958,1,PETR4,0,0.0,0.0
2024-05-08,459505.74865001853,18989.763763849107,0.9586735012137735,1,PETR4,0,0.0,0.0
2024-05-09,463775.32421917137,18989.763763849107,0.9590539583022858,1,PETR4,0,0.0,0.0
2024-05-10,462814.70330852683,18989.763763849107,0.9589689704581621,1,PETR4,0,0.0,0.0
2024-05-13,463241.6323627871,18989.763763849107,0.959006785147978,1,PETR4,0,0.0,0.0
2024-05-14,455236.1323627871,18989.763763849107,0.9582859039213615,1,PETR4,0,0.0,0.0
2024-05-15,428871.38005108054,18989.763763849107,0.9557215411259494,1,PETR4,0,0.0,0.0
2024-05-16,416916.47073406394,18989.763763849107,0.9544518744236373,1,PETR4,0,0.0,0.0
2024-05-17,410618.8091053408,18989.763763849107,0.9537533027159079,1,PETR4,0,0.0,0.0
2024-05-20,411259.2637638491,18989.763763849107,0.953825322765852,1,PETR4,0,0.0,0.0
2024-05-21,410512.0870212954,18989.763763849107,0.9537412798204307,1,PETR4,0,0.0,0.0
2024-05-22,415849.0870212954,18989.763763849107,0.9543349634362029,1,PETR4,0,0.0,0.0
2024-05-23,411899.7184223574,18989.763763849107,0.9538971188507169,1,PETR4,0,0.0,0.0
2024-05-24,409764.9102787417,18989.763763849107,0.9536569303825178,1,PETR4,0,0.0,0.0
2024-05-27,414034.4858478945,18989.763763849107,0.9541348259313225,1,PETR4,0,0.0,0.0
2024-05-28,422466.9556202334,18989.763763849107,0.9550502979908339,1,PETR4,0,0.0,0.0
2024-05-29,421933.2637638491,18989.763763849107,0.954993442340973,1,PETR4,0,0.0,0.0
2024-05-31,433034.23353618797,18989.763763849107,0.9561471997057199,1,PETR4,0,0.0,0.0
2024-06-03,430811.19270493,17.52861954184482,0.9999593125252113,1,BBSE3,2,1.9512911842829985,0.0
2024-06-04,436299.86066223594,17.52861954184482,0.9999598243751092,1,BBSE3,0,0.0,0.0
2024-06-05,438843.3722779891,17.52861954184482,0.9999600572307817,1,BBSE3,0,0.0,0.0
2024-06-06,441119.1888330123,17.52861954184482,0.9999602633030129,1,BBSE3,0,0.0,0.0
2024-06-07,437638.540235295,17.52861954184482,0.9999599472671388,1,BBSE3,0,0.0,0.0
2024-06-10,436701.4543206832,17.52861954184482,0.99995986132089,1,BBSE3,0,0.0,0.0
2024-06-11,438843.3722779891,17.52861954184482,0.9999600572307817,1,BBSE3,0,0.0,0.0
2024-06-12,434693.4349610946,17.52861954184482,0.9999596759045983,1,BBSE3,0,0.0,0.0
2024-06-13,435228.87614990684,17.52861954184482,0.9999597255133967,1,BBSE3,0,0.0,0.0
2024-06-14,434559.5363633773,17.52861954184482,0.999959663479742,1,BBSE3,0,0.0,0.0
2024-06-17,433622.4504487655,17.52861954184482,0.9999595763099357,1,BBSE3,0,0.0,0.0
2024-06-18,434425.6888330123,17.52861954184482,0.9999596510519695,1,BBSE3,0,0.0,0.0
2024-06-19,436032.11453415366,17.52861954184482,0.9999597997052108,1,BBSE3,0,0.0,0.0
2024-06-20,437906.2863633773,17.52861954184482,0.9999599717563148,1,BBSE3,0,0.0,0.0
2024-06-21,440449.84904648276,17.52861954184482,0.9999602029162236,1,BBSE3,0,0.0,0.0
2024-06-24,450222.3529184005,17.52861954184482,0.9999610667497333,1,BBSE3,0,0.0,0.0
2024-06-25,447544.94270493,17.52861954184482,0.9999608338339477,1,BBSE3,0,0.0,0.0
2024-06-26,441119.1888330123,17.52861954184482,0.9999602633030129,1,BBSE3,0,0.0,0.0
2024-06-27,438843.3722779891,17.52861954184482,0.9999600572307817,1,BBSE3,0,0.0,0.0
2024-06-28,440851.44270493,17.52861954184482,0.9999602391693803,1,BBSE3,0,0.0,0.0
2024-07-01,436120.37784978974,11.85210821259534,0.9999728237688158,1,LOGG3,2,1.9949436081020246,0.0
2024-07-02,436684.77488348115,11.85210821259534,0.999972858892972,1,LOGG3,0,0.0,0.0
2024-07-03,444210.4035913669,11.85210821259534,0.9999733187063681,1,LOGG3,0,0.0,0.0
2024-07-04,461142.99641439546,11.85210821259534,0.9999742984100274,1,LOGG3,0,0.0,0.0
2024-07-05,465470.20780202973,11.85210821259534,0.9999745373430696,1,LOGG3,0,0.0,0.0
2024-07-08,459073.44493124116,11.85210821259534,0.9999741825445504,1,LOGG3,0,0.0,0.0
2024-07-09,466222.7850267612,11.85210821259534,0.9999745784449126,1,LOGG3,0,0.0,0.0
2024-07-10,446656.20780202973,11.85210821259534,0.9999734648080435,1,LOGG3,0,0.0,0.0
2024-07-11,444962.94493124116,11.85210821259534,0.9999733638309716,1,LOGG3,0,0.0,0.0
2024-07-12,440071.3006250583,11.85210821259534,0.9999730677547121,1,LOGG3,0,0.0,0.0
2024-07-15,438378.0377542697,11.85210821259534,0.9999729637272129,1,LOGG3,0,0.0,0.0
2024-07-16,435367.8006250583,11.85210821259534,0.9999727767919548,1,LOGG3,0,0.0,0.0
2024-07-17,442328.99641439546,11.85210821259534,0.9999732052198507,1,LOGG3,0,0.0,0.0
2024-07-18,441952.70780202973,11.85210821259534,0.999973182406164,1,LOGG3,0,0.0,0.0
2024-07-19,435555.94493124116,11.85210821259534,0.9999727885513893,1,LOGG3,0,0.0,0.0
2024-07-22,429535.4706728183,11.85210821259534,0.9999724071490673,1,LOGG3,0,0.0,0.0
2024-07-23,408651.919189664,11.85210821259534,0.9999709970572607,1,LOGG3,0,0.0,0.0
2024-07-24,406582.4035913669,11.85210821259534,0.9999708494314857,1,LOGG3,0,0.0,0.0
2024-07-25,402819.589237424,11.85210821259534,0.9999705771304841,1,LOGG3,0,0.0,0.0
2024-07-26,403572.16646215547,11.85210821259534,0.9999706319979484,1,LOGG3,0,0.0,0.0
2024-07-29,401126.32636663545,11.85210821259534,0.9999704529285824,1,LOGG3,0,0.0,0.0
2024-07-30,404324.70780202973,11.85210821259534,0.9999706866585596,1,LOGG3,0,0.0,0.0
2024-07-31,409028.20780202973,11.85210821259534,0.9999710237387385,1,LOGG3,0,0.0,0.0
2024-08-01,405451.0627818465,27.7216067671543,0.9999316277368298,1,BBSE3,2,1.994913717161454,0.0
2024-08-02,403716.03925660846,27.7216067671543,0.9999313338979096,1,BBSE3,0,0.0,0.0
2024-08-05,400245.90395692585,27.7216067671543,0.9999307385622361,1,BBSE3,0,0.0,0.0
2024-08-06,403716.03925660846,27.7216067671543,0.9999313338979096,1,BBSE3,0,0.0,0.0
2024-08-07,405682.4080767989,27.7216067671543,0.999931666726939,1,BBSE3,0,0.0,0.0
2024-08-08,418059.09454683063,27.7216067671543,0.9999336897411664,1,BBSE3,0,0.0,0.0
2024-08-09,418290.439841783,27.7216067671543,0.9999337264156034,1,BBSE3,0,0.0,0.0
2024-08-12,423958.28925660846,27.7216067671543,0.9999346124195005,1,BBSE3,0,0.0,0.0
2024-08-13,429510.44396165607,27.7216067671543,0.9999354576654494,1,BBSE3,0,0.0,0.0
2024-08-14,433211.8804316878,27.7216067671543,0.9999360091262051,1,BBSE3,0,0.0,0.0
2024-08-15,431592.50749162433,27.7216067671543,0.9999357690268345,1,BBSE3,0,0.0,0.0
2024-08-16,431361.16219667194,27.7216067671543,0.9999357345788249,1,BBSE3,0,0.0,0.0
2024-08-19,433106.7071848465,16116.366009767155,0.9627889253562429,1,BBSE3,0,0.0,16088.644403
2024-08-20,433106.7071848465,16116.366009767155,0.9627889253562429,1,BBSE3,0,0.0,0.0
2024-08-21,433338.0524797989,16116.366009767155,0.9628087911561414,1,BBSE3,0,0.0,0.0
2024-08-22,431950.0248346878,16116.366009767155,0.962689280974263,1,BBSE3,0,0.0,0.0
2024-08-23,443979.7154245926,16116.366009767155,0.9637002199653321,1,BBSE3,0,0.0,0.0
2024-08-26,439931.23894983064,16116.366009767155,0.9633661704764616,1,BBSE3,0,0.0,0.0
2024-08-27,439931.23894983064,16116.366009767155,0.9633661704764616,1,BBSE3,0,0.0,0.0
2024-08-28,437270.83424478304,16116.366009767155,0.9631432861567317,1,BBSE3,0,0.0,0.0
2024-08-29,438890.2071848465,16116.366009767155,0.9632792763521847,1,BBSE3,0,0.0,0.0
2024-08-30,440972.2707148148,16116.366009767155,0.9634526543275781,1,BBSE3,0,0.0,0.0
2024-09-02,440630.9611122354,0.8421013101087738,0.9999980888739457,1,BBSE3,1,0.03633904395766293,0.0
2024-09-03,442671.49492189725,0.8421013101087738,0.999998097683452,1,BBSE3,0,0.0,0.0
2024-09-04,449153.0801231607,0.8421013101087738,0.9999981251351769,1,BBSE3,0,0.0,0.0
2024-09-05,443511.70125887234,0.8421013101087738,0.9999981012872767,1,BBSE3,0,0.0,0.0
2024-09-06,440630.9611122354,0.8421013101087738,0.9999980888739457,1,BBSE3,0,0.0,0.0
2024-09-09,439790.7547752603,0.8421013101087738,0.9999980852227999,1,BBSE3,0,0.0,0.0
2024-09-10,439550.68928072293,0.8421013101087738,0.999998084177023,1,BBSE3,0,0.0,0.0
2024-09-11,436910.0604164346,0.8421013101087738,0.9999980725980324,1,BBSE3,0,0.0,0.0
2024-09-12,433309.1237861856,0.8421013101087738,0.9999980565807091,1,BBSE3,0,0.0,0.0
2024-09-13,434389.395617698,0.8421013101087738,0.9999980614137486,1,BBSE3,0,0.0,0.0
2024-09-16,436910.0604164346,0.8421013101087738,0.9999980725980324,1,BBSE3,0,0.0,0.0
2024-09-17,431628.7111122354,0.8421013101087738,0.9999980490146081,1,BBSE3,0,0.0,0.0
2024-09-18,427187.61393282254,0.8421013101087738,0.999998028731914,1,BBSE3,0,0.0,0.0
2024-09-19,424426.9294273599,0.8421013101087738,0.9999980159098029,1,BBSE3,0,0.0,0.0
2024-09-20,420225.8519546731,0.8421013101087738,0.9999979960744771,1,BBSE3,0,0.0,0.0
2024-09-23,421666.24492189725,0.8421013101087738,0.9999980029197968,1,BBSE3,0,0.0,0.0
2024-09-24,425147.0801231607,0.8421013101087738,0.9999980192706255,1,BBSE3,0,0.0,0.0
2024-09-25,424306.8737861856,0.8421013101087738,0.9999980153484138,1,BBSE3,0,0.0,0.0
2024-09-26,425747.2667534097,0.8421013101087738,0.9999980220629096,1,BBSE3,0,0.0,0.0
2024-09-27,424546.93928072293,0.8421013101087738,0.9999980164706604,1,BBSE3,0,0.0,0.0
2024-09-30,426107.3421013101,0.8421013101087738,0.9999980237343343,1,BBSE3,0,0.0,0.0
2024-10-01,427679.1140232658,21.296068248688243,0.9999502054985843,1,VALE3,2,1.9949583204480117,0.0
2024-10-02,430024.4537983512,21.296068248688243,0.9999504770762208,1,VALE3,0,0.0,0.0
2024-10-03,421782.2268658256,21.296068248688243,0.9999495093275813,1,VALE3,0,0.0,0.0
2024-10-04,418699.7730007743,21.296068248688243,0.9999491376169228,1,VALE3,0,0.0,0.0
2024-10-07,422385.31788831705,21.296068248688243,0.999949581419271,1,VALE3,0,0.0,0.0
2024-10-08,409586.4089108085,21.296068248688243,0.9999480059206425,1,VALE3,0,0.0,0.0
2024-10-09,408514.24993329996,21.296068248688243,0.9999478694604848,1,VALE3,0,0.0,0.0
2024-10-10,410457.5460682487,21.296068248688243,0.9999481162706042,1,VALE3,0,0.0,0.0
2024-10-11,416354.4332256889,21.296068248688243,0.9999488511072556,1,VALE3,0,0.0,0.0
2024-10-14,415014.2281132316,21.296068248688243,0.9999486859321776,1,VALE3,0,0.0,0.0
2024-10-15,409921.4537983512,21.296068248688243,0.9999480484174434,1,VALE3,0,0.0,0.0
2024-10-16,417761.63709074014,21.296068248688243,0.9999490233990919,1,VALE3,0,0.0,0.0
2024-10-17,407174.0448208427,21.296068248688243,0.9999476978738709,1,VALE3,0,0.0,0.0
2024-10-18,405766.8409557914,21.296068248688243,0.9999475164895226,1,VALE3,0,0.0,0.0
2024-10-21,404292.63833814615,21.296068248688243,0.9999473251149558,1,VALE3,0,0.0,0.0
2024-10-22,404828.70504575723,21.296068248688243,0.9999473948660674,1,VALE3,0,0.0,0.0
2024-10-23,397725.63584333414,21.296068248688243,0.9999464553794639,1,VALE3,0,0.0,0.0
2024-10-24,400071.00118070596,21.296068248688243,0.9999467692779885,1,VALE3,0,0.0,0.0
2024-10-25,413674.0230007743,21.296068248688243,0.9999485196868437,1,VALE3,0,0.0,0.0
2024-10-28,421380.1832256889,21.296068248688243,0.9999494611538547,1,VALE3,0,0.0,0.0
2024-10-29,419905.95504575723,21.296068248688243,0.9999492837193834,1,VALE3,0,0.0,0.0
2024-10-30,418632.7742481803,21.296068248688243,0.9999491294768142,1,VALE3,0,0.0,0.0
2024-10-31,415885.3652706718,21.296068248688243,0.9999487934175447,1,VALE3,0,0.0,0.0
2024-11-01,414578.2981567678,12.243505507416558,0.9999704675677384,1,GGBR3,2,1.994929649460442,0.0
2024-11-04,423692.1938934621,12.243505507416558,0.9999711028296393,1,GGBR3,0,0.0,0.0
2024-11-05,421822.67567637534,12.243505507416558,0.9999709747573722,1,GGBR3,0,0.0,0.0
2024-11-06,463653.20707133383,12.243505507416558,0.9999735933984265,1,GGBR3,0,0.0,0.0
2024-11-07,468794.37102511496,12.243505507416558,0.9999738829937727,1,GGBR3,0,0.0,0.0
2024-11-08,453838.2252884206,12.243505507416558,0.999973022313183,1,GGBR3,0,0.0,0.0
2024-11-11,453604.529939681,12.243505507416558,0.9999730084143802,1,GGBR3,0,0.0,0.0
2024-11-12,437246.2121105489,12.243505507416558,0.9999719986013182,1,GGBR3,0,0.0,0.0
2024-11-13,438180.9935055074,12.243505507416558,0.9999720583373335,1,GGBR3,0,0.0,0.0
2024-11-14,450099.18885424704,12.243505507416558,0.9999727982057942,1,GGBR3,0,0.0,0.0
2024-11-18,451267.62102511496,12.243505507416558,0.9999728686372853,1,GGBR3,0,0.0,0.0
2024-11-19,450800.2481567678,7022.943505507416,0.9844211631776538,1,GGBR3,0,0.0,7010.7
2024-11-21,458044.62567637535,7022.943505507416,0.9846675561466595,1,GGBR3,0,0.0,0.0
2024-11-22,462718.4435055074,7022.943505507416,0.9848224258097379,1,GGBR3,0,0.0,0.0
2024-11-25,461783.66211054893,7022.943505507416,0.9847917020853237,1,GGBR3,0,0.0,0.0
2024-11-26,464120.571025115,7022.943505507416,0.9848682778916787,1,GGBR3,0,0.0,0.0
2024-11-27,462718.4435055074,7022.943505507416,0.9848224258097379,1,GGBR3,0,0.0,0.0
2024-11-28,466457.479939681,7022.943505507416,0.9849440864225919,1,GGBR3,0,0.0,0.0
2024-11-29,465055.35242007347,7022.943505507416,0.9848986933083101,1,GGBR3,0,0.0,0.0
2024-12-02,464557.2425771971,3.324471117986832,0.9999928437858389,1,PETR4,2,1.9799088100536433,0.0
2024-12-03,468710.324471118,3.324471117986832,0.9999929071946052,1,PETR4,0,0.0,0.0
2024-12-04,465743.824471118,3.324471117986832,0.9999928620178233,1,PETR4,0,0.0,0.0
2024-12-05,470371.55722868635,3.324471117986832,0.9999929322445907,1,PETR4,0,0.0,0.0
2024-12-06,463133.2899862547,3.324471117986832,0.9999928217832968,1,PETR4,0,0.0,0.0
2024-12-09,475117.97533476545,3.324471117986832,0.9999930028513115,1,PETR4,0,0.0,0.0
2024-12-10,476897.8481756468,3.324471117986832,0.999993028965992,1,PETR4,0,0.0,0.0
2024-12-11,481644.2662817259,3.324471117986832,0.9999930976628381,1,PETR4,0,0.0,0.0
2024-12-12,473358.7487197259,18416.30690911799,0.9610943983629165,1,PETR4,0,0.0,18412.982438000003
2024-12-13,470510.88880303886,18416.30690911799,0.9608589145386872,1,PETR4,0,0.0,0.0
2024-12-16,468612.3306136468,18416.30690911799,0.9607003364913556,1,PETR4,0,0.0,0.0
2024-12-17,472884.0978560784,18416.30690911799,0.9610553474041266,1,PETR4,0,0.0,0.0
2024-12-18,461136.78320458916,18416.30690911799,0.9600632446166253,1,PETR4,0,0.0,0.0
2024-12-19,459356.86509851005,18416.30690911799,0.9599084974921,1,PETR4,0,0.0,0.0
2024-12-20,455678.38880303886,18416.30690911799,0.9595848577381664,1,PETR4,0,0.0,0.0
2024-12-23,455797.0741515496,18416.30690911799,0.9595953814679498,1,PETR4,0,0.0,0.0
2024-12-26,458964.0009469417,34517.17551511799,0.9247932834734279,1,PETR4,0,0.0,16100.868606
2024-12-27,457658.7337045101,34517.17551511799,0.9245787898862557,1,PETR4,0,0.0,0.0
2024-12-30,463947.6992196468,34517.17551511799,0.9256011494977228,1,PETR4,0,0.0,0.0
2025-01-02,467516.0386649084,28.94216832634993,0.9999380937423901,1,BBSE3,2,1.9212057762913686,0.0
2025-01-03,461996.60371312615,28.94216832634993,0.9999373541534857,1,BBSE3,0,0.0,0.0
2025-01-06,467387.7002097082,28.94216832634993,0.9999380767437539,1,BBSE3,0,0.0,0.0
2025-01-07,468928.00649938104,28.94216832634993,0.9999382801455123,1,BBSE3,0,0.0,0.0
2025-01-08,466104.1197958898,28.94216832634993,0.9999379062164501,1,BBSE3,0,0.0,0.0
2025-01-09,465719.00649938104,28.94216832634993,0.9999378548697337,1,BBSE3,0,0.0,0.0
2025-01-10,463921.9743338537,28.94216832634993,0.9999376141464997,1,BBSE3,0,0.0,0.0
2025-01-13,464435.4260855627,28.94216832634993,0.9999376831165308,1,BBSE3,0,0.0,0.0
2025-01-14,473677.361754508,28.94216832634993,0.9999388989834365,1,BBSE3,0,0.0,0.0
2025-01-15,479453.5225821447,28.94216832634993,0.9999396350908625,1,BBSE3,0,0.0,0.0
2025-01-16,480095.361754508,28.94216832634993,0.9999397157926696,1,BBSE3,0,0.0,0.0
2025-01-17,485614.8456717443,28.94216832634993,0.9999404009811802,1,BBSE3,0,0.0,0.0
2025-01-20,486513.361754508,28.94216832634993,0.999940511051491,1,BBSE3,0,0.0,0.0
2025-01-21,486898.4260855627,28.94216832634993,0.9999405580984128,1,BBSE3,0,0.0,0.0
2025-01-22,490492.49041661737,28.94216832634993,0.9999409936565965,1,BBSE3,0,0.0,0.0
2025-01-23,488053.66804418084,28.94216832634993,0.9999406987996989,1,BBSE3,0,0.0,0.0
2025-01-24,485614.8456717443,28.94216832634993,0.9999404009811802,1,BBSE3,0,0.0,0.0
2025-01-27,495113.45825109,28.94216832634993,0.9999415443716101,1,BBSE3,0,0.0,0.0
2025-01-28,501018.00649938104,28.94216832634993,0.9999422332771459,1,BBSE3,0,0.0,0.0
2025-01-29,497552.28062352655,28.94216832634993,0.9999418309000814,1,BBSE3,0,0.0,0.0
2025-01-30,495370.1841269445,28.94216832634993,0.9999415746662723,1,BBSE3,0,0.0,0.0
2025-01-31,494728.39392003533,28.94216832634993,0.9999414988735597,1,BBSE3,0,0.0,0.0
2025-02-03,501018.00649938104,28.94216832634993,0.9999422332771459,1,BBSE3,0,0.0,0.0
2025-02-04,500504.60371312615,28.94216832634993,0.999942174021754,1,BBSE3,0,0.0,0.0
2025-02-05,504098.66804418084,28.94216832634993,0.9999425863027199,1,BBSE3,0,0.0,0.0
2025-02-06,510003.21629247186,28.94216832634993,0.9999432510082255,1,BBSE3,0,0.0,0.0
2025-02-07,504483.73237523553,28.94216832634993,0.9999426301256731,1,BBSE3,0,0.0,0.0
2025-02-10,508976.361754508,28.94216832634993,0.9999431365177224,1,BBSE3,0,0.0,0.0
2025-02-11,501274.73237523553,28.94216832634993,0.999942262862145,1,BBSE3,0,0.0,0.0
2025-02-12,502173.2484579992,28.94216832634993,0.9999423661686176,1,BBSE3,0,0.0,0.0
2025-02-13,494086.60371312615,28.94216832634993,0.9999414228839462,1,BBSE3,0,0.0,0.0
2025-02-14,499092.6358786535,28.94216832634993,0.9999420104280333,1,BBSE3,0,0.0,0.0
2025-02-17,487796.94216832635,28.94216832634993,0.9999406675896784,1,BBSE3,0,0.0,0.0
2025-02-18,509618.15196141717,28.94216832634993,0.9999432081290375,1,BBSE3,0,0.0,0.0
2025-02-19,510131.60371312615,28.94216832634993,0.9999432652905335,1,BBSE3,0,0.0,0.0
2025-02-20,511671.910002799,28.94216832634993,0.9999434360812846,1,BBSE3,0,0.0,0.0
2025-02-21,505127.59309538105,29810.52876432635,0.9409841608896282,1,BBSE3,0,0.0,29781.586596
2025-02-24,511032.19030912616,29810.52876432635,0.9416660450561953,1,BBSE3,0,0.0,0.0
2025-02-25,510390.3511367629,29810.52876432635,0.9415926874441668,1,BBSE3,0,0.0,0.0
2025-02-26,511545.59309538105,29810.52876432635,0.9417245907956283,1,BBSE3,0,0.0,0.0
2025-02-27,523354.7385574172,29810.52876432635,0.9430395359627457,1,BBSE3,0,0.0,0.0
2025-02-28,515524.7707229445,29810.52876432635,0.9421744008100297,1,BBSE3,0,0.0,0.0
2025-03-05,527164.5483318436,31.83793984528529,0.9999396053092985,1,BBSE3,1,0.05764854378998061,0.0
2025-03-06,531931.877547847,31.83793984528529,0.9999401465841978,1,BBSE3,0,0.0,0.0
2025-03-07,531523.2641750443,31.83793984528529,0.9999401005713368,1,BBSE3,0,0.0,0.0
2025-03-10,530433.5592342484,31.83793984528529,0.9999399775159565,1,BBSE3,0,0.0,0.0
2025-03-11,525530.0428806412,31.83793984528529,0.9999394174695118,1,BBSE3,0,0.0,0.0
2025-03-12,525393.803783046,31.83793984528529,0.9999394017599446,1,BBSE3,0,0.0,0.0
2025-03-13,533430.1958614456,31.83793984528529,0.9999403147026691,1,BBSE3,0,0.0,0.0
2025-03-14,542283.8666454422,31.83793984528529,0.9999412891627364,1,BBSE3,0,0.0,0.0
2025-03-17,544871.8379398453,31.83793984528529,0.9999415680209026,1,BBSE3,0,0.0,0.0
2025-03-18,550047.8324886429,31.83793984528529,0.9999421178705473,1,BBSE3,0,0.0,0.0
2025-03-19,548004.6617046463,31.83793984528529,0.9999419020638506,1,BBSE3,0,0.0,0.0
2025-03-20,551818.525077449,31.83793984528529,0.9999423036045395,1,BBSE3,0,0.0,0.0
2025-03-21,549094.3666454422,31.83793984528529,0.9999420173620797,1,BBSE3,0,0.0,0.0
2025-03-24,545144.2641750443,31.83793984528529,0.999941597221254,1,BBSE3,0,0.0,0.0
2025-03-25,543101.0933910477,31.83793984528529,0.9999413775073689,1,BBSE3,0,0.0,0.0
2025-03-26,546642.5824886429,31.83793984528529,0.9999417573001717,1,BBSE3,0,0.0,0.0
2025-03-27,550047.8324886429,31.83793984528529,0.9999421178705473,1,BBSE3,0,0.0,0.0
2025-03-28,548413.275077449,31.83793984528529,0.9999419453516314,1,BBSE3,0,0.0,0.0
2025-03-31,548958.127547847,31.83793984528529,0.9999420029720891,1,BBSE3,0,0.0,0.0
2025-04-01,561217.0483318436,31.83793984528529,0.9999432698277076,1,BBSE3,0,0.0,0.0
2025-04-02,551273.7245670425,31.83793984528529,0.9999422465856317,1,BBSE3,0,0.0,0.0
2025-04-03,561080.8092342484,31.83793984528529,0.9999432560527445,1,BBSE3,0,0.0,0.0
2025-04-04,548277.0879398453,31.83793984528529,0.9999419309313746,1,BBSE3,0,0.0,0.0
2025-04-07,545825.303783046,31.83793984528529,0.9999416700918323,1,BBSE3,0,0.0,0.0
2025-04-08,551001.2983318436,31.83793984528529,0.9999422180311704,1,BBSE3,0,0.0,0.0
2025-04-09,555632.4404102432,31.83793984528529,0.9999426996382325,1,BBSE3,0,0.0,0.0
2025-04-10,540240.6958614456,31.83793984528529,0.999941067120472,1,BBSE3,0,0.0,0.0
2025-04-11,544599.4117046463,31.83793984528529,0.9999415387913373,1,BBSE3,0,0.0,0.0
2025-04-14,548821.9404102432,31.83793984528529,0.9999419885804466,1,BBSE3,0,0.0,0.0
2025-04-15,553180.6562534439,31.83793984528529,0.9999424456739667,1,BBSE3,0,0.0,0.0
2025-04-16,551001.2983318436,31.83793984528529,0.9999422180311704,1,BBSE3,0,0.0,0.0
2025-04-17,554951.4008022415,31.83793984528529,0.999942629318893,1,BBSE3,0,0.0,0.0
2025-04-22,557130.7587238419,31.83793984528529,0.9999428537388275,1,BBSE3,0,0.0,0.0
2025-04-23,560944.6220966446,31.83793984528529,0.9999432422763476,1,BBSE3,0,0.0,0.0
2025-04-24,566937.8433910477,31.83793984528529,0.9999438422743931,1,BBSE3,0,0.0,0.0
2025-04-25,572794.877547847,31.83793984528529,0.9999444165073864,1,BBSE3,0,0.0,0.0
2025-04-28,577834.6329990494,31.83793984528529,0.9999449012952373,1,BBSE3,0,0.0,0.0
2025-04-29,569798.2928806412,31.83793984528529,0.9999441241922921,1,BBSE3,0,0.0,0.0
2025-04-30,582602.0141750443,31.83793984528529,0.9999453521631051,1,BBSE3,0,0.0,0.0
2025-05-02,583992.2924587791,3.1598904196871445,0.999994589157322,1,LOGG3,2,1.994949759064409,0.0
2025-05-05,586737.9029324119,3.1598904196871445,0.9999946144770878,1,LOGG3,0,0.0,0.0
2025-05-06,585244.9852516932,6472.507346419688,0.9889405163486601,1,LOGG3,0,0.0,6469.347456
2025-05-07,565476.6841042322,6472.507346419688,0.98855389173707,1,LOGG3,0,0.0,0.0
2025-05-08,576184.5073464197,6472.507346419688,0.9887666064187869,1,LOGG3,0,0.0,0.0
2025-05-09,576184.5073464197,6472.507346419688,0.9887666064187869,1,LOGG3,0,0.0,0.0
2025-05-12,569595.0736305994,6472.507346419688,0.9886366514633563,1,LOGG3,0,0.0,0.0
2025-05-13,572066.1178200525,6472.507346419688,0.9886857355386048,1,LOGG3,0,0.0,0.0
2025-05-14,570418.7724831385,6472.507346419688,0.9886530604204281,1,LOGG3,0,0.0,0.0
2025-05-15,591834.4189675135,6472.507346419688,0.9890636516921213,1,LOGG3,0,0.0,0.0
2025-05-16,583597.6399147791,6472.507346419688,0.9889092982840628,1,LOGG3,0,0.0,0.0
2025-05-19,593207.2503884119,6472.507346419688,0.9890889611646153,1,LOGG3,0,0.0,0.0
2025-05-20,611602.7724831385,6472.507346419688,0.9894171386435332,1,LOGG3,0,0.0,0.0
2025-05-21,591559.8526833338,6472.507346419688,0.9890585757010719,1,LOGG3,0,0.0,0.0
2025-05-22,601718.595725326,6472.507346419688,0.9892432984581147,1,LOGG3,0,0.0,0.0
2025-05-23,600345.7643044275,6472.507346419688,0.9892187007367015,1,LOGG3,0,0.0,0.0
2025-05-26,584421.2863991541,6472.507346419688,0.9889249288192438,1,LOGG3,0,0.0,0.0
2025-05-27,606386.1178200525,6472.507346419688,0.9893260957726271,1,LOGG3,0,0.0,0.0
2025-05-28,597600.2061989588,6472.507346419688,0.9891691681507472,1,LOGG3,0,0.0,0.0
2025-05-29,596776.5073464197,6472.507346419688,0.9891542189299645,1,LOGG3,0,0.0,0.0
2025-05-30,586892.3305886072,6472.507346419688,0.9889715591615785,1,LOGG3,0,0.0,0.0
2025-06-02,591589.4616133019,2.5664392753888023,0.9999956617900725,1,LOGG3,1,0.010991779195729126,0.0
2025-06-03,599084.9443212792,2.5664392753888023,0.9999957160678136,1,LOGG3,0,0.0,0.0
2025-06-04,602971.4673773095,2.5664392753888023,0.9999957436803991,1,LOGG3,0,0.0,0.0
2025-06-05,599917.7933832451,2.5664392753888023,0.9999957220150766,1,LOGG3,0,0.0,0.0
2025-06-06,598529.7116133019,2.5664392753888023,0.9999957120937765,1,LOGG3,0,0.0,0.0
2025-06-09,585759.6770292565,2.5664392753888023,0.9999956186139537,1,LOGG3,0,0.0,0.0
2025-06-10,594643.1885572716,2.5664392753888023,0.9999956840684888,1,LOGG3,0,0.0,0.0
2025-06-11,585482.0606752678,2.5664392753888023,0.9999956165364444,1,LOGG3,0,0.0,0.0
2025-06-12,578819.4270292565,2.5664392753888023,0.9999955660795827,1,LOGG3,0,0.0,0.0
2025-06-13,575488.0837312981,2.5664392753888023,0.9999955404128288,1,LOGG3,0,0.0,0.0
2025-06-16,577708.9616133019,2.5664392753888023,0.9999955575567527,1,LOGG3,0,0.0,0.0
2025-06-17,587147.7058492943,2.5664392753888023,0.9999956289716372,1,LOGG3,0,0.0,0.0
2025-06-18,582983.5664392754,2.5664392753888023,0.999995597750223,1,LOGG3,0,0.0,0.0
2025-06-20,575488.0837312981,2.5664392753888023,0.9999955404128288,1,LOGG3,0,0.0,0.0
2025-06-23,568547.8337312981,2.5664392753888023,0.9999954859747533,1,LOGG3,0,0.0,0.0
2025-06-24,581873.1010233208,2.5664392753888023,0.9999955893488273,1,LOGG3,0,0.0,0.0
2025-06-25,565216.5433832451,2.5664392753888023,0.9999954593698549,1,LOGG3,0,0.0,0.0
2025-06-26,571879.1770292565,2.5664392753888023,0.9999955122701114,1,LOGG3,0,0.0,0.0
2025-06-27,575210.4673773095,2.5664392753888023,0.9999955382604786,1,LOGG3,0,0.0,0.0
2025-06-30,581595.5376192376,2.5664392753888023,0.9999955872438673,1,LOGG3,0,0.0,0.0
2025-07-01,578480.6012399386,578480.6012399386,0.0,0,,1,0.9994955767820846,0.0
2025-07-02,578480.6012399386,578480.6012399386,0.0,0,,0,0.0,0.0
2025-07-03,578480.6012399386,578480.6012399386,0.0,0,,0,0.0,0.0
2025-07-04,578480.6012399386,578480.6012399386,0.0,0,,0,0.0,0.0
2025-07-07,578480.6012399386,578480.6012399386,0.0,0,,0,0.0,0.0
2025-07-08,578480.6012399386,578480.6012399386,0.0,0,,0,0.0,0.0
2025-07-09,578480.6012399386,578480.6012399386,0.0,0,,0,0.0,0.0
2025-07-10,578480.6012399386,578480.6012399386,0.0,0,,0,0.0,0.0
2025-07-11,578480.6012399386,578480.6012399386,0.0,0,,0,0.0,0.0
2025-07-14,578480.6012399386,578480.6012399386,0.0,0,,0,0.0,0.0
2025-07-15,578480.6012399386,578480.6012399386,0.0,0,,0,0.0,0.0
2025-07-16,578480.6012399386,578480.6012399386,0.0,0,,0,0.0,0.0
2025-07-17,578480.6012399386,578480.6012399386,0.0,0,,0,0.0,0.0
2025-07-18,578480.6012399386,578480.6012399386,0.0,0,,0,0.0,0.0
2025-07-21,578480.6012399386,578480.6012399386,0.0,0,,0,0.0,0.0
2025-07-22,578480.6012399386,578480.6012399386,0.0,0,,0,0.0,0.0
2025-07-23,578480.6012399386,578480.6012399386,0.0,0,,0,0.0,0.0
2025-07-24,578480.6012399386,578480.6012399386,0.0,0,,0,0.0,0.0
2025-07-25,578480.6012399386,578480.6012399386,0.0,0,,0,0.0,0.0
2025-07-28,578480.6012399386,578480.6012399386,0.0,0,,0,0.0,0.0
2025-07-29,578480.6012399386,578480.6012399386,0.0,0,,0,0.0,0.0
2025-07-30,578480.6012399386,578480.6012399386,0.0,0,,0,0.0,0.0
2025-07-31,578480.6012399386,578480.6012399386,0.0,0,,0,0.0,0.0
2025-08-01,555021.6602553421,6.058181672706269,0.9999890847833399,1,LOGG3,1,0.9979935403439832,0.0
2025-08-04,562632.078918367,6.058181672706269,0.9999892324275496,1,LOGG3,0,0.0,0.0
2025-08-05,552303.649886995,6.058181672706269,0.999989031067106,1,LOGG3,0,0.0,0.0
2025-08-06,558011.4768446976,6.058181672706269,0.9999891432668967,1,LOGG3,0,0.0,0.0
2025-08-07,549042.078918367,6.058181672706269,0.9999889659064299,1,LOGG3,0,0.0,0.0
2025-08-08,548770.2726973587,6.058181672706269,0.9999889604412372,1,LOGG3,0,0.0,0.0
2025-08-11,556853.3183816727,6458.318381672706,0.9884021192502868,1,LOGG3,0,0.0,6452.2602
2025-08-12,573433.1349710282,6458.318381672706,0.9887374516960917,1,LOGG3,0,0.0,0.0
2025-08-13,568540.7266763505,6458.318381672706,0.9886405351830684,1,LOGG3,0,0.0,0.0
2025-08-14,570171.5121606644,6458.318381672706,0.9886730251443133,1,LOGG3,0,0.0,0.0
2025-08-15,566638.1349710282,6458.318381672706,0.9886023936916937,1,LOGG3,0,0.0,0.0
2025-08-18,570171.5121606644,6458.318381672706,0.9886730251443133,1,LOGG3,0,0.0,0.0
2025-08-19,560114.9411920365,6458.318381672706,0.9884696552319634,1,LOGG3,0,0.0,0.0
2025-08-20,559571.3287500199,6458.318381672706,0.9884584537308239,1,LOGG3,0,0.0,0.0
2025-08-21,558212.2976449784,6458.318381672706,0.9884303545283407,1,LOGG3,0,0.0,0.0
2025-08-22,576966.5121606644,6458.318381672706,0.9888064242108486,1,LOGG3,0,0.0,0.0
2025-08-25,582674.3391183671,6458.318381672706,0.9889160755020641,1,LOGG3,0,0.0,0.0
2025-08-26,573161.3287500199,6458.318381672706,0.988732110737901,1,LOGG3,0,0.0,0.0
2025-08-27,576694.7059396561,6458.318381672706,0.988801148484362,1,LOGG3,0,0.0,0.0
2025-08-28,582946.0934976395,6458.318381672706,0.9889212425407584,1,LOGG3,0,0.0,0.0
2025-08-29,581315.3080133256,6458.318381672706,0.9888901628898362,1,LOGG3,0,0.0,0.0
2025-09-01,586257.2440005499,10.860089417081326,0.9999814755561177,1,VALE3,2,1.983971534131936,0.0
2025-09-02,584043.0136538702,10.860089417081326,0.9999814053260407,1,VALE3,0,0.0,0.0
2025-09-03,586257.2440005499,10.860089417081326,0.9999814755561177,1,VALE3,0,0.0,0.0
2025-09-04,587417.0904360968,10.860089417081326,0.9999815121323606,1,VALE3,0,0.0,0.0
2025-09-05,592794.5529605108,10.860089417081326,0.9999816798427671,1,VALE3,0,0.0,0.0
2025-09-08,594270.706524964,10.860089417081326,0.9999817253495792,1,VALE3,0,0.0,0.0
2025-09-09,592478.2056094366,10.860089417081326,0.9999816700609165,1,VALE3,0,0.0,0.0
2025-09-10,596590.3993960577,10.860089417081326,0.9999817964059964,1,VALE3,0,0.0,0.0
2025-09-11,601229.7449160772,10.860089417081326,0.9999819368727031,1,VALE3,0,0.0,0.0
2025-09-12,601018.8600894171,10.860089417081326,0.9999819305347332,1,VALE3,0,0.0,0.0
2025-09-15,606290.8600894171,10.860089417081326,0.9999820876577036,1,VALE3,0,0.0,0.0
2025-09-16,608399.6681338507,10.860089417081326,0.9999821497446729,1,VALE3,0,0.0,0.0
2025-09-17,609454.0520449835,10.860089417081326,0.9999821806264465,1,VALE3,0,0.0,0.0
2025-09-18,608294.2056094366,10.860089417081326,0.9999821466498992,1,VALE3,0,0.0,0.0
2025-09-19,610719.3207827765,10.860089417081326,0.9999822175440541,1,VALE3,0,0.0,0.0
2025-09-22,611562.8600894171,10.860089417081326,0.9999822420717055,1,VALE3,0,0.0,0.0
2025-09-23,608083.3207827765,10.860089417081326,0.9999821404583124,1,VALE3,0,0.0,0.0
2025-09-24,610403.0136538702,10.860089417081326,0.9999822083292936,1,VALE3,0,0.0,0.0
2025-09-25,613777.0904360968,10.860089417081326,0.9999823061342851,1,VALE3,0,0.0,0.0
2025-09-26,601967.8216983038,10.860089417081326,0.9999819590200246,1,VALE3,0,0.0,0.0
2025-09-29,603971.1672183233,10.860089417081326,0.9999820188611535,1,VALE3,0,0.0,0.0
2025-09-30,607134.3993960577,10.860089417081326,0.9999821125447218,1,VALE3,0,0.0,0.0
2025-10-01,584271.1479669091,7.369165944750421,0.9999873874211137,1,LOGG3,2,1.994980126070376,0.0
2025-10-02,581239.9749474999,7.369165944750421,0.9999873216463726,1,LOGG3,0,0.0,0.0
2025-10-03,578208.7537484643,7.369165944750421,0.9999872551809412,1,LOGG3,0,0.0,0.0
2025-10-06,568357.3691659448,7.369165944750421,0.9999870342739542,1,LOGG3,0,0.0,0.0
2025-10-07,555474.7633843896,7.369165944750421,0.9999867335720171,1,LOGG3,0,0.0,0.0
2025-10-08,552948.7537484643,7.369165944750421,0.9999866729676217,1,LOGG3,0,0.0,0.0
2025-10-09,548149.3884377953,7.369165944750421,0.9999865562817359,1,LOGG3,0,0.0,0.0
2025-10-10,540318.7537484643,7.369165944750421,0.999986361447028,1,LOGG3,0,0.0,0.0
2025-10-13,540571.3595300195,7.369165944750421,0.9999863678202427,1,LOGG3,0,0.0,0.0
2025-10-14,537540.1865106103,7.369165944750421,0.9999862909487892,1,LOGG3,0,0.0,0.0
2025-10-15,551938.37880187,7.369165944750421,0.9999866485712395,1,LOGG3,0,0.0,0.0
2025-10-16,550422.7922921655,7.369165944750421,0.9999866118081446,1,LOGG3,0,0.0,0.0
2025-10-17,559263.7537484643,7.369165944750421,0.9999868234515551,1,LOGG3,0,0.0,0.0
2025-10-20,578966.5710931298,7.369165944750421,0.9999872718628109,1,LOGG3,0,0.0,0.0
2025-10-21,567599.5518212792,7.369165944750421,0.9999870169630665,1,LOGG3,0,0.0,0.0
2025-10-22,580987.3691659448,7.369165944750421,0.9999873161339887,1,LOGG3,0,0.0,0.0
2025-10-23,583513.37880187,7.369165944750421,0.9999873710420147,1,LOGG3,0,0.0,0.0
2025-10-24,580987.3691659448,7.369165944750421,0.9999873161339887,1,LOGG3,0,0.0,0.0
2025-10-27,593364.7633843896,7.369165944750421,0.9999875807152708,1,LOGG3,0,0.0,0.0
2025-10-28,588817.9556756493,7.369165944750421,0.9999874848144936,1,LOGG3,0,0.0,0.0
2025-10-29,580987.3691659448,7.369165944750421,0.9999873161339887,1,LOGG3,0,0.0,0.0
2025-10-30,597658.9653115746,7.369165944750421,0.9999876699482941,1,LOGG3,0,0.0,0.0
2025-10-31,598669.3884377953,7.369165944750421,0.9999876907587275,1,LOGG3,0,0.0,0.0
2025-11-03,611847.8192904722,41.133575750514865,0.9999327715578062,1,VALE3,2,1.994930970003041,0.0
2025-11-04,605013.5992892515,41.133575750514865,0.9999320121468364,1,VALE3,0,0.0,0.0
2025-11-05,615405.4250033628,41.133575750514865,0.9999331601996354,1,VALE3,0,0.0,0.0
2025-11-06,613252.1335757505,41.133575750514865,0.9999329255073103,1,VALE3,0,0.0,0.0
2025-11-07,606511.4821475279,41.133575750514865,0.9999321800543579,1,VALE3,0,0.0,0.0
2025-11-10,610537.1450045835,41.133575750514865,0.999932627234744,1,VALE3,0,0.0,0.0
2025-11-11,608945.6221469175,41.133575750514865,0.999932451151212,1,VALE3,0,0.0,0.0
2025-11-12,615686.2735751402,41.133575750514865,0.9999331906889662,1,VALE3,0,0.0,0.0
2025-11-13,614843.6564334165,41.133575750514865,0.9999330991296403,1,VALE3,0,0.0,0.0
2025-11-14,611098.8421481382,41.133575750514865,0.9999326891610432,1,VALE3,0,0.0,0.0
2025-11-17,610630.7850039732,41.133575750514865,0.9999326375663319,1,VALE3,0,0.0,0.0
2025-11-18,608758.3421481382,41.133575750514865,0.9999324303703085,1,VALE3,0,0.0,0.0
2025-11-19,608103.0050051939,41.133575750514865,0.9999323575522371,1,VALE3,0,0.0,0.0
2025-11-21,610069.0878604185,41.133575750514865,0.9999325755450177,1,VALE3,0,0.0,0.0
2025-11-24,609413.6792910825,41.133575750514865,0.9999325030317692,1,VALE3,0,0.0,0.0
2025-11-25,614188.3192904722,41.133575750514865,0.9999330277466071,1,VALE3,0,0.0,0.0
2025-11-26,623363.1107180845,41.133575750514865,0.9999340134585393,1,VALE3,0,0.0,0.0
2025-11-27,621022.6107180845,41.133575750514865,0.9999337647695259,1,VALE3,0,0.0,0.0
2025-11-28,631039.9478610288,41.133575750514865,0.9999348162095126,1,VALE3,0,0.0,0.0
2025-12-01,635908.1564334165,41.133575750514865,0.9999353152254231,1,VALE3,0,0.0,0.0
2025-12-02,641150.9250033628,41.133575750514865,0.9999358441606393,1,VALE3,0,0.0,0.0
2025-12-03,661840.9364321958,41.133575750514865,0.9999378497559063,1,VALE3,0,0.0,0.0
2025-12-04,673356.1564334165,41.133575750514865,0.9999389126016633,1,VALE3,0,0.0,0.0
2025-12-05,657440.7850039732,41.133575750514865,0.9999374337937519,1,VALE3,0,0.0,0.0
2025-12-08,652946.9935763609,41.133575750514865,0.9999370031929771,1,VALE3,0,0.0,0.0
2025-12-09,653321.4821475279,41.133575750514865,0.9999370393031999,1,VALE3,0,0.0,0.0
2025-12-10,665304.8307193052,41.133575750514865,0.9999381733397216,1,VALE3,0,0.0,0.0
2025-12-11,674105.1335757505,41.133575750514865,0.9999389804739621,1,VALE3,0,0.0,0.0
2025-12-12,675900.4993918618,33573.673677750514,0.9503274909428855,1,VALE3,0,0.0,33532.540102
2025-12-15,679832.5222495279,33573.673677750514,0.9506147873498945,1,VALE3,0,0.0,0.0
2025-12-16,682266.6622489175,33573.673677750514,0.9507909802201334,1,VALE3,0,0.0,0.0
2025-12-17,690505.1965354165,33573.673677750514,0.9513781013579549,1,VALE3,0,0.0,0.0
2025-12-18,692190.3593924722,33573.673677750514,0.9514964731562894,1,VALE3,0,0.0,0.0
2025-12-19,696871.3593924722,33573.673677750514,0.9518222793558057,1,VALE3,0,0.0,0.0
2025-12-22,716250.6965354165,33573.673677750514,0.9531258065923705,1,VALE3,0,0.0,0.0
2025-12-23,716063.4879630288,33573.673677750514,0.9531135517420992,1,VALE3,0,0.0,0.0
2025-12-26,718123.1393912515,33573.673677750514,0.9532480269244482,1,VALE3,0,0.0,0.0
2025-12-29,708761.1393912515,33573.673677750514,0.9526304818198884,1,VALE3,0,0.0,0.0
2025-12-30,707263.1851065835,33573.673677750514,0.9525301551321507,1,VALE3,0,0.0,0.0
2026-01-02,711134.6003788934,1.1273640619037906,0.9999984146966534,1,VALE3,1,0.047142613314464316,0.0
2026-01-05,718405.1543492303,1.1273640619037906,0.9999984307405716,1,VALE3,0,0.0,0.0
2026-01-06,745423.9043492303,1.1273640619037906,0.9999984876201913,1,VALE3,0,0.0,0.0
2026-01-07,749845.1243657098,1.1273640619037906,0.9999984965374512,1,VALE3,0,0.0,0.0
2026-01-08,742574.6453541742,1.1273640619037906,0.9999984818171898,1,VALE3,0,0.0,0.0
2026-01-09,734125.1393574701,1.1273640619037906,0.999998464343473,1,VALE3,0,0.0,0.0
2026-01-12,734321.6063755975,1.1273640619037906,0.9999984647543364,1,VALE3,0,0.0,0.0
2026-01-13,740314.8623723016,1.1273640619037906,0.9999984771829944,1,VALE3,0,0.0,0.0
2026-01-14,775390.1093739496,1.1273640619037906,0.9999985460685553,1,VALE3,0,0.0,0.0
2026-01-15,774702.3623723016,1.1273640619037906,0.9999985447778184,1,VALE3,0,0.0,0.0
2026-01-16,774997.1003788934,1.1273640619037906,0.9999985453312518,1,VALE3,0,0.0,0.0
2026-01-19,771951.3743657098,1.1273640619037906,0.9999985395918716,1,VALE3,0,0.0,0.0
2026-01-20,786787.1453541742,1.1273640619037906,0.9999985671295362,1,VALE3,0,0.0,0.0
2026-01-21,810563.6273640619,1.1273640619037906,0.9999986091603129,1,VALE3,0,0.0,0.0
2026-01-22,815279.6603459344,1.1273640619037906,0.9999986172057066,1,VALE3,0,0.0,0.0
2026-01-23,835322.5943821893,1.1273640619037906,0.9999986503848101,1,VALE3,0,0.0,0.0
2026-01-26,816163.8743657098,1.1273640619037906,0.9999986187037955,1,VALE3,0,0.0,0.0
2026-01-27,834143.6423558221,1.1273640619037906,0.999998648477307,1,VALE3,0,0.0,0.0
2026-01-28,854481.3893574701,1.1273640619037906,0.999998680645271,1,VALE3,0,0.0,0.0
2026-01-29,858804.4133442865,1.1273640619037906,0.9999986872865994,1,VALE3,0,0.0,0.0
2026-01-30,828445.1243657098,1.1273640619037906,0.9999986391807631,1,VALE3,0,0.0,0.0
2026-02-02,835612.4183458444,21.260684406384826,0.9999745567634711,1,PETR4,2,1.9949830431060898,0.0
2026-02-03,843241.3417696115,21.260684406384826,0.9999747869520228,1,PETR4,0,0.0,0.0
2026-02-04,841895.0309557077,21.260684406384826,0.9999747466327455,1,PETR4,0,0.0,0.0
2026-02-05,830227.2606844064,21.260684406384826,0.9999743917293334,1,PETR4,0,0.0,0.0
2026-02-06,822373.9949220773,21.260684406384826,0.9999741471829877,1,PETR4,0,0.0,0.0
2026-02-09,837407.4138368722,21.260684406384826,0.9999746113014345,1,PETR4,0,0.0,0.0
2026-02-10,838080.5264467355,21.260684406384826,0.9999746316926172,1,PETR4,0,0.0,0.0
2026-02-11,854460.3417696115,21.260684406384826,0.9999751179974458,1,PETR4,0,0.0,0.0
2026-02-12,832695.4543794747,21.260684406384826,0.9999744676348423,1,PETR4,0,0.0,0.0
2026-02-13,827759.066989338,21.260684406384826,0.9999743153711578,1,PETR4,0,0.0,0.0
2026-02-18,834490.4498705026,21.260684406384826,0.9999745225551596,1,PETR4,0,0.0,0.0
2026-02-19,848402.0714983102,21.260684406384826,0.9999749403200197,1,PETR4,0,0.0,0.0
2026-02-20,851992.1480745431,21.260684406384826,0.9999750459150892,1,PETR4,0,0.0,0.0
2026-02-23,865903.6841081735,21.260684406384826,0.9999754468253265,1,PETR4,0,0.0,0.0
2026-02-24,887892.9138368722,21.260684406384826,0.9999760549002306,1,PETR4,0,0.0,0.0
2026-02-25,887892.9138368722,21.260684406384826,0.9999760549002306,1,PETR4,0,0.0,0.0
2026-02-26,888790.4543794747,21.260684406384826,0.9999760790810684,1,PETR4,0,0.0,0.0
2026-02-27,882507.8417696115,21.260684406384826,0.9999759087869817,1,PETR4,0,0.0,0.0
2026-03-02,922896.224650776,21.260684406384826,0.9999769630822637,1,PETR4,0,0.0,0.0
2026-03-03,918857.3778032418,21.260684406384826,0.9999768618232601,1,PETR4,0,0.0,0.0
2026-03-04,908760.2606844064,21.260684406384826,0.9999766047379862,1,PETR4,0,0.0,0.0
2026-03-05,913023.4498705026,21.260684406384826,0.9999767139777085,1,PETR4,0,0.0,0.0
2026-03-06,946007.3372606393,21.260684406384826,0.9999775258778987,1,PETR4,0,0.0,0.0
2026-03-09,968445.3372606393,21.260684406384826,0.9999780465829218,1,PETR4,0,0.0,0.0
2026-03-10,963284.6075319406,21.260684406384826,0.9999779289690294,1,PETR4,0,0.0,0.0
2026-03-11,1005243.6435655709,21.260684406384826,0.9999788502175144,1,PETR4,0,0.0,0.0
2026-03-12,1009731.2606844064,21.260684406384826,0.9999789442149271,1,PETR4,0,0.0,0.0
2026-03-13,1002326.6795992013,21.260684406384826,0.9999787886675681,1,PETR4,0,0.0,0.0
2026-03-16,1029027.9543794747,21.260684406384826,0.9999793390604056,1,PETR4,0,0.0,0.0
2026-03-17,1040695.724650776,21.260684406384826,0.9999795707007314,1,PETR4,0,0.0,0.0
2026-03-18,1054607.2606844064,21.260684406384826,0.9999798401877182,1,PETR4,0,0.0,0.0
2026-03-19,1049670.8732942697,21.260684406384826,0.999979745380245,1,PETR4,0,0.0,0.0
2026-03-20,1024764.6795992013,21.260684406384826,0.9999792531057816,1,PETR4,0,0.0,0.0
2026-03-23,1032842.3732942697,21.260684406384826,0.9999794153638967,1,PETR4,0,0.0,0.0
2026-03-24,1060665.5309557077,21.260684406384826,0.9999799553357906,1,PETR4,0,0.0,0.0
2026-03-25,1065826.2606844064,21.260684406384826,0.9999800523920355,1,PETR4,0,0.0,0.0
2026-03-26,1077494.0309557077,21.260684406384826,0.9999802683970439,1,PETR4,0,0.0,0.0
2026-03-27,1108682.8372606393,21.260684406384826,0.9999808234747649,1,PETR4,0,0.0,0.0
2026-03-30,1114516.6795992013,21.260684406384826,0.9999809238526479,1,PETR4,0,0.0,0.0
2026-03-31,1092078.6795992013,21.260684406384826,0.999980531911479,1,PETR4,0,0.0,0.0
2026-04-01,1062909.2967180368,21.260684406384826,0.9999799976494024,1,PETR4,0,0.0,0.0
2026-04-02,1080410.9949220773,21.260684406384826,0.9999803216697106,1,PETR4,0,0.0,0.0
2026-04-06,1098136.9498705026,21.260684406384826,0.9999806393142414,1,PETR4,0,0.0,0.0
2026-04-07,1088488.6030229684,21.260684406384826,0.9999804677014097,1,PETR4,0,0.0,0.0
2026-04-08,1045856.4543794747,21.260684406384826,0.9999796715081526,1,PETR4,0,0.0,0.0
2026-04-09,1074801.4949220773,21.260684406384826,0.9999802189664726,1,PETR4,0,0.0,0.0
2026-04-10,1100156.3732942697,21.260684406384826,0.9999806748523006,1,PETR4,0,0.0,0.0
2026-04-13,1116984.8732942697,21.260684406384826,0.9999809660050779,1,PETR4,0,0.0,0.0
2026-04-14,1074352.724650776,21.260684406384826,0.9999802107036929,1,PETR4,0,0.0,0.0
2026-04-15,1052139.066989338,21.260684406384826,0.9999797928951852,1,PETR4,0,0.0,0.0
2026-04-16,1090059.3417696115,21.260684406384826,0.9999804958467932,1,PETR4,0,0.0,0.0
2026-04-17,1037105.6480745431,21.260684406384826,0.9999794999820454,1,PETR4,0,0.0,0.0
2026-04-20,1055056.0309557077,21.260684406384826,0.9999798487627362,1,PETR4,0,0.0,0.0
2026-04-22,1069640.6795992013,21.260684406384826,0.9999801235267021,1,PETR4,0,0.0,0.0
2026-04-23,1086763.2360697077,14899.965798406385,0.9862895934423653,1,PETR4,0,0.0,14878.705114
2026-04-24,1073076.0423746393,14899.965798406385,0.9861147158169389,1,PETR4,0,0.0,0.0
2026-04-27,1077788.0018320368,14899.965798406385,0.9861754206086176,1,PETR4,0,0.0,0.0
2026-04-28,1081153.7360697077,14899.965798406385,0.986218457836929,1,PETR4,0,0.0,0.0
2026-04-29,1113464.4252558039,14899.965798406385,0.9866183728366684,1,PETR4,0,0.0,0.0
2026-04-30,1116157.0468836115,14899.965798406385,0.9866506547264042,1,PETR4,0,0.0,0.0
2026-05-04,1107053.8901291979,15.530702699441463,0.9999859711412082,1,GGBR3,2,1.9817400681408432,0.0
2026-05-05,1152989.0463219774,15.530702699441463,0.9999865300518257,1,GGBR3,0,0.0,0.0
2026-05-06,1190311.3744183672,15.530702699441463,0.9999869524033516,1,GGBR3,0,0.0,0.0
2026-05-07,1172511.5150834215,15.530702699441463,0.9999867543282095,1,GGBR3,0,0.0,0.0
2026-05-08,1193756.593271364,15.530702699441463,0.9999869900591235,1,GGBR3,0,0.0,0.0
2026-05-11,1179401.843271364,15.530702699441463,0.9999868317123735,1,GGBR3,0,0.0,0.0
2026-05-12,1157008.3587990892,15.530702699441463,0.9999865768448591,1,GGBR3,0,0.0,0.0
2026-05-13,1157582.5619412553,15.530702699441463,0.9999865835032333,1,GGBR3,0,0.0,0.0
2026-05-14,1176530.810037645,10350.950702699442,0.9912021422521283,1,GGBR3,0,0.0,10335.42
2026-05-15,1139782.6850834214,10350.950702699442,0.9909184874992711,1,GGBR3,0,0.0,0.0
2026-05-18,1159879.3569870316,10350.950702699442,0.9910758384996284,1,GGBR3,0,0.0,0.0
2026-05-19,1150118.1226063096,10350.950702699442,0.9910000977297507,1,GGBR3,0,0.0,0.0
2026-05-20,1163324.4663219773,10350.950702699442,0.9911022668203434,1,GGBR3,0,0.0,0.0
2026-05-21,1171937.294418367,10350.950702699442,0.9911676582424689,1,GGBR3,0,0.0,0.0
2026-05-22,1181124.325656923,10350.950702699442,0.9912363580379717,1,GGBR3,0,0.0,0.0
2026-05-25,1183421.1382255876,10350.950702699442,0.9912533667277403,1,GGBR3,0,0.0,0.0
2026-05-26,1161601.856895479,10350.950702699442,0.9910890718353674,1,GGBR3,0,0.0,0.0
2026-05-27,1183421.1382255876,10350.950702699442,0.9912533667277403,1,GGBR3,0,0.0,0.0
2026-05-28,1169640.5913677537,10350.950702699442,0.9911503150804682,1,GGBR3,0,0.0,0.0
2026-05-29,1113369.8881340348,10350.950702699442,0.9907030441428166,1,GGBR3,0,0.0,0.0
2026-06-01,1098525.2187851106,19.487065139925107,0.99998226070298,1,BBSE3,2,1.9857425097509693,0.0
2026-06-02,1101661.1905601656,19.487065139925107,0.9999823111993897,1,BBSE3,0,0.0,0.0
2026-06-03,1098838.875775162,19.487065139925107,0.9999822657665564,1,BBSE3,0,0.0,0.0
2026-06-05,1109814.4779251253,19.487065139925107,0.9999824411507261,1,BBSE3,0,0.0,0.0
2026-06-08,1124866.7835701143,19.487065139925107,0.9999826761129188,1,BBSE3,0,0.0,0.0
2026-06-09,1136783.23706514,19.487065139925107,0.9999828577124429,1,BBSE3,0,0.0,0.0
2026-06-10,1148699.6905601656,19.487065139925107,0.9999830355441897,1,BBSE3,0,0.0,0.0
2026-06-11,1185389.6631401216,19.487065139925107,0.9999835606250452,1,BBSE3,0,0.0,0.0
2026-06-12,1187584.7835701143,19.487065139925107,0.9999835910114296,1,BBSE3,0,0.0,0.0
2026-06-15,1184762.4687851106,19.487065139925107,0.9999835519223023,1,BBSE3,0,0.0,0.0
2026-06-16,1197619.654000107,19.487065139925107,0.9999837285025552,1,BBSE3,0,0.0,0.0
2026-06-17,1232428.1631401216,19.487065139925107,0.9999841880721954,1,BBSE3,0,0.0,0.0
2026-06-18,1236818.404000107,19.487065139925107,0.9999842441986011,1,BBSE3,0,0.0,0.0
2026-06-19,1219884.6349151765,19.487065139925107,0.9999840254852121,1,BBSE3,0,0.0,0.0
2026-06-22,1211417.6905601656,19.487065139925107,0.9999839138347641,1,BBSE3,0,0.0,0.0
2026-06-23,1200128.431420151,19.487065139925107,0.9999837625168859,1,BBSE3,0,0.0,0.0
2026-06-24,1212985.6166351472,19.487065139925107,0.9999839346280182,1,BBSE3,0,0.0,0.0
2026-06-25,1218943.7835701143,19.487065139925107,0.9999840131551573,1,BBSE3,0,0.0,0.0
2026-06-26,1228351.459645096,19.487065139925107,0.9999841355949172,1,BBSE3,0,0.0,0.0
2026-06-29,1233369.0144851839,19.487065139925107,0.9999842001340142,1,BBSE3,0,0.0,0.0
2026-06-30,1228351.459645096,19.487065139925107,0.9999841355949172,1,BBSE3,0,0.0,0.0
2026-07-01,1195738.1905601656,19.487065139925107,0.9999837028997703,1,BBSE3,0,0.0,0.0
2026-07-02,1212671.959645096,19.487065139925107,0.9999839304727177,1,BBSE3,0,0.0,0.0
2026-07-03,1212044.8849151765,19.487065139925107,0.9999839221588388,1,BBSE3,0,0.0,0.0
2026-07-06,1213926.348355118,19.487065139925107,0.9999839470778714,1,BBSE3,0,0.0,0.0
2026-07-07,1208908.9131401216,19.487065139925107,0.9999838804520935,1,BBSE3,0,0.0,0.0
2026-07-08,1215180.73706514,19.487065139925107,0.9999839636487433,1,BBSE3,0,0.0,0.0
2026-07-09,1231800.9687851106,19.487065139925107,0.9999841800212586,1,BBSE3,0,0.0,0.0
2026-07-10,1265355.0892151033,19.487065139925107,0.9999845995283806,1,BBSE3,0,0.0,0.0
2026-07-13,1263159.9687851106,19.487065139925107,0.9999845727654284,1,BBSE3,0,0.0,0.0
2026-07-14,1266609.4779251253,19.487065139925107,0.9999846147802621,1,BBSE3,0,0.0,0.0
2026-07-15,1276644.348355118,19.487065139925107,0.9999847357134624,1,BBSE3,0,0.0,0.0
2026-07-16,1291383.1166351472,19.487065139925107,0.9999849099272796,1,BBSE3,0,0.0,0.0
2026-07-17,1289501.5335701143,19.487065139925107,0.9999848879085192,1,BBSE3,0,0.0,0.0
