date,ticker,source_symbol,open,high,low,close,adj_close,volume,raw_open,raw_high,raw_low,raw_close,adjustment_factor,source_high,source_low,ohlc_repaired
2025-01-02 10:00:00,CSMG3,CSMG3.SA,20.411435069267018,20.969999313354492,20.059999465942383,20.59999942779541,20.59999942779541,1113800,20.411435069267018,20.969999313354492,20.059999465942383,20.59999942779541,1.0,20.969999313354492,20.059999465942383,0
2025-01-02 14:00:00,CSMG3,CSMG3.SA,20.505717248531212,20.6200008392334,20.3799991607666,20.512500286102295,20.512500286102295,917800,20.505717248531212,20.6200008392334,20.3799991607666,20.512500286102295,1.0,20.6200008392334,20.3799991607666,0
2025-01-03 10:00:00,CSMG3,CSMG3.SA,20.509108767316754,21.020000457763672,20.420000076293945,20.71000051498413,20.71000051498413,845100,20.509108767316754,21.020000457763672,20.420000076293945,20.71000051498413,1.0,21.020000457763672,20.420000076293945,0
2025-01-03 14:00:00,CSMG3,CSMG3.SA,20.609554641150442,21.010000228881836,20.609554641150442,20.917500019073486,20.917500019073486,956200,20.609554641150442,21.010000228881836,20.609554641150442,20.917500019073486,1.0,21.010000228881836,20.609554641150442,0
2025-01-06 10:00:00,CSMG3,CSMG3.SA,20.763527330111962,21.239999771118164,20.719999313354492,20.989999771118164,20.989999771118164,563200,20.763527330111962,21.239999771118164,20.719999313354492,20.989999771118164,1.0,21.239999771118164,20.719999313354492,0
2025-01-06 14:00:00,CSMG3,CSMG3.SA,20.876763550615063,20.959999084472656,20.739999771118164,20.84999942779541,20.84999942779541,428000,20.876763550615063,20.959999084472656,20.739999771118164,20.84999942779541,1.0,20.959999084472656,20.739999771118164,0
2025-01-07 10:00:00,CSMG3,CSMG3.SA,20.86338148920524,21.15999984741211,20.700000762939453,20.90250015258789,20.90250015258789,762600,20.86338148920524,21.15999984741211,20.700000762939453,20.90250015258789,1.0,21.15999984741211,20.700000762939453,0
2025-01-07 14:00:00,CSMG3,CSMG3.SA,20.882940820896565,20.979999542236328,20.770000457763672,20.887499809265137,20.887499809265137,572600,20.882940820896565,20.979999542236328,20.770000457763672,20.887499809265137,1.0,20.979999542236328,20.770000457763672,0
2025-01-08 10:00:00,CSMG3,CSMG3.SA,20.88522031508085,21.889999389648438,20.649999618530273,21.137499809265137,21.137499809265137,2023900,20.88522031508085,21.889999389648438,20.649999618530273,21.137499809265137,1.0,21.889999389648438,20.649999618530273,0
2025-01-08 14:00:00,CSMG3,CSMG3.SA,21.011360062172994,21.610000610351562,21.011360062172994,21.410000324249268,21.410000324249268,2367500,21.011360062172994,21.610000610351562,21.011360062172994,21.410000324249268,1.0,21.610000610351562,21.011360062172994,0
2025-01-09 10:00:00,CSMG3,CSMG3.SA,21.210680193211132,21.889999389648438,21.210680193211132,21.6875,21.6875,591200,21.210680193211132,21.889999389648438,21.210680193211132,21.6875,1.0,21.889999389648438,21.210680193211132,0
2025-01-09 14:00:00,CSMG3,CSMG3.SA,21.449090096605566,21.829999923706055,21.449090096605566,21.772500038146973,21.772500038146973,362700,21.449090096605566,21.829999923706055,21.449090096605566,21.772500038146973,1.0,21.829999923706055,21.449090096605566,0
2025-01-10 10:00:00,CSMG3,CSMG3.SA,21.61079506737627,22.020000457763672,21.5,21.740000247955322,21.740000247955322,561500,21.61079506737627,22.020000457763672,21.5,21.740000247955322,1.0,22.020000457763672,21.5,0
2025-01-10 14:00:00,CSMG3,CSMG3.SA,21.675397657665798,21.809999465942383,21.5,21.62249994277954,21.62249994277954,377400,21.675397657665798,21.809999465942383,21.5,21.62249994277954,1.0,21.809999465942383,21.5,0
2025-01-13 10:00:00,CSMG3,CSMG3.SA,21.64894880022267,21.709999084472656,21.200000762939453,21.550000190734863,21.550000190734863,872700,21.64894880022267,21.709999084472656,21.200000762939453,21.550000190734863,1.0,21.709999084472656,21.200000762939453,0
2025-01-13 14:00:00,CSMG3,CSMG3.SA,21.599474495478766,21.790000915527344,21.579999923706055,21.704999923706055,21.704999923706055,870700,21.599474495478766,21.790000915527344,21.579999923706055,21.704999923706055,1.0,21.790000915527344,21.579999923706055,0
2025-01-14 10:00:00,CSMG3,CSMG3.SA,21.65223720959241,21.889999389648438,21.389999389648438,21.634999752044678,21.634999752044678,797300,21.65223720959241,21.889999389648438,21.389999389648438,21.634999752044678,1.0,21.889999389648438,21.389999389648438,0
2025-01-14 14:00:00,CSMG3,CSMG3.SA,21.643618480818546,21.643618480818546,21.309999465942383,21.389999866485596,21.389999866485596,672300,21.643618480818546,21.643618480818546,21.309999465942383,21.389999866485596,1.0,21.643618480818546,21.309999465942383,0
2025-01-15 10:00:00,CSMG3,CSMG3.SA,21.51680917365207,21.6200008392334,21.09000015258789,21.332499980926514,21.332499980926514,893500,21.51680917365207,21.6200008392334,21.09000015258789,21.332499980926514,1.0,21.6200008392334,21.09000015258789,0
2025-01-15 14:00:00,CSMG3,CSMG3.SA,21.424654577289292,21.424654577289292,21.09000015258789,21.239999771118164,21.239999771118164,642800,21.424654577289292,21.424654577289292,21.09000015258789,21.239999771118164,1.0,21.424654577289292,21.09000015258789,0
2025-01-16 10:00:00,CSMG3,CSMG3.SA,21.332327174203726,21.59000015258789,21.229999542236328,21.389999866485596,21.389999866485596,412200,21.332327174203726,21.59000015258789,21.229999542236328,21.389999866485596,1.0,21.59000015258789,21.229999542236328,0
2025-01-16 14:00:00,CSMG3,CSMG3.SA,21.36116352034466,21.719999313354492,21.25,21.462499618530273,21.462499618530273,454600,21.36116352034466,21.719999313354492,21.25,21.462499618530273,1.0,21.719999313354492,21.25,0
2025-01-17 10:00:00,CSMG3,CSMG3.SA,21.411831569437467,21.799999237060547,21.350000381469727,21.632500171661377,21.632500171661377,743100,21.411831569437467,21.799999237060547,21.350000381469727,21.632500171661377,1.0,21.799999237060547,21.350000381469727,0
2025-01-17 14:00:00,CSMG3,CSMG3.SA,21.522165870549422,21.899999618530273,21.522165870549422,21.732500076293945,21.732500076293945,628400,21.522165870549422,21.899999618530273,21.522165870549422,21.732500076293945,1.0,21.899999618530273,21.522165870549422,0
2025-01-20 10:00:00,CSMG3,CSMG3.SA,21.627332973421684,21.93000030517578,21.627332973421684,21.764999866485596,21.764999866485596,240800,21.627332973421684,21.93000030517578,21.627332973421684,21.764999866485596,1.0,21.93000030517578,21.627332973421684,0
2025-01-20 14:00:00,CSMG3,CSMG3.SA,21.69616641995364,21.829999923706055,21.600000381469727,21.727499961853027,21.727499961853027,210800,21.69616641995364,21.829999923706055,21.600000381469727,21.727499961853027,1.0,21.829999923706055,21.600000381469727,0
2025-01-21 10:00:00,CSMG3,CSMG3.SA,21.711833190903334,21.989999771118164,21.5,21.8149995803833,21.8149995803833,331400,21.711833190903334,21.989999771118164,21.5,21.8149995803833,1.0,21.989999771118164,21.5,0
2025-01-21 14:00:00,CSMG3,CSMG3.SA,21.763416385643318,22.139999389648438,21.763416385643318,21.96999979019165,21.96999979019165,339700,21.763416385643318,22.139999389648438,21.763416385643318,21.96999979019165,1.0,22.139999389648438,21.763416385643318,0
2025-01-22 10:00:00,CSMG3,CSMG3.SA,21.866708087917484,22.200000762939453,21.790000915527344,22.002500534057617,22.002500534057617,562000,21.866708087917484,22.200000762939453,21.790000915527344,22.002500534057617,1.0,22.200000762939453,21.790000915527344,0
2025-01-22 14:00:00,CSMG3,CSMG3.SA,21.934604310987552,22.260000228881836,21.934604310987552,22.102499961853027,22.102499961853027,435700,21.934604310987552,22.260000228881836,21.934604310987552,22.102499961853027,1.0,22.260000228881836,21.934604310987552,0
2025-01-23 10:00:00,CSMG3,CSMG3.SA,22.01855213642029,22.01855213642029,21.469999313354492,21.69249963760376,21.69249963760376,539700,22.01855213642029,22.01855213642029,21.469999313354492,21.69249963760376,1.0,22.01855213642029,21.469999313354492,0
2025-01-23 14:00:00,CSMG3,CSMG3.SA,21.855525887012025,21.855525887012025,21.399999618530273,21.549999713897705,21.549999713897705,507100,21.855525887012025,21.855525887012025,21.399999618530273,21.549999713897705,1.0,21.855525887012025,21.399999618530273,0
2025-01-24 10:00:00,CSMG3,CSMG3.SA,21.702762800454863,21.702762800454863,21.43000030517578,21.55750036239624,21.55750036239624,316300,21.702762800454863,21.702762800454863,21.43000030517578,21.55750036239624,1.0,21.702762800454863,21.43000030517578,0
2025-01-24 14:00:00,CSMG3,CSMG3.SA,21.63013158142555,21.63013158142555,21.260000228881836,21.362500190734863,21.362500190734863,331000,21.63013158142555,21.63013158142555,21.260000228881836,21.362500190734863,1.0,21.63013158142555,21.260000228881836,0
2025-01-27 10:00:00,CSMG3,CSMG3.SA,21.496315886080207,21.8799991607666,21.329999923706055,21.642499923706055,21.642499923706055,329600,21.496315886080207,21.8799991607666,21.329999923706055,21.642499923706055,1.0,21.8799991607666,21.329999923706055,0
2025-01-27 14:00:00,CSMG3,CSMG3.SA,21.569407904893133,22.030000686645508,21.569407904893133,21.922500133514404,21.922500133514404,383100,21.569407904893133,22.030000686645508,21.569407904893133,21.922500133514404,1.0,22.030000686645508,21.569407904893133,0
2025-01-28 10:00:00,CSMG3,CSMG3.SA,21.74595401920377,22.049999237060547,21.739999771118164,21.889999866485596,21.889999866485596,226700,21.74595401920377,22.049999237060547,21.739999771118164,21.889999866485596,1.0,22.049999237060547,21.739999771118164,0
2025-01-28 14:00:00,CSMG3,CSMG3.SA,21.81797694284468,22.239999771118164,21.770000457763672,21.980000019073486,21.980000019073486,488300,21.81797694284468,22.239999771118164,21.770000457763672,21.980000019073486,1.0,22.239999771118164,21.770000457763672,0
2025-01-29 10:00:00,CSMG3,CSMG3.SA,21.898988480959083,22.219999313354492,21.898988480959083,22.13749933242798,22.13749933242798,373500,21.898988480959083,22.219999313354492,21.898988480959083,22.13749933242798,1.0,22.219999313354492,21.898988480959083,0
2025-01-29 14:00:00,CSMG3,CSMG3.SA,22.01824390669353,22.219999313354492,22.01824390669353,22.147499561309814,22.147499561309814,355900,22.01824390669353,22.219999313354492,22.01824390669353,22.147499561309814,1.0,22.219999313354492,22.01824390669353,0
2025-01-30 10:00:00,CSMG3,CSMG3.SA,22.08287173400167,22.5,22.08287173400167,22.289999961853027,22.289999961853027,430800,22.08287173400167,22.5,22.08287173400167,22.289999961853027,1.0,22.5,22.08287173400167,0
2025-01-30 14:00:00,CSMG3,CSMG3.SA,22.18643584792735,22.610000610351562,22.18643584792735,22.414999961853027,22.414999961853027,559400,22.18643584792735,22.610000610351562,22.18643584792735,22.414999961853027,1.0,22.610000610351562,22.18643584792735,0
2025-01-31 10:00:00,CSMG3,CSMG3.SA,22.30071790489019,22.59000015258789,22.200000762939453,22.365000247955322,22.365000247955322,567800,22.30071790489019,22.59000015258789,22.200000762939453,22.365000247955322,1.0,22.59000015258789,22.200000762939453,0
2025-01-31 14:00:00,CSMG3,CSMG3.SA,22.332859076422757,22.34000015258789,22.18000030517578,22.242499828338623,22.242499828338623,587800,22.332859076422757,22.34000015258789,22.18000030517578,22.242499828338623,1.0,22.34000015258789,22.18000030517578,0
2025-02-03 10:00:00,CSMG3,CSMG3.SA,22.28767945238069,22.549999237060547,22.020000457763672,22.325000286102295,22.325000286102295,333900,22.28767945238069,22.549999237060547,22.020000457763672,22.325000286102295,1.0,22.549999237060547,22.020000457763672,0
2025-02-03 14:00:00,CSMG3,CSMG3.SA,22.30633986924149,22.56999969482422,22.30633986924149,22.53250026702881,22.53250026702881,243300,22.30633986924149,22.56999969482422,22.30633986924149,22.53250026702881,1.0,22.56999969482422,22.30633986924149,0
2025-02-04 10:00:00,CSMG3,CSMG3.SA,22.41942006813515,22.969999313354492,22.41942006813515,22.699999809265137,22.699999809265137,432100,22.41942006813515,22.969999313354492,22.41942006813515,22.699999809265137,1.0,22.969999313354492,22.41942006813515,0
2025-02-04 14:00:00,CSMG3,CSMG3.SA,22.559709938700145,22.739999771118164,22.559709938700145,22.679999828338623,22.679999828338623,275100,22.559709938700145,22.739999771118164,22.559709938700145,22.679999828338623,1.0,22.739999771118164,22.559709938700145,0
2025-02-05 10:00:00,CSMG3,CSMG3.SA,22.619854883519384,22.829999923706055,22.56999969482422,22.71500015258789,22.71500015258789,420400,22.619854883519384,22.829999923706055,22.56999969482422,22.71500015258789,1.0,22.829999923706055,22.56999969482422,0
2025-02-05 14:00:00,CSMG3,CSMG3.SA,22.667427518053636,23.149999618530273,22.667427518053636,22.947500228881836,22.947500228881836,451000,22.667427518053636,23.149999618530273,22.667427518053636,22.947500228881836,1.0,23.149999618530273,22.667427518053636,0
2025-02-06 10:00:00,CSMG3,CSMG3.SA,22.807463873467736,23.139999389648438,22.739999771118164,22.982499599456787,22.982499599456787,921400,22.807463873467736,23.139999389648438,22.739999771118164,22.982499599456787,1.0,23.139999389648438,22.739999771118164,0
2025-02-06 14:00:00,CSMG3,CSMG3.SA,22.894981736462263,22.989999771118164,22.809999465942383,22.90749979019165,22.90749979019165,347900,22.894981736462263,22.989999771118164,22.809999465942383,22.90749979019165,1.0,22.989999771118164,22.809999465942383,0
2025-02-07 10:00:00,CSMG3,CSMG3.SA,22.901240763326957,23.450000762939453,22.901240763326957,23.22000026702881,23.22000026702881,546000,22.901240763326957,23.450000762939453,22.901240763326957,23.22000026702881,1.0,23.450000762939453,22.901240763326957,0
2025-02-07 14:00:00,CSMG3,CSMG3.SA,23.06062051517788,23.649999618530273,23.06062051517788,23.429999351501465,23.429999351501465,482700,23.06062051517788,23.649999618530273,23.06062051517788,23.429999351501465,1.0,23.649999618530273,23.06062051517788,0
2025-02-10 10:00:00,CSMG3,CSMG3.SA,23.245309933339673,24.06999969482422,23.245309933339673,23.65499973297119,23.65499973297119,641500,23.245309933339673,24.06999969482422,23.245309933339673,23.65499973297119,1.0,24.06999969482422,23.245309933339673,0
2025-02-10 14:00:00,CSMG3,CSMG3.SA,23.45015483315543,23.940000534057617,23.45015483315543,23.855000495910645,23.855000495910645,429900,23.45015483315543,23.940000534057617,23.45015483315543,23.855000495910645,1.0,23.940000534057617,23.45015483315543,0
2025-02-11 10:00:00,CSMG3,CSMG3.SA,23.652577664533037,24.459999084472656,23.652577664533037,24.09249973297119,24.09249973297119,590500,23.652577664533037,24.459999084472656,23.652577664533037,24.09249973297119,1.0,24.459999084472656,23.652577664533037,0
2025-02-11 14:00:00,CSMG3,CSMG3.SA,23.872538698752116,24.329999923706055,23.872538698752116,24.179999828338623,24.179999828338623,365800,23.872538698752116,24.329999923706055,23.872538698752116,24.179999828338623,1.0,24.329999923706055,23.872538698752116,0
2025-02-12 10:00:00,CSMG3,CSMG3.SA,24.02626926354537,24.25,23.670000076293945,24.009999752044678,24.009999752044678,718700,24.02626926354537,24.25,23.670000076293945,24.009999752044678,1.0,24.25,23.670000076293945,0
2025-02-12 14:00:00,CSMG3,CSMG3.SA,24.018134507795025,24.018134507795025,23.56999969482422,23.822500228881836,23.822500228881836,513500,24.018134507795025,24.018134507795025,23.56999969482422,23.822500228881836,1.0,24.018134507795025,23.56999969482422,0
2025-02-13 10:00:00,CSMG3,CSMG3.SA,23.92031736833843,23.92031736833843,23.43000030517578,23.710000038146973,23.710000038146973,626400,23.92031736833843,23.92031736833843,23.43000030517578,23.710000038146973,1.0,23.92031736833843,23.43000030517578,0
2025-02-13 14:00:00,CSMG3,CSMG3.SA,23.8151587032427,23.889999389648438,23.6299991607666,23.794999599456787,23.794999599456787,271600,23.8151587032427,23.889999389648438,23.6299991607666,23.794999599456787,1.0,23.889999389648438,23.6299991607666,0
2025-02-14 10:00:00,CSMG3,CSMG3.SA,23.805079151349744,24.40999984741211,23.805079151349744,24.16249990463257,24.16249990463257,504400,23.805079151349744,24.40999984741211,23.805079151349744,24.16249990463257,1.0,24.40999984741211,23.805079151349744,0
2025-02-14 14:00:00,CSMG3,CSMG3.SA,23.983789527991156,24.549999237060547,23.983789527991156,24.402499675750732,24.402499675750732,507900,23.983789527991156,24.549999237060547,23.983789527991156,24.402499675750732,1.0,24.549999237060547,23.983789527991156,0
2025-02-17 10:00:00,CSMG3,CSMG3.SA,24.193144601870944,24.649999618530273,24.193144601870944,24.489999771118164,24.489999771118164,257100,24.193144601870944,24.649999618530273,24.193144601870944,24.489999771118164,1.0,24.649999618530273,24.193144601870944,0
2025-02-17 14:00:00,CSMG3,CSMG3.SA,24.341572186494552,24.700000762939453,24.270000457763672,24.502500534057617,24.502500534057617,365200,24.341572186494552,24.700000762939453,24.270000457763672,24.502500534057617,1.0,24.700000762939453,24.270000457763672,0
2025-02-18 10:00:00,CSMG3,CSMG3.SA,24.422036360276085,24.670000076293945,23.829999923706055,24.232500076293945,24.232500076293945,395900,24.422036360276085,24.670000076293945,23.829999923706055,24.232500076293945,1.0,24.670000076293945,23.829999923706055,0
2025-02-18 14:00:00,CSMG3,CSMG3.SA,24.327268218285013,24.327268218285013,23.719999313354492,23.84999990463257,23.84999990463257,450900,24.327268218285013,24.327268218285013,23.719999313354492,23.84999990463257,1.0,24.327268218285013,23.719999313354492,0
2025-02-20 10:00:00,CSMG3,CSMG3.SA,24.08863406145879,24.08863406145879,22.40999984741211,22.697499752044678,22.697499752044678,528000,24.08863406145879,24.08863406145879,22.40999984741211,22.697499752044678,1.0,24.08863406145879,22.40999984741211,0
2025-02-20 14:00:00,CSMG3,CSMG3.SA,23.393066906751734,23.393066906751734,22.700000762939453,22.9325008392334,22.9325008392334,643100,23.393066906751734,23.393066906751734,22.700000762939453,22.9325008392334,1.0,23.393066906751734,22.700000762939453,0
2025-02-21 10:00:00,CSMG3,CSMG3.SA,23.162783872992566,23.309999465942383,22.829999923706055,23.03250026702881,23.03250026702881,305100,23.162783872992566,23.309999465942383,22.829999923706055,23.03250026702881,1.0,23.309999465942383,22.829999923706055,0
2025-02-21 14:00:00,CSMG3,CSMG3.SA,23.097642070010686,23.100000381469727,22.790000915527344,22.942500591278076,22.942500591278076,692000,23.097642070010686,23.100000381469727,22.790000915527344,22.942500591278076,1.0,23.100000381469727,22.790000915527344,0
2025-02-24 10:00:00,CSMG3,CSMG3.SA,23.02007133064438,23.299999237060547,22.799999237060547,23.084999561309814,23.084999561309814,224300,23.02007133064438,23.299999237060547,22.799999237060547,23.084999561309814,1.0,23.299999237060547,22.799999237060547,0
2025-02-24 14:00:00,CSMG3,CSMG3.SA,23.0525354459771,23.0525354459771,22.510000228881836,22.737500190734863,22.737500190734863,633700,23.0525354459771,23.0525354459771,22.510000228881836,22.737500190734863,1.0,23.0525354459771,22.510000228881836,0
2025-02-25 10:00:00,CSMG3,CSMG3.SA,22.89501781835598,22.89501781835598,22.399999618530273,22.572499752044678,22.572499752044678,194500,22.89501781835598,22.89501781835598,22.399999618530273,22.572499752044678,1.0,22.89501781835598,22.399999618530273,0
2025-02-25 14:00:00,CSMG3,CSMG3.SA,22.73375878520033,22.81999969482422,22.6299991607666,22.72749948501587,22.72749948501587,278700,22.73375878520033,22.81999969482422,22.6299991607666,22.72749948501587,1.0,22.81999969482422,22.6299991607666,0
2025-02-26 10:00:00,CSMG3,CSMG3.SA,22.7306291351081,22.90999984741211,22.3700008392334,22.71500015258789,22.71500015258789,329100,22.7306291351081,22.90999984741211,22.3700008392334,22.71500015258789,1.0,22.90999984741211,22.3700008392334,0
2025-02-26 14:00:00,CSMG3,CSMG3.SA,22.722814643847997,22.940000534057617,22.722814643847997,22.827500343322754,22.827500343322754,690200,22.722814643847997,22.940000534057617,22.722814643847997,22.827500343322754,1.0,22.940000534057617,22.722814643847997,0
2025-02-27 10:00:00,CSMG3,CSMG3.SA,22.775157493585375,22.989999771118164,22.540000915527344,22.765000343322754,22.765000343322754,344600,22.775157493585375,22.989999771118164,22.540000915527344,22.765000343322754,1.0,22.989999771118164,22.540000915527344,0
2025-02-27 14:00:00,CSMG3,CSMG3.SA,22.770078918454065,22.799999237060547,22.450000762939453,22.664999961853027,22.664999961853027,386200,22.770078918454065,22.799999237060547,22.450000762939453,22.664999961853027,1.0,22.799999237060547,22.450000762939453,0
2025-02-28 10:00:00,CSMG3,CSMG3.SA,22.717539440153544,23.229999542236328,22.610000610351562,22.960000038146973,22.960000038146973,445900,22.717539440153544,23.229999542236328,22.610000610351562,22.960000038146973,1.0,23.229999542236328,22.610000610351562,0
2025-02-28 14:00:00,CSMG3,CSMG3.SA,22.83876973915026,23.190000534057617,22.83876973915026,23.070000171661377,23.070000171661377,385700,22.83876973915026,23.190000534057617,22.83876973915026,23.070000171661377,1.0,23.190000534057617,22.83876973915026,0
2025-03-06 10:00:00,CSMG3,CSMG3.SA,22.954384955405818,22.954384955405818,21.959999084472656,22.380000114440918,22.380000114440918,391500,22.954384955405818,22.954384955405818,21.959999084472656,22.380000114440918,1.0,22.954384955405818,21.959999084472656,0
2025-03-06 14:00:00,CSMG3,CSMG3.SA,22.667192534923366,22.667192534923366,22.200000762939453,22.332499980926514,22.332499980926514,801500,22.667192534923366,22.667192534923366,22.200000762939453,22.332499980926514,1.0,22.667192534923366,22.200000762939453,0
2025-03-07 10:00:00,CSMG3,CSMG3.SA,22.49984625792494,22.670000076293945,22.059999465942383,22.477499961853027,22.477499961853027,450900,22.49984625792494,22.670000076293945,22.059999465942383,22.477499961853027,1.0,22.670000076293945,22.059999465942383,0
2025-03-07 14:00:00,CSMG3,CSMG3.SA,22.488673109888985,22.760000228881836,22.488673109888985,22.662500381469727,22.662500381469727,607200,22.488673109888985,22.760000228881836,22.488673109888985,22.662500381469727,1.0,22.760000228881836,22.488673109888985,0
2025-03-10 10:00:00,CSMG3,CSMG3.SA,22.575586745679356,22.969999313354492,22.479999542236328,22.8149995803833,22.8149995803833,366200,22.575586745679356,22.969999313354492,22.479999542236328,22.8149995803833,1.0,22.969999313354492,22.479999542236328,0
2025-03-10 14:00:00,CSMG3,CSMG3.SA,22.69529316303133,22.940000534057617,22.610000610351562,22.795000076293945,22.795000076293945,529000,22.69529316303133,22.940000534057617,22.610000610351562,22.795000076293945,1.0,22.940000534057617,22.610000610351562,0
2025-03-11 10:00:00,CSMG3,CSMG3.SA,22.745146619662638,22.850000381469727,22.229999542236328,22.570000171661377,22.570000171661377,233500,22.745146619662638,22.850000381469727,22.229999542236328,22.570000171661377,1.0,22.850000381469727,22.229999542236328,0
2025-03-11 14:00:00,CSMG3,CSMG3.SA,22.657573395662006,22.770000457763672,22.3700008392334,22.55750036239624,22.55750036239624,440300,22.657573395662006,22.770000457763672,22.3700008392334,22.55750036239624,1.0,22.770000457763672,22.3700008392334,0
2025-03-12 10:00:00,CSMG3,CSMG3.SA,22.607536879029123,22.799999237060547,22.5,22.670000076293945,22.670000076293945,180700,22.607536879029123,22.799999237060547,22.5,22.670000076293945,1.0,22.799999237060547,22.5,0
2025-03-12 14:00:00,CSMG3,CSMG3.SA,22.638768477661536,22.780000686645508,22.59000015258789,22.725000381469727,22.725000381469727,394200,22.638768477661536,22.780000686645508,22.59000015258789,22.725000381469727,1.0,22.780000686645508,22.59000015258789,0
2025-03-13 10:00:00,CSMG3,CSMG3.SA,22.68188442956563,23.200000762939453,22.440000534057617,22.875000476837158,22.875000476837158,240900,22.68188442956563,23.200000762939453,22.440000534057617,22.875000476837158,1.0,23.200000762939453,22.440000534057617,0
2025-03-13 14:00:00,CSMG3,CSMG3.SA,22.778442453201393,23.1200008392334,22.778442453201393,22.994999885559082,22.994999885559082,298500,22.778442453201393,23.1200008392334,22.778442453201393,22.994999885559082,1.0,23.1200008392334,22.778442453201393,0
2025-03-14 10:00:00,CSMG3,CSMG3.SA,22.886721169380237,23.440000534057617,22.886721169380237,23.257500171661377,23.257500171661377,261600,22.886721169380237,23.440000534057617,22.886721169380237,23.257500171661377,1.0,23.440000534057617,22.886721169380237,0
2025-03-14 14:00:00,CSMG3,CSMG3.SA,23.072110670520807,24.399999618530273,23.072110670520807,23.832499980926514,23.832499980926514,2276800,23.072110670520807,24.399999618530273,23.072110670520807,23.832499980926514,1.0,24.399999618530273,23.072110670520807,0
2025-03-17 10:00:00,CSMG3,CSMG3.SA,23.45230532572366,24.190000534057617,23.45230532572366,23.972500324249268,23.972500324249268,312000,23.45230532572366,24.190000534057617,23.45230532572366,23.972500324249268,1.0,24.190000534057617,23.45230532572366,0
2025-03-17 14:00:00,CSMG3,CSMG3.SA,23.712402824986462,24.15999984741211,23.712402824986462,23.949999809265137,23.949999809265137,435000,23.712402824986462,24.15999984741211,23.712402824986462,23.949999809265137,1.0,24.15999984741211,23.712402824986462,0
2025-03-18 10:00:00,CSMG3,CSMG3.SA,23.8312013171258,23.8700008392334,23.520000457763672,23.720000743865967,23.720000743865967,196800,23.8312013171258,23.8700008392334,23.520000457763672,23.720000743865967,1.0,23.8700008392334,23.520000457763672,0
2025-03-18 14:00:00,CSMG3,CSMG3.SA,23.775601030495885,23.899999618530273,23.610000610351562,23.755000114440918,23.755000114440918,303300,23.775601030495885,23.899999618530273,23.610000610351562,23.755000114440918,1.0,23.899999618530273,23.610000610351562,0
2025-03-19 10:00:00,CSMG3,CSMG3.SA,23.7653005724684,24.0,23.579999923706055,23.864999771118164,23.864999771118164,615500,23.7653005724684,24.0,23.579999923706055,23.864999771118164,1.0,24.0,23.579999923706055,0
2025-03-19 14:00:00,CSMG3,CSMG3.SA,23.815150171793285,24.0,23.815150171793285,23.919999599456787,23.919999599456787,348200,23.815150171793285,24.0,23.815150171793285,23.919999599456787,1.0,24.0,23.815150171793285,0
2025-03-20 10:00:00,CSMG3,CSMG3.SA,23.867574885625036,24.329999923706055,23.867574885625036,24.179999828338623,24.179999828338623,338200,23.867574885625036,24.329999923706055,23.867574885625036,24.179999828338623,1.0,24.329999923706055,23.867574885625036,0
2025-03-20 14:00:00,CSMG3,CSMG3.SA,24.023787356981828,24.280000686645508,23.850000381469727,24.145000457763672,24.145000457763672,481200,24.023787356981828,24.280000686645508,23.850000381469727,24.145000457763672,1.0,24.280000686645508,23.850000381469727,0
2025-03-21 10:00:00,CSMG3,CSMG3.SA,24.08439390737275,24.450000762939453,23.420000076293945,23.975000381469727,23.975000381469727,852000,24.08439390737275,24.450000762939453,23.420000076293945,23.975000381469727,1.0,24.450000762939453,23.420000076293945,0
2025-03-21 14:00:00,CSMG3,CSMG3.SA,24.029697144421238,24.029697144421238,23.670000076293945,23.770000457763672,23.770000457763672,385200,24.029697144421238,24.029697144421238,23.670000076293945,23.770000457763672,1.0,24.029697144421238,23.670000076293945,0
2025-03-24 10:00:00,CSMG3,CSMG3.SA,23.899848801092453,24.09000015258789,23.700000762939453,23.875,23.875,311600,23.899848801092453,24.09000015258789,23.700000762939453,23.875,1.0,24.09000015258789,23.700000762939453,0
2025-03-24 14:00:00,CSMG3,CSMG3.SA,23.887424400546227,23.887424400546227,23.309999465942383,23.604999542236328,23.604999542236328,620400,23.887424400546227,23.887424400546227,23.309999465942383,23.604999542236328,1.0,23.887424400546227,23.309999465942383,0
2025-03-25 10:00:00,CSMG3,CSMG3.SA,23.746211971391276,23.746211971391276,21.510000228881836,21.987500190734863,21.987500190734863,2755200,23.746211971391276,23.746211971391276,21.510000228881836,21.987500190734863,1.0,23.746211971391276,21.510000228881836,0
2025-03-25 14:00:00,CSMG3,CSMG3.SA,22.86685608106307,22.86685608106307,21.5,21.737500190734863,21.737500190734863,1577500,22.86685608106307,22.86685608106307,21.5,21.737500190734863,1.0,22.86685608106307,21.5,0
2025-03-26 10:00:00,CSMG3,CSMG3.SA,22.302178135898966,22.302178135898966,20.260000228881836,20.894999980926514,20.894999980926514,2933300,22.302178135898966,22.302178135898966,20.260000228881836,20.894999980926514,1.0,22.302178135898966,20.260000228881836,0
2025-03-26 14:00:00,CSMG3,CSMG3.SA,21.598589058412742,21.598589058412742,20.110000610351562,20.27750015258789,20.27750015258789,1944600,21.598589058412742,21.598589058412742,20.110000610351562,20.27750015258789,1.0,21.598589058412742,20.110000610351562,0
2025-03-27 10:00:00,CSMG3,CSMG3.SA,20.938044605500316,20.938044605500316,20.040000915527344,20.40000009536743,20.40000009536743,1332600,20.938044605500316,20.938044605500316,20.040000915527344,20.40000009536743,1.0,20.938044605500316,20.040000915527344,0
2025-03-27 14:00:00,CSMG3,CSMG3.SA,20.669022350433874,20.669022350433874,20.34000015258789,20.454999923706055,20.454999923706055,1113800,20.669022350433874,20.669022350433874,20.34000015258789,20.454999923706055,1.0,20.669022350433874,20.34000015258789,0
2025-03-28 10:00:00,CSMG3,CSMG3.SA,20.562011137069966,20.65999984741211,20.360000610351562,20.46999979019165,20.46999979019165,870200,20.562011137069966,20.65999984741211,20.360000610351562,20.46999979019165,1.0,20.65999984741211,20.360000610351562,0
2025-03-28 14:00:00,CSMG3,CSMG3.SA,20.51600546363081,20.56999969482422,20.389999389648438,20.46749973297119,20.46749973297119,867200,20.51600546363081,20.56999969482422,20.389999389648438,20.46749973297119,1.0,20.56999969482422,20.389999389648438,0
2025-03-31 10:00:00,CSMG3,CSMG3.SA,20.491752598300998,20.491752598300998,19.850000381469727,20.15000009536743,20.15000009536743,1081100,20.491752598300998,20.491752598300998,19.850000381469727,20.15000009536743,1.0,20.491752598300998,19.850000381469727,0
2025-03-31 14:00:00,CSMG3,CSMG3.SA,20.320876346834215,20.320876346834215,19.860000610351562,19.90750026702881,19.90750026702881,783000,20.320876346834215,20.320876346834215,19.860000610351562,19.90750026702881,1.0,20.320876346834215,19.860000610351562,0
2025-04-01 10:00:00,CSMG3,CSMG3.SA,20.11418830693151,20.11418830693151,19.059999465942383,19.427499771118164,19.427499771118164,1957500,20.11418830693151,20.11418830693151,19.059999465942383,19.427499771118164,1.0,20.11418830693151,19.059999465942383,0
2025-04-01 14:00:00,CSMG3,CSMG3.SA,19.770844039024837,19.770844039024837,19.309999465942383,19.389999866485596,19.389999866485596,1103100,19.770844039024837,19.770844039024837,19.309999465942383,19.389999866485596,1.0,19.770844039024837,19.309999465942383,0
2025-04-02 10:00:00,CSMG3,CSMG3.SA,19.580421952755216,19.829999923706055,19.329999923706055,19.542500019073486,19.542500019073486,598300,19.580421952755216,19.829999923706055,19.329999923706055,19.542500019073486,1.0,19.829999923706055,19.329999923706055,0
2025-04-02 14:00:00,CSMG3,CSMG3.SA,19.56146098591435,19.690000534057617,19.440000534057617,19.52750015258789,19.52750015258789,853300,19.56146098591435,19.690000534057617,19.440000534057617,19.52750015258789,1.0,19.690000534057617,19.440000534057617,0
2025-04-03 10:00:00,CSMG3,CSMG3.SA,19.54448056925112,20.020000457763672,19.40999984741211,19.660000324249268,19.660000324249268,537300,19.54448056925112,20.020000457763672,19.40999984741211,19.660000324249268,1.0,20.020000457763672,19.40999984741211,0
2025-04-03 14:00:00,CSMG3,CSMG3.SA,19.602240446750194,19.860000610351562,19.602240446750194,19.787500381469727,19.787500381469727,527200,19.602240446750194,19.860000610351562,19.602240446750194,19.787500381469727,1.0,19.860000610351562,19.602240446750194,0
2025-04-04 10:00:00,CSMG3,CSMG3.SA,19.69487041410996,19.790000915527344,19.469999313354492,19.670000076293945,19.670000076293945,470600,19.69487041410996,19.790000915527344,19.469999313354492,19.670000076293945,1.0,19.790000915527344,19.469999313354492,0
2025-04-04 14:00:00,CSMG3,CSMG3.SA,19.68243524520195,19.84000015258789,19.649999618530273,19.730000019073486,19.730000019073486,422000,19.68243524520195,19.84000015258789,19.649999618530273,19.730000019073486,1.0,19.84000015258789,19.649999618530273,0
2025-04-07 10:00:00,CSMG3,CSMG3.SA,19.70621763213772,19.8700008392334,19.280000686645508,19.600000381469727,19.600000381469727,873600,19.70621763213772,19.8700008392334,19.280000686645508,19.600000381469727,1.0,19.8700008392334,19.280000686645508,0
2025-04-07 14:00:00,CSMG3,CSMG3.SA,19.653109006803724,19.790000915527344,19.520000457763672,19.65000009536743,19.65000009536743,588500,19.653109006803724,19.790000915527344,19.520000457763672,19.65000009536743,1.0,19.790000915527344,19.520000457763672,0
2025-04-08 10:00:00,CSMG3,CSMG3.SA,19.651554551085578,19.799999237060547,19.40999984741211,19.579999923706055,19.579999923706055,491400,19.651554551085578,19.799999237060547,19.40999984741211,19.579999923706055,1.0,19.799999237060547,19.40999984741211,0
2025-04-08 14:00:00,CSMG3,CSMG3.SA,19.615777237395818,19.739999771118164,19.43000030517578,19.572500228881836,19.572500228881836,694200,19.615777237395818,19.739999771118164,19.43000030517578,19.572500228881836,1.0,19.739999771118164,19.43000030517578,0
2025-04-09 10:00:00,CSMG3,CSMG3.SA,19.594138733138827,19.93000030517578,19.440000534057617,19.722500324249268,19.722500324249268,534100,19.594138733138827,19.93000030517578,19.440000534057617,19.722500324249268,1.0,19.93000030517578,19.440000534057617,0
2025-04-09 14:00:00,CSMG3,CSMG3.SA,19.658319528694047,20.360000610351562,19.658319528694047,20.050000190734863,20.050000190734863,1190000,19.658319528694047,20.360000610351562,19.658319528694047,20.050000190734863,1.0,20.360000610351562,19.658319528694047,0
2025-04-10 10:00:00,CSMG3,CSMG3.SA,19.854159859714457,20.040000915527344,19.510000228881836,19.80500030517578,19.80500030517578,836200,19.854159859714457,20.040000915527344,19.510000228881836,19.80500030517578,1.0,20.040000915527344,19.510000228881836,0
2025-04-10 14:00:00,CSMG3,CSMG3.SA,19.82958008244512,19.82958008244512,19.549999237060547,19.622499465942383,19.622499465942383,872000,19.82958008244512,19.82958008244512,19.549999237060547,19.622499465942383,1.0,19.82958008244512,19.549999237060547,0
2025-04-11 10:00:00,CSMG3,CSMG3.SA,19.72603977419375,19.84000015258789,19.5,19.692500114440918,19.692500114440918,382500,19.72603977419375,19.84000015258789,19.5,19.692500114440918,1.0,19.84000015258789,19.5,0
2025-04-11 14:00:00,CSMG3,CSMG3.SA,19.709269944317334,19.84000015258789,19.639999389648438,19.742499828338623,19.742499828338623,740800,19.709269944317334,19.84000015258789,19.639999389648438,19.742499828338623,1.0,19.84000015258789,19.639999389648438,0
2025-04-14 10:00:00,CSMG3,CSMG3.SA,19.72588488632798,20.100000381469727,19.649999618530273,19.869999885559082,19.869999885559082,662700,19.72588488632798,20.100000381469727,19.649999618530273,19.869999885559082,1.0,20.100000381469727,19.649999618530273,0
2025-04-14 14:00:00,CSMG3,CSMG3.SA,19.79794238594353,20.229999542236328,19.79794238594353,20.057499408721924,20.057499408721924,788200,19.79794238594353,20.229999542236328,19.79794238594353,20.057499408721924,1.0,20.229999542236328,19.79794238594353,0
2025-04-15 10:00:00,CSMG3,CSMG3.SA,19.927720897332726,20.25,19.927720897332726,20.105000019073486,20.105000019073486,452700,19.927720897332726,20.25,19.927720897332726,20.105000019073486,1.0,20.25,19.927720897332726,0
2025-04-15 14:00:00,CSMG3,CSMG3.SA,20.016360458203106,20.200000762939453,20.016360458203106,20.12000036239624,20.12000036239624,688600,20.016360458203106,20.200000762939453,20.016360458203106,20.12000036239624,1.0,20.200000762939453,20.016360458203106,0
2025-04-16 10:00:00,CSMG3,CSMG3.SA,20.068180410299675,20.15999984741211,19.8799991607666,20.03499984741211,20.03499984741211,558900,20.068180410299675,20.15999984741211,19.8799991607666,20.03499984741211,1.0,20.15999984741211,19.8799991607666,0
2025-04-16 14:00:00,CSMG3,CSMG3.SA,20.051590128855892,20.079999923706055,19.90999984741211,19.987500190734863,19.987500190734863,455700,20.051590128855892,20.079999923706055,19.90999984741211,19.987500190734863,1.0,20.079999923706055,19.90999984741211,0
2025-04-17 10:00:00,CSMG3,CSMG3.SA,20.019545159795378,20.030000686645508,19.790000915527344,19.92750072479248,19.92750072479248,466900,20.019545159795378,20.030000686645508,19.790000915527344,19.92750072479248,1.0,20.030000686645508,19.790000915527344,0
2025-04-17 14:00:00,CSMG3,CSMG3.SA,19.97352294229393,19.97352294229393,19.799999237060547,19.887499809265137,19.887499809265137,567000,19.97352294229393,19.97352294229393,19.799999237060547,19.887499809265137,1.0,19.97352294229393,19.799999237060547,0
2025-04-22 10:00:00,CSMG3,CSMG3.SA,19.93051137577953,20.25,19.93051137577953,20.12999963760376,20.12999963760376,527800,19.93051137577953,20.25,19.93051137577953,20.12999963760376,1.0,20.25,19.93051137577953,0
2025-04-22 14:00:00,CSMG3,CSMG3.SA,20.030255506691645,20.31999969482422,20.010000228881836,20.182499885559082,20.182499885559082,608500,20.030255506691645,20.31999969482422,20.010000228881836,20.182499885559082,1.0,20.31999969482422,20.010000228881836,0
2025-04-23 10:00:00,CSMG3,CSMG3.SA,20.106377696125364,20.68000030517578,20.106377696125364,20.472500324249268,20.472500324249268,758200,20.106377696125364,20.68000030517578,20.106377696125364,20.472500324249268,1.0,20.68000030517578,20.106377696125364,0
2025-04-23 14:00:00,CSMG3,CSMG3.SA,20.289439010187316,20.770000457763672,20.289439010187316,20.677500247955322,20.677500247955322,702300,20.289439010187316,20.770000457763672,20.289439010187316,20.677500247955322,1.0,20.770000457763672,20.289439010187316,0
2025-04-24 10:00:00,CSMG3,CSMG3.SA,20.48346962907132,21.1299991607666,20.48346962907132,20.90999984741211,20.90999984741211,1144000,20.48346962907132,21.1299991607666,20.48346962907132,20.90999984741211,1.0,21.1299991607666,20.48346962907132,0
2025-04-24 14:00:00,CSMG3,CSMG3.SA,20.696734738241716,21.110000610351562,20.696734738241716,20.96000051498413,20.96000051498413,1275400,20.696734738241716,21.110000610351562,20.696734738241716,20.96000051498413,1.0,21.110000610351562,20.696734738241716,0
2025-04-25 10:00:00,CSMG3,CSMG3.SA,20.828367626612923,21.219999313354492,20.828367626612923,21.050000190734863,21.050000190734863,391100,20.828367626612923,21.219999313354492,20.828367626612923,21.050000190734863,1.0,21.219999313354492,20.828367626612923,0
2025-04-25 14:00:00,CSMG3,CSMG3.SA,20.939183908673893,21.299999237060547,20.939183908673893,21.230000019073486,21.230000019073486,549800,20.939183908673893,21.299999237060547,20.939183908673893,21.230000019073486,1.0,21.299999237060547,20.939183908673893,0
2025-04-28 10:00:00,CSMG3,CSMG3.SA,21.08459196387369,21.43000030517578,21.08459196387369,21.272500038146973,21.272500038146973,510700,21.08459196387369,21.43000030517578,21.08459196387369,21.272500038146973,1.0,21.43000030517578,21.08459196387369,0
2025-04-28 14:00:00,CSMG3,CSMG3.SA,21.178546001010332,21.280000686645508,21.1200008392334,21.192500114440918,21.192500114440918,476000,21.178546001010332,21.280000686645508,21.1200008392334,21.192500114440918,1.0,21.280000686645508,21.1200008392334,0
2025-04-29 10:00:00,CSMG3,CSMG3.SA,21.185523057725625,21.489999771118164,21.1299991607666,21.292499542236328,21.292499542236328,486100,21.185523057725625,21.489999771118164,21.1299991607666,21.292499542236328,1.0,21.489999771118164,21.1299991607666,0
2025-04-29 14:00:00,CSMG3,CSMG3.SA,21.239011299980977,21.350000381469727,20.8799991607666,21.134999752044678,21.134999752044678,671600,21.239011299980977,21.350000381469727,20.8799991607666,21.134999752044678,1.0,21.350000381469727,20.8799991607666,0
2025-04-30 10:00:00,CSMG3,CSMG3.SA,21.187005526012825,21.530000686645508,20.959999084472656,21.177500247955322,21.177500247955322,664200,21.187005526012825,21.530000686645508,20.959999084472656,21.177500247955322,1.0,21.530000686645508,20.959999084472656,0
2025-04-30 14:00:00,CSMG3,CSMG3.SA,21.182252886984074,21.479999542236328,21.059999465942383,21.264999866485596,21.264999866485596,929000,21.182252886984074,21.479999542236328,21.059999465942383,21.264999866485596,1.0,21.479999542236328,21.059999465942383,0
2025-05-02 10:00:00,CSMG3,CSMG3.SA,21.223626376734835,21.43000030517578,20.850000381469727,21.165000438690186,21.165000438690186,457600,21.223626376734835,21.43000030517578,20.850000381469727,21.165000438690186,1.0,21.43000030517578,20.850000381469727,0
2025-05-02 14:00:00,CSMG3,CSMG3.SA,21.19431340771251,21.19431340771251,20.760000228881836,20.940000534057617,20.940000534057617,676800,21.19431340771251,21.19431340771251,20.760000228881836,20.940000534057617,1.0,21.19431340771251,20.760000228881836,0
2025-05-05 10:00:00,CSMG3,CSMG3.SA,21.067156970885065,21.067156970885065,20.420000076293945,20.71750020980835,20.71750020980835,565700,21.067156970885065,21.067156970885065,20.420000076293945,20.71750020980835,1.0,21.067156970885065,20.420000076293945,0
2025-05-05 14:00:00,CSMG3,CSMG3.SA,20.892328590346708,20.892328590346708,20.40999984741211,20.47499990463257,20.47499990463257,686600,20.892328590346708,20.892328590346708,20.40999984741211,20.47499990463257,1.0,20.892328590346708,20.40999984741211,0
2025-05-06 10:00:00,CSMG3,CSMG3.SA,20.683664247489638,20.770000457763672,20.450000762939453,20.615000247955322,20.615000247955322,323100,20.683664247489638,20.770000457763672,20.450000762939453,20.615000247955322,1.0,20.770000457763672,20.450000762939453,0
2025-05-06 14:00:00,CSMG3,CSMG3.SA,20.64933224772248,20.68000030517578,20.489999771118164,20.615000247955322,20.615000247955322,385300,20.64933224772248,20.68000030517578,20.489999771118164,20.615000247955322,1.0,20.68000030517578,20.489999771118164,0
2025-05-07 10:00:00,CSMG3,CSMG3.SA,20.632166247838903,20.829999923706055,20.299999237060547,20.647499561309814,20.647499561309814,601300,20.632166247838903,20.829999923706055,20.299999237060547,20.647499561309814,1.0,20.829999923706055,20.299999237060547,0
2025-05-07 14:00:00,CSMG3,CSMG3.SA,20.63983290457436,20.829999923706055,20.63983290457436,20.757500171661377,20.757500171661377,757800,20.63983290457436,20.829999923706055,20.63983290457436,20.757500171661377,1.0,20.829999923706055,20.63983290457436,0
2025-05-08 10:00:00,CSMG3,CSMG3.SA,20.69866653811787,21.190000534057617,20.489999771118164,20.93000030517578,20.93000030517578,844100,20.69866653811787,21.190000534057617,20.489999771118164,20.93000030517578,1.0,21.190000534057617,20.489999771118164,0
2025-05-08 14:00:00,CSMG3,CSMG3.SA,20.814333421646825,21.190000534057617,20.814333421646825,21.09749984741211,21.09749984741211,518100,20.814333421646825,21.190000534057617,20.814333421646825,21.09749984741211,1.0,21.190000534057617,20.814333421646825,0
2025-05-09 10:00:00,CSMG3,CSMG3.SA,20.955916634529466,21.18000030517578,20.700000762939453,20.957500457763672,20.957500457763672,455700,20.955916634529466,21.18000030517578,20.700000762939453,20.957500457763672,1.0,21.18000030517578,20.700000762939453,0
2025-05-09 14:00:00,CSMG3,CSMG3.SA,20.95670854614657,20.95670854614657,20.65999984741211,20.77999973297119,20.77999973297119,550300,20.95670854614657,20.95670854614657,20.65999984741211,20.77999973297119,1.0,20.95670854614657,20.65999984741211,0
2025-05-12 10:00:00,CSMG3,CSMG3.SA,20.868354139558882,20.8799991607666,20.3700008392334,20.695000171661377,20.695000171661377,474500,20.868354139558882,20.8799991607666,20.3700008392334,20.695000171661377,1.0,20.8799991607666,20.3700008392334,0
2025-05-12 14:00:00,CSMG3,CSMG3.SA,20.78167715561013,20.90999984741211,20.59000015258789,20.764999866485596,20.764999866485596,547900,20.78167715561013,20.90999984741211,20.59000015258789,20.764999866485596,1.0,20.90999984741211,20.59000015258789,0
2025-05-13 10:00:00,CSMG3,CSMG3.SA,20.77333851104786,21.3799991607666,20.690000534057617,21.044999599456787,21.044999599456787,1238400,20.77333851104786,21.3799991607666,20.690000534057617,21.044999599456787,1.0,21.3799991607666,20.690000534057617,0
2025-05-13 14:00:00,CSMG3,CSMG3.SA,20.909169055252324,21.34000015258789,20.909169055252324,21.19499969482422,21.19499969482422,861900,20.909169055252324,21.34000015258789,20.909169055252324,21.19499969482422,1.0,21.34000015258789,20.909169055252324,0
2025-05-14 10:00:00,CSMG3,CSMG3.SA,21.05208437503827,21.200000762939453,20.93000030517578,21.132500648498535,21.132500648498535,705000,21.05208437503827,21.200000762939453,20.93000030517578,21.132500648498535,1.0,21.200000762939453,20.93000030517578,0
2025-05-14 14:00:00,CSMG3,CSMG3.SA,21.092292511768402,21.469999313354492,21.092292511768402,21.292500019073486,21.292500019073486,945200,21.092292511768402,21.469999313354492,21.092292511768402,21.292500019073486,1.0,21.469999313354492,21.092292511768402,0
2025-05-15 10:00:00,CSMG3,CSMG3.SA,21.192396265420946,22.829999923706055,21.192396265420946,22.387499809265137,22.387499809265137,2276400,21.192396265420946,22.829999923706055,21.192396265420946,22.387499809265137,1.0,22.829999923706055,21.192396265420946,0
2025-05-15 14:00:00,CSMG3,CSMG3.SA,21.78994803734304,22.579999923706055,21.78994803734304,22.410000324249268,22.410000324249268,1664400,21.78994803734304,22.579999923706055,21.78994803734304,22.410000324249268,1.0,22.579999923706055,21.78994803734304,0
2025-05-16 10:00:00,CSMG3,CSMG3.SA,22.099974180796153,23.530000686645508,22.099974180796153,22.832499980926514,22.832499980926514,2039100,22.099974180796153,23.530000686645508,22.099974180796153,22.832499980926514,1.0,23.530000686645508,22.099974180796153,0
2025-05-16 14:00:00,CSMG3,CSMG3.SA,22.466237080861333,23.690000534057617,22.466237080861333,23.392500400543213,23.392500400543213,1572300,22.466237080861333,23.690000534057617,22.466237080861333,23.392500400543213,1.0,23.690000534057617,22.466237080861333,0
2025-05-19 10:00:00,CSMG3,CSMG3.SA,22.929368740702273,23.229999542236328,22.729999542236328,23.0649995803833,23.0649995803833,872800,22.929368740702273,23.229999542236328,22.729999542236328,23.0649995803833,1.0,23.229999542236328,22.729999542236328,0
2025-05-19 14:00:00,CSMG3,CSMG3.SA,22.997184160542787,23.329999923706055,22.997184160542787,23.167500019073486,23.167500019073486,1266100,22.997184160542787,23.329999923706055,22.997184160542787,23.167500019073486,1.0,23.329999923706055,22.997184160542787,0
2025-05-20 10:00:00,CSMG3,CSMG3.SA,23.082342089808137,24.260000228881836,23.082342089808137,23.672500133514404,23.672500133514404,1185000,23.082342089808137,24.260000228881836,23.082342089808137,23.672500133514404,1.0,24.260000228881836,23.082342089808137,0
2025-05-20 14:00:00,CSMG3,CSMG3.SA,23.37742111166127,24.850000381469727,23.37742111166127,24.489999771118164,24.489999771118164,1879900,23.37742111166127,24.850000381469727,23.37742111166127,24.489999771118164,1.0,24.850000381469727,23.37742111166127,0
2025-05-21 10:00:00,CSMG3,CSMG3.SA,23.933710441389717,25.219999313354492,23.933710441389717,24.59249973297119,24.59249973297119,1148400,23.933710441389717,25.219999313354492,23.933710441389717,24.59249973297119,1.0,25.219999313354492,23.933710441389717,0
2025-05-21 14:00:00,CSMG3,CSMG3.SA,24.263105087180456,24.68000030517578,24.263105087180456,24.4975004196167,24.4975004196167,900700,24.263105087180456,24.68000030517578,24.263105087180456,24.4975004196167,1.0,24.68000030517578,24.263105087180456,0
2025-05-22 10:00:00,CSMG3,CSMG3.SA,24.380302753398578,24.559999465942383,24.079999923706055,24.332499980926514,24.332499980926514,472400,24.380302753398578,24.559999465942383,24.079999923706055,24.332499980926514,1.0,24.559999465942383,24.079999923706055,0
2025-05-22 14:00:00,CSMG3,CSMG3.SA,24.356401367162547,24.450000762939453,23.8700008392334,24.142500400543213,24.142500400543213,785000,24.356401367162547,24.450000762939453,23.8700008392334,24.142500400543213,1.0,24.450000762939453,23.8700008392334,0
2025-05-23 10:00:00,CSMG3,CSMG3.SA,24.24945088385288,24.40999984741211,23.6200008392334,24.0,24.0,566200,24.24945088385288,24.40999984741211,23.6200008392334,24.0,1.0,24.40999984741211,23.6200008392334,0
2025-05-23 14:00:00,CSMG3,CSMG3.SA,24.12472544192644,24.299999237060547,24.12472544192644,24.209999561309814,24.209999561309814,628400,24.12472544192644,24.299999237060547,24.12472544192644,24.209999561309814,1.0,24.299999237060547,24.12472544192644,0
2025-05-26 10:00:00,CSMG3,CSMG3.SA,24.16736250161813,24.920000076293945,24.16736250161813,24.570000648498535,24.570000648498535,400100,24.16736250161813,24.920000076293945,24.16736250161813,24.570000648498535,1.0,24.920000076293945,24.16736250161813,0
2025-05-26 14:00:00,CSMG3,CSMG3.SA,24.368681575058332,25.139999389648438,24.368681575058332,24.937500476837158,24.937500476837158,736600,24.368681575058332,25.139999389648438,24.368681575058332,24.937500476837158,1.0,25.139999389648438,24.368681575058332,0
2025-05-27 10:00:00,CSMG3,CSMG3.SA,24.653091025947745,25.420000076293945,24.653091025947745,24.957499980926514,24.957499980926514,1286100,24.653091025947745,25.420000076293945,24.653091025947745,24.957499980926514,1.0,25.420000076293945,24.653091025947745,0
2025-05-27 14:00:00,CSMG3,CSMG3.SA,24.80529550343713,25.06999969482422,24.690000534057617,24.887500286102295,24.887500286102295,523400,24.80529550343713,25.06999969482422,24.690000534057617,24.887500286102295,1.0,25.06999969482422,24.690000534057617,0
2025-05-28 10:00:00,CSMG3,CSMG3.SA,24.846397894769712,25.200000762939453,24.700000762939453,24.99500036239624,24.99500036239624,532200,24.846397894769712,25.200000762939453,24.700000762939453,24.99500036239624,1.0,25.200000762939453,24.700000762939453,0
2025-05-28 14:00:00,CSMG3,CSMG3.SA,24.920699128582974,24.920699128582974,24.540000915527344,24.7475004196167,24.7475004196167,548100,24.920699128582974,24.920699128582974,24.540000915527344,24.7475004196167,1.0,24.920699128582974,24.540000915527344,0
2025-05-29 10:00:00,CSMG3,CSMG3.SA,24.834099774099837,24.850000381469727,24.540000915527344,24.64750051498413,24.64750051498413,289600,24.834099774099837,24.850000381469727,24.540000915527344,24.64750051498413,1.0,24.850000381469727,24.540000915527344,0
2025-05-29 14:00:00,CSMG3,CSMG3.SA,24.740800144541986,24.770000457763672,24.559999465942383,24.65250015258789,24.65250015258789,415500,24.740800144541986,24.770000457763672,24.559999465942383,24.65250015258789,1.0,24.770000457763672,24.559999465942383,0
2025-05-30 10:00:00,CSMG3,CSMG3.SA,24.696650148564938,24.809999465942383,24.0,24.397499561309814,24.397499561309814,824900,24.696650148564938,24.809999465942383,24.0,24.397499561309814,1.0,24.809999465942383,24.0,0
2025-05-30 14:00:00,CSMG3,CSMG3.SA,24.547074854937378,24.547074854937378,23.829999923706055,23.954999923706055,23.954999923706055,755700,24.547074854937378,24.547074854937378,23.829999923706055,23.954999923706055,1.0,24.547074854937378,23.829999923706055,0
2025-06-02 10:00:00,CSMG3,CSMG3.SA,24.251037389321716,24.251037389321716,23.530000686645508,23.800000190734863,23.800000190734863,335500,24.251037389321716,24.251037389321716,23.530000686645508,23.800000190734863,1.0,24.251037389321716,23.530000686645508,0
2025-06-02 14:00:00,CSMG3,CSMG3.SA,24.02551879002829,24.02551879002829,23.5,23.65500020980835,23.65500020980835,664900,24.02551879002829,24.02551879002829,23.5,23.65500020980835,1.0,24.02551879002829,23.5,0
2025-06-03 10:00:00,CSMG3,CSMG3.SA,23.840259499918318,23.840259499918318,23.459999084472656,23.695000171661377,23.695000171661377,948900,23.840259499918318,23.840259499918318,23.459999084472656,23.695000171661377,1.0,23.840259499918318,23.459999084472656,0
2025-06-03 14:00:00,CSMG3,CSMG3.SA,23.767629835789847,24.0,23.75,23.857500076293945,23.857500076293945,524900,23.767629835789847,24.0,23.75,23.857500076293945,1.0,24.0,23.75,0
2025-06-04 10:00:00,CSMG3,CSMG3.SA,23.812564956041896,24.049999237060547,23.43000030517578,23.742499828338623,23.742499828338623,526700,23.812564956041896,24.049999237060547,23.43000030517578,23.742499828338623,1.0,24.049999237060547,23.43000030517578,0
2025-06-04 14:00:00,CSMG3,CSMG3.SA,23.77753239219026,23.77753239219026,23.350000381469727,23.50250005722046,23.50250005722046,441100,23.77753239219026,23.77753239219026,23.350000381469727,23.50250005722046,1.0,23.77753239219026,23.350000381469727,0
2025-06-05 10:00:00,CSMG3,CSMG3.SA,23.64001622470536,23.84000015258789,23.280000686645508,23.597500324249268,23.597500324249268,337800,23.64001622470536,23.84000015258789,23.280000686645508,23.597500324249268,1.0,23.84000015258789,23.280000686645508,0
2025-06-05 14:00:00,CSMG3,CSMG3.SA,23.618758274477315,23.81999969482422,23.618758274477315,23.742499828338623,23.742499828338623,545600,23.618758274477315,23.81999969482422,23.618758274477315,23.742499828338623,1.0,23.81999969482422,23.618758274477315,0
2025-06-06 10:00:00,CSMG3,CSMG3.SA,23.68062905140797,24.760000228881836,23.68062905140797,24.112500190734863,24.112500190734863,1046800,23.68062905140797,24.760000228881836,23.68062905140797,24.112500190734863,1.0,24.760000228881836,23.68062905140797,0
2025-06-06 14:00:00,CSMG3,CSMG3.SA,23.896564621071416,24.450000762939453,23.896564621071416,24.235000133514404,24.235000133514404,743300,23.896564621071416,24.450000762939453,23.896564621071416,24.235000133514404,1.0,24.450000762939453,23.896564621071416,0
2025-06-09 10:00:00,CSMG3,CSMG3.SA,24.065782377292912,24.18000030517578,23.700000762939453,23.945000171661377,23.945000171661377,404300,24.065782377292912,24.18000030517578,23.700000762939453,23.945000171661377,1.0,24.18000030517578,23.700000762939453,0
2025-06-09 14:00:00,CSMG3,CSMG3.SA,24.005391274477144,24.005391274477144,23.719999313354492,23.820000171661377,23.820000171661377,444100,24.005391274477144,24.005391274477144,23.719999313354492,23.820000171661377,1.0,24.005391274477144,23.719999313354492,0
2025-06-10 10:00:00,CSMG3,CSMG3.SA,23.912695723069262,24.110000610351562,23.6200008392334,23.887500762939453,23.887500762939453,399900,23.912695723069262,24.110000610351562,23.6200008392334,23.887500762939453,1.0,24.110000610351562,23.6200008392334,0
2025-06-10 14:00:00,CSMG3,CSMG3.SA,23.900098243004358,23.940000534057617,23.700000762939453,23.827500343322754,23.827500343322754,310400,23.900098243004358,23.940000534057617,23.700000762939453,23.827500343322754,1.0,23.940000534057617,23.700000762939453,0
2025-06-11 10:00:00,CSMG3,CSMG3.SA,23.863799293163556,24.290000915527344,23.690000534057617,24.005000114440918,24.005000114440918,674700,23.863799293163556,24.290000915527344,23.690000534057617,24.005000114440918,1.0,24.290000915527344,23.690000534057617,0
2025-06-11 14:00:00,CSMG3,CSMG3.SA,23.934399703802235,24.5,23.934399703802235,24.295000076293945,24.295000076293945,1274700,23.934399703802235,24.5,23.934399703802235,24.295000076293945,1.0,24.5,23.934399703802235,0
2025-06-12 10:00:00,CSMG3,CSMG3.SA,24.11469989004809,24.899999618530273,23.899999618530273,24.454999446868896,24.454999446868896,1194700,24.11469989004809,24.899999618530273,23.899999618530273,24.454999446868896,1.0,24.899999618530273,23.899999618530273,0
2025-06-12 14:00:00,CSMG3,CSMG3.SA,24.28484966845849,25.280000686645508,24.28484966845849,24.985000133514404,24.985000133514404,967700,24.28484966845849,25.280000686645508,24.28484966845849,24.985000133514404,1.0,25.280000686645508,24.28484966845849,0
2025-06-13 10:00:00,CSMG3,CSMG3.SA,24.634924900986448,26.530000686645508,24.634924900986448,25.677499771118164,25.677499771118164,2400800,24.634924900986448,26.530000686645508,24.634924900986448,25.677499771118164,1.0,26.530000686645508,24.634924900986448,0
2025-06-13 14:00:00,CSMG3,CSMG3.SA,25.156212336052306,26.709999084472656,25.156212336052306,26.407499313354492,26.407499313354492,4749100,25.156212336052306,26.709999084472656,25.156212336052306,26.407499313354492,1.0,26.709999084472656,25.156212336052306,0
2025-06-16 10:00:00,CSMG3,CSMG3.SA,25.7818558247034,27.360000610351562,25.7818558247034,26.84749984741211,26.84749984741211,707100,25.7818558247034,27.360000610351562,25.7818558247034,26.84749984741211,1.0,27.360000610351562,25.7818558247034,0
2025-06-16 14:00:00,CSMG3,CSMG3.SA,26.314677836057754,27.190000534057617,26.314677836057754,27.054999828338623,27.054999828338623,764900,26.314677836057754,27.190000534057617,26.314677836057754,27.054999828338623,1.0,27.190000534057617,26.314677836057754,0
2025-06-17 10:00:00,CSMG3,CSMG3.SA,26.68483883219819,27.329999923706055,26.68483883219819,27.110000133514404,27.110000133514404,675800,26.68483883219819,27.329999923706055,26.68483883219819,27.110000133514404,1.0,27.329999923706055,26.68483883219819,0
2025-06-17 14:00:00,CSMG3,CSMG3.SA,26.897419482856296,27.329999923706055,26.897419482856296,27.197500228881836,27.197500228881836,566000,26.897419482856296,27.329999923706055,26.897419482856296,27.197500228881836,1.0,27.329999923706055,26.897419482856296,0
2025-06-18 10:00:00,CSMG3,CSMG3.SA,27.047459855869064,27.649999618530273,27.047459855869064,27.387499809265137,27.387499809265137,525700,27.047459855869064,27.649999618530273,27.047459855869064,27.387499809265137,1.0,27.649999618530273,27.047459855869064,0
2025-06-18 14:00:00,CSMG3,CSMG3.SA,27.2174798325671,27.690000534057617,27.2174798325671,27.53749990463257,27.53749990463257,692800,27.2174798325671,27.690000534057617,27.2174798325671,27.53749990463257,1.0,27.690000534057617,27.2174798325671,0
2025-06-20 10:00:00,CSMG3,CSMG3.SA,27.377489868599834,27.90999984741211,27.360000610351562,27.59749984741211,27.59749984741211,1653600,27.377489868599834,27.90999984741211,27.360000610351562,27.59749984741211,1.0,27.90999984741211,27.360000610351562,0
2025-06-20 14:00:00,CSMG3,CSMG3.SA,27.487494858005974,27.600000381469727,27.25,27.46999979019165,27.46999979019165,590700,27.487494858005974,27.600000381469727,27.25,27.46999979019165,1.0,27.600000381469727,27.25,0
2025-06-23 10:00:00,CSMG3,CSMG3.SA,27.478747324098812,28.200000762939453,27.280000686645508,27.710000038146973,27.710000038146973,1042200,27.478747324098812,28.200000762939453,27.280000686645508,27.710000038146973,1.0,28.200000762939453,27.280000686645508,0
2025-06-23 14:00:00,CSMG3,CSMG3.SA,27.594373681122892,27.8799991607666,27.594373681122892,27.789999961853027,27.789999961853027,647500,27.594373681122892,27.8799991607666,27.594373681122892,27.789999961853027,1.0,27.8799991607666,27.594373681122892,0
2025-06-24 10:00:00,CSMG3,CSMG3.SA,27.692186821487958,27.692186821487958,26.610000610351562,27.09249973297119,27.09249973297119,1700300,27.692186821487958,27.692186821487958,26.610000610351562,27.09249973297119,1.0,27.692186821487958,26.610000610351562,0
2025-06-24 14:00:00,CSMG3,CSMG3.SA,27.392343277229575,27.392343277229575,26.40999984741211,26.72499990463257,26.72499990463257,1220000,27.392343277229575,27.392343277229575,26.40999984741211,26.72499990463257,1.0,27.392343277229575,26.40999984741211,0
2025-06-25 10:00:00,CSMG3,CSMG3.SA,27.05867159093107,27.15999984741211,26.010000228881836,26.672500133514404,26.672500133514404,2858700,27.05867159093107,27.15999984741211,26.010000228881836,26.672500133514404,1.0,27.15999984741211,26.010000228881836,0
2025-06-25 14:00:00,CSMG3,CSMG3.SA,26.865585862222737,27.530000686645508,26.865585862222737,27.232500076293945,27.232500076293945,1381200,26.865585862222737,27.530000686645508,26.865585862222737,27.232500076293945,1.0,27.530000686645508,26.865585862222737,0
2025-06-26 10:00:00,CSMG3,CSMG3.SA,27.04904296925834,27.600000381469727,27.04904296925834,27.389999866485596,27.389999866485596,771500,27.04904296925834,27.600000381469727,27.04904296925834,27.389999866485596,1.0,27.600000381469727,27.04904296925834,0
2025-06-26 14:00:00,CSMG3,CSMG3.SA,27.219521417871967,27.84000015258789,27.219521417871967,27.630000114440918,27.630000114440918,1523800,27.219521417871967,27.84000015258789,27.219521417871967,27.630000114440918,1.0,27.84000015258789,27.219521417871967,0
2025-06-27 10:00:00,CSMG3,CSMG3.SA,27.424760766156442,27.959999084472656,27.424760766156442,27.747499465942383,27.747499465942383,412200,27.424760766156442,27.959999084472656,27.424760766156442,27.747499465942383,1.0,27.959999084472656,27.424760766156442,0
2025-06-27 14:00:00,CSMG3,CSMG3.SA,27.58613011604941,27.84000015258789,27.229999542236328,27.53000020980835,27.53000020980835,589900,27.58613011604941,27.84000015258789,27.229999542236328,27.53000020980835,1.0,27.84000015258789,27.229999542236328,0
2025-06-30 10:00:00,CSMG3,CSMG3.SA,27.55806516292888,28.290000915527344,27.329999923706055,27.787500381469727,27.787500381469727,750900,27.55806516292888,28.290000915527344,27.329999923706055,27.787500381469727,1.0,28.290000915527344,27.329999923706055,0
2025-06-30 14:00:00,CSMG3,CSMG3.SA,27.672782772199305,28.170000076293945,27.672782772199305,28.040000438690186,28.040000438690186,495600,27.672782772199305,28.170000076293945,27.672782772199305,28.040000438690186,1.0,28.170000076293945,27.672782772199305,0
2025-07-01 10:00:00,CSMG3,CSMG3.SA,27.856391605444745,28.1200008392334,27.780000686645508,27.957500457763672,27.957500457763672,415400,27.856391605444745,28.1200008392334,27.780000686645508,27.957500457763672,1.0,28.1200008392334,27.780000686645508,0
2025-07-01 14:00:00,CSMG3,CSMG3.SA,27.906946031604207,28.260000228881836,27.906946031604207,28.05999994277954,28.05999994277954,1430700,27.906946031604207,28.260000228881836,27.906946031604207,28.05999994277954,1.0,28.260000228881836,27.906946031604207,0
2025-07-02 10:00:00,CSMG3,CSMG3.SA,27.983472987191874,28.260000228881836,27.8700008392334,28.03250026702881,28.03250026702881,874900,27.983472987191874,28.260000228881836,27.8700008392334,28.03250026702881,1.0,28.260000228881836,27.8700008392334,0
2025-07-02 14:00:00,CSMG3,CSMG3.SA,28.00798662711034,28.25,27.989999771118164,28.112500190734863,28.112500190734863,782500,28.00798662711034,28.25,27.989999771118164,28.112500190734863,1.0,28.25,27.989999771118164,0
2025-07-03 10:00:00,CSMG3,CSMG3.SA,28.060243408922602,29.0,28.059999465942383,28.5024995803833,28.5024995803833,705800,28.060243408922602,29.0,28.059999465942383,28.5024995803833,1.0,29.0,28.059999465942383,0
2025-07-03 14:00:00,CSMG3,CSMG3.SA,28.28137149465295,28.950000762939453,28.28137149465295,28.804999828338623,28.804999828338623,1729600,28.28137149465295,28.950000762939453,28.28137149465295,28.804999828338623,1.0,28.950000762939453,28.28137149465295,0
2025-07-04 10:00:00,CSMG3,CSMG3.SA,28.543185661495787,28.799999237060547,28.219999313354492,28.53249979019165,28.53249979019165,374100,28.543185661495787,28.799999237060547,28.219999313354492,28.53249979019165,1.0,28.799999237060547,28.219999313354492,0
2025-07-04 14:00:00,CSMG3,CSMG3.SA,28.537842725843717,28.709999084472656,28.459999084472656,28.552499771118164,28.552499771118164,489200,28.537842725843717,28.709999084472656,28.459999084472656,28.552499771118164,1.0,28.709999084472656,28.459999084472656,0
2025-07-07 10:00:00,CSMG3,CSMG3.SA,28.54517124848094,28.670000076293945,28.040000915527344,28.34250020980835,28.34250020980835,1098000,28.54517124848094,28.670000076293945,28.040000915527344,28.34250020980835,1.0,28.670000076293945,28.040000915527344,0
2025-07-07 14:00:00,CSMG3,CSMG3.SA,28.443835729144645,28.443835729144645,28.030000686645508,28.257500171661377,28.257500171661377,677900,28.443835729144645,28.443835729144645,28.030000686645508,28.257500171661377,1.0,28.443835729144645,28.030000686645508,0
2025-07-08 10:00:00,CSMG3,CSMG3.SA,28.35066795040301,28.510000228881836,26.639999389648438,27.75,27.75,3330900,28.35066795040301,28.510000228881836,26.639999389648438,27.75,1.0,28.510000228881836,26.639999389648438,0
2025-07-08 14:00:00,CSMG3,CSMG3.SA,28.050333975201504,28.050333975201504,27.15999984741211,27.422499656677246,27.422499656677246,2193500,28.050333975201504,28.050333975201504,27.15999984741211,27.422499656677246,1.0,28.050333975201504,27.15999984741211,0
2025-07-09 10:00:00,CSMG3,CSMG3.SA,27.736416815939375,27.736416815939375,26.799999237060547,27.209999561309814,27.209999561309814,1746400,27.736416815939375,27.736416815939375,26.799999237060547,27.209999561309814,1.0,27.736416815939375,26.799999237060547,0
2025-07-09 14:00:00,CSMG3,CSMG3.SA,27.473208188624596,27.473208188624596,26.75,26.862500190734863,26.862500190734863,967100,27.473208188624596,27.473208188624596,26.75,26.862500190734863,1.0,27.473208188624596,26.75,0
2025-07-10 10:00:00,CSMG3,CSMG3.SA,27.16785418967973,27.16785418967973,26.5,26.792500019073486,26.792500019073486,420000,27.16785418967973,27.16785418967973,26.5,26.792500019073486,1.0,27.16785418967973,26.5,0
2025-07-10 14:00:00,CSMG3,CSMG3.SA,26.980177104376608,27.059999465942383,26.8700008392334,26.954999923706055,26.954999923706055,1051200,26.980177104376608,27.059999465942383,26.8700008392334,26.954999923706055,1.0,27.059999465942383,26.8700008392334,0
2025-07-11 10:00:00,CSMG3,CSMG3.SA,26.96758851404133,27.239999771118164,26.700000762939453,26.96500015258789,26.96500015258789,1078400,26.96758851404133,27.239999771118164,26.700000762939453,26.96500015258789,1.0,27.239999771118164,26.700000762939453,0
2025-07-11 14:00:00,CSMG3,CSMG3.SA,26.96629433331461,27.5,26.96629433331461,27.297500133514404,27.297500133514404,448400,26.96629433331461,27.5,26.96629433331461,27.297500133514404,1.0,27.5,26.96629433331461,0
2025-07-14 10:00:00,CSMG3,CSMG3.SA,27.131897233414506,27.190000534057617,26.059999465942383,26.639999866485596,26.639999866485596,1759600,27.131897233414506,27.190000534057617,26.059999465942383,26.639999866485596,1.0,27.190000534057617,26.059999465942383,0
2025-07-14 14:00:00,CSMG3,CSMG3.SA,26.88594854995005,26.88594854995005,26.079999923706055,26.237499713897705,26.237499713897705,1422300,26.88594854995005,26.88594854995005,26.079999923706055,26.237499713897705,1.0,26.88594854995005,26.079999923706055,0
2025-07-15 10:00:00,CSMG3,CSMG3.SA,26.561724131923878,26.700000762939453,25.780000686645508,26.205000400543213,26.205000400543213,2007500,26.561724131923878,26.700000762939453,25.780000686645508,26.205000400543213,1.0,26.700000762939453,25.780000686645508,0
2025-07-15 14:00:00,CSMG3,CSMG3.SA,26.383362266233547,26.383362266233547,25.719999313354492,25.90250015258789,25.90250015258789,1163100,26.383362266233547,26.383362266233547,25.719999313354492,25.90250015258789,1.0,26.383362266233547,25.719999313354492,0
2025-07-16 10:00:00,CSMG3,CSMG3.SA,26.14293120941072,26.260000228881836,25.850000381469727,26.047500133514404,26.047500133514404,993900,26.14293120941072,26.260000228881836,25.850000381469727,26.047500133514404,1.0,26.260000228881836,25.850000381469727,0
2025-07-16 14:00:00,CSMG3,CSMG3.SA,26.09521567146256,26.15999984741211,25.90999984741211,26.03499984741211,26.03499984741211,1011400,26.09521567146256,26.15999984741211,25.90999984741211,26.03499984741211,1.0,26.15999984741211,25.90999984741211,0
2025-07-17 10:00:00,CSMG3,CSMG3.SA,26.065107759437335,26.209999084472656,25.709999084472656,26.017499923706055,26.017499923706055,687900,26.065107759437335,26.209999084472656,25.709999084472656,26.017499923706055,1.0,26.209999084472656,25.709999084472656,0
2025-07-17 14:00:00,CSMG3,CSMG3.SA,26.041303841571697,26.229999542236328,26.0,26.105000019073486,26.105000019073486,999900,26.041303841571697,26.229999542236328,26.0,26.105000019073486,1.0,26.229999542236328,26.0,0
2025-07-18 10:00:00,CSMG3,CSMG3.SA,26.07315193032259,26.260000228881836,25.649999618530273,25.989999771118164,25.989999771118164,1959100,26.07315193032259,26.260000228881836,25.649999618530273,25.989999771118164,1.0,26.260000228881836,25.649999618530273,0
2025-07-18 14:00:00,CSMG3,CSMG3.SA,26.03157585072038,26.079999923706055,25.780000686645508,25.94000005722046,25.94000005722046,637800,26.03157585072038,26.079999923706055,25.780000686645508,25.94000005722046,1.0,26.079999923706055,25.780000686645508,0
2025-07-21 10:00:00,CSMG3,CSMG3.SA,25.98578795397042,26.219999313354492,25.549999237060547,25.924999713897705,25.924999713897705,1329300,25.98578795397042,26.219999313354492,25.549999237060547,25.924999713897705,1.0,26.219999313354492,25.549999237060547,0
2025-07-21 14:00:00,CSMG3,CSMG3.SA,25.95539383393406,25.95539383393406,25.690000534057617,25.817500114440918,25.817500114440918,1081100,25.95539383393406,25.95539383393406,25.690000534057617,25.817500114440918,1.0,25.95539383393406,25.690000534057617,0
2025-07-22 10:00:00,CSMG3,CSMG3.SA,25.88644697418749,26.350000381469727,25.700000762939453,26.015000343322754,26.015000343322754,728800,25.88644697418749,26.350000381469727,25.700000762939453,26.015000343322754,1.0,26.350000381469727,25.700000762939453,0
2025-07-22 14:00:00,CSMG3,CSMG3.SA,25.950723658755123,26.190000534057617,25.770000457763672,25.990000247955322,25.990000247955322,843600,25.950723658755123,26.190000534057617,25.770000457763672,25.990000247955322,1.0,26.190000534057617,25.770000457763672,0
2025-07-23 10:00:00,CSMG3,CSMG3.SA,25.970361953355223,25.970361953355223,25.459999084472656,25.672499656677246,25.672499656677246,897200,25.970361953355223,25.970361953355223,25.459999084472656,25.672499656677246,1.0,25.970361953355223,25.459999084472656,0
2025-07-23 14:00:00,CSMG3,CSMG3.SA,25.821430805016234,25.821430805016234,25.559999465942383,25.672500133514404,25.672500133514404,830300,25.821430805016234,25.821430805016234,25.559999465942383,25.672500133514404,1.0,25.821430805016234,25.559999465942383,0
2025-07-24 10:00:00,CSMG3,CSMG3.SA,25.74696546926532,25.860000610351562,25.309999465942383,25.664999961853027,25.664999961853027,513200,25.74696546926532,25.860000610351562,25.309999465942383,25.664999961853027,1.0,25.860000610351562,25.309999465942383,0
2025-07-24 14:00:00,CSMG3,CSMG3.SA,25.705982715559173,25.90999984741211,25.705982715559173,25.807499885559082,25.807499885559082,668700,25.705982715559173,25.90999984741211,25.705982715559173,25.807499885559082,1.0,25.90999984741211,25.705982715559173,0
2025-07-25 10:00:00,CSMG3,CSMG3.SA,25.756741300559128,26.020000457763672,25.709999084472656,25.83750009536743,25.83750009536743,1434900,25.756741300559128,26.020000457763672,25.709999084472656,25.83750009536743,1.0,26.020000457763672,25.709999084472656,0
2025-07-25 14:00:00,CSMG3,CSMG3.SA,25.79712069796328,25.959999084472656,25.530000686645508,25.727499961853027,25.727499961853027,1846100,25.79712069796328,25.959999084472656,25.530000686645508,25.727499961853027,1.0,25.959999084472656,25.530000686645508,0
2025-07-28 10:00:00,CSMG3,CSMG3.SA,25.762310329908154,25.762310329908154,25.360000610351562,25.502500534057617,25.502500534057617,843300,25.762310329908154,25.762310329908154,25.360000610351562,25.502500534057617,1.0,25.762310329908154,25.360000610351562,0
2025-07-28 14:00:00,CSMG3,CSMG3.SA,25.632405431982885,25.700000762939453,25.350000381469727,25.547500610351562,25.547500610351562,1228400,25.632405431982885,25.700000762939453,25.350000381469727,25.547500610351562,1.0,25.700000762939453,25.350000381469727,0
2025-07-29 10:00:00,CSMG3,CSMG3.SA,25.589953021167226,25.989999771118164,25.540000915527344,25.765000343322754,25.765000343322754,606600,25.589953021167226,25.989999771118164,25.540000915527344,25.765000343322754,1.0,25.989999771118164,25.540000915527344,0
2025-07-29 14:00:00,CSMG3,CSMG3.SA,25.67747668224499,26.079999923706055,25.67747668224499,25.947500228881836,25.947500228881836,693600,25.67747668224499,26.079999923706055,25.67747668224499,25.947500228881836,1.0,26.079999923706055,25.67747668224499,0
2025-07-30 10:00:00,CSMG3,CSMG3.SA,25.81248845556341,26.190000534057617,25.459999084472656,25.772500038146973,25.772500038146973,576100,25.81248845556341,26.190000534057617,25.459999084472656,25.772500038146973,1.0,26.190000534057617,25.459999084472656,0
2025-07-30 14:00:00,CSMG3,CSMG3.SA,25.792494246855192,25.979999542236328,25.540000915527344,25.760000228881836,25.760000228881836,1234300,25.792494246855192,25.979999542236328,25.540000915527344,25.760000228881836,1.0,25.979999542236328,25.540000915527344,0
2025-07-31 10:00:00,CSMG3,CSMG3.SA,25.776247237868514,26.020000457763672,25.610000610351562,25.857500076293945,25.857500076293945,1677700,25.776247237868514,26.020000457763672,25.610000610351562,25.857500076293945,1.0,26.020000457763672,25.610000610351562,0
2025-07-31 14:00:00,CSMG3,CSMG3.SA,25.81687365708123,25.8700008392334,25.68000030517578,25.795000076293945,25.795000076293945,934900,25.81687365708123,25.8700008392334,25.68000030517578,25.795000076293945,1.0,25.8700008392334,25.68000030517578,0
2025-08-01 10:00:00,CSMG3,CSMG3.SA,25.80593686668759,26.06999969482422,25.75,25.892499923706055,25.892499923706055,718000,25.80593686668759,26.06999969482422,25.75,25.892499923706055,1.0,26.06999969482422,25.75,0
2025-08-01 14:00:00,CSMG3,CSMG3.SA,25.84921839519682,25.84921839519682,25.549999237060547,25.72249937057495,25.72249937057495,875800,25.84921839519682,25.84921839519682,25.549999237060547,25.72249937057495,1.0,25.84921839519682,25.549999237060547,0
2025-08-04 10:00:00,CSMG3,CSMG3.SA,25.785858882885886,25.84000015258789,25.100000381469727,25.485000133514404,25.485000133514404,956800,25.785858882885886,25.84000015258789,25.100000381469727,25.485000133514404,1.0,25.84000015258789,25.100000381469727,0
2025-08-04 14:00:00,CSMG3,CSMG3.SA,25.635429508200147,25.635429508200147,25.100000381469727,25.21000051498413,25.21000051498413,1368700,25.635429508200147,25.635429508200147,25.100000381469727,25.21000051498413,1.0,25.635429508200147,25.100000381469727,0
2025-08-05 10:00:00,CSMG3,CSMG3.SA,25.42271501159214,25.600000381469727,24.260000228881836,24.87000036239624,24.87000036239624,1926300,25.42271501159214,25.600000381469727,24.260000228881836,24.87000036239624,1.0,25.600000381469727,24.260000228881836,0
2025-08-05 14:00:00,CSMG3,CSMG3.SA,25.14635768699419,25.299999237060547,24.989999771118164,25.147500038146973,25.147500038146973,740900,25.14635768699419,25.299999237060547,24.989999771118164,25.147500038146973,1.0,25.299999237060547,24.989999771118164,0
2025-08-06 10:00:00,CSMG3,CSMG3.SA,25.146928862570583,25.459999084472656,24.950000762939453,25.177500247955322,25.177500247955322,1419500,25.146928862570583,25.459999084472656,24.950000762939453,25.177500247955322,1.0,25.459999084472656,24.950000762939453,0
2025-08-06 14:00:00,CSMG3,CSMG3.SA,25.162214555262953,25.440000534057617,25.020000457763672,25.22000026702881,25.22000026702881,1119700,25.162214555262953,25.440000534057617,25.020000457763672,25.22000026702881,1.0,25.440000534057617,25.020000457763672,0
2025-08-07 10:00:00,CSMG3,CSMG3.SA,25.19110741114588,25.420000076293945,24.969999313354492,25.187499523162842,25.187499523162842,890100,25.19110741114588,25.420000076293945,24.969999313354492,25.187499523162842,1.0,25.420000076293945,24.969999313354492,0
2025-08-07 14:00:00,CSMG3,CSMG3.SA,25.18930346715436,25.229999542236328,24.959999084472656,25.13249921798706,25.13249921798706,636500,25.18930346715436,25.229999542236328,24.959999084472656,25.13249921798706,1.0,25.229999542236328,24.959999084472656,0
2025-08-08 10:00:00,CSMG3,CSMG3.SA,25.16090134257071,25.399999618530273,25.049999237060547,25.235000133514404,25.235000133514404,910600,25.16090134257071,25.399999618530273,25.049999237060547,25.235000133514404,1.0,25.399999618530273,25.049999237060547,0
2025-08-08 14:00:00,CSMG3,CSMG3.SA,25.197950738042557,25.350000381469727,25.1200008392334,25.217500686645508,25.217500686645508,1512300,25.197950738042557,25.350000381469727,25.1200008392334,25.217500686645508,1.0,25.350000381469727,25.1200008392334,0
2025-08-11 10:00:00,CSMG3,CSMG3.SA,25.207725712344033,25.709999084472656,25.1200008392334,25.384999752044678,25.384999752044678,517200,25.207725712344033,25.709999084472656,25.1200008392334,25.384999752044678,1.0,25.709999084472656,25.1200008392334,0
2025-08-11 14:00:00,CSMG3,CSMG3.SA,25.296362732194353,25.5,25.170000076293945,25.380000114440918,25.380000114440918,625900,25.296362732194353,25.5,25.170000076293945,25.380000114440918,1.0,25.5,25.170000076293945,0
2025-08-12 10:00:00,CSMG3,CSMG3.SA,25.338181423317636,26.649999618530273,25.338181423317636,26.045000076293945,26.045000076293945,1874000,25.338181423317636,26.649999618530273,25.338181423317636,26.045000076293945,1.0,26.649999618530273,25.338181423317636,0
2025-08-12 14:00:00,CSMG3,CSMG3.SA,25.69159074980579,26.850000381469727,25.69159074980579,26.69000005722046,26.69000005722046,1198000,25.69159074980579,26.850000381469727,25.69159074980579,26.69000005722046,1.0,26.850000381469727,25.69159074980579,0
2025-08-13 10:00:00,CSMG3,CSMG3.SA,26.190795403513125,27.209999084472656,26.190795403513125,26.679999828338623,26.679999828338623,1488800,26.190795403513125,27.209999084472656,26.190795403513125,26.679999828338623,1.0,27.209999084472656,26.190795403513125,0
2025-08-13 14:00:00,CSMG3,CSMG3.SA,26.435397615925872,26.65999984741211,26.299999237060547,26.432499885559082,26.432499885559082,807100,26.435397615925872,26.65999984741211,26.299999237060547,26.432499885559082,1.0,26.65999984741211,26.299999237060547,0
2025-08-14 10:00:00,CSMG3,CSMG3.SA,26.433948750742477,27.059999465942383,26.219999313354492,26.587499618530273,26.587499618530273,617700,26.433948750742477,27.059999465942383,26.219999313354492,26.587499618530273,1.0,27.059999465942383,26.219999313354492,0
2025-08-14 14:00:00,CSMG3,CSMG3.SA,26.510724184636373,27.1299991607666,26.510724184636373,26.927499771118164,26.927499771118164,1175100,26.510724184636373,27.1299991607666,26.510724184636373,26.927499771118164,1.0,27.1299991607666,26.510724184636373,0
2025-08-15 10:00:00,CSMG3,CSMG3.SA,26.71911197787727,27.229999542236328,26.71911197787727,27.014999866485596,27.014999866485596,600400,26.71911197787727,27.229999542236328,26.71911197787727,27.014999866485596,1.0,27.229999542236328,26.71911197787727,0
2025-08-15 14:00:00,CSMG3,CSMG3.SA,26.867055922181432,26.93000030517578,26.649999618530273,26.80500030517578,26.80500030517578,1132500,26.867055922181432,26.93000030517578,26.649999618530273,26.80500030517578,1.0,26.93000030517578,26.649999618530273,0
2025-08-18 10:00:00,CSMG3,CSMG3.SA,26.83602811367861,27.030000686645508,26.520000457763672,26.77750015258789,26.77750015258789,659600,26.83602811367861,27.030000686645508,26.520000457763672,26.77750015258789,1.0,27.030000686645508,26.520000457763672,0
2025-08-18 14:00:00,CSMG3,CSMG3.SA,26.80676413313325,26.899999618530273,26.68000030517578,26.789999961853027,26.789999961853027,963500,26.80676413313325,26.899999618530273,26.68000030517578,26.789999961853027,1.0,26.899999618530273,26.68000030517578,0
2025-08-19 10:00:00,CSMG3,CSMG3.SA,26.79838204749314,26.79838204749314,26.100000381469727,26.427500247955322,26.427500247955322,557900,26.79838204749314,26.79838204749314,26.100000381469727,26.427500247955322,1.0,26.79838204749314,26.100000381469727,0
2025-08-19 14:00:00,CSMG3,CSMG3.SA,26.61294114772423,26.61294114772423,26.020000457763672,26.139999866485596,26.139999866485596,974200,26.61294114772423,26.61294114772423,26.020000457763672,26.139999866485596,1.0,26.61294114772423,26.020000457763672,0
2025-08-20 10:00:00,CSMG3,CSMG3.SA,26.376470507104912,26.3799991607666,25.639999389648438,26.089999675750732,26.089999675750732,873900,26.376470507104912,26.3799991607666,25.639999389648438,26.089999675750732,1.0,26.3799991607666,25.639999389648438,0
2025-08-20 14:00:00,CSMG3,CSMG3.SA,26.233235091427822,26.420000076293945,26.219999313354492,26.335000038146973,26.335000038146973,622000,26.233235091427822,26.420000076293945,26.219999313354492,26.335000038146973,1.0,26.420000076293945,26.219999313354492,0
2025-08-21 10:00:00,CSMG3,CSMG3.SA,26.284117564787397,26.979999542236328,26.200000762939453,26.614999771118164,26.614999771118164,807300,26.284117564787397,26.979999542236328,26.200000762939453,26.614999771118164,1.0,26.979999542236328,26.200000762939453,0
2025-08-21 14:00:00,CSMG3,CSMG3.SA,26.44955866795278,27.209999084472656,26.44955866795278,27.047499656677246,27.047499656677246,1262200,26.44955866795278,27.209999084472656,26.44955866795278,27.047499656677246,1.0,27.209999084472656,26.44955866795278,0
2025-08-22 10:00:00,CSMG3,CSMG3.SA,26.748529162315013,28.350000381469727,26.748529162315013,27.772500038146973,27.772500038146973,1541700,26.748529162315013,28.350000381469727,26.748529162315013,27.772500038146973,1.0,28.350000381469727,26.748529162315013,0
2025-08-22 14:00:00,CSMG3,CSMG3.SA,27.26051460023099,28.260000228881836,27.26051460023099,28.09500026702881,28.09500026702881,1840400,27.26051460023099,28.260000228881836,27.26051460023099,28.09500026702881,1.0,28.260000228881836,27.26051460023099,0
2025-08-25 10:00:00,CSMG3,CSMG3.SA,27.6777574336299,28.030000686645508,27.610000610351562,27.827500343322754,27.827500343322754,1201100,27.6777574336299,28.030000686645508,27.610000610351562,27.827500343322754,1.0,28.030000686645508,27.610000610351562,0
2025-08-25 14:00:00,CSMG3,CSMG3.SA,27.752628888476327,28.020000457763672,27.600000381469727,27.822500228881836,27.822500228881836,1289100,27.752628888476327,28.020000457763672,27.600000381469727,27.822500228881836,1.0,28.020000457763672,27.600000381469727,0
2025-08-26 10:00:00,CSMG3,CSMG3.SA,27.78756455867908,28.200000762939453,27.68000030517578,27.90750026702881,27.90750026702881,1517800,27.78756455867908,28.200000762939453,27.68000030517578,27.90750026702881,1.0,28.200000762939453,27.68000030517578,0
2025-08-26 14:00:00,CSMG3,CSMG3.SA,27.847532412853944,28.110000610351562,27.847532412853944,28.007500171661377,28.007500171661377,489000,27.847532412853944,28.110000610351562,27.847532412853944,28.007500171661377,1.0,28.110000610351562,27.847532412853944,0
2025-08-27 10:00:00,CSMG3,CSMG3.SA,27.92751629225766,29.0,27.92751629225766,28.429999828338623,28.429999828338623,1175700,27.92751629225766,29.0,27.92751629225766,28.429999828338623,1.0,29.0,27.92751629225766,0
2025-08-27 14:00:00,CSMG3,CSMG3.SA,28.178758060298144,29.149999618530273,28.178758060298144,28.880000114440918,28.880000114440918,2177200,28.178758060298144,29.149999618530273,28.178758060298144,28.880000114440918,1.0,29.149999618530273,28.178758060298144,0
2025-08-28 10:00:00,CSMG3,CSMG3.SA,28.52937908736953,29.950000762939453,28.52937908736953,29.420000076293945,29.420000076293945,1190600,28.52937908736953,29.950000762939453,28.52937908736953,29.420000076293945,1.0,29.950000762939453,28.52937908736953,0
2025-08-28 14:00:00,CSMG3,CSMG3.SA,28.97468958183174,29.75,28.97468958183174,29.637499809265137,29.637499809265137,1435400,28.97468958183174,29.75,28.97468958183174,29.637499809265137,1.0,29.75,28.97468958183174,0
2025-08-29 10:00:00,CSMG3,CSMG3.SA,29.30609469554844,30.270000457763672,29.30609469554844,29.990000247955322,29.990000247955322,1028200,29.30609469554844,30.270000457763672,29.30609469554844,29.990000247955322,1.0,30.270000457763672,29.30609469554844,0
2025-08-29 14:00:00,CSMG3,CSMG3.SA,29.64804747175188,30.209999084472656,29.64804747175188,30.05500030517578,30.05500030517578,1458100,29.64804747175188,30.209999084472656,29.64804747175188,30.05500030517578,1.0,30.209999084472656,29.64804747175188,0
2025-09-01 10:00:00,CSMG3,CSMG3.SA,29.85152388846383,30.459999084472656,29.149999618530273,29.78999948501587,29.78999948501587,894400,29.85152388846383,30.459999084472656,29.149999618530273,29.78999948501587,1.0,30.459999084472656,29.149999618530273,0
2025-09-01 14:00:00,CSMG3,CSMG3.SA,29.82076168673985,29.82076168673985,29.34000015258789,29.509999752044678,29.509999752044678,489300,29.82076168673985,29.82076168673985,29.34000015258789,29.509999752044678,1.0,29.82076168673985,29.34000015258789,0
2025-09-02 10:00:00,CSMG3,CSMG3.SA,29.665380719392264,30.1200008392334,28.950000762939453,29.535000324249268,29.535000324249268,1644800,29.665380719392264,30.1200008392334,28.950000762939453,29.535000324249268,1.0,30.1200008392334,28.950000762939453,0
2025-09-02 14:00:00,CSMG3,CSMG3.SA,29.600190521820764,29.850000381469727,29.520000457763672,29.72000026702881,29.72000026702881,1968100,29.600190521820764,29.850000381469727,29.520000457763672,29.72000026702881,1.0,29.850000381469727,29.520000457763672,0
2025-09-03 10:00:00,CSMG3,CSMG3.SA,29.660095394424786,30.0,29.59000015258789,29.797499656677246,29.797499656677246,525400,29.660095394424786,30.0,29.59000015258789,29.797499656677246,1.0,30.0,29.59000015258789,0
2025-09-03 14:00:00,CSMG3,CSMG3.SA,29.728797525551016,30.0,29.728797525551016,29.889999866485596,29.889999866485596,653500,29.728797525551016,30.0,29.728797525551016,29.889999866485596,1.0,30.0,29.728797525551016,0
2025-09-04 10:00:00,CSMG3,CSMG3.SA,29.809398696018306,30.959999084472656,29.809398696018306,30.552499771118164,30.552499771118164,7013300,29.809398696018306,30.959999084472656,29.809398696018306,30.552499771118164,1.0,30.959999084472656,29.809398696018306,0
2025-09-04 14:00:00,CSMG3,CSMG3.SA,30.180949233568235,31.25,30.180949233568235,31.014999866485596,31.014999866485596,1010000,30.180949233568235,31.25,30.180949233568235,31.014999866485596,1.0,31.25,30.180949233568235,0
2025-09-05 10:00:00,CSMG3,CSMG3.SA,30.597974550026915,31.979999542236328,30.597974550026915,31.577499389648438,31.577499389648438,4410500,30.597974550026915,31.979999542236328,30.597974550026915,31.577499389648438,1.0,31.979999542236328,30.597974550026915,0
2025-09-05 14:00:00,CSMG3,CSMG3.SA,31.087736969837678,31.899999618530273,31.087736969837678,31.65999984741211,31.65999984741211,1363400,31.087736969837678,31.899999618530273,31.087736969837678,31.65999984741211,1.0,31.899999618530273,31.087736969837678,0
2025-09-08 10:00:00,CSMG3,CSMG3.SA,31.373868408624894,31.520000457763672,31.06999969482422,31.355000019073486,31.355000019073486,1002600,31.373868408624894,31.520000457763672,31.06999969482422,31.355000019073486,1.0,31.520000457763672,31.06999969482422,0
2025-09-08 14:00:00,CSMG3,CSMG3.SA,31.36443421384919,31.860000610351562,31.36443421384919,31.632500171661377,31.632500171661377,1441200,31.36443421384919,31.860000610351562,31.36443421384919,31.632500171661377,1.0,31.860000610351562,31.36443421384919,0
2025-09-09 10:00:00,CSMG3,CSMG3.SA,31.498467192755285,31.920000076293945,31.489999771118164,31.65999984741211,31.65999984741211,2515100,31.498467192755285,31.920000076293945,31.489999771118164,31.65999984741211,1.0,31.920000076293945,31.489999771118164,0
2025-09-09 14:00:00,CSMG3,CSMG3.SA,31.579233520083697,31.780000686645508,31.56999969482422,31.667500019073486,31.667500019073486,1643900,31.579233520083697,31.780000686645508,31.56999969482422,31.667500019073486,1.0,31.780000686645508,31.56999969482422,0
2025-09-10 10:00:00,CSMG3,CSMG3.SA,31.623366769578592,31.920000076293945,31.450000762939453,31.625,31.625,987000,31.623366769578592,31.920000076293945,31.450000762939453,31.625,1.0,31.920000076293945,31.450000762939453,0
2025-09-10 14:00:00,CSMG3,CSMG3.SA,31.624183384789298,31.8700008392334,31.549999237060547,31.670000076293945,31.670000076293945,721600,31.624183384789298,31.8700008392334,31.549999237060547,31.670000076293945,1.0,31.8700008392334,31.549999237060547,0
2025-09-11 10:00:00,CSMG3,CSMG3.SA,31.64709173054162,32.2599983215332,31.450000762939453,31.822500228881836,31.822500228881836,1610900,31.64709173054162,32.2599983215332,31.450000762939453,31.822500228881836,1.0,32.2599983215332,31.450000762939453,0
2025-09-11 14:00:00,CSMG3,CSMG3.SA,31.734795979711727,32.2599983215332,31.734795979711727,32.03750038146973,32.03750038146973,1096200,31.734795979711727,32.2599983215332,31.734795979711727,32.03750038146973,1.0,32.2599983215332,31.734795979711727,0
2025-09-12 10:00:00,CSMG3,CSMG3.SA,31.886148180590727,32.09000015258789,31.700000762939453,31.97000026702881,31.97000026702881,689200,31.886148180590727,32.09000015258789,31.700000762939453,31.97000026702881,1.0,32.09000015258789,31.700000762939453,0
2025-09-12 14:00:00,CSMG3,CSMG3.SA,31.928074223809766,32.810001373291016,31.899999618530273,32.35000038146973,32.35000038146973,3317500,31.928074223809766,32.810001373291016,31.899999618530273,32.35000038146973,1.0,32.810001373291016,31.899999618530273,0
2025-09-15 10:00:00,CSMG3,CSMG3.SA,32.13903730263975,33.27000045776367,32.13903730263975,32.82249927520752,32.82249927520752,656600,32.13903730263975,33.27000045776367,32.13903730263975,32.82249927520752,1.0,33.27000045776367,32.13903730263975,0
2025-09-15 14:00:00,CSMG3,CSMG3.SA,32.480768288923635,32.939998626708984,32.480768288923635,32.832499504089355,32.832499504089355,298900,32.480768288923635,32.939998626708984,32.480768288923635,32.832499504089355,1.0,32.939998626708984,32.480768288923635,0
2025-09-16 10:00:00,CSMG3,CSMG3.SA,32.65663389650649,33.099998474121094,32.439998626708984,32.849998474121094,32.849998474121094,1031200,32.65663389650649,33.099998474121094,32.439998626708984,32.849998474121094,1.0,33.099998474121094,32.439998626708984,0
2025-09-16 14:00:00,CSMG3,CSMG3.SA,32.75331618531379,32.93000030517578,32.70000076293945,32.81750011444092,32.81750011444092,903100,32.75331618531379,32.93000030517578,32.70000076293945,32.81750011444092,1.0,32.93000030517578,32.70000076293945,0
2025-09-17 10:00:00,CSMG3,CSMG3.SA,32.785408149877355,33.27000045776367,32.7400016784668,33.010000228881836,33.010000228881836,644500,32.785408149877355,33.27000045776367,32.7400016784668,33.010000228881836,1.0,33.27000045776367,32.7400016784668,0
2025-09-17 14:00:00,CSMG3,CSMG3.SA,32.897704189379596,33.439998626708984,32.897704189379596,33.3125,33.3125,1056300,32.897704189379596,33.439998626708984,32.897704189379596,33.3125,1.0,33.439998626708984,32.897704189379596,0
2025-09-18 10:00:00,CSMG3,CSMG3.SA,33.1051020946898,33.86000061035156,33.1051020946898,33.47249984741211,33.47249984741211,297700,33.1051020946898,33.86000061035156,33.1051020946898,33.47249984741211,1.0,33.86000061035156,33.1051020946898,0
2025-09-18 14:00:00,CSMG3,CSMG3.SA,33.288800971050954,33.59000015258789,33.2599983215332,33.40999984741211,33.40999984741211,453200,33.288800971050954,33.59000015258789,33.2599983215332,33.40999984741211,1.0,33.59000015258789,33.2599983215332,0
2025-09-19 10:00:00,CSMG3,CSMG3.SA,33.349400409231535,33.619998931884766,33.189998626708984,33.40999984741211,33.40999984741211,308900,33.349400409231535,33.619998931884766,33.189998626708984,33.40999984741211,1.0,33.619998931884766,33.189998626708984,0
2025-09-19 14:00:00,CSMG3,CSMG3.SA,33.37970012832182,33.619998931884766,33.349998474121094,33.489999771118164,33.489999771118164,490000,33.37970012832182,33.619998931884766,33.349998474121094,33.489999771118164,1.0,33.619998931884766,33.349998474121094,0
2025-09-22 10:00:00,CSMG3,CSMG3.SA,33.43484994971999,33.650001525878906,33.150001525878906,33.40250110626221,33.40250110626221,426400,33.43484994971999,33.650001525878906,33.150001525878906,33.40250110626221,1.0,33.650001525878906,33.150001525878906,0
2025-09-22 14:00:00,CSMG3,CSMG3.SA,33.4186755279911,33.869998931884766,33.4186755279911,33.617499351501465,33.617499351501465,532400,33.4186755279911,33.869998931884766,33.4186755279911,33.617499351501465,1.0,33.869998931884766,33.4186755279911,0
2025-09-23 10:00:00,CSMG3,CSMG3.SA,33.51808743974628,33.79999923706055,33.08000183105469,33.47249984741211,33.47249984741211,494300,33.51808743974628,33.79999923706055,33.08000183105469,33.47249984741211,1.0,33.79999923706055,33.08000183105469,0
2025-09-23 14:00:00,CSMG3,CSMG3.SA,33.495293643579195,33.970001220703125,33.495293643579195,33.747501373291016,33.747501373291016,684800,33.495293643579195,33.970001220703125,33.495293643579195,33.747501373291016,1.0,33.970001220703125,33.495293643579195,0
2025-09-24 10:00:00,CSMG3,CSMG3.SA,33.62139750843511,33.790000915527344,33.310001373291016,33.4925012588501,33.4925012588501,537600,33.62139750843511,33.790000915527344,33.310001373291016,33.4925012588501,1.0,33.790000915527344,33.310001373291016,0
2025-09-24 14:00:00,CSMG3,CSMG3.SA,33.5569493836426,33.720001220703125,33.34000015258789,33.489999771118164,33.489999771118164,354500,33.5569493836426,33.720001220703125,33.34000015258789,33.489999771118164,1.0,33.720001220703125,33.34000015258789,0
2025-09-25 10:00:00,CSMG3,CSMG3.SA,33.523474577380384,33.7599983215332,33.11000061035156,33.519999504089355,33.519999504089355,463000,33.523474577380384,33.7599983215332,33.11000061035156,33.519999504089355,1.0,33.7599983215332,33.11000061035156,0
2025-09-25 14:00:00,CSMG3,CSMG3.SA,33.52173704073487,33.779998779296875,33.45000076293945,33.625,33.625,925100,33.52173704073487,33.779998779296875,33.45000076293945,33.625,1.0,33.779998779296875,33.45000076293945,0
2025-09-26 10:00:00,CSMG3,CSMG3.SA,33.57336852036744,34.119998931884766,33.029998779296875,33.5024995803833,33.5024995803833,551200,33.57336852036744,34.119998931884766,33.029998779296875,33.5024995803833,1.0,34.119998931884766,33.029998779296875,0
2025-09-26 14:00:00,CSMG3,CSMG3.SA,33.53793405037537,33.880001068115234,33.06999969482422,33.454999923706055,33.454999923706055,1015600,33.53793405037537,33.880001068115234,33.06999969482422,33.454999923706055,1.0,33.880001068115234,33.06999969482422,0
2025-09-29 10:00:00,CSMG3,CSMG3.SA,33.49646698704071,34.5,33.49646698704071,34.117499351501465,34.117499351501465,461400,33.49646698704071,34.5,33.49646698704071,34.117499351501465,1.0,34.5,33.49646698704071,0
2025-09-29 14:00:00,CSMG3,CSMG3.SA,33.80698316927109,34.459999084472656,33.80698316927109,34.32499980926514,34.32499980926514,567100,33.80698316927109,34.459999084472656,33.80698316927109,34.32499980926514,1.0,34.459999084472656,33.80698316927109,0
2025-09-30 10:00:00,CSMG3,CSMG3.SA,34.065991489268114,34.81999969482422,34.065991489268114,34.52999973297119,34.52999973297119,689900,34.065991489268114,34.81999969482422,34.065991489268114,34.52999973297119,1.0,34.81999969482422,34.065991489268114,0
2025-09-30 14:00:00,CSMG3,CSMG3.SA,34.29799561111965,34.88999938964844,34.29799561111965,34.63999938964844,34.63999938964844,663700,34.29799561111965,34.88999938964844,34.29799561111965,34.63999938964844,1.0,34.88999938964844,34.29799561111965,0
2025-10-01 10:00:00,CSMG3,CSMG3.SA,34.46899750038405,34.689998626708984,34.279998779296875,34.51499938964844,34.51499938964844,640200,34.46899750038405,34.689998626708984,34.279998779296875,34.51499938964844,1.0,34.689998626708984,34.279998779296875,0
2025-10-01 14:00:00,CSMG3,CSMG3.SA,34.49199844501624,34.650001525878906,34.349998474121094,34.50749969482422,34.50749969482422,659000,34.49199844501624,34.650001525878906,34.349998474121094,34.50749969482422,1.0,34.650001525878906,34.349998474121094,0
2025-10-02 10:00:00,CSMG3,CSMG3.SA,34.49974906992023,34.72999954223633,34.0,34.28999996185303,34.28999996185303,458500,34.49974906992023,34.72999954223633,34.0,34.28999996185303,1.0,34.72999954223633,34.0,0
2025-10-02 14:00:00,CSMG3,CSMG3.SA,34.39487451588663,34.39487451588663,33.75,33.96500015258789,33.96500015258789,596800,34.39487451588663,34.39487451588663,33.75,33.96500015258789,1.0,34.39487451588663,33.75,0
2025-10-03 10:00:00,CSMG3,CSMG3.SA,34.17993733423726,34.17993733423726,33.45000076293945,33.90749931335449,33.90749931335449,539300,34.17993733423726,34.17993733423726,33.45000076293945,33.90749931335449,1.0,34.17993733423726,33.45000076293945,0
2025-10-03 14:00:00,CSMG3,CSMG3.SA,34.04371832379587,34.290000915527344,34.029998779296875,34.11999988555908,34.11999988555908,726500,34.04371832379587,34.290000915527344,34.029998779296875,34.11999988555908,1.0,34.290000915527344,34.029998779296875,0
2025-10-06 10:00:00,CSMG3,CSMG3.SA,34.08185910467748,34.099998474121094,33.52000045776367,33.8774995803833,33.8774995803833,427100,34.08185910467748,34.099998474121094,33.52000045776367,33.8774995803833,1.0,34.099998474121094,33.52000045776367,0
2025-10-06 14:00:00,CSMG3,CSMG3.SA,33.97967934253039,33.97967934253039,33.59000015258789,33.75749969482422,33.75749969482422,374600,33.97967934253039,33.97967934253039,33.59000015258789,33.75749969482422,1.0,33.97967934253039,33.59000015258789,0
2025-10-07 10:00:00,CSMG3,CSMG3.SA,33.868589518677304,33.868589518677304,33.0,33.40250015258789,33.40250015258789,1298600,33.868589518677304,33.868589518677304,33.0,33.40250015258789,1.0,33.868589518677304,33.0,0
2025-10-07 14:00:00,CSMG3,CSMG3.SA,33.6355448356326,33.6355448356326,33.189998626708984,33.32999897003174,33.32999897003174,449100,33.6355448356326,33.6355448356326,33.189998626708984,33.32999897003174,1.0,33.6355448356326,33.189998626708984,0
2025-10-08 10:00:00,CSMG3,CSMG3.SA,33.48277190283217,33.72999954223633,33.2599983215332,33.482500076293945,33.482500076293945,829800,33.48277190283217,33.72999954223633,33.2599983215332,33.482500076293945,1.0,33.72999954223633,33.2599983215332,0
2025-10-08 14:00:00,CSMG3,CSMG3.SA,33.48263598956306,33.48263598956306,32.970001220703125,33.195000648498535,33.195000648498535,806000,33.48263598956306,33.48263598956306,32.970001220703125,33.195000648498535,1.0,33.48263598956306,32.970001220703125,0
2025-10-09 10:00:00,CSMG3,CSMG3.SA,33.33881831903079,33.47999954223633,32.84000015258789,33.144999504089355,33.144999504089355,539100,33.33881831903079,33.47999954223633,32.84000015258789,33.144999504089355,1.0,33.47999954223633,32.84000015258789,0
2025-10-09 14:00:00,CSMG3,CSMG3.SA,33.241908911560074,33.470001220703125,33.220001220703125,33.34000110626221,33.34000110626221,703900,33.241908911560074,33.470001220703125,33.220001220703125,33.34000110626221,1.0,33.470001220703125,33.220001220703125,0
2025-10-10 10:00:00,CSMG3,CSMG3.SA,33.29095500891114,33.5,32.7599983215332,33.092498779296875,33.092498779296875,495500,33.29095500891114,33.5,32.7599983215332,33.092498779296875,1.0,33.5,32.7599983215332,0
2025-10-10 14:00:00,CSMG3,CSMG3.SA,33.19172689410401,33.4900016784668,32.72999954223633,33.10249996185303,33.10249996185303,686000,33.19172689410401,33.4900016784668,32.72999954223633,33.10249996185303,1.0,33.4900016784668,32.72999954223633,0
2025-10-13 10:00:00,CSMG3,CSMG3.SA,33.14711342797852,33.86000061035156,33.14711342797852,33.61250019073486,33.61250019073486,382900,33.14711342797852,33.86000061035156,33.14711342797852,33.61250019073486,1.0,33.86000061035156,33.14711342797852,0
2025-10-13 14:00:00,CSMG3,CSMG3.SA,33.379806809356694,33.70000076293945,33.379806809356694,33.59500026702881,33.59500026702881,762900,33.379806809356694,33.70000076293945,33.379806809356694,33.59500026702881,1.0,33.70000076293945,33.379806809356694,0
2025-10-14 10:00:00,CSMG3,CSMG3.SA,33.48740353819275,34.349998474121094,33.48740353819275,33.957499504089355,33.957499504089355,419200,33.48740353819275,34.349998474121094,33.48740353819275,33.957499504089355,1.0,34.349998474121094,33.48740353819275,0
2025-10-14 14:00:00,CSMG3,CSMG3.SA,33.72245152114105,34.58000183105469,33.72245152114105,34.292500495910645,34.292500495910645,544500,33.72245152114105,34.58000183105469,33.72245152114105,34.292500495910645,1.0,34.58000183105469,33.72245152114105,0
2025-10-15 10:00:00,CSMG3,CSMG3.SA,34.00747600852585,35.61000061035156,34.00747600852585,34.982500076293945,34.982500076293945,2009400,34.00747600852585,35.61000061035156,34.00747600852585,34.982500076293945,1.0,35.61000061035156,34.00747600852585,0
2025-10-15 14:00:00,CSMG3,CSMG3.SA,34.4949880424099,36.209999084472656,34.4949880424099,35.78249931335449,35.78249931335449,2051600,34.4949880424099,36.209999084472656,34.4949880424099,35.78249931335449,1.0,36.209999084472656,34.4949880424099,0
2025-10-16 10:00:00,CSMG3,CSMG3.SA,35.138743677882196,36.15999984741211,35.138743677882196,35.875,35.875,999300,35.138743677882196,36.15999984741211,35.138743677882196,35.875,1.0,36.15999984741211,35.138743677882196,0
2025-10-16 14:00:00,CSMG3,CSMG3.SA,35.506871838941095,35.869998931884766,35.506871838941095,35.75749969482422,35.75749969482422,788000,35.506871838941095,35.869998931884766,35.506871838941095,35.75749969482422,1.0,35.869998931884766,35.506871838941095,0
2025-10-17 10:00:00,CSMG3,CSMG3.SA,35.63218576688266,35.689998626708984,35.22999954223633,35.53999900817871,35.53999900817871,701500,35.63218576688266,35.689998626708984,35.22999954223633,35.53999900817871,1.0,35.689998626708984,35.22999954223633,0
2025-10-17 14:00:00,CSMG3,CSMG3.SA,35.586092387530684,35.880001068115234,35.54999923706055,35.70750045776367,35.70750045776367,511500,35.586092387530684,35.880001068115234,35.54999923706055,35.70750045776367,1.0,35.880001068115234,35.54999923706055,0
2025-10-20 10:00:00,CSMG3,CSMG3.SA,35.64679642264718,36.91999816894531,35.64679642264718,36.117499351501465,36.117499351501465,1462300,35.64679642264718,36.91999816894531,35.64679642264718,36.117499351501465,1.0,36.91999816894531,35.64679642264718,0
2025-10-20 14:00:00,CSMG3,CSMG3.SA,35.882147887074325,36.209999084472656,35.882147887074325,36.084999084472656,36.084999084472656,627500,35.882147887074325,36.209999084472656,35.882147887074325,36.084999084472656,1.0,36.209999084472656,35.882147887074325,0
2025-10-21 10:00:00,CSMG3,CSMG3.SA,35.98357348577349,36.380001068115234,35.849998474121094,36.00749969482422,36.00749969482422,1045900,35.98357348577349,36.380001068115234,35.849998474121094,36.00749969482422,1.0,36.380001068115234,35.849998474121094,0
2025-10-21 14:00:00,CSMG3,CSMG3.SA,35.995536590298855,36.0,35.619998931884766,35.81750011444092,35.81750011444092,1978400,35.995536590298855,36.0,35.619998931884766,35.81750011444092,1.0,36.0,35.619998931884766,0
2025-10-22 10:00:00,CSMG3,CSMG3.SA,35.906518352369886,36.04999923706055,35.470001220703125,35.85000038146973,35.85000038146973,686400,35.906518352369886,36.04999923706055,35.470001220703125,35.85000038146973,1.0,36.04999923706055,35.470001220703125,0
2025-10-22 14:00:00,CSMG3,CSMG3.SA,35.878259366919806,36.189998626708984,35.878259366919806,36.03499889373779,36.03499889373779,557400,35.878259366919806,36.189998626708984,35.878259366919806,36.03499889373779,1.0,36.189998626708984,35.878259366919806,0
2025-10-23 10:00:00,CSMG3,CSMG3.SA,35.9566291303288,36.54999923706055,35.9566291303288,36.28999900817871,36.28999900817871,541500,35.9566291303288,36.54999923706055,35.9566291303288,36.28999900817871,1.0,36.54999923706055,35.9566291303288,0
2025-10-23 14:00:00,CSMG3,CSMG3.SA,36.12331406925375,36.47999954223633,36.12331406925375,36.339999198913574,36.339999198913574,783100,36.12331406925375,36.47999954223633,36.12331406925375,36.339999198913574,1.0,36.47999954223633,36.12331406925375,0
2025-10-24 10:00:00,CSMG3,CSMG3.SA,36.23165663408366,37.45000076293945,36.23165663408366,37.017499923706055,37.017499923706055,1569400,36.23165663408366,37.45000076293945,36.23165663408366,37.017499923706055,1.0,37.45000076293945,36.23165663408366,0
2025-10-24 14:00:00,CSMG3,CSMG3.SA,36.62457827889486,37.81999969482422,36.62457827889486,37.48249912261963,37.48249912261963,1572100,36.62457827889486,37.81999969482422,36.62457827889486,37.48249912261963,1.0,37.81999969482422,36.62457827889486,0
2025-10-27 10:00:00,CSMG3,CSMG3.SA,37.053538700757244,38.09000015258789,36.900001525878906,37.447500228881836,37.447500228881836,953100,37.053538700757244,38.09000015258789,36.900001525878906,37.447500228881836,1.0,38.09000015258789,36.900001525878906,0
2025-10-27 14:00:00,CSMG3,CSMG3.SA,37.25051946481954,37.25051946481954,37.08000183105469,37.13500118255615,37.13500118255615,429100,37.25051946481954,37.25051946481954,37.08000183105469,37.13500118255615,1.0,37.25051946481954,37.08000183105469,0
2025-10-28 10:00:00,CSMG3,CSMG3.SA,37.19276032368785,38.11000061035156,36.97999954223633,37.54999923706055,37.54999923706055,937900,37.19276032368785,38.11000061035156,36.97999954223633,37.54999923706055,1.0,38.11000061035156,36.97999954223633,0
2025-10-28 14:00:00,CSMG3,CSMG3.SA,37.3713797803742,38.02000045776367,37.3713797803742,37.88000011444092,37.88000011444092,555900,37.3713797803742,38.02000045776367,37.3713797803742,37.88000011444092,1.0,38.02000045776367,37.3713797803742,0
2025-10-29 10:00:00,CSMG3,CSMG3.SA,37.62568994740756,38.099998474121094,37.619998931884766,37.82749938964844,37.82749938964844,687700,37.62568994740756,38.099998474121094,37.619998931884766,37.82749938964844,1.0,38.099998474121094,37.619998931884766,0
2025-10-29 14:00:00,CSMG3,CSMG3.SA,37.726594668527994,37.726594668527994,37.5099983215332,37.6324987411499,37.6324987411499,504900,37.726594668527994,37.726594668527994,37.5099983215332,37.6324987411499,1.0,37.726594668527994,37.5099983215332,0
2025-10-30 10:00:00,CSMG3,CSMG3.SA,37.67954670483895,37.67954670483895,37.04999923706055,37.38999938964844,37.38999938964844,353800,37.67954670483895,37.67954670483895,37.04999923706055,37.38999938964844,1.0,37.67954670483895,37.04999923706055,0
2025-10-30 14:00:00,CSMG3,CSMG3.SA,37.53477304724369,37.66999816894531,37.459999084472656,37.527499198913574,37.527499198913574,447200,37.53477304724369,37.66999816894531,37.459999084472656,37.527499198913574,1.0,37.66999816894531,37.459999084472656,0
2025-10-31 10:00:00,CSMG3,CSMG3.SA,37.53113612307863,37.779998779296875,37.279998779296875,37.582499504089355,37.582499504089355,888200,37.53113612307863,37.779998779296875,37.279998779296875,37.582499504089355,1.0,37.779998779296875,37.279998779296875,0
2025-10-31 14:00:00,CSMG3,CSMG3.SA,37.55681781358399,37.7599983215332,37.4900016784668,37.6225004196167,37.6225004196167,652400,37.55681781358399,37.7599983215332,37.4900016784668,37.6225004196167,1.0,37.7599983215332,37.4900016784668,0
2025-11-03 10:00:00,CSMG3,CSMG3.SA,37.589659116600345,37.88999938964844,37.400001525878906,37.70000076293945,37.70000076293945,836900,37.589659116600345,37.88999938964844,37.400001525878906,37.70000076293945,1.0,37.88999938964844,37.400001525878906,0
2025-11-03 14:00:00,CSMG3,CSMG3.SA,37.6448299397699,37.72999954223633,37.349998474121094,37.57249927520752,37.57249927520752,785600,37.6448299397699,37.72999954223633,37.349998474121094,37.57249927520752,1.0,37.72999954223633,37.349998474121094,0
2025-11-04 10:00:00,CSMG3,CSMG3.SA,37.608664607488706,37.790000915527344,37.0,37.40999984741211,37.40999984741211,860500,37.608664607488706,37.790000915527344,37.0,37.40999984741211,1.0,37.790000915527344,37.0,0
2025-11-04 14:00:00,CSMG3,CSMG3.SA,37.50933222745041,37.66999816894531,37.22999954223633,37.489999771118164,37.489999771118164,484700,37.50933222745041,37.66999816894531,37.22999954223633,37.489999771118164,1.0,37.66999816894531,37.22999954223633,0
2025-11-05 10:00:00,CSMG3,CSMG3.SA,37.49966599928429,38.22999954223633,37.31999969482422,37.83500003814697,37.83500003814697,1417500,37.49966599928429,38.22999954223633,37.31999969482422,37.83500003814697,1.0,38.22999954223633,37.31999969482422,0
2025-11-05 14:00:00,CSMG3,CSMG3.SA,37.66733301871563,38.63999938964844,37.66733301871563,38.32499980926514,38.32499980926514,763900,37.66733301871563,38.63999938964844,37.66733301871563,38.32499980926514,1.0,38.63999938964844,37.66733301871563,0
2025-11-06 10:00:00,CSMG3,CSMG3.SA,37.99616641399038,38.83000183105469,37.99616641399038,38.40250015258789,38.40250015258789,1056300,37.99616641399038,38.83000183105469,37.99616641399038,38.40250015258789,1.0,38.83000183105469,37.99616641399038,0
2025-11-06 14:00:00,CSMG3,CSMG3.SA,38.199333283289135,38.27000045776367,38.06999969482422,38.1850004196167,38.1850004196167,249400,38.199333283289135,38.27000045776367,38.06999969482422,38.1850004196167,1.0,38.27000045776367,38.06999969482422,0
2025-11-07 10:00:00,CSMG3,CSMG3.SA,38.19216685145292,38.400001525878906,37.43000030517578,37.92750072479248,37.92750072479248,808800,38.19216685145292,38.400001525878906,37.43000030517578,37.92750072479248,1.0,38.400001525878906,37.43000030517578,0
2025-11-07 14:00:00,CSMG3,CSMG3.SA,38.0598337881227,38.0598337881227,37.400001525878906,37.572500228881836,37.572500228881836,590300,38.0598337881227,38.0598337881227,37.400001525878906,37.572500228881836,1.0,38.0598337881227,37.400001525878906,0
2025-11-10 10:00:00,CSMG3,CSMG3.SA,37.81616700850227,37.900001525878906,37.5,37.730000495910645,37.730000495910645,327000,37.81616700850227,37.900001525878906,37.5,37.730000495910645,1.0,37.900001525878906,37.5,0
2025-11-10 14:00:00,CSMG3,CSMG3.SA,37.77308375220646,37.779998779296875,37.61000061035156,37.68499946594238,37.68499946594238,149800,37.77308375220646,37.779998779296875,37.61000061035156,37.68499946594238,1.0,37.779998779296875,37.61000061035156,0
2025-11-11 10:00:00,CSMG3,CSMG3.SA,37.72904160907442,38.540000915527344,37.52000045776367,37.9300012588501,37.9300012588501,710600,37.72904160907442,38.540000915527344,37.52000045776367,37.9300012588501,1.0,38.540000915527344,37.52000045776367,0
2025-11-11 14:00:00,CSMG3,CSMG3.SA,37.829521433962256,38.22999954223633,37.829521433962256,38.03999996185303,38.03999996185303,428100,37.829521433962256,38.22999954223633,37.829521433962256,38.03999996185303,1.0,38.22999954223633,37.829521433962256,0
2025-11-12 10:00:00,CSMG3,CSMG3.SA,37.93476069790764,38.31999969482422,37.81999969482422,38.079999923706055,38.079999923706055,198700,37.93476069790764,38.31999969482422,37.81999969482422,38.079999923706055,1.0,38.31999969482422,37.81999969482422,0
2025-11-12 14:00:00,CSMG3,CSMG3.SA,38.00738031080685,38.459999084472656,38.00738031080685,38.28499889373779,38.28499889373779,481600,38.00738031080685,38.459999084472656,38.00738031080685,38.28499889373779,1.0,38.459999084472656,38.00738031080685,0
2025-11-13 10:00:00,CSMG3,CSMG3.SA,38.14618960227232,38.61000061035156,38.0,38.28499984741211,38.28499984741211,270100,38.14618960227232,38.61000061035156,38.0,38.28499984741211,1.0,38.61000061035156,38.0,0
2025-11-13 14:00:00,CSMG3,CSMG3.SA,38.21559472484222,38.439998626708984,38.11000061035156,38.27499961853027,38.27499961853027,339000,38.21559472484222,38.439998626708984,38.11000061035156,38.27499961853027,1.0,38.439998626708984,38.11000061035156,0
2025-11-14 10:00:00,CSMG3,CSMG3.SA,38.245297171686246,39.45000076293945,38.245297171686246,38.917500495910645,38.917500495910645,780000,38.245297171686246,39.45000076293945,38.245297171686246,38.917500495910645,1.0,39.45000076293945,38.245297171686246,0
2025-11-14 14:00:00,CSMG3,CSMG3.SA,38.581398833798445,39.40999984741211,38.581398833798445,39.214999198913574,39.214999198913574,1183200,38.581398833798445,39.40999984741211,38.581398833798445,39.214999198913574,1.0,39.40999984741211,38.581398833798445,0
2025-11-17 10:00:00,CSMG3,CSMG3.SA,38.89819901635601,39.560001373291016,38.84000015258789,39.19000053405762,39.19000053405762,515300,38.89819901635601,39.560001373291016,38.84000015258789,39.19000053405762,1.0,39.560001373291016,38.84000015258789,0
2025-11-17 14:00:00,CSMG3,CSMG3.SA,39.04409977520682,39.22999954223633,38.619998931884766,38.8774995803833,38.8774995803833,1132700,39.04409977520682,39.22999954223633,38.619998931884766,38.8774995803833,1.0,39.22999954223633,38.619998931884766,0
2025-11-18 10:00:00,CSMG3,CSMG3.SA,38.96079967779506,38.96079967779506,38.209999084472656,38.42499923706055,38.42499923706055,305600,38.96079967779506,38.96079967779506,38.209999084472656,38.42499923706055,1.0,38.96079967779506,38.209999084472656,0
2025-11-18 14:00:00,CSMG3,CSMG3.SA,38.6928994574278,38.6928994574278,38.09000015258789,38.257500648498535,38.257500648498535,338600,38.6928994574278,38.6928994574278,38.09000015258789,38.257500648498535,1.0,38.6928994574278,38.09000015258789,0
2025-11-19 10:00:00,CSMG3,CSMG3.SA,38.47520005296317,38.47520005296317,37.58000183105469,37.890000343322754,37.890000343322754,469600,38.47520005296317,38.47520005296317,37.58000183105469,37.890000343322754,1.0,38.47520005296317,37.58000183105469,0
2025-11-19 14:00:00,CSMG3,CSMG3.SA,38.182600198142964,38.182600198142964,37.70000076293945,37.86250019073486,37.86250019073486,600200,38.182600198142964,38.182600198142964,37.70000076293945,37.86250019073486,1.0,38.182600198142964,37.70000076293945,0
2025-11-21 10:00:00,CSMG3,CSMG3.SA,38.022550194438914,38.22999954223633,37.34000015258789,37.864999771118164,37.864999771118164,737100,38.022550194438914,38.22999954223633,37.34000015258789,37.864999771118164,1.0,38.22999954223633,37.34000015258789,0
2025-11-21 14:00:00,CSMG3,CSMG3.SA,37.943774982778535,37.943774982778535,37.689998626708984,37.842498779296875,37.842498779296875,401600,37.943774982778535,37.943774982778535,37.689998626708984,37.842498779296875,1.0,37.943774982778535,37.689998626708984,0
2025-11-24 10:00:00,CSMG3,CSMG3.SA,37.893136881037705,38.560001373291016,37.790000915527344,38.197500228881836,38.197500228881836,349900,37.893136881037705,38.560001373291016,37.790000915527344,38.197500228881836,1.0,38.560001373291016,37.790000915527344,0
2025-11-24 14:00:00,CSMG3,CSMG3.SA,38.04531855495977,38.689998626708984,38.04531855495977,38.49250030517578,38.49250030517578,304100,38.04531855495977,38.689998626708984,38.04531855495977,38.49250030517578,1.0,38.689998626708984,38.04531855495977,0
2025-11-25 10:00:00,CSMG3,CSMG3.SA,38.26890943006778,39.380001068115234,38.26890943006778,38.867499351501465,38.867499351501465,411400,38.26890943006778,39.380001068115234,38.26890943006778,38.867499351501465,1.0,39.380001068115234,38.26890943006778,0
2025-11-25 14:00:00,CSMG3,CSMG3.SA,38.56820439078462,39.2400016784668,38.56820439078462,39.125,39.125,297600,38.56820439078462,39.2400016784668,38.56820439078462,39.125,1.0,39.2400016784668,38.56820439078462,0
2025-11-26 10:00:00,CSMG3,CSMG3.SA,38.84660219539231,40.54999923706055,38.84660219539231,39.790000915527344,39.790000915527344,1413400,38.84660219539231,40.54999923706055,38.84660219539231,39.790000915527344,1.0,40.54999923706055,38.84660219539231,0
2025-11-26 14:00:00,CSMG3,CSMG3.SA,39.318301555459826,40.130001068115234,39.318301555459826,39.852500915527344,39.852500915527344,648800,39.318301555459826,40.130001068115234,39.318301555459826,39.852500915527344,1.0,40.130001068115234,39.318301555459826,0
2025-11-27 10:00:00,CSMG3,CSMG3.SA,39.585401235493585,41.849998474121094,39.585401235493585,40.642499923706055,40.642499923706055,1804600,39.585401235493585,41.849998474121094,39.585401235493585,40.642499923706055,1.0,41.849998474121094,39.585401235493585,0
2025-11-27 14:00:00,CSMG3,CSMG3.SA,40.113950579599816,41.63999938964844,40.113950579599816,41.29999923706055,41.29999923706055,717100,40.113950579599816,41.63999938964844,40.113950579599816,41.29999923706055,1.0,41.63999938964844,40.113950579599816,0
2025-11-28 10:00:00,CSMG3,CSMG3.SA,40.70697490833018,41.52000045776367,40.560001373291016,41.105000495910645,41.105000495910645,838600,40.70697490833018,41.52000045776367,40.560001373291016,41.105000495910645,1.0,41.52000045776367,40.560001373291016,0
2025-11-28 14:00:00,CSMG3,CSMG3.SA,40.90598770212041,41.439998626708984,40.86000061035156,41.142499923706055,41.142499923706055,468500,40.90598770212041,41.439998626708984,40.86000061035156,41.142499923706055,1.0,41.439998626708984,40.86000061035156,0
2025-12-01 10:00:00,CSMG3,CSMG3.SA,41.024243812913234,42.75,41.024243812913234,42.04999923706055,42.04999923706055,1982900,41.024243812913234,42.75,41.024243812913234,42.04999923706055,1.0,42.75,41.024243812913234,0
2025-12-01 14:00:00,CSMG3,CSMG3.SA,41.53712152498689,42.61000061035156,41.53712152498689,42.47500038146973,42.47500038146973,1523900,41.53712152498689,42.61000061035156,41.53712152498689,42.47500038146973,1.0,42.61000061035156,41.53712152498689,0
2025-12-02 10:00:00,CSMG3,CSMG3.SA,42.00606095322831,43.599998474121094,42.00606095322831,43.17499923706055,43.17499923706055,1445000,42.00606095322831,43.599998474121094,42.00606095322831,43.17499923706055,1.0,43.599998474121094,42.00606095322831,0
2025-12-02 14:00:00,CSMG3,CSMG3.SA,42.59053009514443,43.93000030517578,42.59053009514443,43.562500953674316,43.562500953674316,1639900,42.59053009514443,43.93000030517578,42.59053009514443,43.562500953674316,1.0,43.93000030517578,42.59053009514443,0
2025-12-03 10:00:00,CSMG3,CSMG3.SA,43.07651552440937,43.9900016784668,42.56999969482422,43.352500915527344,43.352500915527344,984500,43.07651552440937,43.9900016784668,42.56999969482422,43.352500915527344,1.0,43.9900016784668,42.56999969482422,0
2025-12-03 14:00:00,CSMG3,CSMG3.SA,43.21450821996836,43.21450821996836,42.540000915527344,42.76249980926514,42.76249980926514,533300,43.21450821996836,43.21450821996836,42.540000915527344,42.76249980926514,1.0,43.21450821996836,42.540000915527344,0
2025-12-04 10:00:00,CSMG3,CSMG3.SA,42.98850401461675,43.54999923706055,42.779998779296875,43.019999504089355,43.019999504089355,464400,42.98850401461675,43.54999923706055,42.779998779296875,43.019999504089355,1.0,43.54999923706055,42.779998779296875,0
2025-12-04 14:00:00,CSMG3,CSMG3.SA,43.00425175935305,43.00425175935305,42.43000030517578,42.69499969482422,42.69499969482422,1378000,43.00425175935305,43.00425175935305,42.43000030517578,42.69499969482422,1.0,43.00425175935305,42.43000030517578,0
2025-12-05 10:00:00,CSMG3,CSMG3.SA,42.849625727088636,43.130001068115234,41.7599983215332,42.36750030517578,42.36750030517578,637700,42.849625727088636,43.130001068115234,41.7599983215332,42.36750030517578,1.0,43.130001068115234,41.7599983215332,0
2025-12-05 14:00:00,CSMG3,CSMG3.SA,42.60856301613221,42.60856301613221,41.27000045776367,41.84249973297119,41.84249973297119,1030500,42.60856301613221,42.60856301613221,41.27000045776367,41.84249973297119,1.0,42.60856301613221,41.27000045776367,0
2025-12-08 10:00:00,CSMG3,CSMG3.SA,42.2255313745517,43.91999816894531,41.79999923706055,42.85249900817871,42.85249900817871,1950800,42.2255313745517,43.91999816894531,41.79999923706055,42.85249900817871,1.0,43.91999816894531,41.79999923706055,0
2025-12-08 14:00:00,CSMG3,CSMG3.SA,42.53901519136521,44.11000061035156,42.53901519136521,43.71999931335449,43.71999931335449,931800,42.53901519136521,44.11000061035156,42.53901519136521,43.71999931335449,1.0,44.11000061035156,42.53901519136521,0
2025-12-09 10:00:00,CSMG3,CSMG3.SA,43.12950725235985,43.220001220703125,41.970001220703125,42.79750061035156,42.79750061035156,643400,43.12950725235985,43.220001220703125,41.970001220703125,42.79750061035156,1.0,43.220001220703125,41.970001220703125,0
2025-12-09 14:00:00,CSMG3,CSMG3.SA,42.9635039313557,43.06999969482422,42.52000045776367,42.84249973297119,42.84249973297119,479000,42.9635039313557,43.06999969482422,42.52000045776367,42.84249973297119,1.0,43.06999969482422,42.52000045776367,0
2025-12-10 10:00:00,CSMG3,CSMG3.SA,42.90300183216345,43.220001220703125,42.709999084472656,42.97749996185303,42.97749996185303,244100,42.90300183216345,43.220001220703125,42.709999084472656,42.97749996185303,1.0,43.220001220703125,42.709999084472656,0
2025-12-10 14:00:00,CSMG3,CSMG3.SA,42.94025089700824,43.790000915527344,42.939998626708984,43.36750030517578,43.36750030517578,7539300,42.94025089700824,43.790000915527344,42.939998626708984,43.36750030517578,1.0,43.790000915527344,42.939998626708984,0
2025-12-11 10:00:00,CSMG3,CSMG3.SA,43.15387560109201,43.68000030517578,43.06999969482422,43.390000343322754,43.390000343322754,395500,43.15387560109201,43.68000030517578,43.06999969482422,43.390000343322754,1.0,43.68000030517578,43.06999969482422,0
2025-12-11 14:00:00,CSMG3,CSMG3.SA,43.27193797220738,43.599998474121094,43.2599983215332,43.41749954223633,43.41749954223633,315500,43.27193797220738,43.599998474121094,43.2599983215332,43.41749954223633,1.0,43.599998474121094,43.2599983215332,0
2025-12-12 10:00:00,CSMG3,CSMG3.SA,43.344718757221855,44.29999923706055,43.209999084472656,43.6274995803833,43.6274995803833,556800,43.344718757221855,44.29999923706055,43.209999084472656,43.6274995803833,1.0,44.29999923706055,43.209999084472656,0
2025-12-12 14:00:00,CSMG3,CSMG3.SA,43.48610916880258,44.0,43.48610916880258,43.82749938964844,43.82749938964844,253400,43.48610916880258,44.0,43.48610916880258,43.82749938964844,1.0,44.0,43.48610916880258,0
2025-12-15 10:00:00,CSMG3,CSMG3.SA,43.65680427922551,44.0,43.25,43.652499198913574,43.652499198913574,449100,43.65680427922551,44.0,43.25,43.652499198913574,1.0,44.0,43.25,0
2025-12-15 14:00:00,CSMG3,CSMG3.SA,43.65465173906954,43.900001525878906,43.560001373291016,43.72500038146973,43.72500038146973,337500,43.65465173906954,43.900001525878906,43.560001373291016,43.72500038146973,1.0,43.900001525878906,43.560001373291016,0
2025-12-16 10:00:00,CSMG3,CSMG3.SA,43.68982606026964,43.93000030517578,42.54999923706055,43.22749996185303,43.22749996185303,1190600,43.68982606026964,43.93000030517578,42.54999923706055,43.22749996185303,1.0,43.93000030517578,42.54999923706055,0
2025-12-16 14:00:00,CSMG3,CSMG3.SA,43.45866301106133,43.45866301106133,42.599998474121094,42.6875,42.6875,604300,43.45866301106133,43.45866301106133,42.599998474121094,42.6875,1.0,43.45866301106133,42.599998474121094,0
2025-12-17 10:00:00,CSMG3,CSMG3.SA,43.073081505530666,43.073081505530666,41.720001220703125,42.42000102996826,42.42000102996826,895900,43.073081505530666,43.073081505530666,41.720001220703125,42.42000102996826,1.0,43.073081505530666,41.720001220703125,0
2025-12-17 14:00:00,CSMG3,CSMG3.SA,42.746541267749464,42.83000183105469,42.529998779296875,42.69250011444092,42.69250011444092,621300,42.746541267749464,42.83000183105469,42.529998779296875,42.69250011444092,1.0,42.83000183105469,42.529998779296875,0
2025-12-18 10:00:00,CSMG3,CSMG3.SA,42.71952069109519,43.58000183105469,41.5,42.81750011444092,42.81750011444092,2117000,42.71952069109519,43.58000183105469,41.5,42.81750011444092,1.0,43.58000183105469,41.5,0
2025-12-18 14:00:00,CSMG3,CSMG3.SA,42.76851040276806,43.189998626708984,42.40999984741211,42.80999946594238,42.80999946594238,884400,42.76851040276806,43.189998626708984,42.40999984741211,42.80999946594238,1.0,43.189998626708984,42.40999984741211,0
2025-12-19 10:00:00,CSMG3,CSMG3.SA,42.78925493435522,43.95000076293945,42.78925493435522,43.30749988555908,43.30749988555908,690700,42.78925493435522,43.95000076293945,42.78925493435522,43.30749988555908,1.0,43.95000076293945,42.78925493435522,0
2025-12-19 14:00:00,CSMG3,CSMG3.SA,43.048377409957155,43.70000076293945,43.048377409957155,43.53250026702881,43.53250026702881,467500,43.048377409957155,43.70000076293945,43.048377409957155,43.53250026702881,1.0,43.70000076293945,43.048377409957155,0
2025-12-22 10:00:00,CSMG3,CSMG3.SA,43.29043883849298,43.400001525878906,42.459999084472656,43.03999996185303,43.03999996185303,416100,43.29043883849298,43.400001525878906,42.459999084472656,43.03999996185303,1.0,43.400001525878906,42.459999084472656,0
2025-12-22 14:00:00,CSMG3,CSMG3.SA,43.165219400173,43.5099983215332,42.97999954223633,43.16749954223633,43.16749954223633,369900,43.165219400173,43.5099983215332,42.97999954223633,43.16749954223633,1.0,43.5099983215332,42.97999954223633,0
2025-12-23 10:00:00,CSMG3,CSMG3.SA,43.166359471204665,44.650001525878906,43.04999923706055,43.84249973297119,43.84249973297119,1981300,43.166359471204665,44.650001525878906,43.04999923706055,43.84249973297119,1.0,44.650001525878906,43.04999923706055,0
2025-12-23 14:00:00,CSMG3,CSMG3.SA,43.504429602087924,44.650001525878906,43.504429602087924,44.25,44.25,9571400,43.504429602087924,44.650001525878906,43.504429602087924,44.25,1.0,44.650001525878906,43.504429602087924,0
2025-12-26 10:00:00,CSMG3,CSMG3.SA,43.87721480104396,44.38999938964844,43.220001220703125,43.75250053405762,43.75250053405762,790600,43.87721480104396,44.38999938964844,43.220001220703125,43.75250053405762,1.0,44.38999938964844,43.220001220703125,0
2025-12-26 14:00:00,CSMG3,CSMG3.SA,43.81485766755079,43.81485766755079,43.09000015258789,43.30250072479248,43.30250072479248,368000,43.81485766755079,43.81485766755079,43.09000015258789,43.30250072479248,1.0,43.81485766755079,43.09000015258789,0
2025-12-29 10:00:00,CSMG3,CSMG3.SA,43.55867919617164,43.55867919617164,42.689998626708984,42.97000026702881,42.97000026702881,372600,43.55867919617164,43.55867919617164,42.689998626708984,42.97000026702881,1.0,43.55867919617164,42.689998626708984,0
2025-12-29 14:00:00,CSMG3,CSMG3.SA,43.264339731600224,43.264339731600224,42.72999954223633,42.929999351501465,42.929999351501465,411700,43.264339731600224,43.264339731600224,42.72999954223633,42.929999351501465,1.0,43.264339731600224,42.72999954223633,0
2025-12-30 10:00:00,CSMG3,CSMG3.SA,43.09716954155084,43.900001525878906,43.09716954155084,43.52750015258789,43.52750015258789,2186600,43.09716954155084,43.900001525878906,43.09716954155084,43.52750015258789,1.0,43.900001525878906,43.09716954155084,0
2025-12-30 14:00:00,CSMG3,CSMG3.SA,43.312334847069366,43.84000015258789,43.312334847069366,43.757500648498535,43.757500648498535,268900,43.312334847069366,43.84000015258789,43.312334847069366,43.757500648498535,1.0,43.84000015258789,43.312334847069366,0
