date,ticker,source_symbol,open,high,low,close,adj_close,volume,raw_open,raw_high,raw_low,raw_close,adjustment_factor,source_high,source_low,ohlc_repaired
2025-01-02 10:00:00,JHSF3,JHSF3.SA,3.700646828081351,3.700646828081351,3.549999952316284,3.64000004529953,3.64000004529953,2328800,3.700646828081351,3.700646828081351,3.549999952316284,3.64000004529953,1.0,3.700646828081351,3.549999952316284,0
2025-01-02 14:00:00,JHSF3,JHSF3.SA,3.6703234366904405,3.6703234366904405,3.5799999237060547,3.6075000166893005,3.6075000166893005,2034400,3.6703234366904405,3.6703234366904405,3.5799999237060547,3.6075000166893005,1.0,3.6703234366904405,3.5799999237060547,0
2025-01-03 10:00:00,JHSF3,JHSF3.SA,3.6389117266898703,3.680000066757202,3.5999999046325684,3.637500047683716,3.637500047683716,951700,3.6389117266898703,3.680000066757202,3.5999999046325684,3.637500047683716,1.0,3.680000066757202,3.5999999046325684,0
2025-01-03 14:00:00,JHSF3,JHSF3.SA,3.638205887186793,3.6600000858306885,3.5999999046325684,3.6324999928474426,3.6324999928474426,930400,3.638205887186793,3.6600000858306885,3.5999999046325684,3.6324999928474426,1.0,3.6600000858306885,3.5999999046325684,0
2025-01-06 10:00:00,JHSF3,JHSF3.SA,3.6353529400171176,3.7799999713897705,3.6353529400171176,3.7225000262260437,3.7225000262260437,1610900,3.6353529400171176,3.7799999713897705,3.6353529400171176,3.7225000262260437,1.0,3.7799999713897705,3.6353529400171176,0
2025-01-06 14:00:00,JHSF3,JHSF3.SA,3.6789264831215807,3.7699999809265137,3.6789264831215807,3.75,3.75,771600,3.6789264831215807,3.7699999809265137,3.6789264831215807,3.75,1.0,3.7699999809265137,3.6789264831215807,0
2025-01-07 10:00:00,JHSF3,JHSF3.SA,3.7144632415607903,3.809999942779541,3.7144632415607903,3.7699999809265137,3.7699999809265137,777000,3.7144632415607903,3.809999942779541,3.7144632415607903,3.7699999809265137,1.0,3.809999942779541,3.7144632415607903,0
2025-01-07 14:00:00,JHSF3,JHSF3.SA,3.742231611243652,3.799999952316284,3.742231611243652,3.784999966621399,3.784999966621399,509100,3.742231611243652,3.799999952316284,3.742231611243652,3.784999966621399,1.0,3.799999952316284,3.742231611243652,0
2025-01-08 10:00:00,JHSF3,JHSF3.SA,3.7636157889325252,3.7636157889325252,3.680000066757202,3.7175000309944153,3.7175000309944153,664000,3.7636157889325252,3.7636157889325252,3.680000066757202,3.7175000309944153,1.0,3.7636157889325252,3.680000066757202,0
2025-01-08 14:00:00,JHSF3,JHSF3.SA,3.7405579099634703,3.7405579099634703,3.6700000762939453,3.6850000619888306,3.6850000619888306,399500,3.7405579099634703,3.7405579099634703,3.6700000762939453,3.6850000619888306,1.0,3.7405579099634703,3.6700000762939453,0
2025-01-09 10:00:00,JHSF3,JHSF3.SA,3.7127789859761506,3.7127789859761506,3.6600000858306885,3.692500054836273,3.692500054836273,483600,3.7127789859761506,3.7127789859761506,3.6600000858306885,3.692500054836273,1.0,3.7127789859761506,3.6600000858306885,0
2025-01-09 14:00:00,JHSF3,JHSF3.SA,3.702639520406212,3.7200000286102295,3.690000057220459,3.70250004529953,3.70250004529953,291400,3.702639520406212,3.7200000286102295,3.690000057220459,3.70250004529953,1.0,3.7200000286102295,3.690000057220459,0
2025-01-10 10:00:00,JHSF3,JHSF3.SA,3.702569782852871,3.7300000190734863,3.6600000858306885,3.6975000500679016,3.6975000500679016,694100,3.702569782852871,3.7300000190734863,3.6600000858306885,3.6975000500679016,1.0,3.7300000190734863,3.6600000858306885,0
2025-01-10 14:00:00,JHSF3,JHSF3.SA,3.7000349164603863,3.7000349164603863,3.6500000953674316,3.665000081062317,3.665000081062317,437800,3.7000349164603863,3.7000349164603863,3.6500000953674316,3.665000081062317,1.0,3.7000349164603863,3.6500000953674316,0
2025-01-13 10:00:00,JHSF3,JHSF3.SA,3.6825174987613516,3.6825174987613516,3.630000114440918,3.65500009059906,3.65500009059906,760500,3.6825174987613516,3.6825174987613516,3.630000114440918,3.65500009059906,1.0,3.6825174987613516,3.630000114440918,0
2025-01-13 14:00:00,JHSF3,JHSF3.SA,3.6687587946802056,3.6687587946802056,3.5999999046325684,3.627499997615814,3.627499997615814,1088800,3.6687587946802056,3.6687587946802056,3.5999999046325684,3.627499997615814,1.0,3.6687587946802056,3.5999999046325684,0
2025-01-14 10:00:00,JHSF3,JHSF3.SA,3.64812939614801,3.680000066757202,3.609999895095825,3.652500033378601,3.652500033378601,1185800,3.64812939614801,3.680000066757202,3.609999895095825,3.652500033378601,1.0,3.680000066757202,3.609999895095825,0
2025-01-14 14:00:00,JHSF3,JHSF3.SA,3.6503147147633053,3.700000047683716,3.6500000953674316,3.6700000762939453,3.6700000762939453,809000,3.6503147147633053,3.700000047683716,3.6500000953674316,3.6700000762939453,1.0,3.700000047683716,3.6500000953674316,0
2025-01-15 10:00:00,JHSF3,JHSF3.SA,3.6601573955286253,3.7200000286102295,3.6500000953674316,3.692500054836273,3.692500054836273,1271300,3.6601573955286253,3.7200000286102295,3.6500000953674316,3.692500054836273,1.0,3.7200000286102295,3.6500000953674316,0
2025-01-15 14:00:00,JHSF3,JHSF3.SA,3.676328725182449,3.740000009536743,3.6700000762939453,3.70250004529953,3.70250004529953,1393500,3.676328725182449,3.740000009536743,3.6700000762939453,3.70250004529953,1.0,3.740000009536743,3.6700000762939453,0
2025-01-16 10:00:00,JHSF3,JHSF3.SA,3.6894143852409895,3.759999990463257,3.6700000762939453,3.7200000286102295,3.7200000286102295,1283100,3.6894143852409895,3.759999990463257,3.6700000762939453,3.7200000286102295,1.0,3.759999990463257,3.6700000762939453,0
2025-01-16 14:00:00,JHSF3,JHSF3.SA,3.7047072069256095,3.7047072069256095,3.640000104904175,3.665000081062317,3.665000081062317,1072500,3.7047072069256095,3.7047072069256095,3.640000104904175,3.665000081062317,1.0,3.7047072069256095,3.640000104904175,0
2025-01-17 10:00:00,JHSF3,JHSF3.SA,3.6848536439939634,3.6848536439939634,3.609999895095825,3.6550000309944153,3.6550000309944153,1303000,3.6848536439939634,3.6848536439939634,3.609999895095825,3.6550000309944153,1.0,3.6848536439939634,3.609999895095825,0
2025-01-17 14:00:00,JHSF3,JHSF3.SA,3.6699268374941894,3.680000066757202,3.6500000953674316,3.6625000834465027,3.6625000834465027,829100,3.6699268374941894,3.680000066757202,3.6500000953674316,3.6625000834465027,1.0,3.680000066757202,3.6500000953674316,0
2025-01-20 10:00:00,JHSF3,JHSF3.SA,3.6662134604703462,3.7100000381469727,3.619999885559082,3.6725000143051147,3.6725000143051147,999800,3.6662134604703462,3.7100000381469727,3.619999885559082,3.6725000143051147,1.0,3.7100000381469727,3.619999885559082,0
2025-01-20 14:00:00,JHSF3,JHSF3.SA,3.6693567373877305,3.7100000381469727,3.6693567373877305,3.690000057220459,3.690000057220459,767500,3.6693567373877305,3.7100000381469727,3.6693567373877305,3.690000057220459,1.0,3.7100000381469727,3.6693567373877305,0
2025-01-21 10:00:00,JHSF3,JHSF3.SA,3.6796783973040945,3.75,3.6796783973040945,3.725000023841858,3.725000023841858,1164500,3.6796783973040945,3.75,3.6796783973040945,3.725000023841858,1.0,3.75,3.6796783973040945,0
2025-01-21 14:00:00,JHSF3,JHSF3.SA,3.702339210572976,3.7699999809265137,3.702339210572976,3.7425000071525574,3.7425000071525574,1053100,3.702339210572976,3.7699999809265137,3.702339210572976,3.7425000071525574,1.0,3.7699999809265137,3.702339210572976,0
2025-01-22 10:00:00,JHSF3,JHSF3.SA,3.722419608862767,3.7899999618530273,3.7200000286102295,3.7574999928474426,3.7574999928474426,1407700,3.722419608862767,3.7899999618530273,3.7200000286102295,3.7574999928474426,1.0,3.7899999618530273,3.7200000286102295,0
2025-01-22 14:00:00,JHSF3,JHSF3.SA,3.7399598008551047,3.7899999618530273,3.7399598008551047,3.7674999833106995,3.7674999833106995,1178900,3.7399598008551047,3.7899999618530273,3.7399598008551047,3.7674999833106995,1.0,3.7899999618530273,3.7399598008551047,0
2025-01-23 10:00:00,JHSF3,JHSF3.SA,3.753729892082902,3.799999952316284,3.7100000381469727,3.7549999952316284,3.7549999952316284,1694900,3.753729892082902,3.799999952316284,3.7100000381469727,3.7549999952316284,1.0,3.799999952316284,3.7100000381469727,0
2025-01-23 14:00:00,JHSF3,JHSF3.SA,3.754364943657265,3.754364943657265,3.6700000762939453,3.700000047683716,3.700000047683716,1234600,3.754364943657265,3.754364943657265,3.6700000762939453,3.700000047683716,1.0,3.754364943657265,3.6700000762939453,0
2025-01-24 10:00:00,JHSF3,JHSF3.SA,3.7271824956704904,3.7271824956704904,3.6600000858306885,3.6975000500679016,3.6975000500679016,1514600,3.7271824956704904,3.7271824956704904,3.6600000858306885,3.6975000500679016,1.0,3.7271824956704904,3.6600000858306885,0
2025-01-24 14:00:00,JHSF3,JHSF3.SA,3.712341272869196,3.7300000190734863,3.680000066757202,3.7050000429153442,3.7050000429153442,724300,3.712341272869196,3.7300000190734863,3.680000066757202,3.7050000429153442,1.0,3.7300000190734863,3.680000066757202,0
2025-01-27 10:00:00,JHSF3,JHSF3.SA,3.70867065789227,3.8399999141693115,3.680000066757202,3.759999990463257,3.759999990463257,1793800,3.70867065789227,3.8399999141693115,3.680000066757202,3.759999990463257,1.0,3.8399999141693115,3.680000066757202,0
2025-01-27 14:00:00,JHSF3,JHSF3.SA,3.7343353241777635,3.859999895095825,3.7343353241777635,3.834999918937683,3.834999918937683,1307600,3.7343353241777635,3.859999895095825,3.7343353241777635,3.834999918937683,1.0,3.859999895095825,3.7343353241777635,0
2025-01-28 10:00:00,JHSF3,JHSF3.SA,3.7846676215577233,3.880000114440918,3.7846676215577233,3.852500021457672,3.852500021457672,1420700,3.7846676215577233,3.880000114440918,3.7846676215577233,3.852500021457672,1.0,3.880000114440918,3.7846676215577233,0
2025-01-28 14:00:00,JHSF3,JHSF3.SA,3.8185838215076977,3.880000114440918,3.8185838215076977,3.862499952316284,3.862499952316284,550600,3.8185838215076977,3.880000114440918,3.8185838215076977,3.862499952316284,1.0,3.880000114440918,3.8185838215076977,0
2025-01-29 10:00:00,JHSF3,JHSF3.SA,3.840541886911991,3.880000114440918,3.8299999237060547,3.847499966621399,3.847499966621399,481000,3.840541886911991,3.880000114440918,3.8299999237060547,3.847499966621399,1.0,3.880000114440918,3.8299999237060547,0
2025-01-29 14:00:00,JHSF3,JHSF3.SA,3.844020926766695,3.869999885559082,3.8299999237060547,3.84499990940094,3.84499990940094,358400,3.844020926766695,3.869999885559082,3.8299999237060547,3.84499990940094,1.0,3.869999885559082,3.8299999237060547,0
2025-01-30 10:00:00,JHSF3,JHSF3.SA,3.8445104180838174,4.0,3.8445104180838174,3.9375000596046448,3.9375000596046448,1626600,3.8445104180838174,4.0,3.8445104180838174,3.9375000596046448,1.0,4.0,3.8445104180838174,0
2025-01-30 14:00:00,JHSF3,JHSF3.SA,3.8910052388442313,4.019999980926514,3.8910052388442313,3.9950000643730164,3.9950000643730164,680800,3.8910052388442313,4.019999980926514,3.8910052388442313,3.9950000643730164,1.0,4.019999980926514,3.8910052388442313,0
2025-01-31 10:00:00,JHSF3,JHSF3.SA,3.943002651608624,4.019999980926514,3.930000066757202,3.965000033378601,3.965000033378601,990200,3.943002651608624,4.019999980926514,3.930000066757202,3.965000033378601,1.0,4.019999980926514,3.930000066757202,0
2025-01-31 14:00:00,JHSF3,JHSF3.SA,3.9540013424936125,3.9700000286102295,3.9200000762939453,3.942500054836273,3.942500054836273,959600,3.9540013424936125,3.9700000286102295,3.9200000762939453,3.942500054836273,1.0,3.9700000286102295,3.9200000762939453,0
2025-02-03 10:00:00,JHSF3,JHSF3.SA,3.9482506986649426,3.9600000381469727,3.880000114440918,3.927500069141388,3.927500069141388,1030000,3.9482506986649426,3.9600000381469727,3.880000114440918,3.927500069141388,1.0,3.9600000381469727,3.880000114440918,0
2025-02-03 14:00:00,JHSF3,JHSF3.SA,3.9378753839031653,3.9378753839031653,3.9000000953674316,3.9200000762939453,3.9200000762939453,421800,3.9378753839031653,3.9378753839031653,3.9000000953674316,3.9200000762939453,1.0,3.9378753839031653,3.9000000953674316,0
2025-02-04 10:00:00,JHSF3,JHSF3.SA,3.9289377300985553,3.9289377300985553,3.799999952316284,3.852500021457672,3.852500021457672,916300,3.9289377300985553,3.9289377300985553,3.799999952316284,3.852500021457672,1.0,3.9289377300985553,3.799999952316284,0
2025-02-04 14:00:00,JHSF3,JHSF3.SA,3.8907188757781137,3.9100000858306885,3.859999895095825,3.8925000429153442,3.8925000429153442,735600,3.8907188757781137,3.9100000858306885,3.859999895095825,3.8925000429153442,1.0,3.9100000858306885,3.859999895095825,0
2025-02-05 10:00:00,JHSF3,JHSF3.SA,3.891609459346729,3.9200000762939453,3.809999942779541,3.872500002384186,3.872500002384186,966100,3.891609459346729,3.9200000762939453,3.809999942779541,3.872500002384186,1.0,3.9200000762939453,3.809999942779541,0
2025-02-05 14:00:00,JHSF3,JHSF3.SA,3.882054730865457,3.890000104904175,3.859999895095825,3.872499942779541,3.872499942779541,436700,3.882054730865457,3.890000104904175,3.859999895095825,3.872499942779541,1.0,3.890000104904175,3.859999895095825,0
2025-02-06 10:00:00,JHSF3,JHSF3.SA,3.877277336822499,3.950000047683716,3.819999933242798,3.8774999380111694,3.8774999380111694,1207600,3.877277336822499,3.950000047683716,3.819999933242798,3.8774999380111694,1.0,3.950000047683716,3.819999933242798,0
2025-02-06 14:00:00,JHSF3,JHSF3.SA,3.8773886374168343,3.9200000762939453,3.859999895095825,3.8899999856948853,3.8899999856948853,695300,3.8773886374168343,3.9200000762939453,3.859999895095825,3.8899999856948853,1.0,3.9200000762939453,3.859999895095825,0
2025-02-07 10:00:00,JHSF3,JHSF3.SA,3.8836943115558595,3.940000057220459,3.869999885559082,3.9050000309944153,3.9050000309944153,615000,3.8836943115558595,3.940000057220459,3.869999885559082,3.9050000309944153,1.0,3.940000057220459,3.869999885559082,0
2025-02-07 14:00:00,JHSF3,JHSF3.SA,3.8943471712751374,3.950000047683716,3.859999895095825,3.900000035762787,3.900000035762787,1286000,3.8943471712751374,3.950000047683716,3.859999895095825,3.900000035762787,1.0,3.950000047683716,3.859999895095825,0
2025-02-10 10:00:00,JHSF3,JHSF3.SA,3.8971736035189624,4.019999980926514,3.8971736035189624,3.950000047683716,3.950000047683716,969700,3.8971736035189624,4.019999980926514,3.8971736035189624,3.950000047683716,1.0,4.019999980926514,3.8971736035189624,0
2025-02-10 14:00:00,JHSF3,JHSF3.SA,3.923586825601339,3.9700000286102295,3.923586825601339,3.95250004529953,3.95250004529953,709700,3.923586825601339,3.9700000286102295,3.923586825601339,3.95250004529953,1.0,3.9700000286102295,3.923586825601339,0
2025-02-11 10:00:00,JHSF3,JHSF3.SA,3.9380434354504343,4.010000228881836,3.9100000858306885,3.955000102519989,3.955000102519989,681300,3.9380434354504343,4.010000228881836,3.9100000858306885,3.955000102519989,1.0,4.010000228881836,3.9100000858306885,0
2025-02-11 14:00:00,JHSF3,JHSF3.SA,3.9465217689852117,4.0,3.9465217689852117,3.9925000071525574,3.9925000071525574,240000,3.9465217689852117,4.0,3.9465217689852117,3.9925000071525574,1.0,4.0,3.9465217689852117,0
2025-02-12 10:00:00,JHSF3,JHSF3.SA,3.9695108880688847,3.990000009536743,3.9100000858306885,3.9450000524520874,3.9450000524520874,951800,3.9695108880688847,3.990000009536743,3.9100000858306885,3.9450000524520874,1.0,3.990000009536743,3.9100000858306885,0
2025-02-12 14:00:00,JHSF3,JHSF3.SA,3.957255470260486,3.957255470260486,3.9100000858306885,3.930000066757202,3.930000066757202,634400,3.957255470260486,3.957255470260486,3.9100000858306885,3.930000066757202,1.0,3.957255470260486,3.9100000858306885,0
2025-02-13 10:00:00,JHSF3,JHSF3.SA,3.9436277685088443,3.950000047683716,3.880000114440918,3.9225000739097595,3.9225000739097595,826100,3.9436277685088443,3.950000047683716,3.880000114440918,3.9225000739097595,1.0,3.950000047683716,3.880000114440918,0
2025-02-13 14:00:00,JHSF3,JHSF3.SA,3.933063921209302,3.9600000381469727,3.9200000762939453,3.940000057220459,3.940000057220459,414200,3.933063921209302,3.9600000381469727,3.9200000762939453,3.940000057220459,1.0,3.9600000381469727,3.9200000762939453,0
2025-02-14 10:00:00,JHSF3,JHSF3.SA,3.9365319892148802,4.0,3.9365319892148802,3.977500021457672,3.977500021457672,950400,3.9365319892148802,4.0,3.9365319892148802,3.977500021457672,1.0,4.0,3.9365319892148802,0
2025-02-14 14:00:00,JHSF3,JHSF3.SA,3.957016005336276,4.019999980926514,3.957016005336276,3.9925000071525574,3.9925000071525574,1479300,3.957016005336276,4.019999980926514,3.957016005336276,3.9925000071525574,1.0,4.019999980926514,3.957016005336276,0
2025-02-17 10:00:00,JHSF3,JHSF3.SA,3.974758006244417,4.119999885559082,3.974758006244417,4.049999952316284,4.049999952316284,919600,3.974758006244417,4.119999885559082,3.974758006244417,4.049999952316284,1.0,4.119999885559082,3.974758006244417,0
2025-02-17 14:00:00,JHSF3,JHSF3.SA,4.012378979280351,4.130000114440918,4.012378979280351,4.112500071525574,4.112500071525574,750400,4.012378979280351,4.130000114440918,4.012378979280351,4.112500071525574,1.0,4.130000114440918,4.012378979280351,0
2025-02-18 10:00:00,JHSF3,JHSF3.SA,4.062439525402962,4.130000114440918,4.050000190734863,4.082500100135803,4.082500100135803,1273800,4.062439525402962,4.130000114440918,4.050000190734863,4.082500100135803,1.0,4.130000114440918,4.050000190734863,0
2025-02-18 14:00:00,JHSF3,JHSF3.SA,4.072469812769382,4.072469812769382,4.010000228881836,4.045000195503235,4.045000195503235,1053700,4.072469812769382,4.072469812769382,4.010000228881836,4.045000195503235,1.0,4.072469812769382,4.010000228881836,0
2025-02-19 10:00:00,JHSF3,JHSF3.SA,4.058735004136309,4.058735004136309,3.940000057220459,3.977500081062317,3.977500081062317,1056700,4.058735004136309,4.058735004136309,3.940000057220459,3.977500081062317,1.0,4.058735004136309,3.940000057220459,0
2025-02-19 14:00:00,JHSF3,JHSF3.SA,4.018117542599313,4.018117542599313,3.9000000953674316,3.927500069141388,3.927500069141388,1087800,4.018117542599313,4.018117542599313,3.9000000953674316,3.927500069141388,1.0,4.018117542599313,3.9000000953674316,0
2025-02-20 10:00:00,JHSF3,JHSF3.SA,3.9728088058703506,3.9728088058703506,3.869999885559082,3.899999976158142,3.899999976158142,797800,3.9728088058703506,3.9728088058703506,3.869999885559082,3.899999976158142,1.0,3.9728088058703506,3.869999885559082,0
2025-02-20 14:00:00,JHSF3,JHSF3.SA,3.9364043910142463,3.9364043910142463,3.859999895095825,3.872500002384186,3.872500002384186,860500,3.9364043910142463,3.9364043910142463,3.859999895095825,3.872500002384186,1.0,3.9364043910142463,3.859999895095825,0
2025-02-21 10:00:00,JHSF3,JHSF3.SA,3.904452196699216,3.9100000858306885,3.859999895095825,3.8799999952316284,3.8799999952316284,395300,3.904452196699216,3.9100000858306885,3.859999895095825,3.8799999952316284,1.0,3.9100000858306885,3.859999895095825,0
2025-02-21 14:00:00,JHSF3,JHSF3.SA,3.8922260959654222,3.8922260959654222,3.8399999141693115,3.85999995470047,3.85999995470047,856800,3.8922260959654222,3.8922260959654222,3.8399999141693115,3.85999995470047,1.0,3.8922260959654222,3.8399999141693115,0
2025-02-24 10:00:00,JHSF3,JHSF3.SA,3.876113025332946,3.880000114440918,3.7899999618530273,3.824999988079071,3.824999988079071,821100,3.876113025332946,3.880000114440918,3.7899999618530273,3.824999988079071,1.0,3.880000114440918,3.7899999618530273,0
2025-02-24 14:00:00,JHSF3,JHSF3.SA,3.850556506706009,3.850556506706009,3.7699999809265137,3.787499964237213,3.787499964237213,1264100,3.850556506706009,3.850556506706009,3.7699999809265137,3.787499964237213,1.0,3.850556506706009,3.7699999809265137,0
2025-02-25 10:00:00,JHSF3,JHSF3.SA,3.819028235471611,3.819028235471611,3.740000009536743,3.7574999928474426,3.7574999928474426,851500,3.819028235471611,3.819028235471611,3.740000009536743,3.7574999928474426,1.0,3.819028235471611,3.740000009536743,0
2025-02-25 14:00:00,JHSF3,JHSF3.SA,3.788264114159527,3.788264114159527,3.75,3.7674999833106995,3.7674999833106995,829900,3.788264114159527,3.788264114159527,3.75,3.7674999833106995,1.0,3.788264114159527,3.75,0
2025-02-26 10:00:00,JHSF3,JHSF3.SA,3.7778820487351132,3.809999942779541,3.680000066757202,3.747500002384186,3.747500002384186,669200,3.7778820487351132,3.809999942779541,3.680000066757202,3.747500002384186,1.0,3.809999942779541,3.680000066757202,0
2025-02-26 14:00:00,JHSF3,JHSF3.SA,3.7626910255596497,3.7626910255596497,3.690000057220459,3.7075000405311584,3.7075000405311584,608300,3.7626910255596497,3.7626910255596497,3.690000057220459,3.7075000405311584,1.0,3.7626910255596497,3.690000057220459,0
2025-02-27 10:00:00,JHSF3,JHSF3.SA,3.735095533045404,3.75,3.690000057220459,3.712500035762787,3.712500035762787,733600,3.735095533045404,3.75,3.690000057220459,3.712500035762787,1.0,3.75,3.690000057220459,0
2025-02-27 14:00:00,JHSF3,JHSF3.SA,3.7237977844040957,3.759999990463257,3.7100000381469727,3.727500021457672,3.727500021457672,725600,3.7237977844040957,3.759999990463257,3.7100000381469727,3.727500021457672,1.0,3.759999990463257,3.7100000381469727,0
2025-02-28 10:00:00,JHSF3,JHSF3.SA,3.725648902930884,3.740000009536743,3.690000057220459,3.7200000286102295,3.7200000286102295,1252700,3.725648902930884,3.740000009536743,3.690000057220459,3.7200000286102295,1.0,3.740000009536743,3.690000057220459,0
2025-02-28 14:00:00,JHSF3,JHSF3.SA,3.7228244657705565,3.7228244657705565,3.6700000762939453,3.6950000524520874,3.6950000524520874,1317100,3.7228244657705565,3.7228244657705565,3.6700000762939453,3.6950000524520874,1.0,3.7228244657705565,3.6700000762939453,0
2025-03-06 10:00:00,JHSF3,JHSF3.SA,3.708912259111322,3.8299999237060547,3.609999895095825,3.7174999117851257,3.7174999117851257,1822300,3.708912259111322,3.8299999237060547,3.609999895095825,3.7174999117851257,1.0,3.8299999237060547,3.609999895095825,0
2025-03-06 14:00:00,JHSF3,JHSF3.SA,3.713206085448224,3.819999933242798,3.713206085448224,3.784999966621399,3.784999966621399,2322600,3.713206085448224,3.819999933242798,3.713206085448224,3.784999966621399,1.0,3.819999933242798,3.713206085448224,0
2025-03-07 10:00:00,JHSF3,JHSF3.SA,3.7491030260348115,3.8399999141693115,3.7100000381469727,3.7774999737739563,3.7774999737739563,1825400,3.7491030260348115,3.8399999141693115,3.7100000381469727,3.7774999737739563,1.0,3.8399999141693115,3.7100000381469727,0
2025-03-07 14:00:00,JHSF3,JHSF3.SA,3.763301499904384,3.8299999237060547,3.759999990463257,3.7899999618530273,3.7899999618530273,2199800,3.763301499904384,3.8299999237060547,3.759999990463257,3.7899999618530273,1.0,3.8299999237060547,3.759999990463257,0
2025-03-10 10:00:00,JHSF3,JHSF3.SA,3.7766507308787056,3.7799999713897705,3.7100000381469727,3.747500002384186,3.747500002384186,1189700,3.7766507308787056,3.7799999713897705,3.7100000381469727,3.747500002384186,1.0,3.7799999713897705,3.7100000381469727,0
2025-03-10 14:00:00,JHSF3,JHSF3.SA,3.7620753666314455,3.7620753666314455,3.680000066757202,3.725000023841858,3.725000023841858,1713400,3.7620753666314455,3.7620753666314455,3.680000066757202,3.725000023841858,1.0,3.7620753666314455,3.680000066757202,0
2025-03-11 10:00:00,JHSF3,JHSF3.SA,3.7435376952366517,3.7435376952366517,3.609999895095825,3.6800000071525574,3.6800000071525574,2136500,3.7435376952366517,3.7435376952366517,3.609999895095825,3.6800000071525574,1.0,3.7435376952366517,3.609999895095825,0
2025-03-11 14:00:00,JHSF3,JHSF3.SA,3.7117688511946048,3.7117688511946048,3.640000104904175,3.667500078678131,3.667500078678131,2028700,3.7117688511946048,3.7117688511946048,3.640000104904175,3.667500078678131,1.0,3.7117688511946048,3.640000104904175,0
2025-03-12 10:00:00,JHSF3,JHSF3.SA,3.689634464936368,3.7100000381469727,3.640000104904175,3.6750000715255737,3.6750000715255737,1338000,3.689634464936368,3.7100000381469727,3.640000104904175,3.6750000715255737,1.0,3.7100000381469727,3.640000104904175,0
2025-03-12 14:00:00,JHSF3,JHSF3.SA,3.682317268230971,3.7100000381469727,3.6500000953674316,3.6850000619888306,3.6850000619888306,1554200,3.682317268230971,3.7100000381469727,3.6500000953674316,3.6850000619888306,1.0,3.7100000381469727,3.6500000953674316,0
2025-03-13 10:00:00,JHSF3,JHSF3.SA,3.683658665109901,3.7300000190734863,3.6500000953674316,3.7050000429153442,3.7050000429153442,1683300,3.683658665109901,3.7300000190734863,3.6500000953674316,3.7050000429153442,1.0,3.7300000190734863,3.6500000953674316,0
2025-03-13 14:00:00,JHSF3,JHSF3.SA,3.6943293540126225,3.7699999809265137,3.6943293540126225,3.747500002384186,3.747500002384186,1530800,3.6943293540126225,3.7699999809265137,3.6943293540126225,3.747500002384186,1.0,3.7699999809265137,3.6943293540126225,0
2025-03-14 10:00:00,JHSF3,JHSF3.SA,3.720914678198404,3.930000066757202,3.720914678198404,3.8300000429153442,3.8300000429153442,1912600,3.720914678198404,3.930000066757202,3.720914678198404,3.8300000429153442,1.0,3.930000066757202,3.720914678198404,0
2025-03-14 14:00:00,JHSF3,JHSF3.SA,3.7754573605568744,3.9200000762939453,3.7754573605568744,3.8924999833106995,3.8924999833106995,1018900,3.7754573605568744,3.9200000762939453,3.7754573605568744,3.8924999833106995,1.0,3.9200000762939453,3.7754573605568744,0
2025-03-17 10:00:00,JHSF3,JHSF3.SA,3.833978671933787,3.940000057220459,3.833978671933787,3.902500033378601,3.902500033378601,800600,3.833978671933787,3.940000057220459,3.833978671933787,3.902500033378601,1.0,3.940000057220459,3.833978671933787,0
2025-03-17 14:00:00,JHSF3,JHSF3.SA,3.868239352656194,3.9600000381469727,3.868239352656194,3.930000066757202,3.930000066757202,1104400,3.868239352656194,3.9600000381469727,3.868239352656194,3.930000066757202,1.0,3.9600000381469727,3.868239352656194,0
2025-03-18 10:00:00,JHSF3,JHSF3.SA,3.899119709706698,3.950000047683716,3.880000114440918,3.9075000882148743,3.9075000882148743,630200,3.899119709706698,3.950000047683716,3.880000114440918,3.9075000882148743,1.0,3.950000047683716,3.880000114440918,0
2025-03-18 14:00:00,JHSF3,JHSF3.SA,3.903309898960786,3.9600000381469727,3.903309898960786,3.9250000715255737,3.9250000715255737,1039600,3.903309898960786,3.9600000381469727,3.903309898960786,3.9250000715255737,1.0,3.9600000381469727,3.903309898960786,0
2025-03-19 10:00:00,JHSF3,JHSF3.SA,3.91415498524318,4.010000228881836,3.9100000858306885,3.96750009059906,3.96750009059906,736800,3.91415498524318,4.010000228881836,3.9100000858306885,3.96750009059906,1.0,4.010000228881836,3.9100000858306885,0
2025-03-19 14:00:00,JHSF3,JHSF3.SA,3.9408275379211197,4.019999980926514,3.9408275379211197,3.9925000071525574,3.9925000071525574,845200,3.9408275379211197,4.019999980926514,3.9408275379211197,3.9925000071525574,1.0,4.019999980926514,3.9408275379211197,0
2025-03-20 10:00:00,JHSF3,JHSF3.SA,3.9666637725368386,4.03000020980835,3.9600000381469727,3.9825000762939453,3.9825000762939453,501500,3.9666637725368386,4.03000020980835,3.9600000381469727,3.9825000762939453,1.0,4.03000020980835,3.9600000381469727,0
2025-03-20 14:00:00,JHSF3,JHSF3.SA,3.974581924415392,3.990000009536743,3.950000047683716,3.9700000286102295,3.9700000286102295,596800,3.974581924415392,3.990000009536743,3.950000047683716,3.9700000286102295,1.0,3.990000009536743,3.950000047683716,0
2025-03-21 10:00:00,JHSF3,JHSF3.SA,3.9722909765128107,3.9722909765128107,3.9100000858306885,3.9325000643730164,3.9325000643730164,592300,3.9722909765128107,3.9722909765128107,3.9100000858306885,3.9325000643730164,1.0,3.9722909765128107,3.9100000858306885,0
2025-03-21 14:00:00,JHSF3,JHSF3.SA,3.9523955204429138,3.9523955204429138,3.890000104904175,3.917500078678131,3.917500078678131,835800,3.9523955204429138,3.9523955204429138,3.890000104904175,3.917500078678131,1.0,3.9523955204429138,3.890000104904175,0
2025-03-24 10:00:00,JHSF3,JHSF3.SA,3.9349477995605224,3.940000057220459,3.8499999046325684,3.8975000381469727,3.8975000381469727,390900,3.9349477995605224,3.940000057220459,3.8499999046325684,3.8975000381469727,1.0,3.940000057220459,3.8499999046325684,0
2025-03-24 14:00:00,JHSF3,JHSF3.SA,3.9162239188537473,3.9162239188537473,3.8299999237060547,3.8675000071525574,3.8675000071525574,704200,3.9162239188537473,3.9162239188537473,3.8299999237060547,3.8675000071525574,1.0,3.9162239188537473,3.8299999237060547,0
2025-03-25 10:00:00,JHSF3,JHSF3.SA,3.8918619630031523,3.950000047683716,3.8399999141693115,3.902500033378601,3.902500033378601,826600,3.8918619630031523,3.950000047683716,3.8399999141693115,3.902500033378601,1.0,3.950000047683716,3.8399999141693115,0
2025-03-25 14:00:00,JHSF3,JHSF3.SA,3.8971809981908767,3.990000009536743,3.8971809981908767,3.9450000524520874,3.9450000524520874,1079300,3.8971809981908767,3.990000009536743,3.8971809981908767,3.9450000524520874,1.0,3.990000009536743,3.8971809981908767,0
2025-03-26 10:00:00,JHSF3,JHSF3.SA,3.921090525321482,4.0,3.9200000762939453,3.95250004529953,3.95250004529953,1064500,3.921090525321482,4.0,3.9200000762939453,3.95250004529953,1.0,4.0,3.9200000762939453,0
2025-03-26 14:00:00,JHSF3,JHSF3.SA,3.936795285310506,3.950000047683716,3.9000000953674316,3.930000066757202,3.930000066757202,816300,3.936795285310506,3.950000047683716,3.9000000953674316,3.930000066757202,1.0,3.950000047683716,3.9000000953674316,0
2025-03-27 10:00:00,JHSF3,JHSF3.SA,3.933397676033854,3.9600000381469727,3.9100000858306885,3.942500054836273,3.942500054836273,569100,3.933397676033854,3.9600000381469727,3.9100000858306885,3.942500054836273,1.0,3.9600000381469727,3.9100000858306885,0
2025-03-27 14:00:00,JHSF3,JHSF3.SA,3.9379488654350636,3.950000047683716,3.9200000762939453,3.940000057220459,3.940000057220459,1069600,3.9379488654350636,3.950000047683716,3.9200000762939453,3.940000057220459,1.0,3.950000047683716,3.9200000762939453,0
2025-03-28 10:00:00,JHSF3,JHSF3.SA,3.9389744613277613,4.170000076293945,3.9389744613277613,4.082500100135803,4.082500100135803,3982400,3.9389744613277613,4.170000076293945,3.9389744613277613,4.082500100135803,1.0,4.170000076293945,3.9389744613277613,0
2025-03-28 14:00:00,JHSF3,JHSF3.SA,4.0107372807317825,4.130000114440918,4.0107372807317825,4.085000038146973,4.085000038146973,4011700,4.0107372807317825,4.130000114440918,4.0107372807317825,4.085000038146973,1.0,4.130000114440918,4.0107372807317825,0
2025-03-31 10:00:00,JHSF3,JHSF3.SA,4.047868659439377,4.190000057220459,4.047868659439377,4.125,4.125,1766600,4.047868659439377,4.190000057220459,4.047868659439377,4.125,1.0,4.190000057220459,4.047868659439377,0
2025-03-31 14:00:00,JHSF3,JHSF3.SA,4.086434329719689,4.199999809265137,4.086434329719689,4.1549999713897705,4.1549999713897705,1824500,4.086434329719689,4.199999809265137,4.086434329719689,4.1549999713897705,1.0,4.199999809265137,4.086434329719689,0
2025-04-01 10:00:00,JHSF3,JHSF3.SA,4.1207171505547295,4.329999923706055,4.1207171505547295,4.257499933242798,4.257499933242798,1508400,4.1207171505547295,4.329999923706055,4.1207171505547295,4.257499933242798,1.0,4.329999923706055,4.1207171505547295,0
2025-04-01 14:00:00,JHSF3,JHSF3.SA,4.189108541898763,4.309999942779541,4.189108541898763,4.262500047683716,4.262500047683716,2158300,4.189108541898763,4.309999942779541,4.189108541898763,4.262500047683716,1.0,4.309999942779541,4.189108541898763,0
2025-04-02 10:00:00,JHSF3,JHSF3.SA,4.2258042947912395,4.429999828338623,4.2258042947912395,4.314999938011169,4.314999938011169,1473200,4.2258042947912395,4.429999828338623,4.2258042947912395,4.314999938011169,1.0,4.429999828338623,4.2258042947912395,0
2025-04-02 14:00:00,JHSF3,JHSF3.SA,4.270402116401204,4.329999923706055,4.260000228881836,4.300000071525574,4.300000071525574,1424200,4.270402116401204,4.329999923706055,4.260000228881836,4.300000071525574,1.0,4.329999923706055,4.260000228881836,0
2025-04-03 10:00:00,JHSF3,JHSF3.SA,4.285201093963389,4.389999866485596,4.260000228881836,4.297500133514404,4.297500133514404,2526500,4.285201093963389,4.389999866485596,4.260000228881836,4.297500133514404,1.0,4.389999866485596,4.260000228881836,0
2025-04-03 14:00:00,JHSF3,JHSF3.SA,4.291350613738897,4.291350613738897,4.260000228881836,4.275000095367432,4.275000095367432,1865500,4.291350613738897,4.291350613738897,4.260000228881836,4.275000095367432,1.0,4.291350613738897,4.260000228881836,0
2025-04-04 10:00:00,JHSF3,JHSF3.SA,4.283175354553164,4.283175354553164,4.079999923706055,4.127500057220459,4.127500057220459,13664200,4.283175354553164,4.283175354553164,4.079999923706055,4.127500057220459,1.0,4.283175354553164,4.079999923706055,0
2025-04-04 14:00:00,JHSF3,JHSF3.SA,4.205337705886811,4.205337705886811,4.070000171661377,4.1000001430511475,4.1000001430511475,2004700,4.205337705886811,4.205337705886811,4.070000171661377,4.1000001430511475,1.0,4.205337705886811,4.070000171661377,0
2025-04-07 10:00:00,JHSF3,JHSF3.SA,4.15266892446898,4.15266892446898,3.930000066757202,4.032499969005585,4.032499969005585,3489800,4.15266892446898,4.15266892446898,3.930000066757202,4.032499969005585,1.0,4.15266892446898,3.930000066757202,0
2025-04-07 14:00:00,JHSF3,JHSF3.SA,4.092584446737282,4.119999885559082,4.050000190734863,4.082500100135803,4.082500100135803,1606900,4.092584446737282,4.119999885559082,4.050000190734863,4.082500100135803,1.0,4.119999885559082,4.050000190734863,0
2025-04-08 10:00:00,JHSF3,JHSF3.SA,4.087542273436543,4.150000095367432,4.03000020980835,4.1000001430511475,4.1000001430511475,1269800,4.087542273436543,4.150000095367432,4.03000020980835,4.1000001430511475,1.0,4.150000095367432,4.03000020980835,0
2025-04-08 14:00:00,JHSF3,JHSF3.SA,4.0937712082438455,4.0937712082438455,4.050000190734863,4.065000057220459,4.065000057220459,2041500,4.0937712082438455,4.0937712082438455,4.050000190734863,4.065000057220459,1.0,4.0937712082438455,4.050000190734863,0
2025-04-09 10:00:00,JHSF3,JHSF3.SA,4.079385632732152,4.139999866485596,4.010000228881836,4.070000052452087,4.070000052452087,1099300,4.079385632732152,4.139999866485596,4.010000228881836,4.070000052452087,1.0,4.139999866485596,4.010000228881836,0
2025-04-09 14:00:00,JHSF3,JHSF3.SA,4.074692842592119,4.230000019073486,4.074692842592119,4.152500033378601,4.152500033378601,2633500,4.074692842592119,4.230000019073486,4.074692842592119,4.152500033378601,1.0,4.230000019073486,4.074692842592119,0
2025-04-10 10:00:00,JHSF3,JHSF3.SA,4.11359643798536,4.199999809265137,4.110000133514404,4.162499904632568,4.162499904632568,984000,4.11359643798536,4.199999809265137,4.110000133514404,4.162499904632568,1.0,4.199999809265137,4.110000133514404,0
2025-04-10 14:00:00,JHSF3,JHSF3.SA,4.138048171308965,4.199999809265137,4.130000114440918,4.15749990940094,4.15749990940094,1157100,4.138048171308965,4.199999809265137,4.130000114440918,4.15749990940094,1.0,4.199999809265137,4.130000114440918,0
2025-04-11 10:00:00,JHSF3,JHSF3.SA,4.147774040354952,4.210000038146973,4.130000114440918,4.174999952316284,4.174999952316284,862400,4.147774040354952,4.210000038146973,4.130000114440918,4.174999952316284,1.0,4.210000038146973,4.130000114440918,0
2025-04-11 14:00:00,JHSF3,JHSF3.SA,4.161386996335619,4.21999979019165,4.161386996335619,4.197499990463257,4.197499990463257,932600,4.161386996335619,4.21999979019165,4.161386996335619,4.197499990463257,1.0,4.21999979019165,4.161386996335619,0
2025-04-14 10:00:00,JHSF3,JHSF3.SA,4.179443493399438,4.300000190734863,4.179443493399438,4.240000009536743,4.240000009536743,840800,4.179443493399438,4.300000190734863,4.179443493399438,4.240000009536743,1.0,4.300000190734863,4.179443493399438,0
2025-04-14 14:00:00,JHSF3,JHSF3.SA,4.2097217514680905,4.320000171661377,4.2097217514680905,4.2875001430511475,4.2875001430511475,1137100,4.2097217514680905,4.320000171661377,4.2097217514680905,4.2875001430511475,1.0,4.320000171661377,4.2097217514680905,0
2025-04-15 10:00:00,JHSF3,JHSF3.SA,4.248610947259619,4.329999923706055,4.230000019073486,4.290000081062317,4.290000081062317,830000,4.248610947259619,4.329999923706055,4.230000019073486,4.290000081062317,1.0,4.329999923706055,4.230000019073486,0
2025-04-15 14:00:00,JHSF3,JHSF3.SA,4.269305514160968,4.329999923706055,4.269305514160968,4.310000061988831,4.310000061988831,904200,4.269305514160968,4.329999923706055,4.269305514160968,4.310000061988831,1.0,4.329999923706055,4.269305514160968,0
2025-04-16 10:00:00,JHSF3,JHSF3.SA,4.2896527880749,4.480000019073486,4.28000020980835,4.384999990463257,4.384999990463257,4148700,4.2896527880749,4.480000019073486,4.28000020980835,4.384999990463257,1.0,4.480000019073486,4.28000020980835,0
2025-04-16 14:00:00,JHSF3,JHSF3.SA,4.337326389269078,4.539999961853027,4.337326389269078,4.4649999141693115,4.4649999141693115,2562200,4.337326389269078,4.539999961853027,4.337326389269078,4.4649999141693115,1.0,4.539999961853027,4.337326389269078,0
2025-04-17 10:00:00,JHSF3,JHSF3.SA,4.401163151719195,4.559999942779541,4.401163151719195,4.502499938011169,4.502499938011169,1813100,4.401163151719195,4.559999942779541,4.401163151719195,4.502499938011169,1.0,4.559999942779541,4.401163151719195,0
2025-04-17 14:00:00,JHSF3,JHSF3.SA,4.451831544865183,4.670000076293945,4.451831544865183,4.59250009059906,4.59250009059906,2276900,4.451831544865183,4.670000076293945,4.451831544865183,4.59250009059906,1.0,4.670000076293945,4.451831544865183,0
2025-04-22 10:00:00,JHSF3,JHSF3.SA,4.522165817732121,4.699999809265137,4.522165817732121,4.622499942779541,4.622499942779541,1409800,4.522165817732121,4.699999809265137,4.522165817732121,4.622499942779541,1.0,4.699999809265137,4.522165817732121,0
2025-04-22 14:00:00,JHSF3,JHSF3.SA,4.572332880255831,4.710000038146973,4.550000190734863,4.65500009059906,4.65500009059906,1334600,4.572332880255831,4.710000038146973,4.550000190734863,4.65500009059906,1.0,4.710000038146973,4.550000190734863,0
2025-04-23 10:00:00,JHSF3,JHSF3.SA,4.613666485427446,4.789999961853027,4.613666485427446,4.745000004768372,4.745000004768372,2078600,4.613666485427446,4.789999961853027,4.613666485427446,4.745000004768372,1.0,4.789999961853027,4.613666485427446,0
2025-04-23 14:00:00,JHSF3,JHSF3.SA,4.679333245097909,4.760000228881836,4.679333245097909,4.740000009536743,4.740000009536743,1509500,4.679333245097909,4.760000228881836,4.679333245097909,4.740000009536743,1.0,4.760000228881836,4.679333245097909,0
2025-04-24 10:00:00,JHSF3,JHSF3.SA,4.7096666273173255,5.070000171661377,4.650000095367432,4.860000133514404,4.860000133514404,4686400,4.7096666273173255,5.070000171661377,4.650000095367432,4.860000133514404,1.0,5.070000171661377,4.650000095367432,0
2025-04-24 14:00:00,JHSF3,JHSF3.SA,4.784833380415865,5.170000076293945,4.784833380415865,5.09250009059906,5.09250009059906,3048100,4.784833380415865,5.170000076293945,4.784833380415865,5.09250009059906,1.0,5.170000076293945,4.784833380415865,0
2025-04-25 10:00:00,JHSF3,JHSF3.SA,4.9386667355074625,5.170000076293945,4.9386667355074625,5.080000042915344,5.080000042915344,1599900,4.9386667355074625,5.170000076293945,4.9386667355074625,5.080000042915344,1.0,5.170000076293945,4.9386667355074625,0
2025-04-25 14:00:00,JHSF3,JHSF3.SA,5.009333389211403,5.059999942779541,4.96999979019165,5.0299999713897705,5.0299999713897705,1871500,5.009333389211403,5.059999942779541,4.96999979019165,5.0299999713897705,1.0,5.059999942779541,4.96999979019165,0
2025-04-28 10:00:00,JHSF3,JHSF3.SA,5.0196666803005865,5.309999942779541,5.0196666803005865,5.180000066757202,5.180000066757202,2116200,5.0196666803005865,5.309999942779541,5.0196666803005865,5.180000066757202,1.0,5.309999942779541,5.0196666803005865,0
2025-04-28 14:00:00,JHSF3,JHSF3.SA,5.099833373528894,5.289999961853027,5.099833373528894,5.25,5.25,1811200,5.099833373528894,5.289999961853027,5.099833373528894,5.25,1.0,5.289999961853027,5.099833373528894,0
2025-04-29 10:00:00,JHSF3,JHSF3.SA,5.174916686764448,5.329999923706055,5.174916686764448,5.2499998807907104,5.2499998807907104,1258000,5.174916686764448,5.329999923706055,5.174916686764448,5.2499998807907104,1.0,5.329999923706055,5.174916686764448,0
2025-04-29 14:00:00,JHSF3,JHSF3.SA,5.212458283777579,5.21999979019165,5.150000095367432,5.1874998807907104,5.1874998807907104,1351600,5.212458283777579,5.21999979019165,5.150000095367432,5.1874998807907104,1.0,5.21999979019165,5.150000095367432,0
2025-04-30 10:00:00,JHSF3,JHSF3.SA,5.199979082284145,5.25,4.980000019073486,5.087499976158142,5.087499976158142,1837800,5.199979082284145,5.25,4.980000019073486,5.087499976158142,1.0,5.25,4.980000019073486,0
2025-04-30 14:00:00,JHSF3,JHSF3.SA,5.143739529221143,5.143739529221143,5.050000190734863,5.077500104904175,5.077500104904175,1141200,5.143739529221143,5.143739529221143,5.050000190734863,5.077500104904175,1.0,5.143739529221143,5.050000190734863,0
2025-05-02 10:00:00,JHSF3,JHSF3.SA,5.110619817062659,5.150000095367432,4.980000019073486,5.067499995231628,5.067499995231628,701100,5.110619817062659,5.150000095367432,4.980000019073486,5.067499995231628,1.0,5.150000095367432,4.980000019073486,0
2025-05-02 14:00:00,JHSF3,JHSF3.SA,5.089059906147144,5.089059906147144,4.960000038146973,4.995000004768372,4.995000004768372,1238900,5.089059906147144,5.089059906147144,4.960000038146973,4.995000004768372,1.0,5.089059906147144,4.960000038146973,0
2025-05-05 10:00:00,JHSF3,JHSF3.SA,5.042029955457758,5.042029955457758,4.889999866485596,4.972499966621399,4.972499966621399,1005200,5.042029955457758,5.042029955457758,4.889999866485596,4.972499966621399,1.0,5.042029955457758,4.889999866485596,0
2025-05-05 14:00:00,JHSF3,JHSF3.SA,5.007264961039578,5.019999980926514,4.949999809265137,4.984999895095825,4.984999895095825,1258800,5.007264961039578,5.019999980926514,4.949999809265137,4.984999895095825,1.0,5.019999980926514,4.949999809265137,0
2025-05-06 10:00:00,JHSF3,JHSF3.SA,4.9961324280677015,5.039999961853027,4.920000076293945,4.987500071525574,4.987500071525574,1262700,4.9961324280677015,5.039999961853027,4.920000076293945,4.987500071525574,1.0,5.039999961853027,4.920000076293945,0
2025-05-06 14:00:00,JHSF3,JHSF3.SA,4.991816249796638,5.059999942779541,4.949999809265137,5.004999876022339,5.004999876022339,1149100,4.991816249796638,5.059999942779541,4.949999809265137,5.004999876022339,1.0,5.059999942779541,4.949999809265137,0
2025-05-07 10:00:00,JHSF3,JHSF3.SA,4.998408062909489,5.059999942779541,4.849999904632568,4.962499976158142,4.962499976158142,1145200,4.998408062909489,5.059999942779541,4.849999904632568,4.962499976158142,1.0,5.059999942779541,4.849999904632568,0
2025-05-07 14:00:00,JHSF3,JHSF3.SA,4.980454019533815,4.980454019533815,4.840000152587891,4.877500057220459,4.877500057220459,1688200,4.980454019533815,4.980454019533815,4.840000152587891,4.877500057220459,1.0,4.980454019533815,4.840000152587891,0
2025-05-08 10:00:00,JHSF3,JHSF3.SA,4.928977038377138,5.099999904632568,4.860000133514404,4.982500076293945,4.982500076293945,2129500,4.928977038377138,5.099999904632568,4.860000133514404,4.982500076293945,1.0,5.099999904632568,4.860000133514404,0
2025-05-08 14:00:00,JHSF3,JHSF3.SA,4.9557385573355415,5.090000152587891,4.9557385573355415,5.0625001192092896,5.0625001192092896,1676600,4.9557385573355415,5.090000152587891,4.9557385573355415,5.0625001192092896,1.0,5.090000152587891,4.9557385573355415,0
2025-05-09 10:00:00,JHSF3,JHSF3.SA,5.0091193382724155,5.190000057220459,4.940000057220459,5.045000076293945,5.045000076293945,1949400,5.0091193382724155,5.190000057220459,4.940000057220459,5.045000076293945,1.0,5.190000057220459,4.940000057220459,0
2025-05-09 14:00:00,JHSF3,JHSF3.SA,5.027059707283181,5.03000020980835,4.96999979019165,4.997499942779541,4.997499942779541,1549000,5.027059707283181,5.03000020980835,4.96999979019165,4.997499942779541,1.0,5.03000020980835,4.96999979019165,0
2025-05-12 10:00:00,JHSF3,JHSF3.SA,5.012279825031361,5.070000171661377,4.869999885559082,4.982500076293945,4.982500076293945,1043100,5.012279825031361,5.070000171661377,4.869999885559082,4.982500076293945,1.0,5.070000171661377,4.869999885559082,0
2025-05-12 14:00:00,JHSF3,JHSF3.SA,4.997389950662653,4.997389950662653,4.920000076293945,4.952499866485596,4.952499866485596,1507000,4.997389950662653,4.997389950662653,4.920000076293945,4.952499866485596,1.0,4.997389950662653,4.920000076293945,0
2025-05-13 10:00:00,JHSF3,JHSF3.SA,4.974944908574124,5.059999942779541,4.96999979019165,4.9999998807907104,4.9999998807907104,1429100,4.974944908574124,5.059999942779541,4.96999979019165,4.9999998807907104,1.0,5.059999942779541,4.96999979019165,0
2025-05-13 14:00:00,JHSF3,JHSF3.SA,4.987472394682417,4.989999771118164,4.940000057220459,4.9674999713897705,4.9674999713897705,1436400,4.987472394682417,4.989999771118164,4.940000057220459,4.9674999713897705,1.0,4.989999771118164,4.940000057220459,0
2025-05-14 10:00:00,JHSF3,JHSF3.SA,4.977486183036094,5.019999980926514,4.849999904632568,4.934999942779541,4.934999942779541,1490200,4.977486183036094,5.019999980926514,4.849999904632568,4.934999942779541,1.0,5.019999980926514,4.849999904632568,0
2025-05-14 14:00:00,JHSF3,JHSF3.SA,4.956243062907817,4.956243062907817,4.739999771118164,4.814999938011169,4.814999938011169,2021500,4.956243062907817,4.956243062907817,4.739999771118164,4.814999938011169,1.0,4.956243062907817,4.739999771118164,0
2025-05-15 10:00:00,JHSF3,JHSF3.SA,4.885621500459493,5.199999809265137,4.885621500459493,5.117499947547913,5.117499947547913,3671300,4.885621500459493,5.199999809265137,4.885621500459493,5.117499947547913,1.0,5.199999809265137,4.885621500459493,0
2025-05-15 14:00:00,JHSF3,JHSF3.SA,5.001560724003703,5.179999828338623,5.001560724003703,5.139999985694885,5.139999985694885,3080700,5.001560724003703,5.179999828338623,5.001560724003703,5.139999985694885,1.0,5.179999828338623,5.001560724003703,0
2025-05-16 10:00:00,JHSF3,JHSF3.SA,5.070780354849294,5.170000076293945,5.0,5.102500081062317,5.102500081062317,1106800,5.070780354849294,5.170000076293945,5.0,5.102500081062317,1.0,5.170000076293945,5.0,0
2025-05-16 14:00:00,JHSF3,JHSF3.SA,5.0866402179558055,5.110000133514404,5.039999961853027,5.085000038146973,5.085000038146973,1247500,5.0866402179558055,5.110000133514404,5.039999961853027,5.085000038146973,1.0,5.110000133514404,5.039999961853027,0
2025-05-19 10:00:00,JHSF3,JHSF3.SA,5.085820128051389,5.170000076293945,4.989999771118164,5.099999904632568,5.099999904632568,1380500,5.085820128051389,5.170000076293945,4.989999771118164,5.099999904632568,1.0,5.170000076293945,4.989999771118164,0
2025-05-19 14:00:00,JHSF3,JHSF3.SA,5.092910016341978,5.21999979019165,5.092910016341978,5.179999947547913,5.179999947547913,5415600,5.092910016341978,5.21999979019165,5.092910016341978,5.179999947547913,1.0,5.21999979019165,5.092910016341978,0
2025-05-20 10:00:00,JHSF3,JHSF3.SA,5.136454981944945,5.190000057220459,5.010000228881836,5.112500071525574,5.112500071525574,924400,5.136454981944945,5.190000057220459,5.010000228881836,5.112500071525574,1.0,5.190000057220459,5.010000228881836,0
2025-05-20 14:00:00,JHSF3,JHSF3.SA,5.12447752673526,5.130000114440918,5.050000190734863,5.0975000858306885,5.0975000858306885,952800,5.12447752673526,5.130000114440918,5.050000190734863,5.0975000858306885,1.0,5.130000114440918,5.050000190734863,0
2025-05-21 10:00:00,JHSF3,JHSF3.SA,5.110988806282974,5.150000095367432,4.989999771118164,5.077499985694885,5.077499985694885,807700,5.110988806282974,5.150000095367432,4.989999771118164,5.077499985694885,1.0,5.150000095367432,4.989999771118164,0
2025-05-21 14:00:00,JHSF3,JHSF3.SA,5.094244395988929,5.094244395988929,4.980000019073486,5.010000109672546,5.010000109672546,1249300,5.094244395988929,5.094244395988929,4.980000019073486,5.010000109672546,1.0,5.094244395988929,4.980000019073486,0
2025-05-22 10:00:00,JHSF3,JHSF3.SA,5.052122252830738,5.052122252830738,4.989999771118164,5.022500038146973,5.022500038146973,517200,5.052122252830738,5.052122252830738,4.989999771118164,5.022500038146973,1.0,5.052122252830738,4.989999771118164,0
2025-05-22 14:00:00,JHSF3,JHSF3.SA,5.0373111454888555,5.099999904632568,4.989999771118164,5.037499904632568,5.037499904632568,781500,5.0373111454888555,5.099999904632568,4.989999771118164,5.037499904632568,1.0,5.099999904632568,4.989999771118164,0
2025-05-23 10:00:00,JHSF3,JHSF3.SA,5.037405525060712,5.070000171661377,4.900000095367432,5.010000109672546,5.010000109672546,1110700,5.037405525060712,5.070000171661377,4.900000095367432,5.010000109672546,1.0,5.070000171661377,4.900000095367432,0
2025-05-23 14:00:00,JHSF3,JHSF3.SA,5.02370281736663,5.059999942779541,5.019999980926514,5.042500019073486,5.042500019073486,458900,5.02370281736663,5.059999942779541,5.019999980926514,5.042500019073486,1.0,5.059999942779541,5.019999980926514,0
2025-05-26 10:00:00,JHSF3,JHSF3.SA,5.033101418220058,5.099999904632568,5.03000020980835,5.067499995231628,5.067499995231628,432100,5.033101418220058,5.099999904632568,5.03000020980835,5.067499995231628,1.0,5.099999904632568,5.03000020980835,0
2025-05-26 14:00:00,JHSF3,JHSF3.SA,5.050300706725843,5.079999923706055,5.039999961853027,5.057500004768372,5.057500004768372,330200,5.050300706725843,5.079999923706055,5.039999961853027,5.057500004768372,1.0,5.079999923706055,5.039999961853027,0
2025-05-27 10:00:00,JHSF3,JHSF3.SA,5.053900355747107,5.159999847412109,5.053900355747107,5.104999899864197,5.104999899864197,584300,5.053900355747107,5.159999847412109,5.053900355747107,5.104999899864197,1.0,5.159999847412109,5.053900355747107,0
2025-05-27 14:00:00,JHSF3,JHSF3.SA,5.079450127805652,5.210000038146973,5.079450127805652,5.144999980926514,5.144999980926514,2818400,5.079450127805652,5.210000038146973,5.079450127805652,5.144999980926514,1.0,5.210000038146973,5.079450127805652,0
2025-05-28 10:00:00,JHSF3,JHSF3.SA,5.112225054366083,5.199999809265137,5.099999904632568,5.159999847412109,5.159999847412109,981400,5.112225054366083,5.199999809265137,5.099999904632568,5.159999847412109,1.0,5.199999809265137,5.099999904632568,0
2025-05-28 14:00:00,JHSF3,JHSF3.SA,5.136112450889096,5.329999923706055,5.136112450889096,5.242500066757202,5.242500066757202,2591400,5.136112450889096,5.329999923706055,5.136112450889096,5.242500066757202,1.0,5.329999923706055,5.136112450889096,0
2025-05-29 10:00:00,JHSF3,JHSF3.SA,5.189306258823149,5.380000114440918,5.189306258823149,5.292499899864197,5.292499899864197,1247400,5.189306258823149,5.380000114440918,5.189306258823149,5.292499899864197,1.0,5.380000114440918,5.189306258823149,0
2025-05-29 14:00:00,JHSF3,JHSF3.SA,5.240903079343672,5.400000095367432,5.240903079343672,5.355000138282776,5.355000138282776,1915800,5.240903079343672,5.400000095367432,5.240903079343672,5.355000138282776,1.0,5.400000095367432,5.240903079343672,0
2025-05-30 10:00:00,JHSF3,JHSF3.SA,5.297951608813224,5.380000114440918,5.199999809265137,5.297500014305115,5.297500014305115,1000000,5.297951608813224,5.380000114440918,5.199999809265137,5.297500014305115,1.0,5.380000114440918,5.199999809265137,0
2025-05-30 14:00:00,JHSF3,JHSF3.SA,5.29772581155917,5.369999885559082,5.25,5.294999957084656,5.294999957084656,1824700,5.29772581155917,5.369999885559082,5.25,5.294999957084656,1.0,5.369999885559082,5.25,0
2025-06-02 10:00:00,JHSF3,JHSF3.SA,5.296362884321913,5.46999979019165,5.230000019073486,5.330000042915344,5.330000042915344,1580400,5.296362884321913,5.46999979019165,5.230000019073486,5.330000042915344,1.0,5.46999979019165,5.230000019073486,0
2025-06-02 14:00:00,JHSF3,JHSF3.SA,5.313181463618628,5.349999904632568,5.239999771118164,5.289999961853027,5.289999961853027,1334800,5.313181463618628,5.349999904632568,5.239999771118164,5.289999961853027,1.0,5.349999904632568,5.239999771118164,0
2025-06-03 10:00:00,JHSF3,JHSF3.SA,5.301590712735828,5.420000076293945,5.301590712735828,5.352500081062317,5.352500081062317,1801700,5.301590712735828,5.420000076293945,5.301590712735828,5.352500081062317,1.0,5.420000076293945,5.301590712735828,0
2025-06-03 14:00:00,JHSF3,JHSF3.SA,5.327045396899072,5.400000095367432,5.327045396899072,5.365000009536743,5.365000009536743,1681800,5.327045396899072,5.400000095367432,5.327045396899072,5.365000009536743,1.0,5.400000095367432,5.327045396899072,0
2025-06-04 10:00:00,JHSF3,JHSF3.SA,5.3460227032179075,5.360000133514404,5.179999828338623,5.274999976158142,5.274999976158142,2054800,5.3460227032179075,5.360000133514404,5.179999828338623,5.274999976158142,1.0,5.360000133514404,5.179999828338623,0
2025-06-04 14:00:00,JHSF3,JHSF3.SA,5.310511339688025,5.310511339688025,5.210000038146973,5.247499942779541,5.247499942779541,1394400,5.310511339688025,5.310511339688025,5.210000038146973,5.247499942779541,1.0,5.310511339688025,5.210000038146973,0
2025-06-05 10:00:00,JHSF3,JHSF3.SA,5.279005641233783,5.300000190734863,5.230000019073486,5.272500038146973,5.272500038146973,548600,5.279005641233783,5.300000190734863,5.230000019073486,5.272500038146973,1.0,5.300000190734863,5.230000019073486,0
2025-06-05 14:00:00,JHSF3,JHSF3.SA,5.275752839690378,5.289999961853027,5.210000038146973,5.267500042915344,5.267500042915344,1078500,5.275752839690378,5.289999961853027,5.210000038146973,5.267500042915344,1.0,5.289999961853027,5.210000038146973,0
2025-06-06 10:00:00,JHSF3,JHSF3.SA,5.271626441302861,5.329999923706055,5.150000095367432,5.247500061988831,5.247500061988831,1289900,5.271626441302861,5.329999923706055,5.150000095367432,5.247500061988831,1.0,5.329999923706055,5.150000095367432,0
2025-06-06 14:00:00,JHSF3,JHSF3.SA,5.2595632516458455,5.289999961853027,5.199999809265137,5.252499938011169,5.252499938011169,1281000,5.2595632516458455,5.289999961853027,5.199999809265137,5.252499938011169,1.0,5.289999961853027,5.199999809265137,0
2025-06-09 10:00:00,JHSF3,JHSF3.SA,5.2560315948285075,5.260000228881836,5.059999942779541,5.1600000858306885,5.1600000858306885,1123800,5.2560315948285075,5.260000228881836,5.059999942779541,5.1600000858306885,1.0,5.260000228881836,5.059999942779541,0
2025-06-09 14:00:00,JHSF3,JHSF3.SA,5.2080158403295975,5.2080158403295975,5.099999904632568,5.129999995231628,5.129999995231628,863700,5.2080158403295975,5.2080158403295975,5.099999904632568,5.129999995231628,1.0,5.2080158403295975,5.099999904632568,0
2025-06-10 10:00:00,JHSF3,JHSF3.SA,5.169007917780613,5.309999942779541,5.150000095367432,5.235000014305115,5.235000014305115,1774800,5.169007917780613,5.309999942779541,5.150000095367432,5.235000014305115,1.0,5.309999942779541,5.150000095367432,0
2025-06-10 14:00:00,JHSF3,JHSF3.SA,5.202003966042864,5.309999942779541,5.202003966042864,5.2850000858306885,5.2850000858306885,986700,5.202003966042864,5.309999942779541,5.202003966042864,5.2850000858306885,1.0,5.309999942779541,5.202003966042864,0
2025-06-11 10:00:00,JHSF3,JHSF3.SA,5.243502025936776,5.309999942779541,5.199999809265137,5.264999985694885,5.264999985694885,1141500,5.243502025936776,5.309999942779541,5.199999809265137,5.264999985694885,1.0,5.309999942779541,5.199999809265137,0
2025-06-11 14:00:00,JHSF3,JHSF3.SA,5.2542510058158305,5.340000152587891,5.239999771118164,5.287500023841858,5.287500023841858,1322200,5.2542510058158305,5.340000152587891,5.239999771118164,5.287500023841858,1.0,5.340000152587891,5.239999771118164,0
2025-06-12 10:00:00,JHSF3,JHSF3.SA,5.270875514828845,5.289999961853027,5.21999979019165,5.254999995231628,5.254999995231628,815700,5.270875514828845,5.289999961853027,5.21999979019165,5.254999995231628,1.0,5.289999961853027,5.21999979019165,0
2025-06-12 14:00:00,JHSF3,JHSF3.SA,5.2629377550302365,5.309999942779541,5.21999979019165,5.267499923706055,5.267499923706055,998500,5.2629377550302365,5.309999942779541,5.21999979019165,5.267499923706055,1.0,5.309999942779541,5.21999979019165,0
2025-06-13 10:00:00,JHSF3,JHSF3.SA,5.265218839368146,5.289999961853027,5.159999847412109,5.25,5.25,1253700,5.265218839368146,5.289999961853027,5.159999847412109,5.25,1.0,5.289999961853027,5.159999847412109,0
2025-06-13 14:00:00,JHSF3,JHSF3.SA,5.257609419684073,5.28000020980835,5.239999771118164,5.262500047683716,5.262500047683716,396400,5.257609419684073,5.28000020980835,5.239999771118164,5.262500047683716,1.0,5.28000020980835,5.239999771118164,0
2025-06-16 10:00:00,JHSF3,JHSF3.SA,5.260054733683894,5.349999904632568,5.260054733683894,5.310000061988831,5.310000061988831,850000,5.260054733683894,5.349999904632568,5.260054733683894,5.310000061988831,1.0,5.349999904632568,5.260054733683894,0
2025-06-16 14:00:00,JHSF3,JHSF3.SA,5.285027397836362,5.369999885559082,5.285027397836362,5.335000038146973,5.335000038146973,850200,5.285027397836362,5.369999885559082,5.285027397836362,5.335000038146973,1.0,5.369999885559082,5.285027397836362,0
2025-06-17 10:00:00,JHSF3,JHSF3.SA,5.3100137179916675,5.449999809265137,5.3100137179916675,5.389999985694885,5.389999985694885,1233900,5.3100137179916675,5.449999809265137,5.3100137179916675,5.389999985694885,1.0,5.449999809265137,5.3100137179916675,0
2025-06-17 14:00:00,JHSF3,JHSF3.SA,5.350006851843276,5.449999809265137,5.350006851843276,5.417499899864197,5.417499899864197,1067000,5.350006851843276,5.449999809265137,5.350006851843276,5.417499899864197,1.0,5.449999809265137,5.350006851843276,0
2025-06-18 10:00:00,JHSF3,JHSF3.SA,5.383753375853736,5.409999847412109,5.269999980926514,5.350000023841858,5.350000023841858,1362900,5.383753375853736,5.409999847412109,5.269999980926514,5.350000023841858,1.0,5.409999847412109,5.269999980926514,0
2025-06-18 14:00:00,JHSF3,JHSF3.SA,5.366876699847797,5.366876699847797,5.25,5.290000081062317,5.290000081062317,985200,5.366876699847797,5.366876699847797,5.25,5.290000081062317,1.0,5.366876699847797,5.25,0
2025-06-20 10:00:00,JHSF3,JHSF3.SA,5.328438390455057,5.328438390455057,5.210000038146973,5.254999995231628,5.254999995231628,611500,5.328438390455057,5.328438390455057,5.210000038146973,5.254999995231628,1.0,5.328438390455057,5.210000038146973,0
2025-06-20 14:00:00,JHSF3,JHSF3.SA,5.291719192843343,5.291719192843343,5.230000019073486,5.247499942779541,5.247499942779541,607200,5.291719192843343,5.291719192843343,5.230000019073486,5.247499942779541,1.0,5.291719192843343,5.230000019073486,0
2025-06-23 10:00:00,JHSF3,JHSF3.SA,5.269609567811441,5.269609567811441,5.179999828338623,5.21999990940094,5.21999990940094,569600,5.269609567811441,5.269609567811441,5.179999828338623,5.21999990940094,1.0,5.269609567811441,5.179999828338623,0
2025-06-23 14:00:00,JHSF3,JHSF3.SA,5.244804738606191,5.25,5.179999828338623,5.2149999141693115,5.2149999141693115,933100,5.244804738606191,5.25,5.179999828338623,5.2149999141693115,1.0,5.25,5.179999828338623,0
2025-06-24 10:00:00,JHSF3,JHSF3.SA,5.2299023263877515,5.340000152587891,5.21999979019165,5.272499918937683,5.272499918937683,584900,5.2299023263877515,5.340000152587891,5.21999979019165,5.272499918937683,1.0,5.340000152587891,5.21999979019165,0
2025-06-24 14:00:00,JHSF3,JHSF3.SA,5.251201122662717,5.349999904632568,5.251201122662717,5.3125001192092896,5.3125001192092896,788100,5.251201122662717,5.349999904632568,5.251201122662717,5.3125001192092896,1.0,5.349999904632568,5.251201122662717,0
2025-06-25 10:00:00,JHSF3,JHSF3.SA,5.281850620936003,5.289999961853027,5.179999828338623,5.244999885559082,5.244999885559082,783400,5.281850620936003,5.289999961853027,5.179999828338623,5.244999885559082,1.0,5.289999961853027,5.179999828338623,0
2025-06-25 14:00:00,JHSF3,JHSF3.SA,5.263425253247543,5.263425253247543,5.170000076293945,5.199999928474426,5.199999928474426,740800,5.263425253247543,5.263425253247543,5.170000076293945,5.199999928474426,1.0,5.263425253247543,5.170000076293945,0
2025-06-26 10:00:00,JHSF3,JHSF3.SA,5.231712590860985,5.300000190734863,5.210000038146973,5.240000009536743,5.240000009536743,685100,5.231712590860985,5.300000190734863,5.210000038146973,5.240000009536743,1.0,5.300000190734863,5.210000038146973,0
2025-06-26 14:00:00,JHSF3,JHSF3.SA,5.235856300198864,5.25,5.199999809265137,5.227499961853027,5.227499961853027,1855700,5.235856300198864,5.25,5.199999809265137,5.227499961853027,1.0,5.25,5.199999809265137,0
2025-06-27 10:00:00,JHSF3,JHSF3.SA,5.231678131025946,5.269999980926514,5.190000057220459,5.235000014305115,5.235000014305115,545900,5.231678131025946,5.269999980926514,5.190000057220459,5.235000014305115,1.0,5.269999980926514,5.190000057220459,0
2025-06-27 14:00:00,JHSF3,JHSF3.SA,5.2333390726655304,5.260000228881836,5.199999809265137,5.232499957084656,5.232499957084656,668600,5.2333390726655304,5.260000228881836,5.199999809265137,5.232499957084656,1.0,5.260000228881836,5.199999809265137,0
2025-06-30 10:00:00,JHSF3,JHSF3.SA,5.232919514875093,5.349999904632568,5.210000038146973,5.2825000286102295,5.2825000286102295,555300,5.232919514875093,5.349999904632568,5.210000038146973,5.2825000286102295,1.0,5.349999904632568,5.210000038146973,0
2025-06-30 14:00:00,JHSF3,JHSF3.SA,5.257709771742661,5.369999885559082,5.257709771742661,5.335000038146973,5.335000038146973,1376900,5.257709771742661,5.369999885559082,5.257709771742661,5.335000038146973,1.0,5.369999885559082,5.257709771742661,0
2025-07-01 10:00:00,JHSF3,JHSF3.SA,5.296354904944817,5.449999809265137,5.296354904944817,5.370000004768372,5.370000004768372,425100,5.296354904944817,5.449999809265137,5.296354904944817,5.370000004768372,1.0,5.449999809265137,5.296354904944817,0
2025-07-01 14:00:00,JHSF3,JHSF3.SA,5.333177454856594,5.409999847412109,5.333177454856594,5.377499938011169,5.377499938011169,1082600,5.333177454856594,5.409999847412109,5.333177454856594,5.377499938011169,1.0,5.409999847412109,5.333177454856594,0
2025-07-02 10:00:00,JHSF3,JHSF3.SA,5.355338696433882,5.400000095367432,5.150000095367432,5.300000071525574,5.300000071525574,3668000,5.355338696433882,5.400000095367432,5.150000095367432,5.300000071525574,1.0,5.400000095367432,5.150000095367432,0
2025-07-02 14:00:00,JHSF3,JHSF3.SA,5.327669383979728,5.327669383979728,5.230000019073486,5.25,5.25,2258200,5.327669383979728,5.327669383979728,5.230000019073486,5.25,1.0,5.327669383979728,5.230000019073486,0
2025-07-03 10:00:00,JHSF3,JHSF3.SA,5.288834691989864,5.320000171661377,5.21999979019165,5.274999976158142,5.274999976158142,646800,5.288834691989864,5.320000171661377,5.21999979019165,5.274999976158142,1.0,5.320000171661377,5.21999979019165,0
2025-07-03 14:00:00,JHSF3,JHSF3.SA,5.281917334074003,5.320000171661377,5.269999980926514,5.297500014305115,5.297500014305115,744300,5.281917334074003,5.320000171661377,5.269999980926514,5.297500014305115,1.0,5.320000171661377,5.269999980926514,0
2025-07-04 10:00:00,JHSF3,JHSF3.SA,5.2897086741895585,5.289999961853027,5.21999979019165,5.259999871253967,5.259999871253967,313900,5.2897086741895585,5.289999961853027,5.21999979019165,5.259999871253967,1.0,5.289999961853027,5.21999979019165,0
2025-07-04 14:00:00,JHSF3,JHSF3.SA,5.274854272721763,5.289999961853027,5.230000019073486,5.259999990463257,5.259999990463257,741600,5.274854272721763,5.289999961853027,5.230000019073486,5.259999990463257,1.0,5.289999961853027,5.230000019073486,0
2025-07-07 10:00:00,JHSF3,JHSF3.SA,5.26742713159251,5.309999942779541,5.21999979019165,5.254999876022339,5.254999876022339,347100,5.26742713159251,5.309999942779541,5.21999979019165,5.254999876022339,1.0,5.309999942779541,5.21999979019165,0
2025-07-07 14:00:00,JHSF3,JHSF3.SA,5.261213503807424,5.261213503807424,5.210000038146973,5.229999899864197,5.229999899864197,599400,5.261213503807424,5.261213503807424,5.210000038146973,5.229999899864197,1.0,5.261213503807424,5.210000038146973,0
2025-07-08 10:00:00,JHSF3,JHSF3.SA,5.24560670183581,5.260000228881836,5.199999809265137,5.227499961853027,5.227499961853027,883600,5.24560670183581,5.260000228881836,5.199999809265137,5.227499961853027,1.0,5.260000228881836,5.199999809265137,0
2025-07-08 14:00:00,JHSF3,JHSF3.SA,5.236553331844419,5.289999961853027,5.199999809265137,5.242499947547913,5.242499947547913,725400,5.236553331844419,5.289999961853027,5.199999809265137,5.242499947547913,1.0,5.289999961853027,5.199999809265137,0
2025-07-09 10:00:00,JHSF3,JHSF3.SA,5.239526639696166,5.300000190734863,5.170000076293945,5.240000128746033,5.240000128746033,773200,5.239526639696166,5.300000190734863,5.170000076293945,5.240000128746033,1.0,5.300000190734863,5.170000076293945,0
2025-07-09 14:00:00,JHSF3,JHSF3.SA,5.239763384221099,5.239999771118164,5.179999828338623,5.197499871253967,5.197499871253967,1415300,5.239763384221099,5.239999771118164,5.179999828338623,5.197499871253967,1.0,5.239999771118164,5.179999828338623,0
2025-07-10 10:00:00,JHSF3,JHSF3.SA,5.218631627737533,5.218631627737533,5.050000190734863,5.097499966621399,5.097499966621399,668800,5.218631627737533,5.218631627737533,5.050000190734863,5.097499966621399,1.0,5.218631627737533,5.050000190734863,0
2025-07-10 14:00:00,JHSF3,JHSF3.SA,5.158065797179466,5.199999809265137,5.090000152587891,5.142500042915344,5.142500042915344,848600,5.158065797179466,5.199999809265137,5.090000152587891,5.142500042915344,1.0,5.199999809265137,5.090000152587891,0
2025-07-11 10:00:00,JHSF3,JHSF3.SA,5.150282920047405,5.230000019073486,5.110000133514404,5.159999966621399,5.159999966621399,1185000,5.150282920047405,5.230000019073486,5.110000133514404,5.159999966621399,1.0,5.230000019073486,5.110000133514404,0
2025-07-11 14:00:00,JHSF3,JHSF3.SA,5.1551414433344025,5.260000228881836,5.1551414433344025,5.202499985694885,5.202499985694885,1125900,5.1551414433344025,5.260000228881836,5.1551414433344025,5.202499985694885,1.0,5.260000228881836,5.1551414433344025,0
2025-07-14 10:00:00,JHSF3,JHSF3.SA,5.178820714514644,5.230000019073486,5.119999885559082,5.179999947547913,5.179999947547913,845700,5.178820714514644,5.230000019073486,5.119999885559082,5.179999947547913,1.0,5.230000019073486,5.119999885559082,0
2025-07-14 14:00:00,JHSF3,JHSF3.SA,5.179410331031278,5.179410331031278,5.119999885559082,5.132499933242798,5.132499933242798,620300,5.179410331031278,5.179410331031278,5.119999885559082,5.132499933242798,1.0,5.179410331031278,5.119999885559082,0
2025-07-15 10:00:00,JHSF3,JHSF3.SA,5.155955132137038,5.170000076293945,5.090000152587891,5.134999990463257,5.134999990463257,1234000,5.155955132137038,5.170000076293945,5.090000152587891,5.134999990463257,1.0,5.170000076293945,5.090000152587891,0
2025-07-15 14:00:00,JHSF3,JHSF3.SA,5.145477561300147,5.239999771118164,5.110000133514404,5.169999957084656,5.169999957084656,1453000,5.145477561300147,5.239999771118164,5.110000133514404,5.169999957084656,1.0,5.239999771118164,5.110000133514404,0
2025-07-16 10:00:00,JHSF3,JHSF3.SA,5.1577387591924015,5.230000019073486,5.119999885559082,5.174999952316284,5.174999952316284,724400,5.1577387591924015,5.230000019073486,5.119999885559082,5.174999952316284,1.0,5.230000019073486,5.119999885559082,0
2025-07-16 14:00:00,JHSF3,JHSF3.SA,5.166369355754343,5.190000057220459,5.130000114440918,5.1575000286102295,5.1575000286102295,1017900,5.166369355754343,5.190000057220459,5.130000114440918,5.1575000286102295,1.0,5.190000057220459,5.130000114440918,0
2025-07-17 10:00:00,JHSF3,JHSF3.SA,5.161934692182286,5.199999809265137,5.099999904632568,5.1524999141693115,5.1524999141693115,680400,5.161934692182286,5.199999809265137,5.099999904632568,5.1524999141693115,1.0,5.199999809265137,5.099999904632568,0
2025-07-17 14:00:00,JHSF3,JHSF3.SA,5.157217303175798,5.157217303175798,5.099999904632568,5.120000004768372,5.120000004768372,684200,5.157217303175798,5.157217303175798,5.099999904632568,5.120000004768372,1.0,5.157217303175798,5.099999904632568,0
2025-07-18 10:00:00,JHSF3,JHSF3.SA,5.138608653972085,5.138608653972085,5.059999942779541,5.090000033378601,5.090000033378601,1081900,5.138608653972085,5.138608653972085,5.059999942779541,5.090000033378601,1.0,5.138608653972085,5.059999942779541,0
2025-07-18 14:00:00,JHSF3,JHSF3.SA,5.114304343675343,5.114304343675343,5.0,5.042500019073486,5.042500019073486,1123700,5.114304343675343,5.114304343675343,5.0,5.042500019073486,1.0,5.114304343675343,5.0,0
2025-07-21 10:00:00,JHSF3,JHSF3.SA,5.078402181374415,5.078402181374415,4.909999847412109,4.9999998807907104,4.9999998807907104,1875100,5.078402181374415,5.078402181374415,4.909999847412109,4.9999998807907104,1.0,5.078402181374415,4.909999847412109,0
2025-07-21 14:00:00,JHSF3,JHSF3.SA,5.039201031082563,5.039201031082563,4.920000076293945,4.959999918937683,4.959999918937683,1255200,5.039201031082563,5.039201031082563,4.920000076293945,4.959999918937683,1.0,5.039201031082563,4.920000076293945,0
2025-07-22 10:00:00,JHSF3,JHSF3.SA,4.999600475010123,5.110000133514404,4.989999771118164,5.047500014305115,5.047500014305115,458400,4.999600475010123,5.110000133514404,4.989999771118164,5.047500014305115,1.0,5.110000133514404,4.989999771118164,0
2025-07-22 14:00:00,JHSF3,JHSF3.SA,5.023550244657619,5.099999904632568,5.023550244657619,5.0625,5.0625,920100,5.023550244657619,5.099999904632568,5.023550244657619,5.0625,1.0,5.099999904632568,5.023550244657619,0
2025-07-23 10:00:00,JHSF3,JHSF3.SA,5.043025122328809,5.210000038146973,5.010000228881836,5.115000009536743,5.115000009536743,1278100,5.043025122328809,5.210000038146973,5.010000228881836,5.115000009536743,1.0,5.210000038146973,5.010000228881836,0
2025-07-23 14:00:00,JHSF3,JHSF3.SA,5.079012565932777,5.239999771118164,5.079012565932777,5.2149999141693115,5.2149999141693115,1022500,5.079012565932777,5.239999771118164,5.079012565932777,5.2149999141693115,1.0,5.239999771118164,5.079012565932777,0
2025-07-24 10:00:00,JHSF3,JHSF3.SA,5.147006240051044,5.199999809265137,5.090000152587891,5.144999980926514,5.144999980926514,691100,5.147006240051044,5.199999809265137,5.090000152587891,5.144999980926514,1.0,5.199999809265137,5.090000152587891,0
2025-07-24 14:00:00,JHSF3,JHSF3.SA,5.146003110488779,5.146003110488779,5.079999923706055,5.102499961853027,5.102499961853027,672200,5.146003110488779,5.146003110488779,5.079999923706055,5.102499961853027,1.0,5.146003110488779,5.079999923706055,0
2025-07-25 10:00:00,JHSF3,JHSF3.SA,5.124251536170903,5.179999828338623,5.090000152587891,5.125,5.125,615200,5.124251536170903,5.179999828338623,5.090000152587891,5.125,1.0,5.179999828338623,5.090000152587891,0
2025-07-25 14:00:00,JHSF3,JHSF3.SA,5.124625768085451,5.170000076293945,5.124625768085451,5.144999980926514,5.144999980926514,513300,5.124625768085451,5.170000076293945,5.124625768085451,5.144999980926514,1.0,5.170000076293945,5.124625768085451,0
2025-07-28 10:00:00,JHSF3,JHSF3.SA,5.1348128745059824,5.159999847412109,5.090000152587891,5.122500061988831,5.122500061988831,450600,5.1348128745059824,5.159999847412109,5.090000152587891,5.122500061988831,1.0,5.159999847412109,5.090000152587891,0
2025-07-28 14:00:00,JHSF3,JHSF3.SA,5.1286564682474065,5.1286564682474065,5.03000020980835,5.077500104904175,5.077500104904175,721500,5.1286564682474065,5.1286564682474065,5.03000020980835,5.077500104904175,1.0,5.1286564682474065,5.03000020980835,0
2025-07-29 10:00:00,JHSF3,JHSF3.SA,5.103078286575791,5.190000057220459,5.079999923706055,5.134999990463257,5.134999990463257,550500,5.103078286575791,5.190000057220459,5.079999923706055,5.134999990463257,1.0,5.190000057220459,5.079999923706055,0
2025-07-29 14:00:00,JHSF3,JHSF3.SA,5.119039138519524,5.179999828338623,5.110000133514404,5.142499923706055,5.142499923706055,584800,5.119039138519524,5.179999828338623,5.110000133514404,5.142499923706055,1.0,5.179999828338623,5.110000133514404,0
2025-07-30 10:00:00,JHSF3,JHSF3.SA,5.130769531112789,5.190000057220459,5.079999923706055,5.134999990463257,5.134999990463257,950500,5.130769531112789,5.190000057220459,5.079999923706055,5.134999990463257,1.0,5.190000057220459,5.079999923706055,0
2025-07-30 14:00:00,JHSF3,JHSF3.SA,5.1328847607880235,5.269999980926514,5.1328847607880235,5.199999928474426,5.199999928474426,1479500,5.1328847607880235,5.269999980926514,5.1328847607880235,5.199999928474426,1.0,5.269999980926514,5.1328847607880235,0
2025-07-31 10:00:00,JHSF3,JHSF3.SA,5.166442344631225,5.25,5.159999847412109,5.2174999713897705,5.2174999713897705,941500,5.166442344631225,5.25,5.159999847412109,5.2174999713897705,1.0,5.25,5.159999847412109,0
2025-07-31 14:00:00,JHSF3,JHSF3.SA,5.191971158010498,5.21999979019165,5.150000095367432,5.184999942779541,5.184999942779541,759900,5.191971158010498,5.21999979019165,5.150000095367432,5.184999942779541,1.0,5.21999979019165,5.150000095367432,0
2025-08-01 10:00:00,JHSF3,JHSF3.SA,5.188485550395019,5.230000019073486,5.150000095367432,5.180000066757202,5.180000066757202,306500,5.188485550395019,5.230000019073486,5.150000095367432,5.180000066757202,1.0,5.230000019073486,5.150000095367432,0
2025-08-01 14:00:00,JHSF3,JHSF3.SA,5.18424280857611,5.239999771118164,5.079999923706055,5.1549999713897705,5.1549999713897705,1044600,5.18424280857611,5.239999771118164,5.079999923706055,5.1549999713897705,1.0,5.239999771118164,5.079999923706055,0
2025-08-04 10:00:00,JHSF3,JHSF3.SA,5.16962138998294,5.199999809265137,5.099999904632568,5.147499918937683,5.147499918937683,570400,5.16962138998294,5.199999809265137,5.099999904632568,5.147499918937683,1.0,5.199999809265137,5.099999904632568,0
2025-08-04 14:00:00,JHSF3,JHSF3.SA,5.158560654460311,5.158560654460311,5.070000171661377,5.107500076293945,5.107500076293945,950700,5.158560654460311,5.158560654460311,5.070000171661377,5.107500076293945,1.0,5.158560654460311,5.070000171661377,0
2025-08-05 10:00:00,JHSF3,JHSF3.SA,5.133030365377128,5.199999809265137,5.090000152587891,5.129999995231628,5.129999995231628,406700,5.133030365377128,5.199999809265137,5.090000152587891,5.129999995231628,1.0,5.199999809265137,5.090000152587891,0
2025-08-05 14:00:00,JHSF3,JHSF3.SA,5.131515180304378,5.159999847412109,5.110000133514404,5.132499933242798,5.132499933242798,383900,5.131515180304378,5.159999847412109,5.110000133514404,5.132499933242798,1.0,5.159999847412109,5.110000133514404,0
2025-08-06 10:00:00,JHSF3,JHSF3.SA,5.132007556773588,5.239999771118164,5.132007556773588,5.1874998807907104,5.1874998807907104,1112400,5.132007556773588,5.239999771118164,5.132007556773588,5.1874998807907104,1.0,5.239999771118164,5.132007556773588,0
2025-08-06 14:00:00,JHSF3,JHSF3.SA,5.159753718782149,5.230000019073486,5.159753718782149,5.199999928474426,5.199999928474426,861000,5.159753718782149,5.230000019073486,5.159753718782149,5.199999928474426,1.0,5.230000019073486,5.159753718782149,0
2025-08-07 10:00:00,JHSF3,JHSF3.SA,5.1798768236282875,5.349999904632568,5.1798768236282875,5.292500019073486,5.292500019073486,602500,5.1798768236282875,5.349999904632568,5.1798768236282875,5.292500019073486,1.0,5.349999904632568,5.1798768236282875,0
2025-08-07 14:00:00,JHSF3,JHSF3.SA,5.236188421350887,5.329999923706055,5.236188421350887,5.307500123977661,5.307500123977661,575500,5.236188421350887,5.329999923706055,5.236188421350887,5.307500123977661,1.0,5.329999923706055,5.236188421350887,0
2025-08-08 10:00:00,JHSF3,JHSF3.SA,5.271844272664274,5.340000152587891,5.271844272664274,5.3125001192092896,5.3125001192092896,405800,5.271844272664274,5.340000152587891,5.271844272664274,5.3125001192092896,1.0,5.340000152587891,5.271844272664274,0
2025-08-08 14:00:00,JHSF3,JHSF3.SA,5.292172195936782,5.380000114440918,5.292172195936782,5.340000033378601,5.340000033378601,1499900,5.292172195936782,5.380000114440918,5.292172195936782,5.340000033378601,1.0,5.380000114440918,5.292172195936782,0
2025-08-11 10:00:00,JHSF3,JHSF3.SA,5.316086114657692,5.380000114440918,5.316086114657692,5.3450000286102295,5.3450000286102295,326700,5.316086114657692,5.380000114440918,5.316086114657692,5.3450000286102295,1.0,5.380000114440918,5.316086114657692,0
2025-08-11 14:00:00,JHSF3,JHSF3.SA,5.330543071633961,5.389999866485596,5.330543071633961,5.365000009536743,5.365000009536743,516600,5.330543071633961,5.389999866485596,5.330543071633961,5.365000009536743,1.0,5.389999866485596,5.330543071633961,0
2025-08-12 10:00:00,JHSF3,JHSF3.SA,5.347771540585352,5.550000190734863,5.347771540585352,5.452499985694885,5.452499985694885,875700,5.347771540585352,5.550000190734863,5.347771540585352,5.452499985694885,1.0,5.550000190734863,5.347771540585352,0
2025-08-12 14:00:00,JHSF3,JHSF3.SA,5.400135763140119,5.5,5.400135763140119,5.4674999713897705,5.4674999713897705,995900,5.400135763140119,5.5,5.400135763140119,5.4674999713897705,1.0,5.5,5.400135763140119,0
2025-08-13 10:00:00,JHSF3,JHSF3.SA,5.433817867264945,5.550000190734863,5.369999885559082,5.447499990463257,5.447499990463257,1523800,5.433817867264945,5.550000190734863,5.369999885559082,5.447499990463257,1.0,5.550000190734863,5.369999885559082,0
2025-08-13 14:00:00,JHSF3,JHSF3.SA,5.440658928864101,5.460000038146973,5.369999885559082,5.412500023841858,5.412500023841858,621000,5.440658928864101,5.460000038146973,5.369999885559082,5.412500023841858,1.0,5.460000038146973,5.369999885559082,0
2025-08-14 10:00:00,JHSF3,JHSF3.SA,5.4265794763529795,5.4265794763529795,5.269999980926514,5.337499976158142,5.337499976158142,739500,5.4265794763529795,5.4265794763529795,5.269999980926514,5.337499976158142,1.0,5.4265794763529795,5.269999980926514,0
2025-08-14 14:00:00,JHSF3,JHSF3.SA,5.382039726255561,5.382039726255561,5.21999979019165,5.269999980926514,5.269999980926514,4221200,5.382039726255561,5.382039726255561,5.21999979019165,5.269999980926514,1.0,5.382039726255561,5.21999979019165,0
2025-08-15 10:00:00,JHSF3,JHSF3.SA,5.3260198535910375,5.480000019073486,5.320000171661377,5.397500038146973,5.397500038146973,1560400,5.3260198535910375,5.480000019073486,5.320000171661377,5.397500038146973,1.0,5.480000019073486,5.320000171661377,0
2025-08-15 14:00:00,JHSF3,JHSF3.SA,5.3617599458690055,5.489999771118164,5.3617599458690055,5.444999933242798,5.444999933242798,1508800,5.3617599458690055,5.489999771118164,5.3617599458690055,5.444999933242798,1.0,5.489999771118164,5.3617599458690055,0
2025-08-18 10:00:00,JHSF3,JHSF3.SA,5.403379939555902,5.679999828338623,5.403379939555902,5.564999938011169,5.564999938011169,1268400,5.403379939555902,5.679999828338623,5.403379939555902,5.564999938011169,1.0,5.679999828338623,5.403379939555902,0
2025-08-18 14:00:00,JHSF3,JHSF3.SA,5.484189938783535,5.639999866485596,5.484189938783535,5.5950000286102295,5.5950000286102295,1063200,5.484189938783535,5.639999866485596,5.484189938783535,5.5950000286102295,1.0,5.639999866485596,5.484189938783535,0
2025-08-19 10:00:00,JHSF3,JHSF3.SA,5.539594983696882,5.550000190734863,5.409999847412109,5.495000004768372,5.495000004768372,2017000,5.539594983696882,5.550000190734863,5.409999847412109,5.495000004768372,1.0,5.550000190734863,5.409999847412109,0
2025-08-19 14:00:00,JHSF3,JHSF3.SA,5.517297494232627,5.539999961853027,5.449999809265137,5.489999890327454,5.489999890327454,1299400,5.517297494232627,5.539999961853027,5.449999809265137,5.489999890327454,1.0,5.539999961853027,5.449999809265137,0
2025-08-20 10:00:00,JHSF3,JHSF3.SA,5.5036486922800405,5.5036486922800405,5.409999847412109,5.449999928474426,5.449999928474426,937100,5.5036486922800405,5.5036486922800405,5.409999847412109,5.449999928474426,1.0,5.5036486922800405,5.409999847412109,0
2025-08-20 14:00:00,JHSF3,JHSF3.SA,5.476824310377234,5.476824310377234,5.400000095367432,5.415000081062317,5.415000081062317,927900,5.476824310377234,5.476824310377234,5.400000095367432,5.415000081062317,1.0,5.476824310377234,5.400000095367432,0
2025-08-21 10:00:00,JHSF3,JHSF3.SA,5.445912195719775,5.449999809265137,5.320000171661377,5.387499928474426,5.387499928474426,719600,5.445912195719775,5.449999809265137,5.320000171661377,5.387499928474426,1.0,5.449999809265137,5.320000171661377,0
2025-08-21 14:00:00,JHSF3,JHSF3.SA,5.4167060620971,5.4167060620971,5.309999942779541,5.34499990940094,5.34499990940094,905900,5.4167060620971,5.4167060620971,5.309999942779541,5.34499990940094,1.0,5.4167060620971,5.309999942779541,0
2025-08-22 10:00:00,JHSF3,JHSF3.SA,5.38085298574902,5.480000019073486,5.309999942779541,5.399999976158142,5.399999976158142,803100,5.38085298574902,5.480000019073486,5.309999942779541,5.399999976158142,1.0,5.480000019073486,5.309999942779541,0
2025-08-22 14:00:00,JHSF3,JHSF3.SA,5.390426480953581,5.53000020980835,5.390426480953581,5.490000009536743,5.490000009536743,1144500,5.390426480953581,5.53000020980835,5.390426480953581,5.490000009536743,1.0,5.53000020980835,5.390426480953581,0
2025-08-25 10:00:00,JHSF3,JHSF3.SA,5.440213245245162,5.579999923706055,5.440213245245162,5.525000095367432,5.525000095367432,284000,5.440213245245162,5.579999923706055,5.440213245245162,5.525000095367432,1.0,5.579999923706055,5.440213245245162,0
2025-08-25 14:00:00,JHSF3,JHSF3.SA,5.482606670306296,5.53000020980835,5.482606670306296,5.512500047683716,5.512500047683716,418200,5.482606670306296,5.53000020980835,5.482606670306296,5.512500047683716,1.0,5.53000020980835,5.482606670306296,0
2025-08-26 10:00:00,JHSF3,JHSF3.SA,5.497553358995006,5.550000190734863,5.440000057220459,5.497500061988831,5.497500061988831,443300,5.497553358995006,5.550000190734863,5.440000057220459,5.497500061988831,1.0,5.550000190734863,5.440000057220459,0
2025-08-26 14:00:00,JHSF3,JHSF3.SA,5.497526710491918,5.497526710491918,5.440000057220459,5.457499980926514,5.457499980926514,1042700,5.497526710491918,5.497526710491918,5.440000057220459,5.457499980926514,1.0,5.497526710491918,5.440000057220459,0
2025-08-27 10:00:00,JHSF3,JHSF3.SA,5.477513345709216,5.510000228881836,5.449999809265137,5.482499957084656,5.482499957084656,1078000,5.477513345709216,5.510000228881836,5.449999809265137,5.482499957084656,1.0,5.510000228881836,5.449999809265137,0
2025-08-27 14:00:00,JHSF3,JHSF3.SA,5.480006651396936,5.519999980926514,5.460000038146973,5.492500066757202,5.492500066757202,3008300,5.480006651396936,5.519999980926514,5.460000038146973,5.492500066757202,1.0,5.519999980926514,5.460000038146973,0
2025-08-28 10:00:00,JHSF3,JHSF3.SA,5.486253359077069,5.630000114440918,5.486253359077069,5.577500104904175,5.577500104904175,1538900,5.486253359077069,5.630000114440918,5.486253359077069,5.577500104904175,1.0,5.630000114440918,5.486253359077069,0
2025-08-28 14:00:00,JHSF3,JHSF3.SA,5.5318767319906215,5.630000114440918,5.5318767319906215,5.600000023841858,5.600000023841858,1108900,5.5318767319906215,5.630000114440918,5.5318767319906215,5.600000023841858,1.0,5.630000114440918,5.5318767319906215,0
2025-08-29 10:00:00,JHSF3,JHSF3.SA,5.56593837791624,5.650000095367432,5.550000190734863,5.6000001430511475,5.6000001430511475,1346200,5.56593837791624,5.650000095367432,5.550000190734863,5.6000001430511475,1.0,5.650000095367432,5.550000190734863,0
2025-08-29 14:00:00,JHSF3,JHSF3.SA,5.582969260483694,5.71999979019165,5.582969260483694,5.669999957084656,5.669999957084656,2691200,5.582969260483694,5.71999979019165,5.582969260483694,5.669999957084656,1.0,5.71999979019165,5.582969260483694,0
2025-09-01 10:00:00,JHSF3,JHSF3.SA,5.626484608784175,5.71999979019165,5.559999942779541,5.654999852180481,5.654999852180481,1057800,5.626484608784175,5.71999979019165,5.559999942779541,5.654999852180481,1.0,5.71999979019165,5.559999942779541,0
2025-09-01 14:00:00,JHSF3,JHSF3.SA,5.640742230482328,5.640742230482328,5.570000171661377,5.5975000858306885,5.5975000858306885,1248400,5.640742230482328,5.640742230482328,5.570000171661377,5.5975000858306885,1.0,5.640742230482328,5.570000171661377,0
2025-09-02 10:00:00,JHSF3,JHSF3.SA,5.619121158156508,5.619121158156508,5.480000019073486,5.5375001430511475,5.5375001430511475,2145600,5.619121158156508,5.619121158156508,5.480000019073486,5.5375001430511475,1.0,5.619121158156508,5.480000019073486,0
2025-09-02 14:00:00,JHSF3,JHSF3.SA,5.578310650603828,5.578310650603828,5.489999771118164,5.512500047683716,5.512500047683716,1914100,5.578310650603828,5.578310650603828,5.489999771118164,5.512500047683716,1.0,5.578310650603828,5.489999771118164,0
2025-09-03 10:00:00,JHSF3,JHSF3.SA,5.545405349143772,5.545405349143772,5.480000019073486,5.497499942779541,5.497499942779541,511800,5.545405349143772,5.545405349143772,5.480000019073486,5.497499942779541,1.0,5.545405349143772,5.480000019073486,0
2025-09-03 14:00:00,JHSF3,JHSF3.SA,5.521452645961657,5.521452645961657,5.46999979019165,5.487499833106995,5.487499833106995,699900,5.521452645961657,5.521452645961657,5.46999979019165,5.487499833106995,1.0,5.521452645961657,5.46999979019165,0
2025-09-04 10:00:00,JHSF3,JHSF3.SA,5.504476239534325,5.539999961853027,5.480000019073486,5.512499928474426,5.512499928474426,918200,5.504476239534325,5.539999961853027,5.480000019073486,5.512499928474426,1.0,5.539999961853027,5.480000019073486,0
2025-09-04 14:00:00,JHSF3,JHSF3.SA,5.508488084004376,5.619999885559082,5.508488084004376,5.567499995231628,5.567499995231628,2498700,5.508488084004376,5.619999885559082,5.508488084004376,5.567499995231628,1.0,5.619999885559082,5.508488084004376,0
2025-09-05 10:00:00,JHSF3,JHSF3.SA,5.5379940396180025,5.739999771118164,5.5379940396180025,5.664999842643738,5.664999842643738,1204000,5.5379940396180025,5.739999771118164,5.5379940396180025,5.664999842643738,1.0,5.739999771118164,5.5379940396180025,0
2025-09-05 14:00:00,JHSF3,JHSF3.SA,5.60149694113087,5.739999771118164,5.60149694113087,5.702499866485596,5.702499866485596,1501300,5.60149694113087,5.739999771118164,5.60149694113087,5.702499866485596,1.0,5.739999771118164,5.60149694113087,0
2025-09-08 10:00:00,JHSF3,JHSF3.SA,5.651998403808233,5.75,5.489999771118164,5.622499942779541,5.622499942779541,1806400,5.651998403808233,5.75,5.489999771118164,5.622499942779541,1.0,5.75,5.489999771118164,0
2025-09-08 14:00:00,JHSF3,JHSF3.SA,5.6372491732938865,5.6372491732938865,5.480000019073486,5.507500171661377,5.507500171661377,1655000,5.6372491732938865,5.6372491732938865,5.480000019073486,5.507500171661377,1.0,5.6372491732938865,5.480000019073486,0
2025-09-09 10:00:00,JHSF3,JHSF3.SA,5.572374672477632,5.572374672477632,5.389999866485596,5.454999923706055,5.454999923706055,970600,5.572374672477632,5.572374672477632,5.389999866485596,5.454999923706055,1.0,5.572374672477632,5.389999866485596,0
2025-09-09 14:00:00,JHSF3,JHSF3.SA,5.513687298091844,5.513687298091844,5.389999866485596,5.412500023841858,5.412500023841858,1339700,5.513687298091844,5.513687298091844,5.389999866485596,5.412500023841858,1.0,5.513687298091844,5.389999866485596,0
2025-09-10 10:00:00,JHSF3,JHSF3.SA,5.463093660966851,5.480000019073486,5.389999866485596,5.424999952316284,5.424999952316284,685600,5.463093660966851,5.480000019073486,5.389999866485596,5.424999952316284,1.0,5.480000019073486,5.389999866485596,0
2025-09-10 14:00:00,JHSF3,JHSF3.SA,5.444046806641568,5.46999979019165,5.389999866485596,5.432499885559082,5.432499885559082,1193100,5.444046806641568,5.46999979019165,5.389999866485596,5.432499885559082,1.0,5.46999979019165,5.389999866485596,0
2025-09-11 10:00:00,JHSF3,JHSF3.SA,5.438273346100325,5.579999923706055,5.438273346100325,5.514999985694885,5.514999985694885,1160300,5.438273346100325,5.579999923706055,5.438273346100325,5.514999985694885,1.0,5.579999923706055,5.438273346100325,0
2025-09-11 14:00:00,JHSF3,JHSF3.SA,5.476636665897605,5.559999942779541,5.476636665897605,5.540000081062317,5.540000081062317,1151500,5.476636665897605,5.559999942779541,5.476636665897605,5.540000081062317,1.0,5.559999942779541,5.476636665897605,0
2025-09-12 10:00:00,JHSF3,JHSF3.SA,5.508318373479961,5.550000190734863,5.480000019073486,5.525000095367432,5.525000095367432,418300,5.508318373479961,5.550000190734863,5.480000019073486,5.525000095367432,1.0,5.550000190734863,5.480000019073486,0
2025-09-12 14:00:00,JHSF3,JHSF3.SA,5.516659234423696,5.53000020980835,5.480000019073486,5.515000104904175,5.515000104904175,544700,5.516659234423696,5.53000020980835,5.480000019073486,5.515000104904175,1.0,5.53000020980835,5.480000019073486,0
2025-09-15 10:00:00,JHSF3,JHSF3.SA,5.515829669663935,5.539999961853027,5.489999771118164,5.507499933242798,5.507499933242798,626300,5.515829669663935,5.539999961853027,5.489999771118164,5.507499933242798,1.0,5.539999961853027,5.489999771118164,0
2025-09-15 14:00:00,JHSF3,JHSF3.SA,5.5116648014533665,5.5116648014533665,5.46999979019165,5.495000004768372,5.495000004768372,853500,5.5116648014533665,5.5116648014533665,5.46999979019165,5.495000004768372,1.0,5.5116648014533665,5.46999979019165,0
2025-09-16 10:00:00,JHSF3,JHSF3.SA,5.5033324031108695,5.550000190734863,5.5,5.522500038146973,5.522500038146973,686200,5.5033324031108695,5.550000190734863,5.5,5.522500038146973,1.0,5.550000190734863,5.5,0
2025-09-16 14:00:00,JHSF3,JHSF3.SA,5.512916220628921,5.610000133514404,5.512916220628921,5.555000066757202,5.555000066757202,1384000,5.512916220628921,5.610000133514404,5.512916220628921,5.555000066757202,1.0,5.610000133514404,5.512916220628921,0
2025-09-17 10:00:00,JHSF3,JHSF3.SA,5.533958143693061,6.550000190734863,5.533958143693061,6.255000114440918,6.255000114440918,18106700,5.533958143693061,6.550000190734863,5.533958143693061,6.255000114440918,1.0,6.550000190734863,5.533958143693061,0
2025-09-17 14:00:00,JHSF3,JHSF3.SA,5.89447912906699,6.230000019073486,5.89447912906699,6.0950000286102295,6.0950000286102295,6500600,5.89447912906699,6.230000019073486,5.89447912906699,6.0950000286102295,1.0,6.230000019073486,5.89447912906699,0
2025-09-18 10:00:00,JHSF3,JHSF3.SA,5.99473957883861,6.139999866485596,5.96999979019165,6.074999928474426,6.074999928474426,3180500,5.99473957883861,6.139999866485596,5.96999979019165,6.074999928474426,1.0,6.139999866485596,5.96999979019165,0
2025-09-18 14:00:00,JHSF3,JHSF3.SA,6.034869753656518,6.199999809265137,6.019999980926514,6.107499957084656,6.107499957084656,3736000,6.034869753656518,6.199999809265137,6.019999980926514,6.107499957084656,1.0,6.199999809265137,6.019999980926514,0
2025-09-19 10:00:00,JHSF3,JHSF3.SA,6.071184855370587,6.260000228881836,6.071184855370587,6.179999947547913,6.179999947547913,2553000,6.071184855370587,6.260000228881836,6.071184855370587,6.179999947547913,1.0,6.260000228881836,6.071184855370587,0
2025-09-19 14:00:00,JHSF3,JHSF3.SA,6.12559240145925,6.329999923706055,6.12559240145925,6.247499942779541,6.247499942779541,3599900,6.12559240145925,6.329999923706055,6.12559240145925,6.247499942779541,1.0,6.329999923706055,6.12559240145925,0
2025-09-22 10:00:00,JHSF3,JHSF3.SA,6.186546172119396,6.320000171661377,6.059999942779541,6.197499990463257,6.197499990463257,2068700,6.186546172119396,6.320000171661377,6.059999942779541,6.197499990463257,1.0,6.320000171661377,6.059999942779541,0
2025-09-22 14:00:00,JHSF3,JHSF3.SA,6.192023081291326,6.269999980926514,6.119999885559082,6.189999938011169,6.189999938011169,2655600,6.192023081291326,6.269999980926514,6.119999885559082,6.189999938011169,1.0,6.269999980926514,6.119999885559082,0
2025-09-23 10:00:00,JHSF3,JHSF3.SA,6.191011509651248,6.309999942779541,6.191011509651248,6.25,6.25,924500,6.191011509651248,6.309999942779541,6.191011509651248,6.25,1.0,6.309999942779541,6.191011509651248,0
2025-09-23 14:00:00,JHSF3,JHSF3.SA,6.2205057548256235,6.28000020980835,6.2205057548256235,6.252500057220459,6.252500057220459,1502300,6.2205057548256235,6.28000020980835,6.2205057548256235,6.252500057220459,1.0,6.28000020980835,6.2205057548256235,0
2025-09-24 10:00:00,JHSF3,JHSF3.SA,6.236502906023041,6.329999923706055,6.236502906023041,6.2875001430511475,6.2875001430511475,1166000,6.236502906023041,6.329999923706055,6.236502906023041,6.2875001430511475,1.0,6.329999923706055,6.236502906023041,0
2025-09-24 14:00:00,JHSF3,JHSF3.SA,6.262001524537094,6.300000190734863,6.260000228881836,6.282500147819519,6.282500147819519,848400,6.262001524537094,6.300000190734863,6.260000228881836,6.282500147819519,1.0,6.300000190734863,6.260000228881836,0
2025-09-25 10:00:00,JHSF3,JHSF3.SA,6.272250836178307,6.272250836178307,6.159999847412109,6.224999904632568,6.224999904632568,945900,6.272250836178307,6.272250836178307,6.159999847412109,6.224999904632568,1.0,6.272250836178307,6.159999847412109,0
2025-09-25 14:00:00,JHSF3,JHSF3.SA,6.2486253704054375,6.2486253704054375,6.130000114440918,6.177500009536743,6.177500009536743,987300,6.2486253704054375,6.2486253704054375,6.130000114440918,6.177500009536743,1.0,6.2486253704054375,6.130000114440918,0
2025-09-26 10:00:00,JHSF3,JHSF3.SA,6.213062689971091,6.289999961853027,6.190000057220459,6.245000004768372,6.245000004768372,830700,6.213062689971091,6.289999961853027,6.190000057220459,6.245000004768372,1.0,6.289999961853027,6.190000057220459,0
2025-09-26 14:00:00,JHSF3,JHSF3.SA,6.229031347369731,6.320000171661377,6.229031347369731,6.305000185966492,6.305000185966492,927500,6.229031347369731,6.320000171661377,6.229031347369731,6.305000185966492,1.0,6.320000171661377,6.229031347369731,0
2025-09-29 10:00:00,JHSF3,JHSF3.SA,6.267015766668111,6.409999847412109,6.267015766668111,6.347499966621399,6.347499966621399,877800,6.267015766668111,6.409999847412109,6.267015766668111,6.347499966621399,1.0,6.409999847412109,6.267015766668111,0
2025-09-29 14:00:00,JHSF3,JHSF3.SA,6.307257866644755,6.519999980926514,6.307257866644755,6.447499990463257,6.447499990463257,13906600,6.307257866644755,6.519999980926514,6.307257866644755,6.447499990463257,1.0,6.519999980926514,6.307257866644755,0
2025-09-30 10:00:00,JHSF3,JHSF3.SA,6.3773789285540055,6.579999923706055,6.3773789285540055,6.472499847412109,6.472499847412109,1320400,6.3773789285540055,6.579999923706055,6.3773789285540055,6.472499847412109,1.0,6.579999923706055,6.3773789285540055,0
2025-09-30 14:00:00,JHSF3,JHSF3.SA,6.424939387983057,6.489999771118164,6.420000076293945,6.454999923706055,6.454999923706055,1621200,6.424939387983057,6.489999771118164,6.420000076293945,6.454999923706055,1.0,6.489999771118164,6.420000076293945,0
2025-10-01 10:00:00,JHSF3,JHSF3.SA,6.439969655844556,6.460000038146973,6.309999942779541,6.4049999713897705,6.4049999713897705,1240500,6.439969655844556,6.460000038146973,6.309999942779541,6.4049999713897705,1.0,6.460000038146973,6.309999942779541,0
2025-10-01 14:00:00,JHSF3,JHSF3.SA,6.422484813617164,6.53000020980835,6.409999847412109,6.460000038146973,6.460000038146973,2180800,6.422484813617164,6.53000020980835,6.409999847412109,6.460000038146973,1.0,6.53000020980835,6.409999847412109,0
2025-10-02 10:00:00,JHSF3,JHSF3.SA,6.441242425882068,6.5,6.28000020980835,6.400000095367432,6.400000095367432,1627100,6.441242425882068,6.5,6.28000020980835,6.400000095367432,1.0,6.5,6.28000020980835,0
2025-10-02 14:00:00,JHSF3,JHSF3.SA,6.42062126062475,6.42062126062475,6.329999923706055,6.370000004768372,6.370000004768372,1670400,6.42062126062475,6.42062126062475,6.329999923706055,6.370000004768372,1.0,6.42062126062475,6.329999923706055,0
2025-10-03 10:00:00,JHSF3,JHSF3.SA,6.39531063269656,6.39531063269656,6.239999771118164,6.309999942779541,6.309999942779541,1064800,6.39531063269656,6.39531063269656,6.239999771118164,6.309999942779541,1.0,6.39531063269656,6.239999771118164,0
2025-10-03 14:00:00,JHSF3,JHSF3.SA,6.352655287738051,6.352655287738051,6.269999980926514,6.299999952316284,6.299999952316284,1326400,6.352655287738051,6.352655287738051,6.269999980926514,6.299999952316284,1.0,6.352655287738051,6.269999980926514,0
2025-10-06 10:00:00,JHSF3,JHSF3.SA,6.326327620027167,6.329999923706055,6.179999828338623,6.264999866485596,6.264999866485596,986600,6.326327620027167,6.329999923706055,6.179999828338623,6.264999866485596,1.0,6.329999923706055,6.179999828338623,0
2025-10-06 14:00:00,JHSF3,JHSF3.SA,6.295663743256382,6.295663743256382,6.130000114440918,6.212499976158142,6.212499976158142,2518500,6.295663743256382,6.295663743256382,6.130000114440918,6.212499976158142,1.0,6.295663743256382,6.130000114440918,0
2025-10-07 10:00:00,JHSF3,JHSF3.SA,6.254081859707262,6.254081859707262,6.059999942779541,6.139999985694885,6.139999985694885,2055200,6.254081859707262,6.254081859707262,6.059999942779541,6.139999985694885,1.0,6.254081859707262,6.059999942779541,0
2025-10-07 14:00:00,JHSF3,JHSF3.SA,6.197040922701074,6.197040922701074,6.019999980926514,6.082500100135803,6.082500100135803,3161700,6.197040922701074,6.197040922701074,6.019999980926514,6.082500100135803,1.0,6.197040922701074,6.019999980926514,0
2025-10-08 10:00:00,JHSF3,JHSF3.SA,6.139770511418439,6.21999979019165,6.079999923706055,6.137499928474426,6.137499928474426,641400,6.139770511418439,6.21999979019165,6.079999923706055,6.137499928474426,1.0,6.21999979019165,6.079999923706055,0
2025-10-08 14:00:00,JHSF3,JHSF3.SA,6.1386352199464325,6.170000076293945,6.099999904632568,6.132499933242798,6.132499933242798,1110200,6.1386352199464325,6.170000076293945,6.099999904632568,6.132499933242798,1.0,6.170000076293945,6.099999904632568,0
2025-10-09 10:00:00,JHSF3,JHSF3.SA,6.135567576594616,6.199999809265137,6.090000152587891,6.142500042915344,6.142500042915344,1114000,6.135567576594616,6.199999809265137,6.090000152587891,6.142500042915344,1.0,6.199999809265137,6.090000152587891,0
2025-10-09 14:00:00,JHSF3,JHSF3.SA,6.13903380975498,6.13903380975498,6.059999942779541,6.0950000286102295,6.0950000286102295,956200,6.13903380975498,6.13903380975498,6.059999942779541,6.0950000286102295,1.0,6.13903380975498,6.059999942779541,0
2025-10-10 10:00:00,JHSF3,JHSF3.SA,6.117016919182605,6.170000076293945,5.909999847412109,6.0299999713897705,6.0299999713897705,1894300,6.117016919182605,6.170000076293945,5.909999847412109,6.0299999713897705,1.0,6.170000076293945,5.909999847412109,0
2025-10-10 14:00:00,JHSF3,JHSF3.SA,6.073508445286188,6.073508445286188,5.889999866485596,5.922499895095825,5.922499895095825,1457800,6.073508445286188,6.073508445286188,5.889999866485596,5.922499895095825,1.0,6.073508445286188,5.889999866485596,0
2025-10-13 10:00:00,JHSF3,JHSF3.SA,5.998004170191006,6.010000228881836,5.889999866485596,5.9725000858306885,5.9725000858306885,973400,5.998004170191006,6.010000228881836,5.889999866485596,5.9725000858306885,1.0,6.010000228881836,5.889999866485596,0
2025-10-13 14:00:00,JHSF3,JHSF3.SA,5.985252128010847,6.039999961853027,5.96999979019165,6.012499928474426,6.012499928474426,1124400,5.985252128010847,6.039999961853027,5.96999979019165,6.012499928474426,1.0,6.039999961853027,5.96999979019165,0
2025-10-14 10:00:00,JHSF3,JHSF3.SA,5.998876028242637,6.010000228881836,5.929999828338623,5.977499961853027,5.977499961853027,810700,5.998876028242637,6.010000228881836,5.929999828338623,5.977499961853027,1.0,6.010000228881836,5.929999828338623,0
2025-10-14 14:00:00,JHSF3,JHSF3.SA,5.9881879950478325,5.989999771118164,5.929999828338623,5.972499847412109,5.972499847412109,922600,5.9881879950478325,5.989999771118164,5.929999828338623,5.972499847412109,1.0,5.989999771118164,5.929999828338623,0
2025-10-15 10:00:00,JHSF3,JHSF3.SA,5.980343921229971,6.010000228881836,5.860000133514404,5.950000166893005,5.950000166893005,552400,5.980343921229971,6.010000228881836,5.860000133514404,5.950000166893005,1.0,6.010000228881836,5.860000133514404,0
2025-10-15 14:00:00,JHSF3,JHSF3.SA,5.965172044061488,6.03000020980835,5.965172044061488,6.007500052452087,6.007500052452087,837400,5.965172044061488,6.03000020980835,5.965172044061488,6.007500052452087,1.0,6.03000020980835,5.965172044061488,0
2025-10-16 10:00:00,JHSF3,JHSF3.SA,5.986336048256788,6.079999923706055,5.960000038146973,6.037500023841858,6.037500023841858,775600,5.986336048256788,6.079999923706055,5.960000038146973,6.037500023841858,1.0,6.079999923706055,5.960000038146973,0
2025-10-16 14:00:00,JHSF3,JHSF3.SA,6.011918036049323,6.03000020980835,5.949999809265137,5.992500066757202,5.992500066757202,747500,6.011918036049323,6.03000020980835,5.949999809265137,5.992500066757202,1.0,6.03000020980835,5.949999809265137,0
2025-10-17 10:00:00,JHSF3,JHSF3.SA,6.002209051403263,6.002209051403263,5.909999847412109,5.949999928474426,5.949999928474426,1004600,6.002209051403263,6.002209051403263,5.909999847412109,5.949999928474426,1.0,6.002209051403263,5.909999847412109,0
2025-10-17 14:00:00,JHSF3,JHSF3.SA,5.9761044899388445,6.010000228881836,5.940000057220459,5.9725000858306885,5.9725000858306885,1407700,5.9761044899388445,6.010000228881836,5.940000057220459,5.9725000858306885,1.0,6.010000228881836,5.940000057220459,0
2025-10-20 10:00:00,JHSF3,JHSF3.SA,5.9743022878847665,6.179999828338623,5.9743022878847665,6.079999923706055,6.079999923706055,1306400,5.9743022878847665,6.179999828338623,5.9743022878847665,6.079999923706055,1.0,6.179999828338623,5.9743022878847665,0
2025-10-20 14:00:00,JHSF3,JHSF3.SA,6.027151105795411,6.170000076293945,6.027151105795411,6.147500038146973,6.147500038146973,748400,6.027151105795411,6.170000076293945,6.027151105795411,6.147500038146973,1.0,6.170000076293945,6.027151105795411,0
2025-10-21 10:00:00,JHSF3,JHSF3.SA,6.087325571971192,6.159999847412109,6.059999942779541,6.1249998807907104,6.1249998807907104,1113800,6.087325571971192,6.159999847412109,6.059999942779541,6.1249998807907104,1.0,6.159999847412109,6.059999942779541,0
2025-10-21 14:00:00,JHSF3,JHSF3.SA,6.106162726380951,6.170000076293945,6.090000152587891,6.1250001192092896,6.1250001192092896,866400,6.106162726380951,6.170000076293945,6.090000152587891,6.1250001192092896,1.0,6.170000076293945,6.090000152587891,0
2025-10-22 10:00:00,JHSF3,JHSF3.SA,6.11558142279512,6.11558142279512,6.03000020980835,6.077499985694885,6.077499985694885,1147500,6.11558142279512,6.11558142279512,6.03000020980835,6.077499985694885,1.0,6.11558142279512,6.03000020980835,0
2025-10-22 14:00:00,JHSF3,JHSF3.SA,6.096540704245003,6.119999885559082,6.050000190734863,6.09250009059906,6.09250009059906,741300,6.096540704245003,6.119999885559082,6.050000190734863,6.09250009059906,1.0,6.119999885559082,6.050000190734863,0
2025-10-23 10:00:00,JHSF3,JHSF3.SA,6.094520397422031,6.210000038146973,6.070000171661377,6.137500047683716,6.137500047683716,915900,6.094520397422031,6.210000038146973,6.070000171661377,6.137500047683716,1.0,6.210000038146973,6.070000171661377,0
2025-10-23 14:00:00,JHSF3,JHSF3.SA,6.116010222552873,6.159999847412109,6.116010222552873,6.142500042915344,6.142500042915344,506100,6.116010222552873,6.159999847412109,6.116010222552873,6.142500042915344,1.0,6.159999847412109,6.116010222552873,0
2025-10-24 10:00:00,JHSF3,JHSF3.SA,6.129255132734109,6.230000019073486,6.119999885559082,6.164999961853027,6.164999961853027,445300,6.129255132734109,6.230000019073486,6.119999885559082,6.164999961853027,1.0,6.230000019073486,6.119999885559082,0
2025-10-24 14:00:00,JHSF3,JHSF3.SA,6.147127547293568,6.210000038146973,6.147127547293568,6.189999938011169,6.189999938011169,544000,6.147127547293568,6.210000038146973,6.147127547293568,6.189999938011169,1.0,6.210000038146973,6.147127547293568,0
2025-10-27 10:00:00,JHSF3,JHSF3.SA,6.168563742652369,6.300000190734863,6.168563742652369,6.267500162124634,6.267500162124634,880400,6.168563742652369,6.300000190734863,6.168563742652369,6.267500162124634,1.0,6.300000190734863,6.168563742652369,0
2025-10-27 14:00:00,JHSF3,JHSF3.SA,6.218031952388501,6.349999904632568,6.218031952388501,6.310000061988831,6.310000061988831,795500,6.218031952388501,6.349999904632568,6.218031952388501,6.310000061988831,1.0,6.349999904632568,6.218031952388501,0
2025-10-28 10:00:00,JHSF3,JHSF3.SA,6.2640160071886655,6.320000171661377,6.260000228881836,6.300000190734863,6.300000190734863,743400,6.2640160071886655,6.320000171661377,6.260000228881836,6.300000190734863,1.0,6.320000171661377,6.260000228881836,0
2025-10-28 14:00:00,JHSF3,JHSF3.SA,6.282008098961764,6.340000152587891,6.28000020980835,6.305000185966492,6.305000185966492,680000,6.282008098961764,6.340000152587891,6.28000020980835,6.305000185966492,1.0,6.340000152587891,6.28000020980835,0
2025-10-29 10:00:00,JHSF3,JHSF3.SA,6.293504142464128,6.559999942779541,6.293504142464128,6.430000066757202,6.430000066757202,2396600,6.293504142464128,6.559999942779541,6.293504142464128,6.430000066757202,1.0,6.559999942779541,6.293504142464128,0
2025-10-29 14:00:00,JHSF3,JHSF3.SA,6.361752104610665,6.559999942779541,6.361752104610665,6.514999985694885,6.514999985694885,1206400,6.361752104610665,6.559999942779541,6.361752104610665,6.514999985694885,1.0,6.559999942779541,6.361752104610665,0
2025-10-30 10:00:00,JHSF3,JHSF3.SA,6.438376045152776,6.619999885559082,6.409999847412109,6.512499928474426,6.512499928474426,1321300,6.438376045152776,6.619999885559082,6.409999847412109,6.512499928474426,1.0,6.619999885559082,6.409999847412109,0
2025-10-30 14:00:00,JHSF3,JHSF3.SA,6.475437986813601,6.590000152587891,6.475437986813601,6.567499995231628,6.567499995231628,1081900,6.475437986813601,6.590000152587891,6.475437986813601,6.567499995231628,1.0,6.590000152587891,6.475437986813601,0
2025-10-31 10:00:00,JHSF3,JHSF3.SA,6.521468991022615,6.710000038146973,6.521468991022615,6.662500023841858,6.662500023841858,4352800,6.521468991022615,6.710000038146973,6.521468991022615,6.662500023841858,1.0,6.710000038146973,6.521468991022615,0
2025-10-31 14:00:00,JHSF3,JHSF3.SA,6.591984507432237,6.690000057220459,6.591984507432237,6.647500038146973,6.647500038146973,1592800,6.591984507432237,6.690000057220459,6.591984507432237,6.647500038146973,1.0,6.690000057220459,6.591984507432237,0
2025-11-03 10:00:00,JHSF3,JHSF3.SA,6.619742272789605,6.699999809265137,6.519999980926514,6.587499976158142,6.587499976158142,2047100,6.619742272789605,6.699999809265137,6.519999980926514,6.587499976158142,1.0,6.699999809265137,6.519999980926514,0
2025-11-03 14:00:00,JHSF3,JHSF3.SA,6.603621124473873,6.603621124473873,6.510000228881836,6.545000076293945,6.545000076293945,1131500,6.603621124473873,6.603621124473873,6.510000228881836,6.545000076293945,1.0,6.603621124473873,6.510000228881836,0
2025-11-04 10:00:00,JHSF3,JHSF3.SA,6.574310600383909,6.699999809265137,6.570000171661377,6.632500052452087,6.632500052452087,1540800,6.574310600383909,6.699999809265137,6.570000171661377,6.632500052452087,1.0,6.699999809265137,6.570000171661377,0
2025-11-04 14:00:00,JHSF3,JHSF3.SA,6.603405326417999,6.75,6.603405326417999,6.7149999141693115,6.7149999141693115,1329000,6.603405326417999,6.75,6.603405326417999,6.7149999141693115,1.0,6.75,6.603405326417999,0
2025-11-05 10:00:00,JHSF3,JHSF3.SA,6.659202620293655,6.880000114440918,6.659202620293655,6.7799999713897705,6.7799999713897705,1652300,6.659202620293655,6.880000114440918,6.659202620293655,6.7799999713897705,1.0,6.880000114440918,6.659202620293655,0
2025-11-05 14:00:00,JHSF3,JHSF3.SA,6.719601295841713,6.920000076293945,6.719601295841713,6.882500052452087,6.882500052452087,1289000,6.719601295841713,6.920000076293945,6.719601295841713,6.882500052452087,1.0,6.920000076293945,6.719601295841713,0
2025-11-06 10:00:00,JHSF3,JHSF3.SA,6.8010506741469,6.900000095367432,6.699999809265137,6.805000066757202,6.805000066757202,1832200,6.8010506741469,6.900000095367432,6.699999809265137,6.805000066757202,1.0,6.900000095367432,6.699999809265137,0
2025-11-06 14:00:00,JHSF3,JHSF3.SA,6.803025370452051,6.803025370452051,6.75,6.767500042915344,6.767500042915344,575300,6.803025370452051,6.803025370452051,6.75,6.767500042915344,1.0,6.803025370452051,6.75,0
2025-11-07 10:00:00,JHSF3,JHSF3.SA,6.785262706683698,6.849999904632568,6.739999771118164,6.794999957084656,6.794999957084656,886800,6.785262706683698,6.849999904632568,6.739999771118164,6.794999957084656,1.0,6.849999904632568,6.739999771118164,0
2025-11-07 14:00:00,JHSF3,JHSF3.SA,6.790131331884177,6.909999847412109,6.790131331884177,6.865000009536743,6.865000009536743,741200,6.790131331884177,6.909999847412109,6.790131331884177,6.865000009536743,1.0,6.909999847412109,6.790131331884177,0
2025-11-10 10:00:00,JHSF3,JHSF3.SA,6.8275656707104595,7.019999980926514,6.8275656707104595,6.954999923706055,6.954999923706055,924900,6.8275656707104595,7.019999980926514,6.8275656707104595,6.954999923706055,1.0,7.019999980926514,6.8275656707104595,0
2025-11-10 14:00:00,JHSF3,JHSF3.SA,6.891282797208257,6.980000019073486,6.891282797208257,6.9375,6.9375,3611400,6.891282797208257,6.980000019073486,6.891282797208257,6.9375,1.0,6.980000019073486,6.891282797208257,0
2025-11-11 10:00:00,JHSF3,JHSF3.SA,6.9143913986041285,7.179999828338623,6.9143913986041285,7.039999961853027,7.039999961853027,1920600,6.9143913986041285,7.179999828338623,6.9143913986041285,7.039999961853027,1.0,7.179999828338623,6.9143913986041285,0
2025-11-11 14:00:00,JHSF3,JHSF3.SA,6.9771956802285775,7.099999904632568,6.9771956802285775,7.067499995231628,7.067499995231628,1070100,6.9771956802285775,7.099999904632568,6.9771956802285775,7.067499995231628,1.0,7.099999904632568,6.9771956802285775,0
2025-11-12 10:00:00,JHSF3,JHSF3.SA,7.022347837730103,7.139999866485596,7.022347837730103,7.0924999713897705,7.0924999713897705,712500,7.022347837730103,7.139999866485596,7.022347837730103,7.0924999713897705,1.0,7.139999866485596,7.022347837730103,0
2025-11-12 14:00:00,JHSF3,JHSF3.SA,7.057423904559936,7.130000114440918,7.057423904559936,7.090000033378601,7.090000033378601,951700,7.057423904559936,7.130000114440918,7.057423904559936,7.090000033378601,1.0,7.130000114440918,7.057423904559936,0
2025-11-13 10:00:00,JHSF3,JHSF3.SA,7.073711968969269,7.190000057220459,7.010000228881836,7.072500109672546,7.072500109672546,1801300,7.073711968969269,7.190000057220459,7.010000228881836,7.072500109672546,1.0,7.190000057220459,7.010000228881836,0
2025-11-13 14:00:00,JHSF3,JHSF3.SA,7.0731060393209075,7.079999923706055,6.980000019073486,7.037500023841858,7.037500023841858,1042400,7.0731060393209075,7.079999923706055,6.980000019073486,7.037500023841858,1.0,7.079999923706055,6.980000019073486,0
2025-11-14 10:00:00,JHSF3,JHSF3.SA,7.055303031581383,7.409999847412109,7.055303031581383,7.21999990940094,7.21999990940094,4798000,7.055303031581383,7.409999847412109,7.055303031581383,7.21999990940094,1.0,7.409999847412109,7.055303031581383,0
2025-11-14 14:00:00,JHSF3,JHSF3.SA,7.1376514704911616,7.289999961853027,7.1376514704911616,7.232499957084656,7.232499957084656,1421500,7.1376514704911616,7.289999961853027,7.1376514704911616,7.232499957084656,1.0,7.289999961853027,7.1376514704911616,0
2025-11-17 10:00:00,JHSF3,JHSF3.SA,7.185075713787908,7.320000171661377,7.099999904632568,7.215000033378601,7.215000033378601,4124100,7.185075713787908,7.320000171661377,7.099999904632568,7.215000033378601,1.0,7.320000171661377,7.099999904632568,0
2025-11-17 14:00:00,JHSF3,JHSF3.SA,7.200037873583255,7.200037873583255,7.010000228881836,7.075000047683716,7.075000047683716,874000,7.200037873583255,7.200037873583255,7.010000228881836,7.075000047683716,1.0,7.200037873583255,7.010000228881836,0
2025-11-18 10:00:00,JHSF3,JHSF3.SA,7.137518960633486,7.179999828338623,6.869999885559082,7.044999837875366,7.044999837875366,805600,7.137518960633486,7.179999828338623,6.869999885559082,7.044999837875366,1.0,7.179999828338623,6.869999885559082,0
2025-11-18 14:00:00,JHSF3,JHSF3.SA,7.091259399254426,7.260000228881836,7.091259399254426,7.215000033378601,7.215000033378601,832700,7.091259399254426,7.260000228881836,7.091259399254426,7.215000033378601,1.0,7.260000228881836,7.091259399254426,0
2025-11-19 10:00:00,JHSF3,JHSF3.SA,7.1531297163165135,7.260000228881836,7.1531297163165135,7.207499980926514,7.207499980926514,490100,7.1531297163165135,7.260000228881836,7.1531297163165135,7.207499980926514,1.0,7.260000228881836,7.1531297163165135,0
2025-11-19 14:00:00,JHSF3,JHSF3.SA,7.180314848621514,7.190000057220459,7.119999885559082,7.152500033378601,7.152500033378601,522200,7.180314848621514,7.190000057220459,7.119999885559082,7.152500033378601,1.0,7.190000057220459,7.119999885559082,0
2025-11-21 10:00:00,JHSF3,JHSF3.SA,7.166407441000057,7.269999980926514,7.079999923706055,7.164999961853027,7.164999961853027,1290300,7.166407441000057,7.269999980926514,7.079999923706055,7.164999961853027,1.0,7.269999980926514,7.079999923706055,0
2025-11-21 14:00:00,JHSF3,JHSF3.SA,7.165703701426542,7.170000076293945,7.119999885559082,7.1524999141693115,7.1524999141693115,468900,7.165703701426542,7.170000076293945,7.119999885559082,7.1524999141693115,1.0,7.170000076293945,7.119999885559082,0
2025-11-24 10:00:00,JHSF3,JHSF3.SA,7.159101807797927,7.369999885559082,7.139999866485596,7.25,7.25,1222700,7.159101807797927,7.369999885559082,7.139999866485596,7.25,1.0,7.369999885559082,7.139999866485596,0
2025-11-24 14:00:00,JHSF3,JHSF3.SA,7.204550903898964,7.409999847412109,7.204550903898964,7.365000009536743,7.365000009536743,769600,7.204550903898964,7.409999847412109,7.204550903898964,7.365000009536743,1.0,7.409999847412109,7.204550903898964,0
2025-11-25 10:00:00,JHSF3,JHSF3.SA,7.2847754567178535,7.46999979019165,7.210000038146973,7.327499866485596,7.327499866485596,1193800,7.2847754567178535,7.46999979019165,7.210000038146973,7.327499866485596,1.0,7.46999979019165,7.210000038146973,0
2025-11-25 14:00:00,JHSF3,JHSF3.SA,7.306137661601724,7.306137661601724,7.21999979019165,7.254999995231628,7.254999995231628,918400,7.306137661601724,7.306137661601724,7.21999979019165,7.254999995231628,1.0,7.306137661601724,7.21999979019165,0
2025-11-26 10:00:00,JHSF3,JHSF3.SA,7.280568828416676,7.429999828338623,7.269999980926514,7.340000033378601,7.340000033378601,634800,7.280568828416676,7.429999828338623,7.269999980926514,7.340000033378601,1.0,7.429999828338623,7.269999980926514,0
2025-11-26 14:00:00,JHSF3,JHSF3.SA,7.310284430897639,7.46999979019165,7.310284430897639,7.424999952316284,7.424999952316284,629800,7.310284430897639,7.46999979019165,7.310284430897639,7.424999952316284,1.0,7.46999979019165,7.310284430897639,0
2025-11-27 10:00:00,JHSF3,JHSF3.SA,7.367642191606961,7.5,7.349999904632568,7.439999938011169,7.439999938011169,642000,7.367642191606961,7.5,7.349999904632568,7.439999938011169,1.0,7.5,7.349999904632568,0
2025-11-27 14:00:00,JHSF3,JHSF3.SA,7.403821064809065,7.480000019073486,7.403821064809065,7.449999928474426,7.449999928474426,464400,7.403821064809065,7.480000019073486,7.403821064809065,7.449999928474426,1.0,7.480000019073486,7.403821064809065,0
2025-11-28 10:00:00,JHSF3,JHSF3.SA,7.426910496641746,7.650000095367432,7.426910496641746,7.547499895095825,7.547499895095825,1794700,7.426910496641746,7.650000095367432,7.426910496641746,7.547499895095825,1.0,7.650000095367432,7.426910496641746,0
2025-11-28 14:00:00,JHSF3,JHSF3.SA,7.4872051958687855,7.730000019073486,7.4872051958687855,7.6524999141693115,7.6524999141693115,1914100,7.4872051958687855,7.730000019073486,7.4872051958687855,7.6524999141693115,1.0,7.730000019073486,7.4872051958687855,0
2025-12-01 10:00:00,JHSF3,JHSF3.SA,7.5698525550190485,7.670000076293945,7.400000095367432,7.537500023841858,7.537500023841858,1672500,7.5698525550190485,7.670000076293945,7.400000095367432,7.537500023841858,1.0,7.670000076293945,7.400000095367432,0
2025-12-01 14:00:00,JHSF3,JHSF3.SA,7.553676289430453,7.619999885559082,7.400000095367432,7.502500057220459,7.502500057220459,2177300,7.553676289430453,7.619999885559082,7.400000095367432,7.502500057220459,1.0,7.619999885559082,7.400000095367432,0
2025-12-02 10:00:00,JHSF3,JHSF3.SA,7.528088173325456,7.71999979019165,7.528088173325456,7.6549999713897705,7.6549999713897705,906500,7.528088173325456,7.71999979019165,7.528088173325456,7.6549999713897705,1.0,7.71999979019165,7.528088173325456,0
2025-12-02 14:00:00,JHSF3,JHSF3.SA,7.591544072357613,7.809999942779541,7.591544072357613,7.734999895095825,7.734999895095825,1310200,7.591544072357613,7.809999942779541,7.591544072357613,7.734999895095825,1.0,7.809999942779541,7.591544072357613,0
2025-12-03 10:00:00,JHSF3,JHSF3.SA,7.66327198372672,7.909999847412109,7.66327198372672,7.8125001192092896,7.8125001192092896,1824900,7.66327198372672,7.909999847412109,7.66327198372672,7.8125001192092896,1.0,7.909999847412109,7.66327198372672,0
2025-12-03 14:00:00,JHSF3,JHSF3.SA,7.737886051468005,7.909999847412109,7.737886051468005,7.84250009059906,7.84250009059906,2851400,7.737886051468005,7.909999847412109,7.737886051468005,7.84250009059906,1.0,7.909999847412109,7.737886051468005,0
2025-12-04 10:00:00,JHSF3,JHSF3.SA,7.790193071033532,8.279999732971191,7.790193071033532,8.034999966621399,8.034999966621399,2601700,7.790193071033532,8.279999732971191,7.790193071033532,8.034999966621399,1.0,8.279999732971191,7.790193071033532,0
2025-12-04 14:00:00,JHSF3,JHSF3.SA,7.912596518827465,8.130000114440918,7.912596518827465,8.087500095367432,8.087500095367432,1056900,7.912596518827465,8.130000114440918,7.912596518827465,8.087500095367432,1.0,8.130000114440918,7.912596518827465,0
2025-12-05 10:00:00,JHSF3,JHSF3.SA,8.000048307097448,8.109999656677246,7.78000020980835,7.945000052452087,7.945000052452087,1955400,8.000048307097448,8.109999656677246,7.78000020980835,7.945000052452087,1.0,8.109999656677246,7.78000020980835,0
2025-12-05 14:00:00,JHSF3,JHSF3.SA,7.9725241797747675,7.9725241797747675,7.639999866485596,7.792499899864197,7.792499899864197,1866500,7.9725241797747675,7.9725241797747675,7.639999866485596,7.792499899864197,1.0,7.9725241797747675,7.639999866485596,0
2025-12-08 10:00:00,JHSF3,JHSF3.SA,7.882512039819482,7.882512039819482,7.550000190734863,7.7250001430511475,7.7250001430511475,1257600,7.882512039819482,7.882512039819482,7.550000190734863,7.7250001430511475,1.0,7.882512039819482,7.550000190734863,0
2025-12-08 14:00:00,JHSF3,JHSF3.SA,7.803756091435314,7.803756091435314,7.659999847412109,7.702499985694885,7.702499985694885,855400,7.803756091435314,7.803756091435314,7.659999847412109,7.702499985694885,1.0,7.803756091435314,7.659999847412109,0
2025-12-09 10:00:00,JHSF3,JHSF3.SA,7.7531280385651,7.7531280385651,7.420000076293945,7.552500009536743,7.552500009536743,1732100,7.7531280385651,7.7531280385651,7.420000076293945,7.552500009536743,1.0,7.7531280385651,7.420000076293945,0
2025-12-09 14:00:00,JHSF3,JHSF3.SA,7.6528140240509215,7.6528140240509215,7.46999979019165,7.542499899864197,7.542499899864197,583300,7.6528140240509215,7.6528140240509215,7.46999979019165,7.542499899864197,1.0,7.6528140240509215,7.46999979019165,0
2025-12-10 10:00:00,JHSF3,JHSF3.SA,7.59765696195756,7.739999771118164,7.519999980926514,7.615000009536743,7.615000009536743,1146000,7.59765696195756,7.739999771118164,7.519999980926514,7.615000009536743,1.0,7.739999771118164,7.519999980926514,0
2025-12-10 14:00:00,JHSF3,JHSF3.SA,7.606328485747151,7.679999828338623,7.606328485747151,7.6499998569488525,7.6499998569488525,599200,7.606328485747151,7.679999828338623,7.606328485747151,7.6499998569488525,1.0,7.679999828338623,7.606328485747151,0
2025-12-11 10:00:00,JHSF3,JHSF3.SA,7.628164171348002,8.09000015258789,7.628164171348002,7.865000009536743,7.865000009536743,3955300,7.628164171348002,8.09000015258789,7.628164171348002,7.865000009536743,1.0,8.09000015258789,7.628164171348002,0
2025-12-11 14:00:00,JHSF3,JHSF3.SA,7.746582090442373,8.0600004196167,7.746582090442373,7.945000171661377,7.945000171661377,2391600,7.746582090442373,8.0600004196167,7.746582090442373,7.945000171661377,1.0,8.0600004196167,7.746582090442373,0
2025-12-12 10:00:00,JHSF3,JHSF3.SA,7.845791131051875,8.020000457763672,7.78000020980835,7.8800002336502075,7.8800002336502075,968600,7.845791131051875,8.020000457763672,7.78000020980835,7.8800002336502075,1.0,8.020000457763672,7.78000020980835,0
2025-12-12 14:00:00,JHSF3,JHSF3.SA,7.862895682351041,7.949999809265137,7.860000133514404,7.887499928474426,7.887499928474426,542400,7.862895682351041,7.949999809265137,7.860000133514404,7.887499928474426,1.0,7.949999809265137,7.860000133514404,0
2025-12-15 10:00:00,JHSF3,JHSF3.SA,7.875197805412734,7.96999979019165,7.869999885559082,7.939999938011169,7.939999938011169,850700,7.875197805412734,7.96999979019165,7.869999885559082,7.939999938011169,1.0,7.96999979019165,7.869999885559082,0
2025-12-15 14:00:00,JHSF3,JHSF3.SA,7.907598871711952,8.050000190734863,7.907598871711952,7.995000123977661,7.995000123977661,1085600,7.907598871711952,8.050000190734863,7.907598871711952,7.995000123977661,1.0,8.050000190734863,7.907598871711952,0
2025-12-16 10:00:00,JHSF3,JHSF3.SA,7.951299497844806,7.951299497844806,7.710000038146973,7.827499866485596,7.827499866485596,1504100,7.951299497844806,7.951299497844806,7.710000038146973,7.827499866485596,1.0,7.951299497844806,7.710000038146973,0
2025-12-16 14:00:00,JHSF3,JHSF3.SA,7.889399682165201,7.889399682165201,7.630000114440918,7.700000047683716,7.700000047683716,959900,7.889399682165201,7.889399682165201,7.630000114440918,7.700000047683716,1.0,7.889399682165201,7.630000114440918,0
2025-12-17 10:00:00,JHSF3,JHSF3.SA,7.794699864924459,7.794699864924459,7.420000076293945,7.602500081062317,7.602500081062317,1882600,7.794699864924459,7.794699864924459,7.420000076293945,7.602500081062317,1.0,7.794699864924459,7.420000076293945,0
2025-12-17 14:00:00,JHSF3,JHSF3.SA,7.698599972993388,7.698599972993388,7.5,7.557500004768372,7.557500004768372,937100,7.698599972993388,7.698599972993388,7.5,7.557500004768372,1.0,7.698599972993388,7.5,0
2025-12-18 10:00:00,JHSF3,JHSF3.SA,7.62804998888088,7.760000228881836,7.510000228881836,7.630000114440918,7.630000114440918,1174700,7.62804998888088,7.760000228881836,7.510000228881836,7.630000114440918,1.0,7.760000228881836,7.510000228881836,0
2025-12-18 14:00:00,JHSF3,JHSF3.SA,7.629025051660899,7.739999771118164,7.629025051660899,7.699999928474426,7.699999928474426,654800,7.629025051660899,7.739999771118164,7.629025051660899,7.699999928474426,1.0,7.739999771118164,7.629025051660899,0
2025-12-19 10:00:00,JHSF3,JHSF3.SA,7.664512490067663,7.940000057220459,7.619999885559082,7.769999980926514,7.769999980926514,1927400,7.664512490067663,7.940000057220459,7.619999885559082,7.769999980926514,1.0,7.940000057220459,7.619999885559082,0
2025-12-19 14:00:00,JHSF3,JHSF3.SA,7.717256235497088,7.869999885559082,7.717256235497088,7.830000042915344,7.830000042915344,1226100,7.717256235497088,7.869999885559082,7.717256235497088,7.830000042915344,1.0,7.869999885559082,7.717256235497088,0
2025-12-22 10:00:00,JHSF3,JHSF3.SA,7.773628139206217,7.860000133514404,7.599999904632568,7.760000109672546,7.760000109672546,3653500,7.773628139206217,7.860000133514404,7.599999904632568,7.760000109672546,1.0,7.860000133514404,7.599999904632568,0
2025-12-22 14:00:00,JHSF3,JHSF3.SA,7.766814124439382,7.800000190734863,7.710000038146973,7.7500001192092896,7.7500001192092896,875800,7.766814124439382,7.800000190734863,7.710000038146973,7.7500001192092896,1.0,7.800000190734863,7.710000038146973,0
2025-12-23 10:00:00,JHSF3,JHSF3.SA,7.758407121824336,8.0,7.739999771118164,7.864999890327454,7.864999890327454,2510500,7.758407121824336,8.0,7.739999771118164,7.864999890327454,1.0,8.0,7.739999771118164,0
2025-12-23 14:00:00,JHSF3,JHSF3.SA,7.811703506075895,8.0,7.811703506075895,7.952499866485596,7.952499866485596,1257600,7.811703506075895,8.0,7.811703506075895,7.952499866485596,1.0,8.0,7.811703506075895,0
2025-12-26 10:00:00,JHSF3,JHSF3.SA,7.882101686280745,8.069999694824219,7.882101686280745,7.985000014305115,7.985000014305115,1685500,7.882101686280745,8.069999694824219,7.882101686280745,7.985000014305115,1.0,8.069999694824219,7.882101686280745,0
2025-12-26 14:00:00,JHSF3,JHSF3.SA,7.93355085029293,8.050000190734863,7.93355085029293,8.005000114440918,8.005000114440918,2031900,7.93355085029293,8.050000190734863,7.93355085029293,8.005000114440918,1.0,8.050000190734863,7.93355085029293,0
2025-12-29 10:00:00,JHSF3,JHSF3.SA,7.969275482366924,8.039999961853027,7.820000171661377,7.940000057220459,7.940000057220459,1008300,7.969275482366924,8.039999961853027,7.820000171661377,7.940000057220459,1.0,8.039999961853027,7.820000171661377,0
2025-12-29 14:00:00,JHSF3,JHSF3.SA,7.954637769793692,7.954637769793692,7.829999923706055,7.862500071525574,7.862500071525574,742600,7.954637769793692,7.954637769793692,7.829999923706055,7.862500071525574,1.0,7.954637769793692,7.829999923706055,0
2025-12-30 10:00:00,JHSF3,JHSF3.SA,7.908568920659633,7.980000019073486,7.900000095367432,7.935000061988831,7.935000061988831,1323700,7.908568920659633,7.980000019073486,7.900000095367432,7.935000061988831,1.0,7.980000019073486,7.900000095367432,0
2025-12-30 14:00:00,JHSF3,JHSF3.SA,7.921784491324232,7.980000019073486,7.921784491324232,7.962499976158142,7.962499976158142,978500,7.921784491324232,7.980000019073486,7.921784491324232,7.962499976158142,1.0,7.980000019073486,7.921784491324232,0
