date,ticker,source_symbol,open,high,low,close,adj_close,volume,raw_open,raw_high,raw_low,raw_close,adjustment_factor,source_high,source_low,ohlc_repaired
2025-01-02 10:00:00,TUPY3,TUPY3.SA,23.32693416457982,23.32693416457982,21.549999237060547,22.15499973297119,22.15499973297119,572300,23.32693416457982,23.32693416457982,21.549999237060547,22.15499973297119,1.0,23.32693416457982,21.549999237060547,0
2025-01-02 14:00:00,TUPY3,TUPY3.SA,22.740966948775508,22.740966948775508,21.56999969482422,21.677499771118164,21.677499771118164,320100,22.740966948775508,22.740966948775508,21.56999969482422,21.677499771118164,1.0,22.740966948775508,21.56999969482422,0
2025-01-03 10:00:00,TUPY3,TUPY3.SA,22.209233359946836,22.209233359946836,20.90999984741211,21.352499961853027,21.352499961853027,371600,22.209233359946836,22.209233359946836,20.90999984741211,21.352499961853027,1.0,22.209233359946836,20.90999984741211,0
2025-01-03 14:00:00,TUPY3,TUPY3.SA,21.78086666089993,21.78086666089993,20.920000076293945,21.11750030517578,21.11750030517578,456800,21.78086666089993,21.78086666089993,20.920000076293945,21.11750030517578,1.0,21.78086666089993,20.920000076293945,0
2025-01-06 10:00:00,TUPY3,TUPY3.SA,21.449183483037856,21.84000015258789,21.110000610351562,21.510000228881836,21.510000228881836,185000,21.449183483037856,21.84000015258789,21.110000610351562,21.510000228881836,1.0,21.84000015258789,21.110000610351562,0
2025-01-06 14:00:00,TUPY3,TUPY3.SA,21.479591855959846,21.559999465942383,21.170000076293945,21.380000114440918,21.380000114440918,324300,21.479591855959846,21.559999465942383,21.170000076293945,21.380000114440918,1.0,21.559999465942383,21.170000076293945,0
2025-01-07 10:00:00,TUPY3,TUPY3.SA,21.429795985200382,21.950000762939453,21.429795985200382,21.78250026702881,21.78250026702881,96700,21.429795985200382,21.950000762939453,21.429795985200382,21.78250026702881,1.0,21.950000762939453,21.429795985200382,0
2025-01-07 14:00:00,TUPY3,TUPY3.SA,21.606148126114597,22.040000915527344,21.606148126114597,21.89750051498413,21.89750051498413,111300,21.606148126114597,22.040000915527344,21.606148126114597,21.89750051498413,1.0,22.040000915527344,21.606148126114597,0
2025-01-08 10:00:00,TUPY3,TUPY3.SA,21.751824320549364,22.020000457763672,21.649999618530273,21.84000015258789,21.84000015258789,211500,21.751824320549364,22.020000457763672,21.649999618530273,21.84000015258789,1.0,22.020000457763672,21.649999618530273,0
2025-01-08 14:00:00,TUPY3,TUPY3.SA,21.795912236568626,21.950000762939453,21.795912236568626,21.86750030517578,21.86750030517578,111900,21.795912236568626,21.950000762939453,21.795912236568626,21.86750030517578,1.0,21.950000762939453,21.795912236568626,0
2025-01-09 10:00:00,TUPY3,TUPY3.SA,21.831706270872203,22.06999969482422,21.81999969482422,21.9375,21.9375,145300,21.831706270872203,22.06999969482422,21.81999969482422,21.9375,1.0,22.06999969482422,21.81999969482422,0
2025-01-09 14:00:00,TUPY3,TUPY3.SA,21.8846031354361,22.06999969482422,21.81999969482422,21.954999923706055,21.954999923706055,280500,21.8846031354361,22.06999969482422,21.81999969482422,21.954999923706055,1.0,22.06999969482422,21.81999969482422,0
2025-01-10 10:00:00,TUPY3,TUPY3.SA,21.919801529571078,21.919801529571078,21.110000610351562,21.46500015258789,21.46500015258789,107000,21.919801529571078,21.919801529571078,21.110000610351562,21.46500015258789,1.0,21.919801529571078,21.110000610351562,0
2025-01-10 14:00:00,TUPY3,TUPY3.SA,21.692400841079483,21.692400841079483,21.139999389648438,21.247499465942383,21.247499465942383,84100,21.692400841079483,21.692400841079483,21.139999389648438,21.247499465942383,1.0,21.692400841079483,21.139999389648438,0
2025-01-13 10:00:00,TUPY3,TUPY3.SA,21.469950153510933,21.520000457763672,21.170000076293945,21.34999990463257,21.34999990463257,125700,21.469950153510933,21.520000457763672,21.170000076293945,21.34999990463257,1.0,21.520000457763672,21.170000076293945,0
2025-01-13 14:00:00,TUPY3,TUPY3.SA,21.409975029071752,21.409975029071752,21.239999771118164,21.317500114440918,21.317500114440918,114700,21.409975029071752,21.409975029071752,21.239999771118164,21.317500114440918,1.0,21.409975029071752,21.239999771118164,0
2025-01-14 10:00:00,TUPY3,TUPY3.SA,21.363737571756335,21.5,20.950000762939453,21.255000114440918,21.255000114440918,141000,21.363737571756335,21.5,20.950000762939453,21.255000114440918,1.0,21.5,20.950000762939453,0
2025-01-14 14:00:00,TUPY3,TUPY3.SA,21.309368843098625,21.309368843098625,21.010000228881836,21.100000381469727,21.100000381469727,61900,21.309368843098625,21.309368843098625,21.010000228881836,21.100000381469727,1.0,21.309368843098625,21.010000228881836,0
2025-01-15 10:00:00,TUPY3,TUPY3.SA,21.204684612284176,21.770000457763672,21.200000762939453,21.507500171661377,21.507500171661377,180000,21.204684612284176,21.770000457763672,21.200000762939453,21.507500171661377,1.0,21.770000457763672,21.200000762939453,0
2025-01-15 14:00:00,TUPY3,TUPY3.SA,21.356092391972776,22.040000915527344,21.356092391972776,21.880000114440918,21.880000114440918,198200,21.356092391972776,22.040000915527344,21.356092391972776,21.880000114440918,1.0,22.040000915527344,21.356092391972776,0
2025-01-16 10:00:00,TUPY3,TUPY3.SA,21.61804625320685,22.1200008392334,21.61804625320685,21.980000495910645,21.980000495910645,118600,21.61804625320685,22.1200008392334,21.61804625320685,21.980000495910645,1.0,22.1200008392334,21.61804625320685,0
2025-01-16 14:00:00,TUPY3,TUPY3.SA,21.799023374558747,21.93000030517578,21.700000762939453,21.84999990463257,21.84999990463257,114700,21.799023374558747,21.93000030517578,21.700000762939453,21.84999990463257,1.0,21.93000030517578,21.700000762939453,0
2025-01-17 10:00:00,TUPY3,TUPY3.SA,21.824511639595656,22.100000381469727,21.68000030517578,21.96750020980835,21.96750020980835,161900,21.824511639595656,22.100000381469727,21.68000030517578,21.96750020980835,1.0,22.100000381469727,21.68000030517578,0
2025-01-17 14:00:00,TUPY3,TUPY3.SA,21.896005924702003,22.0,21.809999465942383,21.90999984741211,21.90999984741211,80700,21.896005924702003,22.0,21.809999465942383,21.90999984741211,1.0,22.0,21.809999465942383,0
2025-01-20 10:00:00,TUPY3,TUPY3.SA,21.903002886057056,21.90999984741211,21.520000457763672,21.71500015258789,21.71500015258789,114500,21.903002886057056,21.90999984741211,21.520000457763672,21.71500015258789,1.0,21.90999984741211,21.520000457763672,0
2025-01-20 14:00:00,TUPY3,TUPY3.SA,21.80900151932247,21.80900151932247,21.520000457763672,21.62000036239624,21.62000036239624,91800,21.80900151932247,21.80900151932247,21.520000457763672,21.62000036239624,1.0,21.80900151932247,21.520000457763672,0
2025-01-21 10:00:00,TUPY3,TUPY3.SA,21.714500940859356,21.829999923706055,21.440000534057617,21.672500133514404,21.672500133514404,109800,21.714500940859356,21.829999923706055,21.440000534057617,21.672500133514404,1.0,21.829999923706055,21.440000534057617,0
2025-01-21 14:00:00,TUPY3,TUPY3.SA,21.69350053718688,21.69350053718688,21.440000534057617,21.545000076293945,21.545000076293945,113600,21.69350053718688,21.69350053718688,21.440000534057617,21.545000076293945,1.0,21.69350053718688,21.440000534057617,0
2025-01-22 10:00:00,TUPY3,TUPY3.SA,21.619250306740412,21.619250306740412,21.1299991607666,21.362499713897705,21.362499713897705,161100,21.619250306740412,21.619250306740412,21.1299991607666,21.362499713897705,1.0,21.619250306740412,21.1299991607666,0
2025-01-22 14:00:00,TUPY3,TUPY3.SA,21.49087501031906,21.49087501031906,21.209999084472656,21.304999828338623,21.304999828338623,237000,21.49087501031906,21.49087501031906,21.209999084472656,21.304999828338623,1.0,21.49087501031906,21.209999084472656,0
2025-01-23 10:00:00,TUPY3,TUPY3.SA,21.39793741932884,21.600000381469727,21.010000228881836,21.317500114440918,21.317500114440918,393200,21.39793741932884,21.600000381469727,21.010000228881836,21.317500114440918,1.0,21.600000381469727,21.010000228881836,0
2025-01-23 14:00:00,TUPY3,TUPY3.SA,21.35771876688488,21.35771876688488,21.0,21.0649995803833,21.0649995803833,352200,21.35771876688488,21.35771876688488,21.0,21.0649995803833,1.0,21.35771876688488,21.0,0
2025-01-24 10:00:00,TUPY3,TUPY3.SA,21.21135917363409,21.579999923706055,21.139999389648438,21.365000247955322,21.365000247955322,229500,21.21135917363409,21.579999923706055,21.139999389648438,21.365000247955322,1.0,21.579999923706055,21.139999389648438,0
2025-01-24 14:00:00,TUPY3,TUPY3.SA,21.288179710794708,21.649999618530273,21.288179710794708,21.55999994277954,21.55999994277954,164600,21.288179710794708,21.649999618530273,21.288179710794708,21.55999994277954,1.0,21.649999618530273,21.288179710794708,0
2025-01-27 10:00:00,TUPY3,TUPY3.SA,21.424089826787124,21.979999542236328,21.424089826787124,21.71500015258789,21.71500015258789,99700,21.424089826787124,21.979999542236328,21.424089826787124,21.71500015258789,1.0,21.979999542236328,21.424089826787124,0
2025-01-27 14:00:00,TUPY3,TUPY3.SA,21.569544989687508,22.079999923706055,21.569544989687508,21.982499599456787,21.982499599456787,169400,21.569544989687508,22.079999923706055,21.569544989687508,21.982499599456787,1.0,22.079999923706055,21.569544989687508,0
2025-01-28 10:00:00,TUPY3,TUPY3.SA,21.776022294572147,21.979999542236328,21.270000457763672,21.642499923706055,21.642499923706055,252200,21.776022294572147,21.979999542236328,21.270000457763672,21.642499923706055,1.0,21.979999542236328,21.270000457763672,0
2025-01-28 14:00:00,TUPY3,TUPY3.SA,21.7092611091391,21.7092611091391,21.299999237060547,21.40500020980835,21.40500020980835,151200,21.7092611091391,21.7092611091391,21.299999237060547,21.40500020980835,1.0,21.7092611091391,21.299999237060547,0
2025-01-29 10:00:00,TUPY3,TUPY3.SA,21.557130659473724,21.557130659473724,21.18000030517578,21.33750009536743,21.33750009536743,148300,21.557130659473724,21.557130659473724,21.18000030517578,21.33750009536743,1.0,21.557130659473724,21.18000030517578,0
2025-01-29 14:00:00,TUPY3,TUPY3.SA,21.44731537742058,21.44731537742058,21.25,21.327500343322754,21.327500343322754,171200,21.44731537742058,21.44731537742058,21.25,21.327500343322754,1.0,21.44731537742058,21.25,0
2025-01-30 10:00:00,TUPY3,TUPY3.SA,21.387407860371667,21.860000610351562,21.25,21.550000190734863,21.550000190734863,186900,21.387407860371667,21.860000610351562,21.25,21.550000190734863,1.0,21.860000610351562,21.25,0
2025-01-30 14:00:00,TUPY3,TUPY3.SA,21.468704025553265,22.170000076293945,21.468704025553265,21.91249990463257,21.91249990463257,383700,21.468704025553265,22.170000076293945,21.468704025553265,21.91249990463257,1.0,22.170000076293945,21.468704025553265,0
2025-01-31 10:00:00,TUPY3,TUPY3.SA,21.690601965092917,22.139999389648438,21.690601965092917,21.872499465942383,21.872499465942383,118000,21.690601965092917,22.139999389648438,21.690601965092917,21.872499465942383,1.0,22.139999389648438,21.690601965092917,0
2025-01-31 14:00:00,TUPY3,TUPY3.SA,21.78155071551765,21.850000381469727,21.43000030517578,21.619999885559082,21.619999885559082,232200,21.78155071551765,21.850000381469727,21.43000030517578,21.619999885559082,1.0,21.850000381469727,21.43000030517578,0
2025-02-03 10:00:00,TUPY3,TUPY3.SA,21.700775300538368,21.700775300538368,20.81999969482422,21.039999961853027,21.039999961853027,252700,21.700775300538368,21.700775300538368,20.81999969482422,21.039999961853027,1.0,21.700775300538368,20.81999969482422,0
2025-02-03 14:00:00,TUPY3,TUPY3.SA,21.370387631195698,21.370387631195698,21.0,21.070000171661377,21.070000171661377,175000,21.370387631195698,21.370387631195698,21.0,21.070000171661377,1.0,21.370387631195698,21.0,0
2025-02-04 10:00:00,TUPY3,TUPY3.SA,21.220193901428537,21.290000915527344,20.780000686645508,21.062500476837158,21.062500476837158,147400,21.220193901428537,21.290000915527344,20.780000686645508,21.062500476837158,1.0,21.290000915527344,20.780000686645508,0
2025-02-04 14:00:00,TUPY3,TUPY3.SA,21.141347189132848,21.149999618530273,20.860000610351562,20.99749994277954,20.99749994277954,223700,21.141347189132848,21.149999618530273,20.860000610351562,20.99749994277954,1.0,21.149999618530273,20.860000610351562,0
2025-02-05 10:00:00,TUPY3,TUPY3.SA,21.069423565956193,21.25,20.739999771118164,21.070000171661377,21.070000171661377,186700,21.069423565956193,21.25,20.739999771118164,21.070000171661377,1.0,21.25,20.739999771118164,0
2025-02-05 14:00:00,TUPY3,TUPY3.SA,21.069711868808785,21.15999984741211,20.969999313354492,21.072499752044678,21.072499752044678,84800,21.069711868808785,21.15999984741211,20.969999313354492,21.072499752044678,1.0,21.15999984741211,20.969999313354492,0
2025-02-06 10:00:00,TUPY3,TUPY3.SA,21.07110581042673,21.209999084472656,20.829999923706055,21.052499771118164,21.052499771118164,103200,21.07110581042673,21.209999084472656,20.829999923706055,21.052499771118164,1.0,21.209999084472656,20.829999923706055,0
2025-02-06 14:00:00,TUPY3,TUPY3.SA,21.061802790772447,21.309999465942383,21.040000915527344,21.125,21.125,98900,21.061802790772447,21.309999465942383,21.040000915527344,21.125,1.0,21.309999465942383,21.040000915527344,0
2025-02-07 10:00:00,TUPY3,TUPY3.SA,21.093401395386223,21.200000762939453,20.860000610351562,21.005000114440918,21.005000114440918,80700,21.093401395386223,21.200000762939453,20.860000610351562,21.005000114440918,1.0,21.200000762939453,20.860000610351562,0
2025-02-07 14:00:00,TUPY3,TUPY3.SA,21.04920075491357,21.04920075491357,20.68000030517578,20.817500114440918,20.817500114440918,83200,21.04920075491357,21.04920075491357,20.68000030517578,20.817500114440918,1.0,21.04920075491357,20.68000030517578,0
2025-02-10 10:00:00,TUPY3,TUPY3.SA,20.933350434677244,21.200000762939453,20.809999465942383,20.975000381469727,20.975000381469727,70500,20.933350434677244,21.200000762939453,20.809999465942383,20.975000381469727,1.0,21.200000762939453,20.809999465942383,0
2025-02-10 14:00:00,TUPY3,TUPY3.SA,20.954175408073485,21.1299991607666,20.940000534057617,21.017499923706055,21.017499923706055,60300,20.954175408073485,21.1299991607666,20.940000534057617,21.017499923706055,1.0,21.1299991607666,20.940000534057617,0
2025-02-11 10:00:00,TUPY3,TUPY3.SA,20.98583766588977,21.360000610351562,20.889999389648438,21.135000228881836,21.135000228881836,100500,20.98583766588977,21.360000610351562,20.889999389648438,21.135000228881836,1.0,21.360000610351562,20.889999389648438,0
2025-02-11 14:00:00,TUPY3,TUPY3.SA,21.060418947385802,21.280000686645508,21.060418947385802,21.205000400543213,21.205000400543213,102300,21.060418947385802,21.280000686645508,21.060418947385802,21.205000400543213,1.0,21.280000686645508,21.060418947385802,0
2025-02-12 10:00:00,TUPY3,TUPY3.SA,21.132709673964506,21.25,20.739999771118164,21.014999866485596,21.014999866485596,80200,21.132709673964506,21.25,20.739999771118164,21.014999866485596,1.0,21.25,20.739999771118164,0
2025-02-12 14:00:00,TUPY3,TUPY3.SA,21.07385477022505,21.07385477022505,20.709999084472656,20.799999237060547,20.799999237060547,72400,21.07385477022505,21.07385477022505,20.709999084472656,20.799999237060547,1.0,21.07385477022505,20.709999084472656,0
2025-02-13 10:00:00,TUPY3,TUPY3.SA,20.9369270036428,20.9369270036428,20.260000228881836,20.477499961853027,20.477499961853027,134700,20.9369270036428,20.9369270036428,20.260000228881836,20.477499961853027,1.0,20.9369270036428,20.260000228881836,0
2025-02-13 14:00:00,TUPY3,TUPY3.SA,20.707213482747914,20.707213482747914,20.450000762939453,20.535000801086426,20.535000801086426,93800,20.707213482747914,20.707213482747914,20.450000762939453,20.535000801086426,1.0,20.707213482747914,20.450000762939453,0
2025-02-14 10:00:00,TUPY3,TUPY3.SA,20.62110714191717,20.950000762939453,20.62110714191717,20.825000286102295,20.825000286102295,79900,20.62110714191717,20.950000762939453,20.62110714191717,20.825000286102295,1.0,20.950000762939453,20.62110714191717,0
2025-02-14 14:00:00,TUPY3,TUPY3.SA,20.723053714009733,21.219999313354492,20.723053714009733,20.992499828338623,20.992499828338623,193200,20.723053714009733,21.219999313354492,20.723053714009733,20.992499828338623,1.0,21.219999313354492,20.723053714009733,0
2025-02-17 10:00:00,TUPY3,TUPY3.SA,20.85777677117418,21.700000762939453,20.85777677117418,21.507500171661377,21.507500171661377,75800,20.85777677117418,21.700000762939453,20.85777677117418,21.507500171661377,1.0,21.700000762939453,20.85777677117418,0
2025-02-17 14:00:00,TUPY3,TUPY3.SA,21.18263847141778,21.610000610351562,21.18263847141778,21.482500553131104,21.482500553131104,130300,21.18263847141778,21.610000610351562,21.18263847141778,21.482500553131104,1.0,21.610000610351562,21.18263847141778,0
2025-02-18 10:00:00,TUPY3,TUPY3.SA,21.33256951227444,21.520000457763672,21.260000228881836,21.40000009536743,21.40000009536743,102800,21.33256951227444,21.520000457763672,21.260000228881836,21.40000009536743,1.0,21.520000457763672,21.260000228881836,0
2025-02-18 14:00:00,TUPY3,TUPY3.SA,21.366284803820935,21.366284803820935,21.1200008392334,21.230000019073486,21.230000019073486,51100,21.366284803820935,21.366284803820935,21.1200008392334,21.230000019073486,1.0,21.366284803820935,21.1200008392334,0
2025-02-19 10:00:00,TUPY3,TUPY3.SA,21.29814241144721,21.29814241144721,20.860000610351562,20.96000051498413,20.96000051498413,89300,21.29814241144721,21.29814241144721,20.860000610351562,20.96000051498413,1.0,21.29814241144721,20.860000610351562,0
2025-02-19 14:00:00,TUPY3,TUPY3.SA,21.12907146321567,21.12907146321567,20.809999465942383,20.927500247955322,20.927500247955322,161700,21.12907146321567,21.12907146321567,20.809999465942383,20.927500247955322,1.0,21.12907146321567,20.809999465942383,0
2025-02-20 10:00:00,TUPY3,TUPY3.SA,21.028285855585494,21.360000610351562,21.028285855585494,21.222500324249268,21.222500324249268,146600,21.028285855585494,21.360000610351562,21.028285855585494,21.222500324249268,1.0,21.360000610351562,21.028285855585494,0
2025-02-20 14:00:00,TUPY3,TUPY3.SA,21.12539308991738,21.360000610351562,21.12539308991738,21.272500038146973,21.272500038146973,165800,21.12539308991738,21.360000610351562,21.12539308991738,21.272500038146973,1.0,21.360000610351562,21.12539308991738,0
2025-02-21 10:00:00,TUPY3,TUPY3.SA,21.198946564032177,21.34000015258789,20.93000030517578,21.137499809265137,21.137499809265137,121000,21.198946564032177,21.34000015258789,20.93000030517578,21.137499809265137,1.0,21.34000015258789,20.93000030517578,0
2025-02-21 14:00:00,TUPY3,TUPY3.SA,21.168223186648657,21.168223186648657,20.770000457763672,20.895000457763672,20.895000457763672,161200,21.168223186648657,21.168223186648657,20.770000457763672,20.895000457763672,1.0,21.168223186648657,20.770000457763672,0
2025-02-24 10:00:00,TUPY3,TUPY3.SA,21.031611822206166,21.079999923706055,20.8700008392334,20.977499961853027,20.977499961853027,100100,21.031611822206166,21.079999923706055,20.8700008392334,20.977499961853027,1.0,21.079999923706055,20.8700008392334,0
2025-02-24 14:00:00,TUPY3,TUPY3.SA,21.004555892029597,21.004555892029597,20.739999771118164,20.855000019073486,20.855000019073486,105500,21.004555892029597,21.004555892029597,20.739999771118164,20.855000019073486,1.0,21.004555892029597,20.739999771118164,0
2025-02-25 10:00:00,TUPY3,TUPY3.SA,20.929777955551543,20.940000534057617,20.709999084472656,20.789999961853027,20.789999961853027,107500,20.929777955551543,20.940000534057617,20.709999084472656,20.789999961853027,1.0,20.940000534057617,20.709999084472656,0
2025-02-25 14:00:00,TUPY3,TUPY3.SA,20.859888958702285,20.859888958702285,20.65999984741211,20.762499809265137,20.762499809265137,99200,20.859888958702285,20.859888958702285,20.65999984741211,20.762499809265137,1.0,20.859888958702285,20.65999984741211,0
2025-02-26 10:00:00,TUPY3,TUPY3.SA,20.81119438398371,21.020000457763672,20.719999313354492,20.862500190734863,20.862500190734863,80300,20.81119438398371,21.020000457763672,20.719999313354492,20.862500190734863,1.0,21.020000457763672,20.719999313354492,0
2025-02-26 14:00:00,TUPY3,TUPY3.SA,20.836847287359287,20.889999389648438,20.75,20.80999994277954,20.80999994277954,72400,20.836847287359287,20.889999389648438,20.75,20.80999994277954,1.0,20.889999389648438,20.75,0
2025-02-27 10:00:00,TUPY3,TUPY3.SA,20.823423615069416,21.040000915527344,20.719999313354492,20.817500114440918,20.817500114440918,97300,20.823423615069416,21.040000915527344,20.719999313354492,20.817500114440918,1.0,21.040000915527344,20.719999313354492,0
2025-02-27 14:00:00,TUPY3,TUPY3.SA,20.820461864755167,20.820461864755167,20.610000610351562,20.705000400543213,20.705000400543213,200700,20.820461864755167,20.820461864755167,20.610000610351562,20.705000400543213,1.0,20.820461864755167,20.610000610351562,0
2025-02-28 10:00:00,TUPY3,TUPY3.SA,20.76273113264919,21.0,20.469999313354492,20.65500020980835,20.65500020980835,109700,20.76273113264919,21.0,20.469999313354492,20.65500020980835,1.0,21.0,20.469999313354492,0
2025-02-28 14:00:00,TUPY3,TUPY3.SA,20.70886567122877,20.70886567122877,20.530000686645508,20.585000038146973,20.585000038146973,122300,20.70886567122877,20.70886567122877,20.530000686645508,20.585000038146973,1.0,20.70886567122877,20.530000686645508,0
2025-03-05 13:00:00,TUPY3,TUPY3.SA,20.646932854687872,20.989999771118164,20.5,20.670000076293945,20.670000076293945,328900,20.646932854687872,20.989999771118164,20.5,20.670000076293945,1.0,20.989999771118164,20.5,0
2025-03-05 17:00:00,TUPY3,TUPY3.SA,20.65846646549091,20.729999542236328,20.6299991607666,20.68499994277954,20.68499994277954,42700,20.65846646549091,20.729999542236328,20.6299991607666,20.68499994277954,1.0,20.729999542236328,20.6299991607666,0
2025-03-06 10:00:00,TUPY3,TUPY3.SA,20.671733204135226,21.1200008392334,20.671733204135226,20.922500133514404,20.922500133514404,239500,20.671733204135226,21.1200008392334,20.671733204135226,20.922500133514404,1.0,21.1200008392334,20.671733204135226,0
2025-03-06 14:00:00,TUPY3,TUPY3.SA,20.797116668824813,21.079999923706055,20.797116668824813,20.989999771118164,20.989999771118164,235000,20.797116668824813,21.079999923706055,20.797116668824813,20.989999771118164,1.0,21.079999923706055,20.797116668824813,0
2025-03-07 10:00:00,TUPY3,TUPY3.SA,20.89355821997149,21.25,20.729999542236328,21.024999618530273,21.024999618530273,229700,20.89355821997149,21.25,20.729999542236328,21.024999618530273,1.0,21.25,20.729999542236328,0
2025-03-07 14:00:00,TUPY3,TUPY3.SA,20.95927891925088,21.479999542236328,20.95927891925088,21.28249979019165,21.28249979019165,182400,20.95927891925088,21.479999542236328,20.95927891925088,21.28249979019165,1.0,21.479999542236328,20.95927891925088,0
2025-03-10 10:00:00,TUPY3,TUPY3.SA,21.120889354721264,21.530000686645508,21.09000015258789,21.355000019073486,21.355000019073486,84000,21.120889354721264,21.530000686645508,21.09000015258789,21.355000019073486,1.0,21.530000686645508,21.09000015258789,0
2025-03-10 14:00:00,TUPY3,TUPY3.SA,21.237944686897375,21.5,21.149999618530273,21.357500076293945,21.357500076293945,145400,21.237944686897375,21.5,21.149999618530273,21.357500076293945,1.0,21.5,21.149999618530273,0
2025-03-11 10:00:00,TUPY3,TUPY3.SA,21.297722381595662,21.34000015258789,20.75,21.03749990463257,21.03749990463257,68400,21.297722381595662,21.34000015258789,20.75,21.03749990463257,1.0,21.34000015258789,20.75,0
2025-03-11 14:00:00,TUPY3,TUPY3.SA,21.167611143114115,21.167611143114115,20.68000030517578,20.807499885559082,20.807499885559082,107800,21.167611143114115,21.167611143114115,20.68000030517578,20.807499885559082,1.0,21.167611143114115,20.68000030517578,0
2025-03-12 10:00:00,TUPY3,TUPY3.SA,20.9875555143366,21.100000381469727,20.700000762939453,20.842500686645508,20.842500686645508,138800,20.9875555143366,21.100000381469727,20.700000762939453,20.842500686645508,1.0,21.100000381469727,20.700000762939453,0
2025-03-12 14:00:00,TUPY3,TUPY3.SA,20.915028100491053,20.950000762939453,20.799999237060547,20.87750005722046,20.87750005722046,155000,20.915028100491053,20.950000762939453,20.799999237060547,20.87750005722046,1.0,20.950000762939453,20.799999237060547,0
2025-03-13 10:00:00,TUPY3,TUPY3.SA,20.896264078855758,21.09000015258789,20.739999771118164,20.892499923706055,20.892499923706055,101100,20.896264078855758,21.09000015258789,20.739999771118164,20.892499923706055,1.0,21.09000015258789,20.739999771118164,0
2025-03-13 14:00:00,TUPY3,TUPY3.SA,20.894382001280906,21.09000015258789,20.894382001280906,20.987500190734863,20.987500190734863,89100,20.894382001280906,21.09000015258789,20.894382001280906,20.987500190734863,1.0,21.09000015258789,20.894382001280906,0
2025-03-14 10:00:00,TUPY3,TUPY3.SA,20.940941096007883,21.31999969482422,20.920000076293945,21.140000343322754,21.140000343322754,155300,20.940941096007883,21.31999969482422,20.920000076293945,21.140000343322754,1.0,21.31999969482422,20.920000076293945,0
2025-03-14 14:00:00,TUPY3,TUPY3.SA,21.04047071966532,21.450000762939453,21.04047071966532,21.30000066757202,21.30000066757202,150400,21.04047071966532,21.450000762939453,21.04047071966532,21.30000066757202,1.0,21.450000762939453,21.04047071966532,0
2025-03-17 10:00:00,TUPY3,TUPY3.SA,21.17023569361867,21.579999923706055,21.17023569361867,21.4375,21.4375,97900,21.17023569361867,21.579999923706055,21.17023569361867,21.4375,1.0,21.579999923706055,21.17023569361867,0
2025-03-17 14:00:00,TUPY3,TUPY3.SA,21.303867846809336,21.739999771118164,21.303867846809336,21.600000381469727,21.600000381469727,222900,21.303867846809336,21.739999771118164,21.303867846809336,21.600000381469727,1.0,21.739999771118164,21.303867846809336,0
2025-03-18 10:00:00,TUPY3,TUPY3.SA,21.451934114139533,21.65999984741211,21.239999771118164,21.482500076293945,21.482500076293945,122900,21.451934114139533,21.65999984741211,21.239999771118164,21.482500076293945,1.0,21.65999984741211,21.239999771118164,0
2025-03-18 14:00:00,TUPY3,TUPY3.SA,21.46721709521674,21.5,19.90999984741211,20.744999885559082,20.744999885559082,1679800,21.46721709521674,21.5,19.90999984741211,20.744999885559082,1.0,21.5,19.90999984741211,0
2025-03-19 10:00:00,TUPY3,TUPY3.SA,21.10610849038791,21.10610849038791,19.329999923706055,19.802499771118164,19.802499771118164,427100,21.10610849038791,21.10610849038791,19.329999923706055,19.802499771118164,1.0,21.10610849038791,19.329999923706055,0
2025-03-19 14:00:00,TUPY3,TUPY3.SA,20.454304130753037,20.454304130753037,19.889999389648438,19.96999979019165,19.96999979019165,281000,20.454304130753037,20.454304130753037,19.889999389648438,19.96999979019165,1.0,20.454304130753037,19.889999389648438,0
2025-03-20 10:00:00,TUPY3,TUPY3.SA,20.212151960472344,20.212151960472344,19.600000381469727,19.860000133514404,19.860000133514404,393700,20.212151960472344,20.212151960472344,19.600000381469727,19.860000133514404,1.0,20.212151960472344,19.600000381469727,0
2025-03-20 14:00:00,TUPY3,TUPY3.SA,20.036076046993372,20.036076046993372,19.299999237060547,19.50499963760376,19.50499963760376,261600,20.036076046993372,20.036076046993372,19.299999237060547,19.50499963760376,1.0,20.036076046993372,19.299999237060547,0
2025-03-21 10:00:00,TUPY3,TUPY3.SA,19.770537842298566,19.770537842298566,19.0,19.199999809265137,19.199999809265137,216900,19.770537842298566,19.770537842298566,19.0,19.199999809265137,1.0,19.770537842298566,19.0,0
2025-03-21 14:00:00,TUPY3,TUPY3.SA,19.48526882578185,19.48526882578185,18.700000762939453,18.87000036239624,18.87000036239624,298500,19.48526882578185,19.48526882578185,18.700000762939453,18.87000036239624,1.0,19.48526882578185,18.700000762939453,0
2025-03-24 10:00:00,TUPY3,TUPY3.SA,19.177634594089046,19.177634594089046,18.3799991607666,18.652499675750732,18.652499675750732,353300,19.177634594089046,19.177634594089046,18.3799991607666,18.652499675750732,1.0,19.177634594089046,18.3799991607666,0
2025-03-24 14:00:00,TUPY3,TUPY3.SA,18.915067134919887,18.915067134919887,18.049999237060547,18.242499828338623,18.242499828338623,483800,18.915067134919887,18.915067134919887,18.049999237060547,18.242499828338623,1.0,18.915067134919887,18.049999237060547,0
2025-03-25 10:00:00,TUPY3,TUPY3.SA,18.578783481629255,18.578783481629255,18.079999923706055,18.300000190734863,18.300000190734863,228800,18.578783481629255,18.578783481629255,18.079999923706055,18.300000190734863,1.0,18.578783481629255,18.079999923706055,0
2025-03-25 14:00:00,TUPY3,TUPY3.SA,18.43939183618206,18.510000228881836,18.270000457763672,18.385000228881836,18.385000228881836,268100,18.43939183618206,18.510000228881836,18.270000457763672,18.385000228881836,1.0,18.510000228881836,18.270000457763672,0
2025-03-26 10:00:00,TUPY3,TUPY3.SA,18.41219603253195,18.559999465942383,18.139999389648438,18.31999969482422,18.31999969482422,213600,18.41219603253195,18.559999465942383,18.139999389648438,18.31999969482422,1.0,18.559999465942383,18.139999389648438,0
2025-03-26 14:00:00,TUPY3,TUPY3.SA,18.366097863678085,18.366097863678085,17.8799991607666,18.06749963760376,18.06749963760376,325600,18.366097863678085,18.366097863678085,17.8799991607666,18.06749963760376,1.0,18.366097863678085,17.8799991607666,0
2025-03-27 10:00:00,TUPY3,TUPY3.SA,18.216798750640923,18.3799991607666,17.899999618530273,18.15749979019165,18.15749979019165,202000,18.216798750640923,18.3799991607666,17.899999618530273,18.15749979019165,1.0,18.3799991607666,17.899999618530273,0
2025-03-27 14:00:00,TUPY3,TUPY3.SA,18.187149270416285,18.187149270416285,17.93000030517578,18.05999994277954,18.05999994277954,390000,18.187149270416285,18.187149270416285,17.93000030517578,18.05999994277954,1.0,18.187149270416285,17.93000030517578,0
2025-03-28 10:00:00,TUPY3,TUPY3.SA,18.123574606597913,18.123574606597913,17.440000534057617,17.772500038146973,17.772500038146973,575300,18.123574606597913,18.123574606597913,17.440000534057617,17.772500038146973,1.0,18.123574606597913,17.440000534057617,0
2025-03-28 14:00:00,TUPY3,TUPY3.SA,17.948037322372443,17.948037322372443,17.420000076293945,17.714999675750732,17.714999675750732,787800,17.948037322372443,17.948037322372443,17.420000076293945,17.714999675750732,1.0,17.948037322372443,17.420000076293945,0
2025-03-31 10:00:00,TUPY3,TUPY3.SA,17.831518499061588,18.200000762939453,17.65999984741211,17.96250009536743,17.96250009536743,714800,17.831518499061588,18.200000762939453,17.65999984741211,17.96250009536743,1.0,18.200000762939453,17.65999984741211,0
2025-03-31 14:00:00,TUPY3,TUPY3.SA,17.89700929721451,18.350000381469727,17.89700929721451,18.16249990463257,18.16249990463257,338000,17.89700929721451,18.350000381469727,17.89700929721451,18.16249990463257,1.0,18.350000381469727,17.89700929721451,0
2025-04-01 10:00:00,TUPY3,TUPY3.SA,18.02975460092354,18.25,17.93000030517578,18.12750005722046,18.12750005722046,223300,18.02975460092354,18.25,17.93000030517578,18.12750005722046,1.0,18.25,17.93000030517578,0
2025-04-01 14:00:00,TUPY3,TUPY3.SA,18.078627329072,18.18000030517578,17.899999618530273,18.03749990463257,18.03749990463257,323300,18.078627329072,18.18000030517578,17.899999618530273,18.03749990463257,1.0,18.18000030517578,17.899999618530273,0
2025-04-02 10:00:00,TUPY3,TUPY3.SA,18.058063616852284,18.190000534057617,17.690000534057617,17.93000030517578,17.93000030517578,247100,18.058063616852284,18.190000534057617,17.690000534057617,17.93000030517578,1.0,18.190000534057617,17.690000534057617,0
2025-04-02 14:00:00,TUPY3,TUPY3.SA,17.99403196101403,17.99403196101403,17.790000915527344,17.885000228881836,17.885000228881836,251400,17.99403196101403,17.99403196101403,17.790000915527344,17.885000228881836,1.0,17.99403196101403,17.790000915527344,0
2025-04-03 10:00:00,TUPY3,TUPY3.SA,17.939516094947933,18.799999237060547,17.860000610351562,18.197500228881836,18.197500228881836,537000,17.939516094947933,18.799999237060547,17.860000610351562,18.197500228881836,1.0,18.799999237060547,17.860000610351562,0
2025-04-03 14:00:00,TUPY3,TUPY3.SA,18.068508161914885,18.25,17.969999313354492,18.110000133514404,18.110000133514404,357900,18.068508161914885,18.25,17.969999313354492,18.110000133514404,1.0,18.25,17.969999313354492,0
2025-04-04 10:00:00,TUPY3,TUPY3.SA,18.089254147714644,18.089254147714644,17.219999313354492,17.59249973297119,17.59249973297119,543500,18.089254147714644,18.089254147714644,17.219999313354492,17.59249973297119,1.0,18.089254147714644,17.219999313354492,0
2025-04-04 14:00:00,TUPY3,TUPY3.SA,17.840876940342916,17.840876940342916,17.309999465942383,17.46999979019165,17.46999979019165,674700,17.840876940342916,17.840876940342916,17.309999465942383,17.46999979019165,1.0,17.840876940342916,17.309999465942383,0
2025-04-07 10:00:00,TUPY3,TUPY3.SA,17.655438365267283,17.655438365267283,16.989999771118164,17.335000038146973,17.335000038146973,375900,17.655438365267283,17.655438365267283,16.989999771118164,17.335000038146973,1.0,17.655438365267283,16.989999771118164,0
2025-04-07 14:00:00,TUPY3,TUPY3.SA,17.49521920170713,17.739999771118164,17.459999084472656,17.605000019073486,17.605000019073486,439000,17.49521920170713,17.739999771118164,17.459999084472656,17.605000019073486,1.0,17.739999771118164,17.459999084472656,0
2025-04-08 10:00:00,TUPY3,TUPY3.SA,17.550109610390308,17.719999313354492,17.18000030517578,17.417499542236328,17.417499542236328,306800,17.550109610390308,17.719999313354492,17.18000030517578,17.417499542236328,1.0,17.719999313354492,17.18000030517578,0
2025-04-08 14:00:00,TUPY3,TUPY3.SA,17.483804576313318,17.65999984741211,17.15999984741211,17.40749979019165,17.40749979019165,524000,17.483804576313318,17.65999984741211,17.15999984741211,17.40749979019165,1.0,17.65999984741211,17.15999984741211,0
2025-04-09 10:00:00,TUPY3,TUPY3.SA,17.445652183252484,17.6200008392334,17.100000381469727,17.412500381469727,17.412500381469727,331800,17.445652183252484,17.6200008392334,17.100000381469727,17.412500381469727,1.0,17.6200008392334,17.100000381469727,0
2025-04-09 14:00:00,TUPY3,TUPY3.SA,17.429076282361105,18.0,17.399999618530273,17.71500015258789,17.71500015258789,626000,17.429076282361105,18.0,17.399999618530273,17.71500015258789,1.0,18.0,17.399999618530273,0
2025-04-10 10:00:00,TUPY3,TUPY3.SA,17.5720382174745,18.079999923706055,17.5720382174745,17.897500038146973,17.897500038146973,181200,17.5720382174745,18.079999923706055,17.5720382174745,17.897500038146973,1.0,18.079999923706055,17.5720382174745,0
2025-04-10 14:00:00,TUPY3,TUPY3.SA,17.734769127810736,18.110000610351562,17.709999084472656,17.9375,17.9375,489100,17.734769127810736,18.110000610351562,17.709999084472656,17.9375,1.0,18.110000610351562,17.709999084472656,0
2025-04-11 10:00:00,TUPY3,TUPY3.SA,17.836134563905368,18.360000610351562,17.799999237060547,18.137500286102295,18.137500286102295,353100,17.836134563905368,18.360000610351562,17.799999237060547,18.137500286102295,1.0,18.360000610351562,17.799999237060547,0
2025-04-11 14:00:00,TUPY3,TUPY3.SA,17.98681742500383,19.139999389648438,17.98681742500383,18.740000247955322,18.740000247955322,679800,17.98681742500383,19.139999389648438,17.98681742500383,18.740000247955322,1.0,19.139999389648438,17.98681742500383,0
2025-04-14 10:00:00,TUPY3,TUPY3.SA,18.36340883647958,20.31999969482422,18.36340883647958,19.605000019073486,19.605000019073486,759000,18.36340883647958,20.31999969482422,18.36340883647958,19.605000019073486,1.0,20.31999969482422,18.36340883647958,0
2025-04-14 14:00:00,TUPY3,TUPY3.SA,18.984204427776532,20.25,18.984204427776532,20.09499979019165,20.09499979019165,334000,18.984204427776532,20.25,18.984204427776532,20.09499979019165,1.0,20.25,18.984204427776532,0
2025-04-15 10:00:00,TUPY3,TUPY3.SA,19.53960210898409,20.6299991607666,19.53960210898409,20.295000076293945,20.295000076293945,343900,19.53960210898409,20.6299991607666,19.53960210898409,20.295000076293945,1.0,20.6299991607666,19.53960210898409,0
2025-04-15 14:00:00,TUPY3,TUPY3.SA,19.91730109263902,21.059999465942383,19.91730109263902,20.647500038146973,20.647500038146973,597300,19.91730109263902,21.059999465942383,19.91730109263902,20.647500038146973,1.0,21.059999465942383,19.91730109263902,0
2025-04-16 10:00:00,TUPY3,TUPY3.SA,20.282400565392997,22.190000534057617,20.282400565392997,21.514999866485596,21.514999866485596,806100,20.282400565392997,22.190000534057617,20.282400565392997,21.514999866485596,1.0,22.190000534057617,20.282400565392997,0
2025-04-16 14:00:00,TUPY3,TUPY3.SA,20.898700215939296,22.479999542236328,20.898700215939296,22.03250026702881,22.03250026702881,536800,20.898700215939296,22.479999542236328,20.898700215939296,22.03250026702881,1.0,22.479999542236328,20.898700215939296,0
2025-04-17 10:00:00,TUPY3,TUPY3.SA,21.465600241484054,23.399999618530273,21.465600241484054,22.772500038146973,22.772500038146973,580300,21.465600241484054,23.399999618530273,21.465600241484054,22.772500038146973,1.0,23.399999618530273,21.465600241484054,0
2025-04-17 14:00:00,TUPY3,TUPY3.SA,22.119050139815513,23.690000534057617,22.119050139815513,23.347500324249268,23.347500324249268,1007900,22.119050139815513,23.690000534057617,22.119050139815513,23.347500324249268,1.0,23.690000534057617,22.119050139815513,0
2025-04-22 10:00:00,TUPY3,TUPY3.SA,22.73327523203239,24.709999084472656,22.73327523203239,23.862499713897705,23.862499713897705,495600,22.73327523203239,24.709999084472656,22.73327523203239,23.862499713897705,1.0,24.709999084472656,22.73327523203239,0
2025-04-22 14:00:00,TUPY3,TUPY3.SA,23.297887472965048,24.239999771118164,23.297887472965048,23.910000324249268,23.910000324249268,926300,23.297887472965048,24.239999771118164,23.297887472965048,23.910000324249268,1.0,24.239999771118164,23.297887472965048,0
2025-04-23 10:00:00,TUPY3,TUPY3.SA,23.603943898607156,23.709999084472656,22.760000228881836,23.230000019073486,23.230000019073486,804000,23.603943898607156,23.709999084472656,22.760000228881836,23.230000019073486,1.0,23.709999084472656,22.760000228881836,0
2025-04-23 14:00:00,TUPY3,TUPY3.SA,23.41697195884032,23.41697195884032,22.639999389648438,22.8149995803833,22.8149995803833,631300,23.41697195884032,23.41697195884032,22.639999389648438,22.8149995803833,1.0,23.41697195884032,22.639999389648438,0
2025-04-24 10:00:00,TUPY3,TUPY3.SA,23.11598576961181,23.11598576961181,21.93000030517578,22.352500438690186,22.352500438690186,930000,23.11598576961181,23.11598576961181,21.93000030517578,22.352500438690186,1.0,23.11598576961181,21.93000030517578,0
2025-04-24 14:00:00,TUPY3,TUPY3.SA,22.734243104151,22.734243104151,21.579999923706055,21.914999961853027,21.914999961853027,996000,22.734243104151,22.734243104151,21.579999923706055,21.914999961853027,1.0,22.734243104151,21.579999923706055,0
2025-04-25 10:00:00,TUPY3,TUPY3.SA,22.324621533002013,22.84000015258789,21.489999771118164,22.204999923706055,22.204999923706055,584800,22.324621533002013,22.84000015258789,21.489999771118164,22.204999923706055,1.0,22.84000015258789,21.489999771118164,0
2025-04-25 14:00:00,TUPY3,TUPY3.SA,22.264810728354036,23.219999313354492,22.264810728354036,22.794999599456787,22.794999599456787,865700,22.264810728354036,23.219999313354492,22.264810728354036,22.794999599456787,1.0,23.219999313354492,22.264810728354036,0
2025-04-28 10:00:00,TUPY3,TUPY3.SA,22.52990516390541,23.139999389648438,22.420000076293945,22.824999809265137,22.824999809265137,392100,22.52990516390541,23.139999389648438,22.420000076293945,22.824999809265137,1.0,23.139999389648438,22.420000076293945,0
2025-04-28 14:00:00,TUPY3,TUPY3.SA,22.677452486585274,22.959999084472656,22.40999984741211,22.682499885559082,22.682499885559082,384100,22.677452486585274,22.959999084472656,22.40999984741211,22.682499885559082,1.0,22.959999084472656,22.40999984741211,0
2025-04-29 10:00:00,TUPY3,TUPY3.SA,22.679976186072178,22.679976186072178,21.450000762939453,22.03499984741211,22.03499984741211,345800,22.679976186072178,22.679976186072178,21.450000762939453,22.03499984741211,1.0,22.679976186072178,21.450000762939453,0
2025-04-29 14:00:00,TUPY3,TUPY3.SA,22.357488016742145,22.357488016742145,21.34000015258789,21.637499809265137,21.637499809265137,313200,22.357488016742145,22.357488016742145,21.34000015258789,21.637499809265137,1.0,22.357488016742145,21.34000015258789,0
2025-04-30 10:00:00,TUPY3,TUPY3.SA,21.99749391300364,21.99749391300364,21.059999465942383,21.454999923706055,21.454999923706055,215200,21.99749391300364,21.99749391300364,21.059999465942383,21.454999923706055,1.0,21.99749391300364,21.059999465942383,0
2025-04-30 14:00:00,TUPY3,TUPY3.SA,21.726246918354846,21.726246918354846,21.25,21.477499961853027,21.477499961853027,272100,21.726246918354846,21.726246918354846,21.25,21.477499961853027,1.0,21.726246918354846,21.25,0
2025-05-02 10:00:00,TUPY3,TUPY3.SA,21.601873440103937,21.6299991607666,20.84000015258789,21.199999809265137,21.199999809265137,110200,21.601873440103937,21.6299991607666,20.84000015258789,21.199999809265137,1.0,21.6299991607666,20.84000015258789,0
2025-05-02 14:00:00,TUPY3,TUPY3.SA,21.400936624684537,21.400936624684537,20.729999542236328,20.869999885559082,20.869999885559082,156400,21.400936624684537,21.400936624684537,20.729999542236328,20.869999885559082,1.0,21.400936624684537,20.729999542236328,0
2025-05-05 10:00:00,TUPY3,TUPY3.SA,21.135468255121808,21.135468255121808,20.100000381469727,20.607500553131104,20.607500553131104,159100,21.135468255121808,21.135468255121808,20.100000381469727,20.607500553131104,1.0,21.135468255121808,20.100000381469727,0
2025-05-05 14:00:00,TUPY3,TUPY3.SA,20.871484404126456,20.871484404126456,20.139999389648438,20.264999866485596,20.264999866485596,164900,20.871484404126456,20.871484404126456,20.139999389648438,20.264999866485596,1.0,20.871484404126456,20.139999389648438,0
2025-05-06 10:00:00,TUPY3,TUPY3.SA,20.568242135306026,20.579999923706055,19.600000381469727,20.09500026702881,20.09500026702881,374500,20.568242135306026,20.579999923706055,19.600000381469727,20.09500026702881,1.0,20.579999923706055,19.600000381469727,0
2025-05-06 14:00:00,TUPY3,TUPY3.SA,20.331621201167415,20.331621201167415,19.420000076293945,19.565000534057617,19.565000534057617,248700,20.331621201167415,20.331621201167415,19.420000076293945,19.565000534057617,1.0,20.331621201167415,19.420000076293945,0
2025-05-07 10:00:00,TUPY3,TUPY3.SA,19.948310867612516,19.948310867612516,19.489999771118164,19.71999979019165,19.71999979019165,112600,19.948310867612516,19.948310867612516,19.489999771118164,19.71999979019165,1.0,19.948310867612516,19.489999771118164,0
2025-05-07 14:00:00,TUPY3,TUPY3.SA,19.834155328902085,19.834155328902085,19.43000030517578,19.549999713897705,19.549999713897705,142700,19.834155328902085,19.834155328902085,19.43000030517578,19.549999713897705,1.0,19.834155328902085,19.43000030517578,0
2025-05-08 10:00:00,TUPY3,TUPY3.SA,19.692077521399895,20.059999465942383,19.360000610351562,19.762500286102295,19.762500286102295,254000,19.692077521399895,20.059999465942383,19.360000610351562,19.762500286102295,1.0,20.059999465942383,19.360000610351562,0
2025-05-08 14:00:00,TUPY3,TUPY3.SA,19.727288903751095,20.049999237060547,19.459999084472656,19.80999994277954,19.80999994277954,460900,19.727288903751095,20.049999237060547,19.459999084472656,19.80999994277954,1.0,20.049999237060547,19.459999084472656,0
2025-05-09 10:00:00,TUPY3,TUPY3.SA,19.768644423265318,20.1299991607666,19.440000534057617,19.84499979019165,19.84499979019165,212300,19.768644423265318,20.1299991607666,19.440000534057617,19.84499979019165,1.0,20.1299991607666,19.440000534057617,0
2025-05-09 14:00:00,TUPY3,TUPY3.SA,19.806822106728482,20.030000686645508,18.93000030517578,19.490000247955322,19.490000247955322,994800,19.806822106728482,20.030000686645508,18.93000030517578,19.490000247955322,1.0,20.030000686645508,18.93000030517578,0
2025-05-12 10:00:00,TUPY3,TUPY3.SA,19.648411177341902,19.648411177341902,18.81999969482422,19.242499828338623,19.242499828338623,133700,19.648411177341902,19.648411177341902,18.81999969482422,19.242499828338623,1.0,19.648411177341902,18.81999969482422,0
2025-05-12 14:00:00,TUPY3,TUPY3.SA,19.44545550284026,19.44545550284026,19.200000762939453,19.34500026702881,19.34500026702881,278700,19.44545550284026,19.44545550284026,19.200000762939453,19.34500026702881,1.0,19.44545550284026,19.200000762939453,0
2025-05-13 10:00:00,TUPY3,TUPY3.SA,19.395227884934535,19.860000610351562,19.200000762939453,19.425000190734863,19.425000190734863,270500,19.395227884934535,19.860000610351562,19.200000762939453,19.425000190734863,1.0,19.860000610351562,19.200000762939453,0
2025-05-13 14:00:00,TUPY3,TUPY3.SA,19.4101140378347,19.4101140378347,18.989999771118164,19.21500015258789,19.21500015258789,203600,19.4101140378347,19.4101140378347,18.989999771118164,19.21500015258789,1.0,19.4101140378347,18.989999771118164,0
2025-05-14 10:00:00,TUPY3,TUPY3.SA,19.312557095211297,19.510000228881836,19.209999084472656,19.384999752044678,19.384999752044678,107800,19.312557095211297,19.510000228881836,19.209999084472656,19.384999752044678,1.0,19.510000228881836,19.209999084472656,0
2025-05-14 14:00:00,TUPY3,TUPY3.SA,19.348778423627987,19.450000762939453,19.239999771118164,19.329999923706055,19.329999923706055,91900,19.348778423627987,19.450000762939453,19.239999771118164,19.329999923706055,1.0,19.450000762939453,19.239999771118164,0
2025-05-15 10:00:00,TUPY3,TUPY3.SA,19.339389173667023,19.339389173667023,18.3700008392334,18.607500553131104,18.607500553131104,344800,19.339389173667023,19.339389173667023,18.3700008392334,18.607500553131104,1.0,19.339389173667023,18.3700008392334,0
2025-05-15 14:00:00,TUPY3,TUPY3.SA,18.973444863399063,18.973444863399063,18.40999984741211,18.517500400543213,18.517500400543213,312000,18.973444863399063,18.973444863399063,18.40999984741211,18.517500400543213,1.0,18.973444863399063,18.40999984741211,0
2025-05-16 10:00:00,TUPY3,TUPY3.SA,18.74547263197114,18.790000915527344,18.459999084472656,18.667500019073486,18.667500019073486,224700,18.74547263197114,18.790000915527344,18.459999084472656,18.667500019073486,1.0,18.790000915527344,18.459999084472656,0
2025-05-16 14:00:00,TUPY3,TUPY3.SA,18.706486325522313,18.809999465942383,18.299999237060547,18.562499523162842,18.562499523162842,507500,18.706486325522313,18.809999465942383,18.299999237060547,18.562499523162842,1.0,18.809999465942383,18.299999237060547,0
2025-05-19 10:00:00,TUPY3,TUPY3.SA,18.634492924342577,18.950000762939453,18.350000381469727,18.670000553131104,18.670000553131104,340700,18.634492924342577,18.950000762939453,18.350000381469727,18.670000553131104,1.0,18.950000762939453,18.350000381469727,0
2025-05-19 14:00:00,TUPY3,TUPY3.SA,18.652246738736842,19.0,18.652246738736842,18.927499771118164,18.927499771118164,291400,18.652246738736842,19.0,18.652246738736842,18.927499771118164,1.0,19.0,18.652246738736842,0
2025-05-20 10:00:00,TUPY3,TUPY3.SA,18.789873254927503,18.8700008392334,18.510000228881836,18.717500686645508,18.717500686645508,226300,18.789873254927503,18.8700008392334,18.510000228881836,18.717500686645508,1.0,18.8700008392334,18.510000228881836,0
2025-05-20 14:00:00,TUPY3,TUPY3.SA,18.753686970786504,18.920000076293945,18.610000610351562,18.757500171661377,18.757500171661377,205100,18.753686970786504,18.920000076293945,18.610000610351562,18.757500171661377,1.0,18.920000076293945,18.610000610351562,0
2025-05-21 10:00:00,TUPY3,TUPY3.SA,18.75559357122394,19.079999923706055,18.600000381469727,18.817500114440918,18.817500114440918,269900,18.75559357122394,19.079999923706055,18.600000381469727,18.817500114440918,1.0,19.079999923706055,18.600000381469727,0
2025-05-21 14:00:00,TUPY3,TUPY3.SA,18.78654684283243,18.78654684283243,18.56999969482422,18.68499994277954,18.68499994277954,179200,18.78654684283243,18.78654684283243,18.56999969482422,18.68499994277954,1.0,18.78654684283243,18.56999969482422,0
2025-05-22 10:00:00,TUPY3,TUPY3.SA,18.735773392805985,18.860000610351562,18.530000686645508,18.68250036239624,18.68250036239624,128100,18.735773392805985,18.860000610351562,18.530000686645508,18.68250036239624,1.0,18.860000610351562,18.530000686645508,0
2025-05-22 14:00:00,TUPY3,TUPY3.SA,18.70913687760111,18.979999542236328,18.70913687760111,18.832499980926514,18.832499980926514,183400,18.70913687760111,18.979999542236328,18.70913687760111,18.832499980926514,1.0,18.979999542236328,18.70913687760111,0
2025-05-23 10:00:00,TUPY3,TUPY3.SA,18.770818429263812,18.84000015258789,18.479999542236328,18.68499994277954,18.68499994277954,107200,18.770818429263812,18.84000015258789,18.479999542236328,18.68499994277954,1.0,18.84000015258789,18.479999542236328,0
2025-05-23 14:00:00,TUPY3,TUPY3.SA,18.727909186021677,18.780000686645508,18.549999237060547,18.6875,18.6875,80100,18.727909186021677,18.780000686645508,18.549999237060547,18.6875,1.0,18.780000686645508,18.549999237060547,0
2025-05-26 10:00:00,TUPY3,TUPY3.SA,18.70770459301084,19.059999465942383,18.70770459301084,18.972500324249268,18.972500324249268,72800,18.70770459301084,19.059999465942383,18.70770459301084,18.972500324249268,1.0,19.059999465942383,18.70770459301084,0
2025-05-26 14:00:00,TUPY3,TUPY3.SA,18.840102458630053,19.18000030517578,18.840102458630053,19.09000015258789,19.09000015258789,63400,18.840102458630053,19.18000030517578,18.840102458630053,19.09000015258789,1.0,19.18000030517578,18.840102458630053,0
2025-05-27 10:00:00,TUPY3,TUPY3.SA,18.965051305608974,19.479999542236328,18.965051305608974,19.27999973297119,19.27999973297119,405200,18.965051305608974,19.479999542236328,18.965051305608974,19.27999973297119,1.0,19.479999542236328,18.965051305608974,0
2025-05-27 14:00:00,TUPY3,TUPY3.SA,19.122525519290082,19.850000381469727,19.122525519290082,19.579999923706055,19.579999923706055,238800,19.122525519290082,19.850000381469727,19.122525519290082,19.579999923706055,1.0,19.850000381469727,19.122525519290082,0
2025-05-28 10:00:00,TUPY3,TUPY3.SA,19.351262721498067,19.889999389648438,19.351262721498067,19.712499618530273,19.712499618530273,115600,19.351262721498067,19.889999389648438,19.351262721498067,19.712499618530273,1.0,19.889999389648438,19.351262721498067,0
2025-05-28 14:00:00,TUPY3,TUPY3.SA,19.53188117001417,19.889999389648438,19.53188117001417,19.789999961853027,19.789999961853027,151000,19.53188117001417,19.889999389648438,19.53188117001417,19.789999961853027,1.0,19.889999389648438,19.53188117001417,0
2025-05-29 10:00:00,TUPY3,TUPY3.SA,19.6609405659336,20.010000228881836,19.600000381469727,19.862499713897705,19.862499713897705,222900,19.6609405659336,20.010000228881836,19.600000381469727,19.862499713897705,1.0,20.010000228881836,19.600000381469727,0
2025-05-29 14:00:00,TUPY3,TUPY3.SA,19.761720139915653,20.229999542236328,19.761720139915653,19.97249937057495,19.97249937057495,172700,19.761720139915653,20.229999542236328,19.761720139915653,19.97249937057495,1.0,20.229999542236328,19.761720139915653,0
2025-05-30 10:00:00,TUPY3,TUPY3.SA,19.867109755245302,19.899999618530273,19.360000610351562,19.62249994277954,19.62249994277954,172600,19.867109755245302,19.899999618530273,19.360000610351562,19.62249994277954,1.0,19.899999618530273,19.360000610351562,0
2025-05-30 14:00:00,TUPY3,TUPY3.SA,19.74480484901242,19.74480484901242,19.09000015258789,19.304999828338623,19.304999828338623,235200,19.74480484901242,19.74480484901242,19.09000015258789,19.304999828338623,1.0,19.74480484901242,19.09000015258789,0
2025-06-02 10:00:00,TUPY3,TUPY3.SA,19.524902338675524,19.524902338675524,18.8799991607666,19.09499979019165,19.09499979019165,167800,19.524902338675524,19.524902338675524,18.8799991607666,19.09499979019165,1.0,19.524902338675524,18.8799991607666,0
2025-06-02 14:00:00,TUPY3,TUPY3.SA,19.309951064433587,19.309951064433587,18.709999084472656,18.842499256134033,18.842499256134033,96100,19.309951064433587,19.309951064433587,18.709999084472656,18.842499256134033,1.0,19.309951064433587,18.709999084472656,0
2025-06-03 10:00:00,TUPY3,TUPY3.SA,19.076225160283812,19.309999465942383,18.729999542236328,18.97249984741211,18.97249984741211,122900,19.076225160283812,19.309999465942383,18.729999542236328,18.97249984741211,1.0,19.309999465942383,18.729999542236328,0
2025-06-03 14:00:00,TUPY3,TUPY3.SA,19.02436250384796,19.25,19.02436250384796,19.15250015258789,19.15250015258789,152800,19.02436250384796,19.25,19.02436250384796,19.15250015258789,1.0,19.25,19.02436250384796,0
2025-06-04 10:00:00,TUPY3,TUPY3.SA,19.088431328217926,19.59000015258789,18.920000076293945,19.204999923706055,19.204999923706055,183300,19.088431328217926,19.59000015258789,18.920000076293945,19.204999923706055,1.0,19.59000015258789,18.920000076293945,0
2025-06-04 14:00:00,TUPY3,TUPY3.SA,19.14671562596199,19.14671562596199,18.81999969482422,18.927500247955322,18.927500247955322,115000,19.14671562596199,19.14671562596199,18.81999969482422,18.927500247955322,1.0,19.14671562596199,18.81999969482422,0
2025-06-05 10:00:00,TUPY3,TUPY3.SA,19.037107936958655,19.420000076293945,18.709999084472656,19.06500005722046,19.06500005722046,199100,19.037107936958655,19.420000076293945,18.709999084472656,19.06500005722046,1.0,19.420000076293945,18.709999084472656,0
2025-06-05 14:00:00,TUPY3,TUPY3.SA,19.051053997089557,19.051053997089557,18.549999237060547,18.75,18.75,179400,19.051053997089557,19.051053997089557,18.549999237060547,18.75,1.0,19.051053997089557,18.549999237060547,0
2025-06-06 10:00:00,TUPY3,TUPY3.SA,18.900526998544777,18.900526998544777,18.420000076293945,18.552500247955322,18.552500247955322,92700,18.900526998544777,18.900526998544777,18.420000076293945,18.552500247955322,1.0,18.900526998544777,18.420000076293945,0
2025-06-06 14:00:00,TUPY3,TUPY3.SA,18.72651362325005,18.72651362325005,18.40999984741211,18.52500009536743,18.52500009536743,154900,18.72651362325005,18.72651362325005,18.40999984741211,18.52500009536743,1.0,18.72651362325005,18.40999984741211,0
2025-06-09 10:00:00,TUPY3,TUPY3.SA,18.62575685930874,18.62575685930874,18.09000015258789,18.332499980926514,18.332499980926514,85500,18.62575685930874,18.62575685930874,18.09000015258789,18.332499980926514,1.0,18.62575685930874,18.09000015258789,0
2025-06-09 14:00:00,TUPY3,TUPY3.SA,18.479128420117625,18.600000381469727,18.260000228881836,18.420000076293945,18.420000076293945,116600,18.479128420117625,18.600000381469727,18.260000228881836,18.420000076293945,1.0,18.600000381469727,18.260000228881836,0
2025-06-10 10:00:00,TUPY3,TUPY3.SA,18.449564248205785,18.850000381469727,18.3799991607666,18.682499885559082,18.682499885559082,58800,18.449564248205785,18.850000381469727,18.3799991607666,18.682499885559082,1.0,18.850000381469727,18.3799991607666,0
2025-06-10 14:00:00,TUPY3,TUPY3.SA,18.566032066882435,18.81999969482422,18.566032066882435,18.735000133514404,18.735000133514404,104900,18.566032066882435,18.81999969482422,18.566032066882435,18.735000133514404,1.0,18.81999969482422,18.566032066882435,0
2025-06-11 10:00:00,TUPY3,TUPY3.SA,18.65051610019842,18.8799991607666,18.5,18.772499561309814,18.772499561309814,101200,18.65051610019842,18.8799991607666,18.5,18.772499561309814,1.0,18.8799991607666,18.5,0
2025-06-11 14:00:00,TUPY3,TUPY3.SA,18.711507830754115,19.010000228881836,18.711507830754115,18.892500400543213,18.892500400543213,254900,18.711507830754115,19.010000228881836,18.711507830754115,18.892500400543213,1.0,19.010000228881836,18.711507830754115,0
2025-06-12 10:00:00,TUPY3,TUPY3.SA,18.802004115648664,19.0,18.530000686645508,18.797500133514404,18.797500133514404,167200,18.802004115648664,19.0,18.530000686645508,18.797500133514404,1.0,19.0,18.530000686645508,0
2025-06-12 14:00:00,TUPY3,TUPY3.SA,18.799752124581534,19.079999923706055,18.670000076293945,18.87750005722046,18.87750005722046,238700,18.799752124581534,19.079999923706055,18.670000076293945,18.87750005722046,1.0,19.079999923706055,18.670000076293945,0
2025-06-13 10:00:00,TUPY3,TUPY3.SA,18.838626090900995,18.950000762939453,18.59000015258789,18.84500026702881,18.84500026702881,176300,18.838626090900995,18.950000762939453,18.59000015258789,18.84500026702881,1.0,18.950000762939453,18.59000015258789,0
2025-06-13 14:00:00,TUPY3,TUPY3.SA,18.8418131789649,19.100000381469727,18.829999923706055,18.97499990463257,18.97499990463257,170400,18.8418131789649,19.100000381469727,18.829999923706055,18.97499990463257,1.0,19.100000381469727,18.829999923706055,0
2025-06-16 10:00:00,TUPY3,TUPY3.SA,18.908406541798733,19.299999237060547,18.908406541798733,19.09999990463257,19.09999990463257,206600,18.908406541798733,19.299999237060547,18.908406541798733,19.09999990463257,1.0,19.299999237060547,18.908406541798733,0
2025-06-16 14:00:00,TUPY3,TUPY3.SA,19.00420322321565,19.00420322321565,18.899999618530273,18.9399995803833,18.9399995803833,89100,19.00420322321565,19.00420322321565,18.899999618530273,18.9399995803833,1.0,19.00420322321565,18.899999618530273,0
2025-06-17 10:00:00,TUPY3,TUPY3.SA,18.972101401799478,19.06999969482422,18.559999465942383,18.7524995803833,18.7524995803833,96400,18.972101401799478,19.06999969482422,18.559999465942383,18.7524995803833,1.0,19.06999969482422,18.559999465942383,0
2025-06-17 14:00:00,TUPY3,TUPY3.SA,18.86230049109139,18.86230049109139,18.31999969482422,18.5,18.5,179300,18.86230049109139,18.86230049109139,18.31999969482422,18.5,1.0,18.86230049109139,18.31999969482422,0
2025-06-18 10:00:00,TUPY3,TUPY3.SA,18.681150245545695,18.93000030517578,18.280000686645508,18.514999866485596,18.514999866485596,178000,18.681150245545695,18.93000030517578,18.280000686645508,18.514999866485596,1.0,18.93000030517578,18.280000686645508,0
2025-06-18 14:00:00,TUPY3,TUPY3.SA,18.598075056015645,18.598075056015645,18.360000610351562,18.442500114440918,18.442500114440918,98700,18.598075056015645,18.598075056015645,18.360000610351562,18.442500114440918,1.0,18.598075056015645,18.360000610351562,0
2025-06-20 10:00:00,TUPY3,TUPY3.SA,18.52028758522828,18.52028758522828,18.110000610351562,18.267499923706055,18.267499923706055,117200,18.52028758522828,18.52028758522828,18.110000610351562,18.267499923706055,1.0,18.52028758522828,18.110000610351562,0
2025-06-20 14:00:00,TUPY3,TUPY3.SA,18.393893754467168,18.393893754467168,18.020000457763672,18.077500343322754,18.077500343322754,102300,18.393893754467168,18.393893754467168,18.020000457763672,18.077500343322754,1.0,18.393893754467168,18.020000457763672,0
2025-06-23 10:00:00,TUPY3,TUPY3.SA,18.235697048894963,18.389999389648438,17.979999542236328,18.137499809265137,18.137499809265137,140800,18.235697048894963,18.389999389648438,17.979999542236328,18.137499809265137,1.0,18.389999389648438,17.979999542236328,0
2025-06-23 14:00:00,TUPY3,TUPY3.SA,18.18659842908005,18.3799991607666,17.979999542236328,18.16499948501587,18.16499948501587,145400,18.18659842908005,18.3799991607666,17.979999542236328,18.16499948501587,1.0,18.3799991607666,17.979999542236328,0
2025-06-24 10:00:00,TUPY3,TUPY3.SA,18.17579895704796,18.399999618530273,17.959999084472656,18.1899995803833,18.1899995803833,204800,18.17579895704796,18.399999618530273,17.959999084472656,18.1899995803833,1.0,18.399999618530273,17.959999084472656,0
2025-06-24 14:00:00,TUPY3,TUPY3.SA,18.18289926871563,18.18289926871563,17.959999084472656,18.049999713897705,18.049999713897705,147600,18.18289926871563,18.18289926871563,17.959999084472656,18.049999713897705,1.0,18.18289926871563,17.959999084472656,0
2025-06-25 10:00:00,TUPY3,TUPY3.SA,18.116449491306668,18.139999389648438,17.829999923706055,17.987500190734863,17.987500190734863,140700,18.116449491306668,18.139999389648438,17.829999923706055,17.987500190734863,1.0,18.139999389648438,17.829999923706055,0
2025-06-25 14:00:00,TUPY3,TUPY3.SA,18.051974841020765,18.051974841020765,17.809999465942383,17.880000114440918,17.880000114440918,103300,18.051974841020765,18.051974841020765,17.809999465942383,17.880000114440918,1.0,18.051974841020765,17.809999465942383,0
2025-06-26 10:00:00,TUPY3,TUPY3.SA,17.96598747773084,18.1200008392334,17.90999984741211,17.982500076293945,17.982500076293945,68800,17.96598747773084,18.1200008392334,17.90999984741211,17.982500076293945,1.0,18.1200008392334,17.90999984741211,0
2025-06-26 14:00:00,TUPY3,TUPY3.SA,17.974243777012394,18.1299991607666,17.84000015258789,17.992499828338623,17.992499828338623,191800,17.974243777012394,18.1299991607666,17.84000015258789,17.992499828338623,1.0,18.1299991607666,17.84000015258789,0
2025-06-27 10:00:00,TUPY3,TUPY3.SA,17.983371802675507,18.25,17.979999542236328,18.112499713897705,18.112499713897705,106200,17.983371802675507,18.25,17.979999542236328,18.112499713897705,1.0,18.25,17.979999542236328,0
2025-06-27 14:00:00,TUPY3,TUPY3.SA,18.047935758286606,18.149999618530273,17.940000534057617,18.047500133514404,18.047500133514404,114000,18.047935758286606,18.149999618530273,17.940000534057617,18.047500133514404,1.0,18.149999618530273,17.940000534057617,0
2025-06-30 10:00:00,TUPY3,TUPY3.SA,18.047717945900505,18.3700008392334,18.047717945900505,18.24500036239624,18.24500036239624,145800,18.047717945900505,18.3700008392334,18.047717945900505,18.24500036239624,1.0,18.3700008392334,18.047717945900505,0
2025-06-30 14:00:00,TUPY3,TUPY3.SA,18.14635915414837,18.399999618530273,18.14635915414837,18.295000076293945,18.295000076293945,81300,18.14635915414837,18.399999618530273,18.14635915414837,18.295000076293945,1.0,18.399999618530273,18.14635915414837,0
2025-07-01 10:00:00,TUPY3,TUPY3.SA,18.220679615221158,18.360000610351562,17.969999313354492,18.134999752044678,18.134999752044678,199200,18.220679615221158,18.360000610351562,17.969999313354492,18.134999752044678,1.0,18.360000610351562,17.969999313354492,0
2025-07-01 14:00:00,TUPY3,TUPY3.SA,18.177839683632918,18.177839683632918,17.899999618530273,18.027499675750732,18.027499675750732,234100,18.177839683632918,18.177839683632918,17.899999618530273,18.027499675750732,1.0,18.177839683632918,17.899999618530273,0
2025-07-02 10:00:00,TUPY3,TUPY3.SA,18.102669679691825,18.260000228881836,17.979999542236328,18.09500026702881,18.09500026702881,122100,18.102669679691825,18.260000228881836,17.979999542236328,18.09500026702881,1.0,18.260000228881836,17.979999542236328,0
2025-07-02 14:00:00,TUPY3,TUPY3.SA,18.09883497336032,18.110000610351562,17.969999313354492,18.03250026702881,18.03250026702881,98300,18.09883497336032,18.110000610351562,17.969999313354492,18.03250026702881,1.0,18.110000610351562,17.969999313354492,0
2025-07-03 10:00:00,TUPY3,TUPY3.SA,18.065667620194564,18.280000686645508,17.989999771118164,18.147500038146973,18.147500038146973,171500,18.065667620194564,18.280000686645508,17.989999771118164,18.147500038146973,1.0,18.280000686645508,17.989999771118164,0
2025-07-03 14:00:00,TUPY3,TUPY3.SA,18.106583829170766,18.3700008392334,18.079999923706055,18.195000171661377,18.195000171661377,210500,18.106583829170766,18.3700008392334,18.079999923706055,18.195000171661377,1.0,18.3700008392334,18.079999923706055,0
2025-07-04 10:00:00,TUPY3,TUPY3.SA,18.15079200041607,18.25,18.049999237060547,18.15999984741211,18.15999984741211,55000,18.15079200041607,18.25,18.049999237060547,18.15999984741211,1.0,18.25,18.049999237060547,0
2025-07-04 14:00:00,TUPY3,TUPY3.SA,18.155395923914092,18.18000030517578,18.06999969482422,18.130000114440918,18.130000114440918,67800,18.155395923914092,18.18000030517578,18.06999969482422,18.130000114440918,1.0,18.18000030517578,18.06999969482422,0
2025-07-07 10:00:00,TUPY3,TUPY3.SA,18.142698019177505,18.25,18.0,18.107500076293945,18.107500076293945,100000,18.142698019177505,18.25,18.0,18.107500076293945,1.0,18.25,18.0,0
2025-07-07 14:00:00,TUPY3,TUPY3.SA,18.125099047735723,18.1299991607666,18.0,18.0625,18.0625,120500,18.125099047735723,18.1299991607666,18.0,18.0625,1.0,18.1299991607666,18.0,0
2025-07-08 10:00:00,TUPY3,TUPY3.SA,18.09379952386786,18.200000762939453,17.860000610351562,18.047500610351562,18.047500610351562,79400,18.09379952386786,18.200000762939453,17.860000610351562,18.047500610351562,1.0,18.200000762939453,17.860000610351562,0
2025-07-08 14:00:00,TUPY3,TUPY3.SA,18.07065006710971,18.07065006710971,17.860000610351562,17.949999809265137,17.949999809265137,163000,18.07065006710971,18.07065006710971,17.860000610351562,17.949999809265137,1.0,18.07065006710971,17.860000610351562,0
2025-07-09 10:00:00,TUPY3,TUPY3.SA,18.010324938187424,18.110000610351562,17.90999984741211,18.007500171661377,18.007500171661377,112900,18.010324938187424,18.110000610351562,17.90999984741211,18.007500171661377,1.0,18.110000610351562,17.90999984741211,0
2025-07-09 14:00:00,TUPY3,TUPY3.SA,18.0089125549244,18.0089125549244,17.719999313354492,17.857500076293945,17.857500076293945,170900,18.0089125549244,18.0089125549244,17.719999313354492,17.857500076293945,1.0,18.0089125549244,17.719999313354492,0
2025-07-10 10:00:00,TUPY3,TUPY3.SA,17.933206315609173,18.719999313354492,17.280000686645508,17.86750030517578,17.86750030517578,609900,17.933206315609173,18.719999313354492,17.280000686645508,17.86750030517578,1.0,18.719999313354492,17.280000686645508,0
2025-07-10 14:00:00,TUPY3,TUPY3.SA,17.900353310392475,18.6299991607666,17.900353310392475,18.324999809265137,18.324999809265137,324900,17.900353310392475,18.6299991607666,17.900353310392475,18.324999809265137,1.0,18.6299991607666,17.900353310392475,0
2025-07-11 10:00:00,TUPY3,TUPY3.SA,18.112676559828806,18.68000030517578,17.979999542236328,18.25749969482422,18.25749969482422,446600,18.112676559828806,18.68000030517578,17.979999542236328,18.25749969482422,1.0,18.68000030517578,17.979999542236328,0
2025-07-11 14:00:00,TUPY3,TUPY3.SA,18.185088127326512,18.185088127326512,17.649999618530273,17.93499994277954,17.93499994277954,513900,18.185088127326512,18.185088127326512,17.649999618530273,17.93499994277954,1.0,18.185088127326512,17.649999618530273,0
2025-07-14 10:00:00,TUPY3,TUPY3.SA,18.060044035053025,18.060044035053025,17.469999313354492,17.61750030517578,17.61750030517578,339400,18.060044035053025,18.060044035053025,17.469999313354492,17.61750030517578,1.0,18.060044035053025,17.469999313354492,0
2025-07-14 14:00:00,TUPY3,TUPY3.SA,17.838772170114403,17.838772170114403,17.3700008392334,17.477499961853027,17.477499961853027,305000,17.838772170114403,17.838772170114403,17.3700008392334,17.477499961853027,1.0,17.838772170114403,17.3700008392334,0
2025-07-15 10:00:00,TUPY3,TUPY3.SA,17.658136065983715,17.658136065983715,17.209999084472656,17.37249994277954,17.37249994277954,251800,17.658136065983715,17.658136065983715,17.209999084472656,17.37249994277954,1.0,17.658136065983715,17.209999084472656,0
2025-07-15 14:00:00,TUPY3,TUPY3.SA,17.515318004381626,17.515318004381626,17.200000762939453,17.3100004196167,17.3100004196167,228600,17.515318004381626,17.515318004381626,17.200000762939453,17.3100004196167,1.0,17.515318004381626,17.200000762939453,0
2025-07-16 10:00:00,TUPY3,TUPY3.SA,17.412659211999163,17.420000076293945,17.18000030517578,17.34250020980835,17.34250020980835,134500,17.412659211999163,17.420000076293945,17.18000030517578,17.34250020980835,1.0,17.420000076293945,17.18000030517578,0
2025-07-16 14:00:00,TUPY3,TUPY3.SA,17.377579710903756,17.520000457763672,17.350000381469727,17.40500020980835,17.40500020980835,97900,17.377579710903756,17.520000457763672,17.350000381469727,17.40500020980835,1.0,17.520000457763672,17.350000381469727,0
2025-07-17 10:00:00,TUPY3,TUPY3.SA,17.391289960356055,17.530000686645508,17.219999313354492,17.420000076293945,17.420000076293945,226200,17.391289960356055,17.530000686645508,17.219999313354492,17.420000076293945,1.0,17.530000686645508,17.219999313354492,0
2025-07-17 14:00:00,TUPY3,TUPY3.SA,17.405645018325,17.440000534057617,17.219999313354492,17.34749984741211,17.34749984741211,145500,17.405645018325,17.440000534057617,17.219999313354492,17.34749984741211,1.0,17.440000534057617,17.219999313354492,0
2025-07-18 10:00:00,TUPY3,TUPY3.SA,17.376572432868556,17.510000228881836,17.100000381469727,17.255000114440918,17.255000114440918,147700,17.376572432868556,17.510000228881836,17.100000381469727,17.255000114440918,1.0,17.510000228881836,17.100000381469727,0
2025-07-18 14:00:00,TUPY3,TUPY3.SA,17.315786273654737,17.315786273654737,16.899999618530273,17.024999618530273,17.024999618530273,207400,17.315786273654737,17.315786273654737,16.899999618530273,17.024999618530273,1.0,17.315786273654737,16.899999618530273,0
2025-07-21 10:00:00,TUPY3,TUPY3.SA,17.170392946092505,17.209999084472656,16.719999313354492,16.897499561309814,16.897499561309814,183100,17.170392946092505,17.209999084472656,16.719999313354492,16.897499561309814,1.0,17.209999084472656,16.719999313354492,0
2025-07-21 14:00:00,TUPY3,TUPY3.SA,17.03394625370116,17.03394625370116,16.65999984741211,16.740000247955322,16.740000247955322,171700,17.03394625370116,17.03394625370116,16.65999984741211,16.740000247955322,1.0,17.03394625370116,16.65999984741211,0
2025-07-22 10:00:00,TUPY3,TUPY3.SA,16.88697325082824,16.950000762939453,16.649999618530273,16.757500171661377,16.757500171661377,117800,16.88697325082824,16.950000762939453,16.649999618530273,16.757500171661377,1.0,16.950000762939453,16.649999618530273,0
2025-07-22 14:00:00,TUPY3,TUPY3.SA,16.82223671124481,16.82223671124481,16.700000762939453,16.755000591278076,16.755000591278076,112100,16.82223671124481,16.82223671124481,16.700000762939453,16.755000591278076,1.0,16.82223671124481,16.700000762939453,0
2025-07-23 10:00:00,TUPY3,TUPY3.SA,16.788618651261444,17.06999969482422,16.729999542236328,16.88249969482422,16.88249969482422,158400,16.788618651261444,17.06999969482422,16.729999542236328,16.88249969482422,1.0,17.06999969482422,16.729999542236328,0
2025-07-23 14:00:00,TUPY3,TUPY3.SA,16.83555917304283,17.40999984741211,16.83555917304283,17.119999885559082,17.119999885559082,132900,16.83555917304283,17.40999984741211,16.83555917304283,17.119999885559082,1.0,17.40999984741211,16.83555917304283,0
2025-07-24 10:00:00,TUPY3,TUPY3.SA,16.977779529300957,17.110000610351562,16.75,16.950000286102295,16.950000286102295,132900,16.977779529300957,17.110000610351562,16.75,16.950000286102295,1.0,17.110000610351562,16.75,0
2025-07-24 14:00:00,TUPY3,TUPY3.SA,16.963889907701628,16.963889907701628,16.799999237060547,16.84999942779541,16.84999942779541,127200,16.963889907701628,16.963889907701628,16.799999237060547,16.84999942779541,1.0,16.963889907701628,16.799999237060547,0
2025-07-25 10:00:00,TUPY3,TUPY3.SA,16.90694466774852,16.90694466774852,16.510000228881836,16.744999885559082,16.744999885559082,203200,16.90694466774852,16.90694466774852,16.510000228881836,16.744999885559082,1.0,16.90694466774852,16.510000228881836,0
2025-07-25 14:00:00,TUPY3,TUPY3.SA,16.8259722766538,16.8259722766538,16.6299991607666,16.704999923706055,16.704999923706055,112200,16.8259722766538,16.8259722766538,16.6299991607666,16.704999923706055,1.0,16.8259722766538,16.6299991607666,0
2025-07-28 10:00:00,TUPY3,TUPY3.SA,16.765486100179928,16.8799991607666,16.65999984741211,16.755000114440918,16.755000114440918,193800,16.765486100179928,16.8799991607666,16.65999984741211,16.755000114440918,1.0,16.8799991607666,16.65999984741211,0
2025-07-28 14:00:00,TUPY3,TUPY3.SA,16.760243107310423,16.760243107310423,16.459999084472656,16.577499866485596,16.577499866485596,206800,16.760243107310423,16.760243107310423,16.459999084472656,16.577499866485596,1.0,16.760243107310423,16.459999084472656,0
2025-07-29 10:00:00,TUPY3,TUPY3.SA,16.66887148689801,16.66887148689801,16.200000762939453,16.34249973297119,16.34249973297119,164900,16.66887148689801,16.66887148689801,16.200000762939453,16.34249973297119,1.0,16.66887148689801,16.200000762939453,0
2025-07-29 14:00:00,TUPY3,TUPY3.SA,16.505685609934602,16.505685609934602,16.1200008392334,16.182499885559082,16.182499885559082,149300,16.505685609934602,16.505685609934602,16.1200008392334,16.182499885559082,1.0,16.505685609934602,16.1200008392334,0
2025-07-30 10:00:00,TUPY3,TUPY3.SA,16.344092747746842,16.344092747746842,16.049999237060547,16.109999656677246,16.109999656677246,87900,16.344092747746842,16.344092747746842,16.049999237060547,16.109999656677246,1.0,16.344092747746842,16.049999237060547,0
2025-07-30 14:00:00,TUPY3,TUPY3.SA,16.227046202212044,16.65999984741211,16.020000457763672,16.317500114440918,16.317500114440918,401200,16.227046202212044,16.65999984741211,16.020000457763672,16.317500114440918,1.0,16.65999984741211,16.020000457763672,0
2025-07-31 10:00:00,TUPY3,TUPY3.SA,16.27227315832648,16.729999542236328,16.27227315832648,16.49749994277954,16.49749994277954,243000,16.27227315832648,16.729999542236328,16.27227315832648,16.49749994277954,1.0,16.729999542236328,16.27227315832648,0
2025-07-31 14:00:00,TUPY3,TUPY3.SA,16.384886550553013,16.420000076293945,16.1299991607666,16.28749990463257,16.28749990463257,358800,16.384886550553013,16.420000076293945,16.1299991607666,16.28749990463257,1.0,16.420000076293945,16.1299991607666,0
2025-08-01 10:00:00,TUPY3,TUPY3.SA,16.33619322759279,16.489999771118164,16.18000030517578,16.295000076293945,16.295000076293945,150500,16.33619322759279,16.489999771118164,16.18000030517578,16.295000076293945,1.0,16.489999771118164,16.18000030517578,0
2025-08-01 14:00:00,TUPY3,TUPY3.SA,16.315596651943366,16.350000381469727,16.0,16.204999923706055,16.204999923706055,350600,16.315596651943366,16.350000381469727,16.0,16.204999923706055,1.0,16.350000381469727,16.0,0
2025-08-04 10:00:00,TUPY3,TUPY3.SA,16.26029828782471,16.290000915527344,15.779999732971191,16.00000023841858,16.00000023841858,159400,16.26029828782471,16.290000915527344,15.779999732971191,16.00000023841858,1.0,16.290000915527344,15.779999732971191,0
2025-08-04 14:00:00,TUPY3,TUPY3.SA,16.130149263121645,16.130149263121645,15.699999809265137,15.774999856948853,15.774999856948853,147600,16.130149263121645,16.130149263121645,15.699999809265137,15.774999856948853,1.0,16.130149263121645,15.699999809265137,0
2025-08-05 10:00:00,TUPY3,TUPY3.SA,15.952574560035249,15.952574560035249,15.520000457763672,15.72000002861023,15.72000002861023,181700,15.952574560035249,15.952574560035249,15.520000457763672,15.72000002861023,1.0,15.952574560035249,15.520000457763672,0
2025-08-05 14:00:00,TUPY3,TUPY3.SA,15.836287294322739,15.836287294322739,15.710000038146973,15.75,15.75,188900,15.836287294322739,15.836287294322739,15.710000038146973,15.75,1.0,15.836287294322739,15.710000038146973,0
2025-08-06 10:00:00,TUPY3,TUPY3.SA,15.793143647161369,15.880000114440918,15.670000076293945,15.754999876022339,15.754999876022339,160100,15.793143647161369,15.880000114440918,15.670000076293945,15.754999876022339,1.0,15.880000114440918,15.670000076293945,0
2025-08-06 14:00:00,TUPY3,TUPY3.SA,15.774071761591854,15.869999885559082,15.710000038146973,15.787499904632568,15.787499904632568,131700,15.774071761591854,15.869999885559082,15.710000038146973,15.787499904632568,1.0,15.869999885559082,15.710000038146973,0
2025-08-07 10:00:00,TUPY3,TUPY3.SA,15.780785833112212,16.170000076293945,15.699999809265137,15.984999895095825,15.984999895095825,115600,15.780785833112212,16.170000076293945,15.699999809265137,15.984999895095825,1.0,16.170000076293945,15.699999809265137,0
2025-08-07 14:00:00,TUPY3,TUPY3.SA,15.882892864104019,16.31999969482422,15.882892864104019,16.19000005722046,16.19000005722046,167500,15.882892864104019,16.31999969482422,15.882892864104019,16.19000005722046,1.0,16.31999969482422,15.882892864104019,0
2025-08-08 10:00:00,TUPY3,TUPY3.SA,16.03644646066224,16.399999618530273,15.880000114440918,16.16000008583069,16.16000008583069,102200,16.03644646066224,16.399999618530273,15.880000114440918,16.16000008583069,1.0,16.399999618530273,15.880000114440918,0
2025-08-08 14:00:00,TUPY3,TUPY3.SA,16.098223273246465,16.100000381469727,15.789999961853027,15.932500123977661,15.932500123977661,324100,16.098223273246465,16.100000381469727,15.789999961853027,15.932500123977661,1.0,16.100000381469727,15.789999961853027,0
2025-08-11 10:00:00,TUPY3,TUPY3.SA,16.01536169861206,16.020000457763672,15.649999618530273,15.809999942779541,15.809999942779541,200900,16.01536169861206,16.020000457763672,15.649999618530273,15.809999942779541,1.0,16.020000457763672,15.649999618530273,0
2025-08-11 14:00:00,TUPY3,TUPY3.SA,15.912680820695801,16.31999969482422,15.84000015258789,16.049999952316284,16.049999952316284,264700,15.912680820695801,16.31999969482422,15.84000015258789,16.049999952316284,1.0,16.31999969482422,15.84000015258789,0
2025-08-12 10:00:00,TUPY3,TUPY3.SA,15.981340386506043,16.93000030517578,15.981340386506043,16.53499984741211,16.53499984741211,264600,15.981340386506043,16.93000030517578,15.981340386506043,16.53499984741211,1.0,16.93000030517578,15.981340386506043,0
2025-08-12 14:00:00,TUPY3,TUPY3.SA,16.258170116959075,16.989999771118164,16.258170116959075,16.84999990463257,16.84999990463257,283100,16.258170116959075,16.989999771118164,16.258170116959075,16.84999990463257,1.0,16.989999771118164,16.258170116959075,0
2025-08-13 10:00:00,TUPY3,TUPY3.SA,16.554085010795824,17.010000228881836,16.3700008392334,16.677500247955322,16.677500247955322,178400,16.554085010795824,17.010000228881836,16.3700008392334,16.677500247955322,1.0,17.010000228881836,16.3700008392334,0
2025-08-13 14:00:00,TUPY3,TUPY3.SA,16.615792629375573,16.615792629375573,16.3700008392334,16.437500476837158,16.437500476837158,177200,16.615792629375573,16.615792629375573,16.3700008392334,16.437500476837158,1.0,16.615792629375573,16.3700008392334,0
2025-08-14 10:00:00,TUPY3,TUPY3.SA,16.526646553106367,16.526646553106367,15.270000457763672,15.860000133514404,15.860000133514404,780600,16.526646553106367,16.526646553106367,15.270000457763672,15.860000133514404,1.0,16.526646553106367,15.270000457763672,0
2025-08-14 14:00:00,TUPY3,TUPY3.SA,16.193323343310386,16.193323343310386,15.630000114440918,15.837500095367432,15.837500095367432,438600,16.193323343310386,16.193323343310386,15.630000114440918,15.837500095367432,1.0,16.193323343310386,15.630000114440918,0
2025-08-15 10:00:00,TUPY3,TUPY3.SA,16.015411719338907,16.1200008392334,15.520000457763672,15.885000467300415,15.885000467300415,258100,16.015411719338907,16.1200008392334,15.520000457763672,15.885000467300415,1.0,16.1200008392334,15.520000457763672,0
2025-08-15 14:00:00,TUPY3,TUPY3.SA,15.950206093319661,16.030000686645508,15.859999656677246,15.930000066757202,15.930000066757202,373000,15.950206093319661,16.030000686645508,15.859999656677246,15.930000066757202,1.0,16.030000686645508,15.859999656677246,0
2025-08-18 10:00:00,TUPY3,TUPY3.SA,15.940103080038432,15.940103080038432,15.260000228881836,15.582500219345093,15.582500219345093,293100,15.940103080038432,15.940103080038432,15.260000228881836,15.582500219345093,1.0,15.940103080038432,15.260000228881836,0
2025-08-18 14:00:00,TUPY3,TUPY3.SA,15.761301649691763,15.761301649691763,14.949999809265137,15.134999990463257,15.134999990463257,511200,15.761301649691763,15.761301649691763,14.949999809265137,15.134999990463257,1.0,15.761301649691763,14.949999809265137,0
2025-08-19 10:00:00,TUPY3,TUPY3.SA,15.44815082007751,15.44815082007751,14.029999732971191,14.477500200271606,14.477500200271606,596300,15.44815082007751,15.44815082007751,14.029999732971191,14.477500200271606,1.0,15.44815082007751,14.029999732971191,0
2025-08-19 14:00:00,TUPY3,TUPY3.SA,14.962825510174557,14.962825510174557,13.789999961853027,13.947499990463257,13.947499990463257,559600,14.962825510174557,14.962825510174557,13.789999961853027,13.947499990463257,1.0,14.962825510174557,13.789999961853027,0
2025-08-20 10:00:00,TUPY3,TUPY3.SA,14.455162750318907,14.455162750318907,13.369999885559082,13.617500066757202,13.617500066757202,575200,14.455162750318907,14.455162750318907,13.369999885559082,13.617500066757202,1.0,14.455162750318907,13.369999885559082,0
2025-08-20 14:00:00,TUPY3,TUPY3.SA,14.036331408538054,14.036331408538054,13.010000228881836,13.232500076293945,13.232500076293945,873000,14.036331408538054,14.036331408538054,13.010000228881836,13.232500076293945,1.0,14.036331408538054,13.010000228881836,0
2025-08-21 10:00:00,TUPY3,TUPY3.SA,13.634415742416,14.029999732971191,13.020000457763672,13.517500162124634,13.517500162124634,650100,13.634415742416,14.029999732971191,13.020000457763672,13.517500162124634,1.0,14.029999732971191,13.020000457763672,0
2025-08-21 14:00:00,TUPY3,TUPY3.SA,13.575957952270317,14.010000228881836,13.575957952270317,13.87250018119812,13.87250018119812,442400,13.575957952270317,14.010000228881836,13.575957952270317,13.87250018119812,1.0,14.010000228881836,13.575957952270317,0
2025-08-22 10:00:00,TUPY3,TUPY3.SA,13.724229066734217,14.649999618530273,13.724229066734217,14.18999981880188,14.18999981880188,401000,13.724229066734217,14.649999618530273,13.724229066734217,14.18999981880188,1.0,14.649999618530273,13.724229066734217,0
2025-08-22 14:00:00,TUPY3,TUPY3.SA,13.957114442768049,14.40999984741211,13.957114442768049,14.294999837875366,14.294999837875366,238200,13.957114442768049,14.40999984741211,13.957114442768049,14.294999837875366,1.0,14.40999984741211,13.957114442768049,0
2025-08-25 10:00:00,TUPY3,TUPY3.SA,14.126057140321707,14.869999885559082,14.126057140321707,14.622499942779541,14.622499942779541,264800,14.126057140321707,14.869999885559082,14.126057140321707,14.622499942779541,1.0,14.869999885559082,14.126057140321707,0
2025-08-25 14:00:00,TUPY3,TUPY3.SA,14.374278541550623,14.970000267028809,14.374278541550623,14.837500095367432,14.837500095367432,215200,14.374278541550623,14.970000267028809,14.374278541550623,14.837500095367432,1.0,14.970000267028809,14.374278541550623,0
2025-08-26 10:00:00,TUPY3,TUPY3.SA,14.605889318459027,14.880000114440918,14.369999885559082,14.634999990463257,14.634999990463257,150800,14.605889318459027,14.880000114440918,14.369999885559082,14.634999990463257,1.0,14.880000114440918,14.369999885559082,0
2025-08-26 14:00:00,TUPY3,TUPY3.SA,14.620444654461142,14.620444654461142,14.449999809265137,14.494999885559082,14.494999885559082,113300,14.620444654461142,14.620444654461142,14.449999809265137,14.494999885559082,1.0,14.620444654461142,14.449999809265137,0
2025-08-27 10:00:00,TUPY3,TUPY3.SA,14.557722270010112,14.557722270010112,14.09000015258789,14.349999904632568,14.349999904632568,172800,14.557722270010112,14.557722270010112,14.09000015258789,14.349999904632568,1.0,14.557722270010112,14.09000015258789,0
2025-08-27 14:00:00,TUPY3,TUPY3.SA,14.45386108732134,14.619999885559082,14.289999961853027,14.460000038146973,14.460000038146973,176400,14.45386108732134,14.619999885559082,14.289999961853027,14.460000038146973,1.0,14.619999885559082,14.289999961853027,0
2025-08-28 10:00:00,TUPY3,TUPY3.SA,14.456930562734156,14.869999885559082,14.456930562734156,14.6875,14.6875,141300,14.456930562734156,14.869999885559082,14.456930562734156,14.6875,1.0,14.869999885559082,14.456930562734156,0
2025-08-28 14:00:00,TUPY3,TUPY3.SA,14.572215281367079,14.819999694824219,14.539999961853027,14.672499895095825,14.672499895095825,123100,14.572215281367079,14.819999694824219,14.539999961853027,14.672499895095825,1.0,14.819999694824219,14.539999961853027,0
2025-08-29 10:00:00,TUPY3,TUPY3.SA,14.622357588231452,14.640000343322754,14.329999923706055,14.452500104904175,14.452500104904175,188500,14.622357588231452,14.640000343322754,14.329999923706055,14.452500104904175,1.0,14.640000343322754,14.329999923706055,0
2025-08-29 14:00:00,TUPY3,TUPY3.SA,14.537428846567813,14.569999694824219,14.3100004196167,14.434999942779541,14.434999942779541,177400,14.537428846567813,14.569999694824219,14.3100004196167,14.434999942779541,1.0,14.569999694824219,14.3100004196167,0
2025-09-01 10:00:00,TUPY3,TUPY3.SA,14.486214394673677,14.569999694824219,14.300000190734863,14.399999856948853,14.399999856948853,166800,14.486214394673677,14.569999694824219,14.300000190734863,14.399999856948853,1.0,14.569999694824219,14.300000190734863,0
2025-09-01 14:00:00,TUPY3,TUPY3.SA,14.443107125811265,14.443107125811265,14.239999771118164,14.299999952316284,14.299999952316284,158400,14.443107125811265,14.443107125811265,14.239999771118164,14.299999952316284,1.0,14.443107125811265,14.239999771118164,0
2025-09-02 10:00:00,TUPY3,TUPY3.SA,14.371553539063775,14.371553539063775,14.020000457763672,14.130000114440918,14.130000114440918,324000,14.371553539063775,14.371553539063775,14.020000457763672,14.130000114440918,1.0,14.371553539063775,14.020000457763672,0
2025-09-02 14:00:00,TUPY3,TUPY3.SA,14.250776826752347,14.250776826752347,14.050000190734863,14.102500200271606,14.102500200271606,214900,14.250776826752347,14.250776826752347,14.050000190734863,14.102500200271606,1.0,14.250776826752347,14.050000190734863,0
2025-09-03 10:00:00,TUPY3,TUPY3.SA,14.176638513511977,14.449999809265137,14.020000457763672,14.180000066757202,14.180000066757202,246000,14.176638513511977,14.449999809265137,14.020000457763672,14.180000066757202,1.0,14.449999809265137,14.020000457763672,0
2025-09-03 14:00:00,TUPY3,TUPY3.SA,14.178319290134588,14.3100004196167,14.069999694824219,14.175000190734863,14.175000190734863,333700,14.178319290134588,14.3100004196167,14.069999694824219,14.175000190734863,1.0,14.3100004196167,14.069999694824219,0
2025-09-04 10:00:00,TUPY3,TUPY3.SA,14.176659740434726,14.819999694824219,14.050000190734863,14.375,14.375,361200,14.176659740434726,14.819999694824219,14.050000190734863,14.375,1.0,14.819999694824219,14.050000190734863,0
2025-09-04 14:00:00,TUPY3,TUPY3.SA,14.275829870217363,14.569999694824219,14.275829870217363,14.484999895095825,14.484999895095825,260000,14.275829870217363,14.569999694824219,14.275829870217363,14.484999895095825,1.0,14.569999694824219,14.275829870217363,0
2025-09-05 10:00:00,TUPY3,TUPY3.SA,14.380414882656595,14.90999984741211,14.380414882656595,14.682499885559082,14.682499885559082,380600,14.380414882656595,14.90999984741211,14.380414882656595,14.682499885559082,1.0,14.90999984741211,14.380414882656595,0
2025-09-05 14:00:00,TUPY3,TUPY3.SA,14.531457384107838,14.90999984741211,14.531457384107838,14.78249979019165,14.78249979019165,331500,14.531457384107838,14.90999984741211,14.531457384107838,14.78249979019165,1.0,14.90999984741211,14.531457384107838,0
2025-09-08 10:00:00,TUPY3,TUPY3.SA,14.656978587149744,15.359999656677246,14.656978587149744,14.977499961853027,14.977499961853027,645400,14.656978587149744,15.359999656677246,14.656978587149744,14.977499961853027,1.0,15.359999656677246,14.656978587149744,0
2025-09-08 14:00:00,TUPY3,TUPY3.SA,14.817239274501386,15.1899995803833,14.817239274501386,15.049999952316284,15.049999952316284,389100,14.817239274501386,15.1899995803833,14.817239274501386,15.049999952316284,1.0,15.1899995803833,14.817239274501386,0
2025-09-09 10:00:00,TUPY3,TUPY3.SA,14.933619613408835,14.949999809265137,14.75,14.84000015258789,14.84000015258789,106300,14.933619613408835,14.949999809265137,14.75,14.84000015258789,1.0,14.949999809265137,14.75,0
2025-09-09 14:00:00,TUPY3,TUPY3.SA,14.886809882998364,14.886809882998364,14.800000190734863,14.830000162124634,14.830000162124634,98500,14.886809882998364,14.886809882998364,14.800000190734863,14.830000162124634,1.0,14.886809882998364,14.800000190734863,0
2025-09-10 10:00:00,TUPY3,TUPY3.SA,14.858405022561499,14.930000305175781,14.770000457763672,14.822500228881836,14.822500228881836,108900,14.858405022561499,14.930000305175781,14.770000457763672,14.822500228881836,1.0,14.930000305175781,14.770000457763672,0
2025-09-10 14:00:00,TUPY3,TUPY3.SA,14.840452625721667,14.840452625721667,14.579999923706055,14.71500015258789,14.71500015258789,456400,14.840452625721667,14.840452625721667,14.579999923706055,14.71500015258789,1.0,14.840452625721667,14.579999923706055,0
2025-09-11 10:00:00,TUPY3,TUPY3.SA,14.777726389154779,14.9399995803833,14.609999656677246,14.712499618530273,14.712499618530273,171200,14.777726389154779,14.9399995803833,14.609999656677246,14.712499618530273,1.0,14.9399995803833,14.609999656677246,0
2025-09-11 14:00:00,TUPY3,TUPY3.SA,14.745113003842526,14.789999961853027,14.609999656677246,14.679999828338623,14.679999828338623,185100,14.745113003842526,14.789999961853027,14.609999656677246,14.679999828338623,1.0,14.789999961853027,14.609999656677246,0
2025-09-12 10:00:00,TUPY3,TUPY3.SA,14.712556416090575,14.880000114440918,14.600000381469727,14.71250033378601,14.71250033378601,194700,14.712556416090575,14.880000114440918,14.600000381469727,14.71250033378601,1.0,14.880000114440918,14.600000381469727,0
2025-09-12 14:00:00,TUPY3,TUPY3.SA,14.712528374938293,14.770000457763672,14.670000076293945,14.720000267028809,14.720000267028809,168100,14.712528374938293,14.770000457763672,14.670000076293945,14.720000267028809,1.0,14.770000457763672,14.670000076293945,0
2025-09-15 10:00:00,TUPY3,TUPY3.SA,14.716264320983552,14.819999694824219,14.5,14.65999984741211,14.65999984741211,259400,14.716264320983552,14.819999694824219,14.5,14.65999984741211,1.0,14.819999694824219,14.5,0
2025-09-15 14:00:00,TUPY3,TUPY3.SA,14.68813208419783,14.68813208419783,14.449999809265137,14.535000085830688,14.535000085830688,251600,14.68813208419783,14.68813208419783,14.449999809265137,14.535000085830688,1.0,14.68813208419783,14.449999809265137,0
2025-09-16 10:00:00,TUPY3,TUPY3.SA,14.61156608501426,14.850000381469727,14.59000015258789,14.664999961853027,14.664999961853027,212400,14.61156608501426,14.850000381469727,14.59000015258789,14.664999961853027,1.0,14.850000381469727,14.59000015258789,0
2025-09-16 14:00:00,TUPY3,TUPY3.SA,14.638283023433644,14.770000457763672,14.600000381469727,14.682500123977661,14.682500123977661,179900,14.638283023433644,14.770000457763672,14.600000381469727,14.682500123977661,1.0,14.770000457763672,14.600000381469727,0
2025-09-17 10:00:00,TUPY3,TUPY3.SA,14.660391573705652,14.949999809265137,14.579999923706055,14.744999885559082,14.744999885559082,128500,14.660391573705652,14.949999809265137,14.579999923706055,14.744999885559082,1.0,14.949999809265137,14.579999923706055,0
2025-09-17 14:00:00,TUPY3,TUPY3.SA,14.702695729632367,14.949999809265137,14.702695729632367,14.802500009536743,14.802500009536743,351200,14.702695729632367,14.949999809265137,14.702695729632367,14.802500009536743,1.0,14.949999809265137,14.702695729632367,0
2025-09-18 10:00:00,TUPY3,TUPY3.SA,14.752597869584555,14.90999984741211,14.65999984741211,14.812499761581421,14.812499761581421,143000,14.752597869584555,14.90999984741211,14.65999984741211,14.812499761581421,1.0,14.90999984741211,14.65999984741211,0
2025-09-18 14:00:00,TUPY3,TUPY3.SA,14.782548815582988,14.789999961853027,14.649999618530273,14.72249984741211,14.72249984741211,136500,14.782548815582988,14.789999961853027,14.649999618530273,14.72249984741211,1.0,14.789999961853027,14.649999618530273,0
2025-09-19 10:00:00,TUPY3,TUPY3.SA,14.752524331497549,14.752524331497549,14.109999656677246,14.307499647140503,14.307499647140503,515200,14.752524331497549,14.752524331497549,14.109999656677246,14.307499647140503,1.0,14.752524331497549,14.109999656677246,0
2025-09-19 14:00:00,TUPY3,TUPY3.SA,14.530011989319025,14.530011989319025,14.029999732971191,14.099999904632568,14.099999904632568,439100,14.530011989319025,14.530011989319025,14.029999732971191,14.099999904632568,1.0,14.530011989319025,14.029999732971191,0
2025-09-22 10:00:00,TUPY3,TUPY3.SA,14.315005946975797,14.315005946975797,13.800000190734863,13.985000133514404,13.985000133514404,355800,14.315005946975797,14.315005946975797,13.800000190734863,13.985000133514404,1.0,14.315005946975797,13.800000190734863,0
2025-09-22 14:00:00,TUPY3,TUPY3.SA,14.1500030402451,14.1500030402451,13.850000381469727,13.917500019073486,13.917500019073486,330300,14.1500030402451,14.1500030402451,13.850000381469727,13.917500019073486,1.0,14.1500030402451,13.850000381469727,0
2025-09-23 10:00:00,TUPY3,TUPY3.SA,14.033751529659293,14.033751529659293,13.600000381469727,13.755000114440918,13.755000114440918,320100,14.033751529659293,14.033751529659293,13.600000381469727,13.755000114440918,1.0,14.033751529659293,13.600000381469727,0
2025-09-23 14:00:00,TUPY3,TUPY3.SA,13.894375822050105,13.894375822050105,13.529999732971191,13.629999876022339,13.629999876022339,286000,13.894375822050105,13.894375822050105,13.529999732971191,13.629999876022339,1.0,13.894375822050105,13.529999732971191,0
2025-09-24 10:00:00,TUPY3,TUPY3.SA,13.762187849036222,13.762187849036222,13.550000190734863,13.625000238418579,13.625000238418579,168500,13.762187849036222,13.762187849036222,13.550000190734863,13.625000238418579,1.0,13.762187849036222,13.550000190734863,0
2025-09-24 14:00:00,TUPY3,TUPY3.SA,13.693594043727401,13.693594043727401,13.520000457763672,13.602500200271606,13.602500200271606,168100,13.693594043727401,13.693594043727401,13.520000457763672,13.602500200271606,1.0,13.693594043727401,13.520000457763672,0
2025-09-25 10:00:00,TUPY3,TUPY3.SA,13.648047121999504,13.648047121999504,13.369999885559082,13.47000002861023,13.47000002861023,189000,13.648047121999504,13.648047121999504,13.369999885559082,13.47000002861023,1.0,13.648047121999504,13.369999885559082,0
2025-09-25 14:00:00,TUPY3,TUPY3.SA,13.559023575304867,13.559023575304867,13.199999809265137,13.302499771118164,13.302499771118164,419500,13.559023575304867,13.559023575304867,13.199999809265137,13.302499771118164,1.0,13.559023575304867,13.199999809265137,0
2025-09-26 10:00:00,TUPY3,TUPY3.SA,13.430761673211515,13.430761673211515,13.220000267028809,13.27750015258789,13.27750015258789,213400,13.430761673211515,13.430761673211515,13.220000267028809,13.27750015258789,1.0,13.430761673211515,13.220000267028809,0
2025-09-26 14:00:00,TUPY3,TUPY3.SA,13.354130912899702,13.354130912899702,13.25,13.297500133514404,13.297500133514404,206900,13.354130912899702,13.354130912899702,13.25,13.297500133514404,1.0,13.354130912899702,13.25,0
2025-09-29 10:00:00,TUPY3,TUPY3.SA,13.325815523207053,13.449999809265137,13.109999656677246,13.294999837875366,13.294999837875366,373400,13.325815523207053,13.449999809265137,13.109999656677246,13.294999837875366,1.0,13.449999809265137,13.109999656677246,0
2025-09-29 14:00:00,TUPY3,TUPY3.SA,13.31040768054121,13.31040768054121,13.15999984741211,13.204999923706055,13.204999923706055,176200,13.31040768054121,13.31040768054121,13.15999984741211,13.204999923706055,1.0,13.31040768054121,13.15999984741211,0
2025-09-30 10:00:00,TUPY3,TUPY3.SA,13.257703802123633,13.300000190734863,13.100000381469727,13.220000267028809,13.220000267028809,240200,13.257703802123633,13.300000190734863,13.100000381469727,13.220000267028809,1.0,13.300000190734863,13.100000381469727,0
2025-09-30 14:00:00,TUPY3,TUPY3.SA,13.23885203457622,13.23885203457622,13.0600004196167,13.132499933242798,13.132499933242798,332000,13.23885203457622,13.23885203457622,13.0600004196167,13.132499933242798,1.0,13.23885203457622,13.0600004196167,0
2025-10-01 10:00:00,TUPY3,TUPY3.SA,13.185675983909508,13.640000343322754,13.100000381469727,13.297500371932983,13.297500371932983,323500,13.185675983909508,13.640000343322754,13.100000381469727,13.297500371932983,1.0,13.640000343322754,13.100000381469727,0
2025-10-01 14:00:00,TUPY3,TUPY3.SA,13.241588177921246,13.279999732971191,13.130000114440918,13.200000047683716,13.200000047683716,344500,13.241588177921246,13.279999732971191,13.130000114440918,13.200000047683716,1.0,13.279999732971191,13.130000114440918,0
2025-10-02 10:00:00,TUPY3,TUPY3.SA,13.22079411280248,13.270000457763672,12.90999984741211,13.100000143051147,13.100000143051147,512900,13.22079411280248,13.270000457763672,12.90999984741211,13.100000143051147,1.0,13.270000457763672,12.90999984741211,0
2025-10-02 14:00:00,TUPY3,TUPY3.SA,13.160397127926814,13.160397127926814,12.930000305175781,12.962500095367432,12.962500095367432,224200,13.160397127926814,13.160397127926814,12.930000305175781,12.962500095367432,1.0,13.160397127926814,12.930000305175781,0
2025-10-03 10:00:00,TUPY3,TUPY3.SA,13.061448611647123,13.229999542236328,12.829999923706055,13.03249979019165,13.03249979019165,303600,13.061448611647123,13.229999542236328,12.829999923706055,13.03249979019165,1.0,13.229999542236328,12.829999923706055,0
2025-10-03 14:00:00,TUPY3,TUPY3.SA,13.046974200919387,13.180000305175781,13.029999732971191,13.115000009536743,13.115000009536743,241300,13.046974200919387,13.180000305175781,13.029999732971191,13.115000009536743,1.0,13.180000305175781,13.029999732971191,0
2025-10-06 10:00:00,TUPY3,TUPY3.SA,13.080987105228065,13.100000381469727,12.789999961853027,12.960000276565552,12.960000276565552,290900,13.080987105228065,13.100000381469727,12.789999961853027,12.960000276565552,1.0,13.100000381469727,12.789999961853027,0
2025-10-06 14:00:00,TUPY3,TUPY3.SA,13.020493690896808,13.020493690896808,12.770000457763672,12.830000162124634,12.830000162124634,245500,13.020493690896808,13.020493690896808,12.770000457763672,12.830000162124634,1.0,13.020493690896808,12.770000457763672,0
2025-10-07 10:00:00,TUPY3,TUPY3.SA,12.92524692651072,12.92524692651072,12.619999885559082,12.712500095367432,12.712500095367432,424800,12.92524692651072,12.92524692651072,12.619999885559082,12.712500095367432,1.0,12.92524692651072,12.619999885559082,0
2025-10-07 14:00:00,TUPY3,TUPY3.SA,12.818873510939076,12.818873510939076,12.609999656677246,12.647500038146973,12.647500038146973,214200,12.818873510939076,12.818873510939076,12.609999656677246,12.647500038146973,1.0,12.818873510939076,12.609999656677246,0
2025-10-08 10:00:00,TUPY3,TUPY3.SA,12.733186774543025,12.733186774543025,12.369999885559082,12.504999876022339,12.504999876022339,259000,12.733186774543025,12.733186774543025,12.369999885559082,12.504999876022339,1.0,12.733186774543025,12.369999885559082,0
2025-10-08 14:00:00,TUPY3,TUPY3.SA,12.619093325282682,12.619093325282682,12.319999694824219,12.372499942779541,12.372499942779541,336900,12.619093325282682,12.619093325282682,12.319999694824219,12.372499942779541,1.0,12.619093325282682,12.319999694824219,0
2025-10-09 10:00:00,TUPY3,TUPY3.SA,12.495796634031112,12.760000228881836,12.420000076293945,12.557500123977661,12.557500123977661,246700,12.495796634031112,12.760000228881836,12.420000076293945,12.557500123977661,1.0,12.760000228881836,12.420000076293945,0
2025-10-09 14:00:00,TUPY3,TUPY3.SA,12.526648379004387,12.600000381469727,12.289999961853027,12.445000171661377,12.445000171661377,853800,12.526648379004387,12.600000381469727,12.289999961853027,12.445000171661377,1.0,12.600000381469727,12.289999961853027,0
2025-10-10 10:00:00,TUPY3,TUPY3.SA,12.485824275332881,12.485824275332881,12.170000076293945,12.302500009536743,12.302500009536743,341400,12.485824275332881,12.485824275332881,12.170000076293945,12.302500009536743,1.0,12.485824275332881,12.170000076293945,0
2025-10-10 14:00:00,TUPY3,TUPY3.SA,12.394162142434812,12.539999961853027,12.15999984741211,12.342499732971191,12.342499732971191,369700,12.394162142434812,12.539999961853027,12.15999984741211,12.342499732971191,1.0,12.539999961853027,12.15999984741211,0
2025-10-13 10:00:00,TUPY3,TUPY3.SA,12.368330937703002,12.75,12.368330937703002,12.602500200271606,12.602500200271606,268800,12.368330937703002,12.75,12.368330937703002,12.602500200271606,1.0,12.75,12.368330937703002,0
2025-10-13 14:00:00,TUPY3,TUPY3.SA,12.485415568987303,12.649999618530273,12.399999618530273,12.522499799728394,12.522499799728394,292800,12.485415568987303,12.649999618530273,12.399999618530273,12.522499799728394,1.0,12.649999618530273,12.399999618530273,0
2025-10-14 10:00:00,TUPY3,TUPY3.SA,12.503957684357848,12.539999961853027,12.329999923706055,12.434999942779541,12.434999942779541,102400,12.503957684357848,12.539999961853027,12.329999923706055,12.434999942779541,1.0,12.539999961853027,12.329999923706055,0
2025-10-14 14:00:00,TUPY3,TUPY3.SA,12.469478813568696,12.469478813568696,12.229999542236328,12.297500133514404,12.297500133514404,216300,12.469478813568696,12.469478813568696,12.229999542236328,12.297500133514404,1.0,12.469478813568696,12.229999542236328,0
2025-10-15 10:00:00,TUPY3,TUPY3.SA,12.38348947354155,12.520000457763672,12.260000228881836,12.420000314712524,12.420000314712524,197600,12.38348947354155,12.520000457763672,12.260000228881836,12.420000314712524,1.0,12.520000457763672,12.260000228881836,0
2025-10-15 14:00:00,TUPY3,TUPY3.SA,12.401744894127038,12.569999694824219,12.401744894127038,12.499999761581421,12.499999761581421,196200,12.401744894127038,12.569999694824219,12.401744894127038,12.499999761581421,1.0,12.569999694824219,12.401744894127038,0
2025-10-16 10:00:00,TUPY3,TUPY3.SA,12.45087232785423,12.479999542236328,12.229999542236328,12.40999960899353,12.40999960899353,168500,12.45087232785423,12.479999542236328,12.229999542236328,12.40999960899353,1.0,12.479999542236328,12.229999542236328,0
2025-10-16 14:00:00,TUPY3,TUPY3.SA,12.430435968423879,12.550000190734863,12.380000114440918,12.450000047683716,12.450000047683716,240200,12.430435968423879,12.550000190734863,12.380000114440918,12.450000047683716,1.0,12.550000190734863,12.380000114440918,0
2025-10-17 10:00:00,TUPY3,TUPY3.SA,12.440218008053797,12.489999771118164,12.270000457763672,12.40750002861023,12.40750002861023,228600,12.440218008053797,12.489999771118164,12.270000457763672,12.40750002861023,1.0,12.489999771118164,12.270000457763672,0
2025-10-17 14:00:00,TUPY3,TUPY3.SA,12.423859018332013,12.423859018332013,12.300000190734863,12.367500066757202,12.367500066757202,279900,12.423859018332013,12.423859018332013,12.300000190734863,12.367500066757202,1.0,12.423859018332013,12.300000190734863,0
2025-10-20 10:00:00,TUPY3,TUPY3.SA,12.395679542544608,12.569999694824219,12.34000015258789,12.447499990463257,12.447499990463257,308000,12.395679542544608,12.569999694824219,12.34000015258789,12.447499990463257,1.0,12.569999694824219,12.34000015258789,0
2025-10-20 14:00:00,TUPY3,TUPY3.SA,12.421589766503931,12.5,12.34000015258789,12.424999952316284,12.424999952316284,240400,12.421589766503931,12.5,12.34000015258789,12.424999952316284,1.0,12.5,12.34000015258789,0
2025-10-21 10:00:00,TUPY3,TUPY3.SA,12.423294859410108,12.5,12.239999771118164,12.397500038146973,12.397500038146973,354200,12.423294859410108,12.5,12.239999771118164,12.397500038146973,1.0,12.5,12.239999771118164,0
2025-10-21 14:00:00,TUPY3,TUPY3.SA,12.41039744877854,12.41039744877854,12.289999961853027,12.34749984741211,12.34749984741211,185000,12.41039744877854,12.41039744877854,12.289999961853027,12.34749984741211,1.0,12.41039744877854,12.289999961853027,0
2025-10-22 10:00:00,TUPY3,TUPY3.SA,12.378948648095324,12.399999618530273,12.25,12.329999923706055,12.329999923706055,276000,12.378948648095324,12.399999618530273,12.25,12.329999923706055,1.0,12.399999618530273,12.25,0
2025-10-22 14:00:00,TUPY3,TUPY3.SA,12.35447428590069,12.35447428590069,12.220000267028809,12.292500019073486,12.292500019073486,181900,12.35447428590069,12.35447428590069,12.220000267028809,12.292500019073486,1.0,12.35447428590069,12.220000267028809,0
2025-10-23 10:00:00,TUPY3,TUPY3.SA,12.323487152487088,12.5,12.300000190734863,12.375,12.375,127800,12.323487152487088,12.5,12.300000190734863,12.375,1.0,12.5,12.300000190734863,0
2025-10-23 14:00:00,TUPY3,TUPY3.SA,12.349243576243545,12.5600004196167,12.329999923706055,12.447499990463257,12.447499990463257,155400,12.349243576243545,12.5600004196167,12.329999923706055,12.447499990463257,1.0,12.5600004196167,12.329999923706055,0
2025-10-24 10:00:00,TUPY3,TUPY3.SA,12.3983717833534,12.600000381469727,12.390000343322754,12.49750018119812,12.49750018119812,437400,12.3983717833534,12.600000381469727,12.390000343322754,12.49750018119812,1.0,12.600000381469727,12.390000343322754,0
2025-10-24 14:00:00,TUPY3,TUPY3.SA,12.44793598227576,12.449999809265137,12.34000015258789,12.389999866485596,12.389999866485596,292700,12.44793598227576,12.449999809265137,12.34000015258789,12.389999866485596,1.0,12.449999809265137,12.34000015258789,0
2025-10-27 10:00:00,TUPY3,TUPY3.SA,12.418967924380677,12.899999618530273,12.418967924380677,12.677500009536743,12.677500009536743,521400,12.418967924380677,12.899999618530273,12.418967924380677,12.677500009536743,1.0,12.899999618530273,12.418967924380677,0
2025-10-27 14:00:00,TUPY3,TUPY3.SA,12.54823396695871,12.970000267028809,12.54823396695871,12.809999942779541,12.809999942779541,387800,12.54823396695871,12.970000267028809,12.54823396695871,12.809999942779541,1.0,12.970000267028809,12.54823396695871,0
2025-10-28 10:00:00,TUPY3,TUPY3.SA,12.679116954869126,12.75,12.380000114440918,12.587500095367432,12.587500095367432,310200,12.679116954869126,12.75,12.380000114440918,12.587500095367432,1.0,12.75,12.380000114440918,0
2025-10-28 14:00:00,TUPY3,TUPY3.SA,12.633308525118279,12.633308525118279,12.420000076293945,12.46500015258789,12.46500015258789,173300,12.633308525118279,12.633308525118279,12.420000076293945,12.46500015258789,1.0,12.633308525118279,12.420000076293945,0
2025-10-29 10:00:00,TUPY3,TUPY3.SA,12.549154338853086,12.569999694824219,12.40999984741211,12.492499828338623,12.492499828338623,346700,12.549154338853086,12.569999694824219,12.40999984741211,12.492499828338623,1.0,12.569999694824219,12.40999984741211,0
2025-10-29 14:00:00,TUPY3,TUPY3.SA,12.520827083595854,12.520827083595854,12.34000015258789,12.430000305175781,12.430000305175781,264000,12.520827083595854,12.520827083595854,12.34000015258789,12.430000305175781,1.0,12.520827083595854,12.34000015258789,0
2025-10-30 10:00:00,TUPY3,TUPY3.SA,12.475413694385818,12.475413694385818,12.239999771118164,12.329999685287476,12.329999685287476,426600,12.475413694385818,12.475413694385818,12.239999771118164,12.329999685287476,1.0,12.475413694385818,12.239999771118164,0
2025-10-30 14:00:00,TUPY3,TUPY3.SA,12.402706689836647,12.402706689836647,12.039999961853027,12.180000066757202,12.180000066757202,715800,12.402706689836647,12.402706689836647,12.039999961853027,12.180000066757202,1.0,12.402706689836647,12.039999961853027,0
2025-10-31 10:00:00,TUPY3,TUPY3.SA,12.291353378296925,12.449999809265137,12.130000114440918,12.27999997138977,12.27999997138977,560900,12.291353378296925,12.449999809265137,12.130000114440918,12.27999997138977,1.0,12.449999809265137,12.130000114440918,0
2025-10-31 14:00:00,TUPY3,TUPY3.SA,12.285676674843348,12.420000076293945,12.285676674843348,12.372499942779541,12.372499942779541,359500,12.285676674843348,12.420000076293945,12.285676674843348,12.372499942779541,1.0,12.420000076293945,12.285676674843348,0
2025-11-03 10:00:00,TUPY3,TUPY3.SA,12.329088308811444,12.5,12.289999961853027,12.4375,12.4375,363700,12.329088308811444,12.5,12.289999961853027,12.4375,1.0,12.5,12.289999961853027,0
2025-11-03 14:00:00,TUPY3,TUPY3.SA,12.383294154405721,12.5600004196167,12.383294154405721,12.492500305175781,12.492500305175781,366100,12.383294154405721,12.5600004196167,12.383294154405721,12.492500305175781,1.0,12.5600004196167,12.383294154405721,0
2025-11-04 10:00:00,TUPY3,TUPY3.SA,12.437897229790751,12.5,12.270000457763672,12.422500133514404,12.422500133514404,539200,12.437897229790751,12.5,12.270000457763672,12.422500133514404,1.0,12.5,12.270000457763672,0
2025-11-04 14:00:00,TUPY3,TUPY3.SA,12.430198681652577,12.539999961853027,12.399999618530273,12.459999799728394,12.459999799728394,332300,12.430198681652577,12.539999961853027,12.399999618530273,12.459999799728394,1.0,12.539999961853027,12.399999618530273,0
2025-11-05 10:00:00,TUPY3,TUPY3.SA,12.445099240690485,13.199999809265137,12.369999885559082,12.809999942779541,12.809999942779541,728500,12.445099240690485,13.199999809265137,12.369999885559082,12.809999942779541,1.0,13.199999809265137,12.369999885559082,0
2025-11-05 14:00:00,TUPY3,TUPY3.SA,12.627549591735013,13.34000015258789,12.627549591735013,13.165000200271606,13.165000200271606,483600,12.627549591735013,13.34000015258789,12.627549591735013,13.165000200271606,1.0,13.34000015258789,12.627549591735013,0
2025-11-06 10:00:00,TUPY3,TUPY3.SA,12.896274896003309,13.289999961853027,12.880000114440918,13.099999904632568,13.099999904632568,683100,12.896274896003309,13.289999961853027,12.880000114440918,13.099999904632568,1.0,13.289999961853027,12.880000114440918,0
2025-11-06 14:00:00,TUPY3,TUPY3.SA,12.998137400317939,12.998137400317939,12.760000228881836,12.860000133514404,12.860000133514404,351900,12.998137400317939,12.998137400317939,12.760000228881836,12.860000133514404,1.0,12.998137400317939,12.760000228881836,0
2025-11-07 10:00:00,TUPY3,TUPY3.SA,12.92906876691617,12.92906876691617,11.710000038146973,12.337500095367432,12.337500095367432,1618500,12.92906876691617,12.92906876691617,11.710000038146973,12.337500095367432,1.0,12.92906876691617,11.710000038146973,0
2025-11-07 14:00:00,TUPY3,TUPY3.SA,12.633284431141801,12.930000305175781,12.579999923706055,12.745000123977661,12.745000123977661,561200,12.633284431141801,12.930000305175781,12.579999923706055,12.745000123977661,1.0,12.930000305175781,12.579999923706055,0
2025-11-10 10:00:00,TUPY3,TUPY3.SA,12.689142277559732,13.180000305175781,12.65999984741211,12.890000104904175,12.890000104904175,585700,12.689142277559732,13.180000305175781,12.65999984741211,12.890000104904175,1.0,13.180000305175781,12.65999984741211,0
2025-11-10 14:00:00,TUPY3,TUPY3.SA,12.789571191231953,13.0,12.75,12.865000009536743,12.865000009536743,231400,12.789571191231953,13.0,12.75,12.865000009536743,1.0,13.0,12.75,0
2025-11-11 10:00:00,TUPY3,TUPY3.SA,12.827285600384348,13.279999732971191,12.827285600384348,13.052500247955322,13.052500247955322,707900,12.827285600384348,13.279999732971191,12.827285600384348,13.052500247955322,1.0,13.279999732971191,12.827285600384348,0
2025-11-11 14:00:00,TUPY3,TUPY3.SA,12.939892924169836,13.09000015258789,12.880000114440918,12.994999885559082,12.994999885559082,356900,12.939892924169836,13.09000015258789,12.880000114440918,12.994999885559082,1.0,13.09000015258789,12.880000114440918,0
2025-11-12 10:00:00,TUPY3,TUPY3.SA,12.967446404864459,13.029999732971191,12.760000228881836,12.924999952316284,12.924999952316284,281200,12.967446404864459,13.029999732971191,12.760000228881836,12.924999952316284,1.0,13.029999732971191,12.760000228881836,0
2025-11-12 14:00:00,TUPY3,TUPY3.SA,12.946223178590373,13.050000190734863,12.90999984741211,12.975000143051147,12.975000143051147,201800,12.946223178590373,13.050000190734863,12.90999984741211,12.975000143051147,1.0,13.050000190734863,12.90999984741211,0
2025-11-13 10:00:00,TUPY3,TUPY3.SA,12.96061166082076,13.199999809265137,12.960000038146973,13.039999961853027,13.039999961853027,375700,12.96061166082076,13.199999809265137,12.960000038146973,13.039999961853027,1.0,13.199999809265137,12.960000038146973,0
2025-11-13 14:00:00,TUPY3,TUPY3.SA,13.000305811336894,13.140000343322754,13.0,13.062500238418579,13.062500238418579,270400,13.000305811336894,13.140000343322754,13.0,13.062500238418579,1.0,13.140000343322754,13.0,0
2025-11-14 10:00:00,TUPY3,TUPY3.SA,13.031403024877736,13.180000305175781,12.960000038146973,13.047500133514404,13.047500133514404,421500,13.031403024877736,13.180000305175781,12.960000038146973,13.047500133514404,1.0,13.180000305175781,12.960000038146973,0
2025-11-14 14:00:00,TUPY3,TUPY3.SA,13.03945157919607,13.180000305175781,12.989999771118164,13.052500009536743,13.052500009536743,436800,13.03945157919607,13.180000305175781,12.989999771118164,13.052500009536743,1.0,13.180000305175781,12.989999771118164,0
2025-11-17 10:00:00,TUPY3,TUPY3.SA,13.045975794366406,13.045975794366406,12.569999694824219,12.84500002861023,12.84500002861023,465200,13.045975794366406,13.045975794366406,12.569999694824219,12.84500002861023,1.0,13.045975794366406,12.569999694824219,0
2025-11-17 14:00:00,TUPY3,TUPY3.SA,12.945487911488318,12.945487911488318,12.539999961853027,12.65750002861023,12.65750002861023,229500,12.945487911488318,12.945487911488318,12.539999961853027,12.65750002861023,1.0,12.945487911488318,12.539999961853027,0
2025-11-18 10:00:00,TUPY3,TUPY3.SA,12.801493970049274,12.801493970049274,12.239999771118164,12.430000066757202,12.430000066757202,474700,12.801493970049274,12.801493970049274,12.239999771118164,12.430000066757202,1.0,12.801493970049274,12.239999771118164,0
2025-11-18 14:00:00,TUPY3,TUPY3.SA,12.615747018403237,12.615747018403237,12.239999771118164,12.309999942779541,12.309999942779541,286500,12.615747018403237,12.615747018403237,12.239999771118164,12.309999942779541,1.0,12.615747018403237,12.239999771118164,0
2025-11-19 10:00:00,TUPY3,TUPY3.SA,12.462873480591389,12.462873480591389,12.050000190734863,12.15500020980835,12.15500020980835,356000,12.462873480591389,12.462873480591389,12.050000190734863,12.15500020980835,1.0,12.462873480591389,12.050000190734863,0
2025-11-19 14:00:00,TUPY3,TUPY3.SA,12.30893684519987,12.30893684519987,11.899999618530273,12.007499694824219,12.007499694824219,442000,12.30893684519987,12.30893684519987,11.899999618530273,12.007499694824219,1.0,12.30893684519987,11.899999618530273,0
2025-11-21 10:00:00,TUPY3,TUPY3.SA,12.158218270012044,12.158218270012044,11.630000114440918,11.837500095367432,11.837500095367432,637200,12.158218270012044,12.158218270012044,11.630000114440918,11.837500095367432,1.0,12.158218270012044,11.630000114440918,0
2025-11-21 14:00:00,TUPY3,TUPY3.SA,11.997859182689737,11.997859182689737,11.720000267028809,11.775000095367432,11.775000095367432,259600,11.997859182689737,11.997859182689737,11.720000267028809,11.775000095367432,1.0,11.997859182689737,11.720000267028809,0
2025-11-24 10:00:00,TUPY3,TUPY3.SA,11.886429639028584,12.0,11.670000076293945,11.825000047683716,11.825000047683716,334800,11.886429639028584,12.0,11.670000076293945,11.825000047683716,1.0,12.0,11.670000076293945,0
2025-11-24 14:00:00,TUPY3,TUPY3.SA,11.85571484335615,11.970000267028809,11.760000228881836,11.867500066757202,11.867500066757202,284300,11.85571484335615,11.970000267028809,11.760000228881836,11.867500066757202,1.0,11.970000267028809,11.760000228881836,0
2025-11-25 10:00:00,TUPY3,TUPY3.SA,11.861607455056676,11.861607455056676,11.390000343322754,11.59249997138977,11.59249997138977,1055000,11.861607455056676,11.861607455056676,11.390000343322754,11.59249997138977,1.0,11.861607455056676,11.390000343322754,0
2025-11-25 14:00:00,TUPY3,TUPY3.SA,11.727053713223224,11.727053713223224,11.399999618530273,11.517499923706055,11.517499923706055,449700,11.727053713223224,11.727053713223224,11.399999618530273,11.517499923706055,1.0,11.727053713223224,11.399999618530273,0
2025-11-26 10:00:00,TUPY3,TUPY3.SA,11.62227681846464,12.100000381469727,11.550000190734863,11.765000104904175,11.765000104904175,696500,11.62227681846464,12.100000381469727,11.550000190734863,11.765000104904175,1.0,12.100000381469727,11.550000190734863,0
2025-11-26 14:00:00,TUPY3,TUPY3.SA,11.693638461684408,12.130000114440918,11.693638461684408,11.997499942779541,11.997499942779541,502600,11.693638461684408,12.130000114440918,11.693638461684408,11.997499942779541,1.0,12.130000114440918,11.693638461684408,0
2025-11-27 10:00:00,TUPY3,TUPY3.SA,11.845569202231975,12.609999656677246,11.845569202231975,12.444999933242798,12.444999933242798,405800,11.845569202231975,12.609999656677246,11.845569202231975,12.444999933242798,1.0,12.609999656677246,11.845569202231975,0
2025-11-27 14:00:00,TUPY3,TUPY3.SA,12.145284567737386,12.4399995803833,12.145284567737386,12.387500047683716,12.387500047683716,312300,12.145284567737386,12.4399995803833,12.145284567737386,12.387500047683716,1.0,12.4399995803833,12.145284567737386,0
2025-11-28 10:00:00,TUPY3,TUPY3.SA,12.26639230771055,12.630000114440918,12.26639230771055,12.487500190734863,12.487500190734863,332400,12.26639230771055,12.630000114440918,12.26639230771055,12.487500190734863,1.0,12.630000114440918,12.26639230771055,0
2025-11-28 14:00:00,TUPY3,TUPY3.SA,12.376946249222707,12.65999984741211,12.376946249222707,12.552500009536743,12.552500009536743,328400,12.376946249222707,12.65999984741211,12.376946249222707,12.552500009536743,1.0,12.65999984741211,12.376946249222707,0
2025-12-01 10:00:00,TUPY3,TUPY3.SA,12.464723129379724,12.640000343322754,12.270000457763672,12.487500190734863,12.487500190734863,362700,12.464723129379724,12.640000343322754,12.270000457763672,12.487500190734863,1.0,12.640000343322754,12.270000457763672,0
2025-12-01 14:00:00,TUPY3,TUPY3.SA,12.476111660057294,12.649999618530273,12.476111660057294,12.607499837875366,12.607499837875366,237800,12.476111660057294,12.649999618530273,12.476111660057294,12.607499837875366,1.0,12.649999618530273,12.476111660057294,0
2025-12-02 10:00:00,TUPY3,TUPY3.SA,12.541805748966329,12.789999961853027,12.460000038146973,12.612499952316284,12.612499952316284,328100,12.541805748966329,12.789999961853027,12.460000038146973,12.612499952316284,1.0,12.789999961853027,12.460000038146973,0
2025-12-02 14:00:00,TUPY3,TUPY3.SA,12.577152850641307,12.577152850641307,12.380000114440918,12.462500095367432,12.462500095367432,429800,12.577152850641307,12.577152850641307,12.380000114440918,12.462500095367432,1.0,12.577152850641307,12.380000114440918,0
2025-12-03 10:00:00,TUPY3,TUPY3.SA,12.519826473004368,12.699999809265137,12.390000343322754,12.572500228881836,12.572500228881836,545200,12.519826473004368,12.699999809265137,12.390000343322754,12.572500228881836,1.0,12.699999809265137,12.390000343322754,0
2025-12-03 14:00:00,TUPY3,TUPY3.SA,12.546163350943102,12.739999771118164,12.546163350943102,12.660000085830688,12.660000085830688,290200,12.546163350943102,12.739999771118164,12.546163350943102,12.660000085830688,1.0,12.739999771118164,12.546163350943102,0
2025-12-04 10:00:00,TUPY3,TUPY3.SA,12.603081718386896,13.0,12.603081718386896,12.819999933242798,12.819999933242798,425900,12.603081718386896,13.0,12.603081718386896,12.819999933242798,1.0,13.0,12.603081718386896,0
2025-12-04 14:00:00,TUPY3,TUPY3.SA,12.711540825814847,12.989999771118164,12.711540825814847,12.892499685287476,12.892499685287476,211900,12.711540825814847,12.989999771118164,12.711540825814847,12.892499685287476,1.0,12.989999771118164,12.711540825814847,0
2025-12-05 10:00:00,TUPY3,TUPY3.SA,12.802020255551161,12.869999885559082,12.359999656677246,12.605000019073486,12.605000019073486,538200,12.802020255551161,12.869999885559082,12.359999656677246,12.605000019073486,1.0,12.869999885559082,12.359999656677246,0
2025-12-05 14:00:00,TUPY3,TUPY3.SA,12.703510137312325,12.703510137312325,12.199999809265137,12.367500066757202,12.367500066757202,591600,12.703510137312325,12.703510137312325,12.199999809265137,12.367500066757202,1.0,12.703510137312325,12.199999809265137,0
2025-12-08 10:00:00,TUPY3,TUPY3.SA,12.535505102034763,12.535505102034763,11.989999771118164,12.202499866485596,12.202499866485596,500300,12.535505102034763,12.535505102034763,11.989999771118164,12.202499866485596,1.0,12.535505102034763,11.989999771118164,0
2025-12-08 14:00:00,TUPY3,TUPY3.SA,12.369002484260179,12.369002484260179,12.149999618530273,12.229999780654907,12.229999780654907,360700,12.369002484260179,12.369002484260179,12.149999618530273,12.229999780654907,1.0,12.369002484260179,12.149999618530273,0
2025-12-09 10:00:00,TUPY3,TUPY3.SA,12.299501132457543,12.299501132457543,11.850000381469727,12.057500123977661,12.057500123977661,466000,12.299501132457543,12.299501132457543,11.850000381469727,12.057500123977661,1.0,12.299501132457543,11.850000381469727,0
2025-12-09 14:00:00,TUPY3,TUPY3.SA,12.178500628217602,12.25,11.960000038146973,12.107500076293945,12.107500076293945,309400,12.178500628217602,12.25,11.960000038146973,12.107500076293945,1.0,12.25,11.960000038146973,0
2025-12-10 10:00:00,TUPY3,TUPY3.SA,12.143000352255774,12.210000038146973,11.979999542236328,12.09499979019165,12.09499979019165,365800,12.143000352255774,12.210000038146973,11.979999542236328,12.09499979019165,1.0,12.210000038146973,11.979999542236328,0
2025-12-10 14:00:00,TUPY3,TUPY3.SA,12.119000071223713,12.260000228881836,12.050000190734863,12.137500047683716,12.137500047683716,280700,12.119000071223713,12.260000228881836,12.050000190734863,12.137500047683716,1.0,12.260000228881836,12.050000190734863,0
2025-12-11 10:00:00,TUPY3,TUPY3.SA,12.128250059453714,12.279999732971191,11.9399995803833,12.112499713897705,12.112499713897705,465100,12.128250059453714,12.279999732971191,11.9399995803833,12.112499713897705,1.0,12.279999732971191,11.9399995803833,0
2025-12-11 14:00:00,TUPY3,TUPY3.SA,12.120374886675709,12.289999961853027,12.120374886675709,12.227499961853027,12.227499961853027,186400,12.120374886675709,12.289999961853027,12.120374886675709,12.227499961853027,1.0,12.289999961853027,12.120374886675709,0
2025-12-12 10:00:00,TUPY3,TUPY3.SA,12.173937424264368,12.399999618530273,12.173937424264368,12.264999628067017,12.264999628067017,301500,12.173937424264368,12.399999618530273,12.173937424264368,12.264999628067017,1.0,12.399999618530273,12.173937424264368,0
2025-12-12 14:00:00,TUPY3,TUPY3.SA,12.219468526165691,12.390000343322754,12.219468526165691,12.325000047683716,12.325000047683716,268400,12.219468526165691,12.390000343322754,12.219468526165691,12.325000047683716,1.0,12.390000343322754,12.219468526165691,0
2025-12-15 10:00:00,TUPY3,TUPY3.SA,12.272234286924704,12.649999618530273,12.272234286924704,12.46500015258789,12.46500015258789,273000,12.272234286924704,12.649999618530273,12.272234286924704,12.46500015258789,1.0,12.649999618530273,12.272234286924704,0
2025-12-15 14:00:00,TUPY3,TUPY3.SA,12.368617219756297,12.59000015258789,12.359999656677246,12.474999904632568,12.474999904632568,186300,12.368617219756297,12.59000015258789,12.359999656677246,12.474999904632568,1.0,12.59000015258789,12.359999656677246,0
2025-12-16 10:00:00,TUPY3,TUPY3.SA,12.421808562194432,12.421808562194432,12.050000190734863,12.225000143051147,12.225000143051147,328200,12.421808562194432,12.421808562194432,12.050000190734863,12.225000143051147,1.0,12.421808562194432,12.050000190734863,0
2025-12-16 14:00:00,TUPY3,TUPY3.SA,12.32340435262279,12.32340435262279,12.149999618530273,12.210000038146973,12.210000038146973,172100,12.32340435262279,12.32340435262279,12.149999618530273,12.210000038146973,1.0,12.32340435262279,12.149999618530273,0
2025-12-17 10:00:00,TUPY3,TUPY3.SA,12.26670219538488,12.550000190734863,12.020000457763672,12.297500133514404,12.297500133514404,475200,12.26670219538488,12.550000190734863,12.020000457763672,12.297500133514404,1.0,12.550000190734863,12.020000457763672,0
2025-12-17 14:00:00,TUPY3,TUPY3.SA,12.282101164449642,12.859999656677246,12.282101164449642,12.587499856948853,12.587499856948853,513200,12.282101164449642,12.859999656677246,12.282101164449642,12.587499856948853,1.0,12.859999656677246,12.282101164449642,0
2025-12-18 10:00:00,TUPY3,TUPY3.SA,12.434800510699247,12.619999885559082,12.279999732971191,12.450000047683716,12.450000047683716,210900,12.434800510699247,12.619999885559082,12.279999732971191,12.450000047683716,1.0,12.619999885559082,12.279999732971191,0
2025-12-18 14:00:00,TUPY3,TUPY3.SA,12.442400279191482,12.579999923706055,12.3100004196167,12.427500247955322,12.427500247955322,303300,12.442400279191482,12.579999923706055,12.3100004196167,12.427500247955322,1.0,12.579999923706055,12.3100004196167,0
2025-12-19 10:00:00,TUPY3,TUPY3.SA,12.434950263573402,12.470000267028809,12.149999618530273,12.31499981880188,12.31499981880188,323000,12.434950263573402,12.470000267028809,12.149999618530273,12.31499981880188,1.0,12.470000267028809,12.149999618530273,0
2025-12-19 14:00:00,TUPY3,TUPY3.SA,12.374975041187641,12.374975041187641,12.09000015258789,12.202499866485596,12.202499866485596,271200,12.374975041187641,12.374975041187641,12.09000015258789,12.202499866485596,1.0,12.374975041187641,12.09000015258789,0
2025-12-22 10:00:00,TUPY3,TUPY3.SA,12.288737453836617,12.288737453836617,11.920000076293945,12.080000162124634,12.080000162124634,519700,12.288737453836617,12.288737453836617,11.920000076293945,12.080000162124634,1.0,12.288737453836617,11.920000076293945,0
2025-12-22 14:00:00,TUPY3,TUPY3.SA,12.184368807980626,12.239999771118164,11.890000343322754,12.047500133514404,12.047500133514404,436900,12.184368807980626,12.239999771118164,11.890000343322754,12.047500133514404,1.0,12.239999771118164,11.890000343322754,0
2025-12-23 10:00:00,TUPY3,TUPY3.SA,12.115934470747515,12.289999961853027,11.989999771118164,12.137500047683716,12.137500047683716,292400,12.115934470747515,12.289999961853027,11.989999771118164,12.137500047683716,1.0,12.289999961853027,11.989999771118164,0
2025-12-23 14:00:00,TUPY3,TUPY3.SA,12.126717259215615,12.126717259215615,11.970000267028809,12.042500257492065,12.042500257492065,219400,12.126717259215615,12.126717259215615,11.970000267028809,12.042500257492065,1.0,12.126717259215615,11.970000267028809,0
2025-12-26 10:00:00,TUPY3,TUPY3.SA,12.084608758353841,12.109999656677246,11.859999656677246,11.984999895095825,11.984999895095825,345100,12.084608758353841,12.109999656677246,11.859999656677246,11.984999895095825,1.0,12.109999656677246,11.859999656677246,0
2025-12-26 14:00:00,TUPY3,TUPY3.SA,12.034804326724833,12.180000305175781,12.034804326724833,12.115000247955322,12.115000247955322,130700,12.034804326724833,12.180000305175781,12.034804326724833,12.115000247955322,1.0,12.180000305175781,12.034804326724833,0
2025-12-29 10:00:00,TUPY3,TUPY3.SA,12.074902287340077,12.270000457763672,12.039999961853027,12.150000095367432,12.150000095367432,272000,12.074902287340077,12.270000457763672,12.039999961853027,12.150000095367432,1.0,12.270000457763672,12.039999961853027,0
2025-12-29 14:00:00,TUPY3,TUPY3.SA,12.112451191353754,12.15999984741211,12.050000190734863,12.115000009536743,12.115000009536743,283900,12.112451191353754,12.15999984741211,12.050000190734863,12.115000009536743,1.0,12.15999984741211,12.050000190734863,0
2025-12-30 10:00:00,TUPY3,TUPY3.SA,12.11372560044525,12.390000343322754,12.100000381469727,12.237500190734863,12.237500190734863,465800,12.11372560044525,12.390000343322754,12.100000381469727,12.237500190734863,1.0,12.390000343322754,12.100000381469727,0
2025-12-30 14:00:00,TUPY3,TUPY3.SA,12.175612895590056,12.4399995803833,12.175612895590056,12.377500057220459,12.377500057220459,210100,12.175612895590056,12.4399995803833,12.175612895590056,12.377500057220459,1.0,12.4399995803833,12.175612895590056,0
